X1,Pedestrian,Car,Truck,Bus,Motorcycle,Bicycle,Tuktuk
Pedestrian,0,102.07565712643991,14.189683424839426,22.567033461264824,37.38168481463436,0.8687561280513936,2.509739925481804
Car,0,18.162687557775122,2.382402120089034,3.4780070824827627,8.371376982145826,0.11912010600445172,0.4764804240178069
Truck,0,4.8839243461825195,0.6,0.9489181463326224,2.082274838319215,0,0.1
Bus,0,4.521409207227592,0.583949628512383,0.9057737291993363,2.089903093948292,0,0.07299370356404787
Motorcycle,0,74.102188841957485,9.89080548201627,14.24933927692017,33.87397267419775,0.5205687095798037,1.8219904835293128
Bicycle,0,6.587871590718746,0.9,1.4313448374460953,2.40783895754815,0.1,0.2
