X1,Pedestrian,Car,Truck,Bus,Motorcycle,Bicycle,Tuktuk
Pedestrian,0,58.790597828906265,14.499790037674542,31.993609059669904,19.037139301164537,0.8877422472045639,2.564588714146518
Car,0,3.75928342998578,1.083870874168393,2.4809743439487986,1.4632256801273305,0.054193543708419646,0.21677417483367858
Truck,0,2.221935292045205,0.6,1.4878463495977072,0.8,0,0.1
Bus,0,3.2252666471334384,0.9155977535985891,2.2267854982361412,1.25894691119806,0,0.11444971919982364
Motorcycle,0,12.952256946312295,3.8,8.583728939986772,5,0.2,0.7
Bicycle,0,3.713144156116961,0.9,1.9858389727635601,1.2,0.1,0.2
