X1,Pedestrian,Car,Truck,Bus,Motorcycle,Bicycle,Tuktuk
Pedestrian,0,118.07290472055756,14.907421980653831,23.708512768488117,19.57232953922578,0.9126993049379898,2.6366868809319706
Car,0,23.659763470494525,2.719131494527166,3.9695895652636484,3.670827517611674,0.1359565747263583,0.5438262989054332
Truck,0,5.57421956378069,0.6,0.9489181463326224,0.8,0,0.1
Bus,0,5.160466434842743,0.583949628512383,0.9057737291993363,0.8029307392045266,0,0.07299370356404787
Motorcycle,0,32.49362135959963,3.8,5.474527767303591,5,0.2,0.7
Bicycle,0,7.253428755872839,0.9,1.4313448374460953,1.2,0.1,0.2
