X1,Pedestrian,Car,Truck,Bus,Motorcycle,Bicycle,Tuktuk
Pedestrian,0,113.45747500878137,14.189683424839426,22.567033461264824,14.13601729048557,2.151970175350945,2.509739925481804
Car,0,24.28337462270003,2.754733121301183,4.021563457086458,2.5452782099607476,0.3411834073267608,0.5509466242602367
Truck,0,5.647202898667425,0.6,0.9489181463326224,0.5475350775895231,0,0.1
Bus,0,5.228032494212395,0.583949628512383,0.9057737291993363,0.5495409307367045,0,0.07299370356404787
Motorcycle,0,22.530425636319208,2.6007916185502347,3.7468699822957126,2.3421457905544147,0.3390707469235299,0.4790931928908327
Bicycle,0,18.138209847951263,2.2293634488196385,3.545542070287791,2.255454135338231,0.6135878255472831,0.49541409973769746
