year_original,cas_type,strk_type,cas_mode,strike_mode_original,year,strike_mode,year_2nd,strike_mode_2nd,year_3rd,strike_mode_3rd,year_4th,strike_mode_4th,year_5th,strike_mode_5th
2009,Motorcycle,Trucks,motorcycle,Trucks,2009,truck,2009,truck,2009,truck,2009,truck,2009,truck
2009,Motorcycle,Trucks,motorcycle,Trucks,2009,truck,2009,truck,2009,truck,2009,truck,2009,truck
2009,Motorcycle,Trucks,motorcycle,Trucks,2009,truck,2009,truck,2009,truck,2009,truck,2009,truck
2010,Motorcycle,Car/pick-up/van,motorcycle,Car/pick-up/van,2010,car,2010,car,2010,car,2010,car,2010,car
2010,3Wheeled,2/3 Wheeled,motorcycle,2/3 Wheeled,2010,motorcycle,2010,motorcycle,2010,motorcycle,2010,motorcycle,2010,motorcycle
2010,Motorcycle,Car/pick-up/van,motorcycle,Car/pick-up/van,2010,car,2010,car,2010,car,2010,car,2010,car
2010,Motorcycle,Trucks,motorcycle,Trucks,2010,truck,2010,truck,2010,truck,2010,truck,2010,truck
2010,Motorcycle,Trucks,motorcycle,Trucks,2010,truck,2010,truck,2010,truck,2010,truck,2010,truck
2010,Motorcycle,Car/pick-up/van,motorcycle,Car/pick-up/van,2010,car,2010,car,2010,car,2010,car,2010,car
2009,Motorcycle,Car/pick-up/van,motorcycle,Car/pick-up/van,2009,car,2009,car,2009,car,2009,car,2009,car
2009,Heavy transport,Bus,truck,Bus,2009,bus,2009,bus,2009,bus,2009,bus,2009,bus
2009,Motorcycle,Trucks,motorcycle,Trucks,2009,truck,2009,truck,2009,truck,2009,truck,2009,truck
2009,Motorcycle,Trucks,motorcycle,Trucks,2009,truck,2009,truck,2009,truck,2009,truck,2009,truck
2009,Heavy transport,Trucks,truck,Trucks,2009,truck,2009,truck,2009,truck,2009,truck,2009,truck
2009,Heavy transport,Trucks,truck,Trucks,2009,truck,2009,truck,2009,truck,2009,truck,2009,truck
2010,Pedal Cycle,Car/pick-up/van,cycle,Car/pick-up/van,2010,car,2010,car,2010,car,2010,car,2010,car
2010,Bus,Bus,bus,Bus,2010,bus,2010,bus,2010,bus,2010,bus,2010,bus
2011,Pedal Cycle,Trucks,cycle,Trucks,2011,truck,2011,truck,2011,truck,2011,truck,2011,truck
2011,Motorcycle,Trucks,motorcycle,Trucks,2011,truck,2011,truck,2011,truck,2011,truck,2011,truck
2011,Motorcycle,Trucks,motorcycle,Trucks,2011,truck,2011,truck,2011,truck,2011,truck,2011,truck
2011,Motorcycle,Trucks,motorcycle,Trucks,2011,truck,2011,truck,2011,truck,2011,truck,2011,truck
2011,Car,Car/pick-up/van,car,Car/pick-up/van,2011,car,2011,car,2011,car,2011,car,2011,car
2011,Motorcycle,Trucks,motorcycle,Trucks,2011,truck,2011,truck,2011,truck,2011,truck,2011,truck
2011,Motorcycle,Trucks,motorcycle,Trucks,2011,truck,2011,truck,2011,truck,2011,truck,2011,truck
2011,Bus,Bus,bus,Bus,2011,bus,2011,bus,2011,bus,2011,bus,2011,bus
2011,Motorcycle,Bus,motorcycle,Bus,2011,bus,2011,bus,2011,bus,2011,bus,2011,bus
2011,Motorcycle,Trucks,motorcycle,Trucks,2011,truck,2011,truck,2011,truck,2011,truck,2011,truck
2011,Motorcycle,Bus,motorcycle,Bus,2011,bus,2011,bus,2011,bus,2011,bus,2011,bus
2011,Motorcycle,Trucks,motorcycle,Trucks,2011,truck,2011,truck,2011,truck,2011,truck,2011,truck
2011,Motorcycle,2/3 Wheeled,motorcycle,2/3 Wheeled,2011,motorcycle,2011,motorcycle,2011,motorcycle,2011,motorcycle,2011,motorcycle
2011,Motorcycle,2/3 Wheeled,motorcycle,2/3 Wheeled,2011,motorcycle,2011,motorcycle,2011,motorcycle,2011,motorcycle,2011,motorcycle
2007,Motorcycle,Bus,motorcycle,Bus,2007,bus,2007,bus,2007,bus,2007,bus,2007,bus
2007,Motorcycle,Car/pick-up/van,motorcycle,Car/pick-up/van,2007,car,2007,car,2007,car,2007,car,2007,car
2007,Pedal Cycle,Trucks,cycle,Trucks,2007,truck,2007,truck,2007,truck,2007,truck,2007,truck
2007,Motorcycle,Trucks,motorcycle,Trucks,2007,truck,2007,truck,2007,truck,2007,truck,2007,truck
2007,Pedal Cycle,Trucks,cycle,Trucks,2007,truck,2007,truck,2007,truck,2007,truck,2007,truck
2007,Pedal Cycle,Trucks,cycle,Trucks,2007,truck,2007,truck,2007,truck,2007,truck,2007,truck
2007,Pedal Cycle,Car/pick-up/van,cycle,Car/pick-up/van,2007,car,2007,car,2007,car,2007,car,2007,car
2007,Pedal Cycle,2/3 Wheeled,cycle,2/3 Wheeled,2007,motorcycle,2007,motorcycle,2007,motorcycle,2007,motorcycle,2007,motorcycle
2007,Pedal Cycle,Bus,cycle,Bus,2007,bus,2007,bus,2007,bus,2007,bus,2007,bus
2007,3Wheeled,2/3 Wheeled,motorcycle,2/3 Wheeled,2007,motorcycle,2007,motorcycle,2007,motorcycle,2007,motorcycle,2007,motorcycle
2007,Motorcycle,Trucks,motorcycle,Trucks,2007,truck,2007,truck,2007,truck,2007,truck,2007,truck
2007,3Wheeled,2/3 Wheeled,motorcycle,2/3 Wheeled,2007,motorcycle,2007,motorcycle,2007,motorcycle,2007,motorcycle,2007,motorcycle
2007,3Wheeled,2/3 Wheeled,motorcycle,2/3 Wheeled,2007,motorcycle,2007,motorcycle,2007,motorcycle,2007,motorcycle,2007,motorcycle
2007,3Wheeled,2/3 Wheeled,motorcycle,2/3 Wheeled,2007,motorcycle,2007,motorcycle,2007,motorcycle,2007,motorcycle,2007,motorcycle
2007,Motorcycle,2/3 Wheeled,motorcycle,2/3 Wheeled,2007,motorcycle,2007,motorcycle,2007,motorcycle,2007,motorcycle,2007,motorcycle
2007,Motorcycle,Trucks,motorcycle,Trucks,2007,truck,2007,truck,2007,truck,2007,truck,2007,truck
2007,Motorcycle,2/3 Wheeled,motorcycle,2/3 Wheeled,2007,motorcycle,2007,motorcycle,2007,motorcycle,2007,motorcycle,2007,motorcycle
2007,Motorcycle,Trucks,motorcycle,Trucks,2007,truck,2007,truck,2007,truck,2007,truck,2007,truck
2011,Motorcycle,Trucks,motorcycle,Trucks,2011,truck,2011,truck,2011,truck,2011,truck,2011,truck
2011,3Wheeled,2/3 Wheeled,motorcycle,2/3 Wheeled,2011,motorcycle,2011,motorcycle,2011,motorcycle,2011,motorcycle,2011,motorcycle
2011,Motorcycle,2/3 Wheeled,motorcycle,2/3 Wheeled,2011,motorcycle,2011,motorcycle,2011,motorcycle,2011,motorcycle,2011,motorcycle
2011,Motorcycle,2/3 Wheeled,motorcycle,2/3 Wheeled,2011,motorcycle,2011,motorcycle,2011,motorcycle,2011,motorcycle,2011,motorcycle
2011,Motorcycle,Trucks,motorcycle,Trucks,2011,truck,2011,truck,2011,truck,2011,truck,2011,truck
2011,Motorcycle,Trucks,motorcycle,Trucks,2011,truck,2011,truck,2011,truck,2011,truck,2011,truck
2011,Motorcycle,Trucks,motorcycle,Trucks,2011,truck,2011,truck,2011,truck,2011,truck,2011,truck
2011,Motorcycle,Trucks,motorcycle,Trucks,2011,truck,2011,truck,2011,truck,2011,truck,2011,truck
2011,Motorcycle,Car/pick-up/van,motorcycle,Car/pick-up/van,2011,car,2011,car,2011,car,2011,car,2011,car
2011,Bus,Bus,bus,Bus,2011,bus,2011,bus,2011,bus,2011,bus,2011,bus
2011,Pedal Cycle,Trucks,cycle,Trucks,2011,truck,2011,truck,2011,truck,2011,truck,2011,truck
2011,Motorcycle,2/3 Wheeled,motorcycle,2/3 Wheeled,2011,motorcycle,2011,motorcycle,2011,motorcycle,2011,motorcycle,2011,motorcycle
2011,Pedal Cycle,Trucks,cycle,Trucks,2011,truck,2011,truck,2011,truck,2011,truck,2011,truck
2011,Pedal Cycle,Trucks,cycle,Trucks,2011,truck,2011,truck,2011,truck,2011,truck,2011,truck
2011,Pedal Cycle,unspecified,cycle,NA,2011,bus,2011,motorcycle,2011,truck,2011,truck,2011,car
2011,Motorcycle,Trucks,motorcycle,Trucks,2011,truck,2011,truck,2011,truck,2011,truck,2011,truck
2011,Motorcycle,Bus,motorcycle,Bus,2011,bus,2011,bus,2011,bus,2011,bus,2011,bus
2007,Motorcycle,Trucks,motorcycle,Trucks,2007,truck,2007,truck,2007,truck,2007,truck,2007,truck
2007,Motorcycle,Bus,motorcycle,Bus,2007,bus,2007,bus,2007,bus,2007,bus,2007,bus
2007,Bus,Bus,bus,Bus,2007,bus,2007,bus,2007,bus,2007,bus,2007,bus
2008,Motorcycle,2/3 Wheeled,motorcycle,2/3 Wheeled,2008,motorcycle,2008,motorcycle,2008,motorcycle,2008,motorcycle,2008,motorcycle
2008,Heavy transport,Trucks,truck,Trucks,2008,truck,2008,truck,2008,truck,2008,truck,2008,truck
2008,Pedal Cycle,Trucks,cycle,Trucks,2008,truck,2008,truck,2008,truck,2008,truck,2008,truck
2008,Pedal Cycle,Trucks,cycle,Trucks,2008,truck,2008,truck,2008,truck,2008,truck,2008,truck
2008,Motorcycle,Trucks,motorcycle,Trucks,2008,truck,2008,truck,2008,truck,2008,truck,2008,truck
2011,Motorcycle,Trucks,motorcycle,Trucks,2011,truck,2011,truck,2011,truck,2011,truck,2011,truck
2011,Motorcycle,Bus,motorcycle,Bus,2011,bus,2011,bus,2011,bus,2011,bus,2011,bus
2011,Motorcycle,Trucks,motorcycle,Trucks,2011,truck,2011,truck,2011,truck,2011,truck,2011,truck
2011,Motorcycle,2/3 Wheeled,motorcycle,2/3 Wheeled,2011,motorcycle,2011,motorcycle,2011,motorcycle,2011,motorcycle,2011,motorcycle
2011,3Wheeled,Trucks,motorcycle,Trucks,2011,truck,2011,truck,2011,truck,2011,truck,2011,truck
2011,Motorcycle,Trucks,motorcycle,Trucks,2011,truck,2011,truck,2011,truck,2011,truck,2011,truck
2011,Motorcycle,Bus,motorcycle,Bus,2011,bus,2011,bus,2011,bus,2011,bus,2011,bus
2011,Motorcycle,Trucks,motorcycle,Trucks,2011,truck,2011,truck,2011,truck,2011,truck,2011,truck
2011,Motorcycle,Trucks,motorcycle,Trucks,2011,truck,2011,truck,2011,truck,2011,truck,2011,truck
2011,Pedal Cycle,Car/pick-up/van,cycle,Car/pick-up/van,2011,car,2011,car,2011,car,2011,car,2011,car
2011,Motorcycle,Car/pick-up/van,motorcycle,Car/pick-up/van,2011,car,2011,car,2011,car,2011,car,2011,car
2011,3Wheeled,2/3 Wheeled,motorcycle,2/3 Wheeled,2011,motorcycle,2011,motorcycle,2011,motorcycle,2011,motorcycle,2011,motorcycle
2011,Motorcycle,2/3 Wheeled,motorcycle,2/3 Wheeled,2011,motorcycle,2011,motorcycle,2011,motorcycle,2011,motorcycle,2011,motorcycle
2008,Motorcycle,2/3 Wheeled,motorcycle,2/3 Wheeled,2008,motorcycle,2008,motorcycle,2008,motorcycle,2008,motorcycle,2008,motorcycle
2008,Motorcycle,Trucks,motorcycle,Trucks,2008,truck,2008,truck,2008,truck,2008,truck,2008,truck
2008,Motorcycle,Trucks,motorcycle,Trucks,2008,truck,2008,truck,2008,truck,2008,truck,2008,truck
2008,Motorcycle,unspecified,motorcycle,NA,2008,bus,2008,motorcycle,2008,car,2008,car,2008,motorcycle
2008,Motorcycle,Trucks,motorcycle,Trucks,2008,truck,2008,truck,2008,truck,2008,truck,2008,truck
2008,Motorcycle,Car/pick-up/van,motorcycle,Car/pick-up/van,2008,car,2008,car,2008,car,2008,car,2008,car
2008,Pedal Cycle,unspecified,cycle,NA,2008,car,2008,bus,2008,truck,2008,motorcycle,2008,bus
2008,3Wheeled,2/3 Wheeled,motorcycle,2/3 Wheeled,2008,motorcycle,2008,motorcycle,2008,motorcycle,2008,motorcycle,2008,motorcycle
2008,Motorcycle,Trucks,motorcycle,Trucks,2008,truck,2008,truck,2008,truck,2008,truck,2008,truck
2007,Motorcycle,Car/pick-up/van,motorcycle,Car/pick-up/van,2007,car,2007,car,2007,car,2007,car,2007,car
2007,Motorcycle,Trucks,motorcycle,Trucks,2007,truck,2007,truck,2007,truck,2007,truck,2007,truck
2007,3Wheeled,2/3 Wheeled,motorcycle,2/3 Wheeled,2007,motorcycle,2007,motorcycle,2007,motorcycle,2007,motorcycle,2007,motorcycle
2007,3Wheeled,Trucks,motorcycle,Trucks,2007,truck,2007,truck,2007,truck,2007,truck,2007,truck
2007,Motorcycle,Bus,motorcycle,Bus,2007,bus,2007,bus,2007,bus,2007,bus,2007,bus
2007,Motorcycle,Bus,motorcycle,Bus,2007,bus,2007,bus,2007,bus,2007,bus,2007,bus
2007,Motorcycle,Car/pick-up/van,motorcycle,Car/pick-up/van,2007,car,2007,car,2007,car,2007,car,2007,car
2007,Motorcycle,Car/pick-up/van,motorcycle,Car/pick-up/van,2007,car,2007,car,2007,car,2007,car,2007,car
2007,Motorcycle,Car/pick-up/van,motorcycle,Car/pick-up/van,2007,car,2007,car,2007,car,2007,car,2007,car
2007,Motorcycle,Trucks,motorcycle,Trucks,2007,truck,2007,truck,2007,truck,2007,truck,2007,truck
2007,Pedal Cycle,Trucks,cycle,Trucks,2007,truck,2007,truck,2007,truck,2007,truck,2007,truck
2007,Motorcycle,Bus,motorcycle,Bus,2007,bus,2007,bus,2007,bus,2007,bus,2007,bus
2007,Motorcycle,Car/pick-up/van,motorcycle,Car/pick-up/van,2007,car,2007,car,2007,car,2007,car,2007,car
2007,3Wheeled,Trucks,motorcycle,Trucks,2007,truck,2007,truck,2007,truck,2007,truck,2007,truck
2007,Motorcycle,Trucks,motorcycle,Trucks,2007,truck,2007,truck,2007,truck,2007,truck,2007,truck
2007,Pedal Cycle,Bus,cycle,Bus,2007,bus,2007,bus,2007,bus,2007,bus,2007,bus
2011,Pedal Cycle,Trucks,cycle,Trucks,2011,truck,2011,truck,2011,truck,2011,truck,2011,truck
2007,Motorcycle,2/3 Wheeled,motorcycle,2/3 Wheeled,2007,motorcycle,2007,motorcycle,2007,motorcycle,2007,motorcycle,2007,motorcycle
2011,Motorcycle,Bus,motorcycle,Bus,2011,bus,2011,bus,2011,bus,2011,bus,2011,bus
2007,Motorcycle,unspecified,motorcycle,NA,2007,motorcycle,2007,truck,2007,car,2007,car,2007,motorcycle
2007,Motorcycle,2/3 Wheeled,motorcycle,2/3 Wheeled,2007,motorcycle,2007,motorcycle,2007,motorcycle,2007,motorcycle,2007,motorcycle
2007,Bus,Bus,bus,Bus,2007,bus,2007,bus,2007,bus,2007,bus,2007,bus
2008,Pedal Cycle,Bus,cycle,Bus,2008,bus,2008,bus,2008,bus,2008,bus,2008,bus
2008,Motorcycle,2/3 Wheeled,motorcycle,2/3 Wheeled,2008,motorcycle,2008,motorcycle,2008,motorcycle,2008,motorcycle,2008,motorcycle
2007,Motorcycle,2/3 Wheeled,motorcycle,2/3 Wheeled,2007,motorcycle,2007,motorcycle,2007,motorcycle,2007,motorcycle,2007,motorcycle
2007,3Wheeled,Car/pick-up/van,motorcycle,Car/pick-up/van,2007,car,2007,car,2007,car,2007,car,2007,car
2007,Motorcycle,Bus,motorcycle,Bus,2007,bus,2007,bus,2007,bus,2007,bus,2007,bus
2007,Other,unspecified,other,NA,2007,motorcycle,2007,truck,2007,motorcycle,2007,truck,2007,motorcycle
2007,Motorcycle,2/3 Wheeled,motorcycle,2/3 Wheeled,2007,motorcycle,2007,motorcycle,2007,motorcycle,2007,motorcycle,2007,motorcycle
2007,Motorcycle,Bus,motorcycle,Bus,2007,bus,2007,bus,2007,bus,2007,bus,2007,bus
2007,Pedal Cycle,Unknown,cycle,NA,2007,bus,2007,motorcycle,2007,motorcycle,2007,bus,2007,truck
2007,Motorcycle,Bus,motorcycle,Bus,2007,bus,2007,bus,2007,bus,2007,bus,2007,bus
2007,Motorcycle,Unknown,motorcycle,NA,2007,motorcycle,2007,truck,2007,motorcycle,2007,car,2007,motorcycle
2007,Motorcycle,Trucks,motorcycle,Trucks,2007,truck,2007,truck,2007,truck,2007,truck,2007,truck
2007,Pedal Cycle,Car/pick-up/van,cycle,Car/pick-up/van,2007,car,2007,car,2007,car,2007,car,2007,car
2007,Motorcycle,Trucks,motorcycle,Trucks,2007,truck,2007,truck,2007,truck,2007,truck,2007,truck
2007,Motorcycle,Car/pick-up/van,motorcycle,Car/pick-up/van,2007,car,2007,car,2007,car,2007,car,2007,car
2007,Motorcycle,2/3 Wheeled,motorcycle,2/3 Wheeled,2007,motorcycle,2007,motorcycle,2007,motorcycle,2007,motorcycle,2007,motorcycle
2009,Motorcycle,2/3 Wheeled,motorcycle,2/3 Wheeled,2009,motorcycle,2009,motorcycle,2009,motorcycle,2009,motorcycle,2009,motorcycle
2011,Motorcycle,Trucks,motorcycle,Trucks,2011,truck,2011,truck,2011,truck,2011,truck,2011,truck
2011,Motorcycle,Car/pick-up/van,motorcycle,Car/pick-up/van,2011,car,2011,car,2011,car,2011,car,2011,car
2011,Motorcycle,Trucks,motorcycle,Trucks,2011,truck,2011,truck,2011,truck,2011,truck,2011,truck
2011,Motorcycle,Trucks,motorcycle,Trucks,2011,truck,2011,truck,2011,truck,2011,truck,2011,truck
2011,3Wheeled,2/3 Wheeled,motorcycle,2/3 Wheeled,2011,motorcycle,2011,motorcycle,2011,motorcycle,2011,motorcycle,2011,motorcycle
2011,Motorcycle,2/3 Wheeled,motorcycle,2/3 Wheeled,2011,motorcycle,2011,motorcycle,2011,motorcycle,2011,motorcycle,2011,motorcycle
2011,Motorcycle,2/3 Wheeled,motorcycle,2/3 Wheeled,2011,motorcycle,2011,motorcycle,2011,motorcycle,2011,motorcycle,2011,motorcycle
2010,Motorcycle,Trucks,motorcycle,Trucks,2010,truck,2010,truck,2010,truck,2010,truck,2010,truck
2010,Motorcycle,Trucks,motorcycle,Trucks,2010,truck,2010,truck,2010,truck,2010,truck,2010,truck
2010,Motorcycle,2/3 Wheeled,motorcycle,2/3 Wheeled,2010,motorcycle,2010,motorcycle,2010,motorcycle,2010,motorcycle,2010,motorcycle
2010,Motorcycle,2/3 Wheeled,motorcycle,2/3 Wheeled,2010,motorcycle,2010,motorcycle,2010,motorcycle,2010,motorcycle,2010,motorcycle
2010,Pedal Cycle,2/3 Wheeled,cycle,2/3 Wheeled,2010,motorcycle,2010,motorcycle,2010,motorcycle,2010,motorcycle,2010,motorcycle
2010,Motorcycle,2/3 Wheeled,motorcycle,2/3 Wheeled,2010,motorcycle,2010,motorcycle,2010,motorcycle,2010,motorcycle,2010,motorcycle
2010,Motorcycle,Trucks,motorcycle,Trucks,2010,truck,2010,truck,2010,truck,2010,truck,2010,truck
2010,Pedal Cycle,Trucks,cycle,Trucks,2010,truck,2010,truck,2010,truck,2010,truck,2010,truck
2010,Motorcycle,Trucks,motorcycle,Trucks,2010,truck,2010,truck,2010,truck,2010,truck,2010,truck
2010,Motorcycle,Trucks,motorcycle,Trucks,2010,truck,2010,truck,2010,truck,2010,truck,2010,truck
2010,Motorcycle,Car/pick-up/van,motorcycle,Car/pick-up/van,2010,car,2010,car,2010,car,2010,car,2010,car
2010,Motorcycle,Trucks,motorcycle,Trucks,2010,truck,2010,truck,2010,truck,2010,truck,2010,truck
2010,Pedal Cycle,Bus,cycle,Bus,2010,bus,2010,bus,2010,bus,2010,bus,2010,bus
2010,Motorcycle,Trucks,motorcycle,Trucks,2010,truck,2010,truck,2010,truck,2010,truck,2010,truck
2010,Car,Trucks,car,Trucks,2010,truck,2010,truck,2010,truck,2010,truck,2010,truck
2010,Car,Trucks,car,Trucks,2010,truck,2010,truck,2010,truck,2010,truck,2010,truck
2010,Motorcycle,Trucks,motorcycle,Trucks,2010,truck,2010,truck,2010,truck,2010,truck,2010,truck
2010,Motorcycle,Car/pick-up/van,motorcycle,Car/pick-up/van,2010,car,2010,car,2010,car,2010,car,2010,car
2010,Motorcycle,Trucks,motorcycle,Trucks,2010,truck,2010,truck,2010,truck,2010,truck,2010,truck
2010,Pedal Cycle,Trucks,cycle,Trucks,2010,truck,2010,truck,2010,truck,2010,truck,2010,truck
2010,Pedal Cycle,unspecified,cycle,NA,2010,truck,2010,truck,2010,motorcycle,2010,truck,2010,truck
2010,Motorcycle,Trucks,motorcycle,Trucks,2010,truck,2010,truck,2010,truck,2010,truck,2010,truck
2010,Car,Trucks,car,Trucks,2010,truck,2010,truck,2010,truck,2010,truck,2010,truck
2009,Motorcycle,2/3 Wheeled,motorcycle,2/3 Wheeled,2009,motorcycle,2009,motorcycle,2009,motorcycle,2009,motorcycle,2009,motorcycle
2009,Motorcycle,Bus,motorcycle,Bus,2009,bus,2009,bus,2009,bus,2009,bus,2009,bus
2009,Pedal Cycle,Bus,cycle,Bus,2009,bus,2009,bus,2009,bus,2009,bus,2009,bus
2009,3Wheeled,Trucks,motorcycle,Trucks,2009,truck,2009,truck,2009,truck,2009,truck,2009,truck
2009,3Wheeled,Trucks,motorcycle,Trucks,2009,truck,2009,truck,2009,truck,2009,truck,2009,truck
2009,3Wheeled,Trucks,motorcycle,Trucks,2009,truck,2009,truck,2009,truck,2009,truck,2009,truck
2009,Motorcycle,Bus,motorcycle,Bus,2009,bus,2009,bus,2009,bus,2009,bus,2009,bus
2009,Motorcycle,Bus,motorcycle,Bus,2009,bus,2009,bus,2009,bus,2009,bus,2009,bus
2009,Pedal Cycle,2/3 Wheeled,cycle,2/3 Wheeled,2009,motorcycle,2009,motorcycle,2009,motorcycle,2009,motorcycle,2009,motorcycle
2009,Motorcycle,Trucks,motorcycle,Trucks,2009,truck,2009,truck,2009,truck,2009,truck,2009,truck
2009,Motorcycle,Car/pick-up/van,motorcycle,Car/pick-up/van,2009,car,2009,car,2009,car,2009,car,2009,car
2009,Motorcycle,Trucks,motorcycle,Trucks,2009,truck,2009,truck,2009,truck,2009,truck,2009,truck
2009,Motorcycle,Trucks,motorcycle,Trucks,2009,truck,2009,truck,2009,truck,2009,truck,2009,truck
2009,Pedal Cycle,2/3 Wheeled,cycle,2/3 Wheeled,2009,motorcycle,2009,motorcycle,2009,motorcycle,2009,motorcycle,2009,motorcycle
2008,Motorcycle,Trucks,motorcycle,Trucks,2008,truck,2008,truck,2008,truck,2008,truck,2008,truck
2008,Motorcycle,Bus,motorcycle,Bus,2008,bus,2008,bus,2008,bus,2008,bus,2008,bus
2008,Motorcycle,2/3 Wheeled,motorcycle,2/3 Wheeled,2008,motorcycle,2008,motorcycle,2008,motorcycle,2008,motorcycle,2008,motorcycle
2008,Pedal Cycle,Car/pick-up/van,cycle,Car/pick-up/van,2008,car,2008,car,2008,car,2008,car,2008,car
2008,Motorcycle,Trucks,motorcycle,Trucks,2008,truck,2008,truck,2008,truck,2008,truck,2008,truck
2008,Pedal Cycle,Car/pick-up/van,cycle,Car/pick-up/van,2008,car,2008,car,2008,car,2008,car,2008,car
2008,Pedal Cycle,Bus,cycle,Bus,2008,bus,2008,bus,2008,bus,2008,bus,2008,bus
2008,Motorcycle,Trucks,motorcycle,Trucks,2008,truck,2008,truck,2008,truck,2008,truck,2008,truck
2008,Motorcycle,Trucks,motorcycle,Trucks,2008,truck,2008,truck,2008,truck,2008,truck,2008,truck
2008,Motorcycle,2/3 Wheeled,motorcycle,2/3 Wheeled,2008,motorcycle,2008,motorcycle,2008,motorcycle,2008,motorcycle,2008,motorcycle
2008,Car,Car/pick-up/van,car,Car/pick-up/van,2008,car,2008,car,2008,car,2008,car,2008,car
2008,Car,Car/pick-up/van,car,Car/pick-up/van,2008,car,2008,car,2008,car,2008,car,2008,car
2008,Car,Car/pick-up/van,car,Car/pick-up/van,2008,car,2008,car,2008,car,2008,car,2008,car
2008,Motorcycle,2/3 Wheeled,motorcycle,2/3 Wheeled,2008,motorcycle,2008,motorcycle,2008,motorcycle,2008,motorcycle,2008,motorcycle
2008,Motorcycle,Bus,motorcycle,Bus,2008,bus,2008,bus,2008,bus,2008,bus,2008,bus
2008,3Wheeled,Trucks,motorcycle,Trucks,2008,truck,2008,truck,2008,truck,2008,truck,2008,truck
2008,Motorcycle,2/3 Wheeled,motorcycle,2/3 Wheeled,2008,motorcycle,2008,motorcycle,2008,motorcycle,2008,motorcycle,2008,motorcycle
2007,3Wheeled,Trucks,motorcycle,Trucks,2007,truck,2007,truck,2007,truck,2007,truck,2007,truck
2007,Car,Car/pick-up/van,car,Car/pick-up/van,2007,car,2007,car,2007,car,2007,car,2007,car
2007,3Wheeled,2/3 Wheeled,motorcycle,2/3 Wheeled,2007,motorcycle,2007,motorcycle,2007,motorcycle,2007,motorcycle,2007,motorcycle
2007,3Wheeled,2/3 Wheeled,motorcycle,2/3 Wheeled,2007,motorcycle,2007,motorcycle,2007,motorcycle,2007,motorcycle,2007,motorcycle
2007,3Wheeled,2/3 Wheeled,motorcycle,2/3 Wheeled,2007,motorcycle,2007,motorcycle,2007,motorcycle,2007,motorcycle,2007,motorcycle
2010,Motorcycle,Trucks,motorcycle,Trucks,2010,truck,2010,truck,2010,truck,2010,truck,2010,truck
2010,Motorcycle,Trucks,motorcycle,Trucks,2010,truck,2010,truck,2010,truck,2010,truck,2010,truck
2010,Motorcycle,Trucks,motorcycle,Trucks,2010,truck,2010,truck,2010,truck,2010,truck,2010,truck
2007,3Wheeled,2/3 Wheeled,motorcycle,2/3 Wheeled,2007,motorcycle,2007,motorcycle,2007,motorcycle,2007,motorcycle,2007,motorcycle
2011,Pedal Cycle,Trucks,cycle,Trucks,2011,truck,2011,truck,2011,truck,2011,truck,2011,truck
2007,Pedal Cycle,Car/pick-up/van,cycle,Car/pick-up/van,2007,car,2007,car,2007,car,2007,car,2007,car
2007,Motorcycle,2/3 Wheeled,motorcycle,2/3 Wheeled,2007,motorcycle,2007,motorcycle,2007,motorcycle,2007,motorcycle,2007,motorcycle
2007,Car,Trucks,car,Trucks,2007,truck,2007,truck,2007,truck,2007,truck,2007,truck
2007,Motorcycle,Trucks,motorcycle,Trucks,2007,truck,2007,truck,2007,truck,2007,truck,2007,truck
2007,Motorcycle,Bus,motorcycle,Bus,2007,bus,2007,bus,2007,bus,2007,bus,2007,bus
2007,Motorcycle,Trucks,motorcycle,Trucks,2007,truck,2007,truck,2007,truck,2007,truck,2007,truck
2009,3Wheeled,Trucks,motorcycle,Trucks,2009,truck,2009,truck,2009,truck,2009,truck,2009,truck
2009,Motorcycle,Trucks,motorcycle,Trucks,2009,truck,2009,truck,2009,truck,2009,truck,2009,truck
2009,Motorcycle,Trucks,motorcycle,Trucks,2009,truck,2009,truck,2009,truck,2009,truck,2009,truck
2009,Motorcycle,2/3 Wheeled,motorcycle,2/3 Wheeled,2009,motorcycle,2009,motorcycle,2009,motorcycle,2009,motorcycle,2009,motorcycle
2009,3Wheeled,2/3 Wheeled,motorcycle,2/3 Wheeled,2009,motorcycle,2009,motorcycle,2009,motorcycle,2009,motorcycle,2009,motorcycle
2009,3Wheeled,Trucks,motorcycle,Trucks,2009,truck,2009,truck,2009,truck,2009,truck,2009,truck
2009,3Wheeled,Trucks,motorcycle,Trucks,2009,truck,2009,truck,2009,truck,2009,truck,2009,truck
2009,Car,Car/pick-up/van,car,Car/pick-up/van,2009,car,2009,car,2009,car,2009,car,2009,car
2009,Motorcycle,2/3 Wheeled,motorcycle,2/3 Wheeled,2009,motorcycle,2009,motorcycle,2009,motorcycle,2009,motorcycle,2009,motorcycle
2009,Motorcycle,2/3 Wheeled,motorcycle,2/3 Wheeled,2009,motorcycle,2009,motorcycle,2009,motorcycle,2009,motorcycle,2009,motorcycle
2010,Motorcycle,Trucks,motorcycle,Trucks,2010,truck,2010,truck,2010,truck,2010,truck,2010,truck
2010,Pedal Cycle,Trucks,cycle,Trucks,2010,truck,2010,truck,2010,truck,2010,truck,2010,truck
2010,Other,unspecified,other,NA,2010,car,2010,motorcycle,2010,motorcycle,2010,motorcycle,2010,truck
2010,Motorcycle,Trucks,motorcycle,Trucks,2010,truck,2010,truck,2010,truck,2010,truck,2010,truck
2010,Pedal Cycle,2/3 Wheeled,cycle,2/3 Wheeled,2010,motorcycle,2010,motorcycle,2010,motorcycle,2010,motorcycle,2010,motorcycle
2010,Motorcycle,Car/pick-up/van,motorcycle,Car/pick-up/van,2010,car,2010,car,2010,car,2010,car,2010,car
2010,3Wheeled,Trucks,motorcycle,Trucks,2010,truck,2010,truck,2010,truck,2010,truck,2010,truck
2008,3Wheeled,Trucks,motorcycle,Trucks,2008,truck,2008,truck,2008,truck,2008,truck,2008,truck
2008,3Wheeled,2/3 Wheeled,motorcycle,2/3 Wheeled,2008,motorcycle,2008,motorcycle,2008,motorcycle,2008,motorcycle,2008,motorcycle
2007,Motorcycle,Bus,motorcycle,Bus,2007,bus,2007,bus,2007,bus,2007,bus,2007,bus
2007,Motorcycle,2/3 Wheeled,motorcycle,2/3 Wheeled,2007,motorcycle,2007,motorcycle,2007,motorcycle,2007,motorcycle,2007,motorcycle
2007,Bus,Bus,bus,Bus,2007,bus,2007,bus,2007,bus,2007,bus,2007,bus
2007,Motorcycle,Trucks,motorcycle,Trucks,2007,truck,2007,truck,2007,truck,2007,truck,2007,truck
2007,Motorcycle,Trucks,motorcycle,Trucks,2007,truck,2007,truck,2007,truck,2007,truck,2007,truck
2007,Bus,Bus,bus,Bus,2007,bus,2007,bus,2007,bus,2007,bus,2007,bus
2007,Motorcycle,Trucks,motorcycle,Trucks,2007,truck,2007,truck,2007,truck,2007,truck,2007,truck
2010,Motorcycle,2/3 Wheeled,motorcycle,2/3 Wheeled,2010,motorcycle,2010,motorcycle,2010,motorcycle,2010,motorcycle,2010,motorcycle
2007,Motorcycle,Trucks,motorcycle,Trucks,2007,truck,2007,truck,2007,truck,2007,truck,2007,truck
2008,Pedal Cycle,Unknown,cycle,NA,2008,car,2008,bus,2008,truck,2008,motorcycle,2008,truck
2008,Motorcycle,Trucks,motorcycle,Trucks,2008,truck,2008,truck,2008,truck,2008,truck,2008,truck
2008,Motorcycle,Trucks,motorcycle,Trucks,2008,truck,2008,truck,2008,truck,2008,truck,2008,truck
2007,Car,Trucks,car,Trucks,2007,truck,2007,truck,2007,truck,2007,truck,2007,truck
2007,Motorcycle,Bus,motorcycle,Bus,2007,bus,2007,bus,2007,bus,2007,bus,2007,bus
2007,Motorcycle,Trucks,motorcycle,Trucks,2007,truck,2007,truck,2007,truck,2007,truck,2007,truck
2007,Motorcycle,2/3 Wheeled,motorcycle,2/3 Wheeled,2007,motorcycle,2007,motorcycle,2007,motorcycle,2007,motorcycle,2007,motorcycle
2007,Motorcycle,Car/pick-up/van,motorcycle,Car/pick-up/van,2007,car,2007,car,2007,car,2007,car,2007,car
2007,Pedal Cycle,2/3 Wheeled,cycle,2/3 Wheeled,2007,motorcycle,2007,motorcycle,2007,motorcycle,2007,motorcycle,2007,motorcycle
2008,Motorcycle,2/3 Wheeled,motorcycle,2/3 Wheeled,2008,motorcycle,2008,motorcycle,2008,motorcycle,2008,motorcycle,2008,motorcycle
2007,Pedal Cycle,Trucks,cycle,Trucks,2007,truck,2007,truck,2007,truck,2007,truck,2007,truck
2007,Motorcycle,2/3 Wheeled,motorcycle,2/3 Wheeled,2007,motorcycle,2007,motorcycle,2007,motorcycle,2007,motorcycle,2007,motorcycle
2007,Motorcycle,Trucks,motorcycle,Trucks,2007,truck,2007,truck,2007,truck,2007,truck,2007,truck
2007,Motorcycle,Trucks,motorcycle,Trucks,2007,truck,2007,truck,2007,truck,2007,truck,2007,truck
2007,Pedal Cycle,Car/pick-up/van,cycle,Car/pick-up/van,2007,car,2007,car,2007,car,2007,car,2007,car
2008,Motorcycle,2/3 Wheeled,motorcycle,2/3 Wheeled,2008,motorcycle,2008,motorcycle,2008,motorcycle,2008,motorcycle,2008,motorcycle
2008,Motorcycle,Car/pick-up/van,motorcycle,Car/pick-up/van,2008,car,2008,car,2008,car,2008,car,2008,car
2008,Heavy transport,Trucks,truck,Trucks,2008,truck,2008,truck,2008,truck,2008,truck,2008,truck
2008,Motorcycle,Trucks,motorcycle,Trucks,2008,truck,2008,truck,2008,truck,2008,truck,2008,truck
2008,Pedal Cycle,Car/pick-up/van,cycle,Car/pick-up/van,2008,car,2008,car,2008,car,2008,car,2008,car
2008,3Wheeled,Trucks,motorcycle,Trucks,2008,truck,2008,truck,2008,truck,2008,truck,2008,truck
2008,Pedal Cycle,2/3 Wheeled,cycle,2/3 Wheeled,2008,motorcycle,2008,motorcycle,2008,motorcycle,2008,motorcycle,2008,motorcycle
2011,Motorcycle,2/3 Wheeled,motorcycle,2/3 Wheeled,2011,motorcycle,2011,motorcycle,2011,motorcycle,2011,motorcycle,2011,motorcycle
2011,3Wheeled,unspecified,motorcycle,NA,2011,truck,2011,truck,2011,truck,2011,motorcycle,2011,motorcycle
2011,Motorcycle,2/3 Wheeled,motorcycle,2/3 Wheeled,2011,motorcycle,2011,motorcycle,2011,motorcycle,2011,motorcycle,2011,motorcycle
2011,Motorcycle,Trucks,motorcycle,Trucks,2011,truck,2011,truck,2011,truck,2011,truck,2011,truck
2011,Motorcycle,2/3 Wheeled,motorcycle,2/3 Wheeled,2011,motorcycle,2011,motorcycle,2011,motorcycle,2011,motorcycle,2011,motorcycle
2011,Motorcycle,2/3 Wheeled,motorcycle,2/3 Wheeled,2011,motorcycle,2011,motorcycle,2011,motorcycle,2011,motorcycle,2011,motorcycle
2008,Motorcycle,unspecified,motorcycle,NA,2008,car,2008,motorcycle,2008,truck,2008,truck,2008,bus
2008,Motorcycle,unspecified,motorcycle,NA,2008,truck,2008,truck,2008,truck,2008,truck,2008,truck
2008,Pedal Cycle,Trucks,cycle,Trucks,2008,truck,2008,truck,2008,truck,2008,truck,2008,truck
2008,Car,Car/pick-up/van,car,Car/pick-up/van,2008,car,2008,car,2008,car,2008,car,2008,car
2008,3Wheeled,2/3 Wheeled,motorcycle,2/3 Wheeled,2008,motorcycle,2008,motorcycle,2008,motorcycle,2008,motorcycle,2008,motorcycle
2008,Motorcycle,2/3 Wheeled,motorcycle,2/3 Wheeled,2008,motorcycle,2008,motorcycle,2008,motorcycle,2008,motorcycle,2008,motorcycle
2009,Motorcycle,2/3 Wheeled,motorcycle,2/3 Wheeled,2009,motorcycle,2009,motorcycle,2009,motorcycle,2009,motorcycle,2009,motorcycle
2009,Motorcycle,2/3 Wheeled,motorcycle,2/3 Wheeled,2009,motorcycle,2009,motorcycle,2009,motorcycle,2009,motorcycle,2009,motorcycle
2010,Motorcycle,2/3 Wheeled,motorcycle,2/3 Wheeled,2010,motorcycle,2010,motorcycle,2010,motorcycle,2010,motorcycle,2010,motorcycle
2010,Motorcycle,2/3 Wheeled,motorcycle,2/3 Wheeled,2010,motorcycle,2010,motorcycle,2010,motorcycle,2010,motorcycle,2010,motorcycle
2010,Motorcycle,Car/pick-up/van,motorcycle,Car/pick-up/van,2010,car,2010,car,2010,car,2010,car,2010,car
2010,Motorcycle,2/3 Wheeled,motorcycle,2/3 Wheeled,2010,motorcycle,2010,motorcycle,2010,motorcycle,2010,motorcycle,2010,motorcycle
2010,Motorcycle,2/3 Wheeled,motorcycle,2/3 Wheeled,2010,motorcycle,2010,motorcycle,2010,motorcycle,2010,motorcycle,2010,motorcycle
2010,Other,unspecified,other,NA,2010,motorcycle,2010,motorcycle,2010,motorcycle,2010,motorcycle,2010,truck
2010,Car,Trucks,car,Trucks,2010,truck,2010,truck,2010,truck,2010,truck,2010,truck
2010,Motorcycle,Trucks,motorcycle,Trucks,2010,truck,2010,truck,2010,truck,2010,truck,2010,truck
2008,3Wheeled,2/3 Wheeled,motorcycle,2/3 Wheeled,2008,motorcycle,2008,motorcycle,2008,motorcycle,2008,motorcycle,2008,motorcycle
2009,Motorcycle,Trucks,motorcycle,Trucks,2009,truck,2009,truck,2009,truck,2009,truck,2009,truck
2008,Motorcycle,Bus,motorcycle,Bus,2008,bus,2008,bus,2008,bus,2008,bus,2008,bus
2007,Motorcycle,Trucks,motorcycle,Trucks,2007,truck,2007,truck,2007,truck,2007,truck,2007,truck
2007,Pedal Cycle,Unknown,cycle,NA,2007,bus,2007,truck,2007,bus,2007,truck,2007,car
2009,Motorcycle,Trucks,motorcycle,Trucks,2009,truck,2009,truck,2009,truck,2009,truck,2009,truck
2009,Motorcycle,Car/pick-up/van,motorcycle,Car/pick-up/van,2009,car,2009,car,2009,car,2009,car,2009,car
2010,Motorcycle,2/3 Wheeled,motorcycle,2/3 Wheeled,2010,motorcycle,2010,motorcycle,2010,motorcycle,2010,motorcycle,2010,motorcycle
2010,Pedal Cycle,Trucks,cycle,Trucks,2010,truck,2010,truck,2010,truck,2010,truck,2010,truck
2010,Motorcycle,2/3 Wheeled,motorcycle,2/3 Wheeled,2010,motorcycle,2010,motorcycle,2010,motorcycle,2010,motorcycle,2010,motorcycle
2011,Motorcycle,2/3 Wheeled,motorcycle,2/3 Wheeled,2011,motorcycle,2011,motorcycle,2011,motorcycle,2011,motorcycle,2011,motorcycle
2011,Motorcycle,2/3 Wheeled,motorcycle,2/3 Wheeled,2011,motorcycle,2011,motorcycle,2011,motorcycle,2011,motorcycle,2011,motorcycle
2011,Motorcycle,2/3 Wheeled,motorcycle,2/3 Wheeled,2011,motorcycle,2011,motorcycle,2011,motorcycle,2011,motorcycle,2011,motorcycle
2011,Heavy transport,Trucks,truck,Trucks,2011,truck,2011,truck,2011,truck,2011,truck,2011,truck
2009,3Wheeled,2/3 Wheeled,motorcycle,2/3 Wheeled,2009,motorcycle,2009,motorcycle,2009,motorcycle,2009,motorcycle,2009,motorcycle
2009,Motorcycle,2/3 Wheeled,motorcycle,2/3 Wheeled,2009,motorcycle,2009,motorcycle,2009,motorcycle,2009,motorcycle,2009,motorcycle
2009,Heavy transport,Trucks,truck,Trucks,2009,truck,2009,truck,2009,truck,2009,truck,2009,truck
2009,3Wheeled,Trucks,motorcycle,Trucks,2009,truck,2009,truck,2009,truck,2009,truck,2009,truck
2009,3Wheeled,Trucks,motorcycle,Trucks,2009,truck,2009,truck,2009,truck,2009,truck,2009,truck
2009,Motorcycle,Trucks,motorcycle,Trucks,2009,truck,2009,truck,2009,truck,2009,truck,2009,truck
2009,Heavy transport,2/3 Wheeled,truck,2/3 Wheeled,2009,motorcycle,2009,motorcycle,2009,motorcycle,2009,motorcycle,2009,motorcycle
2009,3Wheeled,2/3 Wheeled,motorcycle,2/3 Wheeled,2009,motorcycle,2009,motorcycle,2009,motorcycle,2009,motorcycle,2009,motorcycle
2009,Motorcycle,Trucks,motorcycle,Trucks,2009,truck,2009,truck,2009,truck,2009,truck,2009,truck
2009,Motorcycle,2/3 Wheeled,motorcycle,2/3 Wheeled,2009,motorcycle,2009,motorcycle,2009,motorcycle,2009,motorcycle,2009,motorcycle
2009,Motorcycle,Trucks,motorcycle,Trucks,2009,truck,2009,truck,2009,truck,2009,truck,2009,truck
2009,Motorcycle,Trucks,motorcycle,Trucks,2009,truck,2009,truck,2009,truck,2009,truck,2009,truck
2009,Motorcycle,Bus,motorcycle,Bus,2009,bus,2009,bus,2009,bus,2009,bus,2009,bus
2008,Motorcycle,Bus,motorcycle,Bus,2008,bus,2008,bus,2008,bus,2008,bus,2008,bus
2008,3Wheeled,2/3 Wheeled,motorcycle,2/3 Wheeled,2008,motorcycle,2008,motorcycle,2008,motorcycle,2008,motorcycle,2008,motorcycle
2008,Motorcycle,Car/pick-up/van,motorcycle,Car/pick-up/van,2008,car,2008,car,2008,car,2008,car,2008,car
2008,Motorcycle,2/3 Wheeled,motorcycle,2/3 Wheeled,2008,motorcycle,2008,motorcycle,2008,motorcycle,2008,motorcycle,2008,motorcycle
2008,Motorcycle,2/3 Wheeled,motorcycle,2/3 Wheeled,2008,motorcycle,2008,motorcycle,2008,motorcycle,2008,motorcycle,2008,motorcycle
2008,Heavy transport,Trucks,truck,Trucks,2008,truck,2008,truck,2008,truck,2008,truck,2008,truck
2008,Other,unspecified,other,NA,2008,motorcycle,2008,truck,2008,truck,2008,motorcycle,2008,motorcycle
2008,Motorcycle,2/3 Wheeled,motorcycle,2/3 Wheeled,2008,motorcycle,2008,motorcycle,2008,motorcycle,2008,motorcycle,2008,motorcycle
2009,Motorcycle,2/3 Wheeled,motorcycle,2/3 Wheeled,2009,motorcycle,2009,motorcycle,2009,motorcycle,2009,motorcycle,2009,motorcycle
2009,Motorcycle,Trucks,motorcycle,Trucks,2009,truck,2009,truck,2009,truck,2009,truck,2009,truck
2009,Motorcycle,Car/pick-up/van,motorcycle,Car/pick-up/van,2009,car,2009,car,2009,car,2009,car,2009,car
2009,Motorcycle,Trucks,motorcycle,Trucks,2009,truck,2009,truck,2009,truck,2009,truck,2009,truck
2009,Motorcycle,Car/pick-up/van,motorcycle,Car/pick-up/van,2009,car,2009,car,2009,car,2009,car,2009,car
2008,Bus,Bus,bus,Bus,2008,bus,2008,bus,2008,bus,2008,bus,2008,bus
2010,Heavy transport,Trucks,truck,Trucks,2010,truck,2010,truck,2010,truck,2010,truck,2010,truck
2010,3Wheeled,Trucks,motorcycle,Trucks,2010,truck,2010,truck,2010,truck,2010,truck,2010,truck
2010,3Wheeled,Trucks,motorcycle,Trucks,2010,truck,2010,truck,2010,truck,2010,truck,2010,truck
2010,3Wheeled,Trucks,motorcycle,Trucks,2010,truck,2010,truck,2010,truck,2010,truck,2010,truck
2010,Motorcycle,2/3 Wheeled,motorcycle,2/3 Wheeled,2010,motorcycle,2010,motorcycle,2010,motorcycle,2010,motorcycle,2010,motorcycle
2010,Motorcycle,Bus,motorcycle,Bus,2010,bus,2010,bus,2010,bus,2010,bus,2010,bus
2010,Motorcycle,2/3 Wheeled,motorcycle,2/3 Wheeled,2010,motorcycle,2010,motorcycle,2010,motorcycle,2010,motorcycle,2010,motorcycle
2010,Motorcycle,2/3 Wheeled,motorcycle,2/3 Wheeled,2010,motorcycle,2010,motorcycle,2010,motorcycle,2010,motorcycle,2010,motorcycle
2010,Motorcycle,2/3 Wheeled,motorcycle,2/3 Wheeled,2010,motorcycle,2010,motorcycle,2010,motorcycle,2010,motorcycle,2010,motorcycle
2010,3Wheeled,Trucks,motorcycle,Trucks,2010,truck,2010,truck,2010,truck,2010,truck,2010,truck
2010,3Wheeled,Trucks,motorcycle,Trucks,2010,truck,2010,truck,2010,truck,2010,truck,2010,truck
2011,3Wheeled,2/3 Wheeled,motorcycle,2/3 Wheeled,2011,motorcycle,2011,motorcycle,2011,motorcycle,2011,motorcycle,2011,motorcycle
2011,Motorcycle,Bus,motorcycle,Bus,2011,bus,2011,bus,2011,bus,2011,bus,2011,bus
2011,Pedal Cycle,Trucks,cycle,Trucks,2011,truck,2011,truck,2011,truck,2011,truck,2011,truck
2011,Car,Car/pick-up/van,car,Car/pick-up/van,2011,car,2011,car,2011,car,2011,car,2011,car
2011,Motorcycle,2/3 Wheeled,motorcycle,2/3 Wheeled,2011,motorcycle,2011,motorcycle,2011,motorcycle,2011,motorcycle,2011,motorcycle
2010,3Wheeled,Trucks,motorcycle,Trucks,2010,truck,2010,truck,2010,truck,2010,truck,2010,truck
2010,Motorcycle,2/3 Wheeled,motorcycle,2/3 Wheeled,2010,motorcycle,2010,motorcycle,2010,motorcycle,2010,motorcycle,2010,motorcycle
2009,Motorcycle,Trucks,motorcycle,Trucks,2009,truck,2009,truck,2009,truck,2009,truck,2009,truck
2009,Motorcycle,Car/pick-up/van,motorcycle,Car/pick-up/van,2009,car,2009,car,2009,car,2009,car,2009,car
2009,Motorcycle,Bus,motorcycle,Bus,2009,bus,2009,bus,2009,bus,2009,bus,2009,bus
2009,Motorcycle,Trucks,motorcycle,Trucks,2009,truck,2009,truck,2009,truck,2009,truck,2009,truck
2009,Car,Trucks,car,Trucks,2009,truck,2009,truck,2009,truck,2009,truck,2009,truck
2009,Car,Trucks,car,Trucks,2009,truck,2009,truck,2009,truck,2009,truck,2009,truck
2009,Car,Trucks,car,Trucks,2009,truck,2009,truck,2009,truck,2009,truck,2009,truck
2009,Motorcycle,Bus,motorcycle,Bus,2009,bus,2009,bus,2009,bus,2009,bus,2009,bus
2009,Heavy transport,Trucks,truck,Trucks,2009,truck,2009,truck,2009,truck,2009,truck,2009,truck
2009,Motorcycle,Bus,motorcycle,Bus,2009,bus,2009,bus,2009,bus,2009,bus,2009,bus
2009,Motorcycle,Bus,motorcycle,Bus,2009,bus,2009,bus,2009,bus,2009,bus,2009,bus
2010,Motorcycle,Trucks,motorcycle,Trucks,2010,truck,2010,truck,2010,truck,2010,truck,2010,truck
2010,3Wheeled,Trucks,motorcycle,Trucks,2010,truck,2010,truck,2010,truck,2010,truck,2010,truck
2010,Motorcycle,2/3 Wheeled,motorcycle,2/3 Wheeled,2010,motorcycle,2010,motorcycle,2010,motorcycle,2010,motorcycle,2010,motorcycle
2010,3Wheeled,2/3 Wheeled,motorcycle,2/3 Wheeled,2010,motorcycle,2010,motorcycle,2010,motorcycle,2010,motorcycle,2010,motorcycle
2010,Motorcycle,Trucks,motorcycle,Trucks,2010,truck,2010,truck,2010,truck,2010,truck,2010,truck
2011,Motorcycle,Trucks,motorcycle,Trucks,2011,truck,2011,truck,2011,truck,2011,truck,2011,truck
2011,Motorcycle,Bus,motorcycle,Bus,2011,bus,2011,bus,2011,bus,2011,bus,2011,bus
2011,Motorcycle,Bus,motorcycle,Bus,2011,bus,2011,bus,2011,bus,2011,bus,2011,bus
2011,Motorcycle,Trucks,motorcycle,Trucks,2011,truck,2011,truck,2011,truck,2011,truck,2011,truck
2011,Motorcycle,Trucks,motorcycle,Trucks,2011,truck,2011,truck,2011,truck,2011,truck,2011,truck
2011,Motorcycle,2/3 Wheeled,motorcycle,2/3 Wheeled,2011,motorcycle,2011,motorcycle,2011,motorcycle,2011,motorcycle,2011,motorcycle
2011,Motorcycle,2/3 Wheeled,motorcycle,2/3 Wheeled,2011,motorcycle,2011,motorcycle,2011,motorcycle,2011,motorcycle,2011,motorcycle
2011,Bus,Trucks,bus,Trucks,2011,truck,2011,truck,2011,truck,2011,truck,2011,truck
2011,Motorcycle,2/3 Wheeled,motorcycle,2/3 Wheeled,2011,motorcycle,2011,motorcycle,2011,motorcycle,2011,motorcycle,2011,motorcycle
2011,Motorcycle,2/3 Wheeled,motorcycle,2/3 Wheeled,2011,motorcycle,2011,motorcycle,2011,motorcycle,2011,motorcycle,2011,motorcycle
2011,Pedal Cycle,2/3 Wheeled,cycle,2/3 Wheeled,2011,motorcycle,2011,motorcycle,2011,motorcycle,2011,motorcycle,2011,motorcycle
2010,3Wheeled,2/3 Wheeled,motorcycle,2/3 Wheeled,2010,motorcycle,2010,motorcycle,2010,motorcycle,2010,motorcycle,2010,motorcycle
2007,Pedal Cycle,Trucks,cycle,Trucks,2007,truck,2007,truck,2007,truck,2007,truck,2007,truck
2007,3Wheeled,2/3 Wheeled,motorcycle,2/3 Wheeled,2007,motorcycle,2007,motorcycle,2007,motorcycle,2007,motorcycle,2007,motorcycle
2007,Motorcycle,Trucks,motorcycle,Trucks,2007,truck,2007,truck,2007,truck,2007,truck,2007,truck
2007,Motorcycle,Unknown,motorcycle,NA,2007,motorcycle,2007,motorcycle,2007,motorcycle,2007,motorcycle,2007,car
2009,Motorcycle,Car/pick-up/van,motorcycle,Car/pick-up/van,2009,car,2009,car,2009,car,2009,car,2009,car
2009,3Wheeled,2/3 Wheeled,motorcycle,2/3 Wheeled,2009,motorcycle,2009,motorcycle,2009,motorcycle,2009,motorcycle,2009,motorcycle
2008,3Wheeled,2/3 Wheeled,motorcycle,2/3 Wheeled,2008,motorcycle,2008,motorcycle,2008,motorcycle,2008,motorcycle,2008,motorcycle
2008,Motorcycle,Bus,motorcycle,Bus,2008,bus,2008,bus,2008,bus,2008,bus,2008,bus
2008,Motorcycle,Trucks,motorcycle,Trucks,2008,truck,2008,truck,2008,truck,2008,truck,2008,truck
2008,Motorcycle,Bus,motorcycle,Bus,2008,bus,2008,bus,2008,bus,2008,bus,2008,bus
2008,Motorcycle,Trucks,motorcycle,Trucks,2008,truck,2008,truck,2008,truck,2008,truck,2008,truck
2008,Motorcycle,Trucks,motorcycle,Trucks,2008,truck,2008,truck,2008,truck,2008,truck,2008,truck
2008,Motorcycle,Car/pick-up/van,motorcycle,Car/pick-up/van,2008,car,2008,car,2008,car,2008,car,2008,car
2008,Motorcycle,Trucks,motorcycle,Trucks,2008,truck,2008,truck,2008,truck,2008,truck,2008,truck
2008,Motorcycle,Bus,motorcycle,Bus,2008,bus,2008,bus,2008,bus,2008,bus,2008,bus
2008,Motorcycle,2/3 Wheeled,motorcycle,2/3 Wheeled,2008,motorcycle,2008,motorcycle,2008,motorcycle,2008,motorcycle,2008,motorcycle
2008,3Wheeled,2/3 Wheeled,motorcycle,2/3 Wheeled,2008,motorcycle,2008,motorcycle,2008,motorcycle,2008,motorcycle,2008,motorcycle
2008,Pedal Cycle,Car/pick-up/van,cycle,Car/pick-up/van,2008,car,2008,car,2008,car,2008,car,2008,car
2008,Motorcycle,unspecified,motorcycle,NA,2008,motorcycle,2008,car,2008,truck,2008,truck,2008,bus
2008,3Wheeled,2/3 Wheeled,motorcycle,2/3 Wheeled,2008,motorcycle,2008,motorcycle,2008,motorcycle,2008,motorcycle,2008,motorcycle
2008,Motorcycle,Car/pick-up/van,motorcycle,Car/pick-up/van,2008,car,2008,car,2008,car,2008,car,2008,car
2008,Motorcycle,Trucks,motorcycle,Trucks,2008,truck,2008,truck,2008,truck,2008,truck,2008,truck
2009,Motorcycle,2/3 Wheeled,motorcycle,2/3 Wheeled,2009,motorcycle,2009,motorcycle,2009,motorcycle,2009,motorcycle,2009,motorcycle
2009,Motorcycle,Trucks,motorcycle,Trucks,2009,truck,2009,truck,2009,truck,2009,truck,2009,truck
2009,Motorcycle,Trucks,motorcycle,Trucks,2009,truck,2009,truck,2009,truck,2009,truck,2009,truck
2011,Motorcycle,Trucks,motorcycle,Trucks,2011,truck,2011,truck,2011,truck,2011,truck,2011,truck
2010,Motorcycle,Trucks,motorcycle,Trucks,2010,truck,2010,truck,2010,truck,2010,truck,2010,truck
2010,Motorcycle,2/3 Wheeled,motorcycle,2/3 Wheeled,2010,motorcycle,2010,motorcycle,2010,motorcycle,2010,motorcycle,2010,motorcycle
2010,Motorcycle,2/3 Wheeled,motorcycle,2/3 Wheeled,2010,motorcycle,2010,motorcycle,2010,motorcycle,2010,motorcycle,2010,motorcycle
2009,Pedal Cycle,Trucks,cycle,Trucks,2009,truck,2009,truck,2009,truck,2009,truck,2009,truck
2009,Motorcycle,Car/pick-up/van,motorcycle,Car/pick-up/van,2009,car,2009,car,2009,car,2009,car,2009,car
2009,3Wheeled,2/3 Wheeled,motorcycle,2/3 Wheeled,2009,motorcycle,2009,motorcycle,2009,motorcycle,2009,motorcycle,2009,motorcycle
2009,Motorcycle,Trucks,motorcycle,Trucks,2009,truck,2009,truck,2009,truck,2009,truck,2009,truck
2011,Motorcycle,2/3 Wheeled,motorcycle,2/3 Wheeled,2011,motorcycle,2011,motorcycle,2011,motorcycle,2011,motorcycle,2011,motorcycle
2010,Motorcycle,Car/pick-up/van,motorcycle,Car/pick-up/van,2010,car,2010,car,2010,car,2010,car,2010,car
2011,Pedal Cycle,Trucks,cycle,Trucks,2011,truck,2011,truck,2011,truck,2011,truck,2011,truck
2011,Motorcycle,Trucks,motorcycle,Trucks,2011,truck,2011,truck,2011,truck,2011,truck,2011,truck
2011,Motorcycle,Trucks,motorcycle,Trucks,2011,truck,2011,truck,2011,truck,2011,truck,2011,truck
2011,Motorcycle,Trucks,motorcycle,Trucks,2011,truck,2011,truck,2011,truck,2011,truck,2011,truck
2008,Other,unspecified,other,NA,2008,truck,2008,motorcycle,2008,car,2008,truck,2008,truck
2008,Motorcycle,Trucks,motorcycle,Trucks,2008,truck,2008,truck,2008,truck,2008,truck,2008,truck
2008,Motorcycle,Car/pick-up/van,motorcycle,Car/pick-up/van,2008,car,2008,car,2008,car,2008,car,2008,car
2008,Motorcycle,2/3 Wheeled,motorcycle,2/3 Wheeled,2008,motorcycle,2008,motorcycle,2008,motorcycle,2008,motorcycle,2008,motorcycle
2008,Pedal Cycle,Trucks,cycle,Trucks,2008,truck,2008,truck,2008,truck,2008,truck,2008,truck
2008,3Wheeled,Car/pick-up/van,motorcycle,Car/pick-up/van,2008,car,2008,car,2008,car,2008,car,2008,car
2008,Motorcycle,Car/pick-up/van,motorcycle,Car/pick-up/van,2008,car,2008,car,2008,car,2008,car,2008,car
2008,Motorcycle,2/3 Wheeled,motorcycle,2/3 Wheeled,2008,motorcycle,2008,motorcycle,2008,motorcycle,2008,motorcycle,2008,motorcycle
2008,Pedal Cycle,Trucks,cycle,Trucks,2008,truck,2008,truck,2008,truck,2008,truck,2008,truck
2008,Motorcycle,2/3 Wheeled,motorcycle,2/3 Wheeled,2008,motorcycle,2008,motorcycle,2008,motorcycle,2008,motorcycle,2008,motorcycle
2010,Car,Trucks,car,Trucks,2010,truck,2010,truck,2010,truck,2010,truck,2010,truck
2011,Car,Trucks,car,Trucks,2011,truck,2011,truck,2011,truck,2011,truck,2011,truck
2011,3Wheeled,2/3 Wheeled,motorcycle,2/3 Wheeled,2011,motorcycle,2011,motorcycle,2011,motorcycle,2011,motorcycle,2011,motorcycle
2011,Motorcycle,Trucks,motorcycle,Trucks,2011,truck,2011,truck,2011,truck,2011,truck,2011,truck
2011,Motorcycle,Car/pick-up/van,motorcycle,Car/pick-up/van,2011,car,2011,car,2011,car,2011,car,2011,car
2011,Motorcycle,Trucks,motorcycle,Trucks,2011,truck,2011,truck,2011,truck,2011,truck,2011,truck
2011,Motorcycle,2/3 Wheeled,motorcycle,2/3 Wheeled,2011,motorcycle,2011,motorcycle,2011,motorcycle,2011,motorcycle,2011,motorcycle
2011,3Wheeled,Trucks,motorcycle,Trucks,2011,truck,2011,truck,2011,truck,2011,truck,2011,truck
2011,Pedal Cycle,Bus,cycle,Bus,2011,bus,2011,bus,2011,bus,2011,bus,2011,bus
2011,3Wheeled,Car/pick-up/van,motorcycle,Car/pick-up/van,2011,car,2011,car,2011,car,2011,car,2011,car
2011,Motorcycle,2/3 Wheeled,motorcycle,2/3 Wheeled,2011,motorcycle,2011,motorcycle,2011,motorcycle,2011,motorcycle,2011,motorcycle
2011,3Wheeled,2/3 Wheeled,motorcycle,2/3 Wheeled,2011,motorcycle,2011,motorcycle,2011,motorcycle,2011,motorcycle,2011,motorcycle
2009,Motorcycle,Bus,motorcycle,Bus,2009,bus,2009,bus,2009,bus,2009,bus,2009,bus
2009,Pedal Cycle,Trucks,cycle,Trucks,2009,truck,2009,truck,2009,truck,2009,truck,2009,truck
2009,Motorcycle,2/3 Wheeled,motorcycle,2/3 Wheeled,2009,motorcycle,2009,motorcycle,2009,motorcycle,2009,motorcycle,2009,motorcycle
2009,Motorcycle,2/3 Wheeled,motorcycle,2/3 Wheeled,2009,motorcycle,2009,motorcycle,2009,motorcycle,2009,motorcycle,2009,motorcycle
2009,Motorcycle,2/3 Wheeled,motorcycle,2/3 Wheeled,2009,motorcycle,2009,motorcycle,2009,motorcycle,2009,motorcycle,2009,motorcycle
2009,3Wheeled,2/3 Wheeled,motorcycle,2/3 Wheeled,2009,motorcycle,2009,motorcycle,2009,motorcycle,2009,motorcycle,2009,motorcycle
2009,3Wheeled,Trucks,motorcycle,Trucks,2009,truck,2009,truck,2009,truck,2009,truck,2009,truck
2009,Motorcycle,2/3 Wheeled,motorcycle,2/3 Wheeled,2009,motorcycle,2009,motorcycle,2009,motorcycle,2009,motorcycle,2009,motorcycle
2009,Motorcycle,Bus,motorcycle,Bus,2009,bus,2009,bus,2009,bus,2009,bus,2009,bus
2009,Motorcycle,2/3 Wheeled,motorcycle,2/3 Wheeled,2009,motorcycle,2009,motorcycle,2009,motorcycle,2009,motorcycle,2009,motorcycle
2009,Motorcycle,2/3 Wheeled,motorcycle,2/3 Wheeled,2009,motorcycle,2009,motorcycle,2009,motorcycle,2009,motorcycle,2009,motorcycle
2009,Motorcycle,Car/pick-up/van,motorcycle,Car/pick-up/van,2009,car,2009,car,2009,car,2009,car,2009,car
2009,Motorcycle,Car/pick-up/van,motorcycle,Car/pick-up/van,2009,car,2009,car,2009,car,2009,car,2009,car
2009,3Wheeled,Car/pick-up/van,motorcycle,Car/pick-up/van,2009,car,2009,car,2009,car,2009,car,2009,car
2010,Motorcycle,Car/pick-up/van,motorcycle,Car/pick-up/van,2010,car,2010,car,2010,car,2010,car,2010,car
2010,3Wheeled,Trucks,motorcycle,Trucks,2010,truck,2010,truck,2010,truck,2010,truck,2010,truck
2010,3Wheeled,Trucks,motorcycle,Trucks,2010,truck,2010,truck,2010,truck,2010,truck,2010,truck
2010,3Wheeled,Trucks,motorcycle,Trucks,2010,truck,2010,truck,2010,truck,2010,truck,2010,truck
2010,3Wheeled,Trucks,motorcycle,Trucks,2010,truck,2010,truck,2010,truck,2010,truck,2010,truck
2010,3Wheeled,Trucks,motorcycle,Trucks,2010,truck,2010,truck,2010,truck,2010,truck,2010,truck
2010,3Wheeled,Trucks,motorcycle,Trucks,2010,truck,2010,truck,2010,truck,2010,truck,2010,truck
2010,3Wheeled,Trucks,motorcycle,Trucks,2010,truck,2010,truck,2010,truck,2010,truck,2010,truck
2010,Motorcycle,2/3 Wheeled,motorcycle,2/3 Wheeled,2010,motorcycle,2010,motorcycle,2010,motorcycle,2010,motorcycle,2010,motorcycle
2010,Motorcycle,Trucks,motorcycle,Trucks,2010,truck,2010,truck,2010,truck,2010,truck,2010,truck
2010,Car,Car/pick-up/van,car,Car/pick-up/van,2010,car,2010,car,2010,car,2010,car,2010,car
2010,3Wheeled,Car/pick-up/van,motorcycle,Car/pick-up/van,2010,car,2010,car,2010,car,2010,car,2010,car
2010,Motorcycle,Trucks,motorcycle,Trucks,2010,truck,2010,truck,2010,truck,2010,truck,2010,truck
2010,Motorcycle,unspecified,motorcycle,NA,2010,car,2010,motorcycle,2010,car,2010,bus,2010,car
2010,Motorcycle,2/3 Wheeled,motorcycle,2/3 Wheeled,2010,motorcycle,2010,motorcycle,2010,motorcycle,2010,motorcycle,2010,motorcycle
2011,Motorcycle,Trucks,motorcycle,Trucks,2011,truck,2011,truck,2011,truck,2011,truck,2011,truck
2011,Motorcycle,2/3 Wheeled,motorcycle,2/3 Wheeled,2011,motorcycle,2011,motorcycle,2011,motorcycle,2011,motorcycle,2011,motorcycle
2011,Car,Car/pick-up/van,car,Car/pick-up/van,2011,car,2011,car,2011,car,2011,car,2011,car
2011,Motorcycle,Trucks,motorcycle,Trucks,2011,truck,2011,truck,2011,truck,2011,truck,2011,truck
2011,Motorcycle,Trucks,motorcycle,Trucks,2011,truck,2011,truck,2011,truck,2011,truck,2011,truck
2011,Motorcycle,Trucks,motorcycle,Trucks,2011,truck,2011,truck,2011,truck,2011,truck,2011,truck
2011,Heavy transport,Trucks,truck,Trucks,2011,truck,2011,truck,2011,truck,2011,truck,2011,truck
2011,Heavy transport,Trucks,truck,Trucks,2011,truck,2011,truck,2011,truck,2011,truck,2011,truck
2011,Motorcycle,unspecified,motorcycle,NA,2011,truck,2011,car,2011,car,2011,motorcycle,2011,motorcycle
2011,3Wheeled,2/3 Wheeled,motorcycle,2/3 Wheeled,2011,motorcycle,2011,motorcycle,2011,motorcycle,2011,motorcycle,2011,motorcycle
2011,Motorcycle,2/3 Wheeled,motorcycle,2/3 Wheeled,2011,motorcycle,2011,motorcycle,2011,motorcycle,2011,motorcycle,2011,motorcycle
2009,Motorcycle,2/3 Wheeled,motorcycle,2/3 Wheeled,2009,motorcycle,2009,motorcycle,2009,motorcycle,2009,motorcycle,2009,motorcycle
2009,Motorcycle,2/3 Wheeled,motorcycle,2/3 Wheeled,2009,motorcycle,2009,motorcycle,2009,motorcycle,2009,motorcycle,2009,motorcycle
2009,Pedal Cycle,2/3 Wheeled,cycle,2/3 Wheeled,2009,motorcycle,2009,motorcycle,2009,motorcycle,2009,motorcycle,2009,motorcycle
2010,3Wheeled,2/3 Wheeled,motorcycle,2/3 Wheeled,2010,motorcycle,2010,motorcycle,2010,motorcycle,2010,motorcycle,2010,motorcycle
2010,Motorcycle,2/3 Wheeled,motorcycle,2/3 Wheeled,2010,motorcycle,2010,motorcycle,2010,motorcycle,2010,motorcycle,2010,motorcycle
2010,Motorcycle,2/3 Wheeled,motorcycle,2/3 Wheeled,2010,motorcycle,2010,motorcycle,2010,motorcycle,2010,motorcycle,2010,motorcycle
2010,Bus,Bus,bus,Bus,2010,bus,2010,bus,2010,bus,2010,bus,2010,bus
2010,Motorcycle,2/3 Wheeled,motorcycle,2/3 Wheeled,2010,motorcycle,2010,motorcycle,2010,motorcycle,2010,motorcycle,2010,motorcycle
2010,3Wheeled,Trucks,motorcycle,Trucks,2010,truck,2010,truck,2010,truck,2010,truck,2010,truck
2010,3Wheeled,Trucks,motorcycle,Trucks,2010,truck,2010,truck,2010,truck,2010,truck,2010,truck
2010,Pedal Cycle,Bus,cycle,Bus,2010,bus,2010,bus,2010,bus,2010,bus,2010,bus
2011,3Wheeled,2/3 Wheeled,motorcycle,2/3 Wheeled,2011,motorcycle,2011,motorcycle,2011,motorcycle,2011,motorcycle,2011,motorcycle
2011,3Wheeled,2/3 Wheeled,motorcycle,2/3 Wheeled,2011,motorcycle,2011,motorcycle,2011,motorcycle,2011,motorcycle,2011,motorcycle
2007,Motorcycle,Trucks,motorcycle,Trucks,2007,truck,2007,truck,2007,truck,2007,truck,2007,truck
2007,Motorcycle,Trucks,motorcycle,Trucks,2007,truck,2007,truck,2007,truck,2007,truck,2007,truck
2010,Motorcycle,Car/pick-up/van,motorcycle,Car/pick-up/van,2010,car,2010,car,2010,car,2010,car,2010,car
2010,Motorcycle,Trucks,motorcycle,Trucks,2010,truck,2010,truck,2010,truck,2010,truck,2010,truck
2010,Motorcycle,Trucks,motorcycle,Trucks,2010,truck,2010,truck,2010,truck,2010,truck,2010,truck
2010,Motorcycle,Trucks,motorcycle,Trucks,2010,truck,2010,truck,2010,truck,2010,truck,2010,truck
2010,Motorcycle,Trucks,motorcycle,Trucks,2010,truck,2010,truck,2010,truck,2010,truck,2010,truck
2010,Motorcycle,Trucks,motorcycle,Trucks,2010,truck,2010,truck,2010,truck,2010,truck,2010,truck
2011,Motorcycle,2/3 Wheeled,motorcycle,2/3 Wheeled,2011,motorcycle,2011,motorcycle,2011,motorcycle,2011,motorcycle,2011,motorcycle
2011,Motorcycle,2/3 Wheeled,motorcycle,2/3 Wheeled,2011,motorcycle,2011,motorcycle,2011,motorcycle,2011,motorcycle,2011,motorcycle
2011,Motorcycle,Trucks,motorcycle,Trucks,2011,truck,2011,truck,2011,truck,2011,truck,2011,truck
2010,Motorcycle,Trucks,motorcycle,Trucks,2010,truck,2010,truck,2010,truck,2010,truck,2010,truck
2011,Motorcycle,2/3 Wheeled,motorcycle,2/3 Wheeled,2011,motorcycle,2011,motorcycle,2011,motorcycle,2011,motorcycle,2011,motorcycle
2008,Motorcycle,2/3 Wheeled,motorcycle,2/3 Wheeled,2008,motorcycle,2008,motorcycle,2008,motorcycle,2008,motorcycle,2008,motorcycle
2008,Motorcycle,Trucks,motorcycle,Trucks,2008,truck,2008,truck,2008,truck,2008,truck,2008,truck
2008,Motorcycle,Car/pick-up/van,motorcycle,Car/pick-up/van,2008,car,2008,car,2008,car,2008,car,2008,car
2008,Motorcycle,2/3 Wheeled,motorcycle,2/3 Wheeled,2008,motorcycle,2008,motorcycle,2008,motorcycle,2008,motorcycle,2008,motorcycle
2008,Motorcycle,2/3 Wheeled,motorcycle,2/3 Wheeled,2008,motorcycle,2008,motorcycle,2008,motorcycle,2008,motorcycle,2008,motorcycle
2008,Motorcycle,2/3 Wheeled,motorcycle,2/3 Wheeled,2008,motorcycle,2008,motorcycle,2008,motorcycle,2008,motorcycle,2008,motorcycle
2008,Motorcycle,Car/pick-up/van,motorcycle,Car/pick-up/van,2008,car,2008,car,2008,car,2008,car,2008,car
2008,Motorcycle,Car/pick-up/van,motorcycle,Car/pick-up/van,2008,car,2008,car,2008,car,2008,car,2008,car
2009,Motorcycle,2/3 Wheeled,motorcycle,2/3 Wheeled,2009,motorcycle,2009,motorcycle,2009,motorcycle,2009,motorcycle,2009,motorcycle
2009,Bus,Bus,bus,Bus,2009,bus,2009,bus,2009,bus,2009,bus,2009,bus
2009,3Wheeled,2/3 Wheeled,motorcycle,2/3 Wheeled,2009,motorcycle,2009,motorcycle,2009,motorcycle,2009,motorcycle,2009,motorcycle
2009,Motorcycle,2/3 Wheeled,motorcycle,2/3 Wheeled,2009,motorcycle,2009,motorcycle,2009,motorcycle,2009,motorcycle,2009,motorcycle
2009,Motorcycle,2/3 Wheeled,motorcycle,2/3 Wheeled,2009,motorcycle,2009,motorcycle,2009,motorcycle,2009,motorcycle,2009,motorcycle
2009,Motorcycle,2/3 Wheeled,motorcycle,2/3 Wheeled,2009,motorcycle,2009,motorcycle,2009,motorcycle,2009,motorcycle,2009,motorcycle
2009,Motorcycle,2/3 Wheeled,motorcycle,2/3 Wheeled,2009,motorcycle,2009,motorcycle,2009,motorcycle,2009,motorcycle,2009,motorcycle
2009,Bus,Bus,bus,Bus,2009,bus,2009,bus,2009,bus,2009,bus,2009,bus
2009,Motorcycle,Car/pick-up/van,motorcycle,Car/pick-up/van,2009,car,2009,car,2009,car,2009,car,2009,car
2009,Motorcycle,Car/pick-up/van,motorcycle,Car/pick-up/van,2009,car,2009,car,2009,car,2009,car,2009,car
2009,Pedal Cycle,2/3 Wheeled,cycle,2/3 Wheeled,2009,motorcycle,2009,motorcycle,2009,motorcycle,2009,motorcycle,2009,motorcycle
2009,Motorcycle,Trucks,motorcycle,Trucks,2009,truck,2009,truck,2009,truck,2009,truck,2009,truck
2009,Motorcycle,unspecified,motorcycle,NA,2009,motorcycle,2009,truck,2009,truck,2009,motorcycle,2009,truck
2009,Motorcycle,Trucks,motorcycle,Trucks,2009,truck,2009,truck,2009,truck,2009,truck,2009,truck
2010,Motorcycle,2/3 Wheeled,motorcycle,2/3 Wheeled,2010,motorcycle,2010,motorcycle,2010,motorcycle,2010,motorcycle,2010,motorcycle
2010,Motorcycle,2/3 Wheeled,motorcycle,2/3 Wheeled,2010,motorcycle,2010,motorcycle,2010,motorcycle,2010,motorcycle,2010,motorcycle
2010,Motorcycle,2/3 Wheeled,motorcycle,2/3 Wheeled,2010,motorcycle,2010,motorcycle,2010,motorcycle,2010,motorcycle,2010,motorcycle
2010,Motorcycle,unspecified,motorcycle,NA,2010,truck,2010,truck,2010,truck,2010,truck,2010,motorcycle
2011,Motorcycle,Trucks,motorcycle,Trucks,2011,truck,2011,truck,2011,truck,2011,truck,2011,truck
2011,Motorcycle,Trucks,motorcycle,Trucks,2011,truck,2011,truck,2011,truck,2011,truck,2011,truck
2011,Motorcycle,2/3 Wheeled,motorcycle,2/3 Wheeled,2011,motorcycle,2011,motorcycle,2011,motorcycle,2011,motorcycle,2011,motorcycle
2011,Motorcycle,Trucks,motorcycle,Trucks,2011,truck,2011,truck,2011,truck,2011,truck,2011,truck
2008,Heavy transport,Trucks,truck,Trucks,2008,truck,2008,truck,2008,truck,2008,truck,2008,truck
2008,Motorcycle,Trucks,motorcycle,Trucks,2008,truck,2008,truck,2008,truck,2008,truck,2008,truck
2008,Heavy transport,Bus,truck,Bus,2008,bus,2008,bus,2008,bus,2008,bus,2008,bus
2008,Other,unspecified,other,NA,2008,truck,2008,motorcycle,2008,truck,2008,motorcycle,2008,motorcycle
2008,Heavy transport,Trucks,truck,Trucks,2008,truck,2008,truck,2008,truck,2008,truck,2008,truck
2008,Motorcycle,2/3 Wheeled,motorcycle,2/3 Wheeled,2008,motorcycle,2008,motorcycle,2008,motorcycle,2008,motorcycle,2008,motorcycle
2008,Motorcycle,2/3 Wheeled,motorcycle,2/3 Wheeled,2008,motorcycle,2008,motorcycle,2008,motorcycle,2008,motorcycle,2008,motorcycle
2008,Motorcycle,2/3 Wheeled,motorcycle,2/3 Wheeled,2008,motorcycle,2008,motorcycle,2008,motorcycle,2008,motorcycle,2008,motorcycle
2008,Pedal Cycle,Unknown,cycle,NA,2008,motorcycle,2008,motorcycle,2008,car,2008,car,2008,car
2008,Motorcycle,Trucks,motorcycle,Trucks,2008,truck,2008,truck,2008,truck,2008,truck,2008,truck
2008,Motorcycle,2/3 Wheeled,motorcycle,2/3 Wheeled,2008,motorcycle,2008,motorcycle,2008,motorcycle,2008,motorcycle,2008,motorcycle
2008,Motorcycle,Car/pick-up/van,motorcycle,Car/pick-up/van,2008,car,2008,car,2008,car,2008,car,2008,car
2008,Other,unspecified,other,NA,2008,truck,2008,motorcycle,2008,motorcycle,2008,truck,2008,motorcycle
2008,Pedal Cycle,unspecified,cycle,NA,2008,truck,2008,car,2008,motorcycle,2008,truck,2008,truck
2008,Car,Car/pick-up/van,car,Car/pick-up/van,2008,car,2008,car,2008,car,2008,car,2008,car
2011,Motorcycle,2/3 Wheeled,motorcycle,2/3 Wheeled,2011,motorcycle,2011,motorcycle,2011,motorcycle,2011,motorcycle,2011,motorcycle
2011,Motorcycle,2/3 Wheeled,motorcycle,2/3 Wheeled,2011,motorcycle,2011,motorcycle,2011,motorcycle,2011,motorcycle,2011,motorcycle
2011,Car,Trucks,car,Trucks,2011,truck,2011,truck,2011,truck,2011,truck,2011,truck
2011,Motorcycle,Car/pick-up/van,motorcycle,Car/pick-up/van,2011,car,2011,car,2011,car,2011,car,2011,car
2011,Car,Car/pick-up/van,car,Car/pick-up/van,2011,car,2011,car,2011,car,2011,car,2011,car
2011,Car,Car/pick-up/van,car,Car/pick-up/van,2011,car,2011,car,2011,car,2011,car,2011,car
2011,Heavy transport,Trucks,truck,Trucks,2011,truck,2011,truck,2011,truck,2011,truck,2011,truck
2011,Motorcycle,Bus,motorcycle,Bus,2011,bus,2011,bus,2011,bus,2011,bus,2011,bus
2011,Motorcycle,2/3 Wheeled,motorcycle,2/3 Wheeled,2011,motorcycle,2011,motorcycle,2011,motorcycle,2011,motorcycle,2011,motorcycle
2011,Motorcycle,Trucks,motorcycle,Trucks,2011,truck,2011,truck,2011,truck,2011,truck,2011,truck
2011,Heavy transport,Trucks,truck,Trucks,2011,truck,2011,truck,2011,truck,2011,truck,2011,truck
2011,Heavy transport,Trucks,truck,Trucks,2011,truck,2011,truck,2011,truck,2011,truck,2011,truck
2011,Car,Car/pick-up/van,car,Car/pick-up/van,2011,car,2011,car,2011,car,2011,car,2011,car
2011,Car,Car/pick-up/van,car,Car/pick-up/van,2011,car,2011,car,2011,car,2011,car,2011,car
2007,3Wheeled,Car/pick-up/van,motorcycle,Car/pick-up/van,2007,car,2007,car,2007,car,2007,car,2007,car
2007,Motorcycle,2/3 Wheeled,motorcycle,2/3 Wheeled,2007,motorcycle,2007,motorcycle,2007,motorcycle,2007,motorcycle,2007,motorcycle
2007,Heavy transport,Trucks,truck,Trucks,2007,truck,2007,truck,2007,truck,2007,truck,2007,truck
2007,Motorcycle,Unknown,motorcycle,NA,2007,motorcycle,2007,car,2007,motorcycle,2007,car,2007,motorcycle
2007,Motorcycle,2/3 Wheeled,motorcycle,2/3 Wheeled,2007,motorcycle,2007,motorcycle,2007,motorcycle,2007,motorcycle,2007,motorcycle
2007,Motorcycle,2/3 Wheeled,motorcycle,2/3 Wheeled,2007,motorcycle,2007,motorcycle,2007,motorcycle,2007,motorcycle,2007,motorcycle
2007,Motorcycle,Car/pick-up/van,motorcycle,Car/pick-up/van,2007,car,2007,car,2007,car,2007,car,2007,car
2007,Motorcycle,unspecified,motorcycle,NA,2007,truck,2007,car,2007,truck,2007,motorcycle,2007,motorcycle
2007,Motorcycle,unspecified,motorcycle,NA,2007,truck,2007,motorcycle,2007,car,2007,motorcycle,2007,NOV
2007,Heavy transport,Trucks,truck,Trucks,2007,truck,2007,truck,2007,truck,2007,truck,2007,truck
2007,3Wheeled,unspecified,motorcycle,NA,2007,truck,2007,motorcycle,2007,truck,2007,motorcycle,2007,motorcycle
2007,3Wheeled,Car/pick-up/van,motorcycle,Car/pick-up/van,2007,car,2007,car,2007,car,2007,car,2007,car
2007,Motorcycle,Trucks,motorcycle,Trucks,2007,truck,2007,truck,2007,truck,2007,truck,2007,truck
2007,Motorcycle,Trucks,motorcycle,Trucks,2007,truck,2007,truck,2007,truck,2007,truck,2007,truck
2009,Motorcycle,2/3 Wheeled,motorcycle,2/3 Wheeled,2009,motorcycle,2009,motorcycle,2009,motorcycle,2009,motorcycle,2009,motorcycle
2009,3Wheeled,2/3 Wheeled,motorcycle,2/3 Wheeled,2009,motorcycle,2009,motorcycle,2009,motorcycle,2009,motorcycle,2009,motorcycle
2009,Motorcycle,Trucks,motorcycle,Trucks,2009,truck,2009,truck,2009,truck,2009,truck,2009,truck
2009,Motorcycle,Car/pick-up/van,motorcycle,Car/pick-up/van,2009,car,2009,car,2009,car,2009,car,2009,car
2009,Motorcycle,2/3 Wheeled,motorcycle,2/3 Wheeled,2009,motorcycle,2009,motorcycle,2009,motorcycle,2009,motorcycle,2009,motorcycle
2009,Car,Car/pick-up/van,car,Car/pick-up/van,2009,car,2009,car,2009,car,2009,car,2009,car
2009,Motorcycle,2/3 Wheeled,motorcycle,2/3 Wheeled,2009,motorcycle,2009,motorcycle,2009,motorcycle,2009,motorcycle,2009,motorcycle
2009,Car,Car/pick-up/van,car,Car/pick-up/van,2009,car,2009,car,2009,car,2009,car,2009,car
2009,Heavy transport,Trucks,truck,Trucks,2009,truck,2009,truck,2009,truck,2009,truck,2009,truck
2009,Car,Trucks,car,Trucks,2009,truck,2009,truck,2009,truck,2009,truck,2009,truck
2009,3Wheeled,2/3 Wheeled,motorcycle,2/3 Wheeled,2009,motorcycle,2009,motorcycle,2009,motorcycle,2009,motorcycle,2009,motorcycle
2009,Heavy transport,Trucks,truck,Trucks,2009,truck,2009,truck,2009,truck,2009,truck,2009,truck
2009,Pedal Cycle,Car/pick-up/van,cycle,Car/pick-up/van,2009,car,2009,car,2009,car,2009,car,2009,car
2009,3Wheeled,2/3 Wheeled,motorcycle,2/3 Wheeled,2009,motorcycle,2009,motorcycle,2009,motorcycle,2009,motorcycle,2009,motorcycle
2009,Pedal Cycle,2/3 Wheeled,cycle,2/3 Wheeled,2009,motorcycle,2009,motorcycle,2009,motorcycle,2009,motorcycle,2009,motorcycle
2009,Motorcycle,Bus,motorcycle,Bus,2009,bus,2009,bus,2009,bus,2009,bus,2009,bus
2009,Pedal Cycle,Trucks,cycle,Trucks,2009,truck,2009,truck,2009,truck,2009,truck,2009,truck
2011,3Wheeled,2/3 Wheeled,motorcycle,2/3 Wheeled,2011,motorcycle,2011,motorcycle,2011,motorcycle,2011,motorcycle,2011,motorcycle
2007,Car,Car/pick-up/van,car,Car/pick-up/van,2007,car,2007,car,2007,car,2007,car,2007,car
2007,Motorcycle,2/3 Wheeled,motorcycle,2/3 Wheeled,2007,motorcycle,2007,motorcycle,2007,motorcycle,2007,motorcycle,2007,motorcycle
2010,3Wheeled,2/3 Wheeled,motorcycle,2/3 Wheeled,2010,motorcycle,2010,motorcycle,2010,motorcycle,2010,motorcycle,2010,motorcycle
2010,3Wheeled,Trucks,motorcycle,Trucks,2010,truck,2010,truck,2010,truck,2010,truck,2010,truck
2007,Other,unspecified,other,NA,2007,truck,2007,truck,2007,motorcycle,2007,motorcycle,2007,truck
2007,Other,unspecified,other,NA,2007,motorcycle,2007,motorcycle,2007,truck,2007,motorcycle,2007,truck
2007,Motorcycle,Trucks,motorcycle,Trucks,2007,truck,2007,truck,2007,truck,2007,truck,2007,truck
2007,3Wheeled,Bus,motorcycle,Bus,2007,bus,2007,bus,2007,bus,2007,bus,2007,bus
2007,3Wheeled,Bus,motorcycle,Bus,2007,bus,2007,bus,2007,bus,2007,bus,2007,bus
2007,3Wheeled,Trucks,motorcycle,Trucks,2007,truck,2007,truck,2007,truck,2007,truck,2007,truck
2007,Heavy transport,Trucks,truck,Trucks,2007,truck,2007,truck,2007,truck,2007,truck,2007,truck
2007,Motorcycle,Car/pick-up/van,motorcycle,Car/pick-up/van,2007,car,2007,car,2007,car,2007,car,2007,car
2009,Motorcycle,2/3 Wheeled,motorcycle,2/3 Wheeled,2009,motorcycle,2009,motorcycle,2009,motorcycle,2009,motorcycle,2009,motorcycle
2010,Motorcycle,2/3 Wheeled,motorcycle,2/3 Wheeled,2010,motorcycle,2010,motorcycle,2010,motorcycle,2010,motorcycle,2010,motorcycle
2010,Motorcycle,2/3 Wheeled,motorcycle,2/3 Wheeled,2010,motorcycle,2010,motorcycle,2010,motorcycle,2010,motorcycle,2010,motorcycle
2010,Motorcycle,2/3 Wheeled,motorcycle,2/3 Wheeled,2010,motorcycle,2010,motorcycle,2010,motorcycle,2010,motorcycle,2010,motorcycle
2010,3Wheeled,Trucks,motorcycle,Trucks,2010,truck,2010,truck,2010,truck,2010,truck,2010,truck
2010,Pedal Cycle,2/3 Wheeled,cycle,2/3 Wheeled,2010,motorcycle,2010,motorcycle,2010,motorcycle,2010,motorcycle,2010,motorcycle
2010,Pedal Cycle,Bus,cycle,Bus,2010,bus,2010,bus,2010,bus,2010,bus,2010,bus
2010,3Wheeled,Trucks,motorcycle,Trucks,2010,truck,2010,truck,2010,truck,2010,truck,2010,truck
2011,Motorcycle,2/3 Wheeled,motorcycle,2/3 Wheeled,2011,motorcycle,2011,motorcycle,2011,motorcycle,2011,motorcycle,2011,motorcycle
2011,Motorcycle,Trucks,motorcycle,Trucks,2011,truck,2011,truck,2011,truck,2011,truck,2011,truck
2011,Motorcycle,2/3 Wheeled,motorcycle,2/3 Wheeled,2011,motorcycle,2011,motorcycle,2011,motorcycle,2011,motorcycle,2011,motorcycle
2011,Motorcycle,2/3 Wheeled,motorcycle,2/3 Wheeled,2011,motorcycle,2011,motorcycle,2011,motorcycle,2011,motorcycle,2011,motorcycle
2011,Motorcycle,2/3 Wheeled,motorcycle,2/3 Wheeled,2011,motorcycle,2011,motorcycle,2011,motorcycle,2011,motorcycle,2011,motorcycle
2010,Car,Car/pick-up/van,car,Car/pick-up/van,2010,car,2010,car,2010,car,2010,car,2010,car
2010,Motorcycle,Unknown,motorcycle,NA,2010,bus,2010,truck,2010,truck,2010,truck,2010,truck
2010,3Wheeled,unspecified,motorcycle,NA,2010,motorcycle,2010,motorcycle,2010,truck,2010,truck,2010,motorcycle
2010,Motorcycle,2/3 Wheeled,motorcycle,2/3 Wheeled,2010,motorcycle,2010,motorcycle,2010,motorcycle,2010,motorcycle,2010,motorcycle
2010,Motorcycle,2/3 Wheeled,motorcycle,2/3 Wheeled,2010,motorcycle,2010,motorcycle,2010,motorcycle,2010,motorcycle,2010,motorcycle
2010,Bus,Bus,bus,Bus,2010,bus,2010,bus,2010,bus,2010,bus,2010,bus
2010,Motorcycle,2/3 Wheeled,motorcycle,2/3 Wheeled,2010,motorcycle,2010,motorcycle,2010,motorcycle,2010,motorcycle,2010,motorcycle
2010,3Wheeled,2/3 Wheeled,motorcycle,2/3 Wheeled,2010,motorcycle,2010,motorcycle,2010,motorcycle,2010,motorcycle,2010,motorcycle
2010,Motorcycle,2/3 Wheeled,motorcycle,2/3 Wheeled,2010,motorcycle,2010,motorcycle,2010,motorcycle,2010,motorcycle,2010,motorcycle
2010,Motorcycle,Bus,motorcycle,Bus,2010,bus,2010,bus,2010,bus,2010,bus,2010,bus
2010,Motorcycle,Bus,motorcycle,Bus,2010,bus,2010,bus,2010,bus,2010,bus,2010,bus
2010,Motorcycle,2/3 Wheeled,motorcycle,2/3 Wheeled,2010,motorcycle,2010,motorcycle,2010,motorcycle,2010,motorcycle,2010,motorcycle
2010,Motorcycle,Trucks,motorcycle,Trucks,2010,truck,2010,truck,2010,truck,2010,truck,2010,truck
2010,Motorcycle,2/3 Wheeled,motorcycle,2/3 Wheeled,2010,motorcycle,2010,motorcycle,2010,motorcycle,2010,motorcycle,2010,motorcycle
2010,Motorcycle,2/3 Wheeled,motorcycle,2/3 Wheeled,2010,motorcycle,2010,motorcycle,2010,motorcycle,2010,motorcycle,2010,motorcycle
2010,3Wheeled,Trucks,motorcycle,Trucks,2010,truck,2010,truck,2010,truck,2010,truck,2010,truck
2010,Car,Car/pick-up/van,car,Car/pick-up/van,2010,car,2010,car,2010,car,2010,car,2010,car
2010,Motorcycle,Trucks,motorcycle,Trucks,2010,truck,2010,truck,2010,truck,2010,truck,2010,truck
2010,Heavy transport,Trucks,truck,Trucks,2010,truck,2010,truck,2010,truck,2010,truck,2010,truck
2010,Motorcycle,2/3 Wheeled,motorcycle,2/3 Wheeled,2010,motorcycle,2010,motorcycle,2010,motorcycle,2010,motorcycle,2010,motorcycle
2010,Motorcycle,Car/pick-up/van,motorcycle,Car/pick-up/van,2010,car,2010,car,2010,car,2010,car,2010,car
2010,3Wheeled,Trucks,motorcycle,Trucks,2010,truck,2010,truck,2010,truck,2010,truck,2010,truck
2010,3Wheeled,Trucks,motorcycle,Trucks,2010,truck,2010,truck,2010,truck,2010,truck,2010,truck
2009,Motorcycle,Car/pick-up/van,motorcycle,Car/pick-up/van,2009,car,2009,car,2009,car,2009,car,2009,car
2009,Motorcycle,Trucks,motorcycle,Trucks,2009,truck,2009,truck,2009,truck,2009,truck,2009,truck
2009,Heavy transport,Trucks,truck,Trucks,2009,truck,2009,truck,2009,truck,2009,truck,2009,truck
2009,Pick-up truck/van,Car/pick-up/van,car,Car/pick-up/van,2009,car,2009,car,2009,car,2009,car,2009,car
2009,Heavy transport,Trucks,truck,Trucks,2009,truck,2009,truck,2009,truck,2009,truck,2009,truck
2009,Pedal Cycle,Trucks,cycle,Trucks,2009,truck,2009,truck,2009,truck,2009,truck,2009,truck
2009,3Wheeled,2/3 Wheeled,motorcycle,2/3 Wheeled,2009,motorcycle,2009,motorcycle,2009,motorcycle,2009,motorcycle,2009,motorcycle
2009,3Wheeled,Trucks,motorcycle,Trucks,2009,truck,2009,truck,2009,truck,2009,truck,2009,truck
2009,Motorcycle,Trucks,motorcycle,Trucks,2009,truck,2009,truck,2009,truck,2009,truck,2009,truck
2009,Motorcycle,Trucks,motorcycle,Trucks,2009,truck,2009,truck,2009,truck,2009,truck,2009,truck
2009,Bus,Bus,bus,Bus,2009,bus,2009,bus,2009,bus,2009,bus,2009,bus
2009,Motorcycle,Trucks,motorcycle,Trucks,2009,truck,2009,truck,2009,truck,2009,truck,2009,truck
2009,Motorcycle,Trucks,motorcycle,Trucks,2009,truck,2009,truck,2009,truck,2009,truck,2009,truck
2009,Motorcycle,Car/pick-up/van,motorcycle,Car/pick-up/van,2009,car,2009,car,2009,car,2009,car,2009,car
2009,Motorcycle,Trucks,motorcycle,Trucks,2009,truck,2009,truck,2009,truck,2009,truck,2009,truck
2009,Motorcycle,Bus,motorcycle,Bus,2009,bus,2009,bus,2009,bus,2009,bus,2009,bus
2009,Motorcycle,Car/pick-up/van,motorcycle,Car/pick-up/van,2009,car,2009,car,2009,car,2009,car,2009,car
2009,Motorcycle,Trucks,motorcycle,Trucks,2009,truck,2009,truck,2009,truck,2009,truck,2009,truck
2008,Heavy transport,Trucks,truck,Trucks,2008,truck,2008,truck,2008,truck,2008,truck,2008,truck
2007,Heavy transport,Trucks,truck,Trucks,2007,truck,2007,truck,2007,truck,2007,truck,2007,truck
2011,Motorcycle,Car/pick-up/van,motorcycle,Car/pick-up/van,2011,car,2011,car,2011,car,2011,car,2011,car
2007,Bus,Bus,bus,Bus,2007,bus,2007,bus,2007,bus,2007,bus,2007,bus
2010,3Wheeled,Trucks,motorcycle,Trucks,2010,truck,2010,truck,2010,truck,2010,truck,2010,truck
2007,Pedal Cycle,Trucks,cycle,Trucks,2007,truck,2007,truck,2007,truck,2007,truck,2007,truck
2008,Motorcycle,Trucks,motorcycle,Trucks,2008,truck,2008,truck,2008,truck,2008,truck,2008,truck
2008,Motorcycle,2/3 Wheeled,motorcycle,2/3 Wheeled,2008,motorcycle,2008,motorcycle,2008,motorcycle,2008,motorcycle,2008,motorcycle
2008,Motorcycle,Trucks,motorcycle,Trucks,2008,truck,2008,truck,2008,truck,2008,truck,2008,truck
2008,Motorcycle,Car/pick-up/van,motorcycle,Car/pick-up/van,2008,car,2008,car,2008,car,2008,car,2008,car
2008,Motorcycle,Trucks,motorcycle,Trucks,2008,truck,2008,truck,2008,truck,2008,truck,2008,truck
2008,Motorcycle,Trucks,motorcycle,Trucks,2008,truck,2008,truck,2008,truck,2008,truck,2008,truck
2008,Pedal Cycle,Car/pick-up/van,cycle,Car/pick-up/van,2008,car,2008,car,2008,car,2008,car,2008,car
2008,Motorcycle,Bus,motorcycle,Bus,2008,bus,2008,bus,2008,bus,2008,bus,2008,bus
2007,3Wheeled,2/3 Wheeled,motorcycle,2/3 Wheeled,2007,motorcycle,2007,motorcycle,2007,motorcycle,2007,motorcycle,2007,motorcycle
2007,Motorcycle,Trucks,motorcycle,Trucks,2007,truck,2007,truck,2007,truck,2007,truck,2007,truck
2008,Motorcycle,Bus,motorcycle,Bus,2008,bus,2008,bus,2008,bus,2008,bus,2008,bus
2008,Motorcycle,Trucks,motorcycle,Trucks,2008,truck,2008,truck,2008,truck,2008,truck,2008,truck
2007,Pedal Cycle,2/3 Wheeled,cycle,2/3 Wheeled,2007,motorcycle,2007,motorcycle,2007,motorcycle,2007,motorcycle,2007,motorcycle
2007,Motorcycle,Car/pick-up/van,motorcycle,Car/pick-up/van,2007,car,2007,car,2007,car,2007,car,2007,car
2007,Motorcycle,Car/pick-up/van,motorcycle,Car/pick-up/van,2007,car,2007,car,2007,car,2007,car,2007,car
2007,Motorcycle,Trucks,motorcycle,Trucks,2007,truck,2007,truck,2007,truck,2007,truck,2007,truck
2007,Pedal Cycle,Trucks,cycle,Trucks,2007,truck,2007,truck,2007,truck,2007,truck,2007,truck
2007,Motorcycle,2/3 Wheeled,motorcycle,2/3 Wheeled,2007,motorcycle,2007,motorcycle,2007,motorcycle,2007,motorcycle,2007,motorcycle
2008,Motorcycle,Trucks,motorcycle,Trucks,2008,truck,2008,truck,2008,truck,2008,truck,2008,truck
2008,Heavy transport,Trucks,truck,Trucks,2008,truck,2008,truck,2008,truck,2008,truck,2008,truck
2008,Heavy transport,Trucks,truck,Trucks,2008,truck,2008,truck,2008,truck,2008,truck,2008,truck
2008,Car,Trucks,car,Trucks,2008,truck,2008,truck,2008,truck,2008,truck,2008,truck
2008,Car,Trucks,car,Trucks,2008,truck,2008,truck,2008,truck,2008,truck,2008,truck
2008,Motorcycle,2/3 Wheeled,motorcycle,2/3 Wheeled,2008,motorcycle,2008,motorcycle,2008,motorcycle,2008,motorcycle,2008,motorcycle
2010,Motorcycle,Trucks,motorcycle,Trucks,2010,truck,2010,truck,2010,truck,2010,truck,2010,truck
2010,Heavy transport,unspecified,truck,NA,2010,bus,2010,truck,2010,bus,2010,truck,2010,truck
2008,Motorcycle,Bus,motorcycle,Bus,2008,bus,2008,bus,2008,bus,2008,bus,2008,bus
2009,Pedestrian,Bus,pedestrian,Bus,2009,bus,2009,bus,2009,bus,2009,bus,2009,bus
2009,Pedestrian,Trucks,pedestrian,Trucks,2009,truck,2009,truck,2009,truck,2009,truck,2009,truck
2009,Pedestrian,2/3 Wheeled,pedestrian,2/3 Wheeled,2009,motorcycle,2009,motorcycle,2009,motorcycle,2009,motorcycle,2009,motorcycle
2009,Pedestrian,2/3 Wheeled,pedestrian,2/3 Wheeled,2009,motorcycle,2009,motorcycle,2009,motorcycle,2009,motorcycle,2009,motorcycle
2010,Pedestrian,Trucks,pedestrian,Trucks,2010,truck,2010,truck,2010,truck,2010,truck,2010,truck
2010,Pedestrian,2/3 Wheeled,pedestrian,2/3 Wheeled,2010,motorcycle,2010,motorcycle,2010,motorcycle,2010,motorcycle,2010,motorcycle
2010,Pedestrian,2/3 Wheeled,pedestrian,2/3 Wheeled,2010,motorcycle,2010,motorcycle,2010,motorcycle,2010,motorcycle,2010,motorcycle
2010,Pedestrian,Trucks,pedestrian,Trucks,2010,truck,2010,truck,2010,truck,2010,truck,2010,truck
2010,Pedestrian,Trucks,pedestrian,Trucks,2010,truck,2010,truck,2010,truck,2010,truck,2010,truck
2010,Pedestrian,Trucks,pedestrian,Trucks,2010,truck,2010,truck,2010,truck,2010,truck,2010,truck
2010,Pedestrian,Trucks,pedestrian,Trucks,2010,truck,2010,truck,2010,truck,2010,truck,2010,truck
2010,Pedestrian,Trucks,pedestrian,Trucks,2010,truck,2010,truck,2010,truck,2010,truck,2010,truck
2009,Pedestrian,2/3 Wheeled,pedestrian,2/3 Wheeled,2009,motorcycle,2009,motorcycle,2009,motorcycle,2009,motorcycle,2009,motorcycle
2009,Pedestrian,Trucks,pedestrian,Trucks,2009,truck,2009,truck,2009,truck,2009,truck,2009,truck
2009,Pedestrian,Trucks,pedestrian,Trucks,2009,truck,2009,truck,2009,truck,2009,truck,2009,truck
2009,Pedestrian,unspecified,pedestrian,NA,2009,motorcycle,2009,truck,2009,motorcycle,2009,truck,2009,bus
2010,Pedestrian,Trucks,pedestrian,Trucks,2010,truck,2010,truck,2010,truck,2010,truck,2010,truck
2010,Pedestrian,Car/pick-up/van,pedestrian,Car/pick-up/van,2010,car,2010,car,2010,car,2010,car,2010,car
2011,Pedestrian,Bus,pedestrian,Bus,2011,bus,2011,bus,2011,bus,2011,bus,2011,bus
2011,Pedestrian,Car/pick-up/van,pedestrian,Car/pick-up/van,2011,car,2011,car,2011,car,2011,car,2011,car
2011,Pedestrian,unspecified,pedestrian,NA,2011,truck,2011,bus,2011,motorcycle,2011,bus,2011,truck
2011,Pedestrian,Trucks,pedestrian,Trucks,2011,truck,2011,truck,2011,truck,2011,truck,2011,truck
2011,Pedestrian,Trucks,pedestrian,Trucks,2011,truck,2011,truck,2011,truck,2011,truck,2011,truck
2007,Pedestrian,unspecified,pedestrian,NA,2007,car,2007,motorcycle,2007,truck,2007,bus,2007,motorcycle
2007,Pedestrian,2/3 Wheeled,pedestrian,2/3 Wheeled,2007,motorcycle,2007,motorcycle,2007,motorcycle,2007,motorcycle,2007,motorcycle
2007,Pedestrian,2/3 Wheeled,pedestrian,2/3 Wheeled,2007,motorcycle,2007,motorcycle,2007,motorcycle,2007,motorcycle,2007,motorcycle
2007,Pedestrian,Bus,pedestrian,Bus,2007,bus,2007,bus,2007,bus,2007,bus,2007,bus
2007,Pedestrian,2/3 Wheeled,pedestrian,2/3 Wheeled,2007,motorcycle,2007,motorcycle,2007,motorcycle,2007,motorcycle,2007,motorcycle
2007,Pedestrian,Bus,pedestrian,Bus,2007,bus,2007,bus,2007,bus,2007,bus,2007,bus
2007,Pedestrian,Car/pick-up/van,pedestrian,Car/pick-up/van,2007,car,2007,car,2007,car,2007,car,2007,car
2007,Pedestrian,unspecified,pedestrian,NA,2007,truck,2007,car,2007,motorcycle,2007,truck,2007,motorcycle
2007,Pedestrian,2/3 Wheeled,pedestrian,2/3 Wheeled,2007,motorcycle,2007,motorcycle,2007,motorcycle,2007,motorcycle,2007,motorcycle
2007,Pedestrian,Trucks,pedestrian,Trucks,2007,truck,2007,truck,2007,truck,2007,truck,2007,truck
2007,Pedestrian,2/3 Wheeled,pedestrian,2/3 Wheeled,2007,motorcycle,2007,motorcycle,2007,motorcycle,2007,motorcycle,2007,motorcycle
2007,Pedestrian,2/3 Wheeled,pedestrian,2/3 Wheeled,2007,motorcycle,2007,motorcycle,2007,motorcycle,2007,motorcycle,2007,motorcycle
2007,Pedestrian,2/3 Wheeled,pedestrian,2/3 Wheeled,2007,motorcycle,2007,motorcycle,2007,motorcycle,2007,motorcycle,2007,motorcycle
2007,Pedestrian,unspecified,pedestrian,NA,2007,bus,2007,motorcycle,2007,motorcycle,2007,truck,2007,motorcycle
2007,Pedestrian,Car/pick-up/van,pedestrian,Car/pick-up/van,2007,car,2007,car,2007,car,2007,car,2007,car
2007,Pedestrian,Car/pick-up/van,pedestrian,Car/pick-up/van,2007,car,2007,car,2007,car,2007,car,2007,car
2007,Pedestrian,Car/pick-up/van,pedestrian,Car/pick-up/van,2007,car,2007,car,2007,car,2007,car,2007,car
2007,Pedestrian,unspecified,pedestrian,NA,2007,motorcycle,2007,car,2007,car,2007,bus,2007,truck
2007,Pedestrian,Car/pick-up/van,pedestrian,Car/pick-up/van,2007,car,2007,car,2007,car,2007,car,2007,car
2007,Pedestrian,2/3 Wheeled,pedestrian,2/3 Wheeled,2007,motorcycle,2007,motorcycle,2007,motorcycle,2007,motorcycle,2007,motorcycle
2011,Pedestrian,unspecified,pedestrian,NA,2011,car,2011,truck,2011,car,2011,truck,2011,truck
2011,Pedestrian,unspecified,pedestrian,NA,2011,motorcycle,2011,motorcycle,2011,truck,2011,motorcycle,2011,truck
2011,Pedestrian,Car/pick-up/van,pedestrian,Car/pick-up/van,2011,car,2011,car,2011,car,2011,car,2011,car
2011,Pedestrian,2/3 Wheeled,pedestrian,2/3 Wheeled,2011,motorcycle,2011,motorcycle,2011,motorcycle,2011,motorcycle,2011,motorcycle
2011,Pedestrian,unspecified,pedestrian,NA,2011,motorcycle,2011,truck,2011,car,2011,motorcycle,2011,motorcycle
2011,Pedestrian,unspecified,pedestrian,NA,2011,car,2011,truck,2011,truck,2011,motorcycle,2011,car
2011,Pedestrian,unspecified,pedestrian,NA,2011,truck,2011,car,2011,truck,2011,bus,2011,motorcycle
2011,Pedestrian,2/3 Wheeled,pedestrian,2/3 Wheeled,2011,motorcycle,2011,motorcycle,2011,motorcycle,2011,motorcycle,2011,motorcycle
2011,Pedestrian,Trucks,pedestrian,Trucks,2011,truck,2011,truck,2011,truck,2011,truck,2011,truck
2011,Pedestrian,2/3 Wheeled,pedestrian,2/3 Wheeled,2011,motorcycle,2011,motorcycle,2011,motorcycle,2011,motorcycle,2011,motorcycle
2011,Pedestrian,Trucks,pedestrian,Trucks,2011,truck,2011,truck,2011,truck,2011,truck,2011,truck
2011,Pedestrian,Bus,pedestrian,Bus,2011,bus,2011,bus,2011,bus,2011,bus,2011,bus
2008,Pedestrian,unspecified,pedestrian,NA,2008,truck,2008,truck,2008,motorcycle,2008,car,2008,car
2008,Pedestrian,unspecified,pedestrian,NA,2008,truck,2008,truck,2008,truck,2008,car,2008,car
2008,Pedestrian,Car/pick-up/van,pedestrian,Car/pick-up/van,2008,car,2008,car,2008,car,2008,car,2008,car
2011,Pedestrian,Bus,pedestrian,Bus,2011,bus,2011,bus,2011,bus,2011,bus,2011,bus
2011,Pedestrian,Trucks,pedestrian,Trucks,2011,truck,2011,truck,2011,truck,2011,truck,2011,truck
2011,Pedestrian,Bus,pedestrian,Bus,2011,bus,2011,bus,2011,bus,2011,bus,2011,bus
2011,Pedestrian,2/3 Wheeled,pedestrian,2/3 Wheeled,2011,motorcycle,2011,motorcycle,2011,motorcycle,2011,motorcycle,2011,motorcycle
2011,Pedestrian,2/3 Wheeled,pedestrian,2/3 Wheeled,2011,motorcycle,2011,motorcycle,2011,motorcycle,2011,motorcycle,2011,motorcycle
2011,Pedestrian,Trucks,pedestrian,Trucks,2011,truck,2011,truck,2011,truck,2011,truck,2011,truck
2011,Pedestrian,Bus,pedestrian,Bus,2011,bus,2011,bus,2011,bus,2011,bus,2011,bus
2011,Pedestrian,Bus,pedestrian,Bus,2011,bus,2011,bus,2011,bus,2011,bus,2011,bus
2011,Pedestrian,Car/pick-up/van,pedestrian,Car/pick-up/van,2011,car,2011,car,2011,car,2011,car,2011,car
2011,Pedestrian,Trucks,pedestrian,Trucks,2011,truck,2011,truck,2011,truck,2011,truck,2011,truck
2008,Pedestrian,Car/pick-up/van,pedestrian,Car/pick-up/van,2008,car,2008,car,2008,car,2008,car,2008,car
2008,Pedestrian,Bus,pedestrian,Bus,2008,bus,2008,bus,2008,bus,2008,bus,2008,bus
2008,Pedestrian,2/3 Wheeled,pedestrian,2/3 Wheeled,2008,motorcycle,2008,motorcycle,2008,motorcycle,2008,motorcycle,2008,motorcycle
2008,Pedestrian,2/3 Wheeled,pedestrian,2/3 Wheeled,2008,motorcycle,2008,motorcycle,2008,motorcycle,2008,motorcycle,2008,motorcycle
2008,Pedestrian,Trucks,pedestrian,Trucks,2008,truck,2008,truck,2008,truck,2008,truck,2008,truck
2008,Pedestrian,2/3 Wheeled,pedestrian,2/3 Wheeled,2008,motorcycle,2008,motorcycle,2008,motorcycle,2008,motorcycle,2008,motorcycle
2008,Pedestrian,unspecified,pedestrian,NA,2008,truck,2008,motorcycle,2008,truck,2008,car,2008,motorcycle
2008,Pedestrian,Car/pick-up/van,pedestrian,Car/pick-up/van,2008,car,2008,car,2008,car,2008,car,2008,car
2007,Pedestrian,Trucks,pedestrian,Trucks,2007,truck,2007,truck,2007,truck,2007,truck,2007,truck
2007,Pedestrian,Bus,pedestrian,Bus,2007,bus,2007,bus,2007,bus,2007,bus,2007,bus
2007,Pedestrian,unspecified,pedestrian,NA,2007,car,2007,car,2007,motorcycle,2007,truck,2007,motorcycle
2007,Pedestrian,Bus,pedestrian,Bus,2007,bus,2007,bus,2007,bus,2007,bus,2007,bus
2007,Pedestrian,Bus,pedestrian,Bus,2007,bus,2007,bus,2007,bus,2007,bus,2007,bus
2007,Pedestrian,Car/pick-up/van,pedestrian,Car/pick-up/van,2007,car,2007,car,2007,car,2007,car,2007,car
2007,Pedestrian,2/3 Wheeled,pedestrian,2/3 Wheeled,2007,motorcycle,2007,motorcycle,2007,motorcycle,2007,motorcycle,2007,motorcycle
2007,Pedestrian,non-motor vehicle,pedestrian,non-motor vehicle,2007,NOV,2007,NOV,2007,NOV,2007,NOV,2007,NOV
2007,Pedestrian,2/3 Wheeled,pedestrian,2/3 Wheeled,2007,motorcycle,2007,motorcycle,2007,motorcycle,2007,motorcycle,2007,motorcycle
2007,Pedestrian,2/3 Wheeled,pedestrian,2/3 Wheeled,2007,motorcycle,2007,motorcycle,2007,motorcycle,2007,motorcycle,2007,motorcycle
2007,Pedestrian,Car/pick-up/van,pedestrian,Car/pick-up/van,2007,car,2007,car,2007,car,2007,car,2007,car
2007,Pedestrian,Car/pick-up/van,pedestrian,Car/pick-up/van,2007,car,2007,car,2007,car,2007,car,2007,car
2007,Pedestrian,Car/pick-up/van,pedestrian,Car/pick-up/van,2007,car,2007,car,2007,car,2007,car,2007,car
2007,Pedestrian,2/3 Wheeled,pedestrian,2/3 Wheeled,2007,motorcycle,2007,motorcycle,2007,motorcycle,2007,motorcycle,2007,motorcycle
2007,Pedestrian,2/3 Wheeled,pedestrian,2/3 Wheeled,2007,motorcycle,2007,motorcycle,2007,motorcycle,2007,motorcycle,2007,motorcycle
2007,Pedestrian,2/3 Wheeled,pedestrian,2/3 Wheeled,2007,motorcycle,2007,motorcycle,2007,motorcycle,2007,motorcycle,2007,motorcycle
2007,Pedestrian,2/3 Wheeled,pedestrian,2/3 Wheeled,2007,motorcycle,2007,motorcycle,2007,motorcycle,2007,motorcycle,2007,motorcycle
2007,Pedestrian,2/3 Wheeled,pedestrian,2/3 Wheeled,2007,motorcycle,2007,motorcycle,2007,motorcycle,2007,motorcycle,2007,motorcycle
2007,Pedestrian,2/3 Wheeled,pedestrian,2/3 Wheeled,2007,motorcycle,2007,motorcycle,2007,motorcycle,2007,motorcycle,2007,motorcycle
2007,Pedestrian,Bus,pedestrian,Bus,2007,bus,2007,bus,2007,bus,2007,bus,2007,bus
2007,Pedestrian,2/3 Wheeled,pedestrian,2/3 Wheeled,2007,motorcycle,2007,motorcycle,2007,motorcycle,2007,motorcycle,2007,motorcycle
2011,Pedestrian,2/3 Wheeled,pedestrian,2/3 Wheeled,2011,motorcycle,2011,motorcycle,2011,motorcycle,2011,motorcycle,2011,motorcycle
2011,Pedestrian,Trucks,pedestrian,Trucks,2011,truck,2011,truck,2011,truck,2011,truck,2011,truck
2011,Pedestrian,Bus,pedestrian,Bus,2011,bus,2011,bus,2011,bus,2011,bus,2011,bus
2011,Pedestrian,2/3 Wheeled,pedestrian,2/3 Wheeled,2011,motorcycle,2011,motorcycle,2011,motorcycle,2011,motorcycle,2011,motorcycle
2011,Pedestrian,2/3 Wheeled,pedestrian,2/3 Wheeled,2011,motorcycle,2011,motorcycle,2011,motorcycle,2011,motorcycle,2011,motorcycle
2007,Pedestrian,Car/pick-up/van,pedestrian,Car/pick-up/van,2007,car,2007,car,2007,car,2007,car,2007,car
2007,Pedestrian,2/3 Wheeled,pedestrian,2/3 Wheeled,2007,motorcycle,2007,motorcycle,2007,motorcycle,2007,motorcycle,2007,motorcycle
2007,Pedestrian,Bus,pedestrian,Bus,2007,bus,2007,bus,2007,bus,2007,bus,2007,bus
2007,Pedestrian,Car/pick-up/van,pedestrian,Car/pick-up/van,2007,car,2007,car,2007,car,2007,car,2007,car
2011,Pedestrian,unspecified,pedestrian,NA,2011,motorcycle,2011,bus,2011,bus,2011,motorcycle,2011,motorcycle
2007,Pedestrian,Bus,pedestrian,Bus,2007,bus,2007,bus,2007,bus,2007,bus,2007,bus
2008,Pedestrian,2/3 Wheeled,pedestrian,2/3 Wheeled,2008,motorcycle,2008,motorcycle,2008,motorcycle,2008,motorcycle,2008,motorcycle
2008,Pedestrian,2/3 Wheeled,pedestrian,2/3 Wheeled,2008,motorcycle,2008,motorcycle,2008,motorcycle,2008,motorcycle,2008,motorcycle
2007,Pedestrian,Bus,pedestrian,Bus,2007,bus,2007,bus,2007,bus,2007,bus,2007,bus
2007,Pedestrian,2/3 Wheeled,pedestrian,2/3 Wheeled,2007,motorcycle,2007,motorcycle,2007,motorcycle,2007,motorcycle,2007,motorcycle
2007,Pedestrian,Bus,pedestrian,Bus,2007,bus,2007,bus,2007,bus,2007,bus,2007,bus
2007,Pedestrian,2/3 Wheeled,pedestrian,2/3 Wheeled,2007,motorcycle,2007,motorcycle,2007,motorcycle,2007,motorcycle,2007,motorcycle
2007,Pedestrian,2/3 Wheeled,pedestrian,2/3 Wheeled,2007,motorcycle,2007,motorcycle,2007,motorcycle,2007,motorcycle,2007,motorcycle
2007,Pedestrian,2/3 Wheeled,pedestrian,2/3 Wheeled,2007,motorcycle,2007,motorcycle,2007,motorcycle,2007,motorcycle,2007,motorcycle
2007,Pedestrian,Car/pick-up/van,pedestrian,Car/pick-up/van,2007,car,2007,car,2007,car,2007,car,2007,car
2007,Pedestrian,Car/pick-up/van,pedestrian,Car/pick-up/van,2007,car,2007,car,2007,car,2007,car,2007,car
2007,Pedestrian,unspecified,pedestrian,NA,2007,bus,2007,motorcycle,2007,car,2007,motorcycle,2007,truck
2007,Pedestrian,unspecified,pedestrian,NA,2007,bus,2007,motorcycle,2007,motorcycle,2007,truck,2007,truck
2007,Pedestrian,2/3 Wheeled,pedestrian,2/3 Wheeled,2007,motorcycle,2007,motorcycle,2007,motorcycle,2007,motorcycle,2007,motorcycle
2007,Pedestrian,2/3 Wheeled,pedestrian,2/3 Wheeled,2007,motorcycle,2007,motorcycle,2007,motorcycle,2007,motorcycle,2007,motorcycle
2007,Pedestrian,2/3 Wheeled,pedestrian,2/3 Wheeled,2007,motorcycle,2007,motorcycle,2007,motorcycle,2007,motorcycle,2007,motorcycle
2007,Pedestrian,2/3 Wheeled,pedestrian,2/3 Wheeled,2007,motorcycle,2007,motorcycle,2007,motorcycle,2007,motorcycle,2007,motorcycle
2007,Pedestrian,Bus,pedestrian,Bus,2007,bus,2007,bus,2007,bus,2007,bus,2007,bus
2007,Pedestrian,2/3 Wheeled,pedestrian,2/3 Wheeled,2007,motorcycle,2007,motorcycle,2007,motorcycle,2007,motorcycle,2007,motorcycle
2011,Pedestrian,2/3 Wheeled,pedestrian,2/3 Wheeled,2011,motorcycle,2011,motorcycle,2011,motorcycle,2011,motorcycle,2011,motorcycle
2011,Pedestrian,2/3 Wheeled,pedestrian,2/3 Wheeled,2011,motorcycle,2011,motorcycle,2011,motorcycle,2011,motorcycle,2011,motorcycle
2011,Pedestrian,Car/pick-up/van,pedestrian,Car/pick-up/van,2011,car,2011,car,2011,car,2011,car,2011,car
2011,Pedestrian,Trucks,pedestrian,Trucks,2011,truck,2011,truck,2011,truck,2011,truck,2011,truck
2011,Pedestrian,2/3 Wheeled,pedestrian,2/3 Wheeled,2011,motorcycle,2011,motorcycle,2011,motorcycle,2011,motorcycle,2011,motorcycle
2011,Pedestrian,Car/pick-up/van,pedestrian,Car/pick-up/van,2011,car,2011,car,2011,car,2011,car,2011,car
2011,Pedestrian,2/3 Wheeled,pedestrian,2/3 Wheeled,2011,motorcycle,2011,motorcycle,2011,motorcycle,2011,motorcycle,2011,motorcycle
2011,Pedestrian,Car/pick-up/van,pedestrian,Car/pick-up/van,2011,car,2011,car,2011,car,2011,car,2011,car
2010,Pedestrian,Trucks,pedestrian,Trucks,2010,truck,2010,truck,2010,truck,2010,truck,2010,truck
2010,Pedestrian,2/3 Wheeled,pedestrian,2/3 Wheeled,2010,motorcycle,2010,motorcycle,2010,motorcycle,2010,motorcycle,2010,motorcycle
2010,Pedestrian,Trucks,pedestrian,Trucks,2010,truck,2010,truck,2010,truck,2010,truck,2010,truck
2010,Pedestrian,Bus,pedestrian,Bus,2010,bus,2010,bus,2010,bus,2010,bus,2010,bus
2010,Pedestrian,Trucks,pedestrian,Trucks,2010,truck,2010,truck,2010,truck,2010,truck,2010,truck
2010,Pedestrian,Trucks,pedestrian,Trucks,2010,truck,2010,truck,2010,truck,2010,truck,2010,truck
2010,Pedestrian,Car/pick-up/van,pedestrian,Car/pick-up/van,2010,car,2010,car,2010,car,2010,car,2010,car
2010,Pedestrian,2/3 Wheeled,pedestrian,2/3 Wheeled,2010,motorcycle,2010,motorcycle,2010,motorcycle,2010,motorcycle,2010,motorcycle
2010,Pedestrian,2/3 Wheeled,pedestrian,2/3 Wheeled,2010,motorcycle,2010,motorcycle,2010,motorcycle,2010,motorcycle,2010,motorcycle
2010,Pedestrian,Car/pick-up/van,pedestrian,Car/pick-up/van,2010,car,2010,car,2010,car,2010,car,2010,car
2009,Pedestrian,Car/pick-up/van,pedestrian,Car/pick-up/van,2009,car,2009,car,2009,car,2009,car,2009,car
2009,Pedestrian,Trucks,pedestrian,Trucks,2009,truck,2009,truck,2009,truck,2009,truck,2009,truck
2009,Pedestrian,Trucks,pedestrian,Trucks,2009,truck,2009,truck,2009,truck,2009,truck,2009,truck
2009,Pedestrian,unspecified,pedestrian,NA,2009,motorcycle,2009,motorcycle,2009,motorcycle,2009,car,2009,motorcycle
2009,Pedestrian,Trucks,pedestrian,Trucks,2009,truck,2009,truck,2009,truck,2009,truck,2009,truck
2009,Pedestrian,2/3 Wheeled,pedestrian,2/3 Wheeled,2009,motorcycle,2009,motorcycle,2009,motorcycle,2009,motorcycle,2009,motorcycle
2009,Pedestrian,2/3 Wheeled,pedestrian,2/3 Wheeled,2009,motorcycle,2009,motorcycle,2009,motorcycle,2009,motorcycle,2009,motorcycle
2009,Pedestrian,2/3 Wheeled,pedestrian,2/3 Wheeled,2009,motorcycle,2009,motorcycle,2009,motorcycle,2009,motorcycle,2009,motorcycle
2009,Pedestrian,Trucks,pedestrian,Trucks,2009,truck,2009,truck,2009,truck,2009,truck,2009,truck
2008,Pedestrian,2/3 Wheeled,pedestrian,2/3 Wheeled,2008,motorcycle,2008,motorcycle,2008,motorcycle,2008,motorcycle,2008,motorcycle
2008,Pedestrian,Car/pick-up/van,pedestrian,Car/pick-up/van,2008,car,2008,car,2008,car,2008,car,2008,car
2008,Pedestrian,Bus,pedestrian,Bus,2008,bus,2008,bus,2008,bus,2008,bus,2008,bus
2008,Pedestrian,Car/pick-up/van,pedestrian,Car/pick-up/van,2008,car,2008,car,2008,car,2008,car,2008,car
2008,Pedestrian,2/3 Wheeled,pedestrian,2/3 Wheeled,2008,motorcycle,2008,motorcycle,2008,motorcycle,2008,motorcycle,2008,motorcycle
2008,Pedestrian,Bus,pedestrian,Bus,2008,bus,2008,bus,2008,bus,2008,bus,2008,bus
2008,Pedestrian,Trucks,pedestrian,Trucks,2008,truck,2008,truck,2008,truck,2008,truck,2008,truck
2008,Pedestrian,Trucks,pedestrian,Trucks,2008,truck,2008,truck,2008,truck,2008,truck,2008,truck
2007,Pedestrian,Car/pick-up/van,pedestrian,Car/pick-up/van,2007,car,2007,car,2007,car,2007,car,2007,car
2010,Pedestrian,2/3 Wheeled,pedestrian,2/3 Wheeled,2010,motorcycle,2010,motorcycle,2010,motorcycle,2010,motorcycle,2010,motorcycle
2010,Pedestrian,Trucks,pedestrian,Trucks,2010,truck,2010,truck,2010,truck,2010,truck,2010,truck
2010,Pedestrian,Trucks,pedestrian,Trucks,2010,truck,2010,truck,2010,truck,2010,truck,2010,truck
2010,Pedestrian,2/3 Wheeled,pedestrian,2/3 Wheeled,2010,motorcycle,2010,motorcycle,2010,motorcycle,2010,motorcycle,2010,motorcycle
2007,Pedestrian,2/3 Wheeled,pedestrian,2/3 Wheeled,2007,motorcycle,2007,motorcycle,2007,motorcycle,2007,motorcycle,2007,motorcycle
2007,Pedestrian,Car/pick-up/van,pedestrian,Car/pick-up/van,2007,car,2007,car,2007,car,2007,car,2007,car
2007,Pedestrian,Trucks,pedestrian,Trucks,2007,truck,2007,truck,2007,truck,2007,truck,2007,truck
2007,Pedestrian,2/3 Wheeled,pedestrian,2/3 Wheeled,2007,motorcycle,2007,motorcycle,2007,motorcycle,2007,motorcycle,2007,motorcycle
2007,Pedestrian,Car/pick-up/van,pedestrian,Car/pick-up/van,2007,car,2007,car,2007,car,2007,car,2007,car
2008,Pedestrian,Trucks,pedestrian,Trucks,2008,truck,2008,truck,2008,truck,2008,truck,2008,truck
2009,Pedestrian,Trucks,pedestrian,Trucks,2009,truck,2009,truck,2009,truck,2009,truck,2009,truck
2011,Pedestrian,2/3 Wheeled,pedestrian,2/3 Wheeled,2011,motorcycle,2011,motorcycle,2011,motorcycle,2011,motorcycle,2011,motorcycle
2009,Pedestrian,Trucks,pedestrian,Trucks,2009,truck,2009,truck,2009,truck,2009,truck,2009,truck
2009,Pedestrian,Trucks,pedestrian,Trucks,2009,truck,2009,truck,2009,truck,2009,truck,2009,truck
2009,Pedestrian,Trucks,pedestrian,Trucks,2009,truck,2009,truck,2009,truck,2009,truck,2009,truck
2010,Pedestrian,Car/pick-up/van,pedestrian,Car/pick-up/van,2010,car,2010,car,2010,car,2010,car,2010,car
2010,Pedestrian,Car/pick-up/van,pedestrian,Car/pick-up/van,2010,car,2010,car,2010,car,2010,car,2010,car
2010,Pedestrian,2/3 Wheeled,pedestrian,2/3 Wheeled,2010,motorcycle,2010,motorcycle,2010,motorcycle,2010,motorcycle,2010,motorcycle
2010,Pedestrian,2/3 Wheeled,pedestrian,2/3 Wheeled,2010,motorcycle,2010,motorcycle,2010,motorcycle,2010,motorcycle,2010,motorcycle
2010,Pedestrian,Car/pick-up/van,pedestrian,Car/pick-up/van,2010,car,2010,car,2010,car,2010,car,2010,car
2008,Pedestrian,2/3 Wheeled,pedestrian,2/3 Wheeled,2008,motorcycle,2008,motorcycle,2008,motorcycle,2008,motorcycle,2008,motorcycle
2008,Pedestrian,2/3 Wheeled,pedestrian,2/3 Wheeled,2008,motorcycle,2008,motorcycle,2008,motorcycle,2008,motorcycle,2008,motorcycle
2008,Pedestrian,Bus,pedestrian,Bus,2008,bus,2008,bus,2008,bus,2008,bus,2008,bus
2008,Pedestrian,2/3 Wheeled,pedestrian,2/3 Wheeled,2008,motorcycle,2008,motorcycle,2008,motorcycle,2008,motorcycle,2008,motorcycle
2008,Pedestrian,Car/pick-up/van,pedestrian,Car/pick-up/van,2008,car,2008,car,2008,car,2008,car,2008,car
2007,Pedestrian,Car/pick-up/van,pedestrian,Car/pick-up/van,2007,car,2007,car,2007,car,2007,car,2007,car
2007,Pedestrian,Bus,pedestrian,Bus,2007,bus,2007,bus,2007,bus,2007,bus,2007,bus
2007,Pedestrian,Trucks,pedestrian,Trucks,2007,truck,2007,truck,2007,truck,2007,truck,2007,truck
2007,Pedestrian,2/3 Wheeled,pedestrian,2/3 Wheeled,2007,motorcycle,2007,motorcycle,2007,motorcycle,2007,motorcycle,2007,motorcycle
2007,Pedestrian,Bus,pedestrian,Bus,2007,bus,2007,bus,2007,bus,2007,bus,2007,bus
2010,Pedestrian,Bus,pedestrian,Bus,2010,bus,2010,bus,2010,bus,2010,bus,2010,bus
NA,Pedestrian,2/3 Wheeled,pedestrian,2/3 Wheeled,2009,motorcycle,2007,motorcycle,2011,motorcycle,2011,motorcycle,2008,motorcycle
2010,Pedestrian,2/3 Wheeled,pedestrian,2/3 Wheeled,2010,motorcycle,2010,motorcycle,2010,motorcycle,2010,motorcycle,2010,motorcycle
2010,Pedestrian,Trucks,pedestrian,Trucks,2010,truck,2010,truck,2010,truck,2010,truck,2010,truck
2010,Pedestrian,Bus,pedestrian,Bus,2010,bus,2010,bus,2010,bus,2010,bus,2010,bus
2010,Pedestrian,Trucks,pedestrian,Trucks,2010,truck,2010,truck,2010,truck,2010,truck,2010,truck
2010,Pedestrian,Trucks,pedestrian,Trucks,2010,truck,2010,truck,2010,truck,2010,truck,2010,truck
2009,Pedestrian,2/3 Wheeled,pedestrian,2/3 Wheeled,2009,motorcycle,2009,motorcycle,2009,motorcycle,2009,motorcycle,2009,motorcycle
2009,Pedestrian,Bus,pedestrian,Bus,2009,bus,2009,bus,2009,bus,2009,bus,2009,bus
2010,Pedestrian,2/3 Wheeled,pedestrian,2/3 Wheeled,2010,motorcycle,2010,motorcycle,2010,motorcycle,2010,motorcycle,2010,motorcycle
2011,Pedestrian,2/3 Wheeled,pedestrian,2/3 Wheeled,2011,motorcycle,2011,motorcycle,2011,motorcycle,2011,motorcycle,2011,motorcycle
2011,Pedestrian,Car/pick-up/van,pedestrian,Car/pick-up/van,2011,car,2011,car,2011,car,2011,car,2011,car
2011,Pedestrian,2/3 Wheeled,pedestrian,2/3 Wheeled,2011,motorcycle,2011,motorcycle,2011,motorcycle,2011,motorcycle,2011,motorcycle
2008,Pedestrian,2/3 Wheeled,pedestrian,2/3 Wheeled,2008,motorcycle,2008,motorcycle,2008,motorcycle,2008,motorcycle,2008,motorcycle
2007,Pedestrian,2/3 Wheeled,pedestrian,2/3 Wheeled,2007,motorcycle,2007,motorcycle,2007,motorcycle,2007,motorcycle,2007,motorcycle
2007,Pedestrian,2/3 Wheeled,pedestrian,2/3 Wheeled,2007,motorcycle,2007,motorcycle,2007,motorcycle,2007,motorcycle,2007,motorcycle
2007,Pedestrian,Bus,pedestrian,Bus,2007,bus,2007,bus,2007,bus,2007,bus,2007,bus
2008,Pedestrian,2/3 Wheeled,pedestrian,2/3 Wheeled,2008,motorcycle,2008,motorcycle,2008,motorcycle,2008,motorcycle,2008,motorcycle
2008,Pedestrian,2/3 Wheeled,pedestrian,2/3 Wheeled,2008,motorcycle,2008,motorcycle,2008,motorcycle,2008,motorcycle,2008,motorcycle
2008,Pedestrian,2/3 Wheeled,pedestrian,2/3 Wheeled,2008,motorcycle,2008,motorcycle,2008,motorcycle,2008,motorcycle,2008,motorcycle
2008,Pedestrian,2/3 Wheeled,pedestrian,2/3 Wheeled,2008,motorcycle,2008,motorcycle,2008,motorcycle,2008,motorcycle,2008,motorcycle
2007,Pedestrian,2/3 Wheeled,pedestrian,2/3 Wheeled,2007,motorcycle,2007,motorcycle,2007,motorcycle,2007,motorcycle,2007,motorcycle
2007,Pedestrian,Trucks,pedestrian,Trucks,2007,truck,2007,truck,2007,truck,2007,truck,2007,truck
2007,Pedestrian,Trucks,pedestrian,Trucks,2007,truck,2007,truck,2007,truck,2007,truck,2007,truck
2007,Pedestrian,Trucks,pedestrian,Trucks,2007,truck,2007,truck,2007,truck,2007,truck,2007,truck
2007,Pedestrian,Bus,pedestrian,Bus,2007,bus,2007,bus,2007,bus,2007,bus,2007,bus
2007,Pedestrian,Trucks,pedestrian,Trucks,2007,truck,2007,truck,2007,truck,2007,truck,2007,truck
2008,Pedestrian,2/3 Wheeled,pedestrian,2/3 Wheeled,2008,motorcycle,2008,motorcycle,2008,motorcycle,2008,motorcycle,2008,motorcycle
2008,Pedestrian,Trucks,pedestrian,Trucks,2008,truck,2008,truck,2008,truck,2008,truck,2008,truck
2008,Pedestrian,2/3 Wheeled,pedestrian,2/3 Wheeled,2008,motorcycle,2008,motorcycle,2008,motorcycle,2008,motorcycle,2008,motorcycle
2011,Pedestrian,2/3 Wheeled,pedestrian,2/3 Wheeled,2011,motorcycle,2011,motorcycle,2011,motorcycle,2011,motorcycle,2011,motorcycle
2011,Pedestrian,2/3 Wheeled,pedestrian,2/3 Wheeled,2011,motorcycle,2011,motorcycle,2011,motorcycle,2011,motorcycle,2011,motorcycle
2011,Pedestrian,Trucks,pedestrian,Trucks,2011,truck,2011,truck,2011,truck,2011,truck,2011,truck
2011,Pedestrian,2/3 Wheeled,pedestrian,2/3 Wheeled,2011,motorcycle,2011,motorcycle,2011,motorcycle,2011,motorcycle,2011,motorcycle
2011,Pedestrian,Trucks,pedestrian,Trucks,2011,truck,2011,truck,2011,truck,2011,truck,2011,truck
2011,Pedestrian,Trucks,pedestrian,Trucks,2011,truck,2011,truck,2011,truck,2011,truck,2011,truck
2008,Pedestrian,Trucks,pedestrian,Trucks,2008,truck,2008,truck,2008,truck,2008,truck,2008,truck
2008,Pedestrian,unspecified,pedestrian,NA,2008,car,2008,truck,2008,truck,2008,bus,2008,motorcycle
2008,Pedestrian,Trucks,pedestrian,Trucks,2008,truck,2008,truck,2008,truck,2008,truck,2008,truck
2008,Pedestrian,Trucks,pedestrian,Trucks,2008,truck,2008,truck,2008,truck,2008,truck,2008,truck
2008,Pedestrian,Trucks,pedestrian,Trucks,2008,truck,2008,truck,2008,truck,2008,truck,2008,truck
2008,Pedestrian,Trucks,pedestrian,Trucks,2008,truck,2008,truck,2008,truck,2008,truck,2008,truck
2009,Pedestrian,Trucks,pedestrian,Trucks,2009,truck,2009,truck,2009,truck,2009,truck,2009,truck
2009,Pedestrian,2/3 Wheeled,pedestrian,2/3 Wheeled,2009,motorcycle,2009,motorcycle,2009,motorcycle,2009,motorcycle,2009,motorcycle
2010,Pedestrian,Bus,pedestrian,Bus,2010,bus,2010,bus,2010,bus,2010,bus,2010,bus
2010,Pedestrian,Trucks,pedestrian,Trucks,2010,truck,2010,truck,2010,truck,2010,truck,2010,truck
2010,Pedestrian,Trucks,pedestrian,Trucks,2010,truck,2010,truck,2010,truck,2010,truck,2010,truck
2010,Pedestrian,2/3 Wheeled,pedestrian,2/3 Wheeled,2010,motorcycle,2010,motorcycle,2010,motorcycle,2010,motorcycle,2010,motorcycle
2010,Pedestrian,2/3 Wheeled,pedestrian,2/3 Wheeled,2010,motorcycle,2010,motorcycle,2010,motorcycle,2010,motorcycle,2010,motorcycle
2010,Pedestrian,Bus,pedestrian,Bus,2010,bus,2010,bus,2010,bus,2010,bus,2010,bus
2011,Pedestrian,Trucks,pedestrian,Trucks,2011,truck,2011,truck,2011,truck,2011,truck,2011,truck
2010,Pedestrian,unspecified,pedestrian,NA,2010,motorcycle,2010,truck,2010,motorcycle,2010,motorcycle,2010,motorcycle
2010,Pedestrian,Trucks,pedestrian,Trucks,2010,truck,2010,truck,2010,truck,2010,truck,2010,truck
2008,Pedestrian,unspecified,pedestrian,NA,2008,truck,2008,truck,2008,bus,2008,car,2008,truck
2008,Pedestrian,2/3 Wheeled,pedestrian,2/3 Wheeled,2008,motorcycle,2008,motorcycle,2008,motorcycle,2008,motorcycle,2008,motorcycle
2008,Pedestrian,unspecified,pedestrian,NA,2008,bus,2008,car,2008,motorcycle,2008,motorcycle,2008,motorcycle
2007,Pedestrian,unspecified,pedestrian,NA,2007,bus,2007,truck,2007,motorcycle,2007,motorcycle,2007,bus
2007,Pedestrian,Trucks,pedestrian,Trucks,2007,truck,2007,truck,2007,truck,2007,truck,2007,truck
2007,Pedestrian,Trucks,pedestrian,Trucks,2007,truck,2007,truck,2007,truck,2007,truck,2007,truck
2009,Pedestrian,2/3 Wheeled,pedestrian,2/3 Wheeled,2009,motorcycle,2009,motorcycle,2009,motorcycle,2009,motorcycle,2009,motorcycle
2011,Pedestrian,Car/pick-up/van,pedestrian,Car/pick-up/van,2011,car,2011,car,2011,car,2011,car,2011,car
2009,Pedestrian,2/3 Wheeled,pedestrian,2/3 Wheeled,2009,motorcycle,2009,motorcycle,2009,motorcycle,2009,motorcycle,2009,motorcycle
2009,Pedestrian,Car/pick-up/van,pedestrian,Car/pick-up/van,2009,car,2009,car,2009,car,2009,car,2009,car
2009,Pedestrian,Bus,pedestrian,Bus,2009,bus,2009,bus,2009,bus,2009,bus,2009,bus
2009,Pedestrian,unspecified,pedestrian,NA,2009,car,2009,bus,2009,bus,2009,car,2009,motorcycle
2009,Pedestrian,2/3 Wheeled,pedestrian,2/3 Wheeled,2009,motorcycle,2009,motorcycle,2009,motorcycle,2009,motorcycle,2009,motorcycle
2009,Pedestrian,Trucks,pedestrian,Trucks,2009,truck,2009,truck,2009,truck,2009,truck,2009,truck
2009,Pedestrian,2/3 Wheeled,pedestrian,2/3 Wheeled,2009,motorcycle,2009,motorcycle,2009,motorcycle,2009,motorcycle,2009,motorcycle
2009,Pedestrian,2/3 Wheeled,pedestrian,2/3 Wheeled,2009,motorcycle,2009,motorcycle,2009,motorcycle,2009,motorcycle,2009,motorcycle
2009,Pedestrian,Car/pick-up/van,pedestrian,Car/pick-up/van,2009,car,2009,car,2009,car,2009,car,2009,car
2009,Pedestrian,unspecified,pedestrian,NA,2009,car,2009,bus,2009,motorcycle,2009,bus,2009,motorcycle
2008,Pedestrian,2/3 Wheeled,pedestrian,2/3 Wheeled,2008,motorcycle,2008,motorcycle,2008,motorcycle,2008,motorcycle,2008,motorcycle
2008,Pedestrian,Car/pick-up/van,pedestrian,Car/pick-up/van,2008,car,2008,car,2008,car,2008,car,2008,car
2008,Pedestrian,2/3 Wheeled,pedestrian,2/3 Wheeled,2008,motorcycle,2008,motorcycle,2008,motorcycle,2008,motorcycle,2008,motorcycle
2008,Pedestrian,Trucks,pedestrian,Trucks,2008,truck,2008,truck,2008,truck,2008,truck,2008,truck
2008,Pedestrian,Car/pick-up/van,pedestrian,Car/pick-up/van,2008,car,2008,car,2008,car,2008,car,2008,car
2008,Pedestrian,unspecified,pedestrian,NA,2008,bus,2008,motorcycle,2008,motorcycle,2008,car,2008,truck
2008,Pedestrian,2/3 Wheeled,pedestrian,2/3 Wheeled,2008,motorcycle,2008,motorcycle,2008,motorcycle,2008,motorcycle,2008,motorcycle
2009,Pedestrian,2/3 Wheeled,pedestrian,2/3 Wheeled,2009,motorcycle,2009,motorcycle,2009,motorcycle,2009,motorcycle,2009,motorcycle
2009,Pedestrian,2/3 Wheeled,pedestrian,2/3 Wheeled,2009,motorcycle,2009,motorcycle,2009,motorcycle,2009,motorcycle,2009,motorcycle
2009,Pedestrian,2/3 Wheeled,pedestrian,2/3 Wheeled,2009,motorcycle,2009,motorcycle,2009,motorcycle,2009,motorcycle,2009,motorcycle
2009,Pedestrian,2/3 Wheeled,pedestrian,2/3 Wheeled,2009,motorcycle,2009,motorcycle,2009,motorcycle,2009,motorcycle,2009,motorcycle
2009,Pedestrian,2/3 Wheeled,pedestrian,2/3 Wheeled,2009,motorcycle,2009,motorcycle,2009,motorcycle,2009,motorcycle,2009,motorcycle
2009,Pedestrian,Trucks,pedestrian,Trucks,2009,truck,2009,truck,2009,truck,2009,truck,2009,truck
2009,Pedestrian,2/3 Wheeled,pedestrian,2/3 Wheeled,2009,motorcycle,2009,motorcycle,2009,motorcycle,2009,motorcycle,2009,motorcycle
2009,Pedestrian,2/3 Wheeled,pedestrian,2/3 Wheeled,2009,motorcycle,2009,motorcycle,2009,motorcycle,2009,motorcycle,2009,motorcycle
2009,Pedestrian,2/3 Wheeled,pedestrian,2/3 Wheeled,2009,motorcycle,2009,motorcycle,2009,motorcycle,2009,motorcycle,2009,motorcycle
2009,Pedestrian,2/3 Wheeled,pedestrian,2/3 Wheeled,2009,motorcycle,2009,motorcycle,2009,motorcycle,2009,motorcycle,2009,motorcycle
2009,Pedestrian,unspecified,pedestrian,NA,2009,truck,2009,motorcycle,2009,motorcycle,2009,car,2009,car
2010,Pedestrian,2/3 Wheeled,pedestrian,2/3 Wheeled,2010,motorcycle,2010,motorcycle,2010,motorcycle,2010,motorcycle,2010,motorcycle
2010,Pedestrian,Bus,pedestrian,Bus,2010,bus,2010,bus,2010,bus,2010,bus,2010,bus
2010,Pedestrian,Trucks,pedestrian,Trucks,2010,truck,2010,truck,2010,truck,2010,truck,2010,truck
2010,Pedestrian,Car/pick-up/van,pedestrian,Car/pick-up/van,2010,car,2010,car,2010,car,2010,car,2010,car
2010,Pedestrian,Trucks,pedestrian,Trucks,2010,truck,2010,truck,2010,truck,2010,truck,2010,truck
2010,Pedestrian,2/3 Wheeled,pedestrian,2/3 Wheeled,2010,motorcycle,2010,motorcycle,2010,motorcycle,2010,motorcycle,2010,motorcycle
2010,Pedestrian,Trucks,pedestrian,Trucks,2010,truck,2010,truck,2010,truck,2010,truck,2010,truck
2011,Pedestrian,Bus,pedestrian,Bus,2011,bus,2011,bus,2011,bus,2011,bus,2011,bus
2011,Pedestrian,Car/pick-up/van,pedestrian,Car/pick-up/van,2011,car,2011,car,2011,car,2011,car,2011,car
2011,Pedestrian,2/3 Wheeled,pedestrian,2/3 Wheeled,2011,motorcycle,2011,motorcycle,2011,motorcycle,2011,motorcycle,2011,motorcycle
2010,Pedestrian,Trucks,pedestrian,Trucks,2010,truck,2010,truck,2010,truck,2010,truck,2010,truck
2010,Pedestrian,Trucks,pedestrian,Trucks,2010,truck,2010,truck,2010,truck,2010,truck,2010,truck
2009,Pedestrian,Car/pick-up/van,pedestrian,Car/pick-up/van,2009,car,2009,car,2009,car,2009,car,2009,car
2009,Pedestrian,Car/pick-up/van,pedestrian,Car/pick-up/van,2009,car,2009,car,2009,car,2009,car,2009,car
2009,Pedestrian,Car/pick-up/van,pedestrian,Car/pick-up/van,2009,car,2009,car,2009,car,2009,car,2009,car
2009,Pedestrian,Car/pick-up/van,pedestrian,Car/pick-up/van,2009,car,2009,car,2009,car,2009,car,2009,car
2009,Pedestrian,Car/pick-up/van,pedestrian,Car/pick-up/van,2009,car,2009,car,2009,car,2009,car,2009,car
2009,Pedestrian,2/3 Wheeled,pedestrian,2/3 Wheeled,2009,motorcycle,2009,motorcycle,2009,motorcycle,2009,motorcycle,2009,motorcycle
2009,Pedestrian,Bus,pedestrian,Bus,2009,bus,2009,bus,2009,bus,2009,bus,2009,bus
2009,Pedestrian,Trucks,pedestrian,Trucks,2009,truck,2009,truck,2009,truck,2009,truck,2009,truck
2009,Pedestrian,2/3 Wheeled,pedestrian,2/3 Wheeled,2009,motorcycle,2009,motorcycle,2009,motorcycle,2009,motorcycle,2009,motorcycle
2009,Pedestrian,Trucks,pedestrian,Trucks,2009,truck,2009,truck,2009,truck,2009,truck,2009,truck
2010,Pedestrian,unspecified,pedestrian,NA,2010,truck,2010,truck,2010,motorcycle,2010,motorcycle,2010,motorcycle
2010,Pedestrian,Car/pick-up/van,pedestrian,Car/pick-up/van,2010,car,2010,car,2010,car,2010,car,2010,car
2010,Pedestrian,Trucks,pedestrian,Trucks,2010,truck,2010,truck,2010,truck,2010,truck,2010,truck
2010,Pedestrian,2/3 Wheeled,pedestrian,2/3 Wheeled,2010,motorcycle,2010,motorcycle,2010,motorcycle,2010,motorcycle,2010,motorcycle
2011,Pedestrian,Trucks,pedestrian,Trucks,2011,truck,2011,truck,2011,truck,2011,truck,2011,truck
2011,Pedestrian,Trucks,pedestrian,Trucks,2011,truck,2011,truck,2011,truck,2011,truck,2011,truck
2009,Pedestrian,2/3 Wheeled,pedestrian,2/3 Wheeled,2009,motorcycle,2009,motorcycle,2009,motorcycle,2009,motorcycle,2009,motorcycle
2011,Pedestrian,Car/pick-up/van,pedestrian,Car/pick-up/van,2011,car,2011,car,2011,car,2011,car,2011,car
2009,Pedestrian,Car/pick-up/van,pedestrian,Car/pick-up/van,2009,car,2009,car,2009,car,2009,car,2009,car
2010,Pedestrian,unspecified,pedestrian,NA,2010,truck,2010,bus,2010,motorcycle,2010,bus,2010,motorcycle
2011,Pedestrian,2/3 Wheeled,pedestrian,2/3 Wheeled,2011,motorcycle,2011,motorcycle,2011,motorcycle,2011,motorcycle,2011,motorcycle
2011,Pedestrian,Bus,pedestrian,Bus,2011,bus,2011,bus,2011,bus,2011,bus,2011,bus
2007,Pedestrian,Car/pick-up/van,pedestrian,Car/pick-up/van,2007,car,2007,car,2007,car,2007,car,2007,car
2008,Pedestrian,2/3 Wheeled,pedestrian,2/3 Wheeled,2008,motorcycle,2008,motorcycle,2008,motorcycle,2008,motorcycle,2008,motorcycle
2008,Pedestrian,Car/pick-up/van,pedestrian,Car/pick-up/van,2008,car,2008,car,2008,car,2008,car,2008,car
2008,Pedestrian,Bus,pedestrian,Bus,2008,bus,2008,bus,2008,bus,2008,bus,2008,bus
2008,Pedestrian,2/3 Wheeled,pedestrian,2/3 Wheeled,2008,motorcycle,2008,motorcycle,2008,motorcycle,2008,motorcycle,2008,motorcycle
2008,Pedestrian,Trucks,pedestrian,Trucks,2008,truck,2008,truck,2008,truck,2008,truck,2008,truck
2008,Pedestrian,Trucks,pedestrian,Trucks,2008,truck,2008,truck,2008,truck,2008,truck,2008,truck
2008,Pedestrian,Trucks,pedestrian,Trucks,2008,truck,2008,truck,2008,truck,2008,truck,2008,truck
2008,Pedestrian,Car/pick-up/van,pedestrian,Car/pick-up/van,2008,car,2008,car,2008,car,2008,car,2008,car
2008,Pedestrian,2/3 Wheeled,pedestrian,2/3 Wheeled,2008,motorcycle,2008,motorcycle,2008,motorcycle,2008,motorcycle,2008,motorcycle
2008,Pedestrian,Trucks,pedestrian,Trucks,2008,truck,2008,truck,2008,truck,2008,truck,2008,truck
2008,Pedestrian,Trucks,pedestrian,Trucks,2008,truck,2008,truck,2008,truck,2008,truck,2008,truck
2008,Pedestrian,Trucks,pedestrian,Trucks,2008,truck,2008,truck,2008,truck,2008,truck,2008,truck
2008,Pedestrian,Bus,pedestrian,Bus,2008,bus,2008,bus,2008,bus,2008,bus,2008,bus
2009,Pedestrian,Car/pick-up/van,pedestrian,Car/pick-up/van,2009,car,2009,car,2009,car,2009,car,2009,car
2009,Pedestrian,Trucks,pedestrian,Trucks,2009,truck,2009,truck,2009,truck,2009,truck,2009,truck
2010,Pedestrian,Bus,pedestrian,Bus,2010,bus,2010,bus,2010,bus,2010,bus,2010,bus
2009,Pedestrian,Trucks,pedestrian,Trucks,2009,truck,2009,truck,2009,truck,2009,truck,2009,truck
2009,Pedestrian,Trucks,pedestrian,Trucks,2009,truck,2009,truck,2009,truck,2009,truck,2009,truck
2008,Pedestrian,Car/pick-up/van,pedestrian,Car/pick-up/van,2008,car,2008,car,2008,car,2008,car,2008,car
2011,Pedestrian,2/3 Wheeled,pedestrian,2/3 Wheeled,2011,motorcycle,2011,motorcycle,2011,motorcycle,2011,motorcycle,2011,motorcycle
2011,Pedestrian,2/3 Wheeled,pedestrian,2/3 Wheeled,2011,motorcycle,2011,motorcycle,2011,motorcycle,2011,motorcycle,2011,motorcycle
2011,Pedestrian,Bus,pedestrian,Bus,2011,bus,2011,bus,2011,bus,2011,bus,2011,bus
2008,Pedestrian,Car/pick-up/van,pedestrian,Car/pick-up/van,2008,car,2008,car,2008,car,2008,car,2008,car
2008,Pedestrian,Car/pick-up/van,pedestrian,Car/pick-up/van,2008,car,2008,car,2008,car,2008,car,2008,car
2008,Pedestrian,2/3 Wheeled,pedestrian,2/3 Wheeled,2008,motorcycle,2008,motorcycle,2008,motorcycle,2008,motorcycle,2008,motorcycle
2008,Pedestrian,Bus,pedestrian,Bus,2008,bus,2008,bus,2008,bus,2008,bus,2008,bus
2008,Pedestrian,2/3 Wheeled,pedestrian,2/3 Wheeled,2008,motorcycle,2008,motorcycle,2008,motorcycle,2008,motorcycle,2008,motorcycle
2011,Pedestrian,Car/pick-up/van,pedestrian,Car/pick-up/van,2011,car,2011,car,2011,car,2011,car,2011,car
2011,Pedestrian,Trucks,pedestrian,Trucks,2011,truck,2011,truck,2011,truck,2011,truck,2011,truck
2009,Pedestrian,unspecified,pedestrian,NA,2009,car,2009,motorcycle,2009,car,2009,motorcycle,2009,car
2009,Pedestrian,Unknown,pedestrian,NA,2009,motorcycle,2009,motorcycle,2009,car,2009,bus,2009,truck
2009,Pedestrian,Car/pick-up/van,pedestrian,Car/pick-up/van,2009,car,2009,car,2009,car,2009,car,2009,car
2009,Pedestrian,Car/pick-up/van,pedestrian,Car/pick-up/van,2009,car,2009,car,2009,car,2009,car,2009,car
2009,Pedestrian,Trucks,pedestrian,Trucks,2009,truck,2009,truck,2009,truck,2009,truck,2009,truck
2010,Pedestrian,Trucks,pedestrian,Trucks,2010,truck,2010,truck,2010,truck,2010,truck,2010,truck
2010,Pedestrian,2/3 Wheeled,pedestrian,2/3 Wheeled,2010,motorcycle,2010,motorcycle,2010,motorcycle,2010,motorcycle,2010,motorcycle
2010,Pedestrian,Trucks,pedestrian,Trucks,2010,truck,2010,truck,2010,truck,2010,truck,2010,truck
2010,Pedestrian,Trucks,pedestrian,Trucks,2010,truck,2010,truck,2010,truck,2010,truck,2010,truck
2011,Pedestrian,2/3 Wheeled,pedestrian,2/3 Wheeled,2011,motorcycle,2011,motorcycle,2011,motorcycle,2011,motorcycle,2011,motorcycle
2009,Pedestrian,Bus,pedestrian,Bus,2009,bus,2009,bus,2009,bus,2009,bus,2009,bus
2009,Pedestrian,Bus,pedestrian,Bus,2009,bus,2009,bus,2009,bus,2009,bus,2009,bus
2009,Pedestrian,2/3 Wheeled,pedestrian,2/3 Wheeled,2009,motorcycle,2009,motorcycle,2009,motorcycle,2009,motorcycle,2009,motorcycle
2009,Pedestrian,Bus,pedestrian,Bus,2009,bus,2009,bus,2009,bus,2009,bus,2009,bus
2009,Pedestrian,Car/pick-up/van,pedestrian,Car/pick-up/van,2009,car,2009,car,2009,car,2009,car,2009,car
2009,Pedestrian,2/3 Wheeled,pedestrian,2/3 Wheeled,2009,motorcycle,2009,motorcycle,2009,motorcycle,2009,motorcycle,2009,motorcycle
2010,Pedestrian,Car/pick-up/van,pedestrian,Car/pick-up/van,2010,car,2010,car,2010,car,2010,car,2010,car
2010,Pedestrian,Trucks,pedestrian,Trucks,2010,truck,2010,truck,2010,truck,2010,truck,2010,truck
2011,Pedestrian,unspecified,pedestrian,NA,2011,truck,2011,car,2011,motorcycle,2011,motorcycle,2011,motorcycle
2011,Pedestrian,Car/pick-up/van,pedestrian,Car/pick-up/van,2011,car,2011,car,2011,car,2011,car,2011,car
2010,Pedestrian,Trucks,pedestrian,Trucks,2010,truck,2010,truck,2010,truck,2010,truck,2010,truck
2010,Pedestrian,2/3 Wheeled,pedestrian,2/3 Wheeled,2010,motorcycle,2010,motorcycle,2010,motorcycle,2010,motorcycle,2010,motorcycle
2010,Pedestrian,Car/pick-up/van,pedestrian,Car/pick-up/van,2010,car,2010,car,2010,car,2010,car,2010,car
2010,Pedestrian,2/3 Wheeled,pedestrian,2/3 Wheeled,2010,motorcycle,2010,motorcycle,2010,motorcycle,2010,motorcycle,2010,motorcycle
2011,Pedestrian,2/3 Wheeled,pedestrian,2/3 Wheeled,2011,motorcycle,2011,motorcycle,2011,motorcycle,2011,motorcycle,2011,motorcycle
2007,Pedestrian,Trucks,pedestrian,Trucks,2007,truck,2007,truck,2007,truck,2007,truck,2007,truck
2007,Pedestrian,2/3 Wheeled,pedestrian,2/3 Wheeled,2007,motorcycle,2007,motorcycle,2007,motorcycle,2007,motorcycle,2007,motorcycle
2010,Pedestrian,2/3 Wheeled,pedestrian,2/3 Wheeled,2010,motorcycle,2010,motorcycle,2010,motorcycle,2010,motorcycle,2010,motorcycle
2010,Pedestrian,Trucks,pedestrian,Trucks,2010,truck,2010,truck,2010,truck,2010,truck,2010,truck
2010,Pedestrian,2/3 Wheeled,pedestrian,2/3 Wheeled,2010,motorcycle,2010,motorcycle,2010,motorcycle,2010,motorcycle,2010,motorcycle
2010,Pedestrian,2/3 Wheeled,pedestrian,2/3 Wheeled,2010,motorcycle,2010,motorcycle,2010,motorcycle,2010,motorcycle,2010,motorcycle
2010,Pedestrian,Car/pick-up/van,pedestrian,Car/pick-up/van,2010,car,2010,car,2010,car,2010,car,2010,car
2010,Pedestrian,Trucks,pedestrian,Trucks,2010,truck,2010,truck,2010,truck,2010,truck,2010,truck
2010,Pedestrian,2/3 Wheeled,pedestrian,2/3 Wheeled,2010,motorcycle,2010,motorcycle,2010,motorcycle,2010,motorcycle,2010,motorcycle
2011,Pedestrian,Trucks,pedestrian,Trucks,2011,truck,2011,truck,2011,truck,2011,truck,2011,truck
2011,Pedestrian,2/3 Wheeled,pedestrian,2/3 Wheeled,2011,motorcycle,2011,motorcycle,2011,motorcycle,2011,motorcycle,2011,motorcycle
2011,Pedestrian,Car/pick-up/van,pedestrian,Car/pick-up/van,2011,car,2011,car,2011,car,2011,car,2011,car
2011,Pedestrian,unspecified,pedestrian,NA,2011,motorcycle,2011,motorcycle,2011,bus,2011,bus,2011,truck
2011,Pedestrian,unspecified,pedestrian,NA,2011,motorcycle,2011,bus,2011,bus,2011,bus,2011,car
2007,Pedestrian,2/3 Wheeled,pedestrian,2/3 Wheeled,2007,motorcycle,2007,motorcycle,2007,motorcycle,2007,motorcycle,2007,motorcycle
2007,Pedestrian,2/3 Wheeled,pedestrian,2/3 Wheeled,2007,motorcycle,2007,motorcycle,2007,motorcycle,2007,motorcycle,2007,motorcycle
2008,Pedestrian,2/3 Wheeled,pedestrian,2/3 Wheeled,2008,motorcycle,2008,motorcycle,2008,motorcycle,2008,motorcycle,2008,motorcycle
2008,Pedestrian,Car/pick-up/van,pedestrian,Car/pick-up/van,2008,car,2008,car,2008,car,2008,car,2008,car
2008,Pedestrian,Bus,pedestrian,Bus,2008,bus,2008,bus,2008,bus,2008,bus,2008,bus
2008,Pedestrian,unspecified,pedestrian,NA,2008,motorcycle,2008,NOV,2008,car,2008,truck,2008,motorcycle
2008,Pedestrian,Trucks,pedestrian,Trucks,2008,truck,2008,truck,2008,truck,2008,truck,2008,truck
2009,Pedestrian,Car/pick-up/van,pedestrian,Car/pick-up/van,2009,car,2009,car,2009,car,2009,car,2009,car
2009,Pedestrian,2/3 Wheeled,pedestrian,2/3 Wheeled,2009,motorcycle,2009,motorcycle,2009,motorcycle,2009,motorcycle,2009,motorcycle
2009,Pedestrian,Bus,pedestrian,Bus,2009,bus,2009,bus,2009,bus,2009,bus,2009,bus
2009,Pedestrian,Trucks,pedestrian,Trucks,2009,truck,2009,truck,2009,truck,2009,truck,2009,truck
2009,Pedestrian,Trucks,pedestrian,Trucks,2009,truck,2009,truck,2009,truck,2009,truck,2009,truck
2009,Pedestrian,2/3 Wheeled,pedestrian,2/3 Wheeled,2009,motorcycle,2009,motorcycle,2009,motorcycle,2009,motorcycle,2009,motorcycle
2009,Pedestrian,unspecified,pedestrian,NA,2009,car,2009,car,2009,motorcycle,2009,bus,2009,car
2009,Pedestrian,2/3 Wheeled,pedestrian,2/3 Wheeled,2009,motorcycle,2009,motorcycle,2009,motorcycle,2009,motorcycle,2009,motorcycle
2009,Pedestrian,Bus,pedestrian,Bus,2009,bus,2009,bus,2009,bus,2009,bus,2009,bus
2009,Pedestrian,Bus,pedestrian,Bus,2009,bus,2009,bus,2009,bus,2009,bus,2009,bus
2009,Pedestrian,2/3 Wheeled,pedestrian,2/3 Wheeled,2009,motorcycle,2009,motorcycle,2009,motorcycle,2009,motorcycle,2009,motorcycle
2009,Pedestrian,Car/pick-up/van,pedestrian,Car/pick-up/van,2009,car,2009,car,2009,car,2009,car,2009,car
2009,Pedestrian,2/3 Wheeled,pedestrian,2/3 Wheeled,2009,motorcycle,2009,motorcycle,2009,motorcycle,2009,motorcycle,2009,motorcycle
2009,Pedestrian,Car/pick-up/van,pedestrian,Car/pick-up/van,2009,car,2009,car,2009,car,2009,car,2009,car
2009,Pedestrian,2/3 Wheeled,pedestrian,2/3 Wheeled,2009,motorcycle,2009,motorcycle,2009,motorcycle,2009,motorcycle,2009,motorcycle
2010,Pedestrian,Trucks,pedestrian,Trucks,2010,truck,2010,truck,2010,truck,2010,truck,2010,truck
2010,Pedestrian,2/3 Wheeled,pedestrian,2/3 Wheeled,2010,motorcycle,2010,motorcycle,2010,motorcycle,2010,motorcycle,2010,motorcycle
2011,Pedestrian,unspecified,pedestrian,NA,2011,motorcycle,2011,motorcycle,2011,truck,2011,car,2011,truck
2011,Pedestrian,Car/pick-up/van,pedestrian,Car/pick-up/van,2011,car,2011,car,2011,car,2011,car,2011,car
2011,Pedestrian,2/3 Wheeled,pedestrian,2/3 Wheeled,2011,motorcycle,2011,motorcycle,2011,motorcycle,2011,motorcycle,2011,motorcycle
2011,Pedestrian,2/3 Wheeled,pedestrian,2/3 Wheeled,2011,motorcycle,2011,motorcycle,2011,motorcycle,2011,motorcycle,2011,motorcycle
2008,Pedestrian,unspecified,pedestrian,NA,2008,car,2008,motorcycle,2008,motorcycle,2008,motorcycle,2008,motorcycle
2008,Pedestrian,2/3 Wheeled,pedestrian,2/3 Wheeled,2008,motorcycle,2008,motorcycle,2008,motorcycle,2008,motorcycle,2008,motorcycle
2008,Pedestrian,2/3 Wheeled,pedestrian,2/3 Wheeled,2008,motorcycle,2008,motorcycle,2008,motorcycle,2008,motorcycle,2008,motorcycle
2008,Pedestrian,Trucks,pedestrian,Trucks,2008,truck,2008,truck,2008,truck,2008,truck,2008,truck
2008,Pedestrian,Trucks,pedestrian,Trucks,2008,truck,2008,truck,2008,truck,2008,truck,2008,truck
2008,Pedestrian,Car/pick-up/van,pedestrian,Car/pick-up/van,2008,car,2008,car,2008,car,2008,car,2008,car
2008,Pedestrian,Bus,pedestrian,Bus,2008,bus,2008,bus,2008,bus,2008,bus,2008,bus
2008,Pedestrian,Car/pick-up/van,pedestrian,Car/pick-up/van,2008,car,2008,car,2008,car,2008,car,2008,car
2008,Pedestrian,Bus,pedestrian,Bus,2008,bus,2008,bus,2008,bus,2008,bus,2008,bus
2008,Pedestrian,unspecified,pedestrian,NA,2008,motorcycle,2008,bus,2008,motorcycle,2008,car,2008,truck
2008,Pedestrian,Car/pick-up/van,pedestrian,Car/pick-up/van,2008,car,2008,car,2008,car,2008,car,2008,car
2008,Pedestrian,unspecified,pedestrian,NA,2008,car,2008,motorcycle,2008,motorcycle,2008,motorcycle,2008,car
2008,Pedestrian,unspecified,pedestrian,NA,2008,bus,2008,truck,2008,truck,2008,motorcycle,2008,motorcycle
2011,Pedestrian,unspecified,pedestrian,NA,2011,truck,2011,motorcycle,2011,truck,2011,motorcycle,2011,motorcycle
2011,Pedestrian,unspecified,pedestrian,NA,2011,bus,2011,motorcycle,2011,motorcycle,2011,motorcycle,2011,motorcycle
2011,Pedestrian,Car/pick-up/van,pedestrian,Car/pick-up/van,2011,car,2011,car,2011,car,2011,car,2011,car
2010,Pedestrian,unspecified,pedestrian,NA,2010,car,2010,bus,2010,truck,2010,motorcycle,2010,car
2011,Pedestrian,Car/pick-up/van,pedestrian,Car/pick-up/van,2011,car,2011,car,2011,car,2011,car,2011,car
2011,Pedestrian,2/3 Wheeled,pedestrian,2/3 Wheeled,2011,motorcycle,2011,motorcycle,2011,motorcycle,2011,motorcycle,2011,motorcycle
2011,Pedestrian,Car/pick-up/van,pedestrian,Car/pick-up/van,2011,car,2011,car,2011,car,2011,car,2011,car
2011,Pedestrian,Car/pick-up/van,pedestrian,Car/pick-up/van,2011,car,2011,car,2011,car,2011,car,2011,car
2007,Pedestrian,Bus,pedestrian,Bus,2007,bus,2007,bus,2007,bus,2007,bus,2007,bus
2007,Pedestrian,2/3 Wheeled,pedestrian,2/3 Wheeled,2007,motorcycle,2007,motorcycle,2007,motorcycle,2007,motorcycle,2007,motorcycle
2007,Pedestrian,2/3 Wheeled,pedestrian,2/3 Wheeled,2007,motorcycle,2007,motorcycle,2007,motorcycle,2007,motorcycle,2007,motorcycle
2007,Pedestrian,2/3 Wheeled,pedestrian,2/3 Wheeled,2007,motorcycle,2007,motorcycle,2007,motorcycle,2007,motorcycle,2007,motorcycle
2007,Pedestrian,unspecified,pedestrian,NA,2007,car,2007,car,2007,car,2007,car,2007,motorcycle
2007,Pedestrian,Trucks,pedestrian,Trucks,2007,truck,2007,truck,2007,truck,2007,truck,2007,truck
2009,Pedestrian,unspecified,pedestrian,NA,2009,bus,2009,truck,2009,NOV,2009,bus,2009,motorcycle
2009,Pedestrian,Trucks,pedestrian,Trucks,2009,truck,2009,truck,2009,truck,2009,truck,2009,truck
2009,Pedestrian,Car/pick-up/van,pedestrian,Car/pick-up/van,2009,car,2009,car,2009,car,2009,car,2009,car
2009,Pedestrian,2/3 Wheeled,pedestrian,2/3 Wheeled,2009,motorcycle,2009,motorcycle,2009,motorcycle,2009,motorcycle,2009,motorcycle
2009,Pedestrian,Car/pick-up/van,pedestrian,Car/pick-up/van,2009,car,2009,car,2009,car,2009,car,2009,car
2009,Pedestrian,Car/pick-up/van,pedestrian,Car/pick-up/van,2009,car,2009,car,2009,car,2009,car,2009,car
2009,Pedestrian,2/3 Wheeled,pedestrian,2/3 Wheeled,2009,motorcycle,2009,motorcycle,2009,motorcycle,2009,motorcycle,2009,motorcycle
2007,Pedestrian,Trucks,pedestrian,Trucks,2007,truck,2007,truck,2007,truck,2007,truck,2007,truck
2007,Pedestrian,Trucks,pedestrian,Trucks,2007,truck,2007,truck,2007,truck,2007,truck,2007,truck
2007,Pedestrian,Bus,pedestrian,Bus,2007,bus,2007,bus,2007,bus,2007,bus,2007,bus
2007,Pedestrian,2/3 Wheeled,pedestrian,2/3 Wheeled,2007,motorcycle,2007,motorcycle,2007,motorcycle,2007,motorcycle,2007,motorcycle
2007,Pedestrian,2/3 Wheeled,pedestrian,2/3 Wheeled,2007,motorcycle,2007,motorcycle,2007,motorcycle,2007,motorcycle,2007,motorcycle
2007,Pedestrian,unspecified,pedestrian,NA,2007,motorcycle,2007,car,2007,motorcycle,2007,motorcycle,2007,car
2007,Pedestrian,Trucks,pedestrian,Trucks,2007,truck,2007,truck,2007,truck,2007,truck,2007,truck
2007,Pedestrian,Trucks,pedestrian,Trucks,2007,truck,2007,truck,2007,truck,2007,truck,2007,truck
2007,Pedestrian,2/3 Wheeled,pedestrian,2/3 Wheeled,2007,motorcycle,2007,motorcycle,2007,motorcycle,2007,motorcycle,2007,motorcycle
2010,Pedestrian,Car/pick-up/van,pedestrian,Car/pick-up/van,2010,car,2010,car,2010,car,2010,car,2010,car
2010,Pedestrian,unspecified,pedestrian,NA,2010,truck,2010,car,2010,motorcycle,2010,motorcycle,2010,motorcycle
2010,Pedestrian,2/3 Wheeled,pedestrian,2/3 Wheeled,2010,motorcycle,2010,motorcycle,2010,motorcycle,2010,motorcycle,2010,motorcycle
2010,Pedestrian,Car/pick-up/van,pedestrian,Car/pick-up/van,2010,car,2010,car,2010,car,2010,car,2010,car
2010,Pedestrian,Car/pick-up/van,pedestrian,Car/pick-up/van,2010,car,2010,car,2010,car,2010,car,2010,car
2010,Pedestrian,Car/pick-up/van,pedestrian,Car/pick-up/van,2010,car,2010,car,2010,car,2010,car,2010,car
2010,Pedestrian,Trucks,pedestrian,Trucks,2010,truck,2010,truck,2010,truck,2010,truck,2010,truck
2010,Pedestrian,2/3 Wheeled,pedestrian,2/3 Wheeled,2010,motorcycle,2010,motorcycle,2010,motorcycle,2010,motorcycle,2010,motorcycle
2011,Pedestrian,Bus,pedestrian,Bus,2011,bus,2011,bus,2011,bus,2011,bus,2011,bus
2011,Pedestrian,Trucks,pedestrian,Trucks,2011,truck,2011,truck,2011,truck,2011,truck,2011,truck
2011,Pedestrian,Car/pick-up/van,pedestrian,Car/pick-up/van,2011,car,2011,car,2011,car,2011,car,2011,car
2011,Pedestrian,Bus,pedestrian,Bus,2011,bus,2011,bus,2011,bus,2011,bus,2011,bus
2011,Pedestrian,2/3 Wheeled,pedestrian,2/3 Wheeled,2011,motorcycle,2011,motorcycle,2011,motorcycle,2011,motorcycle,2011,motorcycle
2011,Pedestrian,Car/pick-up/van,pedestrian,Car/pick-up/van,2011,car,2011,car,2011,car,2011,car,2011,car
2011,Pedestrian,2/3 Wheeled,pedestrian,2/3 Wheeled,2011,motorcycle,2011,motorcycle,2011,motorcycle,2011,motorcycle,2011,motorcycle
2011,Pedestrian,2/3 Wheeled,pedestrian,2/3 Wheeled,2011,motorcycle,2011,motorcycle,2011,motorcycle,2011,motorcycle,2011,motorcycle
2011,Pedestrian,2/3 Wheeled,pedestrian,2/3 Wheeled,2011,motorcycle,2011,motorcycle,2011,motorcycle,2011,motorcycle,2011,motorcycle
2011,Pedestrian,Trucks,pedestrian,Trucks,2011,truck,2011,truck,2011,truck,2011,truck,2011,truck
2011,Pedestrian,2/3 Wheeled,pedestrian,2/3 Wheeled,2011,motorcycle,2011,motorcycle,2011,motorcycle,2011,motorcycle,2011,motorcycle
2011,Pedestrian,2/3 Wheeled,pedestrian,2/3 Wheeled,2011,motorcycle,2011,motorcycle,2011,motorcycle,2011,motorcycle,2011,motorcycle
2010,Pedestrian,2/3 Wheeled,pedestrian,2/3 Wheeled,2010,motorcycle,2010,motorcycle,2010,motorcycle,2010,motorcycle,2010,motorcycle
2010,Pedestrian,2/3 Wheeled,pedestrian,2/3 Wheeled,2010,motorcycle,2010,motorcycle,2010,motorcycle,2010,motorcycle,2010,motorcycle
2010,Pedestrian,Bus,pedestrian,Bus,2010,bus,2010,bus,2010,bus,2010,bus,2010,bus
2010,Pedestrian,2/3 Wheeled,pedestrian,2/3 Wheeled,2010,motorcycle,2010,motorcycle,2010,motorcycle,2010,motorcycle,2010,motorcycle
2010,Pedestrian,2/3 Wheeled,pedestrian,2/3 Wheeled,2010,motorcycle,2010,motorcycle,2010,motorcycle,2010,motorcycle,2010,motorcycle
2010,Pedestrian,2/3 Wheeled,pedestrian,2/3 Wheeled,2010,motorcycle,2010,motorcycle,2010,motorcycle,2010,motorcycle,2010,motorcycle
2010,Pedestrian,2/3 Wheeled,pedestrian,2/3 Wheeled,2010,motorcycle,2010,motorcycle,2010,motorcycle,2010,motorcycle,2010,motorcycle
2010,Pedestrian,unspecified,pedestrian,NA,2010,car,2010,car,2010,truck,2010,truck,2010,motorcycle
2010,Pedestrian,2/3 Wheeled,pedestrian,2/3 Wheeled,2010,motorcycle,2010,motorcycle,2010,motorcycle,2010,motorcycle,2010,motorcycle
2010,Pedestrian,unspecified,pedestrian,NA,2010,truck,2010,motorcycle,2010,motorcycle,2010,truck,2010,truck
2010,Pedestrian,Bus,pedestrian,Bus,2010,bus,2010,bus,2010,bus,2010,bus,2010,bus
2010,Pedestrian,Car/pick-up/van,pedestrian,Car/pick-up/van,2010,car,2010,car,2010,car,2010,car,2010,car
2010,Pedestrian,Car/pick-up/van,pedestrian,Car/pick-up/van,2010,car,2010,car,2010,car,2010,car,2010,car
2010,Pedestrian,2/3 Wheeled,pedestrian,2/3 Wheeled,2010,motorcycle,2010,motorcycle,2010,motorcycle,2010,motorcycle,2010,motorcycle
2010,Pedestrian,Car/pick-up/van,pedestrian,Car/pick-up/van,2010,car,2010,car,2010,car,2010,car,2010,car
2009,Pedestrian,Car/pick-up/van,pedestrian,Car/pick-up/van,2009,car,2009,car,2009,car,2009,car,2009,car
2009,Pedestrian,Trucks,pedestrian,Trucks,2009,truck,2009,truck,2009,truck,2009,truck,2009,truck
2009,Pedestrian,Trucks,pedestrian,Trucks,2009,truck,2009,truck,2009,truck,2009,truck,2009,truck
2009,Pedestrian,2/3 Wheeled,pedestrian,2/3 Wheeled,2009,motorcycle,2009,motorcycle,2009,motorcycle,2009,motorcycle,2009,motorcycle
2009,Pedestrian,Car/pick-up/van,pedestrian,Car/pick-up/van,2009,car,2009,car,2009,car,2009,car,2009,car
2009,Pedestrian,2/3 Wheeled,pedestrian,2/3 Wheeled,2009,motorcycle,2009,motorcycle,2009,motorcycle,2009,motorcycle,2009,motorcycle
2009,Pedestrian,Car/pick-up/van,pedestrian,Car/pick-up/van,2009,car,2009,car,2009,car,2009,car,2009,car
2009,Pedestrian,Trucks,pedestrian,Trucks,2009,truck,2009,truck,2009,truck,2009,truck,2009,truck
2009,Pedestrian,2/3 Wheeled,pedestrian,2/3 Wheeled,2009,motorcycle,2009,motorcycle,2009,motorcycle,2009,motorcycle,2009,motorcycle
2009,Pedestrian,2/3 Wheeled,pedestrian,2/3 Wheeled,2009,motorcycle,2009,motorcycle,2009,motorcycle,2009,motorcycle,2009,motorcycle
2009,Pedestrian,Bus,pedestrian,Bus,2009,bus,2009,bus,2009,bus,2009,bus,2009,bus
2010,Pedestrian,Trucks,pedestrian,Trucks,2010,truck,2010,truck,2010,truck,2010,truck,2010,truck
2010,Pedestrian,Trucks,pedestrian,Trucks,2010,truck,2010,truck,2010,truck,2010,truck,2010,truck
2010,Pedestrian,2/3 Wheeled,pedestrian,2/3 Wheeled,2010,motorcycle,2010,motorcycle,2010,motorcycle,2010,motorcycle,2010,motorcycle
2008,Pedestrian,Trucks,pedestrian,Trucks,2008,truck,2008,truck,2008,truck,2008,truck,2008,truck
2008,Pedestrian,Car/pick-up/van,pedestrian,Car/pick-up/van,2008,car,2008,car,2008,car,2008,car,2008,car
2008,Pedestrian,2/3 Wheeled,pedestrian,2/3 Wheeled,2008,motorcycle,2008,motorcycle,2008,motorcycle,2008,motorcycle,2008,motorcycle
2008,Pedestrian,Car/pick-up/van,pedestrian,Car/pick-up/van,2008,car,2008,car,2008,car,2008,car,2008,car
2007,Pedestrian,2/3 Wheeled,pedestrian,2/3 Wheeled,2007,motorcycle,2007,motorcycle,2007,motorcycle,2007,motorcycle,2007,motorcycle
2007,Pedestrian,unspecified,pedestrian,NA,2007,car,2007,motorcycle,2007,car,2007,motorcycle,2007,truck
2007,Pedestrian,unspecified,pedestrian,NA,2007,motorcycle,2007,car,2007,motorcycle,2007,car,2007,truck
2008,Pedestrian,2/3 Wheeled,pedestrian,2/3 Wheeled,2008,motorcycle,2008,motorcycle,2008,motorcycle,2008,motorcycle,2008,motorcycle
2008,Pedestrian,2/3 Wheeled,pedestrian,2/3 Wheeled,2008,motorcycle,2008,motorcycle,2008,motorcycle,2008,motorcycle,2008,motorcycle
2008,Pedestrian,2/3 Wheeled,pedestrian,2/3 Wheeled,2008,motorcycle,2008,motorcycle,2008,motorcycle,2008,motorcycle,2008,motorcycle
2008,Pedestrian,2/3 Wheeled,pedestrian,2/3 Wheeled,2008,motorcycle,2008,motorcycle,2008,motorcycle,2008,motorcycle,2008,motorcycle
2008,Pedestrian,Bus,pedestrian,Bus,2008,bus,2008,bus,2008,bus,2008,bus,2008,bus
2010,Pedestrian,Car/pick-up/van,pedestrian,Car/pick-up/van,2010,car,2010,car,2010,car,2010,car,2010,car
2010,Pedestrian,Trucks,pedestrian,Trucks,2010,truck,2010,truck,2010,truck,2010,truck,2010,truck
2009,Pedestrian,Trucks,pedestrian,Trucks,2009,truck,2009,truck,2009,truck,2009,truck,2009,truck
2010,Pedestrian,Bus,pedestrian,Bus,2010,bus,2010,bus,2010,bus,2010,bus,2010,bus
