"","median","5%","95%"
"scen1",45.6600229912327,-15.0538044275336,677.018320538397
"scen2",39.3170812465851,-561.577756907946,3459.24001105689
"scen3",-2121.47153581052,-19104.2501029407,384.845163214991
"scen4",-2940.38040587875,-16213.103527793,3355.84424234964
"scen5",-195.114293482911,-2175.73622266811,238.523270377499
