"","median","5%","95%"
"walking",-4.46013075010701,-11.0758634260009,1.96956559831609
"bicycle",-7.92567710433813,-59.7716995360354,28.8264898939922
"car",-50.7043276761135,-103.184512030038,-8.42110407291303
"motorcycle",-287.744050670482,-431.373425643878,-203.548356148718
"bus",5.17223515299765,1.59746647475691,10.1384513641397
