"","median","5%","95%"
"scen1",-6.98657367609421,-94.226861589813,130.040811890528
"scen2",5.88149523344266,-293.262207433527,1333.6803596141
"scen3",-561.98472355315,-3585.54774897863,-46.329401644872
"scen4",-2281.23820920232,-6821.82500830887,-1034.14387049973
"scen5",-8.02789756788621,-285.983370946053,53.7039630768831
