"","median","5%","95%"
"walking",-6.13228753485392,-11.2690519438392,-2.10298842553815
"bicycle",-23.8808977867062,-71.0287397290693,6.33339123332102
"car",-11.8467391611191,-48.2076251743491,21.8013880228808
"motorcycle",-229.972876793001,-363.367718794528,-164.664810719188
"bus",5.06001042739041,0.695514075246459,10.5451970414053
