"","median","5%","95%"
"walking",44.9600353899962,-14.7949801790347,685.94845935108
"bicycle",62.2370718095887,-438.920701194964,3167.67162749665
"car",-1474.16995247888,-13449.3655413649,-57.2656148091812
"motorcycle",-2683.23784601486,-15420.0967164962,2911.05765503594
"bus",-190.14890628695,-1988.96402590829,162.336778578759
