"","median","5%","95%"
"walking",-6.13325706485593,-11.2835349462219,-2.10594161752296
"bicycle",-23.8671590325889,-71.0287397290693,6.33339123332102
"car",-11.8451201437897,-48.2076251743491,21.8013880228808
"motorcycle",-229.972876793001,-363.367718794528,-164.664810719188
"bus",5.06245457039345,0.70284549068456,10.5451970414053
