"","median","5%","95%"
"walking",6.37560985411253,-18.0925467424351,36.1514930984761
"bicycle",88.6394150028031,-12.0714358197767,226.636658593538
"car",-304.622977655605,-529.215768006144,-173.117874301665
"motorcycle",-664.016871722304,-1021.29703833389,-415.158523519312
"bus",4.84866800023483,-11.3642794413673,28.7361758672126
