"","median","5%","95%"
"walking",44.4667220716011,-14.7949801790347,685.94845935108
"bicycle",62.7020933772516,-431.213364142819,3167.67162749665
"car",-1476.2833041661,-13449.3655413649,-57.2656148091812
"motorcycle",-2682.66003230316,-15420.0967164962,2911.05765503594
"bus",-190.292690761273,-1988.96402590829,162.336778578759
