"","median","5%","95%"
"walking",7.08854598586242,-16.4910549509671,37.752910586275
"bicycle",93.6218077460323,-6.11687896398744,229.627503963844
"car",-314.268930074557,-532.796175773562,-178.221374325269
"motorcycle",-665.507135359511,-1027.99440074909,-429.853013661746
"bus",4.62502944058561,-13.2318339674906,28.5198458334657
