"","median","5%","95%"
"scen1",45.6600229912327,-15.0538044275336,677.018320538397
"scen2",87.7462920499139,-483.446485376362,3756.90339280579
"scen3",-1480.74735061973,-12905.414258524,-65.9541804796928
"scen4",-2846.43232705536,-15614.1797048585,3579.11609993072
"scen5",-191.908984016029,-2256.67412759175,242.444346001871
