"","median","5%","95%"
"walking",-6.07525897386057,-11.6304097924935,-2.00918763056675
"bicycle",-23.5969155903024,-72.6076495234673,5.91938733294087
"car",-11.5819120243971,-46.9949911335979,22.1463024074493
"motorcycle",-227.423221258211,-363.607937645012,-162.401555591078
"bus",5.1783675058304,0.37732535492164,11.1804944123843
