"","median","5%","95%"
"walking",6.68535590348525,-17.4531437374523,38.0730960984277
"bicycle",94.0415628861417,-7.10379313325324,235.745589353388
"car",-312.148477219677,-537.982455797536,-177.912644500384
"motorcycle",-666.78319076672,-1029.11041823621,-431.541099865542
"bus",4.39614660285589,-13.6220988492359,28.2953217709893
