"","median","5%","95%"
"walking",6.90049115403441,-18.2433577772194,38.0067792058901
"bicycle",92.1083894043384,-11.1064037186821,233.911551210588
"car",-313.705621655263,-540.565071527001,-177.52589380071
"motorcycle",-668.030346795874,-1029.08378394397,-415.671621104071
"bus",4.53631529121005,-13.5106252583984,28.7715744612233
