"","median","5%","95%"
"walking",-6.08243473926492,-11.6304097924935,-2.00918763056675
"bicycle",-23.5969155903024,-72.6076495234673,5.95403753575907
"car",-11.5697232136452,-46.9949911335979,22.1463024074493
"motorcycle",-227.423221258211,-363.607937645012,-162.401555591078
"bus",5.17512459754816,0.37732535492164,11.1804944123843
