"","median","5%","95%"
"walking",4.64094765966031,-15.3463808440362,114.400551044744
"bicycle",-124.682783544024,-521.399399290336,447.872298933073
"car",-338.753728083954,-2850.69548009048,-27.4850263635844
"motorcycle",-2591.35149525014,-8379.48697801399,-990.362865676147
"bus",-26.2758836152938,-398.019260867481,49.1022851581368
