"","median","5%","95%"
"walking",-6.08688661612571,-11.8297506305113,-2.17383288917176
"bicycle",-26.7194222995085,-72.7586820237842,4.65598745070488
"car",-9.37371807923855,-47.109580602408,22.3506948393041
"motorcycle",-227.721355022597,-354.531506203542,-163.977508974538
"bus",5.05573574950825,0.847799903265749,11.1054251923469
