"","median","5%","95%"
"scen1",-0.74424691581691,-18.8586570439059,46.2852787468231
"scen2",-173.787533371773,-559.518598968462,111.806912856346
"scen3",-331.636857855715,-2013.33958142001,-72.230203528566
"scen4",-2531.65128427647,-7776.27601481729,-1063.43283057962
"scen5",-2.91710850204317,-235.880918830417,43.8023076524052
