"","median","5%","95%"
"walking",-4.44040017043996,-10.4773775228749,1.52572004256871
"bicycle",-8.12122398028859,-59.4455093685147,28.8539766179777
"car",-51.8052326294538,-102.275074596807,-9.87556964314659
"motorcycle",-288.240432765596,-428.911676654357,-208.477150561274
"bus",5.03785858357822,1.73116150753676,9.75957157129952
