"","median","5%","95%"
"walking",7.10682833620138,-16.4734258674757,37.6844447542752
"bicycle",93.5938868579152,-6.11687896398744,229.509441944763
"car",-314.255400960486,-532.796175773562,-177.915791750278
"motorcycle",-665.490044533753,-1027.99440074909,-429.853013661746
"bus",4.62502944058561,-13.2318339674906,28.5335139734952
