"","median","5%","95%"
"scen1",24.8575779874597,-16.9134296212036,106.731180381465
"scen2",662.768778695135,350.413662912655,1143.83015291915
"scen3",-3680.7509830572,-5379.88328459793,-2600.54826185959
"scen4",-5830.56752964721,-8259.32068605346,-4111.20125104811
"scen5",1173.77397194727,728.877363256672,1695.54598917417
