"","median","5%","95%"
"walking",7.13151408672303,-16.4910549509671,37.6844447542752
"bicycle",93.5938868579152,-6.11687896398744,229.509441944763
"car",-314.255400960486,-532.796175773562,-178.221374325269
"motorcycle",-665.468443458333,-1027.99440074909,-429.853013661746
"bus",4.6238647544483,-13.285374679742,28.5198458334657
