"","median","5%","95%"
"walking",-1.83198885537983,-18.4833503893347,39.2785245870172
"bicycle",-163.315520890574,-552.969274516486,87.2910079149263
"car",-177.089832779783,-1308.70619944808,-4.66503395258196
"motorcycle",-2485.13724505293,-7737.8695072644,-1076.70866364186
"bus",-3.30181756574865,-190.246763328545,42.4427949368766
