"","median","5%","95%"
"walking",6.91522562458779,-18.2433577772194,38.0067792058901
"bicycle",92.1849464752425,-11.1064037186821,233.911551210588
"car",-313.705621655263,-540.565071527001,-177.52589380071
"motorcycle",-667.859163460657,-1029.08378394397,-415.671621104071
"bus",4.52851239513426,-13.5455933338065,28.7715744612233
