"","median","5%","95%"
"scen1",-0.747162826913221,-18.8586570439059,46.2852787468231
"scen2",-163.73123002947,-523.983864264986,125.380230669217
"scen3",-177.128217013994,-1340.04705371564,-7.67989187556679
"scen4",-2488.18659374944,-7693.91760286104,-1052.90444979057
"scen5",-3.00467054894112,-247.285146997102,44.3731944708501
