"","median","5%","95%"
"walking",-4.43351991066321,-10.6998178765129,1.83033598970759
"bicycle",-8.02520505073201,-59.8301960623393,30.373709364408
"car",-51.4244063312202,-101.836211252037,-10.5229943467227
"motorcycle",-288.9975036218,-428.859850909094,-207.53946167922
"bus",5.04412183082689,1.7033180449869,9.71759520304464
