"","median","5%","95%"
"walking",-6.0336543259057,-11.2531259203116,-1.99835327961519
"bicycle",-23.545244225015,-71.8385586692564,6.84393996075567
"car",-11.8740494690393,-48.3638421293052,21.0699712611352
"motorcycle",-230.292800942264,-361.441283351727,-164.787865630187
"bus",5.0936651074591,0.632253403736318,10.6691433838336
