"","median","5%","95%"
"walking",4.73372863335407,-15.3463808440362,114.400551044744
"bicycle",-124.832698290431,-521.399399290336,447.872298933073
"car",-338.400770005006,-2850.69548009048,-27.4850263635844
"motorcycle",-2590.34353746407,-8379.48697801399,-990.362865676147
"bus",-26.2758836152938,-398.019260867481,49.1022851581368
