"","median","5%","95%"
"scen1",-18.2145325849854,-52.574608862539,8.80965134956303
"scen2",-99.4864014233629,-326.700136959242,16.1603320301874
"scen3",-101.228934327454,-541.496487174975,110.902783300441
"scen4",-1409.69079558291,-3739.66240245412,-714.161447423124
"scen5",35.2191000731885,-4.22327180966932,85.2000493003299
