"","median","5%","95%"
"walking",-4.44330396420657,-10.4646031013879,1.53636190186326
"bicycle",-8.12122398028859,-59.4083128370008,28.9165694486079
"car",-51.8392899495097,-102.275074596807,-9.87556964314659
"motorcycle",-288.240432765596,-428.911676654357,-208.477150561274
"bus",5.03263519878736,1.73116150753676,9.75957157129952
