"","median","5%","95%"
"scen1",101.150966326499,52.9362075640778,166.790786136814
"scen2",-34.1987672227794,-45.0018670660939,-27.8463574018343
"scen3",54.4461846087257,40.5458363545849,59.4496742464162
