"","median","5%","95%"
"scen1",369.65721848292,250.203422806117,397.007196617853
"scen2",-82.9111852296114,-97.5948861646994,-42.8561720489718
"scen3",132.333326048202,88.8726921438467,163.564667109259
