"","median","5%","95%"
"scen1",578.894516277303,358.191161684882,1143.89828680196
"scen2",-59.3378095925343,-153.339402879924,-40.603374127524
"scen3",123.310543100906,86.4117115505072,187.58749569595
