"","median","5%","95%"
"scen1",351.100992690397,281.086211408366,421.115773972429
"scen2",-174.354701279497,-211.563534607232,-137.145867951763
"scen3",342.403553352333,277.792083719393,407.015022985274
"scen4",-103.728545072452,-107.116117112682,-100.340973032221
