"","median","5%","95%"
"scen1",78.3666660247454,67.1427056509021,89.5906263985887
"scen2",-45.9862207527983,-51.7383020492332,-40.2341394563634
"scen3",125.916047848913,122.279605716278,129.552489981547
"scen4",-384.808623166217,-388.873111223965,-380.744135108469
