"","median","5%","95%"
"scen1",167.759244209775,106.158996656177,279.543296170462
"scen2",-18.7895883433745,-39.2087793714459,-6.36379571326891
"scen3",47.7885170378174,35.8968584760315,60.8327523024762
