"","median","5%","95%"
"walking",18.0632187552885,-1.09827828146062,34.6774226422693
"bicycle",12.1170073532151,8.45640386781819,16.0994276099233
"car",-120.45377370817,-205.553521901696,-50.3433562152882
"motorcycle",0,0,0
"bus",8.78521320830009,2.84739580860817,15.1241235289184
