"","median","5%","95%"
"walking",18.0017435641027,-1.35763474095931,35.102803749529
"bicycle",12.1824756536733,8.34910080272631,16.038561727437
"car",-120.488848700641,-205.193840087664,-49.4203762863688
"motorcycle",0,0,0
"bus",8.7321629862385,2.67045861328581,15.1592874612965
