"","median","5%","95%"
"scen1",95.4135153909364,56.3119255727643,184.347156030831
"scen2",66.6888573409215,59.5478153014091,85.2087263075499
"scen3",-564.31296636709,-990.198723761783,-437.955663181009
"scen4",-12.3894475754353,-17.1932750859433,-11.1966127150387
"scen5",555.054840936153,497.771908340284,624.789085425009
