"","median","5%","95%"
"walking",46.7225043217361,25.0825089829006,71.3360222895967
"bicycle",18.6933514237179,13.4098650701905,25.0139512887143
"car",-172.836519126509,-277.612275961716,-92.1576772283323
"motorcycle",0,0,0
"bus",9.86639138144398,4.04004695451279,15.9018255947329
