"","median","5%","95%"
"walking",18.0675013232254,-2.89297952993736,33.9540420611637
"bicycle",11.9759060973543,8.26167339309639,16.0590077042727
"car",-116.740320344029,-204.18031065116,-47.4798456719622
"motorcycle",0,0,0
"bus",8.9134831765694,2.81975194144709,15.1267619173993
