"","median","5%","95%"
"walking",46.8099756455112,24.0789024113525,71.5142062924194
"bicycle",18.7296876074033,13.253780608031,25.0926422998207
"car",-173.323379542067,-275.830082817488,-90.1067778537081
"motorcycle",0,0,0
"bus",9.84992347688716,3.99685408578562,15.9200487655587
