"","median","5%","95%"
"walking",18.0338291038889,-1.36520298506278,35.0149564253803
"bicycle",12.1597820096428,8.29260081763975,16.013837771582
"car",-121.289396797969,-205.329739747761,-47.3984171042565
"motorcycle",0,0,0
"bus",8.78055694559047,2.63928634599354,15.3524155004835
