"","median","5%","95%"
"walking",612.24499263776,-42.6666601266354,5836.40047558084
"bicycle",129.9362892942,13.7749440422632,885.916827944412
"car",-583.456115012883,-5207.03132338618,55.7145451655489
"motorcycle",0,0,0
"bus",-149.765806566238,-1689.88535922466,374.226733488704
