"","median","5%","95%"
"walking",614.565885490143,-42.6666601266354,5836.40047558084
"bicycle",129.590828148869,13.5363020633577,885.916827944412
"car",-586.009374082939,-5207.03132338618,55.7145451655489
"motorcycle",0,0,0
"bus",-149.765806566238,-1689.88535922466,374.226733488704
