"","median","5%","95%"
"scen1",170.756506810693,16.4832865709431,1329.81179262093
"scen2",69.6405644220437,16.0178631981821,463.16887770777
"scen3",-713.384285451385,-4456.70206406779,-163.4025958843
"scen4",-4.29411400460518,-34.4947154800419,0.276668707268105
"scen5",-9.35034066163263,-158.399630906689,42.0231719308672
