"","median","5%","95%"
"walking",46.7289384131904,25.0934644602363,71.3360222895967
"bicycle",18.6942021423635,13.4098650701905,25.0139512887143
"car",-172.836519126509,-277.612275961716,-92.1576772283323
"motorcycle",0,0,0
"bus",9.85840250898959,4.04004695451279,15.9018255947329
