"","median","5%","95%"
"walking",195.816416684806,131.436472567674,281.857994469319
"bicycle",52.3842991939968,34.3171451593485,76.7535685967892
"car",-433.018674389883,-750.222413215218,-243.474728715583
"motorcycle",0,0,0
"bus",14.5122827250826,-1.98253963483328,35.6750405345397
