"","median","5%","95%"
"walking",195.584497179863,130.738491751955,279.094273429344
"bicycle",52.489316398395,33.9295558388375,75.7398071257168
"car",-433.422663829686,-725.30194299371,-256.873557517448
"motorcycle",0,0,0
"bus",14.8715368378311,-1.2153851106476,35.0981636477987
