"","median","5%","95%"
"walking",195.86847695978,131.651866311893,281.842231701061
"bicycle",52.467608537314,34.2665325990428,76.6638892774073
"car",-430.221828997158,-759.883554788001,-246.123130677766
"motorcycle",0,0,0
"bus",14.5797952273315,-1.64035611687292,35.5261728400692
