"","median","5%","95%"
"walking",46.6134166750865,24.627108755158,71.4619000103619
"bicycle",18.7094890569954,13.4558894814671,25.1250721960739
"car",-174.006447823315,-273.561611822024,-94.7670723606861
"motorcycle",0,0,0
"bus",9.85191487095976,4.06491725333867,15.8335537735624
