"","median","5%","95%"
"scen1",75.8369006570678,-122.835700388033,904.674110241032
"scen2",22.7171876989633,-1.55964911647188,144.532860177643
"scen3",-369.478921279226,-1267.93600157099,-84.0135186424357
"scen4",0,0,0
"scen5",-11.8203839850471,-331.09167390793,65.0698618988681
