"","median","5%","95%"
"walking",18.0066326674727,-1.35763474095931,35.102803749529
"bicycle",12.1818270127266,8.34910080272631,16.0411595638524
"car",-120.488848700641,-205.31168689484,-49.4203762863688
"motorcycle",0,0,0
"bus",8.7321629862385,2.66510559752419,15.1592874612965
