"","median","5%","95%"
"walking",18.0632187552885,-1.09827828146062,34.6774226422693
"bicycle",12.1160930471988,8.45979463829826,16.0994276099233
"car",-120.45377370817,-205.553521901696,-50.3433562152882
"motorcycle",0,0,0
"bus",8.78270137616266,2.84739580860817,15.1241235289184
