"","median","5%","95%"
"scen1",634.91345690865,-32.3303939583587,6002.29599617788
"scen2",96.0401933572714,2.55651252290131,805.002446494027
"scen3",-755.736597009384,-7414.63423431259,557.527908907036
"scen4",-20.1531020927184,-264.570396928733,-0.701132074945203
"scen5",-158.224074958062,-1762.27211791147,295.031504311699
