"","median","5%","95%"
"walking",150.022480945731,-105.274062714619,1630.4172264606
"bicycle",39.9401200458818,3.06104023336581,261.511327569636
"car",-421.383796587438,-1863.10573783021,-82.3220395870825
"motorcycle",0,0,0
"bus",-28.2073287010935,-542.320738483024,111.734878560731
