"","median","5%","95%"
"scen1",48.2916742050977,-159.826662795224,163.077297007719
"scen2",30.3554166910039,10.701504645066,78.1500226825369
"scen3",-439.88244066628,-1319.20254101366,-79.6798258302483
"scen4",-0.795446941004858,-3.91611683474168,4.35893727867407
"scen5",17.5185338091196,-20.7106516362656,67.712852338597
