"","median","5%","95%"
"scen1",806.040304342461,706.683216935322,994.965856796941
"scen2",275.696821291502,216.439711176432,312.216039514874
"scen3",-1991.39580359196,-2029.76623515479,-1745.10664162864
"scen4",-70.3329240008857,-84.3417884043386,-63.7577820485365
"scen5",1842.2277771345,1544.46622237727,1911.95870633458
