"","median","5%","95%"
"walking",18.0017435641027,-1.35763474095931,35.102803749529
"bicycle",12.1830028608583,8.34910080272631,16.052522011448
"car",-120.488848700641,-205.31168689484,-49.4203762863688
"motorcycle",0,0,0
"bus",8.7321629862385,2.66510559752419,15.1592874612965
