"","median","5%","95%"
"walking",195.317685780503,132.448940252018,280.76119284118
"bicycle",52.2338449326878,34.5127639928243,77.0745888660616
"car",-435.50744344359,-725.745424770006,-259.950368472102
"motorcycle",0,0,0
"bus",14.486521233273,-1.53048846021216,35.0042912333602
