"","median","5%","95%"
"walking",73.9435395588062,-131.569264659169,826.858302957483
"bicycle",22.6410882753193,-1.61344226635984,134.174639749758
"car",-370.725706518441,-1250.98884815604,-89.101586202627
"motorcycle",0,0,0
"bus",-11.642998866961,-315.758248013773,69.1972545545714
