"","median","5%","95%"
"scen1",75.8369006570678,-122.835700388033,904.674110241032
"scen2",20.4530901891146,-2.65017737337085,128.050820983438
"scen3",-507.782674706483,-1859.32263412068,-76.4897248340081
"scen4",-2.24497191167323,-37.895278218899,3.77179048573404
"scen5",-11.8311642350213,-327.115578427844,64.5671704823867
