"","median","5%","95%"
"walking",195.857834744247,131.673453896481,281.842231701061
"bicycle",52.467608537314,34.2665325990428,76.6734465773563
"car",-430.221828997158,-759.883554788001,-246.123130677766
"motorcycle",0,0,0
"bus",14.5797952273315,-1.66770653080562,35.5261728400692
