"","median","5%","95%"
"scen1",634.91345690865,-32.3303939583587,6002.29599617788
"scen2",120.867301339259,13.5064538254545,948.067397067162
"scen3",-605.45890781098,-5430.03100817668,120.788863209141
"scen4",0,0,0
"scen5",-157.562749010773,-1853.21160464739,294.460429596184
