"","median","5%","95%"
"scen1",-32.5909623393135,-184.410200508217,102.596448160045
"scen2",-151.754067411564,-193.856454832485,-94.8096106034709
"scen3",-10.5229631456145,-48.83865852993,21.5437106613739
"scen4",-836.718609338645,-1359.84516086503,-377.662157051238
"scen5",47.3546753031197,18.3914412122415,73.4557968850343
