"","median","5%","95%"
"scen1",243.742205080878,-48.5628586322197,3022.50005444549
"scen2",36.3299060039353,-24.7911351672872,498.492439156334
"scen3",-23.5953111572577,-316.546622164197,2.71506638548569
"scen4",-353.727901216864,-2174.86720832186,487.620250718918
"scen5",-22.9716828697204,-541.492105188793,39.3313164126979
