"","median","5%","95%"
"walking",235.497099818726,-50.0618652659937,3502.52126428572
"bicycle",40.2343456478557,-23.9459633813985,519.010860815529
"car",-23.3006939333824,-367.165246033198,2.56820460055748
"motorcycle",-359.740468247929,-2288.1712693924,544.719593537002
"bus",-20.9269898360181,-514.444309634482,61.9985727811381
