"","median","5%","95%"
"scen1",295.814428035752,211.532144280033,454.862807583377
"scen2",-61.8578105327919,-100.980915039549,-27.3475337876893
"scen3",166.275626775291,92.2132007928211,200.928966824304
