"","median","5%","95%"
"scen1",243.742205080878,-48.5628586322197,3022.50005444549
"scen2",32.3104999985289,-23.8904180867854,474.730806382714
"scen3",-44.5513590592992,-574.602646780501,19.3126609054545
"scen4",-362.417062651536,-2241.51742233507,465.124098974993
"scen5",-23.4022402928265,-542.210276521024,39.9854639885619
