"","median","5%","95%"
"walking",8.43816166646239,-26.6653181663707,61.4071111272956
"bicycle",-30.9324853737831,-51.2193938143511,-5.8919823576138
"car",0.66952159461683,-4.77470030727603,4.16470038451201
"motorcycle",-738.267370870692,-926.16204321255,-583.892197387241
"bus",118.164225192776,82.1978204212597,169.10670677923
