"","median","5%","95%"
"walking",-21.3626541870237,-49.9085392559821,8.90735385282282
"bicycle",-46.9723885673187,-64.1395046128776,-27.9843687960374
"car",4.51473315791258,1.50021889769683,7.08211802164567
"motorcycle",-736.509444859133,-871.173814024996,-601.830391793997
"bus",107.214863357606,74.8775110093785,146.595253503252
