"","median","5%","95%"
"scen1",-36.793495137052,-217.419286945863,347.499094882565
"scen2",-39.9621125126944,-65.5209507789593,32.0508759048259
"scen3",10.9908080715772,-78.520419102065,36.3324710838343
"scen4",-365.981620748757,-789.071488742712,-57.8749453465244
"scen5",22.3838910614403,-34.0423160823949,56.5063217523538
