"","median","5%","95%"
"walking",-32.5675811201549,-220.536742811247,470.561191806771
"bicycle",-44.9913519653948,-73.1570526935524,42.126270508968
"car",4.32712379202568,-39.8331944372201,18.7640651355418
"motorcycle",-363.033684567364,-781.27951671261,-64.2905326390554
"bus",22.0895956354573,-40.4521670863026,57.601963184565
