"","median","5%","95%"
"walking",235.497099818726,-51.7819123071338,3513.56810574701
"bicycle",40.2343456478557,-23.9459633813985,519.010860815529
"car",-23.3006939333824,-367.165246033198,2.56820460055748
"motorcycle",-359.740468247929,-2288.1712693924,534.207978916515
"bus",-20.9269898360181,-514.444309634482,61.9985727811381
