"","median","5%","95%"
"walking",28.3390056818423,-164.530590271837,1150.23110847162
"bicycle",-26.859124493102,-60.7128795053559,146.33072016193
"car",-1.63064917564592,-110.742164374085,13.9086213182948
"motorcycle",-366.144736193187,-1044.35881467033,31.2733388890777
"bus",11.4323557045618,-142.12280793816,48.0003295245959
