"","median","5%","95%"
"walking",-21.3693725468622,-49.9085392559821,8.87341853118091
"bicycle",-46.9743990712174,-64.1154640543383,-27.9843687960374
"car",4.5130016627542,1.50021889769683,7.08211802164567
"motorcycle",-736.509444859133,-871.173814024996,-601.830391793997
"bus",107.204054877907,74.8775110093785,146.595253503252
