"","median","5%","95%"
"scen1",79.6737037646429,50.0455163160441,149.259438952967
"scen2",-143.127252736511,-343.316177434421,-11.5986204325804
"scen3",-12.0651035806327,-44.2965712568669,9.04432452507841
"scen4",-771.427973854126,-2421.68572304695,-496.706216770394
"scen5",724.196831084842,684.930181658713,952.733689977114
