"","median","5%","95%"
"walking",112.261142922797,32.1009547636715,271.431099502499
"bicycle",23.0503445520565,-12.1085488510112,86.6896459707076
"car",-12.6510717848805,-29.4905825022582,-4.16850202824427
"motorcycle",-731.983088754375,-1176.70506886249,-503.05764104077
"bus",153.071261119408,87.6135907062408,284.645795500839
