"","median","5%","95%"
"scen1",-36.793495137052,-218.014067444487,347.499094882565
"scen2",-45.4132717553001,-72.8626209003332,31.7063327549822
"scen3",4.97848764307351,-35.1004862418055,19.0485756292913
"scen4",-367.643882495827,-784.484650045846,-59.7437859746049
"scen5",22.5192120436613,-36.7552555946099,56.4858222830568
