"","median","5%","95%"
"scen1",600.390360283073,498.247241591813,715.05258068206
"scen2",291.532543935623,197.519895361573,347.655653080231
"scen3",-127.039637825349,-135.148999019974,-98.2571643235224
"scen4",-882.508459454445,-1744.28220644177,-864.434826363827
"scen5",1086.35804902454,912.632718259301,1196.92999262253
