"","median","5%","95%"
"scen1",14.7626658027092,-19.7458066757084,83.3077219233881
"scen2",7.1214605127429,-9.14795147319975,21.2648456941788
"scen3",69.5165812069534,46.2510178473532,89.5455278036046
