"","median","5%","95%"
"scen1",82.2413216643939,-69.9730789607825,813.392271416354
"scen2",-42.0662829434342,-99.169442682653,350.219706791561
"scen3",-17.7263003543036,-126.394341683875,20.7746741523807
"scen4",-692.355513615192,-2208.2737806049,-290.251769944998
"scen5",15.304033928305,-84.8404762537117,59.4386613406773
