"","median","5%","95%"
"scen1",334.197292074698,296.647104846049,435.50390423946
"scen2",51.1346856524521,41.2599307446251,79.9623815542259
"scen3",-886.204126474567,-1056.69793537416,-783.526763402877
"scen4",-1394.94977542003,-1437.40068346174,-1037.36993448368
"scen5",638.599253618557,606.862595381857,692.426177388251
