"","median","5%","95%"
"scen1",66.112236728067,55.4565941377537,97.2746952386108
"scen2",1.72902918660877,-9.87107627345694,19.7102984892568
"scen3",-164.745649380406,-287.372335101105,-72.8119218301778
"scen4",-732.945181828309,-1077.47266480704,-569.562804526422
"scen5",385.563848537978,376.758733691394,428.517326091049
