"","median","5%","95%"
"walking",0,0,0
"bicycle",0,0,0
"car",-1.11251547046706,-58.4192397258584,48.1351958058258
"motorcycle",-104343875.354795,-225316437.174383,-54121342.9393212
"bus",11.6915910900968,0.744601067814337,24.0394268905481
