"","median","5%","95%"
"scen1",-1.27626879113812,-3.79086346338033,1.42023518457997
"scen2",0,0,0
"scen3",-19.5105524499265,-80.5346788320765,25.9411905135295
"scen4",-847.469686996164,-1068.96517745885,-686.528915690402
"scen5",11.1376943797465,0.871731069156755,23.2788356491423
