"","median","5%","95%"
"scen1",27.3163688620406,-36.8481757675451,416.095547652237
"scen2",0,0,0
"scen3",-200.920506427015,-1127.17090436453,-52.1544534020529
"scen4",-621.581485136142,-1635.29775701123,-448.763497028523
"scen5",-3.4399211767143,-52.1863066461552,4.21630523533979
