"","median","5%","95%"
"scen1",-43.3408395115828,-131.204659955498,24.1228649964961
"scen2",0,0,0
"scen3",-105.966965445172,-278.743893039434,1.77217184587241
"scen4",-864.186592265298,-1082.63790741963,-700.910073807102
"scen5",3.41084421854459,-0.709589754136252,9.45492933418038
