"","median","5%","95%"
"scen1",212.182747503266,154.478186020156,297.457361062442
"scen2",-258.924591876521,-392.758880872049,-181.220702558085
"scen3",191.832848875044,107.654748900148,272.010336462479
