"","median","5%","95%"
"walking",0,0,0
"bicycle",0,0,0
"car",-66.3944733108419,-608.338103944755,3.03410360412372
"motorcycle",-58446410.1581214,-125500502.213639,-30301872.6817897
"bus",-4.5299285636786,-105.518784694708,10.8812102938803
