"","median","5%","95%"
"scen1",56.3830043369809,40.2308384383365,65.2455541698311
"scen2",-66.8568684769588,-104.52992106161,-54.3799967735589
"scen3",85.646721364598,55.3457782287686,113.456244816339
