"","median","5%","95%"
"scen1",2.29015050509955,-0.78324134186548,27.9136999822092
"scen2",0,0,0
"scen3",-84.6813927494096,-609.204916472167,-9.45577370925505
"scen4",-626.238706713635,-1744.88927418869,-443.124013837486
"scen5",-5.44961154572719,-105.940541584363,10.026485193911
