"","median","5%","95%"
"walking",0,0,0
"bicycle",0,0,0
"car",-22.3926708992778,-207.065624594402,31.2977446970344
"motorcycle",-92264652.1815388,-198589036.390497,-47876375.9299363
"bus",5.87017966843478,-24.716466998554,19.034141762117
