"","median","5%","95%"
"scen1",30.2653022733842,-29.2603767078711,418.649869254315
"scen2",0,0,0
"scen3",-182.622300312811,-1112.35299446131,-41.3700156787621
"scen4",-499.329550815395,-1511.84247106844,-343.486718683802
"scen5",-3.71514363450493,-52.7353711987824,3.78617073568486
