"","median","5%","95%"
"scen1",-36.6262207172236,-113.210092334782,22.9933416885635
"scen2",0,0,0
"scen3",-79.0863463815108,-231.070017821402,14.4502574845616
"scen4",-638.254688115808,-807.78038078782,-521.211736834605
"scen5",2.95442233926902,-0.7987569885633,8.38317789271849
