"","median","5%","95%"
"scen1",111.060738216026,102.463306916141,146.085560149119
"scen2",-59.1062228038798,-80.4123009262328,-46.7130737038803
"scen3",85.8245004177372,71.4811734777398,104.44266388554
