"","median","5%","95%"
"scen1",68.0840267772609,-380.319424673325,797.312029118972
"scen2",24.9895102477111,-20.3903333271872,376.460904331139
"scen3",-340.642746966466,-2368.55406081061,-105.723592383828
"scen4",-659.131407872111,-1896.15427598776,-425.986678548316
"scen5",-1.52615697719572,-27.3808319564126,5.49864871526617
