"","median","5%","95%"
"scen1",-17.3341389331739,-792.092376635265,105.392166236163
"scen2",-36.12247052436,-48.1766413433447,2.42675918682775
"scen3",-199.004387618375,-437.34541988642,-137.425413524332
"scen4",-863.512132240333,-1152.14135895934,-533.410481815929
"scen5",1.1823382470484,-0.855555738209356,14.6891728474716
