"","median","5%","95%"
"scen1",47.243925812811,1.38807235848869,520.461764297531
"scen2",8.86447105240062,0.595983165189276,75.5139302877612
"scen3",-10.2149089780003,-100.441632737312,-0.71465162687581
"scen4",-19.4033254024505,-409.095354422696,180.897394203474
"scen5",-0.690236458804276,-11.4640073502026,0.227723893173516
