"","median","5%","95%"
"scen1",372.495670681642,11.7887353490584,4049.09475887559
"scen2",66.2495561206459,4.08702692504936,574.875555812415
"scen3",-317.342364770248,-3165.11017109483,13.2428171525292
"scen4",-174.380894986196,-3216.33243096022,1249.77217948616
"scen5",-5.73996030196019,-90.9377357237186,1.51973595754914
