"","median","5%","95%"
"scen1",123.126066185317,106.260245192296,207.868944403017
"scen2",91.7808324822558,62.9999057406673,100.371565569938
"scen3",-146.997830320187,-171.694120280225,-115.953533792412
"scen4",-1741.84860335655,-3343.82641230834,-1348.46857713874
"scen5",147.815179456547,139.407176756801,156.484503722992
