"","median","5%","95%"
"walking",125.844135550029,4.10582332189723,1267.80836606902
"bicycle",24.4204264506972,2.32763937995647,204.2598864731
"car",-31.1037248113646,-320.244639456203,-2.73919769660883
"motorcycle",-78.8038271627077,-1443.27854986476,410.329887488809
"bus",-1.99026149625152,-25.6304264315328,0.648228994600989
