"","median","5%","95%"
"scen1",372.495670681642,11.7887353490584,4049.09475887559
"scen2",73.2118363399151,6.47886079380137,640.411536611743
"scen3",-96.3060479724505,-885.843135082279,-8.4654778512041
"scen4",-171.599963862561,-3195.55907833587,1261.87537353092
"scen5",-5.63948918666847,-87.9231582527548,1.56970513443925
