"","median","5%","95%"
"scen1",47.243925812811,1.38807235848869,520.461764297531
"scen2",7.99547996837481,0.336204006841308,71.3194739711671
"scen3",-32.8815172570454,-368.840591974886,11.7474007674715
"scen4",-19.9450435731454,-413.777521681475,174.008887809845
"scen5",-0.699257530712504,-11.3791112568138,0.218648382490794
