"","median","5%","95%"
"walking",45.1200256512187,1.3425868494359,456.113330401045
"bicycle",8.28567661911333,0.639961176533929,73.5176948235132
"car",-9.96450038757089,-108.515909388435,-0.79458040565507
"motorcycle",-24.4767210396783,-494.401815729035,163.675119036995
"bus",-0.670863353789897,-9.17051550799812,0.233991487822309
