"","median","5%","95%"
"scen1",709.208121957138,592.863796952737,877.639827663053
"scen2",-331.334436671418,-457.320530156436,-261.316220484633
"scen3",325.661849907003,250.821337895675,422.998721224235
