"","median","5%","95%"
"scen1",1600.31308580095,1376.78350423645,1847.72814323766
"scen2",484.671640053017,392.229208402211,577.791460572697
"scen3",-762.726633357412,-898.799821576693,-652.702160474343
"scen4",-1391.2900139982,-2142.73213117892,-1274.43528786558
"scen5",383.953313135877,359.061087690903,487.518228360793
