"","median","5%","95%"
"walking",355.42567113336,11.8172998424301,3603.37903167606
"bicycle",70.466941948924,6.87489856273964,592.458153855147
"car",-91.8542143959866,-937.668853141167,-8.48170845058072
"motorcycle",-231.722246845281,-4035.63118921404,1107.61247419228
"bus",-5.50831772249104,-71.3890167162228,1.79830058377907
