"","median","5%","95%"
"scen1",97.5252105984216,50.2642873179993,142.653150589653
"scen2",-51.2777075067161,-77.4579429835779,-31.0928832555426
"scen3",96.1487064885279,83.6445477079031,125.251793866369
