"","median","5%","95%"
"scen1",307.710310881217,200.345219102257,407.899933894805
"scen2",-239.747046321749,-300.477794611846,-174.527292003495
"scen3",176.183502975138,143.002746597282,240.466102322831
