"","median","5%","95%"
"scen1",2283.70519285739,1957.25459109799,2908.42865713709
"scen2",1780.36132449046,1218.90614282044,2040.71601617671
"scen3",-130.0154129578,-143.629409247456,-103.163240252781
"scen4",-6672.64312956774,-10712.8924752347,-4061.62295598509
"scen5",2273.28899538913,1829.10130490864,2602.40312596944
