"","median","5%","95%"
"scen1",818.936123057598,520.957455123919,924.073160821201
"scen2",517.468004967248,378.654276299268,680.560037701311
"scen3",-117.5441575408,-130.187759202929,-93.2054462555709
"scen4",-4145.48004581927,-12241.9767940737,-2706.08451381099
"scen5",1804.60524242356,1537.88709399168,1983.05795502529
