"","median","5%","95%"
"scen1",663.912025663087,163.611490994767,2824.47278457668
"scen2",82.713790260917,-18.0290753499174,406.316037644375
"scen3",-342.422632789395,-1325.81095267535,-92.8215769804812
"scen4",-779.413581481466,-1970.04067677314,7.41857710249141
"scen5",-55.8362858297888,-271.334239425816,55.962377747204
