"","median","5%","95%"
"scen1",79.6543829629531,73.7430212481056,85.5657446778007
"scen2",-43.8655261491197,-48.0427193790498,-39.6883329191897
"scen3",131.230717732964,127.842420281743,134.619015184185
"scen4",-323.4719885887,-326.957199730961,-319.986777446439
