"","median","5%","95%"
"walking",244.110757521435,182.471670177927,326.981059530223
"bicycle",51.3623101691757,29.9624574335929,75.8108748422215
"car",-144.204926139256,-200.2436393904,-105.207550460231
"motorcycle",-586.229144824571,-730.347938608288,-469.39364891229
"bus",7.57896272183968,2.32294163539109,14.074483800484
