"","median","5%","95%"
"walking",17.637489227167,4.08738305501996,30.7378271098645
"bicycle",-14.5987095374492,-25.1765796846724,-7.44654731533506
"car",-19.5111106028656,-42.1424443305939,0.389924732016245
"motorcycle",-514.888852924572,-626.547198800205,-440.104296050893
"bus",12.4163697215473,8.42760141283379,16.8563138341134
