"","median","5%","95%"
"walking",244.110757521435,182.46106070889,326.981059530223
"bicycle",51.3717121396862,29.9624574335929,75.8108748422215
"car",-144.204926139256,-200.2436393904,-105.207550460231
"motorcycle",-586.248869317574,-729.978268886726,-469.505498205838
"bus",7.57896272183968,2.32513565203359,14.0976829263474
