"","median","5%","95%"
"scen1",91.573602062881,-69.6028423224071,553.066569896444
"scen2",-98.369995321602,-192.008521371342,-31.0890954372471
"scen3",-160.406515410422,-510.562572088114,-40.7526758393414
"scen4",-913.290320991158,-1776.02831132414,-577.844462260019
"scen5",-3.16938827752435,-58.0720484856087,26.1862373560459
