"","median","5%","95%"
"scen1",-36.9510084994693,-193.79519883742,67.8863862277445
"scen2",-122.377279915687,-175.393699370243,-74.5449157251544
"scen3",-90.0726020309841,-243.379747208582,-2.69844075127287
"scen4",-1048.81684024969,-1456.03664949733,-770.730918193153
"scen5",10.7423166831685,3.9968778616343,18.4297637944381
