"","median","5%","95%"
"scen1",70.5620613252244,-14.5091214216596,374.860867176355
"scen2",-96.6576661876503,-184.523595277091,-39.2144020235216
"scen3",-81.954004136223,-313.950794290324,-16.1418738678431
"scen4",-929.105847096598,-1797.12286787375,-584.899623394079
"scen5",-2.26469905619964,-55.2732300573433,22.0182796442903
