"","median","5%","95%"
"scen1",45.6830435304867,15.6281436294106,92.3533379915711
"scen2",-49.900929990532,-54.6802201608982,-43.7493089482486
"scen3",83.8504758117211,65.9304335003744,94.221116470133
