"","median","5%","95%"
"scen1",314.161103590297,269.574456195827,358.747750984766
"scen2",-155.311822193042,-178.525706023017,-132.097938363068
"scen3",328.354299743827,285.647941577008,371.060657910646
"scen4",-76.2425867006385,-83.770640524965,-68.7145328763119
