"","median","5%","95%"
"scen1",366.239964092909,359.307492014912,373.172436170906
"scen2",-174.451035540967,-178.221844685745,-170.680226396188
"scen3",466.750544874778,401.65606138331,531.845028366247
"scen4",9490.77408074888,9266.19340224172,9715.35475925603
