"","median","5%","95%"
"walking",243.944690105174,182.247777366865,326.527903916581
"bicycle",51.6551516143891,29.7453956831526,77.1884203035276
"car",-143.380394198294,-213.232993264425,-94.7215996164773
"motorcycle",-584.434052960337,-745.900037405437,-464.520288963034
"bus",7.52362577147236,2.35189166546702,14.316045394491
