"","median","5%","95%"
"walking",889.612069144327,107.603462201449,4601.14375589541
"bicycle",19.943442852324,-112.181222381631,421.83216420891
"car",-496.131517788984,-2236.69640486754,-78.0476413825311
"motorcycle",-739.67638992174,-2571.26820267162,227.007939262724
"bus",-84.2402642040883,-491.810412372212,132.128165733168
