"","median","5%","95%"
"walking",89.2686448696801,-42.9276054389403,576.069243979596
"bicycle",-183.520189018588,-337.386705960007,-101.795287597625
"car",-133.708368667608,-485.547654321958,-24.1963896158897
"motorcycle",-1212.85209689945,-2621.91535466888,-708.67025179486
"bus",-4.37707967645826,-89.9408122617689,35.489843980827
