"","median","5%","95%"
"walking",21.9343751304423,8.80212870250418,34.5870363030629
"bicycle",-11.0972576921156,-21.5930811633535,-4.44675976095347
"car",-22.0357131021249,-47.1686824658059,0.067223391250484
"motorcycle",-495.438899034199,-616.759645324158,-412.211152533465
"bus",2.67152214734772,1.19792420674023,4.32264596314642
