"","median","5%","95%"
"walking",225.835046163094,171.643813773441,298.489653615861
"bicycle",46.4807133116037,26.2146955357819,70.106838864473
"car",-128.506241046786,-192.109205804242,-86.0556005916327
"motorcycle",-599.751106827578,-767.865289627204,-469.248122010207
"bus",24.2740091691696,14.7259294722539,39.681694600621
