"","median","5%","95%"
"walking",726.828754757122,175.417242266765,3172.07744660979
"bicycle",78.9369404271788,-23.0050993943752,401.069073002924
"car",-340.091632748311,-1254.95012405991,-92.8425467327993
"motorcycle",-5706106.1636864,-12252971.4585022,-2958832.84289086
"bus",-58.569787410825,-261.656091906302,61.1109027703578
