"","median","5%","95%"
"scen1",867.828622839609,219.762554989971,3605.63512951903
"scen2",93.8051125899387,-20.4932962715283,466.713813426854
"scen3",-627.016919714413,-2136.17599532297,-138.196669565765
"scen4",-787.47622466351,-2002.19879444634,2.9482050562538
"scen5",-56.719025225753,-290.399364285674,74.7822375821352
