"","median","5%","95%"
"walking",72.4657157712389,-13.6867946729034,365.783119863281
"bicycle",-96.4570478629423,-185.573443697335,-34.7671723751943
"car",-81.3215932721581,-288.561143084179,-17.6774756376696
"motorcycle",-7722992.73744333,-16675316.793361,-4006360.76798806
"bus",-2.23171161554308,-49.5364503285212,21.984202216849
