"","median","5%","95%"
"scen1",431.132877966258,383.6947727465,539.674782454514
"scen2",-223.943300979119,-274.070191019534,-198.812636138338
"scen3",236.54876757355,190.079605633578,270.531820553151
