"","median","5%","95%"
"scen1",-0.380342437172108,-9.31506722679427,7.68880901303658
"scen2",165.06753164022,98.0260555064598,250.054920316924
"scen3",-653.484368973523,-1030.42591388553,-407.903368683867
"scen4",-1803.77714565888,-3457.42422762024,-1259.91486756377
"scen5",380.57568656571,287.212015583866,519.651738253898
