"","median","5%","95%"
"walking",21.8536752741151,8.9950560496975,34.5424515962235
"bicycle",-11.1506041428911,-21.5042011638413,-4.43986822553192
"car",-22.1050942410161,-47.0163110331726,-0.561796236393766
"motorcycle",-495.670658102158,-615.877278951788,-412.42270607286
"bus",2.67194396071587,1.23145901545537,4.3116065804726
