"","median","5%","95%"
"scen1",263.253756196355,43.7016071385015,989.088430835085
"scen2",35.9200707015251,-48.7291544112873,320.748936909878
"scen3",-331.898843835729,-919.936663541064,-140.571198292742
"scen4",-946.907893941653,-1586.02445436769,-668.710756870994
"scen5",-8.80038466791413,-50.1038109437139,9.33322445273989
