"","median","5%","95%"
"walking",225.835046163094,171.643813773441,298.489653615861
"bicycle",46.4951762434651,26.2146955357819,70.106838864473
"car",-128.475293039268,-192.1713298067,-86.0481779846628
"motorcycle",-599.751106827578,-768.214505327429,-469.248122010207
"bus",24.274421751892,14.7048415030466,39.6450766912638
