"","median","5%","95%"
"scen1",72.4307593979312,-58.1377591320128,157.68570880221
"scen2",-20.0263849783347,-29.9395597818732,-14.0513413744124
"scen3",38.8106026569171,29.5844196081802,45.8584362721281
