"","median","5%","95%"
"scen1",353.25598749225,246.339660320527,472.616788861698
"scen2",-60.9085538667731,-85.5858103638441,-18.2072398670366
"scen3",68.0455292845803,23.999908002996,90.0719162897813
