"","median","5%","95%"
"scen1",116.038740109886,75.8975030001951,147.83912557789
"scen2",-30.3990749924882,-35.5820254281731,-22.8257780583123
"scen3",45.458561634999,34.7132935625198,60.3659471615485
