"","median","5%","95%"
"scen1",430.209187202849,296.12401319642,545.411159871543
"scen2",-69.9081343163487,-119.778032853731,-45.3578790672053
"scen3",117.665453997125,85.6709853743066,143.875657914825
