"","median","5%","95%"
"walking",43.230176413501,-61.6813375929319,537.576650620131
"bicycle",5.89175008949513,-0.0596776695672414,61.5589738218753
"car",-72.0272203519628,-1039.81945563941,79.374883789174
"motorcycle",-246.565563177609,-685.400381638678,137.210163699704
"bus",4.40366791955548,-191.195145155629,84.8622099362339
