"","median","5%","95%"
"walking",88.2418152420078,51.0672933192984,145.208224192269
"bicycle",7.6094305459907,0.43757125254213,20.977047888559
"car",-202.762322416626,-322.35535747998,-122.660044986199
"motorcycle",-280.491478556879,-430.687347731536,-178.310735400914
"bus",10.0274437438606,-4.24778469427093,30.0495412078802
