"","median","5%","95%"
"walking",89.4299537371902,52.0196442754451,148.074707708061
"bicycle",7.34571675294243,0.278044384898144,20.295870897945
"car",-202.096257089569,-318.500277899531,-122.910881289847
"motorcycle",-280.311419979577,-421.788352564654,-184.507832698362
"bus",10.0527656446278,-4.24083857827402,29.8688286113794
