"","median","5%","95%"
"walking",283.34731056703,16.0517159386725,2978.00976066976
"bicycle",17.9234892862487,-0.060688708942935,380.196922922516
"car",-672.351169111116,-5758.99433172632,42.385425508338
"motorcycle",-130.553064452607,-1497.78302117894,1883.77971642647
"bus",-43.3276069746875,-974.944771550263,430.845859693375
