"","median","5%","95%"
"scen1",318.562039149218,11.8591381482258,3310.62159817943
"scen2",23.3805950948591,-0.0444718646967812,413.709140502255
"scen3",-657.483476983302,-7019.15232441062,30.610730961135
"scen4",-123.072033257038,-1700.57003147404,2521.84005350459
"scen5",-46.7074246255174,-1096.92621177394,486.857994738709
