"","median","5%","95%"
"walking",283.061870007438,16.0517159386725,2978.00976066976
"bicycle",18.1197759038254,-0.060688708942935,382.344483983683
"car",-672.351169111116,-5758.99433172632,42.385425508338
"motorcycle",-131.664863170123,-1511.78061936518,1847.79126357676
"bus",-43.4262824435779,-974.944771550263,413.030754449361
