"","median","5%","95%"
"walking",89.412663714832,51.9970869336222,148.074707708061
"bicycle",7.34731436221291,0.276773241453632,20.3231685754912
"car",-202.007483069125,-319.364935253174,-122.910881289847
"motorcycle",-280.426844737515,-421.788352564654,-184.507832698362
"bus",10.0527656446278,-4.31148924972348,29.8231967436337
