"","median","5%","95%"
"walking",88.2755270592318,51.0672933192984,144.872694672476
"bicycle",7.6063325052846,0.426309878697574,20.965096477917
"car",-202.762322416626,-322.35535747998,-122.42196453032
"motorcycle",-280.511182005195,-430.465079810735,-178.253505219977
"bus",10.0310133396095,-4.24976634601338,30.0495412078802
