"","median","5%","95%"
"scen1",135.78171491054,-588.828355053803,1965.24001998399
"scen2",16.5898094938768,-8.39363662153631,206.284443215969
"scen3",-25.2292809966077,-1516.90661350812,253.990390513867
"scen4",-107.999997079016,-453.229673083325,257.251099593699
"scen5",4.51809284737519,-213.641343505663,130.967025174737
