"","median","5%","95%"
"walking",89.412663714832,52.0196442754451,148.019077579385
"bicycle",7.36755390085006,0.278044384898144,20.3700475100692
"car",-201.953327312749,-318.500277899531,-122.910881289847
"motorcycle",-280.426844737515,-421.788352564654,-184.507832698362
"bus",10.0374512124119,-4.31148924972348,29.8757025386771
