"","median","5%","95%"
"walking",21.2454681426234,10.8309874905392,35.5543008642787
"bicycle",2.27128185279601,0.706335133876836,4.66292514220721
"car",-31.0477415698179,-66.8690306409162,-3.17835138450469
"motorcycle",-173.233194190465,-243.218473039806,-107.643596086558
"bus",2.89864783098219,0.383889515773571,6.62035179712625
