"","median","5%","95%"
"scen1",246.321787046757,-161.472199063007,2236.55163004702
"scen2",31.9894831411021,3.39429784149826,291.753438904048
"scen3",-137.020529859273,-1595.85021046514,102.546387275467
"scen4",-330.595161056361,-975.205446144914,-108.126756187381
"scen5",-3.04602027793383,-138.532428197384,56.4512019120312
