"","median","5%","95%"
"walking",82.7604372731614,-34.284013587023,961.174893474061
"bicycle",9.41810333204952,0.163815518105941,111.156082470148
"car",-169.605830927967,-1897.19421957593,58.0881539371151
"motorcycle",-227.662615058668,-710.827871770492,370.408121235049
"bus",-2.83350958490401,-327.438665908034,134.133984279669
