"","median","5%","95%"
"walking",7.94146429091346,0.138995913194802,15.4317795749554
"bicycle",1.15153146044523,0.386258313666988,2.28802039516866
"car",2.69261105599456,-24.813189429009,26.6149716685991
"motorcycle",-150.524290489577,-219.411746522662,-85.9791326423592
"bus",1.49076213151691,-0.530236623017519,3.85958556084853
