"","median","5%","95%"
"walking",88.416698259446,51.0362839563762,144.440916124177
"bicycle",7.55907538306564,0.38852274681134,20.9757523362122
"car",-202.591332758064,-322.518974197677,-122.618051415268
"motorcycle",-280.736599016937,-428.593901370523,-178.606535620298
"bus",10.1863543835228,-4.25080474252896,29.8737822970204
