"","median","5%","95%"
"walking",86.8062204828194,52.8938698835068,143.447239546384
"bicycle",7.34515553965403,0.0779809220126537,21.5330068626967
"car",-197.725347093087,-301.745534250062,-120.570067096198
"motorcycle",-281.587917972958,-417.881394533831,-180.018790210683
"bus",10.4391443322789,-3.52998618686877,30.8036355729382
