"","median","5%","95%"
"scen1",67.8161932520077,-618.859109047334,296.893583274602
"scen2",8.10007668342514,-2.7524528377447,41.7715306299269
"scen3",154.562819744442,-242.834640256889,333.351262960312
"scen4",-369.815897857404,-956.932588847981,-66.0412038322823
"scen5",12.2749512142246,-1.96686639120038,43.4404325032384
