"","median","5%","95%"
"walking",7.91112406314709,0.0300553527677087,15.270929128355
"bicycle",1.14009340523046,0.378707186974684,2.30622386175449
"car",3.0526425656392,-23.184316099455,26.2539374429296
"motorcycle",-150.514088285836,-223.873617868379,-84.5913357144069
"bus",1.51348333558982,-0.548206087147628,3.81014459891837
