"","median","5%","95%"
"scen1",1160.72163847005,-82.920540526127,12299.3175349191
"scen2",103.23782319211,-27.1194071711514,1275.50537429794
"scen3",-748.319365872567,-9206.64717901575,495.016545183586
"scen4",-73.6264426837208,-1284.93713097397,2422.46530907995
"scen5",-54.2275750765646,-1441.22966083275,662.917835578622
