"","median","5%","95%"
"walking",21.1079117010925,11.0608245822632,34.5683239758609
"bicycle",2.26169375986691,0.748311196719154,4.81410463935295
"car",-31.0723887821915,-65.8999249568945,-2.95835602538525
"motorcycle",-173.015480566887,-247.313424881435,-106.418623877315
"bus",2.92956078458418,0.365016197356784,6.65058783372007
