"","median","5%","95%"
"walking",7.62708066327702,-0.0486887583059074,14.9984861512556
"bicycle",1.15003797459385,0.332335398301505,2.22506507762251
"car",4.40751784388871,-22.0140925209028,27.3203049947404
"motorcycle",-154.990594577542,-224.971658425164,-90.5619455639371
"bus",1.40701837353172,-0.58524370594934,3.8130917973345
