"","median","5%","95%"
"scen1",45.6750226631369,-62.8707852095135,517.494146073839
"scen2",6.59736012625739,0.0187050786353776,68.9174893323523
"scen3",-75.7774553653322,-1194.0367969242,83.2159227046376
"scen4",-236.960260603413,-711.22800375225,158.45487830336
"scen5",4.03746735493607,-173.765617000551,102.362991502484
