"","median","5%","95%"
"walking",21.1123415217842,11.0906563702661,34.5814251906125
"bicycle",2.26169375986691,0.748311196719154,4.80775847172984
"car",-31.084089481729,-65.8827465048319,-2.95835602538525
"motorcycle",-173.015480566887,-247.498078106095,-106.489486196797
"bus",2.92758083317646,0.365016197356784,6.65681948393771
