"","median","5%","95%"
"walking",7.90820488181361,0.0300553527677087,15.270929128355
"bicycle",1.14042896376073,0.374695069224779,2.312050560971
"car",3.08245760344562,-23.1650927038554,26.2424051420455
"motorcycle",-150.514088285836,-223.873617868379,-84.5574221159183
"bus",1.51489841418858,-0.556603976392244,3.81245823036599
