"","median","5%","95%"
"walking",21.237303173389,10.8309874905392,35.5543008642787
"bicycle",2.27272858185528,0.706335133876836,4.68411017591498
"car",-31.0692004777874,-66.9033237165493,-3.19943543053291
"motorcycle",-173.157121307037,-243.218473039806,-107.643596086558
"bus",2.89770349644191,0.37287217285723,6.61591477653357
