"","median","5%","95%"
"scen1",957.24776126454,728.791616036491,1074.46831154363
"scen2",117.659705755266,72.8470956560596,230.138309835322
"scen3",-1086.29392429959,-1400.59379476905,-920.097305526604
"scen4",-686.763701764528,-800.414149045616,-632.820941322013
"scen5",1329.82362536668,1087.91404859875,1405.33123082956
