"","median","5%","95%"
"walking",7.94640500517424,0.138995913194802,15.4317795749554
"bicycle",1.15099219346754,0.381793819378143,2.28948663539515
"car",2.69606461680785,-24.9278669802152,26.5938228164805
"motorcycle",-150.524290489577,-219.461101005076,-85.8335277017058
"bus",1.48972588121587,-0.530236623017519,3.85958556084853
