"","median","5%","95%"
"walking",7.99173019625471,0.109394362690155,15.4319439269941
"bicycle",1.14431368188969,0.383646309154958,2.32292387030633
"car",2.80283402753558,-24.3615738747649,26.4126736429032
"motorcycle",-150.200459978521,-221.037889605276,-84.8950404782588
"bus",1.50520591091841,-0.572080129938022,3.85113778129452
