"","median","5%","95%"
"walking",82.6017165475227,-34.284013587023,961.174893474061
"bicycle",9.58408306408064,0.163815518105941,111.156082470148
"car",-173.263881931242,-1897.19421957593,58.0881539371151
"motorcycle",-227.662615058668,-710.827871770492,370.408121235049
"bus",-2.911721938973,-327.438665908034,134.133984279669
