"","median","5%","95%"
"walking",7.94915449951394,0.138995913194802,15.4317795749554
"bicycle",1.15117893917575,0.386258313666988,2.28409243559128
"car",2.68300759122343,-24.9278669802152,26.6149716685991
"motorcycle",-150.524290489577,-219.411746522662,-85.9791326423592
"bus",1.4886803573569,-0.538835122066088,3.85958556084853
