"","median","5%","95%"
"scen1",19.3426434466238,-75.582048344747,126.864224336899
"scen2",49.7593807352374,46.6657610579103,51.6295057345375
"scen3",-106.614238780214,-328.095785137271,48.2549164530464
"scen4",-271.970237062322,-488.110292604237,-153.240812626871
"scen5",950.297088792344,839.11322679097,982.403560317473
