"","median","5%","95%"
"walking",21.1723220974458,11.0038066260905,34.8992508941858
"bicycle",2.25890645347163,0.74922896435407,4.82838543464856
"car",-31.5896953507291,-67.550287793237,-2.19774631745363
"motorcycle",-172.718128282203,-245.271165840318,-106.935637371488
"bus",2.93980731111488,0.340067854770043,6.70033607646008
