"","median","5%","95%"
"scen1",67.3510804897503,47.3065389712986,105.588716916669
"scen2",-26.8292118523656,-38.7989644122925,-18.2488089487954
"scen3",44.1468161249107,35.1460103794097,64.980520530593
