"","median","5%","95%"
"scen1",242.833604188244,203.299844407375,432.39077308501
"scen2",-69.8405790361979,-105.416835887818,-56.6014018758251
"scen3",115.086536056539,86.5370339769373,186.080911225633
