"","median","5%","95%"
"scen1",-16.8315750639184,-95.2690431322471,40.0051829847597
"scen2",-21.8737102610834,-29.8533866632851,-19.9218593881465
"scen3",36.895011514568,33.0421729359245,48.3984186949186
