"","median","5%","95%"
"scen1",363.596886412384,212.166685813077,506.13094166132
"scen2",-49.5100395189576,-60.493041844345,-40.7987715442173
"scen3",81.1949622807829,48.4365096135593,177.239123033939
