"","median","5%","95%"
"scen1",180.304658738599,103.213613013864,212.318462264742
"scen2",-337.852755425146,-551.57676795668,-235.546922408775
"scen3",172.672299738515,124.915465055122,280.250519857799
