"","median","5%","95%"
"scen1",0.946258730468695,-36.7308146842855,42.5777499305418
"scen2",-96.8219633673727,-160.063613634226,-65.7957345091616
"scen3",117.74512259819,87.7375630537316,169.093462321406
