"","median","5%","95%"
"walking",25.3613037308498,2.49524202337145,184.655968680511
"bicycle",17.6101623128429,2.19015200896218,141.087820948463
"car",-9.40310686874044,-66.2833931412327,-1.21398354779202
"motorcycle",-42.17406202746,-327.4833180903,-4.96471570992964
"bus",-1.33894949398376,-11.8916113845468,0.367764562005957
