"","median","5%","95%"
"scen1",217.92151367757,19.6261286748124,1864.93738218371
"scen2",146.333136187006,18.3628096108109,1163.26782215693
"scen3",-229.046621801772,-1720.65708298555,-27.9449405611078
"scen4",-359.886753701209,-2721.44815712514,-42.9469046898258
"scen5",-16.0428078343984,-153.519239821172,3.58262961927707
