"","median","5%","95%"
"scen1",8.15236536974491,-48.3057936752433,58.1889368373305
"scen2",-50.1365646393947,-67.6081455692102,-40.2997903696851
"scen3",114.507881817409,85.7699468638888,136.316780362249
