"","median","5%","95%"
"scen1",24.8058782701229,2.19509926458923,212.524226659791
"scen2",18.2398667775465,2.25374856999254,144.47140475315
"scen3",-25.9007027561429,-198.063543543554,-3.21336094276259
"scen4",-44.4917720865405,-342.832766176643,-5.12480997406903
"scen5",-1.35966775939029,-13.4516575630678,0.412058570277845
