"","median","5%","95%"
"scen1",24.8058782701229,2.19509926458923,212.524226659791
"scen2",17.9097442158181,2.26680166717009,145.093779727386
"scen3",-9.36007194453494,-73.0635821105172,-1.16486798315863
"scen4",-43.4714818239561,-332.896507204932,-4.9651810804153
"scen5",-1.37802853761733,-13.4651038412864,0.397624573817168
