"","median","5%","95%"
"scen1",218.07114209785,19.6261286748124,1864.93738218371
"scen2",143.393787134195,18.3713244622322,1131.85386572836
"scen3",-97.7022282854524,-753.355963410415,-12.4437803315992
"scen4",-348.240631035894,-2636.27019162043,-40.6777860902708
"scen5",-15.9471480196547,-154.178331829347,3.62870761636066
