"","median","5%","95%"
"scen1",1535.09507958464,984.988823297737,1620.51619581643
"scen2",722.244091282882,507.545892531449,825.243754235988
"scen3",-1621.33514528175,-1901.35967618121,-1257.5285874753
"scen4",-3636.75864531942,-4353.94690448761,-2215.73559847614
"scen5",1231.44123861298,1105.52944961566,1830.43432445582
