"","median","5%","95%"
"scen1",142.138526259312,-83.7849861103552,1772.80635634039
"scen2",120.457557567733,-8.44065854212485,1136.14727413895
"scen3",-217.481291846191,-1707.90893562882,-17.6475028053642
"scen4",-712.303762561189,-3024.20987611966,-316.217433358471
"scen5",-9.39923324904946,-145.399152562333,9.77213643400496
