"","median","5%","95%"
"scen1",48.7210686320961,32.6226707929295,251.760016373323
"scen2",-120.833059687007,-307.737060373164,8.50578097977239
"scen3",-469.287645905621,-564.882455918639,-361.71560148141
"scen4",-3770.40540151052,-5214.6239955379,-2150.10376383972
"scen5",505.730334065396,452.227370543627,664.10305996531
