"","median","5%","95%"
"scen1",458.379488575016,394.638996972267,639.041531876274
"scen2",-270.95504157715,-336.501835954373,-216.364818826117
"scen3",333.885057737895,232.466046692473,421.800240093785
