"","median","5%","95%"
"walking",66.8164860346799,6.56816982908347,477.892955996547
"bicycle",42.5628792457504,5.37653515609775,347.402433946836
"car",-28.1514365488657,-199.588628020017,-3.72565548281572
"motorcycle",-103.594083679532,-791.907121584486,-12.6293970216144
"bus",-4.30826279217773,-38.0607092893285,1.05131693879369
