"","median","5%","95%"
"scen1",-51.9919959998941,-224.522065949124,100.126442657605
"scen2",-18.0829719309308,-35.9894700610804,107.854668859255
"scen3",-28.3443068786797,-201.480477025528,-3.83312703178895
"scen4",-536.92829469524,-939.318975038204,-265.999959424936
"scen5",3.67704951188382,-5.38652666912251,15.0804932229591
