"","median","5%","95%"
"walking",225.614101620469,22.1999131298809,1619.57661130449
"bicycle",138.276997037486,17.6620241688823,1144.62599394472
"car",-99.9208308387794,-688.717178328283,-13.1475968620366
"motorcycle",-335.38288782777,-2585.21004619317,-41.8628638865005
"bus",-15.5915390857504,-136.219039096228,3.52534726285775
