"","median","5%","95%"
"scen1",886.430801437177,658.720823334314,1112.676666325
"scen2",-358.617549094152,-511.443619154399,-264.199074081032
"scen3",458.306466352721,295.358142615386,669.250105641713
