"","median","5%","95%"
"scen1",138.543690779822,85.5717023543007,196.144761714347
"scen2",-74.3712796925656,-92.785958456487,-47.7179031175274
"scen3",134.628357750485,93.0257575950052,159.286492292439
