"","median","5%","95%"
"scen1",267.378368567751,254.995327593322,279.761409542179
"scen2",-131.194858442722,-136.684757984778,-125.704958900665
"scen3",310.561541702506,295.597037946293,325.52604545872
"scen4",-41.4328366262733,-54.2046274213887,-28.6610458311578
