"","median","5%","95%"
"scen1",81.4453093309021,79.9680340414336,82.9225846203707
"scen2",-40.9161140761673,-42.9029901011397,-38.9292380511949
"scen3",138.622235348272,135.579051671533,141.665419025011
"scen4",-238.166442838077,-252.151597691725,-224.18128798443
