"","median","5%","95%"
"scen1",100.671055393718,87.0950944050008,114.247016382436
"scen2",-58.9963498317005,-60.8368337473459,-57.1558659160552
"scen3",159.222875473024,140.626712712017,177.819038234031
"scen4",2026.79496217043,1995.66553820522,2057.92438613564
