"","median","5%","95%"
"scen1",319.973634429729,269.830245342047,428.784933679023
"scen2",-55.0698681573409,-93.7770869640277,-31.5931906219602
"scen3",90.220301036667,70.1309335485333,129.202692519275
