"","median","5%","95%"
"scen1",156.782542667294,127.28445301282,192.146537794649
"scen2",-30.3881536126958,-39.8238730484798,-23.274332246433
"scen3",46.0325261809528,32.7314108691746,69.9197164133679
