"","median","5%","95%"
"scen1",481.628050311009,361.943571352356,577.313456508239
"scen2",-81.1822917228959,-101.276445264476,-44.9956548789677
"scen3",135.546804663637,99.0288993622676,208.665808960737
