"","median","5%","95%"
"scen1",196.648501950064,177.523495667254,231.463463394708
"scen2",-12.709431242304,-22.6743160001831,-11.4269597582457
"scen3",60.528410121636,41.9188484744306,82.658133926098
