"","median","5%","95%"
"scen1",361.997602965694,251.878946861942,503.120613319101
"scen2",-81.3395363142059,-108.583059290082,-53.9116412702078
"scen3",61.3337994875511,42.479613853979,125.735370582175
