"","median","5%","95%"
"scen1",26.813886105073,-215.907838799651,113.710397188117
"scen2",-13.9108484729746,-29.3293870352057,-3.67272383701356
"scen3",35.6988387801339,22.4288076704792,57.7728843168776
