"","median","5%","95%"
"scen1",108.311251182977,-46.2262850059906,1064.54136985051
"scen2",14.4642868503569,-7.33846705149439,157.87047331684
"scen3",-15.4097859233471,-131.939646922291,0.380539865036319
"scen4",-1394.10918412762,-3099.07881022542,-652.365214068669
"scen5",-2.21094010426839,-63.0986815519233,20.0433801900895
