"","median","5%","95%"
"scen1",107.207795195138,74.7405441504923,213.638414276475
"scen2",-97.0308394069936,-148.113140319775,-77.964685938831
"scen3",66.2013128435199,41.1589550965073,89.2282119767248
