"","median","5%","95%"
"walking",94.048562122828,-79.5344577074205,1348.03141651092
"bicycle",4.20385688277485,-2.38554527781515,49.5545621302024
"car",-11.632991530643,-177.511868921654,4.06852834432885
"motorcycle",-3399.99889652058,-6544.05576467787,-2226.36373081535
"bus",-3.89361747725469,-112.000830376107,27.3647882378627
