"","median","5%","95%"
"scen1",-24.4558170657714,-199.188128141592,64.3327562715507
"scen2",-9.84066577451653,-18.7324090587957,6.36744790013921
"scen3",-33.4569957066378,-91.0784994976534,-4.99872086522244
"scen4",-2259.70335093037,-5079.09966365466,-997.973194209093
"scen5",4.68942474202093,0.797016531119485,13.7266778158043
