"","median","5%","95%"
"scen1",91.0096034874272,-114.063085585801,1035.00557498956
"scen2",11.6409877924829,-13.046661100534,174.100600866711
"scen3",-123.410692140497,-674.781587474824,-38.0015681942674
"scen4",-1635.70140677173,-3356.43480499915,-876.561320919849
"scen5",1.86540328301727,-57.427372556757,21.403293316702
