"","median","5%","95%"
"scen1",182.205173472301,172.678249908961,203.51116852038
"scen2",21.6989783197745,3.200252658598,44.2731073736312
"scen3",-317.361055023596,-364.98638185023,-272.516579682632
"scen4",-824.275334046275,-2121.49289414117,-577.57306147201
"scen5",183.216323917533,154.46261291789,202.876028168553
