"","median","5%","95%"
"scen1",-24.5949495644918,-199.188128141592,64.3327562715507
"scen2",-13.4560637897511,-24.0595528097706,2.71558108238551
"scen3",0.54793593747716,-8.1992793128194,8.81279285557371
"scen4",-2258.49530778996,-5058.15863580869,-995.961813764035
"scen5",4.69070327560707,0.851354801815311,13.8347328034278
