"","median","5%","95%"
"walking",389.118770612398,-4.08968742698713,4133.78698486729
"bicycle",16.8317944718422,-0.11872682942667,147.070803129012
"car",-42.0511400909402,-526.008676933047,-0.983224055151397
"motorcycle",-2299.77733774216,-5355.03169640248,-682.933017978872
"bus",-28.1691309708673,-336.828503139111,78.8757335114112
