"","median","5%","95%"
"walking",1.25030961680962,-143.902492517093,317.056605232154
"bicycle",-0.654090195045302,-3.8628590622942,13.2459169692422
"car",-0.342593705759801,-39.2583473467255,8.23941858980834
"motorcycle",-3800.3155165282,-6919.28984005818,-2536.0792191385
"bus",3.54073552971183,-18.865986216093,16.7875351990842
