"","median","5%","95%"
"scen1",-55.588865670624,-353.372253098348,71.9394679851251
"scen2",-22.2330261953156,-35.4129177396355,-4.90578851991935
"scen3",-79.5882253514218,-156.843783298157,-25.7519542361874
"scen4",-2418.74511113746,-4857.52521315035,-1249.34911667682
"scen5",11.2570894950349,4.34498009572439,27.577644453061
