"","median","5%","95%"
"scen1",-127.712851215191,-160.239747244305,-68.9141373699522
"scen2",-126.738729385921,-219.585047715991,-71.2344784650886
"scen3",-188.884783662268,-194.698373312553,-181.450553821364
"scen4",-1355.17166330141,-5046.99442864888,-918.474359538582
"scen5",148.053787964361,131.122058505653,170.478479674445
