"","median","5%","95%"
"scen1",-17.9244794367717,-55.8955186656351,27.3452892162304
"scen2",-32.1450996450887,-52.0474094447518,-26.1677818680532
"scen3",30.7658102005655,22.3522883491838,37.641400296178
