"","median","5%","95%"
"scen1",108.296450473659,-46.2262850059906,1064.54136985051
"scen2",18.7828832262264,-4.91421803259045,181.299289417985
"scen3",-100.22618383818,-656.924119541126,-21.563945178726
"scen4",-1403.59650939219,-3145.37604165399,-660.240451372376
"scen5",-2.08426478811857,-63.169016186344,18.94890820896
