"","median","5%","95%"
"walking",780.946567034646,-117.937224561729,8908.22676541053
"bicycle",-142.296970887525,-314.234496263103,514.573836102296
"car",-1.10945084822017,-12.3675176471454,1.34242649976747
"motorcycle",-1027.73377695412,-4375.48412609549,-356.595557357104
"bus",-3.12611200929714,-48.6499863565121,3.16120006223108
