"","median","5%","95%"
"walking",364.901136751269,251.966395786099,521.535455284316
"bicycle",68.6351175889871,33.6825414737638,111.837632778554
"car",-0.188861129310452,-0.52881204060924,0.200510725407129
"motorcycle",-916.718207316801,-1173.26297341599,-711.511779962437
"bus",3.79483407489165,2.20561960650561,6.14534047967971
