"","median","5%","95%"
"walking",40.3592425950529,14.6298944632685,65.1031802927266
"bicycle",-29.3102994529703,-46.7647585194903,-17.255923198565
"car",-0.412612888800461,-0.783696653466297,-0.0247399389661355
"motorcycle",-1040.43056878027,-1352.78906720315,-838.153518887207
"bus",0.361379707513329,0.160799936206517,0.606627149647751
