"","median","5%","95%"
"walking",365.891603640758,251.197679074503,522.835178275303
"bicycle",68.5074882742248,33.8251343456174,113.483052892842
"car",-0.195308708051947,-0.542615471534999,0.224731467415135
"motorcycle",-913.647760137612,-1184.41554720132,-712.370039933699
"bus",3.80938108934482,2.18934968156302,6.08950484942426
