"","median","5%","95%"
"walking",364.955834580282,251.966395786099,521.535455284316
"bicycle",68.6463412758335,33.6825414737638,111.837632778554
"car",-0.188733340634082,-0.528260848574737,0.200510725407129
"motorcycle",-916.718207316801,-1173.51795253982,-711.511779962437
"bus",3.79483407489165,2.20561960650561,6.13511831419524
