"","median","5%","95%"
"walking",353.600430539617,244.450283903396,510.374735283471
"bicycle",63.5996073074189,30.4083305488238,106.846424094548
"car",-0.159763279401561,-0.489048274612578,0.252391979002638
"motorcycle",-902.737299681467,-1173.73212675358,-702.532052982162
"bus",3.66575475289081,2.1832954609782,5.87906190540152
