"","median","5%","95%"
"walking",367.473408937663,254.773093166865,520.332862670554
"bicycle",68.8249332579055,34.7315259407639,109.41804629972
"car",-0.181283840846913,-0.504726543230065,0.221443730595797
"motorcycle",-923.388682788588,-1181.27134059193,-719.184243642974
"bus",3.78624445133229,2.22283274556863,6.13798555313382
