"","median","5%","95%"
"scen1",220.963979264316,-164.584985612527,2242.98303501635
"scen2",-195.060846702342,-367.342041728281,450.614597725483
"scen3",-42.6634268928154,-243.166205770589,29.5301964110077
"scen4",-1172.4348200257,-2250.1416691356,-775.796830707379
"scen5",0.123629805081552,-5.5240999177589,5.79971618238558
