"","median","5%","95%"
"walking",225.752430657582,-91.5888475998797,2817.92020780397
"bicycle",-407.267855505891,-682.767819344175,-185.624646646653
"car",-1.3594574003363,-5.1718620084173,0.443401785455915
"motorcycle",-2172.21862444562,-5123.51306303134,-1313.23777755865
"bus",-0.715909137212216,-15.9868159145318,1.16779928048232
