"","median","5%","95%"
"walking",113.540026879745,74.0077366906666,163.292792868484
"bicycle",-7.07304217816662,-27.1418595717255,11.1781226810484
"car",-0.37115598045094,-0.683287223570902,-0.0494119968524183
"motorcycle",-1023.54704580299,-1279.35893319207,-829.750148195299
"bus",1.13760276743485,0.696883194542764,1.81747648972464
