"","median","5%","95%"
"walking",110.631604859934,71.862401158744,159.33847488024
"bicycle",-8.60411258090289,-27.6094880661709,8.94412911278366
"car",-0.356665308713024,-0.665936807817956,-0.0273803250689225
"motorcycle",-1013.28885408862,-1273.37871730709,-828.323597329282
"bus",1.10300054640956,0.684834889402206,1.73302151957209
