"","median","5%","95%"
"walking",40.3592425950529,14.5727857666845,65.1031802927266
"bicycle",-29.3110595181017,-46.7647585194903,-17.255923198565
"car",-0.412345903837782,-0.783696653466297,-0.0245426259921213
"motorcycle",-1040.43056878027,-1352.78906720315,-838.153518887207
"bus",0.361624460199972,0.160587272383674,0.606524444161252
