"","median","5%","95%"
"scen1",495.969167766115,413.450294346509,807.27485042307
"scen2",-160.116934866642,-252.00902356504,-136.341095905716
"scen3",195.554840593915,147.644784424299,253.63434813438
