"","median","5%","95%"
"walking",364.901136751269,251.966395786099,521.535455284316
"bicycle",68.6640782106819,33.6156644432829,111.837632778554
"car",-0.18871762391054,-0.528260848574737,0.201305951209189
"motorcycle",-916.649043625703,-1173.26297341599,-711.511779962437
"bus",3.79753000078606,2.20651953824262,6.14534047967971
