"","median","5%","95%"
"walking",69.272899386911,-164.255288586236,1118.09024083485
"bicycle",-490.245052628319,-826.508832054061,-312.571329090272
"car",-1.44808507581209,-3.70613537219683,0.697031357952119
"motorcycle",-2437.60385129019,-5441.80312988599,-1491.18538695779
"bus",-0.00416625750833598,-7.65069061575625,1.15786877328255
