"","median","5%","95%"
"scen1",65.1072824408171,-158.697568709442,1203.35180392843
"scen2",-518.683310662816,-877.755014154921,-326.039999445265
"scen3",-153.33536104643,-428.322917730729,-86.8140893438762
"scen4",-2455.42427684536,-5203.66668496064,-1516.52063385911
"scen5",0.0377760575422335,-7.69275237283653,1.16001371862213
