"","median","5%","95%"
"scen1",682.593476839595,-118.465248705893,9378.36094130749
"scen2",-153.119698046118,-310.728781170273,498.532162562539
"scen3",-1.10173453827502,-14.6607860292353,1.44540940860746
"scen4",-1015.94532634954,-4077.76990819153,-217.331731208407
"scen5",-2.92740343740211,-46.7463381915689,3.64269033346974
