"","median","5%","95%"
"scen1",39.4334091396366,-43.2789078117653,121.156071199058
"scen2",-43.7086264022604,-65.7623416888697,-19.7895086870934
"scen3",79.9727376946921,66.6734866176346,89.7223311185438
