"","median","5%","95%"
"scen1",79.019529798584,8.29307096743314,281.967312322364
"scen2",-120.502839684202,-417.58816071312,25.8578952732435
"scen3",-129.659883769225,-238.600555628403,-87.3836534203374
"scen4",-3549.21421920713,-7777.45954882237,-2958.79720154006
"scen5",528.939503341583,496.782118211688,580.587781132751
