"","median","5%","95%"
"scen1",1524.43744669482,1028.64250536416,1885.38425693334
"scen2",471.114510742577,250.298574065673,693.888530547756
"scen3",-312.233927476908,-426.53730221383,-254.317294518407
"scen4",-2846.43940586502,-4284.51661565555,-2604.70324176819
"scen5",812.479266590188,720.784246373528,970.147787480009
