"","median","5%","95%"
"walking",41.2841560730987,15.737299671202,66.2262245022198
"bicycle",-28.9186300112437,-46.5590954398266,-16.5330754826428
"car",-0.422715642436077,-0.789641021920932,-0.0426742657370312
"motorcycle",-1049.21044010947,-1359.16773770561,-836.93354345716
"bus",0.380070426532261,0.16875587403787,0.630463452662753
