"","median","5%","95%"
"walking",69.053101891498,-164.255288586236,1118.09024083485
"bicycle",-490.216048054206,-826.508832054061,-312.571329090272
"car",-1.45556740189251,-3.79862641172729,0.672447221125679
"motorcycle",-2439.31834911076,-5441.80312988599,-1491.18538695779
"bus",-0.00416625750833598,-7.65069061575625,1.14630544472353
