"","median","5%","95%"
"scen1",682.593476839595,-118.465248705893,9378.36094130749
"scen2",-169.493921636761,-339.071501337063,522.077417780582
"scen3",-98.7332334490141,-1394.87286371668,49.4040497652496
"scen4",-1036.96995597315,-4219.2205512011,-255.137922250146
"scen5",-2.93175430090915,-45.8219159015886,3.60152436324517
