"","median","5%","95%"
"walking",780.946567034646,-117.937224561729,8908.22676541053
"bicycle",-142.296970887525,-312.826306953174,514.573836102296
"car",-1.10945084822017,-12.5288491590355,1.27170750719235
"motorcycle",-1029.19151810464,-4375.48412609549,-356.595557357104
"bus",-3.12611200929714,-48.6499863565121,3.16120006223108
