"","median","5%","95%"
"scen1",-19.1965959795233,-486.825094268868,209.382433186984
"scen2",-531.378173524086,-746.636524575036,-360.753060991297
"scen3",-78.167398843239,-209.697734250731,-7.75149161265762
"scen4",-2163.99679640871,-3235.086622281,-1578.15506473044
"scen5",0.985174932346475,0.139618451097008,2.75081828917024
