"","median","5%","95%"
"walking",41.2841560730987,15.737299671202,66.2262245022198
"bicycle",-28.9240083737049,-46.5590954398266,-16.5330754826428
"car",-0.422602807830291,-0.789785659790503,-0.0426742657370312
"motorcycle",-1049.21044010947,-1359.16773770561,-836.93354345716
"bus",0.380070426532261,0.16900318925618,0.630463452662753
