"","median","5%","95%"
"scen1",65.1072824408171,-158.697568709442,1203.35180392843
"scen2",-494.070912157881,-827.896859040207,-307.735028883329
"scen3",-1.44482493848084,-4.1891081257933,0.76662243789092
"scen4",-2436.85993878064,-5161.40375718421,-1504.61305220615
"scen5",0.041614465544357,-7.67439519728137,1.14717667813387
