"","median","5%","95%"
"walking",41.3998297847656,15.8476846625217,66.5908415317526
"bicycle",-28.9464461558559,-46.7896265997353,-16.4463650059461
"car",-0.417616947451636,-0.783174087832096,-0.0374714319263021
"motorcycle",-1048.63493293342,-1355.4440990227,-837.598119188065
"bus",0.378061312216072,0.166875237480357,0.630125120378456
