"","median","5%","95%"
"walking",39.3032476654811,13.7903099980853,64.1475215261589
"bicycle",-29.442748920508,-47.7114602805554,-16.7808438225561
"car",-0.407530930955568,-0.767872329252919,-0.0320680539600598
"motorcycle",-1036.76562405711,-1318.44462327238,-845.74459278735
"bus",0.374627152148608,0.162760997691851,0.635484118935361
