"","median","5%","95%"
"walking",353.55151160118,244.450283903396,510.374735283471
"bicycle",63.5996073074189,30.4083305488238,106.846424094548
"car",-0.159714850609005,-0.489048274612578,0.250977516083046
"motorcycle",-902.737299681467,-1173.73212675358,-702.532052982162
"bus",3.66615998348973,2.18300682001668,5.88062012518933
