"","median","5%","95%"
"walking",113.491180965127,74.0260282577743,163.949665808889
"bicycle",-6.9056603182874,-26.7883848481794,11.2551622782296
"car",-0.365229025209173,-0.678001907309628,-0.03861818996529
"motorcycle",-1023.20977975793,-1282.15868668839,-828.861257749218
"bus",1.14158474855088,0.699736347563685,1.80061224171877
