"","median","5%","95%"
"scen1",129.687158380563,91.1890065275283,170.2865808244
"scen2",-35.7241887126537,-49.7918748879083,-28.9650728436436
"scen3",57.4122017016627,38.6352023403696,82.9677614680113
