"","median","5%","95%"
"scen1",306.179634238153,203.407554680921,466.38293701267
"scen2",-74.3122141224909,-117.189471910843,-57.0741653132491
"scen3",122.493576418401,68.7077428065293,197.470114661273
