"","median","5%","95%"
"scen1",148.69980787281,74.1918576959412,217.495071549097
"scen2",-20.5723840349152,-33.9998753744761,-9.32794349879182
"scen3",34.811819658165,23.646775769629,55.4909835666591
