"","median","5%","95%"
"scen1",395.550745290416,277.651956082263,616.37892798725
"scen2",-64.8153791704402,-140.348167487356,-42.3501879085729
"scen3",82.5296997310747,50.5657405901666,139.826000587676
