"","median","5%","95%"
"scen1",872.690013794894,629.621414150961,1251.44924696484
"scen2",178.597602589552,92.0108243913826,510.979728995509
"scen3",-3919.37242285277,-5019.9464501887,-3534.51375871326
"scen4",-851.137882149894,-1038.01884930815,-754.095483407631
"scen5",436.281250235726,267.695818230011,616.040221822035
