"","median","5%","95%"
"scen1",17.2811714110205,-26.4217460663924,196.226763909628
"scen2",80.7839197084462,63.3703610175913,176.957637563731
"scen3",-2787.849667805,-5747.32668363325,-2491.87941033605
"scen4",-1200.28574228856,-1705.05152078093,-965.679436270086
"scen5",832.61525840386,744.126378613581,884.888965063233
