cas_age,cas_gender,cas_mode_original,strike_mode_original,year,cas_mode,strike_mode,cas_mode_2nd,strike_mode_2nd,cas_mode_3rd,strike_mode_3rd,cas_mode_4th,strike_mode_4th,cas_mode_5th,strike_mode_5th
20,Female,pedestrian,car,2012,pedestrian,car,pedestrian,car,pedestrian,car,pedestrian,car,pedestrian,car
15,Female,pedestrian,car,2012,pedestrian,car,pedestrian,car,pedestrian,car,pedestrian,car,pedestrian,car
5,Male,pedestrian,truck,2012,pedestrian,truck,pedestrian,truck,pedestrian,truck,pedestrian,truck,pedestrian,truck
25,Male,pedestrian,car,2012,pedestrian,car,pedestrian,car,pedestrian,car,pedestrian,car,pedestrian,car
2,Male,pedestrian,car,2012,pedestrian,car,pedestrian,car,pedestrian,car,pedestrian,car,pedestrian,car
30,Female,pedestrian,car,2012,pedestrian,car,pedestrian,car,pedestrian,car,pedestrian,car,pedestrian,car
37,Male,pedestrian,car,2012,pedestrian,car,pedestrian,car,pedestrian,car,pedestrian,car,pedestrian,car
40,Male,pedestrian,car,2012,pedestrian,car,pedestrian,car,pedestrian,car,pedestrian,car,pedestrian,car
52,Female,pedestrian,car,2012,pedestrian,car,pedestrian,car,pedestrian,car,pedestrian,car,pedestrian,car
57,Female,pedestrian,bus,2012,pedestrian,bus,pedestrian,bus,pedestrian,bus,pedestrian,bus,pedestrian,bus
51,Male,pedestrian,motorcycle,2012,pedestrian,motorcycle,pedestrian,motorcycle,pedestrian,motorcycle,pedestrian,motorcycle,pedestrian,motorcycle
24,Male,pedestrian,car,2012,pedestrian,car,pedestrian,car,pedestrian,car,pedestrian,car,pedestrian,car
43,Female,pedestrian,bus,2012,pedestrian,bus,pedestrian,bus,pedestrian,bus,pedestrian,bus,pedestrian,bus
36,Male,pedestrian,truck,2012,pedestrian,truck,pedestrian,truck,pedestrian,truck,pedestrian,truck,pedestrian,truck
38,Female,pedestrian,bus,2012,pedestrian,bus,pedestrian,bus,pedestrian,bus,pedestrian,bus,pedestrian,bus
33,Male,pedestrian,car,2012,pedestrian,car,pedestrian,car,pedestrian,car,pedestrian,car,pedestrian,car
43,Female,pedestrian,car,2012,pedestrian,car,pedestrian,car,pedestrian,car,pedestrian,car,pedestrian,car
58,Male,pedestrian,car,2012,pedestrian,car,pedestrian,car,pedestrian,car,pedestrian,car,pedestrian,car
31,Male,pedestrian,car,2012,pedestrian,car,pedestrian,car,pedestrian,car,pedestrian,car,pedestrian,car
57,Male,pedestrian,car,2012,pedestrian,car,pedestrian,car,pedestrian,car,pedestrian,car,pedestrian,car
26,Male,pedestrian,car,2012,pedestrian,car,pedestrian,car,pedestrian,car,pedestrian,car,pedestrian,car
28,Male,pedestrian,car,2012,pedestrian,car,pedestrian,car,pedestrian,car,pedestrian,car,pedestrian,car
26,Male,pedestrian,motorcycle,2012,pedestrian,motorcycle,pedestrian,motorcycle,pedestrian,motorcycle,pedestrian,motorcycle,pedestrian,motorcycle
35,Male,pedestrian,car,2012,pedestrian,car,pedestrian,car,pedestrian,car,pedestrian,car,pedestrian,car
31,Male,pedestrian,car,2012,pedestrian,car,pedestrian,car,pedestrian,car,pedestrian,car,pedestrian,car
30,Male,pedestrian,car,2012,pedestrian,car,pedestrian,car,pedestrian,car,pedestrian,car,pedestrian,car
65,Male,pedestrian,car,2012,pedestrian,car,pedestrian,car,pedestrian,car,pedestrian,car,pedestrian,car
32,Male,pedestrian,car,2012,pedestrian,car,pedestrian,car,pedestrian,car,pedestrian,car,pedestrian,car
41,Female,pedestrian,car,2012,pedestrian,car,pedestrian,car,pedestrian,car,pedestrian,car,pedestrian,car
18,Male,pedestrian,car,2012,pedestrian,car,pedestrian,car,pedestrian,car,pedestrian,car,pedestrian,car
36,Male,pedestrian,truck,2012,pedestrian,truck,pedestrian,truck,pedestrian,truck,pedestrian,truck,pedestrian,truck
63,Female,pedestrian,car,2012,pedestrian,car,pedestrian,car,pedestrian,car,pedestrian,car,pedestrian,car
47,Male,pedestrian,motorcycle,2012,pedestrian,motorcycle,pedestrian,motorcycle,pedestrian,motorcycle,pedestrian,motorcycle,pedestrian,motorcycle
32,Male,pedestrian,car,2012,pedestrian,car,pedestrian,car,pedestrian,car,pedestrian,car,pedestrian,car
20,Female,pedestrian,car,2012,pedestrian,car,pedestrian,car,pedestrian,car,pedestrian,car,pedestrian,car
42,Female,pedestrian,truck,2012,pedestrian,truck,pedestrian,truck,pedestrian,truck,pedestrian,truck,pedestrian,truck
2,Female,pedestrian,car,2012,pedestrian,car,pedestrian,car,pedestrian,car,pedestrian,car,pedestrian,car
7,Male,pedestrian,car,2012,pedestrian,car,pedestrian,car,pedestrian,car,pedestrian,car,pedestrian,car
27,Male,pedestrian,car,2012,pedestrian,car,pedestrian,car,pedestrian,car,pedestrian,car,pedestrian,car
37,Male,pedestrian,car,2012,pedestrian,car,pedestrian,car,pedestrian,car,pedestrian,car,pedestrian,car
36,Male,pedestrian,car,2012,pedestrian,car,pedestrian,car,pedestrian,car,pedestrian,car,pedestrian,car
36,Male,pedestrian,car,2012,pedestrian,car,pedestrian,car,pedestrian,car,pedestrian,car,pedestrian,car
26,Male,pedestrian,car,2012,pedestrian,car,pedestrian,car,pedestrian,car,pedestrian,car,pedestrian,car
NA,Female,pedestrian,truck,2012,pedestrian,truck,pedestrian,truck,pedestrian,truck,pedestrian,truck,pedestrian,truck
47,Male,pedestrian,car,2012,pedestrian,car,pedestrian,car,pedestrian,car,pedestrian,car,pedestrian,car
51,Male,pedestrian,car,2012,pedestrian,car,pedestrian,car,pedestrian,car,pedestrian,car,pedestrian,car
23,Male,pedestrian,car,2012,pedestrian,car,pedestrian,car,pedestrian,car,pedestrian,car,pedestrian,car
57,Male,pedestrian,car,2012,pedestrian,car,pedestrian,car,pedestrian,car,pedestrian,car,pedestrian,car
41,Male,pedestrian,car,2012,pedestrian,car,pedestrian,car,pedestrian,car,pedestrian,car,pedestrian,car
41,Male,pedestrian,car,2012,pedestrian,car,pedestrian,car,pedestrian,car,pedestrian,car,pedestrian,car
22,Female,pedestrian,car,2012,pedestrian,car,pedestrian,car,pedestrian,car,pedestrian,car,pedestrian,car
35,Male,pedestrian,car,2012,pedestrian,car,pedestrian,car,pedestrian,car,pedestrian,car,pedestrian,car
47,Female,pedestrian,car,2012,pedestrian,car,pedestrian,car,pedestrian,car,pedestrian,car,pedestrian,car
80,Male,pedestrian,truck,2012,pedestrian,truck,pedestrian,truck,pedestrian,truck,pedestrian,truck,pedestrian,truck
46,Male,pedestrian,car,2012,pedestrian,car,pedestrian,car,pedestrian,car,pedestrian,car,pedestrian,car
NA,Male,pedestrian,car,2012,pedestrian,car,pedestrian,car,pedestrian,car,pedestrian,car,pedestrian,car
32,Male,pedestrian,car,2012,pedestrian,car,pedestrian,car,pedestrian,car,pedestrian,car,pedestrian,car
21,Male,pedestrian,car,2012,pedestrian,car,pedestrian,car,pedestrian,car,pedestrian,car,pedestrian,car
21,Female,pedestrian,car,2012,pedestrian,car,pedestrian,car,pedestrian,car,pedestrian,car,pedestrian,car
10,Female,pedestrian,bus,2012,pedestrian,bus,pedestrian,bus,pedestrian,bus,pedestrian,bus,pedestrian,bus
44,Male,pedestrian,car,2012,pedestrian,car,pedestrian,car,pedestrian,car,pedestrian,car,pedestrian,car
30,Male,pedestrian,car,2012,pedestrian,car,pedestrian,car,pedestrian,car,pedestrian,car,pedestrian,car
42,Male,pedestrian,car,2012,pedestrian,car,pedestrian,car,pedestrian,car,pedestrian,car,pedestrian,car
43,Male,pedestrian,car,2012,pedestrian,car,pedestrian,car,pedestrian,car,pedestrian,car,pedestrian,car
48,Female,pedestrian,truck,2012,pedestrian,truck,pedestrian,truck,pedestrian,truck,pedestrian,truck,pedestrian,truck
39,Male,pedestrian,bus,2012,pedestrian,bus,pedestrian,bus,pedestrian,bus,pedestrian,bus,pedestrian,bus
34,Female,pedestrian,truck,2012,pedestrian,truck,pedestrian,truck,pedestrian,truck,pedestrian,truck,pedestrian,truck
62,Male,pedestrian,car,2012,pedestrian,car,pedestrian,car,pedestrian,car,pedestrian,car,pedestrian,car
15,Male,pedestrian,truck,2012,pedestrian,truck,pedestrian,truck,pedestrian,truck,pedestrian,truck,pedestrian,truck
60,Female,pedestrian,car,2012,pedestrian,car,pedestrian,car,pedestrian,car,pedestrian,car,pedestrian,car
18,Male,pedestrian,truck,2012,pedestrian,truck,pedestrian,truck,pedestrian,truck,pedestrian,truck,pedestrian,truck
37,Male,pedestrian,truck,2012,pedestrian,truck,pedestrian,truck,pedestrian,truck,pedestrian,truck,pedestrian,truck
40,Male,pedestrian,car,2012,pedestrian,car,pedestrian,car,pedestrian,car,pedestrian,car,pedestrian,car
12,Male,pedestrian,bus,2012,pedestrian,bus,pedestrian,bus,pedestrian,bus,pedestrian,bus,pedestrian,bus
33,Male,pedestrian,bus,2012,pedestrian,bus,pedestrian,bus,pedestrian,bus,pedestrian,bus,pedestrian,bus
58,Male,pedestrian,car,2012,pedestrian,car,pedestrian,car,pedestrian,car,pedestrian,car,pedestrian,car
49,Male,pedestrian,car,2012,pedestrian,car,pedestrian,car,pedestrian,car,pedestrian,car,pedestrian,car
77,Male,pedestrian,car,2012,pedestrian,car,pedestrian,car,pedestrian,car,pedestrian,car,pedestrian,car
25,Male,pedestrian,bus,2012,pedestrian,bus,pedestrian,bus,pedestrian,bus,pedestrian,bus,pedestrian,bus
43,Male,pedestrian,bus,2012,pedestrian,bus,pedestrian,bus,pedestrian,bus,pedestrian,bus,pedestrian,bus
43,Male,pedestrian,bus,2012,pedestrian,bus,pedestrian,bus,pedestrian,bus,pedestrian,bus,pedestrian,bus
33,Male,pedestrian,car,2012,pedestrian,car,pedestrian,car,pedestrian,car,pedestrian,car,pedestrian,car
21,Male,pedestrian,car,2012,pedestrian,car,pedestrian,car,pedestrian,car,pedestrian,car,pedestrian,car
42,Male,pedestrian,truck,2012,pedestrian,truck,pedestrian,truck,pedestrian,truck,pedestrian,truck,pedestrian,truck
13,Female,pedestrian,car,2012,pedestrian,car,pedestrian,car,pedestrian,car,pedestrian,car,pedestrian,car
35,Male,pedestrian,car,2012,pedestrian,car,pedestrian,car,pedestrian,car,pedestrian,car,pedestrian,car
27,Male,pedestrian,car,2012,pedestrian,car,pedestrian,car,pedestrian,car,pedestrian,car,pedestrian,car
27,Male,pedestrian,car,2012,pedestrian,car,pedestrian,car,pedestrian,car,pedestrian,car,pedestrian,car
36,Male,pedestrian,bus,2012,pedestrian,bus,pedestrian,bus,pedestrian,bus,pedestrian,bus,pedestrian,bus
17,Male,pedestrian,car,2012,pedestrian,car,pedestrian,car,pedestrian,car,pedestrian,car,pedestrian,car
73,Male,pedestrian,car,2012,pedestrian,car,pedestrian,car,pedestrian,car,pedestrian,car,pedestrian,car
27,Female,pedestrian,car,2012,pedestrian,car,pedestrian,car,pedestrian,car,pedestrian,car,pedestrian,car
52,Female,pedestrian,car,2012,pedestrian,car,pedestrian,car,pedestrian,car,pedestrian,car,pedestrian,car
29,Male,pedestrian,truck,2012,pedestrian,truck,pedestrian,truck,pedestrian,truck,pedestrian,truck,pedestrian,truck
24,Male,pedestrian,car,2012,pedestrian,car,pedestrian,car,pedestrian,car,pedestrian,car,pedestrian,car
25,Male,pedestrian,car,2012,pedestrian,car,pedestrian,car,pedestrian,car,pedestrian,car,pedestrian,car
54,Male,pedestrian,car,2012,pedestrian,car,pedestrian,car,pedestrian,car,pedestrian,car,pedestrian,car
40,Male,pedestrian,truck,2012,pedestrian,truck,pedestrian,truck,pedestrian,truck,pedestrian,truck,pedestrian,truck
12,Male,pedestrian,car,2012,pedestrian,car,pedestrian,car,pedestrian,car,pedestrian,car,pedestrian,car
42,Male,pedestrian,bus,2012,pedestrian,bus,pedestrian,bus,pedestrian,bus,pedestrian,bus,pedestrian,bus
24,Female,pedestrian,car,2012,pedestrian,car,pedestrian,car,pedestrian,car,pedestrian,car,pedestrian,car
32,Female,pedestrian,car,2012,pedestrian,car,pedestrian,car,pedestrian,car,pedestrian,car,pedestrian,car
63,Male,pedestrian,car,2012,pedestrian,car,pedestrian,car,pedestrian,car,pedestrian,car,pedestrian,car
69,Female,pedestrian,bus,2012,pedestrian,bus,pedestrian,bus,pedestrian,bus,pedestrian,bus,pedestrian,bus
22,Male,pedestrian,car,2012,pedestrian,car,pedestrian,car,pedestrian,car,pedestrian,car,pedestrian,car
49,Male,pedestrian,bus,2012,pedestrian,bus,pedestrian,bus,pedestrian,bus,pedestrian,bus,pedestrian,bus
68,Female,pedestrian,car,2012,pedestrian,car,pedestrian,car,pedestrian,car,pedestrian,car,pedestrian,car
18,Male,pedestrian,truck,2012,pedestrian,truck,pedestrian,truck,pedestrian,truck,pedestrian,truck,pedestrian,truck
2,Female,pedestrian,truck,2012,pedestrian,truck,pedestrian,truck,pedestrian,truck,pedestrian,truck,pedestrian,truck
33,Male,pedestrian,car,2012,pedestrian,car,pedestrian,car,pedestrian,car,pedestrian,car,pedestrian,car
53,Male,pedestrian,car,2012,pedestrian,car,pedestrian,car,pedestrian,car,pedestrian,car,pedestrian,car
21,Male,pedestrian,car,2012,pedestrian,car,pedestrian,car,pedestrian,car,pedestrian,car,pedestrian,car
20,Female,pedestrian,car,2012,pedestrian,car,pedestrian,car,pedestrian,car,pedestrian,car,pedestrian,car
38,Male,pedestrian,car,2012,pedestrian,car,pedestrian,car,pedestrian,car,pedestrian,car,pedestrian,car
37,Female,pedestrian,bus,2012,pedestrian,bus,pedestrian,bus,pedestrian,bus,pedestrian,bus,pedestrian,bus
43,Female,pedestrian,car,2012,pedestrian,car,pedestrian,car,pedestrian,car,pedestrian,car,pedestrian,car
40,Male,pedestrian,bus,2012,pedestrian,bus,pedestrian,bus,pedestrian,bus,pedestrian,bus,pedestrian,bus
30,Male,pedestrian,bus,2012,pedestrian,bus,pedestrian,bus,pedestrian,bus,pedestrian,bus,pedestrian,bus
40,Male,pedestrian,bus,2012,pedestrian,bus,pedestrian,bus,pedestrian,bus,pedestrian,bus,pedestrian,bus
22,Male,pedestrian,bus,2012,pedestrian,bus,pedestrian,bus,pedestrian,bus,pedestrian,bus,pedestrian,bus
23,Male,pedestrian,car,2012,pedestrian,car,pedestrian,car,pedestrian,car,pedestrian,car,pedestrian,car
14,Female,pedestrian,car,2012,pedestrian,car,pedestrian,car,pedestrian,car,pedestrian,car,pedestrian,car
30,Male,pedestrian,car,2012,pedestrian,car,pedestrian,car,pedestrian,car,pedestrian,car,pedestrian,car
41,Male,pedestrian,car,2012,pedestrian,car,pedestrian,car,pedestrian,car,pedestrian,car,pedestrian,car
32,Male,pedestrian,car,2012,pedestrian,car,pedestrian,car,pedestrian,car,pedestrian,car,pedestrian,car
67,Male,pedestrian,car,2012,pedestrian,car,pedestrian,car,pedestrian,car,pedestrian,car,pedestrian,car
55,Male,pedestrian,car,2012,pedestrian,car,pedestrian,car,pedestrian,car,pedestrian,car,pedestrian,car
56,Male,pedestrian,car,2012,pedestrian,car,pedestrian,car,pedestrian,car,pedestrian,car,pedestrian,car
63,Female,pedestrian,car,2012,pedestrian,car,pedestrian,car,pedestrian,car,pedestrian,car,pedestrian,car
51,Female,pedestrian,car,2012,pedestrian,car,pedestrian,car,pedestrian,car,pedestrian,car,pedestrian,car
30,Male,pedestrian,car,2012,pedestrian,car,pedestrian,car,pedestrian,car,pedestrian,car,pedestrian,car
6,Female,pedestrian,car,2012,pedestrian,car,pedestrian,car,pedestrian,car,pedestrian,car,pedestrian,car
22,Male,pedestrian,car,2012,pedestrian,car,pedestrian,car,pedestrian,car,pedestrian,car,pedestrian,car
35,Male,pedestrian,car,2012,pedestrian,car,pedestrian,car,pedestrian,car,pedestrian,car,pedestrian,car
27,Male,pedestrian,car,2012,pedestrian,car,pedestrian,car,pedestrian,car,pedestrian,car,pedestrian,car
3,Female,pedestrian,car,2012,pedestrian,car,pedestrian,car,pedestrian,car,pedestrian,car,pedestrian,car
2,Male,pedestrian,bus,2012,pedestrian,bus,pedestrian,bus,pedestrian,bus,pedestrian,bus,pedestrian,bus
58,Male,pedestrian,car,2012,pedestrian,car,pedestrian,car,pedestrian,car,pedestrian,car,pedestrian,car
4,Female,pedestrian,car,2012,pedestrian,car,pedestrian,car,pedestrian,car,pedestrian,car,pedestrian,car
74,Male,pedestrian,car,2013,pedestrian,car,pedestrian,car,pedestrian,car,pedestrian,car,pedestrian,car
15,Male,pedestrian,car,2013,pedestrian,car,pedestrian,car,pedestrian,car,pedestrian,car,pedestrian,car
47,Male,pedestrian,bus,2013,pedestrian,bus,pedestrian,bus,pedestrian,bus,pedestrian,bus,pedestrian,bus
3,Male,pedestrian,car,2013,pedestrian,car,pedestrian,car,pedestrian,car,pedestrian,car,pedestrian,car
49,Male,pedestrian,truck,2013,pedestrian,truck,pedestrian,truck,pedestrian,truck,pedestrian,truck,pedestrian,truck
5,Male,pedestrian,car,2013,pedestrian,car,pedestrian,car,pedestrian,car,pedestrian,car,pedestrian,car
52,Male,pedestrian,car,2013,pedestrian,car,pedestrian,car,pedestrian,car,pedestrian,car,pedestrian,car
42,Male,pedestrian,bus,2013,pedestrian,bus,pedestrian,bus,pedestrian,bus,pedestrian,bus,pedestrian,bus
66,Male,pedestrian,car,2013,pedestrian,car,pedestrian,car,pedestrian,car,pedestrian,car,pedestrian,car
33,Male,pedestrian,car,2013,pedestrian,car,pedestrian,car,pedestrian,car,pedestrian,car,pedestrian,car
84,Male,pedestrian,car,2013,pedestrian,car,pedestrian,car,pedestrian,car,pedestrian,car,pedestrian,car
29,Male,pedestrian,car,2013,pedestrian,car,pedestrian,car,pedestrian,car,pedestrian,car,pedestrian,car
43,Male,pedestrian,car,2013,pedestrian,car,pedestrian,car,pedestrian,car,pedestrian,car,pedestrian,car
24,Male,pedestrian,truck,2013,pedestrian,truck,pedestrian,truck,pedestrian,truck,pedestrian,truck,pedestrian,truck
27,Male,pedestrian,motorcycle,2013,pedestrian,motorcycle,pedestrian,motorcycle,pedestrian,motorcycle,pedestrian,motorcycle,pedestrian,motorcycle
45,Male,pedestrian,car,2013,pedestrian,car,pedestrian,car,pedestrian,car,pedestrian,car,pedestrian,car
39,Male,pedestrian,car,2013,pedestrian,car,pedestrian,car,pedestrian,car,pedestrian,car,pedestrian,car
6,Male,pedestrian,bus,2013,pedestrian,bus,pedestrian,bus,pedestrian,bus,pedestrian,bus,pedestrian,bus
34,Male,pedestrian,motorcycle,2013,pedestrian,motorcycle,pedestrian,motorcycle,pedestrian,motorcycle,pedestrian,motorcycle,pedestrian,motorcycle
36,Male,pedestrian,car,2013,pedestrian,car,pedestrian,car,pedestrian,car,pedestrian,car,pedestrian,car
35,Male,pedestrian,car,2013,pedestrian,car,pedestrian,car,pedestrian,car,pedestrian,car,pedestrian,car
31,Male,pedestrian,car,2013,pedestrian,car,pedestrian,car,pedestrian,car,pedestrian,car,pedestrian,car
40,Male,pedestrian,car,2013,pedestrian,car,pedestrian,car,pedestrian,car,pedestrian,car,pedestrian,car
32,Male,pedestrian,car,2013,pedestrian,car,pedestrian,car,pedestrian,car,pedestrian,car,pedestrian,car
34,Male,pedestrian,car,2013,pedestrian,car,pedestrian,car,pedestrian,car,pedestrian,car,pedestrian,car
42,Male,pedestrian,truck,2013,pedestrian,truck,pedestrian,truck,pedestrian,truck,pedestrian,truck,pedestrian,truck
31,Male,pedestrian,car,2013,pedestrian,car,pedestrian,car,pedestrian,car,pedestrian,car,pedestrian,car
36,Male,pedestrian,truck,2013,pedestrian,truck,pedestrian,truck,pedestrian,truck,pedestrian,truck,pedestrian,truck
35,Male,pedestrian,car,2013,pedestrian,car,pedestrian,car,pedestrian,car,pedestrian,car,pedestrian,car
10,Male,pedestrian,truck,2013,pedestrian,truck,pedestrian,truck,pedestrian,truck,pedestrian,truck,pedestrian,truck
3,Male,pedestrian,car,2013,pedestrian,car,pedestrian,car,pedestrian,car,pedestrian,car,pedestrian,car
34,Male,pedestrian,truck,2013,pedestrian,truck,pedestrian,truck,pedestrian,truck,pedestrian,truck,pedestrian,truck
52,Male,pedestrian,car,2013,pedestrian,car,pedestrian,car,pedestrian,car,pedestrian,car,pedestrian,car
2,Male,pedestrian,car,2013,pedestrian,car,pedestrian,car,pedestrian,car,pedestrian,car,pedestrian,car
32,Female,pedestrian,car,2013,pedestrian,car,pedestrian,car,pedestrian,car,pedestrian,car,pedestrian,car
26,Male,pedestrian,car,2013,pedestrian,car,pedestrian,car,pedestrian,car,pedestrian,car,pedestrian,car
50,Male,pedestrian,truck,2013,pedestrian,truck,pedestrian,truck,pedestrian,truck,pedestrian,truck,pedestrian,truck
40,Male,pedestrian,car,2013,pedestrian,car,pedestrian,car,pedestrian,car,pedestrian,car,pedestrian,car
2,Male,pedestrian,car,2013,pedestrian,car,pedestrian,car,pedestrian,car,pedestrian,car,pedestrian,car
46,Female,pedestrian,car,2013,pedestrian,car,pedestrian,car,pedestrian,car,pedestrian,car,pedestrian,car
2,Male,pedestrian,car,2013,pedestrian,car,pedestrian,car,pedestrian,car,pedestrian,car,pedestrian,car
28,Male,pedestrian,motorcycle,2013,pedestrian,motorcycle,pedestrian,motorcycle,pedestrian,motorcycle,pedestrian,motorcycle,pedestrian,motorcycle
57,Female,pedestrian,car,2013,pedestrian,car,pedestrian,car,pedestrian,car,pedestrian,car,pedestrian,car
58,Male,pedestrian,bus,2013,pedestrian,bus,pedestrian,bus,pedestrian,bus,pedestrian,bus,pedestrian,bus
26,Male,pedestrian,car,2013,pedestrian,car,pedestrian,car,pedestrian,car,pedestrian,car,pedestrian,car
83,Male,pedestrian,car,2013,pedestrian,car,pedestrian,car,pedestrian,car,pedestrian,car,pedestrian,car
83,Female,pedestrian,car,2013,pedestrian,car,pedestrian,car,pedestrian,car,pedestrian,car,pedestrian,car
40,Male,pedestrian,car,2013,pedestrian,car,pedestrian,car,pedestrian,car,pedestrian,car,pedestrian,car
30,Male,pedestrian,car,2013,pedestrian,car,pedestrian,car,pedestrian,car,pedestrian,car,pedestrian,car
37,Male,pedestrian,car,2013,pedestrian,car,pedestrian,car,pedestrian,car,pedestrian,car,pedestrian,car
76,Male,pedestrian,car,2013,pedestrian,car,pedestrian,car,pedestrian,car,pedestrian,car,pedestrian,car
4,Male,pedestrian,car,2013,pedestrian,car,pedestrian,car,pedestrian,car,pedestrian,car,pedestrian,car
60,Female,pedestrian,truck,2013,pedestrian,truck,pedestrian,truck,pedestrian,truck,pedestrian,truck,pedestrian,truck
6,Male,pedestrian,car,2013,pedestrian,car,pedestrian,car,pedestrian,car,pedestrian,car,pedestrian,car
35,Male,pedestrian,car,2013,pedestrian,car,pedestrian,car,pedestrian,car,pedestrian,car,pedestrian,car
65,Male,pedestrian,car,2013,pedestrian,car,pedestrian,car,pedestrian,car,pedestrian,car,pedestrian,car
26,Female,pedestrian,car,2013,pedestrian,car,pedestrian,car,pedestrian,car,pedestrian,car,pedestrian,car
91,Male,pedestrian,car,2013,pedestrian,car,pedestrian,car,pedestrian,car,pedestrian,car,pedestrian,car
44,Male,pedestrian,car,2013,pedestrian,car,pedestrian,car,pedestrian,car,pedestrian,car,pedestrian,car
4,Female,pedestrian,car,2013,pedestrian,car,pedestrian,car,pedestrian,car,pedestrian,car,pedestrian,car
24,Male,pedestrian,car,2013,pedestrian,car,pedestrian,car,pedestrian,car,pedestrian,car,pedestrian,car
44,Male,pedestrian,bus,2013,pedestrian,bus,pedestrian,bus,pedestrian,bus,pedestrian,bus,pedestrian,bus
6,Female,pedestrian,car,2013,pedestrian,car,pedestrian,car,pedestrian,car,pedestrian,car,pedestrian,car
40,Male,pedestrian,car,2013,pedestrian,car,pedestrian,car,pedestrian,car,pedestrian,car,pedestrian,car
50,Male,pedestrian,car,2013,pedestrian,car,pedestrian,car,pedestrian,car,pedestrian,car,pedestrian,car
2,Male,pedestrian,car,2013,pedestrian,car,pedestrian,car,pedestrian,car,pedestrian,car,pedestrian,car
37,Male,pedestrian,car,2013,pedestrian,car,pedestrian,car,pedestrian,car,pedestrian,car,pedestrian,car
4,Male,pedestrian,car,2013,pedestrian,car,pedestrian,car,pedestrian,car,pedestrian,car,pedestrian,car
55,Male,pedestrian,car,2013,pedestrian,car,pedestrian,car,pedestrian,car,pedestrian,car,pedestrian,car
23,Male,pedestrian,car,2013,pedestrian,car,pedestrian,car,pedestrian,car,pedestrian,car,pedestrian,car
28,Male,pedestrian,car,2013,pedestrian,car,pedestrian,car,pedestrian,car,pedestrian,car,pedestrian,car
4,Male,pedestrian,car,2013,pedestrian,car,pedestrian,car,pedestrian,car,pedestrian,car,pedestrian,car
4,Male,pedestrian,car,2013,pedestrian,car,pedestrian,car,pedestrian,car,pedestrian,car,pedestrian,car
1,Male,pedestrian,bus,2013,pedestrian,bus,pedestrian,bus,pedestrian,bus,pedestrian,bus,pedestrian,bus
31,Male,pedestrian,car,2013,pedestrian,car,pedestrian,car,pedestrian,car,pedestrian,car,pedestrian,car
16,Male,pedestrian,car,2013,pedestrian,car,pedestrian,car,pedestrian,car,pedestrian,car,pedestrian,car
31,Male,pedestrian,bus,2013,pedestrian,bus,pedestrian,bus,pedestrian,bus,pedestrian,bus,pedestrian,bus
7,Female,pedestrian,car,2013,pedestrian,car,pedestrian,car,pedestrian,car,pedestrian,car,pedestrian,car
30,Male,pedestrian,car,2013,pedestrian,car,pedestrian,car,pedestrian,car,pedestrian,car,pedestrian,car
40,Male,pedestrian,bus,2013,pedestrian,bus,pedestrian,bus,pedestrian,bus,pedestrian,bus,pedestrian,bus
32,Female,pedestrian,bus,2013,pedestrian,bus,pedestrian,bus,pedestrian,bus,pedestrian,bus,pedestrian,bus
19,Male,pedestrian,car,2013,pedestrian,car,pedestrian,car,pedestrian,car,pedestrian,car,pedestrian,car
18,Male,pedestrian,car,2013,pedestrian,car,pedestrian,car,pedestrian,car,pedestrian,car,pedestrian,car
29,Female,pedestrian,bus,2013,pedestrian,bus,pedestrian,bus,pedestrian,bus,pedestrian,bus,pedestrian,bus
47,Male,pedestrian,car,2013,pedestrian,car,pedestrian,car,pedestrian,car,pedestrian,car,pedestrian,car
73,Male,pedestrian,car,2013,pedestrian,car,pedestrian,car,pedestrian,car,pedestrian,car,pedestrian,car
32,Male,pedestrian,car,2013,pedestrian,car,pedestrian,car,pedestrian,car,pedestrian,car,pedestrian,car
39,Male,pedestrian,bus,2013,pedestrian,bus,pedestrian,bus,pedestrian,bus,pedestrian,bus,pedestrian,bus
52,Male,pedestrian,car,2013,pedestrian,car,pedestrian,car,pedestrian,car,pedestrian,car,pedestrian,car
28,Male,pedestrian,car,2013,pedestrian,car,pedestrian,car,pedestrian,car,pedestrian,car,pedestrian,car
3,Female,pedestrian,car,2013,pedestrian,car,pedestrian,car,pedestrian,car,pedestrian,car,pedestrian,car
20,Male,pedestrian,car,2013,pedestrian,car,pedestrian,car,pedestrian,car,pedestrian,car,pedestrian,car
49,Male,pedestrian,truck,2013,pedestrian,truck,pedestrian,truck,pedestrian,truck,pedestrian,truck,pedestrian,truck
33,Male,pedestrian,car,2013,pedestrian,car,pedestrian,car,pedestrian,car,pedestrian,car,pedestrian,car
25,Male,pedestrian,car,2013,pedestrian,car,pedestrian,car,pedestrian,car,pedestrian,car,pedestrian,car
52,Male,pedestrian,car,2013,pedestrian,car,pedestrian,car,pedestrian,car,pedestrian,car,pedestrian,car
40,Female,pedestrian,car,2013,pedestrian,car,pedestrian,car,pedestrian,car,pedestrian,car,pedestrian,car
23,Male,pedestrian,car,2013,pedestrian,car,pedestrian,car,pedestrian,car,pedestrian,car,pedestrian,car
27,Male,pedestrian,car,2013,pedestrian,car,pedestrian,car,pedestrian,car,pedestrian,car,pedestrian,car
47,Male,pedestrian,car,2013,pedestrian,car,pedestrian,car,pedestrian,car,pedestrian,car,pedestrian,car
38,Male,pedestrian,car,2013,pedestrian,car,pedestrian,car,pedestrian,car,pedestrian,car,pedestrian,car
42,Male,pedestrian,car,2013,pedestrian,car,pedestrian,car,pedestrian,car,pedestrian,car,pedestrian,car
53,Female,pedestrian,car,2013,pedestrian,car,pedestrian,car,pedestrian,car,pedestrian,car,pedestrian,car
22,Male,pedestrian,car,2013,pedestrian,car,pedestrian,car,pedestrian,car,pedestrian,car,pedestrian,car
32,Male,pedestrian,car,2013,pedestrian,car,pedestrian,car,pedestrian,car,pedestrian,car,pedestrian,car
35,Male,pedestrian,car,2013,pedestrian,car,pedestrian,car,pedestrian,car,pedestrian,car,pedestrian,car
55,Female,pedestrian,car,2013,pedestrian,car,pedestrian,car,pedestrian,car,pedestrian,car,pedestrian,car
16,Female,pedestrian,car,2013,pedestrian,car,pedestrian,car,pedestrian,car,pedestrian,car,pedestrian,car
29,Male,pedestrian,car,2013,pedestrian,car,pedestrian,car,pedestrian,car,pedestrian,car,pedestrian,car
3,Male,pedestrian,car,2013,pedestrian,car,pedestrian,car,pedestrian,car,pedestrian,car,pedestrian,car
52,Male,pedestrian,motorcycle,2013,pedestrian,motorcycle,pedestrian,motorcycle,pedestrian,motorcycle,pedestrian,motorcycle,pedestrian,motorcycle
4,Female,pedestrian,car,2013,pedestrian,car,pedestrian,car,pedestrian,car,pedestrian,car,pedestrian,car
33,Male,pedestrian,car,2013,pedestrian,car,pedestrian,car,pedestrian,car,pedestrian,car,pedestrian,car
28,Male,pedestrian,car,2013,pedestrian,car,pedestrian,car,pedestrian,car,pedestrian,car,pedestrian,car
32,Male,pedestrian,car,2013,pedestrian,car,pedestrian,car,pedestrian,car,pedestrian,car,pedestrian,car
66,Female,pedestrian,car,2013,pedestrian,car,pedestrian,car,pedestrian,car,pedestrian,car,pedestrian,car
61,Female,pedestrian,car,2013,pedestrian,car,pedestrian,car,pedestrian,car,pedestrian,car,pedestrian,car
5,Female,pedestrian,car,2013,pedestrian,car,pedestrian,car,pedestrian,car,pedestrian,car,pedestrian,car
43,Male,pedestrian,car,2013,pedestrian,car,pedestrian,car,pedestrian,car,pedestrian,car,pedestrian,car
30,Male,pedestrian,car,2013,pedestrian,car,pedestrian,car,pedestrian,car,pedestrian,car,pedestrian,car
37,Male,pedestrian,car,2013,pedestrian,car,pedestrian,car,pedestrian,car,pedestrian,car,pedestrian,car
3,Male,pedestrian,bus,2013,pedestrian,bus,pedestrian,bus,pedestrian,bus,pedestrian,bus,pedestrian,bus
6,Female,pedestrian,car,2013,pedestrian,car,pedestrian,car,pedestrian,car,pedestrian,car,pedestrian,car
17,Male,pedestrian,truck,2013,pedestrian,truck,pedestrian,truck,pedestrian,truck,pedestrian,truck,pedestrian,truck
2,Female,pedestrian,bus,2013,pedestrian,bus,pedestrian,bus,pedestrian,bus,pedestrian,bus,pedestrian,bus
32,Male,pedestrian,bus,2013,pedestrian,bus,pedestrian,bus,pedestrian,bus,pedestrian,bus,pedestrian,bus
3,Male,pedestrian,truck,2013,pedestrian,truck,pedestrian,truck,pedestrian,truck,pedestrian,truck,pedestrian,truck
30,Male,pedestrian,bus,2013,pedestrian,bus,pedestrian,bus,pedestrian,bus,pedestrian,bus,pedestrian,bus
54,Male,pedestrian,car,2013,pedestrian,car,pedestrian,car,pedestrian,car,pedestrian,car,pedestrian,car
47,Male,pedestrian,truck,2013,pedestrian,truck,pedestrian,truck,pedestrian,truck,pedestrian,truck,pedestrian,truck
36,Female,pedestrian,car,2013,pedestrian,car,pedestrian,car,pedestrian,car,pedestrian,car,pedestrian,car
25,Female,pedestrian,car,2013,pedestrian,car,pedestrian,car,pedestrian,car,pedestrian,car,pedestrian,car
35,Male,pedestrian,car,2013,pedestrian,car,pedestrian,car,pedestrian,car,pedestrian,car,pedestrian,car
4,Female,pedestrian,car,2013,pedestrian,car,pedestrian,car,pedestrian,car,pedestrian,car,pedestrian,car
26,Male,pedestrian,car,2013,pedestrian,car,pedestrian,car,pedestrian,car,pedestrian,car,pedestrian,car
3,Male,pedestrian,bus,2013,pedestrian,bus,pedestrian,bus,pedestrian,bus,pedestrian,bus,pedestrian,bus
38,Male,pedestrian,car,2013,pedestrian,car,pedestrian,car,pedestrian,car,pedestrian,car,pedestrian,car
17,Male,pedestrian,car,2013,pedestrian,car,pedestrian,car,pedestrian,car,pedestrian,car,pedestrian,car
25,Male,pedestrian,car,2013,pedestrian,car,pedestrian,car,pedestrian,car,pedestrian,car,pedestrian,car
26,Female,pedestrian,car,2013,pedestrian,car,pedestrian,car,pedestrian,car,pedestrian,car,pedestrian,car
26,Male,pedestrian,car,2013,pedestrian,car,pedestrian,car,pedestrian,car,pedestrian,car,pedestrian,car
37,Male,pedestrian,car,2013,pedestrian,car,pedestrian,car,pedestrian,car,pedestrian,car,pedestrian,car
44,Male,pedestrian,car,2013,pedestrian,car,pedestrian,car,pedestrian,car,pedestrian,car,pedestrian,car
68,Male,pedestrian,car,2013,pedestrian,car,pedestrian,car,pedestrian,car,pedestrian,car,pedestrian,car
43,Male,pedestrian,car,2013,pedestrian,car,pedestrian,car,pedestrian,car,pedestrian,car,pedestrian,car
26,Male,pedestrian,truck,2013,pedestrian,truck,pedestrian,truck,pedestrian,truck,pedestrian,truck,pedestrian,truck
52,Female,pedestrian,bus,2013,pedestrian,bus,pedestrian,bus,pedestrian,bus,pedestrian,bus,pedestrian,bus
22,Male,pedestrian,car,2013,pedestrian,car,pedestrian,car,pedestrian,car,pedestrian,car,pedestrian,car
52,Male,pedestrian,bus,2013,pedestrian,bus,pedestrian,bus,pedestrian,bus,pedestrian,bus,pedestrian,bus
51,Male,pedestrian,truck,2013,pedestrian,truck,pedestrian,truck,pedestrian,truck,pedestrian,truck,pedestrian,truck
50,Male,pedestrian,car,2013,pedestrian,car,pedestrian,car,pedestrian,car,pedestrian,car,pedestrian,car
3,Female,pedestrian,car,2013,pedestrian,car,pedestrian,car,pedestrian,car,pedestrian,car,pedestrian,car
17,Male,pedestrian,truck,2013,pedestrian,truck,pedestrian,truck,pedestrian,truck,pedestrian,truck,pedestrian,truck
14,Male,pedestrian,car,2013,pedestrian,car,pedestrian,car,pedestrian,car,pedestrian,car,pedestrian,car
38,Male,pedestrian,car,2013,pedestrian,car,pedestrian,car,pedestrian,car,pedestrian,car,pedestrian,car
29,Male,pedestrian,car,2013,pedestrian,car,pedestrian,car,pedestrian,car,pedestrian,car,pedestrian,car
29,Male,pedestrian,car,2013,pedestrian,car,pedestrian,car,pedestrian,car,pedestrian,car,pedestrian,car
7,Male,pedestrian,car,2013,pedestrian,car,pedestrian,car,pedestrian,car,pedestrian,car,pedestrian,car
35,Male,pedestrian,car,2013,pedestrian,car,pedestrian,car,pedestrian,car,pedestrian,car,pedestrian,car
55,Male,pedestrian,bus,2013,pedestrian,bus,pedestrian,bus,pedestrian,bus,pedestrian,bus,pedestrian,bus
52,Female,pedestrian,bus,2013,pedestrian,bus,pedestrian,bus,pedestrian,bus,pedestrian,bus,pedestrian,bus
27,Male,pedestrian,car,2013,pedestrian,car,pedestrian,car,pedestrian,car,pedestrian,car,pedestrian,car
28,Male,pedestrian,truck,2013,pedestrian,truck,pedestrian,truck,pedestrian,truck,pedestrian,truck,pedestrian,truck
81,Male,pedestrian,car,2013,pedestrian,car,pedestrian,car,pedestrian,car,pedestrian,car,pedestrian,car
31,Male,pedestrian,car,2013,pedestrian,car,pedestrian,car,pedestrian,car,pedestrian,car,pedestrian,car
24,Male,pedestrian,car,2013,pedestrian,car,pedestrian,car,pedestrian,car,pedestrian,car,pedestrian,car
24,Male,pedestrian,car,2013,pedestrian,car,pedestrian,car,pedestrian,car,pedestrian,car,pedestrian,car
21,Male,pedestrian,car,2013,pedestrian,car,pedestrian,car,pedestrian,car,pedestrian,car,pedestrian,car
44,Female,pedestrian,car,2013,pedestrian,car,pedestrian,car,pedestrian,car,pedestrian,car,pedestrian,car
32,Male,pedestrian,motorcycle,2013,pedestrian,motorcycle,pedestrian,motorcycle,pedestrian,motorcycle,pedestrian,motorcycle,pedestrian,motorcycle
44,Male,pedestrian,car,2013,pedestrian,car,pedestrian,car,pedestrian,car,pedestrian,car,pedestrian,car
43,Male,pedestrian,car,2013,pedestrian,car,pedestrian,car,pedestrian,car,pedestrian,car,pedestrian,car
39,Male,pedestrian,car,2013,pedestrian,car,pedestrian,car,pedestrian,car,pedestrian,car,pedestrian,car
28,Male,pedestrian,car,2013,pedestrian,car,pedestrian,car,pedestrian,car,pedestrian,car,pedestrian,car
31,Male,pedestrian,car,2013,pedestrian,car,pedestrian,car,pedestrian,car,pedestrian,car,pedestrian,car
7,Female,pedestrian,car,2014,pedestrian,car,pedestrian,car,pedestrian,car,pedestrian,car,pedestrian,car
8,Male,pedestrian,car,2014,pedestrian,car,pedestrian,car,pedestrian,car,pedestrian,car,pedestrian,car
2,Male,pedestrian,car,2014,pedestrian,car,pedestrian,car,pedestrian,car,pedestrian,car,pedestrian,car
22,Female,pedestrian,motorcycle,2014,pedestrian,motorcycle,pedestrian,motorcycle,pedestrian,motorcycle,pedestrian,motorcycle,pedestrian,motorcycle
57,Male,pedestrian,bus,2014,pedestrian,bus,pedestrian,bus,pedestrian,bus,pedestrian,bus,pedestrian,bus
25,Male,pedestrian,car,2014,pedestrian,car,pedestrian,car,pedestrian,car,pedestrian,car,pedestrian,car
8,Male,pedestrian,car,2014,pedestrian,car,pedestrian,car,pedestrian,car,pedestrian,car,pedestrian,car
33,Male,pedestrian,car,2014,pedestrian,car,pedestrian,car,pedestrian,car,pedestrian,car,pedestrian,car
3,Male,pedestrian,car,2014,pedestrian,car,pedestrian,car,pedestrian,car,pedestrian,car,pedestrian,car
6,Female,pedestrian,bus,2014,pedestrian,bus,pedestrian,bus,pedestrian,bus,pedestrian,bus,pedestrian,bus
1,Female,pedestrian,bus,2014,pedestrian,bus,pedestrian,bus,pedestrian,bus,pedestrian,bus,pedestrian,bus
60,Male,pedestrian,car,2014,pedestrian,car,pedestrian,car,pedestrian,car,pedestrian,car,pedestrian,car
50,Male,pedestrian,car,2014,pedestrian,car,pedestrian,car,pedestrian,car,pedestrian,car,pedestrian,car
48,Male,pedestrian,car,2014,pedestrian,car,pedestrian,car,pedestrian,car,pedestrian,car,pedestrian,car
34,Male,pedestrian,truck,2014,pedestrian,truck,pedestrian,truck,pedestrian,truck,pedestrian,truck,pedestrian,truck
2,Male,pedestrian,car,2014,pedestrian,car,pedestrian,car,pedestrian,car,pedestrian,car,pedestrian,car
10,Male,pedestrian,car,2014,pedestrian,car,pedestrian,car,pedestrian,car,pedestrian,car,pedestrian,car
15,Male,pedestrian,car,2014,pedestrian,car,pedestrian,car,pedestrian,car,pedestrian,car,pedestrian,car
35,Male,pedestrian,car,2014,pedestrian,car,pedestrian,car,pedestrian,car,pedestrian,car,pedestrian,car
7,Male,pedestrian,bus,2014,pedestrian,bus,pedestrian,bus,pedestrian,bus,pedestrian,bus,pedestrian,bus
60,Male,pedestrian,bus,2014,pedestrian,bus,pedestrian,bus,pedestrian,bus,pedestrian,bus,pedestrian,bus
45,Male,pedestrian,bus,2014,pedestrian,bus,pedestrian,bus,pedestrian,bus,pedestrian,bus,pedestrian,bus
13,Male,pedestrian,car,2014,pedestrian,car,pedestrian,car,pedestrian,car,pedestrian,car,pedestrian,car
47,Female,pedestrian,car,2014,pedestrian,car,pedestrian,car,pedestrian,car,pedestrian,car,pedestrian,car
36,Male,pedestrian,car,2014,pedestrian,car,pedestrian,car,pedestrian,car,pedestrian,car,pedestrian,car
23,Male,pedestrian,car,2014,pedestrian,car,pedestrian,car,pedestrian,car,pedestrian,car,pedestrian,car
24,Male,pedestrian,car,2014,pedestrian,car,pedestrian,car,pedestrian,car,pedestrian,car,pedestrian,car
40,Male,pedestrian,bus,2014,pedestrian,bus,pedestrian,bus,pedestrian,bus,pedestrian,bus,pedestrian,bus
14,Male,pedestrian,car,2014,pedestrian,car,pedestrian,car,pedestrian,car,pedestrian,car,pedestrian,car
30,Male,pedestrian,car,2014,pedestrian,car,pedestrian,car,pedestrian,car,pedestrian,car,pedestrian,car
71,Male,pedestrian,car,2014,pedestrian,car,pedestrian,car,pedestrian,car,pedestrian,car,pedestrian,car
59,Male,pedestrian,car,2014,pedestrian,car,pedestrian,car,pedestrian,car,pedestrian,car,pedestrian,car
36,Male,pedestrian,car,2014,pedestrian,car,pedestrian,car,pedestrian,car,pedestrian,car,pedestrian,car
46,Male,pedestrian,car,2014,pedestrian,car,pedestrian,car,pedestrian,car,pedestrian,car,pedestrian,car
67,Male,pedestrian,car,2014,pedestrian,car,pedestrian,car,pedestrian,car,pedestrian,car,pedestrian,car
18,Male,pedestrian,truck,2014,pedestrian,truck,pedestrian,truck,pedestrian,truck,pedestrian,truck,pedestrian,truck
9,Male,pedestrian,car,2014,pedestrian,car,pedestrian,car,pedestrian,car,pedestrian,car,pedestrian,car
27,Male,pedestrian,car,2014,pedestrian,car,pedestrian,car,pedestrian,car,pedestrian,car,pedestrian,car
29,Male,pedestrian,car,2014,pedestrian,car,pedestrian,car,pedestrian,car,pedestrian,car,pedestrian,car
35,Female,pedestrian,car,2014,pedestrian,car,pedestrian,car,pedestrian,car,pedestrian,car,pedestrian,car
40,Male,pedestrian,bus,2014,pedestrian,bus,pedestrian,bus,pedestrian,bus,pedestrian,bus,pedestrian,bus
47,Male,pedestrian,car,2014,pedestrian,car,pedestrian,car,pedestrian,car,pedestrian,car,pedestrian,car
5,Male,pedestrian,bus,2014,pedestrian,bus,pedestrian,bus,pedestrian,bus,pedestrian,bus,pedestrian,bus
21,Male,pedestrian,car,2014,pedestrian,car,pedestrian,car,pedestrian,car,pedestrian,car,pedestrian,car
26,Male,pedestrian,car,2014,pedestrian,car,pedestrian,car,pedestrian,car,pedestrian,car,pedestrian,car
56,Male,pedestrian,car,2014,pedestrian,car,pedestrian,car,pedestrian,car,pedestrian,car,pedestrian,car
24,Male,pedestrian,motorcycle,2014,pedestrian,motorcycle,pedestrian,motorcycle,pedestrian,motorcycle,pedestrian,motorcycle,pedestrian,motorcycle
7,Male,pedestrian,car,2014,pedestrian,car,pedestrian,car,pedestrian,car,pedestrian,car,pedestrian,car
6,Male,pedestrian,car,2014,pedestrian,car,pedestrian,car,pedestrian,car,pedestrian,car,pedestrian,car
61,Male,pedestrian,car,2014,pedestrian,car,pedestrian,car,pedestrian,car,pedestrian,car,pedestrian,car
42,Male,pedestrian,car,2014,pedestrian,car,pedestrian,car,pedestrian,car,pedestrian,car,pedestrian,car
23,Male,pedestrian,car,2014,pedestrian,car,pedestrian,car,pedestrian,car,pedestrian,car,pedestrian,car
67,Male,pedestrian,car,2014,pedestrian,car,pedestrian,car,pedestrian,car,pedestrian,car,pedestrian,car
34,Male,pedestrian,motorcycle,2014,pedestrian,motorcycle,pedestrian,motorcycle,pedestrian,motorcycle,pedestrian,motorcycle,pedestrian,motorcycle
22,Female,pedestrian,truck,2014,pedestrian,truck,pedestrian,truck,pedestrian,truck,pedestrian,truck,pedestrian,truck
44,Female,pedestrian,motorcycle,2014,pedestrian,motorcycle,pedestrian,motorcycle,pedestrian,motorcycle,pedestrian,motorcycle,pedestrian,motorcycle
27,Female,pedestrian,bus,2014,pedestrian,bus,pedestrian,bus,pedestrian,bus,pedestrian,bus,pedestrian,bus
68,Male,pedestrian,car,2014,pedestrian,car,pedestrian,car,pedestrian,car,pedestrian,car,pedestrian,car
4,Male,pedestrian,car,2014,pedestrian,car,pedestrian,car,pedestrian,car,pedestrian,car,pedestrian,car
46,Male,pedestrian,car,2014,pedestrian,car,pedestrian,car,pedestrian,car,pedestrian,car,pedestrian,car
31,Male,pedestrian,car,2014,pedestrian,car,pedestrian,car,pedestrian,car,pedestrian,car,pedestrian,car
49,Male,pedestrian,car,2014,pedestrian,car,pedestrian,car,pedestrian,car,pedestrian,car,pedestrian,car
5,Male,pedestrian,car,2014,pedestrian,car,pedestrian,car,pedestrian,car,pedestrian,car,pedestrian,car
1,Male,pedestrian,bus,2014,pedestrian,bus,pedestrian,bus,pedestrian,bus,pedestrian,bus,pedestrian,bus
23,Male,pedestrian,car,2014,pedestrian,car,pedestrian,car,pedestrian,car,pedestrian,car,pedestrian,car
63,Male,pedestrian,car,2014,pedestrian,car,pedestrian,car,pedestrian,car,pedestrian,car,pedestrian,car
19,Male,pedestrian,car,2014,pedestrian,car,pedestrian,car,pedestrian,car,pedestrian,car,pedestrian,car
46,Female,pedestrian,car,2014,pedestrian,car,pedestrian,car,pedestrian,car,pedestrian,car,pedestrian,car
71,Male,pedestrian,car,2014,pedestrian,car,pedestrian,car,pedestrian,car,pedestrian,car,pedestrian,car
24,Male,pedestrian,bus,2014,pedestrian,bus,pedestrian,bus,pedestrian,bus,pedestrian,bus,pedestrian,bus
23,Male,pedestrian,bus,2014,pedestrian,bus,pedestrian,bus,pedestrian,bus,pedestrian,bus,pedestrian,bus
29,Male,pedestrian,car,2014,pedestrian,car,pedestrian,car,pedestrian,car,pedestrian,car,pedestrian,car
39,Male,pedestrian,car,2014,pedestrian,car,pedestrian,car,pedestrian,car,pedestrian,car,pedestrian,car
61,Male,pedestrian,car,2014,pedestrian,car,pedestrian,car,pedestrian,car,pedestrian,car,pedestrian,car
29,Male,pedestrian,car,2014,pedestrian,car,pedestrian,car,pedestrian,car,pedestrian,car,pedestrian,car
38,Male,pedestrian,car,2014,pedestrian,car,pedestrian,car,pedestrian,car,pedestrian,car,pedestrian,car
20,Male,pedestrian,car,2014,pedestrian,car,pedestrian,car,pedestrian,car,pedestrian,car,pedestrian,car
5,Female,pedestrian,car,2014,pedestrian,car,pedestrian,car,pedestrian,car,pedestrian,car,pedestrian,car
35,Male,pedestrian,car,2014,pedestrian,car,pedestrian,car,pedestrian,car,pedestrian,car,pedestrian,car
38,Female,pedestrian,car,2014,pedestrian,car,pedestrian,car,pedestrian,car,pedestrian,car,pedestrian,car
8,Female,pedestrian,car,2014,pedestrian,car,pedestrian,car,pedestrian,car,pedestrian,car,pedestrian,car
7,Female,pedestrian,car,2014,pedestrian,car,pedestrian,car,pedestrian,car,pedestrian,car,pedestrian,car
49,Male,pedestrian,motorcycle,2014,pedestrian,motorcycle,pedestrian,motorcycle,pedestrian,motorcycle,pedestrian,motorcycle,pedestrian,motorcycle
7,Male,pedestrian,truck,2014,pedestrian,truck,pedestrian,truck,pedestrian,truck,pedestrian,truck,pedestrian,truck
30,Male,pedestrian,car,2014,pedestrian,car,pedestrian,car,pedestrian,car,pedestrian,car,pedestrian,car
31,Male,pedestrian,car,2014,pedestrian,car,pedestrian,car,pedestrian,car,pedestrian,car,pedestrian,car
25,Male,pedestrian,bus,2014,pedestrian,bus,pedestrian,bus,pedestrian,bus,pedestrian,bus,pedestrian,bus
56,Female,pedestrian,car,2014,pedestrian,car,pedestrian,car,pedestrian,car,pedestrian,car,pedestrian,car
50,Male,pedestrian,motorcycle,2014,pedestrian,motorcycle,pedestrian,motorcycle,pedestrian,motorcycle,pedestrian,motorcycle,pedestrian,motorcycle
47,Male,pedestrian,bus,2014,pedestrian,bus,pedestrian,bus,pedestrian,bus,pedestrian,bus,pedestrian,bus
21,Male,pedestrian,car,2014,pedestrian,car,pedestrian,car,pedestrian,car,pedestrian,car,pedestrian,car
25,Female,pedestrian,car,2014,pedestrian,car,pedestrian,car,pedestrian,car,pedestrian,car,pedestrian,car
9,Male,pedestrian,car,2014,pedestrian,car,pedestrian,car,pedestrian,car,pedestrian,car,pedestrian,car
4,Female,pedestrian,car,2014,pedestrian,car,pedestrian,car,pedestrian,car,pedestrian,car,pedestrian,car
34,Male,pedestrian,bus,2014,pedestrian,bus,pedestrian,bus,pedestrian,bus,pedestrian,bus,pedestrian,bus
51,Female,pedestrian,car,2014,pedestrian,car,pedestrian,car,pedestrian,car,pedestrian,car,pedestrian,car
20,Female,pedestrian,bus,2014,pedestrian,bus,pedestrian,bus,pedestrian,bus,pedestrian,bus,pedestrian,bus
2,Female,pedestrian,car,2014,pedestrian,car,pedestrian,car,pedestrian,car,pedestrian,car,pedestrian,car
7,Female,pedestrian,car,2014,pedestrian,car,pedestrian,car,pedestrian,car,pedestrian,car,pedestrian,car
37,Male,pedestrian,car,2014,pedestrian,car,pedestrian,car,pedestrian,car,pedestrian,car,pedestrian,car
11,Male,pedestrian,car,2014,pedestrian,car,pedestrian,car,pedestrian,car,pedestrian,car,pedestrian,car
51,Male,pedestrian,car,2014,pedestrian,car,pedestrian,car,pedestrian,car,pedestrian,car,pedestrian,car
56,Female,pedestrian,car,2014,pedestrian,car,pedestrian,car,pedestrian,car,pedestrian,car,pedestrian,car
27,Female,pedestrian,bus,2014,pedestrian,bus,pedestrian,bus,pedestrian,bus,pedestrian,bus,pedestrian,bus
30,Female,pedestrian,car,2014,pedestrian,car,pedestrian,car,pedestrian,car,pedestrian,car,pedestrian,car
4,Male,pedestrian,car,2014,pedestrian,car,pedestrian,car,pedestrian,car,pedestrian,car,pedestrian,car
11,Male,pedestrian,car,2014,pedestrian,car,pedestrian,car,pedestrian,car,pedestrian,car,pedestrian,car
5,Male,pedestrian,car,2014,pedestrian,car,pedestrian,car,pedestrian,car,pedestrian,car,pedestrian,car
49,Male,pedestrian,car,2014,pedestrian,car,pedestrian,car,pedestrian,car,pedestrian,car,pedestrian,car
26,Female,pedestrian,car,2014,pedestrian,car,pedestrian,car,pedestrian,car,pedestrian,car,pedestrian,car
33,Female,pedestrian,car,2014,pedestrian,car,pedestrian,car,pedestrian,car,pedestrian,car,pedestrian,car
69,Male,pedestrian,car,2014,pedestrian,car,pedestrian,car,pedestrian,car,pedestrian,car,pedestrian,car
51,Male,pedestrian,car,2014,pedestrian,car,pedestrian,car,pedestrian,car,pedestrian,car,pedestrian,car
32,Male,pedestrian,car,2014,pedestrian,car,pedestrian,car,pedestrian,car,pedestrian,car,pedestrian,car
64,Male,pedestrian,car,2014,pedestrian,car,pedestrian,car,pedestrian,car,pedestrian,car,pedestrian,car
30,Male,pedestrian,car,2014,pedestrian,car,pedestrian,car,pedestrian,car,pedestrian,car,pedestrian,car
49,Male,pedestrian,car,2014,pedestrian,car,pedestrian,car,pedestrian,car,pedestrian,car,pedestrian,car
10,Female,pedestrian,car,2014,pedestrian,car,pedestrian,car,pedestrian,car,pedestrian,car,pedestrian,car
1,Male,pedestrian,car,2014,pedestrian,car,pedestrian,car,pedestrian,car,pedestrian,car,pedestrian,car
35,Male,pedestrian,car,2014,pedestrian,car,pedestrian,car,pedestrian,car,pedestrian,car,pedestrian,car
37,Male,pedestrian,car,2014,pedestrian,car,pedestrian,car,pedestrian,car,pedestrian,car,pedestrian,car
13,Male,pedestrian,car,2014,pedestrian,car,pedestrian,car,pedestrian,car,pedestrian,car,pedestrian,car
30,Male,pedestrian,car,2014,pedestrian,car,pedestrian,car,pedestrian,car,pedestrian,car,pedestrian,car
31,Male,pedestrian,car,2014,pedestrian,car,pedestrian,car,pedestrian,car,pedestrian,car,pedestrian,car
28,Male,pedestrian,bus,2014,pedestrian,bus,pedestrian,bus,pedestrian,bus,pedestrian,bus,pedestrian,bus
4,Female,pedestrian,bus,2014,pedestrian,bus,pedestrian,bus,pedestrian,bus,pedestrian,bus,pedestrian,bus
48,Male,pedestrian,car,2014,pedestrian,car,pedestrian,car,pedestrian,car,pedestrian,car,pedestrian,car
10,Female,pedestrian,car,2014,pedestrian,car,pedestrian,car,pedestrian,car,pedestrian,car,pedestrian,car
28,Male,pedestrian,motorcycle,2014,pedestrian,motorcycle,pedestrian,motorcycle,pedestrian,motorcycle,pedestrian,motorcycle,pedestrian,motorcycle
35,Male,pedestrian,bus,2014,pedestrian,bus,pedestrian,bus,pedestrian,bus,pedestrian,bus,pedestrian,bus
25,Male,pedestrian,car,2014,pedestrian,car,pedestrian,car,pedestrian,car,pedestrian,car,pedestrian,car
37,Male,pedestrian,car,2014,pedestrian,car,pedestrian,car,pedestrian,car,pedestrian,car,pedestrian,car
41,Male,pedestrian,car,2014,pedestrian,car,pedestrian,car,pedestrian,car,pedestrian,car,pedestrian,car
46,Male,pedestrian,bus,2014,pedestrian,bus,pedestrian,bus,pedestrian,bus,pedestrian,bus,pedestrian,bus
25,Female,pedestrian,bus,2014,pedestrian,bus,pedestrian,bus,pedestrian,bus,pedestrian,bus,pedestrian,bus
30,Male,pedestrian,car,2014,pedestrian,car,pedestrian,car,pedestrian,car,pedestrian,car,pedestrian,car
66,Male,pedestrian,car,2014,pedestrian,car,pedestrian,car,pedestrian,car,pedestrian,car,pedestrian,car
30,Male,pedestrian,bus,2014,pedestrian,bus,pedestrian,bus,pedestrian,bus,pedestrian,bus,pedestrian,bus
45,Male,pedestrian,car,2014,pedestrian,car,pedestrian,car,pedestrian,car,pedestrian,car,pedestrian,car
10,Male,pedestrian,car,2014,pedestrian,car,pedestrian,car,pedestrian,car,pedestrian,car,pedestrian,car
15,Male,pedestrian,car,2014,pedestrian,car,pedestrian,car,pedestrian,car,pedestrian,car,pedestrian,car
37,Male,pedestrian,bus,2014,pedestrian,bus,pedestrian,bus,pedestrian,bus,pedestrian,bus,pedestrian,bus
11,Male,pedestrian,truck,2014,pedestrian,truck,pedestrian,truck,pedestrian,truck,pedestrian,truck,pedestrian,truck
29,Male,pedestrian,car,2014,pedestrian,car,pedestrian,car,pedestrian,car,pedestrian,car,pedestrian,car
30,Male,pedestrian,car,2014,pedestrian,car,pedestrian,car,pedestrian,car,pedestrian,car,pedestrian,car
1,Female,pedestrian,car,2014,pedestrian,car,pedestrian,car,pedestrian,car,pedestrian,car,pedestrian,car
34,Male,pedestrian,car,2014,pedestrian,car,pedestrian,car,pedestrian,car,pedestrian,car,pedestrian,car
29,Male,pedestrian,car,2014,pedestrian,car,pedestrian,car,pedestrian,car,pedestrian,car,pedestrian,car
40,Male,pedestrian,car,2014,pedestrian,car,pedestrian,car,pedestrian,car,pedestrian,car,pedestrian,car
6,Male,pedestrian,car,2014,pedestrian,car,pedestrian,car,pedestrian,car,pedestrian,car,pedestrian,car
21,Female,pedestrian,bus,2014,pedestrian,bus,pedestrian,bus,pedestrian,bus,pedestrian,bus,pedestrian,bus
12,Male,pedestrian,car,2014,pedestrian,car,pedestrian,car,pedestrian,car,pedestrian,car,pedestrian,car
39,Female,pedestrian,bus,2014,pedestrian,bus,pedestrian,bus,pedestrian,bus,pedestrian,bus,pedestrian,bus
26,Female,pedestrian,bus,2014,pedestrian,bus,pedestrian,bus,pedestrian,bus,pedestrian,bus,pedestrian,bus
62,Male,pedestrian,car,2014,pedestrian,car,pedestrian,car,pedestrian,car,pedestrian,car,pedestrian,car
27,Male,pedestrian,car,2014,pedestrian,car,pedestrian,car,pedestrian,car,pedestrian,car,pedestrian,car
65,Female,pedestrian,bus,2014,pedestrian,bus,pedestrian,bus,pedestrian,bus,pedestrian,bus,pedestrian,bus
35,Male,pedestrian,car,2014,pedestrian,car,pedestrian,car,pedestrian,car,pedestrian,car,pedestrian,car
32,Male,pedestrian,car,2014,pedestrian,car,pedestrian,car,pedestrian,car,pedestrian,car,pedestrian,car
28,Male,pedestrian,truck,2014,pedestrian,truck,pedestrian,truck,pedestrian,truck,pedestrian,truck,pedestrian,truck
40,Female,pedestrian,car,2014,pedestrian,car,pedestrian,car,pedestrian,car,pedestrian,car,pedestrian,car
38,Male,pedestrian,motorcycle,2014,pedestrian,motorcycle,pedestrian,motorcycle,pedestrian,motorcycle,pedestrian,motorcycle,pedestrian,motorcycle
18,Male,pedestrian,car,2014,pedestrian,car,pedestrian,car,pedestrian,car,pedestrian,car,pedestrian,car
29,Male,pedestrian,car,2014,pedestrian,car,pedestrian,car,pedestrian,car,pedestrian,car,pedestrian,car
30,Male,pedestrian,car,2014,pedestrian,car,pedestrian,car,pedestrian,car,pedestrian,car,pedestrian,car
38,Female,pedestrian,car,2014,pedestrian,car,pedestrian,car,pedestrian,car,pedestrian,car,pedestrian,car
51,Male,pedestrian,car,2014,pedestrian,car,pedestrian,car,pedestrian,car,pedestrian,car,pedestrian,car
38,Female,pedestrian,car,2014,pedestrian,car,pedestrian,car,pedestrian,car,pedestrian,car,pedestrian,car
48,Female,pedestrian,bus,2014,pedestrian,bus,pedestrian,bus,pedestrian,bus,pedestrian,bus,pedestrian,bus
34,Male,pedestrian,car,2014,pedestrian,car,pedestrian,car,pedestrian,car,pedestrian,car,pedestrian,car
2,Female,pedestrian,car,2014,pedestrian,car,pedestrian,car,pedestrian,car,pedestrian,car,pedestrian,car
6,Male,pedestrian,car,2014,pedestrian,car,pedestrian,car,pedestrian,car,pedestrian,car,pedestrian,car
44,Male,pedestrian,car,2014,pedestrian,car,pedestrian,car,pedestrian,car,pedestrian,car,pedestrian,car
32,Male,pedestrian,car,2014,pedestrian,car,pedestrian,car,pedestrian,car,pedestrian,car,pedestrian,car
17,Male,pedestrian,car,2014,pedestrian,car,pedestrian,car,pedestrian,car,pedestrian,car,pedestrian,car
32,Male,pedestrian,car,2015,pedestrian,car,pedestrian,car,pedestrian,car,pedestrian,car,pedestrian,car
31,Male,pedestrian,car,2015,pedestrian,car,pedestrian,car,pedestrian,car,pedestrian,car,pedestrian,car
31,Male,pedestrian,motorcycle,2015,pedestrian,motorcycle,pedestrian,motorcycle,pedestrian,motorcycle,pedestrian,motorcycle,pedestrian,motorcycle
32,Male,pedestrian,truck,2015,pedestrian,truck,pedestrian,truck,pedestrian,truck,pedestrian,truck,pedestrian,truck
47,Male,pedestrian,car,2015,pedestrian,car,pedestrian,car,pedestrian,car,pedestrian,car,pedestrian,car
21,Male,pedestrian,bus,2015,pedestrian,bus,pedestrian,bus,pedestrian,bus,pedestrian,bus,pedestrian,bus
48,Male,pedestrian,truck,2015,pedestrian,truck,pedestrian,truck,pedestrian,truck,pedestrian,truck,pedestrian,truck
30,Male,pedestrian,car,2015,pedestrian,car,pedestrian,car,pedestrian,car,pedestrian,car,pedestrian,car
38,Male,pedestrian,car,2015,pedestrian,car,pedestrian,car,pedestrian,car,pedestrian,car,pedestrian,car
33,Male,pedestrian,car,2015,pedestrian,car,pedestrian,car,pedestrian,car,pedestrian,car,pedestrian,car
35,Male,pedestrian,car,2015,pedestrian,car,pedestrian,car,pedestrian,car,pedestrian,car,pedestrian,car
35,Male,pedestrian,car,2015,pedestrian,car,pedestrian,car,pedestrian,car,pedestrian,car,pedestrian,car
66,Male,pedestrian,bus,2015,pedestrian,bus,pedestrian,bus,pedestrian,bus,pedestrian,bus,pedestrian,bus
41,Male,pedestrian,car,2015,pedestrian,car,pedestrian,car,pedestrian,car,pedestrian,car,pedestrian,car
11,Female,pedestrian,car,2015,pedestrian,car,pedestrian,car,pedestrian,car,pedestrian,car,pedestrian,car
30,Female,pedestrian,car,2015,pedestrian,car,pedestrian,car,pedestrian,car,pedestrian,car,pedestrian,car
26,Male,pedestrian,car,2015,pedestrian,car,pedestrian,car,pedestrian,car,pedestrian,car,pedestrian,car
78,Female,pedestrian,truck,2015,pedestrian,truck,pedestrian,truck,pedestrian,truck,pedestrian,truck,pedestrian,truck
51,Male,pedestrian,bus,2015,pedestrian,bus,pedestrian,bus,pedestrian,bus,pedestrian,bus,pedestrian,bus
18,Male,pedestrian,bus,2015,pedestrian,bus,pedestrian,bus,pedestrian,bus,pedestrian,bus,pedestrian,bus
48,Female,pedestrian,car,2015,pedestrian,car,pedestrian,car,pedestrian,car,pedestrian,car,pedestrian,car
52,Male,pedestrian,car,2015,pedestrian,car,pedestrian,car,pedestrian,car,pedestrian,car,pedestrian,car
35,Female,pedestrian,motorcycle,2015,pedestrian,motorcycle,pedestrian,motorcycle,pedestrian,motorcycle,pedestrian,motorcycle,pedestrian,motorcycle
1,Male,pedestrian,truck,2015,pedestrian,truck,pedestrian,truck,pedestrian,truck,pedestrian,truck,pedestrian,truck
55,Female,pedestrian,motorcycle,2015,pedestrian,motorcycle,pedestrian,motorcycle,pedestrian,motorcycle,pedestrian,motorcycle,pedestrian,motorcycle
38,Male,pedestrian,bus,2015,pedestrian,bus,pedestrian,bus,pedestrian,bus,pedestrian,bus,pedestrian,bus
56,Male,pedestrian,car,2015,pedestrian,car,pedestrian,car,pedestrian,car,pedestrian,car,pedestrian,car
53,Male,pedestrian,car,2015,pedestrian,car,pedestrian,car,pedestrian,car,pedestrian,car,pedestrian,car
52,Male,pedestrian,car,2015,pedestrian,car,pedestrian,car,pedestrian,car,pedestrian,car,pedestrian,car
27,Female,pedestrian,car,2015,pedestrian,car,pedestrian,car,pedestrian,car,pedestrian,car,pedestrian,car
48,Female,pedestrian,car,2015,pedestrian,car,pedestrian,car,pedestrian,car,pedestrian,car,pedestrian,car
51,Female,pedestrian,car,2015,pedestrian,car,pedestrian,car,pedestrian,car,pedestrian,car,pedestrian,car
39,Male,pedestrian,bus,2015,pedestrian,bus,pedestrian,bus,pedestrian,bus,pedestrian,bus,pedestrian,bus
39,Male,pedestrian,car,2015,pedestrian,car,pedestrian,car,pedestrian,car,pedestrian,car,pedestrian,car
36,Male,pedestrian,car,2015,pedestrian,car,pedestrian,car,pedestrian,car,pedestrian,car,pedestrian,car
51,Male,pedestrian,car,2015,pedestrian,car,pedestrian,car,pedestrian,car,pedestrian,car,pedestrian,car
51,Female,pedestrian,car,2015,pedestrian,car,pedestrian,car,pedestrian,car,pedestrian,car,pedestrian,car
28,Male,pedestrian,car,2015,pedestrian,car,pedestrian,car,pedestrian,car,pedestrian,car,pedestrian,car
86,Female,pedestrian,car,2015,pedestrian,car,pedestrian,car,pedestrian,car,pedestrian,car,pedestrian,car
30,Female,pedestrian,bus,2015,pedestrian,bus,pedestrian,bus,pedestrian,bus,pedestrian,bus,pedestrian,bus
37,Male,pedestrian,car,2015,pedestrian,car,pedestrian,car,pedestrian,car,pedestrian,car,pedestrian,car
52,Female,pedestrian,car,2015,pedestrian,car,pedestrian,car,pedestrian,car,pedestrian,car,pedestrian,car
31,Male,pedestrian,car,2015,pedestrian,car,pedestrian,car,pedestrian,car,pedestrian,car,pedestrian,car
78,Male,pedestrian,car,2015,pedestrian,car,pedestrian,car,pedestrian,car,pedestrian,car,pedestrian,car
7,Male,pedestrian,car,2015,pedestrian,car,pedestrian,car,pedestrian,car,pedestrian,car,pedestrian,car
20,Male,pedestrian,bus,2015,pedestrian,bus,pedestrian,bus,pedestrian,bus,pedestrian,bus,pedestrian,bus
25,Male,pedestrian,car,2015,pedestrian,car,pedestrian,car,pedestrian,car,pedestrian,car,pedestrian,car
46,Male,pedestrian,bus,2015,pedestrian,bus,pedestrian,bus,pedestrian,bus,pedestrian,bus,pedestrian,bus
68,Male,pedestrian,bus,2015,pedestrian,bus,pedestrian,bus,pedestrian,bus,pedestrian,bus,pedestrian,bus
21,Male,pedestrian,car,2015,pedestrian,car,pedestrian,car,pedestrian,car,pedestrian,car,pedestrian,car
30,Male,pedestrian,bus,2015,pedestrian,bus,pedestrian,bus,pedestrian,bus,pedestrian,bus,pedestrian,bus
40,Male,pedestrian,bus,2015,pedestrian,bus,pedestrian,bus,pedestrian,bus,pedestrian,bus,pedestrian,bus
41,Male,pedestrian,car,2015,pedestrian,car,pedestrian,car,pedestrian,car,pedestrian,car,pedestrian,car
50,Male,pedestrian,car,2015,pedestrian,car,pedestrian,car,pedestrian,car,pedestrian,car,pedestrian,car
47,Male,pedestrian,bus,2015,pedestrian,bus,pedestrian,bus,pedestrian,bus,pedestrian,bus,pedestrian,bus
38,Male,pedestrian,car,2015,pedestrian,car,pedestrian,car,pedestrian,car,pedestrian,car,pedestrian,car
23,Male,pedestrian,car,2015,pedestrian,car,pedestrian,car,pedestrian,car,pedestrian,car,pedestrian,car
49,Female,pedestrian,truck,2015,pedestrian,truck,pedestrian,truck,pedestrian,truck,pedestrian,truck,pedestrian,truck
21,Male,pedestrian,car,2015,pedestrian,car,pedestrian,car,pedestrian,car,pedestrian,car,pedestrian,car
21,Male,pedestrian,car,2015,pedestrian,car,pedestrian,car,pedestrian,car,pedestrian,car,pedestrian,car
44,Female,pedestrian,car,2015,pedestrian,car,pedestrian,car,pedestrian,car,pedestrian,car,pedestrian,car
62,Male,pedestrian,car,2015,pedestrian,car,pedestrian,car,pedestrian,car,pedestrian,car,pedestrian,car
6,Female,pedestrian,car,2015,pedestrian,car,pedestrian,car,pedestrian,car,pedestrian,car,pedestrian,car
25,Female,pedestrian,car,2015,pedestrian,car,pedestrian,car,pedestrian,car,pedestrian,car,pedestrian,car
22,Female,pedestrian,car,2015,pedestrian,car,pedestrian,car,pedestrian,car,pedestrian,car,pedestrian,car
24,Male,pedestrian,car,2015,pedestrian,car,pedestrian,car,pedestrian,car,pedestrian,car,pedestrian,car
54,Male,pedestrian,truck,2015,pedestrian,truck,pedestrian,truck,pedestrian,truck,pedestrian,truck,pedestrian,truck
39,Male,pedestrian,car,2015,pedestrian,car,pedestrian,car,pedestrian,car,pedestrian,car,pedestrian,car
3,Male,pedestrian,car,2015,pedestrian,car,pedestrian,car,pedestrian,car,pedestrian,car,pedestrian,car
8,Female,pedestrian,car,2015,pedestrian,car,pedestrian,car,pedestrian,car,pedestrian,car,pedestrian,car
35,Male,pedestrian,car,2015,pedestrian,car,pedestrian,car,pedestrian,car,pedestrian,car,pedestrian,car
26,Male,pedestrian,truck,2015,pedestrian,truck,pedestrian,truck,pedestrian,truck,pedestrian,truck,pedestrian,truck
35,Male,pedestrian,car,2015,pedestrian,car,pedestrian,car,pedestrian,car,pedestrian,car,pedestrian,car
58,Male,pedestrian,car,2015,pedestrian,car,pedestrian,car,pedestrian,car,pedestrian,car,pedestrian,car
1,Male,pedestrian,car,2015,pedestrian,car,pedestrian,car,pedestrian,car,pedestrian,car,pedestrian,car
35,Male,pedestrian,truck,2015,pedestrian,truck,pedestrian,truck,pedestrian,truck,pedestrian,truck,pedestrian,truck
48,Female,pedestrian,car,2015,pedestrian,car,pedestrian,car,pedestrian,car,pedestrian,car,pedestrian,car
56,Female,pedestrian,car,2015,pedestrian,car,pedestrian,car,pedestrian,car,pedestrian,car,pedestrian,car
28,Male,pedestrian,car,2015,pedestrian,car,pedestrian,car,pedestrian,car,pedestrian,car,pedestrian,car
49,Male,pedestrian,car,2015,pedestrian,car,pedestrian,car,pedestrian,car,pedestrian,car,pedestrian,car
28,Male,pedestrian,car,2015,pedestrian,car,pedestrian,car,pedestrian,car,pedestrian,car,pedestrian,car
23,Female,pedestrian,car,2015,pedestrian,car,pedestrian,car,pedestrian,car,pedestrian,car,pedestrian,car
32,Female,pedestrian,car,2015,pedestrian,car,pedestrian,car,pedestrian,car,pedestrian,car,pedestrian,car
28,Female,pedestrian,car,2015,pedestrian,car,pedestrian,car,pedestrian,car,pedestrian,car,pedestrian,car
52,Male,pedestrian,car,2015,pedestrian,car,pedestrian,car,pedestrian,car,pedestrian,car,pedestrian,car
32,Male,pedestrian,bus,2015,pedestrian,bus,pedestrian,bus,pedestrian,bus,pedestrian,bus,pedestrian,bus
33,Male,pedestrian,car,2015,pedestrian,car,pedestrian,car,pedestrian,car,pedestrian,car,pedestrian,car
20,Male,pedestrian,car,2015,pedestrian,car,pedestrian,car,pedestrian,car,pedestrian,car,pedestrian,car
4,Male,pedestrian,truck,2015,pedestrian,truck,pedestrian,truck,pedestrian,truck,pedestrian,truck,pedestrian,truck
48,Male,pedestrian,car,2015,pedestrian,car,pedestrian,car,pedestrian,car,pedestrian,car,pedestrian,car
32,Female,pedestrian,bus,2015,pedestrian,bus,pedestrian,bus,pedestrian,bus,pedestrian,bus,pedestrian,bus
30,Male,pedestrian,car,2015,pedestrian,car,pedestrian,car,pedestrian,car,pedestrian,car,pedestrian,car
48,Male,pedestrian,bus,2015,pedestrian,bus,pedestrian,bus,pedestrian,bus,pedestrian,bus,pedestrian,bus
32,Male,pedestrian,car,2015,pedestrian,car,pedestrian,car,pedestrian,car,pedestrian,car,pedestrian,car
30,Male,pedestrian,car,2015,pedestrian,car,pedestrian,car,pedestrian,car,pedestrian,car,pedestrian,car
25,Male,pedestrian,car,2015,pedestrian,car,pedestrian,car,pedestrian,car,pedestrian,car,pedestrian,car
26,Male,pedestrian,truck,2015,pedestrian,truck,pedestrian,truck,pedestrian,truck,pedestrian,truck,pedestrian,truck
41,Male,pedestrian,bus,2015,pedestrian,bus,pedestrian,bus,pedestrian,bus,pedestrian,bus,pedestrian,bus
28,Male,pedestrian,car,2015,pedestrian,car,pedestrian,car,pedestrian,car,pedestrian,car,pedestrian,car
38,Female,pedestrian,car,2015,pedestrian,car,pedestrian,car,pedestrian,car,pedestrian,car,pedestrian,car
40,Male,pedestrian,bus,2015,pedestrian,bus,pedestrian,bus,pedestrian,bus,pedestrian,bus,pedestrian,bus
27,Male,pedestrian,car,2015,pedestrian,car,pedestrian,car,pedestrian,car,pedestrian,car,pedestrian,car
18,Male,pedestrian,car,2015,pedestrian,car,pedestrian,car,pedestrian,car,pedestrian,car,pedestrian,car
29,Female,pedestrian,car,2015,pedestrian,car,pedestrian,car,pedestrian,car,pedestrian,car,pedestrian,car
1,Female,pedestrian,bus,2015,pedestrian,bus,pedestrian,bus,pedestrian,bus,pedestrian,bus,pedestrian,bus
46,Male,pedestrian,car,2015,pedestrian,car,pedestrian,car,pedestrian,car,pedestrian,car,pedestrian,car
47,Female,pedestrian,car,2015,pedestrian,car,pedestrian,car,pedestrian,car,pedestrian,car,pedestrian,car
30,Male,pedestrian,truck,2015,pedestrian,truck,pedestrian,truck,pedestrian,truck,pedestrian,truck,pedestrian,truck
59,Male,pedestrian,car,2015,pedestrian,car,pedestrian,car,pedestrian,car,pedestrian,car,pedestrian,car
45,Male,pedestrian,bus,2015,pedestrian,bus,pedestrian,bus,pedestrian,bus,pedestrian,bus,pedestrian,bus
80,Male,pedestrian,car,2015,pedestrian,car,pedestrian,car,pedestrian,car,pedestrian,car,pedestrian,car
44,Male,pedestrian,car,2015,pedestrian,car,pedestrian,car,pedestrian,car,pedestrian,car,pedestrian,car
39,Male,pedestrian,car,2015,pedestrian,car,pedestrian,car,pedestrian,car,pedestrian,car,pedestrian,car
65,Male,pedestrian,car,2015,pedestrian,car,pedestrian,car,pedestrian,car,pedestrian,car,pedestrian,car
35,Male,pedestrian,bus,2015,pedestrian,bus,pedestrian,bus,pedestrian,bus,pedestrian,bus,pedestrian,bus
25,Male,pedestrian,bus,2015,pedestrian,bus,pedestrian,bus,pedestrian,bus,pedestrian,bus,pedestrian,bus
52,Male,pedestrian,car,2015,pedestrian,car,pedestrian,car,pedestrian,car,pedestrian,car,pedestrian,car
79,Male,pedestrian,car,2015,pedestrian,car,pedestrian,car,pedestrian,car,pedestrian,car,pedestrian,car
23,Male,pedestrian,car,2015,pedestrian,car,pedestrian,car,pedestrian,car,pedestrian,car,pedestrian,car
63,Female,pedestrian,car,2015,pedestrian,car,pedestrian,car,pedestrian,car,pedestrian,car,pedestrian,car
23,Male,pedestrian,car,2015,pedestrian,car,pedestrian,car,pedestrian,car,pedestrian,car,pedestrian,car
63,Male,pedestrian,motorcycle,2015,pedestrian,motorcycle,pedestrian,motorcycle,pedestrian,motorcycle,pedestrian,motorcycle,pedestrian,motorcycle
26,Male,pedestrian,car,2015,pedestrian,car,pedestrian,car,pedestrian,car,pedestrian,car,pedestrian,car
37,Male,pedestrian,car,2015,pedestrian,car,pedestrian,car,pedestrian,car,pedestrian,car,pedestrian,car
23,Female,pedestrian,car,2015,pedestrian,car,pedestrian,car,pedestrian,car,pedestrian,car,pedestrian,car
37,Male,pedestrian,bus,2015,pedestrian,bus,pedestrian,bus,pedestrian,bus,pedestrian,bus,pedestrian,bus
16,Female,pedestrian,car,2015,pedestrian,car,pedestrian,car,pedestrian,car,pedestrian,car,pedestrian,car
29,Male,pedestrian,truck,2015,pedestrian,truck,pedestrian,truck,pedestrian,truck,pedestrian,truck,pedestrian,truck
5,Male,pedestrian,car,2015,pedestrian,car,pedestrian,car,pedestrian,car,pedestrian,car,pedestrian,car
6,Male,pedestrian,bus,2015,pedestrian,bus,pedestrian,bus,pedestrian,bus,pedestrian,bus,pedestrian,bus
26,Male,pedestrian,bus,2015,pedestrian,bus,pedestrian,bus,pedestrian,bus,pedestrian,bus,pedestrian,bus
35,Male,pedestrian,car,2015,pedestrian,car,pedestrian,car,pedestrian,car,pedestrian,car,pedestrian,car
25,Male,pedestrian,car,2015,pedestrian,car,pedestrian,car,pedestrian,car,pedestrian,car,pedestrian,car
2,Male,pedestrian,bus,2015,pedestrian,bus,pedestrian,bus,pedestrian,bus,pedestrian,bus,pedestrian,bus
27,Female,pedestrian,car,2015,pedestrian,car,pedestrian,car,pedestrian,car,pedestrian,car,pedestrian,car
49,Male,pedestrian,car,2015,pedestrian,car,pedestrian,car,pedestrian,car,pedestrian,car,pedestrian,car
26,Male,pedestrian,car,2015,pedestrian,car,pedestrian,car,pedestrian,car,pedestrian,car,pedestrian,car
54,Male,pedestrian,bus,2015,pedestrian,bus,pedestrian,bus,pedestrian,bus,pedestrian,bus,pedestrian,bus
26,Female,pedestrian,bus,2015,pedestrian,bus,pedestrian,bus,pedestrian,bus,pedestrian,bus,pedestrian,bus
1,Male,pedestrian,car,2015,pedestrian,car,pedestrian,car,pedestrian,car,pedestrian,car,pedestrian,car
37,Male,pedestrian,bus,2015,pedestrian,bus,pedestrian,bus,pedestrian,bus,pedestrian,bus,pedestrian,bus
41,Male,pedestrian,car,2015,pedestrian,car,pedestrian,car,pedestrian,car,pedestrian,car,pedestrian,car
32,Female,pedestrian,car,2015,pedestrian,car,pedestrian,car,pedestrian,car,pedestrian,car,pedestrian,car
13,Female,pedestrian,bus,2015,pedestrian,bus,pedestrian,bus,pedestrian,bus,pedestrian,bus,pedestrian,bus
20,Male,pedestrian,car,2015,pedestrian,car,pedestrian,car,pedestrian,car,pedestrian,car,pedestrian,car
24,Male,pedestrian,car,2015,pedestrian,car,pedestrian,car,pedestrian,car,pedestrian,car,pedestrian,car
50,Male,pedestrian,car,2015,pedestrian,car,pedestrian,car,pedestrian,car,pedestrian,car,pedestrian,car
52,Male,pedestrian,bus,2015,pedestrian,bus,pedestrian,bus,pedestrian,bus,pedestrian,bus,pedestrian,bus
80,Male,pedestrian,bus,2015,pedestrian,bus,pedestrian,bus,pedestrian,bus,pedestrian,bus,pedestrian,bus
36,Male,pedestrian,car,2015,pedestrian,car,pedestrian,car,pedestrian,car,pedestrian,car,pedestrian,car
59,Male,pedestrian,car,2015,pedestrian,car,pedestrian,car,pedestrian,car,pedestrian,car,pedestrian,car
69,Male,pedestrian,car,2015,pedestrian,car,pedestrian,car,pedestrian,car,pedestrian,car,pedestrian,car
21,Male,pedestrian,car,2015,pedestrian,car,pedestrian,car,pedestrian,car,pedestrian,car,pedestrian,car
38,Female,pedestrian,car,2015,pedestrian,car,pedestrian,car,pedestrian,car,pedestrian,car,pedestrian,car
27,Male,pedestrian,bus,2015,pedestrian,bus,pedestrian,bus,pedestrian,bus,pedestrian,bus,pedestrian,bus
57,Male,pedestrian,car,2015,pedestrian,car,pedestrian,car,pedestrian,car,pedestrian,car,pedestrian,car
30,Male,pedestrian,bus,2015,pedestrian,bus,pedestrian,bus,pedestrian,bus,pedestrian,bus,pedestrian,bus
10,Male,pedestrian,car,2015,pedestrian,car,pedestrian,car,pedestrian,car,pedestrian,car,pedestrian,car
28,Male,pedestrian,truck,2015,pedestrian,truck,pedestrian,truck,pedestrian,truck,pedestrian,truck,pedestrian,truck
45,Female,pedestrian,car,2016,pedestrian,car,pedestrian,car,pedestrian,car,pedestrian,car,pedestrian,car
57,Male,pedestrian,car,2016,pedestrian,car,pedestrian,car,pedestrian,car,pedestrian,car,pedestrian,car
61,Male,pedestrian,car,2016,pedestrian,car,pedestrian,car,pedestrian,car,pedestrian,car,pedestrian,car
6,Female,pedestrian,car,2016,pedestrian,car,pedestrian,car,pedestrian,car,pedestrian,car,pedestrian,car
27,Male,pedestrian,bus,2016,pedestrian,bus,pedestrian,bus,pedestrian,bus,pedestrian,bus,pedestrian,bus
30,Male,pedestrian,car,2016,pedestrian,car,pedestrian,car,pedestrian,car,pedestrian,car,pedestrian,car
44,Male,pedestrian,truck,2016,pedestrian,truck,pedestrian,truck,pedestrian,truck,pedestrian,truck,pedestrian,truck
29,Female,pedestrian,car,2016,pedestrian,car,pedestrian,car,pedestrian,car,pedestrian,car,pedestrian,car
42,Male,pedestrian,car,2016,pedestrian,car,pedestrian,car,pedestrian,car,pedestrian,car,pedestrian,car
52,Male,pedestrian,car,2016,pedestrian,car,pedestrian,car,pedestrian,car,pedestrian,car,pedestrian,car
42,Male,pedestrian,bus,2016,pedestrian,bus,pedestrian,bus,pedestrian,bus,pedestrian,bus,pedestrian,bus
70,Male,pedestrian,bus,2016,pedestrian,bus,pedestrian,bus,pedestrian,bus,pedestrian,bus,pedestrian,bus
44,Female,pedestrian,bus,2016,pedestrian,bus,pedestrian,bus,pedestrian,bus,pedestrian,bus,pedestrian,bus
50,Male,pedestrian,bus,2016,pedestrian,bus,pedestrian,bus,pedestrian,bus,pedestrian,bus,pedestrian,bus
4,Male,pedestrian,car,2016,pedestrian,car,pedestrian,car,pedestrian,car,pedestrian,car,pedestrian,car
35,Male,pedestrian,car,2016,pedestrian,car,pedestrian,car,pedestrian,car,pedestrian,car,pedestrian,car
72,Female,pedestrian,car,2016,pedestrian,car,pedestrian,car,pedestrian,car,pedestrian,car,pedestrian,car
55,Male,pedestrian,car,2016,pedestrian,car,pedestrian,car,pedestrian,car,pedestrian,car,pedestrian,car
39,Male,pedestrian,car,2016,pedestrian,car,pedestrian,car,pedestrian,car,pedestrian,car,pedestrian,car
40,Male,pedestrian,car,2016,pedestrian,car,pedestrian,car,pedestrian,car,pedestrian,car,pedestrian,car
23,Female,pedestrian,bus,2016,pedestrian,bus,pedestrian,bus,pedestrian,bus,pedestrian,bus,pedestrian,bus
38,Female,pedestrian,car,2016,pedestrian,car,pedestrian,car,pedestrian,car,pedestrian,car,pedestrian,car
53,Male,pedestrian,bus,2016,pedestrian,bus,pedestrian,bus,pedestrian,bus,pedestrian,bus,pedestrian,bus
8,Female,pedestrian,car,2016,pedestrian,car,pedestrian,car,pedestrian,car,pedestrian,car,pedestrian,car
38,Female,pedestrian,car,2016,pedestrian,car,pedestrian,car,pedestrian,car,pedestrian,car,pedestrian,car
64,Male,pedestrian,bus,2016,pedestrian,bus,pedestrian,bus,pedestrian,bus,pedestrian,bus,pedestrian,bus
35,Male,pedestrian,car,2016,pedestrian,car,pedestrian,car,pedestrian,car,pedestrian,car,pedestrian,car
25,Male,pedestrian,car,2016,pedestrian,car,pedestrian,car,pedestrian,car,pedestrian,car,pedestrian,car
45,Male,pedestrian,car,2016,pedestrian,car,pedestrian,car,pedestrian,car,pedestrian,car,pedestrian,car
25,Male,pedestrian,car,2016,pedestrian,car,pedestrian,car,pedestrian,car,pedestrian,car,pedestrian,car
36,Female,pedestrian,bus,2016,pedestrian,bus,pedestrian,bus,pedestrian,bus,pedestrian,bus,pedestrian,bus
44,Female,pedestrian,car,2016,pedestrian,car,pedestrian,car,pedestrian,car,pedestrian,car,pedestrian,car
40,Male,pedestrian,truck,2016,pedestrian,truck,pedestrian,truck,pedestrian,truck,pedestrian,truck,pedestrian,truck
26,Female,pedestrian,car,2016,pedestrian,car,pedestrian,car,pedestrian,car,pedestrian,car,pedestrian,car
37,Male,pedestrian,car,2016,pedestrian,car,pedestrian,car,pedestrian,car,pedestrian,car,pedestrian,car
21,Male,pedestrian,car,2016,pedestrian,car,pedestrian,car,pedestrian,car,pedestrian,car,pedestrian,car
29,Male,pedestrian,car,2016,pedestrian,car,pedestrian,car,pedestrian,car,pedestrian,car,pedestrian,car
31,Male,pedestrian,car,2016,pedestrian,car,pedestrian,car,pedestrian,car,pedestrian,car,pedestrian,car
53,Male,pedestrian,car,2016,pedestrian,car,pedestrian,car,pedestrian,car,pedestrian,car,pedestrian,car
41,Male,pedestrian,bus,2016,pedestrian,bus,pedestrian,bus,pedestrian,bus,pedestrian,bus,pedestrian,bus
44,Female,pedestrian,bus,2016,pedestrian,bus,pedestrian,bus,pedestrian,bus,pedestrian,bus,pedestrian,bus
34,Male,pedestrian,car,2016,pedestrian,car,pedestrian,car,pedestrian,car,pedestrian,car,pedestrian,car
30,Male,pedestrian,car,2016,pedestrian,car,pedestrian,car,pedestrian,car,pedestrian,car,pedestrian,car
45,Male,pedestrian,bus,2016,pedestrian,bus,pedestrian,bus,pedestrian,bus,pedestrian,bus,pedestrian,bus
45,Male,pedestrian,car,2016,pedestrian,car,pedestrian,car,pedestrian,car,pedestrian,car,pedestrian,car
30,Male,pedestrian,car,2016,pedestrian,car,pedestrian,car,pedestrian,car,pedestrian,car,pedestrian,car
51,Male,pedestrian,car,2016,pedestrian,car,pedestrian,car,pedestrian,car,pedestrian,car,pedestrian,car
34,Female,pedestrian,car,2016,pedestrian,car,pedestrian,car,pedestrian,car,pedestrian,car,pedestrian,car
38,Female,pedestrian,truck,2016,pedestrian,truck,pedestrian,truck,pedestrian,truck,pedestrian,truck,pedestrian,truck
4,Male,pedestrian,car,2016,pedestrian,car,pedestrian,car,pedestrian,car,pedestrian,car,pedestrian,car
29,Female,pedestrian,bus,2016,pedestrian,bus,pedestrian,bus,pedestrian,bus,pedestrian,bus,pedestrian,bus
24,Male,pedestrian,bus,2016,pedestrian,bus,pedestrian,bus,pedestrian,bus,pedestrian,bus,pedestrian,bus
27,Female,pedestrian,bus,2016,pedestrian,bus,pedestrian,bus,pedestrian,bus,pedestrian,bus,pedestrian,bus
26,Male,pedestrian,bus,2016,pedestrian,bus,pedestrian,bus,pedestrian,bus,pedestrian,bus,pedestrian,bus
29,Female,pedestrian,bus,2016,pedestrian,bus,pedestrian,bus,pedestrian,bus,pedestrian,bus,pedestrian,bus
47,Female,pedestrian,car,2016,pedestrian,car,pedestrian,car,pedestrian,car,pedestrian,car,pedestrian,car
6,Male,pedestrian,bus,2016,pedestrian,bus,pedestrian,bus,pedestrian,bus,pedestrian,bus,pedestrian,bus
40,Male,pedestrian,car,2016,pedestrian,car,pedestrian,car,pedestrian,car,pedestrian,car,pedestrian,car
70,Male,pedestrian,bus,2016,pedestrian,bus,pedestrian,bus,pedestrian,bus,pedestrian,bus,pedestrian,bus
4,Male,pedestrian,bus,2016,pedestrian,bus,pedestrian,bus,pedestrian,bus,pedestrian,bus,pedestrian,bus
41,Female,pedestrian,car,2016,pedestrian,car,pedestrian,car,pedestrian,car,pedestrian,car,pedestrian,car
31,Female,pedestrian,car,2016,pedestrian,car,pedestrian,car,pedestrian,car,pedestrian,car,pedestrian,car
48,Male,pedestrian,car,2016,pedestrian,car,pedestrian,car,pedestrian,car,pedestrian,car,pedestrian,car
57,Female,pedestrian,car,2016,pedestrian,car,pedestrian,car,pedestrian,car,pedestrian,car,pedestrian,car
36,Male,pedestrian,car,2016,pedestrian,car,pedestrian,car,pedestrian,car,pedestrian,car,pedestrian,car
24,Male,pedestrian,bus,2016,pedestrian,bus,pedestrian,bus,pedestrian,bus,pedestrian,bus,pedestrian,bus
30,Male,pedestrian,car,2016,pedestrian,car,pedestrian,car,pedestrian,car,pedestrian,car,pedestrian,car
27,Male,pedestrian,car,2016,pedestrian,car,pedestrian,car,pedestrian,car,pedestrian,car,pedestrian,car
77,Female,pedestrian,car,2016,pedestrian,car,pedestrian,car,pedestrian,car,pedestrian,car,pedestrian,car
33,Male,pedestrian,car,2016,pedestrian,car,pedestrian,car,pedestrian,car,pedestrian,car,pedestrian,car
24,Male,pedestrian,car,2016,pedestrian,car,pedestrian,car,pedestrian,car,pedestrian,car,pedestrian,car
35,Male,pedestrian,car,2016,pedestrian,car,pedestrian,car,pedestrian,car,pedestrian,car,pedestrian,car
45,Male,pedestrian,bus,2016,pedestrian,bus,pedestrian,bus,pedestrian,bus,pedestrian,bus,pedestrian,bus
39,Male,pedestrian,car,2016,pedestrian,car,pedestrian,car,pedestrian,car,pedestrian,car,pedestrian,car
47,Female,pedestrian,car,2016,pedestrian,car,pedestrian,car,pedestrian,car,pedestrian,car,pedestrian,car
30,Male,pedestrian,car,2016,pedestrian,car,pedestrian,car,pedestrian,car,pedestrian,car,pedestrian,car
20,Female,pedestrian,car,2016,pedestrian,car,pedestrian,car,pedestrian,car,pedestrian,car,pedestrian,car
30,Male,pedestrian,car,2016,pedestrian,car,pedestrian,car,pedestrian,car,pedestrian,car,pedestrian,car
28,Female,pedestrian,car,2016,pedestrian,car,pedestrian,car,pedestrian,car,pedestrian,car,pedestrian,car
10,Male,pedestrian,car,2016,pedestrian,car,pedestrian,car,pedestrian,car,pedestrian,car,pedestrian,car
16,Male,pedestrian,car,2016,pedestrian,car,pedestrian,car,pedestrian,car,pedestrian,car,pedestrian,car
28,Male,pedestrian,car,2016,pedestrian,car,pedestrian,car,pedestrian,car,pedestrian,car,pedestrian,car
10,Male,pedestrian,bus,2016,pedestrian,bus,pedestrian,bus,pedestrian,bus,pedestrian,bus,pedestrian,bus
54,Female,pedestrian,car,2016,pedestrian,car,pedestrian,car,pedestrian,car,pedestrian,car,pedestrian,car
25,Male,pedestrian,bus,2016,pedestrian,bus,pedestrian,bus,pedestrian,bus,pedestrian,bus,pedestrian,bus
48,Female,pedestrian,car,2016,pedestrian,car,pedestrian,car,pedestrian,car,pedestrian,car,pedestrian,car
27,Female,pedestrian,car,2016,pedestrian,car,pedestrian,car,pedestrian,car,pedestrian,car,pedestrian,car
38,Male,pedestrian,bus,2016,pedestrian,bus,pedestrian,bus,pedestrian,bus,pedestrian,bus,pedestrian,bus
59,Male,pedestrian,car,2016,pedestrian,car,pedestrian,car,pedestrian,car,pedestrian,car,pedestrian,car
28,Female,pedestrian,car,2016,pedestrian,car,pedestrian,car,pedestrian,car,pedestrian,car,pedestrian,car
37,Female,pedestrian,truck,2016,pedestrian,truck,pedestrian,truck,pedestrian,truck,pedestrian,truck,pedestrian,truck
27,Female,pedestrian,car,2016,pedestrian,car,pedestrian,car,pedestrian,car,pedestrian,car,pedestrian,car
20,Male,pedestrian,car,2016,pedestrian,car,pedestrian,car,pedestrian,car,pedestrian,car,pedestrian,car
58,Female,pedestrian,car,2016,pedestrian,car,pedestrian,car,pedestrian,car,pedestrian,car,pedestrian,car
61,Male,pedestrian,car,2016,pedestrian,car,pedestrian,car,pedestrian,car,pedestrian,car,pedestrian,car
29,Female,pedestrian,bus,2016,pedestrian,bus,pedestrian,bus,pedestrian,bus,pedestrian,bus,pedestrian,bus
26,Male,pedestrian,car,2016,pedestrian,car,pedestrian,car,pedestrian,car,pedestrian,car,pedestrian,car
30,Male,pedestrian,bus,2016,pedestrian,bus,pedestrian,bus,pedestrian,bus,pedestrian,bus,pedestrian,bus
25,Female,pedestrian,car,2016,pedestrian,car,pedestrian,car,pedestrian,car,pedestrian,car,pedestrian,car
37,Male,pedestrian,car,2016,pedestrian,car,pedestrian,car,pedestrian,car,pedestrian,car,pedestrian,car
37,Male,pedestrian,car,2016,pedestrian,car,pedestrian,car,pedestrian,car,pedestrian,car,pedestrian,car
33,Male,pedestrian,bus,2016,pedestrian,bus,pedestrian,bus,pedestrian,bus,pedestrian,bus,pedestrian,bus
47,Male,pedestrian,bus,2016,pedestrian,bus,pedestrian,bus,pedestrian,bus,pedestrian,bus,pedestrian,bus
46,Male,pedestrian,car,2016,pedestrian,car,pedestrian,car,pedestrian,car,pedestrian,car,pedestrian,car
41,Male,pedestrian,car,2016,pedestrian,car,pedestrian,car,pedestrian,car,pedestrian,car,pedestrian,car
6,Male,pedestrian,car,2016,pedestrian,car,pedestrian,car,pedestrian,car,pedestrian,car,pedestrian,car
41,Male,pedestrian,motorcycle,2016,pedestrian,motorcycle,pedestrian,motorcycle,pedestrian,motorcycle,pedestrian,motorcycle,pedestrian,motorcycle
20,Male,pedestrian,car,2016,pedestrian,car,pedestrian,car,pedestrian,car,pedestrian,car,pedestrian,car
23,Male,pedestrian,car,2016,pedestrian,car,pedestrian,car,pedestrian,car,pedestrian,car,pedestrian,car
19,Male,pedestrian,bus,2016,pedestrian,bus,pedestrian,bus,pedestrian,bus,pedestrian,bus,pedestrian,bus
44,Male,pedestrian,car,2016,pedestrian,car,pedestrian,car,pedestrian,car,pedestrian,car,pedestrian,car
35,Male,pedestrian,car,2016,pedestrian,car,pedestrian,car,pedestrian,car,pedestrian,car,pedestrian,car
5,Male,pedestrian,car,2016,pedestrian,car,pedestrian,car,pedestrian,car,pedestrian,car,pedestrian,car
60,Female,pedestrian,car,2016,pedestrian,car,pedestrian,car,pedestrian,car,pedestrian,car,pedestrian,car
58,Male,pedestrian,car,2016,pedestrian,car,pedestrian,car,pedestrian,car,pedestrian,car,pedestrian,car
61,Male,pedestrian,car,2016,pedestrian,car,pedestrian,car,pedestrian,car,pedestrian,car,pedestrian,car
26,Female,pedestrian,car,2016,pedestrian,car,pedestrian,car,pedestrian,car,pedestrian,car,pedestrian,car
32,Male,pedestrian,car,2016,pedestrian,car,pedestrian,car,pedestrian,car,pedestrian,car,pedestrian,car
29,Female,pedestrian,car,2016,pedestrian,car,pedestrian,car,pedestrian,car,pedestrian,car,pedestrian,car
34,Male,pedestrian,bus,2016,pedestrian,bus,pedestrian,bus,pedestrian,bus,pedestrian,bus,pedestrian,bus
60,Female,pedestrian,bus,2016,pedestrian,bus,pedestrian,bus,pedestrian,bus,pedestrian,bus,pedestrian,bus
27,Male,pedestrian,bus,2016,pedestrian,bus,pedestrian,bus,pedestrian,bus,pedestrian,bus,pedestrian,bus
26,Male,pedestrian,car,2016,pedestrian,car,pedestrian,car,pedestrian,car,pedestrian,car,pedestrian,car
38,Male,pedestrian,car,2016,pedestrian,car,pedestrian,car,pedestrian,car,pedestrian,car,pedestrian,car
48,Male,pedestrian,motorcycle,2016,pedestrian,motorcycle,pedestrian,motorcycle,pedestrian,motorcycle,pedestrian,motorcycle,pedestrian,motorcycle
31,Male,pedestrian,car,2016,pedestrian,car,pedestrian,car,pedestrian,car,pedestrian,car,pedestrian,car
32,Male,pedestrian,car,2016,pedestrian,car,pedestrian,car,pedestrian,car,pedestrian,car,pedestrian,car
31,Male,pedestrian,car,2016,pedestrian,car,pedestrian,car,pedestrian,car,pedestrian,car,pedestrian,car
33,Male,pedestrian,truck,2016,pedestrian,truck,pedestrian,truck,pedestrian,truck,pedestrian,truck,pedestrian,truck
47,Male,pedestrian,motorcycle,2016,pedestrian,motorcycle,pedestrian,motorcycle,pedestrian,motorcycle,pedestrian,motorcycle,pedestrian,motorcycle
70,Male,pedestrian,car,2016,pedestrian,car,pedestrian,car,pedestrian,car,pedestrian,car,pedestrian,car
44,Male,pedestrian,car,2016,pedestrian,car,pedestrian,car,pedestrian,car,pedestrian,car,pedestrian,car
6,Male,pedestrian,car,2016,pedestrian,car,pedestrian,car,pedestrian,car,pedestrian,car,pedestrian,car
58,Male,pedestrian,car,2016,pedestrian,car,pedestrian,car,pedestrian,car,pedestrian,car,pedestrian,car
26,Male,pedestrian,car,2016,pedestrian,car,pedestrian,car,pedestrian,car,pedestrian,car,pedestrian,car
26,Male,pedestrian,bus,2016,pedestrian,bus,pedestrian,bus,pedestrian,bus,pedestrian,bus,pedestrian,bus
27,Female,pedestrian,car,2016,pedestrian,car,pedestrian,car,pedestrian,car,pedestrian,car,pedestrian,car
11,Female,pedestrian,car,2016,pedestrian,car,pedestrian,car,pedestrian,car,pedestrian,car,pedestrian,car
22,Male,pedestrian,car,2016,pedestrian,car,pedestrian,car,pedestrian,car,pedestrian,car,pedestrian,car
22,Male,pedestrian,car,2016,pedestrian,car,pedestrian,car,pedestrian,car,pedestrian,car,pedestrian,car
7,Male,pedestrian,car,2016,pedestrian,car,pedestrian,car,pedestrian,car,pedestrian,car,pedestrian,car
51,Male,pedestrian,bus,2016,pedestrian,bus,pedestrian,bus,pedestrian,bus,pedestrian,bus,pedestrian,bus
20,Female,pedestrian,car,2016,pedestrian,car,pedestrian,car,pedestrian,car,pedestrian,car,pedestrian,car
58,Male,pedestrian,truck,2016,pedestrian,truck,pedestrian,truck,pedestrian,truck,pedestrian,truck,pedestrian,truck
1,Male,pedestrian,bus,2016,pedestrian,bus,pedestrian,bus,pedestrian,bus,pedestrian,bus,pedestrian,bus
36,Male,pedestrian,car,2016,pedestrian,car,pedestrian,car,pedestrian,car,pedestrian,car,pedestrian,car
10,Male,pedestrian,car,2016,pedestrian,car,pedestrian,car,pedestrian,car,pedestrian,car,pedestrian,car
59,Male,pedestrian,car,2016,pedestrian,car,pedestrian,car,pedestrian,car,pedestrian,car,pedestrian,car
6,Male,pedestrian,car,2016,pedestrian,car,pedestrian,car,pedestrian,car,pedestrian,car,pedestrian,car
57,Male,pedestrian,car,2016,pedestrian,car,pedestrian,car,pedestrian,car,pedestrian,car,pedestrian,car
35,Female,pedestrian,car,2016,pedestrian,car,pedestrian,car,pedestrian,car,pedestrian,car,pedestrian,car
29,Male,pedestrian,truck,2016,pedestrian,truck,pedestrian,truck,pedestrian,truck,pedestrian,truck,pedestrian,truck
39,Male,pedestrian,car,2016,pedestrian,car,pedestrian,car,pedestrian,car,pedestrian,car,pedestrian,car
41,Male,pedestrian,truck,2016,pedestrian,truck,pedestrian,truck,pedestrian,truck,pedestrian,truck,pedestrian,truck
35,Male,pedestrian,car,2016,pedestrian,car,pedestrian,car,pedestrian,car,pedestrian,car,pedestrian,car
34,Male,pedestrian,truck,2016,pedestrian,truck,pedestrian,truck,pedestrian,truck,pedestrian,truck,pedestrian,truck
60,Male,pedestrian,car,2016,pedestrian,car,pedestrian,car,pedestrian,car,pedestrian,car,pedestrian,car
31,Female,pedestrian,truck,2016,pedestrian,truck,pedestrian,truck,pedestrian,truck,pedestrian,truck,pedestrian,truck
39,Male,pedestrian,bus,2016,pedestrian,bus,pedestrian,bus,pedestrian,bus,pedestrian,bus,pedestrian,bus
51,Male,pedestrian,car,2016,pedestrian,car,pedestrian,car,pedestrian,car,pedestrian,car,pedestrian,car
21,Male,pedestrian,car,2016,pedestrian,car,pedestrian,car,pedestrian,car,pedestrian,car,pedestrian,car
57,Male,pedestrian,car,2016,pedestrian,car,pedestrian,car,pedestrian,car,pedestrian,car,pedestrian,car
60,Male,pedestrian,car,2016,pedestrian,car,pedestrian,car,pedestrian,car,pedestrian,car,pedestrian,car
3,Male,pedestrian,car,2016,pedestrian,car,pedestrian,car,pedestrian,car,pedestrian,car,pedestrian,car
24,Male,pedestrian,car,2016,pedestrian,car,pedestrian,car,pedestrian,car,pedestrian,car,pedestrian,car
65,Female,pedestrian,bus,2016,pedestrian,bus,pedestrian,bus,pedestrian,bus,pedestrian,bus,pedestrian,bus
58,Male,pedestrian,truck,2016,pedestrian,truck,pedestrian,truck,pedestrian,truck,pedestrian,truck,pedestrian,truck
40,Male,pedestrian,car,2016,pedestrian,car,pedestrian,car,pedestrian,car,pedestrian,car,pedestrian,car
46,Male,pedestrian,car,2016,pedestrian,car,pedestrian,car,pedestrian,car,pedestrian,car,pedestrian,car
19,Male,pedestrian,car,2016,pedestrian,car,pedestrian,car,pedestrian,car,pedestrian,car,pedestrian,car
25,Male,pedestrian,car,2016,pedestrian,car,pedestrian,car,pedestrian,car,pedestrian,car,pedestrian,car
32,Male,pedestrian,car,2016,pedestrian,car,pedestrian,car,pedestrian,car,pedestrian,car,pedestrian,car
40,Male,pedestrian,car,2016,pedestrian,car,pedestrian,car,pedestrian,car,pedestrian,car,pedestrian,car
61,Female,pedestrian,bus,2016,pedestrian,bus,pedestrian,bus,pedestrian,bus,pedestrian,bus,pedestrian,bus
50,Male,pedestrian,car,2016,pedestrian,car,pedestrian,car,pedestrian,car,pedestrian,car,pedestrian,car
102,Male,car,car,2016,car,car,car,car,car,car,car,car,car,car
22,Female,car,car,2015,car,car,car,car,car,car,car,car,car,car
13,Male,pedestrian,car,2015,pedestrian,car,pedestrian,car,pedestrian,car,pedestrian,car,pedestrian,car
42,Male,car,car,2016,car,car,car,car,car,car,car,car,car,car
33,Male,pedestrian,car,2012,pedestrian,car,pedestrian,car,pedestrian,car,pedestrian,car,pedestrian,car
27,Male,motorcycle,car,2016,motorcycle,car,motorcycle,car,motorcycle,car,motorcycle,car,motorcycle,car
27,Male,pedestrian,car,2013,pedestrian,car,pedestrian,car,pedestrian,car,pedestrian,car,pedestrian,car
76,Female,pedestrian,car,2012,pedestrian,car,pedestrian,car,pedestrian,car,pedestrian,car,pedestrian,car
24,Male,car,car,2012,car,car,car,car,car,car,car,car,car,car
43,Male,pedestrian,car,2016,pedestrian,car,pedestrian,car,pedestrian,car,pedestrian,car,pedestrian,car
39,Male,pedestrian,car,2015,pedestrian,car,pedestrian,car,pedestrian,car,pedestrian,car,pedestrian,car
36,Male,pedestrian,car,2013,pedestrian,car,pedestrian,car,pedestrian,car,pedestrian,car,pedestrian,car
21,Male,pedestrian,car,2016,pedestrian,car,pedestrian,car,pedestrian,car,pedestrian,car,pedestrian,car
28,Male,car,car,2013,car,car,car,car,car,car,car,car,car,car
44,Male,NA,other,2014,cycle,other,car,other,car,other,car,other,pedestrian,other
27,Male,pedestrian,truck,2012,pedestrian,truck,pedestrian,truck,pedestrian,truck,pedestrian,truck,pedestrian,truck
32,Male,car,car,2014,car,car,car,car,car,car,car,car,car,car
25,Male,car,car,2015,car,car,car,car,car,car,car,car,car,car
26,Male,car,car,2016,car,car,car,car,car,car,car,car,car,car
50,Male,car,car,2014,car,car,car,car,car,car,car,car,car,car
53,Male,pedestrian,car,2016,pedestrian,car,pedestrian,car,pedestrian,car,pedestrian,car,pedestrian,car
31,Male,pedestrian,car,2015,pedestrian,car,pedestrian,car,pedestrian,car,pedestrian,car,pedestrian,car
68,Male,car,car,2016,car,car,car,car,car,car,car,car,car,car
82,Female,pedestrian,car,2013,pedestrian,car,pedestrian,car,pedestrian,car,pedestrian,car,pedestrian,car
29,Male,car,bus,2015,car,bus,car,bus,car,bus,car,bus,car,bus
29,Female,car,car,2012,car,car,car,car,car,car,car,car,car,car
16,Male,motorcycle,car,2014,motorcycle,car,motorcycle,car,motorcycle,car,motorcycle,car,motorcycle,car
30,Female,pedestrian,car,2016,pedestrian,car,pedestrian,car,pedestrian,car,pedestrian,car,pedestrian,car
46,Male,NA,bus,2015,car,bus,car,bus,car,bus,car,bus,motorcycle,bus
52,Male,pedestrian,car,2015,pedestrian,car,pedestrian,car,pedestrian,car,pedestrian,car,pedestrian,car
48,Male,pedestrian,car,2013,pedestrian,car,pedestrian,car,pedestrian,car,pedestrian,car,pedestrian,car
57,Male,pedestrian,car,2014,pedestrian,car,pedestrian,car,pedestrian,car,pedestrian,car,pedestrian,car
28,Male,pedestrian,car,2012,pedestrian,car,pedestrian,car,pedestrian,car,pedestrian,car,pedestrian,car
22,Female,pedestrian,car,2012,pedestrian,car,pedestrian,car,pedestrian,car,pedestrian,car,pedestrian,car
3,Female,pedestrian,bus,2013,pedestrian,bus,pedestrian,bus,pedestrian,bus,pedestrian,bus,pedestrian,bus
46,Male,pedestrian,bus,2015,pedestrian,bus,pedestrian,bus,pedestrian,bus,pedestrian,bus,pedestrian,bus
5,Male,pedestrian,car,2014,pedestrian,car,pedestrian,car,pedestrian,car,pedestrian,car,pedestrian,car
20,Female,car,car,2013,car,car,car,car,car,car,car,car,car,car
23,Male,car,car,2016,car,car,car,car,car,car,car,car,car,car
45,Male,car,car,2015,car,car,car,car,car,car,car,car,car,car
22,Male,bus,car,2014,bus,car,bus,car,bus,car,bus,car,bus,car
63,Male,pedestrian,bus,2013,pedestrian,bus,pedestrian,bus,pedestrian,bus,pedestrian,bus,pedestrian,bus
67,Male,pedestrian,car,2016,pedestrian,car,pedestrian,car,pedestrian,car,pedestrian,car,pedestrian,car
53,Male,bus,car,2012,bus,car,bus,car,bus,car,bus,car,bus,car
20,Female,truck,car,2013,truck,car,truck,car,truck,car,truck,car,truck,car
79,Male,car,car,2014,car,car,car,car,car,car,car,car,car,car
44,Male,pedestrian,car,2012,pedestrian,car,pedestrian,car,pedestrian,car,pedestrian,car,pedestrian,car
66,Male,car,car,2014,car,car,car,car,car,car,car,car,car,car
28,Male,car,car,2013,car,car,car,car,car,car,car,car,car,car
47,Male,motorcycle,car,2013,motorcycle,car,motorcycle,car,motorcycle,car,motorcycle,car,motorcycle,car
25,Male,pedestrian,car,2016,pedestrian,car,pedestrian,car,pedestrian,car,pedestrian,car,pedestrian,car
64,Male,car,car,2013,car,car,car,car,car,car,car,car,car,car
60,Male,car,car,2016,car,car,car,car,car,car,car,car,car,car
29,Male,car,car,2015,car,car,car,car,car,car,car,car,car,car
4,Male,pedestrian,car,2012,pedestrian,car,pedestrian,car,pedestrian,car,pedestrian,car,pedestrian,car
23,Male,bus,NA,2016,bus,car,bus,car,bus,car,bus,car,bus,car
25,Male,pedestrian,car,2013,pedestrian,car,pedestrian,car,pedestrian,car,pedestrian,car,pedestrian,car
25,Male,car,bus,2014,car,bus,car,bus,car,bus,car,bus,car,bus
45,Male,pedestrian,car,2012,pedestrian,car,pedestrian,car,pedestrian,car,pedestrian,car,pedestrian,car
37,Female,car,car,2013,car,car,car,car,car,car,car,car,car,car
47,Male,pedestrian,car,2013,pedestrian,car,pedestrian,car,pedestrian,car,pedestrian,car,pedestrian,car
32,Male,motorcycle,car,2013,motorcycle,car,motorcycle,car,motorcycle,car,motorcycle,car,motorcycle,car
50,Male,pedestrian,car,2013,pedestrian,car,pedestrian,car,pedestrian,car,pedestrian,car,pedestrian,car
38,Female,bus,car,2013,bus,car,bus,car,bus,car,bus,car,bus,car
36,Female,pedestrian,car,2016,pedestrian,car,pedestrian,car,pedestrian,car,pedestrian,car,pedestrian,car
22,Male,car,bus,2012,car,bus,car,bus,car,bus,car,bus,car,bus
34,Male,car,car,2016,car,car,car,car,car,car,car,car,car,car
8,Male,pedestrian,bus,2012,pedestrian,bus,pedestrian,bus,pedestrian,bus,pedestrian,bus,pedestrian,bus
34,Male,motorcycle,car,2013,motorcycle,car,motorcycle,car,motorcycle,car,motorcycle,car,motorcycle,car
23,Female,car,car,2014,car,car,car,car,car,car,car,car,car,car
34,Female,pedestrian,car,2016,pedestrian,car,pedestrian,car,pedestrian,car,pedestrian,car,pedestrian,car
40,Male,pedestrian,car,2012,pedestrian,car,pedestrian,car,pedestrian,car,pedestrian,car,pedestrian,car
42,Male,car,car,2013,car,car,car,car,car,car,car,car,car,car
2,Male,pedestrian,car,2012,pedestrian,car,pedestrian,car,pedestrian,car,pedestrian,car,pedestrian,car
30,Female,pedestrian,bus,2012,pedestrian,bus,pedestrian,bus,pedestrian,bus,pedestrian,bus,pedestrian,bus
22,Female,car,car,2016,car,car,car,car,car,car,car,car,car,car
41,Male,pedestrian,car,2014,pedestrian,car,pedestrian,car,pedestrian,car,pedestrian,car,pedestrian,car
2,Male,pedestrian,car,2013,pedestrian,car,pedestrian,car,pedestrian,car,pedestrian,car,pedestrian,car
8,Female,pedestrian,car,2016,pedestrian,car,pedestrian,car,pedestrian,car,pedestrian,car,pedestrian,car
36,Male,car,car,2016,car,car,car,car,car,car,car,car,car,car
32,Male,pedestrian,car,2013,pedestrian,car,pedestrian,car,pedestrian,car,pedestrian,car,pedestrian,car
32,Male,motorcycle,car,2012,motorcycle,car,motorcycle,car,motorcycle,car,motorcycle,car,motorcycle,car
3,Male,car,car,2013,car,car,car,car,car,car,car,car,car,car
3,Male,pedestrian,truck,2012,pedestrian,truck,pedestrian,truck,pedestrian,truck,pedestrian,truck,pedestrian,truck
23,Male,motorcycle,car,2013,motorcycle,car,motorcycle,car,motorcycle,car,motorcycle,car,motorcycle,car
25,Female,car,bus,2016,car,bus,car,bus,car,bus,car,bus,car,bus
35,Male,pedestrian,car,2014,pedestrian,car,pedestrian,car,pedestrian,car,pedestrian,car,pedestrian,car
35,Male,car,bus,2015,car,bus,car,bus,car,bus,car,bus,car,bus
26,Male,motorcycle,truck,2012,motorcycle,truck,motorcycle,truck,motorcycle,truck,motorcycle,truck,motorcycle,truck
42,Male,car,car,2015,car,car,car,car,car,car,car,car,car,car
35,Male,pedestrian,bicycle,2013,pedestrian,cycle,pedestrian,cycle,pedestrian,cycle,pedestrian,cycle,pedestrian,cycle
55,Male,car,other,2012,car,other,car,other,car,other,car,other,car,other
39,Male,pedestrian,NA,2012,pedestrian,car,pedestrian,car,pedestrian,car,pedestrian,bus,pedestrian,bus
33,Male,car,car,2016,car,car,car,car,car,car,car,car,car,car
24,Female,car,car,2016,car,car,car,car,car,car,car,car,car,car
28,Male,car,car,2013,car,car,car,car,car,car,car,car,car,car
56,Male,car,truck,2015,car,truck,car,truck,car,truck,car,truck,car,truck
22,Female,car,bus,2012,car,bus,car,bus,car,bus,car,bus,car,bus
24,Male,pedestrian,car,2015,pedestrian,car,pedestrian,car,pedestrian,car,pedestrian,car,pedestrian,car
40,Male,pedestrian,bus,2016,pedestrian,bus,pedestrian,bus,pedestrian,bus,pedestrian,bus,pedestrian,bus
60,Male,car,car,2015,car,car,car,car,car,car,car,car,car,car
60,Male,pedestrian,bus,2015,pedestrian,bus,pedestrian,bus,pedestrian,bus,pedestrian,bus,pedestrian,bus
35,Female,pedestrian,car,2012,pedestrian,car,pedestrian,car,pedestrian,car,pedestrian,car,pedestrian,car
34,Male,pedestrian,car,2013,pedestrian,car,pedestrian,car,pedestrian,car,pedestrian,car,pedestrian,car
30,Male,motorcycle,car,2014,motorcycle,car,motorcycle,car,motorcycle,car,motorcycle,car,motorcycle,car
23,Male,motorcycle,NA,2012,motorcycle,car,motorcycle,car,motorcycle,bus,motorcycle,car,motorcycle,truck
56,Female,car,car,2013,car,car,car,car,car,car,car,car,car,car
24,Male,car,car,2012,car,car,car,car,car,car,car,car,car,car
44,Male,pedestrian,car,2015,pedestrian,car,pedestrian,car,pedestrian,car,pedestrian,car,pedestrian,car
26,Male,car,NA,2014,car,car,car,bus,car,car,car,car,car,car
6,Male,pedestrian,car,2014,pedestrian,car,pedestrian,car,pedestrian,car,pedestrian,car,pedestrian,car
29,Male,car,car,2013,car,car,car,car,car,car,car,car,car,car
32,Male,car,car,2016,car,car,car,car,car,car,car,car,car,car
29,Male,car,car,2015,car,car,car,car,car,car,car,car,car,car
32,Male,NA,car,2014,car,car,car,car,car,car,car,car,car,car
2,Male,pedestrian,car,2014,pedestrian,car,pedestrian,car,pedestrian,car,pedestrian,car,pedestrian,car
33,Male,pedestrian,car,2015,pedestrian,car,pedestrian,car,pedestrian,car,pedestrian,car,pedestrian,car
31,Male,pedestrian,bus,2015,pedestrian,bus,pedestrian,bus,pedestrian,bus,pedestrian,bus,pedestrian,bus
30,Male,motorcycle,truck,2016,motorcycle,truck,motorcycle,truck,motorcycle,truck,motorcycle,truck,motorcycle,truck
12,Male,pedestrian,car,2013,pedestrian,car,pedestrian,car,pedestrian,car,pedestrian,car,pedestrian,car
33,Female,car,NA,2015,car,car,car,car,car,car,car,truck,car,car
40,Female,pedestrian,car,2013,pedestrian,car,pedestrian,car,pedestrian,car,pedestrian,car,pedestrian,car
87,Female,bus,bus,2013,bus,bus,bus,bus,bus,bus,bus,bus,bus,bus
42,Male,car,car,2014,car,car,car,car,car,car,car,car,car,car
62,Male,car,car,2014,car,car,car,car,car,car,car,car,car,car
51,Male,NA,car,2013,pedestrian,car,car,car,motorcycle,car,pedestrian,car,motorcycle,car
32,Male,car,car,2012,car,car,car,car,car,car,car,car,car,car
21,Male,pedestrian,car,2012,pedestrian,car,pedestrian,car,pedestrian,car,pedestrian,car,pedestrian,car
3,Male,car,car,2012,car,car,car,car,car,car,car,car,car,car
1,Male,pedestrian,NA,2012,pedestrian,truck,pedestrian,bus,pedestrian,motorcycle,pedestrian,car,pedestrian,car
56,Male,motorcycle,car,2014,motorcycle,car,motorcycle,car,motorcycle,car,motorcycle,car,motorcycle,car
23,Male,bus,truck,2015,bus,truck,bus,truck,bus,truck,bus,truck,bus,truck
43,Male,pedestrian,car,2014,pedestrian,car,pedestrian,car,pedestrian,car,pedestrian,car,pedestrian,car
39,Male,pedestrian,car,2016,pedestrian,car,pedestrian,car,pedestrian,car,pedestrian,car,pedestrian,car
36,Male,pedestrian,car,2016,pedestrian,car,pedestrian,car,pedestrian,car,pedestrian,car,pedestrian,car
30,Male,pedestrian,car,2015,pedestrian,car,pedestrian,car,pedestrian,car,pedestrian,car,pedestrian,car
27,Female,bus,bus,2013,bus,bus,bus,bus,bus,bus,bus,bus,bus,bus
69,Male,pedestrian,car,2016,pedestrian,car,pedestrian,car,pedestrian,car,pedestrian,car,pedestrian,car
41,Male,pedestrian,car,2012,pedestrian,car,pedestrian,car,pedestrian,car,pedestrian,car,pedestrian,car
20,Female,pedestrian,car,2014,pedestrian,car,pedestrian,car,pedestrian,car,pedestrian,car,pedestrian,car
77,Male,car,car,2014,car,car,car,car,car,car,car,car,car,car
38,Male,motorcycle,car,2015,motorcycle,car,motorcycle,car,motorcycle,car,motorcycle,car,motorcycle,car
60,Female,car,bus,2012,car,bus,car,bus,car,bus,car,bus,car,bus
29,Male,car,car,2015,car,car,car,car,car,car,car,car,car,car
31,Male,bus,car,2016,bus,car,bus,car,bus,car,bus,car,bus,car
29,Male,pedestrian,bus,2014,pedestrian,bus,pedestrian,bus,pedestrian,bus,pedestrian,bus,pedestrian,bus
22,Female,car,bus,2014,car,bus,car,bus,car,bus,car,bus,car,bus
91,Female,car,car,2015,car,car,car,car,car,car,car,car,car,car
6,Male,pedestrian,car,2015,pedestrian,car,pedestrian,car,pedestrian,car,pedestrian,car,pedestrian,car
45,Male,car,car,2015,car,car,car,car,car,car,car,car,car,car
28,Male,car,bus,2016,car,bus,car,bus,car,bus,car,bus,car,bus
29,Male,pedestrian,car,2016,pedestrian,car,pedestrian,car,pedestrian,car,pedestrian,car,pedestrian,car
20,Male,pedestrian,truck,2013,pedestrian,truck,pedestrian,truck,pedestrian,truck,pedestrian,truck,pedestrian,truck
34,Male,car,bus,2015,car,bus,car,bus,car,bus,car,bus,car,bus
56,Male,car,car,2012,car,car,car,car,car,car,car,car,car,car
29,Male,car,NA,2016,car,bus,car,car,car,car,car,car,car,car
46,Male,pedestrian,car,2016,pedestrian,car,pedestrian,car,pedestrian,car,pedestrian,car,pedestrian,car
33,Male,pedestrian,car,2013,pedestrian,car,pedestrian,car,pedestrian,car,pedestrian,car,pedestrian,car
45,Male,pedestrian,car,2015,pedestrian,car,pedestrian,car,pedestrian,car,pedestrian,car,pedestrian,car
33,Male,truck,bus,2014,truck,bus,truck,bus,truck,bus,truck,bus,truck,bus
29,Male,NA,car,2014,pedestrian,car,pedestrian,car,motorcycle,car,pedestrian,car,pedestrian,car
19,Male,car,car,2013,car,car,car,car,car,car,car,car,car,car
28,Male,motorcycle,truck,2015,motorcycle,truck,motorcycle,truck,motorcycle,truck,motorcycle,truck,motorcycle,truck
70,Female,pedestrian,car,2012,pedestrian,car,pedestrian,car,pedestrian,car,pedestrian,car,pedestrian,car
54,Male,car,other,2016,car,other,car,other,car,other,car,other,car,other
19,Male,car,car,2014,car,car,car,car,car,car,car,car,car,car
33,Male,bicycle,car,2012,cycle,car,cycle,car,cycle,car,cycle,car,cycle,car
22,Male,pedestrian,car,2016,pedestrian,car,pedestrian,car,pedestrian,car,pedestrian,car,pedestrian,car
33,Male,bus,car,2013,bus,car,bus,car,bus,car,bus,car,bus,car
24,Female,car,car,2015,car,car,car,car,car,car,car,car,car,car
29,Male,car,car,2014,car,car,car,car,car,car,car,car,car,car
49,Male,motorcycle,car,2014,motorcycle,car,motorcycle,car,motorcycle,car,motorcycle,car,motorcycle,car
21,Male,motorcycle,car,2012,motorcycle,car,motorcycle,car,motorcycle,car,motorcycle,car,motorcycle,car
39,Male,car,car,2016,car,car,car,car,car,car,car,car,car,car
8,Male,pedestrian,car,2013,pedestrian,car,pedestrian,car,pedestrian,car,pedestrian,car,pedestrian,car
22,Male,car,car,2014,car,car,car,car,car,car,car,car,car,car
42,Male,car,car,2013,car,car,car,car,car,car,car,car,car,car
42,Male,other,car,2015,other,car,other,car,other,car,other,car,other,car
27,Male,car,bus,2014,car,bus,car,bus,car,bus,car,bus,car,bus
67,Male,pedestrian,truck,2014,pedestrian,truck,pedestrian,truck,pedestrian,truck,pedestrian,truck,pedestrian,truck
6,Female,pedestrian,car,2012,pedestrian,car,pedestrian,car,pedestrian,car,pedestrian,car,pedestrian,car
49,Female,pedestrian,car,2013,pedestrian,car,pedestrian,car,pedestrian,car,pedestrian,car,pedestrian,car
60,Female,pedestrian,car,2015,pedestrian,car,pedestrian,car,pedestrian,car,pedestrian,car,pedestrian,car
53,Male,pedestrian,car,2013,pedestrian,car,pedestrian,car,pedestrian,car,pedestrian,car,pedestrian,car
19,Male,car,bus,2015,car,bus,car,bus,car,bus,car,bus,car,bus
26,Male,pedestrian,car,2014,pedestrian,car,pedestrian,car,pedestrian,car,pedestrian,car,pedestrian,car
29,Male,pedestrian,car,2014,pedestrian,car,pedestrian,car,pedestrian,car,pedestrian,car,pedestrian,car
71,Male,car,NA,2015,car,car,car,car,car,car,car,car,car,truck
43,Male,car,car,2013,car,car,car,car,car,car,car,car,car,car
39,Female,pedestrian,bus,2015,pedestrian,bus,pedestrian,bus,pedestrian,bus,pedestrian,bus,pedestrian,bus
22,Male,car,car,2014,car,car,car,car,car,car,car,car,car,car
23,Female,pedestrian,bus,2015,pedestrian,bus,pedestrian,bus,pedestrian,bus,pedestrian,bus,pedestrian,bus
29,Female,pedestrian,car,2013,pedestrian,car,pedestrian,car,pedestrian,car,pedestrian,car,pedestrian,car
6,Male,pedestrian,car,2014,pedestrian,car,pedestrian,car,pedestrian,car,pedestrian,car,pedestrian,car
17,Male,car,bus,2014,car,bus,car,bus,car,bus,car,bus,car,bus
47,Male,pedestrian,car,2012,pedestrian,car,pedestrian,car,pedestrian,car,pedestrian,car,pedestrian,car
26,Male,car,car,2013,car,car,car,car,car,car,car,car,car,car
23,Male,pedestrian,car,2016,pedestrian,car,pedestrian,car,pedestrian,car,pedestrian,car,pedestrian,car
62,Female,car,car,2015,car,car,car,car,car,car,car,car,car,car
32,Male,car,car,2016,car,car,car,car,car,car,car,car,car,car
50,Male,car,other,2016,car,other,car,other,car,other,car,other,car,other
64,Female,pedestrian,bus,2015,pedestrian,bus,pedestrian,bus,pedestrian,bus,pedestrian,bus,pedestrian,bus
1,Male,pedestrian,car,2014,pedestrian,car,pedestrian,car,pedestrian,car,pedestrian,car,pedestrian,car
19,Male,motorcycle,pedestrian,2014,motorcycle,pedestrian,motorcycle,pedestrian,motorcycle,pedestrian,motorcycle,pedestrian,motorcycle,pedestrian
52,Female,car,car,2016,car,car,car,car,car,car,car,car,car,car
41,Male,car,car,2016,car,car,car,car,car,car,car,car,car,car
55,Male,car,car,2014,car,car,car,car,car,car,car,car,car,car
24,Male,motorcycle,car,2015,motorcycle,car,motorcycle,car,motorcycle,car,motorcycle,car,motorcycle,car
31,Female,pedestrian,car,2014,pedestrian,car,pedestrian,car,pedestrian,car,pedestrian,car,pedestrian,car
28,Male,car,other,2012,car,other,car,other,car,other,car,other,car,other
30,Male,pedestrian,car,2013,pedestrian,car,pedestrian,car,pedestrian,car,pedestrian,car,pedestrian,car
38,Male,NA,car,2012,car,car,car,car,car,car,pedestrian,car,pedestrian,car
33,Male,bus,car,2012,bus,car,bus,car,bus,car,bus,car,bus,car
38,Male,pedestrian,bus,2013,pedestrian,bus,pedestrian,bus,pedestrian,bus,pedestrian,bus,pedestrian,bus
67,Male,car,car,2015,car,car,car,car,car,car,car,car,car,car
44,Male,motorcycle,car,2014,motorcycle,car,motorcycle,car,motorcycle,car,motorcycle,car,motorcycle,car
22,Male,car,car,2013,car,car,car,car,car,car,car,car,car,car
36,Male,car,car,2012,car,car,car,car,car,car,car,car,car,car
39,Male,truck,NA,2013,truck,car,truck,car,truck,car,truck,car,truck,car
40,Female,pedestrian,car,2016,pedestrian,car,pedestrian,car,pedestrian,car,pedestrian,car,pedestrian,car
51,Female,car,car,2016,car,car,car,car,car,car,car,car,car,car
64,Female,car,car,2014,car,car,car,car,car,car,car,car,car,car
26,Male,car,bus,2015,car,bus,car,bus,car,bus,car,bus,car,bus
30,Male,motorcycle,car,2016,motorcycle,car,motorcycle,car,motorcycle,car,motorcycle,car,motorcycle,car
26,Male,car,car,2013,car,car,car,car,car,car,car,car,car,car
32,Male,pedestrian,car,2014,pedestrian,car,pedestrian,car,pedestrian,car,pedestrian,car,pedestrian,car
17,Male,pedestrian,truck,2013,pedestrian,truck,pedestrian,truck,pedestrian,truck,pedestrian,truck,pedestrian,truck
21,Male,car,car,2013,car,car,car,car,car,car,car,car,car,car
28,Male,pedestrian,car,2015,pedestrian,car,pedestrian,car,pedestrian,car,pedestrian,car,pedestrian,car
28,Male,NA,car,2013,pedestrian,car,car,car,pedestrian,car,pedestrian,car,pedestrian,car
59,Male,pedestrian,car,2014,pedestrian,car,pedestrian,car,pedestrian,car,pedestrian,car,pedestrian,car
26,Female,pedestrian,car,2012,pedestrian,car,pedestrian,car,pedestrian,car,pedestrian,car,pedestrian,car
42,Male,car,car,2013,car,car,car,car,car,car,car,car,car,car
24,Male,pedestrian,car,2014,pedestrian,car,pedestrian,car,pedestrian,car,pedestrian,car,pedestrian,car
31,Male,motorcycle,truck,2012,motorcycle,truck,motorcycle,truck,motorcycle,truck,motorcycle,truck,motorcycle,truck
4,Male,pedestrian,car,2013,pedestrian,car,pedestrian,car,pedestrian,car,pedestrian,car,pedestrian,car
29,Male,motorcycle,car,2012,motorcycle,car,motorcycle,car,motorcycle,car,motorcycle,car,motorcycle,car
20,Male,car,truck,2013,car,truck,car,truck,car,truck,car,truck,car,truck
2,Female,pedestrian,car,2015,pedestrian,car,pedestrian,car,pedestrian,car,pedestrian,car,pedestrian,car
20,Male,car,car,2013,car,car,car,car,car,car,car,car,car,car
45,Male,other,car,2012,other,car,other,car,other,car,other,car,other,car
18,Male,car,car,2012,car,car,car,car,car,car,car,car,car,car
56,Male,motorcycle,car,2013,motorcycle,car,motorcycle,car,motorcycle,car,motorcycle,car,motorcycle,car
39,Female,car,car,2014,car,car,car,car,car,car,car,car,car,car
41,Male,bicycle,car,2016,cycle,car,cycle,car,cycle,car,cycle,car,cycle,car
22,Male,car,car,2014,car,car,car,car,car,car,car,car,car,car
19,Female,bus,car,2012,bus,car,bus,car,bus,car,bus,car,bus,car
32,Male,motorcycle,truck,2016,motorcycle,truck,motorcycle,truck,motorcycle,truck,motorcycle,truck,motorcycle,truck
35,Male,motorcycle,car,2015,motorcycle,car,motorcycle,car,motorcycle,car,motorcycle,car,motorcycle,car
83,Male,car,car,2015,car,car,car,car,car,car,car,car,car,car
18,Male,car,car,2013,car,car,car,car,car,car,car,car,car,car
4,Female,pedestrian,truck,2014,pedestrian,truck,pedestrian,truck,pedestrian,truck,pedestrian,truck,pedestrian,truck
43,Male,pedestrian,car,2012,pedestrian,car,pedestrian,car,pedestrian,car,pedestrian,car,pedestrian,car
26,Male,pedestrian,truck,2014,pedestrian,truck,pedestrian,truck,pedestrian,truck,pedestrian,truck,pedestrian,truck
24,Female,bus,car,2016,bus,car,bus,car,bus,car,bus,car,bus,car
39,Male,pedestrian,car,2014,pedestrian,car,pedestrian,car,pedestrian,car,pedestrian,car,pedestrian,car
46,Male,pedestrian,car,2016,pedestrian,car,pedestrian,car,pedestrian,car,pedestrian,car,pedestrian,car
25,Male,car,car,2016,car,car,car,car,car,car,car,car,car,car
23,Female,pedestrian,car,2015,pedestrian,car,pedestrian,car,pedestrian,car,pedestrian,car,pedestrian,car
32,Male,motorcycle,car,2015,motorcycle,car,motorcycle,car,motorcycle,car,motorcycle,car,motorcycle,car
47,Male,car,car,2014,car,car,car,car,car,car,car,car,car,car
9,Male,pedestrian,car,2013,pedestrian,car,pedestrian,car,pedestrian,car,pedestrian,car,pedestrian,car
34,Male,pedestrian,NA,2013,pedestrian,car,pedestrian,car,pedestrian,car,pedestrian,car,pedestrian,cycle
27,Male,car,bus,2013,car,bus,car,bus,car,bus,car,bus,car,bus
3,Female,pedestrian,car,2014,pedestrian,car,pedestrian,car,pedestrian,car,pedestrian,car,pedestrian,car
34,Male,bus,car,2012,bus,car,bus,car,bus,car,bus,car,bus,car
3,Male,pedestrian,car,2016,pedestrian,car,pedestrian,car,pedestrian,car,pedestrian,car,pedestrian,car
40,Male,pedestrian,bus,2014,pedestrian,bus,pedestrian,bus,pedestrian,bus,pedestrian,bus,pedestrian,bus
63,Male,pedestrian,truck,2012,pedestrian,truck,pedestrian,truck,pedestrian,truck,pedestrian,truck,pedestrian,truck
18,Male,car,car,2016,car,car,car,car,car,car,car,car,car,car
18,Male,pedestrian,bus,2016,pedestrian,bus,pedestrian,bus,pedestrian,bus,pedestrian,bus,pedestrian,bus
23,Male,pedestrian,bus,2015,pedestrian,bus,pedestrian,bus,pedestrian,bus,pedestrian,bus,pedestrian,bus
25,Male,pedestrian,car,2014,pedestrian,car,pedestrian,car,pedestrian,car,pedestrian,car,pedestrian,car
55,Male,car,car,2012,car,car,car,car,car,car,car,car,car,car
40,Male,motorcycle,car,2012,motorcycle,car,motorcycle,car,motorcycle,car,motorcycle,car,motorcycle,car
30,Male,truck,car,2016,truck,car,truck,car,truck,car,truck,car,truck,car
29,Male,car,car,2016,car,car,car,car,car,car,car,car,car,car
44,Male,pedestrian,bus,2015,pedestrian,bus,pedestrian,bus,pedestrian,bus,pedestrian,bus,pedestrian,bus
24,Male,pedestrian,car,2015,pedestrian,car,pedestrian,car,pedestrian,car,pedestrian,car,pedestrian,car
35,Male,car,car,2012,car,car,car,car,car,car,car,car,car,car
33,Male,pedestrian,car,2013,pedestrian,car,pedestrian,car,pedestrian,car,pedestrian,car,pedestrian,car
18,Male,pedestrian,bus,2015,pedestrian,bus,pedestrian,bus,pedestrian,bus,pedestrian,bus,pedestrian,bus
22,Male,car,car,2016,car,car,car,car,car,car,car,car,car,car
19,Male,NA,car,2013,motorcycle,car,pedestrian,car,pedestrian,car,motorcycle,car,pedestrian,car
24,Male,pedestrian,bus,2015,pedestrian,bus,pedestrian,bus,pedestrian,bus,pedestrian,bus,pedestrian,bus
2,Male,pedestrian,car,2015,pedestrian,car,pedestrian,car,pedestrian,car,pedestrian,car,pedestrian,car
58,Male,car,car,2012,car,car,car,car,car,car,car,car,car,car
22,Male,car,car,2016,car,car,car,car,car,car,car,car,car,car
37,Male,pedestrian,car,2012,pedestrian,car,pedestrian,car,pedestrian,car,pedestrian,car,pedestrian,car
29,Male,pedestrian,car,2012,pedestrian,car,pedestrian,car,pedestrian,car,pedestrian,car,pedestrian,car
7,Male,pedestrian,car,2012,pedestrian,car,pedestrian,car,pedestrian,car,pedestrian,car,pedestrian,car
35,Male,pedestrian,car,2013,pedestrian,car,pedestrian,car,pedestrian,car,pedestrian,car,pedestrian,car
29,Male,pedestrian,bus,2012,pedestrian,bus,pedestrian,bus,pedestrian,bus,pedestrian,bus,pedestrian,bus
50,Male,car,car,2016,car,car,car,car,car,car,car,car,car,car
20,Female,truck,car,2015,truck,car,truck,car,truck,car,truck,car,truck,car
3,Female,pedestrian,bus,2015,pedestrian,bus,pedestrian,bus,pedestrian,bus,pedestrian,bus,pedestrian,bus
1,Female,pedestrian,bus,2014,pedestrian,bus,pedestrian,bus,pedestrian,bus,pedestrian,bus,pedestrian,bus
51,Male,car,car,2014,car,car,car,car,car,car,car,car,car,car
2,Male,pedestrian,car,2016,pedestrian,car,pedestrian,car,pedestrian,car,pedestrian,car,pedestrian,car
57,Male,pedestrian,car,2014,pedestrian,car,pedestrian,car,pedestrian,car,pedestrian,car,pedestrian,car
45,Male,motorcycle,motorcycle,2014,motorcycle,motorcycle,motorcycle,motorcycle,motorcycle,motorcycle,motorcycle,motorcycle,motorcycle,motorcycle
46,Male,pedestrian,car,2012,pedestrian,car,pedestrian,car,pedestrian,car,pedestrian,car,pedestrian,car
32,Male,pedestrian,truck,2013,pedestrian,truck,pedestrian,truck,pedestrian,truck,pedestrian,truck,pedestrian,truck
19,Male,pedestrian,car,2013,pedestrian,car,pedestrian,car,pedestrian,car,pedestrian,car,pedestrian,car
42,Male,pedestrian,truck,2014,pedestrian,truck,pedestrian,truck,pedestrian,truck,pedestrian,truck,pedestrian,truck
52,Male,car,bus,2012,car,bus,car,bus,car,bus,car,bus,car,bus
1,Female,car,pedestrian,2013,car,pedestrian,car,pedestrian,car,pedestrian,car,pedestrian,car,pedestrian
93,Female,pedestrian,car,2015,pedestrian,car,pedestrian,car,pedestrian,car,pedestrian,car,pedestrian,car
42,Male,car,car,2012,car,car,car,car,car,car,car,car,car,car
35,Male,motorcycle,car,2014,motorcycle,car,motorcycle,car,motorcycle,car,motorcycle,car,motorcycle,car
26,Male,pedestrian,car,2016,pedestrian,car,pedestrian,car,pedestrian,car,pedestrian,car,pedestrian,car
21,Female,car,car,2016,car,car,car,car,car,car,car,car,car,car
28,Male,car,car,2013,car,car,car,car,car,car,car,car,car,car
42,Male,car,car,2015,car,car,car,car,car,car,car,car,car,car
32,Female,NA,pedestrian,2015,car,pedestrian,car,pedestrian,motorcycle,pedestrian,car,pedestrian,car,pedestrian
14,Female,car,car,2014,car,car,car,car,car,car,car,car,car,car
16,Male,bicycle,car,2012,cycle,car,cycle,car,cycle,car,cycle,car,cycle,car
57,Female,pedestrian,car,2013,pedestrian,car,pedestrian,car,pedestrian,car,pedestrian,car,pedestrian,car
29,Female,car,bus,2012,car,bus,car,bus,car,bus,car,bus,car,bus
77,Male,pedestrian,bus,2014,pedestrian,bus,pedestrian,bus,pedestrian,bus,pedestrian,bus,pedestrian,bus
27,Male,car,bus,2016,car,bus,car,bus,car,bus,car,bus,car,bus
31,Male,car,car,2016,car,car,car,car,car,car,car,car,car,car
30,Male,motorcycle,bus,2016,motorcycle,bus,motorcycle,bus,motorcycle,bus,motorcycle,bus,motorcycle,bus
5,Male,car,car,2012,car,car,car,car,car,car,car,car,car,car
32,Male,bus,pedestrian,2014,bus,pedestrian,bus,pedestrian,bus,pedestrian,bus,pedestrian,bus,pedestrian
30,Male,car,car,2016,car,car,car,car,car,car,car,car,car,car
37,Male,pedestrian,car,2015,pedestrian,car,pedestrian,car,pedestrian,car,pedestrian,car,pedestrian,car
51,Male,bus,bus,2016,bus,bus,bus,bus,bus,bus,bus,bus,bus,bus
31,Male,car,car,2012,car,car,car,car,car,car,car,car,car,car
34,Female,pedestrian,car,2016,pedestrian,car,pedestrian,car,pedestrian,car,pedestrian,car,pedestrian,car
32,Female,car,car,2012,car,car,car,car,car,car,car,car,car,car
36,Male,pedestrian,car,2013,pedestrian,car,pedestrian,car,pedestrian,car,pedestrian,car,pedestrian,car
69,Male,pedestrian,car,2014,pedestrian,car,pedestrian,car,pedestrian,car,pedestrian,car,pedestrian,car
33,Male,motorcycle,bus,2012,motorcycle,bus,motorcycle,bus,motorcycle,bus,motorcycle,bus,motorcycle,bus
41,Female,car,car,2012,car,car,car,car,car,car,car,car,car,car
38,Male,car,car,2013,car,car,car,car,car,car,car,car,car,car
36,Female,car,car,2013,car,car,car,car,car,car,car,car,car,car
69,Male,car,car,2016,car,car,car,car,car,car,car,car,car,car
22,Female,pedestrian,car,2012,pedestrian,car,pedestrian,car,pedestrian,car,pedestrian,car,pedestrian,car
46,Male,pedestrian,car,2014,pedestrian,car,pedestrian,car,pedestrian,car,pedestrian,car,pedestrian,car
24,Female,pedestrian,car,2016,pedestrian,car,pedestrian,car,pedestrian,car,pedestrian,car,pedestrian,car
61,Male,motorcycle,car,2014,motorcycle,car,motorcycle,car,motorcycle,car,motorcycle,car,motorcycle,car
23,Male,pedestrian,car,2016,pedestrian,car,pedestrian,car,pedestrian,car,pedestrian,car,pedestrian,car
23,Male,car,car,2013,car,car,car,car,car,car,car,car,car,car
18,Female,car,car,2016,car,car,car,car,car,car,car,car,car,car
59,Male,pedestrian,car,2014,pedestrian,car,pedestrian,car,pedestrian,car,pedestrian,car,pedestrian,car
55,Male,pedestrian,car,2015,pedestrian,car,pedestrian,car,pedestrian,car,pedestrian,car,pedestrian,car
28,Male,car,NA,2014,car,car,car,car,car,car,car,other,car,car
21,Female,car,car,2016,car,car,car,car,car,car,car,car,car,car
62,Male,pedestrian,car,2015,pedestrian,car,pedestrian,car,pedestrian,car,pedestrian,car,pedestrian,car
16,Female,pedestrian,car,2013,pedestrian,car,pedestrian,car,pedestrian,car,pedestrian,car,pedestrian,car
29,Male,pedestrian,car,2012,pedestrian,car,pedestrian,car,pedestrian,car,pedestrian,car,pedestrian,car
31,Male,pedestrian,car,2015,pedestrian,car,pedestrian,car,pedestrian,car,pedestrian,car,pedestrian,car
64,Male,pedestrian,car,2016,pedestrian,car,pedestrian,car,pedestrian,car,pedestrian,car,pedestrian,car
16,Male,car,pedestrian,2012,car,pedestrian,car,pedestrian,car,pedestrian,car,pedestrian,car,pedestrian
69,Male,bicycle,car,2015,cycle,car,cycle,car,cycle,car,cycle,car,cycle,car
44,Male,pedestrian,truck,2012,pedestrian,truck,pedestrian,truck,pedestrian,truck,pedestrian,truck,pedestrian,truck
43,Male,car,bus,2015,car,bus,car,bus,car,bus,car,bus,car,bus
21,Male,pedestrian,bus,2014,pedestrian,bus,pedestrian,bus,pedestrian,bus,pedestrian,bus,pedestrian,bus
20,Male,motorcycle,truck,2012,motorcycle,truck,motorcycle,truck,motorcycle,truck,motorcycle,truck,motorcycle,truck
48,Male,pedestrian,car,2013,pedestrian,car,pedestrian,car,pedestrian,car,pedestrian,car,pedestrian,car
25,Male,car,bus,2016,car,bus,car,bus,car,bus,car,bus,car,bus
26,Male,pedestrian,car,2015,pedestrian,car,pedestrian,car,pedestrian,car,pedestrian,car,pedestrian,car
25,Male,car,car,2012,car,car,car,car,car,car,car,car,car,car
1,Male,pedestrian,car,2013,pedestrian,car,pedestrian,car,pedestrian,car,pedestrian,car,pedestrian,car
40,Male,pedestrian,car,2016,pedestrian,car,pedestrian,car,pedestrian,car,pedestrian,car,pedestrian,car
48,Male,pedestrian,car,2014,pedestrian,car,pedestrian,car,pedestrian,car,pedestrian,car,pedestrian,car
56,Male,car,pedestrian,2016,car,pedestrian,car,pedestrian,car,pedestrian,car,pedestrian,car,pedestrian
49,Male,pedestrian,car,2013,pedestrian,car,pedestrian,car,pedestrian,car,pedestrian,car,pedestrian,car
4,Male,pedestrian,car,2015,pedestrian,car,pedestrian,car,pedestrian,car,pedestrian,car,pedestrian,car
42,Male,bus,car,2012,bus,car,bus,car,bus,car,bus,car,bus,car
22,Male,motorcycle,car,2016,motorcycle,car,motorcycle,car,motorcycle,car,motorcycle,car,motorcycle,car
43,Male,car,car,2016,car,car,car,car,car,car,car,car,car,car
45,Male,pedestrian,bus,2012,pedestrian,bus,pedestrian,bus,pedestrian,bus,pedestrian,bus,pedestrian,bus
38,Male,pedestrian,car,2013,pedestrian,car,pedestrian,car,pedestrian,car,pedestrian,car,pedestrian,car
42,Male,pedestrian,car,2014,pedestrian,car,pedestrian,car,pedestrian,car,pedestrian,car,pedestrian,car
22,Male,car,car,2016,car,car,car,car,car,car,car,car,car,car
26,Male,car,car,2016,car,car,car,car,car,car,car,car,car,car
35,Male,pedestrian,car,2013,pedestrian,car,pedestrian,car,pedestrian,car,pedestrian,car,pedestrian,car
27,Male,pedestrian,car,2015,pedestrian,car,pedestrian,car,pedestrian,car,pedestrian,car,pedestrian,car
59,Male,bicycle,car,2013,cycle,car,cycle,car,cycle,car,cycle,car,cycle,car
60,Male,pedestrian,car,2013,pedestrian,car,pedestrian,car,pedestrian,car,pedestrian,car,pedestrian,car
46,Female,car,truck,2016,car,truck,car,truck,car,truck,car,truck,car,truck
87,Male,pedestrian,motorcycle,2015,pedestrian,motorcycle,pedestrian,motorcycle,pedestrian,motorcycle,pedestrian,motorcycle,pedestrian,motorcycle
22,Male,bus,car,2012,bus,car,bus,car,bus,car,bus,car,bus,car
33,Male,car,car,2015,car,car,car,car,car,car,car,car,car,car
47,Male,car,car,2015,car,car,car,car,car,car,car,car,car,car
42,Male,pedestrian,other,2015,pedestrian,other,pedestrian,other,pedestrian,other,pedestrian,other,pedestrian,other
23,Male,pedestrian,bicycle,2015,pedestrian,cycle,pedestrian,cycle,pedestrian,cycle,pedestrian,cycle,pedestrian,cycle
58,Male,car,car,2014,car,car,car,car,car,car,car,car,car,car
47,Male,pedestrian,car,2012,pedestrian,car,pedestrian,car,pedestrian,car,pedestrian,car,pedestrian,car
58,Male,NA,car,2015,car,car,pedestrian,car,car,car,car,car,bus,car
76,Male,car,car,2016,car,car,car,car,car,car,car,car,car,car
24,Male,pedestrian,car,2014,pedestrian,car,pedestrian,car,pedestrian,car,pedestrian,car,pedestrian,car
30,Male,car,car,2013,car,car,car,car,car,car,car,car,car,car
74,Female,pedestrian,bus,2015,pedestrian,bus,pedestrian,bus,pedestrian,bus,pedestrian,bus,pedestrian,bus
24,Female,car,car,2016,car,car,car,car,car,car,car,car,car,car
65,Male,car,car,2015,car,car,car,car,car,car,car,car,car,car
61,Male,pedestrian,car,2014,pedestrian,car,pedestrian,car,pedestrian,car,pedestrian,car,pedestrian,car
51,Male,pedestrian,car,2015,pedestrian,car,pedestrian,car,pedestrian,car,pedestrian,car,pedestrian,car
56,Male,pedestrian,car,2015,pedestrian,car,pedestrian,car,pedestrian,car,pedestrian,car,pedestrian,car
22,Male,pedestrian,bus,2015,pedestrian,bus,pedestrian,bus,pedestrian,bus,pedestrian,bus,pedestrian,bus
25,Female,car,car,2015,car,car,car,car,car,car,car,car,car,car
19,Female,car,car,2013,car,car,car,car,car,car,car,car,car,car
40,Male,bicycle,car,2013,cycle,car,cycle,car,cycle,car,cycle,car,cycle,car
49,Female,pedestrian,car,2012,pedestrian,car,pedestrian,car,pedestrian,car,pedestrian,car,pedestrian,car
54,Male,motorcycle,bus,2013,motorcycle,bus,motorcycle,bus,motorcycle,bus,motorcycle,bus,motorcycle,bus
40,Male,pedestrian,car,2015,pedestrian,car,pedestrian,car,pedestrian,car,pedestrian,car,pedestrian,car
44,Male,pedestrian,car,2014,pedestrian,car,pedestrian,car,pedestrian,car,pedestrian,car,pedestrian,car
34,Male,car,bus,2012,car,bus,car,bus,car,bus,car,bus,car,bus
56,Female,car,car,2016,car,car,car,car,car,car,car,car,car,car
1,Male,pedestrian,car,2015,pedestrian,car,pedestrian,car,pedestrian,car,pedestrian,car,pedestrian,car
21,Male,motorcycle,car,2012,motorcycle,car,motorcycle,car,motorcycle,car,motorcycle,car,motorcycle,car
64,Male,motorcycle,car,2015,motorcycle,car,motorcycle,car,motorcycle,car,motorcycle,car,motorcycle,car
87,Male,car,car,2016,car,car,car,car,car,car,car,car,car,car
26,Male,car,car,2015,car,car,car,car,car,car,car,car,car,car
28,Female,motorcycle,car,2014,motorcycle,car,motorcycle,car,motorcycle,car,motorcycle,car,motorcycle,car
1,Female,pedestrian,NA,2015,pedestrian,car,pedestrian,car,pedestrian,car,pedestrian,bus,pedestrian,car
48,Female,pedestrian,car,2016,pedestrian,car,pedestrian,car,pedestrian,car,pedestrian,car,pedestrian,car
55,Male,car,bus,2016,car,bus,car,bus,car,bus,car,bus,car,bus
45,Female,pedestrian,car,2015,pedestrian,car,pedestrian,car,pedestrian,car,pedestrian,car,pedestrian,car
32,Male,bus,bus,2016,bus,bus,bus,bus,bus,bus,bus,bus,bus,bus
62,Female,pedestrian,car,2013,pedestrian,car,pedestrian,car,pedestrian,car,pedestrian,car,pedestrian,car
32,Male,pedestrian,car,2014,pedestrian,car,pedestrian,car,pedestrian,car,pedestrian,car,pedestrian,car
59,Male,pedestrian,car,2014,pedestrian,car,pedestrian,car,pedestrian,car,pedestrian,car,pedestrian,car
57,Female,car,car,2014,car,car,car,car,car,car,car,car,car,car
32,Male,pedestrian,car,2013,pedestrian,car,pedestrian,car,pedestrian,car,pedestrian,car,pedestrian,car
33,Female,pedestrian,car,2014,pedestrian,car,pedestrian,car,pedestrian,car,pedestrian,car,pedestrian,car
37,Male,pedestrian,bus,2013,pedestrian,bus,pedestrian,bus,pedestrian,bus,pedestrian,bus,pedestrian,bus
33,Male,bus,car,2012,bus,car,bus,car,bus,car,bus,car,bus,car
24,Male,car,truck,2015,car,truck,car,truck,car,truck,car,truck,car,truck
20,Male,car,car,2012,car,car,car,car,car,car,car,car,car,car
83,Female,car,car,2015,car,car,car,car,car,car,car,car,car,car
7,Female,pedestrian,car,2016,pedestrian,car,pedestrian,car,pedestrian,car,pedestrian,car,pedestrian,car
23,Male,pedestrian,car,2012,pedestrian,car,pedestrian,car,pedestrian,car,pedestrian,car,pedestrian,car
38,Male,motorcycle,car,2015,motorcycle,car,motorcycle,car,motorcycle,car,motorcycle,car,motorcycle,car
32,Female,pedestrian,bus,2015,pedestrian,bus,pedestrian,bus,pedestrian,bus,pedestrian,bus,pedestrian,bus
29,Female,pedestrian,car,2013,pedestrian,car,pedestrian,car,pedestrian,car,pedestrian,car,pedestrian,car
18,Male,car,car,2015,car,car,car,car,car,car,car,car,car,car
15,Male,pedestrian,car,2015,pedestrian,car,pedestrian,car,pedestrian,car,pedestrian,car,pedestrian,car
38,Male,car,bus,2014,car,bus,car,bus,car,bus,car,bus,car,bus
19,Male,car,car,2016,car,car,car,car,car,car,car,car,car,car
23,Male,motorcycle,car,2013,motorcycle,car,motorcycle,car,motorcycle,car,motorcycle,car,motorcycle,car
31,Male,truck,car,2012,truck,car,truck,car,truck,car,truck,car,truck,car
41,Male,car,car,2016,car,car,car,car,car,car,car,car,car,car
36,Male,pedestrian,car,2012,pedestrian,car,pedestrian,car,pedestrian,car,pedestrian,car,pedestrian,car
49,Male,car,truck,2012,car,truck,car,truck,car,truck,car,truck,car,truck
51,Female,pedestrian,bus,2015,pedestrian,bus,pedestrian,bus,pedestrian,bus,pedestrian,bus,pedestrian,bus
29,Male,car,bus,2015,car,bus,car,bus,car,bus,car,bus,car,bus
27,Male,pedestrian,bus,2012,pedestrian,bus,pedestrian,bus,pedestrian,bus,pedestrian,bus,pedestrian,bus
25,Male,car,car,2012,car,car,car,car,car,car,car,car,car,car
35,Male,car,car,2014,car,car,car,car,car,car,car,car,car,car
54,Male,pedestrian,car,2014,pedestrian,car,pedestrian,car,pedestrian,car,pedestrian,car,pedestrian,car
24,Male,pedestrian,NA,2012,pedestrian,truck,pedestrian,car,pedestrian,bus,pedestrian,car,pedestrian,car
25,Female,pedestrian,car,2016,pedestrian,car,pedestrian,car,pedestrian,car,pedestrian,car,pedestrian,car
41,Male,pedestrian,bus,2016,pedestrian,bus,pedestrian,bus,pedestrian,bus,pedestrian,bus,pedestrian,bus
47,Male,pedestrian,NA,2016,pedestrian,car,pedestrian,truck,pedestrian,car,pedestrian,car,pedestrian,car
51,Male,pedestrian,car,2015,pedestrian,car,pedestrian,car,pedestrian,car,pedestrian,car,pedestrian,car
17,Male,car,car,2016,car,car,car,car,car,car,car,car,car,car
42,Male,car,car,2012,car,car,car,car,car,car,car,car,car,car
19,Female,car,car,2012,car,car,car,car,car,car,car,car,car,car
61,Male,pedestrian,car,2013,pedestrian,car,pedestrian,car,pedestrian,car,pedestrian,car,pedestrian,car
19,Male,pedestrian,NA,2013,pedestrian,car,pedestrian,bus,pedestrian,car,pedestrian,bus,pedestrian,car
43,Female,bus,bus,2016,bus,bus,bus,bus,bus,bus,bus,bus,bus,bus
36,Male,pedestrian,car,2014,pedestrian,car,pedestrian,car,pedestrian,car,pedestrian,car,pedestrian,car
39,Female,pedestrian,bus,2014,pedestrian,bus,pedestrian,bus,pedestrian,bus,pedestrian,bus,pedestrian,bus
61,Female,car,car,2015,car,car,car,car,car,car,car,car,car,car
32,Male,pedestrian,NA,2014,pedestrian,car,pedestrian,bus,pedestrian,car,pedestrian,bus,pedestrian,car
28,Male,pedestrian,car,2015,pedestrian,car,pedestrian,car,pedestrian,car,pedestrian,car,pedestrian,car
40,Male,motorcycle,bus,2012,motorcycle,bus,motorcycle,bus,motorcycle,bus,motorcycle,bus,motorcycle,bus
24,Male,car,car,2015,car,car,car,car,car,car,car,car,car,car
47,Male,pedestrian,car,2014,pedestrian,car,pedestrian,car,pedestrian,car,pedestrian,car,pedestrian,car
44,Male,car,motorcycle,2015,car,motorcycle,car,motorcycle,car,motorcycle,car,motorcycle,car,motorcycle
39,Male,motorcycle,car,2015,motorcycle,car,motorcycle,car,motorcycle,car,motorcycle,car,motorcycle,car
54,Male,motorcycle,bus,2014,motorcycle,bus,motorcycle,bus,motorcycle,bus,motorcycle,bus,motorcycle,bus
31,Male,pedestrian,car,2016,pedestrian,car,pedestrian,car,pedestrian,car,pedestrian,car,pedestrian,car
35,Male,car,car,2015,car,car,car,car,car,car,car,car,car,car
34,Male,bus,bus,2015,bus,bus,bus,bus,bus,bus,bus,bus,bus,bus
22,Male,pedestrian,car,2016,pedestrian,car,pedestrian,car,pedestrian,car,pedestrian,car,pedestrian,car
19,Male,motorcycle,car,2012,motorcycle,car,motorcycle,car,motorcycle,car,motorcycle,car,motorcycle,car
47,Male,car,car,2015,car,car,car,car,car,car,car,car,car,car
12,Female,car,car,2016,car,car,car,car,car,car,car,car,car,car
32,Female,car,car,2013,car,car,car,car,car,car,car,car,car,car
40,Male,pedestrian,bus,2016,pedestrian,bus,pedestrian,bus,pedestrian,bus,pedestrian,bus,pedestrian,bus
46,Female,pedestrian,car,2012,pedestrian,car,pedestrian,car,pedestrian,car,pedestrian,car,pedestrian,car
36,Female,pedestrian,car,2014,pedestrian,car,pedestrian,car,pedestrian,car,pedestrian,car,pedestrian,car
28,Male,motorcycle,pedestrian,2014,motorcycle,pedestrian,motorcycle,pedestrian,motorcycle,pedestrian,motorcycle,pedestrian,motorcycle,pedestrian
50,Male,pedestrian,car,2016,pedestrian,car,pedestrian,car,pedestrian,car,pedestrian,car,pedestrian,car
28,Male,car,pedestrian,2015,car,pedestrian,car,pedestrian,car,pedestrian,car,pedestrian,car,pedestrian
54,Male,pedestrian,car,2016,pedestrian,car,pedestrian,car,pedestrian,car,pedestrian,car,pedestrian,car
46,Male,pedestrian,bus,2016,pedestrian,bus,pedestrian,bus,pedestrian,bus,pedestrian,bus,pedestrian,bus
9,Male,pedestrian,car,2014,pedestrian,car,pedestrian,car,pedestrian,car,pedestrian,car,pedestrian,car
31,Male,motorcycle,truck,2016,motorcycle,truck,motorcycle,truck,motorcycle,truck,motorcycle,truck,motorcycle,truck
20,Male,car,car,2013,car,car,car,car,car,car,car,car,car,car
5,Male,car,car,2012,car,car,car,car,car,car,car,car,car,car
24,Female,pedestrian,car,2012,pedestrian,car,pedestrian,car,pedestrian,car,pedestrian,car,pedestrian,car
53,Male,car,car,2016,car,car,car,car,car,car,car,car,car,car
70,Male,pedestrian,car,2014,pedestrian,car,pedestrian,car,pedestrian,car,pedestrian,car,pedestrian,car
69,Male,pedestrian,car,2015,pedestrian,car,pedestrian,car,pedestrian,car,pedestrian,car,pedestrian,car
43,Female,pedestrian,car,2015,pedestrian,car,pedestrian,car,pedestrian,car,pedestrian,car,pedestrian,car
33,Male,pedestrian,car,2014,pedestrian,car,pedestrian,car,pedestrian,car,pedestrian,car,pedestrian,car
35,Male,motorcycle,car,2013,motorcycle,car,motorcycle,car,motorcycle,car,motorcycle,car,motorcycle,car
34,Male,car,car,2015,car,car,car,car,car,car,car,car,car,car
59,Male,pedestrian,bicycle,2016,pedestrian,cycle,pedestrian,cycle,pedestrian,cycle,pedestrian,cycle,pedestrian,cycle
13,Female,car,bus,2014,car,bus,car,bus,car,bus,car,bus,car,bus
2,Male,pedestrian,car,2013,pedestrian,car,pedestrian,car,pedestrian,car,pedestrian,car,pedestrian,car
27,Male,car,car,2016,car,car,car,car,car,car,car,car,car,car
19,Male,car,bus,2016,car,bus,car,bus,car,bus,car,bus,car,bus
22,Female,car,car,2015,car,car,car,car,car,car,car,car,car,car
2,Male,pedestrian,car,2015,pedestrian,car,pedestrian,car,pedestrian,car,pedestrian,car,pedestrian,car
58,Male,pedestrian,car,2012,pedestrian,car,pedestrian,car,pedestrian,car,pedestrian,car,pedestrian,car
43,Male,motorcycle,car,2015,motorcycle,car,motorcycle,car,motorcycle,car,motorcycle,car,motorcycle,car
25,Male,motorcycle,car,2015,motorcycle,car,motorcycle,car,motorcycle,car,motorcycle,car,motorcycle,car
43,Male,pedestrian,car,2012,pedestrian,car,pedestrian,car,pedestrian,car,pedestrian,car,pedestrian,car
27,Male,motorcycle,car,2012,motorcycle,car,motorcycle,car,motorcycle,car,motorcycle,car,motorcycle,car
57,Male,pedestrian,car,2016,pedestrian,car,pedestrian,car,pedestrian,car,pedestrian,car,pedestrian,car
33,Male,pedestrian,truck,2014,pedestrian,truck,pedestrian,truck,pedestrian,truck,pedestrian,truck,pedestrian,truck
37,Male,pedestrian,car,2015,pedestrian,car,pedestrian,car,pedestrian,car,pedestrian,car,pedestrian,car
49,Male,bus,truck,2014,bus,truck,bus,truck,bus,truck,bus,truck,bus,truck
34,Male,bus,bus,2012,bus,bus,bus,bus,bus,bus,bus,bus,bus,bus
19,Female,car,car,2016,car,car,car,car,car,car,car,car,car,car
37,Male,pedestrian,car,2015,pedestrian,car,pedestrian,car,pedestrian,car,pedestrian,car,pedestrian,car
18,Male,car,car,2016,car,car,car,car,car,car,car,car,car,car
36,Female,pedestrian,car,2015,pedestrian,car,pedestrian,car,pedestrian,car,pedestrian,car,pedestrian,car
44,Male,bus,car,2012,bus,car,bus,car,bus,car,bus,car,bus,car
18,Male,motorcycle,car,2016,motorcycle,car,motorcycle,car,motorcycle,car,motorcycle,car,motorcycle,car
27,Male,car,car,2012,car,car,car,car,car,car,car,car,car,car
35,Male,pedestrian,car,2016,pedestrian,car,pedestrian,car,pedestrian,car,pedestrian,car,pedestrian,car
24,Male,motorcycle,car,2012,motorcycle,car,motorcycle,car,motorcycle,car,motorcycle,car,motorcycle,car
26,Male,car,car,2016,car,car,car,car,car,car,car,car,car,car
68,Male,car,car,2013,car,car,car,car,car,car,car,car,car,car
30,Female,pedestrian,car,2014,pedestrian,car,pedestrian,car,pedestrian,car,pedestrian,car,pedestrian,car
1,Female,pedestrian,car,2012,pedestrian,car,pedestrian,car,pedestrian,car,pedestrian,car,pedestrian,car
49,Male,pedestrian,car,2016,pedestrian,car,pedestrian,car,pedestrian,car,pedestrian,car,pedestrian,car
27,Male,pedestrian,car,2013,pedestrian,car,pedestrian,car,pedestrian,car,pedestrian,car,pedestrian,car
42,Male,motorcycle,car,2015,motorcycle,car,motorcycle,car,motorcycle,car,motorcycle,car,motorcycle,car
1,Female,car,car,2016,car,car,car,car,car,car,car,car,car,car
58,Male,pedestrian,car,2012,pedestrian,car,pedestrian,car,pedestrian,car,pedestrian,car,pedestrian,car
33,Male,motorcycle,car,2015,motorcycle,car,motorcycle,car,motorcycle,car,motorcycle,car,motorcycle,car
25,Male,bus,car,2015,bus,car,bus,car,bus,car,bus,car,bus,car
56,Male,pedestrian,car,2016,pedestrian,car,pedestrian,car,pedestrian,car,pedestrian,car,pedestrian,car
25,Male,car,car,2015,car,car,car,car,car,car,car,car,car,car
23,Female,pedestrian,car,2016,pedestrian,car,pedestrian,car,pedestrian,car,pedestrian,car,pedestrian,car
60,Male,pedestrian,car,2013,pedestrian,car,pedestrian,car,pedestrian,car,pedestrian,car,pedestrian,car
19,Male,car,car,2012,car,car,car,car,car,car,car,car,car,car
62,Male,car,bus,2015,car,bus,car,bus,car,bus,car,bus,car,bus
71,Male,car,car,2016,car,car,car,car,car,car,car,car,car,car
2,Male,pedestrian,car,2014,pedestrian,car,pedestrian,car,pedestrian,car,pedestrian,car,pedestrian,car
4,Female,pedestrian,car,2012,pedestrian,car,pedestrian,car,pedestrian,car,pedestrian,car,pedestrian,car
34,Male,car,car,2015,car,car,car,car,car,car,car,car,car,car
24,Female,bicycle,car,2014,cycle,car,cycle,car,cycle,car,cycle,car,cycle,car
31,Male,motorcycle,car,2015,motorcycle,car,motorcycle,car,motorcycle,car,motorcycle,car,motorcycle,car
57,Male,car,car,2012,car,car,car,car,car,car,car,car,car,car
30,Male,NA,pedestrian,2015,car,pedestrian,car,pedestrian,bus,pedestrian,motorcycle,pedestrian,car,pedestrian
15,Female,pedestrian,car,2012,pedestrian,car,pedestrian,car,pedestrian,car,pedestrian,car,pedestrian,car
19,Male,truck,bus,2012,truck,bus,truck,bus,truck,bus,truck,bus,truck,bus
47,Male,motorcycle,car,2015,motorcycle,car,motorcycle,car,motorcycle,car,motorcycle,car,motorcycle,car
41,Female,car,car,2012,car,car,car,car,car,car,car,car,car,car
30,Male,pedestrian,NA,2016,pedestrian,car,pedestrian,car,pedestrian,car,pedestrian,truck,pedestrian,truck
16,Male,car,car,2014,car,car,car,car,car,car,car,car,car,car
53,Male,pedestrian,car,2012,pedestrian,car,pedestrian,car,pedestrian,car,pedestrian,car,pedestrian,car
2,Female,car,car,2012,car,car,car,car,car,car,car,car,car,car
36,Male,bus,car,2014,bus,car,bus,car,bus,car,bus,car,bus,car
39,Male,car,car,2014,car,car,car,car,car,car,car,car,car,car
23,Male,pedestrian,car,2012,pedestrian,car,pedestrian,car,pedestrian,car,pedestrian,car,pedestrian,car
42,Male,motorcycle,car,2013,motorcycle,car,motorcycle,car,motorcycle,car,motorcycle,car,motorcycle,car
56,Male,pedestrian,car,2013,pedestrian,car,pedestrian,car,pedestrian,car,pedestrian,car,pedestrian,car
28,Male,car,car,2015,car,car,car,car,car,car,car,car,car,car
41,Male,bus,car,2016,bus,car,bus,car,bus,car,bus,car,bus,car
40,Male,pedestrian,car,2016,pedestrian,car,pedestrian,car,pedestrian,car,pedestrian,car,pedestrian,car
11,Male,pedestrian,car,2013,pedestrian,car,pedestrian,car,pedestrian,car,pedestrian,car,pedestrian,car
34,Female,motorcycle,pedestrian,2015,motorcycle,pedestrian,motorcycle,pedestrian,motorcycle,pedestrian,motorcycle,pedestrian,motorcycle,pedestrian
34,Male,pedestrian,NA,2015,pedestrian,car,pedestrian,car,pedestrian,car,pedestrian,car,pedestrian,bus
41,Male,pedestrian,bus,2015,pedestrian,bus,pedestrian,bus,pedestrian,bus,pedestrian,bus,pedestrian,bus
25,Male,pedestrian,bus,2015,pedestrian,bus,pedestrian,bus,pedestrian,bus,pedestrian,bus,pedestrian,bus
54,Male,pedestrian,car,2012,pedestrian,car,pedestrian,car,pedestrian,car,pedestrian,car,pedestrian,car
78,Male,pedestrian,car,2014,pedestrian,car,pedestrian,car,pedestrian,car,pedestrian,car,pedestrian,car
22,Male,bus,car,2015,bus,car,bus,car,bus,car,bus,car,bus,car
77,Male,pedestrian,NA,2015,pedestrian,car,pedestrian,car,pedestrian,car,pedestrian,car,pedestrian,bus
28,Male,pedestrian,car,2016,pedestrian,car,pedestrian,car,pedestrian,car,pedestrian,car,pedestrian,car
50,Male,pedestrian,car,2012,pedestrian,car,pedestrian,car,pedestrian,car,pedestrian,car,pedestrian,car
34,Male,pedestrian,car,2014,pedestrian,car,pedestrian,car,pedestrian,car,pedestrian,car,pedestrian,car
21,Male,pedestrian,motorcycle,2012,pedestrian,motorcycle,pedestrian,motorcycle,pedestrian,motorcycle,pedestrian,motorcycle,pedestrian,motorcycle
23,Male,car,car,2012,car,car,car,car,car,car,car,car,car,car
39,Male,car,car,2014,car,car,car,car,car,car,car,car,car,car
30,Male,pedestrian,car,2016,pedestrian,car,pedestrian,car,pedestrian,car,pedestrian,car,pedestrian,car
7,Male,pedestrian,car,2012,pedestrian,car,pedestrian,car,pedestrian,car,pedestrian,car,pedestrian,car
28,Male,bicycle,car,2014,cycle,car,cycle,car,cycle,car,cycle,car,cycle,car
45,Male,pedestrian,car,2016,pedestrian,car,pedestrian,car,pedestrian,car,pedestrian,car,pedestrian,car
16,Male,car,other,2013,car,other,car,other,car,other,car,other,car,other
37,Male,bicycle,car,2015,cycle,car,cycle,car,cycle,car,cycle,car,cycle,car
33,Female,car,car,2013,car,car,car,car,car,car,car,car,car,car
23,Male,car,car,2013,car,car,car,car,car,car,car,car,car,car
40,Female,car,car,2015,car,car,car,car,car,car,car,car,car,car
43,Male,pedestrian,car,2015,pedestrian,car,pedestrian,car,pedestrian,car,pedestrian,car,pedestrian,car
44,Male,pedestrian,truck,2015,pedestrian,truck,pedestrian,truck,pedestrian,truck,pedestrian,truck,pedestrian,truck
53,Male,car,car,2016,car,car,car,car,car,car,car,car,car,car
28,Male,pedestrian,car,2014,pedestrian,car,pedestrian,car,pedestrian,car,pedestrian,car,pedestrian,car
27,Male,car,truck,2015,car,truck,car,truck,car,truck,car,truck,car,truck
20,Male,pedestrian,car,2016,pedestrian,car,pedestrian,car,pedestrian,car,pedestrian,car,pedestrian,car
4,Male,pedestrian,other,2015,pedestrian,other,pedestrian,other,pedestrian,other,pedestrian,other,pedestrian,other
29,Male,motorcycle,bus,2012,motorcycle,bus,motorcycle,bus,motorcycle,bus,motorcycle,bus,motorcycle,bus
44,Male,pedestrian,car,2014,pedestrian,car,pedestrian,car,pedestrian,car,pedestrian,car,pedestrian,car
25,Male,car,car,2015,car,car,car,car,car,car,car,car,car,car
75,Female,pedestrian,car,2012,pedestrian,car,pedestrian,car,pedestrian,car,pedestrian,car,pedestrian,car
25,Female,pedestrian,car,2013,pedestrian,car,pedestrian,car,pedestrian,car,pedestrian,car,pedestrian,car
19,Male,pedestrian,car,2015,pedestrian,car,pedestrian,car,pedestrian,car,pedestrian,car,pedestrian,car
38,Male,bicycle,car,2013,cycle,car,cycle,car,cycle,car,cycle,car,cycle,car
34,Male,pedestrian,car,2013,pedestrian,car,pedestrian,car,pedestrian,car,pedestrian,car,pedestrian,car
30,Male,pedestrian,truck,2016,pedestrian,truck,pedestrian,truck,pedestrian,truck,pedestrian,truck,pedestrian,truck
31,Male,car,car,2012,car,car,car,car,car,car,car,car,car,car
21,Male,car,car,2013,car,car,car,car,car,car,car,car,car,car
7,Male,pedestrian,car,2016,pedestrian,car,pedestrian,car,pedestrian,car,pedestrian,car,pedestrian,car
38,Male,pedestrian,car,2012,pedestrian,car,pedestrian,car,pedestrian,car,pedestrian,car,pedestrian,car
59,Male,pedestrian,bus,2012,pedestrian,bus,pedestrian,bus,pedestrian,bus,pedestrian,bus,pedestrian,bus
18,Male,car,car,2014,car,car,car,car,car,car,car,car,car,car
29,Male,car,car,2013,car,car,car,car,car,car,car,car,car,car
58,Female,car,car,2014,car,car,car,car,car,car,car,car,car,car
78,Female,pedestrian,car,2016,pedestrian,car,pedestrian,car,pedestrian,car,pedestrian,car,pedestrian,car
28,Female,pedestrian,car,2016,pedestrian,car,pedestrian,car,pedestrian,car,pedestrian,car,pedestrian,car
35,Male,pedestrian,car,2012,pedestrian,car,pedestrian,car,pedestrian,car,pedestrian,car,pedestrian,car
47,Male,pedestrian,car,2015,pedestrian,car,pedestrian,car,pedestrian,car,pedestrian,car,pedestrian,car
23,Male,pedestrian,car,2014,pedestrian,car,pedestrian,car,pedestrian,car,pedestrian,car,pedestrian,car
29,Male,pedestrian,car,2012,pedestrian,car,pedestrian,car,pedestrian,car,pedestrian,car,pedestrian,car
39,Male,pedestrian,bus,2013,pedestrian,bus,pedestrian,bus,pedestrian,bus,pedestrian,bus,pedestrian,bus
6,Male,car,car,2016,car,car,car,car,car,car,car,car,car,car
59,Male,car,car,2012,car,car,car,car,car,car,car,car,car,car
58,Male,bicycle,car,2012,cycle,car,cycle,car,cycle,car,cycle,car,cycle,car
27,Male,motorcycle,car,2012,motorcycle,car,motorcycle,car,motorcycle,car,motorcycle,car,motorcycle,car
24,Female,bus,car,2015,bus,car,bus,car,bus,car,bus,car,bus,car
24,Male,car,car,2012,car,car,car,car,car,car,car,car,car,car
30,Male,car,car,2015,car,car,car,car,car,car,car,car,car,car
71,Male,pedestrian,car,2014,pedestrian,car,pedestrian,car,pedestrian,car,pedestrian,car,pedestrian,car
20,Male,motorcycle,car,2016,motorcycle,car,motorcycle,car,motorcycle,car,motorcycle,car,motorcycle,car
70,Male,car,bus,2016,car,bus,car,bus,car,bus,car,bus,car,bus
20,Male,pedestrian,car,2015,pedestrian,car,pedestrian,car,pedestrian,car,pedestrian,car,pedestrian,car
69,Male,pedestrian,car,2015,pedestrian,car,pedestrian,car,pedestrian,car,pedestrian,car,pedestrian,car
33,Female,car,car,2014,car,car,car,car,car,car,car,car,car,car
50,Female,motorcycle,car,2012,motorcycle,car,motorcycle,car,motorcycle,car,motorcycle,car,motorcycle,car
49,Male,pedestrian,car,2013,pedestrian,car,pedestrian,car,pedestrian,car,pedestrian,car,pedestrian,car
33,Male,pedestrian,car,2016,pedestrian,car,pedestrian,car,pedestrian,car,pedestrian,car,pedestrian,car
30,Male,car,bus,2016,car,bus,car,bus,car,bus,car,bus,car,bus
37,Female,pedestrian,car,2012,pedestrian,car,pedestrian,car,pedestrian,car,pedestrian,car,pedestrian,car
27,Male,car,car,2013,car,car,car,car,car,car,car,car,car,car
20,Male,car,car,2015,car,car,car,car,car,car,car,car,car,car
27,Male,pedestrian,car,2014,pedestrian,car,pedestrian,car,pedestrian,car,pedestrian,car,pedestrian,car
52,Male,motorcycle,NA,2012,motorcycle,car,motorcycle,car,motorcycle,cycle,motorcycle,bus,motorcycle,car
38,Male,motorcycle,car,2014,motorcycle,car,motorcycle,car,motorcycle,car,motorcycle,car,motorcycle,car
1,Male,pedestrian,bus,2013,pedestrian,bus,pedestrian,bus,pedestrian,bus,pedestrian,bus,pedestrian,bus
43,Male,NA,NA,2012,motorcycle,car,pedestrian,car,pedestrian,car,pedestrian,car,pedestrian,car
41,Male,pedestrian,bus,2013,pedestrian,bus,pedestrian,bus,pedestrian,bus,pedestrian,bus,pedestrian,bus
13,Female,pedestrian,car,2014,pedestrian,car,pedestrian,car,pedestrian,car,pedestrian,car,pedestrian,car
47,Male,pedestrian,car,2012,pedestrian,car,pedestrian,car,pedestrian,car,pedestrian,car,pedestrian,car
23,Female,car,car,2014,car,car,car,car,car,car,car,car,car,car
37,Male,car,car,2014,car,car,car,car,car,car,car,car,car,car
29,Male,car,car,2012,car,car,car,car,car,car,car,car,car,car
34,Female,car,car,2013,car,car,car,car,car,car,car,car,car,car
41,Male,car,car,2016,car,car,car,car,car,car,car,car,car,car
27,Male,pedestrian,car,2014,pedestrian,car,pedestrian,car,pedestrian,car,pedestrian,car,pedestrian,car
25,Male,car,bus,2016,car,bus,car,bus,car,bus,car,bus,car,bus
24,Male,car,car,2012,car,car,car,car,car,car,car,car,car,car
74,Female,car,car,2015,car,car,car,car,car,car,car,car,car,car
73,Male,motorcycle,truck,2015,motorcycle,truck,motorcycle,truck,motorcycle,truck,motorcycle,truck,motorcycle,truck
39,Male,car,car,2016,car,car,car,car,car,car,car,car,car,car
27,Male,car,car,2012,car,car,car,car,car,car,car,car,car,car
43,Male,car,car,2016,car,car,car,car,car,car,car,car,car,car
38,Male,pedestrian,car,2012,pedestrian,car,pedestrian,car,pedestrian,car,pedestrian,car,pedestrian,car
26,Male,car,car,2013,car,car,car,car,car,car,car,car,car,car
33,Male,bus,car,2013,bus,car,bus,car,bus,car,bus,car,bus,car
14,Male,pedestrian,car,2015,pedestrian,car,pedestrian,car,pedestrian,car,pedestrian,car,pedestrian,car
39,Male,pedestrian,car,2014,pedestrian,car,pedestrian,car,pedestrian,car,pedestrian,car,pedestrian,car
59,Female,car,car,2015,car,car,car,car,car,car,car,car,car,car
65,Female,car,car,2013,car,car,car,car,car,car,car,car,car,car
23,Male,car,car,2014,car,car,car,car,car,car,car,car,car,car
30,Male,pedestrian,truck,2013,pedestrian,truck,pedestrian,truck,pedestrian,truck,pedestrian,truck,pedestrian,truck
47,Male,pedestrian,car,2014,pedestrian,car,pedestrian,car,pedestrian,car,pedestrian,car,pedestrian,car
48,Male,motorcycle,car,2013,motorcycle,car,motorcycle,car,motorcycle,car,motorcycle,car,motorcycle,car
78,Female,car,bus,2012,car,bus,car,bus,car,bus,car,bus,car,bus
38,Female,car,car,2014,car,car,car,car,car,car,car,car,car,car
29,Male,motorcycle,bus,2013,motorcycle,bus,motorcycle,bus,motorcycle,bus,motorcycle,bus,motorcycle,bus
24,Female,car,bus,2015,car,bus,car,bus,car,bus,car,bus,car,bus
34,Male,pedestrian,car,2014,pedestrian,car,pedestrian,car,pedestrian,car,pedestrian,car,pedestrian,car
15,Male,pedestrian,car,2016,pedestrian,car,pedestrian,car,pedestrian,car,pedestrian,car,pedestrian,car
22,Male,pedestrian,car,2014,pedestrian,car,pedestrian,car,pedestrian,car,pedestrian,car,pedestrian,car
48,Female,NA,car,2016,car,car,car,car,pedestrian,car,car,car,car,car
36,Male,pedestrian,car,2012,pedestrian,car,pedestrian,car,pedestrian,car,pedestrian,car,pedestrian,car
20,Male,car,car,2014,car,car,car,car,car,car,car,car,car,car
70,Female,car,bus,2013,car,bus,car,bus,car,bus,car,bus,car,bus
35,Male,pedestrian,car,2016,pedestrian,car,pedestrian,car,pedestrian,car,pedestrian,car,pedestrian,car
27,Male,motorcycle,bus,2014,motorcycle,bus,motorcycle,bus,motorcycle,bus,motorcycle,bus,motorcycle,bus
40,Male,motorcycle,car,2015,motorcycle,car,motorcycle,car,motorcycle,car,motorcycle,car,motorcycle,car
52,Female,NA,car,2016,pedestrian,car,cycle,car,pedestrian,car,pedestrian,car,pedestrian,car
45,Male,car,car,2016,car,car,car,car,car,car,car,car,car,car
44,Female,pedestrian,car,2016,pedestrian,car,pedestrian,car,pedestrian,car,pedestrian,car,pedestrian,car
37,Female,pedestrian,car,2015,pedestrian,car,pedestrian,car,pedestrian,car,pedestrian,car,pedestrian,car
27,Male,car,bus,2016,car,bus,car,bus,car,bus,car,bus,car,bus
7,Female,car,car,2014,car,car,car,car,car,car,car,car,car,car
48,Male,car,bus,2015,car,bus,car,bus,car,bus,car,bus,car,bus
45,Male,car,bus,2015,car,bus,car,bus,car,bus,car,bus,car,bus
32,Male,pedestrian,car,2016,pedestrian,car,pedestrian,car,pedestrian,car,pedestrian,car,pedestrian,car
64,Male,bus,car,2012,bus,car,bus,car,bus,car,bus,car,bus,car
50,Female,pedestrian,car,2016,pedestrian,car,pedestrian,car,pedestrian,car,pedestrian,car,pedestrian,car
27,Male,pedestrian,car,2016,pedestrian,car,pedestrian,car,pedestrian,car,pedestrian,car,pedestrian,car
59,Male,car,car,2014,car,car,car,car,car,car,car,car,car,car
21,Male,car,car,2012,car,car,car,car,car,car,car,car,car,car
39,Male,bus,truck,2014,bus,truck,bus,truck,bus,truck,bus,truck,bus,truck
41,Male,motorcycle,car,2016,motorcycle,car,motorcycle,car,motorcycle,car,motorcycle,car,motorcycle,car
71,Female,pedestrian,car,2012,pedestrian,car,pedestrian,car,pedestrian,car,pedestrian,car,pedestrian,car
48,Male,pedestrian,bus,2015,pedestrian,bus,pedestrian,bus,pedestrian,bus,pedestrian,bus,pedestrian,bus
49,Female,pedestrian,car,2012,pedestrian,car,pedestrian,car,pedestrian,car,pedestrian,car,pedestrian,car
39,Male,pedestrian,car,2016,pedestrian,car,pedestrian,car,pedestrian,car,pedestrian,car,pedestrian,car
22,Male,pedestrian,car,2014,pedestrian,car,pedestrian,car,pedestrian,car,pedestrian,car,pedestrian,car
23,Male,truck,car,2016,truck,car,truck,car,truck,car,truck,car,truck,car
33,Male,pedestrian,car,2012,pedestrian,car,pedestrian,car,pedestrian,car,pedestrian,car,pedestrian,car
14,Male,bicycle,other,2013,cycle,other,cycle,other,cycle,other,cycle,other,cycle,other
20,Male,bus,car,2014,bus,car,bus,car,bus,car,bus,car,bus,car
32,Male,pedestrian,NA,2014,pedestrian,car,pedestrian,car,pedestrian,car,pedestrian,bus,pedestrian,car
38,Female,NA,car,2014,car,car,pedestrian,car,pedestrian,car,bus,car,car,car
32,Male,pedestrian,car,2016,pedestrian,car,pedestrian,car,pedestrian,car,pedestrian,car,pedestrian,car
27,Female,car,car,2015,car,car,car,car,car,car,car,car,car,car
35,Male,car,car,2012,car,car,car,car,car,car,car,car,car,car
30,Male,car,bus,2015,car,bus,car,bus,car,bus,car,bus,car,bus
42,Male,pedestrian,car,2016,pedestrian,car,pedestrian,car,pedestrian,car,pedestrian,car,pedestrian,car
44,Female,car,car,2012,car,car,car,car,car,car,car,car,car,car
40,Male,pedestrian,NA,2015,pedestrian,car,pedestrian,other,pedestrian,car,pedestrian,car,pedestrian,car
37,Male,pedestrian,NA,2013,pedestrian,car,pedestrian,car,pedestrian,bus,pedestrian,car,pedestrian,bus
18,Female,car,car,2015,car,car,car,car,car,car,car,car,car,car
46,Male,pedestrian,car,2012,pedestrian,car,pedestrian,car,pedestrian,car,pedestrian,car,pedestrian,car
26,Female,bus,car,2012,bus,car,bus,car,bus,car,bus,car,bus,car
42,Male,car,car,2013,car,car,car,car,car,car,car,car,car,car
51,Female,motorcycle,bus,2012,motorcycle,bus,motorcycle,bus,motorcycle,bus,motorcycle,bus,motorcycle,bus
28,Male,truck,car,2012,truck,car,truck,car,truck,car,truck,car,truck,car
23,Male,pedestrian,truck,2016,pedestrian,truck,pedestrian,truck,pedestrian,truck,pedestrian,truck,pedestrian,truck
20,Male,car,car,2012,car,car,car,car,car,car,car,car,car,car
33,Male,truck,bus,2016,truck,bus,truck,bus,truck,bus,truck,bus,truck,bus
33,Male,bus,car,2012,bus,car,bus,car,bus,car,bus,car,bus,car
33,Male,pedestrian,car,2013,pedestrian,car,pedestrian,car,pedestrian,car,pedestrian,car,pedestrian,car
41,Male,pedestrian,bus,2012,pedestrian,bus,pedestrian,bus,pedestrian,bus,pedestrian,bus,pedestrian,bus
31,Male,car,car,2013,car,car,car,car,car,car,car,car,car,car
8,Male,pedestrian,car,2012,pedestrian,car,pedestrian,car,pedestrian,car,pedestrian,car,pedestrian,car
49,Male,pedestrian,car,2016,pedestrian,car,pedestrian,car,pedestrian,car,pedestrian,car,pedestrian,car
46,Female,pedestrian,car,2016,pedestrian,car,pedestrian,car,pedestrian,car,pedestrian,car,pedestrian,car
29,Male,car,bus,2014,car,bus,car,bus,car,bus,car,bus,car,bus
32,Male,pedestrian,car,2016,pedestrian,car,pedestrian,car,pedestrian,car,pedestrian,car,pedestrian,car
24,Female,pedestrian,car,2012,pedestrian,car,pedestrian,car,pedestrian,car,pedestrian,car,pedestrian,car
39,Male,car,car,2014,car,car,car,car,car,car,car,car,car,car
25,Male,pedestrian,car,2014,pedestrian,car,pedestrian,car,pedestrian,car,pedestrian,car,pedestrian,car
25,Male,motorcycle,motorcycle,2015,motorcycle,motorcycle,motorcycle,motorcycle,motorcycle,motorcycle,motorcycle,motorcycle,motorcycle,motorcycle
61,Female,pedestrian,car,2013,pedestrian,car,pedestrian,car,pedestrian,car,pedestrian,car,pedestrian,car
26,Male,motorcycle,truck,2012,motorcycle,truck,motorcycle,truck,motorcycle,truck,motorcycle,truck,motorcycle,truck
29,Female,car,car,2014,car,car,car,car,car,car,car,car,car,car
32,Male,car,car,2016,car,car,car,car,car,car,car,car,car,car
36,Female,pedestrian,truck,2016,pedestrian,truck,pedestrian,truck,pedestrian,truck,pedestrian,truck,pedestrian,truck
49,Male,car,car,2016,car,car,car,car,car,car,car,car,car,car
18,Female,pedestrian,bus,2013,pedestrian,bus,pedestrian,bus,pedestrian,bus,pedestrian,bus,pedestrian,bus
42,Male,car,car,2015,car,car,car,car,car,car,car,car,car,car
28,Male,pedestrian,car,2012,pedestrian,car,pedestrian,car,pedestrian,car,pedestrian,car,pedestrian,car
21,Male,motorcycle,car,2013,motorcycle,car,motorcycle,car,motorcycle,car,motorcycle,car,motorcycle,car
34,Male,car,car,2012,car,car,car,car,car,car,car,car,car,car
33,Male,car,bus,2015,car,bus,car,bus,car,bus,car,bus,car,bus
52,Female,car,truck,2014,car,truck,car,truck,car,truck,car,truck,car,truck
19,Female,car,car,2016,car,car,car,car,car,car,car,car,car,car
30,Male,motorcycle,car,2013,motorcycle,car,motorcycle,car,motorcycle,car,motorcycle,car,motorcycle,car
38,Female,car,car,2012,car,car,car,car,car,car,car,car,car,car
55,Male,pedestrian,car,2013,pedestrian,car,pedestrian,car,pedestrian,car,pedestrian,car,pedestrian,car
30,Male,pedestrian,NA,2015,pedestrian,car,pedestrian,car,pedestrian,car,pedestrian,car,pedestrian,car
8,Male,pedestrian,NA,2016,pedestrian,car,pedestrian,car,pedestrian,bus,pedestrian,bus,pedestrian,car
2,Male,pedestrian,car,2013,pedestrian,car,pedestrian,car,pedestrian,car,pedestrian,car,pedestrian,car
42,Male,truck,car,2013,truck,car,truck,car,truck,car,truck,car,truck,car
53,Male,car,car,2013,car,car,car,car,car,car,car,car,car,car
22,Male,pedestrian,car,2016,pedestrian,car,pedestrian,car,pedestrian,car,pedestrian,car,pedestrian,car
22,Female,car,car,2012,car,car,car,car,car,car,car,car,car,car
46,Male,pedestrian,car,2016,pedestrian,car,pedestrian,car,pedestrian,car,pedestrian,car,pedestrian,car
38,Female,pedestrian,car,2015,pedestrian,car,pedestrian,car,pedestrian,car,pedestrian,car,pedestrian,car
55,Male,car,car,2014,car,car,car,car,car,car,car,car,car,car
20,Male,pedestrian,car,2013,pedestrian,car,pedestrian,car,pedestrian,car,pedestrian,car,pedestrian,car
25,Male,car,car,2013,car,car,car,car,car,car,car,car,car,car
32,Male,car,bus,2012,car,bus,car,bus,car,bus,car,bus,car,bus
56,Female,pedestrian,car,2015,pedestrian,car,pedestrian,car,pedestrian,car,pedestrian,car,pedestrian,car
23,Female,bus,car,2016,bus,car,bus,car,bus,car,bus,car,bus,car
26,Male,bus,car,2014,bus,car,bus,car,bus,car,bus,car,bus,car
27,Male,car,NA,2013,car,car,car,car,car,car,car,car,car,other
33,Male,car,car,2016,car,car,car,car,car,car,car,car,car,car
6,Male,pedestrian,bus,2012,pedestrian,bus,pedestrian,bus,pedestrian,bus,pedestrian,bus,pedestrian,bus
54,Male,car,bus,2013,car,bus,car,bus,car,bus,car,bus,car,bus
10,Female,pedestrian,car,2014,pedestrian,car,pedestrian,car,pedestrian,car,pedestrian,car,pedestrian,car
79,Male,pedestrian,car,2016,pedestrian,car,pedestrian,car,pedestrian,car,pedestrian,car,pedestrian,car
57,Female,pedestrian,car,2015,pedestrian,car,pedestrian,car,pedestrian,car,pedestrian,car,pedestrian,car
40,Male,car,car,2013,car,car,car,car,car,car,car,car,car,car
47,Male,pedestrian,car,2014,pedestrian,car,pedestrian,car,pedestrian,car,pedestrian,car,pedestrian,car
26,Female,pedestrian,car,2012,pedestrian,car,pedestrian,car,pedestrian,car,pedestrian,car,pedestrian,car
35,Male,pedestrian,other,2015,pedestrian,other,pedestrian,other,pedestrian,other,pedestrian,other,pedestrian,other
35,Male,car,truck,2013,car,truck,car,truck,car,truck,car,truck,car,truck
51,Male,car,truck,2015,car,truck,car,truck,car,truck,car,truck,car,truck
29,Female,car,bus,2013,car,bus,car,bus,car,bus,car,bus,car,bus
26,Male,other,car,2016,other,car,other,car,other,car,other,car,other,car
30,Male,bus,other,2014,bus,other,bus,other,bus,other,bus,other,bus,other
48,Male,car,car,2015,car,car,car,car,car,car,car,car,car,car
17,Male,pedestrian,car,2012,pedestrian,car,pedestrian,car,pedestrian,car,pedestrian,car,pedestrian,car
54,Female,pedestrian,car,2016,pedestrian,car,pedestrian,car,pedestrian,car,pedestrian,car,pedestrian,car
25,Male,motorcycle,truck,2012,motorcycle,truck,motorcycle,truck,motorcycle,truck,motorcycle,truck,motorcycle,truck
32,Male,pedestrian,bus,2016,pedestrian,bus,pedestrian,bus,pedestrian,bus,pedestrian,bus,pedestrian,bus
42,Female,car,car,2014,car,car,car,car,car,car,car,car,car,car
40,Male,car,car,2013,car,car,car,car,car,car,car,car,car,car
33,Male,truck,car,2016,truck,car,truck,car,truck,car,truck,car,truck,car
28,Male,motorcycle,car,2015,motorcycle,car,motorcycle,car,motorcycle,car,motorcycle,car,motorcycle,car
34,Male,car,car,2014,car,car,car,car,car,car,car,car,car,car
32,Female,car,car,2013,car,car,car,car,car,car,car,car,car,car
1,Male,pedestrian,car,2015,pedestrian,car,pedestrian,car,pedestrian,car,pedestrian,car,pedestrian,car
22,Male,pedestrian,bus,2012,pedestrian,bus,pedestrian,bus,pedestrian,bus,pedestrian,bus,pedestrian,bus
30,Male,motorcycle,car,2013,motorcycle,car,motorcycle,car,motorcycle,car,motorcycle,car,motorcycle,car
24,Female,pedestrian,car,2014,pedestrian,car,pedestrian,car,pedestrian,car,pedestrian,car,pedestrian,car
29,Male,bus,NA,2012,bus,car,bus,truck,bus,truck,bus,car,bus,car
36,Female,car,car,2016,car,car,car,car,car,car,car,car,car,car
27,Male,car,car,2013,car,car,car,car,car,car,car,car,car,car
57,Female,pedestrian,car,2014,pedestrian,car,pedestrian,car,pedestrian,car,pedestrian,car,pedestrian,car
53,Female,car,car,2016,car,car,car,car,car,car,car,car,car,car
83,Female,car,car,2014,car,car,car,car,car,car,car,car,car,car
20,Male,motorcycle,car,2015,motorcycle,car,motorcycle,car,motorcycle,car,motorcycle,car,motorcycle,car
25,Male,car,car,2012,car,car,car,car,car,car,car,car,car,car
45,Male,motorcycle,car,2012,motorcycle,car,motorcycle,car,motorcycle,car,motorcycle,car,motorcycle,car
37,Female,bus,car,2014,bus,car,bus,car,bus,car,bus,car,bus,car
24,Male,car,bus,2013,car,bus,car,bus,car,bus,car,bus,car,bus
68,Male,pedestrian,car,2013,pedestrian,car,pedestrian,car,pedestrian,car,pedestrian,car,pedestrian,car
48,Male,car,bus,2012,car,bus,car,bus,car,bus,car,bus,car,bus
47,Male,motorcycle,car,2014,motorcycle,car,motorcycle,car,motorcycle,car,motorcycle,car,motorcycle,car
34,Male,pedestrian,bus,2015,pedestrian,bus,pedestrian,bus,pedestrian,bus,pedestrian,bus,pedestrian,bus
30,Male,pedestrian,car,2012,pedestrian,car,pedestrian,car,pedestrian,car,pedestrian,car,pedestrian,car
22,Male,motorcycle,truck,2012,motorcycle,truck,motorcycle,truck,motorcycle,truck,motorcycle,truck,motorcycle,truck
37,Female,car,car,2015,car,car,car,car,car,car,car,car,car,car
12,Male,car,car,2015,car,car,car,car,car,car,car,car,car,car
31,Male,motorcycle,bus,2012,motorcycle,bus,motorcycle,bus,motorcycle,bus,motorcycle,bus,motorcycle,bus
35,Male,bus,NA,2013,bus,car,bus,pedestrian,bus,car,bus,car,bus,car
31,Male,pedestrian,car,2012,pedestrian,car,pedestrian,car,pedestrian,car,pedestrian,car,pedestrian,car
24,Male,pedestrian,car,2016,pedestrian,car,pedestrian,car,pedestrian,car,pedestrian,car,pedestrian,car
22,Male,car,car,2012,car,car,car,car,car,car,car,car,car,car
39,Male,pedestrian,car,2016,pedestrian,car,pedestrian,car,pedestrian,car,pedestrian,car,pedestrian,car
48,Female,pedestrian,truck,2014,pedestrian,truck,pedestrian,truck,pedestrian,truck,pedestrian,truck,pedestrian,truck
55,Male,car,car,2012,car,car,car,car,car,car,car,car,car,car
46,Male,pedestrian,car,2016,pedestrian,car,pedestrian,car,pedestrian,car,pedestrian,car,pedestrian,car
29,Female,motorcycle,bus,2012,motorcycle,bus,motorcycle,bus,motorcycle,bus,motorcycle,bus,motorcycle,bus
29,Male,motorcycle,NA,2015,motorcycle,bus,motorcycle,bus,motorcycle,car,motorcycle,car,motorcycle,bus
38,Male,motorcycle,car,2013,motorcycle,car,motorcycle,car,motorcycle,car,motorcycle,car,motorcycle,car
51,Male,pedestrian,car,2016,pedestrian,car,pedestrian,car,pedestrian,car,pedestrian,car,pedestrian,car
53,Female,pedestrian,car,2016,pedestrian,car,pedestrian,car,pedestrian,car,pedestrian,car,pedestrian,car
30,Male,car,bus,2015,car,bus,car,bus,car,bus,car,bus,car,bus
2,Male,pedestrian,car,2014,pedestrian,car,pedestrian,car,pedestrian,car,pedestrian,car,pedestrian,car
14,Male,car,other,2012,car,other,car,other,car,other,car,other,car,other
38,Male,car,car,2013,car,car,car,car,car,car,car,car,car,car
78,Male,car,bus,2013,car,bus,car,bus,car,bus,car,bus,car,bus
22,Male,car,bus,2015,car,bus,car,bus,car,bus,car,bus,car,bus
51,Female,car,car,2013,car,car,car,car,car,car,car,car,car,car
35,Female,pedestrian,NA,2015,pedestrian,car,pedestrian,car,pedestrian,car,pedestrian,car,pedestrian,bus
25,Male,car,car,2015,car,car,car,car,car,car,car,car,car,car
39,Female,pedestrian,bus,2016,pedestrian,bus,pedestrian,bus,pedestrian,bus,pedestrian,bus,pedestrian,bus
47,Male,car,other,2016,car,other,car,other,car,other,car,other,car,other
22,Female,pedestrian,car,2012,pedestrian,car,pedestrian,car,pedestrian,car,pedestrian,car,pedestrian,car
38,Male,pedestrian,car,2012,pedestrian,car,pedestrian,car,pedestrian,car,pedestrian,car,pedestrian,car
9,Male,pedestrian,motorcycle,2016,pedestrian,motorcycle,pedestrian,motorcycle,pedestrian,motorcycle,pedestrian,motorcycle,pedestrian,motorcycle
36,Male,car,NA,2015,car,car,car,bus,car,bus,car,bus,car,car
24,Female,pedestrian,car,2013,pedestrian,car,pedestrian,car,pedestrian,car,pedestrian,car,pedestrian,car
20,Male,bus,bus,2016,bus,bus,bus,bus,bus,bus,bus,bus,bus,bus
31,Male,motorcycle,bus,2012,motorcycle,bus,motorcycle,bus,motorcycle,bus,motorcycle,bus,motorcycle,bus
22,Male,car,car,2013,car,car,car,car,car,car,car,car,car,car
55,Male,car,car,2015,car,car,car,car,car,car,car,car,car,car
31,Male,pedestrian,car,2012,pedestrian,car,pedestrian,car,pedestrian,car,pedestrian,car,pedestrian,car
40,Male,pedestrian,car,2013,pedestrian,car,pedestrian,car,pedestrian,car,pedestrian,car,pedestrian,car
36,Male,pedestrian,bus,2015,pedestrian,bus,pedestrian,bus,pedestrian,bus,pedestrian,bus,pedestrian,bus
16,Male,pedestrian,truck,2014,pedestrian,truck,pedestrian,truck,pedestrian,truck,pedestrian,truck,pedestrian,truck
20,Male,pedestrian,car,2013,pedestrian,car,pedestrian,car,pedestrian,car,pedestrian,car,pedestrian,car
59,Male,car,truck,2016,car,truck,car,truck,car,truck,car,truck,car,truck
29,Male,car,car,2013,car,car,car,car,car,car,car,car,car,car
39,Male,car,car,2016,car,car,car,car,car,car,car,car,car,car
21,Female,car,car,2016,car,car,car,car,car,car,car,car,car,car
73,Male,pedestrian,car,2013,pedestrian,car,pedestrian,car,pedestrian,car,pedestrian,car,pedestrian,car
22,Male,pedestrian,car,2012,pedestrian,car,pedestrian,car,pedestrian,car,pedestrian,car,pedestrian,car
40,Male,motorcycle,truck,2014,motorcycle,truck,motorcycle,truck,motorcycle,truck,motorcycle,truck,motorcycle,truck
24,Male,pedestrian,car,2012,pedestrian,car,pedestrian,car,pedestrian,car,pedestrian,car,pedestrian,car
40,Male,motorcycle,pedestrian,2012,motorcycle,pedestrian,motorcycle,pedestrian,motorcycle,pedestrian,motorcycle,pedestrian,motorcycle,pedestrian
22,Female,pedestrian,car,2016,pedestrian,car,pedestrian,car,pedestrian,car,pedestrian,car,pedestrian,car
8,Male,pedestrian,motorcycle,2016,pedestrian,motorcycle,pedestrian,motorcycle,pedestrian,motorcycle,pedestrian,motorcycle,pedestrian,motorcycle
61,Male,pedestrian,car,2012,pedestrian,car,pedestrian,car,pedestrian,car,pedestrian,car,pedestrian,car
30,Female,pedestrian,car,2016,pedestrian,car,pedestrian,car,pedestrian,car,pedestrian,car,pedestrian,car
58,Male,pedestrian,bus,2012,pedestrian,bus,pedestrian,bus,pedestrian,bus,pedestrian,bus,pedestrian,bus
44,Male,pedestrian,car,2013,pedestrian,car,pedestrian,car,pedestrian,car,pedestrian,car,pedestrian,car
26,Male,motorcycle,car,2016,motorcycle,car,motorcycle,car,motorcycle,car,motorcycle,car,motorcycle,car
30,Male,pedestrian,car,2016,pedestrian,car,pedestrian,car,pedestrian,car,pedestrian,car,pedestrian,car
37,Male,pedestrian,car,2015,pedestrian,car,pedestrian,car,pedestrian,car,pedestrian,car,pedestrian,car
73,Male,pedestrian,car,2012,pedestrian,car,pedestrian,car,pedestrian,car,pedestrian,car,pedestrian,car
24,Male,car,car,2015,car,car,car,car,car,car,car,car,car,car
26,Male,bus,NA,2012,bus,car,bus,bus,bus,pedestrian,bus,car,bus,bus
16,Male,pedestrian,car,2013,pedestrian,car,pedestrian,car,pedestrian,car,pedestrian,car,pedestrian,car
58,Male,pedestrian,car,2012,pedestrian,car,pedestrian,car,pedestrian,car,pedestrian,car,pedestrian,car
30,Male,pedestrian,truck,2012,pedestrian,truck,pedestrian,truck,pedestrian,truck,pedestrian,truck,pedestrian,truck
7,Female,bus,car,2015,bus,car,bus,car,bus,car,bus,car,bus,car
35,Male,car,car,2016,car,car,car,car,car,car,car,car,car,car
25,Male,car,NA,2016,car,car,car,other,car,car,car,car,car,bus
32,Male,motorcycle,car,2016,motorcycle,car,motorcycle,car,motorcycle,car,motorcycle,car,motorcycle,car
29,Male,bicycle,car,2012,cycle,car,cycle,car,cycle,car,cycle,car,cycle,car
47,Male,pedestrian,other,2015,pedestrian,other,pedestrian,other,pedestrian,other,pedestrian,other,pedestrian,other
30,Male,car,car,2013,car,car,car,car,car,car,car,car,car,car
28,Male,car,bus,2013,car,bus,car,bus,car,bus,car,bus,car,bus
51,Male,car,car,2012,car,car,car,car,car,car,car,car,car,car
68,Male,pedestrian,car,2016,pedestrian,car,pedestrian,car,pedestrian,car,pedestrian,car,pedestrian,car
23,Male,car,car,2012,car,car,car,car,car,car,car,car,car,car
29,Male,car,car,2013,car,car,car,car,car,car,car,car,car,car
57,Male,car,car,2014,car,car,car,car,car,car,car,car,car,car
39,Male,pedestrian,car,2016,pedestrian,car,pedestrian,car,pedestrian,car,pedestrian,car,pedestrian,car
7,Male,car,bus,2015,car,bus,car,bus,car,bus,car,bus,car,bus
3,Female,pedestrian,car,2014,pedestrian,car,pedestrian,car,pedestrian,car,pedestrian,car,pedestrian,car
76,Male,pedestrian,car,2016,pedestrian,car,pedestrian,car,pedestrian,car,pedestrian,car,pedestrian,car
33,Male,car,NA,2013,car,bus,car,car,car,car,car,car,car,car
36,Male,car,car,2013,car,car,car,car,car,car,car,car,car,car
30,Male,pedestrian,bus,2012,pedestrian,bus,pedestrian,bus,pedestrian,bus,pedestrian,bus,pedestrian,bus
77,Male,car,car,2012,car,car,car,car,car,car,car,car,car,car
52,Male,car,car,2016,car,car,car,car,car,car,car,car,car,car
26,Male,car,car,2014,car,car,car,car,car,car,car,car,car,car
27,Male,motorcycle,car,2012,motorcycle,car,motorcycle,car,motorcycle,car,motorcycle,car,motorcycle,car
22,Male,car,car,2012,car,car,car,car,car,car,car,car,car,car
25,Male,car,car,2012,car,car,car,car,car,car,car,car,car,car
23,Male,car,car,2016,car,car,car,car,car,car,car,car,car,car
44,Female,car,car,2016,car,car,car,car,car,car,car,car,car,car
25,Male,motorcycle,car,2016,motorcycle,car,motorcycle,car,motorcycle,car,motorcycle,car,motorcycle,car
24,Male,car,other,2016,car,other,car,other,car,other,car,other,car,other
58,Male,car,car,2013,car,car,car,car,car,car,car,car,car,car
23,Male,car,car,2015,car,car,car,car,car,car,car,car,car,car
25,Male,car,car,2015,car,car,car,car,car,car,car,car,car,car
78,Male,pedestrian,car,2016,pedestrian,car,pedestrian,car,pedestrian,car,pedestrian,car,pedestrian,car
38,Male,car,bus,2014,car,bus,car,bus,car,bus,car,bus,car,bus
44,Male,car,car,2016,car,car,car,car,car,car,car,car,car,car
63,Male,pedestrian,car,2015,pedestrian,car,pedestrian,car,pedestrian,car,pedestrian,car,pedestrian,car
16,Male,motorcycle,car,2014,motorcycle,car,motorcycle,car,motorcycle,car,motorcycle,car,motorcycle,car
26,Male,pedestrian,bus,2012,pedestrian,bus,pedestrian,bus,pedestrian,bus,pedestrian,bus,pedestrian,bus
23,Male,pedestrian,car,2015,pedestrian,car,pedestrian,car,pedestrian,car,pedestrian,car,pedestrian,car
25,Male,pedestrian,car,2016,pedestrian,car,pedestrian,car,pedestrian,car,pedestrian,car,pedestrian,car
58,Male,pedestrian,bus,2013,pedestrian,bus,pedestrian,bus,pedestrian,bus,pedestrian,bus,pedestrian,bus
23,Male,car,bus,2014,car,bus,car,bus,car,bus,car,bus,car,bus
38,Male,motorcycle,car,2016,motorcycle,car,motorcycle,car,motorcycle,car,motorcycle,car,motorcycle,car
29,Male,pedestrian,NA,2012,pedestrian,car,pedestrian,car,pedestrian,car,pedestrian,motorcycle,pedestrian,bus
47,Male,car,car,2015,car,car,car,car,car,car,car,car,car,car
54,Female,pedestrian,car,2016,pedestrian,car,pedestrian,car,pedestrian,car,pedestrian,car,pedestrian,car
35,Male,motorcycle,pedestrian,2014,motorcycle,pedestrian,motorcycle,pedestrian,motorcycle,pedestrian,motorcycle,pedestrian,motorcycle,pedestrian
30,Female,pedestrian,car,2014,pedestrian,car,pedestrian,car,pedestrian,car,pedestrian,car,pedestrian,car
24,Female,car,car,2012,car,car,car,car,car,car,car,car,car,car
5,Male,pedestrian,car,2015,pedestrian,car,pedestrian,car,pedestrian,car,pedestrian,car,pedestrian,car
32,Male,car,bus,2015,car,bus,car,bus,car,bus,car,bus,car,bus
21,Male,motorcycle,other,2016,motorcycle,other,motorcycle,other,motorcycle,other,motorcycle,other,motorcycle,other
23,Female,car,car,2014,car,car,car,car,car,car,car,car,car,car
30,Male,motorcycle,car,2016,motorcycle,car,motorcycle,car,motorcycle,car,motorcycle,car,motorcycle,car
31,Male,other,car,2015,other,car,other,car,other,car,other,car,other,car
5,Male,car,car,2016,car,car,car,car,car,car,car,car,car,car
33,Female,pedestrian,other,2012,pedestrian,other,pedestrian,other,pedestrian,other,pedestrian,other,pedestrian,other
41,Male,pedestrian,car,2016,pedestrian,car,pedestrian,car,pedestrian,car,pedestrian,car,pedestrian,car
43,Male,bus,car,2016,bus,car,bus,car,bus,car,bus,car,bus,car
31,Male,bus,car,2014,bus,car,bus,car,bus,car,bus,car,bus,car
27,Female,car,bus,2013,car,bus,car,bus,car,bus,car,bus,car,bus
58,Male,bus,car,2014,bus,car,bus,car,bus,car,bus,car,bus,car
70,Male,car,car,2012,car,car,car,car,car,car,car,car,car,car
33,Female,car,car,2016,car,car,car,car,car,car,car,car,car,car
44,Male,pedestrian,car,2016,pedestrian,car,pedestrian,car,pedestrian,car,pedestrian,car,pedestrian,car
26,Male,car,car,2016,car,car,car,car,car,car,car,car,car,car
24,Male,pedestrian,car,2014,pedestrian,car,pedestrian,car,pedestrian,car,pedestrian,car,pedestrian,car
3,Male,pedestrian,car,2013,pedestrian,car,pedestrian,car,pedestrian,car,pedestrian,car,pedestrian,car
36,Male,pedestrian,car,2012,pedestrian,car,pedestrian,car,pedestrian,car,pedestrian,car,pedestrian,car
66,Male,car,car,2014,car,car,car,car,car,car,car,car,car,car
50,Male,pedestrian,truck,2012,pedestrian,truck,pedestrian,truck,pedestrian,truck,pedestrian,truck,pedestrian,truck
40,Male,car,car,2015,car,car,car,car,car,car,car,car,car,car
42,Male,pedestrian,car,2014,pedestrian,car,pedestrian,car,pedestrian,car,pedestrian,car,pedestrian,car
2,Female,pedestrian,car,2015,pedestrian,car,pedestrian,car,pedestrian,car,pedestrian,car,pedestrian,car
39,Male,car,bus,2016,car,bus,car,bus,car,bus,car,bus,car,bus
24,Male,car,car,2016,car,car,car,car,car,car,car,car,car,car
40,Male,bus,car,2015,bus,car,bus,car,bus,car,bus,car,bus,car
24,Male,car,bus,2014,car,bus,car,bus,car,bus,car,bus,car,bus
25,Male,pedestrian,NA,2012,pedestrian,car,pedestrian,bus,pedestrian,car,pedestrian,car,pedestrian,bus
28,Male,bus,car,2015,bus,car,bus,car,bus,car,bus,car,bus,car
43,Female,pedestrian,NA,2016,pedestrian,bus,pedestrian,bus,pedestrian,car,pedestrian,car,pedestrian,car
44,Male,car,pedestrian,2014,car,pedestrian,car,pedestrian,car,pedestrian,car,pedestrian,car,pedestrian
40,Male,car,truck,2015,car,truck,car,truck,car,truck,car,truck,car,truck
28,Male,car,car,2015,car,car,car,car,car,car,car,car,car,car
26,Male,pedestrian,car,2016,pedestrian,car,pedestrian,car,pedestrian,car,pedestrian,car,pedestrian,car
53,Male,car,truck,2014,car,truck,car,truck,car,truck,car,truck,car,truck
19,Male,car,car,2014,car,car,car,car,car,car,car,car,car,car
45,Male,pedestrian,car,2014,pedestrian,car,pedestrian,car,pedestrian,car,pedestrian,car,pedestrian,car
37,Male,pedestrian,car,2015,pedestrian,car,pedestrian,car,pedestrian,car,pedestrian,car,pedestrian,car
6,Female,pedestrian,car,2012,pedestrian,car,pedestrian,car,pedestrian,car,pedestrian,car,pedestrian,car
60,Male,pedestrian,car,2012,pedestrian,car,pedestrian,car,pedestrian,car,pedestrian,car,pedestrian,car
22,Female,car,car,2015,car,car,car,car,car,car,car,car,car,car
41,Female,car,truck,2014,car,truck,car,truck,car,truck,car,truck,car,truck
36,Male,motorcycle,car,2012,motorcycle,car,motorcycle,car,motorcycle,car,motorcycle,car,motorcycle,car
25,Male,motorcycle,car,2014,motorcycle,car,motorcycle,car,motorcycle,car,motorcycle,car,motorcycle,car
27,Male,car,car,2015,car,car,car,car,car,car,car,car,car,car
46,Female,motorcycle,bus,2012,motorcycle,bus,motorcycle,bus,motorcycle,bus,motorcycle,bus,motorcycle,bus
26,Male,pedestrian,car,2015,pedestrian,car,pedestrian,car,pedestrian,car,pedestrian,car,pedestrian,car
53,Female,car,bus,2015,car,bus,car,bus,car,bus,car,bus,car,bus
41,Male,car,bus,2016,car,bus,car,bus,car,bus,car,bus,car,bus
18,Female,car,car,2012,car,car,car,car,car,car,car,car,car,car
57,Male,car,car,2013,car,car,car,car,car,car,car,car,car,car
30,Male,car,car,2014,car,car,car,car,car,car,car,car,car,car
44,Male,pedestrian,bus,2012,pedestrian,bus,pedestrian,bus,pedestrian,bus,pedestrian,bus,pedestrian,bus
61,Male,bus,car,2013,bus,car,bus,car,bus,car,bus,car,bus,car
54,Female,pedestrian,motorcycle,2015,pedestrian,motorcycle,pedestrian,motorcycle,pedestrian,motorcycle,pedestrian,motorcycle,pedestrian,motorcycle
24,Female,car,bus,2012,car,bus,car,bus,car,bus,car,bus,car,bus
37,Male,car,car,2013,car,car,car,car,car,car,car,car,car,car
31,Female,car,truck,2012,car,truck,car,truck,car,truck,car,truck,car,truck
81,Male,pedestrian,car,2012,pedestrian,car,pedestrian,car,pedestrian,car,pedestrian,car,pedestrian,car
22,Male,pedestrian,car,2016,pedestrian,car,pedestrian,car,pedestrian,car,pedestrian,car,pedestrian,car
27,Male,motorcycle,car,2016,motorcycle,car,motorcycle,car,motorcycle,car,motorcycle,car,motorcycle,car
29,Male,pedestrian,car,2014,pedestrian,car,pedestrian,car,pedestrian,car,pedestrian,car,pedestrian,car
26,Male,pedestrian,car,2015,pedestrian,car,pedestrian,car,pedestrian,car,pedestrian,car,pedestrian,car
83,Male,pedestrian,car,2016,pedestrian,car,pedestrian,car,pedestrian,car,pedestrian,car,pedestrian,car
34,Female,car,car,2014,car,car,car,car,car,car,car,car,car,car
40,Male,pedestrian,car,2013,pedestrian,car,pedestrian,car,pedestrian,car,pedestrian,car,pedestrian,car
43,Male,car,car,2012,car,car,car,car,car,car,car,car,car,car
36,Male,car,car,2013,car,car,car,car,car,car,car,car,car,car
42,Male,car,car,2012,car,car,car,car,car,car,car,car,car,car
23,Female,pedestrian,car,2012,pedestrian,car,pedestrian,car,pedestrian,car,pedestrian,car,pedestrian,car
1,Female,pedestrian,car,2015,pedestrian,car,pedestrian,car,pedestrian,car,pedestrian,car,pedestrian,car
31,Male,bus,car,2015,bus,car,bus,car,bus,car,bus,car,bus,car
68,Male,bicycle,car,2016,cycle,car,cycle,car,cycle,car,cycle,car,cycle,car
26,Male,pedestrian,car,2012,pedestrian,car,pedestrian,car,pedestrian,car,pedestrian,car,pedestrian,car
77,Male,car,car,2014,car,car,car,car,car,car,car,car,car,car
25,Male,pedestrian,car,2016,pedestrian,car,pedestrian,car,pedestrian,car,pedestrian,car,pedestrian,car
30,Male,car,car,2012,car,car,car,car,car,car,car,car,car,car
19,Male,car,car,2015,car,car,car,car,car,car,car,car,car,car
52,Male,bicycle,truck,2015,cycle,truck,cycle,truck,cycle,truck,cycle,truck,cycle,truck
79,Male,car,pedestrian,2014,car,pedestrian,car,pedestrian,car,pedestrian,car,pedestrian,car,pedestrian
26,Male,motorcycle,car,2013,motorcycle,car,motorcycle,car,motorcycle,car,motorcycle,car,motorcycle,car
5,Male,pedestrian,truck,2013,pedestrian,truck,pedestrian,truck,pedestrian,truck,pedestrian,truck,pedestrian,truck
30,Male,pedestrian,car,2012,pedestrian,car,pedestrian,car,pedestrian,car,pedestrian,car,pedestrian,car
7,Male,pedestrian,truck,2012,pedestrian,truck,pedestrian,truck,pedestrian,truck,pedestrian,truck,pedestrian,truck
25,Male,car,car,2012,car,car,car,car,car,car,car,car,car,car
41,Male,bus,car,2013,bus,car,bus,car,bus,car,bus,car,bus,car
26,Male,motorcycle,car,2015,motorcycle,car,motorcycle,car,motorcycle,car,motorcycle,car,motorcycle,car
16,Male,pedestrian,car,2015,pedestrian,car,pedestrian,car,pedestrian,car,pedestrian,car,pedestrian,car
46,Male,car,NA,2016,car,car,car,car,car,car,car,car,car,car
30,Male,motorcycle,car,2016,motorcycle,car,motorcycle,car,motorcycle,car,motorcycle,car,motorcycle,car
19,Male,car,car,2016,car,car,car,car,car,car,car,car,car,car
18,Male,pedestrian,car,2016,pedestrian,car,pedestrian,car,pedestrian,car,pedestrian,car,pedestrian,car
17,Male,motorcycle,car,2014,motorcycle,car,motorcycle,car,motorcycle,car,motorcycle,car,motorcycle,car
36,Male,car,car,2013,car,car,car,car,car,car,car,car,car,car
27,Female,pedestrian,car,2013,pedestrian,car,pedestrian,car,pedestrian,car,pedestrian,car,pedestrian,car
30,Male,motorcycle,other,2013,motorcycle,other,motorcycle,other,motorcycle,other,motorcycle,other,motorcycle,other
34,Male,pedestrian,car,2012,pedestrian,car,pedestrian,car,pedestrian,car,pedestrian,car,pedestrian,car
35,Female,pedestrian,car,2012,pedestrian,car,pedestrian,car,pedestrian,car,pedestrian,car,pedestrian,car
34,Male,pedestrian,car,2016,pedestrian,car,pedestrian,car,pedestrian,car,pedestrian,car,pedestrian,car
41,Male,motorcycle,car,2015,motorcycle,car,motorcycle,car,motorcycle,car,motorcycle,car,motorcycle,car
65,Male,pedestrian,car,2014,pedestrian,car,pedestrian,car,pedestrian,car,pedestrian,car,pedestrian,car
31,Male,car,car,2013,car,car,car,car,car,car,car,car,car,car
26,Male,car,car,2014,car,car,car,car,car,car,car,car,car,car
39,Male,pedestrian,car,2014,pedestrian,car,pedestrian,car,pedestrian,car,pedestrian,car,pedestrian,car
26,Male,pedestrian,car,2014,pedestrian,car,pedestrian,car,pedestrian,car,pedestrian,car,pedestrian,car
34,Male,motorcycle,car,2016,motorcycle,car,motorcycle,car,motorcycle,car,motorcycle,car,motorcycle,car
26,Male,car,car,2016,car,car,car,car,car,car,car,car,car,car
68,Male,motorcycle,car,2015,motorcycle,car,motorcycle,car,motorcycle,car,motorcycle,car,motorcycle,car
29,Male,car,car,2014,car,car,car,car,car,car,car,car,car,car
45,Male,motorcycle,car,2016,motorcycle,car,motorcycle,car,motorcycle,car,motorcycle,car,motorcycle,car
1,Male,pedestrian,car,2016,pedestrian,car,pedestrian,car,pedestrian,car,pedestrian,car,pedestrian,car
23,Male,car,car,2015,car,car,car,car,car,car,car,car,car,car
29,Female,pedestrian,car,2015,pedestrian,car,pedestrian,car,pedestrian,car,pedestrian,car,pedestrian,car
23,Male,pedestrian,car,2014,pedestrian,car,pedestrian,car,pedestrian,car,pedestrian,car,pedestrian,car
23,Male,pedestrian,car,2015,pedestrian,car,pedestrian,car,pedestrian,car,pedestrian,car,pedestrian,car
24,Male,car,car,2016,car,car,car,car,car,car,car,car,car,car
55,Male,car,car,2014,car,car,car,car,car,car,car,car,car,car
23,Male,pedestrian,car,2014,pedestrian,car,pedestrian,car,pedestrian,car,pedestrian,car,pedestrian,car
65,Female,bus,car,2016,bus,car,bus,car,bus,car,bus,car,bus,car
25,Male,bicycle,car,2012,cycle,car,cycle,car,cycle,car,cycle,car,cycle,car
62,Male,car,car,2016,car,car,car,car,car,car,car,car,car,car
29,Male,NA,bus,2013,car,bus,car,bus,car,bus,pedestrian,bus,pedestrian,bus
42,Male,pedestrian,car,2012,pedestrian,car,pedestrian,car,pedestrian,car,pedestrian,car,pedestrian,car
28,Female,pedestrian,car,2013,pedestrian,car,pedestrian,car,pedestrian,car,pedestrian,car,pedestrian,car
39,Male,motorcycle,car,2015,motorcycle,car,motorcycle,car,motorcycle,car,motorcycle,car,motorcycle,car
43,Female,motorcycle,motorcycle,2012,motorcycle,motorcycle,motorcycle,motorcycle,motorcycle,motorcycle,motorcycle,motorcycle,motorcycle,motorcycle
63,Female,bus,car,2013,bus,car,bus,car,bus,car,bus,car,bus,car
78,Male,car,car,2015,car,car,car,car,car,car,car,car,car,car
65,Male,pedestrian,NA,2015,pedestrian,car,pedestrian,car,pedestrian,car,pedestrian,car,pedestrian,car
44,Male,pedestrian,car,2013,pedestrian,car,pedestrian,car,pedestrian,car,pedestrian,car,pedestrian,car
34,Female,pedestrian,NA,2015,pedestrian,car,pedestrian,car,pedestrian,car,pedestrian,car,pedestrian,car
41,Male,pedestrian,other,2016,pedestrian,other,pedestrian,other,pedestrian,other,pedestrian,other,pedestrian,other
20,Male,car,bus,2014,car,bus,car,bus,car,bus,car,bus,car,bus
19,Male,NA,car,2015,pedestrian,car,pedestrian,car,bus,car,pedestrian,car,pedestrian,car
70,Male,pedestrian,car,2013,pedestrian,car,pedestrian,car,pedestrian,car,pedestrian,car,pedestrian,car
14,Male,car,pedestrian,2014,car,pedestrian,car,pedestrian,car,pedestrian,car,pedestrian,car,pedestrian
12,Male,NA,NA,2014,pedestrian,truck,pedestrian,car,pedestrian,car,motorcycle,car,motorcycle,car
30,Male,car,car,2012,car,car,car,car,car,car,car,car,car,car
37,Female,car,bus,2016,car,bus,car,bus,car,bus,car,bus,car,bus
20,Male,car,car,2012,car,car,car,car,car,car,car,car,car,car
28,Male,bus,car,2015,bus,car,bus,car,bus,car,bus,car,bus,car
33,Female,pedestrian,NA,2016,pedestrian,bus,pedestrian,car,pedestrian,car,pedestrian,bus,pedestrian,car
29,Male,bus,car,2015,bus,car,bus,car,bus,car,bus,car,bus,car
49,Female,pedestrian,NA,2016,pedestrian,car,pedestrian,car,pedestrian,car,pedestrian,car,pedestrian,car
24,Male,car,car,2016,car,car,car,car,car,car,car,car,car,car
18,Female,car,car,2012,car,car,car,car,car,car,car,car,car,car
40,Male,bicycle,NA,2016,cycle,car,cycle,car,cycle,car,cycle,car,cycle,car
30,Male,car,bus,2014,car,bus,car,bus,car,bus,car,bus,car,bus
21,Male,car,car,2014,car,car,car,car,car,car,car,car,car,car
21,Male,car,bus,2015,car,bus,car,bus,car,bus,car,bus,car,bus
45,Female,car,car,2013,car,car,car,car,car,car,car,car,car,car
46,Female,pedestrian,bus,2012,pedestrian,bus,pedestrian,bus,pedestrian,bus,pedestrian,bus,pedestrian,bus
73,Female,car,car,2012,car,car,car,car,car,car,car,car,car,car
22,Male,pedestrian,car,2016,pedestrian,car,pedestrian,car,pedestrian,car,pedestrian,car,pedestrian,car
61,Male,car,car,2012,car,car,car,car,car,car,car,car,car,car
59,Male,car,bus,2012,car,bus,car,bus,car,bus,car,bus,car,bus
24,Male,truck,bus,2015,truck,bus,truck,bus,truck,bus,truck,bus,truck,bus
1,Male,pedestrian,car,2016,pedestrian,car,pedestrian,car,pedestrian,car,pedestrian,car,pedestrian,car
60,Male,car,car,2013,car,car,car,car,car,car,car,car,car,car
13,Male,car,NA,2014,car,car,car,truck,car,pedestrian,car,car,car,car
23,Male,car,NA,2013,car,car,car,car,car,car,car,car,car,car
19,Male,pedestrian,car,2014,pedestrian,car,pedestrian,car,pedestrian,car,pedestrian,car,pedestrian,car
32,Male,motorcycle,bus,2012,motorcycle,bus,motorcycle,bus,motorcycle,bus,motorcycle,bus,motorcycle,bus
32,Male,pedestrian,car,2014,pedestrian,car,pedestrian,car,pedestrian,car,pedestrian,car,pedestrian,car
35,Male,bicycle,car,2014,cycle,car,cycle,car,cycle,car,cycle,car,cycle,car
55,Male,bus,truck,2012,bus,truck,bus,truck,bus,truck,bus,truck,bus,truck
18,Male,pedestrian,car,2012,pedestrian,car,pedestrian,car,pedestrian,car,pedestrian,car,pedestrian,car
65,Male,car,car,2012,car,car,car,car,car,car,car,car,car,car
38,Male,motorcycle,car,2015,motorcycle,car,motorcycle,car,motorcycle,car,motorcycle,car,motorcycle,car
42,Male,pedestrian,car,2012,pedestrian,car,pedestrian,car,pedestrian,car,pedestrian,car,pedestrian,car
17,Male,pedestrian,bus,2013,pedestrian,bus,pedestrian,bus,pedestrian,bus,pedestrian,bus,pedestrian,bus
60,Male,pedestrian,NA,2016,pedestrian,bus,pedestrian,bus,pedestrian,car,pedestrian,car,pedestrian,car
41,Male,pedestrian,car,2015,pedestrian,car,pedestrian,car,pedestrian,car,pedestrian,car,pedestrian,car
27,Male,pedestrian,car,2014,pedestrian,car,pedestrian,car,pedestrian,car,pedestrian,car,pedestrian,car
55,Male,pedestrian,car,2016,pedestrian,car,pedestrian,car,pedestrian,car,pedestrian,car,pedestrian,car
37,Male,motorcycle,bus,2016,motorcycle,bus,motorcycle,bus,motorcycle,bus,motorcycle,bus,motorcycle,bus
43,Female,NA,car,2012,car,car,pedestrian,car,pedestrian,car,car,car,pedestrian,car
5,Male,pedestrian,car,2013,pedestrian,car,pedestrian,car,pedestrian,car,pedestrian,car,pedestrian,car
28,Male,pedestrian,NA,2013,pedestrian,car,pedestrian,motorcycle,pedestrian,car,pedestrian,bus,pedestrian,truck
30,Male,pedestrian,car,2012,pedestrian,car,pedestrian,car,pedestrian,car,pedestrian,car,pedestrian,car
38,Female,motorcycle,car,2016,motorcycle,car,motorcycle,car,motorcycle,car,motorcycle,car,motorcycle,car
2,Male,pedestrian,other,2013,pedestrian,other,pedestrian,other,pedestrian,other,pedestrian,other,pedestrian,other
26,Female,car,NA,2013,car,car,car,car,car,car,car,bus,car,car
41,Male,pedestrian,NA,2014,pedestrian,car,pedestrian,car,pedestrian,bus,pedestrian,car,pedestrian,car
44,Male,car,car,2013,car,car,car,car,car,car,car,car,car,car
35,Male,motorcycle,car,2013,motorcycle,car,motorcycle,car,motorcycle,car,motorcycle,car,motorcycle,car
39,Female,pedestrian,car,2016,pedestrian,car,pedestrian,car,pedestrian,car,pedestrian,car,pedestrian,car
64,Male,car,car,2015,car,car,car,car,car,car,car,car,car,car
46,Female,car,other,2016,car,other,car,other,car,other,car,other,car,other
67,Male,pedestrian,car,2013,pedestrian,car,pedestrian,car,pedestrian,car,pedestrian,car,pedestrian,car
50,Female,pedestrian,car,2014,pedestrian,car,pedestrian,car,pedestrian,car,pedestrian,car,pedestrian,car
49,Male,pedestrian,car,2015,pedestrian,car,pedestrian,car,pedestrian,car,pedestrian,car,pedestrian,car
73,Male,car,car,2015,car,car,car,car,car,car,car,car,car,car
23,Male,car,car,2015,car,car,car,car,car,car,car,car,car,car
25,Male,pedestrian,car,2015,pedestrian,car,pedestrian,car,pedestrian,car,pedestrian,car,pedestrian,car
55,Male,car,car,2015,car,car,car,car,car,car,car,car,car,car
59,Male,bicycle,car,2016,cycle,car,cycle,car,cycle,car,cycle,car,cycle,car
44,Male,pedestrian,car,2012,pedestrian,car,pedestrian,car,pedestrian,car,pedestrian,car,pedestrian,car
4,Female,pedestrian,bus,2013,pedestrian,bus,pedestrian,bus,pedestrian,bus,pedestrian,bus,pedestrian,bus
25,Male,car,bus,2013,car,bus,car,bus,car,bus,car,bus,car,bus
43,Male,pedestrian,car,2013,pedestrian,car,pedestrian,car,pedestrian,car,pedestrian,car,pedestrian,car
39,Female,car,other,2015,car,other,car,other,car,other,car,other,car,other
56,Male,pedestrian,car,2013,pedestrian,car,pedestrian,car,pedestrian,car,pedestrian,car,pedestrian,car
22,Male,pedestrian,bus,2014,pedestrian,bus,pedestrian,bus,pedestrian,bus,pedestrian,bus,pedestrian,bus
61,Female,pedestrian,car,2016,pedestrian,car,pedestrian,car,pedestrian,car,pedestrian,car,pedestrian,car
85,Male,bus,car,2016,bus,car,bus,car,bus,car,bus,car,bus,car
4,Male,car,car,2012,car,car,car,car,car,car,car,car,car,car
48,Male,bus,car,2013,bus,car,bus,car,bus,car,bus,car,bus,car
75,Male,car,bus,2015,car,bus,car,bus,car,bus,car,bus,car,bus
43,Female,car,car,2013,car,car,car,car,car,car,car,car,car,car
42,Male,NA,car,2016,pedestrian,car,car,car,pedestrian,car,pedestrian,car,pedestrian,car
63,Male,motorcycle,NA,2013,motorcycle,truck,motorcycle,pedestrian,motorcycle,pedestrian,motorcycle,bus,motorcycle,truck
6,Male,pedestrian,car,2014,pedestrian,car,pedestrian,car,pedestrian,car,pedestrian,car,pedestrian,car
70,Male,pedestrian,NA,2015,pedestrian,car,pedestrian,car,pedestrian,car,pedestrian,car,pedestrian,car
49,Female,pedestrian,car,2016,pedestrian,car,pedestrian,car,pedestrian,car,pedestrian,car,pedestrian,car
73,Female,car,car,2015,car,car,car,car,car,car,car,car,car,car
24,Male,car,NA,2016,car,car,car,bus,car,bus,car,car,car,car
41,Male,car,NA,2013,car,car,car,car,car,car,car,car,car,car
57,Male,car,car,2015,car,car,car,car,car,car,car,car,car,car
56,Male,pedestrian,car,2012,pedestrian,car,pedestrian,car,pedestrian,car,pedestrian,car,pedestrian,car
33,Female,pedestrian,bus,2016,pedestrian,bus,pedestrian,bus,pedestrian,bus,pedestrian,bus,pedestrian,bus
19,Male,car,car,2013,car,car,car,car,car,car,car,car,car,car
3,Female,car,car,2012,car,car,car,car,car,car,car,car,car,car
3,Male,pedestrian,car,2015,pedestrian,car,pedestrian,car,pedestrian,car,pedestrian,car,pedestrian,car
52,Male,pedestrian,car,2016,pedestrian,car,pedestrian,car,pedestrian,car,pedestrian,car,pedestrian,car
29,Male,bus,car,2015,bus,car,bus,car,bus,car,bus,car,bus,car
44,Male,motorcycle,car,2012,motorcycle,car,motorcycle,car,motorcycle,car,motorcycle,car,motorcycle,car
47,Female,car,bus,2015,car,bus,car,bus,car,bus,car,bus,car,bus
17,Male,pedestrian,bus,2015,pedestrian,bus,pedestrian,bus,pedestrian,bus,pedestrian,bus,pedestrian,bus
37,Male,pedestrian,bus,2015,pedestrian,bus,pedestrian,bus,pedestrian,bus,pedestrian,bus,pedestrian,bus
32,Male,car,car,2015,car,car,car,car,car,car,car,car,car,car
23,Female,pedestrian,bus,2014,pedestrian,bus,pedestrian,bus,pedestrian,bus,pedestrian,bus,pedestrian,bus
21,Female,car,bus,2016,car,bus,car,bus,car,bus,car,bus,car,bus
34,Male,car,bus,2013,car,bus,car,bus,car,bus,car,bus,car,bus
37,Male,pedestrian,car,2013,pedestrian,car,pedestrian,car,pedestrian,car,pedestrian,car,pedestrian,car
81,Female,bus,bus,2015,bus,bus,bus,bus,bus,bus,bus,bus,bus,bus
4,Male,pedestrian,car,2015,pedestrian,car,pedestrian,car,pedestrian,car,pedestrian,car,pedestrian,car
59,Male,car,car,2015,car,car,car,car,car,car,car,car,car,car
21,Female,car,car,2013,car,car,car,car,car,car,car,car,car,car
22,Male,pedestrian,car,2016,pedestrian,car,pedestrian,car,pedestrian,car,pedestrian,car,pedestrian,car
47,Male,car,car,2016,car,car,car,car,car,car,car,car,car,car
1,Male,pedestrian,car,2015,pedestrian,car,pedestrian,car,pedestrian,car,pedestrian,car,pedestrian,car
66,Male,car,car,2013,car,car,car,car,car,car,car,car,car,car
34,Male,car,car,2012,car,car,car,car,car,car,car,car,car,car
38,Male,bus,car,2016,bus,car,bus,car,bus,car,bus,car,bus,car
8,Female,NA,car,2013,car,car,car,car,pedestrian,car,pedestrian,car,car,car
38,Male,pedestrian,car,2014,pedestrian,car,pedestrian,car,pedestrian,car,pedestrian,car,pedestrian,car
30,Male,pedestrian,car,2012,pedestrian,car,pedestrian,car,pedestrian,car,pedestrian,car,pedestrian,car
34,Male,pedestrian,truck,2013,pedestrian,truck,pedestrian,truck,pedestrian,truck,pedestrian,truck,pedestrian,truck
53,Male,pedestrian,car,2013,pedestrian,car,pedestrian,car,pedestrian,car,pedestrian,car,pedestrian,car
27,Male,pedestrian,car,2012,pedestrian,car,pedestrian,car,pedestrian,car,pedestrian,car,pedestrian,car
33,Male,motorcycle,motorcycle,2013,motorcycle,motorcycle,motorcycle,motorcycle,motorcycle,motorcycle,motorcycle,motorcycle,motorcycle,motorcycle
31,Female,pedestrian,car,2014,pedestrian,car,pedestrian,car,pedestrian,car,pedestrian,car,pedestrian,car
31,Male,car,car,2012,car,car,car,car,car,car,car,car,car,car
27,Male,car,bus,2013,car,bus,car,bus,car,bus,car,bus,car,bus
24,Male,pedestrian,truck,2015,pedestrian,truck,pedestrian,truck,pedestrian,truck,pedestrian,truck,pedestrian,truck
55,Female,car,car,2014,car,car,car,car,car,car,car,car,car,car
24,Female,car,bus,2013,car,bus,car,bus,car,bus,car,bus,car,bus
30,Male,car,car,2012,car,car,car,car,car,car,car,car,car,car
30,Male,car,car,2012,car,car,car,car,car,car,car,car,car,car
58,Male,car,car,2012,car,car,car,car,car,car,car,car,car,car
8,Female,pedestrian,car,2015,pedestrian,car,pedestrian,car,pedestrian,car,pedestrian,car,pedestrian,car
11,Male,pedestrian,car,2016,pedestrian,car,pedestrian,car,pedestrian,car,pedestrian,car,pedestrian,car
25,Female,truck,bus,2014,truck,bus,truck,bus,truck,bus,truck,bus,truck,bus
48,Male,bicycle,car,2016,cycle,car,cycle,car,cycle,car,cycle,car,cycle,car
41,Male,car,car,2013,car,car,car,car,car,car,car,car,car,car
15,Male,pedestrian,car,2012,pedestrian,car,pedestrian,car,pedestrian,car,pedestrian,car,pedestrian,car
32,Female,pedestrian,car,2015,pedestrian,car,pedestrian,car,pedestrian,car,pedestrian,car,pedestrian,car
42,Female,car,car,2015,car,car,car,car,car,car,car,car,car,car
23,Male,car,car,2015,car,car,car,car,car,car,car,car,car,car
29,Male,car,car,2016,car,car,car,car,car,car,car,car,car,car
41,Male,bus,car,2016,bus,car,bus,car,bus,car,bus,car,bus,car
12,Male,pedestrian,NA,2016,pedestrian,bus,pedestrian,car,pedestrian,car,pedestrian,truck,pedestrian,car
28,Male,motorcycle,truck,2014,motorcycle,truck,motorcycle,truck,motorcycle,truck,motorcycle,truck,motorcycle,truck
29,Male,motorcycle,car,2015,motorcycle,car,motorcycle,car,motorcycle,car,motorcycle,car,motorcycle,car
14,Male,car,car,2012,car,car,car,car,car,car,car,car,car,car
20,Female,pedestrian,car,2014,pedestrian,car,pedestrian,car,pedestrian,car,pedestrian,car,pedestrian,car
52,Female,NA,car,2012,pedestrian,car,pedestrian,car,pedestrian,car,pedestrian,car,car,car
21,Male,car,car,2015,car,car,car,car,car,car,car,car,car,car
44,Male,motorcycle,bus,2014,motorcycle,bus,motorcycle,bus,motorcycle,bus,motorcycle,bus,motorcycle,bus
35,Male,pedestrian,car,2015,pedestrian,car,pedestrian,car,pedestrian,car,pedestrian,car,pedestrian,car
27,Male,pedestrian,car,2012,pedestrian,car,pedestrian,car,pedestrian,car,pedestrian,car,pedestrian,car
76,Female,car,car,2012,car,car,car,car,car,car,car,car,car,car
67,Male,pedestrian,car,2016,pedestrian,car,pedestrian,car,pedestrian,car,pedestrian,car,pedestrian,car
29,Male,motorcycle,bus,2013,motorcycle,bus,motorcycle,bus,motorcycle,bus,motorcycle,bus,motorcycle,bus
20,Male,NA,NA,2016,pedestrian,car,motorcycle,car,pedestrian,car,pedestrian,car,pedestrian,car
62,Male,car,NA,2016,car,bus,car,car,car,truck,car,car,car,car
30,Male,car,car,2012,car,car,car,car,car,car,car,car,car,car
24,Male,pedestrian,NA,2016,pedestrian,car,pedestrian,bus,pedestrian,car,pedestrian,car,pedestrian,car
67,Male,car,NA,2015,car,car,car,bus,car,bus,car,bus,car,car
29,Male,car,car,2012,car,car,car,car,car,car,car,car,car,car
69,Female,pedestrian,car,2012,pedestrian,car,pedestrian,car,pedestrian,car,pedestrian,car,pedestrian,car
14,Male,pedestrian,car,2016,pedestrian,car,pedestrian,car,pedestrian,car,pedestrian,car,pedestrian,car
51,Male,bus,car,2013,bus,car,bus,car,bus,car,bus,car,bus,car
26,Male,bicycle,bus,2015,cycle,bus,cycle,bus,cycle,bus,cycle,bus,cycle,bus
20,Male,bus,car,2014,bus,car,bus,car,bus,car,bus,car,bus,car
35,Male,pedestrian,car,2012,pedestrian,car,pedestrian,car,pedestrian,car,pedestrian,car,pedestrian,car
2,Female,pedestrian,car,2015,pedestrian,car,pedestrian,car,pedestrian,car,pedestrian,car,pedestrian,car
48,Male,motorcycle,bus,2013,motorcycle,bus,motorcycle,bus,motorcycle,bus,motorcycle,bus,motorcycle,bus
26,Male,motorcycle,bus,2016,motorcycle,bus,motorcycle,bus,motorcycle,bus,motorcycle,bus,motorcycle,bus
68,Male,car,car,2014,car,car,car,car,car,car,car,car,car,car
25,Female,car,bus,2014,car,bus,car,bus,car,bus,car,bus,car,bus
60,Male,pedestrian,car,2016,pedestrian,car,pedestrian,car,pedestrian,car,pedestrian,car,pedestrian,car
9,Female,pedestrian,car,2016,pedestrian,car,pedestrian,car,pedestrian,car,pedestrian,car,pedestrian,car
24,Male,motorcycle,motorcycle,2013,motorcycle,motorcycle,motorcycle,motorcycle,motorcycle,motorcycle,motorcycle,motorcycle,motorcycle,motorcycle
56,Male,pedestrian,car,2012,pedestrian,car,pedestrian,car,pedestrian,car,pedestrian,car,pedestrian,car
45,Female,car,car,2016,car,car,car,car,car,car,car,car,car,car
28,Male,pedestrian,NA,2014,pedestrian,car,pedestrian,car,pedestrian,car,pedestrian,car,pedestrian,car
16,Male,motorcycle,NA,2016,motorcycle,bus,motorcycle,bus,motorcycle,pedestrian,motorcycle,car,motorcycle,car
33,Male,bus,car,2015,bus,car,bus,car,bus,car,bus,car,bus,car
23,Male,car,truck,2013,car,truck,car,truck,car,truck,car,truck,car,truck
1,Male,pedestrian,car,2015,pedestrian,car,pedestrian,car,pedestrian,car,pedestrian,car,pedestrian,car
31,Male,car,car,2012,car,car,car,car,car,car,car,car,car,car
33,Male,bus,NA,2014,bus,car,bus,bus,bus,bus,bus,car,bus,pedestrian
34,Male,car,car,2014,car,car,car,car,car,car,car,car,car,car
29,Male,bicycle,NA,2013,cycle,car,cycle,car,cycle,car,cycle,car,cycle,car
35,Male,pedestrian,NA,2013,pedestrian,car,pedestrian,car,pedestrian,car,pedestrian,car,pedestrian,bus
46,Female,pedestrian,other,2012,pedestrian,other,pedestrian,other,pedestrian,other,pedestrian,other,pedestrian,other
11,Male,pedestrian,NA,2013,pedestrian,car,pedestrian,bus,pedestrian,car,pedestrian,car,pedestrian,car
39,Male,pedestrian,car,2014,pedestrian,car,pedestrian,car,pedestrian,car,pedestrian,car,pedestrian,car
40,Male,car,car,2014,car,car,car,car,car,car,car,car,car,car
36,Female,car,bus,2014,car,bus,car,bus,car,bus,car,bus,car,bus
33,Male,car,car,2014,car,car,car,car,car,car,car,car,car,car
27,Male,car,NA,2013,car,car,car,car,car,car,car,car,car,car
23,Female,pedestrian,other,2014,pedestrian,other,pedestrian,other,pedestrian,other,pedestrian,other,pedestrian,other
39,Male,car,car,2016,car,car,car,car,car,car,car,car,car,car
42,Male,NA,pedestrian,2014,car,pedestrian,bus,pedestrian,car,pedestrian,motorcycle,pedestrian,car,pedestrian
43,Male,pedestrian,car,2013,pedestrian,car,pedestrian,car,pedestrian,car,pedestrian,car,pedestrian,car
65,Male,pedestrian,car,2015,pedestrian,car,pedestrian,car,pedestrian,car,pedestrian,car,pedestrian,car
14,Male,pedestrian,NA,2015,pedestrian,car,pedestrian,car,pedestrian,bus,pedestrian,bus,pedestrian,car
19,Male,motorcycle,bus,2013,motorcycle,bus,motorcycle,bus,motorcycle,bus,motorcycle,bus,motorcycle,bus
50,Male,car,bus,2016,car,bus,car,bus,car,bus,car,bus,car,bus
34,Male,car,car,2015,car,car,car,car,car,car,car,car,car,car
16,Female,car,car,2013,car,car,car,car,car,car,car,car,car,car
6,Male,car,car,2016,car,car,car,car,car,car,car,car,car,car
28,Male,car,car,2013,car,car,car,car,car,car,car,car,car,car
23,Male,motorcycle,car,2013,motorcycle,car,motorcycle,car,motorcycle,car,motorcycle,car,motorcycle,car
28,Female,car,car,2016,car,car,car,car,car,car,car,car,car,car
27,Male,pedestrian,car,2015,pedestrian,car,pedestrian,car,pedestrian,car,pedestrian,car,pedestrian,car
13,Male,pedestrian,car,2012,pedestrian,car,pedestrian,car,pedestrian,car,pedestrian,car,pedestrian,car
72,Female,pedestrian,car,2012,pedestrian,car,pedestrian,car,pedestrian,car,pedestrian,car,pedestrian,car
28,Male,pedestrian,car,2014,pedestrian,car,pedestrian,car,pedestrian,car,pedestrian,car,pedestrian,car
30,Male,pedestrian,car,2012,pedestrian,car,pedestrian,car,pedestrian,car,pedestrian,car,pedestrian,car
40,Male,pedestrian,car,2015,pedestrian,car,pedestrian,car,pedestrian,car,pedestrian,car,pedestrian,car
1,Male,pedestrian,bus,2014,pedestrian,bus,pedestrian,bus,pedestrian,bus,pedestrian,bus,pedestrian,bus
34,Male,car,bus,2015,car,bus,car,bus,car,bus,car,bus,car,bus
37,Female,pedestrian,car,2015,pedestrian,car,pedestrian,car,pedestrian,car,pedestrian,car,pedestrian,car
18,Male,car,car,2012,car,car,car,car,car,car,car,car,car,car
33,Male,pedestrian,car,2012,pedestrian,car,pedestrian,car,pedestrian,car,pedestrian,car,pedestrian,car
20,Male,car,car,2012,car,car,car,car,car,car,car,car,car,car
31,Male,pedestrian,bus,2013,pedestrian,bus,pedestrian,bus,pedestrian,bus,pedestrian,bus,pedestrian,bus
42,Male,car,car,2012,car,car,car,car,car,car,car,car,car,car
34,Male,car,car,2016,car,car,car,car,car,car,car,car,car,car
52,Male,pedestrian,truck,2013,pedestrian,truck,pedestrian,truck,pedestrian,truck,pedestrian,truck,pedestrian,truck
41,Female,pedestrian,car,2013,pedestrian,car,pedestrian,car,pedestrian,car,pedestrian,car,pedestrian,car
24,Male,pedestrian,car,2016,pedestrian,car,pedestrian,car,pedestrian,car,pedestrian,car,pedestrian,car
52,Male,pedestrian,car,2013,pedestrian,car,pedestrian,car,pedestrian,car,pedestrian,car,pedestrian,car
32,Male,car,car,2013,car,car,car,car,car,car,car,car,car,car
32,Male,pedestrian,car,2014,pedestrian,car,pedestrian,car,pedestrian,car,pedestrian,car,pedestrian,car
54,Male,motorcycle,NA,2015,motorcycle,car,motorcycle,car,motorcycle,other,motorcycle,car,motorcycle,car
41,Male,pedestrian,car,2013,pedestrian,car,pedestrian,car,pedestrian,car,pedestrian,car,pedestrian,car
24,Male,motorcycle,car,2016,motorcycle,car,motorcycle,car,motorcycle,car,motorcycle,car,motorcycle,car
14,Female,pedestrian,car,2013,pedestrian,car,pedestrian,car,pedestrian,car,pedestrian,car,pedestrian,car
37,Male,car,bus,2014,car,bus,car,bus,car,bus,car,bus,car,bus
42,Male,pedestrian,car,2015,pedestrian,car,pedestrian,car,pedestrian,car,pedestrian,car,pedestrian,car
34,Male,car,car,2016,car,car,car,car,car,car,car,car,car,car
41,Female,pedestrian,bus,2013,pedestrian,bus,pedestrian,bus,pedestrian,bus,pedestrian,bus,pedestrian,bus
51,Female,car,car,2014,car,car,car,car,car,car,car,car,car,car
14,Female,pedestrian,car,2016,pedestrian,car,pedestrian,car,pedestrian,car,pedestrian,car,pedestrian,car
23,Male,pedestrian,car,2012,pedestrian,car,pedestrian,car,pedestrian,car,pedestrian,car,pedestrian,car
19,Male,motorcycle,motorcycle,2016,motorcycle,motorcycle,motorcycle,motorcycle,motorcycle,motorcycle,motorcycle,motorcycle,motorcycle,motorcycle
27,Male,car,bus,2012,car,bus,car,bus,car,bus,car,bus,car,bus
57,Male,pedestrian,car,2013,pedestrian,car,pedestrian,car,pedestrian,car,pedestrian,car,pedestrian,car
6,Male,pedestrian,car,2014,pedestrian,car,pedestrian,car,pedestrian,car,pedestrian,car,pedestrian,car
36,Female,car,car,2015,car,car,car,car,car,car,car,car,car,car
80,Male,car,other,2016,car,other,car,other,car,other,car,other,car,other
30,Male,pedestrian,car,2015,pedestrian,car,pedestrian,car,pedestrian,car,pedestrian,car,pedestrian,car
1,Female,car,car,2015,car,car,car,car,car,car,car,car,car,car
34,Male,car,bus,2015,car,bus,car,bus,car,bus,car,bus,car,bus
6,Male,pedestrian,bus,2014,pedestrian,bus,pedestrian,bus,pedestrian,bus,pedestrian,bus,pedestrian,bus
22,Male,car,car,2012,car,car,car,car,car,car,car,car,car,car
28,Male,car,car,2013,car,car,car,car,car,car,car,car,car,car
25,Male,pedestrian,car,2013,pedestrian,car,pedestrian,car,pedestrian,car,pedestrian,car,pedestrian,car
41,Male,other,car,2014,other,car,other,car,other,car,other,car,other,car
1,Female,pedestrian,car,2014,pedestrian,car,pedestrian,car,pedestrian,car,pedestrian,car,pedestrian,car
26,Male,car,car,2014,car,car,car,car,car,car,car,car,car,car
2,Female,pedestrian,car,2013,pedestrian,car,pedestrian,car,pedestrian,car,pedestrian,car,pedestrian,car
28,Male,pedestrian,car,2016,pedestrian,car,pedestrian,car,pedestrian,car,pedestrian,car,pedestrian,car
35,Male,bicycle,car,2013,cycle,car,cycle,car,cycle,car,cycle,car,cycle,car
25,Male,car,car,2016,car,car,car,car,car,car,car,car,car,car
47,Male,car,bus,2012,car,bus,car,bus,car,bus,car,bus,car,bus
6,Male,pedestrian,car,2016,pedestrian,car,pedestrian,car,pedestrian,car,pedestrian,car,pedestrian,car
29,Male,car,other,2016,car,other,car,other,car,other,car,other,car,other
28,Male,pedestrian,bus,2013,pedestrian,bus,pedestrian,bus,pedestrian,bus,pedestrian,bus,pedestrian,bus
30,Male,pedestrian,car,2013,pedestrian,car,pedestrian,car,pedestrian,car,pedestrian,car,pedestrian,car
3,Male,pedestrian,car,2015,pedestrian,car,pedestrian,car,pedestrian,car,pedestrian,car,pedestrian,car
38,Male,car,car,2012,car,car,car,car,car,car,car,car,car,car
32,Male,car,car,2015,car,car,car,car,car,car,car,car,car,car
54,Male,pedestrian,car,2012,pedestrian,car,pedestrian,car,pedestrian,car,pedestrian,car,pedestrian,car
5,Male,pedestrian,car,2012,pedestrian,car,pedestrian,car,pedestrian,car,pedestrian,car,pedestrian,car
24,Female,pedestrian,car,2012,pedestrian,car,pedestrian,car,pedestrian,car,pedestrian,car,pedestrian,car
3,Female,car,bus,2012,car,bus,car,bus,car,bus,car,bus,car,bus
38,Male,pedestrian,bus,2015,pedestrian,bus,pedestrian,bus,pedestrian,bus,pedestrian,bus,pedestrian,bus
37,Male,bicycle,car,2015,cycle,car,cycle,car,cycle,car,cycle,car,cycle,car
70,Male,motorcycle,car,2013,motorcycle,car,motorcycle,car,motorcycle,car,motorcycle,car,motorcycle,car
28,Male,car,car,2013,car,car,car,car,car,car,car,car,car,car
43,Male,car,other,2012,car,other,car,other,car,other,car,other,car,other
45,Male,pedestrian,car,2016,pedestrian,car,pedestrian,car,pedestrian,car,pedestrian,car,pedestrian,car
37,Female,car,bus,2012,car,bus,car,bus,car,bus,car,bus,car,bus
22,Male,bus,bus,2015,bus,bus,bus,bus,bus,bus,bus,bus,bus,bus
50,Female,pedestrian,car,2012,pedestrian,car,pedestrian,car,pedestrian,car,pedestrian,car,pedestrian,car
28,Male,car,bus,2013,car,bus,car,bus,car,bus,car,bus,car,bus
20,Female,car,car,2016,car,car,car,car,car,car,car,car,car,car
41,Male,car,car,2015,car,car,car,car,car,car,car,car,car,car
30,Male,pedestrian,car,2014,pedestrian,car,pedestrian,car,pedestrian,car,pedestrian,car,pedestrian,car
37,Male,car,truck,2012,car,truck,car,truck,car,truck,car,truck,car,truck
3,Male,NA,NA,2012,pedestrian,bus,pedestrian,car,pedestrian,car,pedestrian,bus,motorcycle,car
29,Male,car,car,2014,car,car,car,car,car,car,car,car,car,car
64,Male,pedestrian,car,2012,pedestrian,car,pedestrian,car,pedestrian,car,pedestrian,car,pedestrian,car
76,Female,car,car,2015,car,car,car,car,car,car,car,car,car,car
28,Male,car,car,2014,car,car,car,car,car,car,car,car,car,car
37,Male,pedestrian,car,2012,pedestrian,car,pedestrian,car,pedestrian,car,pedestrian,car,pedestrian,car
49,Male,pedestrian,car,2013,pedestrian,car,pedestrian,car,pedestrian,car,pedestrian,car,pedestrian,car
38,Female,car,car,2012,car,car,car,car,car,car,car,car,car,car
32,Male,motorcycle,car,2016,motorcycle,car,motorcycle,car,motorcycle,car,motorcycle,car,motorcycle,car
72,Male,pedestrian,bus,2013,pedestrian,bus,pedestrian,bus,pedestrian,bus,pedestrian,bus,pedestrian,bus
33,Male,pedestrian,car,2013,pedestrian,car,pedestrian,car,pedestrian,car,pedestrian,car,pedestrian,car
33,Female,car,car,2012,car,car,car,car,car,car,car,car,car,car
43,Male,pedestrian,car,2015,pedestrian,car,pedestrian,car,pedestrian,car,pedestrian,car,pedestrian,car
60,Male,car,car,2014,car,car,car,car,car,car,car,car,car,car
43,Male,car,car,2013,car,car,car,car,car,car,car,car,car,car
39,Male,bus,car,2013,bus,car,bus,car,bus,car,bus,car,bus,car
31,Male,car,car,2015,car,car,car,car,car,car,car,car,car,car
38,Male,car,car,2015,car,car,car,car,car,car,car,car,car,car
41,Male,pedestrian,bus,2012,pedestrian,bus,pedestrian,bus,pedestrian,bus,pedestrian,bus,pedestrian,bus
62,Male,pedestrian,car,2014,pedestrian,car,pedestrian,car,pedestrian,car,pedestrian,car,pedestrian,car
23,Male,car,car,2013,car,car,car,car,car,car,car,car,car,car
84,Male,pedestrian,car,2013,pedestrian,car,pedestrian,car,pedestrian,car,pedestrian,car,pedestrian,car
64,Male,car,bus,2014,car,bus,car,bus,car,bus,car,bus,car,bus
35,Female,pedestrian,car,2012,pedestrian,car,pedestrian,car,pedestrian,car,pedestrian,car,pedestrian,car
35,Male,car,bus,2015,car,bus,car,bus,car,bus,car,bus,car,bus
35,Male,pedestrian,car,2012,pedestrian,car,pedestrian,car,pedestrian,car,pedestrian,car,pedestrian,car
38,Male,pedestrian,car,2014,pedestrian,car,pedestrian,car,pedestrian,car,pedestrian,car,pedestrian,car
83,Male,pedestrian,car,2012,pedestrian,car,pedestrian,car,pedestrian,car,pedestrian,car,pedestrian,car
22,Male,motorcycle,car,2012,motorcycle,car,motorcycle,car,motorcycle,car,motorcycle,car,motorcycle,car
23,Female,car,car,2016,car,car,car,car,car,car,car,car,car,car
64,Female,car,car,2015,car,car,car,car,car,car,car,car,car,car
41,Female,car,car,2013,car,car,car,car,car,car,car,car,car,car
56,Male,pedestrian,car,2012,pedestrian,car,pedestrian,car,pedestrian,car,pedestrian,car,pedestrian,car
39,Male,pedestrian,NA,2015,pedestrian,car,pedestrian,truck,pedestrian,car,pedestrian,car,pedestrian,car
46,Male,motorcycle,car,2012,motorcycle,car,motorcycle,car,motorcycle,car,motorcycle,car,motorcycle,car
33,Male,car,car,2012,car,car,car,car,car,car,car,car,car,car
13,Female,car,car,2015,car,car,car,car,car,car,car,car,car,car
64,Male,pedestrian,car,2016,pedestrian,car,pedestrian,car,pedestrian,car,pedestrian,car,pedestrian,car
14,Male,pedestrian,car,2016,pedestrian,car,pedestrian,car,pedestrian,car,pedestrian,car,pedestrian,car
18,Male,car,car,2015,car,car,car,car,car,car,car,car,car,car
20,Male,pedestrian,car,2012,pedestrian,car,pedestrian,car,pedestrian,car,pedestrian,car,pedestrian,car
50,Male,pedestrian,truck,2012,pedestrian,truck,pedestrian,truck,pedestrian,truck,pedestrian,truck,pedestrian,truck
9,Male,pedestrian,car,2015,pedestrian,car,pedestrian,car,pedestrian,car,pedestrian,car,pedestrian,car
37,Female,pedestrian,car,2014,pedestrian,car,pedestrian,car,pedestrian,car,pedestrian,car,pedestrian,car
23,Female,car,car,2012,car,car,car,car,car,car,car,car,car,car
60,Male,pedestrian,car,2014,pedestrian,car,pedestrian,car,pedestrian,car,pedestrian,car,pedestrian,car
5,Female,pedestrian,car,2013,pedestrian,car,pedestrian,car,pedestrian,car,pedestrian,car,pedestrian,car
30,Male,pedestrian,car,2015,pedestrian,car,pedestrian,car,pedestrian,car,pedestrian,car,pedestrian,car
27,Male,pedestrian,car,2015,pedestrian,car,pedestrian,car,pedestrian,car,pedestrian,car,pedestrian,car
4,Male,pedestrian,car,2013,pedestrian,car,pedestrian,car,pedestrian,car,pedestrian,car,pedestrian,car
25,Male,pedestrian,car,2014,pedestrian,car,pedestrian,car,pedestrian,car,pedestrian,car,pedestrian,car
62,Male,car,bus,2015,car,bus,car,bus,car,bus,car,bus,car,bus
22,Male,pedestrian,bus,2015,pedestrian,bus,pedestrian,bus,pedestrian,bus,pedestrian,bus,pedestrian,bus
28,Male,pedestrian,car,2015,pedestrian,car,pedestrian,car,pedestrian,car,pedestrian,car,pedestrian,car
46,Male,bus,NA,2015,bus,car,bus,car,bus,car,bus,car,bus,car
27,Male,pedestrian,bus,2014,pedestrian,bus,pedestrian,bus,pedestrian,bus,pedestrian,bus,pedestrian,bus
22,Female,car,bus,2014,car,bus,car,bus,car,bus,car,bus,car,bus
29,Male,pedestrian,car,2014,pedestrian,car,pedestrian,car,pedestrian,car,pedestrian,car,pedestrian,car
31,Male,car,car,2014,car,car,car,car,car,car,car,car,car,car
48,Male,pedestrian,car,2012,pedestrian,car,pedestrian,car,pedestrian,car,pedestrian,car,pedestrian,car
41,Male,pedestrian,car,2014,pedestrian,car,pedestrian,car,pedestrian,car,pedestrian,car,pedestrian,car
49,Female,bus,truck,2013,bus,truck,bus,truck,bus,truck,bus,truck,bus,truck
47,Male,car,car,2016,car,car,car,car,car,car,car,car,car,car
57,Male,car,car,2014,car,car,car,car,car,car,car,car,car,car
20,Male,pedestrian,car,2012,pedestrian,car,pedestrian,car,pedestrian,car,pedestrian,car,pedestrian,car
83,Female,car,car,2016,car,car,car,car,car,car,car,car,car,car
76,Male,car,car,2012,car,car,car,car,car,car,car,car,car,car
51,Male,pedestrian,car,2013,pedestrian,car,pedestrian,car,pedestrian,car,pedestrian,car,pedestrian,car
74,Male,car,pedestrian,2014,car,pedestrian,car,pedestrian,car,pedestrian,car,pedestrian,car,pedestrian
25,Male,car,car,2016,car,car,car,car,car,car,car,car,car,car
26,Male,car,car,2013,car,car,car,car,car,car,car,car,car,car
69,Female,bus,car,2014,bus,car,bus,car,bus,car,bus,car,bus,car
1,Male,pedestrian,other,2013,pedestrian,other,pedestrian,other,pedestrian,other,pedestrian,other,pedestrian,other
1,Male,pedestrian,car,2015,pedestrian,car,pedestrian,car,pedestrian,car,pedestrian,car,pedestrian,car
65,Male,pedestrian,car,2012,pedestrian,car,pedestrian,car,pedestrian,car,pedestrian,car,pedestrian,car
55,Male,car,car,2012,car,car,car,car,car,car,car,car,car,car
26,Male,car,car,2012,car,car,car,car,car,car,car,car,car,car
10,Female,car,car,2013,car,car,car,car,car,car,car,car,car,car
4,Male,pedestrian,car,2012,pedestrian,car,pedestrian,car,pedestrian,car,pedestrian,car,pedestrian,car
63,Male,bus,car,2013,bus,car,bus,car,bus,car,bus,car,bus,car
23,Male,car,car,2012,car,car,car,car,car,car,car,car,car,car
29,Male,motorcycle,bus,2016,motorcycle,bus,motorcycle,bus,motorcycle,bus,motorcycle,bus,motorcycle,bus
35,Male,car,car,2016,car,car,car,car,car,car,car,car,car,car
21,Male,car,bus,2014,car,bus,car,bus,car,bus,car,bus,car,bus
23,Male,pedestrian,car,2014,pedestrian,car,pedestrian,car,pedestrian,car,pedestrian,car,pedestrian,car
23,Male,car,truck,2015,car,truck,car,truck,car,truck,car,truck,car,truck
30,Female,bicycle,truck,2012,cycle,truck,cycle,truck,cycle,truck,cycle,truck,cycle,truck
64,Female,car,car,2012,car,car,car,car,car,car,car,car,car,car
15,Male,pedestrian,bus,2013,pedestrian,bus,pedestrian,bus,pedestrian,bus,pedestrian,bus,pedestrian,bus
24,Male,NA,car,2012,pedestrian,car,car,car,pedestrian,car,pedestrian,car,pedestrian,car
26,Male,pedestrian,car,2013,pedestrian,car,pedestrian,car,pedestrian,car,pedestrian,car,pedestrian,car
49,Male,motorcycle,car,2012,motorcycle,car,motorcycle,car,motorcycle,car,motorcycle,car,motorcycle,car
55,Male,car,car,2013,car,car,car,car,car,car,car,car,car,car
29,Male,car,car,2012,car,car,car,car,car,car,car,car,car,car
18,Male,pedestrian,car,2012,pedestrian,car,pedestrian,car,pedestrian,car,pedestrian,car,pedestrian,car
25,Male,car,other,2015,car,other,car,other,car,other,car,other,car,other
37,Male,motorcycle,car,2016,motorcycle,car,motorcycle,car,motorcycle,car,motorcycle,car,motorcycle,car
56,Male,pedestrian,car,2013,pedestrian,car,pedestrian,car,pedestrian,car,pedestrian,car,pedestrian,car
7,Female,pedestrian,car,2015,pedestrian,car,pedestrian,car,pedestrian,car,pedestrian,car,pedestrian,car
28,Male,pedestrian,car,2016,pedestrian,car,pedestrian,car,pedestrian,car,pedestrian,car,pedestrian,car
53,Male,pedestrian,car,2013,pedestrian,car,pedestrian,car,pedestrian,car,pedestrian,car,pedestrian,car
51,Male,pedestrian,car,2015,pedestrian,car,pedestrian,car,pedestrian,car,pedestrian,car,pedestrian,car
36,Male,car,car,2016,car,car,car,car,car,car,car,car,car,car
26,Male,motorcycle,bus,2013,motorcycle,bus,motorcycle,bus,motorcycle,bus,motorcycle,bus,motorcycle,bus
7,Male,pedestrian,car,2016,pedestrian,car,pedestrian,car,pedestrian,car,pedestrian,car,pedestrian,car
45,Male,pedestrian,car,2014,pedestrian,car,pedestrian,car,pedestrian,car,pedestrian,car,pedestrian,car
42,Male,car,truck,2014,car,truck,car,truck,car,truck,car,truck,car,truck
63,Male,car,car,2016,car,car,car,car,car,car,car,car,car,car
23,Male,motorcycle,NA,2013,motorcycle,car,motorcycle,car,motorcycle,car,motorcycle,car,motorcycle,car
37,Male,car,car,2016,car,car,car,car,car,car,car,car,car,car
36,Male,motorcycle,car,2013,motorcycle,car,motorcycle,car,motorcycle,car,motorcycle,car,motorcycle,car
46,Male,bicycle,NA,2014,cycle,car,cycle,car,cycle,car,cycle,car,cycle,car
34,Female,car,truck,2013,car,truck,car,truck,car,truck,car,truck,car,truck
56,Male,pedestrian,car,2016,pedestrian,car,pedestrian,car,pedestrian,car,pedestrian,car,pedestrian,car
33,Male,car,NA,2015,car,car,car,car,car,car,car,bus,car,car
15,Female,pedestrian,car,2016,pedestrian,car,pedestrian,car,pedestrian,car,pedestrian,car,pedestrian,car
47,Male,car,car,2012,car,car,car,car,car,car,car,car,car,car
28,Male,car,car,2012,car,car,car,car,car,car,car,car,car,car
34,Male,pedestrian,car,2014,pedestrian,car,pedestrian,car,pedestrian,car,pedestrian,car,pedestrian,car
55,Female,car,car,2015,car,car,car,car,car,car,car,car,car,car
66,Female,car,car,2013,car,car,car,car,car,car,car,car,car,car
25,Female,car,car,2013,car,car,car,car,car,car,car,car,car,car
36,Male,pedestrian,car,2012,pedestrian,car,pedestrian,car,pedestrian,car,pedestrian,car,pedestrian,car
9,Female,pedestrian,car,2014,pedestrian,car,pedestrian,car,pedestrian,car,pedestrian,car,pedestrian,car
19,Male,pedestrian,car,2014,pedestrian,car,pedestrian,car,pedestrian,car,pedestrian,car,pedestrian,car
42,Male,car,car,2014,car,car,car,car,car,car,car,car,car,car
26,Male,pedestrian,car,2014,pedestrian,car,pedestrian,car,pedestrian,car,pedestrian,car,pedestrian,car
46,Male,motorcycle,car,2013,motorcycle,car,motorcycle,car,motorcycle,car,motorcycle,car,motorcycle,car
6,Male,pedestrian,car,2012,pedestrian,car,pedestrian,car,pedestrian,car,pedestrian,car,pedestrian,car
18,Male,pedestrian,car,2016,pedestrian,car,pedestrian,car,pedestrian,car,pedestrian,car,pedestrian,car
46,Male,car,car,2012,car,car,car,car,car,car,car,car,car,car
70,Male,pedestrian,car,2014,pedestrian,car,pedestrian,car,pedestrian,car,pedestrian,car,pedestrian,car
77,Female,pedestrian,car,2015,pedestrian,car,pedestrian,car,pedestrian,car,pedestrian,car,pedestrian,car
42,Male,pedestrian,car,2014,pedestrian,car,pedestrian,car,pedestrian,car,pedestrian,car,pedestrian,car
44,Male,pedestrian,motorcycle,2014,pedestrian,motorcycle,pedestrian,motorcycle,pedestrian,motorcycle,pedestrian,motorcycle,pedestrian,motorcycle
41,Male,pedestrian,NA,2016,pedestrian,car,pedestrian,car,pedestrian,car,pedestrian,car,pedestrian,car
39,Male,car,car,2012,car,car,car,car,car,car,car,car,car,car
23,Male,car,car,2014,car,car,car,car,car,car,car,car,car,car
26,Male,car,car,2012,car,car,car,car,car,car,car,car,car,car
49,Male,pedestrian,car,2015,pedestrian,car,pedestrian,car,pedestrian,car,pedestrian,car,pedestrian,car
29,Male,pedestrian,NA,2016,pedestrian,car,pedestrian,car,pedestrian,car,pedestrian,car,pedestrian,bus
77,Male,motorcycle,car,2013,motorcycle,car,motorcycle,car,motorcycle,car,motorcycle,car,motorcycle,car
5,Female,NA,car,2012,pedestrian,car,pedestrian,car,pedestrian,car,pedestrian,car,car,car
78,Male,pedestrian,car,2016,pedestrian,car,pedestrian,car,pedestrian,car,pedestrian,car,pedestrian,car
52,Male,motorcycle,car,2014,motorcycle,car,motorcycle,car,motorcycle,car,motorcycle,car,motorcycle,car
51,Male,pedestrian,car,2014,pedestrian,car,pedestrian,car,pedestrian,car,pedestrian,car,pedestrian,car
22,Male,car,car,2015,car,car,car,car,car,car,car,car,car,car
27,Male,pedestrian,car,2013,pedestrian,car,pedestrian,car,pedestrian,car,pedestrian,car,pedestrian,car
64,Male,pedestrian,car,2016,pedestrian,car,pedestrian,car,pedestrian,car,pedestrian,car,pedestrian,car
30,Male,pedestrian,car,2014,pedestrian,car,pedestrian,car,pedestrian,car,pedestrian,car,pedestrian,car
27,Male,pedestrian,car,2013,pedestrian,car,pedestrian,car,pedestrian,car,pedestrian,car,pedestrian,car
47,Male,pedestrian,car,2016,pedestrian,car,pedestrian,car,pedestrian,car,pedestrian,car,pedestrian,car
53,Female,pedestrian,car,2016,pedestrian,car,pedestrian,car,pedestrian,car,pedestrian,car,pedestrian,car
23,Male,car,car,2013,car,car,car,car,car,car,car,car,car,car
61,Male,motorcycle,car,2015,motorcycle,car,motorcycle,car,motorcycle,car,motorcycle,car,motorcycle,car
19,Male,motorcycle,bus,2013,motorcycle,bus,motorcycle,bus,motorcycle,bus,motorcycle,bus,motorcycle,bus
4,Male,pedestrian,NA,2013,pedestrian,bus,pedestrian,car,pedestrian,car,pedestrian,bus,pedestrian,car
32,Male,motorcycle,car,2014,motorcycle,car,motorcycle,car,motorcycle,car,motorcycle,car,motorcycle,car
20,Female,pedestrian,NA,2014,pedestrian,bus,pedestrian,car,pedestrian,car,pedestrian,bus,pedestrian,car
51,Male,car,bus,2012,car,bus,car,bus,car,bus,car,bus,car,bus
13,Male,pedestrian,car,2014,pedestrian,car,pedestrian,car,pedestrian,car,pedestrian,car,pedestrian,car
62,Male,car,car,2013,car,car,car,car,car,car,car,car,car,car
93,Male,car,car,2015,car,car,car,car,car,car,car,car,car,car
34,Male,pedestrian,car,2014,pedestrian,car,pedestrian,car,pedestrian,car,pedestrian,car,pedestrian,car
45,Male,car,car,2013,car,car,car,car,car,car,car,car,car,car
41,Male,pedestrian,car,2013,pedestrian,car,pedestrian,car,pedestrian,car,pedestrian,car,pedestrian,car
42,Female,car,bus,2012,car,bus,car,bus,car,bus,car,bus,car,bus
54,Male,car,bus,2013,car,bus,car,bus,car,bus,car,bus,car,bus
28,Female,pedestrian,car,2015,pedestrian,car,pedestrian,car,pedestrian,car,pedestrian,car,pedestrian,car
56,Female,car,car,2013,car,car,car,car,car,car,car,car,car,car
28,Female,car,car,2013,car,car,car,car,car,car,car,car,car,car
54,Female,pedestrian,car,2014,pedestrian,car,pedestrian,car,pedestrian,car,pedestrian,car,pedestrian,car
10,Male,pedestrian,car,2015,pedestrian,car,pedestrian,car,pedestrian,car,pedestrian,car,pedestrian,car
77,Male,pedestrian,car,2016,pedestrian,car,pedestrian,car,pedestrian,car,pedestrian,car,pedestrian,car
3,Male,pedestrian,car,2015,pedestrian,car,pedestrian,car,pedestrian,car,pedestrian,car,pedestrian,car
41,Male,motorcycle,car,2012,motorcycle,car,motorcycle,car,motorcycle,car,motorcycle,car,motorcycle,car
40,Male,pedestrian,car,2016,pedestrian,car,pedestrian,car,pedestrian,car,pedestrian,car,pedestrian,car
48,Male,car,car,2015,car,car,car,car,car,car,car,car,car,car
18,Female,car,car,2012,car,car,car,car,car,car,car,car,car,car
44,Male,pedestrian,truck,2015,pedestrian,truck,pedestrian,truck,pedestrian,truck,pedestrian,truck,pedestrian,truck
57,Male,motorcycle,car,2014,motorcycle,car,motorcycle,car,motorcycle,car,motorcycle,car,motorcycle,car
44,Male,car,car,2016,car,car,car,car,car,car,car,car,car,car
25,Female,pedestrian,car,2014,pedestrian,car,pedestrian,car,pedestrian,car,pedestrian,car,pedestrian,car
6,Female,pedestrian,car,2016,pedestrian,car,pedestrian,car,pedestrian,car,pedestrian,car,pedestrian,car
69,Male,car,NA,2013,car,car,car,truck,car,car,car,car,car,car
45,Male,pedestrian,bus,2012,pedestrian,bus,pedestrian,bus,pedestrian,bus,pedestrian,bus,pedestrian,bus
40,Male,pedestrian,car,2015,pedestrian,car,pedestrian,car,pedestrian,car,pedestrian,car,pedestrian,car
31,Female,car,car,2013,car,car,car,car,car,car,car,car,car,car
54,Male,NA,car,2015,pedestrian,car,car,car,car,car,pedestrian,car,car,car
22,Male,motorcycle,car,2012,motorcycle,car,motorcycle,car,motorcycle,car,motorcycle,car,motorcycle,car
6,Female,car,car,2016,car,car,car,car,car,car,car,car,car,car
27,Male,pedestrian,car,2014,pedestrian,car,pedestrian,car,pedestrian,car,pedestrian,car,pedestrian,car
33,Male,pedestrian,car,2014,pedestrian,car,pedestrian,car,pedestrian,car,pedestrian,car,pedestrian,car
43,Male,pedestrian,car,2012,pedestrian,car,pedestrian,car,pedestrian,car,pedestrian,car,pedestrian,car
9,Male,pedestrian,NA,2012,pedestrian,car,pedestrian,car,pedestrian,bus,pedestrian,car,pedestrian,bus
23,Male,pedestrian,bus,2013,pedestrian,bus,pedestrian,bus,pedestrian,bus,pedestrian,bus,pedestrian,bus
46,Female,pedestrian,car,2016,pedestrian,car,pedestrian,car,pedestrian,car,pedestrian,car,pedestrian,car
48,Male,pedestrian,car,2016,pedestrian,car,pedestrian,car,pedestrian,car,pedestrian,car,pedestrian,car
21,Male,pedestrian,car,2012,pedestrian,car,pedestrian,car,pedestrian,car,pedestrian,car,pedestrian,car
35,Female,pedestrian,car,2016,pedestrian,car,pedestrian,car,pedestrian,car,pedestrian,car,pedestrian,car
42,Female,pedestrian,car,2015,pedestrian,car,pedestrian,car,pedestrian,car,pedestrian,car,pedestrian,car
65,Male,pedestrian,car,2016,pedestrian,car,pedestrian,car,pedestrian,car,pedestrian,car,pedestrian,car
38,Male,car,car,2016,car,car,car,car,car,car,car,car,car,car
36,Male,car,car,2013,car,car,car,car,car,car,car,car,car,car
62,Female,pedestrian,car,2012,pedestrian,car,pedestrian,car,pedestrian,car,pedestrian,car,pedestrian,car
33,Male,pedestrian,car,2016,pedestrian,car,pedestrian,car,pedestrian,car,pedestrian,car,pedestrian,car
47,Male,pedestrian,car,2013,pedestrian,car,pedestrian,car,pedestrian,car,pedestrian,car,pedestrian,car
13,Male,pedestrian,bus,2013,pedestrian,bus,pedestrian,bus,pedestrian,bus,pedestrian,bus,pedestrian,bus
53,Male,pedestrian,car,2014,pedestrian,car,pedestrian,car,pedestrian,car,pedestrian,car,pedestrian,car
51,Male,pedestrian,car,2012,pedestrian,car,pedestrian,car,pedestrian,car,pedestrian,car,pedestrian,car
22,Male,car,car,2015,car,car,car,car,car,car,car,car,car,car
43,Male,pedestrian,car,2012,pedestrian,car,pedestrian,car,pedestrian,car,pedestrian,car,pedestrian,car
34,Male,NA,bus,2016,car,bus,car,bus,pedestrian,bus,car,bus,car,bus
41,Male,motorcycle,car,2015,motorcycle,car,motorcycle,car,motorcycle,car,motorcycle,car,motorcycle,car
23,Male,car,car,2016,car,car,car,car,car,car,car,car,car,car
60,Male,pedestrian,car,2014,pedestrian,car,pedestrian,car,pedestrian,car,pedestrian,car,pedestrian,car
66,Male,pedestrian,NA,2014,pedestrian,bus,pedestrian,car,pedestrian,car,pedestrian,motorcycle,pedestrian,car
59,Female,pedestrian,car,2014,pedestrian,car,pedestrian,car,pedestrian,car,pedestrian,car,pedestrian,car
41,Female,car,car,2012,car,car,car,car,car,car,car,car,car,car
1,Male,pedestrian,car,2013,pedestrian,car,pedestrian,car,pedestrian,car,pedestrian,car,pedestrian,car
82,Female,pedestrian,car,2015,pedestrian,car,pedestrian,car,pedestrian,car,pedestrian,car,pedestrian,car
5,Male,pedestrian,car,2016,pedestrian,car,pedestrian,car,pedestrian,car,pedestrian,car,pedestrian,car
83,Female,car,car,2015,car,car,car,car,car,car,car,car,car,car
10,Female,pedestrian,car,2013,pedestrian,car,pedestrian,car,pedestrian,car,pedestrian,car,pedestrian,car
39,Male,motorcycle,bus,2014,motorcycle,bus,motorcycle,bus,motorcycle,bus,motorcycle,bus,motorcycle,bus
28,Male,pedestrian,car,2015,pedestrian,car,pedestrian,car,pedestrian,car,pedestrian,car,pedestrian,car
56,Male,car,car,2016,car,car,car,car,car,car,car,car,car,car
24,Male,car,car,2012,car,car,car,car,car,car,car,car,car,car
82,Male,pedestrian,car,2013,pedestrian,car,pedestrian,car,pedestrian,car,pedestrian,car,pedestrian,car
5,Male,pedestrian,car,2015,pedestrian,car,pedestrian,car,pedestrian,car,pedestrian,car,pedestrian,car
27,Male,pedestrian,car,2016,pedestrian,car,pedestrian,car,pedestrian,car,pedestrian,car,pedestrian,car
21,Male,pedestrian,car,2015,pedestrian,car,pedestrian,car,pedestrian,car,pedestrian,car,pedestrian,car
84,Female,pedestrian,car,2015,pedestrian,car,pedestrian,car,pedestrian,car,pedestrian,car,pedestrian,car
5,Male,pedestrian,NA,2012,pedestrian,bus,pedestrian,car,pedestrian,car,pedestrian,car,pedestrian,car
48,Male,pedestrian,other,2014,pedestrian,other,pedestrian,other,pedestrian,other,pedestrian,other,pedestrian,other
4,Male,pedestrian,car,2016,pedestrian,car,pedestrian,car,pedestrian,car,pedestrian,car,pedestrian,car
30,Male,car,car,2012,car,car,car,car,car,car,car,car,car,car
36,Male,car,car,2014,car,car,car,car,car,car,car,car,car,car
44,Female,pedestrian,NA,2014,pedestrian,truck,pedestrian,car,pedestrian,car,pedestrian,car,pedestrian,car
19,Female,car,car,2016,car,car,car,car,car,car,car,car,car,car
25,Female,car,car,2014,car,car,car,car,car,car,car,car,car,car
23,Male,car,car,2012,car,car,car,car,car,car,car,car,car,car
28,Male,pedestrian,car,2014,pedestrian,car,pedestrian,car,pedestrian,car,pedestrian,car,pedestrian,car
30,Male,motorcycle,bus,2014,motorcycle,bus,motorcycle,bus,motorcycle,bus,motorcycle,bus,motorcycle,bus
55,Female,car,car,2012,car,car,car,car,car,car,car,car,car,car
40,Male,pedestrian,car,2016,pedestrian,car,pedestrian,car,pedestrian,car,pedestrian,car,pedestrian,car
27,Male,car,car,2016,car,car,car,car,car,car,car,car,car,car
28,Male,car,car,2015,car,car,car,car,car,car,car,car,car,car
37,Female,car,car,2016,car,car,car,car,car,car,car,car,car,car
61,Male,car,truck,2012,car,truck,car,truck,car,truck,car,truck,car,truck
41,Male,motorcycle,car,2014,motorcycle,car,motorcycle,car,motorcycle,car,motorcycle,car,motorcycle,car
18,Male,car,car,2016,car,car,car,car,car,car,car,car,car,car
22,Female,car,car,2015,car,car,car,car,car,car,car,car,car,car
39,Male,pedestrian,truck,2015,pedestrian,truck,pedestrian,truck,pedestrian,truck,pedestrian,truck,pedestrian,truck
24,Male,car,bus,2015,car,bus,car,bus,car,bus,car,bus,car,bus
29,Male,car,car,2015,car,car,car,car,car,car,car,car,car,car
11,Male,bus,car,2012,bus,car,bus,car,bus,car,bus,car,bus,car
23,Male,bus,car,2012,bus,car,bus,car,bus,car,bus,car,bus,car
29,Male,car,car,2016,car,car,car,car,car,car,car,car,car,car
21,Male,pedestrian,car,2015,pedestrian,car,pedestrian,car,pedestrian,car,pedestrian,car,pedestrian,car
73,Male,car,car,2016,car,car,car,car,car,car,car,car,car,car
17,Female,pedestrian,bus,2014,pedestrian,bus,pedestrian,bus,pedestrian,bus,pedestrian,bus,pedestrian,bus
23,Male,car,car,2016,car,car,car,car,car,car,car,car,car,car
32,Male,car,car,2012,car,car,car,car,car,car,car,car,car,car
38,Male,car,car,2012,car,car,car,car,car,car,car,car,car,car
30,Male,car,car,2013,car,car,car,car,car,car,car,car,car,car
35,Male,pedestrian,car,2012,pedestrian,car,pedestrian,car,pedestrian,car,pedestrian,car,pedestrian,car
43,Male,pedestrian,bus,2014,pedestrian,bus,pedestrian,bus,pedestrian,bus,pedestrian,bus,pedestrian,bus
39,Male,car,car,2015,car,car,car,car,car,car,car,car,car,car
61,Male,other,bus,2012,other,bus,other,bus,other,bus,other,bus,other,bus
34,Male,pedestrian,bus,2013,pedestrian,bus,pedestrian,bus,pedestrian,bus,pedestrian,bus,pedestrian,bus
57,Male,pedestrian,motorcycle,2012,pedestrian,motorcycle,pedestrian,motorcycle,pedestrian,motorcycle,pedestrian,motorcycle,pedestrian,motorcycle
38,Male,car,car,2015,car,car,car,car,car,car,car,car,car,car
28,Male,pedestrian,car,2015,pedestrian,car,pedestrian,car,pedestrian,car,pedestrian,car,pedestrian,car
22,Male,pedestrian,truck,2013,pedestrian,truck,pedestrian,truck,pedestrian,truck,pedestrian,truck,pedestrian,truck
60,Male,pedestrian,car,2013,pedestrian,car,pedestrian,car,pedestrian,car,pedestrian,car,pedestrian,car
21,Male,pedestrian,truck,2014,pedestrian,truck,pedestrian,truck,pedestrian,truck,pedestrian,truck,pedestrian,truck
61,Male,pedestrian,car,2014,pedestrian,car,pedestrian,car,pedestrian,car,pedestrian,car,pedestrian,car
1,Male,car,car,2014,car,car,car,car,car,car,car,car,car,car
26,Female,car,car,2016,car,car,car,car,car,car,car,car,car,car
11,Female,bus,car,2015,bus,car,bus,car,bus,car,bus,car,bus,car
56,Male,car,car,2015,car,car,car,car,car,car,car,car,car,car
22,Male,car,car,2015,car,car,car,car,car,car,car,car,car,car
54,Male,car,car,2015,car,car,car,car,car,car,car,car,car,car
45,Male,pedestrian,car,2016,pedestrian,car,pedestrian,car,pedestrian,car,pedestrian,car,pedestrian,car
24,Female,pedestrian,car,2014,pedestrian,car,pedestrian,car,pedestrian,car,pedestrian,car,pedestrian,car
40,Male,motorcycle,bus,2012,motorcycle,bus,motorcycle,bus,motorcycle,bus,motorcycle,bus,motorcycle,bus
46,Male,motorcycle,car,2014,motorcycle,car,motorcycle,car,motorcycle,car,motorcycle,car,motorcycle,car
25,Male,pedestrian,car,2014,pedestrian,car,pedestrian,car,pedestrian,car,pedestrian,car,pedestrian,car
35,Male,pedestrian,car,2015,pedestrian,car,pedestrian,car,pedestrian,car,pedestrian,car,pedestrian,car
38,Female,car,NA,2013,car,car,car,car,car,bus,car,other,car,car
30,Female,motorcycle,car,2014,motorcycle,car,motorcycle,car,motorcycle,car,motorcycle,car,motorcycle,car
29,Male,car,car,2016,car,car,car,car,car,car,car,car,car,car
28,Female,pedestrian,motorcycle,2015,pedestrian,motorcycle,pedestrian,motorcycle,pedestrian,motorcycle,pedestrian,motorcycle,pedestrian,motorcycle
2,Male,pedestrian,bus,2013,pedestrian,bus,pedestrian,bus,pedestrian,bus,pedestrian,bus,pedestrian,bus
5,Male,pedestrian,car,2016,pedestrian,car,pedestrian,car,pedestrian,car,pedestrian,car,pedestrian,car
54,Male,pedestrian,car,2012,pedestrian,car,pedestrian,car,pedestrian,car,pedestrian,car,pedestrian,car
58,Male,car,car,2014,car,car,car,car,car,car,car,car,car,car
33,Female,car,car,2012,car,car,car,car,car,car,car,car,car,car
26,Male,car,car,2012,car,car,car,car,car,car,car,car,car,car
56,Male,car,car,2014,car,car,car,car,car,car,car,car,car,car
27,Male,car,car,2015,car,car,car,car,car,car,car,car,car,car
24,Male,car,car,2016,car,car,car,car,car,car,car,car,car,car
32,Male,pedestrian,car,2012,pedestrian,car,pedestrian,car,pedestrian,car,pedestrian,car,pedestrian,car
37,Male,pedestrian,car,2012,pedestrian,car,pedestrian,car,pedestrian,car,pedestrian,car,pedestrian,car
43,Male,car,car,2012,car,car,car,car,car,car,car,car,car,car
26,Male,car,car,2015,car,car,car,car,car,car,car,car,car,car
56,Male,car,car,2015,car,car,car,car,car,car,car,car,car,car
60,Male,pedestrian,car,2014,pedestrian,car,pedestrian,car,pedestrian,car,pedestrian,car,pedestrian,car
78,Male,car,car,2013,car,car,car,car,car,car,car,car,car,car
62,Male,car,car,2016,car,car,car,car,car,car,car,car,car,car
27,Female,NA,car,2012,pedestrian,car,car,car,car,car,pedestrian,car,pedestrian,car
16,Male,pedestrian,other,2016,pedestrian,other,pedestrian,other,pedestrian,other,pedestrian,other,pedestrian,other
25,Male,pedestrian,bicycle,2013,pedestrian,cycle,pedestrian,cycle,pedestrian,cycle,pedestrian,cycle,pedestrian,cycle
28,Male,motorcycle,bus,2016,motorcycle,bus,motorcycle,bus,motorcycle,bus,motorcycle,bus,motorcycle,bus
36,Male,car,car,2015,car,car,car,car,car,car,car,car,car,car
67,Female,pedestrian,NA,2014,pedestrian,bus,pedestrian,bus,pedestrian,bus,pedestrian,truck,pedestrian,car
48,Male,pedestrian,car,2012,pedestrian,car,pedestrian,car,pedestrian,car,pedestrian,car,pedestrian,car
11,Male,car,car,2015,car,car,car,car,car,car,car,car,car,car
36,Male,car,car,2012,car,car,car,car,car,car,car,car,car,car
67,Male,car,truck,2014,car,truck,car,truck,car,truck,car,truck,car,truck
77,Female,car,car,2012,car,car,car,car,car,car,car,car,car,car
78,Female,pedestrian,car,2012,pedestrian,car,pedestrian,car,pedestrian,car,pedestrian,car,pedestrian,car
15,Female,car,bus,2016,car,bus,car,bus,car,bus,car,bus,car,bus
44,Male,pedestrian,NA,2012,pedestrian,truck,pedestrian,car,pedestrian,car,pedestrian,car,pedestrian,car
37,Male,car,car,2012,car,car,car,car,car,car,car,car,car,car
23,Male,car,car,2014,car,car,car,car,car,car,car,car,car,car
51,Male,pedestrian,truck,2016,pedestrian,truck,pedestrian,truck,pedestrian,truck,pedestrian,truck,pedestrian,truck
11,Male,pedestrian,bus,2013,pedestrian,bus,pedestrian,bus,pedestrian,bus,pedestrian,bus,pedestrian,bus
30,Male,pedestrian,car,2015,pedestrian,car,pedestrian,car,pedestrian,car,pedestrian,car,pedestrian,car
45,Male,pedestrian,car,2015,pedestrian,car,pedestrian,car,pedestrian,car,pedestrian,car,pedestrian,car
3,Male,pedestrian,car,2012,pedestrian,car,pedestrian,car,pedestrian,car,pedestrian,car,pedestrian,car
30,Female,truck,car,2015,truck,car,truck,car,truck,car,truck,car,truck,car
39,Male,car,car,2015,car,car,car,car,car,car,car,car,car,car
32,Male,motorcycle,bicycle,2016,motorcycle,cycle,motorcycle,cycle,motorcycle,cycle,motorcycle,cycle,motorcycle,cycle
17,Male,bus,car,2014,bus,car,bus,car,bus,car,bus,car,bus,car
35,Male,car,bus,2016,car,bus,car,bus,car,bus,car,bus,car,bus
32,Female,car,car,2013,car,car,car,car,car,car,car,car,car,car
41,Male,pedestrian,car,2015,pedestrian,car,pedestrian,car,pedestrian,car,pedestrian,car,pedestrian,car
37,Male,pedestrian,car,2015,pedestrian,car,pedestrian,car,pedestrian,car,pedestrian,car,pedestrian,car
31,Male,pedestrian,bus,2016,pedestrian,bus,pedestrian,bus,pedestrian,bus,pedestrian,bus,pedestrian,bus
31,Male,pedestrian,car,2014,pedestrian,car,pedestrian,car,pedestrian,car,pedestrian,car,pedestrian,car
36,Male,car,car,2013,car,car,car,car,car,car,car,car,car,car
41,Male,car,car,2015,car,car,car,car,car,car,car,car,car,car
20,Male,NA,car,2016,bus,car,pedestrian,car,car,car,pedestrian,car,pedestrian,car
49,Male,pedestrian,car,2016,pedestrian,car,pedestrian,car,pedestrian,car,pedestrian,car,pedestrian,car
56,Female,car,car,2016,car,car,car,car,car,car,car,car,car,car
36,Male,car,car,2015,car,car,car,car,car,car,car,car,car,car
34,Male,motorcycle,car,2012,motorcycle,car,motorcycle,car,motorcycle,car,motorcycle,car,motorcycle,car
23,Male,pedestrian,bus,2014,pedestrian,bus,pedestrian,bus,pedestrian,bus,pedestrian,bus,pedestrian,bus
60,Male,motorcycle,pedestrian,2013,motorcycle,pedestrian,motorcycle,pedestrian,motorcycle,pedestrian,motorcycle,pedestrian,motorcycle,pedestrian
65,Male,car,car,2012,car,car,car,car,car,car,car,car,car,car
32,Male,pedestrian,car,2014,pedestrian,car,pedestrian,car,pedestrian,car,pedestrian,car,pedestrian,car
58,Male,pedestrian,NA,2015,pedestrian,car,pedestrian,bus,pedestrian,car,pedestrian,car,pedestrian,car
54,Female,pedestrian,car,2014,pedestrian,car,pedestrian,car,pedestrian,car,pedestrian,car,pedestrian,car
25,Male,car,pedestrian,2016,car,pedestrian,car,pedestrian,car,pedestrian,car,pedestrian,car,pedestrian
94,Female,car,car,2016,car,car,car,car,car,car,car,car,car,car
49,Male,car,pedestrian,2016,car,pedestrian,car,pedestrian,car,pedestrian,car,pedestrian,car,pedestrian
50,Female,pedestrian,car,2016,pedestrian,car,pedestrian,car,pedestrian,car,pedestrian,car,pedestrian,car
2,Female,car,car,2016,car,car,car,car,car,car,car,car,car,car
60,Male,pedestrian,car,2016,pedestrian,car,pedestrian,car,pedestrian,car,pedestrian,car,pedestrian,car
25,Female,pedestrian,car,2013,pedestrian,car,pedestrian,car,pedestrian,car,pedestrian,car,pedestrian,car
44,Female,car,car,2012,car,car,car,car,car,car,car,car,car,car
24,Male,car,car,2014,car,car,car,car,car,car,car,car,car,car
28,Male,other,car,2014,other,car,other,car,other,car,other,car,other,car
42,Female,pedestrian,bus,2013,pedestrian,bus,pedestrian,bus,pedestrian,bus,pedestrian,bus,pedestrian,bus
34,Male,motorcycle,car,2013,motorcycle,car,motorcycle,car,motorcycle,car,motorcycle,car,motorcycle,car
18,Male,car,car,2014,car,car,car,car,car,car,car,car,car,car
29,Male,car,car,2013,car,car,car,car,car,car,car,car,car,car
24,Male,motorcycle,bus,2012,motorcycle,bus,motorcycle,bus,motorcycle,bus,motorcycle,bus,motorcycle,bus
33,Male,motorcycle,car,2014,motorcycle,car,motorcycle,car,motorcycle,car,motorcycle,car,motorcycle,car
12,Male,pedestrian,car,2012,pedestrian,car,pedestrian,car,pedestrian,car,pedestrian,car,pedestrian,car
34,Male,car,car,2013,car,car,car,car,car,car,car,car,car,car
55,Male,pedestrian,NA,2015,pedestrian,car,pedestrian,car,pedestrian,truck,pedestrian,car,pedestrian,car
35,Male,car,car,2015,car,car,car,car,car,car,car,car,car,car
36,Male,pedestrian,bus,2014,pedestrian,bus,pedestrian,bus,pedestrian,bus,pedestrian,bus,pedestrian,bus
37,Male,bicycle,car,2016,cycle,car,cycle,car,cycle,car,cycle,car,cycle,car
49,Male,car,car,2015,car,car,car,car,car,car,car,car,car,car
55,Male,pedestrian,car,2016,pedestrian,car,pedestrian,car,pedestrian,car,pedestrian,car,pedestrian,car
22,Male,pedestrian,car,2015,pedestrian,car,pedestrian,car,pedestrian,car,pedestrian,car,pedestrian,car
65,Male,pedestrian,car,2016,pedestrian,car,pedestrian,car,pedestrian,car,pedestrian,car,pedestrian,car
20,Male,car,car,2016,car,car,car,car,car,car,car,car,car,car
73,Male,pedestrian,car,2014,pedestrian,car,pedestrian,car,pedestrian,car,pedestrian,car,pedestrian,car
26,Male,car,car,2015,car,car,car,car,car,car,car,car,car,car
30,Male,pedestrian,car,2013,pedestrian,car,pedestrian,car,pedestrian,car,pedestrian,car,pedestrian,car
49,Female,pedestrian,bus,2015,pedestrian,bus,pedestrian,bus,pedestrian,bus,pedestrian,bus,pedestrian,bus
23,Male,other,car,2015,other,car,other,car,other,car,other,car,other,car
74,Male,car,car,2012,car,car,car,car,car,car,car,car,car,car
50,Male,car,car,2016,car,car,car,car,car,car,car,car,car,car
49,Male,motorcycle,car,2016,motorcycle,car,motorcycle,car,motorcycle,car,motorcycle,car,motorcycle,car
33,Male,car,motorcycle,2016,car,motorcycle,car,motorcycle,car,motorcycle,car,motorcycle,car,motorcycle
18,Male,NA,bus,2012,car,bus,pedestrian,bus,pedestrian,bus,pedestrian,bus,pedestrian,bus
29,Male,car,car,2013,car,car,car,car,car,car,car,car,car,car
28,Male,motorcycle,bus,2014,motorcycle,bus,motorcycle,bus,motorcycle,bus,motorcycle,bus,motorcycle,bus
10,Male,pedestrian,car,2012,pedestrian,car,pedestrian,car,pedestrian,car,pedestrian,car,pedestrian,car
29,Male,car,car,2015,car,car,car,car,car,car,car,car,car,car
35,Male,pedestrian,bus,2016,pedestrian,bus,pedestrian,bus,pedestrian,bus,pedestrian,bus,pedestrian,bus
28,Male,bus,car,2015,bus,car,bus,car,bus,car,bus,car,bus,car
28,Male,car,car,2013,car,car,car,car,car,car,car,car,car,car
49,Male,pedestrian,car,2014,pedestrian,car,pedestrian,car,pedestrian,car,pedestrian,car,pedestrian,car
32,Male,bus,car,2016,bus,car,bus,car,bus,car,bus,car,bus,car
36,Male,car,car,2012,car,car,car,car,car,car,car,car,car,car
37,Male,truck,car,2015,truck,car,truck,car,truck,car,truck,car,truck,car
5,Male,pedestrian,bus,2014,pedestrian,bus,pedestrian,bus,pedestrian,bus,pedestrian,bus,pedestrian,bus
29,Male,car,truck,2014,car,truck,car,truck,car,truck,car,truck,car,truck
75,Male,pedestrian,bus,2015,pedestrian,bus,pedestrian,bus,pedestrian,bus,pedestrian,bus,pedestrian,bus
23,Male,pedestrian,car,2014,pedestrian,car,pedestrian,car,pedestrian,car,pedestrian,car,pedestrian,car
45,Female,pedestrian,car,2015,pedestrian,car,pedestrian,car,pedestrian,car,pedestrian,car,pedestrian,car
42,Male,pedestrian,car,2012,pedestrian,car,pedestrian,car,pedestrian,car,pedestrian,car,pedestrian,car
5,Male,pedestrian,car,2012,pedestrian,car,pedestrian,car,pedestrian,car,pedestrian,car,pedestrian,car
35,Male,car,bus,2014,car,bus,car,bus,car,bus,car,bus,car,bus
38,Male,car,car,2014,car,car,car,car,car,car,car,car,car,car
24,Male,pedestrian,car,2015,pedestrian,car,pedestrian,car,pedestrian,car,pedestrian,car,pedestrian,car
71,Male,motorcycle,car,2012,motorcycle,car,motorcycle,car,motorcycle,car,motorcycle,car,motorcycle,car
46,Male,pedestrian,car,2016,pedestrian,car,pedestrian,car,pedestrian,car,pedestrian,car,pedestrian,car
40,Male,pedestrian,bus,2015,pedestrian,bus,pedestrian,bus,pedestrian,bus,pedestrian,bus,pedestrian,bus
25,Female,pedestrian,bus,2013,pedestrian,bus,pedestrian,bus,pedestrian,bus,pedestrian,bus,pedestrian,bus
4,Male,car,NA,2013,car,car,car,truck,car,car,car,truck,car,car
21,Male,pedestrian,bus,2016,pedestrian,bus,pedestrian,bus,pedestrian,bus,pedestrian,bus,pedestrian,bus
21,Male,car,car,2014,car,car,car,car,car,car,car,car,car,car
20,Female,car,car,2012,car,car,car,car,car,car,car,car,car,car
44,Male,pedestrian,car,2014,pedestrian,car,pedestrian,car,pedestrian,car,pedestrian,car,pedestrian,car
31,Male,pedestrian,car,2016,pedestrian,car,pedestrian,car,pedestrian,car,pedestrian,car,pedestrian,car
68,Male,car,car,2013,car,car,car,car,car,car,car,car,car,car
36,Female,pedestrian,car,2016,pedestrian,car,pedestrian,car,pedestrian,car,pedestrian,car,pedestrian,car
29,Male,car,car,2016,car,car,car,car,car,car,car,car,car,car
37,Male,car,car,2016,car,car,car,car,car,car,car,car,car,car
26,Male,motorcycle,car,2016,motorcycle,car,motorcycle,car,motorcycle,car,motorcycle,car,motorcycle,car
37,Female,car,other,2015,car,other,car,other,car,other,car,other,car,other
33,Male,car,motorcycle,2016,car,motorcycle,car,motorcycle,car,motorcycle,car,motorcycle,car,motorcycle
33,Male,car,car,2015,car,car,car,car,car,car,car,car,car,car
33,Male,pedestrian,car,2014,pedestrian,car,pedestrian,car,pedestrian,car,pedestrian,car,pedestrian,car
57,Male,car,car,2015,car,car,car,car,car,car,car,car,car,car
41,Male,motorcycle,car,2012,motorcycle,car,motorcycle,car,motorcycle,car,motorcycle,car,motorcycle,car
48,Male,pedestrian,car,2015,pedestrian,car,pedestrian,car,pedestrian,car,pedestrian,car,pedestrian,car
5,Male,pedestrian,truck,2015,pedestrian,truck,pedestrian,truck,pedestrian,truck,pedestrian,truck,pedestrian,truck
10,Female,bus,car,2013,bus,car,bus,car,bus,car,bus,car,bus,car
49,Male,pedestrian,car,2015,pedestrian,car,pedestrian,car,pedestrian,car,pedestrian,car,pedestrian,car
25,Male,pedestrian,truck,2012,pedestrian,truck,pedestrian,truck,pedestrian,truck,pedestrian,truck,pedestrian,truck
1,Male,pedestrian,car,2015,pedestrian,car,pedestrian,car,pedestrian,car,pedestrian,car,pedestrian,car
26,Male,motorcycle,motorcycle,2014,motorcycle,motorcycle,motorcycle,motorcycle,motorcycle,motorcycle,motorcycle,motorcycle,motorcycle,motorcycle
20,Male,pedestrian,other,2013,pedestrian,other,pedestrian,other,pedestrian,other,pedestrian,other,pedestrian,other
24,Female,car,car,2014,car,car,car,car,car,car,car,car,car,car
37,Male,car,car,2012,car,car,car,car,car,car,car,car,car,car
23,Female,pedestrian,bus,2016,pedestrian,bus,pedestrian,bus,pedestrian,bus,pedestrian,bus,pedestrian,bus
9,Female,pedestrian,car,2015,pedestrian,car,pedestrian,car,pedestrian,car,pedestrian,car,pedestrian,car
27,Male,car,pedestrian,2014,car,pedestrian,car,pedestrian,car,pedestrian,car,pedestrian,car,pedestrian
63,Male,car,NA,2014,car,car,car,car,car,car,car,car,car,car
52,Male,pedestrian,car,2016,pedestrian,car,pedestrian,car,pedestrian,car,pedestrian,car,pedestrian,car
17,Male,car,car,2014,car,car,car,car,car,car,car,car,car,car
31,Male,car,car,2016,car,car,car,car,car,car,car,car,car,car
28,Male,motorcycle,car,2012,motorcycle,car,motorcycle,car,motorcycle,car,motorcycle,car,motorcycle,car
24,Male,motorcycle,car,2016,motorcycle,car,motorcycle,car,motorcycle,car,motorcycle,car,motorcycle,car
32,Male,car,car,2013,car,car,car,car,car,car,car,car,car,car
18,Male,pedestrian,car,2012,pedestrian,car,pedestrian,car,pedestrian,car,pedestrian,car,pedestrian,car
45,Male,car,car,2015,car,car,car,car,car,car,car,car,car,car
41,Male,car,car,2014,car,car,car,car,car,car,car,car,car,car
61,Male,car,car,2016,car,car,car,car,car,car,car,car,car,car
33,Male,car,car,2012,car,car,car,car,car,car,car,car,car,car
19,Female,pedestrian,car,2014,pedestrian,car,pedestrian,car,pedestrian,car,pedestrian,car,pedestrian,car
38,Female,pedestrian,car,2014,pedestrian,car,pedestrian,car,pedestrian,car,pedestrian,car,pedestrian,car
23,Male,car,motorcycle,2013,car,motorcycle,car,motorcycle,car,motorcycle,car,motorcycle,car,motorcycle
24,Female,car,car,2012,car,car,car,car,car,car,car,car,car,car
63,Male,car,car,2012,car,car,car,car,car,car,car,car,car,car
40,Male,motorcycle,car,2013,motorcycle,car,motorcycle,car,motorcycle,car,motorcycle,car,motorcycle,car
57,Male,car,car,2016,car,car,car,car,car,car,car,car,car,car
26,Male,pedestrian,car,2014,pedestrian,car,pedestrian,car,pedestrian,car,pedestrian,car,pedestrian,car
32,Male,truck,car,2013,truck,car,truck,car,truck,car,truck,car,truck,car
34,Male,car,bus,2012,car,bus,car,bus,car,bus,car,bus,car,bus
35,Male,pedestrian,car,2016,pedestrian,car,pedestrian,car,pedestrian,car,pedestrian,car,pedestrian,car
39,Male,pedestrian,car,2015,pedestrian,car,pedestrian,car,pedestrian,car,pedestrian,car,pedestrian,car
27,Male,pedestrian,car,2016,pedestrian,car,pedestrian,car,pedestrian,car,pedestrian,car,pedestrian,car
23,Female,car,truck,2012,car,truck,car,truck,car,truck,car,truck,car,truck
70,Female,car,car,2015,car,car,car,car,car,car,car,car,car,car
30,Male,pedestrian,car,2015,pedestrian,car,pedestrian,car,pedestrian,car,pedestrian,car,pedestrian,car
36,Female,bus,car,2013,bus,car,bus,car,bus,car,bus,car,bus,car
26,Male,pedestrian,car,2014,pedestrian,car,pedestrian,car,pedestrian,car,pedestrian,car,pedestrian,car
37,Male,pedestrian,other,2013,pedestrian,other,pedestrian,other,pedestrian,other,pedestrian,other,pedestrian,other
61,Female,pedestrian,bus,2012,pedestrian,bus,pedestrian,bus,pedestrian,bus,pedestrian,bus,pedestrian,bus
49,Female,pedestrian,bus,2016,pedestrian,bus,pedestrian,bus,pedestrian,bus,pedestrian,bus,pedestrian,bus
14,Female,pedestrian,truck,2014,pedestrian,truck,pedestrian,truck,pedestrian,truck,pedestrian,truck,pedestrian,truck
23,Male,car,car,2016,car,car,car,car,car,car,car,car,car,car
59,Male,car,car,2016,car,car,car,car,car,car,car,car,car,car
43,Male,pedestrian,car,2013,pedestrian,car,pedestrian,car,pedestrian,car,pedestrian,car,pedestrian,car
23,Female,pedestrian,bus,2012,pedestrian,bus,pedestrian,bus,pedestrian,bus,pedestrian,bus,pedestrian,bus
57,Male,car,car,2016,car,car,car,car,car,car,car,car,car,car
22,Male,car,car,2012,car,car,car,car,car,car,car,car,car,car
30,Female,bicycle,bus,2015,cycle,bus,cycle,bus,cycle,bus,cycle,bus,cycle,bus
62,Male,pedestrian,truck,2015,pedestrian,truck,pedestrian,truck,pedestrian,truck,pedestrian,truck,pedestrian,truck
22,Male,pedestrian,car,2015,pedestrian,car,pedestrian,car,pedestrian,car,pedestrian,car,pedestrian,car
24,Female,car,car,2012,car,car,car,car,car,car,car,car,car,car
33,Male,NA,car,2013,pedestrian,car,car,car,car,car,car,car,pedestrian,car
20,Male,pedestrian,car,2014,pedestrian,car,pedestrian,car,pedestrian,car,pedestrian,car,pedestrian,car
34,Male,car,car,2013,car,car,car,car,car,car,car,car,car,car
53,Male,car,other,2014,car,other,car,other,car,other,car,other,car,other
34,Male,car,car,2012,car,car,car,car,car,car,car,car,car,car
42,Male,car,car,2012,car,car,car,car,car,car,car,car,car,car
17,Female,car,car,2015,car,car,car,car,car,car,car,car,car,car
23,Male,car,car,2013,car,car,car,car,car,car,car,car,car,car
25,Male,car,car,2013,car,car,car,car,car,car,car,car,car,car
38,Male,pedestrian,car,2014,pedestrian,car,pedestrian,car,pedestrian,car,pedestrian,car,pedestrian,car
54,Male,pedestrian,car,2016,pedestrian,car,pedestrian,car,pedestrian,car,pedestrian,car,pedestrian,car
23,Male,pedestrian,car,2016,pedestrian,car,pedestrian,car,pedestrian,car,pedestrian,car,pedestrian,car
3,Female,pedestrian,car,2015,pedestrian,car,pedestrian,car,pedestrian,car,pedestrian,car,pedestrian,car
69,Male,car,NA,2016,car,car,car,bus,car,car,car,car,car,car
23,Male,car,car,2012,car,car,car,car,car,car,car,car,car,car
28,Male,car,car,2015,car,car,car,car,car,car,car,car,car,car
27,Male,pedestrian,car,2016,pedestrian,car,pedestrian,car,pedestrian,car,pedestrian,car,pedestrian,car
27,Male,car,car,2016,car,car,car,car,car,car,car,car,car,car
33,Male,pedestrian,bus,2016,pedestrian,bus,pedestrian,bus,pedestrian,bus,pedestrian,bus,pedestrian,bus
78,Female,pedestrian,car,2014,pedestrian,car,pedestrian,car,pedestrian,car,pedestrian,car,pedestrian,car
36,Male,pedestrian,car,2014,pedestrian,car,pedestrian,car,pedestrian,car,pedestrian,car,pedestrian,car
17,Male,pedestrian,car,2016,pedestrian,car,pedestrian,car,pedestrian,car,pedestrian,car,pedestrian,car
5,Male,pedestrian,car,2015,pedestrian,car,pedestrian,car,pedestrian,car,pedestrian,car,pedestrian,car
21,Male,car,truck,2013,car,truck,car,truck,car,truck,car,truck,car,truck
3,Male,pedestrian,car,2014,pedestrian,car,pedestrian,car,pedestrian,car,pedestrian,car,pedestrian,car
23,Male,motorcycle,car,2013,motorcycle,car,motorcycle,car,motorcycle,car,motorcycle,car,motorcycle,car
32,Female,car,bus,2012,car,bus,car,bus,car,bus,car,bus,car,bus
41,Female,car,car,2016,car,car,car,car,car,car,car,car,car,car
71,Male,pedestrian,car,2013,pedestrian,car,pedestrian,car,pedestrian,car,pedestrian,car,pedestrian,car
35,Male,bus,car,2013,bus,car,bus,car,bus,car,bus,car,bus,car
34,Female,pedestrian,bus,2015,pedestrian,bus,pedestrian,bus,pedestrian,bus,pedestrian,bus,pedestrian,bus
24,Male,car,car,2014,car,car,car,car,car,car,car,car,car,car
30,Male,pedestrian,car,2015,pedestrian,car,pedestrian,car,pedestrian,car,pedestrian,car,pedestrian,car
81,Male,car,bus,2016,car,bus,car,bus,car,bus,car,bus,car,bus
30,Male,motorcycle,car,2016,motorcycle,car,motorcycle,car,motorcycle,car,motorcycle,car,motorcycle,car
64,Female,pedestrian,car,2012,pedestrian,car,pedestrian,car,pedestrian,car,pedestrian,car,pedestrian,car
29,Female,pedestrian,car,2013,pedestrian,car,pedestrian,car,pedestrian,car,pedestrian,car,pedestrian,car
21,Male,pedestrian,bus,2016,pedestrian,bus,pedestrian,bus,pedestrian,bus,pedestrian,bus,pedestrian,bus
32,Male,pedestrian,car,2016,pedestrian,car,pedestrian,car,pedestrian,car,pedestrian,car,pedestrian,car
7,Male,pedestrian,car,2012,pedestrian,car,pedestrian,car,pedestrian,car,pedestrian,car,pedestrian,car
57,Female,car,car,2012,car,car,car,car,car,car,car,car,car,car
23,Male,motorcycle,truck,2016,motorcycle,truck,motorcycle,truck,motorcycle,truck,motorcycle,truck,motorcycle,truck
17,Female,pedestrian,car,2013,pedestrian,car,pedestrian,car,pedestrian,car,pedestrian,car,pedestrian,car
56,Male,car,car,2014,car,car,car,car,car,car,car,car,car,car
34,Male,car,car,2012,car,car,car,car,car,car,car,car,car,car
50,Female,truck,car,2012,truck,car,truck,car,truck,car,truck,car,truck,car
37,Male,pedestrian,car,2016,pedestrian,car,pedestrian,car,pedestrian,car,pedestrian,car,pedestrian,car
25,Male,car,NA,2015,car,car,car,car,car,car,car,car,car,truck
28,Male,car,bus,2016,car,bus,car,bus,car,bus,car,bus,car,bus
32,Male,pedestrian,car,2012,pedestrian,car,pedestrian,car,pedestrian,car,pedestrian,car,pedestrian,car
54,Male,bicycle,car,2013,cycle,car,cycle,car,cycle,car,cycle,car,cycle,car
44,Female,car,bus,2014,car,bus,car,bus,car,bus,car,bus,car,bus
34,Male,car,car,2015,car,car,car,car,car,car,car,car,car,car
40,Male,car,car,2016,car,car,car,car,car,car,car,car,car,car
30,Male,car,bus,2013,car,bus,car,bus,car,bus,car,bus,car,bus
24,Male,pedestrian,truck,2013,pedestrian,truck,pedestrian,truck,pedestrian,truck,pedestrian,truck,pedestrian,truck
19,Male,car,car,2015,car,car,car,car,car,car,car,car,car,car
4,Male,truck,car,2014,truck,car,truck,car,truck,car,truck,car,truck,car
55,Male,car,car,2015,car,car,car,car,car,car,car,car,car,car
12,Male,pedestrian,bus,2015,pedestrian,bus,pedestrian,bus,pedestrian,bus,pedestrian,bus,pedestrian,bus
30,Female,pedestrian,car,2012,pedestrian,car,pedestrian,car,pedestrian,car,pedestrian,car,pedestrian,car
48,Male,pedestrian,car,2012,pedestrian,car,pedestrian,car,pedestrian,car,pedestrian,car,pedestrian,car
25,Male,pedestrian,car,2016,pedestrian,car,pedestrian,car,pedestrian,car,pedestrian,car,pedestrian,car
26,Male,car,car,2012,car,car,car,car,car,car,car,car,car,car
16,Male,pedestrian,other,2016,pedestrian,other,pedestrian,other,pedestrian,other,pedestrian,other,pedestrian,other
25,Male,pedestrian,car,2012,pedestrian,car,pedestrian,car,pedestrian,car,pedestrian,car,pedestrian,car
43,Female,pedestrian,car,2013,pedestrian,car,pedestrian,car,pedestrian,car,pedestrian,car,pedestrian,car
23,Male,pedestrian,car,2014,pedestrian,car,pedestrian,car,pedestrian,car,pedestrian,car,pedestrian,car
22,Male,pedestrian,car,2016,pedestrian,car,pedestrian,car,pedestrian,car,pedestrian,car,pedestrian,car
54,Male,motorcycle,car,2015,motorcycle,car,motorcycle,car,motorcycle,car,motorcycle,car,motorcycle,car
36,Male,car,car,2015,car,car,car,car,car,car,car,car,car,car
51,Male,pedestrian,car,2016,pedestrian,car,pedestrian,car,pedestrian,car,pedestrian,car,pedestrian,car
23,Female,car,bus,2014,car,bus,car,bus,car,bus,car,bus,car,bus
52,Male,car,car,2015,car,car,car,car,car,car,car,car,car,car
38,Male,bus,car,2014,bus,car,bus,car,bus,car,bus,car,bus,car
55,Male,bus,car,2014,bus,car,bus,car,bus,car,bus,car,bus,car
30,Female,pedestrian,car,2016,pedestrian,car,pedestrian,car,pedestrian,car,pedestrian,car,pedestrian,car
30,Male,pedestrian,car,2012,pedestrian,car,pedestrian,car,pedestrian,car,pedestrian,car,pedestrian,car
27,Male,car,bus,2014,car,bus,car,bus,car,bus,car,bus,car,bus
42,Male,car,car,2015,car,car,car,car,car,car,car,car,car,car
28,Male,pedestrian,car,2016,pedestrian,car,pedestrian,car,pedestrian,car,pedestrian,car,pedestrian,car
7,Female,car,car,2013,car,car,car,car,car,car,car,car,car,car
49,Male,car,car,2015,car,car,car,car,car,car,car,car,car,car
46,Male,motorcycle,car,2014,motorcycle,car,motorcycle,car,motorcycle,car,motorcycle,car,motorcycle,car
33,Male,car,bus,2015,car,bus,car,bus,car,bus,car,bus,car,bus
34,Male,pedestrian,car,2012,pedestrian,car,pedestrian,car,pedestrian,car,pedestrian,car,pedestrian,car
33,Male,pedestrian,bus,2014,pedestrian,bus,pedestrian,bus,pedestrian,bus,pedestrian,bus,pedestrian,bus
34,Male,motorcycle,car,2012,motorcycle,car,motorcycle,car,motorcycle,car,motorcycle,car,motorcycle,car
28,Male,motorcycle,car,2012,motorcycle,car,motorcycle,car,motorcycle,car,motorcycle,car,motorcycle,car
13,Male,pedestrian,bus,2015,pedestrian,bus,pedestrian,bus,pedestrian,bus,pedestrian,bus,pedestrian,bus
36,Male,pedestrian,car,2012,pedestrian,car,pedestrian,car,pedestrian,car,pedestrian,car,pedestrian,car
44,Male,car,car,2015,car,car,car,car,car,car,car,car,car,car
40,Male,pedestrian,car,2014,pedestrian,car,pedestrian,car,pedestrian,car,pedestrian,car,pedestrian,car
25,Male,pedestrian,car,2012,pedestrian,car,pedestrian,car,pedestrian,car,pedestrian,car,pedestrian,car
24,Male,pedestrian,car,2014,pedestrian,car,pedestrian,car,pedestrian,car,pedestrian,car,pedestrian,car
37,Male,pedestrian,bus,2013,pedestrian,bus,pedestrian,bus,pedestrian,bus,pedestrian,bus,pedestrian,bus
45,Male,motorcycle,bus,2014,motorcycle,bus,motorcycle,bus,motorcycle,bus,motorcycle,bus,motorcycle,bus
78,Female,bus,motorcycle,2014,bus,motorcycle,bus,motorcycle,bus,motorcycle,bus,motorcycle,bus,motorcycle
38,Male,car,bus,2012,car,bus,car,bus,car,bus,car,bus,car,bus
26,Female,pedestrian,car,2014,pedestrian,car,pedestrian,car,pedestrian,car,pedestrian,car,pedestrian,car
93,Male,pedestrian,bus,2015,pedestrian,bus,pedestrian,bus,pedestrian,bus,pedestrian,bus,pedestrian,bus
46,Male,pedestrian,car,2012,pedestrian,car,pedestrian,car,pedestrian,car,pedestrian,car,pedestrian,car
31,Male,car,bus,2014,car,bus,car,bus,car,bus,car,bus,car,bus
49,Male,pedestrian,truck,2013,pedestrian,truck,pedestrian,truck,pedestrian,truck,pedestrian,truck,pedestrian,truck
20,Male,car,car,2016,car,car,car,car,car,car,car,car,car,car
31,Male,pedestrian,car,2016,pedestrian,car,pedestrian,car,pedestrian,car,pedestrian,car,pedestrian,car
46,Male,pedestrian,bus,2015,pedestrian,bus,pedestrian,bus,pedestrian,bus,pedestrian,bus,pedestrian,bus
48,Male,pedestrian,car,2015,pedestrian,car,pedestrian,car,pedestrian,car,pedestrian,car,pedestrian,car
60,Male,car,bus,2012,car,bus,car,bus,car,bus,car,bus,car,bus
26,Male,pedestrian,car,2012,pedestrian,car,pedestrian,car,pedestrian,car,pedestrian,car,pedestrian,car
46,Female,pedestrian,car,2012,pedestrian,car,pedestrian,car,pedestrian,car,pedestrian,car,pedestrian,car
35,Male,bus,car,2013,bus,car,bus,car,bus,car,bus,car,bus,car
73,Male,car,car,2016,car,car,car,car,car,car,car,car,car,car
19,Male,car,bus,2012,car,bus,car,bus,car,bus,car,bus,car,bus
23,Male,pedestrian,car,2015,pedestrian,car,pedestrian,car,pedestrian,car,pedestrian,car,pedestrian,car
16,Male,pedestrian,car,2016,pedestrian,car,pedestrian,car,pedestrian,car,pedestrian,car,pedestrian,car
42,Male,car,car,2012,car,car,car,car,car,car,car,car,car,car
1,Female,pedestrian,bus,2015,pedestrian,bus,pedestrian,bus,pedestrian,bus,pedestrian,bus,pedestrian,bus
35,Female,pedestrian,car,2012,pedestrian,car,pedestrian,car,pedestrian,car,pedestrian,car,pedestrian,car
22,Male,car,car,2016,car,car,car,car,car,car,car,car,car,car
63,Male,car,car,2015,car,car,car,car,car,car,car,car,car,car
34,Male,pedestrian,car,2015,pedestrian,car,pedestrian,car,pedestrian,car,pedestrian,car,pedestrian,car
32,Female,car,bus,2016,car,bus,car,bus,car,bus,car,bus,car,bus
31,Male,pedestrian,car,2014,pedestrian,car,pedestrian,car,pedestrian,car,pedestrian,car,pedestrian,car
33,Male,NA,bus,2016,pedestrian,bus,car,bus,car,bus,motorcycle,bus,motorcycle,bus
28,Male,car,truck,2016,car,truck,car,truck,car,truck,car,truck,car,truck
36,Male,car,pedestrian,2016,car,pedestrian,car,pedestrian,car,pedestrian,car,pedestrian,car,pedestrian
25,Male,car,car,2013,car,car,car,car,car,car,car,car,car,car
51,Male,pedestrian,car,2014,pedestrian,car,pedestrian,car,pedestrian,car,pedestrian,car,pedestrian,car
35,Female,pedestrian,car,2012,pedestrian,car,pedestrian,car,pedestrian,car,pedestrian,car,pedestrian,car
40,Male,car,car,2014,car,car,car,car,car,car,car,car,car,car
1,Male,pedestrian,car,2013,pedestrian,car,pedestrian,car,pedestrian,car,pedestrian,car,pedestrian,car
40,Male,car,bus,2015,car,bus,car,bus,car,bus,car,bus,car,bus
29,Female,car,car,2015,car,car,car,car,car,car,car,car,car,car
71,Male,car,car,2016,car,car,car,car,car,car,car,car,car,car
20,Male,car,car,2016,car,car,car,car,car,car,car,car,car,car
34,Male,car,NA,2016,car,bus,car,car,car,car,car,car,car,bus
52,Female,car,car,2016,car,car,car,car,car,car,car,car,car,car
26,Male,motorcycle,other,2012,motorcycle,other,motorcycle,other,motorcycle,other,motorcycle,other,motorcycle,other
18,Male,car,car,2012,car,car,car,car,car,car,car,car,car,car
58,Male,bus,car,2015,bus,car,bus,car,bus,car,bus,car,bus,car
40,Male,motorcycle,car,2013,motorcycle,car,motorcycle,car,motorcycle,car,motorcycle,car,motorcycle,car
30,Male,motorcycle,car,2013,motorcycle,car,motorcycle,car,motorcycle,car,motorcycle,car,motorcycle,car
35,Male,pedestrian,car,2015,pedestrian,car,pedestrian,car,pedestrian,car,pedestrian,car,pedestrian,car
54,Male,car,car,2016,car,car,car,car,car,car,car,car,car,car
31,Female,pedestrian,car,2016,pedestrian,car,pedestrian,car,pedestrian,car,pedestrian,car,pedestrian,car
34,Male,pedestrian,other,2014,pedestrian,other,pedestrian,other,pedestrian,other,pedestrian,other,pedestrian,other
28,Male,pedestrian,car,2016,pedestrian,car,pedestrian,car,pedestrian,car,pedestrian,car,pedestrian,car
73,Male,pedestrian,car,2015,pedestrian,car,pedestrian,car,pedestrian,car,pedestrian,car,pedestrian,car
3,Male,pedestrian,car,2013,pedestrian,car,pedestrian,car,pedestrian,car,pedestrian,car,pedestrian,car
39,Female,pedestrian,car,2015,pedestrian,car,pedestrian,car,pedestrian,car,pedestrian,car,pedestrian,car
56,Male,car,car,2014,car,car,car,car,car,car,car,car,car,car
45,Male,pedestrian,bus,2015,pedestrian,bus,pedestrian,bus,pedestrian,bus,pedestrian,bus,pedestrian,bus
37,Male,pedestrian,bus,2013,pedestrian,bus,pedestrian,bus,pedestrian,bus,pedestrian,bus,pedestrian,bus
76,Male,pedestrian,car,2013,pedestrian,car,pedestrian,car,pedestrian,car,pedestrian,car,pedestrian,car
29,Male,pedestrian,car,2015,pedestrian,car,pedestrian,car,pedestrian,car,pedestrian,car,pedestrian,car
5,Female,car,pedestrian,2012,car,pedestrian,car,pedestrian,car,pedestrian,car,pedestrian,car,pedestrian
72,Female,car,car,2013,car,car,car,car,car,car,car,car,car,car
9,Female,car,bus,2013,car,bus,car,bus,car,bus,car,bus,car,bus
53,Male,NA,car,2015,pedestrian,car,pedestrian,car,pedestrian,car,pedestrian,car,car,car
45,Male,pedestrian,NA,2013,pedestrian,bus,pedestrian,car,pedestrian,car,pedestrian,car,pedestrian,car
26,Male,car,car,2012,car,car,car,car,car,car,car,car,car,car
3,Female,car,bus,2015,car,bus,car,bus,car,bus,car,bus,car,bus
18,Female,pedestrian,bus,2012,pedestrian,bus,pedestrian,bus,pedestrian,bus,pedestrian,bus,pedestrian,bus
42,Male,motorcycle,car,2013,motorcycle,car,motorcycle,car,motorcycle,car,motorcycle,car,motorcycle,car
50,Male,car,bus,2015,car,bus,car,bus,car,bus,car,bus,car,bus
27,Male,car,car,2014,car,car,car,car,car,car,car,car,car,car
31,Male,car,car,2012,car,car,car,car,car,car,car,car,car,car
22,Female,car,car,2013,car,car,car,car,car,car,car,car,car,car
11,Male,pedestrian,car,2015,pedestrian,car,pedestrian,car,pedestrian,car,pedestrian,car,pedestrian,car
24,Male,pedestrian,NA,2016,pedestrian,car,pedestrian,car,pedestrian,car,pedestrian,car,pedestrian,car
39,Male,car,bus,2014,car,bus,car,bus,car,bus,car,bus,car,bus
33,Male,car,car,2013,car,car,car,car,car,car,car,car,car,car
15,Male,car,truck,2016,car,truck,car,truck,car,truck,car,truck,car,truck
50,Female,car,car,2013,car,car,car,car,car,car,car,car,car,car
44,Male,motorcycle,bus,2014,motorcycle,bus,motorcycle,bus,motorcycle,bus,motorcycle,bus,motorcycle,bus
37,Male,car,car,2016,car,car,car,car,car,car,car,car,car,car
5,Male,pedestrian,car,2016,pedestrian,car,pedestrian,car,pedestrian,car,pedestrian,car,pedestrian,car
64,Male,motorcycle,car,2016,motorcycle,car,motorcycle,car,motorcycle,car,motorcycle,car,motorcycle,car
51,Female,car,car,2013,car,car,car,car,car,car,car,car,car,car
32,Female,car,truck,2013,car,truck,car,truck,car,truck,car,truck,car,truck
35,Male,pedestrian,car,2016,pedestrian,car,pedestrian,car,pedestrian,car,pedestrian,car,pedestrian,car
5,Female,pedestrian,car,2014,pedestrian,car,pedestrian,car,pedestrian,car,pedestrian,car,pedestrian,car
26,Female,motorcycle,car,2015,motorcycle,car,motorcycle,car,motorcycle,car,motorcycle,car,motorcycle,car
29,Male,car,car,2016,car,car,car,car,car,car,car,car,car,car
22,Male,car,bus,2012,car,bus,car,bus,car,bus,car,bus,car,bus
59,Male,car,car,2014,car,car,car,car,car,car,car,car,car,car
4,Female,pedestrian,car,2015,pedestrian,car,pedestrian,car,pedestrian,car,pedestrian,car,pedestrian,car
25,Male,car,NA,2012,car,car,car,car,car,car,car,car,car,truck
64,Male,motorcycle,car,2012,motorcycle,car,motorcycle,car,motorcycle,car,motorcycle,car,motorcycle,car
51,Male,pedestrian,bus,2014,pedestrian,bus,pedestrian,bus,pedestrian,bus,pedestrian,bus,pedestrian,bus
34,Male,NA,car,2016,pedestrian,car,pedestrian,car,pedestrian,car,car,car,motorcycle,car
51,Male,motorcycle,car,2015,motorcycle,car,motorcycle,car,motorcycle,car,motorcycle,car,motorcycle,car
11,Male,pedestrian,car,2016,pedestrian,car,pedestrian,car,pedestrian,car,pedestrian,car,pedestrian,car
27,Male,motorcycle,NA,2014,motorcycle,car,motorcycle,car,motorcycle,car,motorcycle,car,motorcycle,car
62,Male,car,car,2013,car,car,car,car,car,car,car,car,car,car
53,Male,bicycle,car,2015,cycle,car,cycle,car,cycle,car,cycle,car,cycle,car
45,Male,pedestrian,car,2015,pedestrian,car,pedestrian,car,pedestrian,car,pedestrian,car,pedestrian,car
42,Male,car,car,2015,car,car,car,car,car,car,car,car,car,car
33,Male,car,car,2014,car,car,car,car,car,car,car,car,car,car
80,Male,bus,car,2014,bus,car,bus,car,bus,car,bus,car,bus,car
2,Male,car,car,2016,car,car,car,car,car,car,car,car,car,car
22,Male,pedestrian,car,2012,pedestrian,car,pedestrian,car,pedestrian,car,pedestrian,car,pedestrian,car
51,Female,bus,car,2016,bus,car,bus,car,bus,car,bus,car,bus,car
68,Male,car,car,2014,car,car,car,car,car,car,car,car,car,car
57,Male,motorcycle,car,2014,motorcycle,car,motorcycle,car,motorcycle,car,motorcycle,car,motorcycle,car
20,Male,car,car,2013,car,car,car,car,car,car,car,car,car,car
40,Male,pedestrian,motorcycle,2012,pedestrian,motorcycle,pedestrian,motorcycle,pedestrian,motorcycle,pedestrian,motorcycle,pedestrian,motorcycle
4,Female,car,car,2015,car,car,car,car,car,car,car,car,car,car
27,Male,car,car,2012,car,car,car,car,car,car,car,car,car,car
68,Male,pedestrian,car,2013,pedestrian,car,pedestrian,car,pedestrian,car,pedestrian,car,pedestrian,car
30,Male,car,car,2015,car,car,car,car,car,car,car,car,car,car
32,Male,motorcycle,car,2016,motorcycle,car,motorcycle,car,motorcycle,car,motorcycle,car,motorcycle,car
21,Female,car,NA,2016,car,car,car,car,car,car,car,bus,car,car
54,Male,pedestrian,bus,2012,pedestrian,bus,pedestrian,bus,pedestrian,bus,pedestrian,bus,pedestrian,bus
41,Male,bus,NA,2015,bus,bus,bus,pedestrian,bus,car,bus,bus,bus,car
66,Female,truck,car,2013,truck,car,truck,car,truck,car,truck,car,truck,car
55,Male,pedestrian,car,2016,pedestrian,car,pedestrian,car,pedestrian,car,pedestrian,car,pedestrian,car
25,Male,pedestrian,car,2016,pedestrian,car,pedestrian,car,pedestrian,car,pedestrian,car,pedestrian,car
60,Male,pedestrian,car,2012,pedestrian,car,pedestrian,car,pedestrian,car,pedestrian,car,pedestrian,car
33,Male,bus,car,2014,bus,car,bus,car,bus,car,bus,car,bus,car
21,Male,pedestrian,truck,2012,pedestrian,truck,pedestrian,truck,pedestrian,truck,pedestrian,truck,pedestrian,truck
57,Male,pedestrian,car,2015,pedestrian,car,pedestrian,car,pedestrian,car,pedestrian,car,pedestrian,car
25,Female,car,car,2012,car,car,car,car,car,car,car,car,car,car
23,Male,motorcycle,other,2015,motorcycle,other,motorcycle,other,motorcycle,other,motorcycle,other,motorcycle,other
21,Female,car,car,2016,car,car,car,car,car,car,car,car,car,car
77,Male,car,car,2013,car,car,car,car,car,car,car,car,car,car
39,Male,pedestrian,bus,2012,pedestrian,bus,pedestrian,bus,pedestrian,bus,pedestrian,bus,pedestrian,bus
43,Male,car,car,2013,car,car,car,car,car,car,car,car,car,car
32,Male,pedestrian,truck,2015,pedestrian,truck,pedestrian,truck,pedestrian,truck,pedestrian,truck,pedestrian,truck
38,Male,truck,NA,2016,truck,car,truck,car,truck,car,truck,car,truck,car
48,Male,motorcycle,car,2015,motorcycle,car,motorcycle,car,motorcycle,car,motorcycle,car,motorcycle,car
53,Male,car,car,2016,car,car,car,car,car,car,car,car,car,car
43,Male,pedestrian,truck,2016,pedestrian,truck,pedestrian,truck,pedestrian,truck,pedestrian,truck,pedestrian,truck
82,Female,pedestrian,car,2015,pedestrian,car,pedestrian,car,pedestrian,car,pedestrian,car,pedestrian,car
18,Male,bus,car,2013,bus,car,bus,car,bus,car,bus,car,bus,car
55,Male,car,car,2012,car,car,car,car,car,car,car,car,car,car
84,Female,pedestrian,NA,2015,pedestrian,car,pedestrian,other,pedestrian,bus,pedestrian,bus,pedestrian,car
44,Female,pedestrian,car,2012,pedestrian,car,pedestrian,car,pedestrian,car,pedestrian,car,pedestrian,car
23,Male,pedestrian,other,2014,pedestrian,other,pedestrian,other,pedestrian,other,pedestrian,other,pedestrian,other
43,Male,car,car,2015,car,car,car,car,car,car,car,car,car,car
6,Female,pedestrian,car,2014,pedestrian,car,pedestrian,car,pedestrian,car,pedestrian,car,pedestrian,car
19,Male,truck,car,2013,truck,car,truck,car,truck,car,truck,car,truck,car
24,Male,pedestrian,car,2016,pedestrian,car,pedestrian,car,pedestrian,car,pedestrian,car,pedestrian,car
30,Male,truck,car,2013,truck,car,truck,car,truck,car,truck,car,truck,car
54,Male,car,bus,2013,car,bus,car,bus,car,bus,car,bus,car,bus
49,Male,pedestrian,car,2016,pedestrian,car,pedestrian,car,pedestrian,car,pedestrian,car,pedestrian,car
24,Male,pedestrian,bus,2014,pedestrian,bus,pedestrian,bus,pedestrian,bus,pedestrian,bus,pedestrian,bus
40,Male,car,bus,2012,car,bus,car,bus,car,bus,car,bus,car,bus
25,Male,car,NA,2016,car,car,car,car,car,pedestrian,car,car,car,car
22,Female,car,car,2012,car,car,car,car,car,car,car,car,car,car
24,Female,car,car,2016,car,car,car,car,car,car,car,car,car,car
44,Female,pedestrian,car,2016,pedestrian,car,pedestrian,car,pedestrian,car,pedestrian,car,pedestrian,car
69,Female,car,car,2012,car,car,car,car,car,car,car,car,car,car
26,Male,NA,NA,2014,pedestrian,truck,pedestrian,bus,pedestrian,truck,car,car,pedestrian,car
35,Male,car,car,2014,car,car,car,car,car,car,car,car,car,car
3,Male,pedestrian,car,2013,pedestrian,car,pedestrian,car,pedestrian,car,pedestrian,car,pedestrian,car
34,Male,pedestrian,bus,2016,pedestrian,bus,pedestrian,bus,pedestrian,bus,pedestrian,bus,pedestrian,bus
43,Male,car,car,2014,car,car,car,car,car,car,car,car,car,car
21,Male,car,car,2014,car,car,car,car,car,car,car,car,car,car
46,Male,motorcycle,NA,2012,motorcycle,car,motorcycle,car,motorcycle,car,motorcycle,car,motorcycle,car
21,Male,car,car,2014,car,car,car,car,car,car,car,car,car,car
64,Male,truck,NA,2014,truck,bus,truck,car,truck,truck,truck,car,truck,car
43,Male,car,car,2012,car,car,car,car,car,car,car,car,car,car
4,Female,pedestrian,car,2013,pedestrian,car,pedestrian,car,pedestrian,car,pedestrian,car,pedestrian,car
3,Male,car,car,2016,car,car,car,car,car,car,car,car,car,car
1,Male,pedestrian,car,2016,pedestrian,car,pedestrian,car,pedestrian,car,pedestrian,car,pedestrian,car
38,Female,truck,other,2013,truck,other,truck,other,truck,other,truck,other,truck,other
51,Male,motorcycle,car,2014,motorcycle,car,motorcycle,car,motorcycle,car,motorcycle,car,motorcycle,car
40,Male,pedestrian,car,2013,pedestrian,car,pedestrian,car,pedestrian,car,pedestrian,car,pedestrian,car
31,Female,car,car,2014,car,car,car,car,car,car,car,car,car,car
21,Male,car,car,2013,car,car,car,car,car,car,car,car,car,car
22,Male,pedestrian,car,2012,pedestrian,car,pedestrian,car,pedestrian,car,pedestrian,car,pedestrian,car
28,Male,car,car,2013,car,car,car,car,car,car,car,car,car,car
29,Male,pedestrian,NA,2013,pedestrian,car,pedestrian,car,pedestrian,car,pedestrian,car,pedestrian,car
54,Male,car,car,2015,car,car,car,car,car,car,car,car,car,car
28,Male,pedestrian,bus,2012,pedestrian,bus,pedestrian,bus,pedestrian,bus,pedestrian,bus,pedestrian,bus
26,Male,car,car,2014,car,car,car,car,car,car,car,car,car,car
31,Male,car,car,2013,car,car,car,car,car,car,car,car,car,car
42,Male,pedestrian,truck,2016,pedestrian,truck,pedestrian,truck,pedestrian,truck,pedestrian,truck,pedestrian,truck
64,Male,pedestrian,bus,2015,pedestrian,bus,pedestrian,bus,pedestrian,bus,pedestrian,bus,pedestrian,bus
32,Female,pedestrian,car,2016,pedestrian,car,pedestrian,car,pedestrian,car,pedestrian,car,pedestrian,car
32,Male,pedestrian,car,2013,pedestrian,car,pedestrian,car,pedestrian,car,pedestrian,car,pedestrian,car
49,Male,car,car,2016,car,car,car,car,car,car,car,car,car,car
25,Male,car,car,2015,car,car,car,car,car,car,car,car,car,car
49,Male,pedestrian,car,2013,pedestrian,car,pedestrian,car,pedestrian,car,pedestrian,car,pedestrian,car
77,Male,car,bus,2012,car,bus,car,bus,car,bus,car,bus,car,bus
19,Female,car,car,2013,car,car,car,car,car,car,car,car,car,car
35,Male,pedestrian,car,2016,pedestrian,car,pedestrian,car,pedestrian,car,pedestrian,car,pedestrian,car
37,Male,car,car,2016,car,car,car,car,car,car,car,car,car,car
42,Male,motorcycle,bus,2016,motorcycle,bus,motorcycle,bus,motorcycle,bus,motorcycle,bus,motorcycle,bus
46,Female,pedestrian,NA,2013,pedestrian,car,pedestrian,car,pedestrian,car,pedestrian,bus,pedestrian,car
29,Male,NA,car,2013,motorcycle,car,pedestrian,car,pedestrian,car,pedestrian,car,pedestrian,car
25,Male,car,bus,2015,car,bus,car,bus,car,bus,car,bus,car,bus
1,Male,pedestrian,car,2013,pedestrian,car,pedestrian,car,pedestrian,car,pedestrian,car,pedestrian,car
34,Male,motorcycle,car,2016,motorcycle,car,motorcycle,car,motorcycle,car,motorcycle,car,motorcycle,car
1,Female,pedestrian,car,2015,pedestrian,car,pedestrian,car,pedestrian,car,pedestrian,car,pedestrian,car
32,Male,car,car,2012,car,car,car,car,car,car,car,car,car,car
26,Female,motorcycle,car,2012,motorcycle,car,motorcycle,car,motorcycle,car,motorcycle,car,motorcycle,car
57,Male,car,car,2012,car,car,car,car,car,car,car,car,car,car
45,Male,bicycle,car,2012,cycle,car,cycle,car,cycle,car,cycle,car,cycle,car
2,Male,pedestrian,car,2015,pedestrian,car,pedestrian,car,pedestrian,car,pedestrian,car,pedestrian,car
28,Male,pedestrian,bus,2013,pedestrian,bus,pedestrian,bus,pedestrian,bus,pedestrian,bus,pedestrian,bus
7,Female,pedestrian,car,2015,pedestrian,car,pedestrian,car,pedestrian,car,pedestrian,car,pedestrian,car
31,Male,car,car,2013,car,car,car,car,car,car,car,car,car,car
47,Male,pedestrian,car,2013,pedestrian,car,pedestrian,car,pedestrian,car,pedestrian,car,pedestrian,car
27,Male,pedestrian,truck,2015,pedestrian,truck,pedestrian,truck,pedestrian,truck,pedestrian,truck,pedestrian,truck
35,Male,car,car,2012,car,car,car,car,car,car,car,car,car,car
27,Male,motorcycle,truck,2012,motorcycle,truck,motorcycle,truck,motorcycle,truck,motorcycle,truck,motorcycle,truck
44,Male,pedestrian,car,2012,pedestrian,car,pedestrian,car,pedestrian,car,pedestrian,car,pedestrian,car
39,Male,motorcycle,car,2013,motorcycle,car,motorcycle,car,motorcycle,car,motorcycle,car,motorcycle,car
28,Female,car,bus,2016,car,bus,car,bus,car,bus,car,bus,car,bus
4,Male,car,car,2012,car,car,car,car,car,car,car,car,car,car
7,Male,pedestrian,car,2013,pedestrian,car,pedestrian,car,pedestrian,car,pedestrian,car,pedestrian,car
61,Male,pedestrian,bus,2015,pedestrian,bus,pedestrian,bus,pedestrian,bus,pedestrian,bus,pedestrian,bus
7,Female,pedestrian,bus,2013,pedestrian,bus,pedestrian,bus,pedestrian,bus,pedestrian,bus,pedestrian,bus
65,Male,bicycle,pedestrian,2013,cycle,pedestrian,cycle,pedestrian,cycle,pedestrian,cycle,pedestrian,cycle,pedestrian
63,Male,pedestrian,bus,2015,pedestrian,bus,pedestrian,bus,pedestrian,bus,pedestrian,bus,pedestrian,bus
47,Female,pedestrian,car,2012,pedestrian,car,pedestrian,car,pedestrian,car,pedestrian,car,pedestrian,car
29,Male,car,NA,2015,car,car,car,car,car,car,car,car,car,car
42,Male,pedestrian,car,2013,pedestrian,car,pedestrian,car,pedestrian,car,pedestrian,car,pedestrian,car
22,Male,other,car,2013,other,car,other,car,other,car,other,car,other,car
54,Female,car,car,2014,car,car,car,car,car,car,car,car,car,car
40,Male,car,car,2014,car,car,car,car,car,car,car,car,car,car
24,Male,car,bus,2015,car,bus,car,bus,car,bus,car,bus,car,bus
24,Male,pedestrian,other,2014,pedestrian,other,pedestrian,other,pedestrian,other,pedestrian,other,pedestrian,other
20,Male,car,car,2012,car,car,car,car,car,car,car,car,car,car
19,Male,car,car,2014,car,car,car,car,car,car,car,car,car,car
29,Male,pedestrian,car,2012,pedestrian,car,pedestrian,car,pedestrian,car,pedestrian,car,pedestrian,car
31,Male,car,car,2015,car,car,car,car,car,car,car,car,car,car
22,Male,pedestrian,car,2013,pedestrian,car,pedestrian,car,pedestrian,car,pedestrian,car,pedestrian,car
26,Female,car,bus,2013,car,bus,car,bus,car,bus,car,bus,car,bus
47,Female,pedestrian,other,2012,pedestrian,other,pedestrian,other,pedestrian,other,pedestrian,other,pedestrian,other
18,Male,car,car,2016,car,car,car,car,car,car,car,car,car,car
42,Male,car,car,2013,car,car,car,car,car,car,car,car,car,car
61,Male,pedestrian,bus,2014,pedestrian,bus,pedestrian,bus,pedestrian,bus,pedestrian,bus,pedestrian,bus
28,Male,car,car,2014,car,car,car,car,car,car,car,car,car,car
38,Female,car,car,2014,car,car,car,car,car,car,car,car,car,car
38,Male,pedestrian,car,2016,pedestrian,car,pedestrian,car,pedestrian,car,pedestrian,car,pedestrian,car
28,Male,car,car,2016,car,car,car,car,car,car,car,car,car,car
29,Male,pedestrian,car,2014,pedestrian,car,pedestrian,car,pedestrian,car,pedestrian,car,pedestrian,car
22,Male,pedestrian,car,2012,pedestrian,car,pedestrian,car,pedestrian,car,pedestrian,car,pedestrian,car
24,Male,pedestrian,car,2012,pedestrian,car,pedestrian,car,pedestrian,car,pedestrian,car,pedestrian,car
29,Male,pedestrian,car,2015,pedestrian,car,pedestrian,car,pedestrian,car,pedestrian,car,pedestrian,car
33,Male,motorcycle,car,2016,motorcycle,car,motorcycle,car,motorcycle,car,motorcycle,car,motorcycle,car
29,Male,pedestrian,NA,2016,pedestrian,car,pedestrian,truck,pedestrian,car,pedestrian,car,pedestrian,car
39,Male,pedestrian,car,2013,pedestrian,car,pedestrian,car,pedestrian,car,pedestrian,car,pedestrian,car
33,Male,pedestrian,car,2016,pedestrian,car,pedestrian,car,pedestrian,car,pedestrian,car,pedestrian,car
64,Male,motorcycle,car,2013,motorcycle,car,motorcycle,car,motorcycle,car,motorcycle,car,motorcycle,car
34,Male,truck,truck,2015,truck,truck,truck,truck,truck,truck,truck,truck,truck,truck
44,Male,motorcycle,car,2012,motorcycle,car,motorcycle,car,motorcycle,car,motorcycle,car,motorcycle,car
23,Male,motorcycle,bus,2015,motorcycle,bus,motorcycle,bus,motorcycle,bus,motorcycle,bus,motorcycle,bus
20,Male,car,car,2015,car,car,car,car,car,car,car,car,car,car
21,Male,pedestrian,car,2015,pedestrian,car,pedestrian,car,pedestrian,car,pedestrian,car,pedestrian,car
39,Male,pedestrian,car,2013,pedestrian,car,pedestrian,car,pedestrian,car,pedestrian,car,pedestrian,car
32,Male,pedestrian,car,2015,pedestrian,car,pedestrian,car,pedestrian,car,pedestrian,car,pedestrian,car
47,Female,car,bus,2012,car,bus,car,bus,car,bus,car,bus,car,bus
24,Male,car,truck,2015,car,truck,car,truck,car,truck,car,truck,car,truck
28,Male,car,car,2012,car,car,car,car,car,car,car,car,car,car
71,Male,pedestrian,truck,2012,pedestrian,truck,pedestrian,truck,pedestrian,truck,pedestrian,truck,pedestrian,truck
36,Male,pedestrian,car,2013,pedestrian,car,pedestrian,car,pedestrian,car,pedestrian,car,pedestrian,car
31,Male,pedestrian,car,2014,pedestrian,car,pedestrian,car,pedestrian,car,pedestrian,car,pedestrian,car
39,Male,bus,bus,2015,bus,bus,bus,bus,bus,bus,bus,bus,bus,bus
78,Female,car,car,2013,car,car,car,car,car,car,car,car,car,car
40,Male,pedestrian,car,2014,pedestrian,car,pedestrian,car,pedestrian,car,pedestrian,car,pedestrian,car
18,Male,car,car,2016,car,car,car,car,car,car,car,car,car,car
6,Male,pedestrian,bus,2015,pedestrian,bus,pedestrian,bus,pedestrian,bus,pedestrian,bus,pedestrian,bus
52,Female,motorcycle,car,2013,motorcycle,car,motorcycle,car,motorcycle,car,motorcycle,car,motorcycle,car
30,Male,car,bus,2016,car,bus,car,bus,car,bus,car,bus,car,bus
21,Male,car,car,2016,car,car,car,car,car,car,car,car,car,car
49,Female,pedestrian,bus,2012,pedestrian,bus,pedestrian,bus,pedestrian,bus,pedestrian,bus,pedestrian,bus
38,Male,car,car,2013,car,car,car,car,car,car,car,car,car,car
35,Male,car,car,2016,car,car,car,car,car,car,car,car,car,car
41,Female,car,car,2014,car,car,car,car,car,car,car,car,car,car
51,Male,pedestrian,car,2014,pedestrian,car,pedestrian,car,pedestrian,car,pedestrian,car,pedestrian,car
46,Female,car,other,2012,car,other,car,other,car,other,car,other,car,other
29,Female,pedestrian,car,2012,pedestrian,car,pedestrian,car,pedestrian,car,pedestrian,car,pedestrian,car
58,Male,car,car,2014,car,car,car,car,car,car,car,car,car,car
25,Male,bicycle,car,2012,cycle,car,cycle,car,cycle,car,cycle,car,cycle,car
35,Male,car,car,2015,car,car,car,car,car,car,car,car,car,car
39,Male,car,bus,2016,car,bus,car,bus,car,bus,car,bus,car,bus
47,Male,car,car,2015,car,car,car,car,car,car,car,car,car,car
50,Male,pedestrian,car,2013,pedestrian,car,pedestrian,car,pedestrian,car,pedestrian,car,pedestrian,car
68,Female,pedestrian,bus,2012,pedestrian,bus,pedestrian,bus,pedestrian,bus,pedestrian,bus,pedestrian,bus
35,Male,car,car,2015,car,car,car,car,car,car,car,car,car,car
30,Male,motorcycle,car,2013,motorcycle,car,motorcycle,car,motorcycle,car,motorcycle,car,motorcycle,car
6,Male,pedestrian,car,2012,pedestrian,car,pedestrian,car,pedestrian,car,pedestrian,car,pedestrian,car
40,Male,pedestrian,car,2014,pedestrian,car,pedestrian,car,pedestrian,car,pedestrian,car,pedestrian,car
19,Male,car,NA,2016,car,car,car,bus,car,motorcycle,car,car,car,bus
22,Male,motorcycle,truck,2012,motorcycle,truck,motorcycle,truck,motorcycle,truck,motorcycle,truck,motorcycle,truck
23,Male,car,car,2014,car,car,car,car,car,car,car,car,car,car
51,Male,car,car,2013,car,car,car,car,car,car,car,car,car,car
31,Female,car,bus,2016,car,bus,car,bus,car,bus,car,bus,car,bus
38,Male,pedestrian,car,2012,pedestrian,car,pedestrian,car,pedestrian,car,pedestrian,car,pedestrian,car
36,Female,bus,car,2013,bus,car,bus,car,bus,car,bus,car,bus,car
46,Male,car,car,2016,car,car,car,car,car,car,car,car,car,car
19,Male,truck,car,2016,truck,car,truck,car,truck,car,truck,car,truck,car
50,Male,pedestrian,car,2012,pedestrian,car,pedestrian,car,pedestrian,car,pedestrian,car,pedestrian,car
4,Female,car,bus,2015,car,bus,car,bus,car,bus,car,bus,car,bus
90,Female,car,car,2016,car,car,car,car,car,car,car,car,car,car
26,Female,car,car,2015,car,car,car,car,car,car,car,car,car,car
53,Male,car,car,2012,car,car,car,car,car,car,car,car,car,car
29,Male,motorcycle,car,2016,motorcycle,car,motorcycle,car,motorcycle,car,motorcycle,car,motorcycle,car
20,Female,car,car,2016,car,car,car,car,car,car,car,car,car,car
54,Female,pedestrian,car,2015,pedestrian,car,pedestrian,car,pedestrian,car,pedestrian,car,pedestrian,car
70,Female,pedestrian,other,2015,pedestrian,other,pedestrian,other,pedestrian,other,pedestrian,other,pedestrian,other
19,Male,pedestrian,car,2016,pedestrian,car,pedestrian,car,pedestrian,car,pedestrian,car,pedestrian,car
19,Male,bicycle,car,2015,cycle,car,cycle,car,cycle,car,cycle,car,cycle,car
40,Male,car,bus,2013,car,bus,car,bus,car,bus,car,bus,car,bus
17,Male,car,car,2015,car,car,car,car,car,car,car,car,car,car
38,Male,motorcycle,car,2014,motorcycle,car,motorcycle,car,motorcycle,car,motorcycle,car,motorcycle,car
30,Male,pedestrian,car,2015,pedestrian,car,pedestrian,car,pedestrian,car,pedestrian,car,pedestrian,car
49,Male,car,car,2013,car,car,car,car,car,car,car,car,car,car
30,Female,car,car,2016,car,car,car,car,car,car,car,car,car,car
28,Female,pedestrian,NA,2012,pedestrian,car,pedestrian,bus,pedestrian,car,pedestrian,car,pedestrian,bus
24,Female,car,car,2016,car,car,car,car,car,car,car,car,car,car
59,Female,car,car,2014,car,car,car,car,car,car,car,car,car,car
33,Male,bus,car,2013,bus,car,bus,car,bus,car,bus,car,bus,car
11,Female,pedestrian,car,2013,pedestrian,car,pedestrian,car,pedestrian,car,pedestrian,car,pedestrian,car
73,Male,pedestrian,bus,2013,pedestrian,bus,pedestrian,bus,pedestrian,bus,pedestrian,bus,pedestrian,bus
81,Male,motorcycle,car,2015,motorcycle,car,motorcycle,car,motorcycle,car,motorcycle,car,motorcycle,car
20,Male,pedestrian,car,2013,pedestrian,car,pedestrian,car,pedestrian,car,pedestrian,car,pedestrian,car
18,Male,car,car,2016,car,car,car,car,car,car,car,car,car,car
41,Female,motorcycle,car,2012,motorcycle,car,motorcycle,car,motorcycle,car,motorcycle,car,motorcycle,car
33,Male,car,NA,2013,car,bus,car,car,car,car,car,car,car,car
35,Male,truck,car,2013,truck,car,truck,car,truck,car,truck,car,truck,car
24,Male,car,bus,2012,car,bus,car,bus,car,bus,car,bus,car,bus
24,Male,pedestrian,bus,2013,pedestrian,bus,pedestrian,bus,pedestrian,bus,pedestrian,bus,pedestrian,bus
28,Male,car,car,2013,car,car,car,car,car,car,car,car,car,car
24,Male,car,car,2013,car,car,car,car,car,car,car,car,car,car
57,Male,car,car,2012,car,car,car,car,car,car,car,car,car,car
22,Male,pedestrian,car,2016,pedestrian,car,pedestrian,car,pedestrian,car,pedestrian,car,pedestrian,car
29,Male,pedestrian,car,2016,pedestrian,car,pedestrian,car,pedestrian,car,pedestrian,car,pedestrian,car
35,Male,pedestrian,car,2012,pedestrian,car,pedestrian,car,pedestrian,car,pedestrian,car,pedestrian,car
30,Male,motorcycle,bus,2015,motorcycle,bus,motorcycle,bus,motorcycle,bus,motorcycle,bus,motorcycle,bus
45,Male,car,bus,2012,car,bus,car,bus,car,bus,car,bus,car,bus
30,Male,pedestrian,car,2014,pedestrian,car,pedestrian,car,pedestrian,car,pedestrian,car,pedestrian,car
31,Male,car,car,2014,car,car,car,car,car,car,car,car,car,car
36,Male,car,car,2015,car,car,car,car,car,car,car,car,car,car
31,Male,car,car,2016,car,car,car,car,car,car,car,car,car,car
50,Male,car,bus,2014,car,bus,car,bus,car,bus,car,bus,car,bus
45,Female,car,truck,2016,car,truck,car,truck,car,truck,car,truck,car,truck
58,Male,pedestrian,car,2016,pedestrian,car,pedestrian,car,pedestrian,car,pedestrian,car,pedestrian,car
8,Female,car,car,2015,car,car,car,car,car,car,car,car,car,car
30,Female,car,bus,2016,car,bus,car,bus,car,bus,car,bus,car,bus
26,Male,pedestrian,car,2012,pedestrian,car,pedestrian,car,pedestrian,car,pedestrian,car,pedestrian,car
46,Male,pedestrian,car,2013,pedestrian,car,pedestrian,car,pedestrian,car,pedestrian,car,pedestrian,car
25,Male,car,car,2014,car,car,car,car,car,car,car,car,car,car
36,Female,pedestrian,NA,2016,pedestrian,other,pedestrian,car,pedestrian,car,pedestrian,motorcycle,pedestrian,car
22,Male,pedestrian,car,2014,pedestrian,car,pedestrian,car,pedestrian,car,pedestrian,car,pedestrian,car
23,Male,pedestrian,car,2014,pedestrian,car,pedestrian,car,pedestrian,car,pedestrian,car,pedestrian,car
29,Male,motorcycle,truck,2012,motorcycle,truck,motorcycle,truck,motorcycle,truck,motorcycle,truck,motorcycle,truck
41,Male,car,car,2014,car,car,car,car,car,car,car,car,car,car
19,Female,car,pedestrian,2012,car,pedestrian,car,pedestrian,car,pedestrian,car,pedestrian,car,pedestrian
21,Female,car,car,2012,car,car,car,car,car,car,car,car,car,car
2,Male,pedestrian,bus,2016,pedestrian,bus,pedestrian,bus,pedestrian,bus,pedestrian,bus,pedestrian,bus
29,Male,pedestrian,car,2015,pedestrian,car,pedestrian,car,pedestrian,car,pedestrian,car,pedestrian,car
41,Male,car,car,2012,car,car,car,car,car,car,car,car,car,car
45,Male,motorcycle,car,2012,motorcycle,car,motorcycle,car,motorcycle,car,motorcycle,car,motorcycle,car
27,Male,car,bus,2015,car,bus,car,bus,car,bus,car,bus,car,bus
20,Female,car,pedestrian,2013,car,pedestrian,car,pedestrian,car,pedestrian,car,pedestrian,car,pedestrian
49,Male,bus,bus,2013,bus,bus,bus,bus,bus,bus,bus,bus,bus,bus
25,Male,pedestrian,truck,2014,pedestrian,truck,pedestrian,truck,pedestrian,truck,pedestrian,truck,pedestrian,truck
21,Male,pedestrian,car,2014,pedestrian,car,pedestrian,car,pedestrian,car,pedestrian,car,pedestrian,car
31,Male,pedestrian,bus,2016,pedestrian,bus,pedestrian,bus,pedestrian,bus,pedestrian,bus,pedestrian,bus
33,Male,car,car,2015,car,car,car,car,car,car,car,car,car,car
2,Female,pedestrian,car,2014,pedestrian,car,pedestrian,car,pedestrian,car,pedestrian,car,pedestrian,car
61,Female,pedestrian,car,2014,pedestrian,car,pedestrian,car,pedestrian,car,pedestrian,car,pedestrian,car
4,Male,pedestrian,car,2013,pedestrian,car,pedestrian,car,pedestrian,car,pedestrian,car,pedestrian,car
76,Female,pedestrian,car,2013,pedestrian,car,pedestrian,car,pedestrian,car,pedestrian,car,pedestrian,car
3,Male,pedestrian,car,2016,pedestrian,car,pedestrian,car,pedestrian,car,pedestrian,car,pedestrian,car
43,Male,pedestrian,truck,2014,pedestrian,truck,pedestrian,truck,pedestrian,truck,pedestrian,truck,pedestrian,truck
34,Male,pedestrian,car,2016,pedestrian,car,pedestrian,car,pedestrian,car,pedestrian,car,pedestrian,car
40,Male,car,car,2014,car,car,car,car,car,car,car,car,car,car
51,Male,pedestrian,car,2012,pedestrian,car,pedestrian,car,pedestrian,car,pedestrian,car,pedestrian,car
8,Female,other,car,2012,other,car,other,car,other,car,other,car,other,car
29,Male,motorcycle,car,2015,motorcycle,car,motorcycle,car,motorcycle,car,motorcycle,car,motorcycle,car
31,Male,car,car,2015,car,car,car,car,car,car,car,car,car,car
65,Female,car,car,2015,car,car,car,car,car,car,car,car,car,car
23,Male,bicycle,NA,2016,cycle,car,cycle,car,cycle,other,cycle,car,cycle,car
65,Male,car,car,2015,car,car,car,car,car,car,car,car,car,car
59,Male,car,truck,2016,car,truck,car,truck,car,truck,car,truck,car,truck
18,Male,pedestrian,car,2016,pedestrian,car,pedestrian,car,pedestrian,car,pedestrian,car,pedestrian,car
49,Female,pedestrian,car,2016,pedestrian,car,pedestrian,car,pedestrian,car,pedestrian,car,pedestrian,car
52,Male,motorcycle,car,2015,motorcycle,car,motorcycle,car,motorcycle,car,motorcycle,car,motorcycle,car
22,Male,pedestrian,car,2016,pedestrian,car,pedestrian,car,pedestrian,car,pedestrian,car,pedestrian,car
28,Male,pedestrian,bus,2015,pedestrian,bus,pedestrian,bus,pedestrian,bus,pedestrian,bus,pedestrian,bus
33,Male,car,car,2013,car,car,car,car,car,car,car,car,car,car
3,Male,pedestrian,car,2016,pedestrian,car,pedestrian,car,pedestrian,car,pedestrian,car,pedestrian,car
21,Female,car,car,2013,car,car,car,car,car,car,car,car,car,car
44,Female,pedestrian,car,2012,pedestrian,car,pedestrian,car,pedestrian,car,pedestrian,car,pedestrian,car
55,Female,pedestrian,car,2015,pedestrian,car,pedestrian,car,pedestrian,car,pedestrian,car,pedestrian,car
3,Female,pedestrian,car,2015,pedestrian,car,pedestrian,car,pedestrian,car,pedestrian,car,pedestrian,car
32,Male,car,other,2013,car,other,car,other,car,other,car,other,car,other
21,Male,motorcycle,bicycle,2016,motorcycle,cycle,motorcycle,cycle,motorcycle,cycle,motorcycle,cycle,motorcycle,cycle
38,Male,bicycle,truck,2015,cycle,truck,cycle,truck,cycle,truck,cycle,truck,cycle,truck
81,Female,bus,car,2016,bus,car,bus,car,bus,car,bus,car,bus,car
37,Male,pedestrian,truck,2016,pedestrian,truck,pedestrian,truck,pedestrian,truck,pedestrian,truck,pedestrian,truck
47,Male,pedestrian,car,2013,pedestrian,car,pedestrian,car,pedestrian,car,pedestrian,car,pedestrian,car
36,Male,motorcycle,car,2012,motorcycle,car,motorcycle,car,motorcycle,car,motorcycle,car,motorcycle,car
73,Male,car,car,2016,car,car,car,car,car,car,car,car,car,car
54,Male,car,car,2013,car,car,car,car,car,car,car,car,car,car
42,Male,bus,car,2015,bus,car,bus,car,bus,car,bus,car,bus,car
30,Female,car,car,2015,car,car,car,car,car,car,car,car,car,car
33,Male,pedestrian,car,2015,pedestrian,car,pedestrian,car,pedestrian,car,pedestrian,car,pedestrian,car
31,Male,car,car,2014,car,car,car,car,car,car,car,car,car,car
32,Male,motorcycle,car,2015,motorcycle,car,motorcycle,car,motorcycle,car,motorcycle,car,motorcycle,car
18,Male,pedestrian,car,2012,pedestrian,car,pedestrian,car,pedestrian,car,pedestrian,car,pedestrian,car
2,Male,pedestrian,car,2014,pedestrian,car,pedestrian,car,pedestrian,car,pedestrian,car,pedestrian,car
4,Female,pedestrian,car,2012,pedestrian,car,pedestrian,car,pedestrian,car,pedestrian,car,pedestrian,car
53,Male,pedestrian,bus,2016,pedestrian,bus,pedestrian,bus,pedestrian,bus,pedestrian,bus,pedestrian,bus
39,Male,truck,car,2012,truck,car,truck,car,truck,car,truck,car,truck,car
25,Male,pedestrian,car,2015,pedestrian,car,pedestrian,car,pedestrian,car,pedestrian,car,pedestrian,car
1,Male,pedestrian,car,2015,pedestrian,car,pedestrian,car,pedestrian,car,pedestrian,car,pedestrian,car
57,Male,pedestrian,car,2012,pedestrian,car,pedestrian,car,pedestrian,car,pedestrian,car,pedestrian,car
22,Male,bus,pedestrian,2016,bus,pedestrian,bus,pedestrian,bus,pedestrian,bus,pedestrian,bus,pedestrian
25,Male,pedestrian,car,2012,pedestrian,car,pedestrian,car,pedestrian,car,pedestrian,car,pedestrian,car
36,Female,car,truck,2013,car,truck,car,truck,car,truck,car,truck,car,truck
15,Male,car,bus,2012,car,bus,car,bus,car,bus,car,bus,car,bus
22,Male,motorcycle,NA,2015,motorcycle,car,motorcycle,car,motorcycle,bus,motorcycle,other,motorcycle,car
63,Male,pedestrian,bus,2016,pedestrian,bus,pedestrian,bus,pedestrian,bus,pedestrian,bus,pedestrian,bus
44,Male,car,car,2013,car,car,car,car,car,car,car,car,car,car
39,Female,car,bus,2014,car,bus,car,bus,car,bus,car,bus,car,bus
33,Male,car,other,2015,car,other,car,other,car,other,car,other,car,other
6,Male,pedestrian,NA,2013,pedestrian,other,pedestrian,bus,pedestrian,car,pedestrian,car,pedestrian,car
48,Male,bicycle,car,2016,cycle,car,cycle,car,cycle,car,cycle,car,cycle,car
30,Male,pedestrian,car,2014,pedestrian,car,pedestrian,car,pedestrian,car,pedestrian,car,pedestrian,car
39,Female,pedestrian,car,2015,pedestrian,car,pedestrian,car,pedestrian,car,pedestrian,car,pedestrian,car
47,Male,pedestrian,car,2015,pedestrian,car,pedestrian,car,pedestrian,car,pedestrian,car,pedestrian,car
58,Female,pedestrian,car,2015,pedestrian,car,pedestrian,car,pedestrian,car,pedestrian,car,pedestrian,car
19,Male,pedestrian,bus,2015,pedestrian,bus,pedestrian,bus,pedestrian,bus,pedestrian,bus,pedestrian,bus
57,Male,pedestrian,car,2012,pedestrian,car,pedestrian,car,pedestrian,car,pedestrian,car,pedestrian,car
32,Male,pedestrian,car,2014,pedestrian,car,pedestrian,car,pedestrian,car,pedestrian,car,pedestrian,car
39,Male,truck,car,2012,truck,car,truck,car,truck,car,truck,car,truck,car
29,Female,pedestrian,bus,2016,pedestrian,bus,pedestrian,bus,pedestrian,bus,pedestrian,bus,pedestrian,bus
31,Male,car,car,2014,car,car,car,car,car,car,car,car,car,car
37,Male,pedestrian,NA,2012,pedestrian,car,pedestrian,car,pedestrian,motorcycle,pedestrian,car,pedestrian,car
41,Male,pedestrian,car,2014,pedestrian,car,pedestrian,car,pedestrian,car,pedestrian,car,pedestrian,car
70,Female,bicycle,car,2016,cycle,car,cycle,car,cycle,car,cycle,car,cycle,car
65,Male,car,NA,2015,car,pedestrian,car,car,car,truck,car,car,car,car
39,Male,car,car,2013,car,car,car,car,car,car,car,car,car,car
20,Male,motorcycle,other,2016,motorcycle,other,motorcycle,other,motorcycle,other,motorcycle,other,motorcycle,other
20,Male,car,car,2013,car,car,car,car,car,car,car,car,car,car
42,Female,pedestrian,car,2015,pedestrian,car,pedestrian,car,pedestrian,car,pedestrian,car,pedestrian,car
50,Male,pedestrian,car,2013,pedestrian,car,pedestrian,car,pedestrian,car,pedestrian,car,pedestrian,car
39,Male,pedestrian,car,2012,pedestrian,car,pedestrian,car,pedestrian,car,pedestrian,car,pedestrian,car
4,Male,pedestrian,car,2014,pedestrian,car,pedestrian,car,pedestrian,car,pedestrian,car,pedestrian,car
72,Male,bicycle,car,2016,cycle,car,cycle,car,cycle,car,cycle,car,cycle,car
39,Male,motorcycle,car,2015,motorcycle,car,motorcycle,car,motorcycle,car,motorcycle,car,motorcycle,car
52,Female,pedestrian,car,2016,pedestrian,car,pedestrian,car,pedestrian,car,pedestrian,car,pedestrian,car
58,Male,pedestrian,car,2012,pedestrian,car,pedestrian,car,pedestrian,car,pedestrian,car,pedestrian,car
52,Female,pedestrian,motorcycle,2015,pedestrian,motorcycle,pedestrian,motorcycle,pedestrian,motorcycle,pedestrian,motorcycle,pedestrian,motorcycle
69,Male,pedestrian,car,2015,pedestrian,car,pedestrian,car,pedestrian,car,pedestrian,car,pedestrian,car
4,Male,pedestrian,car,2013,pedestrian,car,pedestrian,car,pedestrian,car,pedestrian,car,pedestrian,car
20,Male,car,car,2012,car,car,car,car,car,car,car,car,car,car
42,Male,pedestrian,car,2012,pedestrian,car,pedestrian,car,pedestrian,car,pedestrian,car,pedestrian,car
63,Female,pedestrian,car,2016,pedestrian,car,pedestrian,car,pedestrian,car,pedestrian,car,pedestrian,car
33,Female,pedestrian,car,2014,pedestrian,car,pedestrian,car,pedestrian,car,pedestrian,car,pedestrian,car
38,Male,car,car,2016,car,car,car,car,car,car,car,car,car,car
30,Male,pedestrian,car,2012,pedestrian,car,pedestrian,car,pedestrian,car,pedestrian,car,pedestrian,car
49,Female,pedestrian,car,2016,pedestrian,car,pedestrian,car,pedestrian,car,pedestrian,car,pedestrian,car
51,Male,car,car,2014,car,car,car,car,car,car,car,car,car,car
14,Female,car,car,2015,car,car,car,car,car,car,car,car,car,car
12,Female,pedestrian,car,2016,pedestrian,car,pedestrian,car,pedestrian,car,pedestrian,car,pedestrian,car
36,Male,pedestrian,car,2014,pedestrian,car,pedestrian,car,pedestrian,car,pedestrian,car,pedestrian,car
61,Male,car,NA,2013,car,bus,car,bus,car,bus,car,car,car,car
56,Female,car,NA,2013,car,car,car,bus,car,car,car,car,car,car
30,Female,car,NA,2016,car,bus,car,car,car,bus,car,car,car,car
29,Male,car,car,2015,car,car,car,car,car,car,car,car,car,car
59,Male,car,bus,2016,car,bus,car,bus,car,bus,car,bus,car,bus
3,Male,car,car,2012,car,car,car,car,car,car,car,car,car,car
27,Male,motorcycle,car,2016,motorcycle,car,motorcycle,car,motorcycle,car,motorcycle,car,motorcycle,car
20,Male,car,NA,2012,car,car,car,car,car,car,car,car,car,car
23,Male,car,bus,2016,car,bus,car,bus,car,bus,car,bus,car,bus
53,Male,car,car,2014,car,car,car,car,car,car,car,car,car,car
37,Male,pedestrian,car,2012,pedestrian,car,pedestrian,car,pedestrian,car,pedestrian,car,pedestrian,car
65,Male,pedestrian,truck,2012,pedestrian,truck,pedestrian,truck,pedestrian,truck,pedestrian,truck,pedestrian,truck
52,Male,pedestrian,car,2015,pedestrian,car,pedestrian,car,pedestrian,car,pedestrian,car,pedestrian,car
31,Male,car,car,2014,car,car,car,car,car,car,car,car,car,car
38,Male,car,car,2012,car,car,car,car,car,car,car,car,car,car
35,Female,NA,bus,2013,bus,bus,car,bus,pedestrian,bus,pedestrian,bus,car,bus
27,Male,pedestrian,bus,2016,pedestrian,bus,pedestrian,bus,pedestrian,bus,pedestrian,bus,pedestrian,bus
39,Female,bicycle,pedestrian,2015,cycle,pedestrian,cycle,pedestrian,cycle,pedestrian,cycle,pedestrian,cycle,pedestrian
53,Female,car,bus,2015,car,bus,car,bus,car,bus,car,bus,car,bus
33,Male,pedestrian,car,2013,pedestrian,car,pedestrian,car,pedestrian,car,pedestrian,car,pedestrian,car
63,Male,car,car,2014,car,car,car,car,car,car,car,car,car,car
41,Male,motorcycle,car,2015,motorcycle,car,motorcycle,car,motorcycle,car,motorcycle,car,motorcycle,car
28,Male,truck,car,2016,truck,car,truck,car,truck,car,truck,car,truck,car
47,Female,car,bus,2012,car,bus,car,bus,car,bus,car,bus,car,bus
2,Female,car,car,2014,car,car,car,car,car,car,car,car,car,car
61,Male,pedestrian,bus,2016,pedestrian,bus,pedestrian,bus,pedestrian,bus,pedestrian,bus,pedestrian,bus
33,Male,motorcycle,bus,2012,motorcycle,bus,motorcycle,bus,motorcycle,bus,motorcycle,bus,motorcycle,bus
24,Male,car,car,2012,car,car,car,car,car,car,car,car,car,car
41,Female,motorcycle,car,2015,motorcycle,car,motorcycle,car,motorcycle,car,motorcycle,car,motorcycle,car
70,Male,pedestrian,NA,2016,pedestrian,car,pedestrian,car,pedestrian,motorcycle,pedestrian,car,pedestrian,bus
29,Male,car,car,2016,car,car,car,car,car,car,car,car,car,car
23,Male,pedestrian,car,2015,pedestrian,car,pedestrian,car,pedestrian,car,pedestrian,car,pedestrian,car
6,Male,car,car,2012,car,car,car,car,car,car,car,car,car,car
29,Male,car,car,2014,car,car,car,car,car,car,car,car,car,car
48,Female,pedestrian,truck,2016,pedestrian,truck,pedestrian,truck,pedestrian,truck,pedestrian,truck,pedestrian,truck
78,Male,pedestrian,car,2015,pedestrian,car,pedestrian,car,pedestrian,car,pedestrian,car,pedestrian,car
50,Male,car,car,2015,car,car,car,car,car,car,car,car,car,car
32,Female,car,pedestrian,2012,car,pedestrian,car,pedestrian,car,pedestrian,car,pedestrian,car,pedestrian
26,Male,car,bus,2014,car,bus,car,bus,car,bus,car,bus,car,bus
32,Female,pedestrian,NA,2016,pedestrian,bus,pedestrian,car,pedestrian,car,pedestrian,car,pedestrian,car
46,Male,pedestrian,car,2014,pedestrian,car,pedestrian,car,pedestrian,car,pedestrian,car,pedestrian,car
5,Male,pedestrian,car,2016,pedestrian,car,pedestrian,car,pedestrian,car,pedestrian,car,pedestrian,car
4,Female,pedestrian,car,2012,pedestrian,car,pedestrian,car,pedestrian,car,pedestrian,car,pedestrian,car
41,Male,car,truck,2015,car,truck,car,truck,car,truck,car,truck,car,truck
9,Male,pedestrian,NA,2014,pedestrian,car,pedestrian,bus,pedestrian,car,pedestrian,truck,pedestrian,truck
23,Male,pedestrian,NA,2016,pedestrian,bus,pedestrian,car,pedestrian,bus,pedestrian,car,pedestrian,car
50,Male,bus,pedestrian,2015,bus,pedestrian,bus,pedestrian,bus,pedestrian,bus,pedestrian,bus,pedestrian
42,Female,pedestrian,car,2012,pedestrian,car,pedestrian,car,pedestrian,car,pedestrian,car,pedestrian,car
26,Male,car,car,2015,car,car,car,car,car,car,car,car,car,car
60,Female,pedestrian,car,2015,pedestrian,car,pedestrian,car,pedestrian,car,pedestrian,car,pedestrian,car
48,Female,pedestrian,car,2012,pedestrian,car,pedestrian,car,pedestrian,car,pedestrian,car,pedestrian,car
38,Male,pedestrian,car,2013,pedestrian,car,pedestrian,car,pedestrian,car,pedestrian,car,pedestrian,car
40,Male,car,NA,2016,car,car,car,car,car,car,car,car,car,car
52,Female,pedestrian,car,2012,pedestrian,car,pedestrian,car,pedestrian,car,pedestrian,car,pedestrian,car
64,Male,car,car,2014,car,car,car,car,car,car,car,car,car,car
68,Female,pedestrian,car,2015,pedestrian,car,pedestrian,car,pedestrian,car,pedestrian,car,pedestrian,car
20,Male,car,NA,2016,car,car,car,car,car,bus,car,car,car,car
14,Male,pedestrian,car,2014,pedestrian,car,pedestrian,car,pedestrian,car,pedestrian,car,pedestrian,car
53,Female,pedestrian,bus,2015,pedestrian,bus,pedestrian,bus,pedestrian,bus,pedestrian,bus,pedestrian,bus
22,Female,car,car,2014,car,car,car,car,car,car,car,car,car,car
24,Female,car,car,2014,car,car,car,car,car,car,car,car,car,car
1,Male,pedestrian,car,2014,pedestrian,car,pedestrian,car,pedestrian,car,pedestrian,car,pedestrian,car
18,Female,car,pedestrian,2014,car,pedestrian,car,pedestrian,car,pedestrian,car,pedestrian,car,pedestrian
40,Male,car,car,2015,car,car,car,car,car,car,car,car,car,car
22,Male,car,car,2013,car,car,car,car,car,car,car,car,car,car
23,Male,car,car,2013,car,car,car,car,car,car,car,car,car,car
26,Male,bus,bus,2014,bus,bus,bus,bus,bus,bus,bus,bus,bus,bus
57,Male,pedestrian,car,2012,pedestrian,car,pedestrian,car,pedestrian,car,pedestrian,car,pedestrian,car
51,Female,pedestrian,car,2016,pedestrian,car,pedestrian,car,pedestrian,car,pedestrian,car,pedestrian,car
40,Male,pedestrian,car,2013,pedestrian,car,pedestrian,car,pedestrian,car,pedestrian,car,pedestrian,car
49,Female,pedestrian,bus,2013,pedestrian,bus,pedestrian,bus,pedestrian,bus,pedestrian,bus,pedestrian,bus
38,Male,pedestrian,car,2015,pedestrian,car,pedestrian,car,pedestrian,car,pedestrian,car,pedestrian,car
61,Male,car,car,2015,car,car,car,car,car,car,car,car,car,car
22,Male,pedestrian,car,2013,pedestrian,car,pedestrian,car,pedestrian,car,pedestrian,car,pedestrian,car
1,Male,pedestrian,car,2015,pedestrian,car,pedestrian,car,pedestrian,car,pedestrian,car,pedestrian,car
32,Male,car,bus,2014,car,bus,car,bus,car,bus,car,bus,car,bus
26,Male,car,car,2014,car,car,car,car,car,car,car,car,car,car
32,Female,car,motorcycle,2015,car,motorcycle,car,motorcycle,car,motorcycle,car,motorcycle,car,motorcycle
39,Male,car,car,2013,car,car,car,car,car,car,car,car,car,car
1,Female,pedestrian,car,2012,pedestrian,car,pedestrian,car,pedestrian,car,pedestrian,car,pedestrian,car
23,Female,pedestrian,car,2015,pedestrian,car,pedestrian,car,pedestrian,car,pedestrian,car,pedestrian,car
29,Male,car,car,2013,car,car,car,car,car,car,car,car,car,car
64,Male,pedestrian,car,2014,pedestrian,car,pedestrian,car,pedestrian,car,pedestrian,car,pedestrian,car
24,Male,pedestrian,bus,2012,pedestrian,bus,pedestrian,bus,pedestrian,bus,pedestrian,bus,pedestrian,bus
26,Female,pedestrian,car,2015,pedestrian,car,pedestrian,car,pedestrian,car,pedestrian,car,pedestrian,car
25,Male,pedestrian,car,2012,pedestrian,car,pedestrian,car,pedestrian,car,pedestrian,car,pedestrian,car
19,Male,pedestrian,car,2012,pedestrian,car,pedestrian,car,pedestrian,car,pedestrian,car,pedestrian,car
30,Male,motorcycle,car,2015,motorcycle,car,motorcycle,car,motorcycle,car,motorcycle,car,motorcycle,car
33,Male,car,car,2012,car,car,car,car,car,car,car,car,car,car
42,Male,pedestrian,car,2016,pedestrian,car,pedestrian,car,pedestrian,car,pedestrian,car,pedestrian,car
24,Male,car,car,2016,car,car,car,car,car,car,car,car,car,car
24,Male,car,car,2012,car,car,car,car,car,car,car,car,car,car
70,Male,bicycle,car,2016,cycle,car,cycle,car,cycle,car,cycle,car,cycle,car
24,Male,pedestrian,car,2012,pedestrian,car,pedestrian,car,pedestrian,car,pedestrian,car,pedestrian,car
60,Male,pedestrian,car,2013,pedestrian,car,pedestrian,car,pedestrian,car,pedestrian,car,pedestrian,car
31,Male,motorcycle,car,2015,motorcycle,car,motorcycle,car,motorcycle,car,motorcycle,car,motorcycle,car
16,Male,pedestrian,car,2015,pedestrian,car,pedestrian,car,pedestrian,car,pedestrian,car,pedestrian,car
44,Male,car,bus,2014,car,bus,car,bus,car,bus,car,bus,car,bus
24,Male,car,car,2015,car,car,car,car,car,car,car,car,car,car
30,Male,car,car,2016,car,car,car,car,car,car,car,car,car,car
55,Male,car,car,2016,car,car,car,car,car,car,car,car,car,car
46,Female,car,bus,2013,car,bus,car,bus,car,bus,car,bus,car,bus
6,Male,pedestrian,car,2016,pedestrian,car,pedestrian,car,pedestrian,car,pedestrian,car,pedestrian,car
48,Male,pedestrian,NA,2012,pedestrian,bus,pedestrian,truck,pedestrian,car,pedestrian,car,pedestrian,car
21,Male,pedestrian,car,2015,pedestrian,car,pedestrian,car,pedestrian,car,pedestrian,car,pedestrian,car
41,Male,motorcycle,car,2012,motorcycle,car,motorcycle,car,motorcycle,car,motorcycle,car,motorcycle,car
25,Female,bus,car,2015,bus,car,bus,car,bus,car,bus,car,bus,car
25,Male,pedestrian,car,2016,pedestrian,car,pedestrian,car,pedestrian,car,pedestrian,car,pedestrian,car
35,Male,bus,car,2016,bus,car,bus,car,bus,car,bus,car,bus,car
28,Female,car,car,2014,car,car,car,car,car,car,car,car,car,car
27,Male,other,car,2014,other,car,other,car,other,car,other,car,other,car
48,Male,motorcycle,car,2015,motorcycle,car,motorcycle,car,motorcycle,car,motorcycle,car,motorcycle,car
36,Male,car,NA,2015,car,car,car,car,car,car,car,car,car,car
51,Male,pedestrian,truck,2013,pedestrian,truck,pedestrian,truck,pedestrian,truck,pedestrian,truck,pedestrian,truck
29,Female,NA,bus,2012,pedestrian,bus,car,bus,pedestrian,bus,car,bus,pedestrian,bus
22,Female,pedestrian,bus,2014,pedestrian,bus,pedestrian,bus,pedestrian,bus,pedestrian,bus,pedestrian,bus
37,Male,car,car,2016,car,car,car,car,car,car,car,car,car,car
57,Male,car,car,2014,car,car,car,car,car,car,car,car,car,car
49,Male,car,truck,2016,car,truck,car,truck,car,truck,car,truck,car,truck
51,Male,car,bus,2016,car,bus,car,bus,car,bus,car,bus,car,bus
39,Male,pedestrian,car,2012,pedestrian,car,pedestrian,car,pedestrian,car,pedestrian,car,pedestrian,car
56,Male,car,car,2012,car,car,car,car,car,car,car,car,car,car
47,Male,car,car,2015,car,car,car,car,car,car,car,car,car,car
36,Male,car,car,2014,car,car,car,car,car,car,car,car,car,car
29,Male,car,car,2016,car,car,car,car,car,car,car,car,car,car
24,Male,pedestrian,car,2016,pedestrian,car,pedestrian,car,pedestrian,car,pedestrian,car,pedestrian,car
44,Male,car,car,2012,car,car,car,car,car,car,car,car,car,car
54,Male,pedestrian,car,2015,pedestrian,car,pedestrian,car,pedestrian,car,pedestrian,car,pedestrian,car
45,Male,pedestrian,other,2015,pedestrian,other,pedestrian,other,pedestrian,other,pedestrian,other,pedestrian,other
25,Male,car,car,2012,car,car,car,car,car,car,car,car,car,car
39,Male,pedestrian,truck,2015,pedestrian,truck,pedestrian,truck,pedestrian,truck,pedestrian,truck,pedestrian,truck
39,Male,car,car,2012,car,car,car,car,car,car,car,car,car,car
39,Male,car,car,2012,car,car,car,car,car,car,car,car,car,car
70,Female,pedestrian,car,2016,pedestrian,car,pedestrian,car,pedestrian,car,pedestrian,car,pedestrian,car
18,Male,bus,bus,2012,bus,bus,bus,bus,bus,bus,bus,bus,bus,bus
34,Male,car,bus,2013,car,bus,car,bus,car,bus,car,bus,car,bus
24,Male,car,car,2013,car,car,car,car,car,car,car,car,car,car
25,Male,car,car,2014,car,car,car,car,car,car,car,car,car,car
31,Male,bus,bus,2016,bus,bus,bus,bus,bus,bus,bus,bus,bus,bus
30,Male,bus,car,2016,bus,car,bus,car,bus,car,bus,car,bus,car
24,Female,car,car,2013,car,car,car,car,car,car,car,car,car,car
4,Male,car,car,2015,car,car,car,car,car,car,car,car,car,car
42,Female,car,bus,2012,car,bus,car,bus,car,bus,car,bus,car,bus
35,Male,pedestrian,car,2016,pedestrian,car,pedestrian,car,pedestrian,car,pedestrian,car,pedestrian,car
53,Male,car,car,2015,car,car,car,car,car,car,car,car,car,car
32,Male,pedestrian,bus,2013,pedestrian,bus,pedestrian,bus,pedestrian,bus,pedestrian,bus,pedestrian,bus
41,Female,car,car,2012,car,car,car,car,car,car,car,car,car,car
64,Male,pedestrian,car,2016,pedestrian,car,pedestrian,car,pedestrian,car,pedestrian,car,pedestrian,car
64,Male,pedestrian,car,2016,pedestrian,car,pedestrian,car,pedestrian,car,pedestrian,car,pedestrian,car
59,Male,pedestrian,bus,2016,pedestrian,bus,pedestrian,bus,pedestrian,bus,pedestrian,bus,pedestrian,bus
54,Male,pedestrian,car,2015,pedestrian,car,pedestrian,car,pedestrian,car,pedestrian,car,pedestrian,car
1,Male,car,car,2014,car,car,car,car,car,car,car,car,car,car
33,Female,car,bus,2012,car,bus,car,bus,car,bus,car,bus,car,bus
50,Female,car,car,2012,car,car,car,car,car,car,car,car,car,car
17,Male,car,NA,2012,car,truck,car,bus,car,car,car,car,car,car
22,Female,pedestrian,bus,2012,pedestrian,bus,pedestrian,bus,pedestrian,bus,pedestrian,bus,pedestrian,bus
54,Male,pedestrian,car,2012,pedestrian,car,pedestrian,car,pedestrian,car,pedestrian,car,pedestrian,car
24,Male,pedestrian,car,2014,pedestrian,car,pedestrian,car,pedestrian,car,pedestrian,car,pedestrian,car
38,Male,car,car,2013,car,car,car,car,car,car,car,car,car,car
39,Male,motorcycle,bus,2015,motorcycle,bus,motorcycle,bus,motorcycle,bus,motorcycle,bus,motorcycle,bus
61,Male,pedestrian,bus,2012,pedestrian,bus,pedestrian,bus,pedestrian,bus,pedestrian,bus,pedestrian,bus
25,Male,car,car,2014,car,car,car,car,car,car,car,car,car,car
44,Male,car,car,2015,car,car,car,car,car,car,car,car,car,car
56,Male,car,car,2015,car,car,car,car,car,car,car,car,car,car
27,Male,car,NA,2013,car,car,car,car,car,car,car,car,car,car
27,Male,truck,car,2013,truck,car,truck,car,truck,car,truck,car,truck,car
28,Male,pedestrian,motorcycle,2012,pedestrian,motorcycle,pedestrian,motorcycle,pedestrian,motorcycle,pedestrian,motorcycle,pedestrian,motorcycle
39,Female,car,car,2015,car,car,car,car,car,car,car,car,car,car
22,Male,car,car,2014,car,car,car,car,car,car,car,car,car,car
24,Male,pedestrian,car,2016,pedestrian,car,pedestrian,car,pedestrian,car,pedestrian,car,pedestrian,car
21,Male,motorcycle,truck,2015,motorcycle,truck,motorcycle,truck,motorcycle,truck,motorcycle,truck,motorcycle,truck
29,Female,bus,car,2015,bus,car,bus,car,bus,car,bus,car,bus,car
19,Male,bus,truck,2012,bus,truck,bus,truck,bus,truck,bus,truck,bus,truck
4,Female,pedestrian,car,2013,pedestrian,car,pedestrian,car,pedestrian,car,pedestrian,car,pedestrian,car
24,Male,pedestrian,car,2015,pedestrian,car,pedestrian,car,pedestrian,car,pedestrian,car,pedestrian,car
26,Male,car,car,2016,car,car,car,car,car,car,car,car,car,car
57,Male,car,car,2014,car,car,car,car,car,car,car,car,car,car
54,Male,pedestrian,car,2012,pedestrian,car,pedestrian,car,pedestrian,car,pedestrian,car,pedestrian,car
41,Male,pedestrian,car,2015,pedestrian,car,pedestrian,car,pedestrian,car,pedestrian,car,pedestrian,car
47,Male,pedestrian,car,2015,pedestrian,car,pedestrian,car,pedestrian,car,pedestrian,car,pedestrian,car
26,Male,car,car,2013,car,car,car,car,car,car,car,car,car,car
31,Male,car,car,2014,car,car,car,car,car,car,car,car,car,car
57,Male,car,truck,2015,car,truck,car,truck,car,truck,car,truck,car,truck
36,Male,pedestrian,car,2012,pedestrian,car,pedestrian,car,pedestrian,car,pedestrian,car,pedestrian,car
1,Male,pedestrian,bus,2012,pedestrian,bus,pedestrian,bus,pedestrian,bus,pedestrian,bus,pedestrian,bus
53,Male,car,bus,2016,car,bus,car,bus,car,bus,car,bus,car,bus
38,Male,car,car,2012,car,car,car,car,car,car,car,car,car,car
78,Male,car,car,2013,car,car,car,car,car,car,car,car,car,car
49,Male,pedestrian,bus,2012,pedestrian,bus,pedestrian,bus,pedestrian,bus,pedestrian,bus,pedestrian,bus
48,Male,pedestrian,car,2014,pedestrian,car,pedestrian,car,pedestrian,car,pedestrian,car,pedestrian,car
29,Male,pedestrian,truck,2014,pedestrian,truck,pedestrian,truck,pedestrian,truck,pedestrian,truck,pedestrian,truck
26,Male,car,car,2016,car,car,car,car,car,car,car,car,car,car
42,Male,car,car,2012,car,car,car,car,car,car,car,car,car,car
26,Male,car,bus,2015,car,bus,car,bus,car,bus,car,bus,car,bus
22,Female,pedestrian,car,2015,pedestrian,car,pedestrian,car,pedestrian,car,pedestrian,car,pedestrian,car
30,Male,pedestrian,NA,2014,pedestrian,car,pedestrian,car,pedestrian,car,pedestrian,car,pedestrian,car
13,Male,pedestrian,bus,2015,pedestrian,bus,pedestrian,bus,pedestrian,bus,pedestrian,bus,pedestrian,bus
31,Male,car,bus,2014,car,bus,car,bus,car,bus,car,bus,car,bus
21,Male,pedestrian,car,2015,pedestrian,car,pedestrian,car,pedestrian,car,pedestrian,car,pedestrian,car
30,Male,pedestrian,truck,2015,pedestrian,truck,pedestrian,truck,pedestrian,truck,pedestrian,truck,pedestrian,truck
32,Female,pedestrian,car,2014,pedestrian,car,pedestrian,car,pedestrian,car,pedestrian,car,pedestrian,car
24,Male,car,car,2013,car,car,car,car,car,car,car,car,car,car
25,Male,pedestrian,car,2016,pedestrian,car,pedestrian,car,pedestrian,car,pedestrian,car,pedestrian,car
47,Male,pedestrian,car,2013,pedestrian,car,pedestrian,car,pedestrian,car,pedestrian,car,pedestrian,car
11,Male,pedestrian,car,2014,pedestrian,car,pedestrian,car,pedestrian,car,pedestrian,car,pedestrian,car
55,Male,pedestrian,bus,2012,pedestrian,bus,pedestrian,bus,pedestrian,bus,pedestrian,bus,pedestrian,bus
81,Male,pedestrian,other,2012,pedestrian,other,pedestrian,other,pedestrian,other,pedestrian,other,pedestrian,other
31,Male,car,car,2016,car,car,car,car,car,car,car,car,car,car
37,Male,car,car,2012,car,car,car,car,car,car,car,car,car,car
65,Male,pedestrian,car,2016,pedestrian,car,pedestrian,car,pedestrian,car,pedestrian,car,pedestrian,car
57,Male,pedestrian,car,2014,pedestrian,car,pedestrian,car,pedestrian,car,pedestrian,car,pedestrian,car
9,Female,car,car,2013,car,car,car,car,car,car,car,car,car,car
27,Male,car,car,2013,car,car,car,car,car,car,car,car,car,car
28,Male,pedestrian,car,2016,pedestrian,car,pedestrian,car,pedestrian,car,pedestrian,car,pedestrian,car
20,Male,pedestrian,bus,2014,pedestrian,bus,pedestrian,bus,pedestrian,bus,pedestrian,bus,pedestrian,bus
65,Male,pedestrian,car,2015,pedestrian,car,pedestrian,car,pedestrian,car,pedestrian,car,pedestrian,car
46,Male,pedestrian,bus,2014,pedestrian,bus,pedestrian,bus,pedestrian,bus,pedestrian,bus,pedestrian,bus
59,Male,pedestrian,car,2014,pedestrian,car,pedestrian,car,pedestrian,car,pedestrian,car,pedestrian,car
32,Male,pedestrian,car,2012,pedestrian,car,pedestrian,car,pedestrian,car,pedestrian,car,pedestrian,car
33,Male,pedestrian,car,2015,pedestrian,car,pedestrian,car,pedestrian,car,pedestrian,car,pedestrian,car
23,Male,pedestrian,car,2013,pedestrian,car,pedestrian,car,pedestrian,car,pedestrian,car,pedestrian,car
54,Female,pedestrian,car,2016,pedestrian,car,pedestrian,car,pedestrian,car,pedestrian,car,pedestrian,car
45,Male,pedestrian,bus,2012,pedestrian,bus,pedestrian,bus,pedestrian,bus,pedestrian,bus,pedestrian,bus
18,Female,pedestrian,bus,2014,pedestrian,bus,pedestrian,bus,pedestrian,bus,pedestrian,bus,pedestrian,bus
43,Female,pedestrian,car,2013,pedestrian,car,pedestrian,car,pedestrian,car,pedestrian,car,pedestrian,car
31,Male,pedestrian,bus,2014,pedestrian,bus,pedestrian,bus,pedestrian,bus,pedestrian,bus,pedestrian,bus
28,Male,pedestrian,car,2015,pedestrian,car,pedestrian,car,pedestrian,car,pedestrian,car,pedestrian,car
27,Male,pedestrian,bus,2016,pedestrian,bus,pedestrian,bus,pedestrian,bus,pedestrian,bus,pedestrian,bus
17,Female,pedestrian,car,2012,pedestrian,car,pedestrian,car,pedestrian,car,pedestrian,car,pedestrian,car
38,Female,pedestrian,car,2014,pedestrian,car,pedestrian,car,pedestrian,car,pedestrian,car,pedestrian,car
22,Female,pedestrian,car,2015,pedestrian,car,pedestrian,car,pedestrian,car,pedestrian,car,pedestrian,car
35,Male,pedestrian,bus,2016,pedestrian,bus,pedestrian,bus,pedestrian,bus,pedestrian,bus,pedestrian,bus
54,Male,pedestrian,car,2013,pedestrian,car,pedestrian,car,pedestrian,car,pedestrian,car,pedestrian,car
42,Male,pedestrian,car,2014,pedestrian,car,pedestrian,car,pedestrian,car,pedestrian,car,pedestrian,car
50,Male,pedestrian,car,2012,pedestrian,car,pedestrian,car,pedestrian,car,pedestrian,car,pedestrian,car
31,Male,pedestrian,car,2013,pedestrian,car,pedestrian,car,pedestrian,car,pedestrian,car,pedestrian,car
34,Male,pedestrian,car,2013,pedestrian,car,pedestrian,car,pedestrian,car,pedestrian,car,pedestrian,car
