,No other/fixed or stationary object,Pedestrian,Pedal cycle,2/3 Wheeled,Car/pick-up/van,Bus,Railway train/railway vehicle,non-motor vehicle,Trucks,n_years
Pedestrian,0,0,0,208.2226981,109.1220557,67.92291221,0,1.113490364,133.6188437,3
Pedal Cycle,0,0,0,14.65079365,13.52380952,10.14285714,0,0,32.68253968,3
Motorcycle,0,0,0,157.0562347,58.57212714,45.61369193,0,0,162.7579462,3
3Wheeled,0,0,0,47.40816327,7.214285714,2.06122449,0,0,44.31632653,3
Car,0,0,0,0,21.5,0,0,0,13.5,3
Pick-up truck/van,0,0,0,0,1,0,0,0,0,3
Heavy transport,0,0,0,1.032258065,0,2.064516129,0,0,28.90322581,3
Bus,0,0,0,0,0,14,0,0,1,3
Other,0,0,0,3.205093834,1.576407507,1.061662198,0,0.008042895,3.148793566,3
