"","mode_english","dur_weight","sum_weights","n_trips","total_duration","speed","total_distance","dist_per_capita","total_distance_pop","emissions","emission_share"
"1","Bus",912766685,27369671,261971,8726787.19202233,15,2181696.79800558,10.9021062578671,96483640.3821234,81.7279581501823,0.0596358536593099
"2","Car",583946559,15339247,141258,5371365.32640921,21,1879977.86424322,9.39439360095956,83140383.3684921,1179.87424953082,0.860939263307062
"3","Motorcycle",21489383,1056680,10163,204809.524644643,25,85337.3019352678,0.426437044005596,3773967.83944952,3.85783428671776,0.00281501271011572
"4","ldv",NA,NA,NA,NA,NA,NA,NA,NA,42.72,0.0311722417394082
"5","hdv",NA,NA,NA,NA,NA,NA,NA,NA,62.27,0.0454376285841046
