cas_mode_original,strike_mode_original,weight,cas_mode,strike_mode,cas_mode_2nd,strike_mode_2nd,cas_mode_3rd,strike_mode_3rd,cas_mode_4th,strike_mode_4th,cas_mode_5th,strike_mode_5th
Pedestrian,bicycle,6,pedestrian,cycle,pedestrian,cycle,pedestrian,cycle,pedestrian,cycle,pedestrian,cycle
Pedestrian,bicycle,6,pedestrian,cycle,pedestrian,cycle,pedestrian,cycle,pedestrian,cycle,pedestrian,cycle
Pedestrian,bicycle,6,pedestrian,cycle,pedestrian,cycle,pedestrian,cycle,pedestrian,cycle,pedestrian,cycle
Pedestrian,bicycle,6,pedestrian,cycle,pedestrian,cycle,pedestrian,cycle,pedestrian,cycle,pedestrian,cycle
Pedestrian,bicycle,6,pedestrian,cycle,pedestrian,cycle,pedestrian,cycle,pedestrian,cycle,pedestrian,cycle
Pedestrian,bicycle,6,pedestrian,cycle,pedestrian,cycle,pedestrian,cycle,pedestrian,cycle,pedestrian,cycle
Pedestrian,bicycle,6,pedestrian,cycle,pedestrian,cycle,pedestrian,cycle,pedestrian,cycle,pedestrian,cycle
Pedestrian,motorcycle,6,pedestrian,motorcycle,pedestrian,motorcycle,pedestrian,motorcycle,pedestrian,motorcycle,pedestrian,motorcycle
Pedestrian,motorcycle,6,pedestrian,motorcycle,pedestrian,motorcycle,pedestrian,motorcycle,pedestrian,motorcycle,pedestrian,motorcycle
Pedestrian,motorcycle,6,pedestrian,motorcycle,pedestrian,motorcycle,pedestrian,motorcycle,pedestrian,motorcycle,pedestrian,motorcycle
Pedestrian,motorcycle,6,pedestrian,motorcycle,pedestrian,motorcycle,pedestrian,motorcycle,pedestrian,motorcycle,pedestrian,motorcycle
Pedestrian,motorcycle,6,pedestrian,motorcycle,pedestrian,motorcycle,pedestrian,motorcycle,pedestrian,motorcycle,pedestrian,motorcycle
Pedestrian,motorcycle,6,pedestrian,motorcycle,pedestrian,motorcycle,pedestrian,motorcycle,pedestrian,motorcycle,pedestrian,motorcycle
Pedestrian,motorcycle,6,pedestrian,motorcycle,pedestrian,motorcycle,pedestrian,motorcycle,pedestrian,motorcycle,pedestrian,motorcycle
Pedestrian,motorcycle,6,pedestrian,motorcycle,pedestrian,motorcycle,pedestrian,motorcycle,pedestrian,motorcycle,pedestrian,motorcycle
Pedestrian,motorcycle,6,pedestrian,motorcycle,pedestrian,motorcycle,pedestrian,motorcycle,pedestrian,motorcycle,pedestrian,motorcycle
Pedestrian,motorcycle,6,pedestrian,motorcycle,pedestrian,motorcycle,pedestrian,motorcycle,pedestrian,motorcycle,pedestrian,motorcycle
Pedestrian,motorcycle,6,pedestrian,motorcycle,pedestrian,motorcycle,pedestrian,motorcycle,pedestrian,motorcycle,pedestrian,motorcycle
Pedestrian,motorcycle,6,pedestrian,motorcycle,pedestrian,motorcycle,pedestrian,motorcycle,pedestrian,motorcycle,pedestrian,motorcycle
Pedestrian,motorcycle,6,pedestrian,motorcycle,pedestrian,motorcycle,pedestrian,motorcycle,pedestrian,motorcycle,pedestrian,motorcycle
Pedestrian,motorcycle,6,pedestrian,motorcycle,pedestrian,motorcycle,pedestrian,motorcycle,pedestrian,motorcycle,pedestrian,motorcycle
Pedestrian,motorcycle,6,pedestrian,motorcycle,pedestrian,motorcycle,pedestrian,motorcycle,pedestrian,motorcycle,pedestrian,motorcycle
Pedestrian,motorcycle,6,pedestrian,motorcycle,pedestrian,motorcycle,pedestrian,motorcycle,pedestrian,motorcycle,pedestrian,motorcycle
Pedestrian,motorcycle,6,pedestrian,motorcycle,pedestrian,motorcycle,pedestrian,motorcycle,pedestrian,motorcycle,pedestrian,motorcycle
Pedestrian,motorcycle,6,pedestrian,motorcycle,pedestrian,motorcycle,pedestrian,motorcycle,pedestrian,motorcycle,pedestrian,motorcycle
Pedestrian,motorcycle,6,pedestrian,motorcycle,pedestrian,motorcycle,pedestrian,motorcycle,pedestrian,motorcycle,pedestrian,motorcycle
Pedestrian,motorcycle,6,pedestrian,motorcycle,pedestrian,motorcycle,pedestrian,motorcycle,pedestrian,motorcycle,pedestrian,motorcycle
Pedestrian,motorcycle,6,pedestrian,motorcycle,pedestrian,motorcycle,pedestrian,motorcycle,pedestrian,motorcycle,pedestrian,motorcycle
Pedestrian,motorcycle,6,pedestrian,motorcycle,pedestrian,motorcycle,pedestrian,motorcycle,pedestrian,motorcycle,pedestrian,motorcycle
Pedestrian,motorcycle,6,pedestrian,motorcycle,pedestrian,motorcycle,pedestrian,motorcycle,pedestrian,motorcycle,pedestrian,motorcycle
Pedestrian,motorcycle,6,pedestrian,motorcycle,pedestrian,motorcycle,pedestrian,motorcycle,pedestrian,motorcycle,pedestrian,motorcycle
Pedestrian,motorcycle,6,pedestrian,motorcycle,pedestrian,motorcycle,pedestrian,motorcycle,pedestrian,motorcycle,pedestrian,motorcycle
Pedestrian,motorcycle,6,pedestrian,motorcycle,pedestrian,motorcycle,pedestrian,motorcycle,pedestrian,motorcycle,pedestrian,motorcycle
Pedestrian,motorcycle,6,pedestrian,motorcycle,pedestrian,motorcycle,pedestrian,motorcycle,pedestrian,motorcycle,pedestrian,motorcycle
Pedestrian,motorcycle,6,pedestrian,motorcycle,pedestrian,motorcycle,pedestrian,motorcycle,pedestrian,motorcycle,pedestrian,motorcycle
Pedestrian,motorcycle,6,pedestrian,motorcycle,pedestrian,motorcycle,pedestrian,motorcycle,pedestrian,motorcycle,pedestrian,motorcycle
Pedestrian,motorcycle,6,pedestrian,motorcycle,pedestrian,motorcycle,pedestrian,motorcycle,pedestrian,motorcycle,pedestrian,motorcycle
Pedestrian,motorcycle,6,pedestrian,motorcycle,pedestrian,motorcycle,pedestrian,motorcycle,pedestrian,motorcycle,pedestrian,motorcycle
Pedestrian,motorcycle,6,pedestrian,motorcycle,pedestrian,motorcycle,pedestrian,motorcycle,pedestrian,motorcycle,pedestrian,motorcycle
Pedestrian,motorcycle,6,pedestrian,motorcycle,pedestrian,motorcycle,pedestrian,motorcycle,pedestrian,motorcycle,pedestrian,motorcycle
Pedestrian,motorcycle,6,pedestrian,motorcycle,pedestrian,motorcycle,pedestrian,motorcycle,pedestrian,motorcycle,pedestrian,motorcycle
Pedestrian,motorcycle,6,pedestrian,motorcycle,pedestrian,motorcycle,pedestrian,motorcycle,pedestrian,motorcycle,pedestrian,motorcycle
Pedestrian,motorcycle,6,pedestrian,motorcycle,pedestrian,motorcycle,pedestrian,motorcycle,pedestrian,motorcycle,pedestrian,motorcycle
Pedestrian,motorcycle,6,pedestrian,motorcycle,pedestrian,motorcycle,pedestrian,motorcycle,pedestrian,motorcycle,pedestrian,motorcycle
Pedestrian,motorcycle,6,pedestrian,motorcycle,pedestrian,motorcycle,pedestrian,motorcycle,pedestrian,motorcycle,pedestrian,motorcycle
Pedestrian,motorcycle,6,pedestrian,motorcycle,pedestrian,motorcycle,pedestrian,motorcycle,pedestrian,motorcycle,pedestrian,motorcycle
Pedestrian,motorcycle,6,pedestrian,motorcycle,pedestrian,motorcycle,pedestrian,motorcycle,pedestrian,motorcycle,pedestrian,motorcycle
Pedestrian,motorcycle,6,pedestrian,motorcycle,pedestrian,motorcycle,pedestrian,motorcycle,pedestrian,motorcycle,pedestrian,motorcycle
Pedestrian,motorcycle,6,pedestrian,motorcycle,pedestrian,motorcycle,pedestrian,motorcycle,pedestrian,motorcycle,pedestrian,motorcycle
Pedestrian,motorcycle,6,pedestrian,motorcycle,pedestrian,motorcycle,pedestrian,motorcycle,pedestrian,motorcycle,pedestrian,motorcycle
Pedestrian,motorcycle,6,pedestrian,motorcycle,pedestrian,motorcycle,pedestrian,motorcycle,pedestrian,motorcycle,pedestrian,motorcycle
Pedestrian,motorcycle,6,pedestrian,motorcycle,pedestrian,motorcycle,pedestrian,motorcycle,pedestrian,motorcycle,pedestrian,motorcycle
Pedestrian,motorcycle,6,pedestrian,motorcycle,pedestrian,motorcycle,pedestrian,motorcycle,pedestrian,motorcycle,pedestrian,motorcycle
Pedestrian,motorcycle,6,pedestrian,motorcycle,pedestrian,motorcycle,pedestrian,motorcycle,pedestrian,motorcycle,pedestrian,motorcycle
Pedestrian,motorcycle,6,pedestrian,motorcycle,pedestrian,motorcycle,pedestrian,motorcycle,pedestrian,motorcycle,pedestrian,motorcycle
Pedestrian,motorcycle,6,pedestrian,motorcycle,pedestrian,motorcycle,pedestrian,motorcycle,pedestrian,motorcycle,pedestrian,motorcycle
Pedestrian,motorcycle,6,pedestrian,motorcycle,pedestrian,motorcycle,pedestrian,motorcycle,pedestrian,motorcycle,pedestrian,motorcycle
Pedestrian,motorcycle,6,pedestrian,motorcycle,pedestrian,motorcycle,pedestrian,motorcycle,pedestrian,motorcycle,pedestrian,motorcycle
Pedestrian,motorcycle,6,pedestrian,motorcycle,pedestrian,motorcycle,pedestrian,motorcycle,pedestrian,motorcycle,pedestrian,motorcycle
Pedestrian,motorcycle,6,pedestrian,motorcycle,pedestrian,motorcycle,pedestrian,motorcycle,pedestrian,motorcycle,pedestrian,motorcycle
Pedestrian,motorcycle,6,pedestrian,motorcycle,pedestrian,motorcycle,pedestrian,motorcycle,pedestrian,motorcycle,pedestrian,motorcycle
Pedestrian,motorcycle,6,pedestrian,motorcycle,pedestrian,motorcycle,pedestrian,motorcycle,pedestrian,motorcycle,pedestrian,motorcycle
Pedestrian,motorcycle,6,pedestrian,motorcycle,pedestrian,motorcycle,pedestrian,motorcycle,pedestrian,motorcycle,pedestrian,motorcycle
Pedestrian,motorcycle,6,pedestrian,motorcycle,pedestrian,motorcycle,pedestrian,motorcycle,pedestrian,motorcycle,pedestrian,motorcycle
Pedestrian,motorcycle,6,pedestrian,motorcycle,pedestrian,motorcycle,pedestrian,motorcycle,pedestrian,motorcycle,pedestrian,motorcycle
Pedestrian,motorcycle,6,pedestrian,motorcycle,pedestrian,motorcycle,pedestrian,motorcycle,pedestrian,motorcycle,pedestrian,motorcycle
Pedestrian,motorcycle,6,pedestrian,motorcycle,pedestrian,motorcycle,pedestrian,motorcycle,pedestrian,motorcycle,pedestrian,motorcycle
Pedestrian,motorcycle,6,pedestrian,motorcycle,pedestrian,motorcycle,pedestrian,motorcycle,pedestrian,motorcycle,pedestrian,motorcycle
Pedestrian,motorcycle,6,pedestrian,motorcycle,pedestrian,motorcycle,pedestrian,motorcycle,pedestrian,motorcycle,pedestrian,motorcycle
Pedestrian,motorcycle,6,pedestrian,motorcycle,pedestrian,motorcycle,pedestrian,motorcycle,pedestrian,motorcycle,pedestrian,motorcycle
Pedestrian,motorcycle,6,pedestrian,motorcycle,pedestrian,motorcycle,pedestrian,motorcycle,pedestrian,motorcycle,pedestrian,motorcycle
Pedestrian,motorcycle,6,pedestrian,motorcycle,pedestrian,motorcycle,pedestrian,motorcycle,pedestrian,motorcycle,pedestrian,motorcycle
Pedestrian,motorcycle,6,pedestrian,motorcycle,pedestrian,motorcycle,pedestrian,motorcycle,pedestrian,motorcycle,pedestrian,motorcycle
Pedestrian,motorcycle,6,pedestrian,motorcycle,pedestrian,motorcycle,pedestrian,motorcycle,pedestrian,motorcycle,pedestrian,motorcycle
Pedestrian,motorcycle,6,pedestrian,motorcycle,pedestrian,motorcycle,pedestrian,motorcycle,pedestrian,motorcycle,pedestrian,motorcycle
Pedestrian,motorcycle,6,pedestrian,motorcycle,pedestrian,motorcycle,pedestrian,motorcycle,pedestrian,motorcycle,pedestrian,motorcycle
Pedestrian,motorcycle,6,pedestrian,motorcycle,pedestrian,motorcycle,pedestrian,motorcycle,pedestrian,motorcycle,pedestrian,motorcycle
Pedestrian,motorcycle,6,pedestrian,motorcycle,pedestrian,motorcycle,pedestrian,motorcycle,pedestrian,motorcycle,pedestrian,motorcycle
Pedestrian,motorcycle,6,pedestrian,motorcycle,pedestrian,motorcycle,pedestrian,motorcycle,pedestrian,motorcycle,pedestrian,motorcycle
Pedestrian,motorcycle,6,pedestrian,motorcycle,pedestrian,motorcycle,pedestrian,motorcycle,pedestrian,motorcycle,pedestrian,motorcycle
Pedestrian,motorcycle,6,pedestrian,motorcycle,pedestrian,motorcycle,pedestrian,motorcycle,pedestrian,motorcycle,pedestrian,motorcycle
Pedestrian,motorcycle,6,pedestrian,motorcycle,pedestrian,motorcycle,pedestrian,motorcycle,pedestrian,motorcycle,pedestrian,motorcycle
Pedestrian,motorcycle,6,pedestrian,motorcycle,pedestrian,motorcycle,pedestrian,motorcycle,pedestrian,motorcycle,pedestrian,motorcycle
Pedestrian,motorcycle,6,pedestrian,motorcycle,pedestrian,motorcycle,pedestrian,motorcycle,pedestrian,motorcycle,pedestrian,motorcycle
Pedestrian,motorcycle,6,pedestrian,motorcycle,pedestrian,motorcycle,pedestrian,motorcycle,pedestrian,motorcycle,pedestrian,motorcycle
Pedestrian,motorcycle,6,pedestrian,motorcycle,pedestrian,motorcycle,pedestrian,motorcycle,pedestrian,motorcycle,pedestrian,motorcycle
Pedestrian,motorcycle,6,pedestrian,motorcycle,pedestrian,motorcycle,pedestrian,motorcycle,pedestrian,motorcycle,pedestrian,motorcycle
Pedestrian,motorcycle,6,pedestrian,motorcycle,pedestrian,motorcycle,pedestrian,motorcycle,pedestrian,motorcycle,pedestrian,motorcycle
Pedestrian,motorcycle,6,pedestrian,motorcycle,pedestrian,motorcycle,pedestrian,motorcycle,pedestrian,motorcycle,pedestrian,motorcycle
Pedestrian,motorcycle,6,pedestrian,motorcycle,pedestrian,motorcycle,pedestrian,motorcycle,pedestrian,motorcycle,pedestrian,motorcycle
Pedestrian,motorcycle,6,pedestrian,motorcycle,pedestrian,motorcycle,pedestrian,motorcycle,pedestrian,motorcycle,pedestrian,motorcycle
Pedestrian,motorcycle,6,pedestrian,motorcycle,pedestrian,motorcycle,pedestrian,motorcycle,pedestrian,motorcycle,pedestrian,motorcycle
Pedestrian,motorcycle,6,pedestrian,motorcycle,pedestrian,motorcycle,pedestrian,motorcycle,pedestrian,motorcycle,pedestrian,motorcycle
Pedestrian,motorcycle,6,pedestrian,motorcycle,pedestrian,motorcycle,pedestrian,motorcycle,pedestrian,motorcycle,pedestrian,motorcycle
Pedestrian,motorcycle,6,pedestrian,motorcycle,pedestrian,motorcycle,pedestrian,motorcycle,pedestrian,motorcycle,pedestrian,motorcycle
Pedestrian,motorcycle,6,pedestrian,motorcycle,pedestrian,motorcycle,pedestrian,motorcycle,pedestrian,motorcycle,pedestrian,motorcycle
Pedestrian,motorcycle,6,pedestrian,motorcycle,pedestrian,motorcycle,pedestrian,motorcycle,pedestrian,motorcycle,pedestrian,motorcycle
Pedestrian,motorcycle,6,pedestrian,motorcycle,pedestrian,motorcycle,pedestrian,motorcycle,pedestrian,motorcycle,pedestrian,motorcycle
Pedestrian,motorcycle,6,pedestrian,motorcycle,pedestrian,motorcycle,pedestrian,motorcycle,pedestrian,motorcycle,pedestrian,motorcycle
Pedestrian,motorcycle,6,pedestrian,motorcycle,pedestrian,motorcycle,pedestrian,motorcycle,pedestrian,motorcycle,pedestrian,motorcycle
Pedestrian,motorcycle,6,pedestrian,motorcycle,pedestrian,motorcycle,pedestrian,motorcycle,pedestrian,motorcycle,pedestrian,motorcycle
Pedestrian,motorcycle,6,pedestrian,motorcycle,pedestrian,motorcycle,pedestrian,motorcycle,pedestrian,motorcycle,pedestrian,motorcycle
Pedestrian,motorcycle,6,pedestrian,motorcycle,pedestrian,motorcycle,pedestrian,motorcycle,pedestrian,motorcycle,pedestrian,motorcycle
Pedestrian,motorcycle,6,pedestrian,motorcycle,pedestrian,motorcycle,pedestrian,motorcycle,pedestrian,motorcycle,pedestrian,motorcycle
Pedestrian,motorcycle,6,pedestrian,motorcycle,pedestrian,motorcycle,pedestrian,motorcycle,pedestrian,motorcycle,pedestrian,motorcycle
Pedestrian,motorcycle,6,pedestrian,motorcycle,pedestrian,motorcycle,pedestrian,motorcycle,pedestrian,motorcycle,pedestrian,motorcycle
Pedestrian,motorcycle,6,pedestrian,motorcycle,pedestrian,motorcycle,pedestrian,motorcycle,pedestrian,motorcycle,pedestrian,motorcycle
Pedestrian,motorcycle,6,pedestrian,motorcycle,pedestrian,motorcycle,pedestrian,motorcycle,pedestrian,motorcycle,pedestrian,motorcycle
Pedestrian,motorcycle,6,pedestrian,motorcycle,pedestrian,motorcycle,pedestrian,motorcycle,pedestrian,motorcycle,pedestrian,motorcycle
Pedestrian,motorcycle,6,pedestrian,motorcycle,pedestrian,motorcycle,pedestrian,motorcycle,pedestrian,motorcycle,pedestrian,motorcycle
Pedestrian,motorcycle,6,pedestrian,motorcycle,pedestrian,motorcycle,pedestrian,motorcycle,pedestrian,motorcycle,pedestrian,motorcycle
Pedestrian,motorcycle,6,pedestrian,motorcycle,pedestrian,motorcycle,pedestrian,motorcycle,pedestrian,motorcycle,pedestrian,motorcycle
Pedestrian,motorcycle,6,pedestrian,motorcycle,pedestrian,motorcycle,pedestrian,motorcycle,pedestrian,motorcycle,pedestrian,motorcycle
Pedestrian,motorcycle,6,pedestrian,motorcycle,pedestrian,motorcycle,pedestrian,motorcycle,pedestrian,motorcycle,pedestrian,motorcycle
Pedestrian,motorcycle,6,pedestrian,motorcycle,pedestrian,motorcycle,pedestrian,motorcycle,pedestrian,motorcycle,pedestrian,motorcycle
Pedestrian,motorcycle,6,pedestrian,motorcycle,pedestrian,motorcycle,pedestrian,motorcycle,pedestrian,motorcycle,pedestrian,motorcycle
Pedestrian,motorcycle,6,pedestrian,motorcycle,pedestrian,motorcycle,pedestrian,motorcycle,pedestrian,motorcycle,pedestrian,motorcycle
Pedestrian,motorcycle,6,pedestrian,motorcycle,pedestrian,motorcycle,pedestrian,motorcycle,pedestrian,motorcycle,pedestrian,motorcycle
Pedestrian,motorcycle,6,pedestrian,motorcycle,pedestrian,motorcycle,pedestrian,motorcycle,pedestrian,motorcycle,pedestrian,motorcycle
Pedestrian,motorcycle,6,pedestrian,motorcycle,pedestrian,motorcycle,pedestrian,motorcycle,pedestrian,motorcycle,pedestrian,motorcycle
Pedestrian,motorcycle,6,pedestrian,motorcycle,pedestrian,motorcycle,pedestrian,motorcycle,pedestrian,motorcycle,pedestrian,motorcycle
Pedestrian,motorcycle,6,pedestrian,motorcycle,pedestrian,motorcycle,pedestrian,motorcycle,pedestrian,motorcycle,pedestrian,motorcycle
Pedestrian,motorcycle,6,pedestrian,motorcycle,pedestrian,motorcycle,pedestrian,motorcycle,pedestrian,motorcycle,pedestrian,motorcycle
Pedestrian,motorcycle,6,pedestrian,motorcycle,pedestrian,motorcycle,pedestrian,motorcycle,pedestrian,motorcycle,pedestrian,motorcycle
Pedestrian,motorcycle,6,pedestrian,motorcycle,pedestrian,motorcycle,pedestrian,motorcycle,pedestrian,motorcycle,pedestrian,motorcycle
Pedestrian,motorcycle,6,pedestrian,motorcycle,pedestrian,motorcycle,pedestrian,motorcycle,pedestrian,motorcycle,pedestrian,motorcycle
Pedestrian,motorcycle,6,pedestrian,motorcycle,pedestrian,motorcycle,pedestrian,motorcycle,pedestrian,motorcycle,pedestrian,motorcycle
Pedestrian,motorcycle,6,pedestrian,motorcycle,pedestrian,motorcycle,pedestrian,motorcycle,pedestrian,motorcycle,pedestrian,motorcycle
Pedestrian,motorcycle,6,pedestrian,motorcycle,pedestrian,motorcycle,pedestrian,motorcycle,pedestrian,motorcycle,pedestrian,motorcycle
Pedestrian,motorcycle,6,pedestrian,motorcycle,pedestrian,motorcycle,pedestrian,motorcycle,pedestrian,motorcycle,pedestrian,motorcycle
Pedestrian,motorcycle,6,pedestrian,motorcycle,pedestrian,motorcycle,pedestrian,motorcycle,pedestrian,motorcycle,pedestrian,motorcycle
Pedestrian,motorcycle,6,pedestrian,motorcycle,pedestrian,motorcycle,pedestrian,motorcycle,pedestrian,motorcycle,pedestrian,motorcycle
Pedestrian,motorcycle,6,pedestrian,motorcycle,pedestrian,motorcycle,pedestrian,motorcycle,pedestrian,motorcycle,pedestrian,motorcycle
Pedestrian,motorcycle,6,pedestrian,motorcycle,pedestrian,motorcycle,pedestrian,motorcycle,pedestrian,motorcycle,pedestrian,motorcycle
Pedestrian,motorcycle,6,pedestrian,motorcycle,pedestrian,motorcycle,pedestrian,motorcycle,pedestrian,motorcycle,pedestrian,motorcycle
Pedestrian,motorcycle,6,pedestrian,motorcycle,pedestrian,motorcycle,pedestrian,motorcycle,pedestrian,motorcycle,pedestrian,motorcycle
Pedestrian,motorcycle,6,pedestrian,motorcycle,pedestrian,motorcycle,pedestrian,motorcycle,pedestrian,motorcycle,pedestrian,motorcycle
Pedestrian,motorcycle,6,pedestrian,motorcycle,pedestrian,motorcycle,pedestrian,motorcycle,pedestrian,motorcycle,pedestrian,motorcycle
Pedestrian,motorcycle,6,pedestrian,motorcycle,pedestrian,motorcycle,pedestrian,motorcycle,pedestrian,motorcycle,pedestrian,motorcycle
Pedestrian,motorcycle,6,pedestrian,motorcycle,pedestrian,motorcycle,pedestrian,motorcycle,pedestrian,motorcycle,pedestrian,motorcycle
Pedestrian,motorcycle,6,pedestrian,motorcycle,pedestrian,motorcycle,pedestrian,motorcycle,pedestrian,motorcycle,pedestrian,motorcycle
Pedestrian,motorcycle,6,pedestrian,motorcycle,pedestrian,motorcycle,pedestrian,motorcycle,pedestrian,motorcycle,pedestrian,motorcycle
Pedestrian,motorcycle,6,pedestrian,motorcycle,pedestrian,motorcycle,pedestrian,motorcycle,pedestrian,motorcycle,pedestrian,motorcycle
Pedestrian,motorcycle,6,pedestrian,motorcycle,pedestrian,motorcycle,pedestrian,motorcycle,pedestrian,motorcycle,pedestrian,motorcycle
Pedestrian,motorcycle,6,pedestrian,motorcycle,pedestrian,motorcycle,pedestrian,motorcycle,pedestrian,motorcycle,pedestrian,motorcycle
Pedestrian,motorcycle,6,pedestrian,motorcycle,pedestrian,motorcycle,pedestrian,motorcycle,pedestrian,motorcycle,pedestrian,motorcycle
Pedestrian,motorcycle,6,pedestrian,motorcycle,pedestrian,motorcycle,pedestrian,motorcycle,pedestrian,motorcycle,pedestrian,motorcycle
Pedestrian,motorcycle,6,pedestrian,motorcycle,pedestrian,motorcycle,pedestrian,motorcycle,pedestrian,motorcycle,pedestrian,motorcycle
Pedestrian,motorcycle,6,pedestrian,motorcycle,pedestrian,motorcycle,pedestrian,motorcycle,pedestrian,motorcycle,pedestrian,motorcycle
Pedestrian,motorcycle,6,pedestrian,motorcycle,pedestrian,motorcycle,pedestrian,motorcycle,pedestrian,motorcycle,pedestrian,motorcycle
Pedestrian,motorcycle,6,pedestrian,motorcycle,pedestrian,motorcycle,pedestrian,motorcycle,pedestrian,motorcycle,pedestrian,motorcycle
Pedestrian,motorcycle,6,pedestrian,motorcycle,pedestrian,motorcycle,pedestrian,motorcycle,pedestrian,motorcycle,pedestrian,motorcycle
Pedestrian,motorcycle,6,pedestrian,motorcycle,pedestrian,motorcycle,pedestrian,motorcycle,pedestrian,motorcycle,pedestrian,motorcycle
Pedestrian,motorcycle,6,pedestrian,motorcycle,pedestrian,motorcycle,pedestrian,motorcycle,pedestrian,motorcycle,pedestrian,motorcycle
Pedestrian,motorcycle,6,pedestrian,motorcycle,pedestrian,motorcycle,pedestrian,motorcycle,pedestrian,motorcycle,pedestrian,motorcycle
Pedestrian,motorcycle,6,pedestrian,motorcycle,pedestrian,motorcycle,pedestrian,motorcycle,pedestrian,motorcycle,pedestrian,motorcycle
Pedestrian,motorcycle,6,pedestrian,motorcycle,pedestrian,motorcycle,pedestrian,motorcycle,pedestrian,motorcycle,pedestrian,motorcycle
Pedestrian,motorcycle,6,pedestrian,motorcycle,pedestrian,motorcycle,pedestrian,motorcycle,pedestrian,motorcycle,pedestrian,motorcycle
Pedestrian,motorcycle,6,pedestrian,motorcycle,pedestrian,motorcycle,pedestrian,motorcycle,pedestrian,motorcycle,pedestrian,motorcycle
Pedestrian,motorcycle,6,pedestrian,motorcycle,pedestrian,motorcycle,pedestrian,motorcycle,pedestrian,motorcycle,pedestrian,motorcycle
Pedestrian,motorcycle,6,pedestrian,motorcycle,pedestrian,motorcycle,pedestrian,motorcycle,pedestrian,motorcycle,pedestrian,motorcycle
Pedestrian,motorcycle,6,pedestrian,motorcycle,pedestrian,motorcycle,pedestrian,motorcycle,pedestrian,motorcycle,pedestrian,motorcycle
Pedestrian,motorcycle,6,pedestrian,motorcycle,pedestrian,motorcycle,pedestrian,motorcycle,pedestrian,motorcycle,pedestrian,motorcycle
Pedestrian,motorcycle,6,pedestrian,motorcycle,pedestrian,motorcycle,pedestrian,motorcycle,pedestrian,motorcycle,pedestrian,motorcycle
Pedestrian,motorcycle,6,pedestrian,motorcycle,pedestrian,motorcycle,pedestrian,motorcycle,pedestrian,motorcycle,pedestrian,motorcycle
Pedestrian,motorcycle,6,pedestrian,motorcycle,pedestrian,motorcycle,pedestrian,motorcycle,pedestrian,motorcycle,pedestrian,motorcycle
Pedestrian,motorcycle,6,pedestrian,motorcycle,pedestrian,motorcycle,pedestrian,motorcycle,pedestrian,motorcycle,pedestrian,motorcycle
Pedestrian,motorcycle,6,pedestrian,motorcycle,pedestrian,motorcycle,pedestrian,motorcycle,pedestrian,motorcycle,pedestrian,motorcycle
Pedestrian,motorcycle,6,pedestrian,motorcycle,pedestrian,motorcycle,pedestrian,motorcycle,pedestrian,motorcycle,pedestrian,motorcycle
Pedestrian,motorcycle,6,pedestrian,motorcycle,pedestrian,motorcycle,pedestrian,motorcycle,pedestrian,motorcycle,pedestrian,motorcycle
Pedestrian,motorcycle,6,pedestrian,motorcycle,pedestrian,motorcycle,pedestrian,motorcycle,pedestrian,motorcycle,pedestrian,motorcycle
Pedestrian,motorcycle,6,pedestrian,motorcycle,pedestrian,motorcycle,pedestrian,motorcycle,pedestrian,motorcycle,pedestrian,motorcycle
Pedestrian,motorcycle,6,pedestrian,motorcycle,pedestrian,motorcycle,pedestrian,motorcycle,pedestrian,motorcycle,pedestrian,motorcycle
Pedestrian,motorcycle,6,pedestrian,motorcycle,pedestrian,motorcycle,pedestrian,motorcycle,pedestrian,motorcycle,pedestrian,motorcycle
Pedestrian,motorcycle,6,pedestrian,motorcycle,pedestrian,motorcycle,pedestrian,motorcycle,pedestrian,motorcycle,pedestrian,motorcycle
Pedestrian,motorcycle,6,pedestrian,motorcycle,pedestrian,motorcycle,pedestrian,motorcycle,pedestrian,motorcycle,pedestrian,motorcycle
Pedestrian,motorcycle,6,pedestrian,motorcycle,pedestrian,motorcycle,pedestrian,motorcycle,pedestrian,motorcycle,pedestrian,motorcycle
Pedestrian,motorcycle,6,pedestrian,motorcycle,pedestrian,motorcycle,pedestrian,motorcycle,pedestrian,motorcycle,pedestrian,motorcycle
Pedestrian,motorcycle,6,pedestrian,motorcycle,pedestrian,motorcycle,pedestrian,motorcycle,pedestrian,motorcycle,pedestrian,motorcycle
Pedestrian,motorcycle,6,pedestrian,motorcycle,pedestrian,motorcycle,pedestrian,motorcycle,pedestrian,motorcycle,pedestrian,motorcycle
Pedestrian,motorcycle,6,pedestrian,motorcycle,pedestrian,motorcycle,pedestrian,motorcycle,pedestrian,motorcycle,pedestrian,motorcycle
Pedestrian,motorcycle,6,pedestrian,motorcycle,pedestrian,motorcycle,pedestrian,motorcycle,pedestrian,motorcycle,pedestrian,motorcycle
Pedestrian,motorcycle,6,pedestrian,motorcycle,pedestrian,motorcycle,pedestrian,motorcycle,pedestrian,motorcycle,pedestrian,motorcycle
Pedestrian,motorcycle,6,pedestrian,motorcycle,pedestrian,motorcycle,pedestrian,motorcycle,pedestrian,motorcycle,pedestrian,motorcycle
Pedestrian,motorcycle,6,pedestrian,motorcycle,pedestrian,motorcycle,pedestrian,motorcycle,pedestrian,motorcycle,pedestrian,motorcycle
Pedestrian,motorcycle,6,pedestrian,motorcycle,pedestrian,motorcycle,pedestrian,motorcycle,pedestrian,motorcycle,pedestrian,motorcycle
Pedestrian,motorcycle,6,pedestrian,motorcycle,pedestrian,motorcycle,pedestrian,motorcycle,pedestrian,motorcycle,pedestrian,motorcycle
Pedestrian,motorcycle,6,pedestrian,motorcycle,pedestrian,motorcycle,pedestrian,motorcycle,pedestrian,motorcycle,pedestrian,motorcycle
Pedestrian,motorcycle,6,pedestrian,motorcycle,pedestrian,motorcycle,pedestrian,motorcycle,pedestrian,motorcycle,pedestrian,motorcycle
Pedestrian,motorcycle,6,pedestrian,motorcycle,pedestrian,motorcycle,pedestrian,motorcycle,pedestrian,motorcycle,pedestrian,motorcycle
Pedestrian,motorcycle,6,pedestrian,motorcycle,pedestrian,motorcycle,pedestrian,motorcycle,pedestrian,motorcycle,pedestrian,motorcycle
Pedestrian,motorcycle,6,pedestrian,motorcycle,pedestrian,motorcycle,pedestrian,motorcycle,pedestrian,motorcycle,pedestrian,motorcycle
Pedestrian,motorcycle,6,pedestrian,motorcycle,pedestrian,motorcycle,pedestrian,motorcycle,pedestrian,motorcycle,pedestrian,motorcycle
Pedestrian,motorcycle,6,pedestrian,motorcycle,pedestrian,motorcycle,pedestrian,motorcycle,pedestrian,motorcycle,pedestrian,motorcycle
Pedestrian,motorcycle,6,pedestrian,motorcycle,pedestrian,motorcycle,pedestrian,motorcycle,pedestrian,motorcycle,pedestrian,motorcycle
Pedestrian,motorcycle,6,pedestrian,motorcycle,pedestrian,motorcycle,pedestrian,motorcycle,pedestrian,motorcycle,pedestrian,motorcycle
Pedestrian,motorcycle,6,pedestrian,motorcycle,pedestrian,motorcycle,pedestrian,motorcycle,pedestrian,motorcycle,pedestrian,motorcycle
Pedestrian,motorcycle,6,pedestrian,motorcycle,pedestrian,motorcycle,pedestrian,motorcycle,pedestrian,motorcycle,pedestrian,motorcycle
Pedestrian,motorcycle,6,pedestrian,motorcycle,pedestrian,motorcycle,pedestrian,motorcycle,pedestrian,motorcycle,pedestrian,motorcycle
Pedestrian,motorcycle,6,pedestrian,motorcycle,pedestrian,motorcycle,pedestrian,motorcycle,pedestrian,motorcycle,pedestrian,motorcycle
Pedestrian,motorcycle,6,pedestrian,motorcycle,pedestrian,motorcycle,pedestrian,motorcycle,pedestrian,motorcycle,pedestrian,motorcycle
Pedestrian,motorcycle,6,pedestrian,motorcycle,pedestrian,motorcycle,pedestrian,motorcycle,pedestrian,motorcycle,pedestrian,motorcycle
Pedestrian,motorcycle,6,pedestrian,motorcycle,pedestrian,motorcycle,pedestrian,motorcycle,pedestrian,motorcycle,pedestrian,motorcycle
Pedestrian,motorcycle,6,pedestrian,motorcycle,pedestrian,motorcycle,pedestrian,motorcycle,pedestrian,motorcycle,pedestrian,motorcycle
Pedestrian,motorcycle,6,pedestrian,motorcycle,pedestrian,motorcycle,pedestrian,motorcycle,pedestrian,motorcycle,pedestrian,motorcycle
Pedestrian,motorcycle,6,pedestrian,motorcycle,pedestrian,motorcycle,pedestrian,motorcycle,pedestrian,motorcycle,pedestrian,motorcycle
Pedestrian,motorcycle,6,pedestrian,motorcycle,pedestrian,motorcycle,pedestrian,motorcycle,pedestrian,motorcycle,pedestrian,motorcycle
Pedestrian,motorcycle,6,pedestrian,motorcycle,pedestrian,motorcycle,pedestrian,motorcycle,pedestrian,motorcycle,pedestrian,motorcycle
Pedestrian,motorcycle,6,pedestrian,motorcycle,pedestrian,motorcycle,pedestrian,motorcycle,pedestrian,motorcycle,pedestrian,motorcycle
Pedestrian,motorcycle,6,pedestrian,motorcycle,pedestrian,motorcycle,pedestrian,motorcycle,pedestrian,motorcycle,pedestrian,motorcycle
Pedestrian,motorcycle,6,pedestrian,motorcycle,pedestrian,motorcycle,pedestrian,motorcycle,pedestrian,motorcycle,pedestrian,motorcycle
Pedestrian,motorcycle,6,pedestrian,motorcycle,pedestrian,motorcycle,pedestrian,motorcycle,pedestrian,motorcycle,pedestrian,motorcycle
Pedestrian,motorcycle,6,pedestrian,motorcycle,pedestrian,motorcycle,pedestrian,motorcycle,pedestrian,motorcycle,pedestrian,motorcycle
Pedestrian,motorcycle,6,pedestrian,motorcycle,pedestrian,motorcycle,pedestrian,motorcycle,pedestrian,motorcycle,pedestrian,motorcycle
Pedestrian,motorcycle,6,pedestrian,motorcycle,pedestrian,motorcycle,pedestrian,motorcycle,pedestrian,motorcycle,pedestrian,motorcycle
Pedestrian,motorcycle,6,pedestrian,motorcycle,pedestrian,motorcycle,pedestrian,motorcycle,pedestrian,motorcycle,pedestrian,motorcycle
Pedestrian,motorcycle,6,pedestrian,motorcycle,pedestrian,motorcycle,pedestrian,motorcycle,pedestrian,motorcycle,pedestrian,motorcycle
Pedestrian,motorcycle,6,pedestrian,motorcycle,pedestrian,motorcycle,pedestrian,motorcycle,pedestrian,motorcycle,pedestrian,motorcycle
Pedestrian,motorcycle,6,pedestrian,motorcycle,pedestrian,motorcycle,pedestrian,motorcycle,pedestrian,motorcycle,pedestrian,motorcycle
Pedestrian,motorcycle,6,pedestrian,motorcycle,pedestrian,motorcycle,pedestrian,motorcycle,pedestrian,motorcycle,pedestrian,motorcycle
Pedestrian,motorcycle,6,pedestrian,motorcycle,pedestrian,motorcycle,pedestrian,motorcycle,pedestrian,motorcycle,pedestrian,motorcycle
Pedestrian,motorcycle,6,pedestrian,motorcycle,pedestrian,motorcycle,pedestrian,motorcycle,pedestrian,motorcycle,pedestrian,motorcycle
Pedestrian,motorcycle,6,pedestrian,motorcycle,pedestrian,motorcycle,pedestrian,motorcycle,pedestrian,motorcycle,pedestrian,motorcycle
Pedestrian,motorcycle,6,pedestrian,motorcycle,pedestrian,motorcycle,pedestrian,motorcycle,pedestrian,motorcycle,pedestrian,motorcycle
Pedestrian,motorcycle,6,pedestrian,motorcycle,pedestrian,motorcycle,pedestrian,motorcycle,pedestrian,motorcycle,pedestrian,motorcycle
Pedestrian,motorcycle,6,pedestrian,motorcycle,pedestrian,motorcycle,pedestrian,motorcycle,pedestrian,motorcycle,pedestrian,motorcycle
Pedestrian,motorcycle,6,pedestrian,motorcycle,pedestrian,motorcycle,pedestrian,motorcycle,pedestrian,motorcycle,pedestrian,motorcycle
Pedestrian,motorcycle,6,pedestrian,motorcycle,pedestrian,motorcycle,pedestrian,motorcycle,pedestrian,motorcycle,pedestrian,motorcycle
Pedestrian,motorcycle,6,pedestrian,motorcycle,pedestrian,motorcycle,pedestrian,motorcycle,pedestrian,motorcycle,pedestrian,motorcycle
Pedestrian,motorcycle,6,pedestrian,motorcycle,pedestrian,motorcycle,pedestrian,motorcycle,pedestrian,motorcycle,pedestrian,motorcycle
Pedestrian,car,6,pedestrian,car,pedestrian,car,pedestrian,car,pedestrian,car,pedestrian,car
Pedestrian,car,6,pedestrian,car,pedestrian,car,pedestrian,car,pedestrian,car,pedestrian,car
Pedestrian,car,6,pedestrian,car,pedestrian,car,pedestrian,car,pedestrian,car,pedestrian,car
Pedestrian,car,6,pedestrian,car,pedestrian,car,pedestrian,car,pedestrian,car,pedestrian,car
Pedestrian,car,6,pedestrian,car,pedestrian,car,pedestrian,car,pedestrian,car,pedestrian,car
Pedestrian,car,6,pedestrian,car,pedestrian,car,pedestrian,car,pedestrian,car,pedestrian,car
Pedestrian,car,6,pedestrian,car,pedestrian,car,pedestrian,car,pedestrian,car,pedestrian,car
Pedestrian,car,6,pedestrian,car,pedestrian,car,pedestrian,car,pedestrian,car,pedestrian,car
Pedestrian,car,6,pedestrian,car,pedestrian,car,pedestrian,car,pedestrian,car,pedestrian,car
Pedestrian,car,6,pedestrian,car,pedestrian,car,pedestrian,car,pedestrian,car,pedestrian,car
Pedestrian,car,6,pedestrian,car,pedestrian,car,pedestrian,car,pedestrian,car,pedestrian,car
Pedestrian,car,6,pedestrian,car,pedestrian,car,pedestrian,car,pedestrian,car,pedestrian,car
Pedestrian,car,6,pedestrian,car,pedestrian,car,pedestrian,car,pedestrian,car,pedestrian,car
Pedestrian,car,6,pedestrian,car,pedestrian,car,pedestrian,car,pedestrian,car,pedestrian,car
Pedestrian,car,6,pedestrian,car,pedestrian,car,pedestrian,car,pedestrian,car,pedestrian,car
Pedestrian,car,6,pedestrian,car,pedestrian,car,pedestrian,car,pedestrian,car,pedestrian,car
Pedestrian,car,6,pedestrian,car,pedestrian,car,pedestrian,car,pedestrian,car,pedestrian,car
Pedestrian,car,6,pedestrian,car,pedestrian,car,pedestrian,car,pedestrian,car,pedestrian,car
Pedestrian,car,6,pedestrian,car,pedestrian,car,pedestrian,car,pedestrian,car,pedestrian,car
Pedestrian,car,6,pedestrian,car,pedestrian,car,pedestrian,car,pedestrian,car,pedestrian,car
Pedestrian,car,6,pedestrian,car,pedestrian,car,pedestrian,car,pedestrian,car,pedestrian,car
Pedestrian,car,6,pedestrian,car,pedestrian,car,pedestrian,car,pedestrian,car,pedestrian,car
Pedestrian,car,6,pedestrian,car,pedestrian,car,pedestrian,car,pedestrian,car,pedestrian,car
Pedestrian,car,6,pedestrian,car,pedestrian,car,pedestrian,car,pedestrian,car,pedestrian,car
Pedestrian,car,6,pedestrian,car,pedestrian,car,pedestrian,car,pedestrian,car,pedestrian,car
Pedestrian,car,6,pedestrian,car,pedestrian,car,pedestrian,car,pedestrian,car,pedestrian,car
Pedestrian,car,6,pedestrian,car,pedestrian,car,pedestrian,car,pedestrian,car,pedestrian,car
Pedestrian,car,6,pedestrian,car,pedestrian,car,pedestrian,car,pedestrian,car,pedestrian,car
Pedestrian,car,6,pedestrian,car,pedestrian,car,pedestrian,car,pedestrian,car,pedestrian,car
Pedestrian,car,6,pedestrian,car,pedestrian,car,pedestrian,car,pedestrian,car,pedestrian,car
Pedestrian,car,6,pedestrian,car,pedestrian,car,pedestrian,car,pedestrian,car,pedestrian,car
Pedestrian,car,6,pedestrian,car,pedestrian,car,pedestrian,car,pedestrian,car,pedestrian,car
Pedestrian,car,6,pedestrian,car,pedestrian,car,pedestrian,car,pedestrian,car,pedestrian,car
Pedestrian,car,6,pedestrian,car,pedestrian,car,pedestrian,car,pedestrian,car,pedestrian,car
Pedestrian,car,6,pedestrian,car,pedestrian,car,pedestrian,car,pedestrian,car,pedestrian,car
Pedestrian,car,6,pedestrian,car,pedestrian,car,pedestrian,car,pedestrian,car,pedestrian,car
Pedestrian,car,6,pedestrian,car,pedestrian,car,pedestrian,car,pedestrian,car,pedestrian,car
Pedestrian,car,6,pedestrian,car,pedestrian,car,pedestrian,car,pedestrian,car,pedestrian,car
Pedestrian,car,6,pedestrian,car,pedestrian,car,pedestrian,car,pedestrian,car,pedestrian,car
Pedestrian,car,6,pedestrian,car,pedestrian,car,pedestrian,car,pedestrian,car,pedestrian,car
Pedestrian,car,6,pedestrian,car,pedestrian,car,pedestrian,car,pedestrian,car,pedestrian,car
Pedestrian,car,6,pedestrian,car,pedestrian,car,pedestrian,car,pedestrian,car,pedestrian,car
Pedestrian,car,6,pedestrian,car,pedestrian,car,pedestrian,car,pedestrian,car,pedestrian,car
Pedestrian,car,6,pedestrian,car,pedestrian,car,pedestrian,car,pedestrian,car,pedestrian,car
Pedestrian,car,6,pedestrian,car,pedestrian,car,pedestrian,car,pedestrian,car,pedestrian,car
Pedestrian,car,6,pedestrian,car,pedestrian,car,pedestrian,car,pedestrian,car,pedestrian,car
Pedestrian,car,6,pedestrian,car,pedestrian,car,pedestrian,car,pedestrian,car,pedestrian,car
Pedestrian,car,6,pedestrian,car,pedestrian,car,pedestrian,car,pedestrian,car,pedestrian,car
Pedestrian,car,6,pedestrian,car,pedestrian,car,pedestrian,car,pedestrian,car,pedestrian,car
Pedestrian,car,6,pedestrian,car,pedestrian,car,pedestrian,car,pedestrian,car,pedestrian,car
Pedestrian,car,6,pedestrian,car,pedestrian,car,pedestrian,car,pedestrian,car,pedestrian,car
Pedestrian,car,6,pedestrian,car,pedestrian,car,pedestrian,car,pedestrian,car,pedestrian,car
Pedestrian,car,6,pedestrian,car,pedestrian,car,pedestrian,car,pedestrian,car,pedestrian,car
Pedestrian,car,6,pedestrian,car,pedestrian,car,pedestrian,car,pedestrian,car,pedestrian,car
Pedestrian,car,6,pedestrian,car,pedestrian,car,pedestrian,car,pedestrian,car,pedestrian,car
Pedestrian,car,6,pedestrian,car,pedestrian,car,pedestrian,car,pedestrian,car,pedestrian,car
Pedestrian,car,6,pedestrian,car,pedestrian,car,pedestrian,car,pedestrian,car,pedestrian,car
Pedestrian,car,6,pedestrian,car,pedestrian,car,pedestrian,car,pedestrian,car,pedestrian,car
Pedestrian,car,6,pedestrian,car,pedestrian,car,pedestrian,car,pedestrian,car,pedestrian,car
Pedestrian,car,6,pedestrian,car,pedestrian,car,pedestrian,car,pedestrian,car,pedestrian,car
Pedestrian,car,6,pedestrian,car,pedestrian,car,pedestrian,car,pedestrian,car,pedestrian,car
Pedestrian,car,6,pedestrian,car,pedestrian,car,pedestrian,car,pedestrian,car,pedestrian,car
Pedestrian,car,6,pedestrian,car,pedestrian,car,pedestrian,car,pedestrian,car,pedestrian,car
Pedestrian,car,6,pedestrian,car,pedestrian,car,pedestrian,car,pedestrian,car,pedestrian,car
Pedestrian,car,6,pedestrian,car,pedestrian,car,pedestrian,car,pedestrian,car,pedestrian,car
Pedestrian,car,6,pedestrian,car,pedestrian,car,pedestrian,car,pedestrian,car,pedestrian,car
Pedestrian,car,6,pedestrian,car,pedestrian,car,pedestrian,car,pedestrian,car,pedestrian,car
Pedestrian,car,6,pedestrian,car,pedestrian,car,pedestrian,car,pedestrian,car,pedestrian,car
Pedestrian,car,6,pedestrian,car,pedestrian,car,pedestrian,car,pedestrian,car,pedestrian,car
Pedestrian,car,6,pedestrian,car,pedestrian,car,pedestrian,car,pedestrian,car,pedestrian,car
Pedestrian,car,6,pedestrian,car,pedestrian,car,pedestrian,car,pedestrian,car,pedestrian,car
Pedestrian,car,6,pedestrian,car,pedestrian,car,pedestrian,car,pedestrian,car,pedestrian,car
Pedestrian,car,6,pedestrian,car,pedestrian,car,pedestrian,car,pedestrian,car,pedestrian,car
Pedestrian,car,6,pedestrian,car,pedestrian,car,pedestrian,car,pedestrian,car,pedestrian,car
Pedestrian,car,6,pedestrian,car,pedestrian,car,pedestrian,car,pedestrian,car,pedestrian,car
Pedestrian,car,6,pedestrian,car,pedestrian,car,pedestrian,car,pedestrian,car,pedestrian,car
Pedestrian,car,6,pedestrian,car,pedestrian,car,pedestrian,car,pedestrian,car,pedestrian,car
Pedestrian,car,6,pedestrian,car,pedestrian,car,pedestrian,car,pedestrian,car,pedestrian,car
Pedestrian,car,6,pedestrian,car,pedestrian,car,pedestrian,car,pedestrian,car,pedestrian,car
Pedestrian,car,6,pedestrian,car,pedestrian,car,pedestrian,car,pedestrian,car,pedestrian,car
Pedestrian,car,6,pedestrian,car,pedestrian,car,pedestrian,car,pedestrian,car,pedestrian,car
Pedestrian,car,6,pedestrian,car,pedestrian,car,pedestrian,car,pedestrian,car,pedestrian,car
Pedestrian,car,6,pedestrian,car,pedestrian,car,pedestrian,car,pedestrian,car,pedestrian,car
Pedestrian,car,6,pedestrian,car,pedestrian,car,pedestrian,car,pedestrian,car,pedestrian,car
Pedestrian,car,6,pedestrian,car,pedestrian,car,pedestrian,car,pedestrian,car,pedestrian,car
Pedestrian,car,6,pedestrian,car,pedestrian,car,pedestrian,car,pedestrian,car,pedestrian,car
Pedestrian,car,6,pedestrian,car,pedestrian,car,pedestrian,car,pedestrian,car,pedestrian,car
Pedestrian,car,6,pedestrian,car,pedestrian,car,pedestrian,car,pedestrian,car,pedestrian,car
Pedestrian,car,6,pedestrian,car,pedestrian,car,pedestrian,car,pedestrian,car,pedestrian,car
Pedestrian,car,6,pedestrian,car,pedestrian,car,pedestrian,car,pedestrian,car,pedestrian,car
Pedestrian,car,6,pedestrian,car,pedestrian,car,pedestrian,car,pedestrian,car,pedestrian,car
Pedestrian,car,6,pedestrian,car,pedestrian,car,pedestrian,car,pedestrian,car,pedestrian,car
Pedestrian,car,6,pedestrian,car,pedestrian,car,pedestrian,car,pedestrian,car,pedestrian,car
Pedestrian,car,6,pedestrian,car,pedestrian,car,pedestrian,car,pedestrian,car,pedestrian,car
Pedestrian,car,6,pedestrian,car,pedestrian,car,pedestrian,car,pedestrian,car,pedestrian,car
Pedestrian,car,6,pedestrian,car,pedestrian,car,pedestrian,car,pedestrian,car,pedestrian,car
Pedestrian,car,6,pedestrian,car,pedestrian,car,pedestrian,car,pedestrian,car,pedestrian,car
Pedestrian,car,6,pedestrian,car,pedestrian,car,pedestrian,car,pedestrian,car,pedestrian,car
Pedestrian,car,6,pedestrian,car,pedestrian,car,pedestrian,car,pedestrian,car,pedestrian,car
Pedestrian,car,6,pedestrian,car,pedestrian,car,pedestrian,car,pedestrian,car,pedestrian,car
Pedestrian,car,6,pedestrian,car,pedestrian,car,pedestrian,car,pedestrian,car,pedestrian,car
Pedestrian,car,6,pedestrian,car,pedestrian,car,pedestrian,car,pedestrian,car,pedestrian,car
Pedestrian,car,6,pedestrian,car,pedestrian,car,pedestrian,car,pedestrian,car,pedestrian,car
Pedestrian,car,6,pedestrian,car,pedestrian,car,pedestrian,car,pedestrian,car,pedestrian,car
Pedestrian,car,6,pedestrian,car,pedestrian,car,pedestrian,car,pedestrian,car,pedestrian,car
Pedestrian,car,6,pedestrian,car,pedestrian,car,pedestrian,car,pedestrian,car,pedestrian,car
Pedestrian,car,6,pedestrian,car,pedestrian,car,pedestrian,car,pedestrian,car,pedestrian,car
Pedestrian,car,6,pedestrian,car,pedestrian,car,pedestrian,car,pedestrian,car,pedestrian,car
Pedestrian,car,6,pedestrian,car,pedestrian,car,pedestrian,car,pedestrian,car,pedestrian,car
Pedestrian,car,6,pedestrian,car,pedestrian,car,pedestrian,car,pedestrian,car,pedestrian,car
Pedestrian,car,6,pedestrian,car,pedestrian,car,pedestrian,car,pedestrian,car,pedestrian,car
Pedestrian,car,6,pedestrian,car,pedestrian,car,pedestrian,car,pedestrian,car,pedestrian,car
Pedestrian,car,6,pedestrian,car,pedestrian,car,pedestrian,car,pedestrian,car,pedestrian,car
Pedestrian,car,6,pedestrian,car,pedestrian,car,pedestrian,car,pedestrian,car,pedestrian,car
Pedestrian,car,6,pedestrian,car,pedestrian,car,pedestrian,car,pedestrian,car,pedestrian,car
Pedestrian,car,6,pedestrian,car,pedestrian,car,pedestrian,car,pedestrian,car,pedestrian,car
Pedestrian,car,6,pedestrian,car,pedestrian,car,pedestrian,car,pedestrian,car,pedestrian,car
Pedestrian,car,6,pedestrian,car,pedestrian,car,pedestrian,car,pedestrian,car,pedestrian,car
Pedestrian,car,6,pedestrian,car,pedestrian,car,pedestrian,car,pedestrian,car,pedestrian,car
Pedestrian,car,6,pedestrian,car,pedestrian,car,pedestrian,car,pedestrian,car,pedestrian,car
Pedestrian,car,6,pedestrian,car,pedestrian,car,pedestrian,car,pedestrian,car,pedestrian,car
Pedestrian,car,6,pedestrian,car,pedestrian,car,pedestrian,car,pedestrian,car,pedestrian,car
Pedestrian,car,6,pedestrian,car,pedestrian,car,pedestrian,car,pedestrian,car,pedestrian,car
Pedestrian,car,6,pedestrian,car,pedestrian,car,pedestrian,car,pedestrian,car,pedestrian,car
Pedestrian,car,6,pedestrian,car,pedestrian,car,pedestrian,car,pedestrian,car,pedestrian,car
Pedestrian,car,6,pedestrian,car,pedestrian,car,pedestrian,car,pedestrian,car,pedestrian,car
Pedestrian,car,6,pedestrian,car,pedestrian,car,pedestrian,car,pedestrian,car,pedestrian,car
Pedestrian,car,6,pedestrian,car,pedestrian,car,pedestrian,car,pedestrian,car,pedestrian,car
Pedestrian,car,6,pedestrian,car,pedestrian,car,pedestrian,car,pedestrian,car,pedestrian,car
Pedestrian,car,6,pedestrian,car,pedestrian,car,pedestrian,car,pedestrian,car,pedestrian,car
Pedestrian,car,6,pedestrian,car,pedestrian,car,pedestrian,car,pedestrian,car,pedestrian,car
Pedestrian,car,6,pedestrian,car,pedestrian,car,pedestrian,car,pedestrian,car,pedestrian,car
Pedestrian,car,6,pedestrian,car,pedestrian,car,pedestrian,car,pedestrian,car,pedestrian,car
Pedestrian,car,6,pedestrian,car,pedestrian,car,pedestrian,car,pedestrian,car,pedestrian,car
Pedestrian,car,6,pedestrian,car,pedestrian,car,pedestrian,car,pedestrian,car,pedestrian,car
Pedestrian,car,6,pedestrian,car,pedestrian,car,pedestrian,car,pedestrian,car,pedestrian,car
Pedestrian,car,6,pedestrian,car,pedestrian,car,pedestrian,car,pedestrian,car,pedestrian,car
Pedestrian,car,6,pedestrian,car,pedestrian,car,pedestrian,car,pedestrian,car,pedestrian,car
Pedestrian,car,6,pedestrian,car,pedestrian,car,pedestrian,car,pedestrian,car,pedestrian,car
Pedestrian,car,6,pedestrian,car,pedestrian,car,pedestrian,car,pedestrian,car,pedestrian,car
Pedestrian,car,6,pedestrian,car,pedestrian,car,pedestrian,car,pedestrian,car,pedestrian,car
Pedestrian,car,6,pedestrian,car,pedestrian,car,pedestrian,car,pedestrian,car,pedestrian,car
Pedestrian,car,6,pedestrian,car,pedestrian,car,pedestrian,car,pedestrian,car,pedestrian,car
Pedestrian,car,6,pedestrian,car,pedestrian,car,pedestrian,car,pedestrian,car,pedestrian,car
Pedestrian,car,6,pedestrian,car,pedestrian,car,pedestrian,car,pedestrian,car,pedestrian,car
Pedestrian,car,6,pedestrian,car,pedestrian,car,pedestrian,car,pedestrian,car,pedestrian,car
Pedestrian,car,6,pedestrian,car,pedestrian,car,pedestrian,car,pedestrian,car,pedestrian,car
Pedestrian,car,6,pedestrian,car,pedestrian,car,pedestrian,car,pedestrian,car,pedestrian,car
Pedestrian,car,6,pedestrian,car,pedestrian,car,pedestrian,car,pedestrian,car,pedestrian,car
Pedestrian,car,6,pedestrian,car,pedestrian,car,pedestrian,car,pedestrian,car,pedestrian,car
Pedestrian,car,6,pedestrian,car,pedestrian,car,pedestrian,car,pedestrian,car,pedestrian,car
Pedestrian,car,6,pedestrian,car,pedestrian,car,pedestrian,car,pedestrian,car,pedestrian,car
Pedestrian,car,6,pedestrian,car,pedestrian,car,pedestrian,car,pedestrian,car,pedestrian,car
Pedestrian,car,6,pedestrian,car,pedestrian,car,pedestrian,car,pedestrian,car,pedestrian,car
Pedestrian,car,6,pedestrian,car,pedestrian,car,pedestrian,car,pedestrian,car,pedestrian,car
Pedestrian,car,6,pedestrian,car,pedestrian,car,pedestrian,car,pedestrian,car,pedestrian,car
Pedestrian,car,6,pedestrian,car,pedestrian,car,pedestrian,car,pedestrian,car,pedestrian,car
Pedestrian,car,6,pedestrian,car,pedestrian,car,pedestrian,car,pedestrian,car,pedestrian,car
Pedestrian,car,6,pedestrian,car,pedestrian,car,pedestrian,car,pedestrian,car,pedestrian,car
Pedestrian,car,6,pedestrian,car,pedestrian,car,pedestrian,car,pedestrian,car,pedestrian,car
Pedestrian,car,6,pedestrian,car,pedestrian,car,pedestrian,car,pedestrian,car,pedestrian,car
Pedestrian,car,6,pedestrian,car,pedestrian,car,pedestrian,car,pedestrian,car,pedestrian,car
Pedestrian,car,6,pedestrian,car,pedestrian,car,pedestrian,car,pedestrian,car,pedestrian,car
Pedestrian,car,6,pedestrian,car,pedestrian,car,pedestrian,car,pedestrian,car,pedestrian,car
Pedestrian,car,6,pedestrian,car,pedestrian,car,pedestrian,car,pedestrian,car,pedestrian,car
Pedestrian,car,6,pedestrian,car,pedestrian,car,pedestrian,car,pedestrian,car,pedestrian,car
Pedestrian,car,6,pedestrian,car,pedestrian,car,pedestrian,car,pedestrian,car,pedestrian,car
Pedestrian,car,6,pedestrian,car,pedestrian,car,pedestrian,car,pedestrian,car,pedestrian,car
Pedestrian,car,6,pedestrian,car,pedestrian,car,pedestrian,car,pedestrian,car,pedestrian,car
Pedestrian,car,6,pedestrian,car,pedestrian,car,pedestrian,car,pedestrian,car,pedestrian,car
Pedestrian,car,6,pedestrian,car,pedestrian,car,pedestrian,car,pedestrian,car,pedestrian,car
Pedestrian,car,6,pedestrian,car,pedestrian,car,pedestrian,car,pedestrian,car,pedestrian,car
Pedestrian,car,6,pedestrian,car,pedestrian,car,pedestrian,car,pedestrian,car,pedestrian,car
Pedestrian,car,6,pedestrian,car,pedestrian,car,pedestrian,car,pedestrian,car,pedestrian,car
Pedestrian,car,6,pedestrian,car,pedestrian,car,pedestrian,car,pedestrian,car,pedestrian,car
Pedestrian,car,6,pedestrian,car,pedestrian,car,pedestrian,car,pedestrian,car,pedestrian,car
Pedestrian,car,6,pedestrian,car,pedestrian,car,pedestrian,car,pedestrian,car,pedestrian,car
Pedestrian,car,6,pedestrian,car,pedestrian,car,pedestrian,car,pedestrian,car,pedestrian,car
Pedestrian,car,6,pedestrian,car,pedestrian,car,pedestrian,car,pedestrian,car,pedestrian,car
Pedestrian,car,6,pedestrian,car,pedestrian,car,pedestrian,car,pedestrian,car,pedestrian,car
Pedestrian,car,6,pedestrian,car,pedestrian,car,pedestrian,car,pedestrian,car,pedestrian,car
Pedestrian,car,6,pedestrian,car,pedestrian,car,pedestrian,car,pedestrian,car,pedestrian,car
Pedestrian,car,6,pedestrian,car,pedestrian,car,pedestrian,car,pedestrian,car,pedestrian,car
Pedestrian,car,6,pedestrian,car,pedestrian,car,pedestrian,car,pedestrian,car,pedestrian,car
Pedestrian,car,6,pedestrian,car,pedestrian,car,pedestrian,car,pedestrian,car,pedestrian,car
Pedestrian,car,6,pedestrian,car,pedestrian,car,pedestrian,car,pedestrian,car,pedestrian,car
Pedestrian,car,6,pedestrian,car,pedestrian,car,pedestrian,car,pedestrian,car,pedestrian,car
Pedestrian,car,6,pedestrian,car,pedestrian,car,pedestrian,car,pedestrian,car,pedestrian,car
Pedestrian,car,6,pedestrian,car,pedestrian,car,pedestrian,car,pedestrian,car,pedestrian,car
Pedestrian,car,6,pedestrian,car,pedestrian,car,pedestrian,car,pedestrian,car,pedestrian,car
Pedestrian,car,6,pedestrian,car,pedestrian,car,pedestrian,car,pedestrian,car,pedestrian,car
Pedestrian,car,6,pedestrian,car,pedestrian,car,pedestrian,car,pedestrian,car,pedestrian,car
Pedestrian,car,6,pedestrian,car,pedestrian,car,pedestrian,car,pedestrian,car,pedestrian,car
Pedestrian,car,6,pedestrian,car,pedestrian,car,pedestrian,car,pedestrian,car,pedestrian,car
Pedestrian,car,6,pedestrian,car,pedestrian,car,pedestrian,car,pedestrian,car,pedestrian,car
Pedestrian,car,6,pedestrian,car,pedestrian,car,pedestrian,car,pedestrian,car,pedestrian,car
Pedestrian,car,6,pedestrian,car,pedestrian,car,pedestrian,car,pedestrian,car,pedestrian,car
Pedestrian,car,6,pedestrian,car,pedestrian,car,pedestrian,car,pedestrian,car,pedestrian,car
Pedestrian,car,6,pedestrian,car,pedestrian,car,pedestrian,car,pedestrian,car,pedestrian,car
Pedestrian,car,6,pedestrian,car,pedestrian,car,pedestrian,car,pedestrian,car,pedestrian,car
Pedestrian,car,6,pedestrian,car,pedestrian,car,pedestrian,car,pedestrian,car,pedestrian,car
Pedestrian,car,6,pedestrian,car,pedestrian,car,pedestrian,car,pedestrian,car,pedestrian,car
Pedestrian,car,6,pedestrian,car,pedestrian,car,pedestrian,car,pedestrian,car,pedestrian,car
Pedestrian,car,6,pedestrian,car,pedestrian,car,pedestrian,car,pedestrian,car,pedestrian,car
Pedestrian,car,6,pedestrian,car,pedestrian,car,pedestrian,car,pedestrian,car,pedestrian,car
Pedestrian,car,6,pedestrian,car,pedestrian,car,pedestrian,car,pedestrian,car,pedestrian,car
Pedestrian,car,6,pedestrian,car,pedestrian,car,pedestrian,car,pedestrian,car,pedestrian,car
Pedestrian,car,6,pedestrian,car,pedestrian,car,pedestrian,car,pedestrian,car,pedestrian,car
Pedestrian,car,6,pedestrian,car,pedestrian,car,pedestrian,car,pedestrian,car,pedestrian,car
Pedestrian,car,6,pedestrian,car,pedestrian,car,pedestrian,car,pedestrian,car,pedestrian,car
Pedestrian,car,6,pedestrian,car,pedestrian,car,pedestrian,car,pedestrian,car,pedestrian,car
Pedestrian,car,6,pedestrian,car,pedestrian,car,pedestrian,car,pedestrian,car,pedestrian,car
Pedestrian,car,6,pedestrian,car,pedestrian,car,pedestrian,car,pedestrian,car,pedestrian,car
Pedestrian,car,6,pedestrian,car,pedestrian,car,pedestrian,car,pedestrian,car,pedestrian,car
Pedestrian,car,6,pedestrian,car,pedestrian,car,pedestrian,car,pedestrian,car,pedestrian,car
Pedestrian,car,6,pedestrian,car,pedestrian,car,pedestrian,car,pedestrian,car,pedestrian,car
Pedestrian,car,6,pedestrian,car,pedestrian,car,pedestrian,car,pedestrian,car,pedestrian,car
Pedestrian,car,6,pedestrian,car,pedestrian,car,pedestrian,car,pedestrian,car,pedestrian,car
Pedestrian,car,6,pedestrian,car,pedestrian,car,pedestrian,car,pedestrian,car,pedestrian,car
Pedestrian,car,6,pedestrian,car,pedestrian,car,pedestrian,car,pedestrian,car,pedestrian,car
Pedestrian,car,6,pedestrian,car,pedestrian,car,pedestrian,car,pedestrian,car,pedestrian,car
Pedestrian,car,6,pedestrian,car,pedestrian,car,pedestrian,car,pedestrian,car,pedestrian,car
Pedestrian,car,6,pedestrian,car,pedestrian,car,pedestrian,car,pedestrian,car,pedestrian,car
Pedestrian,car,6,pedestrian,car,pedestrian,car,pedestrian,car,pedestrian,car,pedestrian,car
Pedestrian,car,6,pedestrian,car,pedestrian,car,pedestrian,car,pedestrian,car,pedestrian,car
Pedestrian,car,6,pedestrian,car,pedestrian,car,pedestrian,car,pedestrian,car,pedestrian,car
Pedestrian,car,6,pedestrian,car,pedestrian,car,pedestrian,car,pedestrian,car,pedestrian,car
Pedestrian,car,6,pedestrian,car,pedestrian,car,pedestrian,car,pedestrian,car,pedestrian,car
Pedestrian,car,6,pedestrian,car,pedestrian,car,pedestrian,car,pedestrian,car,pedestrian,car
Pedestrian,car,6,pedestrian,car,pedestrian,car,pedestrian,car,pedestrian,car,pedestrian,car
Pedestrian,car,6,pedestrian,car,pedestrian,car,pedestrian,car,pedestrian,car,pedestrian,car
Pedestrian,car,6,pedestrian,car,pedestrian,car,pedestrian,car,pedestrian,car,pedestrian,car
Pedestrian,car,6,pedestrian,car,pedestrian,car,pedestrian,car,pedestrian,car,pedestrian,car
Pedestrian,car,6,pedestrian,car,pedestrian,car,pedestrian,car,pedestrian,car,pedestrian,car
Pedestrian,car,6,pedestrian,car,pedestrian,car,pedestrian,car,pedestrian,car,pedestrian,car
Pedestrian,car,6,pedestrian,car,pedestrian,car,pedestrian,car,pedestrian,car,pedestrian,car
Pedestrian,car,6,pedestrian,car,pedestrian,car,pedestrian,car,pedestrian,car,pedestrian,car
Pedestrian,car,6,pedestrian,car,pedestrian,car,pedestrian,car,pedestrian,car,pedestrian,car
Pedestrian,car,6,pedestrian,car,pedestrian,car,pedestrian,car,pedestrian,car,pedestrian,car
Pedestrian,car,6,pedestrian,car,pedestrian,car,pedestrian,car,pedestrian,car,pedestrian,car
Pedestrian,car,6,pedestrian,car,pedestrian,car,pedestrian,car,pedestrian,car,pedestrian,car
Pedestrian,car,6,pedestrian,car,pedestrian,car,pedestrian,car,pedestrian,car,pedestrian,car
Pedestrian,car,6,pedestrian,car,pedestrian,car,pedestrian,car,pedestrian,car,pedestrian,car
Pedestrian,car,6,pedestrian,car,pedestrian,car,pedestrian,car,pedestrian,car,pedestrian,car
Pedestrian,car,6,pedestrian,car,pedestrian,car,pedestrian,car,pedestrian,car,pedestrian,car
Pedestrian,car,6,pedestrian,car,pedestrian,car,pedestrian,car,pedestrian,car,pedestrian,car
Pedestrian,car,6,pedestrian,car,pedestrian,car,pedestrian,car,pedestrian,car,pedestrian,car
Pedestrian,car,6,pedestrian,car,pedestrian,car,pedestrian,car,pedestrian,car,pedestrian,car
Pedestrian,car,6,pedestrian,car,pedestrian,car,pedestrian,car,pedestrian,car,pedestrian,car
Pedestrian,car,6,pedestrian,car,pedestrian,car,pedestrian,car,pedestrian,car,pedestrian,car
Pedestrian,car,6,pedestrian,car,pedestrian,car,pedestrian,car,pedestrian,car,pedestrian,car
Pedestrian,car,6,pedestrian,car,pedestrian,car,pedestrian,car,pedestrian,car,pedestrian,car
Pedestrian,car,6,pedestrian,car,pedestrian,car,pedestrian,car,pedestrian,car,pedestrian,car
Pedestrian,car,6,pedestrian,car,pedestrian,car,pedestrian,car,pedestrian,car,pedestrian,car
Pedestrian,car,6,pedestrian,car,pedestrian,car,pedestrian,car,pedestrian,car,pedestrian,car
Pedestrian,car,6,pedestrian,car,pedestrian,car,pedestrian,car,pedestrian,car,pedestrian,car
Pedestrian,car,6,pedestrian,car,pedestrian,car,pedestrian,car,pedestrian,car,pedestrian,car
Pedestrian,car,6,pedestrian,car,pedestrian,car,pedestrian,car,pedestrian,car,pedestrian,car
Pedestrian,car,6,pedestrian,car,pedestrian,car,pedestrian,car,pedestrian,car,pedestrian,car
Pedestrian,car,6,pedestrian,car,pedestrian,car,pedestrian,car,pedestrian,car,pedestrian,car
Pedestrian,car,6,pedestrian,car,pedestrian,car,pedestrian,car,pedestrian,car,pedestrian,car
Pedestrian,car,6,pedestrian,car,pedestrian,car,pedestrian,car,pedestrian,car,pedestrian,car
Pedestrian,car,6,pedestrian,car,pedestrian,car,pedestrian,car,pedestrian,car,pedestrian,car
Pedestrian,car,6,pedestrian,car,pedestrian,car,pedestrian,car,pedestrian,car,pedestrian,car
Pedestrian,Bus,6,pedestrian,bus,pedestrian,bus,pedestrian,bus,pedestrian,bus,pedestrian,bus
Pedestrian,Bus,6,pedestrian,bus,pedestrian,bus,pedestrian,bus,pedestrian,bus,pedestrian,bus
Pedestrian,Bus,6,pedestrian,bus,pedestrian,bus,pedestrian,bus,pedestrian,bus,pedestrian,bus
Pedestrian,Bus,6,pedestrian,bus,pedestrian,bus,pedestrian,bus,pedestrian,bus,pedestrian,bus
Pedestrian,Bus,6,pedestrian,bus,pedestrian,bus,pedestrian,bus,pedestrian,bus,pedestrian,bus
Pedestrian,Bus,6,pedestrian,bus,pedestrian,bus,pedestrian,bus,pedestrian,bus,pedestrian,bus
Pedestrian,Bus,6,pedestrian,bus,pedestrian,bus,pedestrian,bus,pedestrian,bus,pedestrian,bus
Pedestrian,Bus,6,pedestrian,bus,pedestrian,bus,pedestrian,bus,pedestrian,bus,pedestrian,bus
Pedestrian,Bus,6,pedestrian,bus,pedestrian,bus,pedestrian,bus,pedestrian,bus,pedestrian,bus
Pedestrian,Bus,6,pedestrian,bus,pedestrian,bus,pedestrian,bus,pedestrian,bus,pedestrian,bus
Pedestrian,Bus,6,pedestrian,bus,pedestrian,bus,pedestrian,bus,pedestrian,bus,pedestrian,bus
Pedestrian,Bus,6,pedestrian,bus,pedestrian,bus,pedestrian,bus,pedestrian,bus,pedestrian,bus
Pedestrian,Bus,6,pedestrian,bus,pedestrian,bus,pedestrian,bus,pedestrian,bus,pedestrian,bus
Pedestrian,Bus,6,pedestrian,bus,pedestrian,bus,pedestrian,bus,pedestrian,bus,pedestrian,bus
Pedestrian,Bus,6,pedestrian,bus,pedestrian,bus,pedestrian,bus,pedestrian,bus,pedestrian,bus
Pedestrian,Bus,6,pedestrian,bus,pedestrian,bus,pedestrian,bus,pedestrian,bus,pedestrian,bus
Pedestrian,Bus,6,pedestrian,bus,pedestrian,bus,pedestrian,bus,pedestrian,bus,pedestrian,bus
Pedestrian,Bus,6,pedestrian,bus,pedestrian,bus,pedestrian,bus,pedestrian,bus,pedestrian,bus
Pedestrian,Bus,6,pedestrian,bus,pedestrian,bus,pedestrian,bus,pedestrian,bus,pedestrian,bus
Pedestrian,Bus,6,pedestrian,bus,pedestrian,bus,pedestrian,bus,pedestrian,bus,pedestrian,bus
Pedestrian,Bus,6,pedestrian,bus,pedestrian,bus,pedestrian,bus,pedestrian,bus,pedestrian,bus
Pedestrian,Bus,6,pedestrian,bus,pedestrian,bus,pedestrian,bus,pedestrian,bus,pedestrian,bus
Pedestrian,Bus,6,pedestrian,bus,pedestrian,bus,pedestrian,bus,pedestrian,bus,pedestrian,bus
Pedestrian,Bus,6,pedestrian,bus,pedestrian,bus,pedestrian,bus,pedestrian,bus,pedestrian,bus
Pedestrian,Bus,6,pedestrian,bus,pedestrian,bus,pedestrian,bus,pedestrian,bus,pedestrian,bus
Pedestrian,Bus,6,pedestrian,bus,pedestrian,bus,pedestrian,bus,pedestrian,bus,pedestrian,bus
Pedestrian,Bus,6,pedestrian,bus,pedestrian,bus,pedestrian,bus,pedestrian,bus,pedestrian,bus
Pedestrian,Bus,6,pedestrian,bus,pedestrian,bus,pedestrian,bus,pedestrian,bus,pedestrian,bus
Pedestrian,Bus,6,pedestrian,bus,pedestrian,bus,pedestrian,bus,pedestrian,bus,pedestrian,bus
Pedestrian,Bus,6,pedestrian,bus,pedestrian,bus,pedestrian,bus,pedestrian,bus,pedestrian,bus
Pedestrian,Bus,6,pedestrian,bus,pedestrian,bus,pedestrian,bus,pedestrian,bus,pedestrian,bus
Pedestrian,Bus,6,pedestrian,bus,pedestrian,bus,pedestrian,bus,pedestrian,bus,pedestrian,bus
Pedestrian,Bus,6,pedestrian,bus,pedestrian,bus,pedestrian,bus,pedestrian,bus,pedestrian,bus
Pedestrian,Bus,6,pedestrian,bus,pedestrian,bus,pedestrian,bus,pedestrian,bus,pedestrian,bus
Pedestrian,Bus,6,pedestrian,bus,pedestrian,bus,pedestrian,bus,pedestrian,bus,pedestrian,bus
Pedestrian,Bus,6,pedestrian,bus,pedestrian,bus,pedestrian,bus,pedestrian,bus,pedestrian,bus
Pedestrian,Bus,6,pedestrian,bus,pedestrian,bus,pedestrian,bus,pedestrian,bus,pedestrian,bus
Pedestrian,Bus,6,pedestrian,bus,pedestrian,bus,pedestrian,bus,pedestrian,bus,pedestrian,bus
Pedestrian,Bus,6,pedestrian,bus,pedestrian,bus,pedestrian,bus,pedestrian,bus,pedestrian,bus
Pedestrian,Bus,6,pedestrian,bus,pedestrian,bus,pedestrian,bus,pedestrian,bus,pedestrian,bus
Pedestrian,Bus,6,pedestrian,bus,pedestrian,bus,pedestrian,bus,pedestrian,bus,pedestrian,bus
Pedestrian,Bus,6,pedestrian,bus,pedestrian,bus,pedestrian,bus,pedestrian,bus,pedestrian,bus
Pedestrian,Bus,6,pedestrian,bus,pedestrian,bus,pedestrian,bus,pedestrian,bus,pedestrian,bus
Pedestrian,Bus,6,pedestrian,bus,pedestrian,bus,pedestrian,bus,pedestrian,bus,pedestrian,bus
Pedestrian,Bus,6,pedestrian,bus,pedestrian,bus,pedestrian,bus,pedestrian,bus,pedestrian,bus
Pedestrian,Bus,6,pedestrian,bus,pedestrian,bus,pedestrian,bus,pedestrian,bus,pedestrian,bus
Pedestrian,Bus,6,pedestrian,bus,pedestrian,bus,pedestrian,bus,pedestrian,bus,pedestrian,bus
Pedestrian,Bus,6,pedestrian,bus,pedestrian,bus,pedestrian,bus,pedestrian,bus,pedestrian,bus
Pedestrian,Bus,6,pedestrian,bus,pedestrian,bus,pedestrian,bus,pedestrian,bus,pedestrian,bus
Pedestrian,Bus,6,pedestrian,bus,pedestrian,bus,pedestrian,bus,pedestrian,bus,pedestrian,bus
Pedestrian,Bus,6,pedestrian,bus,pedestrian,bus,pedestrian,bus,pedestrian,bus,pedestrian,bus
Pedestrian,Bus,6,pedestrian,bus,pedestrian,bus,pedestrian,bus,pedestrian,bus,pedestrian,bus
Pedestrian,Bus,6,pedestrian,bus,pedestrian,bus,pedestrian,bus,pedestrian,bus,pedestrian,bus
Pedestrian,Bus,6,pedestrian,bus,pedestrian,bus,pedestrian,bus,pedestrian,bus,pedestrian,bus
Pedestrian,Bus,6,pedestrian,bus,pedestrian,bus,pedestrian,bus,pedestrian,bus,pedestrian,bus
Pedestrian,Bus,6,pedestrian,bus,pedestrian,bus,pedestrian,bus,pedestrian,bus,pedestrian,bus
Pedestrian,Bus,6,pedestrian,bus,pedestrian,bus,pedestrian,bus,pedestrian,bus,pedestrian,bus
Pedestrian,Bus,6,pedestrian,bus,pedestrian,bus,pedestrian,bus,pedestrian,bus,pedestrian,bus
Pedestrian,Bus,6,pedestrian,bus,pedestrian,bus,pedestrian,bus,pedestrian,bus,pedestrian,bus
Pedestrian,Bus,6,pedestrian,bus,pedestrian,bus,pedestrian,bus,pedestrian,bus,pedestrian,bus
Pedestrian,Bus,6,pedestrian,bus,pedestrian,bus,pedestrian,bus,pedestrian,bus,pedestrian,bus
Pedestrian,Bus,6,pedestrian,bus,pedestrian,bus,pedestrian,bus,pedestrian,bus,pedestrian,bus
Pedestrian,Bus,6,pedestrian,bus,pedestrian,bus,pedestrian,bus,pedestrian,bus,pedestrian,bus
Pedestrian,Bus,6,pedestrian,bus,pedestrian,bus,pedestrian,bus,pedestrian,bus,pedestrian,bus
Pedestrian,Bus,6,pedestrian,bus,pedestrian,bus,pedestrian,bus,pedestrian,bus,pedestrian,bus
Pedestrian,Bus,6,pedestrian,bus,pedestrian,bus,pedestrian,bus,pedestrian,bus,pedestrian,bus
Pedestrian,Bus,6,pedestrian,bus,pedestrian,bus,pedestrian,bus,pedestrian,bus,pedestrian,bus
Pedestrian,Bus,6,pedestrian,bus,pedestrian,bus,pedestrian,bus,pedestrian,bus,pedestrian,bus
Pedestrian,Bus,6,pedestrian,bus,pedestrian,bus,pedestrian,bus,pedestrian,bus,pedestrian,bus
Pedestrian,Bus,6,pedestrian,bus,pedestrian,bus,pedestrian,bus,pedestrian,bus,pedestrian,bus
Pedestrian,Bus,6,pedestrian,bus,pedestrian,bus,pedestrian,bus,pedestrian,bus,pedestrian,bus
Pedestrian,Bus,6,pedestrian,bus,pedestrian,bus,pedestrian,bus,pedestrian,bus,pedestrian,bus
Pedestrian,Bus,6,pedestrian,bus,pedestrian,bus,pedestrian,bus,pedestrian,bus,pedestrian,bus
Pedestrian,Bus,6,pedestrian,bus,pedestrian,bus,pedestrian,bus,pedestrian,bus,pedestrian,bus
Pedestrian,Bus,6,pedestrian,bus,pedestrian,bus,pedestrian,bus,pedestrian,bus,pedestrian,bus
Pedestrian,Bus,6,pedestrian,bus,pedestrian,bus,pedestrian,bus,pedestrian,bus,pedestrian,bus
Pedestrian,Bus,6,pedestrian,bus,pedestrian,bus,pedestrian,bus,pedestrian,bus,pedestrian,bus
Pedestrian,Bus,6,pedestrian,bus,pedestrian,bus,pedestrian,bus,pedestrian,bus,pedestrian,bus
Pedestrian,Bus,6,pedestrian,bus,pedestrian,bus,pedestrian,bus,pedestrian,bus,pedestrian,bus
Pedestrian,Bus,6,pedestrian,bus,pedestrian,bus,pedestrian,bus,pedestrian,bus,pedestrian,bus
Pedestrian,Bus,6,pedestrian,bus,pedestrian,bus,pedestrian,bus,pedestrian,bus,pedestrian,bus
Pedestrian,Bus,6,pedestrian,bus,pedestrian,bus,pedestrian,bus,pedestrian,bus,pedestrian,bus
Pedestrian,Bus,6,pedestrian,bus,pedestrian,bus,pedestrian,bus,pedestrian,bus,pedestrian,bus
Pedestrian,Bus,6,pedestrian,bus,pedestrian,bus,pedestrian,bus,pedestrian,bus,pedestrian,bus
Pedestrian,Bus,6,pedestrian,bus,pedestrian,bus,pedestrian,bus,pedestrian,bus,pedestrian,bus
Pedestrian,Bus,6,pedestrian,bus,pedestrian,bus,pedestrian,bus,pedestrian,bus,pedestrian,bus
Pedestrian,Bus,6,pedestrian,bus,pedestrian,bus,pedestrian,bus,pedestrian,bus,pedestrian,bus
Pedestrian,Bus,6,pedestrian,bus,pedestrian,bus,pedestrian,bus,pedestrian,bus,pedestrian,bus
Pedestrian,Bus,6,pedestrian,bus,pedestrian,bus,pedestrian,bus,pedestrian,bus,pedestrian,bus
Pedestrian,Bus,6,pedestrian,bus,pedestrian,bus,pedestrian,bus,pedestrian,bus,pedestrian,bus
Pedestrian,Bus,6,pedestrian,bus,pedestrian,bus,pedestrian,bus,pedestrian,bus,pedestrian,bus
Pedestrian,Bus,6,pedestrian,bus,pedestrian,bus,pedestrian,bus,pedestrian,bus,pedestrian,bus
Pedestrian,Bus,6,pedestrian,bus,pedestrian,bus,pedestrian,bus,pedestrian,bus,pedestrian,bus
Pedestrian,Bus,6,pedestrian,bus,pedestrian,bus,pedestrian,bus,pedestrian,bus,pedestrian,bus
Pedestrian,Bus,6,pedestrian,bus,pedestrian,bus,pedestrian,bus,pedestrian,bus,pedestrian,bus
Pedestrian,Bus,6,pedestrian,bus,pedestrian,bus,pedestrian,bus,pedestrian,bus,pedestrian,bus
Pedestrian,Bus,6,pedestrian,bus,pedestrian,bus,pedestrian,bus,pedestrian,bus,pedestrian,bus
Pedestrian,Bus,6,pedestrian,bus,pedestrian,bus,pedestrian,bus,pedestrian,bus,pedestrian,bus
Pedestrian,Bus,6,pedestrian,bus,pedestrian,bus,pedestrian,bus,pedestrian,bus,pedestrian,bus
Pedestrian,Bus,6,pedestrian,bus,pedestrian,bus,pedestrian,bus,pedestrian,bus,pedestrian,bus
Pedestrian,Bus,6,pedestrian,bus,pedestrian,bus,pedestrian,bus,pedestrian,bus,pedestrian,bus
Pedestrian,Bus,6,pedestrian,bus,pedestrian,bus,pedestrian,bus,pedestrian,bus,pedestrian,bus
Pedestrian,Bus,6,pedestrian,bus,pedestrian,bus,pedestrian,bus,pedestrian,bus,pedestrian,bus
Pedestrian,Bus,6,pedestrian,bus,pedestrian,bus,pedestrian,bus,pedestrian,bus,pedestrian,bus
Pedestrian,Bus,6,pedestrian,bus,pedestrian,bus,pedestrian,bus,pedestrian,bus,pedestrian,bus
Pedestrian,Bus,6,pedestrian,bus,pedestrian,bus,pedestrian,bus,pedestrian,bus,pedestrian,bus
Pedestrian,Bus,6,pedestrian,bus,pedestrian,bus,pedestrian,bus,pedestrian,bus,pedestrian,bus
Pedestrian,Bus,6,pedestrian,bus,pedestrian,bus,pedestrian,bus,pedestrian,bus,pedestrian,bus
Pedestrian,Bus,6,pedestrian,bus,pedestrian,bus,pedestrian,bus,pedestrian,bus,pedestrian,bus
Pedestrian,Bus,6,pedestrian,bus,pedestrian,bus,pedestrian,bus,pedestrian,bus,pedestrian,bus
Pedestrian,Bus,6,pedestrian,bus,pedestrian,bus,pedestrian,bus,pedestrian,bus,pedestrian,bus
Pedestrian,Bus,6,pedestrian,bus,pedestrian,bus,pedestrian,bus,pedestrian,bus,pedestrian,bus
Pedestrian,Bus,6,pedestrian,bus,pedestrian,bus,pedestrian,bus,pedestrian,bus,pedestrian,bus
Pedestrian,Bus,6,pedestrian,bus,pedestrian,bus,pedestrian,bus,pedestrian,bus,pedestrian,bus
Pedestrian,Bus,6,pedestrian,bus,pedestrian,bus,pedestrian,bus,pedestrian,bus,pedestrian,bus
Pedestrian,Bus,6,pedestrian,bus,pedestrian,bus,pedestrian,bus,pedestrian,bus,pedestrian,bus
Pedestrian,Bus,6,pedestrian,bus,pedestrian,bus,pedestrian,bus,pedestrian,bus,pedestrian,bus
Pedestrian,Bus,6,pedestrian,bus,pedestrian,bus,pedestrian,bus,pedestrian,bus,pedestrian,bus
Pedestrian,Bus,6,pedestrian,bus,pedestrian,bus,pedestrian,bus,pedestrian,bus,pedestrian,bus
Pedestrian,Bus,6,pedestrian,bus,pedestrian,bus,pedestrian,bus,pedestrian,bus,pedestrian,bus
Pedestrian,Bus,6,pedestrian,bus,pedestrian,bus,pedestrian,bus,pedestrian,bus,pedestrian,bus
Pedestrian,Bus,6,pedestrian,bus,pedestrian,bus,pedestrian,bus,pedestrian,bus,pedestrian,bus
Pedestrian,Bus,6,pedestrian,bus,pedestrian,bus,pedestrian,bus,pedestrian,bus,pedestrian,bus
Pedestrian,Bus,6,pedestrian,bus,pedestrian,bus,pedestrian,bus,pedestrian,bus,pedestrian,bus
Pedestrian,Bus,6,pedestrian,bus,pedestrian,bus,pedestrian,bus,pedestrian,bus,pedestrian,bus
Pedestrian,Bus,6,pedestrian,bus,pedestrian,bus,pedestrian,bus,pedestrian,bus,pedestrian,bus
Pedestrian,Bus,6,pedestrian,bus,pedestrian,bus,pedestrian,bus,pedestrian,bus,pedestrian,bus
Pedestrian,Bus,6,pedestrian,bus,pedestrian,bus,pedestrian,bus,pedestrian,bus,pedestrian,bus
Pedestrian,Bus,6,pedestrian,bus,pedestrian,bus,pedestrian,bus,pedestrian,bus,pedestrian,bus
Pedestrian,Bus,6,pedestrian,bus,pedestrian,bus,pedestrian,bus,pedestrian,bus,pedestrian,bus
Pedestrian,Bus,6,pedestrian,bus,pedestrian,bus,pedestrian,bus,pedestrian,bus,pedestrian,bus
Pedestrian,Bus,6,pedestrian,bus,pedestrian,bus,pedestrian,bus,pedestrian,bus,pedestrian,bus
Pedestrian,Bus,6,pedestrian,bus,pedestrian,bus,pedestrian,bus,pedestrian,bus,pedestrian,bus
Pedestrian,Bus,6,pedestrian,bus,pedestrian,bus,pedestrian,bus,pedestrian,bus,pedestrian,bus
Pedestrian,Bus,6,pedestrian,bus,pedestrian,bus,pedestrian,bus,pedestrian,bus,pedestrian,bus
Pedestrian,Bus,6,pedestrian,bus,pedestrian,bus,pedestrian,bus,pedestrian,bus,pedestrian,bus
Pedestrian,Bus,6,pedestrian,bus,pedestrian,bus,pedestrian,bus,pedestrian,bus,pedestrian,bus
Pedestrian,Bus,6,pedestrian,bus,pedestrian,bus,pedestrian,bus,pedestrian,bus,pedestrian,bus
Pedestrian,Bus,6,pedestrian,bus,pedestrian,bus,pedestrian,bus,pedestrian,bus,pedestrian,bus
Pedestrian,Bus,6,pedestrian,bus,pedestrian,bus,pedestrian,bus,pedestrian,bus,pedestrian,bus
Pedestrian,Bus,6,pedestrian,bus,pedestrian,bus,pedestrian,bus,pedestrian,bus,pedestrian,bus
Pedestrian,Bus,6,pedestrian,bus,pedestrian,bus,pedestrian,bus,pedestrian,bus,pedestrian,bus
Pedestrian,Bus,6,pedestrian,bus,pedestrian,bus,pedestrian,bus,pedestrian,bus,pedestrian,bus
Pedestrian,Bus,6,pedestrian,bus,pedestrian,bus,pedestrian,bus,pedestrian,bus,pedestrian,bus
Pedestrian,Bus,6,pedestrian,bus,pedestrian,bus,pedestrian,bus,pedestrian,bus,pedestrian,bus
Pedestrian,Bus,6,pedestrian,bus,pedestrian,bus,pedestrian,bus,pedestrian,bus,pedestrian,bus
Pedestrian,Bus,6,pedestrian,bus,pedestrian,bus,pedestrian,bus,pedestrian,bus,pedestrian,bus
Pedestrian,Bus,6,pedestrian,bus,pedestrian,bus,pedestrian,bus,pedestrian,bus,pedestrian,bus
Pedestrian,Bus,6,pedestrian,bus,pedestrian,bus,pedestrian,bus,pedestrian,bus,pedestrian,bus
Pedestrian,Bus,6,pedestrian,bus,pedestrian,bus,pedestrian,bus,pedestrian,bus,pedestrian,bus
Pedestrian,Bus,6,pedestrian,bus,pedestrian,bus,pedestrian,bus,pedestrian,bus,pedestrian,bus
Pedestrian,Bus,6,pedestrian,bus,pedestrian,bus,pedestrian,bus,pedestrian,bus,pedestrian,bus
Pedestrian,Bus,6,pedestrian,bus,pedestrian,bus,pedestrian,bus,pedestrian,bus,pedestrian,bus
Pedestrian,Bus,6,pedestrian,bus,pedestrian,bus,pedestrian,bus,pedestrian,bus,pedestrian,bus
Pedestrian,Bus,6,pedestrian,bus,pedestrian,bus,pedestrian,bus,pedestrian,bus,pedestrian,bus
Pedestrian,Bus,6,pedestrian,bus,pedestrian,bus,pedestrian,bus,pedestrian,bus,pedestrian,bus
Pedestrian,Bus,6,pedestrian,bus,pedestrian,bus,pedestrian,bus,pedestrian,bus,pedestrian,bus
Pedestrian,Bus,6,pedestrian,bus,pedestrian,bus,pedestrian,bus,pedestrian,bus,pedestrian,bus
Pedestrian,Bus,6,pedestrian,bus,pedestrian,bus,pedestrian,bus,pedestrian,bus,pedestrian,bus
Pedestrian,Bus,6,pedestrian,bus,pedestrian,bus,pedestrian,bus,pedestrian,bus,pedestrian,bus
Pedestrian,Bus,6,pedestrian,bus,pedestrian,bus,pedestrian,bus,pedestrian,bus,pedestrian,bus
Pedestrian,Bus,6,pedestrian,bus,pedestrian,bus,pedestrian,bus,pedestrian,bus,pedestrian,bus
Pedestrian,Bus,6,pedestrian,bus,pedestrian,bus,pedestrian,bus,pedestrian,bus,pedestrian,bus
Pedestrian,Bus,6,pedestrian,bus,pedestrian,bus,pedestrian,bus,pedestrian,bus,pedestrian,bus
Pedestrian,Bus,6,pedestrian,bus,pedestrian,bus,pedestrian,bus,pedestrian,bus,pedestrian,bus
Pedestrian,Bus,6,pedestrian,bus,pedestrian,bus,pedestrian,bus,pedestrian,bus,pedestrian,bus
Pedestrian,Bus,6,pedestrian,bus,pedestrian,bus,pedestrian,bus,pedestrian,bus,pedestrian,bus
Pedestrian,Bus,6,pedestrian,bus,pedestrian,bus,pedestrian,bus,pedestrian,bus,pedestrian,bus
Pedestrian,Bus,6,pedestrian,bus,pedestrian,bus,pedestrian,bus,pedestrian,bus,pedestrian,bus
Pedestrian,Bus,6,pedestrian,bus,pedestrian,bus,pedestrian,bus,pedestrian,bus,pedestrian,bus
Pedestrian,Bus,6,pedestrian,bus,pedestrian,bus,pedestrian,bus,pedestrian,bus,pedestrian,bus
Pedestrian,Bus,6,pedestrian,bus,pedestrian,bus,pedestrian,bus,pedestrian,bus,pedestrian,bus
Pedestrian,Bus,6,pedestrian,bus,pedestrian,bus,pedestrian,bus,pedestrian,bus,pedestrian,bus
Pedestrian,Bus,6,pedestrian,bus,pedestrian,bus,pedestrian,bus,pedestrian,bus,pedestrian,bus
Pedestrian,Bus,6,pedestrian,bus,pedestrian,bus,pedestrian,bus,pedestrian,bus,pedestrian,bus
Pedestrian,Bus,6,pedestrian,bus,pedestrian,bus,pedestrian,bus,pedestrian,bus,pedestrian,bus
Pedestrian,Bus,6,pedestrian,bus,pedestrian,bus,pedestrian,bus,pedestrian,bus,pedestrian,bus
Pedestrian,Bus,6,pedestrian,bus,pedestrian,bus,pedestrian,bus,pedestrian,bus,pedestrian,bus
Pedestrian,Bus,6,pedestrian,bus,pedestrian,bus,pedestrian,bus,pedestrian,bus,pedestrian,bus
Pedestrian,Bus,6,pedestrian,bus,pedestrian,bus,pedestrian,bus,pedestrian,bus,pedestrian,bus
Pedestrian,Bus,6,pedestrian,bus,pedestrian,bus,pedestrian,bus,pedestrian,bus,pedestrian,bus
Pedestrian,Bus,6,pedestrian,bus,pedestrian,bus,pedestrian,bus,pedestrian,bus,pedestrian,bus
Pedestrian,Bus,6,pedestrian,bus,pedestrian,bus,pedestrian,bus,pedestrian,bus,pedestrian,bus
Pedestrian,Bus,6,pedestrian,bus,pedestrian,bus,pedestrian,bus,pedestrian,bus,pedestrian,bus
Pedestrian,Bus,6,pedestrian,bus,pedestrian,bus,pedestrian,bus,pedestrian,bus,pedestrian,bus
Pedestrian,Bus,6,pedestrian,bus,pedestrian,bus,pedestrian,bus,pedestrian,bus,pedestrian,bus
Pedestrian,Bus,6,pedestrian,bus,pedestrian,bus,pedestrian,bus,pedestrian,bus,pedestrian,bus
Pedestrian,Bus,6,pedestrian,bus,pedestrian,bus,pedestrian,bus,pedestrian,bus,pedestrian,bus
Pedestrian,Bus,6,pedestrian,bus,pedestrian,bus,pedestrian,bus,pedestrian,bus,pedestrian,bus
Pedestrian,Bus,6,pedestrian,bus,pedestrian,bus,pedestrian,bus,pedestrian,bus,pedestrian,bus
Pedestrian,Bus,6,pedestrian,bus,pedestrian,bus,pedestrian,bus,pedestrian,bus,pedestrian,bus
Pedestrian,Bus,6,pedestrian,bus,pedestrian,bus,pedestrian,bus,pedestrian,bus,pedestrian,bus
Pedestrian,Bus,6,pedestrian,bus,pedestrian,bus,pedestrian,bus,pedestrian,bus,pedestrian,bus
Pedestrian,Bus,6,pedestrian,bus,pedestrian,bus,pedestrian,bus,pedestrian,bus,pedestrian,bus
Pedestrian,Bus,6,pedestrian,bus,pedestrian,bus,pedestrian,bus,pedestrian,bus,pedestrian,bus
Pedestrian,Bus,6,pedestrian,bus,pedestrian,bus,pedestrian,bus,pedestrian,bus,pedestrian,bus
Pedestrian,Bus,6,pedestrian,bus,pedestrian,bus,pedestrian,bus,pedestrian,bus,pedestrian,bus
Pedestrian,Bus,6,pedestrian,bus,pedestrian,bus,pedestrian,bus,pedestrian,bus,pedestrian,bus
Pedestrian,Bus,6,pedestrian,bus,pedestrian,bus,pedestrian,bus,pedestrian,bus,pedestrian,bus
Pedestrian,Bus,6,pedestrian,bus,pedestrian,bus,pedestrian,bus,pedestrian,bus,pedestrian,bus
Pedestrian,Bus,6,pedestrian,bus,pedestrian,bus,pedestrian,bus,pedestrian,bus,pedestrian,bus
Pedestrian,Bus,6,pedestrian,bus,pedestrian,bus,pedestrian,bus,pedestrian,bus,pedestrian,bus
Pedestrian,Bus,6,pedestrian,bus,pedestrian,bus,pedestrian,bus,pedestrian,bus,pedestrian,bus
Pedestrian,Bus,6,pedestrian,bus,pedestrian,bus,pedestrian,bus,pedestrian,bus,pedestrian,bus
Pedestrian,Bus,6,pedestrian,bus,pedestrian,bus,pedestrian,bus,pedestrian,bus,pedestrian,bus
Pedestrian,Bus,6,pedestrian,bus,pedestrian,bus,pedestrian,bus,pedestrian,bus,pedestrian,bus
Pedestrian,Bus,6,pedestrian,bus,pedestrian,bus,pedestrian,bus,pedestrian,bus,pedestrian,bus
Pedestrian,Bus,6,pedestrian,bus,pedestrian,bus,pedestrian,bus,pedestrian,bus,pedestrian,bus
Pedestrian,Bus,6,pedestrian,bus,pedestrian,bus,pedestrian,bus,pedestrian,bus,pedestrian,bus
Pedestrian,Bus,6,pedestrian,bus,pedestrian,bus,pedestrian,bus,pedestrian,bus,pedestrian,bus
Pedestrian,Bus,6,pedestrian,bus,pedestrian,bus,pedestrian,bus,pedestrian,bus,pedestrian,bus
Pedestrian,Bus,6,pedestrian,bus,pedestrian,bus,pedestrian,bus,pedestrian,bus,pedestrian,bus
Pedestrian,Bus,6,pedestrian,bus,pedestrian,bus,pedestrian,bus,pedestrian,bus,pedestrian,bus
Pedestrian,Bus,6,pedestrian,bus,pedestrian,bus,pedestrian,bus,pedestrian,bus,pedestrian,bus
Pedestrian,Bus,6,pedestrian,bus,pedestrian,bus,pedestrian,bus,pedestrian,bus,pedestrian,bus
Pedestrian,Bus,6,pedestrian,bus,pedestrian,bus,pedestrian,bus,pedestrian,bus,pedestrian,bus
Pedestrian,Railway.train.railway.vehicle,6,pedestrian,rail,pedestrian,rail,pedestrian,rail,pedestrian,rail,pedestrian,rail
Pedestrian,Railway.train.railway.vehicle,6,pedestrian,rail,pedestrian,rail,pedestrian,rail,pedestrian,rail,pedestrian,rail
Pedestrian,Railway.train.railway.vehicle,6,pedestrian,rail,pedestrian,rail,pedestrian,rail,pedestrian,rail,pedestrian,rail
Pedestrian,Railway.train.railway.vehicle,6,pedestrian,rail,pedestrian,rail,pedestrian,rail,pedestrian,rail,pedestrian,rail
Pedestrian,Railway.train.railway.vehicle,6,pedestrian,rail,pedestrian,rail,pedestrian,rail,pedestrian,rail,pedestrian,rail
Pedestrian,Railway.train.railway.vehicle,6,pedestrian,rail,pedestrian,rail,pedestrian,rail,pedestrian,rail,pedestrian,rail
Pedestrian,Railway.train.railway.vehicle,6,pedestrian,rail,pedestrian,rail,pedestrian,rail,pedestrian,rail,pedestrian,rail
Pedestrian,Railway.train.railway.vehicle,6,pedestrian,rail,pedestrian,rail,pedestrian,rail,pedestrian,rail,pedestrian,rail
Pedestrian,Railway.train.railway.vehicle,6,pedestrian,rail,pedestrian,rail,pedestrian,rail,pedestrian,rail,pedestrian,rail
Pedestrian,Railway.train.railway.vehicle,6,pedestrian,rail,pedestrian,rail,pedestrian,rail,pedestrian,rail,pedestrian,rail
Pedestrian,Railway.train.railway.vehicle,6,pedestrian,rail,pedestrian,rail,pedestrian,rail,pedestrian,rail,pedestrian,rail
Pedestrian,Railway.train.railway.vehicle,6,pedestrian,rail,pedestrian,rail,pedestrian,rail,pedestrian,rail,pedestrian,rail
Pedestrian,Railway.train.railway.vehicle,6,pedestrian,rail,pedestrian,rail,pedestrian,rail,pedestrian,rail,pedestrian,rail
Pedestrian,Railway.train.railway.vehicle,6,pedestrian,rail,pedestrian,rail,pedestrian,rail,pedestrian,rail,pedestrian,rail
Pedestrian,Railway.train.railway.vehicle,6,pedestrian,rail,pedestrian,rail,pedestrian,rail,pedestrian,rail,pedestrian,rail
Pedestrian,Railway.train.railway.vehicle,6,pedestrian,rail,pedestrian,rail,pedestrian,rail,pedestrian,rail,pedestrian,rail
Pedestrian,Railway.train.railway.vehicle,6,pedestrian,rail,pedestrian,rail,pedestrian,rail,pedestrian,rail,pedestrian,rail
Pedestrian,Railway.train.railway.vehicle,6,pedestrian,rail,pedestrian,rail,pedestrian,rail,pedestrian,rail,pedestrian,rail
Pedestrian,non.motor.vehicle,6,pedestrian,other,pedestrian,other,pedestrian,other,pedestrian,other,pedestrian,other
Pedestrian,NA,6,pedestrian,bus,pedestrian,car,pedestrian,car,pedestrian,car,pedestrian,motorcycle
Pedestrian,NA,6,pedestrian,bus,pedestrian,motorcycle,pedestrian,motorcycle,pedestrian,cycle,pedestrian,cycle
Pedestrian,NA,6,pedestrian,motorcycle,pedestrian,bus,pedestrian,car,pedestrian,car,pedestrian,bus
Pedestrian,NA,6,pedestrian,bus,pedestrian,bus,pedestrian,bus,pedestrian,bus,pedestrian,bus
Pedestrian,NA,6,pedestrian,motorcycle,pedestrian,car,pedestrian,car,pedestrian,car,pedestrian,bus
Pedestrian,NA,6,pedestrian,bus,pedestrian,motorcycle,pedestrian,bus,pedestrian,motorcycle,pedestrian,car
Pedestrian,NA,6,pedestrian,car,pedestrian,bus,pedestrian,motorcycle,pedestrian,rail,pedestrian,car
Pedestrian,NA,6,pedestrian,car,pedestrian,bus,pedestrian,car,pedestrian,motorcycle,pedestrian,motorcycle
Pedestrian,NA,6,pedestrian,rail,pedestrian,bus,pedestrian,bus,pedestrian,car,pedestrian,car
Pedestrian,NA,6,pedestrian,bus,pedestrian,car,pedestrian,bus,pedestrian,motorcycle,pedestrian,motorcycle
Pedestrian,NA,6,pedestrian,motorcycle,pedestrian,motorcycle,pedestrian,car,pedestrian,motorcycle,pedestrian,bus
Pedestrian,NA,6,pedestrian,car,pedestrian,motorcycle,pedestrian,car,pedestrian,motorcycle,pedestrian,motorcycle
Pedestrian,NA,6,pedestrian,motorcycle,pedestrian,car,pedestrian,motorcycle,pedestrian,bus,pedestrian,car
Pedestrian,NA,6,pedestrian,car,pedestrian,car,pedestrian,motorcycle,pedestrian,car,pedestrian,car
Pedestrian,NA,6,pedestrian,motorcycle,pedestrian,car,pedestrian,bus,pedestrian,motorcycle,pedestrian,car
Pedestrian,NA,6,pedestrian,motorcycle,pedestrian,car,pedestrian,bus,pedestrian,car,pedestrian,car
Pedestrian,NA,6,pedestrian,car,pedestrian,motorcycle,pedestrian,motorcycle,pedestrian,car,pedestrian,motorcycle
Pedestrian,NA,6,pedestrian,motorcycle,pedestrian,cycle,pedestrian,car,pedestrian,car,pedestrian,rail
Pedestrian,NA,6,pedestrian,bus,pedestrian,bus,pedestrian,rail,pedestrian,car,pedestrian,bus
Pedestrian,NA,6,pedestrian,motorcycle,pedestrian,motorcycle,pedestrian,car,pedestrian,bus,pedestrian,car
Pedestrian,NA,6,pedestrian,motorcycle,pedestrian,bus,pedestrian,bus,pedestrian,car,pedestrian,bus
Pedestrian,NA,6,pedestrian,motorcycle,pedestrian,bus,pedestrian,bus,pedestrian,bus,pedestrian,rail
Pedestrian,NA,6,pedestrian,bus,pedestrian,car,pedestrian,motorcycle,pedestrian,motorcycle,pedestrian,bus
Pedestrian,NA,6,pedestrian,bus,pedestrian,bus,pedestrian,bus,pedestrian,bus,pedestrian,bus
Pedestrian,NA,6,pedestrian,motorcycle,pedestrian,bus,pedestrian,bus,pedestrian,car,pedestrian,bus
Pedestrian,NA,6,pedestrian,car,pedestrian,car,pedestrian,motorcycle,pedestrian,car,pedestrian,bus
Pedestrian,NA,6,pedestrian,bus,pedestrian,bus,pedestrian,car,pedestrian,motorcycle,pedestrian,motorcycle
Pedestrian,NA,6,pedestrian,car,pedestrian,bus,pedestrian,bus,pedestrian,motorcycle,pedestrian,bus
Pedestrian,NA,6,pedestrian,bus,pedestrian,bus,pedestrian,other,pedestrian,motorcycle,pedestrian,car
Pedestrian,NA,6,pedestrian,bus,pedestrian,car,pedestrian,bus,pedestrian,car,pedestrian,bus
Pedestrian,NA,6,pedestrian,cycle,pedestrian,motorcycle,pedestrian,car,pedestrian,rail,pedestrian,bus
Pedestrian,NA,6,pedestrian,rail,pedestrian,car,pedestrian,bus,pedestrian,motorcycle,pedestrian,motorcycle
Pedestrian,NA,6,pedestrian,car,pedestrian,bus,pedestrian,motorcycle,pedestrian,car,pedestrian,car
Pedestrian,NA,6,pedestrian,bus,pedestrian,bus,pedestrian,bus,pedestrian,car,pedestrian,car
Pedestrian,NA,6,pedestrian,car,pedestrian,bus,pedestrian,bus,pedestrian,motorcycle,pedestrian,motorcycle
Pedestrian,NA,6,pedestrian,car,pedestrian,rail,pedestrian,motorcycle,pedestrian,motorcycle,pedestrian,bus
Pedestrian,NA,6,pedestrian,rail,pedestrian,car,pedestrian,bus,pedestrian,bus,pedestrian,car
Pedestrian,NA,6,pedestrian,car,pedestrian,bus,pedestrian,car,pedestrian,motorcycle,pedestrian,motorcycle
Pedestrian,NA,6,pedestrian,bus,pedestrian,car,pedestrian,bus,pedestrian,motorcycle,pedestrian,car
Pedestrian,NA,6,pedestrian,bus,pedestrian,motorcycle,pedestrian,bus,pedestrian,bus,pedestrian,bus
Pedestrian,NA,6,pedestrian,car,pedestrian,car,pedestrian,car,pedestrian,motorcycle,pedestrian,motorcycle
Pedestrian,NA,6,pedestrian,car,pedestrian,motorcycle,pedestrian,motorcycle,pedestrian,bus,pedestrian,motorcycle
Pedestrian,NA,6,pedestrian,bus,pedestrian,car,pedestrian,motorcycle,pedestrian,motorcycle,pedestrian,rail
Pedestrian,NA,6,pedestrian,bus,pedestrian,motorcycle,pedestrian,motorcycle,pedestrian,car,pedestrian,car
Pedestrian,NA,6,pedestrian,motorcycle,pedestrian,car,pedestrian,car,pedestrian,car,pedestrian,bus
Pedestrian,NA,6,pedestrian,bus,pedestrian,bus,pedestrian,car,pedestrian,bus,pedestrian,car
Pedestrian,NA,6,pedestrian,car,pedestrian,car,pedestrian,bus,pedestrian,motorcycle,pedestrian,bus
Pedestrian,NA,6,pedestrian,bus,pedestrian,car,pedestrian,rail,pedestrian,bus,pedestrian,motorcycle
Pedestrian,NA,6,pedestrian,car,pedestrian,rail,pedestrian,car,pedestrian,motorcycle,pedestrian,bus
Pedestrian,NA,6,pedestrian,car,pedestrian,motorcycle,pedestrian,motorcycle,pedestrian,car,pedestrian,car
Pedestrian,NA,6,pedestrian,bus,pedestrian,motorcycle,pedestrian,motorcycle,pedestrian,motorcycle,pedestrian,bus
Pedestrian,NA,6,pedestrian,car,pedestrian,rail,pedestrian,car,pedestrian,car,pedestrian,car
Pedestrian,NA,6,pedestrian,bus,pedestrian,motorcycle,pedestrian,bus,pedestrian,bus,pedestrian,motorcycle
Pedestrian,NA,6,pedestrian,bus,pedestrian,car,pedestrian,motorcycle,pedestrian,bus,pedestrian,car
Pedestrian,NA,6,pedestrian,bus,pedestrian,bus,pedestrian,car,pedestrian,motorcycle,pedestrian,car
Pedestrian,NA,6,pedestrian,car,pedestrian,motorcycle,pedestrian,motorcycle,pedestrian,motorcycle,pedestrian,car
Pedestrian,NA,6,pedestrian,motorcycle,pedestrian,car,pedestrian,motorcycle,pedestrian,bus,pedestrian,car
Pedestrian,NA,6,pedestrian,car,pedestrian,car,pedestrian,bus,pedestrian,other,pedestrian,car
Pedestrian,NA,6,pedestrian,car,pedestrian,motorcycle,pedestrian,car,pedestrian,car,pedestrian,car
Pedestrian,NA,6,pedestrian,motorcycle,pedestrian,car,pedestrian,bus,pedestrian,motorcycle,pedestrian,car
Pedestrian,NA,6,pedestrian,car,pedestrian,motorcycle,pedestrian,motorcycle,pedestrian,car,pedestrian,car
Pedestrian,NA,6,pedestrian,car,pedestrian,motorcycle,pedestrian,bus,pedestrian,rail,pedestrian,bus
Pedestrian,NA,6,pedestrian,rail,pedestrian,bus,pedestrian,car,pedestrian,motorcycle,pedestrian,rail
Pedestrian,NA,6,pedestrian,car,pedestrian,motorcycle,pedestrian,motorcycle,pedestrian,motorcycle,pedestrian,bus
Pedestrian,NA,6,pedestrian,car,pedestrian,bus,pedestrian,bus,pedestrian,rail,pedestrian,car
Pedestrian,NA,6,pedestrian,car,pedestrian,bus,pedestrian,bus,pedestrian,car,pedestrian,motorcycle
Pedestrian,NA,6,pedestrian,car,pedestrian,car,pedestrian,car,pedestrian,car,pedestrian,motorcycle
Pedestrian,NA,6,pedestrian,bus,pedestrian,bus,pedestrian,car,pedestrian,bus,pedestrian,motorcycle
Pedestrian,NA,6,pedestrian,motorcycle,pedestrian,car,pedestrian,motorcycle,pedestrian,bus,pedestrian,car
Pedestrian,NA,6,pedestrian,bus,pedestrian,car,pedestrian,car,pedestrian,car,pedestrian,bus
Pedestrian,NA,6,pedestrian,car,pedestrian,car,pedestrian,motorcycle,pedestrian,motorcycle,pedestrian,car
Pedestrian,NA,6,pedestrian,car,pedestrian,car,pedestrian,bus,pedestrian,car,pedestrian,car
Pedestrian,NA,6,pedestrian,car,pedestrian,bus,pedestrian,bus,pedestrian,car,pedestrian,bus
Pedestrian,NA,6,pedestrian,car,pedestrian,car,pedestrian,car,pedestrian,car,pedestrian,car
Pedestrian,NA,6,pedestrian,motorcycle,pedestrian,motorcycle,pedestrian,motorcycle,pedestrian,car,pedestrian,car
Pedestrian,NA,6,pedestrian,motorcycle,pedestrian,motorcycle,pedestrian,motorcycle,pedestrian,bus,pedestrian,car
Pedestrian,NA,6,pedestrian,bus,pedestrian,car,pedestrian,motorcycle,pedestrian,car,pedestrian,car
Pedestrian,NA,6,pedestrian,motorcycle,pedestrian,car,pedestrian,car,pedestrian,motorcycle,pedestrian,bus
Pedestrian,NA,6,pedestrian,motorcycle,pedestrian,car,pedestrian,motorcycle,pedestrian,bus,pedestrian,bus
Pedestrian,NA,6,pedestrian,motorcycle,pedestrian,bus,pedestrian,bus,pedestrian,car,pedestrian,bus
Pedestrian,NA,6,pedestrian,bus,pedestrian,bus,pedestrian,motorcycle,pedestrian,bus,pedestrian,car
Pedestrian,NA,6,pedestrian,motorcycle,pedestrian,car,pedestrian,bus,pedestrian,cycle,pedestrian,motorcycle
Pedestrian,NA,6,pedestrian,car,pedestrian,motorcycle,pedestrian,motorcycle,pedestrian,car,pedestrian,motorcycle
Pedestrian,NA,6,pedestrian,bus,pedestrian,bus,pedestrian,car,pedestrian,motorcycle,pedestrian,car
Pedestrian,NA,6,pedestrian,motorcycle,pedestrian,car,pedestrian,car,pedestrian,motorcycle,pedestrian,motorcycle
Pedestrian,NA,6,pedestrian,motorcycle,pedestrian,bus,pedestrian,bus,pedestrian,motorcycle,pedestrian,car
Pedestrian,NA,6,pedestrian,car,pedestrian,car,pedestrian,car,pedestrian,motorcycle,pedestrian,car
Pedestrian,NA,6,pedestrian,car,pedestrian,bus,pedestrian,motorcycle,pedestrian,car,pedestrian,bus
Pedestrian,NA,6,pedestrian,car,pedestrian,motorcycle,pedestrian,motorcycle,pedestrian,car,pedestrian,car
Pedestrian,NA,6,pedestrian,rail,pedestrian,car,pedestrian,bus,pedestrian,car,pedestrian,motorcycle
Pedestrian,NA,6,pedestrian,motorcycle,pedestrian,bus,pedestrian,motorcycle,pedestrian,motorcycle,pedestrian,bus
Pedestrian,NA,6,pedestrian,bus,pedestrian,motorcycle,pedestrian,motorcycle,pedestrian,car,pedestrian,motorcycle
Pedestrian,NA,6,pedestrian,bus,pedestrian,bus,pedestrian,bus,pedestrian,car,pedestrian,motorcycle
Pedestrian,NA,6,pedestrian,car,pedestrian,car,pedestrian,car,pedestrian,car,pedestrian,bus
Pedestrian,NA,6,pedestrian,bus,pedestrian,bus,pedestrian,motorcycle,pedestrian,bus,pedestrian,car
Pedestrian,NA,6,pedestrian,motorcycle,pedestrian,car,pedestrian,rail,pedestrian,bus,pedestrian,car
Pedestrian,NA,6,pedestrian,car,pedestrian,car,pedestrian,bus,pedestrian,motorcycle,pedestrian,car
Pedestrian,NA,6,pedestrian,car,pedestrian,car,pedestrian,motorcycle,pedestrian,car,pedestrian,motorcycle
Pedestrian,NA,6,pedestrian,car,pedestrian,car,pedestrian,car,pedestrian,car,pedestrian,cycle
Pedestrian,NA,6,pedestrian,motorcycle,pedestrian,car,pedestrian,car,pedestrian,bus,pedestrian,motorcycle
Pedestrian,NA,6,pedestrian,motorcycle,pedestrian,motorcycle,pedestrian,motorcycle,pedestrian,car,pedestrian,motorcycle
Pedestrian,NA,6,pedestrian,car,pedestrian,bus,pedestrian,car,pedestrian,motorcycle,pedestrian,motorcycle
Pedestrian,NA,6,pedestrian,car,pedestrian,cycle,pedestrian,car,pedestrian,motorcycle,pedestrian,bus
Pedestrian,NA,6,pedestrian,bus,pedestrian,motorcycle,pedestrian,rail,pedestrian,motorcycle,pedestrian,bus
Pedestrian,NA,6,pedestrian,motorcycle,pedestrian,bus,pedestrian,car,pedestrian,motorcycle,pedestrian,motorcycle
Pedestrian,NA,6,pedestrian,motorcycle,pedestrian,car,pedestrian,car,pedestrian,bus,pedestrian,car
Pedestrian,NA,6,pedestrian,car,pedestrian,bus,pedestrian,motorcycle,pedestrian,bus,pedestrian,motorcycle
Pedestrian,NA,6,pedestrian,motorcycle,pedestrian,bus,pedestrian,car,pedestrian,bus,pedestrian,bus
Pedestrian,NA,6,pedestrian,bus,pedestrian,motorcycle,pedestrian,bus,pedestrian,motorcycle,pedestrian,bus
Pedestrian,NA,6,pedestrian,car,pedestrian,car,pedestrian,motorcycle,pedestrian,bus,pedestrian,car
Pedestrian,NA,6,pedestrian,bus,pedestrian,car,pedestrian,bus,pedestrian,motorcycle,pedestrian,car
Pedestrian,NA,6,pedestrian,motorcycle,pedestrian,car,pedestrian,bus,pedestrian,motorcycle,pedestrian,motorcycle
Pedestrian,NA,6,pedestrian,bus,pedestrian,bus,pedestrian,bus,pedestrian,car,pedestrian,motorcycle
Pedestrian,NA,6,pedestrian,motorcycle,pedestrian,car,pedestrian,car,pedestrian,motorcycle,pedestrian,bus
Pedestrian,NA,6,pedestrian,bus,pedestrian,motorcycle,pedestrian,car,pedestrian,cycle,pedestrian,bus
Pedestrian,NA,6,pedestrian,car,pedestrian,motorcycle,pedestrian,car,pedestrian,bus,pedestrian,car
Pedestrian,NA,6,pedestrian,car,pedestrian,bus,pedestrian,motorcycle,pedestrian,bus,pedestrian,bus
Pedestrian,NA,6,pedestrian,motorcycle,pedestrian,car,pedestrian,car,pedestrian,motorcycle,pedestrian,car
Pedestrian,NA,6,pedestrian,car,pedestrian,motorcycle,pedestrian,car,pedestrian,motorcycle,pedestrian,bus
Pedestrian,NA,6,pedestrian,car,pedestrian,car,pedestrian,bus,pedestrian,motorcycle,pedestrian,motorcycle
Pedestrian,NA,6,pedestrian,car,pedestrian,car,pedestrian,car,pedestrian,bus,pedestrian,bus
Pedestrian,NA,6,pedestrian,car,pedestrian,car,pedestrian,bus,pedestrian,bus,pedestrian,car
Pedestrian,NA,6,pedestrian,car,pedestrian,bus,pedestrian,bus,pedestrian,car,pedestrian,motorcycle
Pedestrian,NA,6,pedestrian,bus,pedestrian,car,pedestrian,motorcycle,pedestrian,rail,pedestrian,motorcycle
Pedestrian,NA,6,pedestrian,motorcycle,pedestrian,car,pedestrian,motorcycle,pedestrian,motorcycle,pedestrian,motorcycle
Pedestrian,NA,6,pedestrian,motorcycle,pedestrian,bus,pedestrian,car,pedestrian,car,pedestrian,bus
Pedestrian,NA,6,pedestrian,motorcycle,pedestrian,rail,pedestrian,bus,pedestrian,bus,pedestrian,car
Pedestrian,NA,6,pedestrian,motorcycle,pedestrian,car,pedestrian,motorcycle,pedestrian,car,pedestrian,motorcycle
Pedestrian,NA,6,pedestrian,car,pedestrian,bus,pedestrian,motorcycle,pedestrian,motorcycle,pedestrian,car
Pedestrian,NA,6,pedestrian,car,pedestrian,motorcycle,pedestrian,bus,pedestrian,car,pedestrian,bus
Pedestrian,NA,6,pedestrian,motorcycle,pedestrian,other,pedestrian,motorcycle,pedestrian,bus,pedestrian,bus
Pedestrian,NA,6,pedestrian,car,pedestrian,car,pedestrian,car,pedestrian,car,pedestrian,car
Pedestrian,NA,6,pedestrian,bus,pedestrian,bus,pedestrian,car,pedestrian,bus,pedestrian,motorcycle
Pedestrian,NA,6,pedestrian,car,pedestrian,bus,pedestrian,motorcycle,pedestrian,bus,pedestrian,car
Pedestrian,NA,6,pedestrian,bus,pedestrian,car,pedestrian,car,pedestrian,motorcycle,pedestrian,bus
Pedestrian,NA,6,pedestrian,car,pedestrian,car,pedestrian,motorcycle,pedestrian,car,pedestrian,motorcycle
Pedestrian,NA,6,pedestrian,motorcycle,pedestrian,motorcycle,pedestrian,motorcycle,pedestrian,car,pedestrian,bus
Pedestrian,NA,6,pedestrian,car,pedestrian,car,pedestrian,bus,pedestrian,motorcycle,pedestrian,motorcycle
Pedestrian,NA,6,pedestrian,car,pedestrian,bus,pedestrian,bus,pedestrian,motorcycle,pedestrian,motorcycle
Pedestrian,NA,6,pedestrian,car,pedestrian,motorcycle,pedestrian,bus,pedestrian,motorcycle,pedestrian,car
Pedestrian,NA,6,pedestrian,bus,pedestrian,motorcycle,pedestrian,car,pedestrian,motorcycle,pedestrian,car
Pedestrian,NA,6,pedestrian,motorcycle,pedestrian,car,pedestrian,car,pedestrian,bus,pedestrian,car
Pedestrian,NA,6,pedestrian,rail,pedestrian,car,pedestrian,car,pedestrian,car,pedestrian,motorcycle
Pedestrian,NA,6,pedestrian,bus,pedestrian,motorcycle,pedestrian,motorcycle,pedestrian,motorcycle,pedestrian,bus
Pedestrian,NA,6,pedestrian,car,pedestrian,motorcycle,pedestrian,motorcycle,pedestrian,car,pedestrian,motorcycle
Pedestrian,NA,6,pedestrian,motorcycle,pedestrian,car,pedestrian,motorcycle,pedestrian,motorcycle,pedestrian,motorcycle
Pedestrian,NA,6,pedestrian,car,pedestrian,bus,pedestrian,car,pedestrian,motorcycle,pedestrian,motorcycle
Pedestrian,NA,6,pedestrian,car,pedestrian,car,pedestrian,bus,pedestrian,motorcycle,pedestrian,bus
Pedestrian,NA,6,pedestrian,car,pedestrian,motorcycle,pedestrian,motorcycle,pedestrian,car,pedestrian,car
Pedestrian,NA,6,pedestrian,car,pedestrian,bus,pedestrian,motorcycle,pedestrian,bus,pedestrian,motorcycle
Pedestrian,NA,6,pedestrian,car,pedestrian,car,pedestrian,bus,pedestrian,motorcycle,pedestrian,rail
Pedestrian,NA,6,pedestrian,car,pedestrian,motorcycle,pedestrian,car,pedestrian,bus,pedestrian,car
Pedestrian,NA,6,pedestrian,car,pedestrian,bus,pedestrian,motorcycle,pedestrian,motorcycle,pedestrian,car
Pedestrian,NA,6,pedestrian,car,pedestrian,bus,pedestrian,bus,pedestrian,bus,pedestrian,motorcycle
Pedestrian,NA,6,pedestrian,bus,pedestrian,bus,pedestrian,car,pedestrian,motorcycle,pedestrian,car
Pedestrian,NA,6,pedestrian,motorcycle,pedestrian,bus,pedestrian,bus,pedestrian,bus,pedestrian,bus
Pedestrian,NA,6,pedestrian,bus,pedestrian,bus,pedestrian,bus,pedestrian,bus,pedestrian,motorcycle
Pedestrian,NA,6,pedestrian,bus,pedestrian,motorcycle,pedestrian,bus,pedestrian,bus,pedestrian,bus
Pedestrian,NA,6,pedestrian,motorcycle,pedestrian,car,pedestrian,motorcycle,pedestrian,car,pedestrian,motorcycle
Pedestrian,NA,6,pedestrian,motorcycle,pedestrian,bus,pedestrian,bus,pedestrian,car,pedestrian,car
Pedestrian,NA,6,pedestrian,rail,pedestrian,motorcycle,pedestrian,bus,pedestrian,bus,pedestrian,motorcycle
Pedestrian,NA,6,pedestrian,car,pedestrian,car,pedestrian,motorcycle,pedestrian,car,pedestrian,car
Pedestrian,NA,6,pedestrian,motorcycle,pedestrian,car,pedestrian,bus,pedestrian,car,pedestrian,car
Pedestrian,NA,6,pedestrian,bus,pedestrian,motorcycle,pedestrian,bus,pedestrian,bus,pedestrian,motorcycle
Pedestrian,NA,6,pedestrian,car,pedestrian,car,pedestrian,car,pedestrian,car,pedestrian,bus
Pedestrian,NA,6,pedestrian,car,pedestrian,car,pedestrian,motorcycle,pedestrian,bus,pedestrian,car
Pedestrian,NA,6,pedestrian,bus,pedestrian,motorcycle,pedestrian,car,pedestrian,car,pedestrian,car
Pedestrian,NA,6,pedestrian,bus,pedestrian,car,pedestrian,motorcycle,pedestrian,motorcycle,pedestrian,car
Pedestrian,NA,6,pedestrian,car,pedestrian,bus,pedestrian,bus,pedestrian,motorcycle,pedestrian,car
Pedestrian,NA,6,pedestrian,bus,pedestrian,car,pedestrian,bus,pedestrian,bus,pedestrian,car
Pedestrian,NA,6,pedestrian,car,pedestrian,motorcycle,pedestrian,car,pedestrian,car,pedestrian,car
Pedestrian,NA,6,pedestrian,car,pedestrian,car,pedestrian,car,pedestrian,car,pedestrian,car
Pedestrian,NA,6,pedestrian,car,pedestrian,motorcycle,pedestrian,car,pedestrian,car,pedestrian,car
Pedestrian,NA,6,pedestrian,motorcycle,pedestrian,car,pedestrian,car,pedestrian,motorcycle,pedestrian,car
Pedestrian,NA,6,pedestrian,motorcycle,pedestrian,motorcycle,pedestrian,motorcycle,pedestrian,car,pedestrian,car
Pedestrian,NA,6,pedestrian,bus,pedestrian,rail,pedestrian,car,pedestrian,motorcycle,pedestrian,motorcycle
Pedestrian,NA,6,pedestrian,car,pedestrian,car,pedestrian,motorcycle,pedestrian,motorcycle,pedestrian,motorcycle
Pedestrian,NA,6,pedestrian,car,pedestrian,car,pedestrian,motorcycle,pedestrian,car,pedestrian,motorcycle
Pedestrian,NA,6,pedestrian,bus,pedestrian,bus,pedestrian,car,pedestrian,car,pedestrian,car
Pedestrian,NA,6,pedestrian,car,pedestrian,bus,pedestrian,bus,pedestrian,car,pedestrian,bus
Pedestrian,NA,6,pedestrian,bus,pedestrian,motorcycle,pedestrian,car,pedestrian,motorcycle,pedestrian,motorcycle
Pedestrian,NA,6,pedestrian,motorcycle,pedestrian,car,pedestrian,car,pedestrian,car,pedestrian,motorcycle
Pedestrian,NA,6,pedestrian,motorcycle,pedestrian,car,pedestrian,car,pedestrian,car,pedestrian,motorcycle
Pedestrian,NA,6,pedestrian,bus,pedestrian,motorcycle,pedestrian,car,pedestrian,motorcycle,pedestrian,bus
Pedestrian,NA,6,pedestrian,bus,pedestrian,car,pedestrian,motorcycle,pedestrian,bus,pedestrian,car
Pedestrian,NA,6,pedestrian,car,pedestrian,car,pedestrian,motorcycle,pedestrian,car,pedestrian,bus
Pedestrian,NA,6,pedestrian,bus,pedestrian,motorcycle,pedestrian,car,pedestrian,motorcycle,pedestrian,car
Pedestrian,NA,6,pedestrian,car,pedestrian,car,pedestrian,bus,pedestrian,motorcycle,pedestrian,car
Pedestrian,NA,6,pedestrian,car,pedestrian,car,pedestrian,car,pedestrian,motorcycle,pedestrian,car
Pedestrian,NA,6,pedestrian,motorcycle,pedestrian,bus,pedestrian,car,pedestrian,car,pedestrian,car
Pedestrian,NA,6,pedestrian,car,pedestrian,car,pedestrian,bus,pedestrian,motorcycle,pedestrian,motorcycle
Pedestrian,NA,6,pedestrian,car,pedestrian,motorcycle,pedestrian,car,pedestrian,motorcycle,pedestrian,bus
Pedestrian,NA,6,pedestrian,car,pedestrian,car,pedestrian,car,pedestrian,car,pedestrian,car
Pedestrian,NA,6,pedestrian,motorcycle,pedestrian,motorcycle,pedestrian,car,pedestrian,motorcycle,pedestrian,car
Pedestrian,NA,6,pedestrian,motorcycle,pedestrian,motorcycle,pedestrian,car,pedestrian,car,pedestrian,motorcycle
Pedestrian,NA,6,pedestrian,bus,pedestrian,motorcycle,pedestrian,car,pedestrian,motorcycle,pedestrian,car
Pedestrian,NA,6,pedestrian,bus,pedestrian,bus,pedestrian,bus,pedestrian,cycle,pedestrian,bus
Pedestrian,NA,6,pedestrian,car,pedestrian,car,pedestrian,bus,pedestrian,motorcycle,pedestrian,bus
Pedestrian,NA,6,pedestrian,bus,pedestrian,bus,pedestrian,motorcycle,pedestrian,motorcycle,pedestrian,motorcycle
Pedestrian,NA,6,pedestrian,car,pedestrian,bus,pedestrian,motorcycle,pedestrian,car,pedestrian,car
Pedestrian,NA,6,pedestrian,motorcycle,pedestrian,motorcycle,pedestrian,bus,pedestrian,bus,pedestrian,motorcycle
Pedestrian,NA,6,pedestrian,motorcycle,pedestrian,motorcycle,pedestrian,car,pedestrian,motorcycle,pedestrian,bus
Pedestrian,NA,6,pedestrian,bus,pedestrian,car,pedestrian,bus,pedestrian,car,pedestrian,bus
Pedestrian,NA,6,pedestrian,bus,pedestrian,motorcycle,pedestrian,car,pedestrian,bus,pedestrian,bus
Pedestrian,NA,6,pedestrian,bus,pedestrian,car,pedestrian,motorcycle,pedestrian,motorcycle,pedestrian,bus
Pedestrian,NA,6,pedestrian,bus,pedestrian,car,pedestrian,car,pedestrian,bus,pedestrian,bus
Pedestrian,NA,6,pedestrian,motorcycle,pedestrian,car,pedestrian,motorcycle,pedestrian,bus,pedestrian,car
Pedestrian,NA,6,pedestrian,bus,pedestrian,bus,pedestrian,motorcycle,pedestrian,bus,pedestrian,bus
Pedestrian,NA,6,pedestrian,car,pedestrian,motorcycle,pedestrian,bus,pedestrian,bus,pedestrian,motorcycle
Pedestrian,NA,6,pedestrian,motorcycle,pedestrian,motorcycle,pedestrian,bus,pedestrian,bus,pedestrian,car
Pedestrian,NA,6,pedestrian,car,pedestrian,car,pedestrian,motorcycle,pedestrian,car,pedestrian,bus
Pedestrian,NA,6,pedestrian,motorcycle,pedestrian,bus,pedestrian,car,pedestrian,motorcycle,pedestrian,bus
Pedestrian,NA,6,pedestrian,bus,pedestrian,motorcycle,pedestrian,bus,pedestrian,car,pedestrian,car
Pedestrian,NA,6,pedestrian,bus,pedestrian,bus,pedestrian,motorcycle,pedestrian,car,pedestrian,motorcycle
Pedestrian,NA,6,pedestrian,rail,pedestrian,motorcycle,pedestrian,motorcycle,pedestrian,bus,pedestrian,bus
Pedestrian,NA,6,pedestrian,bus,pedestrian,bus,pedestrian,bus,pedestrian,car,pedestrian,motorcycle
Pedestrian,NA,6,pedestrian,motorcycle,pedestrian,bus,pedestrian,motorcycle,pedestrian,car,pedestrian,bus
Pedestrian,NA,6,pedestrian,car,pedestrian,motorcycle,pedestrian,motorcycle,pedestrian,car,pedestrian,bus
Pedestrian,NA,6,pedestrian,bus,pedestrian,motorcycle,pedestrian,car,pedestrian,motorcycle,pedestrian,car
Pedestrian,NA,6,pedestrian,motorcycle,pedestrian,car,pedestrian,motorcycle,pedestrian,motorcycle,pedestrian,car
Pedestrian,NA,6,pedestrian,bus,pedestrian,car,pedestrian,car,pedestrian,bus,pedestrian,car
Pedestrian,NA,6,pedestrian,motorcycle,pedestrian,bus,pedestrian,car,pedestrian,bus,pedestrian,motorcycle
Pedestrian,NA,6,pedestrian,car,pedestrian,bus,pedestrian,other,pedestrian,car,pedestrian,bus
Pedestrian,NA,6,pedestrian,bus,pedestrian,rail,pedestrian,bus,pedestrian,car,pedestrian,car
Pedestrian,NA,6,pedestrian,bus,pedestrian,motorcycle,pedestrian,motorcycle,pedestrian,motorcycle,pedestrian,bus
Pedestrian,NA,6,pedestrian,bus,pedestrian,bus,pedestrian,car,pedestrian,motorcycle,pedestrian,rail
Pedestrian,NA,6,pedestrian,motorcycle,pedestrian,car,pedestrian,bus,pedestrian,car,pedestrian,motorcycle
Pedestrian,NA,6,pedestrian,motorcycle,pedestrian,car,pedestrian,bus,pedestrian,car,pedestrian,bus
Pedestrian,NA,6,pedestrian,car,pedestrian,car,pedestrian,bus,pedestrian,bus,pedestrian,motorcycle
Pedestrian,NA,6,pedestrian,bus,pedestrian,bus,pedestrian,car,pedestrian,bus,pedestrian,motorcycle
Pedestrian,NA,6,pedestrian,bus,pedestrian,motorcycle,pedestrian,bus,pedestrian,motorcycle,pedestrian,car
Pedestrian,NA,6,pedestrian,motorcycle,pedestrian,motorcycle,pedestrian,car,pedestrian,car,pedestrian,bus
Pedestrian,NA,6,pedestrian,motorcycle,pedestrian,bus,pedestrian,bus,pedestrian,car,pedestrian,car
Pedestrian,NA,6,pedestrian,car,pedestrian,motorcycle,pedestrian,car,pedestrian,bus,pedestrian,motorcycle
Pedestrian,NA,6,pedestrian,car,pedestrian,bus,pedestrian,motorcycle,pedestrian,bus,pedestrian,motorcycle
Pedestrian,NA,6,pedestrian,motorcycle,pedestrian,bus,pedestrian,bus,pedestrian,car,pedestrian,motorcycle
Pedestrian,NA,6,pedestrian,cycle,pedestrian,car,pedestrian,bus,pedestrian,car,pedestrian,bus
Pedestrian,NA,6,pedestrian,car,pedestrian,bus,pedestrian,bus,pedestrian,car,pedestrian,car
Pedestrian,NA,6,pedestrian,motorcycle,pedestrian,bus,pedestrian,cycle,pedestrian,motorcycle,pedestrian,bus
Pedestrian,NA,6,pedestrian,rail,pedestrian,car,pedestrian,car,pedestrian,motorcycle,pedestrian,bus
Pedestrian,NA,6,pedestrian,motorcycle,pedestrian,car,pedestrian,bus,pedestrian,car,pedestrian,car
Pedestrian,NA,6,pedestrian,bus,pedestrian,motorcycle,pedestrian,bus,pedestrian,bus,pedestrian,car
Pedestrian,NA,6,pedestrian,motorcycle,pedestrian,car,pedestrian,bus,pedestrian,cycle,pedestrian,car
Pedestrian,NA,6,pedestrian,bus,pedestrian,car,pedestrian,car,pedestrian,motorcycle,pedestrian,motorcycle
Pedestrian,NA,6,pedestrian,car,pedestrian,car,pedestrian,car,pedestrian,car,pedestrian,bus
Pedestrian,NA,6,pedestrian,car,pedestrian,car,pedestrian,bus,pedestrian,car,pedestrian,car
Pedestrian,NA,6,pedestrian,car,pedestrian,motorcycle,pedestrian,motorcycle,pedestrian,bus,pedestrian,car
Pedestrian,NA,6,pedestrian,bus,pedestrian,motorcycle,pedestrian,car,pedestrian,bus,pedestrian,car
Pedestrian,NA,6,pedestrian,car,pedestrian,motorcycle,pedestrian,car,pedestrian,motorcycle,pedestrian,car
Pedestrian,NA,6,pedestrian,bus,pedestrian,car,pedestrian,car,pedestrian,car,pedestrian,motorcycle
Pedestrian,NA,6,pedestrian,car,pedestrian,car,pedestrian,motorcycle,pedestrian,car,pedestrian,bus
Pedestrian,NA,6,pedestrian,motorcycle,pedestrian,car,pedestrian,bus,pedestrian,motorcycle,pedestrian,car
Pedestrian,NA,6,pedestrian,motorcycle,pedestrian,bus,pedestrian,car,pedestrian,rail,pedestrian,bus
Pedestrian,NA,6,pedestrian,bus,pedestrian,bus,pedestrian,car,pedestrian,bus,pedestrian,motorcycle
Pedestrian,NA,6,pedestrian,bus,pedestrian,car,pedestrian,motorcycle,pedestrian,motorcycle,pedestrian,bus
Pedestrian,NA,6,pedestrian,bus,pedestrian,motorcycle,pedestrian,car,pedestrian,motorcycle,pedestrian,car
Pedestrian,NA,6,pedestrian,bus,pedestrian,car,pedestrian,car,pedestrian,bus,pedestrian,bus
Pedestrian,NA,6,pedestrian,bus,pedestrian,motorcycle,pedestrian,motorcycle,pedestrian,bus,pedestrian,bus
Pedestrian,NA,6,pedestrian,motorcycle,pedestrian,motorcycle,pedestrian,car,pedestrian,cycle,pedestrian,motorcycle
Pedestrian,NA,6,pedestrian,car,pedestrian,car,pedestrian,motorcycle,pedestrian,car,pedestrian,car
Pedestrian,NA,6,pedestrian,motorcycle,pedestrian,bus,pedestrian,bus,pedestrian,car,pedestrian,car
Pedestrian,NA,6,pedestrian,motorcycle,pedestrian,bus,pedestrian,bus,pedestrian,motorcycle,pedestrian,bus
Pedestrian,NA,6,pedestrian,bus,pedestrian,bus,pedestrian,car,pedestrian,car,pedestrian,car
Pedestrian,NA,6,pedestrian,motorcycle,pedestrian,bus,pedestrian,car,pedestrian,car,pedestrian,motorcycle
Pedestrian,NA,6,pedestrian,motorcycle,pedestrian,rail,pedestrian,bus,pedestrian,bus,pedestrian,car
Pedestrian,NA,6,pedestrian,car,pedestrian,car,pedestrian,rail,pedestrian,car,pedestrian,motorcycle
Pedestrian,NA,6,pedestrian,bus,pedestrian,motorcycle,pedestrian,car,pedestrian,car,pedestrian,bus
Pedestrian,NA,6,pedestrian,motorcycle,pedestrian,bus,pedestrian,bus,pedestrian,car,pedestrian,car
Pedestrian,NA,6,pedestrian,motorcycle,pedestrian,car,pedestrian,bus,pedestrian,motorcycle,pedestrian,motorcycle
Pedestrian,NA,6,pedestrian,bus,pedestrian,car,pedestrian,car,pedestrian,motorcycle,pedestrian,motorcycle
Pedestrian,NA,6,pedestrian,motorcycle,pedestrian,motorcycle,pedestrian,motorcycle,pedestrian,rail,pedestrian,car
Pedestrian,NA,6,pedestrian,motorcycle,pedestrian,car,pedestrian,motorcycle,pedestrian,car,pedestrian,motorcycle
Pedestrian,NA,6,pedestrian,motorcycle,pedestrian,car,pedestrian,bus,pedestrian,bus,pedestrian,bus
Pedestrian,NA,6,pedestrian,car,pedestrian,car,pedestrian,car,pedestrian,car,pedestrian,bus
Pedestrian,NA,6,pedestrian,motorcycle,pedestrian,car,pedestrian,motorcycle,pedestrian,car,pedestrian,bus
Pedestrian,NA,6,pedestrian,motorcycle,pedestrian,bus,pedestrian,car,pedestrian,bus,pedestrian,car
Pedestrian,NA,6,pedestrian,car,pedestrian,car,pedestrian,motorcycle,pedestrian,car,pedestrian,bus
Pedestrian,NA,6,pedestrian,car,pedestrian,motorcycle,pedestrian,car,pedestrian,bus,pedestrian,motorcycle
Pedestrian,NA,6,pedestrian,car,pedestrian,car,pedestrian,motorcycle,pedestrian,bus,pedestrian,bus
Pedestrian,NA,6,pedestrian,motorcycle,pedestrian,car,pedestrian,car,pedestrian,car,pedestrian,car
Pedestrian,NA,6,pedestrian,car,pedestrian,motorcycle,pedestrian,bus,pedestrian,car,pedestrian,bus
Pedestrian,NA,6,pedestrian,bus,pedestrian,car,pedestrian,bus,pedestrian,bus,pedestrian,car
Pedestrian,NA,6,pedestrian,car,pedestrian,motorcycle,pedestrian,car,pedestrian,car,pedestrian,car
Pedestrian,NA,6,pedestrian,car,pedestrian,car,pedestrian,car,pedestrian,car,pedestrian,car
Pedestrian,NA,6,pedestrian,bus,pedestrian,car,pedestrian,motorcycle,pedestrian,bus,pedestrian,motorcycle
Pedestrian,NA,6,pedestrian,bus,pedestrian,motorcycle,pedestrian,car,pedestrian,car,pedestrian,bus
Pedestrian,NA,6,pedestrian,car,pedestrian,car,pedestrian,motorcycle,pedestrian,motorcycle,pedestrian,car
Pedestrian,NA,6,pedestrian,motorcycle,pedestrian,bus,pedestrian,car,pedestrian,motorcycle,pedestrian,bus
Pedestrian,NA,6,pedestrian,bus,pedestrian,motorcycle,pedestrian,bus,pedestrian,bus,pedestrian,car
Pedestrian,NA,6,pedestrian,car,pedestrian,motorcycle,pedestrian,car,pedestrian,car,pedestrian,motorcycle
Pedestrian,NA,6,pedestrian,motorcycle,pedestrian,car,pedestrian,car,pedestrian,car,pedestrian,motorcycle
Pedestrian,NA,6,pedestrian,motorcycle,pedestrian,bus,pedestrian,car,pedestrian,bus,pedestrian,cycle
Pedestrian,NA,6,pedestrian,motorcycle,pedestrian,car,pedestrian,bus,pedestrian,bus,pedestrian,bus
Pedestrian,NA,6,pedestrian,bus,pedestrian,car,pedestrian,car,pedestrian,bus,pedestrian,motorcycle
Pedestrian,NA,6,pedestrian,motorcycle,pedestrian,motorcycle,pedestrian,motorcycle,pedestrian,car,pedestrian,bus
Pedestrian,NA,6,pedestrian,car,pedestrian,car,pedestrian,car,pedestrian,motorcycle,pedestrian,motorcycle
Pedestrian,NA,6,pedestrian,motorcycle,pedestrian,bus,pedestrian,rail,pedestrian,motorcycle,pedestrian,motorcycle
Pedestrian,NA,6,pedestrian,car,pedestrian,motorcycle,pedestrian,bus,pedestrian,motorcycle,pedestrian,bus
Pedestrian,NA,6,pedestrian,car,pedestrian,bus,pedestrian,motorcycle,pedestrian,car,pedestrian,motorcycle
Pedestrian,NA,6,pedestrian,motorcycle,pedestrian,car,pedestrian,car,pedestrian,car,pedestrian,car
Pedestrian,NA,6,pedestrian,bus,pedestrian,car,pedestrian,motorcycle,pedestrian,motorcycle,pedestrian,bus
Pedestrian,NA,6,pedestrian,bus,pedestrian,rail,pedestrian,motorcycle,pedestrian,car,pedestrian,motorcycle
Pedestrian,NA,6,pedestrian,bus,pedestrian,car,pedestrian,motorcycle,pedestrian,rail,pedestrian,car
Pedestrian,NA,6,pedestrian,car,pedestrian,bus,pedestrian,motorcycle,pedestrian,car,pedestrian,bus
Pedestrian,NA,6,pedestrian,car,pedestrian,motorcycle,pedestrian,car,pedestrian,motorcycle,pedestrian,car
Pedestrian,NA,6,pedestrian,car,pedestrian,car,pedestrian,car,pedestrian,car,pedestrian,car
Pedestrian,NA,6,pedestrian,motorcycle,pedestrian,car,pedestrian,motorcycle,pedestrian,car,pedestrian,bus
Pedestrian,NA,6,pedestrian,bus,pedestrian,car,pedestrian,car,pedestrian,car,pedestrian,car
Pedestrian,NA,6,pedestrian,car,pedestrian,motorcycle,pedestrian,car,pedestrian,bus,pedestrian,motorcycle
Pedestrian,NA,6,pedestrian,motorcycle,pedestrian,motorcycle,pedestrian,car,pedestrian,bus,pedestrian,motorcycle
Pedestrian,NA,6,pedestrian,bus,pedestrian,motorcycle,pedestrian,motorcycle,pedestrian,motorcycle,pedestrian,bus
Pedestrian,NA,6,pedestrian,car,pedestrian,car,pedestrian,car,pedestrian,motorcycle,pedestrian,car
Pedestrian,NA,6,pedestrian,car,pedestrian,motorcycle,pedestrian,rail,pedestrian,motorcycle,pedestrian,bus
Pedestrian,NA,6,pedestrian,car,pedestrian,motorcycle,pedestrian,car,pedestrian,bus,pedestrian,motorcycle
Pedestrian,NA,6,pedestrian,car,pedestrian,motorcycle,pedestrian,motorcycle,pedestrian,bus,pedestrian,motorcycle
Pedestrian,NA,6,pedestrian,bus,pedestrian,car,pedestrian,motorcycle,pedestrian,bus,pedestrian,car
Pedestrian,NA,6,pedestrian,bus,pedestrian,motorcycle,pedestrian,car,pedestrian,motorcycle,pedestrian,motorcycle
Pedestrian,NA,6,pedestrian,bus,pedestrian,car,pedestrian,bus,pedestrian,bus,pedestrian,car
Pedestrian,NA,6,pedestrian,car,pedestrian,motorcycle,pedestrian,car,pedestrian,bus,pedestrian,bus
Pedestrian,NA,6,pedestrian,car,pedestrian,bus,pedestrian,car,pedestrian,car,pedestrian,motorcycle
Pedestrian,NA,6,pedestrian,car,pedestrian,bus,pedestrian,bus,pedestrian,car,pedestrian,motorcycle
Pedestrian,NA,6,pedestrian,motorcycle,pedestrian,motorcycle,pedestrian,bus,pedestrian,rail,pedestrian,motorcycle
Pedestrian,NA,6,pedestrian,bus,pedestrian,bus,pedestrian,car,pedestrian,motorcycle,pedestrian,motorcycle
Pedestrian,NA,6,pedestrian,car,pedestrian,motorcycle,pedestrian,bus,pedestrian,bus,pedestrian,car
Pedestrian,NA,6,pedestrian,motorcycle,pedestrian,car,pedestrian,car,pedestrian,bus,pedestrian,motorcycle
Pedestrian,NA,6,pedestrian,motorcycle,pedestrian,motorcycle,pedestrian,other,pedestrian,car,pedestrian,motorcycle
Pedestrian,NA,6,pedestrian,bus,pedestrian,bus,pedestrian,motorcycle,pedestrian,car,pedestrian,car
Pedestrian,NA,6,pedestrian,motorcycle,pedestrian,bus,pedestrian,bus,pedestrian,car,pedestrian,car
Pedestrian,NA,6,pedestrian,car,pedestrian,bus,pedestrian,motorcycle,pedestrian,motorcycle,pedestrian,bus
Pedestrian,NA,6,pedestrian,bus,pedestrian,car,pedestrian,car,pedestrian,bus,pedestrian,motorcycle
Pedestrian,NA,6,pedestrian,motorcycle,pedestrian,bus,pedestrian,bus,pedestrian,car,pedestrian,motorcycle
Pedestrian,NA,6,pedestrian,motorcycle,pedestrian,bus,pedestrian,bus,pedestrian,bus,pedestrian,car
Pedestrian,NA,6,pedestrian,car,pedestrian,bus,pedestrian,motorcycle,pedestrian,bus,pedestrian,motorcycle
Pedestrian,NA,6,pedestrian,car,pedestrian,motorcycle,pedestrian,car,pedestrian,bus,pedestrian,car
Pedestrian,NA,6,pedestrian,car,pedestrian,bus,pedestrian,car,pedestrian,car,pedestrian,motorcycle
Pedestrian,NA,6,pedestrian,car,pedestrian,car,pedestrian,motorcycle,pedestrian,car,pedestrian,car
Pedestrian,NA,6,pedestrian,motorcycle,pedestrian,motorcycle,pedestrian,bus,pedestrian,car,pedestrian,car
Pedestrian,NA,6,pedestrian,car,pedestrian,car,pedestrian,bus,pedestrian,bus,pedestrian,bus
Pedestrian,NA,6,pedestrian,motorcycle,pedestrian,bus,pedestrian,bus,pedestrian,car,pedestrian,car
Pedestrian,NA,6,pedestrian,motorcycle,pedestrian,bus,pedestrian,car,pedestrian,motorcycle,pedestrian,car
Pedestrian,NA,6,pedestrian,rail,pedestrian,motorcycle,pedestrian,car,pedestrian,motorcycle,pedestrian,bus
Pedestrian,NA,6,pedestrian,bus,pedestrian,bus,pedestrian,motorcycle,pedestrian,bus,pedestrian,bus
Pedestrian,NA,6,pedestrian,bus,pedestrian,motorcycle,pedestrian,car,pedestrian,car,pedestrian,motorcycle
Pedestrian,NA,6,pedestrian,car,pedestrian,motorcycle,pedestrian,motorcycle,pedestrian,motorcycle,pedestrian,bus
Pedestrian,NA,6,pedestrian,bus,pedestrian,car,pedestrian,bus,pedestrian,car,pedestrian,car
Pedestrian,NA,6,pedestrian,car,pedestrian,bus,pedestrian,rail,pedestrian,motorcycle,pedestrian,car
Pedestrian,NA,6,pedestrian,bus,pedestrian,bus,pedestrian,bus,pedestrian,bus,pedestrian,motorcycle
Pedestrian,NA,6,pedestrian,car,pedestrian,car,pedestrian,car,pedestrian,car,pedestrian,car
Pedestrian,NA,6,pedestrian,car,pedestrian,car,pedestrian,motorcycle,pedestrian,motorcycle,pedestrian,bus
Pedestrian,NA,6,pedestrian,car,pedestrian,motorcycle,pedestrian,motorcycle,pedestrian,bus,pedestrian,car
Pedestrian,NA,6,pedestrian,car,pedestrian,motorcycle,pedestrian,bus,pedestrian,bus,pedestrian,other
Pedestrian,NA,6,pedestrian,bus,pedestrian,bus,pedestrian,motorcycle,pedestrian,motorcycle,pedestrian,bus
Pedestrian,NA,6,pedestrian,motorcycle,pedestrian,car,pedestrian,car,pedestrian,bus,pedestrian,motorcycle
Pedestrian,NA,6,pedestrian,car,pedestrian,car,pedestrian,motorcycle,pedestrian,bus,pedestrian,motorcycle
Pedestrian,NA,6,pedestrian,motorcycle,pedestrian,car,pedestrian,bus,pedestrian,car,pedestrian,motorcycle
Pedestrian,NA,6,pedestrian,motorcycle,pedestrian,car,pedestrian,car,pedestrian,rail,pedestrian,motorcycle
Pedestrian,NA,6,pedestrian,bus,pedestrian,motorcycle,pedestrian,car,pedestrian,motorcycle,pedestrian,car
Pedestrian,NA,6,pedestrian,bus,pedestrian,bus,pedestrian,bus,pedestrian,car,pedestrian,bus
Pedestrian,NA,6,pedestrian,motorcycle,pedestrian,motorcycle,pedestrian,motorcycle,pedestrian,motorcycle,pedestrian,bus
Pedestrian,NA,6,pedestrian,bus,pedestrian,bus,pedestrian,car,pedestrian,motorcycle,pedestrian,motorcycle
Pedestrian,NA,6,pedestrian,car,pedestrian,bus,pedestrian,motorcycle,pedestrian,motorcycle,pedestrian,car
Pedestrian,NA,6,pedestrian,car,pedestrian,car,pedestrian,car,pedestrian,car,pedestrian,car
Pedestrian,NA,6,pedestrian,bus,pedestrian,car,pedestrian,motorcycle,pedestrian,motorcycle,pedestrian,bus
Pedestrian,NA,6,pedestrian,bus,pedestrian,car,pedestrian,bus,pedestrian,bus,pedestrian,motorcycle
Pedestrian,NA,6,pedestrian,car,pedestrian,bus,pedestrian,bus,pedestrian,cycle,pedestrian,car
Pedestrian,NA,6,pedestrian,motorcycle,pedestrian,bus,pedestrian,motorcycle,pedestrian,bus,pedestrian,motorcycle
Pedestrian,NA,6,pedestrian,car,pedestrian,car,pedestrian,bus,pedestrian,bus,pedestrian,car
Pedestrian,NA,6,pedestrian,motorcycle,pedestrian,motorcycle,pedestrian,car,pedestrian,motorcycle,pedestrian,bus
Pedestrian,NA,6,pedestrian,bus,pedestrian,car,pedestrian,car,pedestrian,motorcycle,pedestrian,motorcycle
Pedestrian,NA,6,pedestrian,motorcycle,pedestrian,motorcycle,pedestrian,motorcycle,pedestrian,bus,pedestrian,bus
Pedestrian,NA,6,pedestrian,car,pedestrian,motorcycle,pedestrian,car,pedestrian,bus,pedestrian,rail
Pedestrian,NA,6,pedestrian,car,pedestrian,motorcycle,pedestrian,car,pedestrian,motorcycle,pedestrian,bus
Pedestrian,NA,6,pedestrian,motorcycle,pedestrian,motorcycle,pedestrian,car,pedestrian,car,pedestrian,car
Pedestrian,NA,6,pedestrian,car,pedestrian,car,pedestrian,car,pedestrian,motorcycle,pedestrian,car
Pedestrian,NA,6,pedestrian,car,pedestrian,bus,pedestrian,bus,pedestrian,car,pedestrian,bus
Pedestrian,NA,6,pedestrian,motorcycle,pedestrian,bus,pedestrian,car,pedestrian,car,pedestrian,motorcycle
Pedestrian,NA,6,pedestrian,bus,pedestrian,motorcycle,pedestrian,bus,pedestrian,bus,pedestrian,motorcycle
Pedestrian,NA,6,pedestrian,motorcycle,pedestrian,car,pedestrian,bus,pedestrian,car,pedestrian,motorcycle
Pedestrian,NA,6,pedestrian,motorcycle,pedestrian,bus,pedestrian,motorcycle,pedestrian,motorcycle,pedestrian,car
Pedestrian,NA,6,pedestrian,car,pedestrian,car,pedestrian,motorcycle,pedestrian,motorcycle,pedestrian,rail
Pedestrian,NA,6,pedestrian,bus,pedestrian,motorcycle,pedestrian,bus,pedestrian,motorcycle,pedestrian,car
Pedestrian,NA,6,pedestrian,car,pedestrian,bus,pedestrian,bus,pedestrian,bus,pedestrian,bus
Pedestrian,NA,6,pedestrian,cycle,pedestrian,motorcycle,pedestrian,bus,pedestrian,car,pedestrian,car
Pedestrian,NA,6,pedestrian,bus,pedestrian,motorcycle,pedestrian,motorcycle,pedestrian,car,pedestrian,car
Pedestrian,NA,6,pedestrian,bus,pedestrian,motorcycle,pedestrian,rail,pedestrian,rail,pedestrian,motorcycle
Pedestrian,NA,6,pedestrian,car,pedestrian,motorcycle,pedestrian,car,pedestrian,motorcycle,pedestrian,motorcycle
Pedestrian,NA,6,pedestrian,rail,pedestrian,rail,pedestrian,bus,pedestrian,bus,pedestrian,bus
Pedestrian,NA,6,pedestrian,car,pedestrian,bus,pedestrian,car,pedestrian,car,pedestrian,motorcycle
Pedestrian,NA,6,pedestrian,car,pedestrian,bus,pedestrian,motorcycle,pedestrian,motorcycle,pedestrian,bus
Pedestrian,NA,6,pedestrian,car,pedestrian,car,pedestrian,car,pedestrian,motorcycle,pedestrian,bus
Pedestrian,NA,6,pedestrian,bus,pedestrian,car,pedestrian,bus,pedestrian,cycle,pedestrian,car
Pedestrian,NA,6,pedestrian,motorcycle,pedestrian,car,pedestrian,bus,pedestrian,car,pedestrian,car
Pedestrian,NA,6,pedestrian,motorcycle,pedestrian,bus,pedestrian,bus,pedestrian,bus,pedestrian,motorcycle
Pedestrian,NA,6,pedestrian,motorcycle,pedestrian,motorcycle,pedestrian,bus,pedestrian,bus,pedestrian,bus
Pedestrian,NA,6,pedestrian,bus,pedestrian,car,pedestrian,car,pedestrian,car,pedestrian,bus
Pedestrian,NA,6,pedestrian,car,pedestrian,motorcycle,pedestrian,bus,pedestrian,motorcycle,pedestrian,car
Pedestrian,NA,6,pedestrian,motorcycle,pedestrian,motorcycle,pedestrian,car,pedestrian,bus,pedestrian,car
Pedestrian,NA,6,pedestrian,car,pedestrian,car,pedestrian,motorcycle,pedestrian,motorcycle,pedestrian,motorcycle
Pedestrian,NA,6,pedestrian,car,pedestrian,motorcycle,pedestrian,motorcycle,pedestrian,car,pedestrian,motorcycle
Pedestrian,NA,6,pedestrian,car,pedestrian,bus,pedestrian,car,pedestrian,bus,pedestrian,motorcycle
Pedestrian,NA,6,pedestrian,motorcycle,pedestrian,bus,pedestrian,motorcycle,pedestrian,car,pedestrian,motorcycle
Pedestrian,NA,6,pedestrian,bus,pedestrian,bus,pedestrian,motorcycle,pedestrian,bus,pedestrian,car
Pedestrian,NA,6,pedestrian,bus,pedestrian,bus,pedestrian,motorcycle,pedestrian,car,pedestrian,car
Pedestrian,NA,6,pedestrian,bus,pedestrian,bus,pedestrian,bus,pedestrian,bus,pedestrian,motorcycle
Pedestrian,NA,6,pedestrian,bus,pedestrian,motorcycle,pedestrian,cycle,pedestrian,car,pedestrian,car
Pedestrian,NA,6,pedestrian,car,pedestrian,car,pedestrian,bus,pedestrian,motorcycle,pedestrian,bus
Pedestrian,NA,6,pedestrian,car,pedestrian,bus,pedestrian,motorcycle,pedestrian,car,pedestrian,bus
Pedestrian,NA,6,pedestrian,bus,pedestrian,rail,pedestrian,car,pedestrian,car,pedestrian,car
Pedestrian,NA,6,pedestrian,motorcycle,pedestrian,car,pedestrian,motorcycle,pedestrian,car,pedestrian,car
bicycle,No.other.fixed.or.stationary.object,6,cycle,NOV,cycle,NOV,cycle,NOV,cycle,NOV,cycle,NOV
bicycle,No.other.fixed.or.stationary.object,6,cycle,NOV,cycle,NOV,cycle,NOV,cycle,NOV,cycle,NOV
bicycle,No.other.fixed.or.stationary.object,6,cycle,NOV,cycle,NOV,cycle,NOV,cycle,NOV,cycle,NOV
bicycle,No.other.fixed.or.stationary.object,6,cycle,NOV,cycle,NOV,cycle,NOV,cycle,NOV,cycle,NOV
bicycle,No.other.fixed.or.stationary.object,6,cycle,NOV,cycle,NOV,cycle,NOV,cycle,NOV,cycle,NOV
bicycle,No.other.fixed.or.stationary.object,6,cycle,NOV,cycle,NOV,cycle,NOV,cycle,NOV,cycle,NOV
bicycle,No.other.fixed.or.stationary.object,6,cycle,NOV,cycle,NOV,cycle,NOV,cycle,NOV,cycle,NOV
bicycle,No.other.fixed.or.stationary.object,6,cycle,NOV,cycle,NOV,cycle,NOV,cycle,NOV,cycle,NOV
bicycle,No.other.fixed.or.stationary.object,6,cycle,NOV,cycle,NOV,cycle,NOV,cycle,NOV,cycle,NOV
bicycle,No.other.fixed.or.stationary.object,6,cycle,NOV,cycle,NOV,cycle,NOV,cycle,NOV,cycle,NOV
bicycle,No.other.fixed.or.stationary.object,6,cycle,NOV,cycle,NOV,cycle,NOV,cycle,NOV,cycle,NOV
bicycle,No.other.fixed.or.stationary.object,6,cycle,NOV,cycle,NOV,cycle,NOV,cycle,NOV,cycle,NOV
bicycle,No.other.fixed.or.stationary.object,6,cycle,NOV,cycle,NOV,cycle,NOV,cycle,NOV,cycle,NOV
bicycle,motorcycle,6,cycle,motorcycle,cycle,motorcycle,cycle,motorcycle,cycle,motorcycle,cycle,motorcycle
bicycle,motorcycle,6,cycle,motorcycle,cycle,motorcycle,cycle,motorcycle,cycle,motorcycle,cycle,motorcycle
bicycle,motorcycle,6,cycle,motorcycle,cycle,motorcycle,cycle,motorcycle,cycle,motorcycle,cycle,motorcycle
bicycle,motorcycle,6,cycle,motorcycle,cycle,motorcycle,cycle,motorcycle,cycle,motorcycle,cycle,motorcycle
bicycle,motorcycle,6,cycle,motorcycle,cycle,motorcycle,cycle,motorcycle,cycle,motorcycle,cycle,motorcycle
bicycle,motorcycle,6,cycle,motorcycle,cycle,motorcycle,cycle,motorcycle,cycle,motorcycle,cycle,motorcycle
bicycle,motorcycle,6,cycle,motorcycle,cycle,motorcycle,cycle,motorcycle,cycle,motorcycle,cycle,motorcycle
bicycle,motorcycle,6,cycle,motorcycle,cycle,motorcycle,cycle,motorcycle,cycle,motorcycle,cycle,motorcycle
bicycle,motorcycle,6,cycle,motorcycle,cycle,motorcycle,cycle,motorcycle,cycle,motorcycle,cycle,motorcycle
bicycle,car,6,cycle,car,cycle,car,cycle,car,cycle,car,cycle,car
bicycle,car,6,cycle,car,cycle,car,cycle,car,cycle,car,cycle,car
bicycle,car,6,cycle,car,cycle,car,cycle,car,cycle,car,cycle,car
bicycle,car,6,cycle,car,cycle,car,cycle,car,cycle,car,cycle,car
bicycle,car,6,cycle,car,cycle,car,cycle,car,cycle,car,cycle,car
bicycle,car,6,cycle,car,cycle,car,cycle,car,cycle,car,cycle,car
bicycle,car,6,cycle,car,cycle,car,cycle,car,cycle,car,cycle,car
bicycle,car,6,cycle,car,cycle,car,cycle,car,cycle,car,cycle,car
bicycle,car,6,cycle,car,cycle,car,cycle,car,cycle,car,cycle,car
bicycle,car,6,cycle,car,cycle,car,cycle,car,cycle,car,cycle,car
bicycle,car,6,cycle,car,cycle,car,cycle,car,cycle,car,cycle,car
bicycle,car,6,cycle,car,cycle,car,cycle,car,cycle,car,cycle,car
bicycle,car,6,cycle,car,cycle,car,cycle,car,cycle,car,cycle,car
bicycle,car,6,cycle,car,cycle,car,cycle,car,cycle,car,cycle,car
bicycle,car,6,cycle,car,cycle,car,cycle,car,cycle,car,cycle,car
bicycle,car,6,cycle,car,cycle,car,cycle,car,cycle,car,cycle,car
bicycle,car,6,cycle,car,cycle,car,cycle,car,cycle,car,cycle,car
bicycle,car,6,cycle,car,cycle,car,cycle,car,cycle,car,cycle,car
bicycle,car,6,cycle,car,cycle,car,cycle,car,cycle,car,cycle,car
bicycle,car,6,cycle,car,cycle,car,cycle,car,cycle,car,cycle,car
bicycle,car,6,cycle,car,cycle,car,cycle,car,cycle,car,cycle,car
bicycle,Bus,6,cycle,bus,cycle,bus,cycle,bus,cycle,bus,cycle,bus
bicycle,Bus,6,cycle,bus,cycle,bus,cycle,bus,cycle,bus,cycle,bus
bicycle,Bus,6,cycle,bus,cycle,bus,cycle,bus,cycle,bus,cycle,bus
bicycle,Bus,6,cycle,bus,cycle,bus,cycle,bus,cycle,bus,cycle,bus
bicycle,Bus,6,cycle,bus,cycle,bus,cycle,bus,cycle,bus,cycle,bus
bicycle,Bus,6,cycle,bus,cycle,bus,cycle,bus,cycle,bus,cycle,bus
bicycle,Bus,6,cycle,bus,cycle,bus,cycle,bus,cycle,bus,cycle,bus
bicycle,Bus,6,cycle,bus,cycle,bus,cycle,bus,cycle,bus,cycle,bus
bicycle,Bus,6,cycle,bus,cycle,bus,cycle,bus,cycle,bus,cycle,bus
bicycle,Bus,6,cycle,bus,cycle,bus,cycle,bus,cycle,bus,cycle,bus
bicycle,Bus,6,cycle,bus,cycle,bus,cycle,bus,cycle,bus,cycle,bus
bicycle,Bus,6,cycle,bus,cycle,bus,cycle,bus,cycle,bus,cycle,bus
bicycle,Bus,6,cycle,bus,cycle,bus,cycle,bus,cycle,bus,cycle,bus
bicycle,NA,6,cycle,motorcycle,cycle,bus,cycle,NOV,cycle,bus,cycle,car
bicycle,NA,6,cycle,NOV,cycle,car,cycle,NOV,cycle,car,cycle,car
bicycle,NA,6,cycle,car,cycle,NOV,cycle,car,cycle,NOV,cycle,NOV
bicycle,NA,6,cycle,car,cycle,NOV,cycle,bus,cycle,NOV,cycle,NOV
bicycle,NA,6,cycle,NOV,cycle,NOV,cycle,car,cycle,bus,cycle,car
bicycle,NA,6,cycle,NOV,cycle,car,cycle,NOV,cycle,NOV,cycle,NOV
bicycle,NA,6,cycle,NOV,cycle,NOV,cycle,NOV,cycle,car,cycle,NOV
bicycle,NA,6,cycle,NOV,cycle,bus,cycle,NOV,cycle,car,cycle,car
bicycle,NA,6,cycle,NOV,cycle,NOV,cycle,NOV,cycle,car,cycle,motorcycle
bicycle,NA,6,cycle,NOV,cycle,car,cycle,NOV,cycle,car,cycle,car
bicycle,NA,6,cycle,NOV,cycle,NOV,cycle,car,cycle,NOV,cycle,bus
bicycle,NA,6,cycle,car,cycle,NOV,cycle,NOV,cycle,NOV,cycle,car
bicycle,NA,6,cycle,bus,cycle,NOV,cycle,NOV,cycle,bus,cycle,car
bicycle,NA,6,cycle,NOV,cycle,NOV,cycle,car,cycle,NOV,cycle,NOV
bicycle,NOV,6,cycle,NOV,cycle,NOV,cycle,NOV,cycle,NOV,cycle,NOV
bicycle,NOV,6,cycle,NOV,cycle,NOV,cycle,NOV,cycle,NOV,cycle,NOV
bicycle,NOV,6,cycle,NOV,cycle,NOV,cycle,NOV,cycle,NOV,cycle,NOV
bicycle,NOV,6,cycle,NOV,cycle,NOV,cycle,NOV,cycle,NOV,cycle,NOV
bicycle,NOV,6,cycle,NOV,cycle,NOV,cycle,NOV,cycle,NOV,cycle,NOV
bicycle,NOV,6,cycle,NOV,cycle,NOV,cycle,NOV,cycle,NOV,cycle,NOV
bicycle,NOV,6,cycle,NOV,cycle,NOV,cycle,NOV,cycle,NOV,cycle,NOV
bicycle,NOV,6,cycle,NOV,cycle,NOV,cycle,NOV,cycle,NOV,cycle,NOV
bicycle,NOV,6,cycle,NOV,cycle,NOV,cycle,NOV,cycle,NOV,cycle,NOV
bicycle,NOV,6,cycle,NOV,cycle,NOV,cycle,NOV,cycle,NOV,cycle,NOV
bicycle,NOV,6,cycle,NOV,cycle,NOV,cycle,NOV,cycle,NOV,cycle,NOV
bicycle,NOV,6,cycle,NOV,cycle,NOV,cycle,NOV,cycle,NOV,cycle,NOV
bicycle,NOV,6,cycle,NOV,cycle,NOV,cycle,NOV,cycle,NOV,cycle,NOV
bicycle,NOV,6,cycle,NOV,cycle,NOV,cycle,NOV,cycle,NOV,cycle,NOV
bicycle,NOV,6,cycle,NOV,cycle,NOV,cycle,NOV,cycle,NOV,cycle,NOV
bicycle,NOV,6,cycle,NOV,cycle,NOV,cycle,NOV,cycle,NOV,cycle,NOV
bicycle,NOV,6,cycle,NOV,cycle,NOV,cycle,NOV,cycle,NOV,cycle,NOV
bicycle,NOV,6,cycle,NOV,cycle,NOV,cycle,NOV,cycle,NOV,cycle,NOV
bicycle,NOV,6,cycle,NOV,cycle,NOV,cycle,NOV,cycle,NOV,cycle,NOV
bicycle,NOV,6,cycle,NOV,cycle,NOV,cycle,NOV,cycle,NOV,cycle,NOV
bicycle,NOV,6,cycle,NOV,cycle,NOV,cycle,NOV,cycle,NOV,cycle,NOV
bicycle,NOV,6,cycle,NOV,cycle,NOV,cycle,NOV,cycle,NOV,cycle,NOV
bicycle,NOV,6,cycle,NOV,cycle,NOV,cycle,NOV,cycle,NOV,cycle,NOV
bicycle,NOV,6,cycle,NOV,cycle,NOV,cycle,NOV,cycle,NOV,cycle,NOV
bicycle,NOV,6,cycle,NOV,cycle,NOV,cycle,NOV,cycle,NOV,cycle,NOV
bicycle,NOV,6,cycle,NOV,cycle,NOV,cycle,NOV,cycle,NOV,cycle,NOV
bicycle,NOV,6,cycle,NOV,cycle,NOV,cycle,NOV,cycle,NOV,cycle,NOV
bicycle,NOV,6,cycle,NOV,cycle,NOV,cycle,NOV,cycle,NOV,cycle,NOV
bicycle,NOV,6,cycle,NOV,cycle,NOV,cycle,NOV,cycle,NOV,cycle,NOV
bicycle,NOV,6,cycle,NOV,cycle,NOV,cycle,NOV,cycle,NOV,cycle,NOV
bicycle,NOV,6,cycle,NOV,cycle,NOV,cycle,NOV,cycle,NOV,cycle,NOV
Motorcycle,No.other.fixed.or.stationary.object,6,motorcycle,NOV,motorcycle,NOV,motorcycle,NOV,motorcycle,NOV,motorcycle,NOV
Motorcycle,No.other.fixed.or.stationary.object,6,motorcycle,NOV,motorcycle,NOV,motorcycle,NOV,motorcycle,NOV,motorcycle,NOV
Motorcycle,No.other.fixed.or.stationary.object,6,motorcycle,NOV,motorcycle,NOV,motorcycle,NOV,motorcycle,NOV,motorcycle,NOV
Motorcycle,No.other.fixed.or.stationary.object,6,motorcycle,NOV,motorcycle,NOV,motorcycle,NOV,motorcycle,NOV,motorcycle,NOV
Motorcycle,No.other.fixed.or.stationary.object,6,motorcycle,NOV,motorcycle,NOV,motorcycle,NOV,motorcycle,NOV,motorcycle,NOV
Motorcycle,No.other.fixed.or.stationary.object,6,motorcycle,NOV,motorcycle,NOV,motorcycle,NOV,motorcycle,NOV,motorcycle,NOV
Motorcycle,No.other.fixed.or.stationary.object,6,motorcycle,NOV,motorcycle,NOV,motorcycle,NOV,motorcycle,NOV,motorcycle,NOV
Motorcycle,No.other.fixed.or.stationary.object,6,motorcycle,NOV,motorcycle,NOV,motorcycle,NOV,motorcycle,NOV,motorcycle,NOV
Motorcycle,No.other.fixed.or.stationary.object,6,motorcycle,NOV,motorcycle,NOV,motorcycle,NOV,motorcycle,NOV,motorcycle,NOV
Motorcycle,No.other.fixed.or.stationary.object,6,motorcycle,NOV,motorcycle,NOV,motorcycle,NOV,motorcycle,NOV,motorcycle,NOV
Motorcycle,No.other.fixed.or.stationary.object,6,motorcycle,NOV,motorcycle,NOV,motorcycle,NOV,motorcycle,NOV,motorcycle,NOV
Motorcycle,No.other.fixed.or.stationary.object,6,motorcycle,NOV,motorcycle,NOV,motorcycle,NOV,motorcycle,NOV,motorcycle,NOV
Motorcycle,No.other.fixed.or.stationary.object,6,motorcycle,NOV,motorcycle,NOV,motorcycle,NOV,motorcycle,NOV,motorcycle,NOV
Motorcycle,No.other.fixed.or.stationary.object,6,motorcycle,NOV,motorcycle,NOV,motorcycle,NOV,motorcycle,NOV,motorcycle,NOV
Motorcycle,No.other.fixed.or.stationary.object,6,motorcycle,NOV,motorcycle,NOV,motorcycle,NOV,motorcycle,NOV,motorcycle,NOV
Motorcycle,No.other.fixed.or.stationary.object,6,motorcycle,NOV,motorcycle,NOV,motorcycle,NOV,motorcycle,NOV,motorcycle,NOV
Motorcycle,No.other.fixed.or.stationary.object,6,motorcycle,NOV,motorcycle,NOV,motorcycle,NOV,motorcycle,NOV,motorcycle,NOV
Motorcycle,No.other.fixed.or.stationary.object,6,motorcycle,NOV,motorcycle,NOV,motorcycle,NOV,motorcycle,NOV,motorcycle,NOV
Motorcycle,No.other.fixed.or.stationary.object,6,motorcycle,NOV,motorcycle,NOV,motorcycle,NOV,motorcycle,NOV,motorcycle,NOV
Motorcycle,No.other.fixed.or.stationary.object,6,motorcycle,NOV,motorcycle,NOV,motorcycle,NOV,motorcycle,NOV,motorcycle,NOV
Motorcycle,No.other.fixed.or.stationary.object,6,motorcycle,NOV,motorcycle,NOV,motorcycle,NOV,motorcycle,NOV,motorcycle,NOV
Motorcycle,No.other.fixed.or.stationary.object,6,motorcycle,NOV,motorcycle,NOV,motorcycle,NOV,motorcycle,NOV,motorcycle,NOV
Motorcycle,No.other.fixed.or.stationary.object,6,motorcycle,NOV,motorcycle,NOV,motorcycle,NOV,motorcycle,NOV,motorcycle,NOV
Motorcycle,No.other.fixed.or.stationary.object,6,motorcycle,NOV,motorcycle,NOV,motorcycle,NOV,motorcycle,NOV,motorcycle,NOV
Motorcycle,No.other.fixed.or.stationary.object,6,motorcycle,NOV,motorcycle,NOV,motorcycle,NOV,motorcycle,NOV,motorcycle,NOV
Motorcycle,No.other.fixed.or.stationary.object,6,motorcycle,NOV,motorcycle,NOV,motorcycle,NOV,motorcycle,NOV,motorcycle,NOV
Motorcycle,No.other.fixed.or.stationary.object,6,motorcycle,NOV,motorcycle,NOV,motorcycle,NOV,motorcycle,NOV,motorcycle,NOV
Motorcycle,No.other.fixed.or.stationary.object,6,motorcycle,NOV,motorcycle,NOV,motorcycle,NOV,motorcycle,NOV,motorcycle,NOV
Motorcycle,No.other.fixed.or.stationary.object,6,motorcycle,NOV,motorcycle,NOV,motorcycle,NOV,motorcycle,NOV,motorcycle,NOV
Motorcycle,No.other.fixed.or.stationary.object,6,motorcycle,NOV,motorcycle,NOV,motorcycle,NOV,motorcycle,NOV,motorcycle,NOV
Motorcycle,No.other.fixed.or.stationary.object,6,motorcycle,NOV,motorcycle,NOV,motorcycle,NOV,motorcycle,NOV,motorcycle,NOV
Motorcycle,No.other.fixed.or.stationary.object,6,motorcycle,NOV,motorcycle,NOV,motorcycle,NOV,motorcycle,NOV,motorcycle,NOV
Motorcycle,No.other.fixed.or.stationary.object,6,motorcycle,NOV,motorcycle,NOV,motorcycle,NOV,motorcycle,NOV,motorcycle,NOV
Motorcycle,No.other.fixed.or.stationary.object,6,motorcycle,NOV,motorcycle,NOV,motorcycle,NOV,motorcycle,NOV,motorcycle,NOV
Motorcycle,No.other.fixed.or.stationary.object,6,motorcycle,NOV,motorcycle,NOV,motorcycle,NOV,motorcycle,NOV,motorcycle,NOV
Motorcycle,No.other.fixed.or.stationary.object,6,motorcycle,NOV,motorcycle,NOV,motorcycle,NOV,motorcycle,NOV,motorcycle,NOV
Motorcycle,No.other.fixed.or.stationary.object,6,motorcycle,NOV,motorcycle,NOV,motorcycle,NOV,motorcycle,NOV,motorcycle,NOV
Motorcycle,No.other.fixed.or.stationary.object,6,motorcycle,NOV,motorcycle,NOV,motorcycle,NOV,motorcycle,NOV,motorcycle,NOV
Motorcycle,No.other.fixed.or.stationary.object,6,motorcycle,NOV,motorcycle,NOV,motorcycle,NOV,motorcycle,NOV,motorcycle,NOV
Motorcycle,No.other.fixed.or.stationary.object,6,motorcycle,NOV,motorcycle,NOV,motorcycle,NOV,motorcycle,NOV,motorcycle,NOV
Motorcycle,No.other.fixed.or.stationary.object,6,motorcycle,NOV,motorcycle,NOV,motorcycle,NOV,motorcycle,NOV,motorcycle,NOV
Motorcycle,No.other.fixed.or.stationary.object,6,motorcycle,NOV,motorcycle,NOV,motorcycle,NOV,motorcycle,NOV,motorcycle,NOV
Motorcycle,No.other.fixed.or.stationary.object,6,motorcycle,NOV,motorcycle,NOV,motorcycle,NOV,motorcycle,NOV,motorcycle,NOV
Motorcycle,No.other.fixed.or.stationary.object,6,motorcycle,NOV,motorcycle,NOV,motorcycle,NOV,motorcycle,NOV,motorcycle,NOV
Motorcycle,No.other.fixed.or.stationary.object,6,motorcycle,NOV,motorcycle,NOV,motorcycle,NOV,motorcycle,NOV,motorcycle,NOV
Motorcycle,No.other.fixed.or.stationary.object,6,motorcycle,NOV,motorcycle,NOV,motorcycle,NOV,motorcycle,NOV,motorcycle,NOV
Motorcycle,No.other.fixed.or.stationary.object,6,motorcycle,NOV,motorcycle,NOV,motorcycle,NOV,motorcycle,NOV,motorcycle,NOV
Motorcycle,No.other.fixed.or.stationary.object,6,motorcycle,NOV,motorcycle,NOV,motorcycle,NOV,motorcycle,NOV,motorcycle,NOV
Motorcycle,No.other.fixed.or.stationary.object,6,motorcycle,NOV,motorcycle,NOV,motorcycle,NOV,motorcycle,NOV,motorcycle,NOV
Motorcycle,No.other.fixed.or.stationary.object,6,motorcycle,NOV,motorcycle,NOV,motorcycle,NOV,motorcycle,NOV,motorcycle,NOV
Motorcycle,No.other.fixed.or.stationary.object,6,motorcycle,NOV,motorcycle,NOV,motorcycle,NOV,motorcycle,NOV,motorcycle,NOV
Motorcycle,No.other.fixed.or.stationary.object,6,motorcycle,NOV,motorcycle,NOV,motorcycle,NOV,motorcycle,NOV,motorcycle,NOV
Motorcycle,No.other.fixed.or.stationary.object,6,motorcycle,NOV,motorcycle,NOV,motorcycle,NOV,motorcycle,NOV,motorcycle,NOV
Motorcycle,No.other.fixed.or.stationary.object,6,motorcycle,NOV,motorcycle,NOV,motorcycle,NOV,motorcycle,NOV,motorcycle,NOV
Motorcycle,No.other.fixed.or.stationary.object,6,motorcycle,NOV,motorcycle,NOV,motorcycle,NOV,motorcycle,NOV,motorcycle,NOV
Motorcycle,No.other.fixed.or.stationary.object,6,motorcycle,NOV,motorcycle,NOV,motorcycle,NOV,motorcycle,NOV,motorcycle,NOV
Motorcycle,No.other.fixed.or.stationary.object,6,motorcycle,NOV,motorcycle,NOV,motorcycle,NOV,motorcycle,NOV,motorcycle,NOV
Motorcycle,No.other.fixed.or.stationary.object,6,motorcycle,NOV,motorcycle,NOV,motorcycle,NOV,motorcycle,NOV,motorcycle,NOV
Motorcycle,No.other.fixed.or.stationary.object,6,motorcycle,NOV,motorcycle,NOV,motorcycle,NOV,motorcycle,NOV,motorcycle,NOV
Motorcycle,No.other.fixed.or.stationary.object,6,motorcycle,NOV,motorcycle,NOV,motorcycle,NOV,motorcycle,NOV,motorcycle,NOV
Motorcycle,No.other.fixed.or.stationary.object,6,motorcycle,NOV,motorcycle,NOV,motorcycle,NOV,motorcycle,NOV,motorcycle,NOV
Motorcycle,No.other.fixed.or.stationary.object,6,motorcycle,NOV,motorcycle,NOV,motorcycle,NOV,motorcycle,NOV,motorcycle,NOV
Motorcycle,No.other.fixed.or.stationary.object,6,motorcycle,NOV,motorcycle,NOV,motorcycle,NOV,motorcycle,NOV,motorcycle,NOV
Motorcycle,No.other.fixed.or.stationary.object,6,motorcycle,NOV,motorcycle,NOV,motorcycle,NOV,motorcycle,NOV,motorcycle,NOV
Motorcycle,No.other.fixed.or.stationary.object,6,motorcycle,NOV,motorcycle,NOV,motorcycle,NOV,motorcycle,NOV,motorcycle,NOV
Motorcycle,No.other.fixed.or.stationary.object,6,motorcycle,NOV,motorcycle,NOV,motorcycle,NOV,motorcycle,NOV,motorcycle,NOV
Motorcycle,No.other.fixed.or.stationary.object,6,motorcycle,NOV,motorcycle,NOV,motorcycle,NOV,motorcycle,NOV,motorcycle,NOV
Motorcycle,No.other.fixed.or.stationary.object,6,motorcycle,NOV,motorcycle,NOV,motorcycle,NOV,motorcycle,NOV,motorcycle,NOV
Motorcycle,No.other.fixed.or.stationary.object,6,motorcycle,NOV,motorcycle,NOV,motorcycle,NOV,motorcycle,NOV,motorcycle,NOV
Motorcycle,No.other.fixed.or.stationary.object,6,motorcycle,NOV,motorcycle,NOV,motorcycle,NOV,motorcycle,NOV,motorcycle,NOV
Motorcycle,No.other.fixed.or.stationary.object,6,motorcycle,NOV,motorcycle,NOV,motorcycle,NOV,motorcycle,NOV,motorcycle,NOV
Motorcycle,No.other.fixed.or.stationary.object,6,motorcycle,NOV,motorcycle,NOV,motorcycle,NOV,motorcycle,NOV,motorcycle,NOV
Motorcycle,No.other.fixed.or.stationary.object,6,motorcycle,NOV,motorcycle,NOV,motorcycle,NOV,motorcycle,NOV,motorcycle,NOV
Motorcycle,No.other.fixed.or.stationary.object,6,motorcycle,NOV,motorcycle,NOV,motorcycle,NOV,motorcycle,NOV,motorcycle,NOV
Motorcycle,No.other.fixed.or.stationary.object,6,motorcycle,NOV,motorcycle,NOV,motorcycle,NOV,motorcycle,NOV,motorcycle,NOV
Motorcycle,No.other.fixed.or.stationary.object,6,motorcycle,NOV,motorcycle,NOV,motorcycle,NOV,motorcycle,NOV,motorcycle,NOV
Motorcycle,No.other.fixed.or.stationary.object,6,motorcycle,NOV,motorcycle,NOV,motorcycle,NOV,motorcycle,NOV,motorcycle,NOV
Motorcycle,No.other.fixed.or.stationary.object,6,motorcycle,NOV,motorcycle,NOV,motorcycle,NOV,motorcycle,NOV,motorcycle,NOV
Motorcycle,No.other.fixed.or.stationary.object,6,motorcycle,NOV,motorcycle,NOV,motorcycle,NOV,motorcycle,NOV,motorcycle,NOV
Motorcycle,No.other.fixed.or.stationary.object,6,motorcycle,NOV,motorcycle,NOV,motorcycle,NOV,motorcycle,NOV,motorcycle,NOV
Motorcycle,No.other.fixed.or.stationary.object,6,motorcycle,NOV,motorcycle,NOV,motorcycle,NOV,motorcycle,NOV,motorcycle,NOV
Motorcycle,No.other.fixed.or.stationary.object,6,motorcycle,NOV,motorcycle,NOV,motorcycle,NOV,motorcycle,NOV,motorcycle,NOV
Motorcycle,No.other.fixed.or.stationary.object,6,motorcycle,NOV,motorcycle,NOV,motorcycle,NOV,motorcycle,NOV,motorcycle,NOV
Motorcycle,No.other.fixed.or.stationary.object,6,motorcycle,NOV,motorcycle,NOV,motorcycle,NOV,motorcycle,NOV,motorcycle,NOV
Motorcycle,No.other.fixed.or.stationary.object,6,motorcycle,NOV,motorcycle,NOV,motorcycle,NOV,motorcycle,NOV,motorcycle,NOV
Motorcycle,No.other.fixed.or.stationary.object,6,motorcycle,NOV,motorcycle,NOV,motorcycle,NOV,motorcycle,NOV,motorcycle,NOV
Motorcycle,No.other.fixed.or.stationary.object,6,motorcycle,NOV,motorcycle,NOV,motorcycle,NOV,motorcycle,NOV,motorcycle,NOV
Motorcycle,No.other.fixed.or.stationary.object,6,motorcycle,NOV,motorcycle,NOV,motorcycle,NOV,motorcycle,NOV,motorcycle,NOV
Motorcycle,No.other.fixed.or.stationary.object,6,motorcycle,NOV,motorcycle,NOV,motorcycle,NOV,motorcycle,NOV,motorcycle,NOV
Motorcycle,No.other.fixed.or.stationary.object,6,motorcycle,NOV,motorcycle,NOV,motorcycle,NOV,motorcycle,NOV,motorcycle,NOV
Motorcycle,No.other.fixed.or.stationary.object,6,motorcycle,NOV,motorcycle,NOV,motorcycle,NOV,motorcycle,NOV,motorcycle,NOV
Motorcycle,No.other.fixed.or.stationary.object,6,motorcycle,NOV,motorcycle,NOV,motorcycle,NOV,motorcycle,NOV,motorcycle,NOV
Motorcycle,No.other.fixed.or.stationary.object,6,motorcycle,NOV,motorcycle,NOV,motorcycle,NOV,motorcycle,NOV,motorcycle,NOV
Motorcycle,No.other.fixed.or.stationary.object,6,motorcycle,NOV,motorcycle,NOV,motorcycle,NOV,motorcycle,NOV,motorcycle,NOV
Motorcycle,No.other.fixed.or.stationary.object,6,motorcycle,NOV,motorcycle,NOV,motorcycle,NOV,motorcycle,NOV,motorcycle,NOV
Motorcycle,No.other.fixed.or.stationary.object,6,motorcycle,NOV,motorcycle,NOV,motorcycle,NOV,motorcycle,NOV,motorcycle,NOV
Motorcycle,No.other.fixed.or.stationary.object,6,motorcycle,NOV,motorcycle,NOV,motorcycle,NOV,motorcycle,NOV,motorcycle,NOV
Motorcycle,No.other.fixed.or.stationary.object,6,motorcycle,NOV,motorcycle,NOV,motorcycle,NOV,motorcycle,NOV,motorcycle,NOV
Motorcycle,No.other.fixed.or.stationary.object,6,motorcycle,NOV,motorcycle,NOV,motorcycle,NOV,motorcycle,NOV,motorcycle,NOV
Motorcycle,No.other.fixed.or.stationary.object,6,motorcycle,NOV,motorcycle,NOV,motorcycle,NOV,motorcycle,NOV,motorcycle,NOV
Motorcycle,No.other.fixed.or.stationary.object,6,motorcycle,NOV,motorcycle,NOV,motorcycle,NOV,motorcycle,NOV,motorcycle,NOV
Motorcycle,No.other.fixed.or.stationary.object,6,motorcycle,NOV,motorcycle,NOV,motorcycle,NOV,motorcycle,NOV,motorcycle,NOV
Motorcycle,No.other.fixed.or.stationary.object,6,motorcycle,NOV,motorcycle,NOV,motorcycle,NOV,motorcycle,NOV,motorcycle,NOV
Motorcycle,No.other.fixed.or.stationary.object,6,motorcycle,NOV,motorcycle,NOV,motorcycle,NOV,motorcycle,NOV,motorcycle,NOV
Motorcycle,No.other.fixed.or.stationary.object,6,motorcycle,NOV,motorcycle,NOV,motorcycle,NOV,motorcycle,NOV,motorcycle,NOV
Motorcycle,No.other.fixed.or.stationary.object,6,motorcycle,NOV,motorcycle,NOV,motorcycle,NOV,motorcycle,NOV,motorcycle,NOV
Motorcycle,No.other.fixed.or.stationary.object,6,motorcycle,NOV,motorcycle,NOV,motorcycle,NOV,motorcycle,NOV,motorcycle,NOV
Motorcycle,No.other.fixed.or.stationary.object,6,motorcycle,NOV,motorcycle,NOV,motorcycle,NOV,motorcycle,NOV,motorcycle,NOV
Motorcycle,No.other.fixed.or.stationary.object,6,motorcycle,NOV,motorcycle,NOV,motorcycle,NOV,motorcycle,NOV,motorcycle,NOV
Motorcycle,No.other.fixed.or.stationary.object,6,motorcycle,NOV,motorcycle,NOV,motorcycle,NOV,motorcycle,NOV,motorcycle,NOV
Motorcycle,No.other.fixed.or.stationary.object,6,motorcycle,NOV,motorcycle,NOV,motorcycle,NOV,motorcycle,NOV,motorcycle,NOV
Motorcycle,No.other.fixed.or.stationary.object,6,motorcycle,NOV,motorcycle,NOV,motorcycle,NOV,motorcycle,NOV,motorcycle,NOV
Motorcycle,No.other.fixed.or.stationary.object,6,motorcycle,NOV,motorcycle,NOV,motorcycle,NOV,motorcycle,NOV,motorcycle,NOV
Motorcycle,No.other.fixed.or.stationary.object,6,motorcycle,NOV,motorcycle,NOV,motorcycle,NOV,motorcycle,NOV,motorcycle,NOV
Motorcycle,No.other.fixed.or.stationary.object,6,motorcycle,NOV,motorcycle,NOV,motorcycle,NOV,motorcycle,NOV,motorcycle,NOV
Motorcycle,No.other.fixed.or.stationary.object,6,motorcycle,NOV,motorcycle,NOV,motorcycle,NOV,motorcycle,NOV,motorcycle,NOV
Motorcycle,No.other.fixed.or.stationary.object,6,motorcycle,NOV,motorcycle,NOV,motorcycle,NOV,motorcycle,NOV,motorcycle,NOV
Motorcycle,No.other.fixed.or.stationary.object,6,motorcycle,NOV,motorcycle,NOV,motorcycle,NOV,motorcycle,NOV,motorcycle,NOV
Motorcycle,No.other.fixed.or.stationary.object,6,motorcycle,NOV,motorcycle,NOV,motorcycle,NOV,motorcycle,NOV,motorcycle,NOV
Motorcycle,No.other.fixed.or.stationary.object,6,motorcycle,NOV,motorcycle,NOV,motorcycle,NOV,motorcycle,NOV,motorcycle,NOV
Motorcycle,No.other.fixed.or.stationary.object,6,motorcycle,NOV,motorcycle,NOV,motorcycle,NOV,motorcycle,NOV,motorcycle,NOV
Motorcycle,No.other.fixed.or.stationary.object,6,motorcycle,NOV,motorcycle,NOV,motorcycle,NOV,motorcycle,NOV,motorcycle,NOV
Motorcycle,No.other.fixed.or.stationary.object,6,motorcycle,NOV,motorcycle,NOV,motorcycle,NOV,motorcycle,NOV,motorcycle,NOV
Motorcycle,No.other.fixed.or.stationary.object,6,motorcycle,NOV,motorcycle,NOV,motorcycle,NOV,motorcycle,NOV,motorcycle,NOV
Motorcycle,No.other.fixed.or.stationary.object,6,motorcycle,NOV,motorcycle,NOV,motorcycle,NOV,motorcycle,NOV,motorcycle,NOV
Motorcycle,No.other.fixed.or.stationary.object,6,motorcycle,NOV,motorcycle,NOV,motorcycle,NOV,motorcycle,NOV,motorcycle,NOV
Motorcycle,Pedestrian,6,motorcycle,pedestrian,motorcycle,pedestrian,motorcycle,pedestrian,motorcycle,pedestrian,motorcycle,pedestrian
Motorcycle,Pedestrian,6,motorcycle,pedestrian,motorcycle,pedestrian,motorcycle,pedestrian,motorcycle,pedestrian,motorcycle,pedestrian
Motorcycle,Pedestrian,6,motorcycle,pedestrian,motorcycle,pedestrian,motorcycle,pedestrian,motorcycle,pedestrian,motorcycle,pedestrian
Motorcycle,Pedestrian,6,motorcycle,pedestrian,motorcycle,pedestrian,motorcycle,pedestrian,motorcycle,pedestrian,motorcycle,pedestrian
Motorcycle,Pedestrian,6,motorcycle,pedestrian,motorcycle,pedestrian,motorcycle,pedestrian,motorcycle,pedestrian,motorcycle,pedestrian
Motorcycle,Pedestrian,6,motorcycle,pedestrian,motorcycle,pedestrian,motorcycle,pedestrian,motorcycle,pedestrian,motorcycle,pedestrian
Motorcycle,Pedestrian,6,motorcycle,pedestrian,motorcycle,pedestrian,motorcycle,pedestrian,motorcycle,pedestrian,motorcycle,pedestrian
Motorcycle,Pedestrian,6,motorcycle,pedestrian,motorcycle,pedestrian,motorcycle,pedestrian,motorcycle,pedestrian,motorcycle,pedestrian
Motorcycle,Pedestrian,6,motorcycle,pedestrian,motorcycle,pedestrian,motorcycle,pedestrian,motorcycle,pedestrian,motorcycle,pedestrian
Motorcycle,bicycle,6,motorcycle,cycle,motorcycle,cycle,motorcycle,cycle,motorcycle,cycle,motorcycle,cycle
Motorcycle,motorcycle,6,motorcycle,motorcycle,motorcycle,motorcycle,motorcycle,motorcycle,motorcycle,motorcycle,motorcycle,motorcycle
Motorcycle,motorcycle,6,motorcycle,motorcycle,motorcycle,motorcycle,motorcycle,motorcycle,motorcycle,motorcycle,motorcycle,motorcycle
Motorcycle,motorcycle,6,motorcycle,motorcycle,motorcycle,motorcycle,motorcycle,motorcycle,motorcycle,motorcycle,motorcycle,motorcycle
Motorcycle,motorcycle,6,motorcycle,motorcycle,motorcycle,motorcycle,motorcycle,motorcycle,motorcycle,motorcycle,motorcycle,motorcycle
Motorcycle,motorcycle,6,motorcycle,motorcycle,motorcycle,motorcycle,motorcycle,motorcycle,motorcycle,motorcycle,motorcycle,motorcycle
Motorcycle,motorcycle,6,motorcycle,motorcycle,motorcycle,motorcycle,motorcycle,motorcycle,motorcycle,motorcycle,motorcycle,motorcycle
Motorcycle,motorcycle,6,motorcycle,motorcycle,motorcycle,motorcycle,motorcycle,motorcycle,motorcycle,motorcycle,motorcycle,motorcycle
Motorcycle,motorcycle,6,motorcycle,motorcycle,motorcycle,motorcycle,motorcycle,motorcycle,motorcycle,motorcycle,motorcycle,motorcycle
Motorcycle,motorcycle,6,motorcycle,motorcycle,motorcycle,motorcycle,motorcycle,motorcycle,motorcycle,motorcycle,motorcycle,motorcycle
Motorcycle,motorcycle,6,motorcycle,motorcycle,motorcycle,motorcycle,motorcycle,motorcycle,motorcycle,motorcycle,motorcycle,motorcycle
Motorcycle,motorcycle,6,motorcycle,motorcycle,motorcycle,motorcycle,motorcycle,motorcycle,motorcycle,motorcycle,motorcycle,motorcycle
Motorcycle,motorcycle,6,motorcycle,motorcycle,motorcycle,motorcycle,motorcycle,motorcycle,motorcycle,motorcycle,motorcycle,motorcycle
Motorcycle,motorcycle,6,motorcycle,motorcycle,motorcycle,motorcycle,motorcycle,motorcycle,motorcycle,motorcycle,motorcycle,motorcycle
Motorcycle,motorcycle,6,motorcycle,motorcycle,motorcycle,motorcycle,motorcycle,motorcycle,motorcycle,motorcycle,motorcycle,motorcycle
Motorcycle,motorcycle,6,motorcycle,motorcycle,motorcycle,motorcycle,motorcycle,motorcycle,motorcycle,motorcycle,motorcycle,motorcycle
Motorcycle,motorcycle,6,motorcycle,motorcycle,motorcycle,motorcycle,motorcycle,motorcycle,motorcycle,motorcycle,motorcycle,motorcycle
Motorcycle,motorcycle,6,motorcycle,motorcycle,motorcycle,motorcycle,motorcycle,motorcycle,motorcycle,motorcycle,motorcycle,motorcycle
Motorcycle,motorcycle,6,motorcycle,motorcycle,motorcycle,motorcycle,motorcycle,motorcycle,motorcycle,motorcycle,motorcycle,motorcycle
Motorcycle,motorcycle,6,motorcycle,motorcycle,motorcycle,motorcycle,motorcycle,motorcycle,motorcycle,motorcycle,motorcycle,motorcycle
Motorcycle,motorcycle,6,motorcycle,motorcycle,motorcycle,motorcycle,motorcycle,motorcycle,motorcycle,motorcycle,motorcycle,motorcycle
Motorcycle,motorcycle,6,motorcycle,motorcycle,motorcycle,motorcycle,motorcycle,motorcycle,motorcycle,motorcycle,motorcycle,motorcycle
Motorcycle,motorcycle,6,motorcycle,motorcycle,motorcycle,motorcycle,motorcycle,motorcycle,motorcycle,motorcycle,motorcycle,motorcycle
Motorcycle,motorcycle,6,motorcycle,motorcycle,motorcycle,motorcycle,motorcycle,motorcycle,motorcycle,motorcycle,motorcycle,motorcycle
Motorcycle,motorcycle,6,motorcycle,motorcycle,motorcycle,motorcycle,motorcycle,motorcycle,motorcycle,motorcycle,motorcycle,motorcycle
Motorcycle,motorcycle,6,motorcycle,motorcycle,motorcycle,motorcycle,motorcycle,motorcycle,motorcycle,motorcycle,motorcycle,motorcycle
Motorcycle,motorcycle,6,motorcycle,motorcycle,motorcycle,motorcycle,motorcycle,motorcycle,motorcycle,motorcycle,motorcycle,motorcycle
Motorcycle,motorcycle,6,motorcycle,motorcycle,motorcycle,motorcycle,motorcycle,motorcycle,motorcycle,motorcycle,motorcycle,motorcycle
Motorcycle,motorcycle,6,motorcycle,motorcycle,motorcycle,motorcycle,motorcycle,motorcycle,motorcycle,motorcycle,motorcycle,motorcycle
Motorcycle,motorcycle,6,motorcycle,motorcycle,motorcycle,motorcycle,motorcycle,motorcycle,motorcycle,motorcycle,motorcycle,motorcycle
Motorcycle,motorcycle,6,motorcycle,motorcycle,motorcycle,motorcycle,motorcycle,motorcycle,motorcycle,motorcycle,motorcycle,motorcycle
Motorcycle,car,6,motorcycle,car,motorcycle,car,motorcycle,car,motorcycle,car,motorcycle,car
Motorcycle,car,6,motorcycle,car,motorcycle,car,motorcycle,car,motorcycle,car,motorcycle,car
Motorcycle,car,6,motorcycle,car,motorcycle,car,motorcycle,car,motorcycle,car,motorcycle,car
Motorcycle,car,6,motorcycle,car,motorcycle,car,motorcycle,car,motorcycle,car,motorcycle,car
Motorcycle,car,6,motorcycle,car,motorcycle,car,motorcycle,car,motorcycle,car,motorcycle,car
Motorcycle,car,6,motorcycle,car,motorcycle,car,motorcycle,car,motorcycle,car,motorcycle,car
Motorcycle,car,6,motorcycle,car,motorcycle,car,motorcycle,car,motorcycle,car,motorcycle,car
Motorcycle,car,6,motorcycle,car,motorcycle,car,motorcycle,car,motorcycle,car,motorcycle,car
Motorcycle,car,6,motorcycle,car,motorcycle,car,motorcycle,car,motorcycle,car,motorcycle,car
Motorcycle,car,6,motorcycle,car,motorcycle,car,motorcycle,car,motorcycle,car,motorcycle,car
Motorcycle,car,6,motorcycle,car,motorcycle,car,motorcycle,car,motorcycle,car,motorcycle,car
Motorcycle,car,6,motorcycle,car,motorcycle,car,motorcycle,car,motorcycle,car,motorcycle,car
Motorcycle,car,6,motorcycle,car,motorcycle,car,motorcycle,car,motorcycle,car,motorcycle,car
Motorcycle,car,6,motorcycle,car,motorcycle,car,motorcycle,car,motorcycle,car,motorcycle,car
Motorcycle,car,6,motorcycle,car,motorcycle,car,motorcycle,car,motorcycle,car,motorcycle,car
Motorcycle,car,6,motorcycle,car,motorcycle,car,motorcycle,car,motorcycle,car,motorcycle,car
Motorcycle,car,6,motorcycle,car,motorcycle,car,motorcycle,car,motorcycle,car,motorcycle,car
Motorcycle,car,6,motorcycle,car,motorcycle,car,motorcycle,car,motorcycle,car,motorcycle,car
Motorcycle,car,6,motorcycle,car,motorcycle,car,motorcycle,car,motorcycle,car,motorcycle,car
Motorcycle,car,6,motorcycle,car,motorcycle,car,motorcycle,car,motorcycle,car,motorcycle,car
Motorcycle,car,6,motorcycle,car,motorcycle,car,motorcycle,car,motorcycle,car,motorcycle,car
Motorcycle,car,6,motorcycle,car,motorcycle,car,motorcycle,car,motorcycle,car,motorcycle,car
Motorcycle,car,6,motorcycle,car,motorcycle,car,motorcycle,car,motorcycle,car,motorcycle,car
Motorcycle,car,6,motorcycle,car,motorcycle,car,motorcycle,car,motorcycle,car,motorcycle,car
Motorcycle,car,6,motorcycle,car,motorcycle,car,motorcycle,car,motorcycle,car,motorcycle,car
Motorcycle,car,6,motorcycle,car,motorcycle,car,motorcycle,car,motorcycle,car,motorcycle,car
Motorcycle,car,6,motorcycle,car,motorcycle,car,motorcycle,car,motorcycle,car,motorcycle,car
Motorcycle,car,6,motorcycle,car,motorcycle,car,motorcycle,car,motorcycle,car,motorcycle,car
Motorcycle,car,6,motorcycle,car,motorcycle,car,motorcycle,car,motorcycle,car,motorcycle,car
Motorcycle,car,6,motorcycle,car,motorcycle,car,motorcycle,car,motorcycle,car,motorcycle,car
Motorcycle,car,6,motorcycle,car,motorcycle,car,motorcycle,car,motorcycle,car,motorcycle,car
Motorcycle,car,6,motorcycle,car,motorcycle,car,motorcycle,car,motorcycle,car,motorcycle,car
Motorcycle,car,6,motorcycle,car,motorcycle,car,motorcycle,car,motorcycle,car,motorcycle,car
Motorcycle,car,6,motorcycle,car,motorcycle,car,motorcycle,car,motorcycle,car,motorcycle,car
Motorcycle,car,6,motorcycle,car,motorcycle,car,motorcycle,car,motorcycle,car,motorcycle,car
Motorcycle,car,6,motorcycle,car,motorcycle,car,motorcycle,car,motorcycle,car,motorcycle,car
Motorcycle,car,6,motorcycle,car,motorcycle,car,motorcycle,car,motorcycle,car,motorcycle,car
Motorcycle,car,6,motorcycle,car,motorcycle,car,motorcycle,car,motorcycle,car,motorcycle,car
Motorcycle,car,6,motorcycle,car,motorcycle,car,motorcycle,car,motorcycle,car,motorcycle,car
Motorcycle,car,6,motorcycle,car,motorcycle,car,motorcycle,car,motorcycle,car,motorcycle,car
Motorcycle,car,6,motorcycle,car,motorcycle,car,motorcycle,car,motorcycle,car,motorcycle,car
Motorcycle,car,6,motorcycle,car,motorcycle,car,motorcycle,car,motorcycle,car,motorcycle,car
Motorcycle,car,6,motorcycle,car,motorcycle,car,motorcycle,car,motorcycle,car,motorcycle,car
Motorcycle,car,6,motorcycle,car,motorcycle,car,motorcycle,car,motorcycle,car,motorcycle,car
Motorcycle,car,6,motorcycle,car,motorcycle,car,motorcycle,car,motorcycle,car,motorcycle,car
Motorcycle,car,6,motorcycle,car,motorcycle,car,motorcycle,car,motorcycle,car,motorcycle,car
Motorcycle,car,6,motorcycle,car,motorcycle,car,motorcycle,car,motorcycle,car,motorcycle,car
Motorcycle,car,6,motorcycle,car,motorcycle,car,motorcycle,car,motorcycle,car,motorcycle,car
Motorcycle,car,6,motorcycle,car,motorcycle,car,motorcycle,car,motorcycle,car,motorcycle,car
Motorcycle,car,6,motorcycle,car,motorcycle,car,motorcycle,car,motorcycle,car,motorcycle,car
Motorcycle,car,6,motorcycle,car,motorcycle,car,motorcycle,car,motorcycle,car,motorcycle,car
Motorcycle,car,6,motorcycle,car,motorcycle,car,motorcycle,car,motorcycle,car,motorcycle,car
Motorcycle,car,6,motorcycle,car,motorcycle,car,motorcycle,car,motorcycle,car,motorcycle,car
Motorcycle,car,6,motorcycle,car,motorcycle,car,motorcycle,car,motorcycle,car,motorcycle,car
Motorcycle,car,6,motorcycle,car,motorcycle,car,motorcycle,car,motorcycle,car,motorcycle,car
Motorcycle,car,6,motorcycle,car,motorcycle,car,motorcycle,car,motorcycle,car,motorcycle,car
Motorcycle,car,6,motorcycle,car,motorcycle,car,motorcycle,car,motorcycle,car,motorcycle,car
Motorcycle,car,6,motorcycle,car,motorcycle,car,motorcycle,car,motorcycle,car,motorcycle,car
Motorcycle,car,6,motorcycle,car,motorcycle,car,motorcycle,car,motorcycle,car,motorcycle,car
Motorcycle,car,6,motorcycle,car,motorcycle,car,motorcycle,car,motorcycle,car,motorcycle,car
Motorcycle,car,6,motorcycle,car,motorcycle,car,motorcycle,car,motorcycle,car,motorcycle,car
Motorcycle,car,6,motorcycle,car,motorcycle,car,motorcycle,car,motorcycle,car,motorcycle,car
Motorcycle,car,6,motorcycle,car,motorcycle,car,motorcycle,car,motorcycle,car,motorcycle,car
Motorcycle,car,6,motorcycle,car,motorcycle,car,motorcycle,car,motorcycle,car,motorcycle,car
Motorcycle,car,6,motorcycle,car,motorcycle,car,motorcycle,car,motorcycle,car,motorcycle,car
Motorcycle,car,6,motorcycle,car,motorcycle,car,motorcycle,car,motorcycle,car,motorcycle,car
Motorcycle,car,6,motorcycle,car,motorcycle,car,motorcycle,car,motorcycle,car,motorcycle,car
Motorcycle,car,6,motorcycle,car,motorcycle,car,motorcycle,car,motorcycle,car,motorcycle,car
Motorcycle,car,6,motorcycle,car,motorcycle,car,motorcycle,car,motorcycle,car,motorcycle,car
Motorcycle,car,6,motorcycle,car,motorcycle,car,motorcycle,car,motorcycle,car,motorcycle,car
Motorcycle,car,6,motorcycle,car,motorcycle,car,motorcycle,car,motorcycle,car,motorcycle,car
Motorcycle,car,6,motorcycle,car,motorcycle,car,motorcycle,car,motorcycle,car,motorcycle,car
Motorcycle,car,6,motorcycle,car,motorcycle,car,motorcycle,car,motorcycle,car,motorcycle,car
Motorcycle,car,6,motorcycle,car,motorcycle,car,motorcycle,car,motorcycle,car,motorcycle,car
Motorcycle,car,6,motorcycle,car,motorcycle,car,motorcycle,car,motorcycle,car,motorcycle,car
Motorcycle,car,6,motorcycle,car,motorcycle,car,motorcycle,car,motorcycle,car,motorcycle,car
Motorcycle,car,6,motorcycle,car,motorcycle,car,motorcycle,car,motorcycle,car,motorcycle,car
Motorcycle,car,6,motorcycle,car,motorcycle,car,motorcycle,car,motorcycle,car,motorcycle,car
Motorcycle,car,6,motorcycle,car,motorcycle,car,motorcycle,car,motorcycle,car,motorcycle,car
Motorcycle,car,6,motorcycle,car,motorcycle,car,motorcycle,car,motorcycle,car,motorcycle,car
Motorcycle,car,6,motorcycle,car,motorcycle,car,motorcycle,car,motorcycle,car,motorcycle,car
Motorcycle,car,6,motorcycle,car,motorcycle,car,motorcycle,car,motorcycle,car,motorcycle,car
Motorcycle,car,6,motorcycle,car,motorcycle,car,motorcycle,car,motorcycle,car,motorcycle,car
Motorcycle,car,6,motorcycle,car,motorcycle,car,motorcycle,car,motorcycle,car,motorcycle,car
Motorcycle,car,6,motorcycle,car,motorcycle,car,motorcycle,car,motorcycle,car,motorcycle,car
Motorcycle,car,6,motorcycle,car,motorcycle,car,motorcycle,car,motorcycle,car,motorcycle,car
Motorcycle,car,6,motorcycle,car,motorcycle,car,motorcycle,car,motorcycle,car,motorcycle,car
Motorcycle,car,6,motorcycle,car,motorcycle,car,motorcycle,car,motorcycle,car,motorcycle,car
Motorcycle,car,6,motorcycle,car,motorcycle,car,motorcycle,car,motorcycle,car,motorcycle,car
Motorcycle,car,6,motorcycle,car,motorcycle,car,motorcycle,car,motorcycle,car,motorcycle,car
Motorcycle,car,6,motorcycle,car,motorcycle,car,motorcycle,car,motorcycle,car,motorcycle,car
Motorcycle,car,6,motorcycle,car,motorcycle,car,motorcycle,car,motorcycle,car,motorcycle,car
Motorcycle,car,6,motorcycle,car,motorcycle,car,motorcycle,car,motorcycle,car,motorcycle,car
Motorcycle,car,6,motorcycle,car,motorcycle,car,motorcycle,car,motorcycle,car,motorcycle,car
Motorcycle,car,6,motorcycle,car,motorcycle,car,motorcycle,car,motorcycle,car,motorcycle,car
Motorcycle,car,6,motorcycle,car,motorcycle,car,motorcycle,car,motorcycle,car,motorcycle,car
Motorcycle,car,6,motorcycle,car,motorcycle,car,motorcycle,car,motorcycle,car,motorcycle,car
Motorcycle,car,6,motorcycle,car,motorcycle,car,motorcycle,car,motorcycle,car,motorcycle,car
Motorcycle,car,6,motorcycle,car,motorcycle,car,motorcycle,car,motorcycle,car,motorcycle,car
Motorcycle,car,6,motorcycle,car,motorcycle,car,motorcycle,car,motorcycle,car,motorcycle,car
Motorcycle,car,6,motorcycle,car,motorcycle,car,motorcycle,car,motorcycle,car,motorcycle,car
Motorcycle,car,6,motorcycle,car,motorcycle,car,motorcycle,car,motorcycle,car,motorcycle,car
Motorcycle,car,6,motorcycle,car,motorcycle,car,motorcycle,car,motorcycle,car,motorcycle,car
Motorcycle,car,6,motorcycle,car,motorcycle,car,motorcycle,car,motorcycle,car,motorcycle,car
Motorcycle,car,6,motorcycle,car,motorcycle,car,motorcycle,car,motorcycle,car,motorcycle,car
Motorcycle,car,6,motorcycle,car,motorcycle,car,motorcycle,car,motorcycle,car,motorcycle,car
Motorcycle,car,6,motorcycle,car,motorcycle,car,motorcycle,car,motorcycle,car,motorcycle,car
Motorcycle,car,6,motorcycle,car,motorcycle,car,motorcycle,car,motorcycle,car,motorcycle,car
Motorcycle,car,6,motorcycle,car,motorcycle,car,motorcycle,car,motorcycle,car,motorcycle,car
Motorcycle,car,6,motorcycle,car,motorcycle,car,motorcycle,car,motorcycle,car,motorcycle,car
Motorcycle,car,6,motorcycle,car,motorcycle,car,motorcycle,car,motorcycle,car,motorcycle,car
Motorcycle,car,6,motorcycle,car,motorcycle,car,motorcycle,car,motorcycle,car,motorcycle,car
Motorcycle,car,6,motorcycle,car,motorcycle,car,motorcycle,car,motorcycle,car,motorcycle,car
Motorcycle,car,6,motorcycle,car,motorcycle,car,motorcycle,car,motorcycle,car,motorcycle,car
Motorcycle,car,6,motorcycle,car,motorcycle,car,motorcycle,car,motorcycle,car,motorcycle,car
Motorcycle,car,6,motorcycle,car,motorcycle,car,motorcycle,car,motorcycle,car,motorcycle,car
Motorcycle,car,6,motorcycle,car,motorcycle,car,motorcycle,car,motorcycle,car,motorcycle,car
Motorcycle,car,6,motorcycle,car,motorcycle,car,motorcycle,car,motorcycle,car,motorcycle,car
Motorcycle,car,6,motorcycle,car,motorcycle,car,motorcycle,car,motorcycle,car,motorcycle,car
Motorcycle,car,6,motorcycle,car,motorcycle,car,motorcycle,car,motorcycle,car,motorcycle,car
Motorcycle,car,6,motorcycle,car,motorcycle,car,motorcycle,car,motorcycle,car,motorcycle,car
Motorcycle,car,6,motorcycle,car,motorcycle,car,motorcycle,car,motorcycle,car,motorcycle,car
Motorcycle,car,6,motorcycle,car,motorcycle,car,motorcycle,car,motorcycle,car,motorcycle,car
Motorcycle,car,6,motorcycle,car,motorcycle,car,motorcycle,car,motorcycle,car,motorcycle,car
Motorcycle,car,6,motorcycle,car,motorcycle,car,motorcycle,car,motorcycle,car,motorcycle,car
Motorcycle,car,6,motorcycle,car,motorcycle,car,motorcycle,car,motorcycle,car,motorcycle,car
Motorcycle,car,6,motorcycle,car,motorcycle,car,motorcycle,car,motorcycle,car,motorcycle,car
Motorcycle,car,6,motorcycle,car,motorcycle,car,motorcycle,car,motorcycle,car,motorcycle,car
Motorcycle,car,6,motorcycle,car,motorcycle,car,motorcycle,car,motorcycle,car,motorcycle,car
Motorcycle,car,6,motorcycle,car,motorcycle,car,motorcycle,car,motorcycle,car,motorcycle,car
Motorcycle,car,6,motorcycle,car,motorcycle,car,motorcycle,car,motorcycle,car,motorcycle,car
Motorcycle,car,6,motorcycle,car,motorcycle,car,motorcycle,car,motorcycle,car,motorcycle,car
Motorcycle,car,6,motorcycle,car,motorcycle,car,motorcycle,car,motorcycle,car,motorcycle,car
Motorcycle,car,6,motorcycle,car,motorcycle,car,motorcycle,car,motorcycle,car,motorcycle,car
Motorcycle,car,6,motorcycle,car,motorcycle,car,motorcycle,car,motorcycle,car,motorcycle,car
Motorcycle,car,6,motorcycle,car,motorcycle,car,motorcycle,car,motorcycle,car,motorcycle,car
Motorcycle,car,6,motorcycle,car,motorcycle,car,motorcycle,car,motorcycle,car,motorcycle,car
Motorcycle,car,6,motorcycle,car,motorcycle,car,motorcycle,car,motorcycle,car,motorcycle,car
Motorcycle,car,6,motorcycle,car,motorcycle,car,motorcycle,car,motorcycle,car,motorcycle,car
Motorcycle,car,6,motorcycle,car,motorcycle,car,motorcycle,car,motorcycle,car,motorcycle,car
Motorcycle,car,6,motorcycle,car,motorcycle,car,motorcycle,car,motorcycle,car,motorcycle,car
Motorcycle,car,6,motorcycle,car,motorcycle,car,motorcycle,car,motorcycle,car,motorcycle,car
Motorcycle,car,6,motorcycle,car,motorcycle,car,motorcycle,car,motorcycle,car,motorcycle,car
Motorcycle,car,6,motorcycle,car,motorcycle,car,motorcycle,car,motorcycle,car,motorcycle,car
Motorcycle,car,6,motorcycle,car,motorcycle,car,motorcycle,car,motorcycle,car,motorcycle,car
Motorcycle,car,6,motorcycle,car,motorcycle,car,motorcycle,car,motorcycle,car,motorcycle,car
Motorcycle,car,6,motorcycle,car,motorcycle,car,motorcycle,car,motorcycle,car,motorcycle,car
Motorcycle,car,6,motorcycle,car,motorcycle,car,motorcycle,car,motorcycle,car,motorcycle,car
Motorcycle,car,6,motorcycle,car,motorcycle,car,motorcycle,car,motorcycle,car,motorcycle,car
Motorcycle,car,6,motorcycle,car,motorcycle,car,motorcycle,car,motorcycle,car,motorcycle,car
Motorcycle,car,6,motorcycle,car,motorcycle,car,motorcycle,car,motorcycle,car,motorcycle,car
Motorcycle,car,6,motorcycle,car,motorcycle,car,motorcycle,car,motorcycle,car,motorcycle,car
Motorcycle,car,6,motorcycle,car,motorcycle,car,motorcycle,car,motorcycle,car,motorcycle,car
Motorcycle,car,6,motorcycle,car,motorcycle,car,motorcycle,car,motorcycle,car,motorcycle,car
Motorcycle,car,6,motorcycle,car,motorcycle,car,motorcycle,car,motorcycle,car,motorcycle,car
Motorcycle,car,6,motorcycle,car,motorcycle,car,motorcycle,car,motorcycle,car,motorcycle,car
Motorcycle,car,6,motorcycle,car,motorcycle,car,motorcycle,car,motorcycle,car,motorcycle,car
Motorcycle,car,6,motorcycle,car,motorcycle,car,motorcycle,car,motorcycle,car,motorcycle,car
Motorcycle,car,6,motorcycle,car,motorcycle,car,motorcycle,car,motorcycle,car,motorcycle,car
Motorcycle,car,6,motorcycle,car,motorcycle,car,motorcycle,car,motorcycle,car,motorcycle,car
Motorcycle,car,6,motorcycle,car,motorcycle,car,motorcycle,car,motorcycle,car,motorcycle,car
Motorcycle,car,6,motorcycle,car,motorcycle,car,motorcycle,car,motorcycle,car,motorcycle,car
Motorcycle,car,6,motorcycle,car,motorcycle,car,motorcycle,car,motorcycle,car,motorcycle,car
Motorcycle,car,6,motorcycle,car,motorcycle,car,motorcycle,car,motorcycle,car,motorcycle,car
Motorcycle,car,6,motorcycle,car,motorcycle,car,motorcycle,car,motorcycle,car,motorcycle,car
Motorcycle,car,6,motorcycle,car,motorcycle,car,motorcycle,car,motorcycle,car,motorcycle,car
Motorcycle,car,6,motorcycle,car,motorcycle,car,motorcycle,car,motorcycle,car,motorcycle,car
Motorcycle,car,6,motorcycle,car,motorcycle,car,motorcycle,car,motorcycle,car,motorcycle,car
Motorcycle,car,6,motorcycle,car,motorcycle,car,motorcycle,car,motorcycle,car,motorcycle,car
Motorcycle,car,6,motorcycle,car,motorcycle,car,motorcycle,car,motorcycle,car,motorcycle,car
Motorcycle,car,6,motorcycle,car,motorcycle,car,motorcycle,car,motorcycle,car,motorcycle,car
Motorcycle,car,6,motorcycle,car,motorcycle,car,motorcycle,car,motorcycle,car,motorcycle,car
Motorcycle,car,6,motorcycle,car,motorcycle,car,motorcycle,car,motorcycle,car,motorcycle,car
Motorcycle,car,6,motorcycle,car,motorcycle,car,motorcycle,car,motorcycle,car,motorcycle,car
Motorcycle,car,6,motorcycle,car,motorcycle,car,motorcycle,car,motorcycle,car,motorcycle,car
Motorcycle,car,6,motorcycle,car,motorcycle,car,motorcycle,car,motorcycle,car,motorcycle,car
Motorcycle,car,6,motorcycle,car,motorcycle,car,motorcycle,car,motorcycle,car,motorcycle,car
Motorcycle,car,6,motorcycle,car,motorcycle,car,motorcycle,car,motorcycle,car,motorcycle,car
Motorcycle,car,6,motorcycle,car,motorcycle,car,motorcycle,car,motorcycle,car,motorcycle,car
Motorcycle,car,6,motorcycle,car,motorcycle,car,motorcycle,car,motorcycle,car,motorcycle,car
Motorcycle,car,6,motorcycle,car,motorcycle,car,motorcycle,car,motorcycle,car,motorcycle,car
Motorcycle,car,6,motorcycle,car,motorcycle,car,motorcycle,car,motorcycle,car,motorcycle,car
Motorcycle,car,6,motorcycle,car,motorcycle,car,motorcycle,car,motorcycle,car,motorcycle,car
Motorcycle,car,6,motorcycle,car,motorcycle,car,motorcycle,car,motorcycle,car,motorcycle,car
Motorcycle,car,6,motorcycle,car,motorcycle,car,motorcycle,car,motorcycle,car,motorcycle,car
Motorcycle,car,6,motorcycle,car,motorcycle,car,motorcycle,car,motorcycle,car,motorcycle,car
Motorcycle,car,6,motorcycle,car,motorcycle,car,motorcycle,car,motorcycle,car,motorcycle,car
Motorcycle,car,6,motorcycle,car,motorcycle,car,motorcycle,car,motorcycle,car,motorcycle,car
Motorcycle,car,6,motorcycle,car,motorcycle,car,motorcycle,car,motorcycle,car,motorcycle,car
Motorcycle,car,6,motorcycle,car,motorcycle,car,motorcycle,car,motorcycle,car,motorcycle,car
Motorcycle,car,6,motorcycle,car,motorcycle,car,motorcycle,car,motorcycle,car,motorcycle,car
Motorcycle,car,6,motorcycle,car,motorcycle,car,motorcycle,car,motorcycle,car,motorcycle,car
Motorcycle,car,6,motorcycle,car,motorcycle,car,motorcycle,car,motorcycle,car,motorcycle,car
Motorcycle,car,6,motorcycle,car,motorcycle,car,motorcycle,car,motorcycle,car,motorcycle,car
Motorcycle,car,6,motorcycle,car,motorcycle,car,motorcycle,car,motorcycle,car,motorcycle,car
Motorcycle,car,6,motorcycle,car,motorcycle,car,motorcycle,car,motorcycle,car,motorcycle,car
Motorcycle,car,6,motorcycle,car,motorcycle,car,motorcycle,car,motorcycle,car,motorcycle,car
Motorcycle,car,6,motorcycle,car,motorcycle,car,motorcycle,car,motorcycle,car,motorcycle,car
Motorcycle,car,6,motorcycle,car,motorcycle,car,motorcycle,car,motorcycle,car,motorcycle,car
Motorcycle,car,6,motorcycle,car,motorcycle,car,motorcycle,car,motorcycle,car,motorcycle,car
Motorcycle,car,6,motorcycle,car,motorcycle,car,motorcycle,car,motorcycle,car,motorcycle,car
Motorcycle,Bus,6,motorcycle,bus,motorcycle,bus,motorcycle,bus,motorcycle,bus,motorcycle,bus
Motorcycle,Bus,6,motorcycle,bus,motorcycle,bus,motorcycle,bus,motorcycle,bus,motorcycle,bus
Motorcycle,Bus,6,motorcycle,bus,motorcycle,bus,motorcycle,bus,motorcycle,bus,motorcycle,bus
Motorcycle,Bus,6,motorcycle,bus,motorcycle,bus,motorcycle,bus,motorcycle,bus,motorcycle,bus
Motorcycle,Bus,6,motorcycle,bus,motorcycle,bus,motorcycle,bus,motorcycle,bus,motorcycle,bus
Motorcycle,Bus,6,motorcycle,bus,motorcycle,bus,motorcycle,bus,motorcycle,bus,motorcycle,bus
Motorcycle,Bus,6,motorcycle,bus,motorcycle,bus,motorcycle,bus,motorcycle,bus,motorcycle,bus
Motorcycle,Bus,6,motorcycle,bus,motorcycle,bus,motorcycle,bus,motorcycle,bus,motorcycle,bus
Motorcycle,Bus,6,motorcycle,bus,motorcycle,bus,motorcycle,bus,motorcycle,bus,motorcycle,bus
Motorcycle,Bus,6,motorcycle,bus,motorcycle,bus,motorcycle,bus,motorcycle,bus,motorcycle,bus
Motorcycle,Bus,6,motorcycle,bus,motorcycle,bus,motorcycle,bus,motorcycle,bus,motorcycle,bus
Motorcycle,Bus,6,motorcycle,bus,motorcycle,bus,motorcycle,bus,motorcycle,bus,motorcycle,bus
Motorcycle,Bus,6,motorcycle,bus,motorcycle,bus,motorcycle,bus,motorcycle,bus,motorcycle,bus
Motorcycle,Bus,6,motorcycle,bus,motorcycle,bus,motorcycle,bus,motorcycle,bus,motorcycle,bus
Motorcycle,Bus,6,motorcycle,bus,motorcycle,bus,motorcycle,bus,motorcycle,bus,motorcycle,bus
Motorcycle,Bus,6,motorcycle,bus,motorcycle,bus,motorcycle,bus,motorcycle,bus,motorcycle,bus
Motorcycle,Bus,6,motorcycle,bus,motorcycle,bus,motorcycle,bus,motorcycle,bus,motorcycle,bus
Motorcycle,Bus,6,motorcycle,bus,motorcycle,bus,motorcycle,bus,motorcycle,bus,motorcycle,bus
Motorcycle,Bus,6,motorcycle,bus,motorcycle,bus,motorcycle,bus,motorcycle,bus,motorcycle,bus
Motorcycle,Bus,6,motorcycle,bus,motorcycle,bus,motorcycle,bus,motorcycle,bus,motorcycle,bus
Motorcycle,Bus,6,motorcycle,bus,motorcycle,bus,motorcycle,bus,motorcycle,bus,motorcycle,bus
Motorcycle,Bus,6,motorcycle,bus,motorcycle,bus,motorcycle,bus,motorcycle,bus,motorcycle,bus
Motorcycle,Bus,6,motorcycle,bus,motorcycle,bus,motorcycle,bus,motorcycle,bus,motorcycle,bus
Motorcycle,Bus,6,motorcycle,bus,motorcycle,bus,motorcycle,bus,motorcycle,bus,motorcycle,bus
Motorcycle,Bus,6,motorcycle,bus,motorcycle,bus,motorcycle,bus,motorcycle,bus,motorcycle,bus
Motorcycle,Bus,6,motorcycle,bus,motorcycle,bus,motorcycle,bus,motorcycle,bus,motorcycle,bus
Motorcycle,Bus,6,motorcycle,bus,motorcycle,bus,motorcycle,bus,motorcycle,bus,motorcycle,bus
Motorcycle,Bus,6,motorcycle,bus,motorcycle,bus,motorcycle,bus,motorcycle,bus,motorcycle,bus
Motorcycle,Bus,6,motorcycle,bus,motorcycle,bus,motorcycle,bus,motorcycle,bus,motorcycle,bus
Motorcycle,Bus,6,motorcycle,bus,motorcycle,bus,motorcycle,bus,motorcycle,bus,motorcycle,bus
Motorcycle,Bus,6,motorcycle,bus,motorcycle,bus,motorcycle,bus,motorcycle,bus,motorcycle,bus
Motorcycle,Bus,6,motorcycle,bus,motorcycle,bus,motorcycle,bus,motorcycle,bus,motorcycle,bus
Motorcycle,Bus,6,motorcycle,bus,motorcycle,bus,motorcycle,bus,motorcycle,bus,motorcycle,bus
Motorcycle,Bus,6,motorcycle,bus,motorcycle,bus,motorcycle,bus,motorcycle,bus,motorcycle,bus
Motorcycle,Bus,6,motorcycle,bus,motorcycle,bus,motorcycle,bus,motorcycle,bus,motorcycle,bus
Motorcycle,Bus,6,motorcycle,bus,motorcycle,bus,motorcycle,bus,motorcycle,bus,motorcycle,bus
Motorcycle,Bus,6,motorcycle,bus,motorcycle,bus,motorcycle,bus,motorcycle,bus,motorcycle,bus
Motorcycle,Bus,6,motorcycle,bus,motorcycle,bus,motorcycle,bus,motorcycle,bus,motorcycle,bus
Motorcycle,Bus,6,motorcycle,bus,motorcycle,bus,motorcycle,bus,motorcycle,bus,motorcycle,bus
Motorcycle,Bus,6,motorcycle,bus,motorcycle,bus,motorcycle,bus,motorcycle,bus,motorcycle,bus
Motorcycle,Bus,6,motorcycle,bus,motorcycle,bus,motorcycle,bus,motorcycle,bus,motorcycle,bus
Motorcycle,Bus,6,motorcycle,bus,motorcycle,bus,motorcycle,bus,motorcycle,bus,motorcycle,bus
Motorcycle,Bus,6,motorcycle,bus,motorcycle,bus,motorcycle,bus,motorcycle,bus,motorcycle,bus
Motorcycle,Bus,6,motorcycle,bus,motorcycle,bus,motorcycle,bus,motorcycle,bus,motorcycle,bus
Motorcycle,Bus,6,motorcycle,bus,motorcycle,bus,motorcycle,bus,motorcycle,bus,motorcycle,bus
Motorcycle,Bus,6,motorcycle,bus,motorcycle,bus,motorcycle,bus,motorcycle,bus,motorcycle,bus
Motorcycle,Bus,6,motorcycle,bus,motorcycle,bus,motorcycle,bus,motorcycle,bus,motorcycle,bus
Motorcycle,Bus,6,motorcycle,bus,motorcycle,bus,motorcycle,bus,motorcycle,bus,motorcycle,bus
Motorcycle,Bus,6,motorcycle,bus,motorcycle,bus,motorcycle,bus,motorcycle,bus,motorcycle,bus
Motorcycle,Bus,6,motorcycle,bus,motorcycle,bus,motorcycle,bus,motorcycle,bus,motorcycle,bus
Motorcycle,Bus,6,motorcycle,bus,motorcycle,bus,motorcycle,bus,motorcycle,bus,motorcycle,bus
Motorcycle,Bus,6,motorcycle,bus,motorcycle,bus,motorcycle,bus,motorcycle,bus,motorcycle,bus
Motorcycle,Bus,6,motorcycle,bus,motorcycle,bus,motorcycle,bus,motorcycle,bus,motorcycle,bus
Motorcycle,Bus,6,motorcycle,bus,motorcycle,bus,motorcycle,bus,motorcycle,bus,motorcycle,bus
Motorcycle,Bus,6,motorcycle,bus,motorcycle,bus,motorcycle,bus,motorcycle,bus,motorcycle,bus
Motorcycle,Bus,6,motorcycle,bus,motorcycle,bus,motorcycle,bus,motorcycle,bus,motorcycle,bus
Motorcycle,Bus,6,motorcycle,bus,motorcycle,bus,motorcycle,bus,motorcycle,bus,motorcycle,bus
Motorcycle,Bus,6,motorcycle,bus,motorcycle,bus,motorcycle,bus,motorcycle,bus,motorcycle,bus
Motorcycle,Bus,6,motorcycle,bus,motorcycle,bus,motorcycle,bus,motorcycle,bus,motorcycle,bus
Motorcycle,Bus,6,motorcycle,bus,motorcycle,bus,motorcycle,bus,motorcycle,bus,motorcycle,bus
Motorcycle,Bus,6,motorcycle,bus,motorcycle,bus,motorcycle,bus,motorcycle,bus,motorcycle,bus
Motorcycle,Bus,6,motorcycle,bus,motorcycle,bus,motorcycle,bus,motorcycle,bus,motorcycle,bus
Motorcycle,Bus,6,motorcycle,bus,motorcycle,bus,motorcycle,bus,motorcycle,bus,motorcycle,bus
Motorcycle,Bus,6,motorcycle,bus,motorcycle,bus,motorcycle,bus,motorcycle,bus,motorcycle,bus
Motorcycle,Bus,6,motorcycle,bus,motorcycle,bus,motorcycle,bus,motorcycle,bus,motorcycle,bus
Motorcycle,Bus,6,motorcycle,bus,motorcycle,bus,motorcycle,bus,motorcycle,bus,motorcycle,bus
Motorcycle,Bus,6,motorcycle,bus,motorcycle,bus,motorcycle,bus,motorcycle,bus,motorcycle,bus
Motorcycle,Bus,6,motorcycle,bus,motorcycle,bus,motorcycle,bus,motorcycle,bus,motorcycle,bus
Motorcycle,Bus,6,motorcycle,bus,motorcycle,bus,motorcycle,bus,motorcycle,bus,motorcycle,bus
Motorcycle,Bus,6,motorcycle,bus,motorcycle,bus,motorcycle,bus,motorcycle,bus,motorcycle,bus
Motorcycle,Bus,6,motorcycle,bus,motorcycle,bus,motorcycle,bus,motorcycle,bus,motorcycle,bus
Motorcycle,Bus,6,motorcycle,bus,motorcycle,bus,motorcycle,bus,motorcycle,bus,motorcycle,bus
Motorcycle,Bus,6,motorcycle,bus,motorcycle,bus,motorcycle,bus,motorcycle,bus,motorcycle,bus
Motorcycle,Bus,6,motorcycle,bus,motorcycle,bus,motorcycle,bus,motorcycle,bus,motorcycle,bus
Motorcycle,Bus,6,motorcycle,bus,motorcycle,bus,motorcycle,bus,motorcycle,bus,motorcycle,bus
Motorcycle,Bus,6,motorcycle,bus,motorcycle,bus,motorcycle,bus,motorcycle,bus,motorcycle,bus
Motorcycle,Bus,6,motorcycle,bus,motorcycle,bus,motorcycle,bus,motorcycle,bus,motorcycle,bus
Motorcycle,Bus,6,motorcycle,bus,motorcycle,bus,motorcycle,bus,motorcycle,bus,motorcycle,bus
Motorcycle,Bus,6,motorcycle,bus,motorcycle,bus,motorcycle,bus,motorcycle,bus,motorcycle,bus
Motorcycle,Bus,6,motorcycle,bus,motorcycle,bus,motorcycle,bus,motorcycle,bus,motorcycle,bus
Motorcycle,Bus,6,motorcycle,bus,motorcycle,bus,motorcycle,bus,motorcycle,bus,motorcycle,bus
Motorcycle,Bus,6,motorcycle,bus,motorcycle,bus,motorcycle,bus,motorcycle,bus,motorcycle,bus
Motorcycle,Bus,6,motorcycle,bus,motorcycle,bus,motorcycle,bus,motorcycle,bus,motorcycle,bus
Motorcycle,Bus,6,motorcycle,bus,motorcycle,bus,motorcycle,bus,motorcycle,bus,motorcycle,bus
Motorcycle,Bus,6,motorcycle,bus,motorcycle,bus,motorcycle,bus,motorcycle,bus,motorcycle,bus
Motorcycle,Bus,6,motorcycle,bus,motorcycle,bus,motorcycle,bus,motorcycle,bus,motorcycle,bus
Motorcycle,Bus,6,motorcycle,bus,motorcycle,bus,motorcycle,bus,motorcycle,bus,motorcycle,bus
Motorcycle,Bus,6,motorcycle,bus,motorcycle,bus,motorcycle,bus,motorcycle,bus,motorcycle,bus
Motorcycle,Bus,6,motorcycle,bus,motorcycle,bus,motorcycle,bus,motorcycle,bus,motorcycle,bus
Motorcycle,Bus,6,motorcycle,bus,motorcycle,bus,motorcycle,bus,motorcycle,bus,motorcycle,bus
Motorcycle,Bus,6,motorcycle,bus,motorcycle,bus,motorcycle,bus,motorcycle,bus,motorcycle,bus
Motorcycle,Bus,6,motorcycle,bus,motorcycle,bus,motorcycle,bus,motorcycle,bus,motorcycle,bus
Motorcycle,Bus,6,motorcycle,bus,motorcycle,bus,motorcycle,bus,motorcycle,bus,motorcycle,bus
Motorcycle,Bus,6,motorcycle,bus,motorcycle,bus,motorcycle,bus,motorcycle,bus,motorcycle,bus
Motorcycle,Bus,6,motorcycle,bus,motorcycle,bus,motorcycle,bus,motorcycle,bus,motorcycle,bus
Motorcycle,Bus,6,motorcycle,bus,motorcycle,bus,motorcycle,bus,motorcycle,bus,motorcycle,bus
Motorcycle,Bus,6,motorcycle,bus,motorcycle,bus,motorcycle,bus,motorcycle,bus,motorcycle,bus
Motorcycle,Bus,6,motorcycle,bus,motorcycle,bus,motorcycle,bus,motorcycle,bus,motorcycle,bus
Motorcycle,Bus,6,motorcycle,bus,motorcycle,bus,motorcycle,bus,motorcycle,bus,motorcycle,bus
Motorcycle,Bus,6,motorcycle,bus,motorcycle,bus,motorcycle,bus,motorcycle,bus,motorcycle,bus
Motorcycle,Bus,6,motorcycle,bus,motorcycle,bus,motorcycle,bus,motorcycle,bus,motorcycle,bus
Motorcycle,Bus,6,motorcycle,bus,motorcycle,bus,motorcycle,bus,motorcycle,bus,motorcycle,bus
Motorcycle,Bus,6,motorcycle,bus,motorcycle,bus,motorcycle,bus,motorcycle,bus,motorcycle,bus
Motorcycle,Bus,6,motorcycle,bus,motorcycle,bus,motorcycle,bus,motorcycle,bus,motorcycle,bus
Motorcycle,Bus,6,motorcycle,bus,motorcycle,bus,motorcycle,bus,motorcycle,bus,motorcycle,bus
Motorcycle,Bus,6,motorcycle,bus,motorcycle,bus,motorcycle,bus,motorcycle,bus,motorcycle,bus
Motorcycle,Bus,6,motorcycle,bus,motorcycle,bus,motorcycle,bus,motorcycle,bus,motorcycle,bus
Motorcycle,Bus,6,motorcycle,bus,motorcycle,bus,motorcycle,bus,motorcycle,bus,motorcycle,bus
Motorcycle,Bus,6,motorcycle,bus,motorcycle,bus,motorcycle,bus,motorcycle,bus,motorcycle,bus
Motorcycle,Bus,6,motorcycle,bus,motorcycle,bus,motorcycle,bus,motorcycle,bus,motorcycle,bus
Motorcycle,Bus,6,motorcycle,bus,motorcycle,bus,motorcycle,bus,motorcycle,bus,motorcycle,bus
Motorcycle,Bus,6,motorcycle,bus,motorcycle,bus,motorcycle,bus,motorcycle,bus,motorcycle,bus
Motorcycle,Bus,6,motorcycle,bus,motorcycle,bus,motorcycle,bus,motorcycle,bus,motorcycle,bus
Motorcycle,Bus,6,motorcycle,bus,motorcycle,bus,motorcycle,bus,motorcycle,bus,motorcycle,bus
Motorcycle,Bus,6,motorcycle,bus,motorcycle,bus,motorcycle,bus,motorcycle,bus,motorcycle,bus
Motorcycle,Bus,6,motorcycle,bus,motorcycle,bus,motorcycle,bus,motorcycle,bus,motorcycle,bus
Motorcycle,Bus,6,motorcycle,bus,motorcycle,bus,motorcycle,bus,motorcycle,bus,motorcycle,bus
Motorcycle,Bus,6,motorcycle,bus,motorcycle,bus,motorcycle,bus,motorcycle,bus,motorcycle,bus
Motorcycle,Bus,6,motorcycle,bus,motorcycle,bus,motorcycle,bus,motorcycle,bus,motorcycle,bus
Motorcycle,Bus,6,motorcycle,bus,motorcycle,bus,motorcycle,bus,motorcycle,bus,motorcycle,bus
Motorcycle,Bus,6,motorcycle,bus,motorcycle,bus,motorcycle,bus,motorcycle,bus,motorcycle,bus
Motorcycle,Bus,6,motorcycle,bus,motorcycle,bus,motorcycle,bus,motorcycle,bus,motorcycle,bus
Motorcycle,Bus,6,motorcycle,bus,motorcycle,bus,motorcycle,bus,motorcycle,bus,motorcycle,bus
Motorcycle,Bus,6,motorcycle,bus,motorcycle,bus,motorcycle,bus,motorcycle,bus,motorcycle,bus
Motorcycle,Bus,6,motorcycle,bus,motorcycle,bus,motorcycle,bus,motorcycle,bus,motorcycle,bus
Motorcycle,Bus,6,motorcycle,bus,motorcycle,bus,motorcycle,bus,motorcycle,bus,motorcycle,bus
Motorcycle,Bus,6,motorcycle,bus,motorcycle,bus,motorcycle,bus,motorcycle,bus,motorcycle,bus
Motorcycle,Bus,6,motorcycle,bus,motorcycle,bus,motorcycle,bus,motorcycle,bus,motorcycle,bus
Motorcycle,Bus,6,motorcycle,bus,motorcycle,bus,motorcycle,bus,motorcycle,bus,motorcycle,bus
Motorcycle,Bus,6,motorcycle,bus,motorcycle,bus,motorcycle,bus,motorcycle,bus,motorcycle,bus
Motorcycle,Bus,6,motorcycle,bus,motorcycle,bus,motorcycle,bus,motorcycle,bus,motorcycle,bus
Motorcycle,Bus,6,motorcycle,bus,motorcycle,bus,motorcycle,bus,motorcycle,bus,motorcycle,bus
Motorcycle,Bus,6,motorcycle,bus,motorcycle,bus,motorcycle,bus,motorcycle,bus,motorcycle,bus
Motorcycle,Bus,6,motorcycle,bus,motorcycle,bus,motorcycle,bus,motorcycle,bus,motorcycle,bus
Motorcycle,Bus,6,motorcycle,bus,motorcycle,bus,motorcycle,bus,motorcycle,bus,motorcycle,bus
Motorcycle,Bus,6,motorcycle,bus,motorcycle,bus,motorcycle,bus,motorcycle,bus,motorcycle,bus
Motorcycle,Bus,6,motorcycle,bus,motorcycle,bus,motorcycle,bus,motorcycle,bus,motorcycle,bus
Motorcycle,Bus,6,motorcycle,bus,motorcycle,bus,motorcycle,bus,motorcycle,bus,motorcycle,bus
Motorcycle,Bus,6,motorcycle,bus,motorcycle,bus,motorcycle,bus,motorcycle,bus,motorcycle,bus
Motorcycle,Bus,6,motorcycle,bus,motorcycle,bus,motorcycle,bus,motorcycle,bus,motorcycle,bus
Motorcycle,Bus,6,motorcycle,bus,motorcycle,bus,motorcycle,bus,motorcycle,bus,motorcycle,bus
Motorcycle,Bus,6,motorcycle,bus,motorcycle,bus,motorcycle,bus,motorcycle,bus,motorcycle,bus
Motorcycle,Bus,6,motorcycle,bus,motorcycle,bus,motorcycle,bus,motorcycle,bus,motorcycle,bus
Motorcycle,Bus,6,motorcycle,bus,motorcycle,bus,motorcycle,bus,motorcycle,bus,motorcycle,bus
Motorcycle,Bus,6,motorcycle,bus,motorcycle,bus,motorcycle,bus,motorcycle,bus,motorcycle,bus
Motorcycle,Bus,6,motorcycle,bus,motorcycle,bus,motorcycle,bus,motorcycle,bus,motorcycle,bus
Motorcycle,Bus,6,motorcycle,bus,motorcycle,bus,motorcycle,bus,motorcycle,bus,motorcycle,bus
Motorcycle,Bus,6,motorcycle,bus,motorcycle,bus,motorcycle,bus,motorcycle,bus,motorcycle,bus
Motorcycle,Bus,6,motorcycle,bus,motorcycle,bus,motorcycle,bus,motorcycle,bus,motorcycle,bus
Motorcycle,Bus,6,motorcycle,bus,motorcycle,bus,motorcycle,bus,motorcycle,bus,motorcycle,bus
Motorcycle,Bus,6,motorcycle,bus,motorcycle,bus,motorcycle,bus,motorcycle,bus,motorcycle,bus
Motorcycle,Bus,6,motorcycle,bus,motorcycle,bus,motorcycle,bus,motorcycle,bus,motorcycle,bus
Motorcycle,Bus,6,motorcycle,bus,motorcycle,bus,motorcycle,bus,motorcycle,bus,motorcycle,bus
Motorcycle,Bus,6,motorcycle,bus,motorcycle,bus,motorcycle,bus,motorcycle,bus,motorcycle,bus
Motorcycle,Bus,6,motorcycle,bus,motorcycle,bus,motorcycle,bus,motorcycle,bus,motorcycle,bus
Motorcycle,Bus,6,motorcycle,bus,motorcycle,bus,motorcycle,bus,motorcycle,bus,motorcycle,bus
Motorcycle,Bus,6,motorcycle,bus,motorcycle,bus,motorcycle,bus,motorcycle,bus,motorcycle,bus
Motorcycle,Bus,6,motorcycle,bus,motorcycle,bus,motorcycle,bus,motorcycle,bus,motorcycle,bus
Motorcycle,Bus,6,motorcycle,bus,motorcycle,bus,motorcycle,bus,motorcycle,bus,motorcycle,bus
Motorcycle,Bus,6,motorcycle,bus,motorcycle,bus,motorcycle,bus,motorcycle,bus,motorcycle,bus
Motorcycle,Bus,6,motorcycle,bus,motorcycle,bus,motorcycle,bus,motorcycle,bus,motorcycle,bus
Motorcycle,Bus,6,motorcycle,bus,motorcycle,bus,motorcycle,bus,motorcycle,bus,motorcycle,bus
Motorcycle,Bus,6,motorcycle,bus,motorcycle,bus,motorcycle,bus,motorcycle,bus,motorcycle,bus
Motorcycle,Bus,6,motorcycle,bus,motorcycle,bus,motorcycle,bus,motorcycle,bus,motorcycle,bus
Motorcycle,Bus,6,motorcycle,bus,motorcycle,bus,motorcycle,bus,motorcycle,bus,motorcycle,bus
Motorcycle,Bus,6,motorcycle,bus,motorcycle,bus,motorcycle,bus,motorcycle,bus,motorcycle,bus
Motorcycle,Bus,6,motorcycle,bus,motorcycle,bus,motorcycle,bus,motorcycle,bus,motorcycle,bus
Motorcycle,Bus,6,motorcycle,bus,motorcycle,bus,motorcycle,bus,motorcycle,bus,motorcycle,bus
Motorcycle,Bus,6,motorcycle,bus,motorcycle,bus,motorcycle,bus,motorcycle,bus,motorcycle,bus
Motorcycle,Bus,6,motorcycle,bus,motorcycle,bus,motorcycle,bus,motorcycle,bus,motorcycle,bus
Motorcycle,Bus,6,motorcycle,bus,motorcycle,bus,motorcycle,bus,motorcycle,bus,motorcycle,bus
Motorcycle,Bus,6,motorcycle,bus,motorcycle,bus,motorcycle,bus,motorcycle,bus,motorcycle,bus
Motorcycle,Bus,6,motorcycle,bus,motorcycle,bus,motorcycle,bus,motorcycle,bus,motorcycle,bus
Motorcycle,Bus,6,motorcycle,bus,motorcycle,bus,motorcycle,bus,motorcycle,bus,motorcycle,bus
Motorcycle,Bus,6,motorcycle,bus,motorcycle,bus,motorcycle,bus,motorcycle,bus,motorcycle,bus
Motorcycle,Bus,6,motorcycle,bus,motorcycle,bus,motorcycle,bus,motorcycle,bus,motorcycle,bus
Motorcycle,Bus,6,motorcycle,bus,motorcycle,bus,motorcycle,bus,motorcycle,bus,motorcycle,bus
Motorcycle,Bus,6,motorcycle,bus,motorcycle,bus,motorcycle,bus,motorcycle,bus,motorcycle,bus
Motorcycle,Bus,6,motorcycle,bus,motorcycle,bus,motorcycle,bus,motorcycle,bus,motorcycle,bus
Motorcycle,Bus,6,motorcycle,bus,motorcycle,bus,motorcycle,bus,motorcycle,bus,motorcycle,bus
Motorcycle,Bus,6,motorcycle,bus,motorcycle,bus,motorcycle,bus,motorcycle,bus,motorcycle,bus
Motorcycle,Bus,6,motorcycle,bus,motorcycle,bus,motorcycle,bus,motorcycle,bus,motorcycle,bus
Motorcycle,Bus,6,motorcycle,bus,motorcycle,bus,motorcycle,bus,motorcycle,bus,motorcycle,bus
Motorcycle,Bus,6,motorcycle,bus,motorcycle,bus,motorcycle,bus,motorcycle,bus,motorcycle,bus
Motorcycle,Bus,6,motorcycle,bus,motorcycle,bus,motorcycle,bus,motorcycle,bus,motorcycle,bus
Motorcycle,Bus,6,motorcycle,bus,motorcycle,bus,motorcycle,bus,motorcycle,bus,motorcycle,bus
Motorcycle,Bus,6,motorcycle,bus,motorcycle,bus,motorcycle,bus,motorcycle,bus,motorcycle,bus
Motorcycle,Bus,6,motorcycle,bus,motorcycle,bus,motorcycle,bus,motorcycle,bus,motorcycle,bus
Motorcycle,Bus,6,motorcycle,bus,motorcycle,bus,motorcycle,bus,motorcycle,bus,motorcycle,bus
Motorcycle,Bus,6,motorcycle,bus,motorcycle,bus,motorcycle,bus,motorcycle,bus,motorcycle,bus
Motorcycle,Bus,6,motorcycle,bus,motorcycle,bus,motorcycle,bus,motorcycle,bus,motorcycle,bus
Motorcycle,Bus,6,motorcycle,bus,motorcycle,bus,motorcycle,bus,motorcycle,bus,motorcycle,bus
Motorcycle,Bus,6,motorcycle,bus,motorcycle,bus,motorcycle,bus,motorcycle,bus,motorcycle,bus
Motorcycle,Bus,6,motorcycle,bus,motorcycle,bus,motorcycle,bus,motorcycle,bus,motorcycle,bus
Motorcycle,Bus,6,motorcycle,bus,motorcycle,bus,motorcycle,bus,motorcycle,bus,motorcycle,bus
Motorcycle,non.motor.vehicle,6,motorcycle,other,motorcycle,other,motorcycle,other,motorcycle,other,motorcycle,other
Motorcycle,non.motor.vehicle,6,motorcycle,other,motorcycle,other,motorcycle,other,motorcycle,other,motorcycle,other
Motorcycle,non.motor.vehicle,6,motorcycle,other,motorcycle,other,motorcycle,other,motorcycle,other,motorcycle,other
Motorcycle,NA,6,motorcycle,bus,motorcycle,bus,motorcycle,NOV,motorcycle,NOV,motorcycle,car
Motorcycle,NA,6,motorcycle,bus,motorcycle,car,motorcycle,car,motorcycle,bus,motorcycle,NOV
Motorcycle,NA,6,motorcycle,NOV,motorcycle,car,motorcycle,bus,motorcycle,NOV,motorcycle,car
Motorcycle,NA,6,motorcycle,bus,motorcycle,car,motorcycle,NOV,motorcycle,NOV,motorcycle,car
Motorcycle,NA,6,motorcycle,car,motorcycle,car,motorcycle,bus,motorcycle,NOV,motorcycle,NOV
Motorcycle,NA,6,motorcycle,NOV,motorcycle,NOV,motorcycle,car,motorcycle,car,motorcycle,NOV
Motorcycle,NA,6,motorcycle,NOV,motorcycle,car,motorcycle,car,motorcycle,motorcycle,motorcycle,car
Motorcycle,NA,6,motorcycle,NOV,motorcycle,bus,motorcycle,car,motorcycle,car,motorcycle,NOV
Motorcycle,NA,6,motorcycle,NOV,motorcycle,bus,motorcycle,NOV,motorcycle,NOV,motorcycle,bus
Motorcycle,NA,6,motorcycle,NOV,motorcycle,NOV,motorcycle,bus,motorcycle,bus,motorcycle,NOV
Motorcycle,NA,6,motorcycle,bus,motorcycle,NOV,motorcycle,car,motorcycle,bus,motorcycle,car
Motorcycle,NA,6,motorcycle,bus,motorcycle,NOV,motorcycle,car,motorcycle,NOV,motorcycle,bus
Motorcycle,NA,6,motorcycle,NOV,motorcycle,car,motorcycle,bus,motorcycle,NOV,motorcycle,NOV
Motorcycle,NA,6,motorcycle,NOV,motorcycle,motorcycle,motorcycle,NOV,motorcycle,NOV,motorcycle,bus
Motorcycle,NA,6,motorcycle,car,motorcycle,car,motorcycle,car,motorcycle,car,motorcycle,NOV
Motorcycle,NA,6,motorcycle,car,motorcycle,car,motorcycle,bus,motorcycle,car,motorcycle,NOV
Motorcycle,NA,6,motorcycle,car,motorcycle,NOV,motorcycle,car,motorcycle,motorcycle,motorcycle,car
Motorcycle,NA,6,motorcycle,bus,motorcycle,NOV,motorcycle,NOV,motorcycle,bus,motorcycle,NOV
Motorcycle,NA,6,motorcycle,bus,motorcycle,NOV,motorcycle,NOV,motorcycle,NOV,motorcycle,bus
Motorcycle,NA,6,motorcycle,bus,motorcycle,car,motorcycle,car,motorcycle,NOV,motorcycle,car
Motorcycle,NA,6,motorcycle,other,motorcycle,NOV,motorcycle,car,motorcycle,bus,motorcycle,car
Motorcycle,NA,6,motorcycle,bus,motorcycle,car,motorcycle,bus,motorcycle,NOV,motorcycle,car
Motorcycle,NA,6,motorcycle,bus,motorcycle,car,motorcycle,car,motorcycle,car,motorcycle,NOV
Motorcycle,NA,6,motorcycle,bus,motorcycle,bus,motorcycle,NOV,motorcycle,car,motorcycle,NOV
Motorcycle,NA,6,motorcycle,car,motorcycle,bus,motorcycle,car,motorcycle,NOV,motorcycle,bus
Motorcycle,NA,6,motorcycle,bus,motorcycle,car,motorcycle,bus,motorcycle,NOV,motorcycle,NOV
Motorcycle,NA,6,motorcycle,bus,motorcycle,bus,motorcycle,NOV,motorcycle,NOV,motorcycle,NOV
Motorcycle,NA,6,motorcycle,bus,motorcycle,car,motorcycle,bus,motorcycle,bus,motorcycle,NOV
Motorcycle,NA,6,motorcycle,motorcycle,motorcycle,NOV,motorcycle,car,motorcycle,bus,motorcycle,NOV
Motorcycle,NA,6,motorcycle,NOV,motorcycle,NOV,motorcycle,NOV,motorcycle,motorcycle,motorcycle,NOV
Motorcycle,NA,6,motorcycle,bus,motorcycle,NOV,motorcycle,car,motorcycle,car,motorcycle,car
Motorcycle,NA,6,motorcycle,bus,motorcycle,bus,motorcycle,bus,motorcycle,car,motorcycle,NOV
Motorcycle,NA,6,motorcycle,NOV,motorcycle,bus,motorcycle,motorcycle,motorcycle,NOV,motorcycle,NOV
Motorcycle,NA,6,motorcycle,car,motorcycle,bus,motorcycle,NOV,motorcycle,bus,motorcycle,bus
Motorcycle,NA,6,motorcycle,car,motorcycle,NOV,motorcycle,NOV,motorcycle,NOV,motorcycle,motorcycle
Motorcycle,NA,6,motorcycle,car,motorcycle,NOV,motorcycle,motorcycle,motorcycle,bus,motorcycle,car
Motorcycle,NA,6,motorcycle,bus,motorcycle,NOV,motorcycle,bus,motorcycle,NOV,motorcycle,bus
Motorcycle,NA,6,motorcycle,NOV,motorcycle,bus,motorcycle,NOV,motorcycle,NOV,motorcycle,car
Motorcycle,NA,6,motorcycle,pedestrian,motorcycle,bus,motorcycle,car,motorcycle,NOV,motorcycle,NOV
Motorcycle,NA,6,motorcycle,NOV,motorcycle,NOV,motorcycle,motorcycle,motorcycle,car,motorcycle,motorcycle
Motorcycle,NA,6,motorcycle,NOV,motorcycle,bus,motorcycle,car,motorcycle,car,motorcycle,bus
Motorcycle,NA,6,motorcycle,bus,motorcycle,car,motorcycle,car,motorcycle,NOV,motorcycle,car
Motorcycle,NA,6,motorcycle,bus,motorcycle,NOV,motorcycle,car,motorcycle,car,motorcycle,NOV
Motorcycle,NA,6,motorcycle,bus,motorcycle,NOV,motorcycle,bus,motorcycle,NOV,motorcycle,car
Motorcycle,NA,6,motorcycle,NOV,motorcycle,bus,motorcycle,car,motorcycle,NOV,motorcycle,bus
Motorcycle,NA,6,motorcycle,NOV,motorcycle,car,motorcycle,NOV,motorcycle,NOV,motorcycle,NOV
Motorcycle,NA,6,motorcycle,NOV,motorcycle,car,motorcycle,car,motorcycle,car,motorcycle,car
Motorcycle,NA,6,motorcycle,car,motorcycle,NOV,motorcycle,bus,motorcycle,bus,motorcycle,other
Motorcycle,NA,6,motorcycle,NOV,motorcycle,NOV,motorcycle,car,motorcycle,bus,motorcycle,bus
Motorcycle,NA,6,motorcycle,bus,motorcycle,car,motorcycle,car,motorcycle,car,motorcycle,car
Motorcycle,NA,6,motorcycle,car,motorcycle,NOV,motorcycle,NOV,motorcycle,NOV,motorcycle,NOV
Motorcycle,NA,6,motorcycle,NOV,motorcycle,car,motorcycle,NOV,motorcycle,car,motorcycle,car
Motorcycle,NA,6,motorcycle,car,motorcycle,bus,motorcycle,NOV,motorcycle,NOV,motorcycle,NOV
Motorcycle,NA,6,motorcycle,car,motorcycle,car,motorcycle,car,motorcycle,car,motorcycle,car
Motorcycle,NA,6,motorcycle,NOV,motorcycle,bus,motorcycle,NOV,motorcycle,car,motorcycle,car
Motorcycle,NA,6,motorcycle,NOV,motorcycle,car,motorcycle,car,motorcycle,NOV,motorcycle,car
Motorcycle,NA,6,motorcycle,NOV,motorcycle,NOV,motorcycle,bus,motorcycle,NOV,motorcycle,NOV
Motorcycle,NA,6,motorcycle,car,motorcycle,bus,motorcycle,NOV,motorcycle,bus,motorcycle,motorcycle
Motorcycle,NA,6,motorcycle,car,motorcycle,car,motorcycle,car,motorcycle,car,motorcycle,motorcycle
Motorcycle,NA,6,motorcycle,car,motorcycle,bus,motorcycle,car,motorcycle,car,motorcycle,bus
Motorcycle,NA,6,motorcycle,bus,motorcycle,cycle,motorcycle,car,motorcycle,bus,motorcycle,NOV
Motorcycle,NA,6,motorcycle,bus,motorcycle,car,motorcycle,car,motorcycle,car,motorcycle,car
Motorcycle,NA,6,motorcycle,bus,motorcycle,bus,motorcycle,car,motorcycle,bus,motorcycle,car
Motorcycle,NA,6,motorcycle,NOV,motorcycle,bus,motorcycle,car,motorcycle,bus,motorcycle,bus
Motorcycle,NA,6,motorcycle,car,motorcycle,NOV,motorcycle,NOV,motorcycle,NOV,motorcycle,bus
Motorcycle,NA,6,motorcycle,car,motorcycle,NOV,motorcycle,bus,motorcycle,NOV,motorcycle,NOV
Motorcycle,NA,6,motorcycle,bus,motorcycle,car,motorcycle,bus,motorcycle,car,motorcycle,NOV
Motorcycle,NA,6,motorcycle,NOV,motorcycle,bus,motorcycle,car,motorcycle,bus,motorcycle,pedestrian
Motorcycle,NA,6,motorcycle,motorcycle,motorcycle,car,motorcycle,bus,motorcycle,NOV,motorcycle,bus
Motorcycle,NA,6,motorcycle,car,motorcycle,NOV,motorcycle,car,motorcycle,car,motorcycle,NOV
Motorcycle,NA,6,motorcycle,NOV,motorcycle,bus,motorcycle,car,motorcycle,bus,motorcycle,bus
Motorcycle,NA,6,motorcycle,NOV,motorcycle,NOV,motorcycle,car,motorcycle,bus,motorcycle,car
Motorcycle,NA,6,motorcycle,car,motorcycle,car,motorcycle,motorcycle,motorcycle,NOV,motorcycle,bus
Motorcycle,NA,6,motorcycle,car,motorcycle,NOV,motorcycle,NOV,motorcycle,bus,motorcycle,car
Motorcycle,NA,6,motorcycle,NOV,motorcycle,cycle,motorcycle,car,motorcycle,car,motorcycle,bus
Motorcycle,NA,6,motorcycle,car,motorcycle,bus,motorcycle,car,motorcycle,NOV,motorcycle,NOV
Motorcycle,NA,6,motorcycle,NOV,motorcycle,car,motorcycle,bus,motorcycle,bus,motorcycle,bus
Motorcycle,NA,6,motorcycle,bus,motorcycle,NOV,motorcycle,car,motorcycle,NOV,motorcycle,bus
Motorcycle,NA,6,motorcycle,car,motorcycle,bus,motorcycle,NOV,motorcycle,bus,motorcycle,NOV
Motorcycle,NA,6,motorcycle,bus,motorcycle,car,motorcycle,bus,motorcycle,car,motorcycle,motorcycle
Motorcycle,NA,6,motorcycle,NOV,motorcycle,NOV,motorcycle,bus,motorcycle,bus,motorcycle,car
Motorcycle,NA,6,motorcycle,bus,motorcycle,bus,motorcycle,NOV,motorcycle,NOV,motorcycle,NOV
Motorcycle,NA,6,motorcycle,NOV,motorcycle,bus,motorcycle,NOV,motorcycle,NOV,motorcycle,car
Motorcycle,NA,6,motorcycle,NOV,motorcycle,NOV,motorcycle,car,motorcycle,NOV,motorcycle,car
Motorcycle,NA,6,motorcycle,bus,motorcycle,NOV,motorcycle,bus,motorcycle,NOV,motorcycle,car
Motorcycle,NA,6,motorcycle,NOV,motorcycle,bus,motorcycle,NOV,motorcycle,car,motorcycle,NOV
Motorcycle,NA,6,motorcycle,car,motorcycle,bus,motorcycle,car,motorcycle,NOV,motorcycle,bus
Motorcycle,NA,6,motorcycle,bus,motorcycle,NOV,motorcycle,NOV,motorcycle,car,motorcycle,NOV
Motorcycle,NA,6,motorcycle,NOV,motorcycle,NOV,motorcycle,bus,motorcycle,NOV,motorcycle,bus
Motorcycle,NA,6,motorcycle,bus,motorcycle,car,motorcycle,NOV,motorcycle,car,motorcycle,NOV
Motorcycle,NA,6,motorcycle,car,motorcycle,bus,motorcycle,NOV,motorcycle,NOV,motorcycle,bus
Motorcycle,NA,6,motorcycle,NOV,motorcycle,bus,motorcycle,car,motorcycle,NOV,motorcycle,NOV
Motorcycle,NA,6,motorcycle,car,motorcycle,car,motorcycle,bus,motorcycle,motorcycle,motorcycle,bus
Motorcycle,NA,6,motorcycle,bus,motorcycle,bus,motorcycle,car,motorcycle,NOV,motorcycle,car
Motorcycle,NA,6,motorcycle,NOV,motorcycle,bus,motorcycle,NOV,motorcycle,NOV,motorcycle,NOV
Motorcycle,NA,6,motorcycle,NOV,motorcycle,bus,motorcycle,NOV,motorcycle,bus,motorcycle,car
Motorcycle,NA,6,motorcycle,bus,motorcycle,bus,motorcycle,car,motorcycle,car,motorcycle,NOV
Motorcycle,NA,6,motorcycle,NOV,motorcycle,car,motorcycle,bus,motorcycle,NOV,motorcycle,car
Motorcycle,NA,6,motorcycle,car,motorcycle,car,motorcycle,pedestrian,motorcycle,bus,motorcycle,pedestrian
Motorcycle,NA,6,motorcycle,bus,motorcycle,bus,motorcycle,bus,motorcycle,NOV,motorcycle,bus
Motorcycle,NA,6,motorcycle,car,motorcycle,NOV,motorcycle,motorcycle,motorcycle,bus,motorcycle,car
Motorcycle,NA,6,motorcycle,NOV,motorcycle,car,motorcycle,NOV,motorcycle,pedestrian,motorcycle,NOV
Motorcycle,NA,6,motorcycle,bus,motorcycle,car,motorcycle,NOV,motorcycle,NOV,motorcycle,car
Motorcycle,NA,6,motorcycle,NOV,motorcycle,car,motorcycle,car,motorcycle,NOV,motorcycle,bus
Motorcycle,NA,6,motorcycle,bus,motorcycle,bus,motorcycle,car,motorcycle,NOV,motorcycle,NOV
Motorcycle,NA,6,motorcycle,bus,motorcycle,car,motorcycle,car,motorcycle,bus,motorcycle,NOV
Motorcycle,NA,6,motorcycle,bus,motorcycle,NOV,motorcycle,bus,motorcycle,NOV,motorcycle,NOV
Motorcycle,NA,6,motorcycle,NOV,motorcycle,NOV,motorcycle,bus,motorcycle,car,motorcycle,bus
Motorcycle,NA,6,motorcycle,NOV,motorcycle,NOV,motorcycle,car,motorcycle,NOV,motorcycle,NOV
Motorcycle,NA,6,motorcycle,car,motorcycle,bus,motorcycle,car,motorcycle,bus,motorcycle,car
Motorcycle,NA,6,motorcycle,NOV,motorcycle,NOV,motorcycle,NOV,motorcycle,NOV,motorcycle,NOV
Motorcycle,NA,6,motorcycle,car,motorcycle,car,motorcycle,car,motorcycle,car,motorcycle,car
Motorcycle,NA,6,motorcycle,NOV,motorcycle,car,motorcycle,NOV,motorcycle,NOV,motorcycle,NOV
Motorcycle,NA,6,motorcycle,NOV,motorcycle,car,motorcycle,motorcycle,motorcycle,bus,motorcycle,NOV
Motorcycle,NA,6,motorcycle,car,motorcycle,car,motorcycle,NOV,motorcycle,motorcycle,motorcycle,car
Motorcycle,NA,6,motorcycle,car,motorcycle,bus,motorcycle,car,motorcycle,car,motorcycle,bus
Motorcycle,NA,6,motorcycle,car,motorcycle,NOV,motorcycle,NOV,motorcycle,bus,motorcycle,NOV
Motorcycle,NA,6,motorcycle,NOV,motorcycle,NOV,motorcycle,car,motorcycle,motorcycle,motorcycle,bus
Motorcycle,NA,6,motorcycle,NOV,motorcycle,pedestrian,motorcycle,car,motorcycle,NOV,motorcycle,bus
Motorcycle,NA,6,motorcycle,NOV,motorcycle,bus,motorcycle,NOV,motorcycle,car,motorcycle,NOV
Motorcycle,NA,6,motorcycle,bus,motorcycle,car,motorcycle,NOV,motorcycle,bus,motorcycle,car
Motorcycle,NA,6,motorcycle,NOV,motorcycle,bus,motorcycle,NOV,motorcycle,motorcycle,motorcycle,NOV
Motorcycle,NA,6,motorcycle,car,motorcycle,bus,motorcycle,car,motorcycle,NOV,motorcycle,car
Motorcycle,NA,6,motorcycle,car,motorcycle,bus,motorcycle,car,motorcycle,car,motorcycle,bus
Motorcycle,NA,6,motorcycle,bus,motorcycle,motorcycle,motorcycle,car,motorcycle,NOV,motorcycle,car
Motorcycle,NA,6,motorcycle,NOV,motorcycle,motorcycle,motorcycle,car,motorcycle,NOV,motorcycle,car
Motorcycle,NA,6,motorcycle,car,motorcycle,car,motorcycle,car,motorcycle,NOV,motorcycle,car
Motorcycle,NA,6,motorcycle,NOV,motorcycle,NOV,motorcycle,NOV,motorcycle,car,motorcycle,bus
Motorcycle,NA,6,motorcycle,bus,motorcycle,NOV,motorcycle,car,motorcycle,NOV,motorcycle,motorcycle
Motorcycle,NA,6,motorcycle,car,motorcycle,car,motorcycle,bus,motorcycle,car,motorcycle,car
Motorcycle,NA,6,motorcycle,car,motorcycle,NOV,motorcycle,NOV,motorcycle,NOV,motorcycle,bus
Motorcycle,NA,6,motorcycle,bus,motorcycle,bus,motorcycle,bus,motorcycle,car,motorcycle,car
Motorcycle,NA,6,motorcycle,motorcycle,motorcycle,NOV,motorcycle,bus,motorcycle,bus,motorcycle,car
Motorcycle,NA,6,motorcycle,car,motorcycle,NOV,motorcycle,NOV,motorcycle,NOV,motorcycle,NOV
Motorcycle,NA,6,motorcycle,NOV,motorcycle,bus,motorcycle,pedestrian,motorcycle,NOV,motorcycle,bus
Motorcycle,NA,6,motorcycle,bus,motorcycle,NOV,motorcycle,motorcycle,motorcycle,car,motorcycle,bus
Motorcycle,NA,6,motorcycle,bus,motorcycle,bus,motorcycle,motorcycle,motorcycle,NOV,motorcycle,NOV
Motorcycle,NA,6,motorcycle,NOV,motorcycle,NOV,motorcycle,car,motorcycle,bus,motorcycle,bus
Motorcycle,NA,6,motorcycle,NOV,motorcycle,NOV,motorcycle,car,motorcycle,car,motorcycle,NOV
Motorcycle,NA,6,motorcycle,car,motorcycle,car,motorcycle,NOV,motorcycle,car,motorcycle,bus
Motorcycle,NA,6,motorcycle,car,motorcycle,NOV,motorcycle,car,motorcycle,NOV,motorcycle,car
Motorcycle,NA,6,motorcycle,NOV,motorcycle,bus,motorcycle,NOV,motorcycle,bus,motorcycle,motorcycle
Motorcycle,NA,6,motorcycle,NOV,motorcycle,NOV,motorcycle,bus,motorcycle,bus,motorcycle,bus
Motorcycle,NA,6,motorcycle,NOV,motorcycle,bus,motorcycle,car,motorcycle,NOV,motorcycle,NOV
Motorcycle,NA,6,motorcycle,car,motorcycle,bus,motorcycle,motorcycle,motorcycle,NOV,motorcycle,motorcycle
Motorcycle,NA,6,motorcycle,bus,motorcycle,bus,motorcycle,car,motorcycle,bus,motorcycle,NOV
Motorcycle,NA,6,motorcycle,NOV,motorcycle,bus,motorcycle,NOV,motorcycle,car,motorcycle,NOV
Motorcycle,NA,6,motorcycle,car,motorcycle,NOV,motorcycle,car,motorcycle,motorcycle,motorcycle,car
Motorcycle,NA,6,motorcycle,car,motorcycle,bus,motorcycle,car,motorcycle,NOV,motorcycle,car
Motorcycle,NA,6,motorcycle,motorcycle,motorcycle,NOV,motorcycle,NOV,motorcycle,NOV,motorcycle,NOV
Motorcycle,NA,6,motorcycle,bus,motorcycle,car,motorcycle,bus,motorcycle,car,motorcycle,bus
Motorcycle,NA,6,motorcycle,car,motorcycle,car,motorcycle,NOV,motorcycle,bus,motorcycle,car
Motorcycle,NA,6,motorcycle,bus,motorcycle,bus,motorcycle,NOV,motorcycle,NOV,motorcycle,car
Motorcycle,NA,6,motorcycle,NOV,motorcycle,NOV,motorcycle,NOV,motorcycle,bus,motorcycle,NOV
Motorcycle,NA,6,motorcycle,bus,motorcycle,car,motorcycle,bus,motorcycle,pedestrian,motorcycle,bus
Motorcycle,NA,6,motorcycle,bus,motorcycle,NOV,motorcycle,NOV,motorcycle,NOV,motorcycle,bus
Motorcycle,NA,6,motorcycle,bus,motorcycle,NOV,motorcycle,car,motorcycle,car,motorcycle,car
Motorcycle,NA,6,motorcycle,bus,motorcycle,car,motorcycle,NOV,motorcycle,car,motorcycle,NOV
Motorcycle,NA,6,motorcycle,NOV,motorcycle,bus,motorcycle,car,motorcycle,NOV,motorcycle,motorcycle
Motorcycle,NA,6,motorcycle,bus,motorcycle,car,motorcycle,bus,motorcycle,bus,motorcycle,car
Motorcycle,NA,6,motorcycle,car,motorcycle,NOV,motorcycle,car,motorcycle,car,motorcycle,car
Motorcycle,NA,6,motorcycle,NOV,motorcycle,NOV,motorcycle,car,motorcycle,car,motorcycle,car
Motorcycle,NA,6,motorcycle,car,motorcycle,bus,motorcycle,car,motorcycle,bus,motorcycle,car
Motorcycle,NA,6,motorcycle,car,motorcycle,car,motorcycle,bus,motorcycle,bus,motorcycle,car
Motorcycle,NA,6,motorcycle,NOV,motorcycle,bus,motorcycle,NOV,motorcycle,NOV,motorcycle,NOV
Motorcycle,NA,6,motorcycle,NOV,motorcycle,motorcycle,motorcycle,cycle,motorcycle,bus,motorcycle,car
Motorcycle,NA,6,motorcycle,car,motorcycle,bus,motorcycle,NOV,motorcycle,NOV,motorcycle,motorcycle
Motorcycle,NA,6,motorcycle,bus,motorcycle,NOV,motorcycle,NOV,motorcycle,car,motorcycle,NOV
Motorcycle,NA,6,motorcycle,NOV,motorcycle,NOV,motorcycle,NOV,motorcycle,bus,motorcycle,bus
Motorcycle,NA,6,motorcycle,NOV,motorcycle,NOV,motorcycle,car,motorcycle,bus,motorcycle,NOV
Motorcycle,NA,6,motorcycle,NOV,motorcycle,car,motorcycle,car,motorcycle,bus,motorcycle,bus
Motorcycle,NA,6,motorcycle,bus,motorcycle,car,motorcycle,car,motorcycle,NOV,motorcycle,car
Motorcycle,NA,6,motorcycle,bus,motorcycle,car,motorcycle,car,motorcycle,NOV,motorcycle,NOV
Motorcycle,NA,6,motorcycle,car,motorcycle,bus,motorcycle,bus,motorcycle,bus,motorcycle,car
Motorcycle,NA,6,motorcycle,NOV,motorcycle,car,motorcycle,NOV,motorcycle,bus,motorcycle,NOV
Motorcycle,NA,6,motorcycle,bus,motorcycle,NOV,motorcycle,bus,motorcycle,NOV,motorcycle,NOV
Motorcycle,NA,6,motorcycle,car,motorcycle,bus,motorcycle,NOV,motorcycle,NOV,motorcycle,NOV
Motorcycle,NA,6,motorcycle,bus,motorcycle,pedestrian,motorcycle,NOV,motorcycle,NOV,motorcycle,NOV
Motorcycle,NA,6,motorcycle,bus,motorcycle,NOV,motorcycle,bus,motorcycle,car,motorcycle,NOV
Motorcycle,NA,6,motorcycle,car,motorcycle,bus,motorcycle,bus,motorcycle,bus,motorcycle,NOV
Motorcycle,NA,6,motorcycle,NOV,motorcycle,bus,motorcycle,car,motorcycle,car,motorcycle,car
Motorcycle,NA,6,motorcycle,car,motorcycle,NOV,motorcycle,bus,motorcycle,bus,motorcycle,NOV
Motorcycle,NA,6,motorcycle,car,motorcycle,car,motorcycle,NOV,motorcycle,car,motorcycle,bus
Motorcycle,NA,6,motorcycle,car,motorcycle,bus,motorcycle,car,motorcycle,bus,motorcycle,NOV
Motorcycle,NA,6,motorcycle,car,motorcycle,NOV,motorcycle,bus,motorcycle,car,motorcycle,bus
Motorcycle,NA,6,motorcycle,NOV,motorcycle,bus,motorcycle,bus,motorcycle,bus,motorcycle,bus
Motorcycle,NA,6,motorcycle,bus,motorcycle,motorcycle,motorcycle,car,motorcycle,bus,motorcycle,bus
Motorcycle,NA,6,motorcycle,car,motorcycle,car,motorcycle,car,motorcycle,bus,motorcycle,bus
Motorcycle,NA,6,motorcycle,car,motorcycle,NOV,motorcycle,car,motorcycle,bus,motorcycle,NOV
Motorcycle,NA,6,motorcycle,bus,motorcycle,bus,motorcycle,bus,motorcycle,bus,motorcycle,NOV
Motorcycle,NA,6,motorcycle,NOV,motorcycle,bus,motorcycle,bus,motorcycle,motorcycle,motorcycle,bus
Motorcycle,NA,6,motorcycle,bus,motorcycle,bus,motorcycle,motorcycle,motorcycle,car,motorcycle,NOV
Motorcycle,NA,6,motorcycle,NOV,motorcycle,bus,motorcycle,NOV,motorcycle,NOV,motorcycle,NOV
Motorcycle,NA,6,motorcycle,car,motorcycle,NOV,motorcycle,car,motorcycle,car,motorcycle,motorcycle
Motorcycle,NA,6,motorcycle,car,motorcycle,NOV,motorcycle,NOV,motorcycle,car,motorcycle,motorcycle
Motorcycle,NA,6,motorcycle,car,motorcycle,NOV,motorcycle,bus,motorcycle,NOV,motorcycle,car
Motorcycle,NOV,6,motorcycle,NOV,motorcycle,NOV,motorcycle,NOV,motorcycle,NOV,motorcycle,NOV
Motorcycle,NOV,6,motorcycle,NOV,motorcycle,NOV,motorcycle,NOV,motorcycle,NOV,motorcycle,NOV
Motorcycle,NOV,6,motorcycle,NOV,motorcycle,NOV,motorcycle,NOV,motorcycle,NOV,motorcycle,NOV
Motorcycle,NOV,6,motorcycle,NOV,motorcycle,NOV,motorcycle,NOV,motorcycle,NOV,motorcycle,NOV
Motorcycle,NOV,6,motorcycle,NOV,motorcycle,NOV,motorcycle,NOV,motorcycle,NOV,motorcycle,NOV
Motorcycle,NOV,6,motorcycle,NOV,motorcycle,NOV,motorcycle,NOV,motorcycle,NOV,motorcycle,NOV
Motorcycle,NOV,6,motorcycle,NOV,motorcycle,NOV,motorcycle,NOV,motorcycle,NOV,motorcycle,NOV
Motorcycle,NOV,6,motorcycle,NOV,motorcycle,NOV,motorcycle,NOV,motorcycle,NOV,motorcycle,NOV
Motorcycle,NOV,6,motorcycle,NOV,motorcycle,NOV,motorcycle,NOV,motorcycle,NOV,motorcycle,NOV
Motorcycle,NOV,6,motorcycle,NOV,motorcycle,NOV,motorcycle,NOV,motorcycle,NOV,motorcycle,NOV
Motorcycle,NOV,6,motorcycle,NOV,motorcycle,NOV,motorcycle,NOV,motorcycle,NOV,motorcycle,NOV
Motorcycle,NOV,6,motorcycle,NOV,motorcycle,NOV,motorcycle,NOV,motorcycle,NOV,motorcycle,NOV
Motorcycle,NOV,6,motorcycle,NOV,motorcycle,NOV,motorcycle,NOV,motorcycle,NOV,motorcycle,NOV
Motorcycle,NOV,6,motorcycle,NOV,motorcycle,NOV,motorcycle,NOV,motorcycle,NOV,motorcycle,NOV
Motorcycle,NOV,6,motorcycle,NOV,motorcycle,NOV,motorcycle,NOV,motorcycle,NOV,motorcycle,NOV
Motorcycle,NOV,6,motorcycle,NOV,motorcycle,NOV,motorcycle,NOV,motorcycle,NOV,motorcycle,NOV
Motorcycle,NOV,6,motorcycle,NOV,motorcycle,NOV,motorcycle,NOV,motorcycle,NOV,motorcycle,NOV
Motorcycle,NOV,6,motorcycle,NOV,motorcycle,NOV,motorcycle,NOV,motorcycle,NOV,motorcycle,NOV
Motorcycle,NOV,6,motorcycle,NOV,motorcycle,NOV,motorcycle,NOV,motorcycle,NOV,motorcycle,NOV
Motorcycle,NOV,6,motorcycle,NOV,motorcycle,NOV,motorcycle,NOV,motorcycle,NOV,motorcycle,NOV
Motorcycle,NOV,6,motorcycle,NOV,motorcycle,NOV,motorcycle,NOV,motorcycle,NOV,motorcycle,NOV
Motorcycle,NOV,6,motorcycle,NOV,motorcycle,NOV,motorcycle,NOV,motorcycle,NOV,motorcycle,NOV
Motorcycle,NOV,6,motorcycle,NOV,motorcycle,NOV,motorcycle,NOV,motorcycle,NOV,motorcycle,NOV
Motorcycle,NOV,6,motorcycle,NOV,motorcycle,NOV,motorcycle,NOV,motorcycle,NOV,motorcycle,NOV
Motorcycle,NOV,6,motorcycle,NOV,motorcycle,NOV,motorcycle,NOV,motorcycle,NOV,motorcycle,NOV
Motorcycle,NOV,6,motorcycle,NOV,motorcycle,NOV,motorcycle,NOV,motorcycle,NOV,motorcycle,NOV
Motorcycle,NOV,6,motorcycle,NOV,motorcycle,NOV,motorcycle,NOV,motorcycle,NOV,motorcycle,NOV
Motorcycle,NOV,6,motorcycle,NOV,motorcycle,NOV,motorcycle,NOV,motorcycle,NOV,motorcycle,NOV
Motorcycle,NOV,6,motorcycle,NOV,motorcycle,NOV,motorcycle,NOV,motorcycle,NOV,motorcycle,NOV
Motorcycle,NOV,6,motorcycle,NOV,motorcycle,NOV,motorcycle,NOV,motorcycle,NOV,motorcycle,NOV
Motorcycle,NOV,6,motorcycle,NOV,motorcycle,NOV,motorcycle,NOV,motorcycle,NOV,motorcycle,NOV
Motorcycle,NOV,6,motorcycle,NOV,motorcycle,NOV,motorcycle,NOV,motorcycle,NOV,motorcycle,NOV
Motorcycle,NOV,6,motorcycle,NOV,motorcycle,NOV,motorcycle,NOV,motorcycle,NOV,motorcycle,NOV
Motorcycle,NOV,6,motorcycle,NOV,motorcycle,NOV,motorcycle,NOV,motorcycle,NOV,motorcycle,NOV
Motorcycle,NOV,6,motorcycle,NOV,motorcycle,NOV,motorcycle,NOV,motorcycle,NOV,motorcycle,NOV
Motorcycle,NOV,6,motorcycle,NOV,motorcycle,NOV,motorcycle,NOV,motorcycle,NOV,motorcycle,NOV
Motorcycle,NOV,6,motorcycle,NOV,motorcycle,NOV,motorcycle,NOV,motorcycle,NOV,motorcycle,NOV
Motorcycle,NOV,6,motorcycle,NOV,motorcycle,NOV,motorcycle,NOV,motorcycle,NOV,motorcycle,NOV
Motorcycle,NOV,6,motorcycle,NOV,motorcycle,NOV,motorcycle,NOV,motorcycle,NOV,motorcycle,NOV
Motorcycle,NOV,6,motorcycle,NOV,motorcycle,NOV,motorcycle,NOV,motorcycle,NOV,motorcycle,NOV
Motorcycle,NOV,6,motorcycle,NOV,motorcycle,NOV,motorcycle,NOV,motorcycle,NOV,motorcycle,NOV
Motorcycle,NOV,6,motorcycle,NOV,motorcycle,NOV,motorcycle,NOV,motorcycle,NOV,motorcycle,NOV
Motorcycle,NOV,6,motorcycle,NOV,motorcycle,NOV,motorcycle,NOV,motorcycle,NOV,motorcycle,NOV
Motorcycle,NOV,6,motorcycle,NOV,motorcycle,NOV,motorcycle,NOV,motorcycle,NOV,motorcycle,NOV
Motorcycle,NOV,6,motorcycle,NOV,motorcycle,NOV,motorcycle,NOV,motorcycle,NOV,motorcycle,NOV
Motorcycle,NOV,6,motorcycle,NOV,motorcycle,NOV,motorcycle,NOV,motorcycle,NOV,motorcycle,NOV
Motorcycle,NOV,6,motorcycle,NOV,motorcycle,NOV,motorcycle,NOV,motorcycle,NOV,motorcycle,NOV
Motorcycle,NOV,6,motorcycle,NOV,motorcycle,NOV,motorcycle,NOV,motorcycle,NOV,motorcycle,NOV
Motorcycle,NOV,6,motorcycle,NOV,motorcycle,NOV,motorcycle,NOV,motorcycle,NOV,motorcycle,NOV
Motorcycle,NOV,6,motorcycle,NOV,motorcycle,NOV,motorcycle,NOV,motorcycle,NOV,motorcycle,NOV
Motorcycle,NOV,6,motorcycle,NOV,motorcycle,NOV,motorcycle,NOV,motorcycle,NOV,motorcycle,NOV
Motorcycle,NOV,6,motorcycle,NOV,motorcycle,NOV,motorcycle,NOV,motorcycle,NOV,motorcycle,NOV
Motorcycle,NOV,6,motorcycle,NOV,motorcycle,NOV,motorcycle,NOV,motorcycle,NOV,motorcycle,NOV
Motorcycle,NOV,6,motorcycle,NOV,motorcycle,NOV,motorcycle,NOV,motorcycle,NOV,motorcycle,NOV
Motorcycle,NOV,6,motorcycle,NOV,motorcycle,NOV,motorcycle,NOV,motorcycle,NOV,motorcycle,NOV
Motorcycle,NOV,6,motorcycle,NOV,motorcycle,NOV,motorcycle,NOV,motorcycle,NOV,motorcycle,NOV
Motorcycle,NOV,6,motorcycle,NOV,motorcycle,NOV,motorcycle,NOV,motorcycle,NOV,motorcycle,NOV
Motorcycle,NOV,6,motorcycle,NOV,motorcycle,NOV,motorcycle,NOV,motorcycle,NOV,motorcycle,NOV
Motorcycle,NOV,6,motorcycle,NOV,motorcycle,NOV,motorcycle,NOV,motorcycle,NOV,motorcycle,NOV
Motorcycle,NOV,6,motorcycle,NOV,motorcycle,NOV,motorcycle,NOV,motorcycle,NOV,motorcycle,NOV
Motorcycle,NOV,6,motorcycle,NOV,motorcycle,NOV,motorcycle,NOV,motorcycle,NOV,motorcycle,NOV
Motorcycle,NOV,6,motorcycle,NOV,motorcycle,NOV,motorcycle,NOV,motorcycle,NOV,motorcycle,NOV
Motorcycle,NOV,6,motorcycle,NOV,motorcycle,NOV,motorcycle,NOV,motorcycle,NOV,motorcycle,NOV
Motorcycle,NOV,6,motorcycle,NOV,motorcycle,NOV,motorcycle,NOV,motorcycle,NOV,motorcycle,NOV
Motorcycle,NOV,6,motorcycle,NOV,motorcycle,NOV,motorcycle,NOV,motorcycle,NOV,motorcycle,NOV
Motorcycle,NOV,6,motorcycle,NOV,motorcycle,NOV,motorcycle,NOV,motorcycle,NOV,motorcycle,NOV
Motorcycle,NOV,6,motorcycle,NOV,motorcycle,NOV,motorcycle,NOV,motorcycle,NOV,motorcycle,NOV
Motorcycle,NOV,6,motorcycle,NOV,motorcycle,NOV,motorcycle,NOV,motorcycle,NOV,motorcycle,NOV
Motorcycle,NOV,6,motorcycle,NOV,motorcycle,NOV,motorcycle,NOV,motorcycle,NOV,motorcycle,NOV
Motorcycle,NOV,6,motorcycle,NOV,motorcycle,NOV,motorcycle,NOV,motorcycle,NOV,motorcycle,NOV
Motorcycle,NOV,6,motorcycle,NOV,motorcycle,NOV,motorcycle,NOV,motorcycle,NOV,motorcycle,NOV
Motorcycle,NOV,6,motorcycle,NOV,motorcycle,NOV,motorcycle,NOV,motorcycle,NOV,motorcycle,NOV
Motorcycle,NOV,6,motorcycle,NOV,motorcycle,NOV,motorcycle,NOV,motorcycle,NOV,motorcycle,NOV
Motorcycle,NOV,6,motorcycle,NOV,motorcycle,NOV,motorcycle,NOV,motorcycle,NOV,motorcycle,NOV
Motorcycle,NOV,6,motorcycle,NOV,motorcycle,NOV,motorcycle,NOV,motorcycle,NOV,motorcycle,NOV
Motorcycle,NOV,6,motorcycle,NOV,motorcycle,NOV,motorcycle,NOV,motorcycle,NOV,motorcycle,NOV
Motorcycle,NOV,6,motorcycle,NOV,motorcycle,NOV,motorcycle,NOV,motorcycle,NOV,motorcycle,NOV
Motorcycle,NOV,6,motorcycle,NOV,motorcycle,NOV,motorcycle,NOV,motorcycle,NOV,motorcycle,NOV
Motorcycle,NOV,6,motorcycle,NOV,motorcycle,NOV,motorcycle,NOV,motorcycle,NOV,motorcycle,NOV
Motorcycle,NOV,6,motorcycle,NOV,motorcycle,NOV,motorcycle,NOV,motorcycle,NOV,motorcycle,NOV
Motorcycle,NOV,6,motorcycle,NOV,motorcycle,NOV,motorcycle,NOV,motorcycle,NOV,motorcycle,NOV
Motorcycle,NOV,6,motorcycle,NOV,motorcycle,NOV,motorcycle,NOV,motorcycle,NOV,motorcycle,NOV
Motorcycle,NOV,6,motorcycle,NOV,motorcycle,NOV,motorcycle,NOV,motorcycle,NOV,motorcycle,NOV
Motorcycle,NOV,6,motorcycle,NOV,motorcycle,NOV,motorcycle,NOV,motorcycle,NOV,motorcycle,NOV
Motorcycle,NOV,6,motorcycle,NOV,motorcycle,NOV,motorcycle,NOV,motorcycle,NOV,motorcycle,NOV
Motorcycle,NOV,6,motorcycle,NOV,motorcycle,NOV,motorcycle,NOV,motorcycle,NOV,motorcycle,NOV
Motorcycle,NOV,6,motorcycle,NOV,motorcycle,NOV,motorcycle,NOV,motorcycle,NOV,motorcycle,NOV
Motorcycle,NOV,6,motorcycle,NOV,motorcycle,NOV,motorcycle,NOV,motorcycle,NOV,motorcycle,NOV
Motorcycle,NOV,6,motorcycle,NOV,motorcycle,NOV,motorcycle,NOV,motorcycle,NOV,motorcycle,NOV
Motorcycle,NOV,6,motorcycle,NOV,motorcycle,NOV,motorcycle,NOV,motorcycle,NOV,motorcycle,NOV
Motorcycle,NOV,6,motorcycle,NOV,motorcycle,NOV,motorcycle,NOV,motorcycle,NOV,motorcycle,NOV
Motorcycle,NOV,6,motorcycle,NOV,motorcycle,NOV,motorcycle,NOV,motorcycle,NOV,motorcycle,NOV
Motorcycle,NOV,6,motorcycle,NOV,motorcycle,NOV,motorcycle,NOV,motorcycle,NOV,motorcycle,NOV
Motorcycle,NOV,6,motorcycle,NOV,motorcycle,NOV,motorcycle,NOV,motorcycle,NOV,motorcycle,NOV
Motorcycle,NOV,6,motorcycle,NOV,motorcycle,NOV,motorcycle,NOV,motorcycle,NOV,motorcycle,NOV
Motorcycle,NOV,6,motorcycle,NOV,motorcycle,NOV,motorcycle,NOV,motorcycle,NOV,motorcycle,NOV
Motorcycle,NOV,6,motorcycle,NOV,motorcycle,NOV,motorcycle,NOV,motorcycle,NOV,motorcycle,NOV
Motorcycle,NOV,6,motorcycle,NOV,motorcycle,NOV,motorcycle,NOV,motorcycle,NOV,motorcycle,NOV
Motorcycle,NOV,6,motorcycle,NOV,motorcycle,NOV,motorcycle,NOV,motorcycle,NOV,motorcycle,NOV
Motorcycle,NOV,6,motorcycle,NOV,motorcycle,NOV,motorcycle,NOV,motorcycle,NOV,motorcycle,NOV
Motorcycle,NOV,6,motorcycle,NOV,motorcycle,NOV,motorcycle,NOV,motorcycle,NOV,motorcycle,NOV
Motorcycle,NOV,6,motorcycle,NOV,motorcycle,NOV,motorcycle,NOV,motorcycle,NOV,motorcycle,NOV
Motorcycle,NOV,6,motorcycle,NOV,motorcycle,NOV,motorcycle,NOV,motorcycle,NOV,motorcycle,NOV
Motorcycle,NOV,6,motorcycle,NOV,motorcycle,NOV,motorcycle,NOV,motorcycle,NOV,motorcycle,NOV
Motorcycle,NOV,6,motorcycle,NOV,motorcycle,NOV,motorcycle,NOV,motorcycle,NOV,motorcycle,NOV
Motorcycle,NOV,6,motorcycle,NOV,motorcycle,NOV,motorcycle,NOV,motorcycle,NOV,motorcycle,NOV
Motorcycle,NOV,6,motorcycle,NOV,motorcycle,NOV,motorcycle,NOV,motorcycle,NOV,motorcycle,NOV
Motorcycle,NOV,6,motorcycle,NOV,motorcycle,NOV,motorcycle,NOV,motorcycle,NOV,motorcycle,NOV
Motorcycle,NOV,6,motorcycle,NOV,motorcycle,NOV,motorcycle,NOV,motorcycle,NOV,motorcycle,NOV
Motorcycle,NOV,6,motorcycle,NOV,motorcycle,NOV,motorcycle,NOV,motorcycle,NOV,motorcycle,NOV
Motorcycle,NOV,6,motorcycle,NOV,motorcycle,NOV,motorcycle,NOV,motorcycle,NOV,motorcycle,NOV
Motorcycle,NOV,6,motorcycle,NOV,motorcycle,NOV,motorcycle,NOV,motorcycle,NOV,motorcycle,NOV
Motorcycle,NOV,6,motorcycle,NOV,motorcycle,NOV,motorcycle,NOV,motorcycle,NOV,motorcycle,NOV
Motorcycle,NOV,6,motorcycle,NOV,motorcycle,NOV,motorcycle,NOV,motorcycle,NOV,motorcycle,NOV
Motorcycle,NOV,6,motorcycle,NOV,motorcycle,NOV,motorcycle,NOV,motorcycle,NOV,motorcycle,NOV
Motorcycle,NOV,6,motorcycle,NOV,motorcycle,NOV,motorcycle,NOV,motorcycle,NOV,motorcycle,NOV
Motorcycle,NOV,6,motorcycle,NOV,motorcycle,NOV,motorcycle,NOV,motorcycle,NOV,motorcycle,NOV
Motorcycle,NOV,6,motorcycle,NOV,motorcycle,NOV,motorcycle,NOV,motorcycle,NOV,motorcycle,NOV
Motorcycle,NOV,6,motorcycle,NOV,motorcycle,NOV,motorcycle,NOV,motorcycle,NOV,motorcycle,NOV
Motorcycle,NOV,6,motorcycle,NOV,motorcycle,NOV,motorcycle,NOV,motorcycle,NOV,motorcycle,NOV
Motorcycle,NOV,6,motorcycle,NOV,motorcycle,NOV,motorcycle,NOV,motorcycle,NOV,motorcycle,NOV
Motorcycle,NOV,6,motorcycle,NOV,motorcycle,NOV,motorcycle,NOV,motorcycle,NOV,motorcycle,NOV
Motorcycle,NOV,6,motorcycle,NOV,motorcycle,NOV,motorcycle,NOV,motorcycle,NOV,motorcycle,NOV
Motorcycle,NOV,6,motorcycle,NOV,motorcycle,NOV,motorcycle,NOV,motorcycle,NOV,motorcycle,NOV
Motorcycle,NOV,6,motorcycle,NOV,motorcycle,NOV,motorcycle,NOV,motorcycle,NOV,motorcycle,NOV
Motorcycle,NOV,6,motorcycle,NOV,motorcycle,NOV,motorcycle,NOV,motorcycle,NOV,motorcycle,NOV
Motorcycle,NOV,6,motorcycle,NOV,motorcycle,NOV,motorcycle,NOV,motorcycle,NOV,motorcycle,NOV
Motorcycle,NOV,6,motorcycle,NOV,motorcycle,NOV,motorcycle,NOV,motorcycle,NOV,motorcycle,NOV
Motorcycle,NOV,6,motorcycle,NOV,motorcycle,NOV,motorcycle,NOV,motorcycle,NOV,motorcycle,NOV
Motorcycle,NOV,6,motorcycle,NOV,motorcycle,NOV,motorcycle,NOV,motorcycle,NOV,motorcycle,NOV
Motorcycle,NOV,6,motorcycle,NOV,motorcycle,NOV,motorcycle,NOV,motorcycle,NOV,motorcycle,NOV
Car,No.other.fixed.or.stationary.object,6,car,NOV,car,NOV,car,NOV,car,NOV,car,NOV
Car,No.other.fixed.or.stationary.object,6,car,NOV,car,NOV,car,NOV,car,NOV,car,NOV
Car,No.other.fixed.or.stationary.object,6,car,NOV,car,NOV,car,NOV,car,NOV,car,NOV
Car,No.other.fixed.or.stationary.object,6,car,NOV,car,NOV,car,NOV,car,NOV,car,NOV
Car,No.other.fixed.or.stationary.object,6,car,NOV,car,NOV,car,NOV,car,NOV,car,NOV
Car,No.other.fixed.or.stationary.object,6,car,NOV,car,NOV,car,NOV,car,NOV,car,NOV
Car,No.other.fixed.or.stationary.object,6,car,NOV,car,NOV,car,NOV,car,NOV,car,NOV
Car,No.other.fixed.or.stationary.object,6,car,NOV,car,NOV,car,NOV,car,NOV,car,NOV
Car,No.other.fixed.or.stationary.object,6,car,NOV,car,NOV,car,NOV,car,NOV,car,NOV
Car,No.other.fixed.or.stationary.object,6,car,NOV,car,NOV,car,NOV,car,NOV,car,NOV
Car,No.other.fixed.or.stationary.object,6,car,NOV,car,NOV,car,NOV,car,NOV,car,NOV
Car,No.other.fixed.or.stationary.object,6,car,NOV,car,NOV,car,NOV,car,NOV,car,NOV
Car,No.other.fixed.or.stationary.object,6,car,NOV,car,NOV,car,NOV,car,NOV,car,NOV
Car,No.other.fixed.or.stationary.object,6,car,NOV,car,NOV,car,NOV,car,NOV,car,NOV
Car,No.other.fixed.or.stationary.object,6,car,NOV,car,NOV,car,NOV,car,NOV,car,NOV
Car,No.other.fixed.or.stationary.object,6,car,NOV,car,NOV,car,NOV,car,NOV,car,NOV
Car,No.other.fixed.or.stationary.object,6,car,NOV,car,NOV,car,NOV,car,NOV,car,NOV
Car,No.other.fixed.or.stationary.object,6,car,NOV,car,NOV,car,NOV,car,NOV,car,NOV
Car,No.other.fixed.or.stationary.object,6,car,NOV,car,NOV,car,NOV,car,NOV,car,NOV
Car,No.other.fixed.or.stationary.object,6,car,NOV,car,NOV,car,NOV,car,NOV,car,NOV
Car,No.other.fixed.or.stationary.object,6,car,NOV,car,NOV,car,NOV,car,NOV,car,NOV
Car,No.other.fixed.or.stationary.object,6,car,NOV,car,NOV,car,NOV,car,NOV,car,NOV
Car,No.other.fixed.or.stationary.object,6,car,NOV,car,NOV,car,NOV,car,NOV,car,NOV
Car,No.other.fixed.or.stationary.object,6,car,NOV,car,NOV,car,NOV,car,NOV,car,NOV
Car,No.other.fixed.or.stationary.object,6,car,NOV,car,NOV,car,NOV,car,NOV,car,NOV
Car,No.other.fixed.or.stationary.object,6,car,NOV,car,NOV,car,NOV,car,NOV,car,NOV
Car,No.other.fixed.or.stationary.object,6,car,NOV,car,NOV,car,NOV,car,NOV,car,NOV
Car,No.other.fixed.or.stationary.object,6,car,NOV,car,NOV,car,NOV,car,NOV,car,NOV
Car,No.other.fixed.or.stationary.object,6,car,NOV,car,NOV,car,NOV,car,NOV,car,NOV
Car,No.other.fixed.or.stationary.object,6,car,NOV,car,NOV,car,NOV,car,NOV,car,NOV
Car,No.other.fixed.or.stationary.object,6,car,NOV,car,NOV,car,NOV,car,NOV,car,NOV
Car,No.other.fixed.or.stationary.object,6,car,NOV,car,NOV,car,NOV,car,NOV,car,NOV
Car,No.other.fixed.or.stationary.object,6,car,NOV,car,NOV,car,NOV,car,NOV,car,NOV
Car,No.other.fixed.or.stationary.object,6,car,NOV,car,NOV,car,NOV,car,NOV,car,NOV
Car,No.other.fixed.or.stationary.object,6,car,NOV,car,NOV,car,NOV,car,NOV,car,NOV
Car,No.other.fixed.or.stationary.object,6,car,NOV,car,NOV,car,NOV,car,NOV,car,NOV
Car,No.other.fixed.or.stationary.object,6,car,NOV,car,NOV,car,NOV,car,NOV,car,NOV
Car,No.other.fixed.or.stationary.object,6,car,NOV,car,NOV,car,NOV,car,NOV,car,NOV
Car,No.other.fixed.or.stationary.object,6,car,NOV,car,NOV,car,NOV,car,NOV,car,NOV
Car,No.other.fixed.or.stationary.object,6,car,NOV,car,NOV,car,NOV,car,NOV,car,NOV
Car,No.other.fixed.or.stationary.object,6,car,NOV,car,NOV,car,NOV,car,NOV,car,NOV
Car,No.other.fixed.or.stationary.object,6,car,NOV,car,NOV,car,NOV,car,NOV,car,NOV
Car,No.other.fixed.or.stationary.object,6,car,NOV,car,NOV,car,NOV,car,NOV,car,NOV
Car,No.other.fixed.or.stationary.object,6,car,NOV,car,NOV,car,NOV,car,NOV,car,NOV
Car,No.other.fixed.or.stationary.object,6,car,NOV,car,NOV,car,NOV,car,NOV,car,NOV
Car,No.other.fixed.or.stationary.object,6,car,NOV,car,NOV,car,NOV,car,NOV,car,NOV
Car,No.other.fixed.or.stationary.object,6,car,NOV,car,NOV,car,NOV,car,NOV,car,NOV
Car,No.other.fixed.or.stationary.object,6,car,NOV,car,NOV,car,NOV,car,NOV,car,NOV
Car,No.other.fixed.or.stationary.object,6,car,NOV,car,NOV,car,NOV,car,NOV,car,NOV
Car,No.other.fixed.or.stationary.object,6,car,NOV,car,NOV,car,NOV,car,NOV,car,NOV
Car,No.other.fixed.or.stationary.object,6,car,NOV,car,NOV,car,NOV,car,NOV,car,NOV
Car,No.other.fixed.or.stationary.object,6,car,NOV,car,NOV,car,NOV,car,NOV,car,NOV
Car,No.other.fixed.or.stationary.object,6,car,NOV,car,NOV,car,NOV,car,NOV,car,NOV
Car,No.other.fixed.or.stationary.object,6,car,NOV,car,NOV,car,NOV,car,NOV,car,NOV
Car,No.other.fixed.or.stationary.object,6,car,NOV,car,NOV,car,NOV,car,NOV,car,NOV
Car,No.other.fixed.or.stationary.object,6,car,NOV,car,NOV,car,NOV,car,NOV,car,NOV
Car,No.other.fixed.or.stationary.object,6,car,NOV,car,NOV,car,NOV,car,NOV,car,NOV
Car,No.other.fixed.or.stationary.object,6,car,NOV,car,NOV,car,NOV,car,NOV,car,NOV
Car,No.other.fixed.or.stationary.object,6,car,NOV,car,NOV,car,NOV,car,NOV,car,NOV
Car,No.other.fixed.or.stationary.object,6,car,NOV,car,NOV,car,NOV,car,NOV,car,NOV
Car,No.other.fixed.or.stationary.object,6,car,NOV,car,NOV,car,NOV,car,NOV,car,NOV
Car,No.other.fixed.or.stationary.object,6,car,NOV,car,NOV,car,NOV,car,NOV,car,NOV
Car,No.other.fixed.or.stationary.object,6,car,NOV,car,NOV,car,NOV,car,NOV,car,NOV
Car,No.other.fixed.or.stationary.object,6,car,NOV,car,NOV,car,NOV,car,NOV,car,NOV
Car,No.other.fixed.or.stationary.object,6,car,NOV,car,NOV,car,NOV,car,NOV,car,NOV
Car,No.other.fixed.or.stationary.object,6,car,NOV,car,NOV,car,NOV,car,NOV,car,NOV
Car,No.other.fixed.or.stationary.object,6,car,NOV,car,NOV,car,NOV,car,NOV,car,NOV
Car,No.other.fixed.or.stationary.object,6,car,NOV,car,NOV,car,NOV,car,NOV,car,NOV
Car,No.other.fixed.or.stationary.object,6,car,NOV,car,NOV,car,NOV,car,NOV,car,NOV
Car,No.other.fixed.or.stationary.object,6,car,NOV,car,NOV,car,NOV,car,NOV,car,NOV
Car,No.other.fixed.or.stationary.object,6,car,NOV,car,NOV,car,NOV,car,NOV,car,NOV
Car,No.other.fixed.or.stationary.object,6,car,NOV,car,NOV,car,NOV,car,NOV,car,NOV
Car,No.other.fixed.or.stationary.object,6,car,NOV,car,NOV,car,NOV,car,NOV,car,NOV
Car,No.other.fixed.or.stationary.object,6,car,NOV,car,NOV,car,NOV,car,NOV,car,NOV
Car,No.other.fixed.or.stationary.object,6,car,NOV,car,NOV,car,NOV,car,NOV,car,NOV
Car,No.other.fixed.or.stationary.object,6,car,NOV,car,NOV,car,NOV,car,NOV,car,NOV
Car,No.other.fixed.or.stationary.object,6,car,NOV,car,NOV,car,NOV,car,NOV,car,NOV
Car,No.other.fixed.or.stationary.object,6,car,NOV,car,NOV,car,NOV,car,NOV,car,NOV
Car,No.other.fixed.or.stationary.object,6,car,NOV,car,NOV,car,NOV,car,NOV,car,NOV
Car,No.other.fixed.or.stationary.object,6,car,NOV,car,NOV,car,NOV,car,NOV,car,NOV
Car,No.other.fixed.or.stationary.object,6,car,NOV,car,NOV,car,NOV,car,NOV,car,NOV
Car,No.other.fixed.or.stationary.object,6,car,NOV,car,NOV,car,NOV,car,NOV,car,NOV
Car,No.other.fixed.or.stationary.object,6,car,NOV,car,NOV,car,NOV,car,NOV,car,NOV
Car,No.other.fixed.or.stationary.object,6,car,NOV,car,NOV,car,NOV,car,NOV,car,NOV
Car,No.other.fixed.or.stationary.object,6,car,NOV,car,NOV,car,NOV,car,NOV,car,NOV
Car,No.other.fixed.or.stationary.object,6,car,NOV,car,NOV,car,NOV,car,NOV,car,NOV
Car,No.other.fixed.or.stationary.object,6,car,NOV,car,NOV,car,NOV,car,NOV,car,NOV
Car,No.other.fixed.or.stationary.object,6,car,NOV,car,NOV,car,NOV,car,NOV,car,NOV
Car,No.other.fixed.or.stationary.object,6,car,NOV,car,NOV,car,NOV,car,NOV,car,NOV
Car,No.other.fixed.or.stationary.object,6,car,NOV,car,NOV,car,NOV,car,NOV,car,NOV
Car,No.other.fixed.or.stationary.object,6,car,NOV,car,NOV,car,NOV,car,NOV,car,NOV
Car,No.other.fixed.or.stationary.object,6,car,NOV,car,NOV,car,NOV,car,NOV,car,NOV
Car,No.other.fixed.or.stationary.object,6,car,NOV,car,NOV,car,NOV,car,NOV,car,NOV
Car,No.other.fixed.or.stationary.object,6,car,NOV,car,NOV,car,NOV,car,NOV,car,NOV
Car,No.other.fixed.or.stationary.object,6,car,NOV,car,NOV,car,NOV,car,NOV,car,NOV
Car,No.other.fixed.or.stationary.object,6,car,NOV,car,NOV,car,NOV,car,NOV,car,NOV
Car,No.other.fixed.or.stationary.object,6,car,NOV,car,NOV,car,NOV,car,NOV,car,NOV
Car,No.other.fixed.or.stationary.object,6,car,NOV,car,NOV,car,NOV,car,NOV,car,NOV
Car,No.other.fixed.or.stationary.object,6,car,NOV,car,NOV,car,NOV,car,NOV,car,NOV
Car,No.other.fixed.or.stationary.object,6,car,NOV,car,NOV,car,NOV,car,NOV,car,NOV
Car,No.other.fixed.or.stationary.object,6,car,NOV,car,NOV,car,NOV,car,NOV,car,NOV
Car,No.other.fixed.or.stationary.object,6,car,NOV,car,NOV,car,NOV,car,NOV,car,NOV
Car,No.other.fixed.or.stationary.object,6,car,NOV,car,NOV,car,NOV,car,NOV,car,NOV
Car,No.other.fixed.or.stationary.object,6,car,NOV,car,NOV,car,NOV,car,NOV,car,NOV
Car,No.other.fixed.or.stationary.object,6,car,NOV,car,NOV,car,NOV,car,NOV,car,NOV
Car,No.other.fixed.or.stationary.object,6,car,NOV,car,NOV,car,NOV,car,NOV,car,NOV
Car,No.other.fixed.or.stationary.object,6,car,NOV,car,NOV,car,NOV,car,NOV,car,NOV
Car,No.other.fixed.or.stationary.object,6,car,NOV,car,NOV,car,NOV,car,NOV,car,NOV
Car,No.other.fixed.or.stationary.object,6,car,NOV,car,NOV,car,NOV,car,NOV,car,NOV
Car,No.other.fixed.or.stationary.object,6,car,NOV,car,NOV,car,NOV,car,NOV,car,NOV
Car,No.other.fixed.or.stationary.object,6,car,NOV,car,NOV,car,NOV,car,NOV,car,NOV
Car,No.other.fixed.or.stationary.object,6,car,NOV,car,NOV,car,NOV,car,NOV,car,NOV
Car,No.other.fixed.or.stationary.object,6,car,NOV,car,NOV,car,NOV,car,NOV,car,NOV
Car,No.other.fixed.or.stationary.object,6,car,NOV,car,NOV,car,NOV,car,NOV,car,NOV
Car,No.other.fixed.or.stationary.object,6,car,NOV,car,NOV,car,NOV,car,NOV,car,NOV
Car,No.other.fixed.or.stationary.object,6,car,NOV,car,NOV,car,NOV,car,NOV,car,NOV
Car,No.other.fixed.or.stationary.object,6,car,NOV,car,NOV,car,NOV,car,NOV,car,NOV
Car,No.other.fixed.or.stationary.object,6,car,NOV,car,NOV,car,NOV,car,NOV,car,NOV
Car,No.other.fixed.or.stationary.object,6,car,NOV,car,NOV,car,NOV,car,NOV,car,NOV
Car,No.other.fixed.or.stationary.object,6,car,NOV,car,NOV,car,NOV,car,NOV,car,NOV
Car,motorcycle,6,car,motorcycle,car,motorcycle,car,motorcycle,car,motorcycle,car,motorcycle
Car,motorcycle,6,car,motorcycle,car,motorcycle,car,motorcycle,car,motorcycle,car,motorcycle
Car,motorcycle,6,car,motorcycle,car,motorcycle,car,motorcycle,car,motorcycle,car,motorcycle
Car,car,6,car,car,car,car,car,car,car,car,car,car
Car,car,6,car,car,car,car,car,car,car,car,car,car
Car,car,6,car,car,car,car,car,car,car,car,car,car
Car,car,6,car,car,car,car,car,car,car,car,car,car
Car,car,6,car,car,car,car,car,car,car,car,car,car
Car,car,6,car,car,car,car,car,car,car,car,car,car
Car,car,6,car,car,car,car,car,car,car,car,car,car
Car,car,6,car,car,car,car,car,car,car,car,car,car
Car,car,6,car,car,car,car,car,car,car,car,car,car
Car,car,6,car,car,car,car,car,car,car,car,car,car
Car,car,6,car,car,car,car,car,car,car,car,car,car
Car,car,6,car,car,car,car,car,car,car,car,car,car
Car,car,6,car,car,car,car,car,car,car,car,car,car
Car,car,6,car,car,car,car,car,car,car,car,car,car
Car,car,6,car,car,car,car,car,car,car,car,car,car
Car,car,6,car,car,car,car,car,car,car,car,car,car
Car,car,6,car,car,car,car,car,car,car,car,car,car
Car,car,6,car,car,car,car,car,car,car,car,car,car
Car,car,6,car,car,car,car,car,car,car,car,car,car
Car,car,6,car,car,car,car,car,car,car,car,car,car
Car,car,6,car,car,car,car,car,car,car,car,car,car
Car,car,6,car,car,car,car,car,car,car,car,car,car
Car,car,6,car,car,car,car,car,car,car,car,car,car
Car,car,6,car,car,car,car,car,car,car,car,car,car
Car,car,6,car,car,car,car,car,car,car,car,car,car
Car,car,6,car,car,car,car,car,car,car,car,car,car
Car,car,6,car,car,car,car,car,car,car,car,car,car
Car,car,6,car,car,car,car,car,car,car,car,car,car
Car,car,6,car,car,car,car,car,car,car,car,car,car
Car,car,6,car,car,car,car,car,car,car,car,car,car
Car,car,6,car,car,car,car,car,car,car,car,car,car
Car,car,6,car,car,car,car,car,car,car,car,car,car
Car,car,6,car,car,car,car,car,car,car,car,car,car
Car,car,6,car,car,car,car,car,car,car,car,car,car
Car,car,6,car,car,car,car,car,car,car,car,car,car
Car,car,6,car,car,car,car,car,car,car,car,car,car
Car,car,6,car,car,car,car,car,car,car,car,car,car
Car,car,6,car,car,car,car,car,car,car,car,car,car
Car,car,6,car,car,car,car,car,car,car,car,car,car
Car,car,6,car,car,car,car,car,car,car,car,car,car
Car,car,6,car,car,car,car,car,car,car,car,car,car
Car,car,6,car,car,car,car,car,car,car,car,car,car
Car,car,6,car,car,car,car,car,car,car,car,car,car
Car,car,6,car,car,car,car,car,car,car,car,car,car
Car,car,6,car,car,car,car,car,car,car,car,car,car
Car,car,6,car,car,car,car,car,car,car,car,car,car
Car,car,6,car,car,car,car,car,car,car,car,car,car
Car,car,6,car,car,car,car,car,car,car,car,car,car
Car,car,6,car,car,car,car,car,car,car,car,car,car
Car,car,6,car,car,car,car,car,car,car,car,car,car
Car,car,6,car,car,car,car,car,car,car,car,car,car
Car,car,6,car,car,car,car,car,car,car,car,car,car
Car,car,6,car,car,car,car,car,car,car,car,car,car
Car,car,6,car,car,car,car,car,car,car,car,car,car
Car,car,6,car,car,car,car,car,car,car,car,car,car
Car,car,6,car,car,car,car,car,car,car,car,car,car
Car,car,6,car,car,car,car,car,car,car,car,car,car
Car,car,6,car,car,car,car,car,car,car,car,car,car
Car,car,6,car,car,car,car,car,car,car,car,car,car
Car,car,6,car,car,car,car,car,car,car,car,car,car
Car,car,6,car,car,car,car,car,car,car,car,car,car
Car,car,6,car,car,car,car,car,car,car,car,car,car
Car,car,6,car,car,car,car,car,car,car,car,car,car
Car,car,6,car,car,car,car,car,car,car,car,car,car
Car,car,6,car,car,car,car,car,car,car,car,car,car
Car,car,6,car,car,car,car,car,car,car,car,car,car
Car,car,6,car,car,car,car,car,car,car,car,car,car
Car,car,6,car,car,car,car,car,car,car,car,car,car
Car,car,6,car,car,car,car,car,car,car,car,car,car
Car,car,6,car,car,car,car,car,car,car,car,car,car
Car,car,6,car,car,car,car,car,car,car,car,car,car
Car,car,6,car,car,car,car,car,car,car,car,car,car
Car,car,6,car,car,car,car,car,car,car,car,car,car
Car,car,6,car,car,car,car,car,car,car,car,car,car
Car,car,6,car,car,car,car,car,car,car,car,car,car
Car,Bus,6,car,bus,car,bus,car,bus,car,bus,car,bus
Car,Bus,6,car,bus,car,bus,car,bus,car,bus,car,bus
Car,Bus,6,car,bus,car,bus,car,bus,car,bus,car,bus
Car,Bus,6,car,bus,car,bus,car,bus,car,bus,car,bus
Car,Bus,6,car,bus,car,bus,car,bus,car,bus,car,bus
Car,Bus,6,car,bus,car,bus,car,bus,car,bus,car,bus
Car,Bus,6,car,bus,car,bus,car,bus,car,bus,car,bus
Car,Bus,6,car,bus,car,bus,car,bus,car,bus,car,bus
Car,Bus,6,car,bus,car,bus,car,bus,car,bus,car,bus
Car,Bus,6,car,bus,car,bus,car,bus,car,bus,car,bus
Car,Bus,6,car,bus,car,bus,car,bus,car,bus,car,bus
Car,Bus,6,car,bus,car,bus,car,bus,car,bus,car,bus
Car,Bus,6,car,bus,car,bus,car,bus,car,bus,car,bus
Car,Bus,6,car,bus,car,bus,car,bus,car,bus,car,bus
Car,Bus,6,car,bus,car,bus,car,bus,car,bus,car,bus
Car,Bus,6,car,bus,car,bus,car,bus,car,bus,car,bus
Car,Bus,6,car,bus,car,bus,car,bus,car,bus,car,bus
Car,Bus,6,car,bus,car,bus,car,bus,car,bus,car,bus
Car,Bus,6,car,bus,car,bus,car,bus,car,bus,car,bus
Car,Bus,6,car,bus,car,bus,car,bus,car,bus,car,bus
Car,Bus,6,car,bus,car,bus,car,bus,car,bus,car,bus
Car,Bus,6,car,bus,car,bus,car,bus,car,bus,car,bus
Car,Bus,6,car,bus,car,bus,car,bus,car,bus,car,bus
Car,Bus,6,car,bus,car,bus,car,bus,car,bus,car,bus
Car,Bus,6,car,bus,car,bus,car,bus,car,bus,car,bus
Car,Bus,6,car,bus,car,bus,car,bus,car,bus,car,bus
Car,Bus,6,car,bus,car,bus,car,bus,car,bus,car,bus
Car,Bus,6,car,bus,car,bus,car,bus,car,bus,car,bus
Car,Bus,6,car,bus,car,bus,car,bus,car,bus,car,bus
Car,Bus,6,car,bus,car,bus,car,bus,car,bus,car,bus
Car,Bus,6,car,bus,car,bus,car,bus,car,bus,car,bus
Car,Bus,6,car,bus,car,bus,car,bus,car,bus,car,bus
Car,Bus,6,car,bus,car,bus,car,bus,car,bus,car,bus
Car,Bus,6,car,bus,car,bus,car,bus,car,bus,car,bus
Car,Bus,6,car,bus,car,bus,car,bus,car,bus,car,bus
Car,Bus,6,car,bus,car,bus,car,bus,car,bus,car,bus
Car,Bus,6,car,bus,car,bus,car,bus,car,bus,car,bus
Car,Bus,6,car,bus,car,bus,car,bus,car,bus,car,bus
Car,Bus,6,car,bus,car,bus,car,bus,car,bus,car,bus
Car,Bus,6,car,bus,car,bus,car,bus,car,bus,car,bus
Car,Bus,6,car,bus,car,bus,car,bus,car,bus,car,bus
Car,Bus,6,car,bus,car,bus,car,bus,car,bus,car,bus
Car,Bus,6,car,bus,car,bus,car,bus,car,bus,car,bus
Car,Bus,6,car,bus,car,bus,car,bus,car,bus,car,bus
Car,Bus,6,car,bus,car,bus,car,bus,car,bus,car,bus
Car,Bus,6,car,bus,car,bus,car,bus,car,bus,car,bus
Car,Bus,6,car,bus,car,bus,car,bus,car,bus,car,bus
Car,Bus,6,car,bus,car,bus,car,bus,car,bus,car,bus
Car,Bus,6,car,bus,car,bus,car,bus,car,bus,car,bus
Car,Bus,6,car,bus,car,bus,car,bus,car,bus,car,bus
Car,Bus,6,car,bus,car,bus,car,bus,car,bus,car,bus
Car,Bus,6,car,bus,car,bus,car,bus,car,bus,car,bus
Car,Bus,6,car,bus,car,bus,car,bus,car,bus,car,bus
Car,Bus,6,car,bus,car,bus,car,bus,car,bus,car,bus
Car,Bus,6,car,bus,car,bus,car,bus,car,bus,car,bus
Car,Bus,6,car,bus,car,bus,car,bus,car,bus,car,bus
Car,Bus,6,car,bus,car,bus,car,bus,car,bus,car,bus
Car,Bus,6,car,bus,car,bus,car,bus,car,bus,car,bus
Car,Bus,6,car,bus,car,bus,car,bus,car,bus,car,bus
Car,Bus,6,car,bus,car,bus,car,bus,car,bus,car,bus
Car,Bus,6,car,bus,car,bus,car,bus,car,bus,car,bus
Car,Bus,6,car,bus,car,bus,car,bus,car,bus,car,bus
Car,Bus,6,car,bus,car,bus,car,bus,car,bus,car,bus
Car,Bus,6,car,bus,car,bus,car,bus,car,bus,car,bus
Car,Bus,6,car,bus,car,bus,car,bus,car,bus,car,bus
Car,Bus,6,car,bus,car,bus,car,bus,car,bus,car,bus
Car,Bus,6,car,bus,car,bus,car,bus,car,bus,car,bus
Car,Bus,6,car,bus,car,bus,car,bus,car,bus,car,bus
Car,Bus,6,car,bus,car,bus,car,bus,car,bus,car,bus
Car,Bus,6,car,bus,car,bus,car,bus,car,bus,car,bus
Car,Bus,6,car,bus,car,bus,car,bus,car,bus,car,bus
Car,Bus,6,car,bus,car,bus,car,bus,car,bus,car,bus
Car,Bus,6,car,bus,car,bus,car,bus,car,bus,car,bus
Car,Bus,6,car,bus,car,bus,car,bus,car,bus,car,bus
Car,Bus,6,car,bus,car,bus,car,bus,car,bus,car,bus
Car,Bus,6,car,bus,car,bus,car,bus,car,bus,car,bus
Car,Bus,6,car,bus,car,bus,car,bus,car,bus,car,bus
Car,Bus,6,car,bus,car,bus,car,bus,car,bus,car,bus
Car,Bus,6,car,bus,car,bus,car,bus,car,bus,car,bus
Car,Bus,6,car,bus,car,bus,car,bus,car,bus,car,bus
Car,Bus,6,car,bus,car,bus,car,bus,car,bus,car,bus
Car,Bus,6,car,bus,car,bus,car,bus,car,bus,car,bus
Car,Bus,6,car,bus,car,bus,car,bus,car,bus,car,bus
Car,Bus,6,car,bus,car,bus,car,bus,car,bus,car,bus
Car,Bus,6,car,bus,car,bus,car,bus,car,bus,car,bus
Car,Bus,6,car,bus,car,bus,car,bus,car,bus,car,bus
Car,Bus,6,car,bus,car,bus,car,bus,car,bus,car,bus
Car,Bus,6,car,bus,car,bus,car,bus,car,bus,car,bus
Car,Bus,6,car,bus,car,bus,car,bus,car,bus,car,bus
Car,Railway.train.railway.vehicle,6,car,rail,car,rail,car,rail,car,rail,car,rail
Car,NA,6,car,car,car,car,car,NOV,car,car,car,NOV
Car,NA,6,car,car,car,car,car,bus,car,bus,car,NOV
Car,NA,6,car,NOV,car,bus,car,NOV,car,car,car,bus
Car,NA,6,car,NOV,car,NOV,car,NOV,car,NOV,car,car
Car,NA,6,car,car,car,NOV,car,NOV,car,car,car,bus
Car,NA,6,car,bus,car,car,car,NOV,car,bus,car,bus
Car,NA,6,car,NOV,car,NOV,car,bus,car,NOV,car,NOV
Car,NA,6,car,NOV,car,car,car,bus,car,car,car,car
Car,NA,6,car,bus,car,car,car,car,car,bus,car,NOV
Car,NA,6,car,NOV,car,NOV,car,NOV,car,bus,car,bus
Car,NA,6,car,NOV,car,NOV,car,NOV,car,NOV,car,bus
Car,NA,6,car,NOV,car,bus,car,NOV,car,car,car,NOV
Car,NA,6,car,motorcycle,car,NOV,car,bus,car,NOV,car,NOV
Car,NA,6,car,NOV,car,bus,car,NOV,car,NOV,car,bus
Car,NA,6,car,bus,car,NOV,car,bus,car,car,car,NOV
Car,NA,6,car,NOV,car,NOV,car,bus,car,NOV,car,NOV
Car,NA,6,car,car,car,NOV,car,bus,car,NOV,car,NOV
Car,NA,6,car,NOV,car,NOV,car,NOV,car,bus,car,NOV
Car,NA,6,car,NOV,car,NOV,car,bus,car,bus,car,NOV
Car,NA,6,car,car,car,car,car,NOV,car,NOV,car,NOV
Car,NA,6,car,NOV,car,bus,car,car,car,car,car,NOV
Car,NA,6,car,car,car,bus,car,NOV,car,NOV,car,car
Car,NA,6,car,NOV,car,NOV,car,NOV,car,NOV,car,bus
Car,NA,6,car,NOV,car,NOV,car,car,car,NOV,car,NOV
Car,NA,6,car,car,car,NOV,car,NOV,car,bus,car,NOV
Car,NA,6,car,NOV,car,NOV,car,NOV,car,car,car,NOV
Car,NA,6,car,bus,car,NOV,car,car,car,NOV,car,bus
Car,NA,6,car,NOV,car,bus,car,bus,car,car,car,car
Car,NA,6,car,bus,car,NOV,car,NOV,car,car,car,NOV
Car,NA,6,car,car,car,NOV,car,car,car,NOV,car,NOV
Car,NA,6,car,NOV,car,car,car,NOV,car,NOV,car,NOV
Car,NA,6,car,bus,car,car,car,NOV,car,NOV,car,NOV
Car,NA,6,car,NOV,car,NOV,car,NOV,car,bus,car,car
Car,NA,6,car,car,car,NOV,car,NOV,car,NOV,car,bus
Car,NA,6,car,car,car,bus,car,NOV,car,bus,car,NOV
Car,NA,6,car,NOV,car,NOV,car,NOV,car,NOV,car,bus
Car,NA,6,car,NOV,car,bus,car,bus,car,bus,car,NOV
Car,NA,6,car,NOV,car,bus,car,NOV,car,NOV,car,bus
Car,NA,6,car,NOV,car,NOV,car,car,car,car,car,bus
Car,NA,6,car,bus,car,bus,car,NOV,car,NOV,car,NOV
Car,NA,6,car,NOV,car,NOV,car,NOV,car,car,car,car
Car,NA,6,car,bus,car,NOV,car,car,car,NOV,car,car
Car,NA,6,car,car,car,NOV,car,NOV,car,bus,car,NOV
Car,NA,6,car,NOV,car,NOV,car,bus,car,NOV,car,bus
Car,NA,6,car,car,car,NOV,car,NOV,car,car,car,NOV
Car,NA,6,car,bus,car,car,car,car,car,NOV,car,car
Car,NA,6,car,NOV,car,NOV,car,car,car,NOV,car,car
Car,NA,6,car,bus,car,NOV,car,NOV,car,NOV,car,bus
Car,NA,6,car,NOV,car,bus,car,bus,car,bus,car,NOV
Car,NA,6,car,bus,car,NOV,car,bus,car,NOV,car,bus
Car,NA,6,car,bus,car,NOV,car,NOV,car,bus,car,NOV
Car,NA,6,car,NOV,car,NOV,car,car,car,NOV,car,NOV
Car,NA,6,car,bus,car,bus,car,car,car,NOV,car,NOV
Car,NA,6,car,NOV,car,NOV,car,NOV,car,car,car,bus
Car,NA,6,car,NOV,car,NOV,car,NOV,car,NOV,car,NOV
Car,NA,6,car,bus,car,NOV,car,NOV,car,NOV,car,NOV
Car,NA,6,car,bus,car,bus,car,car,car,NOV,car,NOV
Car,NA,6,car,bus,car,NOV,car,NOV,car,bus,car,NOV
Car,NA,6,car,bus,car,NOV,car,NOV,car,bus,car,NOV
Car,NA,6,car,NOV,car,NOV,car,NOV,car,NOV,car,bus
Car,NA,6,car,NOV,car,NOV,car,NOV,car,bus,car,bus
Car,NA,6,car,bus,car,bus,car,bus,car,bus,car,car
Car,NA,6,car,NOV,car,NOV,car,NOV,car,NOV,car,NOV
Car,NA,6,car,NOV,car,NOV,car,bus,car,bus,car,bus
Car,NA,6,car,NOV,car,bus,car,NOV,car,NOV,car,car
Car,NA,6,car,car,car,bus,car,car,car,NOV,car,NOV
Car,NA,6,car,NOV,car,car,car,NOV,car,NOV,car,NOV
Car,NA,6,car,car,car,NOV,car,NOV,car,NOV,car,bus
Car,NA,6,car,motorcycle,car,NOV,car,motorcycle,car,NOV,car,bus
Car,NA,6,car,NOV,car,NOV,car,bus,car,bus,car,NOV
Car,NA,6,car,bus,car,NOV,car,car,car,bus,car,bus
Car,NA,6,car,bus,car,bus,car,car,car,NOV,car,bus
Car,NA,6,car,bus,car,NOV,car,NOV,car,NOV,car,NOV
Car,NA,6,car,NOV,car,NOV,car,bus,car,NOV,car,NOV
Car,NA,6,car,bus,car,NOV,car,bus,car,NOV,car,NOV
Car,NA,6,car,car,car,car,car,bus,car,bus,car,NOV
Car,NA,6,car,NOV,car,NOV,car,car,car,NOV,car,NOV
Car,NA,6,car,car,car,NOV,car,NOV,car,NOV,car,car
Car,NA,6,car,bus,car,car,car,NOV,car,NOV,car,bus
Car,NA,6,car,NOV,car,bus,car,bus,car,NOV,car,NOV
Car,NA,6,car,NOV,car,NOV,car,motorcycle,car,NOV,car,NOV
Car,NA,6,car,NOV,car,NOV,car,bus,car,bus,car,NOV
Car,NA,6,car,NOV,car,bus,car,NOV,car,NOV,car,NOV
Car,NA,6,car,NOV,car,car,car,bus,car,NOV,car,NOV
Car,NA,6,car,NOV,car,car,car,NOV,car,car,car,NOV
Car,NA,6,car,car,car,NOV,car,NOV,car,bus,car,car
Car,NA,6,car,bus,car,NOV,car,NOV,car,NOV,car,car
Car,NA,6,car,NOV,car,NOV,car,NOV,car,bus,car,bus
Car,NA,6,car,NOV,car,NOV,car,bus,car,bus,car,bus
Car,NA,6,car,bus,car,car,car,car,car,bus,car,NOV
Car,NA,6,car,NOV,car,bus,car,NOV,car,bus,car,NOV
Car,NA,6,car,bus,car,car,car,NOV,car,NOV,car,NOV
Car,NA,6,car,NOV,car,NOV,car,bus,car,NOV,car,bus
Car,NA,6,car,car,car,car,car,NOV,car,NOV,car,car
Car,NA,6,car,car,car,car,car,bus,car,NOV,car,car
Car,NA,6,car,NOV,car,NOV,car,car,car,car,car,NOV
Car,NA,6,car,NOV,car,car,car,car,car,NOV,car,NOV
Car,NA,6,car,NOV,car,NOV,car,car,car,bus,car,bus
Car,NA,6,car,bus,car,car,car,NOV,car,NOV,car,NOV
Car,NA,6,car,NOV,car,car,car,NOV,car,car,car,car
Car,NA,6,car,bus,car,bus,car,car,car,NOV,car,NOV
Car,NA,6,car,car,car,bus,car,NOV,car,bus,car,NOV
Car,NA,6,car,NOV,car,NOV,car,NOV,car,car,car,NOV
Car,NA,6,car,NOV,car,NOV,car,NOV,car,NOV,car,NOV
Car,NA,6,car,car,car,bus,car,NOV,car,bus,car,bus
Car,NA,6,car,car,car,NOV,car,bus,car,bus,car,bus
Car,NA,6,car,bus,car,bus,car,NOV,car,car,car,NOV
Car,NA,6,car,car,car,NOV,car,NOV,car,NOV,car,car
Car,NA,6,car,bus,car,car,car,NOV,car,NOV,car,NOV
Car,NA,6,car,rail,car,NOV,car,NOV,car,bus,car,NOV
Car,NA,6,car,NOV,car,NOV,car,bus,car,car,car,NOV
Car,NA,6,car,bus,car,NOV,car,car,car,car,car,NOV
Car,NA,6,car,car,car,bus,car,car,car,bus,car,NOV
Car,NA,6,car,NOV,car,NOV,car,NOV,car,bus,car,NOV
Car,NA,6,car,NOV,car,NOV,car,bus,car,car,car,car
Car,NA,6,car,bus,car,bus,car,bus,car,NOV,car,NOV
Car,NA,6,car,car,car,bus,car,NOV,car,bus,car,NOV
Car,NA,6,car,car,car,bus,car,NOV,car,NOV,car,NOV
Car,NA,6,car,NOV,car,NOV,car,bus,car,NOV,car,NOV
Car,NA,6,car,NOV,car,bus,car,NOV,car,NOV,car,NOV
Car,NA,6,car,bus,car,NOV,car,NOV,car,bus,car,NOV
Car,NA,6,car,NOV,car,NOV,car,NOV,car,bus,car,NOV
Car,NA,6,car,NOV,car,bus,car,NOV,car,NOV,car,NOV
Car,NA,6,car,NOV,car,car,car,NOV,car,NOV,car,NOV
Car,NA,6,car,NOV,car,car,car,car,car,NOV,car,car
Car,NA,6,car,bus,car,NOV,car,car,car,bus,car,NOV
Car,NA,6,car,bus,car,NOV,car,rail,car,NOV,car,bus
Car,NA,6,car,car,car,bus,car,car,car,car,car,NOV
Car,NA,6,car,bus,car,NOV,car,bus,car,NOV,car,bus
Car,NA,6,car,NOV,car,bus,car,NOV,car,car,car,bus
Car,NA,6,car,NOV,car,car,car,NOV,car,NOV,car,NOV
Car,NA,6,car,NOV,car,car,car,car,car,NOV,car,NOV
Car,NA,6,car,NOV,car,NOV,car,car,car,NOV,car,NOV
Car,NA,6,car,NOV,car,bus,car,bus,car,NOV,car,car
Car,NA,6,car,bus,car,car,car,NOV,car,NOV,car,bus
Car,NA,6,car,bus,car,NOV,car,car,car,NOV,car,bus
Car,NA,6,car,car,car,motorcycle,car,bus,car,NOV,car,NOV
Car,NA,6,car,car,car,car,car,car,car,NOV,car,bus
Car,NA,6,car,NOV,car,NOV,car,NOV,car,NOV,car,NOV
Car,NA,6,car,car,car,car,car,NOV,car,NOV,car,car
Car,NA,6,car,car,car,car,car,NOV,car,NOV,car,NOV
Car,NA,6,car,NOV,car,NOV,car,car,car,NOV,car,NOV
Car,NA,6,car,NOV,car,NOV,car,bus,car,car,car,bus
Car,NA,6,car,bus,car,bus,car,NOV,car,NOV,car,bus
Car,NA,6,car,NOV,car,NOV,car,NOV,car,NOV,car,NOV
Car,NA,6,car,NOV,car,NOV,car,NOV,car,NOV,car,bus
Car,NA,6,car,bus,car,car,car,bus,car,NOV,car,NOV
Car,NA,6,car,NOV,car,NOV,car,NOV,car,NOV,car,NOV
Car,NA,6,car,car,car,NOV,car,car,car,bus,car,NOV
Car,NA,6,car,car,car,NOV,car,bus,car,NOV,car,NOV
Car,NA,6,car,NOV,car,NOV,car,bus,car,NOV,car,NOV
Car,NA,6,car,bus,car,bus,car,NOV,car,NOV,car,bus
Car,NA,6,car,NOV,car,NOV,car,car,car,bus,car,bus
Car,NA,6,car,NOV,car,car,car,NOV,car,bus,car,NOV
Car,NA,6,car,bus,car,bus,car,car,car,bus,car,bus
Car,NA,6,car,bus,car,bus,car,NOV,car,car,car,car
Car,NA,6,car,bus,car,NOV,car,bus,car,NOV,car,car
Car,NA,6,car,NOV,car,bus,car,NOV,car,NOV,car,bus
Car,NA,6,car,car,car,NOV,car,NOV,car,NOV,car,car
Car,NA,6,car,NOV,car,NOV,car,NOV,car,bus,car,NOV
Car,NA,6,car,car,car,bus,car,NOV,car,NOV,car,bus
Car,NA,6,car,NOV,car,NOV,car,NOV,car,NOV,car,car
Car,NA,6,car,NOV,car,bus,car,NOV,car,NOV,car,motorcycle
Car,NA,6,car,bus,car,NOV,car,NOV,car,bus,car,NOV
Car,NA,6,car,NOV,car,car,car,NOV,car,NOV,car,car
Car,NA,6,car,NOV,car,bus,car,car,car,bus,car,NOV
Car,NA,6,car,NOV,car,car,car,bus,car,NOV,car,bus
Car,NA,6,car,NOV,car,car,car,NOV,car,NOV,car,bus
Car,NA,6,car,bus,car,NOV,car,bus,car,car,car,NOV
Car,NA,6,car,NOV,car,NOV,car,NOV,car,NOV,car,NOV
Car,NA,6,car,NOV,car,NOV,car,bus,car,NOV,car,bus
Car,NA,6,car,car,car,bus,car,NOV,car,car,car,bus
Car,NA,6,car,NOV,car,car,car,NOV,car,car,car,car
Car,NA,6,car,car,car,NOV,car,NOV,car,bus,car,NOV
Car,NA,6,car,car,car,NOV,car,bus,car,NOV,car,NOV
Car,NA,6,car,bus,car,NOV,car,car,car,NOV,car,NOV
Car,NA,6,car,car,car,bus,car,NOV,car,NOV,car,car
Car,NA,6,car,NOV,car,NOV,car,NOV,car,NOV,car,bus
Car,NA,6,car,NOV,car,NOV,car,NOV,car,NOV,car,car
Car,NA,6,car,car,car,NOV,car,bus,car,NOV,car,bus
Car,NA,6,car,bus,car,bus,car,NOV,car,car,car,NOV
Car,NA,6,car,NOV,car,bus,car,NOV,car,bus,car,NOV
Car,NA,6,car,bus,car,NOV,car,NOV,car,NOV,car,bus
Car,NA,6,car,NOV,car,bus,car,NOV,car,NOV,car,bus
Car,NA,6,car,NOV,car,NOV,car,NOV,car,car,car,NOV
Car,NA,6,car,NOV,car,bus,car,bus,car,NOV,car,NOV
Car,NA,6,car,NOV,car,car,car,bus,car,car,car,NOV
Car,NA,6,car,car,car,NOV,car,car,car,bus,car,car
Car,NA,6,car,NOV,car,bus,car,car,car,bus,car,bus
Car,NA,6,car,NOV,car,NOV,car,NOV,car,car,car,NOV
Car,NA,6,car,NOV,car,NOV,car,bus,car,car,car,bus
Car,NA,6,car,NOV,car,bus,car,car,car,car,car,NOV
Car,NA,6,car,NOV,car,bus,car,bus,car,bus,car,NOV
Car,NA,6,car,NOV,car,bus,car,NOV,car,NOV,car,car
Car,NA,6,car,NOV,car,bus,car,NOV,car,bus,car,NOV
Car,NA,6,car,NOV,car,NOV,car,NOV,car,NOV,car,bus
Car,NA,6,car,bus,car,bus,car,bus,car,car,car,NOV
Car,NA,6,car,car,car,bus,car,NOV,car,NOV,car,car
Car,NA,6,car,NOV,car,car,car,bus,car,NOV,car,car
Car,NA,6,car,bus,car,NOV,car,NOV,car,bus,car,car
Car,NA,6,car,NOV,car,pedestrian,car,NOV,car,NOV,car,NOV
Car,NA,6,car,NOV,car,car,car,NOV,car,NOV,car,bus
Car,NA,6,car,NOV,car,NOV,car,NOV,car,NOV,car,bus
Car,NA,6,car,NOV,car,bus,car,NOV,car,NOV,car,NOV
Car,NA,6,car,NOV,car,bus,car,NOV,car,NOV,car,car
Car,NA,6,car,car,car,NOV,car,NOV,car,car,car,NOV
Car,NA,6,car,car,car,NOV,car,bus,car,NOV,car,NOV
Car,NA,6,car,NOV,car,NOV,car,car,car,car,car,NOV
Car,NA,6,car,NOV,car,bus,car,NOV,car,car,car,car
Car,NA,6,car,NOV,car,NOV,car,car,car,NOV,car,bus
Car,NA,6,car,bus,car,NOV,car,car,car,bus,car,NOV
Car,NA,6,car,NOV,car,car,car,car,car,NOV,car,NOV
Car,NA,6,car,bus,car,NOV,car,NOV,car,NOV,car,NOV
Car,NA,6,car,bus,car,bus,car,NOV,car,car,car,bus
Car,NA,6,car,NOV,car,bus,car,bus,car,NOV,car,bus
Car,NA,6,car,car,car,NOV,car,bus,car,NOV,car,NOV
Car,NA,6,car,car,car,NOV,car,car,car,NOV,car,NOV
Car,NA,6,car,bus,car,bus,car,car,car,bus,car,bus
Car,NA,6,car,NOV,car,NOV,car,bus,car,car,car,car
Car,NA,6,car,car,car,rail,car,NOV,car,NOV,car,NOV
Car,NA,6,car,NOV,car,NOV,car,car,car,NOV,car,NOV
Car,NA,6,car,NOV,car,NOV,car,NOV,car,bus,car,NOV
Car,NA,6,car,NOV,car,bus,car,NOV,car,NOV,car,bus
Car,NA,6,car,NOV,car,NOV,car,NOV,car,NOV,car,car
Car,NA,6,car,NOV,car,bus,car,bus,car,NOV,car,NOV
Car,NA,6,car,NOV,car,NOV,car,car,car,NOV,car,NOV
Car,NA,6,car,bus,car,car,car,bus,car,bus,car,NOV
Car,NA,6,car,car,car,bus,car,NOV,car,bus,car,NOV
Car,NA,6,car,NOV,car,bus,car,NOV,car,car,car,bus
Car,NA,6,car,NOV,car,car,car,NOV,car,car,car,NOV
Car,NA,6,car,NOV,car,car,car,bus,car,NOV,car,NOV
Car,NA,6,car,NOV,car,NOV,car,NOV,car,bus,car,NOV
Car,NA,6,car,NOV,car,NOV,car,NOV,car,NOV,car,NOV
Car,NA,6,car,car,car,NOV,car,NOV,car,NOV,car,bus
Car,NA,6,car,car,car,NOV,car,car,car,bus,car,NOV
Car,NA,6,car,NOV,car,bus,car,NOV,car,NOV,car,car
Car,NA,6,car,NOV,car,NOV,car,car,car,car,car,bus
Car,NA,6,car,car,car,NOV,car,NOV,car,NOV,car,NOV
Car,NA,6,car,car,car,NOV,car,NOV,car,NOV,car,NOV
Car,NA,6,car,NOV,car,car,car,NOV,car,bus,car,NOV
Car,NA,6,car,NOV,car,NOV,car,bus,car,bus,car,car
Car,NA,6,car,bus,car,car,car,bus,car,NOV,car,NOV
Car,NA,6,car,bus,car,bus,car,NOV,car,NOV,car,bus
Car,NA,6,car,NOV,car,car,car,NOV,car,NOV,car,NOV
Car,NA,6,car,NOV,car,NOV,car,bus,car,bus,car,NOV
Car,NA,6,car,NOV,car,NOV,car,NOV,car,car,car,bus
Car,NA,6,car,bus,car,NOV,car,bus,car,NOV,car,NOV
Car,NA,6,car,bus,car,bus,car,car,car,NOV,car,NOV
Car,NOV,6,car,NOV,car,NOV,car,NOV,car,NOV,car,NOV
Car,NOV,6,car,NOV,car,NOV,car,NOV,car,NOV,car,NOV
Car,NOV,6,car,NOV,car,NOV,car,NOV,car,NOV,car,NOV
Car,NOV,6,car,NOV,car,NOV,car,NOV,car,NOV,car,NOV
Car,NOV,6,car,NOV,car,NOV,car,NOV,car,NOV,car,NOV
Car,NOV,6,car,NOV,car,NOV,car,NOV,car,NOV,car,NOV
Car,NOV,6,car,NOV,car,NOV,car,NOV,car,NOV,car,NOV
Car,NOV,6,car,NOV,car,NOV,car,NOV,car,NOV,car,NOV
Car,NOV,6,car,NOV,car,NOV,car,NOV,car,NOV,car,NOV
Car,NOV,6,car,NOV,car,NOV,car,NOV,car,NOV,car,NOV
Car,NOV,6,car,NOV,car,NOV,car,NOV,car,NOV,car,NOV
Car,NOV,6,car,NOV,car,NOV,car,NOV,car,NOV,car,NOV
Car,NOV,6,car,NOV,car,NOV,car,NOV,car,NOV,car,NOV
Car,NOV,6,car,NOV,car,NOV,car,NOV,car,NOV,car,NOV
Car,NOV,6,car,NOV,car,NOV,car,NOV,car,NOV,car,NOV
Car,NOV,6,car,NOV,car,NOV,car,NOV,car,NOV,car,NOV
Car,NOV,6,car,NOV,car,NOV,car,NOV,car,NOV,car,NOV
Car,NOV,6,car,NOV,car,NOV,car,NOV,car,NOV,car,NOV
Car,NOV,6,car,NOV,car,NOV,car,NOV,car,NOV,car,NOV
Car,NOV,6,car,NOV,car,NOV,car,NOV,car,NOV,car,NOV
Car,NOV,6,car,NOV,car,NOV,car,NOV,car,NOV,car,NOV
Car,NOV,6,car,NOV,car,NOV,car,NOV,car,NOV,car,NOV
Car,NOV,6,car,NOV,car,NOV,car,NOV,car,NOV,car,NOV
Car,NOV,6,car,NOV,car,NOV,car,NOV,car,NOV,car,NOV
Car,NOV,6,car,NOV,car,NOV,car,NOV,car,NOV,car,NOV
Car,NOV,6,car,NOV,car,NOV,car,NOV,car,NOV,car,NOV
Car,NOV,6,car,NOV,car,NOV,car,NOV,car,NOV,car,NOV
Car,NOV,6,car,NOV,car,NOV,car,NOV,car,NOV,car,NOV
Car,NOV,6,car,NOV,car,NOV,car,NOV,car,NOV,car,NOV
Car,NOV,6,car,NOV,car,NOV,car,NOV,car,NOV,car,NOV
Car,NOV,6,car,NOV,car,NOV,car,NOV,car,NOV,car,NOV
Car,NOV,6,car,NOV,car,NOV,car,NOV,car,NOV,car,NOV
Car,NOV,6,car,NOV,car,NOV,car,NOV,car,NOV,car,NOV
Car,NOV,6,car,NOV,car,NOV,car,NOV,car,NOV,car,NOV
Car,NOV,6,car,NOV,car,NOV,car,NOV,car,NOV,car,NOV
Car,NOV,6,car,NOV,car,NOV,car,NOV,car,NOV,car,NOV
Car,NOV,6,car,NOV,car,NOV,car,NOV,car,NOV,car,NOV
Car,NOV,6,car,NOV,car,NOV,car,NOV,car,NOV,car,NOV
Car,NOV,6,car,NOV,car,NOV,car,NOV,car,NOV,car,NOV
Car,NOV,6,car,NOV,car,NOV,car,NOV,car,NOV,car,NOV
Car,NOV,6,car,NOV,car,NOV,car,NOV,car,NOV,car,NOV
Car,NOV,6,car,NOV,car,NOV,car,NOV,car,NOV,car,NOV
Car,NOV,6,car,NOV,car,NOV,car,NOV,car,NOV,car,NOV
Car,NOV,6,car,NOV,car,NOV,car,NOV,car,NOV,car,NOV
Car,NOV,6,car,NOV,car,NOV,car,NOV,car,NOV,car,NOV
Car,NOV,6,car,NOV,car,NOV,car,NOV,car,NOV,car,NOV
Car,NOV,6,car,NOV,car,NOV,car,NOV,car,NOV,car,NOV
Car,NOV,6,car,NOV,car,NOV,car,NOV,car,NOV,car,NOV
Car,NOV,6,car,NOV,car,NOV,car,NOV,car,NOV,car,NOV
Car,NOV,6,car,NOV,car,NOV,car,NOV,car,NOV,car,NOV
Car,NOV,6,car,NOV,car,NOV,car,NOV,car,NOV,car,NOV
Car,NOV,6,car,NOV,car,NOV,car,NOV,car,NOV,car,NOV
Car,NOV,6,car,NOV,car,NOV,car,NOV,car,NOV,car,NOV
Car,NOV,6,car,NOV,car,NOV,car,NOV,car,NOV,car,NOV
Car,NOV,6,car,NOV,car,NOV,car,NOV,car,NOV,car,NOV
Car,NOV,6,car,NOV,car,NOV,car,NOV,car,NOV,car,NOV
Car,NOV,6,car,NOV,car,NOV,car,NOV,car,NOV,car,NOV
Car,NOV,6,car,NOV,car,NOV,car,NOV,car,NOV,car,NOV
Car,NOV,6,car,NOV,car,NOV,car,NOV,car,NOV,car,NOV
Car,NOV,6,car,NOV,car,NOV,car,NOV,car,NOV,car,NOV
Car,NOV,6,car,NOV,car,NOV,car,NOV,car,NOV,car,NOV
Car,NOV,6,car,NOV,car,NOV,car,NOV,car,NOV,car,NOV
Car,NOV,6,car,NOV,car,NOV,car,NOV,car,NOV,car,NOV
Car,NOV,6,car,NOV,car,NOV,car,NOV,car,NOV,car,NOV
Car,NOV,6,car,NOV,car,NOV,car,NOV,car,NOV,car,NOV
Car,NOV,6,car,NOV,car,NOV,car,NOV,car,NOV,car,NOV
Car,NOV,6,car,NOV,car,NOV,car,NOV,car,NOV,car,NOV
Car,NOV,6,car,NOV,car,NOV,car,NOV,car,NOV,car,NOV
Car,NOV,6,car,NOV,car,NOV,car,NOV,car,NOV,car,NOV
Car,NOV,6,car,NOV,car,NOV,car,NOV,car,NOV,car,NOV
Car,NOV,6,car,NOV,car,NOV,car,NOV,car,NOV,car,NOV
Car,NOV,6,car,NOV,car,NOV,car,NOV,car,NOV,car,NOV
Car,NOV,6,car,NOV,car,NOV,car,NOV,car,NOV,car,NOV
Car,NOV,6,car,NOV,car,NOV,car,NOV,car,NOV,car,NOV
Car,NOV,6,car,NOV,car,NOV,car,NOV,car,NOV,car,NOV
Car,NOV,6,car,NOV,car,NOV,car,NOV,car,NOV,car,NOV
Car,NOV,6,car,NOV,car,NOV,car,NOV,car,NOV,car,NOV
Car,NOV,6,car,NOV,car,NOV,car,NOV,car,NOV,car,NOV
Car,NOV,6,car,NOV,car,NOV,car,NOV,car,NOV,car,NOV
Car,NOV,6,car,NOV,car,NOV,car,NOV,car,NOV,car,NOV
Car,NOV,6,car,NOV,car,NOV,car,NOV,car,NOV,car,NOV
Car,NOV,6,car,NOV,car,NOV,car,NOV,car,NOV,car,NOV
Car,NOV,6,car,NOV,car,NOV,car,NOV,car,NOV,car,NOV
Car,NOV,6,car,NOV,car,NOV,car,NOV,car,NOV,car,NOV
Car,NOV,6,car,NOV,car,NOV,car,NOV,car,NOV,car,NOV
Car,NOV,6,car,NOV,car,NOV,car,NOV,car,NOV,car,NOV
Car,NOV,6,car,NOV,car,NOV,car,NOV,car,NOV,car,NOV
Car,NOV,6,car,NOV,car,NOV,car,NOV,car,NOV,car,NOV
Car,NOV,6,car,NOV,car,NOV,car,NOV,car,NOV,car,NOV
Car,NOV,6,car,NOV,car,NOV,car,NOV,car,NOV,car,NOV
Car,NOV,6,car,NOV,car,NOV,car,NOV,car,NOV,car,NOV
Car,NOV,6,car,NOV,car,NOV,car,NOV,car,NOV,car,NOV
Car,NOV,6,car,NOV,car,NOV,car,NOV,car,NOV,car,NOV
Car,NOV,6,car,NOV,car,NOV,car,NOV,car,NOV,car,NOV
Car,NOV,6,car,NOV,car,NOV,car,NOV,car,NOV,car,NOV
Car,NOV,6,car,NOV,car,NOV,car,NOV,car,NOV,car,NOV
Car,NOV,6,car,NOV,car,NOV,car,NOV,car,NOV,car,NOV
Car,NOV,6,car,NOV,car,NOV,car,NOV,car,NOV,car,NOV
Car,NOV,6,car,NOV,car,NOV,car,NOV,car,NOV,car,NOV
Car,NOV,6,car,NOV,car,NOV,car,NOV,car,NOV,car,NOV
Car,NOV,6,car,NOV,car,NOV,car,NOV,car,NOV,car,NOV
Car,NOV,6,car,NOV,car,NOV,car,NOV,car,NOV,car,NOV
Car,NOV,6,car,NOV,car,NOV,car,NOV,car,NOV,car,NOV
truck,No.other.fixed.or.stationary.object,6,truck,NOV,truck,NOV,truck,NOV,truck,NOV,truck,NOV
truck,No.other.fixed.or.stationary.object,6,truck,NOV,truck,NOV,truck,NOV,truck,NOV,truck,NOV
truck,No.other.fixed.or.stationary.object,6,truck,NOV,truck,NOV,truck,NOV,truck,NOV,truck,NOV
truck,No.other.fixed.or.stationary.object,6,truck,NOV,truck,NOV,truck,NOV,truck,NOV,truck,NOV
truck,No.other.fixed.or.stationary.object,6,truck,NOV,truck,NOV,truck,NOV,truck,NOV,truck,NOV
truck,No.other.fixed.or.stationary.object,6,truck,NOV,truck,NOV,truck,NOV,truck,NOV,truck,NOV
truck,Bus,6,truck,bus,truck,bus,truck,bus,truck,bus,truck,bus
truck,Bus,6,truck,bus,truck,bus,truck,bus,truck,bus,truck,bus
truck,Bus,6,truck,bus,truck,bus,truck,bus,truck,bus,truck,bus
truck,Bus,6,truck,bus,truck,bus,truck,bus,truck,bus,truck,bus
truck,Bus,6,truck,bus,truck,bus,truck,bus,truck,bus,truck,bus
truck,Bus,6,truck,bus,truck,bus,truck,bus,truck,bus,truck,bus
truck,Bus,6,truck,bus,truck,bus,truck,bus,truck,bus,truck,bus
truck,Bus,6,truck,bus,truck,bus,truck,bus,truck,bus,truck,bus
truck,Bus,6,truck,bus,truck,bus,truck,bus,truck,bus,truck,bus
truck,Bus,6,truck,bus,truck,bus,truck,bus,truck,bus,truck,bus
truck,Bus,6,truck,bus,truck,bus,truck,bus,truck,bus,truck,bus
truck,Bus,6,truck,bus,truck,bus,truck,bus,truck,bus,truck,bus
truck,NA,6,truck,bus,truck,NOV,truck,NOV,truck,bus,truck,NOV
truck,NA,6,truck,NOV,truck,bus,truck,NOV,truck,bus,truck,NOV
truck,NA,6,truck,NOV,truck,NOV,truck,NOV,truck,NOV,truck,NOV
truck,NA,6,truck,bus,truck,NOV,truck,bus,truck,NOV,truck,NOV
truck,NA,6,truck,NOV,truck,bus,truck,NOV,truck,NOV,truck,NOV
truck,NA,6,truck,bus,truck,bus,truck,bus,truck,NOV,truck,bus
truck,NA,6,truck,NOV,truck,bus,truck,NOV,truck,NOV,truck,bus
truck,NA,6,truck,NOV,truck,NOV,truck,NOV,truck,NOV,truck,NOV
truck,NA,6,truck,NOV,truck,NOV,truck,NOV,truck,NOV,truck,NOV
truck,NA,6,truck,NOV,truck,bus,truck,NOV,truck,NOV,truck,bus
truck,NA,6,truck,NOV,truck,NOV,truck,bus,truck,bus,truck,NOV
truck,NA,6,truck,NOV,truck,bus,truck,NOV,truck,bus,truck,bus
truck,NA,6,truck,NOV,truck,bus,truck,NOV,truck,NOV,truck,NOV
truck,NOV,6,truck,NOV,truck,NOV,truck,NOV,truck,NOV,truck,NOV
truck,NOV,6,truck,NOV,truck,NOV,truck,NOV,truck,NOV,truck,NOV
truck,NOV,6,truck,NOV,truck,NOV,truck,NOV,truck,NOV,truck,NOV
truck,NOV,6,truck,NOV,truck,NOV,truck,NOV,truck,NOV,truck,NOV
truck,NOV,6,truck,NOV,truck,NOV,truck,NOV,truck,NOV,truck,NOV
truck,NOV,6,truck,NOV,truck,NOV,truck,NOV,truck,NOV,truck,NOV
truck,NOV,6,truck,NOV,truck,NOV,truck,NOV,truck,NOV,truck,NOV
truck,NOV,6,truck,NOV,truck,NOV,truck,NOV,truck,NOV,truck,NOV
truck,NOV,6,truck,NOV,truck,NOV,truck,NOV,truck,NOV,truck,NOV
truck,NOV,6,truck,NOV,truck,NOV,truck,NOV,truck,NOV,truck,NOV
truck,NOV,6,truck,NOV,truck,NOV,truck,NOV,truck,NOV,truck,NOV
truck,NOV,6,truck,NOV,truck,NOV,truck,NOV,truck,NOV,truck,NOV
truck,NOV,6,truck,NOV,truck,NOV,truck,NOV,truck,NOV,truck,NOV
truck,NOV,6,truck,NOV,truck,NOV,truck,NOV,truck,NOV,truck,NOV
truck,NOV,6,truck,NOV,truck,NOV,truck,NOV,truck,NOV,truck,NOV
truck,NOV,6,truck,NOV,truck,NOV,truck,NOV,truck,NOV,truck,NOV
truck,NOV,6,truck,NOV,truck,NOV,truck,NOV,truck,NOV,truck,NOV
truck,NOV,6,truck,NOV,truck,NOV,truck,NOV,truck,NOV,truck,NOV
Bus,No.other.fixed.or.stationary.object,6,bus,NOV,bus,NOV,bus,NOV,bus,NOV,bus,NOV
Bus,No.other.fixed.or.stationary.object,6,bus,NOV,bus,NOV,bus,NOV,bus,NOV,bus,NOV
Bus,car,6,bus,car,bus,car,bus,car,bus,car,bus,car
Bus,car,6,bus,car,bus,car,bus,car,bus,car,bus,car
Bus,car,6,bus,car,bus,car,bus,car,bus,car,bus,car
Bus,Bus,6,bus,bus,bus,bus,bus,bus,bus,bus,bus,bus
Bus,Bus,6,bus,bus,bus,bus,bus,bus,bus,bus,bus,bus
Bus,Bus,6,bus,bus,bus,bus,bus,bus,bus,bus,bus,bus
Bus,Bus,6,bus,bus,bus,bus,bus,bus,bus,bus,bus,bus
Bus,Bus,6,bus,bus,bus,bus,bus,bus,bus,bus,bus,bus
Bus,Bus,6,bus,bus,bus,bus,bus,bus,bus,bus,bus,bus
Bus,Railway.train.railway.vehicle,6,bus,rail,bus,rail,bus,rail,bus,rail,bus,rail
Bus,Railway.train.railway.vehicle,6,bus,rail,bus,rail,bus,rail,bus,rail,bus,rail
Bus,NA,6,bus,rail,bus,rail,bus,bus,bus,NOV,bus,bus
Bus,NA,6,bus,bus,bus,NOV,bus,car,bus,car,bus,NOV
Bus,NA,6,bus,rail,bus,NOV,bus,NOV,bus,bus,bus,bus
Bus,NA,6,bus,NOV,bus,NOV,bus,NOV,bus,NOV,bus,NOV
Bus,NOV,6,bus,NOV,bus,NOV,bus,NOV,bus,NOV,bus,NOV
Bus,NOV,6,bus,NOV,bus,NOV,bus,NOV,bus,NOV,bus,NOV
Bus,NOV,6,bus,NOV,bus,NOV,bus,NOV,bus,NOV,bus,NOV
Bus,NOV,6,bus,NOV,bus,NOV,bus,NOV,bus,NOV,bus,NOV
Bus,NOV,6,bus,NOV,bus,NOV,bus,NOV,bus,NOV,bus,NOV
Bus,NOV,6,bus,NOV,bus,NOV,bus,NOV,bus,NOV,bus,NOV
Bus,NOV,6,bus,NOV,bus,NOV,bus,NOV,bus,NOV,bus,NOV
Bus,NOV,6,bus,NOV,bus,NOV,bus,NOV,bus,NOV,bus,NOV
Bus,NOV,6,bus,NOV,bus,NOV,bus,NOV,bus,NOV,bus,NOV
Bus,NOV,6,bus,NOV,bus,NOV,bus,NOV,bus,NOV,bus,NOV
Bus,NOV,6,bus,NOV,bus,NOV,bus,NOV,bus,NOV,bus,NOV
Bus,NOV,6,bus,NOV,bus,NOV,bus,NOV,bus,NOV,bus,NOV
Bus,NOV,6,bus,NOV,bus,NOV,bus,NOV,bus,NOV,bus,NOV
Bus,NOV,6,bus,NOV,bus,NOV,bus,NOV,bus,NOV,bus,NOV
Bus,NOV,6,bus,NOV,bus,NOV,bus,NOV,bus,NOV,bus,NOV
Bus,NOV,6,bus,NOV,bus,NOV,bus,NOV,bus,NOV,bus,NOV
Bus,NOV,6,bus,NOV,bus,NOV,bus,NOV,bus,NOV,bus,NOV
Bus,NOV,6,bus,NOV,bus,NOV,bus,NOV,bus,NOV,bus,NOV
Other,NA,6,other,NOV,other,NOV,other,NOV,other,NOV,other,NOV
Other,NA,6,other,NOV,other,NOV,other,NOV,other,NOV,other,NOV
Other,NA,6,other,pedestrian,other,NOV,other,NOV,other,NOV,other,pedestrian
Other,NA,6,other,NOV,other,NOV,other,NOV,other,NOV,other,NOV
Other,NA,6,other,NOV,other,NOV,other,NOV,other,NOV,other,NOV
Other,NA,6,other,pedestrian,other,NOV,other,NOV,other,NOV,other,NOV
Other,NA,6,other,NOV,other,NOV,other,NOV,other,NOV,other,NOV
Other,NA,6,other,NOV,other,NOV,other,NOV,other,NOV,other,NOV
Other,NA,6,other,NOV,other,NOV,other,NOV,other,NOV,other,NOV
Other,NA,6,other,NOV,other,NOV,other,NOV,other,NOV,other,NOV
Other,NA,6,other,NOV,other,NOV,other,NOV,other,NOV,other,NOV
Other,NA,6,other,NOV,other,NOV,other,NOV,other,pedestrian,other,NOV
Other,NA,6,other,NOV,other,NOV,other,NOV,other,NOV,other,NOV
Other,NA,6,other,NOV,other,NOV,other,NOV,other,NOV,other,NOV
Other,NA,6,other,NOV,other,NOV,other,NOV,other,NOV,other,NOV
Other,NA,6,other,NOV,other,NOV,other,NOV,other,NOV,other,NOV
Other,NA,6,other,NOV,other,NOV,other,NOV,other,NOV,other,NOV
Other,NA,6,other,NOV,other,NOV,other,other,other,NOV,other,NOV
Other,NA,6,other,NOV,other,NOV,other,NOV,other,NOV,other,NOV
Other,NA,6,other,NOV,other,NOV,other,NOV,other,NOV,other,NOV
Other,NA,6,other,NOV,other,NOV,other,NOV,other,pedestrian,other,NOV
Other,NA,6,other,NOV,other,NOV,other,NOV,other,NOV,other,NOV
Other,NA,6,other,NOV,other,NOV,other,NOV,other,NOV,other,NOV
Other,NA,6,other,NOV,other,NOV,other,NOV,other,NOV,other,NOV
Other,NA,6,other,NOV,other,NOV,other,NOV,other,NOV,other,NOV
Other,NA,6,other,NOV,other,NOV,other,NOV,other,NOV,other,NOV
Other,NA,6,other,NOV,other,NOV,other,NOV,other,NOV,other,NOV
Other,NA,6,other,NOV,other,NOV,other,NOV,other,pedestrian,other,NOV
Other,NA,6,other,NOV,other,NOV,other,NOV,other,NOV,other,NOV
Other,NA,6,other,NOV,other,NOV,other,NOV,other,NOV,other,NOV
Other,NA,6,other,NOV,other,NOV,other,NOV,other,NOV,other,NOV
Other,NA,6,other,NOV,other,NOV,other,NOV,other,NOV,other,NOV
Other,NA,6,other,pedestrian,other,NOV,other,NOV,other,NOV,other,NOV
Other,NA,6,other,NOV,other,NOV,other,NOV,other,NOV,other,NOV
Other,NA,6,other,NOV,other,NOV,other,NOV,other,NOV,other,NOV
Other,NA,6,other,NOV,other,NOV,other,NOV,other,NOV,other,NOV
Other,NA,6,other,NOV,other,NOV,other,NOV,other,NOV,other,NOV
Other,NA,6,other,NOV,other,NOV,other,NOV,other,other,other,NOV
Other,NA,6,other,NOV,other,NOV,other,NOV,other,NOV,other,NOV
Other,NA,6,other,NOV,other,NOV,other,NOV,other,NOV,other,pedestrian
Other,NA,6,other,NOV,other,NOV,other,NOV,other,pedestrian,other,pedestrian
Other,NA,6,other,NOV,other,NOV,other,NOV,other,NOV,other,NOV
Other,NA,6,other,NOV,other,NOV,other,NOV,other,NOV,other,NOV
Other,NA,6,other,NOV,other,NOV,other,NOV,other,NOV,other,NOV
Other,NA,6,other,NOV,other,NOV,other,NOV,other,NOV,other,other
Other,NA,6,other,NOV,other,NOV,other,NOV,other,NOV,other,NOV
Other,NA,6,other,NOV,other,NOV,other,NOV,other,NOV,other,NOV
Other,NA,6,other,NOV,other,NOV,other,NOV,other,NOV,other,NOV
Other,NA,6,other,NOV,other,NOV,other,NOV,other,NOV,other,NOV
Other,NA,6,other,NOV,other,NOV,other,NOV,other,NOV,other,NOV
Other,NA,6,other,NOV,other,NOV,other,NOV,other,NOV,other,NOV
Other,NA,6,other,pedestrian,other,NOV,other,NOV,other,NOV,other,NOV
Other,NA,6,other,NOV,other,NOV,other,NOV,other,NOV,other,NOV
Other,NA,6,other,NOV,other,NOV,other,NOV,other,other,other,pedestrian
Other,NA,6,other,NOV,other,NOV,other,NOV,other,NOV,other,NOV
Other,NA,6,other,NOV,other,NOV,other,NOV,other,NOV,other,NOV
Other,NA,6,other,NOV,other,cycle,other,NOV,other,NOV,other,NOV
Other,NA,6,other,NOV,other,NOV,other,NOV,other,NOV,other,NOV
Other,NA,6,other,NOV,other,NOV,other,NOV,other,NOV,other,NOV
Other,NA,6,other,NOV,other,NOV,other,NOV,other,NOV,other,NOV
Other,NA,6,other,NOV,other,NOV,other,NOV,other,NOV,other,NOV
Other,NA,6,other,NOV,other,NOV,other,NOV,other,NOV,other,NOV
Other,NA,6,other,NOV,other,NOV,other,NOV,other,NOV,other,NOV
Other,NA,6,other,NOV,other,NOV,other,NOV,other,NOV,other,NOV
Other,NA,6,other,NOV,other,NOV,other,NOV,other,NOV,other,pedestrian
Other,NA,6,other,NOV,other,NOV,other,NOV,other,NOV,other,NOV
Other,NA,6,other,NOV,other,NOV,other,NOV,other,NOV,other,NOV
Other,NA,6,other,NOV,other,NOV,other,NOV,other,NOV,other,NOV
Other,NA,6,other,NOV,other,NOV,other,NOV,other,NOV,other,NOV
Other,NA,6,other,NOV,other,NOV,other,NOV,other,NOV,other,NOV
Other,NA,6,other,NOV,other,NOV,other,NOV,other,NOV,other,pedestrian
Other,NA,6,other,NOV,other,NOV,other,NOV,other,NOV,other,NOV
Other,NA,6,other,NOV,other,NOV,other,NOV,other,NOV,other,NOV
Other,NA,6,other,NOV,other,NOV,other,NOV,other,NOV,other,NOV
Other,NA,6,other,NOV,other,NOV,other,NOV,other,NOV,other,NOV
Other,NA,6,other,NOV,other,NOV,other,NOV,other,NOV,other,NOV
Other,NA,6,other,NOV,other,NOV,other,NOV,other,NOV,other,NOV
Other,NA,6,other,NOV,other,NOV,other,NOV,other,NOV,other,NOV
Other,NA,6,other,NOV,other,NOV,other,NOV,other,NOV,other,NOV
Other,NA,6,other,NOV,other,NOV,other,NOV,other,NOV,other,NOV
Other,NA,6,other,NOV,other,NOV,other,NOV,other,NOV,other,NOV
Other,NA,6,other,NOV,other,NOV,other,NOV,other,NOV,other,NOV
Other,NA,6,other,NOV,other,NOV,other,NOV,other,NOV,other,NOV
Other,NA,6,other,pedestrian,other,NOV,other,NOV,other,NOV,other,NOV
Other,NA,6,other,NOV,other,NOV,other,NOV,other,NOV,other,NOV
Other,NA,6,other,NOV,other,pedestrian,other,NOV,other,NOV,other,NOV
Other,NA,6,other,NOV,other,NOV,other,pedestrian,other,NOV,other,NOV
Other,NA,6,other,NOV,other,NOV,other,NOV,other,cycle,other,NOV
Other,NA,6,other,NOV,other,NOV,other,pedestrian,other,NOV,other,NOV
Other,NA,6,other,NOV,other,NOV,other,NOV,other,NOV,other,NOV
Other,NA,6,other,NOV,other,NOV,other,NOV,other,NOV,other,NOV
Other,NA,6,other,NOV,other,other,other,NOV,other,NOV,other,NOV
Other,NA,6,other,NOV,other,NOV,other,cycle,other,NOV,other,NOV
Other,NA,6,other,NOV,other,NOV,other,NOV,other,NOV,other,NOV
Other,NA,6,other,NOV,other,NOV,other,NOV,other,NOV,other,NOV
Other,NA,6,other,NOV,other,NOV,other,NOV,other,rail,other,NOV
Other,NA,6,other,NOV,other,NOV,other,NOV,other,NOV,other,NOV
Other,NA,6,other,pedestrian,other,NOV,other,NOV,other,NOV,other,NOV
Other,NA,6,other,NOV,other,NOV,other,NOV,other,NOV,other,NOV
Other,NA,6,other,NOV,other,NOV,other,NOV,other,NOV,other,NOV
Other,NA,6,other,NOV,other,NOV,other,NOV,other,NOV,other,NOV
Other,NA,6,other,NOV,other,NOV,other,NOV,other,NOV,other,NOV
Other,NA,6,other,NOV,other,NOV,other,NOV,other,NOV,other,NOV
Other,NA,6,other,NOV,other,NOV,other,NOV,other,NOV,other,NOV
Other,NA,6,other,NOV,other,NOV,other,NOV,other,NOV,other,NOV
Other,NA,6,other,NOV,other,NOV,other,NOV,other,NOV,other,NOV
Other,NA,6,other,NOV,other,NOV,other,NOV,other,NOV,other,NOV
Other,NA,6,other,NOV,other,NOV,other,NOV,other,NOV,other,NOV
Other,NA,6,other,NOV,other,NOV,other,NOV,other,NOV,other,NOV
Other,NA,6,other,NOV,other,NOV,other,NOV,other,NOV,other,NOV
Other,NA,6,other,NOV,other,NOV,other,NOV,other,NOV,other,pedestrian
Other,NA,6,other,NOV,other,NOV,other,other,other,NOV,other,NOV
Other,NA,6,other,NOV,other,NOV,other,NOV,other,NOV,other,NOV
Other,NA,6,other,NOV,other,NOV,other,NOV,other,NOV,other,NOV
Other,NA,6,other,NOV,other,NOV,other,NOV,other,NOV,other,NOV
Other,NA,6,other,NOV,other,NOV,other,NOV,other,NOV,other,NOV
Other,NA,6,other,NOV,other,NOV,other,NOV,other,pedestrian,other,NOV
Other,NA,6,other,NOV,other,NOV,other,NOV,other,NOV,other,NOV
Other,NA,6,other,NOV,other,NOV,other,NOV,other,NOV,other,NOV
Other,NA,6,other,NOV,other,NOV,other,NOV,other,NOV,other,NOV
Other,NA,6,other,NOV,other,NOV,other,NOV,other,NOV,other,pedestrian
Other,NA,6,other,pedestrian,other,NOV,other,NOV,other,NOV,other,NOV
Other,NA,6,other,NOV,other,NOV,other,NOV,other,NOV,other,NOV
Other,NA,6,other,other,other,NOV,other,NOV,other,NOV,other,NOV
Other,NA,6,other,NOV,other,NOV,other,NOV,other,NOV,other,NOV
Other,NA,6,other,NOV,other,NOV,other,NOV,other,NOV,other,NOV
Other,NA,6,other,NOV,other,NOV,other,NOV,other,NOV,other,NOV
Other,NA,6,other,NOV,other,NOV,other,NOV,other,NOV,other,NOV
Other,NA,6,other,NOV,other,NOV,other,NOV,other,NOV,other,NOV
Other,NA,6,other,NOV,other,NOV,other,NOV,other,NOV,other,NOV
Other,NA,6,other,NOV,other,NOV,other,NOV,other,NOV,other,NOV
Other,NA,6,other,NOV,other,NOV,other,NOV,other,NOV,other,NOV
Other,NA,6,other,NOV,other,NOV,other,NOV,other,NOV,other,NOV
Other,NA,6,other,NOV,other,NOV,other,NOV,other,NOV,other,NOV
Other,NA,6,other,NOV,other,NOV,other,NOV,other,NOV,other,NOV
Other,NA,6,other,NOV,other,NOV,other,NOV,other,NOV,other,rail
Other,NA,6,other,NOV,other,NOV,other,NOV,other,NOV,other,NOV
Other,NA,6,other,NOV,other,NOV,other,NOV,other,NOV,other,NOV
Other,NA,6,other,NOV,other,NOV,other,NOV,other,NOV,other,NOV
Other,NA,6,other,NOV,other,NOV,other,NOV,other,NOV,other,NOV
Other,NA,6,other,NOV,other,NOV,other,NOV,other,NOV,other,NOV
Other,NA,6,other,NOV,other,NOV,other,NOV,other,NOV,other,NOV
Other,NA,6,other,NOV,other,NOV,other,NOV,other,NOV,other,NOV
Other,NA,6,other,NOV,other,NOV,other,NOV,other,NOV,other,NOV
Other,NA,6,other,NOV,other,NOV,other,NOV,other,NOV,other,NOV
Other,NA,6,other,NOV,other,NOV,other,NOV,other,NOV,other,NOV
Other,NA,6,other,NOV,other,NOV,other,pedestrian,other,NOV,other,other
Other,NA,6,other,NOV,other,NOV,other,NOV,other,NOV,other,NOV
Other,NA,6,other,pedestrian,other,NOV,other,NOV,other,NOV,other,NOV
Other,NA,6,other,NOV,other,NOV,other,NOV,other,NOV,other,NOV
Other,NA,6,other,NOV,other,NOV,other,NOV,other,pedestrian,other,NOV
Other,NA,6,other,NOV,other,NOV,other,NOV,other,NOV,other,NOV
Other,NA,6,other,cycle,other,NOV,other,NOV,other,NOV,other,NOV
Other,NA,6,other,NOV,other,NOV,other,NOV,other,NOV,other,NOV
Other,NA,6,other,NOV,other,NOV,other,NOV,other,NOV,other,NOV
Other,NA,6,other,NOV,other,NOV,other,NOV,other,NOV,other,NOV
Other,NA,6,other,NOV,other,NOV,other,NOV,other,NOV,other,NOV
Other,NA,6,other,NOV,other,NOV,other,NOV,other,NOV,other,NOV
Other,NA,6,other,NOV,other,NOV,other,NOV,other,NOV,other,NOV
Other,NA,6,other,NOV,other,NOV,other,NOV,other,NOV,other,NOV
Other,NA,6,other,NOV,other,NOV,other,NOV,other,NOV,other,NOV
Other,NA,6,other,NOV,other,NOV,other,NOV,other,NOV,other,NOV
Other,NA,6,other,NOV,other,NOV,other,NOV,other,NOV,other,NOV
Other,NA,6,other,NOV,other,NOV,other,NOV,other,NOV,other,NOV
Other,NA,6,other,NOV,other,cycle,other,NOV,other,NOV,other,NOV
Other,NA,6,other,NOV,other,NOV,other,NOV,other,NOV,other,NOV
Other,NA,6,other,NOV,other,NOV,other,NOV,other,NOV,other,NOV
Other,NA,6,other,NOV,other,NOV,other,NOV,other,NOV,other,NOV
Other,NA,6,other,NOV,other,NOV,other,NOV,other,NOV,other,NOV
Other,NA,6,other,NOV,other,NOV,other,NOV,other,other,other,NOV
Other,NA,6,other,NOV,other,NOV,other,NOV,other,NOV,other,NOV
Other,NA,6,other,NOV,other,NOV,other,NOV,other,NOV,other,NOV
Other,NA,6,other,NOV,other,NOV,other,NOV,other,NOV,other,NOV
Other,NA,6,other,NOV,other,NOV,other,NOV,other,NOV,other,NOV
Other,NA,6,other,NOV,other,NOV,other,NOV,other,NOV,other,NOV
Other,NA,6,other,NOV,other,NOV,other,NOV,other,NOV,other,NOV
Other,NA,6,other,NOV,other,NOV,other,NOV,other,NOV,other,NOV
Other,NA,6,other,NOV,other,NOV,other,NOV,other,NOV,other,NOV
Other,NA,6,other,NOV,other,NOV,other,NOV,other,NOV,other,NOV
Other,NA,6,other,NOV,other,NOV,other,NOV,other,NOV,other,NOV
Other,NA,6,other,NOV,other,NOV,other,NOV,other,NOV,other,NOV
Other,NA,6,other,NOV,other,NOV,other,NOV,other,NOV,other,NOV
Other,NA,6,other,NOV,other,NOV,other,NOV,other,NOV,other,pedestrian
Other,NA,6,other,NOV,other,NOV,other,NOV,other,NOV,other,NOV
Other,NA,6,other,NOV,other,NOV,other,NOV,other,NOV,other,NOV
Other,NA,6,other,NOV,other,NOV,other,NOV,other,NOV,other,NOV
Other,NA,6,other,NOV,other,pedestrian,other,NOV,other,NOV,other,NOV
Other,NA,6,other,NOV,other,NOV,other,NOV,other,NOV,other,NOV
Other,NA,6,other,NOV,other,NOV,other,NOV,other,NOV,other,NOV
Other,NA,6,other,NOV,other,NOV,other,NOV,other,NOV,other,NOV
Other,NA,6,other,NOV,other,NOV,other,NOV,other,NOV,other,NOV
Other,NA,6,other,NOV,other,NOV,other,NOV,other,pedestrian,other,NOV
Other,NA,6,other,NOV,other,NOV,other,NOV,other,NOV,other,NOV
Other,NA,6,other,NOV,other,NOV,other,NOV,other,NOV,other,NOV
Other,NA,6,other,NOV,other,NOV,other,NOV,other,NOV,other,NOV
Other,NA,6,other,NOV,other,NOV,other,NOV,other,NOV,other,NOV
Other,NA,6,other,NOV,other,NOV,other,NOV,other,NOV,other,NOV
Other,NA,6,other,NOV,other,pedestrian,other,NOV,other,NOV,other,NOV
Other,NA,6,other,NOV,other,NOV,other,NOV,other,NOV,other,NOV
Other,NA,6,other,NOV,other,NOV,other,NOV,other,NOV,other,NOV
Other,NA,6,other,NOV,other,NOV,other,NOV,other,NOV,other,NOV
Other,NA,6,other,NOV,other,NOV,other,NOV,other,NOV,other,NOV
Other,NA,6,other,NOV,other,NOV,other,NOV,other,NOV,other,NOV
Other,NA,6,other,NOV,other,NOV,other,NOV,other,NOV,other,NOV
Other,NA,6,other,NOV,other,NOV,other,NOV,other,NOV,other,NOV
Other,NA,6,other,NOV,other,NOV,other,NOV,other,NOV,other,NOV
Other,NA,6,other,NOV,other,NOV,other,NOV,other,NOV,other,NOV
Other,NA,6,other,NOV,other,NOV,other,NOV,other,NOV,other,NOV
Other,NA,6,other,NOV,other,NOV,other,NOV,other,NOV,other,NOV
Other,NA,6,other,NOV,other,NOV,other,NOV,other,NOV,other,NOV
Other,NA,6,other,NOV,other,NOV,other,NOV,other,NOV,other,NOV
Other,NA,6,other,NOV,other,NOV,other,NOV,other,NOV,other,NOV
Other,NA,6,other,NOV,other,NOV,other,NOV,other,NOV,other,NOV
Other,NA,6,other,NOV,other,NOV,other,NOV,other,NOV,other,NOV
Other,NA,6,other,NOV,other,NOV,other,NOV,other,NOV,other,NOV
Other,NA,6,other,NOV,other,NOV,other,NOV,other,NOV,other,NOV
Other,NA,6,other,NOV,other,NOV,other,NOV,other,NOV,other,NOV
Other,NA,6,other,NOV,other,NOV,other,NOV,other,NOV,other,NOV
Other,NA,6,other,NOV,other,NOV,other,NOV,other,NOV,other,NOV
Other,NA,6,other,NOV,other,NOV,other,NOV,other,NOV,other,NOV
Other,NA,6,other,NOV,other,NOV,other,NOV,other,NOV,other,NOV
Other,NA,6,other,NOV,other,NOV,other,NOV,other,NOV,other,rail
Other,NA,6,other,NOV,other,NOV,other,NOV,other,NOV,other,NOV
Other,NA,6,other,NOV,other,NOV,other,NOV,other,NOV,other,NOV
Other,NA,6,other,NOV,other,NOV,other,NOV,other,NOV,other,NOV
Other,NA,6,other,NOV,other,NOV,other,NOV,other,NOV,other,NOV
Other,NA,6,other,NOV,other,NOV,other,NOV,other,NOV,other,NOV
Other,NA,6,other,NOV,other,NOV,other,NOV,other,other,other,NOV
Other,NA,6,other,pedestrian,other,cycle,other,NOV,other,NOV,other,NOV
Other,NA,6,other,NOV,other,NOV,other,NOV,other,NOV,other,NOV
Other,NA,6,other,NOV,other,NOV,other,NOV,other,pedestrian,other,NOV
Other,NA,6,other,NOV,other,NOV,other,cycle,other,NOV,other,NOV
Other,NA,6,other,NOV,other,NOV,other,NOV,other,NOV,other,NOV
Other,NA,6,other,NOV,other,NOV,other,NOV,other,NOV,other,NOV
Other,NA,6,other,NOV,other,NOV,other,NOV,other,NOV,other,NOV
Other,NA,6,other,NOV,other,NOV,other,NOV,other,NOV,other,NOV
Other,NA,6,other,NOV,other,NOV,other,NOV,other,NOV,other,NOV
Other,NA,6,other,NOV,other,NOV,other,pedestrian,other,NOV,other,NOV
Other,NA,6,other,NOV,other,NOV,other,NOV,other,NOV,other,NOV
Other,NA,6,other,NOV,other,NOV,other,NOV,other,NOV,other,NOV
Other,NA,6,other,NOV,other,NOV,other,NOV,other,NOV,other,NOV
Other,NA,6,other,NOV,other,NOV,other,NOV,other,NOV,other,NOV
Other,NA,6,other,NOV,other,NOV,other,NOV,other,NOV,other,NOV
Other,NA,6,other,NOV,other,NOV,other,NOV,other,NOV,other,NOV
Other,NA,6,other,NOV,other,NOV,other,NOV,other,NOV,other,NOV
Other,NA,6,other,NOV,other,NOV,other,NOV,other,NOV,other,NOV
Other,NA,6,other,NOV,other,NOV,other,NOV,other,NOV,other,NOV
Other,NA,6,other,NOV,other,NOV,other,NOV,other,NOV,other,pedestrian
Other,NA,6,other,NOV,other,NOV,other,NOV,other,NOV,other,NOV
Other,NA,6,other,NOV,other,NOV,other,NOV,other,NOV,other,NOV
Other,NA,6,other,NOV,other,NOV,other,NOV,other,NOV,other,NOV
Other,NA,6,other,NOV,other,NOV,other,NOV,other,NOV,other,NOV
Other,NA,6,other,NOV,other,NOV,other,cycle,other,NOV,other,NOV
Other,NA,6,other,NOV,other,NOV,other,NOV,other,NOV,other,NOV
Other,NA,6,other,rail,other,NOV,other,NOV,other,NOV,other,NOV
Other,NA,6,other,NOV,other,NOV,other,NOV,other,NOV,other,NOV
Other,NA,6,other,NOV,other,NOV,other,NOV,other,NOV,other,NOV
Other,NA,6,other,NOV,other,NOV,other,NOV,other,NOV,other,NOV
Other,NA,6,other,NOV,other,NOV,other,NOV,other,NOV,other,NOV
Other,NA,6,other,NOV,other,NOV,other,NOV,other,NOV,other,NOV
Other,NA,6,other,NOV,other,NOV,other,NOV,other,NOV,other,NOV
Other,NA,6,other,NOV,other,NOV,other,NOV,other,NOV,other,NOV
Other,NA,6,other,NOV,other,NOV,other,NOV,other,NOV,other,NOV
Other,NA,6,other,NOV,other,NOV,other,NOV,other,pedestrian,other,NOV
Other,NA,6,other,NOV,other,NOV,other,NOV,other,NOV,other,NOV
Other,NA,6,other,NOV,other,NOV,other,NOV,other,NOV,other,NOV
Other,NA,6,other,NOV,other,NOV,other,NOV,other,NOV,other,NOV
Other,NA,6,other,NOV,other,NOV,other,NOV,other,NOV,other,NOV
Other,NA,6,other,NOV,other,NOV,other,NOV,other,NOV,other,NOV
Other,NA,6,other,NOV,other,NOV,other,NOV,other,NOV,other,NOV
Other,NA,6,other,NOV,other,NOV,other,NOV,other,NOV,other,other
Other,NA,6,other,NOV,other,NOV,other,NOV,other,NOV,other,NOV
Other,NA,6,other,NOV,other,NOV,other,NOV,other,NOV,other,NOV
Other,NA,6,other,NOV,other,NOV,other,NOV,other,NOV,other,NOV
Other,NA,6,other,NOV,other,NOV,other,NOV,other,NOV,other,NOV
Other,NA,6,other,NOV,other,NOV,other,NOV,other,NOV,other,NOV
Other,NA,6,other,NOV,other,NOV,other,NOV,other,NOV,other,NOV
Other,NA,6,other,NOV,other,NOV,other,NOV,other,NOV,other,NOV
Other,NA,6,other,NOV,other,NOV,other,NOV,other,NOV,other,NOV
Other,NA,6,other,NOV,other,pedestrian,other,NOV,other,NOV,other,NOV
Other,NA,6,other,NOV,other,NOV,other,NOV,other,NOV,other,NOV
Other,NA,6,other,NOV,other,NOV,other,NOV,other,NOV,other,NOV
Other,NA,6,other,NOV,other,NOV,other,pedestrian,other,NOV,other,NOV
Other,NA,6,other,NOV,other,NOV,other,NOV,other,NOV,other,NOV
Other,NA,6,other,NOV,other,NOV,other,NOV,other,NOV,other,NOV
Other,NA,6,other,pedestrian,other,NOV,other,NOV,other,NOV,other,NOV
Other,NA,6,other,NOV,other,NOV,other,NOV,other,NOV,other,NOV
Other,NA,6,other,NOV,other,NOV,other,NOV,other,NOV,other,NOV
Other,NA,6,other,NOV,other,NOV,other,NOV,other,NOV,other,NOV
Other,NA,6,other,NOV,other,NOV,other,NOV,other,NOV,other,NOV
Other,NA,6,other,NOV,other,pedestrian,other,NOV,other,NOV,other,NOV
Other,NA,6,other,NOV,other,NOV,other,NOV,other,NOV,other,NOV
Other,NA,6,other,NOV,other,NOV,other,NOV,other,NOV,other,NOV
Other,NA,6,other,NOV,other,cycle,other,NOV,other,other,other,NOV
Other,NA,6,other,NOV,other,NOV,other,NOV,other,NOV,other,NOV
Other,NA,6,other,NOV,other,NOV,other,NOV,other,NOV,other,NOV
Other,NA,6,other,NOV,other,NOV,other,NOV,other,NOV,other,NOV
Other,NA,6,other,NOV,other,NOV,other,NOV,other,NOV,other,NOV
Other,NA,6,other,NOV,other,NOV,other,NOV,other,NOV,other,NOV
Other,NA,6,other,NOV,other,NOV,other,NOV,other,NOV,other,cycle
Other,NA,6,other,NOV,other,NOV,other,NOV,other,NOV,other,NOV
Other,NA,6,other,NOV,other,NOV,other,NOV,other,NOV,other,NOV
Other,NA,6,other,NOV,other,NOV,other,NOV,other,NOV,other,NOV
Other,NA,6,other,NOV,other,NOV,other,NOV,other,NOV,other,NOV
Other,NA,6,other,NOV,other,NOV,other,NOV,other,NOV,other,NOV
Other,NA,6,other,NOV,other,NOV,other,NOV,other,NOV,other,NOV
Other,NA,6,other,NOV,other,NOV,other,NOV,other,NOV,other,NOV
Other,NA,6,other,NOV,other,NOV,other,NOV,other,NOV,other,NOV
Other,NA,6,other,NOV,other,NOV,other,NOV,other,NOV,other,NOV
Other,NA,6,other,NOV,other,NOV,other,NOV,other,NOV,other,NOV
Other,NA,6,other,NOV,other,NOV,other,NOV,other,NOV,other,NOV
Other,NA,6,other,NOV,other,NOV,other,NOV,other,NOV,other,NOV
Other,NA,6,other,pedestrian,other,NOV,other,NOV,other,NOV,other,NOV
Other,NA,6,other,NOV,other,NOV,other,NOV,other,NOV,other,NOV
Other,NA,6,other,NOV,other,NOV,other,NOV,other,NOV,other,NOV
Other,NA,6,other,NOV,other,NOV,other,NOV,other,NOV,other,NOV
Other,NA,6,other,NOV,other,NOV,other,NOV,other,NOV,other,NOV
Other,NA,6,other,NOV,other,NOV,other,NOV,other,NOV,other,NOV
Other,NA,6,other,NOV,other,NOV,other,NOV,other,NOV,other,NOV
Other,NA,6,other,NOV,other,NOV,other,NOV,other,NOV,other,NOV
Other,NA,6,other,NOV,other,NOV,other,NOV,other,NOV,other,NOV
Other,NA,6,other,NOV,other,NOV,other,NOV,other,NOV,other,cycle
Other,NA,6,other,NOV,other,NOV,other,NOV,other,NOV,other,NOV
Other,NA,6,other,NOV,other,NOV,other,NOV,other,NOV,other,NOV
Other,NA,6,other,NOV,other,NOV,other,NOV,other,NOV,other,NOV
Other,NA,6,other,NOV,other,NOV,other,NOV,other,NOV,other,NOV
Other,NA,6,other,NOV,other,NOV,other,NOV,other,NOV,other,NOV
Other,NA,6,other,NOV,other,NOV,other,NOV,other,NOV,other,NOV
Other,NA,6,other,NOV,other,NOV,other,NOV,other,NOV,other,NOV
Other,NA,6,other,NOV,other,NOV,other,NOV,other,NOV,other,NOV
Other,NA,6,other,NOV,other,NOV,other,NOV,other,NOV,other,NOV
Other,NA,6,other,NOV,other,other,other,NOV,other,NOV,other,NOV
Other,NA,6,other,NOV,other,NOV,other,NOV,other,NOV,other,NOV
Other,NA,6,other,NOV,other,NOV,other,NOV,other,NOV,other,NOV
Other,NA,6,other,NOV,other,NOV,other,NOV,other,NOV,other,NOV
Other,NA,6,other,NOV,other,NOV,other,NOV,other,NOV,other,NOV
Other,NA,6,other,NOV,other,NOV,other,NOV,other,NOV,other,NOV
Other,NA,6,other,NOV,other,NOV,other,NOV,other,NOV,other,NOV
Other,NA,6,other,NOV,other,NOV,other,NOV,other,NOV,other,NOV
Other,NA,6,other,NOV,other,NOV,other,NOV,other,NOV,other,NOV
Other,NA,6,other,NOV,other,NOV,other,pedestrian,other,NOV,other,NOV
Other,NA,6,other,NOV,other,NOV,other,NOV,other,NOV,other,NOV
Other,NA,6,other,NOV,other,NOV,other,NOV,other,NOV,other,NOV
Other,NA,6,other,NOV,other,NOV,other,NOV,other,NOV,other,pedestrian
Other,NA,6,other,NOV,other,NOV,other,NOV,other,NOV,other,NOV
Other,NA,6,other,NOV,other,NOV,other,NOV,other,NOV,other,NOV
Other,NA,6,other,NOV,other,pedestrian,other,NOV,other,NOV,other,NOV
Other,NA,6,other,NOV,other,NOV,other,NOV,other,NOV,other,NOV
Other,NA,6,other,NOV,other,NOV,other,NOV,other,NOV,other,NOV
Other,NA,6,other,NOV,other,NOV,other,NOV,other,NOV,other,NOV
Other,NOV,6,other,NOV,other,NOV,other,NOV,other,NOV,other,NOV
NA,NA,6,cycle,bus,car,car,car,NOV,pedestrian,bus,car,NOV
NA,NA,6,other,NOV,pedestrian,car,other,NOV,motorcycle,NOV,car,NOV
NA,NA,6,car,bus,cycle,bus,motorcycle,bus,pedestrian,motorcycle,other,NOV
NA,NA,6,motorcycle,NOV,motorcycle,car,pedestrian,cycle,motorcycle,NOV,pedestrian,car
Railway,NA,6,rail,NOV,rail,NOV,rail,car,rail,NOV,rail,NOV
