trip_mode,sum_baseline,sum_scen1,sum_scen2,sum_scen3
99,0,0,0,0
Bicycle,55.58333333333333,55.58333333333333,379.3333333333333,55.58333333333333
Bus,0,0,0,1905.75
Motorcycle,195.83333333333334,195.83333333333334,195.83333333333334,195.83333333333334
Other,0,0,0,0
Private Car,3166.45,4277.57,2919.7,1757.7
Short Walking,3047.7599999999998,3047.7599999999998,3047.7599999999998,4953.51
Taxi,1192.1,1192.1,1115.1,695.1
Train,0,0,0,0
Unspecified,0,0,0,0
Walking,2204.64,1093.52,2204.64,2204.64
