mode,No other/fixed or stationary object,Pedestrian,Pedal cycle,2/3 Wheeled,Car/pick-up/van,Bus,Railway train/railway vehicle,non-motor vehicle,unspecified,Non-collision,Unknown,Trucks
pedestrian,0,0,2.432671267,74.9728581,99.47037536,56.74852718,0,0,0,0,0,12.37556809
cycle,0,0.259259259,0.166666667,0.888888889,5.203703704,5.648148148,0,0,0,0,0,1.833333333
motorcycle,0,4.065217391,2.107890499,48.7571287,63.48514493,43.21465069,0,0,0,0,0,25.36996779
car,0,0,0,1.041666667,61.86111111,9.041666667,0,0,0,0,0,3.055555556
truck,0,0,0,0,0.5,0,0,0,0,0,0,2.5
bus,0,0.163478261,0,0,0.16,3.676521739,0,0,0,0,0,0
other,0,0.008914283,0.009784845,0.251416765,0.396701948,0.25158563,0,0,0,0,0,0.081596529
