age.band,gender,scen1_ylls_pa_ac,scen2_ylls_pa_ac,scen3_ylls_pa_ac,scen1_ylls_pa_ap_cvd,scen2_ylls_pa_ap_cvd,scen3_ylls_pa_ap_cvd,scen1_ylls_pa_ap_lc,scen2_ylls_pa_ap_lc,scen3_ylls_pa_ap_lc,scen1_ylls_pa_bc,scen2_ylls_pa_bc,scen3_ylls_pa_bc,scen1_ylls_pa_cc,scen2_ylls_pa_cc,scen3_ylls_pa_cc,scen1_ylls_ap_copd,scen2_ylls_ap_copd,scen3_ylls_ap_copd,scen1_ylls_pa_ap_stk,scen2_ylls_pa_ap_stk,scen3_ylls_pa_ap_stk,base_yll_inj,scen1_yll_inj,scen2_yll_inj,scen3_yll_inj
15-49,Female,-2524.2553439263997,31.619705743199997,22.9217284352,-254.12095500008402,17.653367524980002,23.236305794588002,-0.8616504610886999,0.11290863881399998,0.17106971671469998,-15.413354293176,0.472869571104,0.393651730584,-3.4471255273479002,0.153364919169,0.1667096588889,0,0,0,-34.271610863195995,0.39655624496799996,0.320295428628,-4922.3902059413595,602.1303858324864,-352.4169263591857,849.7775409978485
15-49,Male,-3078.604751661,38.827408086000005,55.289320871,-349.58732246853003,40.78544916711,23.03695243452,-2.3684791127564,0.3982086928092,0.20843461197439997,-0.126251479953232,0.004055606413592,0.003836995658956,-7.204555190282,0.415758307363,0.296970219545,0,0,0,-26.981015909817998,0.36692761272400004,0.5651868873410001,-6825.358701472791,234.43609538153487,-78.35922607436805,1184.7281250609549
50-69,Female,-414.36777327938006,15.507895305530003,10.046245802040001,-329.08611166929,54.53460277895,8.09645905076,-0.9781003923,0.32312821541,0.01194380017,-8.2786081837032,0.49150720689280003,0.2223897045272,-3.4496369315646005,0.34334583320940004,0.0844882416798,0,0,0,-22.185225477974,0.700790977368,0.46719398491200004,-366.04119027697783,-21.173418785376953,-32.4504152999142,69.92114352250053
50-69,Male,-864.3941342559401,45.2075723962,31.729800812660002,-477.031169264462,18.762514867609,35.90112093887,-10.2561636191364,0.22233057948360002,1.1214688170420002,-0.16766603373355798,0.010977147307877,0.005934836557904999,-8.085107493684799,0.4278918316184,0.43038279312199995,0,0,0,-21.288037052464002,0.971999946848,0.764598684304,-550.189564347885,35.70534373882265,-71.1882603176075,94.83801617891515
