age.band,gender,scen1_deaths_pa_ac,scen2_deaths_pa_ac,scen3_deaths_pa_ac,scen1_deaths_pa_ap_cvd,scen2_deaths_pa_ap_cvd,scen3_deaths_pa_ap_cvd,scen1_deaths_pa_ap_lc,scen2_deaths_pa_ap_lc,scen3_deaths_pa_ap_lc,scen1_deaths_pa_bc,scen2_deaths_pa_bc,scen3_deaths_pa_bc,scen1_deaths_pa_cc,scen2_deaths_pa_cc,scen3_deaths_pa_cc,scen1_deaths_ap_copd,scen2_deaths_ap_copd,scen3_deaths_ap_copd,scen1_deaths_pa_ap_stk,scen2_deaths_pa_ap_stk,scen3_deaths_pa_ap_stk,base_deaths_inj,scen1_deaths_inj,scen2_deaths_inj,scen3_deaths_inj
15-49,Female,-48.577173122548,0.608494668999,0.441109404064,-5.3668318024737,0.3728250362265,0.49073223776589997,-0.017904651120279,0.0023461831423799997,0.0035547402726989995,-0.33512128870967,0.01028125721668,0.00855888165203,-0.07511569418665799,0.00334194745038,0.003632740280478,0,0,0,-0.74197468355472,0.00858537684576,0.00693434283696,-87.92166130087807,10.754999426545169,-6.294722754536949,15.178368641016249
15-49,Male,-58.804360708473,0.741641455998,1.056080085003,-7.1666111331338,0.8361099939406,0.4722622051191999,-0.051442718866728,0.008648983950984,0.004527142793087999,-0.00255042287178,8.192784242999999e-5,7.7511657615e-5,-0.144340219272792,0.008329542027827999,0.0059496728770200005,0,0,0,-0.55725337439868,0.00757835253624,0.011673107535660001,-120.60211020744657,4.142417863797618,-1.3845848155573037,20.933802625440293
50-69,Female,-15.498761409290001,0.580047930365,0.37576369781999996,-12.596865581843101,2.0874933228905,0.3099189018764,-0.036889213109760004,0.012186832449791999,4.5046233830399994e-4,-0.29818015089597,0.01770318027688,0.00801006572387,-0.127781356161998,0.012718206892622002,0.0031296111201739997,0,0,0,-0.8474519533779,0.026769467962799998,0.0178463119752,-13.525344959944782,-0.7823649377735347,-1.1990537477290424,2.5836097446301753
50-69,Male,-32.184261806849,1.68322792577,1.181405768461,-18.0653414049426,0.7105431647607001,1.359588321201,-0.39678874912657996,0.00860148841242,0.0433871987249,-0.006518588003165999,4.26773981329e-4,2.3073698068499997e-4,-0.30877267363724,0.01634131704242,0.01643644760735,0,0,0,-0.7992659265409,0.0364940382338,0.028707093769899997,-19.95088353173057,1.2947413047318967,-2.581416992353329,3.4390005513982054
