age.band,gender,scen1_deaths_pa_ac,scen2_deaths_pa_ac,scen3_deaths_pa_ac,scen1_deaths_pa_ap_cvd,scen2_deaths_pa_ap_cvd,scen3_deaths_pa_ap_cvd,scen1_deaths_pa_ap_lc,scen2_deaths_pa_ap_lc,scen3_deaths_pa_ap_lc,scen1_deaths_pa_bc,scen2_deaths_pa_bc,scen3_deaths_pa_bc,scen1_deaths_pa_cc,scen2_deaths_pa_cc,scen3_deaths_pa_cc,scen1_deaths_ap_copd,scen2_deaths_ap_copd,scen3_deaths_ap_copd,scen1_deaths_pa_ap_stk,scen2_deaths_pa_ap_stk,scen3_deaths_pa_ap_stk,base_deaths_inj,scen1_deaths_inj,scen2_deaths_inj,scen3_deaths_inj
15-49,Female,-48.577173122548,0.608494668999,0.441109404064,-5.517399709665999,0.4065128080948999,0.3789874335195,-0.021535778751102,0.003150978522615,9.24832657287e-4,-0.33512128870967,0.01028125721668,0.00855888165203,-0.07511569418665799,0.00334194745038,0.003632740280478,-0.028746221752260003,0.0064099261593700005,-0.02097992896531,-0.8019897697746,0.02204130401748,-0.03706571349756,-87.92166130087807,10.754999426545169,-6.294722754536949,15.178368641016249
15-49,Male,-58.804360708473,0.741641455998,1.056080085003,-7.276955776428,0.8623289106417,0.3923186370183,-0.0565892849136,0.009776946048923998,8.182504710479999e-4,-0.00255042287178,8.192784242999999e-5,7.7511657615e-5,-0.144340219272792,0.008329542027827999,0.0059496728770200005,-0.045101035007580004,0.010087039671900002,-0.032928200691660005,-0.59807869290036,0.01674571447524,-0.01821249238548,-120.60211020744657,4.142417863797618,-1.3845848155573037,20.933802625440293
50-69,Female,-15.498761409290001,0.580047930365,0.37576369781999996,-12.9608530691188,2.1677600888441,0.048494504430300005,-0.044930574581376004,0.013964332487424,-0.00538728607296,-0.29818015089597,0.01770318027688,0.00801006572387,-0.127781356161998,0.012718206892622002,0.0031296111201739997,-0.06161410404491,0.01376535453796,-0.04502025199915,-1.0105474155957,0.0632056882455,-0.1008812357487,-13.525344959944782,-0.7823649377735347,-1.1990537477290424,2.5836097446301753
50-69,Male,-32.184261806849,1.68322792577,1.181405768461,-18.2682245402349,0.7524462194496,1.2242324107311002,-0.42236536036615996,0.01420289918872,0.025082927577939996,-0.006518588003165999,4.26773981329e-4,2.3073698068499997e-4,-0.30877267363724,0.01634131704242,0.01643644760735,-0.060825677474880005,0.013563107686560001,-0.04439256065328,-0.8741135718356999,0.0531139346269,-0.025569071374,-19.95088353173057,1.2947413047318967,-2.581416992353329,3.4390005513982054
