age.band,gender,scen1_deaths_pa_ac,scen2_deaths_pa_ac,scen3_deaths_pa_ac,scen1_deaths_pa_ap_ihd,scen2_deaths_pa_ap_ihd,scen3_deaths_pa_ap_ihd,scen1_deaths_pa_neo,scen2_deaths_pa_neo,scen3_deaths_pa_neo,scen1_deaths_pa_ap_lc,scen2_deaths_pa_ap_lc,scen3_deaths_pa_ap_lc,scen1_deaths_ap_copd,scen2_deaths_ap_copd,scen3_deaths_ap_copd,scen1_deaths_pa_ap_stk,scen2_deaths_pa_ap_stk,scen3_deaths_pa_ap_stk,scen1_deaths_pa_db,scen2_deaths_pa_db,scen3_deaths_pa_db,base_deaths_inj,scen1_deaths_inj,scen2_deaths_inj,scen3_deaths_inj
15-49,Female,-26.282355494616002,0.5197828926420001,0.279883096038,-0.9314743580963999,0.1063616364735,-0.012819746912699999,-1.1819925845458001,0.09206890963959999,0.056301131794,-0.0164943829936,0.0035512160400400002,-0.00402512182008,-0.06499934840934,0.01347366903246,-0.04106261038464,-0.53803606401,0.03501238491999999,-0.08157140742,-0.5094095051925001,0.0358130318802,0.01897679045606,-77.55913587505732,-8.529284810757673,-8.261694820768525,13.690620334527694
15-49,Male,-36.598774001154005,0.240426320694,0.770345558142,-1.7893451170472001,0.19239658010559998,0.1232362709848,-1.5908241915491002,0.0823323528073,0.1141947184448,-0.041855871889904,0.006609732559712,-0.00272521695852,-0.1025895855816,0.0211987529784,-0.06483414232080001,-0.4368383754111,0.0214339816995,-0.0517181235846,-1.2311362850862,0.04772662500942,0.07073074740072,-121.1900715098905,-12.578570958216162,0.9277207381789907,22.29365039045028
50-69,Female,-15.719831375411001,0.427224178189,0.400312418933,-5.7361710219354,0.45384981569500005,0.0235511255712,-2.8050589320104002,0.1666616467009,0.0880290003346,-0.06503936353792,0.009338422129600002,-0.00970921242004,-0.1396391182472,0.0289275248768,-0.08816514015759999,-1.123957431819,0.09785699033249999,-0.21416701312769998,-2.2146416140866,0.11880336056100001,0.0672402525237,-18.90951983924732,-1.9251957386187932,-1.5750866447576897,3.1937253662572704
50-69,Male,-18.798396373048,0.78740323544,0.6846984656,-2.5959580513406997,0.1450402551754,0.47581079186499997,-1.351920720306,0.052194872834000004,0.252887834576,-0.06958693407844,0.011404984445159999,0.00334711500021,-0.13307749455759998,0.027502010608800004,-0.08411787127600001,-0.6027351589797,0.05058624918,-0.0882730048191,-2.627117153738,0.1556952228755,0.338589163297,-24.341272775804853,-2.423107025578819,-2.525738652730425,4.636481806482639
