age.band,gender,scen1_ylls_pa_ac,scen2_ylls_pa_ac,scen3_ylls_pa_ac,scen1_ylls_pa_ap_ihd,scen2_ylls_pa_ap_ihd,scen3_ylls_pa_ap_ihd,scen1_ylls_pa_ap_lc,scen2_ylls_pa_ap_lc,scen3_ylls_pa_ap_lc,scen1_ylls_pa_bc,scen2_ylls_pa_bc,scen3_ylls_pa_bc,scen1_ylls_pa_cc,scen2_ylls_pa_cc,scen3_ylls_pa_cc,scen1_ylls_ap_copd,scen2_ylls_ap_copd,scen3_ylls_ap_copd,scen1_ylls_pa_ap_stk,scen2_ylls_pa_ap_stk,scen3_ylls_pa_ap_stk,scen1_ylls_pa_db,scen2_ylls_pa_db,scen3_ylls_pa_db,base_yll_inj,scen1_yll_inj,scen2_yll_inj,scen3_yll_inj
15-49,Female,-5677.9411840172,71.1238781361,51.5590572896,-177.34484189811198,11.42883305723,11.971543006874999,-2.3312210061686,0.3410894682195,0.1001119737891,-34.670073811328,1.063650560512,0.885461677952,-7.753801944554099,0.34497183205099996,0.37498886159309996,-3.240336743172,0.722540841514,-2.3649033003819997,-83.32433650584,2.290025511792,-3.851016684624,-103.41308143142399,4.544326488384,4.095144024191999,-367523.13448969566,44957.19305339473,-26312.69931961497,63447.409169129096
15-49,Male,-6945.311948155199,87.5943757152,124.7323420272,-286.15326619512,36.10972291092,16.17599761528,-5.87783882116,1.0155158017369,0.0849903721438,-0.28482250354664,0.00914942123884,0.008656236822620001,-16.253428845066,0.9379479908189999,0.669962850585,-5.258860304622,1.17616663371,-3.839486333094,-65.3283581202,1.8291406218,-1.9893573186,-206.46249527064,10.15868930664,7.51779578928,-371.7999634879642,12.770512952573142,-4.268487367134014,64.53607684322571
50-69,Female,-969.06164846714,36.267556403090005,23.49466378812,-315.21262965621,45.85968870444,0.11901303297000002,-2.7860663115054,0.8659038231396,-0.334056182859,-19.360776129732002,1.149463869728,0.520091926972,-8.0674972003444,0.8029661100916001,0.1975885192372,-3.720217504612,0.831142701872,-2.71829205578,-61.86868598475,3.8696381962500004,-6.176246062250001,-112.258109282348,12.34718343432,2.2048541847000003,-17039.76779459043,-985.6544812550674,-1510.6156253348308,3254.9343658676626
50-69,Male,-1950.0674481620802,101.9879842384,71.58222071312001,-518.479699468176,26.91812535768,35.212300633728,-24.629279440828,0.8282099002759999,1.4626541153269998,-0.37825346279885996,0.02476437170009,0.013388952008849998,-18.239949015589602,0.9653211412468001,0.970940733919,-3.576033395028,0.7973955743860001,-2.609905651318,-52.523057966298,3.1914688858659996,-1.53637451836,-369.8799477794761,12.867385347123001,21.045927326037,-34.084665456137344,2.2119734273343,-4.41016732152309,5.875287834318389
