age.band,gender,scen1_ylls_pa_ac,scen2_ylls_pa_ac,scen3_ylls_pa_ac,scen1_ylls_pa_ap_ihd,scen2_ylls_pa_ap_ihd,scen3_ylls_pa_ap_ihd,scen1_ylls_pa_neo,scen2_ylls_pa_neo,scen3_ylls_pa_neo,scen1_ylls_pa_ap_lc,scen2_ylls_pa_ap_lc,scen3_ylls_pa_ap_lc,scen1_ylls_ap_copd,scen2_ylls_ap_copd,scen3_ylls_ap_copd,scen1_ylls_pa_ap_stk,scen2_ylls_pa_ap_stk,scen3_ylls_pa_ap_stk,scen1_ylls_pa_db,scen2_ylls_pa_db,scen3_ylls_pa_db,base_yll_inj,scen1_yll_inj,scen2_yll_inj,scen3_yll_inj
15-49,Female,-1361.7115309164,26.9304004593,14.500984862700001,-42.216449259444,4.8205413174350005,-0.581018887267,-56.26672088008,4.382781844959999,2.6801183944,-0.791445692492,0.1703970763313,-0.1931363742126,-3.247734772266,0.673220647554,-2.0517200687359995,-24.778590650064,1.612452420288,-3.756671064288,-24.063346296,1.6917261638399999,0.8964204155519999,-324206.5300332149,-35653.43786985177,-34534.879480215255,57228.44204723567
15-49,Male,-1910.4282118704,12.5500713744,40.2114531792,-82.748980477840007,8.89745678432,5.69911063256,-82.45518337281,4.26742897443,5.91891077568,-1.9214178524846002,0.3034235715788,-0.1251026505855,-5.286769343387999,1.0924395174119998,-3.3411106408439997,-21.0885227163,1.0347328335000001,-2.4967101918,-58.016068269600005,2.24906955336,3.33311585376,-373.61256851125086,-38.7780297952595,2.860037324294524,68.72830323553546
50-69,Female,-435.67684080113,11.84056468687,11.09470234439,-154.59792982803,12.231895055250002,0.6347361758400001,-78.56773891632,4.6680761662200005,2.46563073468,-1.7876724090624,0.25667593711200004,-0.2668674816738,-3.737295779308,0.7742151195520001,-2.359648287164,-30.5018540175,2.6556340562500003,-5.81204482025,-59.063960544808005,3.16845712468,1.793281403556,-23822.965560006738,-2425.4382008259818,-1984.3568324885928,4023.582304324409
50-69,Male,-523.3794593019201,21.9226508176,19.063174624000002,-70.629946834032,3.9462061055040003,12.945698762400001,-36.599900234652,1.413046719228,6.846310864992001,-1.8645795081079999,0.305596166412,0.089685831447,-3.5950838012419997,0.742965842346,-2.27244131267,-16.641729442054,1.3967041076,-2.437248667762,-70.580910961212,4.182954173637,9.096637183878,-41.585333201928904,-4.139706003491767,-4.315044838542249,7.921099384700781
