age.band,gender,scen1_ylls_pa_ac,scen2_ylls_pa_ac,scen3_ylls_pa_ac,scen1_ylls_pa_ap_cvd,scen2_ylls_pa_ap_cvd,scen3_ylls_pa_ap_cvd,scen1_ylls_pa_ap_lc,scen2_ylls_pa_ap_lc,scen3_ylls_pa_ap_lc,scen1_ylls_pa_bc,scen2_ylls_pa_bc,scen3_ylls_pa_bc,scen1_ylls_pa_cc,scen2_ylls_pa_cc,scen3_ylls_pa_cc,scen1_ylls_ap_copd,scen2_ylls_ap_copd,scen3_ylls_ap_copd,scen1_ylls_pa_ap_stk,scen2_ylls_pa_ap_stk,scen3_ylls_pa_ap_stk,base_yll_inj,scen1_yll_inj,scen2_yll_inj,scen3_yll_inj
15-49,Female,-2524.2553439263997,31.619705743199997,22.9217284352,-261.25038662312,19.248492744868,17.94515872374,-1.0363962730206,0.1516389277095,0.0445070099511,-15.413354293176,0.472869571104,0.393651730584,-3.4471255273479002,0.153364919169,0.1667096588889,-1.4405639438880002,0.32122164045600005,-1.051370488728,-37.043691537155,1.0180818981389999,-1.712055326833,-4922.3902059413595,602.1303858324864,-352.4169263591857,849.7775409978485
15-49,Male,-3078.604751661,38.827408086000005,55.289320871,-354.96993465180003,42.064408038645006,19.137304832355003,-2.60543264968,0.4501413030561999,0.037673147772399995,-0.126251479953232,0.004055606413592,0.003836995658956,-7.204555190282,0.415758307363,0.296970219545,-2.331061934849,0.5213519869450001,-1.7019049607730001,-28.957690468686,0.810791660374,-0.881809907998,-6825.358701472791,234.43609538153487,-78.35922607436805,1184.7281250609549
50-69,Female,-414.36777327938006,15.507895305530003,10.046245802040001,-338.59508246091997,56.63152742519001,1.2668919737700002,-1.1913133656050001,0.37025780527,-0.142841393925,-8.2786081837032,0.49150720689280003,0.2223897045272,-3.4496369315646005,0.34334583320940004,0.0844882416798,-1.5907535360449998,0.35539405702,-1.1623333029249998,-26.454859395642,1.6546453632300002,-2.640943775822,-366.04119027697783,-21.173418785376953,-32.4504152999142,69.92114352250053
50-69,Male,-864.3941342559401,45.2075723962,31.729800812660002,-482.388476224963,19.869001743551998,32.326929519457,-10.9172658058128,0.3671153939376,0.6483414911652,-0.16766603373355798,0.010977147307877,0.005934836557904999,-8.085107493684799,0.4278918316184,0.43038279312199995,-1.585125833814,0.353456521543,-1.156876464709,-23.281565605872,1.414662343024,-0.68101907104,-550.189564347885,35.70534373882265,-71.1882603176075,94.83801617891515
