,No other/fixed or stationary object,Pedestrian,Pedal cycle,2/3 Wheeled,Car/pick-up/van,Bus,Railway train/railway vehicle,non-motor vehicle,Trucks
Pedestrian,0,0,0,161.9406393,394.9771689,120.4680365,0,0,187.6141553
Pedal Cycle,0,0,0,10.89156627,47.65060241,20.42168675,0,0,34.03614458
Motorcycle,92.11848341,0,0,40.4028436,227.8720379,96.96682464,0,0,224.6398104
3Wheeled,7.875,0,0,2.625,17.0625,3.9375,0,0,10.5
Car,38.8,0,0,2.425,25.4625,4.85,0,0,25.4625
Pick-up truck/van,10.71428571,0,0,0,7.142857143,2.380952381,0,0,4.761904762
Heavy transport,16.78571429,0,0,1.119047619,12.30952381,1.119047619,0,0,15.66666667
Bus,3,0,0,1,2,2,0,0,1
Other,6.71162378,0,0,6.65661047,23.60070985,8.141969831,0,0,16.88908607
