age_cat,sex,base_deaths_inj,scen1_deaths_inj,scen2_deaths_inj,scen3_deaths_inj,base_yll_inj,scen1_yll_inj,scen2_yll_inj,scen3_yll_inj
15-49,Female,-87.92166130087807,10.754999426545169,-6.294722754536949,15.178368641016249,-367523.13448969566,44957.19305339473,-26312.69931961497,63447.409169129096
15-49,Male,-120.60211020744657,4.142417863797618,-1.3845848155573037,20.933802625440293,-371.7999634879642,12.770512952573142,-4.268487367134014,64.53607684322571
50-69,Female,-13.525344959944782,-0.7823649377735347,-1.1990537477290424,2.5836097446301753,-17039.76779459043,-985.6544812550674,-1510.6156253348308,3254.9343658676626
50-69,Male,-19.95088353173057,1.2947413047318967,-2.581416992353329,3.4390005513982054,-34.084665456137344,2.2119734273343,-4.41016732152309,5.875287834318389
