age_cat,sex,base_deaths_inj,scen1_deaths_inj,scen2_deaths_inj,scen3_deaths_inj,scen4_deaths_inj,scen5_deaths_inj,base_yll_inj,scen1_yll_inj,scen2_yll_inj,scen3_yll_inj,scen4_yll_inj,scen5_yll_inj
15-49,Female,8.840761365840294,-94.17771486377005,26.062492538775757,-32.70251989594814,-1.9421017722724656,-1.3469143096998266,493.5027802046243,-5257.122344481627,1454.8421787115644,-1825.4971286416467,-108.41064297471803,-75.1865058933281
15-49,Male,14.009974489777903,-142.4605650998591,38.74652686791207,-27.30119244170274,7.393523688620974,0.19017688020042556,790.5470111710874,-8038.685154752426,2186.367364982527,-1540.5364300943093,417.1976229026386,10.731194717447579
50-69,Female,0.8281850084243025,-13.52486811023318,3.616255839866035,-7.383145176829759,-0.3721384611207039,-0.3370084240489444,23.23467415362552,-379.4392561028239,101.45381193906547,-207.1336364068349,-10.440319247775278,-9.45474844407272
50-69,Male,1.1203464503861422,-16.63611924056628,4.2829963179374,-11.852765616490185,0.5838650234554876,-0.5457347349310844,32.02802587851312,-475.58686634053515,122.44062259598007,-338.8422248903963,16.691304796249256,-15.60125103011842
