age_cat,sex,base_deaths_inj,scen1_deaths_inj,scen2_deaths_inj,scen3_deaths_inj,scen4_deaths_inj,scen5_deaths_inj,base_yll_inj,scen1_yll_inj,scen2_yll_inj,scen3_yll_inj,scen4_yll_inj,scen5_yll_inj
15-49,Female,-85.33695349792976,-15.286512929040342,23.40365366923998,-59.543402448840055,-17.933405735308583,-18.53901115772173,-4763.619564277003,-853.3130030253124,1306.422340200596,-3323.790048771717,-1001.0659967713264,-1034.8716778999533
15-49,Male,-128.4505906100812,-24.179232322572176,33.227879513440115,-65.37420117024044,-19.286063555168226,-25.262060681837596,-7248.138143581338,-1364.3722091690852,1874.9642161068296,-3688.8988898972875,-1088.2632164618299,-1425.4734426976083
50-69,Female,-12.696683101808878,-1.7500690813773137,3.041128664620892,-11.058076328126718,-2.3615157421545785,-2.2934507781334776,-356.20458194919837,-49.09806919772706,85.318658105334407,-310.2335802223441,-66.25216373091808,-64.34260578888603
50-69,Male,-15.515772790180138,-2.2534865630320677,3.9860269396188226,-16.792621321843043,-1.9251482648953608,-3.035931048177945,-443.55884046202203,-64.42179196693729,113.95097822692338,-480.0608865933289,-55.035385194277865,-86.79000870035469
