age_cat,sex,base_deaths_inj,scen1_deaths_inj,scen2_deaths_inj,scen3_deaths_inj,scen4_deaths_inj,scen5_deaths_inj,base_yll_inj,scen1_yll_inj,scen2_yll_inj,scen3_yll_inj,scen4_yll_inj,scen5_yll_inj
15-49,Female,-85.33695349792976,-17.924550892807275,23.40365366923998,-62.47890669313992,-20.486798735178752,-20.943065413801833,-4763.619564277003,-1000.5717079638534,1306.422340200596,-3487.6537077843886,-1143.5997099037568,-1169.0691084201835
15-49,Male,-128.4505906100812,-27.620841979883977,33.227879513440115,-69.20388819333246,-22.61724457984053,-28.442089148081237,-7248.138143581338,-1558.573435601762,1874.9642161068296,-3904.998329052947,-1276.2332377238945,-1604.914311862798
50-69,Female,-12.696683101808878,-3.1649101040696905,3.041128664620892,-12.632455425079703,-3.730959705012973,-3.5801360469349017,-356.20458194919837,-88.79133798073025,85.318658105334407,-354.4026788414786,-104.67182108405245,-100.44047360196129
50-69,Male,-15.515772790180138,-3.092676053367173,3.9860269396188226,-17.726438175309752,-2.7374112420082977,-3.7852404782600697,-443.55884046202203,-88.41221270167097,113.95097822692338,-506.75647735305796,-78.25604130664811,-108.21097344694061
