age_cat,sex,base_deaths_inj,scen1_deaths_inj,scen2_deaths_inj,scen3_deaths_inj,base_yll_inj,scen1_yll_inj,scen2_yll_inj,scen3_yll_inj
15-49,Female,-87.92166130087807,10.754999426545169,-6.294722754536949,15.178368641016249,-4922.3902059413595,602.1303858324864,-352.4169263591857,849.7775409978485
15-49,Male,-120.60211020744657,4.142417863797618,-1.3845848155573037,20.933802625440293,-6825.358701472791,234.43609538153487,-78.35922607436805,1184.7281250609549
50-69,Female,-13.525344959944782,-0.7823649377735347,-1.1990537477290424,2.5836097446301753,-366.04119027697783,-21.173418785376953,-32.4504152999142,69.92114352250053
50-69,Male,-19.95088353173057,1.2947413047318967,-2.581416992353329,3.4390005513982054,-550.189564347885,35.70534373882265,-71.1882603176075,94.83801617891515
