age_cat,sex,base_deaths_inj,scen1_deaths_inj,scen2_deaths_inj,scen3_deaths_inj,scen4_deaths_inj,scen5_deaths_inj,base_yll_inj,scen1_yll_inj,scen2_yll_inj,scen3_yll_inj,scen4_yll_inj,scen5_yll_inj
15-49,Female,12.644939107845062,-98.62931051550969,32.93477577687145,-41.230137916205635,-3.5143810333640175,-0.8954974435915659,705.8569219333967,-5505.616194679734,1838.4619535262318,-2301.5198406425525,-196.17731311749958,-49.9878302095276
15-49,Male,19.619789754299518,-148.3226569587115,50.58102776002703,-31.531200645459393,10.822109942893803,0.1361739020124162,1107.0945319267676,-8369.46799819068,2854.157967726971,-1779.2249691169109,610.6639720266357,7.683944843294739
50-69,Female,1.598269858895815,-13.37741601537708,4.548743986204064,-7.198639112636808,-0.358643385528028,-1.753149877720011,44.839352322566754,-375.3024975978984,127.61470354166039,-201.95733130920053,-10.061715818728771,-49.18450072984621
50-69,Male,2.1626724226271765,-17.69628765406932,6.174851739237624,-10.25501786701404,0.20456346408631632,-0.9220009539119687,61.82563286095689,-505.89454605117686,176.52424500664148,-293.16643750344934,5.847980255836603,-26.357802447384472
