age_cat,sex,base_deaths_inj,scen1_deaths_inj,scen2_deaths_inj,scen3_deaths_inj,scen4_deaths_inj,scen5_deaths_inj,base_yll_inj,scen1_yll_inj,scen2_yll_inj,scen3_yll_inj,scen4_yll_inj,scen5_yll_inj
15-49,Female,-85.33695349792976,-8.840761365840294,17.221731172935463,-41.54328126178844,-10.78286313811276,-10.18767567554012,-4763.619564277003,-493.5027802046243,961.3393985069401,-2318.999908846271,-601.9134231793423,-568.6892860979524
15-49,Male,-128.4505906100812,-14.009974489777903,24.736552378134164,-41.31116693148064,-6.61645080115693,-13.819797609577478,-7248.138143581338,-790.5470111710874,1395.8203538114394,-2331.0834412653967,-373.3493882684488,-779.8158164536399
50-69,Female,-12.696683101808878,-0.8281850084243025,2.7880708314417326,-8.211330185254061,-1.2003234695450065,-1.165193432473247,-356.20458194919837,-23.23467415362552,78.21913778543995,-230.36831056046043,-33.6749934014008,-32.68942259769824
50-69,Male,-15.515772790180138,-1.1203464503861422,3.1626498675512575,-12.973112066876327,-0.5364814269306546,-1.6660811853172266,-443.55884046202203,-32.02802587851312,90.41259671746695,-370.87025076890944,-15.336721082263864,-47.62927690863154
