age_cat,sex,base_deaths_inj,scen1_deaths_inj,scen2_deaths_inj,scen3_deaths_inj,scen4_deaths_inj,scen5_deaths_inj,base_yll_inj,scen1_yll_inj,scen2_yll_inj,scen3_yll_inj,scen4_yll_inj,scen5_yll_inj
15-49,Female,11.666012511815481,-97.6503839194801,33.907797796488374,-39.05053078776618,-1.8423868672900596,-0.41232054370878757,651.2119680922606,-5450.971240838598,1892.777306244231,-2179.8513402580884,-102.84442748712445,-23.016268196311103
15-49,Male,18.542312984956055,-147.24518018936803,52.00630507614595,-34.147640315602445,9.812448855307423,-0.6955021927815608,1046.2952749236765,-8308.668741187588,2934.582719618552,-1926.8639646518586,553.6913804155993,-39.24540905963477
50-69,Female,1.6224525222791382,-13.401598678760402,4.783534181642057,-8.046387149475008,-0.3993641661385432,-1.2374233831938284,45.51779530108354,-375.9809405764152,134.20172652562744,-225.74084489608225,-11.204134552637868,-34.71582895866112
50-69,Male,1.6012654386815175,-17.13488067012366,6.222542647142921,-13.750921614723623,-0.8023549747421441,-1.5633092072551484,45.776349709310125,-489.8452628995301,177.88761401810592,-393.1059657287075,-22.937410018069045,-44.691271819381086
