age_cat,sex,base_deaths_inj,scen1_deaths_inj,scen2_deaths_inj,scen3_deaths_inj,base_yll_inj,scen1_yll_inj,scen2_yll_inj,scen3_yll_inj
15-49,Female,-77.55913587505732,-8.529284810757673,-8.261694820768525,13.690620334527694,-324206.5300332149,-35653.43786985177,-34534.879480215255,57228.44204723567
15-49,Male,-121.1900715098905,-12.578570958216162,0.9277207381789907,22.29365039045028,-373.61256851125086,-38.7780297952595,2.860037324294524,68.72830323553546
50-69,Female,-18.90951983924732,-1.9251957386187932,-1.5750866447576897,3.1937253662572704,-23822.965560006738,-2425.4382008259818,-1984.3568324885928,4023.582304324409
50-69,Male,-24.341272775804853,-2.423107025578819,-2.525738652730425,4.636481806482639,-41.585333201928904,-4.139706003491767,-4.315044838542249,7.921099384700781
