X,Pedestrian,Car,Truck,Bus,Motorcycle,Bicycle,Tuktuk
Pedestrian,0,58.71038833538845,14.512246736610342,32.01909321007418,19.053494014733307,0.8885049022414496,2.566791939808632
Car,0,3.736384821161652,1.0805647859397494,2.4731943740023135,1.4587624610186618,0.05402823929698747,0.21611295718794987
Truck,0,2.215157811176486,0.6,1.4877186116179246,0.8,0,0.1
Bus,0,3.2151526862030075,0.9155191456110305,2.226403156510308,1.258838825215167,0,0.11443989320137882
Motorcycle,0,12.912749191980003,3.8,8.58299199010341,5,0.2,0.7
Bicycle,0,3.704895362468136,0.9,1.985714852571316,1.2,0.1,0.2
