X,Pedestrian,Car,Truck,Bus,Motorcycle,Bicycle,Tuktuk
Pedestrian,0,64.62019576852526,14.554099459924878,32.02431453643311,19.108443508608854,0.8910673138729518,2.5741944622996384
Car,0,4.824450331582037,1.2278602235675633,2.7998558271028275,1.6576113018162106,0.06139301117837817,0.24557204471351268
Truck,0,2.5171134583135046,0.6,1.4821770855391645,0.8,0,0.1
Bus,0,3.639812575233676,0.9121089757164089,2.209848018890847,1.2541498416100623,0,0.11401362196455112
Motorcycle,0,14.67292967163238,3.8,8.551021647341333,5,0.2,0.7
Bicycle,0,4.066104896093231,0.9,1.9803274783267537,1.2,0.1,0.2
