"","X","Pedestrian","Car","Truck","Bus","Motorcycle","Bicycle","Tuktuk"
"1","Pedestrian",0,88.3052054679759,14.7,29.4,19.3,3.40972440298083,2.6
"2","Car",0,11.6907987081729,1.92587273373851,3.85174546747703,2.59992819054699,0.364816403181312,0.385174546747703
"3","Truck",0,3.88884363500216,0.6,1.3,0.8,0,0.1
"4","Bus",0,4.93219192731982,0.8,1.7,1.1,0,0.1
"5","Motorcycle",0,22.6691128967199,3.8,7.5,5,0.757716533995741,0.7
"6","Bicycle",0,14.2449952789686,2.33045220853204,4.66090441706409,3.10726961137606,0.981012316717566,0.517878268562676
