X,Pedestrian,Car,Truck,Bus,Motorcycle,Bicycle,Tuktuk
Pedestrian,0,64.62234369490619,14.554583227171461,32.02396082277985,19.109078658803348,0.8910969322758038,2.5742800265745442
Car,0,4.824450331582037,1.2278602235675633,2.799685518319378,1.6576113018162106,0.06139301117837817,0.24557204471351268
Truck,0,2.5171134583135046,0.6,1.4820869281196818,0.8,0,0.1
Bus,0,3.6395911738151914,0.9120534942274965,2.2095791871334316,1.2540735545628077,0,0.11400668677843706
Motorcycle,0,14.67292967163238,3.8,8.55050150838278,5,0.2,0.7
Bicycle,0,4.066104896093231,0.9,1.9802397836233367,1.2,0.1,0.2
