X,Pedestrian,Car,Truck,Bus,Motorcycle,Bicycle,Tuktuk
Pedestrian,0,113.85759271227755,14.189683424839426,22.567033461264824,18.629992523768774,0.8687561280513936,2.509739925481804
Car,0,24.519367801658948,2.7680864217033436,4.041057594109597,3.736916669299514,0.13840432108516718,0.5536172843406687
Truck,0,5.674577164491854,0.6,0.9489181463326224,0.8,0,0.1
Bus,0,5.253374872342477,0.583949628512383,0.9057737291993363,0.8029307392045266,0,0.07299370356404787
Motorcycle,0,33.07863273935495,3.8,5.474527767303591,5,0.2,0.7
Bicycle,0,7.348267172923753,0.9,1.4313448374460953,1.2,0.1,0.2
