X,Pedestrian,Car,Truck,Bus,Motorcycle,Bicycle,Tuktuk
Pedestrian,0,98.81139451406726,14.189683424839426,22.567033461264824,39.044554840820815,0.8687561280513936,2.509739925481804
Car,0,16.61124604890087,2.2783797730583726,3.32614755521891,8.49907557940259,0.11391898865291863,0.45567595461167454
Truck,0,4.670678534769664,0.6,0.9489181463326224,2.2105573845917106,0,0.1
Bus,0,4.323991821784584,0.583949628512383,0.9057737291993363,2.218655593580309,0,0.07299370356404787
Motorcycle,0,75.23255790656364,10.500147576810624,15.127197228956652,38.17628086385112,0.5526393461479276,1.9342377115177465
Bicycle,0,6.377199002032319,0.9,1.4313448374460953,2.514948180961841,0.1,0.2
