X,Pedestrian,Car,Truck,Bus,Motorcycle,Bicycle,Tuktuk
Pedestrian,0,109.05435692847706,14.115009895140282,22.29083865975939,14.754984523771011,1.945099201445829,2.4965323624057643
Car,0,22.09931908864325,2.6279340203287096,3.7995424550225283,2.5940801265064377,0.29574666462156957,0.525586804065742
Truck,0,5.387264741673854,0.6,0.939788661610205,0.5849586236442454,0,0.1
Bus,0,4.9394051915292865,0.5783314840678185,0.8884287801389767,0.5814531059742023,0,0.07229143550847732
Motorcycle,0,22.962412971668098,2.7785534623101658,3.964452995278652,2.673254620123203,0.3291550711436246,0.5118387956887147
Bicycle,0,15.925492631258052,2.025712944848737,3.199065445937507,2.150474202717384,0.5066065351762645,0.4501584321886083
