"","X","Pedestrian","Car","Truck","Bus","Motorcycle","Bicycle","Tuktuk"
"1","Pedestrian",0,63.7667062354896,14.7489674046028,33.3642383092329,19.3642905380159,0.902998004363436,2.60866090149437
"2","Car",0,6.65244721417706,1.52265474593131,3.44445915515975,2.05558390700727,0.0761327372965657,0.304530949186263
"3","Truck",0,2.79887742639619,0.6,1.47039140477275,0.8,0,0.1
"4","Bus",0,3.87623613401602,0.87356826042981,2.09964263918372,1.20115635809099,0,0.109196032553726
"5","Motorcycle",0,16.3154074367973,3.8,8.48302733522739,5,0.2,0.7
"6","Bicycle",0,3.95938757880436,0.9,2.03592656045457,1.2,0.1,0.2
