X,Pedestrian,Car,Truck,Bus,Motorcycle,Bicycle,Tuktuk
Pedestrian,0,125.9255568586137,13.566358446758965,17.22720697595703,11.490858776591358,3.4112048857867387,2.3994919701750552
Car,0,24.649758983897712,2.6279340203287096,3.3370755656376696,2.2887452231093333,0.5396395906311334,0.525586804065742
Truck,0,6.008998600004521,0.6,0.82540090462133,0.5161063615199222,0,0.1
Bus,0,5.509452440893507,0.5783314840678185,0.7802923665432453,0.5130134590533195,0,0.07229143550847732
Motorcycle,0,25.61246087130437,2.7785534623101658,3.481913777322175,2.358600522568227,0.6005988540002372,0.5118387956887147
Bicycle,0,23.317089600409165,2.4687130416844556,3.134889196702807,2.1235308426342403,1.1265421471305537,0.5486028981521013
