X,Pedestrian,Car,Truck,Bus,Motorcycle,Bicycle,Tuktuk
Pedestrian,0,115.16670047074496,14.20162164380233,22.450583852741484,18.64566651193095,0.8694870394164692,2.5118514472031332
Car,0,25.243280561233092,2.808651843035256,4.066542373404204,3.791679988097596,0.14043259215176282,0.5617303686070513
Truck,0,5.757736278222274,0.6,0.9411107856843589,0.8,0,0.1
Bus,0,5.286505085425465,0.5791450988826824,0.8909302772683036,0.7963245109636884,0,0.0723931373603353
Motorcycle,0,33.56338952427131,3.8,5.429485302025148,5,0.2,0.7
Bicycle,0,7.426507666191606,0.9,1.4227618489107647,1.2,0.1,0.2
