"","X","Pedestrian","Car","Truck","Bus","Motorcycle","Bicycle","Tuktuk"
"1","Pedestrian",0,62.7001027929517,14.7024701877601,33.3594423899061,19.303243171685,0.900151235985312,2.60043690395757
"2","Car",0,6.49791242509328,1.50781576843865,3.42118655025032,2.03555128739218,0.0753907884219325,0.30156315368773
"3","Truck",0,2.76076509773863,0.6,1.47482955425346,0.8,0,0.1
"4","Bus",0,3.83169307341612,0.875450828627975,2.1105185424092,1.20374488936347,0,0.109431353578497
"5","Motorcycle",0,16.0932404477935,3.8,8.50863204376995,5,0.2,0.7
"6","Bicycle",0,3.9054725772888,0.9,2.04207169050479,1.2,0.1,0.2
