X,Pedestrian,Car,Truck,Bus,Motorcycle,Bicycle,Tuktuk
Pedestrian,0,138.34287621734705,15.138656137026441,19.223785338850572,19.875922683306825,0.9268564981852924,2.677585439201956
Car,0,23.998710497017235,2.5987877011795706,3.3000641838036984,3.5083633965924204,0.12993938505897853,0.5197575402359141
Truck,0,5.915902212856187,0.6,0.82540090462133,0.8,0,0.1
Bus,0,5.424095436914113,0.5783314840678185,0.7802923665432453,0.7952057905932505,0,0.07229143550847732
Motorcycle,0,34.48538119201533,3.8,4.761928295892288,5,0.2,0.7
Bicycle,0,8.368837276723387,0.9,1.1428627910141491,1.2,0.1,0.2
