X,Pedestrian,Car,Truck,Bus,Motorcycle,Bicycle,Tuktuk
Pedestrian,0,113.97182072066316,14.20162164380233,22.450583852741484,14.229333453884237,2.1213301370492577,2.5118514472031332
Car,0,24.530267414276103,2.768701603091471,4.008699909247628,2.5784297976461614,0.3377468487095704,0.5537403206182943
Truck,0,5.675838286337515,0.6,0.9411107856843589,0.5518682103188903,0,0.1
Bus,0,5.211309882021917,0.5791450988826824,0.8909302772683036,0.5493327283732453,0,0.0723931373603353
Motorcycle,0,22.82387857916417,2.621373999014729,3.745450420726672,2.3793634496919913,0.3366049789007141,0.48288468402902895
Bicycle,0,17.930827998206276,2.1957741021943624,3.4711818015871394,2.2342565492476414,0.5952375194898096,0.4879498004876361
