X,Pedestrian,Car,Truck,Bus,Motorcycle,Bicycle,Tuktuk
Pedestrian,0,48.006846455233394,15.00736077691196,36.06091756837078,19.70354170029938,0.918818006749712,2.654363130610279
Car,0,3.9691308238766463,1.2278602235675633,2.9504032698187848,1.6576113018162106,0.06139301117837817,0.24557204471351268
Truck,0,2.070858217605631,0.6,1.561873321223916,0.8,0,0.1
Bus,0,2.9943335554171022,0.9120534942274965,2.328529263727944,1.2540735545628077,0,0.11400668677843706
Motorcycle,0,12.071588146530388,3.8,9.010807622445668,5,0.2,0.7
Bicycle,0,2.9295067468567466,0.9,2.1625938293869607,1.2,0.1,0.2
