X,Pedestrian,Car,Truck,Bus,Motorcycle,Bicycle,Tuktuk
Pedestrian,0,102.42970438300927,14.20162164380233,22.450583852741484,37.525371096307474,0.8694870394164692,2.5118514472031332
Car,0,18.293966016204102,2.390996524477562,3.4618347964917695,8.43621652775203,0.11954982622387811,0.47819930489551243
Truck,0,4.901542875179002,0.6,0.9411107856843589,2.090860180127363,0,0.1
Bus,0,4.5003852354393,0.5791450988826824,0.8909302772683036,2.0812540130417148,0,0.0723931373603353
Motorcycle,0,74.67613889380499,9.931585855604974,14.190368270738963,34.153877287829914,0.5227150450318407,1.8295026576114424
Bicycle,0,6.605164355120103,0.9,1.4227618489107647,2.4150622498131122,0.1,0.2
