X,Pedestrian,Car,Truck,Bus,Motorcycle,Bicycle,Tuktuk
Pedestrian,0,118.581467782206,14.933989102436708,23.60834438555118,19.607210182110784,0.9143258634144924,2.641385827641867
Car,0,23.823959405734037,2.728550405305331,3.9505664857173475,3.683543047162197,0.13642752026526656,0.5457100810610662
Truck,0,5.593528330875928,0.6,0.9411107856843589,0.8,0,0.1
Bus,0,5.1357364314325515,0.5791450988826824,0.8909302772683036,0.7963245109636884,0,0.0723931373603353
Motorcycle,0,32.606177343398706,3.8,5.429485302025148,5,0.2,0.7
Bicycle,0,7.2717114780302445,0.9,1.4227618489107647,1.2,0.1,0.2
