X1,Pedestrian,Car,Truck,Bus,Motorcycle,Bicycle,Tuktuk
Pedestrian,0,114.74053266211293,14.189683424839426,22.567033461264824,18.629992523768774,0.8687561280513936,2.509739925481804
Car,0,25.045282153909127,2.7976151760198547,4.084165856893498,3.776780487626804,0.13988075880099274,0.559523035203971
Truck,0,5.735111110840702,0.6,0.9489181463326224,0.8,0,0.1
Bus,0,5.309415613961547,0.583949628512383,0.9057737291993363,0.8029307392045266,0,0.07299370356404787
Motorcycle,0,33.43150135343726,3.8,5.474527767303591,5,0.2,0.7
Bicycle,0,7.405251327379169,0.9,1.4313448374460953,1.2,0.1,0.2
