"","X","Pedestrian","Car","Truck","Bus","Motorcycle","Bicycle","Tuktuk"
"1","Pedestrian",0,88.2837914708364,14.7,29.4,19.3,3.41868549618201,2.6
"2","Car",0,11.6859391005077,1.92553913374749,3.85107826749498,2.59947783055911,0.365711817159635,0.385107826749498
"3","Truck",0,3.88790059108947,0.6,1.3,0.8,0,0.1
"4","Bus",0,4.93099587162566,0.8,1.7,1.1,0,0.1
"5","Motorcycle",0,22.663615640741,3.8,7.5,5,0.759707888040448,0.7
"6","Bicycle",0,14.268265257634,2.33482532437703,4.66965064875407,3.11310043250271,0.985436231181017,0.518850072083786
