X,Pedestrian,Car,Truck,Bus,Motorcycle,Bicycle,Tuktuk
Pedestrian,0,112.07505457835578,14.624239983416123,23.09502978840748,19.20053276734226,0.895361631637722,2.586600269175641
Car,0,21.61183205056703,2.5987877011795706,3.7574018700009386,3.5083633965924204,0.12993938505897853,0.5197575402359141
Truck,0,5.327514787418119,0.6,0.939788661610205,0.8,0,0.1
Bus,0,4.88462243100122,0.5783314840678185,0.8884287801389767,0.7952057905932505,0,0.07229143550847732
Motorcycle,0,31.055513029095867,3.8,5.421857663135798,5,0.2,0.7
Bicycle,0,7.01828986407718,0.9,1.4213064633196326,1.2,0.1,0.2
