X,Pedestrian,Car,Truck,Bus,Motorcycle,Bicycle,Tuktuk
Pedestrian,0,55.668489974661455,14.500139312398062,31.992807905553796,19.037597872740314,0.88776363137131,2.564650490628229
Car,0,3.2357185524922114,1.0055655362301434,2.3015785370443487,1.3575134739106938,0.05027827681150718,0.2011131072460287
Truck,0,2.061409349271794,0.6,1.4877459451200123,0.8,0,0.1
Bus,0,2.9920520981576537,0.9155359662276998,2.226484967618796,1.2588619535630874,0,0.11444199577846248
Motorcycle,0,12.016508157950213,3.8,8.583149683384686,5,0.2,0.7
Bicycle,0,3.5158708503648635,0.9,1.9857414121793349,1.2,0.1,0.2
