X,Pedestrian,Car,Truck,Bus,Motorcycle,Bicycle,Tuktuk
Pedestrian,0,117.8311978256669,15.092370258192823,24.002651393210318,19.81515278796745,0.9240226688689483,2.669398821176962
Car,0,22.743337036473793,2.665950641684512,3.8919522171100494,3.599033366274091,0.1332975320842256,0.5331901283369024
Truck,0,5.465198815453249,0.6,0.9489181463326224,0.8,0,0.1
Bus,0,5.059537882243064,0.583949628512383,0.9057737291993363,0.8029307392045266,0,0.07299370356404787
Motorcycle,0,31.858110168129915,3.8,5.474527767303591,5,0.2,0.7
Bicycle,0,7.149875652021585,0.9,1.4313448374460953,1.2,0.1,0.2
