"","X","Pedestrian","Car","Truck","Bus","Motorcycle","Bicycle","Tuktuk"
"1","Pedestrian",0,82.7251872130989,11.1303794572887,22.2607589145775,14.6133553418825,0.681451803507474,1.96863854346604
"2","Car",0,16.8401134455606,2.24217547019747,4.48435094039493,3.02693688476658,0.112108773509873,0.448435094039493
"3","Truck",0,4.81148679907382,0.6,1.3,0.8,0,0.1
"4","Bus",0,6.10237350126435,0.8,1.7,1.1,0,0.1
"5","Motorcycle",0,28.0474474385035,3.8,7.5,5,0.2,0.7
"6","Bicycle",0,6.80649352064101,0.9,1.8,1.2,0.1,0.2
