X,Pedestrian,Car,Truck,Bus,Motorcycle,Bicycle,Tuktuk
Pedestrian,0,107.23955654297454,14.195192101521624,18.025729849030007,66.49569960707477,0.8690933939707117,2.5107142492487227
Car,0,17.317785290139444,2.2684592798449494,2.880597448739495,10.926399300031601,0.11342296399224748,0.4536918559689899
Truck,0,4.890634934497866,0.6,0.82540090462133,2.8543176183220615,0,0.1
Bus,0,4.484061716600841,0.5783314840678185,0.7802923665432453,2.837212372852548,0,0.07229143550847732
Motorcycle,0,70.72281070015532,9.426789706531881,11.813078063936926,44.25501964403125,0.4961468266595727,1.7365138933085043
Bicycle,0,6.918459175631128,0.9,1.1428627910141491,4.281476427483092,0.1,0.2
