X,Pedestrian,Car,Truck,Bus,Motorcycle,Bicycle,Tuktuk
Pedestrian,0,109.96441399060912,14.115009895140282,22.29083865975939,18.531951767088945,0.8641842792943031,2.4965323624057643
Car,0,22.60966464415879,2.658104625724808,3.8431639825074035,3.5884412447284912,0.1329052312862404,0.5316209251449616
Truck,0,5.449114482735856,0.6,0.939788661610205,0.8,0,0.1
Bus,0,4.996113177259625,0.5783314840678185,0.8884287801389767,0.7952057905932505,0,0.07229143550847732
Motorcycle,0,31.764350277411456,3.8,5.421857663135798,5,0.2,0.7
Bicycle,0,7.134550635145105,0.9,1.4213064633196326,1.2,0.1,0.2
