X,Pedestrian,Car,Truck,Bus,Motorcycle,Bicycle,Tuktuk
Pedestrian,0,112.34354953114911,14.189683424839426,22.567033461264824,14.13601729048557,2.218937337991908,2.509739925481804
Car,0,23.633994863576806,2.7176503444828497,3.9674272727182744,2.511015005634094,0.34706493722843873,0.54353006889657
Truck,0,5.571183206189842,0.6,0.9489181463326224,0.5475350775895231,0,0.1
Bus,0,5.1576554545337565,0.583949628512383,0.9057737291993363,0.5495409307367045,0,0.07299370356404787
Motorcycle,0,22.227132827649942,2.6007916185502347,3.7468699822957126,2.3421457905544147,0.34962228993100586,0.4790931928908327
Bicycle,0,18.519030179982387,2.298739012836727,3.6558757985108694,2.3256416154624837,0.6523704998935271,0.5108308917414949
