X,Pedestrian,Car,Truck,Bus,Motorcycle,Bicycle,Tuktuk
Pedestrian,0,97.97964362073546,14.115009895140282,22.29083865975939,35.906705774685264,0.8641842792943031,2.4965323624057643
Car,0,16.466904013806936,2.2684592798449494,3.279803554650361,7.5970498934353365,0.11342296399224748,0.4536918559689899
Truck,0,4.650341523682146,0.6,0.939788661610205,1.9845873066382909,0,0.1
Bus,0,4.263744621045469,0.5783314840678185,0.8884287801389767,1.9726941477207895,0,0.07229143550847732
Motorcycle,0,67.24796016781649,9.426789706531881,13.450187370823562,30.77020920054551,0.4961468266595727,1.7365138933085043
Bicycle,0,6.356972253635679,0.9,1.4213064633196326,2.3250679405578185,0.1,0.2
