"","X","Pedestrian","Car","Truck","Bus","Motorcycle","Bicycle","Tuktuk"
"1","Pedestrian",0,108.072790229041,14.544229062831,29.088458125662,19.0954844158257,0.890463003846795,2.57244867777963
"2","Car",0,16.83332597033,2.24179887683383,4.48359775366765,3.02642848372567,0.112089943841691,0.448359775366765
"3","Truck",0,4.81035545212381,0.6,1.3,0.8,0,0.1
"4","Bus",0,6.1009386222058,0.8,1.7,1.1,0,0.1
"5","Motorcycle",0,28.0408525135998,3.8,7.5,5,0.2,0.7
"6","Bicycle",0,6.80489307861417,0.9,1.8,1.2,0.1,0.2
