X,Pedestrian,Car,Truck,Bus,Motorcycle,Bicycle,Tuktuk
Pedestrian,0,127.95419819115739,13.566358446758965,17.22720697595703,17.811613470914832,0.8305933742913653,2.3994919701750552
Car,0,25.334419117508133,2.658104625724808,3.375387634848305,3.5884412447284912,0.1329052312862404,0.5316209251449616
Truck,0,6.105802642259844,0.6,0.82540090462133,0.8,0,0.1
Bus,0,5.5982088714394465,0.5783314840678185,0.7802923665432453,0.7952057905932505,0,0.07229143550847732
Motorcycle,0,35.592361743904945,3.8,4.761928295892288,5,0.2,0.7
Bicycle,0,8.637476908562707,0.9,1.1428627910141491,1.2,0.1,0.2
