,trip_mode,total_duration,speed,total_distance,dist_per_capita,total_distance_pop,emissions,emission_share_1,emission_share_2,
1,bus,1809461,18,542838.3,9.039169747,56946769.41,46.41161707,0.072034718,0.034224416,
2,car,1050008,18,315002.4,5.245319213,33045511.04,452.7235012,0.702664801,0.03190657,
3,ldv,NA,NA,NA,NA,NA,123.99,0.192442867,0.797647007,
4,hdv,NA,NA,NA,NA,NA,17.43,0.02705282,0.112133388,
5,mc,NA,NA,NA,NA,NA,3.74,0.005804793,0.024088618,
