,None,Bus,Car,Cycle,MC,Pedestrian,Truck
Bus,12,4,4,0,0,0,1
Car,130.9285714,42.3,78.55714286,0,1.007142857,3.021428571,26.18571429
Cycle,11.10377358,34.32075472,35.33018868,0,1.009433962,0,25.23584906
MC,62.20858896,15.55214724,55.98773006,1.036809816,3.110429448,0,31.10429448
NMV,0,3.428571429,3.428571429,0,0,0,1.142857143
Other,0,0,0,0,0,0,1
Pedestrian,16.72562358,152.6213152,210.1156463,0,13.58956916,0,67.9478458
Truck,9.642857143,6.428571429,5.357142857,0,0,0,8.571428571
Unknown,17.35416667,38.79166667,64.3125,0,4.083333333,0,22.45833333
