,None,Bus,Car,Cycle,MC,Pedestrian,Truck,n_years
Bus,12.85837559,4.599906634,4.654952756,0,0,0,1.138471002,4
Car,140.2940623,48.64401265,91.41994715,0,1.226867882,3.021428571,29.81167637,4
Cycle,11.89804094,39.46806682,41.11508979,0,1.22965883,0,28.73028235,4
MC,66.65845016,17.88460631,65.15505958,1.036809816,3.789021549,0,35.41133729,4
NMV,0,3.942777115,3.989959505,0,0,0,1.301109716,4
Other,0,0,0,0,0,0,1.138471002,4
Pedestrian,17.92202917,175.51095,244.5196016,0,16.5543605,0,77.35665207,4
Truck,10.33262324,7.39270709,6.234311726,0,0,0,9.758322871,4
