base_emissions,scen1_emissions,scen2_emissions,scen3_emissions,scen4_emissions,scen5_emissions
50,49.36937796087295,51.144615108279154,48.94507605463331,49.9119585263064,50.01317699721746
