"","X.10","X.9","X.8","X.7","X.6","X.5","X.4","X.3","X.2","X.1","X","Mode","ratio","vent_rate"
"1",1,1,1,1,1,1,1,1,1,1,1,"Taxi",1.11667164047137,10
"2",2,2,2,2,2,2,2,2,2,2,2,"Private Car",1.11667164047137,10
"3",3,3,3,3,3,3,3,3,3,3,3,"Walking",1.73334328094273,15
"4",4,4,4,4,4,4,4,4,4,4,4,"Motorcycle",1.73334328094273,10
"5",5,5,5,5,5,5,5,5,5,5,5,"Bicycle",1.73334328094273,35
"6",6,6,6,6,6,6,6,6,6,6,6,"Bus",1.73334328094273,10
"7",7,7,7,7,7,7,7,7,7,7,7,"Short Walking",1.73334328094273,15
