Mode,ratio,vent_rate
Taxi,1.1166716404713664,10
Private Car,1.1166716404713664,10
Walking,1.733343280942733,15
Motorcycle,1.733343280942733,10
Bicycle,1.733343280942733,35
Bus,1.733343280942733,10
Short Walking,1.733343280942733,15
