"","Mode","ratio","vent_rate"
"1","Taxi",1.11667164047137,10
"2","Private Car",1.11667164047137,10
"3","Walking",1.73334328094273,15
"4","Motorcycle",1.73334328094273,10
"5","Bicycle",1.73334328094273,35
"6","Bus",1.73334328094273,10
"7","Short Walking",1.73334328094273,15
