,Mode,ratio,vent_rate
1,Taxi,1.11667164,10
2,Private Car,1.11667164,10
3,Walking,1.733343281,15
4,Motorcycle,1.733343281,10
5,Bicycle,1.733343281,35
6,Bus,1.733343281,10
7,Short Walking,1.733343281,15
