,id,age_group,sex
1,1,0-4,Male
2,2,0-4,Male
3,3,0-4,Male
4,4,0-4,Male
5,5,0-4,Male
6,6,0-4,Male
7,7,0-4,Male
8,8,0-4,Male
9,9,0-4,Male
10,10,0-4,Male
11,11,0-4,Male
12,12,0-4,Male
13,13,0-4,Male
14,14,0-4,Male
15,15,0-4,Male
16,16,0-4,Male
17,17,0-4,Male
18,18,0-4,Male
19,19,0-4,Male
20,20,0-4,Male
21,21,0-4,Male
22,22,0-4,Male
23,23,0-4,Male
24,24,0-4,Male
25,25,0-4,Male
26,26,0-4,Male
27,27,0-4,Male
28,28,0-4,Male
29,29,0-4,Male
30,30,0-4,Male
31,31,0-4,Male
32,32,0-4,Male
33,33,0-4,Male
34,34,0-4,Male
35,35,0-4,Male
36,36,0-4,Male
37,37,0-4,Male
38,38,0-4,Male
39,39,0-4,Male
40,40,0-4,Male
41,41,0-4,Male
42,42,0-4,Male
43,43,0-4,Male
44,44,0-4,Male
45,45,0-4,Male
46,46,0-4,Male
47,47,0-4,Male
48,48,0-4,Male
49,49,0-4,Male
50,50,0-4,Male
51,51,0-4,Male
52,52,0-4,Male
53,53,0-4,Male
54,54,0-4,Male
55,55,0-4,Male
56,56,0-4,Male
57,57,0-4,Male
58,58,0-4,Male
59,59,0-4,Male
60,60,0-4,Male
61,61,0-4,Male
62,62,0-4,Male
63,63,0-4,Male
64,64,0-4,Male
65,65,0-4,Male
66,66,0-4,Male
67,67,0-4,Male
68,68,0-4,Male
69,69,0-4,Male
70,70,0-4,Male
71,71,0-4,Male
72,72,0-4,Male
73,73,0-4,Male
74,74,0-4,Male
75,75,0-4,Male
76,76,0-4,Male
77,77,0-4,Male
78,78,0-4,Male
79,79,0-4,Male
80,80,0-4,Male
81,81,0-4,Male
82,82,0-4,Male
83,83,0-4,Male
84,84,0-4,Male
85,85,0-4,Male
86,86,0-4,Male
87,87,0-4,Male
88,88,0-4,Male
89,89,0-4,Male
90,90,0-4,Male
91,91,0-4,Male
92,92,0-4,Male
93,93,0-4,Male
94,94,0-4,Male
95,95,0-4,Male
96,96,0-4,Male
97,97,0-4,Male
98,98,0-4,Male
99,99,0-4,Male
100,100,0-4,Male
101,101,0-4,Male
102,102,0-4,Male
103,103,0-4,Male
104,104,0-4,Male
105,105,0-4,Male
106,106,0-4,Male
107,107,0-4,Male
108,108,0-4,Male
109,109,0-4,Male
110,110,0-4,Male
111,111,0-4,Male
112,112,0-4,Male
113,113,0-4,Male
114,114,0-4,Male
115,115,0-4,Male
116,116,0-4,Male
117,117,0-4,Male
118,118,0-4,Male
119,119,0-4,Male
120,120,0-4,Male
121,121,0-4,Male
122,122,0-4,Male
123,123,0-4,Male
124,124,0-4,Male
125,125,0-4,Male
126,126,0-4,Male
127,127,0-4,Male
128,128,0-4,Male
129,129,0-4,Male
130,130,0-4,Male
131,131,0-4,Male
132,132,0-4,Male
133,133,0-4,Male
134,134,0-4,Male
135,135,0-4,Male
136,136,0-4,Male
137,137,0-4,Male
138,138,0-4,Male
139,139,0-4,Male
140,140,0-4,Male
141,141,0-4,Male
142,142,0-4,Male
143,143,0-4,Male
144,144,0-4,Male
145,145,0-4,Male
146,146,0-4,Male
147,147,0-4,Male
148,148,0-4,Male
149,149,0-4,Male
150,150,0-4,Male
151,151,0-4,Male
152,152,0-4,Male
153,153,0-4,Male
154,154,0-4,Male
155,155,0-4,Male
156,156,0-4,Male
157,157,0-4,Male
158,158,0-4,Male
159,159,0-4,Male
160,160,0-4,Male
161,161,0-4,Male
162,162,0-4,Male
163,163,0-4,Male
164,164,0-4,Male
165,165,0-4,Male
166,166,0-4,Male
167,167,0-4,Male
168,168,0-4,Male
169,169,0-4,Male
170,170,0-4,Male
171,171,0-4,Male
172,172,0-4,Male
173,173,0-4,Male
174,174,0-4,Male
175,175,0-4,Male
176,176,0-4,Male
177,177,0-4,Male
178,178,0-4,Male
179,179,0-4,Male
180,180,0-4,Male
181,181,0-4,Male
182,182,0-4,Male
183,183,0-4,Male
184,184,0-4,Male
185,185,0-4,Male
186,186,0-4,Male
187,187,0-4,Male
188,188,0-4,Male
189,189,0-4,Male
190,190,0-4,Male
191,191,0-4,Male
192,192,0-4,Male
193,193,0-4,Male
194,194,0-4,Male
195,195,0-4,Male
196,196,0-4,Male
197,197,0-4,Male
198,198,0-4,Male
199,199,0-4,Male
200,200,0-4,Male
201,201,0-4,Male
202,202,0-4,Male
203,203,0-4,Male
204,204,0-4,Male
205,205,0-4,Male
206,206,0-4,Male
207,207,0-4,Male
208,208,0-4,Male
209,209,0-4,Male
210,210,0-4,Male
211,211,0-4,Male
212,212,0-4,Male
213,213,0-4,Male
214,214,0-4,Male
215,215,0-4,Male
216,216,0-4,Male
217,217,0-4,Male
218,218,0-4,Male
219,219,0-4,Male
220,220,0-4,Male
221,221,0-4,Male
222,222,0-4,Male
223,223,0-4,Male
224,224,0-4,Male
225,225,0-4,Male
226,226,0-4,Male
227,227,0-4,Male
228,228,0-4,Male
229,229,0-4,Male
230,230,0-4,Male
231,231,0-4,Male
232,232,0-4,Male
233,233,0-4,Male
234,234,0-4,Male
235,235,0-4,Male
236,236,0-4,Male
237,237,0-4,Male
238,238,0-4,Male
239,239,0-4,Male
240,240,0-4,Male
241,241,0-4,Male
242,242,0-4,Male
243,243,0-4,Male
244,244,0-4,Male
245,245,0-4,Male
246,246,0-4,Male
247,247,0-4,Male
248,248,0-4,Male
249,249,0-4,Male
250,250,0-4,Male
251,251,0-4,Male
252,252,0-4,Male
253,253,0-4,Male
254,254,0-4,Male
255,255,0-4,Male
256,256,0-4,Male
257,257,0-4,Male
258,258,0-4,Male
259,259,0-4,Male
260,260,0-4,Male
261,261,0-4,Male
262,262,0-4,Male
263,263,0-4,Male
264,264,0-4,Male
265,265,0-4,Male
266,266,0-4,Male
267,267,0-4,Male
268,268,0-4,Male
269,269,0-4,Male
270,270,0-4,Male
271,271,0-4,Male
272,272,0-4,Male
273,273,0-4,Male
274,274,0-4,Male
275,275,0-4,Male
276,276,0-4,Male
277,277,0-4,Male
278,278,0-4,Male
279,279,0-4,Male
280,280,0-4,Male
281,281,0-4,Male
282,282,0-4,Male
283,283,0-4,Male
284,284,0-4,Male
285,285,0-4,Male
286,286,0-4,Male
287,287,0-4,Male
288,288,0-4,Male
289,289,0-4,Male
290,290,0-4,Male
291,291,0-4,Male
292,292,0-4,Male
293,293,0-4,Male
294,294,0-4,Male
295,295,0-4,Male
296,296,0-4,Male
297,297,0-4,Male
298,298,0-4,Male
299,299,0-4,Male
300,300,0-4,Male
301,301,0-4,Male
302,302,0-4,Male
303,303,0-4,Male
304,304,0-4,Male
305,305,0-4,Male
306,306,0-4,Male
307,307,0-4,Male
308,308,0-4,Male
309,309,0-4,Male
310,310,0-4,Male
311,311,0-4,Male
312,312,0-4,Male
313,313,0-4,Male
314,314,0-4,Male
315,315,0-4,Male
316,316,0-4,Male
317,317,0-4,Male
318,318,0-4,Male
319,319,0-4,Male
320,320,0-4,Male
321,321,0-4,Male
322,322,0-4,Male
323,323,0-4,Male
324,324,0-4,Male
325,325,0-4,Male
326,326,0-4,Male
327,327,0-4,Male
328,328,0-4,Male
329,329,0-4,Male
330,330,0-4,Male
331,331,0-4,Male
332,332,0-4,Male
333,333,0-4,Male
334,334,0-4,Male
335,335,0-4,Male
336,336,0-4,Male
337,337,0-4,Male
338,338,0-4,Male
339,339,0-4,Male
340,340,0-4,Male
341,341,0-4,Male
342,342,0-4,Male
343,343,0-4,Male
344,344,0-4,Male
345,345,0-4,Male
346,346,0-4,Male
347,347,0-4,Male
348,348,0-4,Male
349,349,0-4,Male
350,350,0-4,Male
351,351,0-4,Male
352,352,0-4,Male
353,353,0-4,Male
354,354,0-4,Male
355,355,0-4,Male
356,356,0-4,Male
357,357,0-4,Male
358,358,0-4,Male
359,359,0-4,Male
360,360,0-4,Male
361,361,0-4,Male
362,362,0-4,Male
363,363,0-4,Male
364,364,0-4,Male
365,365,0-4,Male
366,366,0-4,Male
367,367,0-4,Male
368,368,0-4,Male
369,369,0-4,Male
370,370,0-4,Male
371,371,0-4,Male
372,372,0-4,Male
373,373,0-4,Male
374,374,0-4,Male
375,375,0-4,Male
376,376,0-4,Male
377,377,0-4,Male
378,378,0-4,Male
379,379,0-4,Male
380,380,0-4,Male
381,381,0-4,Male
382,382,0-4,Male
383,383,0-4,Male
384,384,0-4,Male
385,385,0-4,Male
386,386,0-4,Male
387,387,0-4,Male
388,388,0-4,Male
389,389,0-4,Male
390,390,0-4,Male
391,391,0-4,Male
392,392,0-4,Male
393,393,0-4,Male
394,394,0-4,Male
395,395,0-4,Male
396,396,0-4,Male
397,397,0-4,Male
398,398,0-4,Male
399,399,0-4,Male
400,400,0-4,Male
401,401,0-4,Male
402,402,0-4,Male
403,403,0-4,Male
404,404,0-4,Male
405,405,0-4,Male
406,406,0-4,Male
407,407,0-4,Male
408,408,0-4,Male
409,409,0-4,Male
410,410,0-4,Male
411,411,0-4,Male
412,412,0-4,Male
413,413,0-4,Male
414,414,0-4,Male
415,415,0-4,Male
416,416,0-4,Male
417,417,0-4,Male
418,418,0-4,Male
419,419,0-4,Male
420,420,0-4,Male
421,421,0-4,Male
422,422,0-4,Male
423,423,0-4,Male
424,424,0-4,Male
425,425,0-4,Male
426,426,0-4,Male
427,427,0-4,Male
428,428,0-4,Male
429,429,0-4,Male
430,430,0-4,Male
431,431,0-4,Male
432,432,0-4,Male
433,433,0-4,Male
434,434,0-4,Male
435,435,0-4,Male
436,436,0-4,Male
437,437,0-4,Male
438,438,0-4,Male
439,439,0-4,Male
440,440,0-4,Male
441,441,0-4,Male
442,442,0-4,Male
443,443,0-4,Male
444,444,0-4,Male
445,445,0-4,Male
446,446,0-4,Male
447,447,0-4,Male
448,448,0-4,Male
449,449,0-4,Male
450,450,0-4,Male
451,451,0-4,Male
452,452,0-4,Male
453,453,0-4,Male
454,454,0-4,Male
455,455,0-4,Male
456,456,0-4,Male
457,457,0-4,Male
458,458,0-4,Male
459,459,0-4,Male
460,460,0-4,Male
461,461,0-4,Male
462,462,0-4,Male
463,463,0-4,Male
464,464,0-4,Male
465,465,0-4,Male
466,466,0-4,Male
467,467,0-4,Male
468,468,0-4,Male
469,469,0-4,Male
470,470,0-4,Male
471,471,0-4,Male
472,472,0-4,Male
473,473,0-4,Male
474,474,0-4,Male
475,475,0-4,Male
476,476,0-4,Male
477,477,0-4,Male
478,478,0-4,Male
479,479,0-4,Male
480,480,0-4,Male
481,481,0-4,Male
482,482,0-4,Male
483,483,0-4,Male
484,484,0-4,Male
485,485,0-4,Male
486,486,0-4,Male
487,487,0-4,Male
488,488,0-4,Male
489,489,0-4,Male
490,490,0-4,Male
491,491,0-4,Male
492,492,0-4,Male
493,493,0-4,Male
494,494,0-4,Male
495,495,0-4,Male
496,496,0-4,Male
497,497,0-4,Male
498,498,0-4,Male
499,499,0-4,Male
500,500,0-4,Male
501,501,0-4,Male
502,502,0-4,Male
503,503,0-4,Male
504,504,0-4,Male
505,505,0-4,Male
506,506,0-4,Male
507,507,0-4,Male
508,508,0-4,Male
509,509,0-4,Male
510,510,0-4,Male
511,511,0-4,Male
512,512,0-4,Male
513,513,0-4,Male
514,514,0-4,Male
515,515,0-4,Male
516,516,0-4,Male
517,517,0-4,Male
518,518,0-4,Male
519,519,0-4,Male
520,520,0-4,Male
521,521,0-4,Male
522,522,0-4,Male
523,523,0-4,Male
524,524,0-4,Male
525,525,0-4,Male
526,526,0-4,Male
527,527,0-4,Male
528,528,0-4,Male
529,529,0-4,Male
530,530,0-4,Male
531,531,0-4,Male
532,532,0-4,Male
533,533,0-4,Male
534,534,0-4,Male
535,535,0-4,Male
536,536,0-4,Male
537,537,0-4,Male
538,538,0-4,Male
539,539,0-4,Male
540,540,0-4,Male
541,541,0-4,Male
542,542,0-4,Male
543,543,0-4,Male
544,544,0-4,Male
545,545,0-4,Male
546,546,0-4,Male
547,547,0-4,Male
548,548,0-4,Male
549,549,0-4,Male
550,550,0-4,Male
551,551,0-4,Male
552,552,0-4,Male
553,553,0-4,Male
554,554,0-4,Male
555,555,0-4,Male
556,556,0-4,Male
557,557,0-4,Male
558,558,0-4,Male
559,559,0-4,Male
560,560,0-4,Male
561,561,0-4,Male
562,562,0-4,Male
563,563,0-4,Male
564,564,0-4,Male
565,565,0-4,Male
566,566,0-4,Male
567,567,0-4,Male
568,568,0-4,Male
569,569,0-4,Male
570,570,0-4,Male
571,571,0-4,Male
572,572,0-4,Male
573,573,0-4,Male
574,574,0-4,Male
575,575,0-4,Male
576,576,0-4,Male
577,577,0-4,Male
578,578,0-4,Male
579,579,0-4,Male
580,580,0-4,Male
581,581,0-4,Male
582,582,0-4,Male
583,583,0-4,Male
584,584,0-4,Male
585,585,0-4,Male
586,586,0-4,Male
587,587,0-4,Male
588,588,0-4,Male
589,589,0-4,Male
590,590,0-4,Male
591,591,0-4,Male
592,592,0-4,Male
593,593,0-4,Male
594,594,0-4,Male
595,595,0-4,Male
596,596,0-4,Male
597,597,0-4,Male
598,598,0-4,Male
599,599,0-4,Male
600,600,0-4,Male
601,601,0-4,Male
602,602,0-4,Male
603,603,0-4,Male
604,604,0-4,Male
605,605,0-4,Male
606,606,0-4,Male
607,607,0-4,Male
608,608,0-4,Male
609,609,0-4,Male
610,610,0-4,Male
611,611,0-4,Male
612,612,0-4,Male
613,613,0-4,Male
614,614,0-4,Male
615,615,0-4,Male
616,616,0-4,Male
617,617,0-4,Male
618,618,0-4,Male
619,619,0-4,Male
620,620,0-4,Male
621,621,0-4,Male
622,622,0-4,Male
623,623,0-4,Male
624,624,0-4,Male
625,625,0-4,Male
626,626,0-4,Male
627,627,0-4,Male
628,628,0-4,Male
629,629,0-4,Male
630,630,0-4,Male
631,631,0-4,Male
632,632,0-4,Male
633,633,0-4,Male
634,634,0-4,Male
635,635,0-4,Male
636,636,0-4,Male
637,637,0-4,Male
638,638,0-4,Male
639,639,0-4,Male
640,640,0-4,Male
641,641,0-4,Male
642,642,0-4,Male
643,643,0-4,Male
644,644,0-4,Male
645,645,0-4,Male
646,646,0-4,Male
647,647,0-4,Male
648,648,0-4,Male
649,649,0-4,Male
650,650,0-4,Male
651,651,0-4,Male
652,652,0-4,Male
653,653,0-4,Male
654,654,0-4,Male
655,655,0-4,Male
656,656,0-4,Male
657,657,0-4,Male
658,658,0-4,Male
659,659,0-4,Male
660,660,0-4,Male
661,661,0-4,Male
662,662,0-4,Male
663,663,0-4,Male
664,664,0-4,Male
665,665,0-4,Male
666,666,0-4,Male
667,667,0-4,Male
668,668,0-4,Male
669,669,0-4,Male
670,670,0-4,Male
671,671,0-4,Male
672,672,0-4,Male
673,673,0-4,Male
674,674,0-4,Male
675,675,0-4,Male
676,676,0-4,Male
677,677,0-4,Male
678,678,0-4,Male
679,679,0-4,Male
680,680,0-4,Male
681,681,0-4,Male
682,682,0-4,Male
683,683,0-4,Male
684,684,0-4,Male
685,685,0-4,Male
686,686,0-4,Male
687,687,0-4,Male
688,688,0-4,Male
689,689,0-4,Male
690,690,0-4,Male
691,691,0-4,Male
692,692,0-4,Male
693,693,0-4,Male
694,694,0-4,Male
695,695,0-4,Male
696,696,0-4,Male
697,697,0-4,Male
698,698,0-4,Male
699,699,0-4,Male
700,700,0-4,Male
701,701,0-4,Male
702,702,0-4,Male
703,703,0-4,Male
704,704,0-4,Male
705,705,0-4,Male
706,706,0-4,Male
707,707,0-4,Male
708,708,0-4,Male
709,709,0-4,Male
710,710,0-4,Male
711,711,0-4,Male
712,712,0-4,Male
713,713,0-4,Male
714,714,0-4,Male
715,715,0-4,Male
716,716,0-4,Male
717,717,0-4,Male
718,718,0-4,Male
719,719,0-4,Male
720,720,0-4,Male
721,721,0-4,Male
722,722,0-4,Male
723,723,0-4,Male
724,724,0-4,Male
725,725,0-4,Male
726,726,0-4,Male
727,727,0-4,Male
728,728,0-4,Male
729,729,0-4,Male
730,730,0-4,Male
731,731,0-4,Male
732,732,0-4,Male
733,733,0-4,Male
734,734,0-4,Male
735,735,0-4,Male
736,736,0-4,Male
737,737,0-4,Male
738,738,0-4,Male
739,739,0-4,Male
740,740,0-4,Male
741,741,0-4,Male
742,742,0-4,Male
743,743,0-4,Male
744,744,0-4,Male
745,745,0-4,Male
746,746,0-4,Male
747,747,0-4,Male
748,748,0-4,Male
749,749,0-4,Male
750,750,0-4,Male
751,751,0-4,Male
752,752,0-4,Male
753,753,0-4,Male
754,754,0-4,Male
755,755,0-4,Male
756,756,0-4,Male
757,757,0-4,Male
758,758,0-4,Male
759,759,0-4,Male
760,760,0-4,Male
761,761,0-4,Male
762,762,0-4,Male
763,763,0-4,Male
764,764,0-4,Male
765,765,0-4,Male
766,766,0-4,Male
767,767,0-4,Male
768,768,0-4,Male
769,769,0-4,Male
770,770,0-4,Male
771,771,0-4,Male
772,772,0-4,Male
773,773,0-4,Male
774,774,0-4,Male
775,775,0-4,Male
776,776,0-4,Male
777,777,0-4,Male
778,778,0-4,Male
779,779,0-4,Male
780,780,0-4,Male
781,781,0-4,Male
782,782,0-4,Male
783,783,0-4,Male
784,784,0-4,Male
785,785,0-4,Male
786,786,0-4,Male
787,787,0-4,Male
788,788,0-4,Male
789,789,0-4,Male
790,790,0-4,Male
791,791,0-4,Male
792,792,0-4,Male
793,793,0-4,Male
794,794,0-4,Male
795,795,0-4,Male
796,796,0-4,Male
797,797,0-4,Male
798,798,0-4,Male
799,799,0-4,Male
800,800,0-4,Male
801,801,0-4,Male
802,802,0-4,Male
803,803,0-4,Male
804,804,0-4,Male
805,805,0-4,Male
806,806,0-4,Male
807,807,0-4,Male
808,808,0-4,Male
809,809,0-4,Male
810,810,0-4,Male
811,811,0-4,Male
812,812,0-4,Male
813,813,0-4,Male
814,814,0-4,Male
815,815,0-4,Male
816,816,0-4,Male
817,817,0-4,Male
818,818,0-4,Male
819,819,0-4,Male
820,820,0-4,Male
821,821,0-4,Male
822,822,0-4,Male
823,823,0-4,Male
824,824,0-4,Male
825,825,0-4,Male
826,826,0-4,Male
827,827,0-4,Male
828,828,0-4,Male
829,829,0-4,Male
830,830,0-4,Male
831,831,0-4,Male
832,832,0-4,Male
833,833,0-4,Male
834,834,0-4,Male
835,835,0-4,Male
836,836,0-4,Male
837,837,0-4,Male
838,838,0-4,Male
839,839,0-4,Male
840,840,0-4,Male
841,841,0-4,Male
842,842,0-4,Male
843,843,0-4,Male
844,844,0-4,Male
845,845,0-4,Male
846,846,0-4,Male
847,847,0-4,Male
848,848,0-4,Male
849,849,0-4,Male
850,850,0-4,Male
851,851,0-4,Male
852,852,0-4,Male
853,853,0-4,Male
854,854,0-4,Male
855,855,0-4,Male
856,856,0-4,Male
857,857,0-4,Male
858,858,0-4,Male
859,859,0-4,Male
860,860,0-4,Male
861,861,0-4,Male
862,862,0-4,Male
863,863,0-4,Male
864,864,0-4,Male
865,865,0-4,Male
866,866,0-4,Male
867,867,0-4,Male
868,868,0-4,Male
869,869,0-4,Male
870,870,0-4,Male
871,871,0-4,Male
872,872,0-4,Male
873,873,0-4,Male
874,874,0-4,Male
875,875,0-4,Male
876,876,0-4,Male
877,877,0-4,Male
878,878,0-4,Male
879,879,0-4,Male
880,880,0-4,Male
881,881,0-4,Male
882,882,0-4,Male
883,883,0-4,Male
884,884,0-4,Male
885,885,0-4,Male
886,886,0-4,Male
887,887,0-4,Male
888,888,0-4,Male
889,889,0-4,Male
890,890,0-4,Male
891,891,0-4,Male
892,892,0-4,Male
893,893,0-4,Male
894,894,0-4,Male
895,895,0-4,Male
896,896,0-4,Male
897,897,0-4,Male
898,898,0-4,Male
899,899,0-4,Male
900,900,0-4,Male
901,901,0-4,Male
902,902,0-4,Male
903,903,0-4,Male
904,904,0-4,Male
905,905,0-4,Male
906,906,0-4,Male
907,907,0-4,Male
908,908,0-4,Male
909,909,0-4,Male
910,910,0-4,Male
911,911,0-4,Male
912,912,0-4,Male
913,913,0-4,Male
914,914,0-4,Male
915,915,0-4,Male
916,916,0-4,Male
917,917,0-4,Male
918,918,0-4,Male
919,919,0-4,Male
920,920,0-4,Male
921,921,0-4,Male
922,922,0-4,Male
923,923,0-4,Male
924,924,0-4,Male
925,925,0-4,Male
926,926,0-4,Male
927,927,0-4,Male
928,928,0-4,Male
929,929,0-4,Male
930,930,0-4,Male
931,931,0-4,Male
932,932,0-4,Male
933,933,0-4,Male
934,934,0-4,Male
935,935,0-4,Male
936,936,0-4,Male
937,937,0-4,Male
938,938,0-4,Male
939,939,0-4,Male
940,940,0-4,Male
941,941,0-4,Male
942,942,0-4,Male
943,943,0-4,Male
944,944,0-4,Male
945,945,0-4,Male
946,946,0-4,Male
947,947,0-4,Male
948,948,0-4,Male
949,949,0-4,Male
950,950,0-4,Male
951,951,0-4,Male
952,952,0-4,Male
953,953,0-4,Male
954,954,0-4,Male
955,955,0-4,Male
956,956,0-4,Male
957,957,0-4,Male
958,958,0-4,Male
959,959,0-4,Male
960,960,0-4,Male
961,961,0-4,Male
962,962,0-4,Male
963,963,0-4,Male
964,964,0-4,Male
965,965,0-4,Male
966,966,0-4,Male
967,967,0-4,Male
968,968,0-4,Male
969,969,0-4,Male
970,970,0-4,Male
971,971,0-4,Male
972,972,0-4,Male
973,973,0-4,Male
974,974,0-4,Male
975,975,0-4,Male
976,976,0-4,Male
977,977,0-4,Male
978,978,0-4,Male
979,979,0-4,Male
980,980,0-4,Male
981,981,0-4,Male
982,982,0-4,Male
983,983,0-4,Male
984,984,0-4,Male
985,985,0-4,Male
986,986,0-4,Male
987,987,0-4,Male
988,988,0-4,Male
989,989,0-4,Male
990,990,0-4,Male
991,991,0-4,Male
992,992,0-4,Male
993,993,0-4,Male
994,994,0-4,Male
995,995,0-4,Male
996,996,0-4,Male
997,997,0-4,Male
998,998,0-4,Male
999,999,0-4,Male
1000,1000,0-4,Male
1001,1,0-4,Female
1002,2,0-4,Female
1003,3,0-4,Female
1004,4,0-4,Female
1005,5,0-4,Female
1006,6,0-4,Female
1007,7,0-4,Female
1008,8,0-4,Female
1009,9,0-4,Female
1010,10,0-4,Female
1011,11,0-4,Female
1012,12,0-4,Female
1013,13,0-4,Female
1014,14,0-4,Female
1015,15,0-4,Female
1016,16,0-4,Female
1017,17,0-4,Female
1018,18,0-4,Female
1019,19,0-4,Female
1020,20,0-4,Female
1021,21,0-4,Female
1022,22,0-4,Female
1023,23,0-4,Female
1024,24,0-4,Female
1025,25,0-4,Female
1026,26,0-4,Female
1027,27,0-4,Female
1028,28,0-4,Female
1029,29,0-4,Female
1030,30,0-4,Female
1031,31,0-4,Female
1032,32,0-4,Female
1033,33,0-4,Female
1034,34,0-4,Female
1035,35,0-4,Female
1036,36,0-4,Female
1037,37,0-4,Female
1038,38,0-4,Female
1039,39,0-4,Female
1040,40,0-4,Female
1041,41,0-4,Female
1042,42,0-4,Female
1043,43,0-4,Female
1044,44,0-4,Female
1045,45,0-4,Female
1046,46,0-4,Female
1047,47,0-4,Female
1048,48,0-4,Female
1049,49,0-4,Female
1050,50,0-4,Female
1051,51,0-4,Female
1052,52,0-4,Female
1053,53,0-4,Female
1054,54,0-4,Female
1055,55,0-4,Female
1056,56,0-4,Female
1057,57,0-4,Female
1058,58,0-4,Female
1059,59,0-4,Female
1060,60,0-4,Female
1061,61,0-4,Female
1062,62,0-4,Female
1063,63,0-4,Female
1064,64,0-4,Female
1065,65,0-4,Female
1066,66,0-4,Female
1067,67,0-4,Female
1068,68,0-4,Female
1069,69,0-4,Female
1070,70,0-4,Female
1071,71,0-4,Female
1072,72,0-4,Female
1073,73,0-4,Female
1074,74,0-4,Female
1075,75,0-4,Female
1076,76,0-4,Female
1077,77,0-4,Female
1078,78,0-4,Female
1079,79,0-4,Female
1080,80,0-4,Female
1081,81,0-4,Female
1082,82,0-4,Female
1083,83,0-4,Female
1084,84,0-4,Female
1085,85,0-4,Female
1086,86,0-4,Female
1087,87,0-4,Female
1088,88,0-4,Female
1089,89,0-4,Female
1090,90,0-4,Female
1091,91,0-4,Female
1092,92,0-4,Female
1093,93,0-4,Female
1094,94,0-4,Female
1095,95,0-4,Female
1096,96,0-4,Female
1097,97,0-4,Female
1098,98,0-4,Female
1099,99,0-4,Female
1100,100,0-4,Female
1101,101,0-4,Female
1102,102,0-4,Female
1103,103,0-4,Female
1104,104,0-4,Female
1105,105,0-4,Female
1106,106,0-4,Female
1107,107,0-4,Female
1108,108,0-4,Female
1109,109,0-4,Female
1110,110,0-4,Female
1111,111,0-4,Female
1112,112,0-4,Female
1113,113,0-4,Female
1114,114,0-4,Female
1115,115,0-4,Female
1116,116,0-4,Female
1117,117,0-4,Female
1118,118,0-4,Female
1119,119,0-4,Female
1120,120,0-4,Female
1121,121,0-4,Female
1122,122,0-4,Female
1123,123,0-4,Female
1124,124,0-4,Female
1125,125,0-4,Female
1126,126,0-4,Female
1127,127,0-4,Female
1128,128,0-4,Female
1129,129,0-4,Female
1130,130,0-4,Female
1131,131,0-4,Female
1132,132,0-4,Female
1133,133,0-4,Female
1134,134,0-4,Female
1135,135,0-4,Female
1136,136,0-4,Female
1137,137,0-4,Female
1138,138,0-4,Female
1139,139,0-4,Female
1140,140,0-4,Female
1141,141,0-4,Female
1142,142,0-4,Female
1143,143,0-4,Female
1144,144,0-4,Female
1145,145,0-4,Female
1146,146,0-4,Female
1147,147,0-4,Female
1148,148,0-4,Female
1149,149,0-4,Female
1150,150,0-4,Female
1151,151,0-4,Female
1152,152,0-4,Female
1153,153,0-4,Female
1154,154,0-4,Female
1155,155,0-4,Female
1156,156,0-4,Female
1157,157,0-4,Female
1158,158,0-4,Female
1159,159,0-4,Female
1160,160,0-4,Female
1161,161,0-4,Female
1162,162,0-4,Female
1163,163,0-4,Female
1164,164,0-4,Female
1165,165,0-4,Female
1166,166,0-4,Female
1167,167,0-4,Female
1168,168,0-4,Female
1169,169,0-4,Female
1170,170,0-4,Female
1171,171,0-4,Female
1172,172,0-4,Female
1173,173,0-4,Female
1174,174,0-4,Female
1175,175,0-4,Female
1176,176,0-4,Female
1177,177,0-4,Female
1178,178,0-4,Female
1179,179,0-4,Female
1180,180,0-4,Female
1181,181,0-4,Female
1182,182,0-4,Female
1183,183,0-4,Female
1184,184,0-4,Female
1185,185,0-4,Female
1186,186,0-4,Female
1187,187,0-4,Female
1188,188,0-4,Female
1189,189,0-4,Female
1190,190,0-4,Female
1191,191,0-4,Female
1192,192,0-4,Female
1193,193,0-4,Female
1194,194,0-4,Female
1195,195,0-4,Female
1196,196,0-4,Female
1197,197,0-4,Female
1198,198,0-4,Female
1199,199,0-4,Female
1200,200,0-4,Female
1201,201,0-4,Female
1202,202,0-4,Female
1203,203,0-4,Female
1204,204,0-4,Female
1205,205,0-4,Female
1206,206,0-4,Female
1207,207,0-4,Female
1208,208,0-4,Female
1209,209,0-4,Female
1210,210,0-4,Female
1211,211,0-4,Female
1212,212,0-4,Female
1213,213,0-4,Female
1214,214,0-4,Female
1215,215,0-4,Female
1216,216,0-4,Female
1217,217,0-4,Female
1218,218,0-4,Female
1219,219,0-4,Female
1220,220,0-4,Female
1221,221,0-4,Female
1222,222,0-4,Female
1223,223,0-4,Female
1224,224,0-4,Female
1225,225,0-4,Female
1226,226,0-4,Female
1227,227,0-4,Female
1228,228,0-4,Female
1229,229,0-4,Female
1230,230,0-4,Female
1231,231,0-4,Female
1232,232,0-4,Female
1233,233,0-4,Female
1234,234,0-4,Female
1235,235,0-4,Female
1236,236,0-4,Female
1237,237,0-4,Female
1238,238,0-4,Female
1239,239,0-4,Female
1240,240,0-4,Female
1241,241,0-4,Female
1242,242,0-4,Female
1243,243,0-4,Female
1244,244,0-4,Female
1245,245,0-4,Female
1246,246,0-4,Female
1247,247,0-4,Female
1248,248,0-4,Female
1249,249,0-4,Female
1250,250,0-4,Female
1251,251,0-4,Female
1252,252,0-4,Female
1253,253,0-4,Female
1254,254,0-4,Female
1255,255,0-4,Female
1256,256,0-4,Female
1257,257,0-4,Female
1258,258,0-4,Female
1259,259,0-4,Female
1260,260,0-4,Female
1261,261,0-4,Female
1262,262,0-4,Female
1263,263,0-4,Female
1264,264,0-4,Female
1265,265,0-4,Female
1266,266,0-4,Female
1267,267,0-4,Female
1268,268,0-4,Female
1269,269,0-4,Female
1270,270,0-4,Female
1271,271,0-4,Female
1272,272,0-4,Female
1273,273,0-4,Female
1274,274,0-4,Female
1275,275,0-4,Female
1276,276,0-4,Female
1277,277,0-4,Female
1278,278,0-4,Female
1279,279,0-4,Female
1280,280,0-4,Female
1281,281,0-4,Female
1282,282,0-4,Female
1283,283,0-4,Female
1284,284,0-4,Female
1285,285,0-4,Female
1286,286,0-4,Female
1287,287,0-4,Female
1288,288,0-4,Female
1289,289,0-4,Female
1290,290,0-4,Female
1291,291,0-4,Female
1292,292,0-4,Female
1293,293,0-4,Female
1294,294,0-4,Female
1295,295,0-4,Female
1296,296,0-4,Female
1297,297,0-4,Female
1298,298,0-4,Female
1299,299,0-4,Female
1300,300,0-4,Female
1301,301,0-4,Female
1302,302,0-4,Female
1303,303,0-4,Female
1304,304,0-4,Female
1305,305,0-4,Female
1306,306,0-4,Female
1307,307,0-4,Female
1308,308,0-4,Female
1309,309,0-4,Female
1310,310,0-4,Female
1311,311,0-4,Female
1312,312,0-4,Female
1313,313,0-4,Female
1314,314,0-4,Female
1315,315,0-4,Female
1316,316,0-4,Female
1317,317,0-4,Female
1318,318,0-4,Female
1319,319,0-4,Female
1320,320,0-4,Female
1321,321,0-4,Female
1322,322,0-4,Female
1323,323,0-4,Female
1324,324,0-4,Female
1325,325,0-4,Female
1326,326,0-4,Female
1327,327,0-4,Female
1328,328,0-4,Female
1329,329,0-4,Female
1330,330,0-4,Female
1331,331,0-4,Female
1332,332,0-4,Female
1333,333,0-4,Female
1334,334,0-4,Female
1335,335,0-4,Female
1336,336,0-4,Female
1337,337,0-4,Female
1338,338,0-4,Female
1339,339,0-4,Female
1340,340,0-4,Female
1341,341,0-4,Female
1342,342,0-4,Female
1343,343,0-4,Female
1344,344,0-4,Female
1345,345,0-4,Female
1346,346,0-4,Female
1347,347,0-4,Female
1348,348,0-4,Female
1349,349,0-4,Female
1350,350,0-4,Female
1351,351,0-4,Female
1352,352,0-4,Female
1353,353,0-4,Female
1354,354,0-4,Female
1355,355,0-4,Female
1356,356,0-4,Female
1357,357,0-4,Female
1358,358,0-4,Female
1359,359,0-4,Female
1360,360,0-4,Female
1361,361,0-4,Female
1362,362,0-4,Female
1363,363,0-4,Female
1364,364,0-4,Female
1365,365,0-4,Female
1366,366,0-4,Female
1367,367,0-4,Female
1368,368,0-4,Female
1369,369,0-4,Female
1370,370,0-4,Female
1371,371,0-4,Female
1372,372,0-4,Female
1373,373,0-4,Female
1374,374,0-4,Female
1375,375,0-4,Female
1376,376,0-4,Female
1377,377,0-4,Female
1378,378,0-4,Female
1379,379,0-4,Female
1380,380,0-4,Female
1381,381,0-4,Female
1382,382,0-4,Female
1383,383,0-4,Female
1384,384,0-4,Female
1385,385,0-4,Female
1386,386,0-4,Female
1387,387,0-4,Female
1388,388,0-4,Female
1389,389,0-4,Female
1390,390,0-4,Female
1391,391,0-4,Female
1392,392,0-4,Female
1393,393,0-4,Female
1394,394,0-4,Female
1395,395,0-4,Female
1396,396,0-4,Female
1397,397,0-4,Female
1398,398,0-4,Female
1399,399,0-4,Female
1400,400,0-4,Female
1401,401,0-4,Female
1402,402,0-4,Female
1403,403,0-4,Female
1404,404,0-4,Female
1405,405,0-4,Female
1406,406,0-4,Female
1407,407,0-4,Female
1408,408,0-4,Female
1409,409,0-4,Female
1410,410,0-4,Female
1411,411,0-4,Female
1412,412,0-4,Female
1413,413,0-4,Female
1414,414,0-4,Female
1415,415,0-4,Female
1416,416,0-4,Female
1417,417,0-4,Female
1418,418,0-4,Female
1419,419,0-4,Female
1420,420,0-4,Female
1421,421,0-4,Female
1422,422,0-4,Female
1423,423,0-4,Female
1424,424,0-4,Female
1425,425,0-4,Female
1426,426,0-4,Female
1427,427,0-4,Female
1428,428,0-4,Female
1429,429,0-4,Female
1430,430,0-4,Female
1431,431,0-4,Female
1432,432,0-4,Female
1433,433,0-4,Female
1434,434,0-4,Female
1435,435,0-4,Female
1436,436,0-4,Female
1437,437,0-4,Female
1438,438,0-4,Female
1439,439,0-4,Female
1440,440,0-4,Female
1441,441,0-4,Female
1442,442,0-4,Female
1443,443,0-4,Female
1444,444,0-4,Female
1445,445,0-4,Female
1446,446,0-4,Female
1447,447,0-4,Female
1448,448,0-4,Female
1449,449,0-4,Female
1450,450,0-4,Female
1451,451,0-4,Female
1452,452,0-4,Female
1453,453,0-4,Female
1454,454,0-4,Female
1455,455,0-4,Female
1456,456,0-4,Female
1457,457,0-4,Female
1458,458,0-4,Female
1459,459,0-4,Female
1460,460,0-4,Female
1461,461,0-4,Female
1462,462,0-4,Female
1463,463,0-4,Female
1464,464,0-4,Female
1465,465,0-4,Female
1466,466,0-4,Female
1467,467,0-4,Female
1468,468,0-4,Female
1469,469,0-4,Female
1470,470,0-4,Female
1471,471,0-4,Female
1472,472,0-4,Female
1473,473,0-4,Female
1474,474,0-4,Female
1475,475,0-4,Female
1476,476,0-4,Female
1477,477,0-4,Female
1478,478,0-4,Female
1479,479,0-4,Female
1480,480,0-4,Female
1481,481,0-4,Female
1482,482,0-4,Female
1483,483,0-4,Female
1484,484,0-4,Female
1485,485,0-4,Female
1486,486,0-4,Female
1487,487,0-4,Female
1488,488,0-4,Female
1489,489,0-4,Female
1490,490,0-4,Female
1491,491,0-4,Female
1492,492,0-4,Female
1493,493,0-4,Female
1494,494,0-4,Female
1495,495,0-4,Female
1496,496,0-4,Female
1497,497,0-4,Female
1498,498,0-4,Female
1499,499,0-4,Female
1500,500,0-4,Female
1501,501,0-4,Female
1502,502,0-4,Female
1503,503,0-4,Female
1504,504,0-4,Female
1505,505,0-4,Female
1506,506,0-4,Female
1507,507,0-4,Female
1508,508,0-4,Female
1509,509,0-4,Female
1510,510,0-4,Female
1511,511,0-4,Female
1512,512,0-4,Female
1513,513,0-4,Female
1514,514,0-4,Female
1515,515,0-4,Female
1516,516,0-4,Female
1517,517,0-4,Female
1518,518,0-4,Female
1519,519,0-4,Female
1520,520,0-4,Female
1521,521,0-4,Female
1522,522,0-4,Female
1523,523,0-4,Female
1524,524,0-4,Female
1525,525,0-4,Female
1526,526,0-4,Female
1527,527,0-4,Female
1528,528,0-4,Female
1529,529,0-4,Female
1530,530,0-4,Female
1531,531,0-4,Female
1532,532,0-4,Female
1533,533,0-4,Female
1534,534,0-4,Female
1535,535,0-4,Female
1536,536,0-4,Female
1537,537,0-4,Female
1538,538,0-4,Female
1539,539,0-4,Female
1540,540,0-4,Female
1541,541,0-4,Female
1542,542,0-4,Female
1543,543,0-4,Female
1544,544,0-4,Female
1545,545,0-4,Female
1546,546,0-4,Female
1547,547,0-4,Female
1548,548,0-4,Female
1549,549,0-4,Female
1550,550,0-4,Female
1551,551,0-4,Female
1552,552,0-4,Female
1553,553,0-4,Female
1554,554,0-4,Female
1555,555,0-4,Female
1556,556,0-4,Female
1557,557,0-4,Female
1558,558,0-4,Female
1559,559,0-4,Female
1560,560,0-4,Female
1561,561,0-4,Female
1562,562,0-4,Female
1563,563,0-4,Female
1564,564,0-4,Female
1565,565,0-4,Female
1566,566,0-4,Female
1567,567,0-4,Female
1568,568,0-4,Female
1569,569,0-4,Female
1570,570,0-4,Female
1571,571,0-4,Female
1572,572,0-4,Female
1573,573,0-4,Female
1574,574,0-4,Female
1575,575,0-4,Female
1576,576,0-4,Female
1577,577,0-4,Female
1578,578,0-4,Female
1579,579,0-4,Female
1580,580,0-4,Female
1581,581,0-4,Female
1582,582,0-4,Female
1583,583,0-4,Female
1584,584,0-4,Female
1585,585,0-4,Female
1586,586,0-4,Female
1587,587,0-4,Female
1588,588,0-4,Female
1589,589,0-4,Female
1590,590,0-4,Female
1591,591,0-4,Female
1592,592,0-4,Female
1593,593,0-4,Female
1594,594,0-4,Female
1595,595,0-4,Female
1596,596,0-4,Female
1597,597,0-4,Female
1598,598,0-4,Female
1599,599,0-4,Female
1600,600,0-4,Female
1601,601,0-4,Female
1602,602,0-4,Female
1603,603,0-4,Female
1604,604,0-4,Female
1605,605,0-4,Female
1606,606,0-4,Female
1607,607,0-4,Female
1608,608,0-4,Female
1609,609,0-4,Female
1610,610,0-4,Female
1611,611,0-4,Female
1612,612,0-4,Female
1613,613,0-4,Female
1614,614,0-4,Female
1615,615,0-4,Female
1616,616,0-4,Female
1617,617,0-4,Female
1618,618,0-4,Female
1619,619,0-4,Female
1620,620,0-4,Female
1621,621,0-4,Female
1622,622,0-4,Female
1623,623,0-4,Female
1624,624,0-4,Female
1625,625,0-4,Female
1626,626,0-4,Female
1627,627,0-4,Female
1628,628,0-4,Female
1629,629,0-4,Female
1630,630,0-4,Female
1631,631,0-4,Female
1632,632,0-4,Female
1633,633,0-4,Female
1634,634,0-4,Female
1635,635,0-4,Female
1636,636,0-4,Female
1637,637,0-4,Female
1638,638,0-4,Female
1639,639,0-4,Female
1640,640,0-4,Female
1641,641,0-4,Female
1642,642,0-4,Female
1643,643,0-4,Female
1644,644,0-4,Female
1645,645,0-4,Female
1646,646,0-4,Female
1647,647,0-4,Female
1648,648,0-4,Female
1649,649,0-4,Female
1650,650,0-4,Female
1651,651,0-4,Female
1652,652,0-4,Female
1653,653,0-4,Female
1654,654,0-4,Female
1655,655,0-4,Female
1656,656,0-4,Female
1657,657,0-4,Female
1658,658,0-4,Female
1659,659,0-4,Female
1660,660,0-4,Female
1661,661,0-4,Female
1662,662,0-4,Female
1663,663,0-4,Female
1664,664,0-4,Female
1665,665,0-4,Female
1666,666,0-4,Female
1667,667,0-4,Female
1668,668,0-4,Female
1669,669,0-4,Female
1670,670,0-4,Female
1671,671,0-4,Female
1672,672,0-4,Female
1673,673,0-4,Female
1674,674,0-4,Female
1675,675,0-4,Female
1676,676,0-4,Female
1677,677,0-4,Female
1678,678,0-4,Female
1679,679,0-4,Female
1680,680,0-4,Female
1681,681,0-4,Female
1682,682,0-4,Female
1683,683,0-4,Female
1684,684,0-4,Female
1685,685,0-4,Female
1686,686,0-4,Female
1687,687,0-4,Female
1688,688,0-4,Female
1689,689,0-4,Female
1690,690,0-4,Female
1691,691,0-4,Female
1692,692,0-4,Female
1693,693,0-4,Female
1694,694,0-4,Female
1695,695,0-4,Female
1696,696,0-4,Female
1697,697,0-4,Female
1698,698,0-4,Female
1699,699,0-4,Female
1700,700,0-4,Female
1701,701,0-4,Female
1702,702,0-4,Female
1703,703,0-4,Female
1704,704,0-4,Female
1705,705,0-4,Female
1706,706,0-4,Female
1707,707,0-4,Female
1708,708,0-4,Female
1709,709,0-4,Female
1710,710,0-4,Female
1711,711,0-4,Female
1712,712,0-4,Female
1713,713,0-4,Female
1714,714,0-4,Female
1715,715,0-4,Female
1716,716,0-4,Female
1717,717,0-4,Female
1718,718,0-4,Female
1719,719,0-4,Female
1720,720,0-4,Female
1721,721,0-4,Female
1722,722,0-4,Female
1723,723,0-4,Female
1724,724,0-4,Female
1725,725,0-4,Female
1726,726,0-4,Female
1727,727,0-4,Female
1728,728,0-4,Female
1729,729,0-4,Female
1730,730,0-4,Female
1731,731,0-4,Female
1732,732,0-4,Female
1733,733,0-4,Female
1734,734,0-4,Female
1735,735,0-4,Female
1736,736,0-4,Female
1737,737,0-4,Female
1738,738,0-4,Female
1739,739,0-4,Female
1740,740,0-4,Female
1741,741,0-4,Female
1742,742,0-4,Female
1743,743,0-4,Female
1744,744,0-4,Female
1745,745,0-4,Female
1746,746,0-4,Female
1747,747,0-4,Female
1748,748,0-4,Female
1749,749,0-4,Female
1750,750,0-4,Female
1751,751,0-4,Female
1752,752,0-4,Female
1753,753,0-4,Female
1754,754,0-4,Female
1755,755,0-4,Female
1756,756,0-4,Female
1757,757,0-4,Female
1758,758,0-4,Female
1759,759,0-4,Female
1760,760,0-4,Female
1761,761,0-4,Female
1762,762,0-4,Female
1763,763,0-4,Female
1764,764,0-4,Female
1765,765,0-4,Female
1766,766,0-4,Female
1767,767,0-4,Female
1768,768,0-4,Female
1769,769,0-4,Female
1770,770,0-4,Female
1771,771,0-4,Female
1772,772,0-4,Female
1773,773,0-4,Female
1774,774,0-4,Female
1775,775,0-4,Female
1776,776,0-4,Female
1777,777,0-4,Female
1778,778,0-4,Female
1779,779,0-4,Female
1780,780,0-4,Female
1781,781,0-4,Female
1782,782,0-4,Female
1783,783,0-4,Female
1784,784,0-4,Female
1785,785,0-4,Female
1786,786,0-4,Female
1787,787,0-4,Female
1788,788,0-4,Female
1789,789,0-4,Female
1790,790,0-4,Female
1791,791,0-4,Female
1792,792,0-4,Female
1793,793,0-4,Female
1794,794,0-4,Female
1795,795,0-4,Female
1796,796,0-4,Female
1797,797,0-4,Female
1798,798,0-4,Female
1799,799,0-4,Female
1800,800,0-4,Female
1801,801,0-4,Female
1802,802,0-4,Female
1803,803,0-4,Female
1804,804,0-4,Female
1805,805,0-4,Female
1806,806,0-4,Female
1807,807,0-4,Female
1808,808,0-4,Female
1809,809,0-4,Female
1810,810,0-4,Female
1811,811,0-4,Female
1812,812,0-4,Female
1813,813,0-4,Female
1814,814,0-4,Female
1815,815,0-4,Female
1816,816,0-4,Female
1817,817,0-4,Female
1818,818,0-4,Female
1819,819,0-4,Female
1820,820,0-4,Female
1821,821,0-4,Female
1822,822,0-4,Female
1823,823,0-4,Female
1824,824,0-4,Female
1825,825,0-4,Female
1826,826,0-4,Female
1827,827,0-4,Female
1828,828,0-4,Female
1829,829,0-4,Female
1830,830,0-4,Female
1831,831,0-4,Female
1832,832,0-4,Female
1833,833,0-4,Female
1834,834,0-4,Female
1835,835,0-4,Female
1836,836,0-4,Female
1837,837,0-4,Female
1838,838,0-4,Female
1839,839,0-4,Female
1840,840,0-4,Female
1841,841,0-4,Female
1842,842,0-4,Female
1843,843,0-4,Female
1844,844,0-4,Female
1845,845,0-4,Female
1846,846,0-4,Female
1847,847,0-4,Female
1848,848,0-4,Female
1849,849,0-4,Female
1850,850,0-4,Female
1851,851,0-4,Female
1852,852,0-4,Female
1853,853,0-4,Female
1854,854,0-4,Female
1855,855,0-4,Female
1856,856,0-4,Female
1857,857,0-4,Female
1858,858,0-4,Female
1859,859,0-4,Female
1860,860,0-4,Female
1861,861,0-4,Female
1862,862,0-4,Female
1863,863,0-4,Female
1864,864,0-4,Female
1865,865,0-4,Female
1866,866,0-4,Female
1867,867,0-4,Female
1868,868,0-4,Female
1869,869,0-4,Female
1870,870,0-4,Female
1871,871,0-4,Female
1872,872,0-4,Female
1873,873,0-4,Female
1874,874,0-4,Female
1875,875,0-4,Female
1876,876,0-4,Female
1877,877,0-4,Female
1878,878,0-4,Female
1879,879,0-4,Female
1880,880,0-4,Female
1881,881,0-4,Female
1882,882,0-4,Female
1883,883,0-4,Female
1884,884,0-4,Female
1885,885,0-4,Female
1886,886,0-4,Female
1887,887,0-4,Female
1888,888,0-4,Female
1889,889,0-4,Female
1890,890,0-4,Female
1891,891,0-4,Female
1892,892,0-4,Female
1893,893,0-4,Female
1894,894,0-4,Female
1895,895,0-4,Female
1896,896,0-4,Female
1897,897,0-4,Female
1898,898,0-4,Female
1899,899,0-4,Female
1900,900,0-4,Female
1901,901,0-4,Female
1902,902,0-4,Female
1903,903,0-4,Female
1904,904,0-4,Female
1905,905,0-4,Female
1906,906,0-4,Female
1907,907,0-4,Female
1908,908,0-4,Female
1909,909,0-4,Female
1910,910,0-4,Female
1911,911,0-4,Female
1912,912,0-4,Female
1913,913,0-4,Female
1914,914,0-4,Female
1915,915,0-4,Female
1916,916,0-4,Female
1917,917,0-4,Female
1918,918,0-4,Female
1919,919,0-4,Female
1920,920,0-4,Female
1921,921,0-4,Female
1922,922,0-4,Female
1923,923,0-4,Female
1924,924,0-4,Female
1925,925,0-4,Female
1926,926,0-4,Female
1927,927,0-4,Female
1928,928,0-4,Female
1929,929,0-4,Female
1930,930,0-4,Female
1931,931,0-4,Female
1932,932,0-4,Female
1933,933,0-4,Female
1934,934,0-4,Female
1935,935,0-4,Female
1936,936,0-4,Female
1937,937,0-4,Female
1938,938,0-4,Female
1939,939,0-4,Female
1940,940,0-4,Female
1941,941,0-4,Female
1942,942,0-4,Female
1943,943,0-4,Female
1944,944,0-4,Female
1945,945,0-4,Female
1946,946,0-4,Female
1947,947,0-4,Female
1948,948,0-4,Female
1949,949,0-4,Female
1950,950,0-4,Female
1951,1,5月9日,Male
1952,2,5月9日,Male
1953,3,5月9日,Male
1954,4,5月9日,Male
1955,5,5月9日,Male
1956,6,5月9日,Male
1957,7,5月9日,Male
1958,8,5月9日,Male
1959,9,5月9日,Male
1960,10,5月9日,Male
1961,11,5月9日,Male
1962,12,5月9日,Male
1963,13,5月9日,Male
1964,14,5月9日,Male
1965,15,5月9日,Male
1966,16,5月9日,Male
1967,17,5月9日,Male
1968,18,5月9日,Male
1969,19,5月9日,Male
1970,20,5月9日,Male
1971,21,5月9日,Male
1972,22,5月9日,Male
1973,23,5月9日,Male
1974,24,5月9日,Male
1975,25,5月9日,Male
1976,26,5月9日,Male
1977,27,5月9日,Male
1978,28,5月9日,Male
1979,29,5月9日,Male
1980,30,5月9日,Male
1981,31,5月9日,Male
1982,32,5月9日,Male
1983,33,5月9日,Male
1984,34,5月9日,Male
1985,35,5月9日,Male
1986,36,5月9日,Male
1987,37,5月9日,Male
1988,38,5月9日,Male
1989,39,5月9日,Male
1990,40,5月9日,Male
1991,41,5月9日,Male
1992,42,5月9日,Male
1993,43,5月9日,Male
1994,44,5月9日,Male
1995,45,5月9日,Male
1996,46,5月9日,Male
1997,47,5月9日,Male
1998,48,5月9日,Male
1999,49,5月9日,Male
2000,50,5月9日,Male
2001,51,5月9日,Male
2002,52,5月9日,Male
2003,53,5月9日,Male
2004,54,5月9日,Male
2005,55,5月9日,Male
2006,56,5月9日,Male
2007,57,5月9日,Male
2008,58,5月9日,Male
2009,59,5月9日,Male
2010,60,5月9日,Male
2011,61,5月9日,Male
2012,62,5月9日,Male
2013,63,5月9日,Male
2014,64,5月9日,Male
2015,65,5月9日,Male
2016,66,5月9日,Male
2017,67,5月9日,Male
2018,68,5月9日,Male
2019,69,5月9日,Male
2020,70,5月9日,Male
2021,71,5月9日,Male
2022,72,5月9日,Male
2023,73,5月9日,Male
2024,74,5月9日,Male
2025,75,5月9日,Male
2026,76,5月9日,Male
2027,77,5月9日,Male
2028,78,5月9日,Male
2029,79,5月9日,Male
2030,80,5月9日,Male
2031,81,5月9日,Male
2032,82,5月9日,Male
2033,83,5月9日,Male
2034,84,5月9日,Male
2035,85,5月9日,Male
2036,86,5月9日,Male
2037,87,5月9日,Male
2038,88,5月9日,Male
2039,89,5月9日,Male
2040,90,5月9日,Male
2041,91,5月9日,Male
2042,92,5月9日,Male
2043,93,5月9日,Male
2044,94,5月9日,Male
2045,95,5月9日,Male
2046,96,5月9日,Male
2047,97,5月9日,Male
2048,98,5月9日,Male
2049,99,5月9日,Male
2050,100,5月9日,Male
2051,101,5月9日,Male
2052,102,5月9日,Male
2053,103,5月9日,Male
2054,104,5月9日,Male
2055,105,5月9日,Male
2056,106,5月9日,Male
2057,107,5月9日,Male
2058,108,5月9日,Male
2059,109,5月9日,Male
2060,110,5月9日,Male
2061,111,5月9日,Male
2062,112,5月9日,Male
2063,113,5月9日,Male
2064,114,5月9日,Male
2065,115,5月9日,Male
2066,116,5月9日,Male
2067,117,5月9日,Male
2068,118,5月9日,Male
2069,119,5月9日,Male
2070,120,5月9日,Male
2071,121,5月9日,Male
2072,122,5月9日,Male
2073,123,5月9日,Male
2074,124,5月9日,Male
2075,125,5月9日,Male
2076,126,5月9日,Male
2077,127,5月9日,Male
2078,128,5月9日,Male
2079,129,5月9日,Male
2080,130,5月9日,Male
2081,131,5月9日,Male
2082,132,5月9日,Male
2083,133,5月9日,Male
2084,134,5月9日,Male
2085,135,5月9日,Male
2086,136,5月9日,Male
2087,137,5月9日,Male
2088,138,5月9日,Male
2089,139,5月9日,Male
2090,140,5月9日,Male
2091,141,5月9日,Male
2092,142,5月9日,Male
2093,143,5月9日,Male
2094,144,5月9日,Male
2095,145,5月9日,Male
2096,146,5月9日,Male
2097,147,5月9日,Male
2098,148,5月9日,Male
2099,149,5月9日,Male
2100,150,5月9日,Male
2101,151,5月9日,Male
2102,152,5月9日,Male
2103,153,5月9日,Male
2104,154,5月9日,Male
2105,155,5月9日,Male
2106,156,5月9日,Male
2107,157,5月9日,Male
2108,158,5月9日,Male
2109,159,5月9日,Male
2110,160,5月9日,Male
2111,161,5月9日,Male
2112,162,5月9日,Male
2113,163,5月9日,Male
2114,164,5月9日,Male
2115,165,5月9日,Male
2116,166,5月9日,Male
2117,167,5月9日,Male
2118,168,5月9日,Male
2119,169,5月9日,Male
2120,170,5月9日,Male
2121,171,5月9日,Male
2122,172,5月9日,Male
2123,173,5月9日,Male
2124,174,5月9日,Male
2125,175,5月9日,Male
2126,176,5月9日,Male
2127,177,5月9日,Male
2128,178,5月9日,Male
2129,179,5月9日,Male
2130,180,5月9日,Male
2131,181,5月9日,Male
2132,182,5月9日,Male
2133,183,5月9日,Male
2134,184,5月9日,Male
2135,185,5月9日,Male
2136,186,5月9日,Male
2137,187,5月9日,Male
2138,188,5月9日,Male
2139,189,5月9日,Male
2140,190,5月9日,Male
2141,191,5月9日,Male
2142,192,5月9日,Male
2143,193,5月9日,Male
2144,194,5月9日,Male
2145,195,5月9日,Male
2146,196,5月9日,Male
2147,197,5月9日,Male
2148,198,5月9日,Male
2149,199,5月9日,Male
2150,200,5月9日,Male
2151,201,5月9日,Male
2152,202,5月9日,Male
2153,203,5月9日,Male
2154,204,5月9日,Male
2155,205,5月9日,Male
2156,206,5月9日,Male
2157,207,5月9日,Male
2158,208,5月9日,Male
2159,209,5月9日,Male
2160,210,5月9日,Male
2161,211,5月9日,Male
2162,212,5月9日,Male
2163,213,5月9日,Male
2164,214,5月9日,Male
2165,215,5月9日,Male
2166,216,5月9日,Male
2167,217,5月9日,Male
2168,218,5月9日,Male
2169,219,5月9日,Male
2170,220,5月9日,Male
2171,221,5月9日,Male
2172,222,5月9日,Male
2173,223,5月9日,Male
2174,224,5月9日,Male
2175,225,5月9日,Male
2176,226,5月9日,Male
2177,227,5月9日,Male
2178,228,5月9日,Male
2179,229,5月9日,Male
2180,230,5月9日,Male
2181,231,5月9日,Male
2182,232,5月9日,Male
2183,233,5月9日,Male
2184,234,5月9日,Male
2185,235,5月9日,Male
2186,236,5月9日,Male
2187,237,5月9日,Male
2188,238,5月9日,Male
2189,239,5月9日,Male
2190,240,5月9日,Male
2191,241,5月9日,Male
2192,242,5月9日,Male
2193,243,5月9日,Male
2194,244,5月9日,Male
2195,245,5月9日,Male
2196,246,5月9日,Male
2197,247,5月9日,Male
2198,248,5月9日,Male
2199,249,5月9日,Male
2200,250,5月9日,Male
2201,251,5月9日,Male
2202,252,5月9日,Male
2203,253,5月9日,Male
2204,254,5月9日,Male
2205,255,5月9日,Male
2206,256,5月9日,Male
2207,257,5月9日,Male
2208,258,5月9日,Male
2209,259,5月9日,Male
2210,260,5月9日,Male
2211,261,5月9日,Male
2212,262,5月9日,Male
2213,263,5月9日,Male
2214,264,5月9日,Male
2215,265,5月9日,Male
2216,266,5月9日,Male
2217,267,5月9日,Male
2218,268,5月9日,Male
2219,269,5月9日,Male
2220,270,5月9日,Male
2221,271,5月9日,Male
2222,272,5月9日,Male
2223,273,5月9日,Male
2224,274,5月9日,Male
2225,275,5月9日,Male
2226,276,5月9日,Male
2227,277,5月9日,Male
2228,278,5月9日,Male
2229,279,5月9日,Male
2230,280,5月9日,Male
2231,281,5月9日,Male
2232,282,5月9日,Male
2233,283,5月9日,Male
2234,284,5月9日,Male
2235,285,5月9日,Male
2236,286,5月9日,Male
2237,287,5月9日,Male
2238,288,5月9日,Male
2239,289,5月9日,Male
2240,290,5月9日,Male
2241,291,5月9日,Male
2242,292,5月9日,Male
2243,293,5月9日,Male
2244,294,5月9日,Male
2245,295,5月9日,Male
2246,296,5月9日,Male
2247,297,5月9日,Male
2248,298,5月9日,Male
2249,299,5月9日,Male
2250,300,5月9日,Male
2251,301,5月9日,Male
2252,302,5月9日,Male
2253,303,5月9日,Male
2254,304,5月9日,Male
2255,305,5月9日,Male
2256,306,5月9日,Male
2257,307,5月9日,Male
2258,308,5月9日,Male
2259,309,5月9日,Male
2260,310,5月9日,Male
2261,311,5月9日,Male
2262,312,5月9日,Male
2263,313,5月9日,Male
2264,314,5月9日,Male
2265,315,5月9日,Male
2266,316,5月9日,Male
2267,317,5月9日,Male
2268,318,5月9日,Male
2269,319,5月9日,Male
2270,320,5月9日,Male
2271,321,5月9日,Male
2272,322,5月9日,Male
2273,323,5月9日,Male
2274,324,5月9日,Male
2275,325,5月9日,Male
2276,326,5月9日,Male
2277,327,5月9日,Male
2278,328,5月9日,Male
2279,329,5月9日,Male
2280,330,5月9日,Male
2281,331,5月9日,Male
2282,332,5月9日,Male
2283,333,5月9日,Male
2284,334,5月9日,Male
2285,335,5月9日,Male
2286,336,5月9日,Male
2287,337,5月9日,Male
2288,338,5月9日,Male
2289,339,5月9日,Male
2290,340,5月9日,Male
2291,341,5月9日,Male
2292,342,5月9日,Male
2293,343,5月9日,Male
2294,344,5月9日,Male
2295,345,5月9日,Male
2296,346,5月9日,Male
2297,347,5月9日,Male
2298,348,5月9日,Male
2299,349,5月9日,Male
2300,350,5月9日,Male
2301,351,5月9日,Male
2302,352,5月9日,Male
2303,353,5月9日,Male
2304,354,5月9日,Male
2305,355,5月9日,Male
2306,356,5月9日,Male
2307,357,5月9日,Male
2308,358,5月9日,Male
2309,359,5月9日,Male
2310,360,5月9日,Male
2311,361,5月9日,Male
2312,362,5月9日,Male
2313,363,5月9日,Male
2314,364,5月9日,Male
2315,365,5月9日,Male
2316,366,5月9日,Male
2317,367,5月9日,Male
2318,368,5月9日,Male
2319,369,5月9日,Male
2320,370,5月9日,Male
2321,371,5月9日,Male
2322,372,5月9日,Male
2323,373,5月9日,Male
2324,374,5月9日,Male
2325,375,5月9日,Male
2326,376,5月9日,Male
2327,377,5月9日,Male
2328,378,5月9日,Male
2329,379,5月9日,Male
2330,380,5月9日,Male
2331,381,5月9日,Male
2332,382,5月9日,Male
2333,383,5月9日,Male
2334,384,5月9日,Male
2335,385,5月9日,Male
2336,386,5月9日,Male
2337,387,5月9日,Male
2338,388,5月9日,Male
2339,389,5月9日,Male
2340,390,5月9日,Male
2341,391,5月9日,Male
2342,392,5月9日,Male
2343,393,5月9日,Male
2344,394,5月9日,Male
2345,395,5月9日,Male
2346,396,5月9日,Male
2347,397,5月9日,Male
2348,398,5月9日,Male
2349,399,5月9日,Male
2350,400,5月9日,Male
2351,401,5月9日,Male
2352,402,5月9日,Male
2353,403,5月9日,Male
2354,404,5月9日,Male
2355,405,5月9日,Male
2356,406,5月9日,Male
2357,407,5月9日,Male
2358,408,5月9日,Male
2359,409,5月9日,Male
2360,410,5月9日,Male
2361,411,5月9日,Male
2362,412,5月9日,Male
2363,413,5月9日,Male
2364,414,5月9日,Male
2365,415,5月9日,Male
2366,416,5月9日,Male
2367,417,5月9日,Male
2368,418,5月9日,Male
2369,419,5月9日,Male
2370,420,5月9日,Male
2371,421,5月9日,Male
2372,422,5月9日,Male
2373,423,5月9日,Male
2374,424,5月9日,Male
2375,425,5月9日,Male
2376,426,5月9日,Male
2377,427,5月9日,Male
2378,428,5月9日,Male
2379,429,5月9日,Male
2380,430,5月9日,Male
2381,431,5月9日,Male
2382,432,5月9日,Male
2383,433,5月9日,Male
2384,434,5月9日,Male
2385,435,5月9日,Male
2386,436,5月9日,Male
2387,437,5月9日,Male
2388,438,5月9日,Male
2389,439,5月9日,Male
2390,440,5月9日,Male
2391,441,5月9日,Male
2392,442,5月9日,Male
2393,443,5月9日,Male
2394,444,5月9日,Male
2395,445,5月9日,Male
2396,446,5月9日,Male
2397,447,5月9日,Male
2398,448,5月9日,Male
2399,449,5月9日,Male
2400,450,5月9日,Male
2401,451,5月9日,Male
2402,452,5月9日,Male
2403,453,5月9日,Male
2404,454,5月9日,Male
2405,455,5月9日,Male
2406,456,5月9日,Male
2407,457,5月9日,Male
2408,458,5月9日,Male
2409,459,5月9日,Male
2410,460,5月9日,Male
2411,461,5月9日,Male
2412,462,5月9日,Male
2413,463,5月9日,Male
2414,464,5月9日,Male
2415,465,5月9日,Male
2416,466,5月9日,Male
2417,467,5月9日,Male
2418,468,5月9日,Male
2419,469,5月9日,Male
2420,470,5月9日,Male
2421,471,5月9日,Male
2422,472,5月9日,Male
2423,473,5月9日,Male
2424,474,5月9日,Male
2425,475,5月9日,Male
2426,476,5月9日,Male
2427,477,5月9日,Male
2428,478,5月9日,Male
2429,479,5月9日,Male
2430,480,5月9日,Male
2431,481,5月9日,Male
2432,482,5月9日,Male
2433,483,5月9日,Male
2434,484,5月9日,Male
2435,485,5月9日,Male
2436,486,5月9日,Male
2437,487,5月9日,Male
2438,488,5月9日,Male
2439,489,5月9日,Male
2440,490,5月9日,Male
2441,491,5月9日,Male
2442,492,5月9日,Male
2443,493,5月9日,Male
2444,494,5月9日,Male
2445,495,5月9日,Male
2446,496,5月9日,Male
2447,497,5月9日,Male
2448,498,5月9日,Male
2449,499,5月9日,Male
2450,500,5月9日,Male
2451,501,5月9日,Male
2452,502,5月9日,Male
2453,503,5月9日,Male
2454,504,5月9日,Male
2455,505,5月9日,Male
2456,506,5月9日,Male
2457,507,5月9日,Male
2458,508,5月9日,Male
2459,509,5月9日,Male
2460,510,5月9日,Male
2461,511,5月9日,Male
2462,512,5月9日,Male
2463,513,5月9日,Male
2464,514,5月9日,Male
2465,515,5月9日,Male
2466,516,5月9日,Male
2467,517,5月9日,Male
2468,518,5月9日,Male
2469,519,5月9日,Male
2470,520,5月9日,Male
2471,521,5月9日,Male
2472,522,5月9日,Male
2473,523,5月9日,Male
2474,524,5月9日,Male
2475,525,5月9日,Male
2476,526,5月9日,Male
2477,527,5月9日,Male
2478,528,5月9日,Male
2479,529,5月9日,Male
2480,530,5月9日,Male
2481,531,5月9日,Male
2482,532,5月9日,Male
2483,533,5月9日,Male
2484,534,5月9日,Male
2485,535,5月9日,Male
2486,536,5月9日,Male
2487,537,5月9日,Male
2488,538,5月9日,Male
2489,539,5月9日,Male
2490,540,5月9日,Male
2491,541,5月9日,Male
2492,542,5月9日,Male
2493,543,5月9日,Male
2494,544,5月9日,Male
2495,545,5月9日,Male
2496,546,5月9日,Male
2497,547,5月9日,Male
2498,548,5月9日,Male
2499,549,5月9日,Male
2500,550,5月9日,Male
2501,551,5月9日,Male
2502,552,5月9日,Male
2503,553,5月9日,Male
2504,554,5月9日,Male
2505,555,5月9日,Male
2506,556,5月9日,Male
2507,557,5月9日,Male
2508,558,5月9日,Male
2509,559,5月9日,Male
2510,560,5月9日,Male
2511,561,5月9日,Male
2512,562,5月9日,Male
2513,563,5月9日,Male
2514,564,5月9日,Male
2515,565,5月9日,Male
2516,566,5月9日,Male
2517,567,5月9日,Male
2518,568,5月9日,Male
2519,569,5月9日,Male
2520,570,5月9日,Male
2521,571,5月9日,Male
2522,572,5月9日,Male
2523,573,5月9日,Male
2524,574,5月9日,Male
2525,575,5月9日,Male
2526,576,5月9日,Male
2527,577,5月9日,Male
2528,578,5月9日,Male
2529,579,5月9日,Male
2530,580,5月9日,Male
2531,581,5月9日,Male
2532,582,5月9日,Male
2533,583,5月9日,Male
2534,584,5月9日,Male
2535,585,5月9日,Male
2536,586,5月9日,Male
2537,587,5月9日,Male
2538,588,5月9日,Male
2539,589,5月9日,Male
2540,590,5月9日,Male
2541,591,5月9日,Male
2542,592,5月9日,Male
2543,593,5月9日,Male
2544,594,5月9日,Male
2545,595,5月9日,Male
2546,596,5月9日,Male
2547,597,5月9日,Male
2548,598,5月9日,Male
2549,599,5月9日,Male
2550,600,5月9日,Male
2551,601,5月9日,Male
2552,602,5月9日,Male
2553,603,5月9日,Male
2554,604,5月9日,Male
2555,605,5月9日,Male
2556,606,5月9日,Male
2557,607,5月9日,Male
2558,608,5月9日,Male
2559,609,5月9日,Male
2560,610,5月9日,Male
2561,611,5月9日,Male
2562,612,5月9日,Male
2563,613,5月9日,Male
2564,614,5月9日,Male
2565,615,5月9日,Male
2566,616,5月9日,Male
2567,617,5月9日,Male
2568,618,5月9日,Male
2569,619,5月9日,Male
2570,620,5月9日,Male
2571,621,5月9日,Male
2572,622,5月9日,Male
2573,623,5月9日,Male
2574,624,5月9日,Male
2575,625,5月9日,Male
2576,626,5月9日,Male
2577,627,5月9日,Male
2578,628,5月9日,Male
2579,629,5月9日,Male
2580,630,5月9日,Male
2581,631,5月9日,Male
2582,632,5月9日,Male
2583,633,5月9日,Male
2584,634,5月9日,Male
2585,635,5月9日,Male
2586,636,5月9日,Male
2587,637,5月9日,Male
2588,638,5月9日,Male
2589,639,5月9日,Male
2590,640,5月9日,Male
2591,641,5月9日,Male
2592,642,5月9日,Male
2593,643,5月9日,Male
2594,644,5月9日,Male
2595,645,5月9日,Male
2596,646,5月9日,Male
2597,647,5月9日,Male
2598,648,5月9日,Male
2599,649,5月9日,Male
2600,650,5月9日,Male
2601,651,5月9日,Male
2602,652,5月9日,Male
2603,653,5月9日,Male
2604,654,5月9日,Male
2605,655,5月9日,Male
2606,656,5月9日,Male
2607,657,5月9日,Male
2608,658,5月9日,Male
2609,659,5月9日,Male
2610,660,5月9日,Male
2611,661,5月9日,Male
2612,662,5月9日,Male
2613,663,5月9日,Male
2614,664,5月9日,Male
2615,665,5月9日,Male
2616,666,5月9日,Male
2617,667,5月9日,Male
2618,668,5月9日,Male
2619,669,5月9日,Male
2620,670,5月9日,Male
2621,671,5月9日,Male
2622,672,5月9日,Male
2623,673,5月9日,Male
2624,674,5月9日,Male
2625,675,5月9日,Male
2626,676,5月9日,Male
2627,677,5月9日,Male
2628,678,5月9日,Male
2629,679,5月9日,Male
2630,680,5月9日,Male
2631,681,5月9日,Male
2632,682,5月9日,Male
2633,683,5月9日,Male
2634,684,5月9日,Male
2635,685,5月9日,Male
2636,686,5月9日,Male
2637,687,5月9日,Male
2638,688,5月9日,Male
2639,689,5月9日,Male
2640,690,5月9日,Male
2641,691,5月9日,Male
2642,692,5月9日,Male
2643,693,5月9日,Male
2644,694,5月9日,Male
2645,695,5月9日,Male
2646,696,5月9日,Male
2647,697,5月9日,Male
2648,698,5月9日,Male
2649,699,5月9日,Male
2650,700,5月9日,Male
2651,701,5月9日,Male
2652,702,5月9日,Male
2653,703,5月9日,Male
2654,704,5月9日,Male
2655,705,5月9日,Male
2656,706,5月9日,Male
2657,707,5月9日,Male
2658,708,5月9日,Male
2659,709,5月9日,Male
2660,710,5月9日,Male
2661,711,5月9日,Male
2662,712,5月9日,Male
2663,713,5月9日,Male
2664,714,5月9日,Male
2665,715,5月9日,Male
2666,716,5月9日,Male
2667,717,5月9日,Male
2668,718,5月9日,Male
2669,719,5月9日,Male
2670,720,5月9日,Male
2671,721,5月9日,Male
2672,722,5月9日,Male
2673,723,5月9日,Male
2674,724,5月9日,Male
2675,725,5月9日,Male
2676,726,5月9日,Male
2677,727,5月9日,Male
2678,728,5月9日,Male
2679,729,5月9日,Male
2680,730,5月9日,Male
2681,731,5月9日,Male
2682,732,5月9日,Male
2683,733,5月9日,Male
2684,734,5月9日,Male
2685,735,5月9日,Male
2686,736,5月9日,Male
2687,737,5月9日,Male
2688,738,5月9日,Male
2689,739,5月9日,Male
2690,740,5月9日,Male
2691,741,5月9日,Male
2692,742,5月9日,Male
2693,743,5月9日,Male
2694,744,5月9日,Male
2695,745,5月9日,Male
2696,746,5月9日,Male
2697,747,5月9日,Male
2698,748,5月9日,Male
2699,749,5月9日,Male
2700,750,5月9日,Male
2701,751,5月9日,Male
2702,752,5月9日,Male
2703,753,5月9日,Male
2704,754,5月9日,Male
2705,755,5月9日,Male
2706,756,5月9日,Male
2707,757,5月9日,Male
2708,758,5月9日,Male
2709,759,5月9日,Male
2710,760,5月9日,Male
2711,761,5月9日,Male
2712,762,5月9日,Male
2713,763,5月9日,Male
2714,764,5月9日,Male
2715,765,5月9日,Male
2716,766,5月9日,Male
2717,767,5月9日,Male
2718,768,5月9日,Male
2719,769,5月9日,Male
2720,770,5月9日,Male
2721,771,5月9日,Male
2722,772,5月9日,Male
2723,773,5月9日,Male
2724,774,5月9日,Male
2725,775,5月9日,Male
2726,776,5月9日,Male
2727,777,5月9日,Male
2728,778,5月9日,Male
2729,779,5月9日,Male
2730,780,5月9日,Male
2731,781,5月9日,Male
2732,782,5月9日,Male
2733,783,5月9日,Male
2734,784,5月9日,Male
2735,785,5月9日,Male
2736,786,5月9日,Male
2737,787,5月9日,Male
2738,788,5月9日,Male
2739,789,5月9日,Male
2740,790,5月9日,Male
2741,791,5月9日,Male
2742,792,5月9日,Male
2743,793,5月9日,Male
2744,794,5月9日,Male
2745,795,5月9日,Male
2746,796,5月9日,Male
2747,797,5月9日,Male
2748,798,5月9日,Male
2749,799,5月9日,Male
2750,800,5月9日,Male
2751,801,5月9日,Male
2752,802,5月9日,Male
2753,803,5月9日,Male
2754,804,5月9日,Male
2755,805,5月9日,Male
2756,806,5月9日,Male
2757,807,5月9日,Male
2758,808,5月9日,Male
2759,809,5月9日,Male
2760,810,5月9日,Male
2761,811,5月9日,Male
2762,812,5月9日,Male
2763,813,5月9日,Male
2764,814,5月9日,Male
2765,815,5月9日,Male
2766,816,5月9日,Male
2767,817,5月9日,Male
2768,818,5月9日,Male
2769,819,5月9日,Male
2770,820,5月9日,Male
2771,821,5月9日,Male
2772,822,5月9日,Male
2773,823,5月9日,Male
2774,824,5月9日,Male
2775,825,5月9日,Male
2776,826,5月9日,Male
2777,827,5月9日,Male
2778,828,5月9日,Male
2779,829,5月9日,Male
2780,830,5月9日,Male
2781,831,5月9日,Male
2782,832,5月9日,Male
2783,833,5月9日,Male
2784,834,5月9日,Male
2785,835,5月9日,Male
2786,836,5月9日,Male
2787,837,5月9日,Male
2788,838,5月9日,Male
2789,839,5月9日,Male
2790,840,5月9日,Male
2791,841,5月9日,Male
2792,842,5月9日,Male
2793,843,5月9日,Male
2794,844,5月9日,Male
2795,845,5月9日,Male
2796,846,5月9日,Male
2797,847,5月9日,Male
2798,848,5月9日,Male
2799,849,5月9日,Male
2800,850,5月9日,Male
2801,851,5月9日,Male
2802,852,5月9日,Male
2803,853,5月9日,Male
2804,854,5月9日,Male
2805,855,5月9日,Male
2806,856,5月9日,Male
2807,857,5月9日,Male
2808,858,5月9日,Male
2809,859,5月9日,Male
2810,860,5月9日,Male
2811,861,5月9日,Male
2812,862,5月9日,Male
2813,863,5月9日,Male
2814,864,5月9日,Male
2815,865,5月9日,Male
2816,866,5月9日,Male
2817,867,5月9日,Male
2818,868,5月9日,Male
2819,869,5月9日,Male
2820,870,5月9日,Male
2821,871,5月9日,Male
2822,872,5月9日,Male
2823,873,5月9日,Male
2824,874,5月9日,Male
2825,875,5月9日,Male
2826,876,5月9日,Male
2827,877,5月9日,Male
2828,878,5月9日,Male
2829,879,5月9日,Male
2830,880,5月9日,Male
2831,881,5月9日,Male
2832,882,5月9日,Male
2833,883,5月9日,Male
2834,884,5月9日,Male
2835,885,5月9日,Male
2836,886,5月9日,Male
2837,887,5月9日,Male
2838,888,5月9日,Male
2839,889,5月9日,Male
2840,890,5月9日,Male
2841,891,5月9日,Male
2842,892,5月9日,Male
2843,893,5月9日,Male
2844,894,5月9日,Male
2845,895,5月9日,Male
2846,896,5月9日,Male
2847,897,5月9日,Male
2848,898,5月9日,Male
2849,899,5月9日,Male
2850,900,5月9日,Male
2851,901,5月9日,Male
2852,902,5月9日,Male
2853,903,5月9日,Male
2854,904,5月9日,Male
2855,905,5月9日,Male
2856,906,5月9日,Male
2857,907,5月9日,Male
2858,908,5月9日,Male
2859,909,5月9日,Male
2860,910,5月9日,Male
2861,911,5月9日,Male
2862,912,5月9日,Male
2863,913,5月9日,Male
2864,914,5月9日,Male
2865,915,5月9日,Male
2866,916,5月9日,Male
2867,917,5月9日,Male
2868,918,5月9日,Male
2869,919,5月9日,Male
2870,920,5月9日,Male
2871,921,5月9日,Male
2872,922,5月9日,Male
2873,923,5月9日,Male
2874,924,5月9日,Male
2875,925,5月9日,Male
2876,926,5月9日,Male
2877,927,5月9日,Male
2878,928,5月9日,Male
2879,929,5月9日,Male
2880,930,5月9日,Male
2881,931,5月9日,Male
2882,932,5月9日,Male
2883,933,5月9日,Male
2884,934,5月9日,Male
2885,935,5月9日,Male
2886,936,5月9日,Male
2887,937,5月9日,Male
2888,938,5月9日,Male
2889,939,5月9日,Male
2890,940,5月9日,Male
2891,941,5月9日,Male
2892,942,5月9日,Male
2893,943,5月9日,Male
2894,944,5月9日,Male
2895,945,5月9日,Male
2896,946,5月9日,Male
2897,947,5月9日,Male
2898,948,5月9日,Male
2899,949,5月9日,Male
2900,950,5月9日,Male
2901,951,5月9日,Male
2902,952,5月9日,Male
2903,953,5月9日,Male
2904,954,5月9日,Male
2905,955,5月9日,Male
2906,956,5月9日,Male
2907,957,5月9日,Male
2908,958,5月9日,Male
2909,959,5月9日,Male
2910,960,5月9日,Male
2911,961,5月9日,Male
2912,962,5月9日,Male
2913,963,5月9日,Male
2914,964,5月9日,Male
2915,965,5月9日,Male
2916,966,5月9日,Male
2917,967,5月9日,Male
2918,968,5月9日,Male
2919,969,5月9日,Male
2920,970,5月9日,Male
2921,971,5月9日,Male
2922,972,5月9日,Male
2923,973,5月9日,Male
2924,974,5月9日,Male
2925,975,5月9日,Male
2926,976,5月9日,Male
2927,977,5月9日,Male
2928,978,5月9日,Male
2929,979,5月9日,Male
2930,980,5月9日,Male
2931,981,5月9日,Male
2932,982,5月9日,Male
2933,983,5月9日,Male
2934,984,5月9日,Male
2935,985,5月9日,Male
2936,986,5月9日,Male
2937,987,5月9日,Male
2938,988,5月9日,Male
2939,989,5月9日,Male
2940,990,5月9日,Male
2941,991,5月9日,Male
2942,992,5月9日,Male
2943,993,5月9日,Male
2944,994,5月9日,Male
2945,995,5月9日,Male
2946,996,5月9日,Male
2947,997,5月9日,Male
2948,998,5月9日,Male
2949,999,5月9日,Male
2950,1000,5月9日,Male
2951,1001,5月9日,Male
2952,1002,5月9日,Male
2953,1003,5月9日,Male
2954,1004,5月9日,Male
2955,1005,5月9日,Male
2956,1006,5月9日,Male
2957,1007,5月9日,Male
2958,1008,5月9日,Male
2959,1009,5月9日,Male
2960,1010,5月9日,Male
2961,1011,5月9日,Male
2962,1012,5月9日,Male
2963,1013,5月9日,Male
2964,1014,5月9日,Male
2965,1015,5月9日,Male
2966,1016,5月9日,Male
2967,1017,5月9日,Male
2968,1018,5月9日,Male
2969,1019,5月9日,Male
2970,1020,5月9日,Male
2971,1021,5月9日,Male
2972,1022,5月9日,Male
2973,1023,5月9日,Male
2974,1024,5月9日,Male
2975,1025,5月9日,Male
2976,1026,5月9日,Male
2977,1027,5月9日,Male
2978,1028,5月9日,Male
2979,1029,5月9日,Male
2980,1030,5月9日,Male
2981,1031,5月9日,Male
2982,1032,5月9日,Male
2983,1033,5月9日,Male
2984,1034,5月9日,Male
2985,1035,5月9日,Male
2986,1036,5月9日,Male
2987,1037,5月9日,Male
2988,1038,5月9日,Male
2989,1039,5月9日,Male
2990,1040,5月9日,Male
2991,1041,5月9日,Male
2992,1042,5月9日,Male
2993,1043,5月9日,Male
2994,1044,5月9日,Male
2995,1045,5月9日,Male
2996,1046,5月9日,Male
2997,1047,5月9日,Male
2998,1048,5月9日,Male
2999,1049,5月9日,Male
3000,1050,5月9日,Male
3001,1051,5月9日,Male
3002,1052,5月9日,Male
3003,1053,5月9日,Male
3004,1054,5月9日,Male
3005,1055,5月9日,Male
3006,1056,5月9日,Male
3007,1057,5月9日,Male
3008,1058,5月9日,Male
3009,1059,5月9日,Male
3010,1060,5月9日,Male
3011,1061,5月9日,Male
3012,1062,5月9日,Male
3013,1063,5月9日,Male
3014,1064,5月9日,Male
3015,1065,5月9日,Male
3016,1066,5月9日,Male
3017,1067,5月9日,Male
3018,1068,5月9日,Male
3019,1069,5月9日,Male
3020,1070,5月9日,Male
3021,1071,5月9日,Male
3022,1072,5月9日,Male
3023,1073,5月9日,Male
3024,1074,5月9日,Male
3025,1075,5月9日,Male
3026,1076,5月9日,Male
3027,1077,5月9日,Male
3028,1078,5月9日,Male
3029,1079,5月9日,Male
3030,1080,5月9日,Male
3031,1081,5月9日,Male
3032,1082,5月9日,Male
3033,1083,5月9日,Male
3034,1084,5月9日,Male
3035,1085,5月9日,Male
3036,1086,5月9日,Male
3037,1087,5月9日,Male
3038,1088,5月9日,Male
3039,1089,5月9日,Male
3040,1090,5月9日,Male
3041,1091,5月9日,Male
3042,1092,5月9日,Male
3043,1093,5月9日,Male
3044,1094,5月9日,Male
3045,1095,5月9日,Male
3046,1096,5月9日,Male
3047,1097,5月9日,Male
3048,1098,5月9日,Male
3049,1099,5月9日,Male
3050,1100,5月9日,Male
3051,1101,5月9日,Male
3052,1102,5月9日,Male
3053,1103,5月9日,Male
3054,1104,5月9日,Male
3055,1105,5月9日,Male
3056,1106,5月9日,Male
3057,1107,5月9日,Male
3058,1108,5月9日,Male
3059,1109,5月9日,Male
3060,1110,5月9日,Male
3061,1111,5月9日,Male
3062,1112,5月9日,Male
3063,1113,5月9日,Male
3064,1114,5月9日,Male
3065,1115,5月9日,Male
3066,1116,5月9日,Male
3067,1117,5月9日,Male
3068,1118,5月9日,Male
3069,1119,5月9日,Male
3070,1120,5月9日,Male
3071,1121,5月9日,Male
3072,1122,5月9日,Male
3073,1123,5月9日,Male
3074,1124,5月9日,Male
3075,1125,5月9日,Male
3076,1126,5月9日,Male
3077,1127,5月9日,Male
3078,1128,5月9日,Male
3079,1129,5月9日,Male
3080,1130,5月9日,Male
3081,1131,5月9日,Male
3082,1132,5月9日,Male
3083,1133,5月9日,Male
3084,1134,5月9日,Male
3085,1135,5月9日,Male
3086,1136,5月9日,Male
3087,1137,5月9日,Male
3088,1138,5月9日,Male
3089,1139,5月9日,Male
3090,1140,5月9日,Male
3091,1141,5月9日,Male
3092,1142,5月9日,Male
3093,1143,5月9日,Male
3094,1144,5月9日,Male
3095,1145,5月9日,Male
3096,1146,5月9日,Male
3097,1147,5月9日,Male
3098,1148,5月9日,Male
3099,1149,5月9日,Male
3100,1150,5月9日,Male
3101,1151,5月9日,Male
3102,1152,5月9日,Male
3103,1153,5月9日,Male
3104,1154,5月9日,Male
3105,1155,5月9日,Male
3106,1156,5月9日,Male
3107,1157,5月9日,Male
3108,1158,5月9日,Male
3109,1159,5月9日,Male
3110,1160,5月9日,Male
3111,1161,5月9日,Male
3112,1162,5月9日,Male
3113,1163,5月9日,Male
3114,1164,5月9日,Male
3115,1165,5月9日,Male
3116,1166,5月9日,Male
3117,1167,5月9日,Male
3118,1168,5月9日,Male
3119,1169,5月9日,Male
3120,1170,5月9日,Male
3121,1171,5月9日,Male
3122,1172,5月9日,Male
3123,1173,5月9日,Male
3124,1174,5月9日,Male
3125,1175,5月9日,Male
3126,1176,5月9日,Male
3127,1177,5月9日,Male
3128,1178,5月9日,Male
3129,1179,5月9日,Male
3130,1180,5月9日,Male
3131,1181,5月9日,Male
3132,1182,5月9日,Male
3133,1183,5月9日,Male
3134,1184,5月9日,Male
3135,1185,5月9日,Male
3136,1186,5月9日,Male
3137,1187,5月9日,Male
3138,1188,5月9日,Male
3139,1189,5月9日,Male
3140,1190,5月9日,Male
3141,1191,5月9日,Male
3142,1192,5月9日,Male
3143,1193,5月9日,Male
3144,1194,5月9日,Male
3145,1195,5月9日,Male
3146,1196,5月9日,Male
3147,1197,5月9日,Male
3148,1198,5月9日,Male
3149,1199,5月9日,Male
3150,1200,5月9日,Male
3151,1,5月9日,Female
3152,2,5月9日,Female
3153,3,5月9日,Female
3154,4,5月9日,Female
3155,5,5月9日,Female
3156,6,5月9日,Female
3157,7,5月9日,Female
3158,8,5月9日,Female
3159,9,5月9日,Female
3160,10,5月9日,Female
3161,11,5月9日,Female
3162,12,5月9日,Female
3163,13,5月9日,Female
3164,14,5月9日,Female
3165,15,5月9日,Female
3166,16,5月9日,Female
3167,17,5月9日,Female
3168,18,5月9日,Female
3169,19,5月9日,Female
3170,20,5月9日,Female
3171,21,5月9日,Female
3172,22,5月9日,Female
3173,23,5月9日,Female
3174,24,5月9日,Female
3175,25,5月9日,Female
3176,26,5月9日,Female
3177,27,5月9日,Female
3178,28,5月9日,Female
3179,29,5月9日,Female
3180,30,5月9日,Female
3181,31,5月9日,Female
3182,32,5月9日,Female
3183,33,5月9日,Female
3184,34,5月9日,Female
3185,35,5月9日,Female
3186,36,5月9日,Female
3187,37,5月9日,Female
3188,38,5月9日,Female
3189,39,5月9日,Female
3190,40,5月9日,Female
3191,41,5月9日,Female
3192,42,5月9日,Female
3193,43,5月9日,Female
3194,44,5月9日,Female
3195,45,5月9日,Female
3196,46,5月9日,Female
3197,47,5月9日,Female
3198,48,5月9日,Female
3199,49,5月9日,Female
3200,50,5月9日,Female
3201,51,5月9日,Female
3202,52,5月9日,Female
3203,53,5月9日,Female
3204,54,5月9日,Female
3205,55,5月9日,Female
3206,56,5月9日,Female
3207,57,5月9日,Female
3208,58,5月9日,Female
3209,59,5月9日,Female
3210,60,5月9日,Female
3211,61,5月9日,Female
3212,62,5月9日,Female
3213,63,5月9日,Female
3214,64,5月9日,Female
3215,65,5月9日,Female
3216,66,5月9日,Female
3217,67,5月9日,Female
3218,68,5月9日,Female
3219,69,5月9日,Female
3220,70,5月9日,Female
3221,71,5月9日,Female
3222,72,5月9日,Female
3223,73,5月9日,Female
3224,74,5月9日,Female
3225,75,5月9日,Female
3226,76,5月9日,Female
3227,77,5月9日,Female
3228,78,5月9日,Female
3229,79,5月9日,Female
3230,80,5月9日,Female
3231,81,5月9日,Female
3232,82,5月9日,Female
3233,83,5月9日,Female
3234,84,5月9日,Female
3235,85,5月9日,Female
3236,86,5月9日,Female
3237,87,5月9日,Female
3238,88,5月9日,Female
3239,89,5月9日,Female
3240,90,5月9日,Female
3241,91,5月9日,Female
3242,92,5月9日,Female
3243,93,5月9日,Female
3244,94,5月9日,Female
3245,95,5月9日,Female
3246,96,5月9日,Female
3247,97,5月9日,Female
3248,98,5月9日,Female
3249,99,5月9日,Female
3250,100,5月9日,Female
3251,101,5月9日,Female
3252,102,5月9日,Female
3253,103,5月9日,Female
3254,104,5月9日,Female
3255,105,5月9日,Female
3256,106,5月9日,Female
3257,107,5月9日,Female
3258,108,5月9日,Female
3259,109,5月9日,Female
3260,110,5月9日,Female
3261,111,5月9日,Female
3262,112,5月9日,Female
3263,113,5月9日,Female
3264,114,5月9日,Female
3265,115,5月9日,Female
3266,116,5月9日,Female
3267,117,5月9日,Female
3268,118,5月9日,Female
3269,119,5月9日,Female
3270,120,5月9日,Female
3271,121,5月9日,Female
3272,122,5月9日,Female
3273,123,5月9日,Female
3274,124,5月9日,Female
3275,125,5月9日,Female
3276,126,5月9日,Female
3277,127,5月9日,Female
3278,128,5月9日,Female
3279,129,5月9日,Female
3280,130,5月9日,Female
3281,131,5月9日,Female
3282,132,5月9日,Female
3283,133,5月9日,Female
3284,134,5月9日,Female
3285,135,5月9日,Female
3286,136,5月9日,Female
3287,137,5月9日,Female
3288,138,5月9日,Female
3289,139,5月9日,Female
3290,140,5月9日,Female
3291,141,5月9日,Female
3292,142,5月9日,Female
3293,143,5月9日,Female
3294,144,5月9日,Female
3295,145,5月9日,Female
3296,146,5月9日,Female
3297,147,5月9日,Female
3298,148,5月9日,Female
3299,149,5月9日,Female
3300,150,5月9日,Female
3301,151,5月9日,Female
3302,152,5月9日,Female
3303,153,5月9日,Female
3304,154,5月9日,Female
3305,155,5月9日,Female
3306,156,5月9日,Female
3307,157,5月9日,Female
3308,158,5月9日,Female
3309,159,5月9日,Female
3310,160,5月9日,Female
3311,161,5月9日,Female
3312,162,5月9日,Female
3313,163,5月9日,Female
3314,164,5月9日,Female
3315,165,5月9日,Female
3316,166,5月9日,Female
3317,167,5月9日,Female
3318,168,5月9日,Female
3319,169,5月9日,Female
3320,170,5月9日,Female
3321,171,5月9日,Female
3322,172,5月9日,Female
3323,173,5月9日,Female
3324,174,5月9日,Female
3325,175,5月9日,Female
3326,176,5月9日,Female
3327,177,5月9日,Female
3328,178,5月9日,Female
3329,179,5月9日,Female
3330,180,5月9日,Female
3331,181,5月9日,Female
3332,182,5月9日,Female
3333,183,5月9日,Female
3334,184,5月9日,Female
3335,185,5月9日,Female
3336,186,5月9日,Female
3337,187,5月9日,Female
3338,188,5月9日,Female
3339,189,5月9日,Female
3340,190,5月9日,Female
3341,191,5月9日,Female
3342,192,5月9日,Female
3343,193,5月9日,Female
3344,194,5月9日,Female
3345,195,5月9日,Female
3346,196,5月9日,Female
3347,197,5月9日,Female
3348,198,5月9日,Female
3349,199,5月9日,Female
3350,200,5月9日,Female
3351,201,5月9日,Female
3352,202,5月9日,Female
3353,203,5月9日,Female
3354,204,5月9日,Female
3355,205,5月9日,Female
3356,206,5月9日,Female
3357,207,5月9日,Female
3358,208,5月9日,Female
3359,209,5月9日,Female
3360,210,5月9日,Female
3361,211,5月9日,Female
3362,212,5月9日,Female
3363,213,5月9日,Female
3364,214,5月9日,Female
3365,215,5月9日,Female
3366,216,5月9日,Female
3367,217,5月9日,Female
3368,218,5月9日,Female
3369,219,5月9日,Female
3370,220,5月9日,Female
3371,221,5月9日,Female
3372,222,5月9日,Female
3373,223,5月9日,Female
3374,224,5月9日,Female
3375,225,5月9日,Female
3376,226,5月9日,Female
3377,227,5月9日,Female
3378,228,5月9日,Female
3379,229,5月9日,Female
3380,230,5月9日,Female
3381,231,5月9日,Female
3382,232,5月9日,Female
3383,233,5月9日,Female
3384,234,5月9日,Female
3385,235,5月9日,Female
3386,236,5月9日,Female
3387,237,5月9日,Female
3388,238,5月9日,Female
3389,239,5月9日,Female
3390,240,5月9日,Female
3391,241,5月9日,Female
3392,242,5月9日,Female
3393,243,5月9日,Female
3394,244,5月9日,Female
3395,245,5月9日,Female
3396,246,5月9日,Female
3397,247,5月9日,Female
3398,248,5月9日,Female
3399,249,5月9日,Female
3400,250,5月9日,Female
3401,251,5月9日,Female
3402,252,5月9日,Female
3403,253,5月9日,Female
3404,254,5月9日,Female
3405,255,5月9日,Female
3406,256,5月9日,Female
3407,257,5月9日,Female
3408,258,5月9日,Female
3409,259,5月9日,Female
3410,260,5月9日,Female
3411,261,5月9日,Female
3412,262,5月9日,Female
3413,263,5月9日,Female
3414,264,5月9日,Female
3415,265,5月9日,Female
3416,266,5月9日,Female
3417,267,5月9日,Female
3418,268,5月9日,Female
3419,269,5月9日,Female
3420,270,5月9日,Female
3421,271,5月9日,Female
3422,272,5月9日,Female
3423,273,5月9日,Female
3424,274,5月9日,Female
3425,275,5月9日,Female
3426,276,5月9日,Female
3427,277,5月9日,Female
3428,278,5月9日,Female
3429,279,5月9日,Female
3430,280,5月9日,Female
3431,281,5月9日,Female
3432,282,5月9日,Female
3433,283,5月9日,Female
3434,284,5月9日,Female
3435,285,5月9日,Female
3436,286,5月9日,Female
3437,287,5月9日,Female
3438,288,5月9日,Female
3439,289,5月9日,Female
3440,290,5月9日,Female
3441,291,5月9日,Female
3442,292,5月9日,Female
3443,293,5月9日,Female
3444,294,5月9日,Female
3445,295,5月9日,Female
3446,296,5月9日,Female
3447,297,5月9日,Female
3448,298,5月9日,Female
3449,299,5月9日,Female
3450,300,5月9日,Female
3451,301,5月9日,Female
3452,302,5月9日,Female
3453,303,5月9日,Female
3454,304,5月9日,Female
3455,305,5月9日,Female
3456,306,5月9日,Female
3457,307,5月9日,Female
3458,308,5月9日,Female
3459,309,5月9日,Female
3460,310,5月9日,Female
3461,311,5月9日,Female
3462,312,5月9日,Female
3463,313,5月9日,Female
3464,314,5月9日,Female
3465,315,5月9日,Female
3466,316,5月9日,Female
3467,317,5月9日,Female
3468,318,5月9日,Female
3469,319,5月9日,Female
3470,320,5月9日,Female
3471,321,5月9日,Female
3472,322,5月9日,Female
3473,323,5月9日,Female
3474,324,5月9日,Female
3475,325,5月9日,Female
3476,326,5月9日,Female
3477,327,5月9日,Female
3478,328,5月9日,Female
3479,329,5月9日,Female
3480,330,5月9日,Female
3481,331,5月9日,Female
3482,332,5月9日,Female
3483,333,5月9日,Female
3484,334,5月9日,Female
3485,335,5月9日,Female
3486,336,5月9日,Female
3487,337,5月9日,Female
3488,338,5月9日,Female
3489,339,5月9日,Female
3490,340,5月9日,Female
3491,341,5月9日,Female
3492,342,5月9日,Female
3493,343,5月9日,Female
3494,344,5月9日,Female
3495,345,5月9日,Female
3496,346,5月9日,Female
3497,347,5月9日,Female
3498,348,5月9日,Female
3499,349,5月9日,Female
3500,350,5月9日,Female
3501,351,5月9日,Female
3502,352,5月9日,Female
3503,353,5月9日,Female
3504,354,5月9日,Female
3505,355,5月9日,Female
3506,356,5月9日,Female
3507,357,5月9日,Female
3508,358,5月9日,Female
3509,359,5月9日,Female
3510,360,5月9日,Female
3511,361,5月9日,Female
3512,362,5月9日,Female
3513,363,5月9日,Female
3514,364,5月9日,Female
3515,365,5月9日,Female
3516,366,5月9日,Female
3517,367,5月9日,Female
3518,368,5月9日,Female
3519,369,5月9日,Female
3520,370,5月9日,Female
3521,371,5月9日,Female
3522,372,5月9日,Female
3523,373,5月9日,Female
3524,374,5月9日,Female
3525,375,5月9日,Female
3526,376,5月9日,Female
3527,377,5月9日,Female
3528,378,5月9日,Female
3529,379,5月9日,Female
3530,380,5月9日,Female
3531,381,5月9日,Female
3532,382,5月9日,Female
3533,383,5月9日,Female
3534,384,5月9日,Female
3535,385,5月9日,Female
3536,386,5月9日,Female
3537,387,5月9日,Female
3538,388,5月9日,Female
3539,389,5月9日,Female
3540,390,5月9日,Female
3541,391,5月9日,Female
3542,392,5月9日,Female
3543,393,5月9日,Female
3544,394,5月9日,Female
3545,395,5月9日,Female
3546,396,5月9日,Female
3547,397,5月9日,Female
3548,398,5月9日,Female
3549,399,5月9日,Female
3550,400,5月9日,Female
3551,401,5月9日,Female
3552,402,5月9日,Female
3553,403,5月9日,Female
3554,404,5月9日,Female
3555,405,5月9日,Female
3556,406,5月9日,Female
3557,407,5月9日,Female
3558,408,5月9日,Female
3559,409,5月9日,Female
3560,410,5月9日,Female
3561,411,5月9日,Female
3562,412,5月9日,Female
3563,413,5月9日,Female
3564,414,5月9日,Female
3565,415,5月9日,Female
3566,416,5月9日,Female
3567,417,5月9日,Female
3568,418,5月9日,Female
3569,419,5月9日,Female
3570,420,5月9日,Female
3571,421,5月9日,Female
3572,422,5月9日,Female
3573,423,5月9日,Female
3574,424,5月9日,Female
3575,425,5月9日,Female
3576,426,5月9日,Female
3577,427,5月9日,Female
3578,428,5月9日,Female
3579,429,5月9日,Female
3580,430,5月9日,Female
3581,431,5月9日,Female
3582,432,5月9日,Female
3583,433,5月9日,Female
3584,434,5月9日,Female
3585,435,5月9日,Female
3586,436,5月9日,Female
3587,437,5月9日,Female
3588,438,5月9日,Female
3589,439,5月9日,Female
3590,440,5月9日,Female
3591,441,5月9日,Female
3592,442,5月9日,Female
3593,443,5月9日,Female
3594,444,5月9日,Female
3595,445,5月9日,Female
3596,446,5月9日,Female
3597,447,5月9日,Female
3598,448,5月9日,Female
3599,449,5月9日,Female
3600,450,5月9日,Female
3601,451,5月9日,Female
3602,452,5月9日,Female
3603,453,5月9日,Female
3604,454,5月9日,Female
3605,455,5月9日,Female
3606,456,5月9日,Female
3607,457,5月9日,Female
3608,458,5月9日,Female
3609,459,5月9日,Female
3610,460,5月9日,Female
3611,461,5月9日,Female
3612,462,5月9日,Female
3613,463,5月9日,Female
3614,464,5月9日,Female
3615,465,5月9日,Female
3616,466,5月9日,Female
3617,467,5月9日,Female
3618,468,5月9日,Female
3619,469,5月9日,Female
3620,470,5月9日,Female
3621,471,5月9日,Female
3622,472,5月9日,Female
3623,473,5月9日,Female
3624,474,5月9日,Female
3625,475,5月9日,Female
3626,476,5月9日,Female
3627,477,5月9日,Female
3628,478,5月9日,Female
3629,479,5月9日,Female
3630,480,5月9日,Female
3631,481,5月9日,Female
3632,482,5月9日,Female
3633,483,5月9日,Female
3634,484,5月9日,Female
3635,485,5月9日,Female
3636,486,5月9日,Female
3637,487,5月9日,Female
3638,488,5月9日,Female
3639,489,5月9日,Female
3640,490,5月9日,Female
3641,491,5月9日,Female
3642,492,5月9日,Female
3643,493,5月9日,Female
3644,494,5月9日,Female
3645,495,5月9日,Female
3646,496,5月9日,Female
3647,497,5月9日,Female
3648,498,5月9日,Female
3649,499,5月9日,Female
3650,500,5月9日,Female
3651,501,5月9日,Female
3652,502,5月9日,Female
3653,503,5月9日,Female
3654,504,5月9日,Female
3655,505,5月9日,Female
3656,506,5月9日,Female
3657,507,5月9日,Female
3658,508,5月9日,Female
3659,509,5月9日,Female
3660,510,5月9日,Female
3661,511,5月9日,Female
3662,512,5月9日,Female
3663,513,5月9日,Female
3664,514,5月9日,Female
3665,515,5月9日,Female
3666,516,5月9日,Female
3667,517,5月9日,Female
3668,518,5月9日,Female
3669,519,5月9日,Female
3670,520,5月9日,Female
3671,521,5月9日,Female
3672,522,5月9日,Female
3673,523,5月9日,Female
3674,524,5月9日,Female
3675,525,5月9日,Female
3676,526,5月9日,Female
3677,527,5月9日,Female
3678,528,5月9日,Female
3679,529,5月9日,Female
3680,530,5月9日,Female
3681,531,5月9日,Female
3682,532,5月9日,Female
3683,533,5月9日,Female
3684,534,5月9日,Female
3685,535,5月9日,Female
3686,536,5月9日,Female
3687,537,5月9日,Female
3688,538,5月9日,Female
3689,539,5月9日,Female
3690,540,5月9日,Female
3691,541,5月9日,Female
3692,542,5月9日,Female
3693,543,5月9日,Female
3694,544,5月9日,Female
3695,545,5月9日,Female
3696,546,5月9日,Female
3697,547,5月9日,Female
3698,548,5月9日,Female
3699,549,5月9日,Female
3700,550,5月9日,Female
3701,551,5月9日,Female
3702,552,5月9日,Female
3703,553,5月9日,Female
3704,554,5月9日,Female
3705,555,5月9日,Female
3706,556,5月9日,Female
3707,557,5月9日,Female
3708,558,5月9日,Female
3709,559,5月9日,Female
3710,560,5月9日,Female
3711,561,5月9日,Female
3712,562,5月9日,Female
3713,563,5月9日,Female
3714,564,5月9日,Female
3715,565,5月9日,Female
3716,566,5月9日,Female
3717,567,5月9日,Female
3718,568,5月9日,Female
3719,569,5月9日,Female
3720,570,5月9日,Female
3721,571,5月9日,Female
3722,572,5月9日,Female
3723,573,5月9日,Female
3724,574,5月9日,Female
3725,575,5月9日,Female
3726,576,5月9日,Female
3727,577,5月9日,Female
3728,578,5月9日,Female
3729,579,5月9日,Female
3730,580,5月9日,Female
3731,581,5月9日,Female
3732,582,5月9日,Female
3733,583,5月9日,Female
3734,584,5月9日,Female
3735,585,5月9日,Female
3736,586,5月9日,Female
3737,587,5月9日,Female
3738,588,5月9日,Female
3739,589,5月9日,Female
3740,590,5月9日,Female
3741,591,5月9日,Female
3742,592,5月9日,Female
3743,593,5月9日,Female
3744,594,5月9日,Female
3745,595,5月9日,Female
3746,596,5月9日,Female
3747,597,5月9日,Female
3748,598,5月9日,Female
3749,599,5月9日,Female
3750,600,5月9日,Female
3751,601,5月9日,Female
3752,602,5月9日,Female
3753,603,5月9日,Female
3754,604,5月9日,Female
3755,605,5月9日,Female
3756,606,5月9日,Female
3757,607,5月9日,Female
3758,608,5月9日,Female
3759,609,5月9日,Female
3760,610,5月9日,Female
3761,611,5月9日,Female
3762,612,5月9日,Female
3763,613,5月9日,Female
3764,614,5月9日,Female
3765,615,5月9日,Female
3766,616,5月9日,Female
3767,617,5月9日,Female
3768,618,5月9日,Female
3769,619,5月9日,Female
3770,620,5月9日,Female
3771,621,5月9日,Female
3772,622,5月9日,Female
3773,623,5月9日,Female
3774,624,5月9日,Female
3775,625,5月9日,Female
3776,626,5月9日,Female
3777,627,5月9日,Female
3778,628,5月9日,Female
3779,629,5月9日,Female
3780,630,5月9日,Female
3781,631,5月9日,Female
3782,632,5月9日,Female
3783,633,5月9日,Female
3784,634,5月9日,Female
3785,635,5月9日,Female
3786,636,5月9日,Female
3787,637,5月9日,Female
3788,638,5月9日,Female
3789,639,5月9日,Female
3790,640,5月9日,Female
3791,641,5月9日,Female
3792,642,5月9日,Female
3793,643,5月9日,Female
3794,644,5月9日,Female
3795,645,5月9日,Female
3796,646,5月9日,Female
3797,647,5月9日,Female
3798,648,5月9日,Female
3799,649,5月9日,Female
3800,650,5月9日,Female
3801,651,5月9日,Female
3802,652,5月9日,Female
3803,653,5月9日,Female
3804,654,5月9日,Female
3805,655,5月9日,Female
3806,656,5月9日,Female
3807,657,5月9日,Female
3808,658,5月9日,Female
3809,659,5月9日,Female
3810,660,5月9日,Female
3811,661,5月9日,Female
3812,662,5月9日,Female
3813,663,5月9日,Female
3814,664,5月9日,Female
3815,665,5月9日,Female
3816,666,5月9日,Female
3817,667,5月9日,Female
3818,668,5月9日,Female
3819,669,5月9日,Female
3820,670,5月9日,Female
3821,671,5月9日,Female
3822,672,5月9日,Female
3823,673,5月9日,Female
3824,674,5月9日,Female
3825,675,5月9日,Female
3826,676,5月9日,Female
3827,677,5月9日,Female
3828,678,5月9日,Female
3829,679,5月9日,Female
3830,680,5月9日,Female
3831,681,5月9日,Female
3832,682,5月9日,Female
3833,683,5月9日,Female
3834,684,5月9日,Female
3835,685,5月9日,Female
3836,686,5月9日,Female
3837,687,5月9日,Female
3838,688,5月9日,Female
3839,689,5月9日,Female
3840,690,5月9日,Female
3841,691,5月9日,Female
3842,692,5月9日,Female
3843,693,5月9日,Female
3844,694,5月9日,Female
3845,695,5月9日,Female
3846,696,5月9日,Female
3847,697,5月9日,Female
3848,698,5月9日,Female
3849,699,5月9日,Female
3850,700,5月9日,Female
3851,701,5月9日,Female
3852,702,5月9日,Female
3853,703,5月9日,Female
3854,704,5月9日,Female
3855,705,5月9日,Female
3856,706,5月9日,Female
3857,707,5月9日,Female
3858,708,5月9日,Female
3859,709,5月9日,Female
3860,710,5月9日,Female
3861,711,5月9日,Female
3862,712,5月9日,Female
3863,713,5月9日,Female
3864,714,5月9日,Female
3865,715,5月9日,Female
3866,716,5月9日,Female
3867,717,5月9日,Female
3868,718,5月9日,Female
3869,719,5月9日,Female
3870,720,5月9日,Female
3871,721,5月9日,Female
3872,722,5月9日,Female
3873,723,5月9日,Female
3874,724,5月9日,Female
3875,725,5月9日,Female
3876,726,5月9日,Female
3877,727,5月9日,Female
3878,728,5月9日,Female
3879,729,5月9日,Female
3880,730,5月9日,Female
3881,731,5月9日,Female
3882,732,5月9日,Female
3883,733,5月9日,Female
3884,734,5月9日,Female
3885,735,5月9日,Female
3886,736,5月9日,Female
3887,737,5月9日,Female
3888,738,5月9日,Female
3889,739,5月9日,Female
3890,740,5月9日,Female
3891,741,5月9日,Female
3892,742,5月9日,Female
3893,743,5月9日,Female
3894,744,5月9日,Female
3895,745,5月9日,Female
3896,746,5月9日,Female
3897,747,5月9日,Female
3898,748,5月9日,Female
3899,749,5月9日,Female
3900,750,5月9日,Female
3901,751,5月9日,Female
3902,752,5月9日,Female
3903,753,5月9日,Female
3904,754,5月9日,Female
3905,755,5月9日,Female
3906,756,5月9日,Female
3907,757,5月9日,Female
3908,758,5月9日,Female
3909,759,5月9日,Female
3910,760,5月9日,Female
3911,761,5月9日,Female
3912,762,5月9日,Female
3913,763,5月9日,Female
3914,764,5月9日,Female
3915,765,5月9日,Female
3916,766,5月9日,Female
3917,767,5月9日,Female
3918,768,5月9日,Female
3919,769,5月9日,Female
3920,770,5月9日,Female
3921,771,5月9日,Female
3922,772,5月9日,Female
3923,773,5月9日,Female
3924,774,5月9日,Female
3925,775,5月9日,Female
3926,776,5月9日,Female
3927,777,5月9日,Female
3928,778,5月9日,Female
3929,779,5月9日,Female
3930,780,5月9日,Female
3931,781,5月9日,Female
3932,782,5月9日,Female
3933,783,5月9日,Female
3934,784,5月9日,Female
3935,785,5月9日,Female
3936,786,5月9日,Female
3937,787,5月9日,Female
3938,788,5月9日,Female
3939,789,5月9日,Female
3940,790,5月9日,Female
3941,791,5月9日,Female
3942,792,5月9日,Female
3943,793,5月9日,Female
3944,794,5月9日,Female
3945,795,5月9日,Female
3946,796,5月9日,Female
3947,797,5月9日,Female
3948,798,5月9日,Female
3949,799,5月9日,Female
3950,800,5月9日,Female
3951,801,5月9日,Female
3952,802,5月9日,Female
3953,803,5月9日,Female
3954,804,5月9日,Female
3955,805,5月9日,Female
3956,806,5月9日,Female
3957,807,5月9日,Female
3958,808,5月9日,Female
3959,809,5月9日,Female
3960,810,5月9日,Female
3961,811,5月9日,Female
3962,812,5月9日,Female
3963,813,5月9日,Female
3964,814,5月9日,Female
3965,815,5月9日,Female
3966,816,5月9日,Female
3967,817,5月9日,Female
3968,818,5月9日,Female
3969,819,5月9日,Female
3970,820,5月9日,Female
3971,821,5月9日,Female
3972,822,5月9日,Female
3973,823,5月9日,Female
3974,824,5月9日,Female
3975,825,5月9日,Female
3976,826,5月9日,Female
3977,827,5月9日,Female
3978,828,5月9日,Female
3979,829,5月9日,Female
3980,830,5月9日,Female
3981,831,5月9日,Female
3982,832,5月9日,Female
3983,833,5月9日,Female
3984,834,5月9日,Female
3985,835,5月9日,Female
3986,836,5月9日,Female
3987,837,5月9日,Female
3988,838,5月9日,Female
3989,839,5月9日,Female
3990,840,5月9日,Female
3991,841,5月9日,Female
3992,842,5月9日,Female
3993,843,5月9日,Female
3994,844,5月9日,Female
3995,845,5月9日,Female
3996,846,5月9日,Female
3997,847,5月9日,Female
3998,848,5月9日,Female
3999,849,5月9日,Female
4000,850,5月9日,Female
4001,851,5月9日,Female
4002,852,5月9日,Female
4003,853,5月9日,Female
4004,854,5月9日,Female
4005,855,5月9日,Female
4006,856,5月9日,Female
4007,857,5月9日,Female
4008,858,5月9日,Female
4009,859,5月9日,Female
4010,860,5月9日,Female
4011,861,5月9日,Female
4012,862,5月9日,Female
4013,863,5月9日,Female
4014,864,5月9日,Female
4015,865,5月9日,Female
4016,866,5月9日,Female
4017,867,5月9日,Female
4018,868,5月9日,Female
4019,869,5月9日,Female
4020,870,5月9日,Female
4021,871,5月9日,Female
4022,872,5月9日,Female
4023,873,5月9日,Female
4024,874,5月9日,Female
4025,875,5月9日,Female
4026,876,5月9日,Female
4027,877,5月9日,Female
4028,878,5月9日,Female
4029,879,5月9日,Female
4030,880,5月9日,Female
4031,881,5月9日,Female
4032,882,5月9日,Female
4033,883,5月9日,Female
4034,884,5月9日,Female
4035,885,5月9日,Female
4036,886,5月9日,Female
4037,887,5月9日,Female
4038,888,5月9日,Female
4039,889,5月9日,Female
4040,890,5月9日,Female
4041,891,5月9日,Female
4042,892,5月9日,Female
4043,893,5月9日,Female
4044,894,5月9日,Female
4045,895,5月9日,Female
4046,896,5月9日,Female
4047,897,5月9日,Female
4048,898,5月9日,Female
4049,899,5月9日,Female
4050,900,5月9日,Female
4051,901,5月9日,Female
4052,902,5月9日,Female
4053,903,5月9日,Female
4054,904,5月9日,Female
4055,905,5月9日,Female
4056,906,5月9日,Female
4057,907,5月9日,Female
4058,908,5月9日,Female
4059,909,5月9日,Female
4060,910,5月9日,Female
4061,911,5月9日,Female
4062,912,5月9日,Female
4063,913,5月9日,Female
4064,914,5月9日,Female
4065,915,5月9日,Female
4066,916,5月9日,Female
4067,917,5月9日,Female
4068,918,5月9日,Female
4069,919,5月9日,Female
4070,920,5月9日,Female
4071,921,5月9日,Female
4072,922,5月9日,Female
4073,923,5月9日,Female
4074,924,5月9日,Female
4075,925,5月9日,Female
4076,926,5月9日,Female
4077,927,5月9日,Female
4078,928,5月9日,Female
4079,929,5月9日,Female
4080,930,5月9日,Female
4081,931,5月9日,Female
4082,932,5月9日,Female
4083,933,5月9日,Female
4084,934,5月9日,Female
4085,935,5月9日,Female
4086,936,5月9日,Female
4087,937,5月9日,Female
4088,938,5月9日,Female
4089,939,5月9日,Female
4090,940,5月9日,Female
4091,941,5月9日,Female
4092,942,5月9日,Female
4093,943,5月9日,Female
4094,944,5月9日,Female
4095,945,5月9日,Female
4096,946,5月9日,Female
4097,947,5月9日,Female
4098,948,5月9日,Female
4099,949,5月9日,Female
4100,950,5月9日,Female
4101,951,5月9日,Female
4102,952,5月9日,Female
4103,953,5月9日,Female
4104,954,5月9日,Female
4105,955,5月9日,Female
4106,956,5月9日,Female
4107,957,5月9日,Female
4108,958,5月9日,Female
4109,959,5月9日,Female
4110,960,5月9日,Female
4111,961,5月9日,Female
4112,962,5月9日,Female
4113,963,5月9日,Female
4114,964,5月9日,Female
4115,965,5月9日,Female
4116,966,5月9日,Female
4117,967,5月9日,Female
4118,968,5月9日,Female
4119,969,5月9日,Female
4120,970,5月9日,Female
4121,971,5月9日,Female
4122,972,5月9日,Female
4123,973,5月9日,Female
4124,974,5月9日,Female
4125,975,5月9日,Female
4126,976,5月9日,Female
4127,977,5月9日,Female
4128,978,5月9日,Female
4129,979,5月9日,Female
4130,980,5月9日,Female
4131,981,5月9日,Female
4132,982,5月9日,Female
4133,983,5月9日,Female
4134,984,5月9日,Female
4135,985,5月9日,Female
4136,986,5月9日,Female
4137,987,5月9日,Female
4138,988,5月9日,Female
4139,989,5月9日,Female
4140,990,5月9日,Female
4141,991,5月9日,Female
4142,992,5月9日,Female
4143,993,5月9日,Female
4144,994,5月9日,Female
4145,995,5月9日,Female
4146,996,5月9日,Female
4147,997,5月9日,Female
4148,998,5月9日,Female
4149,999,5月9日,Female
4150,1000,5月9日,Female
4151,1001,5月9日,Female
4152,1002,5月9日,Female
4153,1003,5月9日,Female
4154,1004,5月9日,Female
4155,1005,5月9日,Female
4156,1006,5月9日,Female
4157,1007,5月9日,Female
4158,1008,5月9日,Female
4159,1009,5月9日,Female
4160,1010,5月9日,Female
4161,1011,5月9日,Female
4162,1012,5月9日,Female
4163,1013,5月9日,Female
4164,1014,5月9日,Female
4165,1015,5月9日,Female
4166,1016,5月9日,Female
4167,1017,5月9日,Female
4168,1018,5月9日,Female
4169,1019,5月9日,Female
4170,1020,5月9日,Female
4171,1021,5月9日,Female
4172,1022,5月9日,Female
4173,1023,5月9日,Female
4174,1024,5月9日,Female
4175,1025,5月9日,Female
4176,1026,5月9日,Female
4177,1027,5月9日,Female
4178,1028,5月9日,Female
4179,1029,5月9日,Female
4180,1030,5月9日,Female
4181,1031,5月9日,Female
4182,1032,5月9日,Female
4183,1033,5月9日,Female
4184,1034,5月9日,Female
4185,1035,5月9日,Female
4186,1036,5月9日,Female
4187,1037,5月9日,Female
4188,1038,5月9日,Female
4189,1039,5月9日,Female
4190,1040,5月9日,Female
4191,1041,5月9日,Female
4192,1042,5月9日,Female
4193,1043,5月9日,Female
4194,1044,5月9日,Female
4195,1045,5月9日,Female
4196,1046,5月9日,Female
4197,1047,5月9日,Female
4198,1048,5月9日,Female
4199,1049,5月9日,Female
4200,1050,5月9日,Female
4201,1051,5月9日,Female
4202,1052,5月9日,Female
4203,1053,5月9日,Female
4204,1054,5月9日,Female
4205,1055,5月9日,Female
4206,1056,5月9日,Female
4207,1057,5月9日,Female
4208,1058,5月9日,Female
4209,1059,5月9日,Female
4210,1060,5月9日,Female
4211,1061,5月9日,Female
4212,1062,5月9日,Female
4213,1063,5月9日,Female
4214,1064,5月9日,Female
4215,1065,5月9日,Female
4216,1066,5月9日,Female
4217,1067,5月9日,Female
4218,1068,5月9日,Female
4219,1069,5月9日,Female
4220,1070,5月9日,Female
4221,1071,5月9日,Female
4222,1072,5月9日,Female
4223,1073,5月9日,Female
4224,1074,5月9日,Female
4225,1075,5月9日,Female
4226,1076,5月9日,Female
4227,1077,5月9日,Female
4228,1078,5月9日,Female
4229,1079,5月9日,Female
4230,1080,5月9日,Female
4231,1081,5月9日,Female
4232,1082,5月9日,Female
4233,1083,5月9日,Female
4234,1084,5月9日,Female
4235,1085,5月9日,Female
4236,1086,5月9日,Female
4237,1087,5月9日,Female
4238,1088,5月9日,Female
4239,1089,5月9日,Female
4240,1090,5月9日,Female
4241,1091,5月9日,Female
4242,1092,5月9日,Female
4243,1093,5月9日,Female
4244,1094,5月9日,Female
4245,1095,5月9日,Female
4246,1096,5月9日,Female
4247,1097,5月9日,Female
4248,1098,5月9日,Female
4249,1099,5月9日,Female
4250,1100,5月9日,Female
4251,1101,5月9日,Female
4252,1102,5月9日,Female
4253,1103,5月9日,Female
4254,1104,5月9日,Female
4255,1105,5月9日,Female
4256,1106,5月9日,Female
4257,1107,5月9日,Female
4258,1108,5月9日,Female
4259,1109,5月9日,Female
4260,1110,5月9日,Female
4261,1111,5月9日,Female
4262,1112,5月9日,Female
4263,1113,5月9日,Female
4264,1114,5月9日,Female
4265,1115,5月9日,Female
4266,1116,5月9日,Female
4267,1117,5月9日,Female
4268,1118,5月9日,Female
4269,1119,5月9日,Female
4270,1120,5月9日,Female
4271,1121,5月9日,Female
4272,1122,5月9日,Female
4273,1123,5月9日,Female
4274,1124,5月9日,Female
4275,1125,5月9日,Female
4276,1126,5月9日,Female
4277,1127,5月9日,Female
4278,1128,5月9日,Female
4279,1129,5月9日,Female
4280,1130,5月9日,Female
4281,1131,5月9日,Female
4282,1132,5月9日,Female
4283,1133,5月9日,Female
4284,1134,5月9日,Female
4285,1135,5月9日,Female
4286,1136,5月9日,Female
4287,1137,5月9日,Female
4288,1138,5月9日,Female
4289,1139,5月9日,Female
4290,1140,5月9日,Female
4291,1141,5月9日,Female
4292,1142,5月9日,Female
4293,1143,5月9日,Female
4294,1144,5月9日,Female
4295,1145,5月9日,Female
4296,1146,5月9日,Female
4297,1147,5月9日,Female
4298,1148,5月9日,Female
4299,1149,5月9日,Female
4300,1150,5月9日,Female
4301,1,10月14日,Male
4302,2,10月14日,Male
4303,3,10月14日,Male
4304,4,10月14日,Male
4305,5,10月14日,Male
4306,6,10月14日,Male
4307,7,10月14日,Male
4308,8,10月14日,Male
4309,9,10月14日,Male
4310,10,10月14日,Male
4311,11,10月14日,Male
4312,12,10月14日,Male
4313,13,10月14日,Male
4314,14,10月14日,Male
4315,15,10月14日,Male
4316,16,10月14日,Male
4317,17,10月14日,Male
4318,18,10月14日,Male
4319,19,10月14日,Male
4320,20,10月14日,Male
4321,21,10月14日,Male
4322,22,10月14日,Male
4323,23,10月14日,Male
4324,24,10月14日,Male
4325,25,10月14日,Male
4326,26,10月14日,Male
4327,27,10月14日,Male
4328,28,10月14日,Male
4329,29,10月14日,Male
4330,30,10月14日,Male
4331,31,10月14日,Male
4332,32,10月14日,Male
4333,33,10月14日,Male
4334,34,10月14日,Male
4335,35,10月14日,Male
4336,36,10月14日,Male
4337,37,10月14日,Male
4338,38,10月14日,Male
4339,39,10月14日,Male
4340,40,10月14日,Male
4341,41,10月14日,Male
4342,42,10月14日,Male
4343,43,10月14日,Male
4344,44,10月14日,Male
4345,45,10月14日,Male
4346,46,10月14日,Male
4347,47,10月14日,Male
4348,48,10月14日,Male
4349,49,10月14日,Male
4350,50,10月14日,Male
4351,51,10月14日,Male
4352,52,10月14日,Male
4353,53,10月14日,Male
4354,54,10月14日,Male
4355,55,10月14日,Male
4356,56,10月14日,Male
4357,57,10月14日,Male
4358,58,10月14日,Male
4359,59,10月14日,Male
4360,60,10月14日,Male
4361,61,10月14日,Male
4362,62,10月14日,Male
4363,63,10月14日,Male
4364,64,10月14日,Male
4365,65,10月14日,Male
4366,66,10月14日,Male
4367,67,10月14日,Male
4368,68,10月14日,Male
4369,69,10月14日,Male
4370,70,10月14日,Male
4371,71,10月14日,Male
4372,72,10月14日,Male
4373,73,10月14日,Male
4374,74,10月14日,Male
4375,75,10月14日,Male
4376,76,10月14日,Male
4377,77,10月14日,Male
4378,78,10月14日,Male
4379,79,10月14日,Male
4380,80,10月14日,Male
4381,81,10月14日,Male
4382,82,10月14日,Male
4383,83,10月14日,Male
4384,84,10月14日,Male
4385,85,10月14日,Male
4386,86,10月14日,Male
4387,87,10月14日,Male
4388,88,10月14日,Male
4389,89,10月14日,Male
4390,90,10月14日,Male
4391,91,10月14日,Male
4392,92,10月14日,Male
4393,93,10月14日,Male
4394,94,10月14日,Male
4395,95,10月14日,Male
4396,96,10月14日,Male
4397,97,10月14日,Male
4398,98,10月14日,Male
4399,99,10月14日,Male
4400,100,10月14日,Male
4401,101,10月14日,Male
4402,102,10月14日,Male
4403,103,10月14日,Male
4404,104,10月14日,Male
4405,105,10月14日,Male
4406,106,10月14日,Male
4407,107,10月14日,Male
4408,108,10月14日,Male
4409,109,10月14日,Male
4410,110,10月14日,Male
4411,111,10月14日,Male
4412,112,10月14日,Male
4413,113,10月14日,Male
4414,114,10月14日,Male
4415,115,10月14日,Male
4416,116,10月14日,Male
4417,117,10月14日,Male
4418,118,10月14日,Male
4419,119,10月14日,Male
4420,120,10月14日,Male
4421,121,10月14日,Male
4422,122,10月14日,Male
4423,123,10月14日,Male
4424,124,10月14日,Male
4425,125,10月14日,Male
4426,126,10月14日,Male
4427,127,10月14日,Male
4428,128,10月14日,Male
4429,129,10月14日,Male
4430,130,10月14日,Male
4431,131,10月14日,Male
4432,132,10月14日,Male
4433,133,10月14日,Male
4434,134,10月14日,Male
4435,135,10月14日,Male
4436,136,10月14日,Male
4437,137,10月14日,Male
4438,138,10月14日,Male
4439,139,10月14日,Male
4440,140,10月14日,Male
4441,141,10月14日,Male
4442,142,10月14日,Male
4443,143,10月14日,Male
4444,144,10月14日,Male
4445,145,10月14日,Male
4446,146,10月14日,Male
4447,147,10月14日,Male
4448,148,10月14日,Male
4449,149,10月14日,Male
4450,150,10月14日,Male
4451,151,10月14日,Male
4452,152,10月14日,Male
4453,153,10月14日,Male
4454,154,10月14日,Male
4455,155,10月14日,Male
4456,156,10月14日,Male
4457,157,10月14日,Male
4458,158,10月14日,Male
4459,159,10月14日,Male
4460,160,10月14日,Male
4461,161,10月14日,Male
4462,162,10月14日,Male
4463,163,10月14日,Male
4464,164,10月14日,Male
4465,165,10月14日,Male
4466,166,10月14日,Male
4467,167,10月14日,Male
4468,168,10月14日,Male
4469,169,10月14日,Male
4470,170,10月14日,Male
4471,171,10月14日,Male
4472,172,10月14日,Male
4473,173,10月14日,Male
4474,174,10月14日,Male
4475,175,10月14日,Male
4476,176,10月14日,Male
4477,177,10月14日,Male
4478,178,10月14日,Male
4479,179,10月14日,Male
4480,180,10月14日,Male
4481,181,10月14日,Male
4482,182,10月14日,Male
4483,183,10月14日,Male
4484,184,10月14日,Male
4485,185,10月14日,Male
4486,186,10月14日,Male
4487,187,10月14日,Male
4488,188,10月14日,Male
4489,189,10月14日,Male
4490,190,10月14日,Male
4491,191,10月14日,Male
4492,192,10月14日,Male
4493,193,10月14日,Male
4494,194,10月14日,Male
4495,195,10月14日,Male
4496,196,10月14日,Male
4497,197,10月14日,Male
4498,198,10月14日,Male
4499,199,10月14日,Male
4500,200,10月14日,Male
4501,201,10月14日,Male
4502,202,10月14日,Male
4503,203,10月14日,Male
4504,204,10月14日,Male
4505,205,10月14日,Male
4506,206,10月14日,Male
4507,207,10月14日,Male
4508,208,10月14日,Male
4509,209,10月14日,Male
4510,210,10月14日,Male
4511,211,10月14日,Male
4512,212,10月14日,Male
4513,213,10月14日,Male
4514,214,10月14日,Male
4515,215,10月14日,Male
4516,216,10月14日,Male
4517,217,10月14日,Male
4518,218,10月14日,Male
4519,219,10月14日,Male
4520,220,10月14日,Male
4521,221,10月14日,Male
4522,222,10月14日,Male
4523,223,10月14日,Male
4524,224,10月14日,Male
4525,225,10月14日,Male
4526,226,10月14日,Male
4527,227,10月14日,Male
4528,228,10月14日,Male
4529,229,10月14日,Male
4530,230,10月14日,Male
4531,231,10月14日,Male
4532,232,10月14日,Male
4533,233,10月14日,Male
4534,234,10月14日,Male
4535,235,10月14日,Male
4536,236,10月14日,Male
4537,237,10月14日,Male
4538,238,10月14日,Male
4539,239,10月14日,Male
4540,240,10月14日,Male
4541,241,10月14日,Male
4542,242,10月14日,Male
4543,243,10月14日,Male
4544,244,10月14日,Male
4545,245,10月14日,Male
4546,246,10月14日,Male
4547,247,10月14日,Male
4548,248,10月14日,Male
4549,249,10月14日,Male
4550,250,10月14日,Male
4551,251,10月14日,Male
4552,252,10月14日,Male
4553,253,10月14日,Male
4554,254,10月14日,Male
4555,255,10月14日,Male
4556,256,10月14日,Male
4557,257,10月14日,Male
4558,258,10月14日,Male
4559,259,10月14日,Male
4560,260,10月14日,Male
4561,261,10月14日,Male
4562,262,10月14日,Male
4563,263,10月14日,Male
4564,264,10月14日,Male
4565,265,10月14日,Male
4566,266,10月14日,Male
4567,267,10月14日,Male
4568,268,10月14日,Male
4569,269,10月14日,Male
4570,270,10月14日,Male
4571,271,10月14日,Male
4572,272,10月14日,Male
4573,273,10月14日,Male
4574,274,10月14日,Male
4575,275,10月14日,Male
4576,276,10月14日,Male
4577,277,10月14日,Male
4578,278,10月14日,Male
4579,279,10月14日,Male
4580,280,10月14日,Male
4581,281,10月14日,Male
4582,282,10月14日,Male
4583,283,10月14日,Male
4584,284,10月14日,Male
4585,285,10月14日,Male
4586,286,10月14日,Male
4587,287,10月14日,Male
4588,288,10月14日,Male
4589,289,10月14日,Male
4590,290,10月14日,Male
4591,291,10月14日,Male
4592,292,10月14日,Male
4593,293,10月14日,Male
4594,294,10月14日,Male
4595,295,10月14日,Male
4596,296,10月14日,Male
4597,297,10月14日,Male
4598,298,10月14日,Male
4599,299,10月14日,Male
4600,300,10月14日,Male
4601,301,10月14日,Male
4602,302,10月14日,Male
4603,303,10月14日,Male
4604,304,10月14日,Male
4605,305,10月14日,Male
4606,306,10月14日,Male
4607,307,10月14日,Male
4608,308,10月14日,Male
4609,309,10月14日,Male
4610,310,10月14日,Male
4611,311,10月14日,Male
4612,312,10月14日,Male
4613,313,10月14日,Male
4614,314,10月14日,Male
4615,315,10月14日,Male
4616,316,10月14日,Male
4617,317,10月14日,Male
4618,318,10月14日,Male
4619,319,10月14日,Male
4620,320,10月14日,Male
4621,321,10月14日,Male
4622,322,10月14日,Male
4623,323,10月14日,Male
4624,324,10月14日,Male
4625,325,10月14日,Male
4626,326,10月14日,Male
4627,327,10月14日,Male
4628,328,10月14日,Male
4629,329,10月14日,Male
4630,330,10月14日,Male
4631,331,10月14日,Male
4632,332,10月14日,Male
4633,333,10月14日,Male
4634,334,10月14日,Male
4635,335,10月14日,Male
4636,336,10月14日,Male
4637,337,10月14日,Male
4638,338,10月14日,Male
4639,339,10月14日,Male
4640,340,10月14日,Male
4641,341,10月14日,Male
4642,342,10月14日,Male
4643,343,10月14日,Male
4644,344,10月14日,Male
4645,345,10月14日,Male
4646,346,10月14日,Male
4647,347,10月14日,Male
4648,348,10月14日,Male
4649,349,10月14日,Male
4650,350,10月14日,Male
4651,351,10月14日,Male
4652,352,10月14日,Male
4653,353,10月14日,Male
4654,354,10月14日,Male
4655,355,10月14日,Male
4656,356,10月14日,Male
4657,357,10月14日,Male
4658,358,10月14日,Male
4659,359,10月14日,Male
4660,360,10月14日,Male
4661,361,10月14日,Male
4662,362,10月14日,Male
4663,363,10月14日,Male
4664,364,10月14日,Male
4665,365,10月14日,Male
4666,366,10月14日,Male
4667,367,10月14日,Male
4668,368,10月14日,Male
4669,369,10月14日,Male
4670,370,10月14日,Male
4671,371,10月14日,Male
4672,372,10月14日,Male
4673,373,10月14日,Male
4674,374,10月14日,Male
4675,375,10月14日,Male
4676,376,10月14日,Male
4677,377,10月14日,Male
4678,378,10月14日,Male
4679,379,10月14日,Male
4680,380,10月14日,Male
4681,381,10月14日,Male
4682,382,10月14日,Male
4683,383,10月14日,Male
4684,384,10月14日,Male
4685,385,10月14日,Male
4686,386,10月14日,Male
4687,387,10月14日,Male
4688,388,10月14日,Male
4689,389,10月14日,Male
4690,390,10月14日,Male
4691,391,10月14日,Male
4692,392,10月14日,Male
4693,393,10月14日,Male
4694,394,10月14日,Male
4695,395,10月14日,Male
4696,396,10月14日,Male
4697,397,10月14日,Male
4698,398,10月14日,Male
4699,399,10月14日,Male
4700,400,10月14日,Male
4701,401,10月14日,Male
4702,402,10月14日,Male
4703,403,10月14日,Male
4704,404,10月14日,Male
4705,405,10月14日,Male
4706,406,10月14日,Male
4707,407,10月14日,Male
4708,408,10月14日,Male
4709,409,10月14日,Male
4710,410,10月14日,Male
4711,411,10月14日,Male
4712,412,10月14日,Male
4713,413,10月14日,Male
4714,414,10月14日,Male
4715,415,10月14日,Male
4716,416,10月14日,Male
4717,417,10月14日,Male
4718,418,10月14日,Male
4719,419,10月14日,Male
4720,420,10月14日,Male
4721,421,10月14日,Male
4722,422,10月14日,Male
4723,423,10月14日,Male
4724,424,10月14日,Male
4725,425,10月14日,Male
4726,426,10月14日,Male
4727,427,10月14日,Male
4728,428,10月14日,Male
4729,429,10月14日,Male
4730,430,10月14日,Male
4731,431,10月14日,Male
4732,432,10月14日,Male
4733,433,10月14日,Male
4734,434,10月14日,Male
4735,435,10月14日,Male
4736,436,10月14日,Male
4737,437,10月14日,Male
4738,438,10月14日,Male
4739,439,10月14日,Male
4740,440,10月14日,Male
4741,441,10月14日,Male
4742,442,10月14日,Male
4743,443,10月14日,Male
4744,444,10月14日,Male
4745,445,10月14日,Male
4746,446,10月14日,Male
4747,447,10月14日,Male
4748,448,10月14日,Male
4749,449,10月14日,Male
4750,450,10月14日,Male
4751,451,10月14日,Male
4752,452,10月14日,Male
4753,453,10月14日,Male
4754,454,10月14日,Male
4755,455,10月14日,Male
4756,456,10月14日,Male
4757,457,10月14日,Male
4758,458,10月14日,Male
4759,459,10月14日,Male
4760,460,10月14日,Male
4761,461,10月14日,Male
4762,462,10月14日,Male
4763,463,10月14日,Male
4764,464,10月14日,Male
4765,465,10月14日,Male
4766,466,10月14日,Male
4767,467,10月14日,Male
4768,468,10月14日,Male
4769,469,10月14日,Male
4770,470,10月14日,Male
4771,471,10月14日,Male
4772,472,10月14日,Male
4773,473,10月14日,Male
4774,474,10月14日,Male
4775,475,10月14日,Male
4776,476,10月14日,Male
4777,477,10月14日,Male
4778,478,10月14日,Male
4779,479,10月14日,Male
4780,480,10月14日,Male
4781,481,10月14日,Male
4782,482,10月14日,Male
4783,483,10月14日,Male
4784,484,10月14日,Male
4785,485,10月14日,Male
4786,486,10月14日,Male
4787,487,10月14日,Male
4788,488,10月14日,Male
4789,489,10月14日,Male
4790,490,10月14日,Male
4791,491,10月14日,Male
4792,492,10月14日,Male
4793,493,10月14日,Male
4794,494,10月14日,Male
4795,495,10月14日,Male
4796,496,10月14日,Male
4797,497,10月14日,Male
4798,498,10月14日,Male
4799,499,10月14日,Male
4800,500,10月14日,Male
4801,501,10月14日,Male
4802,502,10月14日,Male
4803,503,10月14日,Male
4804,504,10月14日,Male
4805,505,10月14日,Male
4806,506,10月14日,Male
4807,507,10月14日,Male
4808,508,10月14日,Male
4809,509,10月14日,Male
4810,510,10月14日,Male
4811,511,10月14日,Male
4812,512,10月14日,Male
4813,513,10月14日,Male
4814,514,10月14日,Male
4815,515,10月14日,Male
4816,516,10月14日,Male
4817,517,10月14日,Male
4818,518,10月14日,Male
4819,519,10月14日,Male
4820,520,10月14日,Male
4821,521,10月14日,Male
4822,522,10月14日,Male
4823,523,10月14日,Male
4824,524,10月14日,Male
4825,525,10月14日,Male
4826,526,10月14日,Male
4827,527,10月14日,Male
4828,528,10月14日,Male
4829,529,10月14日,Male
4830,530,10月14日,Male
4831,531,10月14日,Male
4832,532,10月14日,Male
4833,533,10月14日,Male
4834,534,10月14日,Male
4835,535,10月14日,Male
4836,536,10月14日,Male
4837,537,10月14日,Male
4838,538,10月14日,Male
4839,539,10月14日,Male
4840,540,10月14日,Male
4841,541,10月14日,Male
4842,542,10月14日,Male
4843,543,10月14日,Male
4844,544,10月14日,Male
4845,545,10月14日,Male
4846,546,10月14日,Male
4847,547,10月14日,Male
4848,548,10月14日,Male
4849,549,10月14日,Male
4850,550,10月14日,Male
4851,551,10月14日,Male
4852,552,10月14日,Male
4853,553,10月14日,Male
4854,554,10月14日,Male
4855,555,10月14日,Male
4856,556,10月14日,Male
4857,557,10月14日,Male
4858,558,10月14日,Male
4859,559,10月14日,Male
4860,560,10月14日,Male
4861,561,10月14日,Male
4862,562,10月14日,Male
4863,563,10月14日,Male
4864,564,10月14日,Male
4865,565,10月14日,Male
4866,566,10月14日,Male
4867,567,10月14日,Male
4868,568,10月14日,Male
4869,569,10月14日,Male
4870,570,10月14日,Male
4871,571,10月14日,Male
4872,572,10月14日,Male
4873,573,10月14日,Male
4874,574,10月14日,Male
4875,575,10月14日,Male
4876,576,10月14日,Male
4877,577,10月14日,Male
4878,578,10月14日,Male
4879,579,10月14日,Male
4880,580,10月14日,Male
4881,581,10月14日,Male
4882,582,10月14日,Male
4883,583,10月14日,Male
4884,584,10月14日,Male
4885,585,10月14日,Male
4886,586,10月14日,Male
4887,587,10月14日,Male
4888,588,10月14日,Male
4889,589,10月14日,Male
4890,590,10月14日,Male
4891,591,10月14日,Male
4892,592,10月14日,Male
4893,593,10月14日,Male
4894,594,10月14日,Male
4895,595,10月14日,Male
4896,596,10月14日,Male
4897,597,10月14日,Male
4898,598,10月14日,Male
4899,599,10月14日,Male
4900,600,10月14日,Male
4901,601,10月14日,Male
4902,602,10月14日,Male
4903,603,10月14日,Male
4904,604,10月14日,Male
4905,605,10月14日,Male
4906,606,10月14日,Male
4907,607,10月14日,Male
4908,608,10月14日,Male
4909,609,10月14日,Male
4910,610,10月14日,Male
4911,611,10月14日,Male
4912,612,10月14日,Male
4913,613,10月14日,Male
4914,614,10月14日,Male
4915,615,10月14日,Male
4916,616,10月14日,Male
4917,617,10月14日,Male
4918,618,10月14日,Male
4919,619,10月14日,Male
4920,620,10月14日,Male
4921,621,10月14日,Male
4922,622,10月14日,Male
4923,623,10月14日,Male
4924,624,10月14日,Male
4925,625,10月14日,Male
4926,626,10月14日,Male
4927,627,10月14日,Male
4928,628,10月14日,Male
4929,629,10月14日,Male
4930,630,10月14日,Male
4931,631,10月14日,Male
4932,632,10月14日,Male
4933,633,10月14日,Male
4934,634,10月14日,Male
4935,635,10月14日,Male
4936,636,10月14日,Male
4937,637,10月14日,Male
4938,638,10月14日,Male
4939,639,10月14日,Male
4940,640,10月14日,Male
4941,641,10月14日,Male
4942,642,10月14日,Male
4943,643,10月14日,Male
4944,644,10月14日,Male
4945,645,10月14日,Male
4946,646,10月14日,Male
4947,647,10月14日,Male
4948,648,10月14日,Male
4949,649,10月14日,Male
4950,650,10月14日,Male
4951,651,10月14日,Male
4952,652,10月14日,Male
4953,653,10月14日,Male
4954,654,10月14日,Male
4955,655,10月14日,Male
4956,656,10月14日,Male
4957,657,10月14日,Male
4958,658,10月14日,Male
4959,659,10月14日,Male
4960,660,10月14日,Male
4961,661,10月14日,Male
4962,662,10月14日,Male
4963,663,10月14日,Male
4964,664,10月14日,Male
4965,665,10月14日,Male
4966,666,10月14日,Male
4967,667,10月14日,Male
4968,668,10月14日,Male
4969,669,10月14日,Male
4970,670,10月14日,Male
4971,671,10月14日,Male
4972,672,10月14日,Male
4973,673,10月14日,Male
4974,674,10月14日,Male
4975,675,10月14日,Male
4976,676,10月14日,Male
4977,677,10月14日,Male
4978,678,10月14日,Male
4979,679,10月14日,Male
4980,680,10月14日,Male
4981,681,10月14日,Male
4982,682,10月14日,Male
4983,683,10月14日,Male
4984,684,10月14日,Male
4985,685,10月14日,Male
4986,686,10月14日,Male
4987,687,10月14日,Male
4988,688,10月14日,Male
4989,689,10月14日,Male
4990,690,10月14日,Male
4991,691,10月14日,Male
4992,692,10月14日,Male
4993,693,10月14日,Male
4994,694,10月14日,Male
4995,695,10月14日,Male
4996,696,10月14日,Male
4997,697,10月14日,Male
4998,698,10月14日,Male
4999,699,10月14日,Male
5000,700,10月14日,Male
5001,701,10月14日,Male
5002,702,10月14日,Male
5003,703,10月14日,Male
5004,704,10月14日,Male
5005,705,10月14日,Male
5006,706,10月14日,Male
5007,707,10月14日,Male
5008,708,10月14日,Male
5009,709,10月14日,Male
5010,710,10月14日,Male
5011,711,10月14日,Male
5012,712,10月14日,Male
5013,713,10月14日,Male
5014,714,10月14日,Male
5015,715,10月14日,Male
5016,716,10月14日,Male
5017,717,10月14日,Male
5018,718,10月14日,Male
5019,719,10月14日,Male
5020,720,10月14日,Male
5021,721,10月14日,Male
5022,722,10月14日,Male
5023,723,10月14日,Male
5024,724,10月14日,Male
5025,725,10月14日,Male
5026,726,10月14日,Male
5027,727,10月14日,Male
5028,728,10月14日,Male
5029,729,10月14日,Male
5030,730,10月14日,Male
5031,731,10月14日,Male
5032,732,10月14日,Male
5033,733,10月14日,Male
5034,734,10月14日,Male
5035,735,10月14日,Male
5036,736,10月14日,Male
5037,737,10月14日,Male
5038,738,10月14日,Male
5039,739,10月14日,Male
5040,740,10月14日,Male
5041,741,10月14日,Male
5042,742,10月14日,Male
5043,743,10月14日,Male
5044,744,10月14日,Male
5045,745,10月14日,Male
5046,746,10月14日,Male
5047,747,10月14日,Male
5048,748,10月14日,Male
5049,749,10月14日,Male
5050,750,10月14日,Male
5051,751,10月14日,Male
5052,752,10月14日,Male
5053,753,10月14日,Male
5054,754,10月14日,Male
5055,755,10月14日,Male
5056,756,10月14日,Male
5057,757,10月14日,Male
5058,758,10月14日,Male
5059,759,10月14日,Male
5060,760,10月14日,Male
5061,761,10月14日,Male
5062,762,10月14日,Male
5063,763,10月14日,Male
5064,764,10月14日,Male
5065,765,10月14日,Male
5066,766,10月14日,Male
5067,767,10月14日,Male
5068,768,10月14日,Male
5069,769,10月14日,Male
5070,770,10月14日,Male
5071,771,10月14日,Male
5072,772,10月14日,Male
5073,773,10月14日,Male
5074,774,10月14日,Male
5075,775,10月14日,Male
5076,776,10月14日,Male
5077,777,10月14日,Male
5078,778,10月14日,Male
5079,779,10月14日,Male
5080,780,10月14日,Male
5081,781,10月14日,Male
5082,782,10月14日,Male
5083,783,10月14日,Male
5084,784,10月14日,Male
5085,785,10月14日,Male
5086,786,10月14日,Male
5087,787,10月14日,Male
5088,788,10月14日,Male
5089,789,10月14日,Male
5090,790,10月14日,Male
5091,791,10月14日,Male
5092,792,10月14日,Male
5093,793,10月14日,Male
5094,794,10月14日,Male
5095,795,10月14日,Male
5096,796,10月14日,Male
5097,797,10月14日,Male
5098,798,10月14日,Male
5099,799,10月14日,Male
5100,800,10月14日,Male
5101,801,10月14日,Male
5102,802,10月14日,Male
5103,803,10月14日,Male
5104,804,10月14日,Male
5105,805,10月14日,Male
5106,806,10月14日,Male
5107,807,10月14日,Male
5108,808,10月14日,Male
5109,809,10月14日,Male
5110,810,10月14日,Male
5111,811,10月14日,Male
5112,812,10月14日,Male
5113,813,10月14日,Male
5114,814,10月14日,Male
5115,815,10月14日,Male
5116,816,10月14日,Male
5117,817,10月14日,Male
5118,818,10月14日,Male
5119,819,10月14日,Male
5120,820,10月14日,Male
5121,821,10月14日,Male
5122,822,10月14日,Male
5123,823,10月14日,Male
5124,824,10月14日,Male
5125,825,10月14日,Male
5126,826,10月14日,Male
5127,827,10月14日,Male
5128,828,10月14日,Male
5129,829,10月14日,Male
5130,830,10月14日,Male
5131,831,10月14日,Male
5132,832,10月14日,Male
5133,833,10月14日,Male
5134,834,10月14日,Male
5135,835,10月14日,Male
5136,836,10月14日,Male
5137,837,10月14日,Male
5138,838,10月14日,Male
5139,839,10月14日,Male
5140,840,10月14日,Male
5141,841,10月14日,Male
5142,842,10月14日,Male
5143,843,10月14日,Male
5144,844,10月14日,Male
5145,845,10月14日,Male
5146,846,10月14日,Male
5147,847,10月14日,Male
5148,848,10月14日,Male
5149,849,10月14日,Male
5150,850,10月14日,Male
5151,851,10月14日,Male
5152,852,10月14日,Male
5153,853,10月14日,Male
5154,854,10月14日,Male
5155,855,10月14日,Male
5156,856,10月14日,Male
5157,857,10月14日,Male
5158,858,10月14日,Male
5159,859,10月14日,Male
5160,860,10月14日,Male
5161,861,10月14日,Male
5162,862,10月14日,Male
5163,863,10月14日,Male
5164,864,10月14日,Male
5165,865,10月14日,Male
5166,866,10月14日,Male
5167,867,10月14日,Male
5168,868,10月14日,Male
5169,869,10月14日,Male
5170,870,10月14日,Male
5171,871,10月14日,Male
5172,872,10月14日,Male
5173,873,10月14日,Male
5174,874,10月14日,Male
5175,875,10月14日,Male
5176,876,10月14日,Male
5177,877,10月14日,Male
5178,878,10月14日,Male
5179,879,10月14日,Male
5180,880,10月14日,Male
5181,881,10月14日,Male
5182,882,10月14日,Male
5183,883,10月14日,Male
5184,884,10月14日,Male
5185,885,10月14日,Male
5186,886,10月14日,Male
5187,887,10月14日,Male
5188,888,10月14日,Male
5189,889,10月14日,Male
5190,890,10月14日,Male
5191,891,10月14日,Male
5192,892,10月14日,Male
5193,893,10月14日,Male
5194,894,10月14日,Male
5195,895,10月14日,Male
5196,896,10月14日,Male
5197,897,10月14日,Male
5198,898,10月14日,Male
5199,899,10月14日,Male
5200,900,10月14日,Male
5201,901,10月14日,Male
5202,902,10月14日,Male
5203,903,10月14日,Male
5204,904,10月14日,Male
5205,905,10月14日,Male
5206,906,10月14日,Male
5207,907,10月14日,Male
5208,908,10月14日,Male
5209,909,10月14日,Male
5210,910,10月14日,Male
5211,911,10月14日,Male
5212,912,10月14日,Male
5213,913,10月14日,Male
5214,914,10月14日,Male
5215,915,10月14日,Male
5216,916,10月14日,Male
5217,917,10月14日,Male
5218,918,10月14日,Male
5219,919,10月14日,Male
5220,920,10月14日,Male
5221,921,10月14日,Male
5222,922,10月14日,Male
5223,923,10月14日,Male
5224,924,10月14日,Male
5225,925,10月14日,Male
5226,926,10月14日,Male
5227,927,10月14日,Male
5228,928,10月14日,Male
5229,929,10月14日,Male
5230,930,10月14日,Male
5231,931,10月14日,Male
5232,932,10月14日,Male
5233,933,10月14日,Male
5234,934,10月14日,Male
5235,935,10月14日,Male
5236,936,10月14日,Male
5237,937,10月14日,Male
5238,938,10月14日,Male
5239,939,10月14日,Male
5240,940,10月14日,Male
5241,941,10月14日,Male
5242,942,10月14日,Male
5243,943,10月14日,Male
5244,944,10月14日,Male
5245,945,10月14日,Male
5246,946,10月14日,Male
5247,947,10月14日,Male
5248,948,10月14日,Male
5249,949,10月14日,Male
5250,950,10月14日,Male
5251,951,10月14日,Male
5252,952,10月14日,Male
5253,953,10月14日,Male
5254,954,10月14日,Male
5255,955,10月14日,Male
5256,956,10月14日,Male
5257,957,10月14日,Male
5258,958,10月14日,Male
5259,959,10月14日,Male
5260,960,10月14日,Male
5261,961,10月14日,Male
5262,962,10月14日,Male
5263,963,10月14日,Male
5264,964,10月14日,Male
5265,965,10月14日,Male
5266,966,10月14日,Male
5267,967,10月14日,Male
5268,968,10月14日,Male
5269,969,10月14日,Male
5270,970,10月14日,Male
5271,971,10月14日,Male
5272,972,10月14日,Male
5273,973,10月14日,Male
5274,974,10月14日,Male
5275,975,10月14日,Male
5276,976,10月14日,Male
5277,977,10月14日,Male
5278,978,10月14日,Male
5279,979,10月14日,Male
5280,980,10月14日,Male
5281,981,10月14日,Male
5282,982,10月14日,Male
5283,983,10月14日,Male
5284,984,10月14日,Male
5285,985,10月14日,Male
5286,986,10月14日,Male
5287,987,10月14日,Male
5288,988,10月14日,Male
5289,989,10月14日,Male
5290,990,10月14日,Male
5291,991,10月14日,Male
5292,992,10月14日,Male
5293,993,10月14日,Male
5294,994,10月14日,Male
5295,995,10月14日,Male
5296,996,10月14日,Male
5297,997,10月14日,Male
5298,998,10月14日,Male
5299,999,10月14日,Male
5300,1000,10月14日,Male
5301,1001,10月14日,Male
5302,1002,10月14日,Male
5303,1003,10月14日,Male
5304,1004,10月14日,Male
5305,1005,10月14日,Male
5306,1006,10月14日,Male
5307,1007,10月14日,Male
5308,1008,10月14日,Male
5309,1009,10月14日,Male
5310,1010,10月14日,Male
5311,1011,10月14日,Male
5312,1012,10月14日,Male
5313,1013,10月14日,Male
5314,1014,10月14日,Male
5315,1015,10月14日,Male
5316,1016,10月14日,Male
5317,1017,10月14日,Male
5318,1018,10月14日,Male
5319,1019,10月14日,Male
5320,1020,10月14日,Male
5321,1021,10月14日,Male
5322,1022,10月14日,Male
5323,1023,10月14日,Male
5324,1024,10月14日,Male
5325,1025,10月14日,Male
5326,1026,10月14日,Male
5327,1027,10月14日,Male
5328,1028,10月14日,Male
5329,1029,10月14日,Male
5330,1030,10月14日,Male
5331,1031,10月14日,Male
5332,1032,10月14日,Male
5333,1033,10月14日,Male
5334,1034,10月14日,Male
5335,1035,10月14日,Male
5336,1036,10月14日,Male
5337,1037,10月14日,Male
5338,1038,10月14日,Male
5339,1039,10月14日,Male
5340,1040,10月14日,Male
5341,1041,10月14日,Male
5342,1042,10月14日,Male
5343,1043,10月14日,Male
5344,1044,10月14日,Male
5345,1045,10月14日,Male
5346,1046,10月14日,Male
5347,1047,10月14日,Male
5348,1048,10月14日,Male
5349,1049,10月14日,Male
5350,1050,10月14日,Male
5351,1051,10月14日,Male
5352,1052,10月14日,Male
5353,1053,10月14日,Male
5354,1054,10月14日,Male
5355,1055,10月14日,Male
5356,1056,10月14日,Male
5357,1057,10月14日,Male
5358,1058,10月14日,Male
5359,1059,10月14日,Male
5360,1060,10月14日,Male
5361,1061,10月14日,Male
5362,1062,10月14日,Male
5363,1063,10月14日,Male
5364,1064,10月14日,Male
5365,1065,10月14日,Male
5366,1066,10月14日,Male
5367,1067,10月14日,Male
5368,1068,10月14日,Male
5369,1069,10月14日,Male
5370,1070,10月14日,Male
5371,1071,10月14日,Male
5372,1072,10月14日,Male
5373,1073,10月14日,Male
5374,1074,10月14日,Male
5375,1075,10月14日,Male
5376,1076,10月14日,Male
5377,1077,10月14日,Male
5378,1078,10月14日,Male
5379,1079,10月14日,Male
5380,1080,10月14日,Male
5381,1081,10月14日,Male
5382,1082,10月14日,Male
5383,1083,10月14日,Male
5384,1084,10月14日,Male
5385,1085,10月14日,Male
5386,1086,10月14日,Male
5387,1087,10月14日,Male
5388,1088,10月14日,Male
5389,1089,10月14日,Male
5390,1090,10月14日,Male
5391,1091,10月14日,Male
5392,1092,10月14日,Male
5393,1093,10月14日,Male
5394,1094,10月14日,Male
5395,1095,10月14日,Male
5396,1096,10月14日,Male
5397,1097,10月14日,Male
5398,1098,10月14日,Male
5399,1099,10月14日,Male
5400,1100,10月14日,Male
5401,1,10月14日,Female
5402,2,10月14日,Female
5403,3,10月14日,Female
5404,4,10月14日,Female
5405,5,10月14日,Female
5406,6,10月14日,Female
5407,7,10月14日,Female
5408,8,10月14日,Female
5409,9,10月14日,Female
5410,10,10月14日,Female
5411,11,10月14日,Female
5412,12,10月14日,Female
5413,13,10月14日,Female
5414,14,10月14日,Female
5415,15,10月14日,Female
5416,16,10月14日,Female
5417,17,10月14日,Female
5418,18,10月14日,Female
5419,19,10月14日,Female
5420,20,10月14日,Female
5421,21,10月14日,Female
5422,22,10月14日,Female
5423,23,10月14日,Female
5424,24,10月14日,Female
5425,25,10月14日,Female
5426,26,10月14日,Female
5427,27,10月14日,Female
5428,28,10月14日,Female
5429,29,10月14日,Female
5430,30,10月14日,Female
5431,31,10月14日,Female
5432,32,10月14日,Female
5433,33,10月14日,Female
5434,34,10月14日,Female
5435,35,10月14日,Female
5436,36,10月14日,Female
5437,37,10月14日,Female
5438,38,10月14日,Female
5439,39,10月14日,Female
5440,40,10月14日,Female
5441,41,10月14日,Female
5442,42,10月14日,Female
5443,43,10月14日,Female
5444,44,10月14日,Female
5445,45,10月14日,Female
5446,46,10月14日,Female
5447,47,10月14日,Female
5448,48,10月14日,Female
5449,49,10月14日,Female
5450,50,10月14日,Female
5451,51,10月14日,Female
5452,52,10月14日,Female
5453,53,10月14日,Female
5454,54,10月14日,Female
5455,55,10月14日,Female
5456,56,10月14日,Female
5457,57,10月14日,Female
5458,58,10月14日,Female
5459,59,10月14日,Female
5460,60,10月14日,Female
5461,61,10月14日,Female
5462,62,10月14日,Female
5463,63,10月14日,Female
5464,64,10月14日,Female
5465,65,10月14日,Female
5466,66,10月14日,Female
5467,67,10月14日,Female
5468,68,10月14日,Female
5469,69,10月14日,Female
5470,70,10月14日,Female
5471,71,10月14日,Female
5472,72,10月14日,Female
5473,73,10月14日,Female
5474,74,10月14日,Female
5475,75,10月14日,Female
5476,76,10月14日,Female
5477,77,10月14日,Female
5478,78,10月14日,Female
5479,79,10月14日,Female
5480,80,10月14日,Female
5481,81,10月14日,Female
5482,82,10月14日,Female
5483,83,10月14日,Female
5484,84,10月14日,Female
5485,85,10月14日,Female
5486,86,10月14日,Female
5487,87,10月14日,Female
5488,88,10月14日,Female
5489,89,10月14日,Female
5490,90,10月14日,Female
5491,91,10月14日,Female
5492,92,10月14日,Female
5493,93,10月14日,Female
5494,94,10月14日,Female
5495,95,10月14日,Female
5496,96,10月14日,Female
5497,97,10月14日,Female
5498,98,10月14日,Female
5499,99,10月14日,Female
5500,100,10月14日,Female
5501,101,10月14日,Female
5502,102,10月14日,Female
5503,103,10月14日,Female
5504,104,10月14日,Female
5505,105,10月14日,Female
5506,106,10月14日,Female
5507,107,10月14日,Female
5508,108,10月14日,Female
5509,109,10月14日,Female
5510,110,10月14日,Female
5511,111,10月14日,Female
5512,112,10月14日,Female
5513,113,10月14日,Female
5514,114,10月14日,Female
5515,115,10月14日,Female
5516,116,10月14日,Female
5517,117,10月14日,Female
5518,118,10月14日,Female
5519,119,10月14日,Female
5520,120,10月14日,Female
5521,121,10月14日,Female
5522,122,10月14日,Female
5523,123,10月14日,Female
5524,124,10月14日,Female
5525,125,10月14日,Female
5526,126,10月14日,Female
5527,127,10月14日,Female
5528,128,10月14日,Female
5529,129,10月14日,Female
5530,130,10月14日,Female
5531,131,10月14日,Female
5532,132,10月14日,Female
5533,133,10月14日,Female
5534,134,10月14日,Female
5535,135,10月14日,Female
5536,136,10月14日,Female
5537,137,10月14日,Female
5538,138,10月14日,Female
5539,139,10月14日,Female
5540,140,10月14日,Female
5541,141,10月14日,Female
5542,142,10月14日,Female
5543,143,10月14日,Female
5544,144,10月14日,Female
5545,145,10月14日,Female
5546,146,10月14日,Female
5547,147,10月14日,Female
5548,148,10月14日,Female
5549,149,10月14日,Female
5550,150,10月14日,Female
5551,151,10月14日,Female
5552,152,10月14日,Female
5553,153,10月14日,Female
5554,154,10月14日,Female
5555,155,10月14日,Female
5556,156,10月14日,Female
5557,157,10月14日,Female
5558,158,10月14日,Female
5559,159,10月14日,Female
5560,160,10月14日,Female
5561,161,10月14日,Female
5562,162,10月14日,Female
5563,163,10月14日,Female
5564,164,10月14日,Female
5565,165,10月14日,Female
5566,166,10月14日,Female
5567,167,10月14日,Female
5568,168,10月14日,Female
5569,169,10月14日,Female
5570,170,10月14日,Female
5571,171,10月14日,Female
5572,172,10月14日,Female
5573,173,10月14日,Female
5574,174,10月14日,Female
5575,175,10月14日,Female
5576,176,10月14日,Female
5577,177,10月14日,Female
5578,178,10月14日,Female
5579,179,10月14日,Female
5580,180,10月14日,Female
5581,181,10月14日,Female
5582,182,10月14日,Female
5583,183,10月14日,Female
5584,184,10月14日,Female
5585,185,10月14日,Female
5586,186,10月14日,Female
5587,187,10月14日,Female
5588,188,10月14日,Female
5589,189,10月14日,Female
5590,190,10月14日,Female
5591,191,10月14日,Female
5592,192,10月14日,Female
5593,193,10月14日,Female
5594,194,10月14日,Female
5595,195,10月14日,Female
5596,196,10月14日,Female
5597,197,10月14日,Female
5598,198,10月14日,Female
5599,199,10月14日,Female
5600,200,10月14日,Female
5601,201,10月14日,Female
5602,202,10月14日,Female
5603,203,10月14日,Female
5604,204,10月14日,Female
5605,205,10月14日,Female
5606,206,10月14日,Female
5607,207,10月14日,Female
5608,208,10月14日,Female
5609,209,10月14日,Female
5610,210,10月14日,Female
5611,211,10月14日,Female
5612,212,10月14日,Female
5613,213,10月14日,Female
5614,214,10月14日,Female
5615,215,10月14日,Female
5616,216,10月14日,Female
5617,217,10月14日,Female
5618,218,10月14日,Female
5619,219,10月14日,Female
5620,220,10月14日,Female
5621,221,10月14日,Female
5622,222,10月14日,Female
5623,223,10月14日,Female
5624,224,10月14日,Female
5625,225,10月14日,Female
5626,226,10月14日,Female
5627,227,10月14日,Female
5628,228,10月14日,Female
5629,229,10月14日,Female
5630,230,10月14日,Female
5631,231,10月14日,Female
5632,232,10月14日,Female
5633,233,10月14日,Female
5634,234,10月14日,Female
5635,235,10月14日,Female
5636,236,10月14日,Female
5637,237,10月14日,Female
5638,238,10月14日,Female
5639,239,10月14日,Female
5640,240,10月14日,Female
5641,241,10月14日,Female
5642,242,10月14日,Female
5643,243,10月14日,Female
5644,244,10月14日,Female
5645,245,10月14日,Female
5646,246,10月14日,Female
5647,247,10月14日,Female
5648,248,10月14日,Female
5649,249,10月14日,Female
5650,250,10月14日,Female
5651,251,10月14日,Female
5652,252,10月14日,Female
5653,253,10月14日,Female
5654,254,10月14日,Female
5655,255,10月14日,Female
5656,256,10月14日,Female
5657,257,10月14日,Female
5658,258,10月14日,Female
5659,259,10月14日,Female
5660,260,10月14日,Female
5661,261,10月14日,Female
5662,262,10月14日,Female
5663,263,10月14日,Female
5664,264,10月14日,Female
5665,265,10月14日,Female
5666,266,10月14日,Female
5667,267,10月14日,Female
5668,268,10月14日,Female
5669,269,10月14日,Female
5670,270,10月14日,Female
5671,271,10月14日,Female
5672,272,10月14日,Female
5673,273,10月14日,Female
5674,274,10月14日,Female
5675,275,10月14日,Female
5676,276,10月14日,Female
5677,277,10月14日,Female
5678,278,10月14日,Female
5679,279,10月14日,Female
5680,280,10月14日,Female
5681,281,10月14日,Female
5682,282,10月14日,Female
5683,283,10月14日,Female
5684,284,10月14日,Female
5685,285,10月14日,Female
5686,286,10月14日,Female
5687,287,10月14日,Female
5688,288,10月14日,Female
5689,289,10月14日,Female
5690,290,10月14日,Female
5691,291,10月14日,Female
5692,292,10月14日,Female
5693,293,10月14日,Female
5694,294,10月14日,Female
5695,295,10月14日,Female
5696,296,10月14日,Female
5697,297,10月14日,Female
5698,298,10月14日,Female
5699,299,10月14日,Female
5700,300,10月14日,Female
5701,301,10月14日,Female
5702,302,10月14日,Female
5703,303,10月14日,Female
5704,304,10月14日,Female
5705,305,10月14日,Female
5706,306,10月14日,Female
5707,307,10月14日,Female
5708,308,10月14日,Female
5709,309,10月14日,Female
5710,310,10月14日,Female
5711,311,10月14日,Female
5712,312,10月14日,Female
5713,313,10月14日,Female
5714,314,10月14日,Female
5715,315,10月14日,Female
5716,316,10月14日,Female
5717,317,10月14日,Female
5718,318,10月14日,Female
5719,319,10月14日,Female
5720,320,10月14日,Female
5721,321,10月14日,Female
5722,322,10月14日,Female
5723,323,10月14日,Female
5724,324,10月14日,Female
5725,325,10月14日,Female
5726,326,10月14日,Female
5727,327,10月14日,Female
5728,328,10月14日,Female
5729,329,10月14日,Female
5730,330,10月14日,Female
5731,331,10月14日,Female
5732,332,10月14日,Female
5733,333,10月14日,Female
5734,334,10月14日,Female
5735,335,10月14日,Female
5736,336,10月14日,Female
5737,337,10月14日,Female
5738,338,10月14日,Female
5739,339,10月14日,Female
5740,340,10月14日,Female
5741,341,10月14日,Female
5742,342,10月14日,Female
5743,343,10月14日,Female
5744,344,10月14日,Female
5745,345,10月14日,Female
5746,346,10月14日,Female
5747,347,10月14日,Female
5748,348,10月14日,Female
5749,349,10月14日,Female
5750,350,10月14日,Female
5751,351,10月14日,Female
5752,352,10月14日,Female
5753,353,10月14日,Female
5754,354,10月14日,Female
5755,355,10月14日,Female
5756,356,10月14日,Female
5757,357,10月14日,Female
5758,358,10月14日,Female
5759,359,10月14日,Female
5760,360,10月14日,Female
5761,361,10月14日,Female
5762,362,10月14日,Female
5763,363,10月14日,Female
5764,364,10月14日,Female
5765,365,10月14日,Female
5766,366,10月14日,Female
5767,367,10月14日,Female
5768,368,10月14日,Female
5769,369,10月14日,Female
5770,370,10月14日,Female
5771,371,10月14日,Female
5772,372,10月14日,Female
5773,373,10月14日,Female
5774,374,10月14日,Female
5775,375,10月14日,Female
5776,376,10月14日,Female
5777,377,10月14日,Female
5778,378,10月14日,Female
5779,379,10月14日,Female
5780,380,10月14日,Female
5781,381,10月14日,Female
5782,382,10月14日,Female
5783,383,10月14日,Female
5784,384,10月14日,Female
5785,385,10月14日,Female
5786,386,10月14日,Female
5787,387,10月14日,Female
5788,388,10月14日,Female
5789,389,10月14日,Female
5790,390,10月14日,Female
5791,391,10月14日,Female
5792,392,10月14日,Female
5793,393,10月14日,Female
5794,394,10月14日,Female
5795,395,10月14日,Female
5796,396,10月14日,Female
5797,397,10月14日,Female
5798,398,10月14日,Female
5799,399,10月14日,Female
5800,400,10月14日,Female
5801,401,10月14日,Female
5802,402,10月14日,Female
5803,403,10月14日,Female
5804,404,10月14日,Female
5805,405,10月14日,Female
5806,406,10月14日,Female
5807,407,10月14日,Female
5808,408,10月14日,Female
5809,409,10月14日,Female
5810,410,10月14日,Female
5811,411,10月14日,Female
5812,412,10月14日,Female
5813,413,10月14日,Female
5814,414,10月14日,Female
5815,415,10月14日,Female
5816,416,10月14日,Female
5817,417,10月14日,Female
5818,418,10月14日,Female
5819,419,10月14日,Female
5820,420,10月14日,Female
5821,421,10月14日,Female
5822,422,10月14日,Female
5823,423,10月14日,Female
5824,424,10月14日,Female
5825,425,10月14日,Female
5826,426,10月14日,Female
5827,427,10月14日,Female
5828,428,10月14日,Female
5829,429,10月14日,Female
5830,430,10月14日,Female
5831,431,10月14日,Female
5832,432,10月14日,Female
5833,433,10月14日,Female
5834,434,10月14日,Female
5835,435,10月14日,Female
5836,436,10月14日,Female
5837,437,10月14日,Female
5838,438,10月14日,Female
5839,439,10月14日,Female
5840,440,10月14日,Female
5841,441,10月14日,Female
5842,442,10月14日,Female
5843,443,10月14日,Female
5844,444,10月14日,Female
5845,445,10月14日,Female
5846,446,10月14日,Female
5847,447,10月14日,Female
5848,448,10月14日,Female
5849,449,10月14日,Female
5850,450,10月14日,Female
5851,451,10月14日,Female
5852,452,10月14日,Female
5853,453,10月14日,Female
5854,454,10月14日,Female
5855,455,10月14日,Female
5856,456,10月14日,Female
5857,457,10月14日,Female
5858,458,10月14日,Female
5859,459,10月14日,Female
5860,460,10月14日,Female
5861,461,10月14日,Female
5862,462,10月14日,Female
5863,463,10月14日,Female
5864,464,10月14日,Female
5865,465,10月14日,Female
5866,466,10月14日,Female
5867,467,10月14日,Female
5868,468,10月14日,Female
5869,469,10月14日,Female
5870,470,10月14日,Female
5871,471,10月14日,Female
5872,472,10月14日,Female
5873,473,10月14日,Female
5874,474,10月14日,Female
5875,475,10月14日,Female
5876,476,10月14日,Female
5877,477,10月14日,Female
5878,478,10月14日,Female
5879,479,10月14日,Female
5880,480,10月14日,Female
5881,481,10月14日,Female
5882,482,10月14日,Female
5883,483,10月14日,Female
5884,484,10月14日,Female
5885,485,10月14日,Female
5886,486,10月14日,Female
5887,487,10月14日,Female
5888,488,10月14日,Female
5889,489,10月14日,Female
5890,490,10月14日,Female
5891,491,10月14日,Female
5892,492,10月14日,Female
5893,493,10月14日,Female
5894,494,10月14日,Female
5895,495,10月14日,Female
5896,496,10月14日,Female
5897,497,10月14日,Female
5898,498,10月14日,Female
5899,499,10月14日,Female
5900,500,10月14日,Female
5901,501,10月14日,Female
5902,502,10月14日,Female
5903,503,10月14日,Female
5904,504,10月14日,Female
5905,505,10月14日,Female
5906,506,10月14日,Female
5907,507,10月14日,Female
5908,508,10月14日,Female
5909,509,10月14日,Female
5910,510,10月14日,Female
5911,511,10月14日,Female
5912,512,10月14日,Female
5913,513,10月14日,Female
5914,514,10月14日,Female
5915,515,10月14日,Female
5916,516,10月14日,Female
5917,517,10月14日,Female
5918,518,10月14日,Female
5919,519,10月14日,Female
5920,520,10月14日,Female
5921,521,10月14日,Female
5922,522,10月14日,Female
5923,523,10月14日,Female
5924,524,10月14日,Female
5925,525,10月14日,Female
5926,526,10月14日,Female
5927,527,10月14日,Female
5928,528,10月14日,Female
5929,529,10月14日,Female
5930,530,10月14日,Female
5931,531,10月14日,Female
5932,532,10月14日,Female
5933,533,10月14日,Female
5934,534,10月14日,Female
5935,535,10月14日,Female
5936,536,10月14日,Female
5937,537,10月14日,Female
5938,538,10月14日,Female
5939,539,10月14日,Female
5940,540,10月14日,Female
5941,541,10月14日,Female
5942,542,10月14日,Female
5943,543,10月14日,Female
5944,544,10月14日,Female
5945,545,10月14日,Female
5946,546,10月14日,Female
5947,547,10月14日,Female
5948,548,10月14日,Female
5949,549,10月14日,Female
5950,550,10月14日,Female
5951,551,10月14日,Female
5952,552,10月14日,Female
5953,553,10月14日,Female
5954,554,10月14日,Female
5955,555,10月14日,Female
5956,556,10月14日,Female
5957,557,10月14日,Female
5958,558,10月14日,Female
5959,559,10月14日,Female
5960,560,10月14日,Female
5961,561,10月14日,Female
5962,562,10月14日,Female
5963,563,10月14日,Female
5964,564,10月14日,Female
5965,565,10月14日,Female
5966,566,10月14日,Female
5967,567,10月14日,Female
5968,568,10月14日,Female
5969,569,10月14日,Female
5970,570,10月14日,Female
5971,571,10月14日,Female
5972,572,10月14日,Female
5973,573,10月14日,Female
5974,574,10月14日,Female
5975,575,10月14日,Female
5976,576,10月14日,Female
5977,577,10月14日,Female
5978,578,10月14日,Female
5979,579,10月14日,Female
5980,580,10月14日,Female
5981,581,10月14日,Female
5982,582,10月14日,Female
5983,583,10月14日,Female
5984,584,10月14日,Female
5985,585,10月14日,Female
5986,586,10月14日,Female
5987,587,10月14日,Female
5988,588,10月14日,Female
5989,589,10月14日,Female
5990,590,10月14日,Female
5991,591,10月14日,Female
5992,592,10月14日,Female
5993,593,10月14日,Female
5994,594,10月14日,Female
5995,595,10月14日,Female
5996,596,10月14日,Female
5997,597,10月14日,Female
5998,598,10月14日,Female
5999,599,10月14日,Female
6000,600,10月14日,Female
6001,601,10月14日,Female
6002,602,10月14日,Female
6003,603,10月14日,Female
6004,604,10月14日,Female
6005,605,10月14日,Female
6006,606,10月14日,Female
6007,607,10月14日,Female
6008,608,10月14日,Female
6009,609,10月14日,Female
6010,610,10月14日,Female
6011,611,10月14日,Female
6012,612,10月14日,Female
6013,613,10月14日,Female
6014,614,10月14日,Female
6015,615,10月14日,Female
6016,616,10月14日,Female
6017,617,10月14日,Female
6018,618,10月14日,Female
6019,619,10月14日,Female
6020,620,10月14日,Female
6021,621,10月14日,Female
6022,622,10月14日,Female
6023,623,10月14日,Female
6024,624,10月14日,Female
6025,625,10月14日,Female
6026,626,10月14日,Female
6027,627,10月14日,Female
6028,628,10月14日,Female
6029,629,10月14日,Female
6030,630,10月14日,Female
6031,631,10月14日,Female
6032,632,10月14日,Female
6033,633,10月14日,Female
6034,634,10月14日,Female
6035,635,10月14日,Female
6036,636,10月14日,Female
6037,637,10月14日,Female
6038,638,10月14日,Female
6039,639,10月14日,Female
6040,640,10月14日,Female
6041,641,10月14日,Female
6042,642,10月14日,Female
6043,643,10月14日,Female
6044,644,10月14日,Female
6045,645,10月14日,Female
6046,646,10月14日,Female
6047,647,10月14日,Female
6048,648,10月14日,Female
6049,649,10月14日,Female
6050,650,10月14日,Female
6051,651,10月14日,Female
6052,652,10月14日,Female
6053,653,10月14日,Female
6054,654,10月14日,Female
6055,655,10月14日,Female
6056,656,10月14日,Female
6057,657,10月14日,Female
6058,658,10月14日,Female
6059,659,10月14日,Female
6060,660,10月14日,Female
6061,661,10月14日,Female
6062,662,10月14日,Female
6063,663,10月14日,Female
6064,664,10月14日,Female
6065,665,10月14日,Female
6066,666,10月14日,Female
6067,667,10月14日,Female
6068,668,10月14日,Female
6069,669,10月14日,Female
6070,670,10月14日,Female
6071,671,10月14日,Female
6072,672,10月14日,Female
6073,673,10月14日,Female
6074,674,10月14日,Female
6075,675,10月14日,Female
6076,676,10月14日,Female
6077,677,10月14日,Female
6078,678,10月14日,Female
6079,679,10月14日,Female
6080,680,10月14日,Female
6081,681,10月14日,Female
6082,682,10月14日,Female
6083,683,10月14日,Female
6084,684,10月14日,Female
6085,685,10月14日,Female
6086,686,10月14日,Female
6087,687,10月14日,Female
6088,688,10月14日,Female
6089,689,10月14日,Female
6090,690,10月14日,Female
6091,691,10月14日,Female
6092,692,10月14日,Female
6093,693,10月14日,Female
6094,694,10月14日,Female
6095,695,10月14日,Female
6096,696,10月14日,Female
6097,697,10月14日,Female
6098,698,10月14日,Female
6099,699,10月14日,Female
6100,700,10月14日,Female
6101,701,10月14日,Female
6102,702,10月14日,Female
6103,703,10月14日,Female
6104,704,10月14日,Female
6105,705,10月14日,Female
6106,706,10月14日,Female
6107,707,10月14日,Female
6108,708,10月14日,Female
6109,709,10月14日,Female
6110,710,10月14日,Female
6111,711,10月14日,Female
6112,712,10月14日,Female
6113,713,10月14日,Female
6114,714,10月14日,Female
6115,715,10月14日,Female
6116,716,10月14日,Female
6117,717,10月14日,Female
6118,718,10月14日,Female
6119,719,10月14日,Female
6120,720,10月14日,Female
6121,721,10月14日,Female
6122,722,10月14日,Female
6123,723,10月14日,Female
6124,724,10月14日,Female
6125,725,10月14日,Female
6126,726,10月14日,Female
6127,727,10月14日,Female
6128,728,10月14日,Female
6129,729,10月14日,Female
6130,730,10月14日,Female
6131,731,10月14日,Female
6132,732,10月14日,Female
6133,733,10月14日,Female
6134,734,10月14日,Female
6135,735,10月14日,Female
6136,736,10月14日,Female
6137,737,10月14日,Female
6138,738,10月14日,Female
6139,739,10月14日,Female
6140,740,10月14日,Female
6141,741,10月14日,Female
6142,742,10月14日,Female
6143,743,10月14日,Female
6144,744,10月14日,Female
6145,745,10月14日,Female
6146,746,10月14日,Female
6147,747,10月14日,Female
6148,748,10月14日,Female
6149,749,10月14日,Female
6150,750,10月14日,Female
6151,751,10月14日,Female
6152,752,10月14日,Female
6153,753,10月14日,Female
6154,754,10月14日,Female
6155,755,10月14日,Female
6156,756,10月14日,Female
6157,757,10月14日,Female
6158,758,10月14日,Female
6159,759,10月14日,Female
6160,760,10月14日,Female
6161,761,10月14日,Female
6162,762,10月14日,Female
6163,763,10月14日,Female
6164,764,10月14日,Female
6165,765,10月14日,Female
6166,766,10月14日,Female
6167,767,10月14日,Female
6168,768,10月14日,Female
6169,769,10月14日,Female
6170,770,10月14日,Female
6171,771,10月14日,Female
6172,772,10月14日,Female
6173,773,10月14日,Female
6174,774,10月14日,Female
6175,775,10月14日,Female
6176,776,10月14日,Female
6177,777,10月14日,Female
6178,778,10月14日,Female
6179,779,10月14日,Female
6180,780,10月14日,Female
6181,781,10月14日,Female
6182,782,10月14日,Female
6183,783,10月14日,Female
6184,784,10月14日,Female
6185,785,10月14日,Female
6186,786,10月14日,Female
6187,787,10月14日,Female
6188,788,10月14日,Female
6189,789,10月14日,Female
6190,790,10月14日,Female
6191,791,10月14日,Female
6192,792,10月14日,Female
6193,793,10月14日,Female
6194,794,10月14日,Female
6195,795,10月14日,Female
6196,796,10月14日,Female
6197,797,10月14日,Female
6198,798,10月14日,Female
6199,799,10月14日,Female
6200,800,10月14日,Female
6201,801,10月14日,Female
6202,802,10月14日,Female
6203,803,10月14日,Female
6204,804,10月14日,Female
6205,805,10月14日,Female
6206,806,10月14日,Female
6207,807,10月14日,Female
6208,808,10月14日,Female
6209,809,10月14日,Female
6210,810,10月14日,Female
6211,811,10月14日,Female
6212,812,10月14日,Female
6213,813,10月14日,Female
6214,814,10月14日,Female
6215,815,10月14日,Female
6216,816,10月14日,Female
6217,817,10月14日,Female
6218,818,10月14日,Female
6219,819,10月14日,Female
6220,820,10月14日,Female
6221,821,10月14日,Female
6222,822,10月14日,Female
6223,823,10月14日,Female
6224,824,10月14日,Female
6225,825,10月14日,Female
6226,826,10月14日,Female
6227,827,10月14日,Female
6228,828,10月14日,Female
6229,829,10月14日,Female
6230,830,10月14日,Female
6231,831,10月14日,Female
6232,832,10月14日,Female
6233,833,10月14日,Female
6234,834,10月14日,Female
6235,835,10月14日,Female
6236,836,10月14日,Female
6237,837,10月14日,Female
6238,838,10月14日,Female
6239,839,10月14日,Female
6240,840,10月14日,Female
6241,841,10月14日,Female
6242,842,10月14日,Female
6243,843,10月14日,Female
6244,844,10月14日,Female
6245,845,10月14日,Female
6246,846,10月14日,Female
6247,847,10月14日,Female
6248,848,10月14日,Female
6249,849,10月14日,Female
6250,850,10月14日,Female
6251,851,10月14日,Female
6252,852,10月14日,Female
6253,853,10月14日,Female
6254,854,10月14日,Female
6255,855,10月14日,Female
6256,856,10月14日,Female
6257,857,10月14日,Female
6258,858,10月14日,Female
6259,859,10月14日,Female
6260,860,10月14日,Female
6261,861,10月14日,Female
6262,862,10月14日,Female
6263,863,10月14日,Female
6264,864,10月14日,Female
6265,865,10月14日,Female
6266,866,10月14日,Female
6267,867,10月14日,Female
6268,868,10月14日,Female
6269,869,10月14日,Female
6270,870,10月14日,Female
6271,871,10月14日,Female
6272,872,10月14日,Female
6273,873,10月14日,Female
6274,874,10月14日,Female
6275,875,10月14日,Female
6276,876,10月14日,Female
6277,877,10月14日,Female
6278,878,10月14日,Female
6279,879,10月14日,Female
6280,880,10月14日,Female
6281,881,10月14日,Female
6282,882,10月14日,Female
6283,883,10月14日,Female
6284,884,10月14日,Female
6285,885,10月14日,Female
6286,886,10月14日,Female
6287,887,10月14日,Female
6288,888,10月14日,Female
6289,889,10月14日,Female
6290,890,10月14日,Female
6291,891,10月14日,Female
6292,892,10月14日,Female
6293,893,10月14日,Female
6294,894,10月14日,Female
6295,895,10月14日,Female
6296,896,10月14日,Female
6297,897,10月14日,Female
6298,898,10月14日,Female
6299,899,10月14日,Female
6300,900,10月14日,Female
6301,901,10月14日,Female
6302,902,10月14日,Female
6303,903,10月14日,Female
6304,904,10月14日,Female
6305,905,10月14日,Female
6306,906,10月14日,Female
6307,907,10月14日,Female
6308,908,10月14日,Female
6309,909,10月14日,Female
6310,910,10月14日,Female
6311,911,10月14日,Female
6312,912,10月14日,Female
6313,913,10月14日,Female
6314,914,10月14日,Female
6315,915,10月14日,Female
6316,916,10月14日,Female
6317,917,10月14日,Female
6318,918,10月14日,Female
6319,919,10月14日,Female
6320,920,10月14日,Female
6321,921,10月14日,Female
6322,922,10月14日,Female
6323,923,10月14日,Female
6324,924,10月14日,Female
6325,925,10月14日,Female
6326,926,10月14日,Female
6327,927,10月14日,Female
6328,928,10月14日,Female
6329,929,10月14日,Female
6330,930,10月14日,Female
6331,931,10月14日,Female
6332,932,10月14日,Female
6333,933,10月14日,Female
6334,934,10月14日,Female
6335,935,10月14日,Female
6336,936,10月14日,Female
6337,937,10月14日,Female
6338,938,10月14日,Female
6339,939,10月14日,Female
6340,940,10月14日,Female
6341,941,10月14日,Female
6342,942,10月14日,Female
6343,943,10月14日,Female
6344,944,10月14日,Female
6345,945,10月14日,Female
6346,946,10月14日,Female
6347,947,10月14日,Female
6348,948,10月14日,Female
6349,949,10月14日,Female
6350,950,10月14日,Female
6351,951,10月14日,Female
6352,952,10月14日,Female
6353,953,10月14日,Female
6354,954,10月14日,Female
6355,955,10月14日,Female
6356,956,10月14日,Female
6357,957,10月14日,Female
6358,958,10月14日,Female
6359,959,10月14日,Female
6360,960,10月14日,Female
6361,961,10月14日,Female
6362,962,10月14日,Female
6363,963,10月14日,Female
6364,964,10月14日,Female
6365,965,10月14日,Female
6366,966,10月14日,Female
6367,967,10月14日,Female
6368,968,10月14日,Female
6369,969,10月14日,Female
6370,970,10月14日,Female
6371,971,10月14日,Female
6372,972,10月14日,Female
6373,973,10月14日,Female
6374,974,10月14日,Female
6375,975,10月14日,Female
6376,976,10月14日,Female
6377,977,10月14日,Female
6378,978,10月14日,Female
6379,979,10月14日,Female
6380,980,10月14日,Female
6381,981,10月14日,Female
6382,982,10月14日,Female
6383,983,10月14日,Female
6384,984,10月14日,Female
6385,985,10月14日,Female
6386,986,10月14日,Female
6387,987,10月14日,Female
6388,988,10月14日,Female
6389,989,10月14日,Female
6390,990,10月14日,Female
6391,991,10月14日,Female
6392,992,10月14日,Female
6393,993,10月14日,Female
6394,994,10月14日,Female
6395,995,10月14日,Female
6396,996,10月14日,Female
6397,997,10月14日,Female
6398,998,10月14日,Female
6399,999,10月14日,Female
6400,1000,10月14日,Female
6401,1001,10月14日,Female
6402,1002,10月14日,Female
6403,1003,10月14日,Female
6404,1004,10月14日,Female
6405,1005,10月14日,Female
6406,1006,10月14日,Female
6407,1007,10月14日,Female
6408,1008,10月14日,Female
6409,1009,10月14日,Female
6410,1010,10月14日,Female
6411,1011,10月14日,Female
6412,1012,10月14日,Female
6413,1013,10月14日,Female
6414,1014,10月14日,Female
6415,1015,10月14日,Female
6416,1016,10月14日,Female
6417,1017,10月14日,Female
6418,1018,10月14日,Female
6419,1019,10月14日,Female
6420,1020,10月14日,Female
6421,1021,10月14日,Female
6422,1022,10月14日,Female
6423,1023,10月14日,Female
6424,1024,10月14日,Female
6425,1025,10月14日,Female
6426,1026,10月14日,Female
6427,1027,10月14日,Female
6428,1028,10月14日,Female
6429,1029,10月14日,Female
6430,1030,10月14日,Female
6431,1031,10月14日,Female
6432,1032,10月14日,Female
6433,1033,10月14日,Female
6434,1034,10月14日,Female
6435,1035,10月14日,Female
6436,1036,10月14日,Female
6437,1037,10月14日,Female
6438,1038,10月14日,Female
6439,1039,10月14日,Female
6440,1040,10月14日,Female
6441,1041,10月14日,Female
6442,1042,10月14日,Female
6443,1043,10月14日,Female
6444,1044,10月14日,Female
6445,1045,10月14日,Female
6446,1046,10月14日,Female
6447,1047,10月14日,Female
6448,1048,10月14日,Female
6449,1049,10月14日,Female
6450,1050,10月14日,Female