stage_mode,baseline,walking_scen,bicycle_scen,car_scen,motorcycle_scen,bus_scen
bicycle,3289.6015782286927,3289.6015782286927,54176.258154779665,2228.6246514443988,1845.299946367099,3211.0312428152884
bus,531469.6792290377,526179.8234553258,508829.9188644117,337587.0494207181,287076.0497481079,543444.9879275953
car,165925.69776675862,165139.24502973305,157015.96696857992,458307.8556801491,89703.91769233279,164668.88031583215
motorcycle,31276.097440999925,31072.31031196406,29760.65814676385,17341.665144284543,439182.2418848908,31248.044634535083
rail,5389.940545540973,5389.940545540973,5197.687889139512,3772.958381878681,3079.47558557341,5389.940545540973
taxi,66615.90796850533,66295.80806450862,64176.27937723697,42727.250081090155,36751.99299176049,66093.52597750914
walking,268364.35284020583,282148.2657572142,242139.5921109537,179433.97448885243,194244.2946834688,248185.3806106927
