stage_mode,baseline,walking_scen,bicycle_scen,car_scen,motorcycle_scen,bus_scen
bicycle,46443.53052141381,40662.79321183359,1166264.1781389425,46443.53052141381,24852.229630075693,46443.53052141381
bus,6507137.297588668,6113679.156040049,6153597.42163494,6496761.6152381385,3355127.6676637935,6553092.881406438
car,10853607.746522967,10070422.620133067,10325235.06737605,10937356.710709425,6107842.195821182,10845450.313502552
motorcycle,143027.67378109647,139620.2247333038,142175.8115191483,142175.8115191483,10927174.912209716,143027.67378109647
rail,4576152.959449811,4515926.2975300765,4446635.821143213,4572575.137949629,2282650.117116296,4576152.959449811
walking,1766750.3370598406,3012808.4532754673,1659211.2451115046,1697806.7389860423,1195472.4224827352,1766913.894614135
