stage_mode,baseline,pedestrian_scen,cycle_scen,car_scen,motorcycle_scen,bus_scen
auto_rickshaw,535190.2810111641,447542.8247791477,506108.8803471507,283523.89323191927,516148.1868950587,283461.23954916996
bus,11660079.930532956,11019904.163812742,11243093.510215404,6331654.8185704965,10731656.733998278,23995535.680402745
car,1980216.7386756625,1891619.8058285604,1909442.4658508885,18742188.05091135,1811572.7879568972,901185.7634887875
cycle,901795.480535676,722410.6281705659,2309725.912078439,463326.50689777685,883125.5240654305,535681.4186047956
motorcycle,19358650.796959516,18358510.059233278,18659513.90945772,10351197.631870013,20644446.9146147,9001755.254162703
other,7348.141651295991,5487.453421997864,6465.103169595184,4131.358610814484,7348.141651295991,6906.622410445587
pedestrian,4136457.2044185693,6170843.004274068,3973015.282307426,2725299.756976834,4038759.74635729,4880505.124715462
rail,92214.78915370493,90279.12552788522,92214.78915370493,49891.84521271306,88534.70490663961,43821.460769215286
taxi,598894.7795536355,564251.0774439375,571268.2899118531,319634.28021027084,549255.4020465974,276007.553774585
