stage_mode,baseline,walking_scen,bicycle_scen,car_scen,motorcycle_scen,bus_scen
bicycle,1545414.2033405001,1250300.0536637937,2706214.128224194,858359.0264321113,1181887.5377839936,1047038.5647500056
bus,32258716.84081301,30725381.414560243,31588657.867982604,17546073.00417211,18773033.995470412,37674728.90898311
car,1675629.659362709,1568275.1585971466,1649736.4760615896,24445824.19804187,997637.0966097118,1228035.3230226336
motorcycle,13203390.7029464,12081841.096249621,12847018.73277573,7278052.555280865,28076746.93140839,9132058.991605865
walking,4047778.0806143833,7105131.764006203,3939302.2820328893,2602620.7031500526,3701623.925804498,4254527.337055117
