stage_mode,baseline,walking_scen,bicycle_scen,car_scen,motorcycle_scen,bus_scen
auto_rickshaw,564359.8464240709,460566.1871537174,548040.7217985002,337889.7683268949,563675.3156310038,501557.5017032661
bicycle,844348.5999896709,560248.1876081972,2129400.808990435,503955.59650773654,843610.3805069514,686040.7874635899
bus,7877318.634254343,7747888.625675006,7632135.810784597,4478126.626296816,7877090.457323321,9375718.063384013
car,2114723.6634567315,2012240.903025389,2037881.7263918442,18820985.12645227,2114388.1091464045,2051872.1041037457
motorcycle,20134143.588188898,18798476.814424153,19515090.62621026,11380809.422570702,20184218.581621874,19349298.162940897
rail,99893.1759671122,99458.29758092838,99758.95424298139,53989.346314376024,99893.1759671122,99742.84763608569
shared_auto,521244.69679302577,519694.4358793149,503527.4292077592,311358.16011795815,521220.5368826823,519969.59041378315
taxi,78586.8194785878,70980.92177784206,75231.27637531763,40389.5538196955,78586.8194785878,73754.83740987875
walking,9427536.597013447,11392601.248441342,9121088.267564196,5734652.02115944,9379472.245007955,9263326.947241375
