stage_mode,baseline,walking_scen,bicycle_scen,car_scen,motorcycle_scen,bus_scen
bicycle,1002221.4372874614,799112.082360824,17327120.969068278,795968.6113466278,485513.60176391224,618665.0064371448
bus,118943346.33813635,114639490.92693986,113152386.94776711,89966860.3059726,48893037.464321546,191205493.57964584
car,64201667.65616334,56831092.596564256,60617091.295385934,130276047.5472858,30066365.820180617,40438651.208218195
motorcycle,17767228.15455243,17191101.97559096,16824205.827817235,13379628.925300214,199009556.64211702,11078111.61157965
rail,39568992.23744384,39268713.08075356,37965270.380865216,29009580.251635693,15275028.409378111,23311645.726223946
subway,47760470.463401265,47225727.08048111,45749326.68525843,35271170.278410584,18928835.9952299,28637402.1013621
taxi,640807.5278881975,550966.2312431409,605098.9094624709,474670.3545693309,337262.31965629454,425326.243746469
van,18698052.46549862,18075001.10186866,17810113.95914041,13949580.611142341,7447054.196837509,12742152.660936793
walking,26379711.009990256,40381292.214559376,24911882.31559668,21838990.404698562,14519842.84087684,33228218.12075821
