stage_mode,baseline,pedestrian_scen,cycle_scen,car_scen,motorcycle_scen,bus_scen
bus,54889114.358870335,53236522.02708374,53249088.351960786,35114583.38623137,21263502.018329203,80041231.28280859
car,16399364.41156932,15879276.425759258,15896226.119979484,30253152.378011703,6414299.5464348085,8611604.3797946
cycle,972466.4036561686,897976.9580041275,2632465.9302348304,652206.3918108658,519641.94122531725,542747.0507149923
motorcycle,2217644.466424062,2172058.7098633517,2126383.7443856928,1358473.3872925546,33677258.23724798,1152579.206975296
other,21588.55790154966,21588.55790154966,21231.72223375545,16057.605050739416,2676.267508456569,15254.724798202446
pedestrian,4220277.244383055,5863031.973644225,4077547.259293384,2826024.301516443,2279047.6776310857,5961861.5370321805
rail,28846407.688922614,28019465.650470614,27991791.260254838,18306149.701816116,10476735.528868444,14447007.281352857
taxi,1324217.1631843103,1271762.3200185616,1283716.3148896678,866486.2103212886,557466.5220115035,695115.8808631196
