stage_mode,baseline,pedestrian_scen,cycle_scen,car_scen,motorcycle_scen,bus_scen
bus,55187050.04228628,52272493.54292804,52923890.666447446,36787770.464774095,22883898.608160038,81532576.17499198
car,40451116.48067359,38880753.22118153,39053615.21482833,76851477.8785582,15791799.310136672,27732773.662404627
cycle,1403998.4600899776,1213921.4368575925,7133302.182686511,911423.0191708432,714356.5865006301,1047894.4276562355
motorcycle,4758753.156559785,4552191.786314469,4586790.393303406,3254526.393805274,90200017.60726193,3343004.7372668125
other,0,0,0,0,0,0
pedestrian,13676529.88326341,19816161.971705817,12968447.683757618,9679382.71191698,8878328.795258261,15712546.588915668
rail,41115061.19279142,40006567.42538536,39866514.59803315,27919094.866083156,15454883.844799856,31635704.150181297
taxi,5230628.7028478505,4826522.344521146,4991819.134193307,3472632.8265245617,2262443.2883959217,3822343.617969328
