stage_mode,baseline,pedestrian_scen,cycle_scen,car_scen,motorcycle_scen,bus_scen
bus,35183580.108360335,33704907.292712875,33696565.266209036,30293601.143809233,14562976.194693627,35203766.09189791
car,11376213.628943842,10749332.639937874,10836627.873522963,18131909.822679374,4547322.580795468,11366725.016597638
cycle,166848.96439883055,144136.5399256913,2432223.533347545,145446.87210683397,86045.14656170057,158986.97131197466
motorcycle,1299789.2785357535,1290752.504872701,1259123.7970520162,1102486.3868924351,35377616.387059934,1299789.2785357535
pedestrian,2139231.329799001,4424661.511763917,2035198.5455061516,1849709.006356438,922566.392086734,2795766.6723157507
rail,216627.61040565235,213464.73962358385,216627.61040565235,191862.99487879156,55132.75366670728,216322.52892678764
taxi,9957982.370264344,9648274.063284202,9751636.680442197,8335429.659063224,3544186.4835546347,9955452.073638689
