stage_mode,baseline,walking_scen,bicycle_scen,car_scen,motorcycle_scen,bus_scen
bicycle,1545414.2033405001,1006444.1859298954,2779752.812998055,842013.9544732795,1342271.9593498094,1530448.965491794
bus,31738433.151435107,29695190.13265146,31021149.38652156,17460516.225465883,24000744.226080246,31935011.814158745
car,1675629.659362709,1480221.3003843264,1617029.2971549123,24568828.743214495,1403751.2347009543,1674283.8952306116
motorcycle,13203390.7029464,11142959.380247734,12889521.030365396,7163270.799305243,21857193.400086522,13172678.321253253
walking,5047994.648076782,9886047.365948088,4903409.8381215725,3176232.642702599,4606901.544943969,5035428.840271562
