stage_mode,baseline,walking_scen,bicycle_scen,car_scen,motorcycle_scen,bus_scen
bicycle,2971577.772913929,2500177.2604467804,3689304.6827161624,2104290.011235217,2089458.7798127464,2326952.3548784493
bus,24980140.177757025,24003285.752423346,24832586.722390603,18089830.102460407,13509564.938746884,43250029.47941948
car,26930220.43400131,25664815.891590014,26808080.881110385,47254732.53198719,13401810.909034165,20308860.786708277
motorcycle,24098599.0789159,22464992.25261498,23871962.35299606,16151598.763682654,55421900.05428318,18013722.877273325
rail,572553.5589772477,569613.1243863043,513891.0113598312,367985.9259631769,433902.5100630455,513891.0113598312
subway,7586129.286235041,7441161.212370966,7568179.922914602,5440090.89075718,4281412.483686723,5452984.007411638
taxi,3408953.695647175,3282645.888173456,3408953.695647175,2429801.6133048623,1656348.0478153746,2736701.473981603
walking,7385440.466531996,11885642.39039921,7227762.693484107,5504716.628684545,5653276.640681731,9063089.69983149
