stage_mode,baseline,walking_scen,bicycle_scen,car_scen,motorcycle_scen,bus_scen
bicycle,631336.0917109145,589023.1408834808,18664549.70890159,631336.0917109145,150446.04738643067,570889.0191002949
bus,89042011.92513274,85666575.13198619,85072103.88023646,88797789.07673132,34623527.35621239,103336919.18234585
car,147539909.62193805,142673433.92102656,139571456.9051947,148636805.82452425,62225328.21567256,140336008.15462834
motorcycle,1944265.0366519175,1915315.2892330382,1863205.743879056,1944265.0366519175,188634758.83388,1886365.5418141594
rail,60529401.06031917,59763339.792060174,56646801.74807056,60480765.484655455,24082074.819610264,54650569.83041994
walking,31210577.248762473,39825380.09102212,28640751.24761274,30357281.359209202,17848233.531907257,31334128.28600283
