stage_mode,baseline,walking_scen,bicycle_scen,car_scen,motorcycle_scen,bus_scen
auto_rickshaw,4561.131517699275,3753.382806551031,4425.177901790051,2717.5816618970825,4555.044558788017,4082.540736921578
bicycle,7042.962694819704,4599.870591280404,17457.439596384924,4247.225856790343,7035.923880766871,5680.7173432907075
bus,64966.027166367356,63929.68028722982,62992.335482375674,36626.395892652436,64965.12773011278,77090.98997042025
car,15879.992477611637,15069.996668877977,15348.055103038749,152726.25784703004,15877.391219940286,15368.304326581898
motorcycle,163619.1509192483,152760.60211826905,158484.2075867662,92406.53112603823,164015.37480405846,157306.81044056895
rail,847.3958429950953,844.585240473091,846.0731480088489,498.76340445611476,847.3958429950953,846.0238751599499
shared_auto,4471.563152644274,4458.628876311867,4307.977878862739,2689.125438824878,4471.284363961373,4463.411601997396
taxi,632.4613191809453,580.3709034082866,608.9559662363401,345.9760317984617,632.4613191809453,596.9186191429181
walking,44129.42625787953,77583.68821974691,42738.91399019436,29928.465023884928,43373.1010302487,37489.52647963975
