stage_mode,baseline,walking_scen,bicycle_scen,car_scen,motorcycle_scen,bus_scen
auto_rickshaw,75829.35830129709,61883.28005337679,73636.66377096003,45400.0483399904,75737.38235526787,67391.01611559695
bicycle,113449.62425215602,75276.90147514774,286113.7232479064,67713.23250168625,113350.43450643825,92178.83414545798
bus,1058424.019630748,1041033.3520315377,1025480.3999029892,601696.7199485663,1058393.3609820718,1259754.1955989276
car,284141.65075804474,270371.7094525202,273816.89995378454,2528853.23748692,284096.56450999115,275696.69592263
motorcycle,2705293.7906771326,2525828.942139984,2622115.6745180963,1529165.26739292,2712022.0415316615,2599839.220619815
rail,13421.99570054598,13363.563923068596,13403.961201324564,7254.196966822014,13421.99570054598,13401.797061417996
shared_auto,70036.25634639672,69827.95788038937,67655.70244916993,41835.16887889327,70033.01013653688,69864.92860379328
taxi,10559.199294138547,9537.244338258357,10108.336813603168,5426.881390710831,10559.199294138547,9909.957322167602
walking,1266716.7145983416,1530749.658264519,1225541.2477009678,770527.8566522931,1260258.6205421505,1244652.9330447894
