stage_mode,baseline,walking_scen,bicycle_scen,car_scen,motorcycle_scen,bus_scen
bicycle,900609.6860031064,737955.2591573633,2359368.233047083,544969.0912069702,886354.9219413649,546795.0886387728
bus,11652328.154272437,11023822.590823216,11133343.038925013,6493807.82068332,10890896.973995902,23663875.466218073
car,1980216.7386756625,1873562.5098668092,1916574.8938159402,17590156.24239282,1831222.9171418308,895361.9144547131
motorcycle,19353100.269360255,18348520.160790894,18658477.39047801,10900283.784874285,20386231.324762836,9087956.629757304
other,7348.141651295991,5014.39709251529,7348.141651295991,5203.6196243083195,7348.141651295991,4383.655319871857
rail,72135.41881791037,71550.34170005203,72135.41881791037,40237.123648014414,65353.80890202555,23289.680209703638
taxi,598894.7795536355,563368.0389622367,577449.5592837587,334549.6411552276,576061.9273839432,277952.3409069022
walking,4128394.9392063203,6069234.82914754,3968331.451521616,2783820.8039556863,4049558.1117614247,4823734.157164475
