stage_mode,baseline,walking_scen,bicycle_scen,car_scen,motorcycle_scen,bus_scen
bicycle,2477.841678108237,1599.6826629277382,38720.26363480683,2018.0968280415152,1630.5989374736102,2470.824498702492
bus,187244.18896821767,167684.4883180121,177380.6842395158,142343.3129501876,104578.60666145338,187642.57206118462
car,178922.7228555872,148240.14220190785,168645.17431191885,310436.1016990299,104149.35648680401,178771.57941487705
motorcycle,52363.40526529095,49622.82228943631,49403.424380956225,40292.591619327715,339907.7180065877,52353.78620154558
rail,56781.004146679006,56138.072406899046,54545.905538790415,41203.373900962244,31032.000202825755,56780.960728646394
subway,166755.3160908109,164249.05915181193,159937.4602246009,121336.70031110579,89967.46450432006,166754.84827912072
taxi,1115.9306056884748,789.6317949729056,1034.4274715782276,946.9111774087941,677.8955312668664,1114.2637878214143
walking,65184.17954335709,192698.44423885245,61951.0743609859,56372.470113915544,45907.89539551174,64728.76262335629
