stage_mode,baseline,walking_scen,bicycle_scen,car_scen,motorcycle_scen,bus_scen
bicycle,2118.635434894884,1828.5129999739597,58565.54317534243,2118.635434894884,1278.2450482179747,2118.635434894884
bus,344717.944716421,323423.8612767564,326834.0029262799,344145.46274608094,178049.99774425811,347102.7397066559
car,548322.9290740065,511847.50235144,522033.0091232227,552727.7320434786,309992.268287459,547957.2000501276
motorcycle,8059.6481248806485,7921.394257894554,8016.170544502891,8024.244586870475,560408.4358389624,8059.6481248806485
rail,236927.89252946895,233848.90592720866,230419.5410894398,236727.98731619882,121154.74941517803,236927.89252946895
walking,141615.0035227332,272832.978556629,133746.07277329307,134709.01465340346,101608.70184469559,137576.87159002136
