stage_mode,baseline,walking_scen,bicycle_scen,car_scen,motorcycle_scen,bus_scen
bicycle,2106.6844028673436,1702.3265773248486,12769.398491230717,1934.7361386416749,1273.9669661122557,1858.5027800460743
bus,104413.1634058972,101443.60301498212,100830.7032844801,93382.76438336742,59477.41736348336,110929.86943342668
car,91860.37261543873,85468.68299728737,88318.63045321176,110857.24909818676,52933.732403101814,88872.41969647552
motorcycle,37605.25054804212,35883.101837259484,36057.06837403489,34505.08394496213,138978.97332487986,37060.859447276605
subway,17851.375098442724,17537.169808355637,17259.54869052009,15966.93034924197,9906.106562915926,17849.969219910115
taxi,1211.9066398487064,1103.2076400762796,1150.4065418217797,1113.376382264854,722.1578585223795,1154.1114706716335
van,7810.38403828344,7231.293650276922,7530.592026656509,7034.048924320292,4447.533002398647,7536.459375718773
walking,25010.514867161648,50407.03536639354,23280.666433560138,22243.4874778907,19758.177818678785,20204.914044100555
