stage_mode,baseline,walking_scen,bicycle_scen,car_scen,motorcycle_scen,bus_scen
bicycle,1570.536946051738,1016.8867882490478,2933.6842856780045,857.7007765431545,1362.1967318478316,1554.6887523477903
bus,35843.363953075066,33554.59750079683,35022.67737520025,19685.713351010094,27034.903756624655,36049.27964378277
car,1653.0033920484088,1472.7649097750018,1594.2383516423874,27056.984563563434,1388.0153691921175,1651.8701275776841
motorcycle,14182.07522869634,12000.077428584776,13852.437906006955,7671.9852346178195,23958.384782628378,14149.64454603212
walking,6342.934803466155,17497.423365893334,6158.476169053548,4338.959968791894,6274.876606262549,6029.927703728518
