stage_mode,Baseline,Scenario 1,Scenario 2,Scenario 3,Scenario 4,Scenario 5
bicycle,43832.712843504974,35598.54765886426,259586.37867268216,40028.861408545315,26355.338930401085,38797.89763515364
bus,2028474.0544244158,1970952.952679342,1959283.0095726852,1813027.2953449076,1152905.4848843208,2160593.6126425965
car,1893993.504101797,1758218.0205430607,1820986.7704752753,2262064.9237895035,1093574.346266823,1830525.0358595399
motorcycle,742410.0547804809,709021.9808737965,707140.7605369312,683413.0719109551,2749273.3530412316,732511.7270122496
subway,338328.86861081666,331900.834375019,327108.8241304851,302856.38662834023,191401.41523987087,338306.5490474979
taxi,28978.04704580553,26391.76764624632,27580.284392969326,26202.609347119982,17009.181216130204,27640.547213929924
van,136433.11354937794,126218.32625837733,131511.64983759535,122888.32712394717,77829.91154697564,131572.63007309122
walking,494755.84698112356,1011342.9817597921,460720.93618691684,440217.0374590641,390416.60745939275,399768.63203030743
