stage_mode,baseline,walking_scen,bicycle_scen,car_scen,motorcycle_scen,bus_scen
bicycle,478242.9324123989,388402.92369721475,2832253.422095331,436740.4803234501,287553.6045372866,423309.87823450135
bus,22131949.340528857,21504357.330142204,21377030.78678316,19781287.399781577,12578936.23545404,23573458.224016916
car,20664680.523096945,19183283.155823033,19868130.3643136,24680575.12941782,11931595.565094339,19972198.94030579
motorcycle,8100168.541205811,7735883.299958174,7715357.982859311,7456473.723781641,29996330.709805336,7992171.4543095715
subway,3691384.3508132724,3621250.385946649,3568966.4892214267,3304356.8842767295,2088311.8601171114,3691140.8301019305
taxi,316169.02755367605,287951.0651268706,300918.5430058556,285887.2270982433,185581.04609629148,301576.0489264802
van,1488572.53109025,1377122.6683939027,1434876.2142392416,1340790.2479784368,849174.1147876197,1435541.5476113022
walking,3820944.9531781767,6593861.3707913365,3594578.397361465,3406001.107221489,2774629.063987359,3751728.1568878144
