stage_mode,Baseline,Scenario 1,Scenario 2,Scenario 3,Scenario 4,Scenario 5
bicycle,7719.892246802998,7719.892246802998,141453.67723459288,5230.143448591641,4327.8183807834985,7536.085288545783
bus,1423170.605799344,1408425.7153234752,1363257.6041705504,902605.0997257383,765154.3715804657,1453113.162637597
car,457312.8645386716,455425.241983027,432676.9701585918,1228065.7402360237,244858.52587195212,454040.98544222093
motorcycle,78392.8034006599,77784.33898711878,74460.83260709493,44228.909453992994,1173193.7372052094,78268.34477061739
rail,12664.818001547235,12664.818001547235,12213.079270281858,8865.372601083065,7235.886463304378,12664.818001547235
taxi,181792.57228208188,180655.15869086012,174648.64691764224,117947.36938077884,102328.50274727835,180432.51603045076
walking,665095.855957796,703416.6128329356,600729.1713966148,445353.911352621,481171.4456304526,615091.1441540527
