stage_mode,baseline,walking_scen,bicycle_scen,car_scen,motorcycle_scen,bus_scen
bicycle,883991.2588654468,607760.6219466586,12698308.181302244,708275.2962900077,577214.6429029364,881968.9986762003
bus,60046518.13878734,53679148.9523827,56868531.26260677,45681515.79951217,33564797.10238727,60178151.33424143
car,61569319.75923829,50795418.235249735,57964621.01678791,103186161.57212529,35853044.15958643,61516748.95513638
motorcycle,17110645.1231644,16300575.583636368,16218213.91066218,13203037.87339189,110137561.56038272,17107711.083895493
rail,17464625.35939146,17267030.83852987,16772302.163514072,12681394.520158231,9548175.678356098,17464613.47123582
subway,52165724.22083466,51375104.65922694,50039369.96095556,37965072.02433626,28166205.50085097,52165542.926461205
taxi,411527.82562673895,290702.9803873484,381904.02779885626,347889.6793480471,248129.37216641204,410968.1270135804
walking,22978896.039228532,42315505.85377724,21687997.20150926,18857900.959974967,14536119.70850403,23080057.45692095
