stage_mode,baseline,pedestrian_scen,cycle_scen,car_scen,motorcycle_scen,bus_scen
auto_rickshaw,1923601.0218791065,1577538.9553547965,1898397.6220762157,1350320.6125164258,1261527.0962877793,1347412.5279237845
bus,25386529.109184038,24296406.994458336,25265503.923607256,17123289.77640871,13439748.917355157,46043561.67108127
car,26930220.43400131,25837749.988699082,26772796.12138633,50242967.813447766,16193533.343508542,19889747.63521682
cycle,2971577.772913929,2613786.431865966,3606011.323813732,2120284.476494744,2026450.280305519,2361655.497683969
motorcycle,24098599.0789159,22544441.12368594,23891446.51976676,15613351.080045993,54223391.151117936,17651879.605026282
pedestrian,7412290.222824433,11942533.058979996,7293508.936722834,5193437.950419357,5605886.778764593,9170842.49015733
rail,8158682.845212288,8075220.7035616655,8158682.845212288,5082816.847241254,4072789.5934002874,5993920.319324851
taxi,3408953.695647175,3330726.220105125,3393443.911153088,2405664.5111859394,1698999.955174113,2646841.660068988
