stage_mode,baseline,pedestrian_scen,cycle_scen,car_scen,motorcycle_scen,bus_scen
bus,21096907.486190356,20585154.660167307,20457187.622548755,19439048.47120718,8488658.071304584,41215031.93376132
car,22748682.066623293,21974815.862101495,21860519.41623292,25853169.153122347,9904979.677195836,10023385.535068315
cycle,478242.9324123989,455518.10146001796,2567300.835623044,446665.253885894,248308.50247079966,200525.82517969454
motorcycle,8100168.541205811,7950977.316835518,7918493.393376088,7411491.969529388,37809740.115400285,3521848.710443969
pedestrian,3813281.5651242686,5371226.5370281,3594999.201150664,3424003.8280602284,2589087.9900764013,5516073.491062741
rail,4535042.095292871,4444184.309158968,4385440.15584856,4228282.603659448,1897022.65375828,2019898.1951327568
taxi,316169.02755367605,306616.9276512687,304553.0896226415,285832.4349381913,150696.70419648665,135153.9947950553
