stage_mode,baseline,walking_scen,bicycle_scen,car_scen,motorcycle_scen,bus_scen
bicycle,202779.2384318766,202779.2384318766,3715578.9259750275,137380.73945709388,113679.27002999143,197951.16132635574
bus,37382575.08997429,36995269.46887624,35808833.844105765,23708825.055545356,20098392.023044437,38169079.4449902
car,12012286.108611824,11962703.724293059,11365172.426092545,32257734.64033358,6431725.186375322,11926343.309125965
motorcycle,2059152.182947729,2043169.5828742809,1955870.6839882482,1161765.5129146774,30816405.84582507,2055883.0147508874
rail,332668.1341045415,332668.1341045415,320802.264353042,232867.69387317906,190065.80655526993,332668.1341045415
taxi,4775165.012853471,4745288.447943444,4587514.758354755,3098136.214010283,2687873.767352185,4739440.2692802055
walking,11306625.98257804,11789373.152978333,10317478.846632391,7474541.893367609,7733109.850319501,11074186.670818951
