stage_mode,baseline,walking_scen,bicycle_scen,car_scen,motorcycle_scen,bus_scen
bicycle,166848.96439883055,144136.5399256913,2628502.2573090508,152435.31040626141,97401.35879827017,162044.41306797415
bus,35183580.108360335,33700840.744564496,33669726.04842977,31314033.62584115,14510980.767862102,35200336.335067004
car,11376213.628943842,10749332.639937874,10778431.051132903,16975255.327586185,4635250.388536971,11369887.887379706
motorcycle,1299789.2785357535,1290752.504872701,1259123.7970520162,1072363.8080155926,36425596.81090693,1299789.2785357535
rail,216627.61040565235,213464.73962358385,216627.61040565235,213159.6581447192,73571.62762943111,215712.36596905836
taxi,9957982.370264344,9648274.063284202,9754799.551224267,8701690.095626751,3673990.700450725,9954186.925325861
walking,4350156.807131197,6638738.292807894,4129582.897912048,3894059.99622853,1890895.006003167,5024997.0383798275
