stage_mode,baseline,pedestrian_scen,cycle_scen,car_scen,motorcycle_scen,bus_scen
bus,31115796.12454541,30228841.158722498,30461937.98643615,22145125.943937935,11734694.57612039,62257819.04695881
car,17613706.268533327,16671162.305279858,17205048.701311227,35168904.24900092,7183286.9864501795,6882700.349513532
cycle,1075549.2885875644,940212.3922451633,2788935.9976615966,856130.7460069056,506100.05153279466,454480.4554636826
motorcycle,1635520.2619240663,1564592.3561074145,1590858.4984762918,1218244.8386406845,49859489.83218254,613957.3997008499
other,0,0,0,0,0,0
pedestrian,3228059.7935119662,6134202.443231128,3162586.0697878553,2552171.458393312,1778888.7050723555,5613867.723123131
rail,27854799.13157694,26987229.608231325,27274456.493243683,20012130.60324441,10478099.045958342,10761186.474473663
taxi,3580638.948189723,3445060.9107470363,3511922.2454708116,2643405.763050772,1332426.5681027735,1552023.8387930552
