stage_mode,baseline,pedestrian_scen,cycle_scen,car_scen,motorcycle_scen,bus_scen
bus,118943346.33813635,114694750.48802355,113344594.23084064,88480708.5955993,48787148.084785424,191961058.6564739
car,82899720.12166198,74890826.98873802,78567600.12507147,147475079.57856107,37743733.51053618,53375106.80334794
cycle,1002221.4372874614,788815.5011472662,16762990.001314247,819983.3929710303,490714.5762424373,658323.4990107329
motorcycle,17767228.15455243,17194761.52195097,16891125.674799934,13357101.471689468,199436214.1449883,10005251.299158793
pedestrian,26379711.009990256,40293783.52409406,24948595.78744396,21435980.960197687,14451021.052647136,33181518.1289375
rail,87329462.70084509,86543036.8694219,83845096.73087442,62901281.06949892,33734957.95474588,52070494.71094217
taxi,640807.5278881975,556522.3969860201,602494.7400171186,492362.2218443097,318707.96641643665,420208.5437748976
