stage_mode,baseline,walking_scen,bicycle_scen,car_scen,motorcycle_scen,bus_scen
bicycle,631336.0917109145,552754.8973171092,15853761.758899705,631336.0917109145,337831.97247935104,631336.0917109145
bus,88455605.84141593,83107082.10628319,83649716.17190266,88314562.67199114,45608358.47561947,89080308.96699822
car,147539909.62193805,136893582.10915047,140357407.80792037,148678361.91315517,83027736.63855752,147429020.50942478
motorcycle,1944265.0366519175,1897945.440781711,1932685.1376843657,1932685.1376843657,148539954.3287354,1944265.0366519175
rail,62206522.45974926,61387823.602743365,60445914.62072271,62157886.884085536,31029497.273451325,62206522.45974926
walking,24016547.413724598,40954998.30891487,22554700.96806089,23079353.766563542,16250807.77634761,24018770.754326373
