stage_mode,baseline,walking_scen,bicycle_scen,car_scen,motorcycle_scen,bus_scen
bicycle,53349.53857542171,36678.811492751214,766352.467139149,42744.947828939425,34835.338640532515,53227.49364919223
bus,3623852.6157786315,3239577.0874549393,3432058.7131323777,2756913.900322586,2025660.796791399,3631796.7783122035
car,3715754.8410305316,3065541.765734376,3498208.555720031,6227362.603457267,2163758.2309275926,3712582.1533899596
motorcycle,1032640.3263536745,983752.0192415756,978781.4302166208,796813.2843794198,6646884.830750212,1032463.2548729461
rail,1054003.3003402837,1042078.3221153558,1012221.0737914331,765331.7149443681,576239.5969063502,1054002.582881133
subway,3148240.76451398,3100526.278225271,3019913.6826851093,2291220.7040152224,1699851.7257053838,3148229.823261933
taxi,24836.014369996046,17544.143916162328,23048.19584903296,20995.404289619484,14974.794580069572,24802.23613694922
walking,1282240.9184897535,3869739.7034099293,1219091.4324170456,1109800.6493905052,901883.6267641807,1273415.773772182
