stage_mode,baseline,walking_scen,bicycle_scen,car_scen,motorcycle_scen,bus_scen
bicycle,478242.9324123989,454761.44782120397,2595815.1975442264,436526.09512578615,254677.0039308176,214914.85521114105
bus,21096907.486190356,20597040.90608793,20410238.568835583,18916173.46288968,8523966.139242122,40350608.91731051
car,20664680.523096945,19925643.868314896,19824826.29381913,24541871.698494595,8965239.340143135,9094274.877065713
motorcycle,8100168.541205811,7782661.019456579,7930756.400625831,7371576.315789881,36966467.98596709,3570300.634832853
subway,3612196.0075895526,3525028.603892679,3488690.165036775,3261516.094541252,1500075.6145659136,1628673.614347554
taxi,316169.02755367605,308680.76567989594,298270.25527000654,284243.4622966818,138295.41197137279,129145.12124268054
van,1488572.53109025,1450231.0648062087,1429057.8086718095,1343268.9409331724,634140.9780881123,615537.7351752023
walking,3813281.5651242686,5526170.93820386,3592563.924459894,3415042.544192211,2587356.14035468,5508469.174175669
