stage_mode,baseline,pedestrian_scen,cycle_scen,car_scen,motorcycle_scen,bus_scen
bus,82373525.43433551,79897785.54238084,78416015.45699707,78360634.51940839,30790404.058679458,200681998.02551302
car,147539909.62193805,142561572.097,141390427.43501768,157220417.9773168,62232137.19626548,65316605.40485841
cycle,653106.3017699115,634346.8654424779,15788756.838055458,632262.4836283186,248736.22982300885,391863.78106194694
motorcycle,1944265.0366519175,1932685.1376843657,1909525.3397492627,1892155.4912979351,188830911.2056873,1034084.9778023597
pedestrian,25844245.05788453,34105597.90263381,24131885.8131966,24249634.02484664,14256781.301406916,31029741.293975726
rail,60359814.04394691,59582877.95138536,57078254.61351076,56359761.00002873,22353672.164062884,28295717.265728932
