stage_mode,baseline,pedestrian_scen,cycle_scen,car_scen,motorcycle_scen,bus_scen
bus,32258716.84081301,30717529.02446122,31624364.976812635,17018283.019197553,18789406.43178145,37785027.73441521
car,1675629.659362709,1568956.5581577024,1649736.4760615896,25506787.16281183,1119096.5682787788,1199706.1362925274
cycle,1545414.2033405001,1250300.0536637937,2670801.79306211,821469.757722523,1218172.064383589,1046084.6053652276
motorcycle,13203390.7029464,12087803.342404485,12841908.236071562,6865950.6185512375,27902903.165022697,9056449.192867694
pedestrian,4047778.0806143833,7106340.508389802,3944118.0050691133,2518438.9287938625,3701351.25761049,4248416.778126047
