stage_mode,baseline,walking_scen,bicycle_scen,car_scen,motorcycle_scen,bus_scen
bicycle,30139.190317849556,19628.01480565333,54211.67922905841,16421.24083582261,26177.441590552866,29847.333189385812
bus,618973.6544893704,579125.6382904605,604984.9439832136,340520.8910528363,468070.62885553355,622807.3980355662
car,32678.696168705395,28867.77628184415,31535.85209139717,479149.60518532497,27376.431205380013,32652.45062158117
motorcycle,257496.98972408706,217313.76141064105,251375.79724606263,139700.52912150373,426266.3758850605,256898.02647205835
walking,117857.52302741162,319675.49481604196,114365.86859354259,80488.31569885624,116601.72343083457,112024.16779025343
