,None,Pedestrian,Pedal cycle,2/3 Wheeled,Car/pick-up/van,Bus,Railway train/railway vehicle,non-motor vehicle,Trucks,n_years
Pedestrian,1.109571788,0,2.219143577,69.90302267,481.5541562,241.8866499,0,0,84.32745592,10
Pedal Cycle,0,0,0,2.127659574,25.53191489,11.70212766,0,0,10.63829787,10
Motorcycle,20.72463768,6.217391304,0,9.326086957,58.02898551,30.05072464,0,0,18.65217391,10
3Wheeled,,,,,,,,,,10
Car,48.80769231,3.115384615,0,4.153846154,30.11538462,25.96153846,0,0,22.84615385,10
Pick-up truck/van,8,0,0,0,3,4,0,0,5,10
Heavy transport,22,0,0,0,3,4,0,0,4,10
Bus,34.3943662,1.042253521,1.042253521,1.042253521,8.338028169,14.5915493,0,0,13.54929577,10
Other,0.743714517,0.056772101,0.01703163,0.448499594,3.162206002,1.731549067,0,0,0.840227088,10
