sex ,age ,census population ,census % ,sample size ,sample % ,expected sample size ,weights,rweights
Female ,15-49 ,514523,0.450380684,193,0.38832998,223.8391998,1.1597886,12
Female ,50-69 ,81482,0.071324156,40,0.080482897,35.44810568,0.886202642,9
Male ,15-49 ,474436,0.415291076,222,0.44668008,206.3996646,0.929728219,9
Male ,50-69 ,71977,0.063004084,42,0.084507042,31.31302991,0.745548331,7
