year,cas_type,cas_mode,strk_type,cas_age_original,strike_mode_original,strike_mode,cas_age_2nd,strike_mode_2nd,cas_age_3rd,strike_mode_3rd,cas_age_4th,strike_mode_4th,cas_age_5th,strike_mode_5th,cas_gender,cas_age
2007,Bus,bus,No other/fixed or stationary object,27,No other/fixed or stationary object,NOV,27,NOV,27,NOV,27,NOV,27,NOV,male,27
2007,Pedestrian,pedestrian,Car/pick-up/van,30,Car/pick-up/van,car,30,car,30,car,30,car,30,car,male,30
2007,Heavy transport,truck,No other/fixed or stationary object,25,No other/fixed or stationary object,NOV,25,NOV,25,NOV,25,NOV,25,NOV,male,25
2007,Pedestrian,pedestrian,Car/pick-up/van,30,Car/pick-up/van,car,30,car,30,car,30,car,30,car,male,30
2007,Pedestrian,pedestrian,Car/pick-up/van,37,Car/pick-up/van,car,37,car,37,car,37,car,37,car,male,37
2007,Pedestrian,pedestrian,Bus,4,Bus,bus,4,bus,4,bus,4,bus,4,bus,female,4
2007,Bus,bus,No other/fixed or stationary object,25,No other/fixed or stationary object,NOV,25,NOV,25,NOV,25,NOV,25,NOV,male,25
2007,Pedestrian,pedestrian,Car/pick-up/van,4,Car/pick-up/van,car,4,car,4,car,4,car,4,car,male,4
2007,Pedestrian,pedestrian,Car/pick-up/van,43,Car/pick-up/van,car,43,car,43,car,43,car,43,car,male,43
2007,Pedestrian,pedestrian,Car/pick-up/van,33,Car/pick-up/van,car,33,car,33,car,33,car,33,car,male,33
2007,Motorcycle,motorcycle,Car/pick-up/van,18,Car/pick-up/van,car,18,car,18,car,18,car,18,car,male,18
2007,Car,car,Bus,19,Bus,bus,19,bus,19,bus,19,bus,19,bus,male,19
2007,Pedal Cycle,cycle,Car/pick-up/van,16,Car/pick-up/van,car,16,car,16,car,16,car,16,car,male,16
2007,Car,car,No other/fixed or stationary object,25,No other/fixed or stationary object,NOV,25,NOV,25,NOV,25,NOV,25,NOV,male,25
2007,Pedestrian,pedestrian,Car/pick-up/van,27,Car/pick-up/van,car,27,car,27,car,27,car,27,car,male,27
2007,Pedestrian,pedestrian,Car/pick-up/van,58,Car/pick-up/van,car,58,car,58,car,58,car,58,car,male,58
2007,Pick-up truck/van,car,Trucks,28,Trucks,truck,28,truck,28,truck,28,truck,28,truck,male,28
2007,Pedestrian,pedestrian,Bus,18,Bus,bus,18,bus,18,bus,18,bus,18,bus,male,18
2007,Pedestrian,pedestrian,Trucks,40,Trucks,truck,40,truck,40,truck,40,truck,40,truck,male,40
2007,Pedestrian,pedestrian,unspecified,31,NA,bus,31,car,31,bus,31,bus,31,car,male,31
2007,Pedestrian,pedestrian,Trucks,18,Trucks,truck,18,truck,18,truck,18,truck,18,truck,male,18
2007,Bus,bus,No other/fixed or stationary object,33,No other/fixed or stationary object,NOV,33,NOV,33,NOV,33,NOV,33,NOV,male,33
2007,Motorcycle,motorcycle,Bus,27,Bus,bus,27,bus,27,bus,27,bus,27,bus,male,27
2007,Pedestrian,pedestrian,Trucks,45,Trucks,truck,45,truck,45,truck,45,truck,45,truck,male,45
2007,Pedestrian,pedestrian,Car/pick-up/van,65,Car/pick-up/van,car,65,car,65,car,65,car,65,car,male,65
2007,Car,car,Car/pick-up/van,25,Car/pick-up/van,car,25,car,25,car,25,car,25,car,male,25
2007,Pedestrian,pedestrian,unspecified,32,NA,truck,32,truck,32,truck,32,car,32,bus,male,32
2007,Motorcycle,motorcycle,Car/pick-up/van,27,Car/pick-up/van,car,27,car,27,car,27,car,27,car,male,27
2007,Pedestrian,pedestrian,2/3 Wheeled,34,2/3 Wheeled,motorcycle,34,motorcycle,34,motorcycle,34,motorcycle,34,motorcycle,male,34
2007,Pedestrian,pedestrian,Car/pick-up/van,10,Car/pick-up/van,car,10,car,10,car,10,car,10,car,female,10
2007,Pedestrian,pedestrian,Car/pick-up/van,2,Car/pick-up/van,car,2,car,2,car,2,car,2,car,female,2
2007,Car,car,Car/pick-up/van,30,Car/pick-up/van,car,30,car,30,car,30,car,30,car,male,30
2007,Pedestrian,pedestrian,Car/pick-up/van,27,Car/pick-up/van,car,27,car,27,car,27,car,27,car,male,27
2007,Heavy transport,truck,Bus,37,Bus,bus,37,bus,37,bus,37,bus,37,bus,male,37
2007,Pedestrian,pedestrian,Bus,40,Bus,bus,40,bus,40,bus,40,bus,40,bus,male,40
2007,Motorcycle,motorcycle,Trucks,31,Trucks,truck,31,truck,31,truck,31,truck,31,truck,male,31
2007,Bus,bus,Bus,32,Bus,bus,32,bus,32,bus,32,bus,32,bus,male,32
2007,Heavy transport,truck,Car/pick-up/van,30,Car/pick-up/van,car,30,car,30,car,30,car,30,car,male,30
2007,Car,car,Trucks,32,Trucks,truck,32,truck,32,truck,32,truck,32,truck,male,32
2007,Pedestrian,pedestrian,Unknown,35,NA,car,35,bus,35,bus,35,car,35,truck,female,35
2007,Motorcycle,motorcycle,Trucks,29,Trucks,truck,29,truck,29,truck,29,truck,29,truck,male,29
2007,Heavy transport,truck,No other/fixed or stationary object,20,No other/fixed or stationary object,NOV,20,NOV,20,NOV,20,NOV,20,NOV,female,20
2007,Pedestrian,pedestrian,Car/pick-up/van,31,Car/pick-up/van,car,31,car,31,car,31,car,31,car,female,31
2007,Pedestrian,pedestrian,Bus,32,Bus,bus,32,bus,32,bus,32,bus,32,bus,male,32
2007,Pedestrian,pedestrian,Unknown,32,NA,bus,32,car,32,bus,32,motorcycle,32,car,male,32
2007,Pedestrian,pedestrian,Car/pick-up/van,40,Car/pick-up/van,car,40,car,40,car,40,car,40,car,male,40
2007,Heavy transport,truck,Trucks,42,Trucks,truck,42,truck,42,truck,42,truck,42,truck,male,42
2007,Pedestrian,pedestrian,Bus,2,Bus,bus,2,bus,2,bus,2,bus,2,bus,male,2
2007,Pedestrian,pedestrian,Car/pick-up/van,46,Car/pick-up/van,car,46,car,46,car,46,car,46,car,female,46
2007,Pedestrian,pedestrian,Trucks,29,Trucks,truck,29,truck,29,truck,29,truck,29,truck,male,29
2007,Car,car,Trucks,30,Trucks,truck,30,truck,30,truck,30,truck,30,truck,male,30
2007,Motorcycle,motorcycle,No other/fixed or stationary object,32,No other/fixed or stationary object,NOV,32,NOV,32,NOV,32,NOV,32,NOV,male,32
2007,Pedestrian,pedestrian,Trucks,11,Trucks,truck,11,truck,11,truck,11,truck,11,truck,female,11
2007,Pedestrian,pedestrian,Bus,7,Bus,bus,7,bus,7,bus,7,bus,7,bus,male,7
2007,Heavy transport,truck,No other/fixed or stationary object,22,No other/fixed or stationary object,NOV,22,NOV,22,NOV,22,NOV,22,NOV,male,22
2007,Pedestrian,pedestrian,Bus,60,Bus,bus,60,bus,60,bus,60,bus,60,bus,male,60
2007,Pedestrian,pedestrian,Trucks,65,Trucks,truck,65,truck,65,truck,65,truck,65,truck,male,65
2007,Pedestrian,pedestrian,Bus,35,Bus,bus,35,bus,35,bus,35,bus,35,bus,male,35
2007,Car,car,Car/pick-up/van,36,Car/pick-up/van,car,36,car,36,car,36,car,36,car,female,36
2007,Pedestrian,pedestrian,Car/pick-up/van,30,Car/pick-up/van,car,30,car,30,car,30,car,30,car,male,30
2007,Pedestrian,pedestrian,Bus,7,Bus,bus,7,bus,7,bus,7,bus,7,bus,male,7
2007,Motorcycle,motorcycle,Bus,34,Bus,bus,34,bus,34,bus,34,bus,34,bus,male,34
2007,Pedestrian,pedestrian,Bus,15,Bus,bus,15,bus,15,bus,15,bus,15,bus,female,15
2007,Pedestrian,pedestrian,Trucks,33,Trucks,truck,33,truck,33,truck,33,truck,33,truck,male,33
2007,Pedestrian,pedestrian,2/3 Wheeled,23,2/3 Wheeled,motorcycle,23,motorcycle,23,motorcycle,23,motorcycle,23,motorcycle,female,23
2007,Pedestrian,pedestrian,Car/pick-up/van,29,Car/pick-up/van,car,29,car,29,car,29,car,29,car,male,29
2007,Pedestrian,pedestrian,Car/pick-up/van,30,Car/pick-up/van,car,30,car,30,car,30,car,30,car,male,30
2007,Pedestrian,pedestrian,Car/pick-up/van,73,Car/pick-up/van,car,73,car,73,car,73,car,73,car,male,73
2007,Pedestrian,pedestrian,Bus,9,Bus,bus,9,bus,9,bus,9,bus,9,bus,female,9
2007,Pedestrian,pedestrian,2/3 Wheeled,29,2/3 Wheeled,motorcycle,29,motorcycle,29,motorcycle,29,motorcycle,29,motorcycle,male,29
2007,Bus,bus,Pedal cycle,43,Pedal cycle,cycle,43,cycle,43,cycle,43,cycle,43,cycle,female,43
2007,Pedestrian,pedestrian,Bus,68,Bus,bus,68,bus,68,bus,68,bus,68,bus,male,68
2007,Pedestrian,pedestrian,Car/pick-up/van,62,Car/pick-up/van,car,62,car,62,car,62,car,62,car,male,62
2007,Pedestrian,pedestrian,Bus,57,Bus,bus,57,bus,57,bus,57,bus,57,bus,male,57
2007,Pedestrian,pedestrian,Car/pick-up/van,30,Car/pick-up/van,car,30,car,30,car,30,car,30,car,male,30
2007,Pedestrian,pedestrian,Car/pick-up/van,28,Car/pick-up/van,car,28,car,28,car,28,car,28,car,male,28
2007,Car,car,Bus,26,Bus,bus,26,bus,26,bus,26,bus,26,bus,male,26
2007,Pedestrian,pedestrian,Car/pick-up/van,53,Car/pick-up/van,car,53,car,53,car,53,car,53,car,male,53
2007,Pedestrian,pedestrian,Bus,47,Bus,bus,47,bus,47,bus,47,bus,47,bus,male,47
2007,Pick-up truck/van,car,No other/fixed or stationary object,35,No other/fixed or stationary object,NOV,35,NOV,35,NOV,35,NOV,35,NOV,male,35
2007,Pedestrian,pedestrian,Car/pick-up/van,3,Car/pick-up/van,car,3,car,3,car,3,car,3,car,female,3
2007,Pedestrian,pedestrian,Car/pick-up/van,40,Car/pick-up/van,car,40,car,40,car,40,car,40,car,male,40
2007,Pedestrian,pedestrian,Car/pick-up/van,28,Car/pick-up/van,car,28,car,28,car,28,car,28,car,male,28
2007,Pedestrian,pedestrian,Bus,25,Bus,bus,25,bus,25,bus,25,bus,25,bus,female,25
2007,Pedestrian,pedestrian,Car/pick-up/van,32,Car/pick-up/van,car,32,car,32,car,32,car,32,car,male,32
2007,Pedestrian,pedestrian,Bus,42,Bus,bus,42,bus,42,bus,42,bus,42,bus,female,42
2007,Pedestrian,pedestrian,Bus,19,Bus,bus,19,bus,19,bus,19,bus,19,bus,female,19
2007,Pedestrian,pedestrian,Trucks,40,Trucks,truck,40,truck,40,truck,40,truck,40,truck,male,40
2007,Pedestrian,pedestrian,Car/pick-up/van,56,Car/pick-up/van,car,56,car,56,car,56,car,56,car,male,56
2007,Pedestrian,pedestrian,Bus,38,Bus,bus,38,bus,38,bus,38,bus,38,bus,male,38
2007,Pedestrian,pedestrian,Car/pick-up/van,45,Car/pick-up/van,car,45,car,45,car,45,car,45,car,male,45
2007,Pedestrian,pedestrian,Bus,90,Bus,bus,90,bus,90,bus,90,bus,90,bus,male,90
2007,Motorcycle,motorcycle,No other/fixed or stationary object,22,No other/fixed or stationary object,NOV,22,NOV,22,NOV,22,NOV,22,NOV,male,22
2007,Pedestrian,pedestrian,Car/pick-up/van,50,Car/pick-up/van,car,50,car,50,car,50,car,50,car,male,50
2007,Pedestrian,pedestrian,Bus,53,Bus,bus,53,bus,53,bus,53,bus,53,bus,male,53
2007,Bus,bus,No other/fixed or stationary object,28,No other/fixed or stationary object,NOV,28,NOV,28,NOV,28,NOV,28,NOV,male,28
2007,Pedestrian,pedestrian,Car/pick-up/van,84,Car/pick-up/van,car,84,car,84,car,84,car,84,car,male,84
2007,Pedestrian,pedestrian,Car/pick-up/van,40,Car/pick-up/van,car,40,car,40,car,40,car,40,car,male,40
2007,Car,car,Bus,31,Bus,bus,31,bus,31,bus,31,bus,31,bus,male,31
2007,Motorcycle,motorcycle,Car/pick-up/van,50,Car/pick-up/van,car,50,car,50,car,50,car,50,car,male,50
2007,Pedestrian,pedestrian,Car/pick-up/van,60,Car/pick-up/van,car,60,car,60,car,60,car,60,car,male,60
2007,Pedestrian,pedestrian,Bus,25,Bus,bus,25,bus,25,bus,25,bus,25,bus,male,25
2007,Pedestrian,pedestrian,Car/pick-up/van,20,Car/pick-up/van,car,20,car,20,car,20,car,20,car,male,20
2007,Pedestrian,pedestrian,Car/pick-up/van,25,Car/pick-up/van,car,25,car,25,car,25,car,25,car,male,25
2007,Bus,bus,No other/fixed or stationary object,27,No other/fixed or stationary object,NOV,27,NOV,27,NOV,27,NOV,27,NOV,male,27
2007,Heavy transport,truck,No other/fixed or stationary object,30,No other/fixed or stationary object,NOV,30,NOV,30,NOV,30,NOV,30,NOV,male,30
2007,Pedestrian,pedestrian,Car/pick-up/van,60,Car/pick-up/van,car,60,car,60,car,60,car,60,car,male,60
2007,Car,car,Trucks,26,Trucks,truck,26,truck,26,truck,26,truck,26,truck,male,26
2008,Pedestrian,pedestrian,Car/pick-up/van,25,Car/pick-up/van,car,25,car,25,car,25,car,25,car,male,25
2008,Pedestrian,pedestrian,Bus,12,Bus,bus,12,bus,12,bus,12,bus,12,bus,female,12
2008,Pedestrian,pedestrian,Bus,60,Bus,bus,60,bus,60,bus,60,bus,60,bus,male,60
2008,Pedestrian,pedestrian,Trucks,70,Trucks,truck,70,truck,70,truck,70,truck,70,truck,female,70
2008,Pedestrian,pedestrian,Car/pick-up/van,3,Car/pick-up/van,car,3,car,3,car,3,car,3,car,male,3
2008,Pedestrian,pedestrian,Bus,45,Bus,bus,45,bus,45,bus,45,bus,45,bus,male,45
2008,Motorcycle,motorcycle,Car/pick-up/van,23,Car/pick-up/van,car,23,car,23,car,23,car,23,car,male,23
2008,Pedestrian,pedestrian,2/3 Wheeled,32,2/3 Wheeled,motorcycle,32,motorcycle,32,motorcycle,32,motorcycle,32,motorcycle,male,32
2008,Pedestrian,pedestrian,Car/pick-up/van,14,Car/pick-up/van,car,14,car,14,car,14,car,14,car,male,14
2008,Motorcycle,motorcycle,Car/pick-up/van,19,Car/pick-up/van,car,19,car,19,car,19,car,19,car,male,19
2008,Heavy transport,truck,No other/fixed or stationary object,24,No other/fixed or stationary object,NOV,24,NOV,24,NOV,24,NOV,24,NOV,male,24
2008,Pedal Cycle,cycle,Unknown,25,NA,bus,25,car,25,car,25,car,25,car,male,25
2008,Car,car,No other/fixed or stationary object,28,No other/fixed or stationary object,NOV,28,NOV,28,NOV,28,NOV,28,NOV,male,28
2008,Pedestrian,pedestrian,Bus,43,Bus,bus,43,bus,43,bus,43,bus,43,bus,female,43
2008,Motorcycle,motorcycle,Pedestrian,39,Pedestrian,pedestrian,39,pedestrian,39,pedestrian,39,pedestrian,39,pedestrian,male,39
2008,Pedestrian,pedestrian,2/3 Wheeled,63,2/3 Wheeled,motorcycle,63,motorcycle,63,motorcycle,63,motorcycle,63,motorcycle,male,63
2008,Pedestrian,pedestrian,Unknown,16,NA,car,16,car,16,car,16,car,16,car,female,16
2008,Pedestrian,pedestrian,Bus,7,Bus,bus,7,bus,7,bus,7,bus,7,bus,male,7
2008,Motorcycle,motorcycle,No other/fixed or stationary object,32,No other/fixed or stationary object,NOV,32,NOV,32,NOV,32,NOV,32,NOV,male,32
2008,Pedestrian,pedestrian,Pedal cycle,75,Pedal cycle,cycle,75,cycle,75,cycle,75,cycle,75,cycle,female,75
2008,Car,car,unspecified,1,NA,bus,1,truck,1,truck,1,bus,1,bus,male,1
2008,Pedestrian,pedestrian,Car/pick-up/van,60,Car/pick-up/van,car,60,car,60,car,60,car,60,car,male,60
2008,Car,car,Pedestrian,48,Pedestrian,pedestrian,48,pedestrian,48,pedestrian,48,pedestrian,48,pedestrian,male,48
2008,Car,car,Trucks,46,Trucks,truck,46,truck,46,truck,46,truck,46,truck,male,46
2008,Car,car,Car/pick-up/van,3,Car/pick-up/van,car,3,car,3,car,3,car,3,car,female,3
2008,Pedestrian,pedestrian,Bus,40,Bus,bus,40,bus,40,bus,40,bus,40,bus,male,40
2008,Pedal Cycle,cycle,Trucks,25,Trucks,truck,25,truck,25,truck,25,truck,25,truck,male,25
2008,Pedestrian,pedestrian,Trucks,32,Trucks,truck,32,truck,32,truck,32,truck,32,truck,male,32
2008,Pedestrian,pedestrian,Car/pick-up/van,26,Car/pick-up/van,car,26,car,26,car,26,car,26,car,female,26
2008,Pedestrian,pedestrian,Bus,3,Bus,bus,3,bus,3,bus,3,bus,3,bus,female,3
2008,Pedestrian,pedestrian,Bus,32,Bus,bus,32,bus,32,bus,32,bus,32,bus,male,32
2008,Pedestrian,pedestrian,Trucks,40,Trucks,truck,40,truck,40,truck,40,truck,40,truck,male,40
2008,Pedestrian,pedestrian,Bus,9,Bus,bus,9,bus,9,bus,9,bus,9,bus,male,9
2008,Pedal Cycle,cycle,Trucks,23,Trucks,truck,23,truck,23,truck,23,truck,23,truck,male,23
2008,Pedestrian,pedestrian,Bus,26,Bus,bus,26,bus,26,bus,26,bus,26,bus,male,26
2008,Pedestrian,pedestrian,Car/pick-up/van,32,Car/pick-up/van,car,32,car,32,car,32,car,32,car,male,32
2008,Pedestrian,pedestrian,Bus,50,Bus,bus,50,bus,50,bus,50,bus,50,bus,male,50
2008,Motorcycle,motorcycle,Trucks,38,Trucks,truck,38,truck,38,truck,38,truck,38,truck,male,38
2008,Pedestrian,pedestrian,Unknown,23,NA,bus,23,car,23,car,23,bus,23,truck,male,23
2008,Pedestrian,pedestrian,Car/pick-up/van,33,Car/pick-up/van,car,33,car,33,car,33,car,33,car,female,33
2008,Motorcycle,motorcycle,2/3 Wheeled,35,2/3 Wheeled,motorcycle,35,motorcycle,35,motorcycle,35,motorcycle,35,motorcycle,male,35
2008,Car,car,No other/fixed or stationary object,20,No other/fixed or stationary object,NOV,20,NOV,20,NOV,20,NOV,20,NOV,male,20
2008,Car,car,Car/pick-up/van,41,Car/pick-up/van,car,41,car,41,car,41,car,41,car,male,41
2008,Pedestrian,pedestrian,Car/pick-up/van,2,Car/pick-up/van,car,2,car,2,car,2,car,2,car,male,2
2008,Pedestrian,pedestrian,Bus,46,Bus,bus,46,bus,46,bus,46,bus,46,bus,male,46
2008,Heavy transport,truck,No other/fixed or stationary object,33,No other/fixed or stationary object,NOV,33,NOV,33,NOV,33,NOV,33,NOV,male,33
2008,Pedestrian,pedestrian,2/3 Wheeled,22,2/3 Wheeled,motorcycle,22,motorcycle,22,motorcycle,22,motorcycle,22,motorcycle,male,22
2008,Pedestrian,pedestrian,Bus,60,Bus,bus,60,bus,60,bus,60,bus,60,bus,female,60
2008,Pedestrian,pedestrian,Car/pick-up/van,41,Car/pick-up/van,car,41,car,41,car,41,car,41,car,male,41
2008,Bus,bus,No other/fixed or stationary object,30,No other/fixed or stationary object,NOV,30,NOV,30,NOV,30,NOV,30,NOV,female,30
2008,Pedal Cycle,cycle,Trucks,52,Trucks,truck,52,truck,52,truck,52,truck,52,truck,male,52
2008,Car,car,Trucks,41,Trucks,truck,41,truck,41,truck,41,truck,41,truck,male,41
2008,Pedestrian,pedestrian,Bus,50,Bus,bus,50,bus,50,bus,50,bus,50,bus,male,50
2008,Pedestrian,pedestrian,2/3 Wheeled,44,2/3 Wheeled,motorcycle,44,motorcycle,44,motorcycle,44,motorcycle,44,motorcycle,male,44
2008,Motorcycle,motorcycle,Bus,31,Bus,bus,31,bus,31,bus,31,bus,31,bus,male,31
2008,Pedestrian,pedestrian,Trucks,92,Trucks,truck,92,truck,92,truck,92,truck,92,truck,female,92
2008,Car,car,No other/fixed or stationary object,28,No other/fixed or stationary object,NOV,28,NOV,28,NOV,28,NOV,28,NOV,male,28
2008,Pedestrian,pedestrian,Car/pick-up/van,40,Car/pick-up/van,car,40,car,40,car,40,car,40,car,male,40
2008,Pedal Cycle,cycle,Trucks,48,Trucks,truck,48,truck,48,truck,48,truck,48,truck,male,48
2008,Heavy transport,truck,No other/fixed or stationary object,35,No other/fixed or stationary object,NOV,35,NOV,35,NOV,35,NOV,35,NOV,male,35
2008,Motorcycle,motorcycle,Car/pick-up/van,1,Car/pick-up/van,car,1,car,1,car,1,car,1,car,female,1
2008,Pedestrian,pedestrian,Bus,56,Bus,bus,56,bus,56,bus,56,bus,56,bus,male,56
2008,Pedestrian,pedestrian,2/3 Wheeled,25,2/3 Wheeled,motorcycle,25,motorcycle,25,motorcycle,25,motorcycle,25,motorcycle,male,25
2008,Pedestrian,pedestrian,Bus,48,Bus,bus,48,bus,48,bus,48,bus,48,bus,female,48
2008,Bus,bus,Bus,20,Bus,bus,20,bus,20,bus,20,bus,20,bus,male,20
2008,Pedestrian,pedestrian,Bus,2,Bus,bus,2,bus,2,bus,2,bus,2,bus,male,2
2008,Pedestrian,pedestrian,Car/pick-up/van,71,Car/pick-up/van,car,71,car,71,car,71,car,71,car,female,71
2008,Pedestrian,pedestrian,Trucks,45,Trucks,truck,45,truck,45,truck,45,truck,45,truck,male,45
2008,Motorcycle,motorcycle,Bus,31,Bus,bus,31,bus,31,bus,31,bus,31,bus,male,31
2008,Pedestrian,pedestrian,Trucks,31,Trucks,truck,31,truck,31,truck,31,truck,31,truck,female,31
2008,Pedestrian,pedestrian,Car/pick-up/van,60,Car/pick-up/van,car,60,car,60,car,60,car,60,car,male,60
2008,Pedestrian,pedestrian,Car/pick-up/van,35,Car/pick-up/van,car,35,car,35,car,35,car,35,car,female,35
2008,Pedestrian,pedestrian,Car/pick-up/van,16,Car/pick-up/van,car,16,car,16,car,16,car,16,car,female,16
2008,Pedestrian,pedestrian,Car/pick-up/van,20,Car/pick-up/van,car,20,car,20,car,20,car,20,car,male,20
2008,Pedestrian,pedestrian,Car/pick-up/van,9,Car/pick-up/van,car,9,car,9,car,9,car,9,car,male,9
2008,Pedestrian,pedestrian,Car/pick-up/van,52,Car/pick-up/van,car,52,car,52,car,52,car,52,car,male,52
2008,Motorcycle,motorcycle,Car/pick-up/van,26,Car/pick-up/van,car,26,car,26,car,26,car,26,car,male,26
2008,Motorcycle,motorcycle,Car/pick-up/van,26,Car/pick-up/van,car,26,car,26,car,26,car,26,car,male,26
2008,Pedestrian,pedestrian,Car/pick-up/van,45,Car/pick-up/van,car,45,car,45,car,45,car,45,car,male,45
2008,Pedestrian,pedestrian,Car/pick-up/van,51,Car/pick-up/van,car,51,car,51,car,51,car,51,car,male,51
2008,Pedestrian,pedestrian,Car/pick-up/van,11,Car/pick-up/van,car,11,car,11,car,11,car,11,car,male,11
2008,Pedestrian,pedestrian,2/3 Wheeled,62,2/3 Wheeled,motorcycle,62,motorcycle,62,motorcycle,62,motorcycle,62,motorcycle,male,62
2008,Pedestrian,pedestrian,Bus,3,Bus,bus,3,bus,3,bus,3,bus,3,bus,male,3
2008,Pedestrian,pedestrian,Bus,26,Bus,bus,26,bus,26,bus,26,bus,26,bus,female,26
2008,Car,car,No other/fixed or stationary object,35,No other/fixed or stationary object,NOV,35,NOV,35,NOV,35,NOV,35,NOV,male,35
2008,Pedestrian,pedestrian,Car/pick-up/van,20,Car/pick-up/van,car,20,car,20,car,20,car,20,car,female,20
2008,Pedestrian,pedestrian,Car/pick-up/van,23,Car/pick-up/van,car,23,car,23,car,23,car,23,car,female,23
2008,Pedestrian,pedestrian,Trucks,15,Trucks,truck,15,truck,15,truck,15,truck,15,truck,male,15
2008,Pedestrian,pedestrian,Car/pick-up/van,30,Car/pick-up/van,car,30,car,30,car,30,car,30,car,male,30
2008,Pedestrian,pedestrian,Car/pick-up/van,39,Car/pick-up/van,car,39,car,39,car,39,car,39,car,male,39
2008,Pedestrian,pedestrian,Car/pick-up/van,35,Car/pick-up/van,car,35,car,35,car,35,car,35,car,male,35
2008,Motorcycle,motorcycle,Bus,35,Bus,bus,35,bus,35,bus,35,bus,35,bus,male,35
2008,Pedestrian,pedestrian,Bus,56,Bus,bus,56,bus,56,bus,56,bus,56,bus,male,56
2008,Pedestrian,pedestrian,Bus,57,Bus,bus,57,bus,57,bus,57,bus,57,bus,male,57
2008,Pedestrian,pedestrian,Car/pick-up/van,60,Car/pick-up/van,car,60,car,60,car,60,car,60,car,male,60
2008,Pedestrian,pedestrian,Trucks,28,Trucks,truck,28,truck,28,truck,28,truck,28,truck,male,28
2008,Pedestrian,pedestrian,Unknown,58,NA,bus,58,car,58,motorcycle,58,car,58,car,male,58
2008,Pedestrian,pedestrian,Car/pick-up/van,48,Car/pick-up/van,car,48,car,48,car,48,car,48,car,male,48
2008,Pedestrian,pedestrian,Car/pick-up/van,45,Car/pick-up/van,car,45,car,45,car,45,car,45,car,male,45
2008,Pedestrian,pedestrian,2/3 Wheeled,4,2/3 Wheeled,motorcycle,4,motorcycle,4,motorcycle,4,motorcycle,4,motorcycle,female,4
2008,Pedal Cycle,cycle,Car/pick-up/van,42,Car/pick-up/van,car,42,car,42,car,42,car,42,car,male,42
2008,Pedestrian,pedestrian,Car/pick-up/van,31,Car/pick-up/van,car,31,car,31,car,31,car,31,car,male,31
2008,Car,car,Car/pick-up/van,1,Car/pick-up/van,car,1,car,1,car,1,car,1,car,male,1
2008,Car,car,No other/fixed or stationary object,22,No other/fixed or stationary object,NOV,22,NOV,22,NOV,22,NOV,22,NOV,male,22
2008,Pedestrian,pedestrian,Bus,29,Bus,bus,29,bus,29,bus,29,bus,29,bus,female,29
2008,Car,car,Bus,1,Bus,bus,1,bus,1,bus,1,bus,1,bus,male,1
2008,Car,car,Car/pick-up/van,54,Car/pick-up/van,car,54,car,54,car,54,car,54,car,male,54
2008,Car,car,Car/pick-up/van,53,Car/pick-up/van,car,53,car,53,car,53,car,53,car,male,53
2008,Car,car,Car/pick-up/van,45,Car/pick-up/van,car,45,car,45,car,45,car,45,car,female,45
2008,Bus,bus,Bus,28,Bus,bus,28,bus,28,bus,28,bus,28,bus,male,28
2008,Pedestrian,pedestrian,Bus,40,Bus,bus,40,bus,40,bus,40,bus,40,bus,female,40
2008,Pedestrian,pedestrian,Bus,72,Bus,bus,72,bus,72,bus,72,bus,72,bus,male,72
2008,Pedestrian,pedestrian,unspecified,36,NA,car,36,car,36,car,36,bus,36,truck,male,36
2008,Pedestrian,pedestrian,Trucks,29,Trucks,truck,29,truck,29,truck,29,truck,29,truck,female,29
2008,Car,car,No other/fixed or stationary object,45,No other/fixed or stationary object,NOV,45,NOV,45,NOV,45,NOV,45,NOV,male,45
2008,Pedestrian,pedestrian,Car/pick-up/van,28,Car/pick-up/van,car,28,car,28,car,28,car,28,car,male,28
2008,Pedestrian,pedestrian,Car/pick-up/van,33,Car/pick-up/van,car,33,car,33,car,33,car,33,car,male,33
2008,Pedestrian,pedestrian,Bus,11,Bus,bus,11,bus,11,bus,11,bus,11,bus,male,11
2008,Pedestrian,pedestrian,Car/pick-up/van,68,Car/pick-up/van,car,68,car,68,car,68,car,68,car,female,68
2008,Pick-up truck/van,car,Car/pick-up/van,42,Car/pick-up/van,car,42,car,42,car,42,car,42,car,male,42
2008,Pedestrian,pedestrian,Bus,25,Bus,bus,25,bus,25,bus,25,bus,25,bus,female,25
2008,Pedestrian,pedestrian,Bus,79,Bus,bus,79,bus,79,bus,79,bus,79,bus,male,79
2008,Pedestrian,pedestrian,Bus,43,Bus,bus,43,bus,43,bus,43,bus,43,bus,female,43
2008,Pedestrian,pedestrian,Car/pick-up/van,6,Car/pick-up/van,car,6,car,6,car,6,car,6,car,male,6
2008,Pedestrian,pedestrian,Car/pick-up/van,14,Car/pick-up/van,car,14,car,14,car,14,car,14,car,female,14
2008,Pedestrian,pedestrian,Bus,3,Bus,bus,3,bus,3,bus,3,bus,3,bus,male,3
2008,Pedestrian,pedestrian,Car/pick-up/van,38,Car/pick-up/van,car,38,car,38,car,38,car,38,car,male,38
2008,Pedestrian,pedestrian,Trucks,20,Trucks,truck,20,truck,20,truck,20,truck,20,truck,female,20
2008,Pedestrian,pedestrian,Bus,42,Bus,bus,42,bus,42,bus,42,bus,42,bus,male,42
2008,Pedestrian,pedestrian,Bus,65,Bus,bus,65,bus,65,bus,65,bus,65,bus,male,65
2008,Pedal Cycle,cycle,Car/pick-up/van,38,Car/pick-up/van,car,38,car,38,car,38,car,38,car,male,38
2008,Pedestrian,pedestrian,Car/pick-up/van,70,Car/pick-up/van,car,70,car,70,car,70,car,70,car,female,70
2008,Pedestrian,pedestrian,Car/pick-up/van,50,Car/pick-up/van,car,50,car,50,car,50,car,50,car,male,50
2008,Pedestrian,pedestrian,Car/pick-up/van,36,Car/pick-up/van,car,36,car,36,car,36,car,36,car,male,36
2008,Pick-up truck/van,car,Car/pick-up/van,34,Car/pick-up/van,car,34,car,34,car,34,car,34,car,male,34
2008,Pedestrian,pedestrian,2/3 Wheeled,4,2/3 Wheeled,motorcycle,4,motorcycle,4,motorcycle,4,motorcycle,4,motorcycle,female,4
2008,Motorcycle,motorcycle,Car/pick-up/van,27,Car/pick-up/van,car,27,car,27,car,27,car,27,car,male,27
2008,Pedestrian,pedestrian,Car/pick-up/van,48,Car/pick-up/van,car,48,car,48,car,48,car,48,car,male,48
2008,Pedestrian,pedestrian,Car/pick-up/van,40,Car/pick-up/van,car,40,car,40,car,40,car,40,car,female,40
2008,Pedestrian,pedestrian,Car/pick-up/van,80,Car/pick-up/van,car,80,car,80,car,80,car,80,car,male,80
2008,Pedal Cycle,cycle,unspecified,32,NA,car,32,bus,32,bus,32,car,32,truck,male,32
2008,Car,car,Car/pick-up/van,33,Car/pick-up/van,car,33,car,33,car,33,car,33,car,male,33
2008,Pedestrian,pedestrian,Car/pick-up/van,52,Car/pick-up/van,car,52,car,52,car,52,car,52,car,female,52
2008,Pedestrian,pedestrian,Trucks,30,Trucks,truck,30,truck,30,truck,30,truck,30,truck,female,30
2008,Motorcycle,motorcycle,Bus,28,Bus,bus,28,bus,28,bus,28,bus,28,bus,male,28
2008,Pedestrian,pedestrian,Trucks,65,Trucks,truck,65,truck,65,truck,65,truck,65,truck,male,65
2008,Pedestrian,pedestrian,Bus,38,Bus,bus,38,bus,38,bus,38,bus,38,bus,female,38
2008,Pedestrian,pedestrian,Car/pick-up/van,45,Car/pick-up/van,car,45,car,45,car,45,car,45,car,male,45
2008,Car,car,No other/fixed or stationary object,2,No other/fixed or stationary object,NOV,2,NOV,2,NOV,2,NOV,2,NOV,male,2
2008,Pedestrian,pedestrian,unspecified,12,NA,car,12,car,12,car,12,bus,12,car,male,12
2008,Pedestrian,pedestrian,Car/pick-up/van,15,Car/pick-up/van,car,15,car,15,car,15,car,15,car,male,15
2008,Pedestrian,pedestrian,Bus,17,Bus,bus,17,bus,17,bus,17,bus,17,bus,male,17
2008,Car,car,No other/fixed or stationary object,46,No other/fixed or stationary object,NOV,46,NOV,46,NOV,46,NOV,46,NOV,male,46
2008,Pedal Cycle,cycle,Unknown,32,NA,car,32,bus,32,truck,32,truck,32,car,male,32
2008,Pedal Cycle,cycle,2/3 Wheeled,22,2/3 Wheeled,motorcycle,22,motorcycle,22,motorcycle,22,motorcycle,22,motorcycle,male,22
2008,Pedestrian,pedestrian,Bus,82,Bus,bus,82,bus,82,bus,82,bus,82,bus,male,82
2008,Bus,bus,No other/fixed or stationary object,29,No other/fixed or stationary object,NOV,29,NOV,29,NOV,29,NOV,29,NOV,male,29
2008,Bus,bus,No other/fixed or stationary object,42,No other/fixed or stationary object,NOV,42,NOV,42,NOV,42,NOV,42,NOV,male,42
2008,Pedestrian,pedestrian,Car/pick-up/van,43,Car/pick-up/van,car,43,car,43,car,43,car,43,car,male,43
2008,Pedestrian,pedestrian,Car/pick-up/van,2,Car/pick-up/van,car,2,car,2,car,2,car,2,car,male,2
2008,Pedestrian,pedestrian,Car/pick-up/van,35,Car/pick-up/van,car,35,car,35,car,35,car,35,car,male,35
2008,Pedestrian,pedestrian,Bus,32,Bus,bus,32,bus,32,bus,32,bus,32,bus,male,32
2008,Pedestrian,pedestrian,Car/pick-up/van,62,Car/pick-up/van,car,62,car,62,car,62,car,62,car,female,62
2008,Pedal Cycle,cycle,Bus,30,Bus,bus,30,bus,30,bus,30,bus,30,bus,male,30
2008,Pedestrian,pedestrian,Car/pick-up/van,35,Car/pick-up/van,car,35,car,35,car,35,car,35,car,male,35
2009,Car,car,No other/fixed or stationary object,42,No other/fixed or stationary object,NOV,42,NOV,42,NOV,42,NOV,42,NOV,male,42
2009,Car,car,No other/fixed or stationary object,37,No other/fixed or stationary object,NOV,37,NOV,37,NOV,37,NOV,37,NOV,female,37
2009,Pedestrian,pedestrian,Car/pick-up/van,32,Car/pick-up/van,car,32,car,32,car,32,car,32,car,male,32
2009,Pedestrian,pedestrian,Unknown,35,NA,car,35,truck,35,car,35,car,35,car,female,35
2009,Car,car,Trucks,48,Trucks,truck,48,truck,48,truck,48,truck,48,truck,male,48
2009,Pedestrian,pedestrian,Car/pick-up/van,22,Car/pick-up/van,car,22,car,22,car,22,car,22,car,male,22
2009,Heavy transport,truck,No other/fixed or stationary object,43,No other/fixed or stationary object,NOV,43,NOV,43,NOV,43,NOV,43,NOV,male,43
2009,Pedestrian,pedestrian,Bus,50,Bus,bus,50,bus,50,bus,50,bus,50,bus,male,50
2009,Pedestrian,pedestrian,Bus,76,Bus,bus,76,bus,76,bus,76,bus,76,bus,male,76
2009,Pedestrian,pedestrian,Bus,68,Bus,bus,68,bus,68,bus,68,bus,68,bus,male,68
2009,Pedestrian,pedestrian,Bus,21,Bus,bus,21,bus,21,bus,21,bus,21,bus,male,21
2009,Pedestrian,pedestrian,2/3 Wheeled,42,2/3 Wheeled,motorcycle,42,motorcycle,42,motorcycle,42,motorcycle,42,motorcycle,male,42
2009,Pedestrian,pedestrian,Bus,33,Bus,bus,33,bus,33,bus,33,bus,33,bus,male,33
2009,Car,car,Bus,51,Bus,bus,51,bus,51,bus,51,bus,51,bus,male,51
2009,Motorcycle,motorcycle,Trucks,36,Trucks,truck,36,truck,36,truck,36,truck,36,truck,male,36
2009,Pedal Cycle,cycle,Bus,28,Bus,bus,28,bus,28,bus,28,bus,28,bus,male,28
2009,Pedestrian,pedestrian,Car/pick-up/van,42,Car/pick-up/van,car,42,car,42,car,42,car,42,car,male,42
2009,Car,car,Trucks,28,Trucks,truck,28,truck,28,truck,28,truck,28,truck,male,28
2009,Pedestrian,pedestrian,Car/pick-up/van,2,Car/pick-up/van,car,2,car,2,car,2,car,2,car,male,2
2009,Pedestrian,pedestrian,Bus,25,Bus,bus,25,bus,25,bus,25,bus,25,bus,male,25
2009,Pedestrian,pedestrian,Car/pick-up/van,36,Car/pick-up/van,car,36,car,36,car,36,car,36,car,male,36
2009,Pedestrian,pedestrian,Car/pick-up/van,60,Car/pick-up/van,car,60,car,60,car,60,car,60,car,male,60
2009,Pedestrian,pedestrian,2/3 Wheeled,52,2/3 Wheeled,motorcycle,52,motorcycle,52,motorcycle,52,motorcycle,52,motorcycle,male,52
2009,Pedestrian,pedestrian,Bus,68,Bus,bus,68,bus,68,bus,68,bus,68,bus,male,68
2009,Pedestrian,pedestrian,Bus,49,Bus,bus,49,bus,49,bus,49,bus,49,bus,male,49
2009,Pedestrian,pedestrian,Car/pick-up/van,33,Car/pick-up/van,car,33,car,33,car,33,car,33,car,male,33
2009,Pedestrian,pedestrian,Car/pick-up/van,16,Car/pick-up/van,car,16,car,16,car,16,car,16,car,female,16
2009,Pedestrian,pedestrian,Car/pick-up/van,18,Car/pick-up/van,car,18,car,18,car,18,car,18,car,male,18
2009,Pedestrian,pedestrian,Bus,17,Bus,bus,17,bus,17,bus,17,bus,17,bus,male,17
2009,Pedestrian,pedestrian,Trucks,55,Trucks,truck,55,truck,55,truck,55,truck,55,truck,male,55
2009,Pick-up truck/van,car,Bus,25,Bus,bus,25,bus,25,bus,25,bus,25,bus,male,25
2009,Pedestrian,pedestrian,Trucks,22,Trucks,truck,22,truck,22,truck,22,truck,22,truck,male,22
2009,Pedestrian,pedestrian,Unknown,63,NA,car,63,truck,63,car,63,truck,63,truck,male,63
2009,Pedestrian,pedestrian,Bus,30,Bus,bus,30,bus,30,bus,30,bus,30,bus,male,30
2009,Car,car,Bus,15,Bus,bus,15,bus,15,bus,15,bus,15,bus,male,15
2009,Pedestrian,pedestrian,Car/pick-up/van,94,Car/pick-up/van,car,94,car,94,car,94,car,94,car,male,94
2009,Pedestrian,pedestrian,Trucks,41,Trucks,truck,41,truck,41,truck,41,truck,41,truck,female,41
2009,Bus,bus,Pedestrian,32,Pedestrian,pedestrian,32,pedestrian,32,pedestrian,32,pedestrian,32,pedestrian,male,32
2009,Pick-up truck/van,car,No other/fixed or stationary object,46,No other/fixed or stationary object,NOV,46,NOV,46,NOV,46,NOV,46,NOV,male,46
2009,Pedestrian,pedestrian,Car/pick-up/van,60,Car/pick-up/van,car,60,car,60,car,60,car,60,car,female,60
2009,Pedestrian,pedestrian,Car/pick-up/van,38,Car/pick-up/van,car,38,car,38,car,38,car,38,car,male,38
2009,Pedestrian,pedestrian,Bus,10,Bus,bus,10,bus,10,bus,10,bus,10,bus,female,10
2009,Pedestrian,pedestrian,Car/pick-up/van,35,Car/pick-up/van,car,35,car,35,car,35,car,35,car,male,35
2009,Pedestrian,pedestrian,Car/pick-up/van,62,Car/pick-up/van,car,62,car,62,car,62,car,62,car,female,62
2009,Pedal Cycle,cycle,Bus,35,Bus,bus,35,bus,35,bus,35,bus,35,bus,male,35
2009,Pedestrian,pedestrian,Car/pick-up/van,29,Car/pick-up/van,car,29,car,29,car,29,car,29,car,male,29
2009,Pedestrian,pedestrian,Car/pick-up/van,30,Car/pick-up/van,car,30,car,30,car,30,car,30,car,male,30
2009,Pedestrian,pedestrian,Bus,35,Bus,bus,35,bus,35,bus,35,bus,35,bus,female,35
2009,Motorcycle,motorcycle,No other/fixed or stationary object,29,No other/fixed or stationary object,NOV,29,NOV,29,NOV,29,NOV,29,NOV,male,29
2009,Pedestrian,pedestrian,Unknown,35,NA,car,35,car,35,car,35,motorcycle,35,car,male,35
2009,Car,car,Car/pick-up/van,1,Car/pick-up/van,car,1,car,1,car,1,car,1,car,male,1
2009,Pedestrian,pedestrian,Car/pick-up/van,27,Car/pick-up/van,car,27,car,27,car,27,car,27,car,male,27
2009,Pedestrian,pedestrian,Bus,30,Bus,bus,30,bus,30,bus,30,bus,30,bus,male,30
2009,Pedestrian,pedestrian,Bus,3,Bus,bus,3,bus,3,bus,3,bus,3,bus,male,3
2009,Pedestrian,pedestrian,Car/pick-up/van,3,Car/pick-up/van,car,3,car,3,car,3,car,3,car,female,3
2009,Pedestrian,pedestrian,Car/pick-up/van,60,Car/pick-up/van,car,60,car,60,car,60,car,60,car,male,60
2009,Pedestrian,pedestrian,Car/pick-up/van,82,Car/pick-up/van,car,82,car,82,car,82,car,82,car,male,82
2009,Pedestrian,pedestrian,unspecified,35,NA,car,35,bus,35,truck,35,car,35,car,male,35
2009,Pedestrian,pedestrian,Bus,17,Bus,bus,17,bus,17,bus,17,bus,17,bus,female,17
2009,Car,car,No other/fixed or stationary object,29,No other/fixed or stationary object,NOV,29,NOV,29,NOV,29,NOV,29,NOV,male,29
2009,Pedestrian,pedestrian,Car/pick-up/van,47,Car/pick-up/van,car,47,car,47,car,47,car,47,car,female,47
2009,Pedestrian,pedestrian,2/3 Wheeled,57,2/3 Wheeled,motorcycle,57,motorcycle,57,motorcycle,57,motorcycle,57,motorcycle,male,57
2009,Pedestrian,pedestrian,Car/pick-up/van,33,Car/pick-up/van,car,33,car,33,car,33,car,33,car,male,33
2009,Pedestrian,pedestrian,Car/pick-up/van,65,Car/pick-up/van,car,65,car,65,car,65,car,65,car,male,65
2009,Pedestrian,pedestrian,Unknown,37,NA,motorcycle,37,bus,37,bus,37,car,37,motorcycle,male,37
2009,Car,car,Bus,39,Bus,bus,39,bus,39,bus,39,bus,39,bus,female,39
2009,Pedestrian,pedestrian,Car/pick-up/van,60,Car/pick-up/van,car,60,car,60,car,60,car,60,car,female,60
2009,Pedestrian,pedestrian,Bus,73,Bus,bus,73,bus,73,bus,73,bus,73,bus,male,73
2009,Pedestrian,pedestrian,Car/pick-up/van,11,Car/pick-up/van,car,11,car,11,car,11,car,11,car,female,11
2009,Pedestrian,pedestrian,Car/pick-up/van,6,Car/pick-up/van,car,6,car,6,car,6,car,6,car,male,6
2009,Pedestrian,pedestrian,Car/pick-up/van,65,Car/pick-up/van,car,65,car,65,car,65,car,65,car,male,65
2009,Pedestrian,pedestrian,Bus,45,Bus,bus,45,bus,45,bus,45,bus,45,bus,male,45
2009,Pedestrian,pedestrian,Trucks,37,Trucks,truck,37,truck,37,truck,37,truck,37,truck,male,37
2009,Heavy transport,truck,Car/pick-up/van,12,Car/pick-up/van,car,12,car,12,car,12,car,12,car,male,12
2009,Pedestrian,pedestrian,Bus,30,Bus,bus,30,bus,30,bus,30,bus,30,bus,male,30
2009,Pedestrian,pedestrian,Trucks,28,Trucks,truck,28,truck,28,truck,28,truck,28,truck,male,28
2009,Pedestrian,pedestrian,Car/pick-up/van,30,Car/pick-up/van,car,30,car,30,car,30,car,30,car,male,30
2009,Pedestrian,pedestrian,Car/pick-up/van,19,Car/pick-up/van,car,19,car,19,car,19,car,19,car,male,19
2009,Car,car,No other/fixed or stationary object,98,No other/fixed or stationary object,NOV,98,NOV,98,NOV,98,NOV,98,NOV,male,98
2009,Pedestrian,pedestrian,Car/pick-up/van,52,Car/pick-up/van,car,52,car,52,car,52,car,52,car,male,52
2009,Pedestrian,pedestrian,2/3 Wheeled,33,2/3 Wheeled,motorcycle,33,motorcycle,33,motorcycle,33,motorcycle,33,motorcycle,female,33
2009,Pedestrian,pedestrian,Bus,25,Bus,bus,25,bus,25,bus,25,bus,25,bus,male,25
2009,Pedestrian,pedestrian,Car/pick-up/van,58,Car/pick-up/van,car,58,car,58,car,58,car,58,car,female,58
2009,Car,car,Car/pick-up/van,58,Car/pick-up/van,car,58,car,58,car,58,car,58,car,male,58
2009,Motorcycle,motorcycle,No other/fixed or stationary object,40,No other/fixed or stationary object,NOV,40,NOV,40,NOV,40,NOV,40,NOV,male,40
2009,Pedestrian,pedestrian,Car/pick-up/van,56,Car/pick-up/van,car,56,car,56,car,56,car,56,car,male,56
2009,Pedestrian,pedestrian,Trucks,40,Trucks,truck,40,truck,40,truck,40,truck,40,truck,male,40
2009,Car,car,Car/pick-up/van,26,Car/pick-up/van,car,26,car,26,car,26,car,26,car,male,26
2009,Motorcycle,motorcycle,Pedestrian,22,Pedestrian,pedestrian,22,pedestrian,22,pedestrian,22,pedestrian,22,pedestrian,male,22
2009,Motorcycle,motorcycle,Car/pick-up/van,31,Car/pick-up/van,car,31,car,31,car,31,car,31,car,male,31
2009,Pedestrian,pedestrian,Trucks,9,Trucks,truck,9,truck,9,truck,9,truck,9,truck,female,9
2009,Motorcycle,motorcycle,No other/fixed or stationary object,35,No other/fixed or stationary object,NOV,35,NOV,35,NOV,35,NOV,35,NOV,male,35
2009,Pedestrian,pedestrian,Car/pick-up/van,3,Car/pick-up/van,car,3,car,3,car,3,car,3,car,female,3
2009,Car,car,Car/pick-up/van,24,Car/pick-up/van,car,24,car,24,car,24,car,24,car,female,24
2009,Car,car,Pedestrian,24,Pedestrian,pedestrian,24,pedestrian,24,pedestrian,24,pedestrian,24,pedestrian,male,24
2009,Pedestrian,pedestrian,Bus,30,Bus,bus,30,bus,30,bus,30,bus,30,bus,male,30
2009,Pedestrian,pedestrian,Trucks,28,Trucks,truck,28,truck,28,truck,28,truck,28,truck,male,28
2009,Pedestrian,pedestrian,Unknown,67,NA,car,67,car,67,motorcycle,67,bus,67,bus,female,67
2009,Pedestrian,pedestrian,Car/pick-up/van,62,Car/pick-up/van,car,62,car,62,car,62,car,62,car,male,62
2009,Pedestrian,pedestrian,Unknown,23,NA,truck,23,truck,23,car,23,bus,23,car,male,23
2009,Pedestrian,pedestrian,2/3 Wheeled,30,2/3 Wheeled,motorcycle,30,motorcycle,30,motorcycle,30,motorcycle,30,motorcycle,female,30
2009,Pedestrian,pedestrian,Trucks,36,Trucks,truck,36,truck,36,truck,36,truck,36,truck,male,36
2009,Pedestrian,pedestrian,Car/pick-up/van,37,Car/pick-up/van,car,37,car,37,car,37,car,37,car,male,37
2009,Pedestrian,pedestrian,Car/pick-up/van,48,Car/pick-up/van,car,48,car,48,car,48,car,48,car,male,48
2009,Pedestrian,pedestrian,Car/pick-up/van,21,Car/pick-up/van,car,21,car,21,car,21,car,21,car,male,21
2009,Motorcycle,motorcycle,Pedestrian,30,Pedestrian,pedestrian,30,pedestrian,30,pedestrian,30,pedestrian,30,pedestrian,male,30
2009,Pedestrian,pedestrian,Car/pick-up/van,24,Car/pick-up/van,car,24,car,24,car,24,car,24,car,male,24
2009,Bus,bus,Car/pick-up/van,31,Car/pick-up/van,car,31,car,31,car,31,car,31,car,male,31
2009,Bus,bus,Car/pick-up/van,31,Car/pick-up/van,car,31,car,31,car,31,car,31,car,male,31
2009,Car,car,Bus,65,Bus,bus,65,bus,65,bus,65,bus,65,bus,male,65
2009,Car,car,Bus,36,Bus,bus,36,bus,36,bus,36,bus,36,bus,female,36
2009,Bus,bus,Trucks,29,Trucks,truck,29,truck,29,truck,29,truck,29,truck,male,29
2009,Pedestrian,pedestrian,Bus,35,Bus,bus,35,bus,35,bus,35,bus,35,bus,male,35
2009,Pedestrian,pedestrian,Car/pick-up/van,26,Car/pick-up/van,car,26,car,26,car,26,car,26,car,male,26
2009,Car,car,Car/pick-up/van,26,Car/pick-up/van,car,26,car,26,car,26,car,26,car,male,26
2009,Car,car,Bus,4,Bus,bus,4,bus,4,bus,4,bus,4,bus,male,4
2009,Pedestrian,pedestrian,Bus,45,Bus,bus,45,bus,45,bus,45,bus,45,bus,female,45
2009,Pedal Cycle,cycle,Trucks,28,Trucks,truck,28,truck,28,truck,28,truck,28,truck,male,28
2009,Pedestrian,pedestrian,Car/pick-up/van,35,Car/pick-up/van,car,35,car,35,car,35,car,35,car,male,35
2009,Bus,bus,No other/fixed or stationary object,57,No other/fixed or stationary object,NOV,57,NOV,57,NOV,57,NOV,57,NOV,male,57
2009,Bus,bus,No other/fixed or stationary object,42,No other/fixed or stationary object,NOV,42,NOV,42,NOV,42,NOV,42,NOV,male,42
2009,Bus,bus,No other/fixed or stationary object,27,No other/fixed or stationary object,NOV,27,NOV,27,NOV,27,NOV,27,NOV,male,27
2009,Bus,bus,No other/fixed or stationary object,37,No other/fixed or stationary object,NOV,37,NOV,37,NOV,37,NOV,37,NOV,male,37
2009,Bus,bus,No other/fixed or stationary object,4,No other/fixed or stationary object,NOV,4,NOV,4,NOV,4,NOV,4,NOV,female,4
2009,Bus,bus,No other/fixed or stationary object,1,No other/fixed or stationary object,NOV,1,NOV,1,NOV,1,NOV,1,NOV,male,1
2009,Bus,bus,No other/fixed or stationary object,6,No other/fixed or stationary object,NOV,6,NOV,6,NOV,6,NOV,6,NOV,female,6
2009,Bus,bus,No other/fixed or stationary object,6,No other/fixed or stationary object,NOV,6,NOV,6,NOV,6,NOV,6,NOV,male,6
2009,Bus,bus,No other/fixed or stationary object,13,No other/fixed or stationary object,NOV,13,NOV,13,NOV,13,NOV,13,NOV,female,13
2009,Bus,bus,No other/fixed or stationary object,90,No other/fixed or stationary object,NOV,90,NOV,90,NOV,90,NOV,90,NOV,male,90
2009,Bus,bus,No other/fixed or stationary object,86,No other/fixed or stationary object,NOV,86,NOV,86,NOV,86,NOV,86,NOV,female,86
2009,Pedestrian,pedestrian,Car/pick-up/van,72,Car/pick-up/van,car,72,car,72,car,72,car,72,car,male,72
2009,Pedestrian,pedestrian,Car/pick-up/van,7,Car/pick-up/van,car,7,car,7,car,7,car,7,car,female,7
2009,Pedestrian,pedestrian,Car/pick-up/van,21,Car/pick-up/van,car,21,car,21,car,21,car,21,car,male,21
2009,Car,car,No other/fixed or stationary object,20,No other/fixed or stationary object,NOV,20,NOV,20,NOV,20,NOV,20,NOV,male,20
2009,Pedestrian,pedestrian,Bus,28,Bus,bus,28,bus,28,bus,28,bus,28,bus,male,28
2009,Motorcycle,motorcycle,No other/fixed or stationary object,30,No other/fixed or stationary object,NOV,30,NOV,30,NOV,30,NOV,30,NOV,male,30
2009,Pedal Cycle,cycle,Bus,18,Bus,bus,18,bus,18,bus,18,bus,18,bus,male,18
2009,Pedestrian,pedestrian,Car/pick-up/van,6,Car/pick-up/van,car,6,car,6,car,6,car,6,car,male,6
2009,Pedestrian,pedestrian,Car/pick-up/van,64,Car/pick-up/van,car,64,car,64,car,64,car,64,car,male,64
2009,Pedestrian,pedestrian,Bus,40,Bus,bus,40,bus,40,bus,40,bus,40,bus,female,40
2009,Pedestrian,pedestrian,unspecified,75,NA,bus,75,bus,75,NOV,75,car,75,bus,male,75
2009,Pedestrian,pedestrian,Bus,32,Bus,bus,32,bus,32,bus,32,bus,32,bus,female,32
2009,Car,car,No other/fixed or stationary object,29,No other/fixed or stationary object,NOV,29,NOV,29,NOV,29,NOV,29,NOV,male,29
2009,Car,car,No other/fixed or stationary object,27,No other/fixed or stationary object,NOV,27,NOV,27,NOV,27,NOV,27,NOV,male,27
2009,Motorcycle,motorcycle,Bus,18,Bus,bus,18,bus,18,bus,18,bus,18,bus,male,18
2009,Pedestrian,pedestrian,Bus,24,Bus,bus,24,bus,24,bus,24,bus,24,bus,male,24
2009,Pedestrian,pedestrian,Bus,6,Bus,bus,6,bus,6,bus,6,bus,6,bus,female,6
2009,Pedestrian,pedestrian,Bus,75,Bus,bus,75,bus,75,bus,75,bus,75,bus,male,75
2009,Heavy transport,truck,No other/fixed or stationary object,40,No other/fixed or stationary object,NOV,40,NOV,40,NOV,40,NOV,40,NOV,male,40
2010,Car,car,Car/pick-up/van,39,Car/pick-up/van,car,39,car,39,car,39,car,39,car,male,39
2010,Pedestrian,pedestrian,Bus,45,Bus,bus,45,bus,45,bus,45,bus,45,bus,male,45
2010,Pedestrian,pedestrian,Car/pick-up/van,25,Car/pick-up/van,car,25,car,25,car,25,car,25,car,male,25
2010,Pedestrian,pedestrian,Bus,30,Bus,bus,30,bus,30,bus,30,bus,30,bus,male,30
2010,Pedal Cycle,cycle,Bus,30,Bus,bus,30,bus,30,bus,30,bus,30,bus,male,30
2010,Pedestrian,pedestrian,Trucks,20,Trucks,truck,20,truck,20,truck,20,truck,20,truck,male,20
2010,Pedestrian,pedestrian,Bus,65,Bus,bus,65,bus,65,bus,65,bus,65,bus,male,65
2010,Pedestrian,pedestrian,Car/pick-up/van,32,Car/pick-up/van,car,32,car,32,car,32,car,32,car,male,32
2010,Car,car,No other/fixed or stationary object,32,No other/fixed or stationary object,NOV,32,NOV,32,NOV,32,NOV,32,NOV,male,32
2010,Pedestrian,pedestrian,Bus,65,Bus,bus,65,bus,65,bus,65,bus,65,bus,male,65
2010,Pedestrian,pedestrian,Car/pick-up/van,7,Car/pick-up/van,car,7,car,7,car,7,car,7,car,male,7
2010,Pedestrian,pedestrian,Car/pick-up/van,74,Car/pick-up/van,car,74,car,74,car,74,car,74,car,male,74
2010,Pedestrian,pedestrian,Car/pick-up/van,2,Car/pick-up/van,car,2,car,2,car,2,car,2,car,male,2
2010,Pedestrian,pedestrian,unspecified,2,NA,bus,2,car,2,bus,2,car,2,car,female,2
2010,Pedestrian,pedestrian,Car/pick-up/van,2,Car/pick-up/van,car,2,car,2,car,2,car,2,car,male,2
2010,Pedestrian,pedestrian,Car/pick-up/van,45,Car/pick-up/van,car,45,car,45,car,45,car,45,car,male,45
2010,Motorcycle,motorcycle,Trucks,35,Trucks,truck,35,truck,35,truck,35,truck,35,truck,male,35
2010,Pedal Cycle,cycle,Bus,23,Bus,bus,23,bus,23,bus,23,bus,23,bus,male,23
2010,Pedestrian,pedestrian,unspecified,40,NA,car,40,car,40,car,40,truck,40,car,male,40
2010,Pedestrian,pedestrian,2/3 Wheeled,60,2/3 Wheeled,motorcycle,60,motorcycle,60,motorcycle,60,motorcycle,60,motorcycle,male,60
2010,Motorcycle,motorcycle,Pedestrian,26,Pedestrian,pedestrian,26,pedestrian,26,pedestrian,26,pedestrian,26,pedestrian,male,26
2010,Bus,bus,Bus,20,Bus,bus,20,bus,20,bus,20,bus,20,bus,male,20
2010,Pedestrian,pedestrian,Car/pick-up/van,47,Car/pick-up/van,car,47,car,47,car,47,car,47,car,male,47
2010,Heavy transport,truck,No other/fixed or stationary object,26,No other/fixed or stationary object,NOV,26,NOV,26,NOV,26,NOV,26,NOV,male,26
2010,Heavy transport,truck,No other/fixed or stationary object,32,No other/fixed or stationary object,NOV,32,NOV,32,NOV,32,NOV,32,NOV,male,32
2010,Pedestrian,pedestrian,Car/pick-up/van,28,Car/pick-up/van,car,28,car,28,car,28,car,28,car,male,28
2010,Pedestrian,pedestrian,Bus,44,Bus,bus,44,bus,44,bus,44,bus,44,bus,male,44
2010,Heavy transport,truck,Trucks,26,Trucks,truck,26,truck,26,truck,26,truck,26,truck,male,26
2010,Heavy transport,truck,Trucks,21,Trucks,truck,21,truck,21,truck,21,truck,21,truck,male,21
2010,Car,car,No other/fixed or stationary object,31,No other/fixed or stationary object,NOV,31,NOV,31,NOV,31,NOV,31,NOV,male,31
2010,Pedestrian,pedestrian,Car/pick-up/van,6,Car/pick-up/van,car,6,car,6,car,6,car,6,car,male,6
2010,Other,other,unspecified,30,NA,truck,30,NOV,30,bus,30,bus,30,NOV,male,30
2010,Pedestrian,pedestrian,Trucks,40,Trucks,truck,40,truck,40,truck,40,truck,40,truck,male,40
2010,Car,car,Car/pick-up/van,57,Car/pick-up/van,car,57,car,57,car,57,car,57,car,male,57
2010,Pedestrian,pedestrian,Car/pick-up/van,45,Car/pick-up/van,car,45,car,45,car,45,car,45,car,male,45
2010,Pedestrian,pedestrian,Car/pick-up/van,29,Car/pick-up/van,car,29,car,29,car,29,car,29,car,male,29
2010,Pedestrian,pedestrian,Trucks,30,Trucks,truck,30,truck,30,truck,30,truck,30,truck,male,30
2010,Pedestrian,pedestrian,Bus,38,Bus,bus,38,bus,38,bus,38,bus,38,bus,male,38
2010,Pedestrian,pedestrian,Car/pick-up/van,60,Car/pick-up/van,car,60,car,60,car,60,car,60,car,male,60
2010,Pedestrian,pedestrian,Car/pick-up/van,30,Car/pick-up/van,car,30,car,30,car,30,car,30,car,female,30
2010,Pedestrian,pedestrian,Car/pick-up/van,2,Car/pick-up/van,car,2,car,2,car,2,car,2,car,female,2
2010,Heavy transport,truck,Bus,1,Bus,bus,1,bus,1,bus,1,bus,1,bus,male,1
2010,Pedestrian,pedestrian,Trucks,35,Trucks,truck,35,truck,35,truck,35,truck,35,truck,male,35
2010,Pedestrian,pedestrian,Bus,40,Bus,bus,40,bus,40,bus,40,bus,40,bus,male,40
2010,Bus,bus,Car/pick-up/van,33,Car/pick-up/van,car,33,car,33,car,33,car,33,car,male,33
2010,Pedestrian,pedestrian,Car/pick-up/van,53,Car/pick-up/van,car,53,car,53,car,53,car,53,car,male,53
2010,Pedestrian,pedestrian,Car/pick-up/van,39,Car/pick-up/van,car,39,car,39,car,39,car,39,car,male,39
2010,Pedestrian,pedestrian,Bus,45,Bus,bus,45,bus,45,bus,45,bus,45,bus,male,45
2010,Pedestrian,pedestrian,Bus,35,Bus,bus,35,bus,35,bus,35,bus,35,bus,male,35
2010,Pedestrian,pedestrian,Trucks,23,Trucks,truck,23,truck,23,truck,23,truck,23,truck,male,23
2010,Pedestrian,pedestrian,Trucks,55,Trucks,truck,55,truck,55,truck,55,truck,55,truck,male,55
2010,Pedestrian,pedestrian,Bus,40,Bus,bus,40,bus,40,bus,40,bus,40,bus,female,40
2010,Pedestrian,pedestrian,Bus,7,Bus,bus,7,bus,7,bus,7,bus,7,bus,female,7
2010,Pedestrian,pedestrian,Unknown,23,NA,car,23,bus,23,motorcycle,23,car,23,car,male,23
2010,Pedestrian,pedestrian,Unknown,50,NA,car,50,car,50,car,50,car,50,car,male,50
2010,Pedal Cycle,cycle,Car/pick-up/van,42,Car/pick-up/van,car,42,car,42,car,42,car,42,car,male,42
2010,Pedestrian,pedestrian,Bus,80,Bus,bus,80,bus,80,bus,80,bus,80,bus,female,80
2010,Motorcycle,motorcycle,No other/fixed or stationary object,23,No other/fixed or stationary object,NOV,23,NOV,23,NOV,23,NOV,23,NOV,male,23
2010,Pedestrian,pedestrian,2/3 Wheeled,12,2/3 Wheeled,motorcycle,12,motorcycle,12,motorcycle,12,motorcycle,12,motorcycle,male,12
2010,Motorcycle,motorcycle,Bus,45,Bus,bus,45,bus,45,bus,45,bus,45,bus,male,45
2010,Pedestrian,pedestrian,Car/pick-up/van,25,Car/pick-up/van,car,25,car,25,car,25,car,25,car,male,25
2010,Pedestrian,pedestrian,Car/pick-up/van,56,Car/pick-up/van,car,56,car,56,car,56,car,56,car,male,56
2010,Pedestrian,pedestrian,Car/pick-up/van,48,Car/pick-up/van,car,48,car,48,car,48,car,48,car,male,48
2010,Pedestrian,pedestrian,Trucks,39,Trucks,truck,39,truck,39,truck,39,truck,39,truck,male,39
2010,Pedestrian,pedestrian,Car/pick-up/van,30,Car/pick-up/van,car,30,car,30,car,30,car,30,car,male,30
2010,Pedestrian,pedestrian,Car/pick-up/van,47,Car/pick-up/van,car,47,car,47,car,47,car,47,car,male,47
2010,Pedestrian,pedestrian,Bus,30,Bus,bus,30,bus,30,bus,30,bus,30,bus,male,30
2010,Pedestrian,pedestrian,Car/pick-up/van,42,Car/pick-up/van,car,42,car,42,car,42,car,42,car,male,42
2010,Motorcycle,motorcycle,Trucks,56,Trucks,truck,56,truck,56,truck,56,truck,56,truck,male,56
2010,Motorcycle,motorcycle,Car/pick-up/van,20,Car/pick-up/van,car,20,car,20,car,20,car,20,car,male,20
2010,Pedestrian,pedestrian,Car/pick-up/van,17,Car/pick-up/van,car,17,car,17,car,17,car,17,car,female,17
2010,Pedestrian,pedestrian,Bus,35,Bus,bus,35,bus,35,bus,35,bus,35,bus,male,35
2010,Pedestrian,pedestrian,Bus,37,Bus,bus,37,bus,37,bus,37,bus,37,bus,male,37
2010,Pedestrian,pedestrian,Car/pick-up/van,47,Car/pick-up/van,car,47,car,47,car,47,car,47,car,male,47
2010,Pedestrian,pedestrian,Unknown,40,NA,bus,40,car,40,bus,40,car,40,bus,male,40
2010,Pedestrian,pedestrian,Car/pick-up/van,6,Car/pick-up/van,car,6,car,6,car,6,car,6,car,male,6
2010,Motorcycle,motorcycle,Car/pick-up/van,31,Car/pick-up/van,car,31,car,31,car,31,car,31,car,male,31
2010,Car,car,No other/fixed or stationary object,30,No other/fixed or stationary object,NOV,30,NOV,30,NOV,30,NOV,30,NOV,male,30
2010,Pedestrian,pedestrian,2/3 Wheeled,25,2/3 Wheeled,motorcycle,25,motorcycle,25,motorcycle,25,motorcycle,25,motorcycle,female,25
2010,Pedestrian,pedestrian,Bus,42,Bus,bus,42,bus,42,bus,42,bus,42,bus,male,42
2010,Car,car,Bus,35,Bus,bus,35,bus,35,bus,35,bus,35,bus,male,35
2010,Pedestrian,pedestrian,Car/pick-up/van,28,Car/pick-up/van,car,28,car,28,car,28,car,28,car,female,28
2010,Pedestrian,pedestrian,Bus,77,Bus,bus,77,bus,77,bus,77,bus,77,bus,male,77
2010,Pedestrian,pedestrian,Car/pick-up/van,28,Car/pick-up/van,car,28,car,28,car,28,car,28,car,male,28
2010,Pedestrian,pedestrian,unspecified,65,NA,bus,65,bus,65,bus,65,car,65,car,male,65
2010,Pedestrian,pedestrian,Trucks,11,Trucks,truck,11,truck,11,truck,11,truck,11,truck,male,11
2010,Bus,bus,No other/fixed or stationary object,28,No other/fixed or stationary object,NOV,28,NOV,28,NOV,28,NOV,28,NOV,male,28
2010,Pedal Cycle,cycle,Car/pick-up/van,25,Car/pick-up/van,car,25,car,25,car,25,car,25,car,male,25
2010,Pedestrian,pedestrian,Car/pick-up/van,2,Car/pick-up/van,car,2,car,2,car,2,car,2,car,male,2
2010,Pedestrian,pedestrian,Bus,7,Bus,bus,7,bus,7,bus,7,bus,7,bus,female,7
2010,Pedestrian,pedestrian,Car/pick-up/van,29,Car/pick-up/van,car,29,car,29,car,29,car,29,car,male,29
2010,Pedestrian,pedestrian,Bus,87,Bus,bus,87,bus,87,bus,87,bus,87,bus,male,87
2010,Pedestrian,pedestrian,Bus,26,Bus,bus,26,bus,26,bus,26,bus,26,bus,male,26
2010,Pedestrian,pedestrian,Car/pick-up/van,26,Car/pick-up/van,car,26,car,26,car,26,car,26,car,male,26
2010,Car,car,No other/fixed or stationary object,39,No other/fixed or stationary object,NOV,39,NOV,39,NOV,39,NOV,39,NOV,male,39
2010,Pedestrian,pedestrian,Car/pick-up/van,40,Car/pick-up/van,car,40,car,40,car,40,car,40,car,female,40
2010,Pedal Cycle,cycle,Car/pick-up/van,21,Car/pick-up/van,car,21,car,21,car,21,car,21,car,female,21
2010,Pedestrian,pedestrian,2/3 Wheeled,26,2/3 Wheeled,motorcycle,26,motorcycle,26,motorcycle,26,motorcycle,26,motorcycle,male,26
2010,Pedestrian,pedestrian,Bus,45,Bus,bus,45,bus,45,bus,45,bus,45,bus,male,45
2010,Car,car,No other/fixed or stationary object,31,No other/fixed or stationary object,NOV,31,NOV,31,NOV,31,NOV,31,NOV,male,31
2010,Motorcycle,motorcycle,Car/pick-up/van,19,Car/pick-up/van,car,19,car,19,car,19,car,19,car,male,19
2010,Motorcycle,motorcycle,Bus,28,Bus,bus,28,bus,28,bus,28,bus,28,bus,male,28
2010,Motorcycle,motorcycle,Trucks,19,Trucks,truck,19,truck,19,truck,19,truck,19,truck,male,19
2010,Pedestrian,pedestrian,Car/pick-up/van,29,Car/pick-up/van,car,29,car,29,car,29,car,29,car,male,29
2010,Pedal Cycle,cycle,Trucks,32,Trucks,truck,32,truck,32,truck,32,truck,32,truck,male,32
2010,Pedestrian,pedestrian,Car/pick-up/van,70,Car/pick-up/van,car,70,car,70,car,70,car,70,car,male,70
2010,Motorcycle,motorcycle,Bus,49,Bus,bus,49,bus,49,bus,49,bus,49,bus,male,49
2010,Pedestrian,pedestrian,Bus,75,Bus,bus,75,bus,75,bus,75,bus,75,bus,male,75
2010,Motorcycle,motorcycle,Car/pick-up/van,28,Car/pick-up/van,car,28,car,28,car,28,car,28,car,male,28
2010,Pedestrian,pedestrian,Car/pick-up/van,65,Car/pick-up/van,car,65,car,65,car,65,car,65,car,female,65
2010,Car,car,No other/fixed or stationary object,28,No other/fixed or stationary object,NOV,28,NOV,28,NOV,28,NOV,28,NOV,female,28
2010,Motorcycle,motorcycle,Car/pick-up/van,22,Car/pick-up/van,car,22,car,22,car,22,car,22,car,male,22
2010,Car,car,No other/fixed or stationary object,39,No other/fixed or stationary object,NOV,39,NOV,39,NOV,39,NOV,39,NOV,male,39
2010,Heavy transport,truck,Trucks,30,Trucks,truck,30,truck,30,truck,30,truck,30,truck,male,30
2010,Pedestrian,pedestrian,Car/pick-up/van,28,Car/pick-up/van,car,28,car,28,car,28,car,28,car,female,28
2010,Pedestrian,pedestrian,Car/pick-up/van,23,Car/pick-up/van,car,23,car,23,car,23,car,23,car,male,23
2010,Car,car,Car/pick-up/van,31,Car/pick-up/van,car,31,car,31,car,31,car,31,car,female,31
2010,Car,car,No other/fixed or stationary object,94,No other/fixed or stationary object,NOV,94,NOV,94,NOV,94,NOV,94,NOV,male,94
2010,Pedestrian,pedestrian,Trucks,31,Trucks,truck,31,truck,31,truck,31,truck,31,truck,male,31
2010,Pedestrian,pedestrian,Car/pick-up/van,35,Car/pick-up/van,car,35,car,35,car,35,car,35,car,male,35
2010,Pedestrian,pedestrian,Car/pick-up/van,35,Car/pick-up/van,car,35,car,35,car,35,car,35,car,male,35
2010,Pedestrian,pedestrian,Car/pick-up/van,27,Car/pick-up/van,car,27,car,27,car,27,car,27,car,male,27
2010,Pick-up truck/van,car,No other/fixed or stationary object,25,No other/fixed or stationary object,NOV,25,NOV,25,NOV,25,NOV,25,NOV,male,25
2010,Pedestrian,pedestrian,Bus,70,Bus,bus,70,bus,70,bus,70,bus,70,bus,male,70
2010,Bus,bus,No other/fixed or stationary object,30,No other/fixed or stationary object,NOV,30,NOV,30,NOV,30,NOV,30,NOV,male,30
2010,Motorcycle,motorcycle,Bus,35,Bus,bus,35,bus,35,bus,35,bus,35,bus,male,35
2010,Pedestrian,pedestrian,2/3 Wheeled,25,2/3 Wheeled,motorcycle,25,motorcycle,25,motorcycle,25,motorcycle,25,motorcycle,male,25
2010,Pedestrian,pedestrian,2/3 Wheeled,30,2/3 Wheeled,motorcycle,30,motorcycle,30,motorcycle,30,motorcycle,30,motorcycle,male,30
2010,Pedestrian,pedestrian,Car/pick-up/van,45,Car/pick-up/van,car,45,car,45,car,45,car,45,car,female,45
2010,Pedestrian,pedestrian,Bus,60,Bus,bus,60,bus,60,bus,60,bus,60,bus,male,60
2010,Pedestrian,pedestrian,Trucks,32,Trucks,truck,32,truck,32,truck,32,truck,32,truck,male,32
2010,Pedestrian,pedestrian,Trucks,30,Trucks,truck,30,truck,30,truck,30,truck,30,truck,male,30
2010,Pedestrian,pedestrian,Car/pick-up/van,33,Car/pick-up/van,car,33,car,33,car,33,car,33,car,male,33
2010,Pedestrian,pedestrian,Car/pick-up/van,55,Car/pick-up/van,car,55,car,55,car,55,car,55,car,female,55
2010,Pedestrian,pedestrian,Bus,33,Bus,bus,33,bus,33,bus,33,bus,33,bus,male,33
2010,Pedestrian,pedestrian,Bus,42,Bus,bus,42,bus,42,bus,42,bus,42,bus,male,42
2010,Car,car,No other/fixed or stationary object,3,No other/fixed or stationary object,NOV,3,NOV,3,NOV,3,NOV,3,NOV,female,3
2010,Pedestrian,pedestrian,Bus,49,Bus,bus,49,bus,49,bus,49,bus,49,bus,male,49
2010,Pedal Cycle,cycle,Trucks,35,Trucks,truck,35,truck,35,truck,35,truck,35,truck,male,35
2010,Car,car,Trucks,35,Trucks,truck,35,truck,35,truck,35,truck,35,truck,male,35
2010,Pedal Cycle,cycle,Car/pick-up/van,24,Car/pick-up/van,car,24,car,24,car,24,car,24,car,male,24
2011,Pedestrian,pedestrian,Car/pick-up/van,23,Car/pick-up/van,car,23,car,23,car,23,car,23,car,female,23
2011,Car,car,No other/fixed or stationary object,32,No other/fixed or stationary object,NOV,32,NOV,32,NOV,32,NOV,32,NOV,male,32
2011,Heavy transport,truck,No other/fixed or stationary object,22,No other/fixed or stationary object,NOV,22,NOV,22,NOV,22,NOV,22,NOV,male,22
2011,Pedestrian,pedestrian,Bus,19,Bus,bus,19,bus,19,bus,19,bus,19,bus,male,19
2011,Pedestrian,pedestrian,Bus,40,Bus,bus,40,bus,40,bus,40,bus,40,bus,male,40
2011,Pedestrian,pedestrian,2/3 Wheeled,48,2/3 Wheeled,motorcycle,48,motorcycle,48,motorcycle,48,motorcycle,48,motorcycle,male,48
2011,Pick-up truck/van,car,Trucks,25,Trucks,truck,25,truck,25,truck,25,truck,25,truck,male,25
2011,Pedestrian,pedestrian,Bus,28,Bus,bus,28,bus,28,bus,28,bus,28,bus,male,28
2011,Bus,bus,Bus,48,Bus,bus,48,bus,48,bus,48,bus,48,bus,male,48
2011,Bus,bus,Bus,39,Bus,bus,39,bus,39,bus,39,bus,39,bus,female,39
2011,Bus,bus,Bus,30,Bus,bus,30,bus,30,bus,30,bus,30,bus,female,30
2011,Heavy transport,truck,No other/fixed or stationary object,61,No other/fixed or stationary object,NOV,61,NOV,61,NOV,61,NOV,61,NOV,female,61
2011,Motorcycle,motorcycle,Car/pick-up/van,25,Car/pick-up/van,car,25,car,25,car,25,car,25,car,male,25
2011,Pedestrian,pedestrian,Bus,65,Bus,bus,65,bus,65,bus,65,bus,65,bus,female,65
2011,Motorcycle,motorcycle,Bus,24,Bus,bus,24,bus,24,bus,24,bus,24,bus,male,24
2011,Pedestrian,pedestrian,Trucks,10,Trucks,truck,10,truck,10,truck,10,truck,10,truck,male,10
2011,Bus,bus,No other/fixed or stationary object,28,No other/fixed or stationary object,NOV,28,NOV,28,NOV,28,NOV,28,NOV,male,28
2011,Bus,bus,Trucks,60,Trucks,truck,60,truck,60,truck,60,truck,60,truck,male,60
2011,Pedal Cycle,cycle,Trucks,32,Trucks,truck,32,truck,32,truck,32,truck,32,truck,male,32
2011,Pedestrian,pedestrian,Trucks,18,Trucks,truck,18,truck,18,truck,18,truck,18,truck,female,18
2011,Pedestrian,pedestrian,Car/pick-up/van,4,Car/pick-up/van,car,4,car,4,car,4,car,4,car,female,4
2011,Pedestrian,pedestrian,Trucks,34,Trucks,truck,34,truck,34,truck,34,truck,34,truck,male,34
2011,Pedestrian,pedestrian,Unknown,34,NA,bus,34,bus,34,car,34,bus,34,car,male,34
2011,Pedestrian,pedestrian,Bus,2,Bus,bus,2,bus,2,bus,2,bus,2,bus,male,2
2011,Pedestrian,pedestrian,Car/pick-up/van,9,Car/pick-up/van,car,9,car,9,car,9,car,9,car,female,9
2011,Pedestrian,pedestrian,Trucks,9,Trucks,truck,9,truck,9,truck,9,truck,9,truck,male,9
2011,Heavy transport,truck,No other/fixed or stationary object,22,No other/fixed or stationary object,NOV,22,NOV,22,NOV,22,NOV,22,NOV,male,22
2011,Pedestrian,pedestrian,Car/pick-up/van,69,Car/pick-up/van,car,69,car,69,car,69,car,69,car,male,69
2011,Pedestrian,pedestrian,2/3 Wheeled,8,2/3 Wheeled,motorcycle,8,motorcycle,8,motorcycle,8,motorcycle,8,motorcycle,female,8
2011,Pedestrian,pedestrian,Bus,32,Bus,bus,32,bus,32,bus,32,bus,32,bus,female,32
2011,Motorcycle,motorcycle,No other/fixed or stationary object,34,No other/fixed or stationary object,NOV,34,NOV,34,NOV,34,NOV,34,NOV,male,34
2011,Pedestrian,pedestrian,Car/pick-up/van,16,Car/pick-up/van,car,16,car,16,car,16,car,16,car,male,16
2011,Pedestrian,pedestrian,Bus,30,Bus,bus,30,bus,30,bus,30,bus,30,bus,male,30
2011,Motorcycle,motorcycle,Car/pick-up/van,32,Car/pick-up/van,car,32,car,32,car,32,car,32,car,male,32
2011,Pedestrian,pedestrian,Car/pick-up/van,50,Car/pick-up/van,car,50,car,50,car,50,car,50,car,male,50
2011,Pedestrian,pedestrian,Bus,4,Bus,bus,4,bus,4,bus,4,bus,4,bus,male,4
2011,Pedestrian,pedestrian,unspecified,35,NA,car,35,car,35,car,35,truck,35,bus,male,35
2011,Pedestrian,pedestrian,2/3 Wheeled,50,2/3 Wheeled,motorcycle,50,motorcycle,50,motorcycle,50,motorcycle,50,motorcycle,male,50
2011,Pedestrian,pedestrian,Car/pick-up/van,3,Car/pick-up/van,car,3,car,3,car,3,car,3,car,female,3
2011,Pedestrian,pedestrian,Car/pick-up/van,9,Car/pick-up/van,car,9,car,9,car,9,car,9,car,female,9
2011,Pedestrian,pedestrian,Trucks,17,Trucks,truck,17,truck,17,truck,17,truck,17,truck,female,17
2011,Pedestrian,pedestrian,Car/pick-up/van,15,Car/pick-up/van,car,15,car,15,car,15,car,15,car,female,15
2011,Pedestrian,pedestrian,Car/pick-up/van,50,Car/pick-up/van,car,50,car,50,car,50,car,50,car,female,50
2011,Other,other,unspecified,35,NA,truck,35,truck,35,truck,35,truck,35,NOV,male,35
2011,Motorcycle,motorcycle,Car/pick-up/van,28,Car/pick-up/van,car,28,car,28,car,28,car,28,car,male,28
2011,Pedestrian,pedestrian,Bus,45,Bus,bus,45,bus,45,bus,45,bus,45,bus,female,45
2011,Pedal Cycle,cycle,Bus,29,Bus,bus,29,bus,29,bus,29,bus,29,bus,male,29
2011,Motorcycle,motorcycle,Bus,31,Bus,bus,31,bus,31,bus,31,bus,31,bus,male,31
2011,Pedestrian,pedestrian,Bus,60,Bus,bus,60,bus,60,bus,60,bus,60,bus,male,60
2011,Pedestrian,pedestrian,Bus,65,Bus,bus,65,bus,65,bus,65,bus,65,bus,male,65
2011,Pedestrian,pedestrian,Bus,62,Bus,bus,62,bus,62,bus,62,bus,62,bus,female,62
2011,Pedestrian,pedestrian,Bus,65,Bus,bus,65,bus,65,bus,65,bus,65,bus,male,65
2011,Pedestrian,pedestrian,Car/pick-up/van,22,Car/pick-up/van,car,22,car,22,car,22,car,22,car,male,22
2011,Pedestrian,pedestrian,Bus,33,Bus,bus,33,bus,33,bus,33,bus,33,bus,male,33
2011,Pedestrian,pedestrian,unspecified,37,NA,bus,37,car,37,car,37,bus,37,car,male,37
2011,Pedestrian,pedestrian,Bus,42,Bus,bus,42,bus,42,bus,42,bus,42,bus,male,42
2011,Pedestrian,pedestrian,Unknown,27,NA,truck,27,car,27,car,27,truck,27,motorcycle,male,27
2011,Pedestrian,pedestrian,Car/pick-up/van,66,Car/pick-up/van,car,66,car,66,car,66,car,66,car,female,66
2011,Pedestrian,pedestrian,Car/pick-up/van,40,Car/pick-up/van,car,40,car,40,car,40,car,40,car,male,40
2011,Motorcycle,motorcycle,Car/pick-up/van,36,Car/pick-up/van,car,36,car,36,car,36,car,36,car,male,36
2011,Bus,bus,Bus,4,Bus,bus,4,bus,4,bus,4,bus,4,bus,female,4
2011,Pedestrian,pedestrian,Trucks,26,Trucks,truck,26,truck,26,truck,26,truck,26,truck,male,26
2011,Motorcycle,motorcycle,Car/pick-up/van,30,Car/pick-up/van,car,30,car,30,car,30,car,30,car,male,30
2011,Motorcycle,motorcycle,2/3 Wheeled,24,2/3 Wheeled,motorcycle,24,motorcycle,24,motorcycle,24,motorcycle,24,motorcycle,female,24
2011,Pedestrian,pedestrian,Bus,28,Bus,bus,28,bus,28,bus,28,bus,28,bus,male,28
2011,Pedestrian,pedestrian,Bus,30,Bus,bus,30,bus,30,bus,30,bus,30,bus,male,30
2011,Pedestrian,pedestrian,Trucks,48,Trucks,truck,48,truck,48,truck,48,truck,48,truck,male,48
2011,Car,car,Trucks,27,Trucks,truck,27,truck,27,truck,27,truck,27,truck,male,27
2011,Pedestrian,pedestrian,Car/pick-up/van,38,Car/pick-up/van,car,38,car,38,car,38,car,38,car,male,38
2011,Pedestrian,pedestrian,Unknown,40,NA,car,40,bus,40,motorcycle,40,bus,40,car,male,40
2011,Pedestrian,pedestrian,Unknown,8,NA,car,8,car,8,car,8,car,8,motorcycle,male,8
2011,Heavy transport,truck,Bus,1,Bus,bus,1,bus,1,bus,1,bus,1,bus,male,1
2011,Pedal Cycle,cycle,Bus,30,Bus,bus,30,bus,30,bus,30,bus,30,bus,male,30
2011,Pedestrian,pedestrian,Car/pick-up/van,7,Car/pick-up/van,car,7,car,7,car,7,car,7,car,female,7
2011,Pedestrian,pedestrian,Car/pick-up/van,5,Car/pick-up/van,car,5,car,5,car,5,car,5,car,male,5
2011,Pedestrian,pedestrian,Trucks,27,Trucks,truck,27,truck,27,truck,27,truck,27,truck,male,27
2011,Pedestrian,pedestrian,Car/pick-up/van,8,Car/pick-up/van,car,8,car,8,car,8,car,8,car,male,8
2011,Pedestrian,pedestrian,Car/pick-up/van,15,Car/pick-up/van,car,15,car,15,car,15,car,15,car,male,15
2011,Motorcycle,motorcycle,Bus,28,Bus,bus,28,bus,28,bus,28,bus,28,bus,male,28
2011,Pedestrian,pedestrian,Car/pick-up/van,62,Car/pick-up/van,car,62,car,62,car,62,car,62,car,female,62
2011,Pedestrian,pedestrian,Car/pick-up/van,11,Car/pick-up/van,car,11,car,11,car,11,car,11,car,male,11
2011,Pedestrian,pedestrian,Car/pick-up/van,9,Car/pick-up/van,car,9,car,9,car,9,car,9,car,male,9
2011,Pedestrian,pedestrian,Car/pick-up/van,74,Car/pick-up/van,car,74,car,74,car,74,car,74,car,male,74
2011,Pedestrian,pedestrian,Car/pick-up/van,40,Car/pick-up/van,car,40,car,40,car,40,car,40,car,male,40
2011,Pedestrian,pedestrian,Car/pick-up/van,39,Car/pick-up/van,car,39,car,39,car,39,car,39,car,male,39
2011,Pedestrian,pedestrian,Car/pick-up/van,25,Car/pick-up/van,car,25,car,25,car,25,car,25,car,male,25
2011,Pedestrian,pedestrian,Car/pick-up/van,40,Car/pick-up/van,car,40,car,40,car,40,car,40,car,male,40
2011,Pedestrian,pedestrian,Car/pick-up/van,24,Car/pick-up/van,car,24,car,24,car,24,car,24,car,male,24
2011,Pedestrian,pedestrian,Car/pick-up/van,10,Car/pick-up/van,car,10,car,10,car,10,car,10,car,female,10
2011,Pedestrian,pedestrian,unspecified,45,NA,motorcycle,45,car,45,truck,45,bus,45,car,male,45
2011,Pedestrian,pedestrian,Car/pick-up/van,45,Car/pick-up/van,car,45,car,45,car,45,car,45,car,male,45
2011,Pedestrian,pedestrian,Car/pick-up/van,38,Car/pick-up/van,car,38,car,38,car,38,car,38,car,male,38
2011,Pedal Cycle,cycle,Car/pick-up/van,29,Car/pick-up/van,car,29,car,29,car,29,car,29,car,male,29
2011,Pedestrian,pedestrian,Car/pick-up/van,5,Car/pick-up/van,car,5,car,5,car,5,car,5,car,male,5
2011,Pedestrian,pedestrian,Car/pick-up/van,4,Car/pick-up/van,car,4,car,4,car,4,car,4,car,female,4
2011,Pedestrian,pedestrian,Car/pick-up/van,55,Car/pick-up/van,car,55,car,55,car,55,car,55,car,male,55
2011,Pedestrian,pedestrian,Car/pick-up/van,25,Car/pick-up/van,car,25,car,25,car,25,car,25,car,female,25
2011,Pedestrian,pedestrian,2/3 Wheeled,34,2/3 Wheeled,motorcycle,34,motorcycle,34,motorcycle,34,motorcycle,34,motorcycle,male,34
2011,Pedestrian,pedestrian,Car/pick-up/van,20,Car/pick-up/van,car,20,car,20,car,20,car,20,car,male,20
2011,Pedestrian,pedestrian,Trucks,39,Trucks,truck,39,truck,39,truck,39,truck,39,truck,male,39
2011,Motorcycle,motorcycle,Bus,33,Bus,bus,33,bus,33,bus,33,bus,33,bus,male,33
2011,Bus,bus,2/3 Wheeled,30,2/3 Wheeled,motorcycle,30,motorcycle,30,motorcycle,30,motorcycle,30,motorcycle,male,30
2011,Motorcycle,motorcycle,Trucks,32,Trucks,truck,32,truck,32,truck,32,truck,32,truck,male,32
2011,Pedestrian,pedestrian,2/3 Wheeled,45,2/3 Wheeled,motorcycle,45,motorcycle,45,motorcycle,45,motorcycle,45,motorcycle,female,45
2011,Pedestrian,pedestrian,Car/pick-up/van,28,Car/pick-up/van,car,28,car,28,car,28,car,28,car,female,28
2011,Pedestrian,pedestrian,Car/pick-up/van,26,Car/pick-up/van,car,26,car,26,car,26,car,26,car,male,26
2011,Pedestrian,pedestrian,Unknown,35,NA,bus,35,car,35,car,35,car,35,bus,male,35
2011,Pedestrian,pedestrian,Car/pick-up/van,35,Car/pick-up/van,car,35,car,35,car,35,car,35,car,male,35
2011,Motorcycle,motorcycle,Bus,30,Bus,bus,30,bus,30,bus,30,bus,30,bus,male,30
2011,Pedestrian,pedestrian,Car/pick-up/van,50,Car/pick-up/van,car,50,car,50,car,50,car,50,car,male,50
2011,Pedestrian,pedestrian,Bus,35,Bus,bus,35,bus,35,bus,35,bus,35,bus,male,35
2011,Pedestrian,pedestrian,Unknown,22,NA,car,22,truck,22,car,22,bus,22,bus,male,22
2011,Car,car,No other/fixed or stationary object,40,No other/fixed or stationary object,NOV,40,NOV,40,NOV,40,NOV,40,NOV,female,40
2011,Pedestrian,pedestrian,Car/pick-up/van,6,Car/pick-up/van,car,6,car,6,car,6,car,6,car,male,6
2011,Pedestrian,pedestrian,Car/pick-up/van,6,Car/pick-up/van,car,6,car,6,car,6,car,6,car,female,6
2011,Pedestrian,pedestrian,Trucks,42,Trucks,truck,42,truck,42,truck,42,truck,42,truck,male,42
2011,Motorcycle,motorcycle,Car/pick-up/van,23,Car/pick-up/van,car,23,car,23,car,23,car,23,car,male,23
2011,Motorcycle,motorcycle,Car/pick-up/van,27,Car/pick-up/van,car,27,car,27,car,27,car,27,car,male,27
2011,Pedestrian,pedestrian,Car/pick-up/van,66,Car/pick-up/van,car,66,car,66,car,66,car,66,car,male,66
2011,Pedestrian,pedestrian,Bus,50,Bus,bus,50,bus,50,bus,50,bus,50,bus,male,50
2011,Pedestrian,pedestrian,Trucks,10,Trucks,truck,10,truck,10,truck,10,truck,10,truck,female,10
2011,Pedestrian,pedestrian,Car/pick-up/van,30,Car/pick-up/van,car,30,car,30,car,30,car,30,car,male,30
2011,Pedestrian,pedestrian,Car/pick-up/van,35,Car/pick-up/van,car,35,car,35,car,35,car,35,car,male,35
2011,Pedal Cycle,cycle,Car/pick-up/van,25,Car/pick-up/van,car,25,car,25,car,25,car,25,car,male,25
2011,Pedestrian,pedestrian,Car/pick-up/van,26,Car/pick-up/van,car,26,car,26,car,26,car,26,car,male,26
2011,Pedestrian,pedestrian,Car/pick-up/van,25,Car/pick-up/van,car,25,car,25,car,25,car,25,car,male,25
2011,Pedestrian,pedestrian,Car/pick-up/van,18,Car/pick-up/van,car,18,car,18,car,18,car,18,car,male,18
2011,Pedestrian,pedestrian,Car/pick-up/van,20,Car/pick-up/van,car,20,car,20,car,20,car,20,car,female,20
2011,Pedestrian,pedestrian,Car/pick-up/van,27,Car/pick-up/van,car,27,car,27,car,27,car,27,car,female,27
2011,Pedestrian,pedestrian,Car/pick-up/van,36,Car/pick-up/van,car,36,car,36,car,36,car,36,car,male,36
2011,Pedestrian,pedestrian,Car/pick-up/van,25,Car/pick-up/van,car,25,car,25,car,25,car,25,car,male,25
2011,Motorcycle,motorcycle,Pedestrian,34,Pedestrian,pedestrian,34,pedestrian,34,pedestrian,34,pedestrian,34,pedestrian,male,34
2011,Pedestrian,pedestrian,2/3 Wheeled,56,2/3 Wheeled,motorcycle,56,motorcycle,56,motorcycle,56,motorcycle,56,motorcycle,male,56
2011,Car,car,No other/fixed or stationary object,34,No other/fixed or stationary object,NOV,34,NOV,34,NOV,34,NOV,34,NOV,male,34
2011,Car,car,Trucks,28,Trucks,truck,28,truck,28,truck,28,truck,28,truck,male,28
2011,Car,car,Trucks,30,Trucks,truck,30,truck,30,truck,30,truck,30,truck,male,30
2011,Pedestrian,pedestrian,Unknown,28,NA,car,28,car,28,truck,28,car,28,car,female,28
2011,Pedestrian,pedestrian,Car/pick-up/van,40,Car/pick-up/van,car,40,car,40,car,40,car,40,car,female,40
2011,Bus,bus,Bus,55,Bus,bus,55,bus,55,bus,55,bus,55,bus,male,55
2011,Bus,bus,Bus,45,Bus,bus,45,bus,45,bus,45,bus,45,bus,male,45
2011,Pedestrian,pedestrian,Bus,60,Bus,bus,60,bus,60,bus,60,bus,60,bus,male,60
2011,Pedestrian,pedestrian,Car/pick-up/van,3,Car/pick-up/van,car,3,car,3,car,3,car,3,car,male,3
2011,Motorcycle,motorcycle,Car/pick-up/van,30,Car/pick-up/van,car,30,car,30,car,30,car,30,car,male,30
2011,Motorcycle,motorcycle,Trucks,25,Trucks,truck,25,truck,25,truck,25,truck,25,truck,male,25
2011,Motorcycle,motorcycle,Car/pick-up/van,26,Car/pick-up/van,car,26,car,26,car,26,car,26,car,male,26
2011,Pedestrian,pedestrian,Car/pick-up/van,45,Car/pick-up/van,car,45,car,45,car,45,car,45,car,male,45
2011,Pedestrian,pedestrian,Bus,60,Bus,bus,60,bus,60,bus,60,bus,60,bus,male,60
2011,Pedestrian,pedestrian,Car/pick-up/van,9,Car/pick-up/van,car,9,car,9,car,9,car,9,car,male,9
2011,Motorcycle,motorcycle,No other/fixed or stationary object,28,No other/fixed or stationary object,NOV,28,NOV,28,NOV,28,NOV,28,NOV,male,28
2011,Car,car,2/3 Wheeled,32,2/3 Wheeled,motorcycle,32,motorcycle,32,motorcycle,32,motorcycle,32,motorcycle,male,32
2011,Motorcycle,motorcycle,No other/fixed or stationary object,24,No other/fixed or stationary object,NOV,24,NOV,24,NOV,24,NOV,24,NOV,male,24
2011,Pedestrian,pedestrian,Unknown,30,NA,car,30,car,30,car,30,car,30,bus,male,30
2011,Pedestrian,pedestrian,unspecified,35,NA,car,35,car,35,car,35,car,35,car,male,35
2011,Pedal Cycle,cycle,Car/pick-up/van,27,Car/pick-up/van,car,27,car,27,car,27,car,27,car,male,27
2011,Motorcycle,motorcycle,Bus,30,Bus,bus,30,bus,30,bus,30,bus,30,bus,female,30
2012,Motorcycle,motorcycle,Bus,36,Bus,bus,36,bus,36,bus,36,bus,36,bus,male,36
2012,Pedestrian,pedestrian,unspecified,73,NA,truck,73,car,73,car,73,bus,73,car,male,73
2012,Pedestrian,pedestrian,unspecified,64,NA,car,64,car,64,car,64,car,64,motorcycle,female,64
2012,Pedestrian,pedestrian,unspecified,32,NA,car,32,motorcycle,32,car,32,car,32,car,male,32
2012,Pedestrian,pedestrian,Bus,37,Bus,bus,37,bus,37,bus,37,bus,37,bus,female,37
2012,Pedestrian,pedestrian,Car/pick-up/van,50,Car/pick-up/van,car,50,car,50,car,50,car,50,car,male,50
2012,Pedestrian,pedestrian,Car/pick-up/van,62,Car/pick-up/van,car,62,car,62,car,62,car,62,car,male,62
2012,Pedestrian,pedestrian,2/3 Wheeled,82,2/3 Wheeled,motorcycle,82,motorcycle,82,motorcycle,82,motorcycle,82,motorcycle,male,82
2012,Pedestrian,pedestrian,Bus,42,Bus,bus,42,bus,42,bus,42,bus,42,bus,male,42
2012,Pedestrian,pedestrian,Car/pick-up/van,47,Car/pick-up/van,car,47,car,47,car,47,car,47,car,male,47
2012,Pedestrian,pedestrian,Car/pick-up/van,90,Car/pick-up/van,car,90,car,90,car,90,car,90,car,male,90
2012,Motorcycle,motorcycle,Bus,25,Bus,bus,25,bus,25,bus,25,bus,25,bus,male,25
2012,Car,car,Car/pick-up/van,25,Car/pick-up/van,car,25,car,25,car,25,car,25,car,male,25
2012,Motorcycle,motorcycle,Car/pick-up/van,41,Car/pick-up/van,car,41,car,41,car,41,car,41,car,male,41
2012,Pedestrian,pedestrian,2/3 Wheeled,28,2/3 Wheeled,motorcycle,28,motorcycle,28,motorcycle,28,motorcycle,28,motorcycle,male,28
2012,Pedestrian,pedestrian,Bus,57,Bus,bus,57,bus,57,bus,57,bus,57,bus,female,57
2012,Pedestrian,pedestrian,2/3 Wheeled,65,2/3 Wheeled,motorcycle,65,motorcycle,65,motorcycle,65,motorcycle,65,motorcycle,male,65
2012,Pedestrian,pedestrian,Unknown,74,NA,truck,74,car,74,car,74,motorcycle,74,bus,male,74
2012,Bus,bus,Trucks,35,Trucks,truck,35,truck,35,truck,35,truck,35,truck,male,35
2012,Car,car,Car/pick-up/van,36,Car/pick-up/van,car,36,car,36,car,36,car,36,car,male,36
2012,Pedestrian,pedestrian,Trucks,41,Trucks,truck,41,truck,41,truck,41,truck,41,truck,male,41
2012,Pedestrian,pedestrian,Unknown,31,NA,car,31,bus,31,car,31,car,31,car,male,31
2012,Pedestrian,pedestrian,Car/pick-up/van,29,Car/pick-up/van,car,29,car,29,car,29,car,29,car,male,29
2012,Pedestrian,pedestrian,Unknown,25,NA,motorcycle,25,car,25,car,25,bus,25,car,male,25
2012,Pedestrian,pedestrian,Car/pick-up/van,64,Car/pick-up/van,car,64,car,64,car,64,car,64,car,male,64
2012,Bus,bus,Trucks,45,Trucks,truck,45,truck,45,truck,45,truck,45,truck,male,45
2012,Pedestrian,pedestrian,Bus,65,Bus,bus,65,bus,65,bus,65,bus,65,bus,male,65
2012,Pedestrian,pedestrian,Car/pick-up/van,42,Car/pick-up/van,car,42,car,42,car,42,car,42,car,male,42
2012,Pedestrian,pedestrian,2/3 Wheeled,35,2/3 Wheeled,motorcycle,35,motorcycle,35,motorcycle,35,motorcycle,35,motorcycle,male,35
2012,Pedestrian,pedestrian,Bus,55,Bus,bus,55,bus,55,bus,55,bus,55,bus,male,55
2012,Pedestrian,pedestrian,Trucks,6,Trucks,truck,6,truck,6,truck,6,truck,6,truck,male,6
2012,Pedestrian,pedestrian,Car/pick-up/van,50,Car/pick-up/van,car,50,car,50,car,50,car,50,car,male,50
2012,Motorcycle,motorcycle,Car/pick-up/van,40,Car/pick-up/van,car,40,car,40,car,40,car,40,car,male,40
2012,Pedestrian,pedestrian,Car/pick-up/van,70,Car/pick-up/van,car,70,car,70,car,70,car,70,car,female,70
2012,Bus,bus,No other/fixed or stationary object,26,No other/fixed or stationary object,NOV,26,NOV,26,NOV,26,NOV,26,NOV,male,26
2012,Pedestrian,pedestrian,unspecified,29,NA,car,29,car,29,car,29,car,29,car,male,29
2012,Pedestrian,pedestrian,unspecified,30,NA,car,30,car,30,car,30,car,30,car,female,30
2012,Pedestrian,pedestrian,Car/pick-up/van,17,Car/pick-up/van,car,17,car,17,car,17,car,17,car,male,17
2012,Pedestrian,pedestrian,Car/pick-up/van,41,Car/pick-up/van,car,41,car,41,car,41,car,41,car,male,41
2012,Pedestrian,pedestrian,Car/pick-up/van,58,Car/pick-up/van,car,58,car,58,car,58,car,58,car,male,58
2012,Pedestrian,pedestrian,Car/pick-up/van,64,Car/pick-up/van,car,64,car,64,car,64,car,64,car,male,64
2012,Pedestrian,pedestrian,Car/pick-up/van,13,Car/pick-up/van,car,13,car,13,car,13,car,13,car,female,13
2012,Pedestrian,pedestrian,Car/pick-up/van,64,Car/pick-up/van,car,64,car,64,car,64,car,64,car,male,64
2012,Motorcycle,motorcycle,Car/pick-up/van,28,Car/pick-up/van,car,28,car,28,car,28,car,28,car,male,28
2012,Pedestrian,pedestrian,2/3 Wheeled,25,2/3 Wheeled,motorcycle,25,motorcycle,25,motorcycle,25,motorcycle,25,motorcycle,female,25
2012,Motorcycle,motorcycle,Trucks,28,Trucks,truck,28,truck,28,truck,28,truck,28,truck,male,28
2012,Pedestrian,pedestrian,Car/pick-up/van,32,Car/pick-up/van,car,32,car,32,car,32,car,32,car,male,32
2012,Pedestrian,pedestrian,Bus,76,Bus,bus,76,bus,76,bus,76,bus,76,bus,female,76
2012,Pedestrian,pedestrian,unspecified,34,NA,bus,34,car,34,car,34,bus,34,car,male,34
2012,Pedestrian,pedestrian,Bus,65,Bus,bus,65,bus,65,bus,65,bus,65,bus,male,65
2012,Pedestrian,pedestrian,Car/pick-up/van,50,Car/pick-up/van,car,50,car,50,car,50,car,50,car,male,50
2012,Pedestrian,pedestrian,Bus,42,Bus,bus,42,bus,42,bus,42,bus,42,bus,male,42
2012,Pedestrian,pedestrian,Car/pick-up/van,22,Car/pick-up/van,car,22,car,22,car,22,car,22,car,male,22
2012,Pedestrian,pedestrian,Bus,51,Bus,bus,51,bus,51,bus,51,bus,51,bus,male,51
2012,Pedestrian,pedestrian,Car/pick-up/van,63,Car/pick-up/van,car,63,car,63,car,63,car,63,car,male,63
2012,Pedestrian,pedestrian,Car/pick-up/van,36,Car/pick-up/van,car,36,car,36,car,36,car,36,car,male,36
2012,Pedestrian,pedestrian,unspecified,21,NA,car,21,car,21,bus,21,truck,21,car,female,21
2012,Pedestrian,pedestrian,unspecified,52,NA,car,52,car,52,bus,52,bus,52,car,male,52
2012,Pedestrian,pedestrian,Car/pick-up/van,22,Car/pick-up/van,car,22,car,22,car,22,car,22,car,female,22
2012,Pedestrian,pedestrian,Bus,32,Bus,bus,32,bus,32,bus,32,bus,32,bus,male,32
2012,Motorcycle,motorcycle,Car/pick-up/van,27,Car/pick-up/van,car,27,car,27,car,27,car,27,car,male,27
2012,Pedestrian,pedestrian,Bus,35,Bus,bus,35,bus,35,bus,35,bus,35,bus,female,35
2012,Motorcycle,motorcycle,2/3 Wheeled,32,2/3 Wheeled,motorcycle,32,motorcycle,32,motorcycle,32,motorcycle,32,motorcycle,male,32
2012,Motorcycle,motorcycle,Car/pick-up/van,25,Car/pick-up/van,car,25,car,25,car,25,car,25,car,male,25
2012,Motorcycle,motorcycle,Bus,30,Bus,bus,30,bus,30,bus,30,bus,30,bus,male,30
2012,Pedestrian,pedestrian,Bus,75,Bus,bus,75,bus,75,bus,75,bus,75,bus,male,75
2012,Pedestrian,pedestrian,Car/pick-up/van,27,Car/pick-up/van,car,27,car,27,car,27,car,27,car,male,27
2012,Pedestrian,pedestrian,Bus,72,Bus,bus,72,bus,72,bus,72,bus,72,bus,female,72
2012,Car,car,Car/pick-up/van,51,Car/pick-up/van,car,51,car,51,car,51,car,51,car,male,51
2012,Motorcycle,motorcycle,Bus,28,Bus,bus,28,bus,28,bus,28,bus,28,bus,male,28
2012,Pedal Cycle,cycle,Car/pick-up/van,28,Car/pick-up/van,car,28,car,28,car,28,car,28,car,male,28
2012,Motorcycle,motorcycle,Car/pick-up/van,27,Car/pick-up/van,car,27,car,27,car,27,car,27,car,male,27
2012,Pedestrian,pedestrian,unspecified,43,NA,car,43,car,43,motorcycle,43,car,43,car,male,43
2012,Pedestrian,pedestrian,Car/pick-up/van,63,Car/pick-up/van,car,63,car,63,car,63,car,63,car,male,63
2012,Motorcycle,motorcycle,Car/pick-up/van,23,Car/pick-up/van,car,23,car,23,car,23,car,23,car,male,23
2012,Motorcycle,motorcycle,No other/fixed or stationary object,33,No other/fixed or stationary object,NOV,33,NOV,33,NOV,33,NOV,33,NOV,male,33
2012,Pedal Cycle,cycle,Car/pick-up/van,27,Car/pick-up/van,car,27,car,27,car,27,car,27,car,male,27
2012,Pedestrian,pedestrian,Car/pick-up/van,19,Car/pick-up/van,car,19,car,19,car,19,car,19,car,male,19
2012,Pedestrian,pedestrian,Trucks,43,Trucks,truck,43,truck,43,truck,43,truck,43,truck,male,43
2012,Pedestrian,pedestrian,Trucks,17,Trucks,truck,17,truck,17,truck,17,truck,17,truck,female,17
2012,Pedestrian,pedestrian,Bus,75,Bus,bus,75,bus,75,bus,75,bus,75,bus,male,75
2012,Motorcycle,motorcycle,Trucks,64,Trucks,truck,64,truck,64,truck,64,truck,64,truck,male,64
2012,Pedestrian,pedestrian,Car/pick-up/van,35,Car/pick-up/van,car,35,car,35,car,35,car,35,car,male,35
2012,Pedestrian,pedestrian,Car/pick-up/van,34,Car/pick-up/van,car,34,car,34,car,34,car,34,car,male,34
2012,Pedestrian,pedestrian,Car/pick-up/van,19,Car/pick-up/van,car,19,car,19,car,19,car,19,car,male,19
2012,Pedestrian,pedestrian,Car/pick-up/van,67,Car/pick-up/van,car,67,car,67,car,67,car,67,car,male,67
2012,Pedestrian,pedestrian,Trucks,58,Trucks,truck,58,truck,58,truck,58,truck,58,truck,male,58
2012,Car,car,No other/fixed or stationary object,32,No other/fixed or stationary object,NOV,32,NOV,32,NOV,32,NOV,32,NOV,male,32
2012,Pedestrian,pedestrian,Car/pick-up/van,74,Car/pick-up/van,car,74,car,74,car,74,car,74,car,male,74
2012,Pedestrian,pedestrian,Car/pick-up/van,62,Car/pick-up/van,car,62,car,62,car,62,car,62,car,male,62
2012,Pedestrian,pedestrian,Car/pick-up/van,42,Car/pick-up/van,car,42,car,42,car,42,car,42,car,male,42
2012,Pedestrian,pedestrian,Car/pick-up/van,40,Car/pick-up/van,car,40,car,40,car,40,car,40,car,male,40
2012,Pedestrian,pedestrian,Bus,14,Bus,bus,14,bus,14,bus,14,bus,14,bus,male,14
2012,Pedestrian,pedestrian,Car/pick-up/van,64,Car/pick-up/van,car,64,car,64,car,64,car,64,car,male,64
2012,Bus,bus,No other/fixed or stationary object,74,No other/fixed or stationary object,NOV,74,NOV,74,NOV,74,NOV,74,NOV,female,74
2012,Motorcycle,motorcycle,Bus,24,Bus,bus,24,bus,24,bus,24,bus,24,bus,female,24
2012,Pedestrian,pedestrian,Bus,19,Bus,bus,19,bus,19,bus,19,bus,19,bus,male,19
2012,Pedestrian,pedestrian,Car/pick-up/van,62,Car/pick-up/van,car,62,car,62,car,62,car,62,car,female,62
2012,Pedestrian,pedestrian,Car/pick-up/van,7,Car/pick-up/van,car,7,car,7,car,7,car,7,car,male,7
2012,Pedestrian,pedestrian,unspecified,4,NA,bus,4,car,4,car,4,car,4,car,male,4
2012,Pedestrian,pedestrian,Car/pick-up/van,70,Car/pick-up/van,car,70,car,70,car,70,car,70,car,male,70
2012,Pedestrian,pedestrian,Car/pick-up/van,52,Car/pick-up/van,car,52,car,52,car,52,car,52,car,male,52
2012,Car,car,Bus,30,Bus,bus,30,bus,30,bus,30,bus,30,bus,male,30
2012,Pedestrian,pedestrian,Car/pick-up/van,75,Car/pick-up/van,car,75,car,75,car,75,car,75,car,male,75
2012,Pedestrian,pedestrian,Car/pick-up/van,10,Car/pick-up/van,car,10,car,10,car,10,car,10,car,female,10
2012,Pedestrian,pedestrian,Car/pick-up/van,5,Car/pick-up/van,car,5,car,5,car,5,car,5,car,male,5
2012,Pedestrian,pedestrian,Bus,18,Bus,bus,18,bus,18,bus,18,bus,18,bus,male,18
2012,Pedestrian,pedestrian,Car/pick-up/van,58,Car/pick-up/van,car,58,car,58,car,58,car,58,car,male,58
2012,Pedestrian,pedestrian,Car/pick-up/van,17,Car/pick-up/van,car,17,car,17,car,17,car,17,car,male,17
2012,Motorcycle,motorcycle,No other/fixed or stationary object,32,No other/fixed or stationary object,NOV,32,NOV,32,NOV,32,NOV,32,NOV,male,32
2012,Pedestrian,pedestrian,unspecified,5,NA,car,5,bus,5,truck,5,motorcycle,5,car,female,5
2012,Pedestrian,pedestrian,Car/pick-up/van,25,Car/pick-up/van,car,25,car,25,car,25,car,25,car,male,25
2012,Pedestrian,pedestrian,Car/pick-up/van,6,Car/pick-up/van,car,6,car,6,car,6,car,6,car,male,6
2012,Pedestrian,pedestrian,Car/pick-up/van,80,Car/pick-up/van,car,80,car,80,car,80,car,80,car,male,80
2012,Motorcycle,motorcycle,Car/pick-up/van,35,Car/pick-up/van,car,35,car,35,car,35,car,35,car,male,35
2012,Motorcycle,motorcycle,Car/pick-up/van,27,Car/pick-up/van,car,27,car,27,car,27,car,27,car,male,27
2012,Pedestrian,pedestrian,unspecified,43,NA,bus,43,car,43,car,43,truck,43,bus,male,43
2012,Pedestrian,pedestrian,unspecified,27,NA,car,27,car,27,car,27,truck,27,car,male,27
2012,Pedestrian,pedestrian,Bus,45,Bus,bus,45,bus,45,bus,45,bus,45,bus,female,45
2012,Motorcycle,motorcycle,Trucks,40,Trucks,truck,40,truck,40,truck,40,truck,40,truck,male,40
2012,Pedestrian,pedestrian,Car/pick-up/van,8,Car/pick-up/van,car,8,car,8,car,8,car,8,car,male,8
2012,Pedestrian,pedestrian,Bus,7,Bus,bus,7,bus,7,bus,7,bus,7,bus,male,7
2012,Heavy transport,truck,Car/pick-up/van,23,Car/pick-up/van,car,23,car,23,car,23,car,23,car,male,23
2012,Pedestrian,pedestrian,Bus,65,Bus,bus,65,bus,65,bus,65,bus,65,bus,female,65
2012,Car,car,Trucks,40,Trucks,truck,40,truck,40,truck,40,truck,40,truck,male,40
2012,Pedestrian,pedestrian,2/3 Wheeled,12,2/3 Wheeled,motorcycle,12,motorcycle,12,motorcycle,12,motorcycle,12,motorcycle,female,12
2012,Car,car,Trucks,28,Trucks,truck,28,truck,28,truck,28,truck,28,truck,male,28
2012,Heavy transport,truck,No other/fixed or stationary object,65,No other/fixed or stationary object,NOV,65,NOV,65,NOV,65,NOV,65,NOV,female,65
2012,Pedestrian,pedestrian,Trucks,64,Trucks,truck,64,truck,64,truck,64,truck,64,truck,male,64
2012,Pedestrian,pedestrian,Bus,47,Bus,bus,47,bus,47,bus,47,bus,47,bus,male,47
2012,Bus,bus,Trucks,37,Trucks,truck,37,truck,37,truck,37,truck,37,truck,female,37
2012,Car,car,Car/pick-up/van,1,Car/pick-up/van,car,1,car,1,car,1,car,1,car,male,1
2012,Bus,bus,No other/fixed or stationary object,50,No other/fixed or stationary object,NOV,50,NOV,50,NOV,50,NOV,50,NOV,female,50
2012,Bus,bus,No other/fixed or stationary object,30,No other/fixed or stationary object,NOV,30,NOV,30,NOV,30,NOV,30,NOV,female,30
2012,Bus,bus,No other/fixed or stationary object,23,No other/fixed or stationary object,NOV,23,NOV,23,NOV,23,NOV,23,NOV,female,23
2012,Pedestrian,pedestrian,Trucks,2,Trucks,truck,2,truck,2,truck,2,truck,2,truck,female,2
2012,Pedestrian,pedestrian,Car/pick-up/van,61,Car/pick-up/van,car,61,car,61,car,61,car,61,car,male,61
2012,Pedestrian,pedestrian,Car/pick-up/van,74,Car/pick-up/van,car,74,car,74,car,74,car,74,car,male,74
2013,Pedestrian,pedestrian,Car/pick-up/van,26,Car/pick-up/van,car,26,car,26,car,26,car,26,car,male,26
2013,Bus,bus,unspecified,28,NA,NOV,28,car,28,car,28,NOV,28,NOV,male,28
2013,Pick-up truck/van,car,Trucks,40,Trucks,truck,40,truck,40,truck,40,truck,40,truck,male,40
2013,Car,car,No other/fixed or stationary object,25,No other/fixed or stationary object,NOV,25,NOV,25,NOV,25,NOV,25,NOV,male,25
2013,Car,car,No other/fixed or stationary object,27,No other/fixed or stationary object,NOV,27,NOV,27,NOV,27,NOV,27,NOV,male,27
2013,Pedestrian,pedestrian,Car/pick-up/van,35,Car/pick-up/van,car,35,car,35,car,35,car,35,car,female,35
2013,Pedestrian,pedestrian,Car/pick-up/van,4,Car/pick-up/van,car,4,car,4,car,4,car,4,car,male,4
2013,Pedestrian,pedestrian,Car/pick-up/van,40,Car/pick-up/van,car,40,car,40,car,40,car,40,car,male,40
2013,Heavy transport,truck,No other/fixed or stationary object,36,No other/fixed or stationary object,NOV,36,NOV,36,NOV,36,NOV,36,NOV,male,36
2013,Pedestrian,pedestrian,Bus,35,Bus,bus,35,bus,35,bus,35,bus,35,bus,male,35
2013,Car,car,No other/fixed or stationary object,48,No other/fixed or stationary object,NOV,48,NOV,48,NOV,48,NOV,48,NOV,male,48
2013,Pedestrian,pedestrian,Bus,39,Bus,bus,39,bus,39,bus,39,bus,39,bus,male,39
2013,Pedestrian,pedestrian,Car/pick-up/van,30,Car/pick-up/van,car,30,car,30,car,30,car,30,car,female,30
2013,Motorcycle,motorcycle,unspecified,28,NA,car,28,bus,28,car,28,NOV,28,car,male,28
2013,Pedestrian,pedestrian,unspecified,23,NA,car,23,car,23,motorcycle,23,car,23,bus,male,23
2013,Motorcycle,motorcycle,2/3 Wheeled,38,2/3 Wheeled,motorcycle,38,motorcycle,38,motorcycle,38,motorcycle,38,motorcycle,male,38
2013,Pedestrian,pedestrian,Car/pick-up/van,35,Car/pick-up/van,car,35,car,35,car,35,car,35,car,female,35
2013,Bus,bus,No other/fixed or stationary object,58,No other/fixed or stationary object,NOV,58,NOV,58,NOV,58,NOV,58,NOV,male,58
2013,Pedestrian,pedestrian,Bus,36,Bus,bus,36,bus,36,bus,36,bus,36,bus,female,36
2013,Pedestrian,pedestrian,Pedal cycle,70,Pedal cycle,cycle,70,cycle,70,cycle,70,cycle,70,cycle,male,70
2013,Bus,bus,Trucks,26,Trucks,truck,26,truck,26,truck,26,truck,26,truck,male,26
2013,Pedestrian,pedestrian,Car/pick-up/van,36,Car/pick-up/van,car,36,car,36,car,36,car,36,car,male,36
2013,Motorcycle,motorcycle,Car/pick-up/van,39,Car/pick-up/van,car,39,car,39,car,39,car,39,car,male,39
2013,Pedestrian,pedestrian,Car/pick-up/van,30,Car/pick-up/van,car,30,car,30,car,30,car,30,car,male,30
2013,Pedal Cycle,cycle,Trucks,40,Trucks,truck,40,truck,40,truck,40,truck,40,truck,male,40
2013,Pedestrian,pedestrian,Car/pick-up/van,39,Car/pick-up/van,car,39,car,39,car,39,car,39,car,male,39
2013,Car,car,Trucks,39,Trucks,truck,39,truck,39,truck,39,truck,39,truck,male,39
2013,Pedestrian,pedestrian,2/3 Wheeled,49,2/3 Wheeled,motorcycle,49,motorcycle,49,motorcycle,49,motorcycle,49,motorcycle,male,49
2013,Car,car,No other/fixed or stationary object,64,No other/fixed or stationary object,NOV,64,NOV,64,NOV,64,NOV,64,NOV,female,64
2013,Pedestrian,pedestrian,Car/pick-up/van,16,Car/pick-up/van,car,16,car,16,car,16,car,16,car,male,16
2013,Pedestrian,pedestrian,2/3 Wheeled,72,2/3 Wheeled,motorcycle,72,motorcycle,72,motorcycle,72,motorcycle,72,motorcycle,female,72
2013,Bus,bus,No other/fixed or stationary object,45,No other/fixed or stationary object,NOV,45,NOV,45,NOV,45,NOV,45,NOV,male,45
2013,Pedestrian,pedestrian,Car/pick-up/van,50,Car/pick-up/van,car,50,car,50,car,50,car,50,car,male,50
2013,Pedestrian,pedestrian,Car/pick-up/van,36,Car/pick-up/van,car,36,car,36,car,36,car,36,car,male,36
2013,Pedestrian,pedestrian,Bus,57,Bus,bus,57,bus,57,bus,57,bus,57,bus,male,57
2013,Pedestrian,pedestrian,Car/pick-up/van,36,Car/pick-up/van,car,36,car,36,car,36,car,36,car,male,36
2013,Pedestrian,pedestrian,Bus,32,Bus,bus,32,bus,32,bus,32,bus,32,bus,male,32
2013,Motorcycle,motorcycle,Car/pick-up/van,39,Car/pick-up/van,car,39,car,39,car,39,car,39,car,male,39
2013,Motorcycle,motorcycle,Car/pick-up/van,34,Car/pick-up/van,car,34,car,34,car,34,car,34,car,male,34
2013,Pedestrian,pedestrian,Car/pick-up/van,53,Car/pick-up/van,car,53,car,53,car,53,car,53,car,male,53
2013,Car,car,Trucks,33,Trucks,truck,33,truck,33,truck,33,truck,33,truck,male,33
2013,Pedestrian,pedestrian,Car/pick-up/van,74,Car/pick-up/van,car,74,car,74,car,74,car,74,car,male,74
2013,Car,car,Bus,34,Bus,bus,34,bus,34,bus,34,bus,34,bus,male,34
2013,Pedestrian,pedestrian,Car/pick-up/van,3,Car/pick-up/van,car,3,car,3,car,3,car,3,car,female,3
2013,Pedestrian,pedestrian,Bus,32,Bus,bus,32,bus,32,bus,32,bus,32,bus,male,32
2013,Car,car,No other/fixed or stationary object,66,No other/fixed or stationary object,NOV,66,NOV,66,NOV,66,NOV,66,NOV,male,66
2013,Pedestrian,pedestrian,Car/pick-up/van,65,Car/pick-up/van,car,65,car,65,car,65,car,65,car,male,65
2013,Pedestrian,pedestrian,Car/pick-up/van,31,Car/pick-up/van,car,31,car,31,car,31,car,31,car,male,31
2013,Pedestrian,pedestrian,Bus,40,Bus,bus,40,bus,40,bus,40,bus,40,bus,male,40
2013,Pedestrian,pedestrian,Car/pick-up/van,26,Car/pick-up/van,car,26,car,26,car,26,car,26,car,male,26
2013,Bus,bus,unspecified,28,NA,truck,28,NOV,28,NOV,28,NOV,28,NOV,male,28
2013,Pick-up truck/van,car,Trucks,40,Trucks,truck,40,truck,40,truck,40,truck,40,truck,male,40
2013,Car,car,No other/fixed or stationary object,25,No other/fixed or stationary object,NOV,25,NOV,25,NOV,25,NOV,25,NOV,male,25
2013,Car,car,No other/fixed or stationary object,27,No other/fixed or stationary object,NOV,27,NOV,27,NOV,27,NOV,27,NOV,male,27
2013,Pedestrian,pedestrian,Car/pick-up/van,35,Car/pick-up/van,car,35,car,35,car,35,car,35,car,female,35
2013,Pedestrian,pedestrian,Car/pick-up/van,4,Car/pick-up/van,car,4,car,4,car,4,car,4,car,male,4
2013,Pedestrian,pedestrian,Car/pick-up/van,40,Car/pick-up/van,car,40,car,40,car,40,car,40,car,male,40
2013,Heavy transport,truck,No other/fixed or stationary object,36,No other/fixed or stationary object,NOV,36,NOV,36,NOV,36,NOV,36,NOV,male,36
2013,Pedestrian,pedestrian,Bus,35,Bus,bus,35,bus,35,bus,35,bus,35,bus,male,35
2013,Car,car,No other/fixed or stationary object,48,No other/fixed or stationary object,NOV,48,NOV,48,NOV,48,NOV,48,NOV,male,48
2013,Pedestrian,pedestrian,Bus,39,Bus,bus,39,bus,39,bus,39,bus,39,bus,male,39
2013,Pedestrian,pedestrian,Car/pick-up/van,30,Car/pick-up/van,car,30,car,30,car,30,car,30,car,female,30
2013,Motorcycle,motorcycle,unspecified,28,NA,NOV,28,truck,28,car,28,car,28,bus,male,28
2013,Car,car,Car/pick-up/van,51,Car/pick-up/van,car,51,car,51,car,51,car,51,car,male,51
2013,Pedestrian,pedestrian,Bus,37,Bus,bus,37,bus,37,bus,37,bus,37,bus,male,37
2013,Pedestrian,pedestrian,Car/pick-up/van,65,Car/pick-up/van,car,65,car,65,car,65,car,65,car,male,65
2013,Pedestrian,pedestrian,Car/pick-up/van,32,Car/pick-up/van,car,32,car,32,car,32,car,32,car,male,32
2013,Pedestrian,pedestrian,Car/pick-up/van,32,Car/pick-up/van,car,32,car,32,car,32,car,32,car,male,32
2013,Car,car,2/3 Wheeled,35,2/3 Wheeled,motorcycle,35,motorcycle,35,motorcycle,35,motorcycle,35,motorcycle,male,35
2013,Motorcycle,motorcycle,2/3 Wheeled,26,2/3 Wheeled,motorcycle,26,motorcycle,26,motorcycle,26,motorcycle,26,motorcycle,male,26
2013,Pedestrian,pedestrian,unspecified,30,NA,bus,30,motorcycle,30,car,30,car,30,car,male,30
2013,Pedestrian,pedestrian,Car/pick-up/van,80,Car/pick-up/van,car,80,car,80,car,80,car,80,car,male,80
2013,Pedestrian,pedestrian,Bus,58,Bus,bus,58,bus,58,bus,58,bus,58,bus,male,58
2013,Pedestrian,pedestrian,Bus,30,Bus,bus,30,bus,30,bus,30,bus,30,bus,male,30
2013,Motorcycle,motorcycle,Car/pick-up/van,26,Car/pick-up/van,car,26,car,26,car,26,car,26,car,male,26
2013,Motorcycle,motorcycle,Car/pick-up/van,NA,Car/pick-up/van,car,71,car,45,car,40,car,22,car,male,4
2013,Car,car,Car/pick-up/van,33,Car/pick-up/van,car,33,car,33,car,33,car,33,car,female,33
2013,Motorcycle,motorcycle,Bus,28,Bus,bus,28,bus,28,bus,28,bus,28,bus,male,28
2013,Bus,bus,Trucks,32,Trucks,truck,32,truck,32,truck,32,truck,32,truck,male,32
2013,Car,car,No other/fixed or stationary object,73,No other/fixed or stationary object,NOV,73,NOV,73,NOV,73,NOV,73,NOV,male,73
2013,Car,car,Bus,27,Bus,bus,27,bus,27,bus,27,bus,27,bus,male,27
2013,Car,car,Bus,18,Bus,bus,18,bus,18,bus,18,bus,18,bus,female,18
2013,Car,car,Bus,30,Bus,bus,30,bus,30,bus,30,bus,30,bus,female,30
2013,Car,car,Bus,34,Bus,bus,34,bus,34,bus,34,bus,34,bus,female,34
2013,Pedestrian,pedestrian,Bus,60,Bus,bus,60,bus,60,bus,60,bus,60,bus,male,60
2013,Motorcycle,motorcycle,Car/pick-up/van,46,Car/pick-up/van,car,46,car,46,car,46,car,46,car,female,46
2013,Pedestrian,pedestrian,unspecified,52,NA,car,52,car,52,cycle,52,bus,52,car,female,52
2013,Pedestrian,pedestrian,Car/pick-up/van,4,Car/pick-up/van,car,4,car,4,car,4,car,4,car,female,4
2013,Bus,bus,Car/pick-up/van,49,Car/pick-up/van,car,49,car,49,car,49,car,49,car,female,49
2013,Heavy transport,truck,No other/fixed or stationary object,29,No other/fixed or stationary object,NOV,29,NOV,29,NOV,29,NOV,29,NOV,male,29
2013,Pedestrian,pedestrian,Car/pick-up/van,53,Car/pick-up/van,car,53,car,53,car,53,car,53,car,male,53
2013,Pedestrian,pedestrian,2/3 Wheeled,45,2/3 Wheeled,motorcycle,45,motorcycle,45,motorcycle,45,motorcycle,45,motorcycle,male,45
2013,Pedal Cycle,cycle,Car/pick-up/van,22,Car/pick-up/van,car,22,car,22,car,22,car,22,car,male,22
2013,Pedestrian,pedestrian,unspecified,51,NA,NOV,51,bus,51,car,51,bus,51,motorcycle,male,51
2013,Car,car,No other/fixed or stationary object,38,No other/fixed or stationary object,NOV,38,NOV,38,NOV,38,NOV,38,NOV,male,38
2013,Pedestrian,pedestrian,Car/pick-up/van,32,Car/pick-up/van,car,32,car,32,car,32,car,32,car,male,32
2013,Car,car,Car/pick-up/van,77,Car/pick-up/van,car,77,car,77,car,77,car,77,car,male,77
2013,Pedestrian,pedestrian,Car/pick-up/van,40,Car/pick-up/van,car,40,car,40,car,40,car,40,car,male,40
2013,Bus,bus,No other/fixed or stationary object,52,No other/fixed or stationary object,NOV,52,NOV,52,NOV,52,NOV,52,NOV,male,52
2013,Pedestrian,pedestrian,Car/pick-up/van,53,Car/pick-up/van,car,53,car,53,car,53,car,53,car,male,53
2013,Bus,bus,unspecified,21,NA,NOV,21,NOV,21,NOV,21,NOV,21,NOV,male,21
2013,Pedestrian,pedestrian,unspecified,30,NA,car,30,bus,30,bus,30,bus,30,bus,male,30
2013,Pedestrian,pedestrian,Car/pick-up/van,2,Car/pick-up/van,car,2,car,2,car,2,car,2,car,female,2
2013,Car,car,Bus,80,Bus,bus,80,bus,80,bus,80,bus,80,bus,male,80
2013,Pedestrian,pedestrian,Bus,35,Bus,bus,35,bus,35,bus,35,bus,35,bus,male,35
2013,Pedestrian,pedestrian,Bus,60,Bus,bus,60,bus,60,bus,60,bus,60,bus,male,60
2013,Pedestrian,pedestrian,Bus,27,Bus,bus,27,bus,27,bus,27,bus,27,bus,male,27
2013,Heavy transport,truck,No other/fixed or stationary object,40,No other/fixed or stationary object,NOV,40,NOV,40,NOV,40,NOV,40,NOV,male,40
2013,Motorcycle,motorcycle,Pedestrian,30,Pedestrian,pedestrian,30,pedestrian,30,pedestrian,30,pedestrian,30,pedestrian,male,30
2013,Pedestrian,pedestrian,Unknown,21,NA,car,21,car,21,motorcycle,21,bus,21,car,female,21
2013,Motorcycle,motorcycle,Car/pick-up/van,23,Car/pick-up/van,car,23,car,23,car,23,car,23,car,male,23
2013,Pedestrian,pedestrian,Trucks,32,Trucks,truck,32,truck,32,truck,32,truck,32,truck,female,32
2013,Pedestrian,pedestrian,Bus,13,Bus,bus,13,bus,13,bus,13,bus,13,bus,male,13
2013,Pedestrian,pedestrian,Car/pick-up/van,11,Car/pick-up/van,car,11,car,11,car,11,car,11,car,male,11
2013,Pedal Cycle,cycle,Car/pick-up/van,50,Car/pick-up/van,car,50,car,50,car,50,car,50,car,male,50
2013,Pedestrian,pedestrian,2/3 Wheeled,64,2/3 Wheeled,motorcycle,64,motorcycle,64,motorcycle,64,motorcycle,64,motorcycle,male,64
2013,Pedestrian,pedestrian,Car/pick-up/van,38,Car/pick-up/van,car,38,car,38,car,38,car,38,car,male,38
2013,Pedestrian,pedestrian,Car/pick-up/van,50,Car/pick-up/van,car,50,car,50,car,50,car,50,car,female,50
2013,Pick-up truck/van,car,No other/fixed or stationary object,8,No other/fixed or stationary object,NOV,8,NOV,8,NOV,8,NOV,8,NOV,female,8
2013,Pedestrian,pedestrian,Bus,17,Bus,bus,17,bus,17,bus,17,bus,17,bus,male,17
2013,Pedestrian,pedestrian,Bus,35,Bus,bus,35,bus,35,bus,35,bus,35,bus,male,35
2013,Pedestrian,pedestrian,Car/pick-up/van,41,Car/pick-up/van,car,41,car,41,car,41,car,41,car,male,41
2013,Pedestrian,pedestrian,2/3 Wheeled,70,2/3 Wheeled,motorcycle,70,motorcycle,70,motorcycle,70,motorcycle,70,motorcycle,female,70
2013,Pedestrian,pedestrian,Car/pick-up/van,75,Car/pick-up/van,car,75,car,75,car,75,car,75,car,male,75
2013,Motorcycle,motorcycle,Bus,29,Bus,bus,29,bus,29,bus,29,bus,29,bus,male,29
2013,Motorcycle,motorcycle,No other/fixed or stationary object,24,No other/fixed or stationary object,NOV,24,NOV,24,NOV,24,NOV,24,NOV,male,24
2013,Pedestrian,pedestrian,Car/pick-up/van,40,Car/pick-up/van,car,40,car,40,car,40,car,40,car,female,40
2013,Motorcycle,motorcycle,Car/pick-up/van,28,Car/pick-up/van,car,28,car,28,car,28,car,28,car,male,28
2014,Pedestrian,pedestrian,Trucks,35,Trucks,truck,35,truck,35,truck,35,truck,35,truck,male,35
2014,Pedestrian,pedestrian,Bus,60,Bus,bus,60,bus,60,bus,60,bus,60,bus,male,60
2014,Motorcycle,motorcycle,Car/pick-up/van,30,Car/pick-up/van,car,30,car,30,car,30,car,30,car,male,30
2014,Pedal Cycle,cycle,Bus,36,Bus,bus,36,bus,36,bus,36,bus,36,bus,male,36
2014,Motorcycle,motorcycle,Car/pick-up/van,22,Car/pick-up/van,car,22,car,22,car,22,car,22,car,male,22
2014,Pedestrian,pedestrian,Car/pick-up/van,45,Car/pick-up/van,car,45,car,45,car,45,car,45,car,female,45
2014,Car,car,Trucks,34,Trucks,truck,34,truck,34,truck,34,truck,34,truck,male,34
2014,Pedestrian,pedestrian,Car/pick-up/van,25,Car/pick-up/van,car,25,car,25,car,25,car,25,car,male,25
2014,Pedestrian,pedestrian,Unknown,60,NA,motorcycle,60,truck,60,motorcycle,60,car,60,car,male,60
2014,Motorcycle,motorcycle,Car/pick-up/van,25,Car/pick-up/van,car,25,car,25,car,25,car,25,car,male,25
2014,Pedestrian,pedestrian,Car/pick-up/van,15,Car/pick-up/van,car,15,car,15,car,15,car,15,car,male,15
2014,Pedestrian,pedestrian,Car/pick-up/van,45,Car/pick-up/van,car,45,car,45,car,45,car,45,car,male,45
2014,Pedestrian,pedestrian,Bus,5,Bus,bus,5,bus,5,bus,5,bus,5,bus,female,5
2014,Pedestrian,pedestrian,Bus,37,Bus,bus,37,bus,37,bus,37,bus,37,bus,male,37
2014,Pedestrian,pedestrian,unspecified,16,NA,car,16,motorcycle,16,car,16,car,16,car,female,16
2014,Pedestrian,pedestrian,Car/pick-up/van,63,Car/pick-up/van,car,63,car,63,car,63,car,63,car,female,63
2014,Pedestrian,pedestrian,unspecified,40,NA,car,40,bus,40,car,40,bus,40,car,female,40
2014,Pedestrian,pedestrian,Car/pick-up/van,17,Car/pick-up/van,car,17,car,17,car,17,car,17,car,male,17
2014,Pedestrian,pedestrian,Bus,44,Bus,bus,44,bus,44,bus,44,bus,44,bus,male,44
2014,Pedestrian,pedestrian,Car/pick-up/van,54,Car/pick-up/van,car,54,car,54,car,54,car,54,car,male,54
2014,Pedestrian,pedestrian,2/3 Wheeled,75,2/3 Wheeled,motorcycle,75,motorcycle,75,motorcycle,75,motorcycle,75,motorcycle,male,75
2014,Pedestrian,pedestrian,2/3 Wheeled,45,2/3 Wheeled,motorcycle,45,motorcycle,45,motorcycle,45,motorcycle,45,motorcycle,male,45
2014,Pedestrian,pedestrian,Car/pick-up/van,89,Car/pick-up/van,car,89,car,89,car,89,car,89,car,male,89
2014,Pedal Cycle,cycle,Bus,58,Bus,bus,58,bus,58,bus,58,bus,58,bus,male,58
2014,Pedestrian,pedestrian,Car/pick-up/van,47,Car/pick-up/van,car,47,car,47,car,47,car,47,car,male,47
2014,Pedestrian,pedestrian,Car/pick-up/van,60,Car/pick-up/van,car,60,car,60,car,60,car,60,car,female,60
2014,Other,other,unspecified,45,NA,NOV,45,car,45,car,45,bus,45,NOV,male,45
2014,Pedestrian,pedestrian,Car/pick-up/van,55,Car/pick-up/van,car,55,car,55,car,55,car,55,car,male,55
2014,Car,car,unspecified,2,NA,motorcycle,2,bus,2,bus,2,car,2,car,female,2
2014,Car,car,unspecified,34,NA,truck,34,bus,34,bus,34,NOV,34,bus,male,34
2014,Car,car,unspecified,33,NA,car,33,NOV,33,NOV,33,car,33,bus,male,33
2014,Car,car,unspecified,60,NA,car,60,motorcycle,60,NOV,60,NOV,60,truck,male,60
2014,Pedestrian,pedestrian,Car/pick-up/van,17,Car/pick-up/van,car,17,car,17,car,17,car,17,car,male,17
2014,Pedestrian,pedestrian,Bus,65,Bus,bus,65,bus,65,bus,65,bus,65,bus,male,65
2014,Pedestrian,pedestrian,Car/pick-up/van,28,Car/pick-up/van,car,28,car,28,car,28,car,28,car,male,28
2014,Pedestrian,pedestrian,Car/pick-up/van,35,Car/pick-up/van,car,35,car,35,car,35,car,35,car,female,35
2014,Pedestrian,pedestrian,Car/pick-up/van,2,Car/pick-up/van,car,2,car,2,car,2,car,2,car,female,2
2014,Pedestrian,pedestrian,Bus,3,Bus,bus,3,bus,3,bus,3,bus,3,bus,male,3
2014,Pedestrian,pedestrian,2/3 Wheeled,45,2/3 Wheeled,motorcycle,45,motorcycle,45,motorcycle,45,motorcycle,45,motorcycle,female,45
2014,Pedestrian,pedestrian,Car/pick-up/van,45,Car/pick-up/van,car,45,car,45,car,45,car,45,car,male,45
2014,Bus,bus,Bus,34,Bus,bus,34,bus,34,bus,34,bus,34,bus,male,34
2014,Bus,bus,Bus,28,Bus,bus,28,bus,28,bus,28,bus,28,bus,female,28
2014,Other,other,unspecified,30,NA,NOV,30,truck,30,bus,30,bus,30,bus,male,30
2014,Pedestrian,pedestrian,Car/pick-up/van,35,Car/pick-up/van,car,35,car,35,car,35,car,35,car,male,35
2014,Pedestrian,pedestrian,Bus,50,Bus,bus,50,bus,50,bus,50,bus,50,bus,male,50
2014,Pedestrian,pedestrian,Car/pick-up/van,31,Car/pick-up/van,car,31,car,31,car,31,car,31,car,male,31
2014,Motorcycle,motorcycle,2/3 Wheeled,25,2/3 Wheeled,motorcycle,25,motorcycle,25,motorcycle,25,motorcycle,25,motorcycle,male,25
2014,Motorcycle,motorcycle,2/3 Wheeled,20,2/3 Wheeled,motorcycle,20,motorcycle,20,motorcycle,20,motorcycle,20,motorcycle,male,20
2014,Motorcycle,motorcycle,2/3 Wheeled,19,2/3 Wheeled,motorcycle,19,motorcycle,19,motorcycle,19,motorcycle,19,motorcycle,male,19
2014,Pedestrian,pedestrian,2/3 Wheeled,19,2/3 Wheeled,motorcycle,19,motorcycle,19,motorcycle,19,motorcycle,19,motorcycle,male,19
2014,Pedestrian,pedestrian,Bus,43,Bus,bus,43,bus,43,bus,43,bus,43,bus,male,43
2014,Pedestrian,pedestrian,Car/pick-up/van,58,Car/pick-up/van,car,58,car,58,car,58,car,58,car,male,58
2014,Pedestrian,pedestrian,Unknown,56,NA,car,56,car,56,car,56,bus,56,bus,male,56
2014,Pedestrian,pedestrian,2/3 Wheeled,65,2/3 Wheeled,motorcycle,65,motorcycle,65,motorcycle,65,motorcycle,65,motorcycle,male,65
2014,Pedestrian,pedestrian,Trucks,45,Trucks,truck,45,truck,45,truck,45,truck,45,truck,male,45
2014,Motorcycle,motorcycle,No other/fixed or stationary object,21,No other/fixed or stationary object,NOV,21,NOV,21,NOV,21,NOV,21,NOV,male,21
2014,Pedestrian,pedestrian,unspecified,45,NA,truck,45,bus,45,motorcycle,45,car,45,motorcycle,male,45
2014,Other,other,unspecified,30,NA,NOV,30,truck,30,truck,30,bus,30,NOV,male,30
2014,Motorcycle,motorcycle,Car/pick-up/van,30,Car/pick-up/van,car,30,car,30,car,30,car,30,car,male,30
2014,Motorcycle,motorcycle,No other/fixed or stationary object,31,No other/fixed or stationary object,NOV,31,NOV,31,NOV,31,NOV,31,NOV,male,31
2014,Motorcycle,motorcycle,No other/fixed or stationary object,28,No other/fixed or stationary object,NOV,28,NOV,28,NOV,28,NOV,28,NOV,male,28
2014,Motorcycle,motorcycle,Bus,19,Bus,bus,19,bus,19,bus,19,bus,19,bus,male,19
2014,Pedestrian,pedestrian,Bus,25,Bus,bus,25,bus,25,bus,25,bus,25,bus,female,25
2014,Pedestrian,pedestrian,Car/pick-up/van,40,Car/pick-up/van,car,40,car,40,car,40,car,40,car,male,40
2014,Pedestrian,pedestrian,Car/pick-up/van,40,Car/pick-up/van,car,40,car,40,car,40,car,40,car,male,40
2014,Pedestrian,pedestrian,Unknown,40,NA,car,40,car,40,car,40,car,40,bus,male,40
2014,Pedestrian,pedestrian,Car/pick-up/van,2,Car/pick-up/van,car,2,car,2,car,2,car,2,car,male,2
2014,Pick-up truck/van,car,Bus,27,Bus,bus,27,bus,27,bus,27,bus,27,bus,male,27
2014,Pedestrian,pedestrian,Trucks,60,Trucks,truck,60,truck,60,truck,60,truck,60,truck,male,60
2014,Bus,bus,No other/fixed or stationary object,65,No other/fixed or stationary object,NOV,65,NOV,65,NOV,65,NOV,65,NOV,male,65
2014,Pedestrian,pedestrian,Car/pick-up/van,2,Car/pick-up/van,car,2,car,2,car,2,car,2,car,female,2
2014,Pedestrian,pedestrian,unspecified,50,NA,bus,50,car,50,bus,50,motorcycle,50,truck,male,50
2014,Car,car,Car/pick-up/van,41,Car/pick-up/van,car,41,car,41,car,41,car,41,car,male,41
2014,Car,car,Pedestrian,23,Pedestrian,pedestrian,23,pedestrian,23,pedestrian,23,pedestrian,23,pedestrian,male,23
2014,Pedestrian,pedestrian,Bus,44,Bus,bus,44,bus,44,bus,44,bus,44,bus,male,44
2014,Pedestrian,pedestrian,Bus,2,Bus,bus,2,bus,2,bus,2,bus,2,bus,female,2
2014,Pedestrian,pedestrian,Unknown,31,NA,car,31,motorcycle,31,car,31,car,31,truck,male,31
2014,Motorcycle,motorcycle,Car/pick-up/van,31,Car/pick-up/van,car,31,car,31,car,31,car,31,car,male,31
2014,Pedestrian,pedestrian,Unknown,30,NA,car,30,car,30,car,30,car,30,car,male,30
2014,Pedestrian,pedestrian,Bus,45,Bus,bus,45,bus,45,bus,45,bus,45,bus,male,45
2014,Bus,bus,Car/pick-up/van,27,Car/pick-up/van,car,27,car,27,car,27,car,27,car,female,27
2014,Pedestrian,pedestrian,Car/pick-up/van,27,Car/pick-up/van,car,27,car,27,car,27,car,27,car,male,27
2014,Pedestrian,pedestrian,Bus,55,Bus,bus,55,bus,55,bus,55,bus,55,bus,female,55
2014,Pedestrian,pedestrian,Car/pick-up/van,5,Car/pick-up/van,car,5,car,5,car,5,car,5,car,female,5
2014,Pedestrian,pedestrian,2/3 Wheeled,75,2/3 Wheeled,motorcycle,75,motorcycle,75,motorcycle,75,motorcycle,75,motorcycle,male,75
2014,Pedestrian,pedestrian,No other/fixed or stationary object,70,No other/fixed or stationary object,NOV,70,NOV,70,NOV,70,NOV,70,NOV,male,70
2014,Pedestrian,pedestrian,Car/pick-up/van,40,Car/pick-up/van,car,40,car,40,car,40,car,40,car,male,40
2014,Pedestrian,pedestrian,Car/pick-up/van,29,Car/pick-up/van,car,29,car,29,car,29,car,29,car,female,29
2014,Pedestrian,pedestrian,2/3 Wheeled,76,2/3 Wheeled,motorcycle,76,motorcycle,76,motorcycle,76,motorcycle,76,motorcycle,male,76
2014,Car,car,Bus,45,Bus,bus,45,bus,45,bus,45,bus,45,bus,male,45
2014,Pick-up truck/van,car,Trucks,22,Trucks,truck,22,truck,22,truck,22,truck,22,truck,female,22
2014,Pedestrian,pedestrian,Car/pick-up/van,56,Car/pick-up/van,car,56,car,56,car,56,car,56,car,male,56
2014,Pedestrian,pedestrian,Bus,33,Bus,bus,33,bus,33,bus,33,bus,33,bus,male,33
2014,Pedestrian,pedestrian,Car/pick-up/van,1,Car/pick-up/van,car,1,car,1,car,1,car,1,car,male,1
2014,Pedestrian,pedestrian,Unknown,78,NA,bus,78,motorcycle,78,car,78,bus,78,car,male,78
2014,Motorcycle,motorcycle,Car/pick-up/van,22,Car/pick-up/van,car,22,car,22,car,22,car,22,car,female,22
2014,Pedestrian,pedestrian,2/3 Wheeled,76,2/3 Wheeled,motorcycle,76,motorcycle,76,motorcycle,76,motorcycle,76,motorcycle,male,76
2014,Pedestrian,pedestrian,Car/pick-up/van,25,Car/pick-up/van,car,25,car,25,car,25,car,25,car,male,25
2014,Pedestrian,pedestrian,Car/pick-up/van,30,Car/pick-up/van,car,30,car,30,car,30,car,30,car,male,30
2014,Pedestrian,pedestrian,Bus,30,Bus,bus,30,bus,30,bus,30,bus,30,bus,male,30
2014,Pedestrian,pedestrian,unspecified,37,NA,car,37,car,37,bus,37,motorcycle,37,car,male,37
2014,Pedestrian,pedestrian,Car/pick-up/van,36,Car/pick-up/van,car,36,car,36,car,36,car,36,car,female,36
2014,Pedestrian,pedestrian,Car/pick-up/van,35,Car/pick-up/van,car,35,car,35,car,35,car,35,car,male,35
2014,Car,car,2/3 Wheeled,26,2/3 Wheeled,motorcycle,26,motorcycle,26,motorcycle,26,motorcycle,26,motorcycle,male,26
2014,Pedestrian,pedestrian,Bus,29,Bus,bus,29,bus,29,bus,29,bus,29,bus,male,29
2014,Pedestrian,pedestrian,Car/pick-up/van,63,Car/pick-up/van,car,63,car,63,car,63,car,63,car,male,63
2014,Pedestrian,pedestrian,Car/pick-up/van,49,Car/pick-up/van,car,49,car,49,car,49,car,49,car,male,49
2014,Pedestrian,pedestrian,Car/pick-up/van,40,Car/pick-up/van,car,40,car,40,car,40,car,40,car,female,40
2014,Pedestrian,pedestrian,Trucks,50,Trucks,truck,50,truck,50,truck,50,truck,50,truck,male,50
2014,Pedestrian,pedestrian,Car/pick-up/van,53,Car/pick-up/van,car,53,car,53,car,53,car,53,car,female,53
2014,Pedestrian,pedestrian,2/3 Wheeled,54,2/3 Wheeled,motorcycle,54,motorcycle,54,motorcycle,54,motorcycle,54,motorcycle,male,54
2014,Pedestrian,pedestrian,Car/pick-up/van,38,Car/pick-up/van,car,38,car,38,car,38,car,38,car,male,38
2014,Pedal Cycle,cycle,Car/pick-up/van,22,Car/pick-up/van,car,22,car,22,car,22,car,22,car,male,22
2014,Pedestrian,pedestrian,unspecified,64,NA,car,64,bus,64,car,64,truck,64,bus,male,64
2014,Car,car,Bus,33,Bus,bus,33,bus,33,bus,33,bus,33,bus,male,33
2014,Heavy transport,truck,No other/fixed or stationary object,56,No other/fixed or stationary object,NOV,56,NOV,56,NOV,56,NOV,56,NOV,male,56
2014,Heavy transport,truck,No other/fixed or stationary object,55,No other/fixed or stationary object,NOV,55,NOV,55,NOV,55,NOV,55,NOV,female,55
2014,Pedestrian,pedestrian,Car/pick-up/van,60,Car/pick-up/van,car,60,car,60,car,60,car,60,car,female,60
2014,Bus,bus,Bus,48,Bus,bus,48,bus,48,bus,48,bus,48,bus,female,48
2014,Pedal Cycle,cycle,Car/pick-up/van,38,Car/pick-up/van,car,38,car,38,car,38,car,38,car,male,38
2014,Pedal Cycle,cycle,2/3 Wheeled,58,2/3 Wheeled,motorcycle,58,motorcycle,58,motorcycle,58,motorcycle,58,motorcycle,male,58
2014,Pedestrian,pedestrian,Car/pick-up/van,25,Car/pick-up/van,car,25,car,25,car,25,car,25,car,male,25
2014,Pedestrian,pedestrian,2/3 Wheeled,77,2/3 Wheeled,motorcycle,77,motorcycle,77,motorcycle,77,motorcycle,77,motorcycle,female,77
2014,Pedestrian,pedestrian,unspecified,70,NA,bus,70,car,70,truck,70,motorcycle,70,car,male,70
2014,Pedestrian,pedestrian,Unknown,32,NA,bus,32,car,32,car,32,car,32,car,male,32
2014,Pedestrian,pedestrian,Car/pick-up/van,23,Car/pick-up/van,car,23,car,23,car,23,car,23,car,female,23
2014,Car,car,No other/fixed or stationary object,34,No other/fixed or stationary object,NOV,34,NOV,34,NOV,34,NOV,34,NOV,male,34
2014,Pedestrian,pedestrian,Car/pick-up/van,35,Car/pick-up/van,car,35,car,35,car,35,car,35,car,male,35
2014,Pedestrian,pedestrian,Car/pick-up/van,72,Car/pick-up/van,car,72,car,72,car,72,car,72,car,male,72
2014,Motorcycle,motorcycle,Car/pick-up/van,25,Car/pick-up/van,car,25,car,25,car,25,car,25,car,male,25
2014,Motorcycle,motorcycle,Trucks,36,Trucks,truck,36,truck,36,truck,36,truck,36,truck,male,36
2014,Motorcycle,motorcycle,Trucks,36,Trucks,truck,36,truck,36,truck,36,truck,36,truck,male,36
2014,Pick-up truck/van,car,Bus,31,Bus,bus,31,bus,31,bus,31,bus,31,bus,male,31
2014,Car,car,No other/fixed or stationary object,36,No other/fixed or stationary object,NOV,36,NOV,36,NOV,36,NOV,36,NOV,male,36
2015,Pedestrian,pedestrian,2/3 Wheeled,50,2/3 Wheeled,motorcycle,50,motorcycle,50,motorcycle,50,motorcycle,50,motorcycle,male,50
2015,Pedestrian,pedestrian,2/3 Wheeled,42,2/3 Wheeled,motorcycle,42,motorcycle,42,motorcycle,42,motorcycle,42,motorcycle,male,42
2015,Pedestrian,pedestrian,Car/pick-up/van,46,Car/pick-up/van,car,46,car,46,car,46,car,46,car,male,46
2015,Pedestrian,pedestrian,2/3 Wheeled,58,2/3 Wheeled,motorcycle,58,motorcycle,58,motorcycle,58,motorcycle,58,motorcycle,male,58
2015,Pedestrian,pedestrian,Car/pick-up/van,24,Car/pick-up/van,car,24,car,24,car,24,car,24,car,male,24
2015,Pedestrian,pedestrian,Trucks,41,Trucks,truck,41,truck,41,truck,41,truck,41,truck,female,41
2015,Pedestrian,pedestrian,unspecified,74,NA,truck,74,car,74,bus,74,car,74,bus,male,74
2015,Pedestrian,pedestrian,unspecified,47,NA,motorcycle,47,car,47,motorcycle,47,car,47,bus,male,47
2015,Pedestrian,pedestrian,Car/pick-up/van,25,Car/pick-up/van,car,25,car,25,car,25,car,25,car,male,25
2015,Heavy transport,truck,No other/fixed or stationary object,34,No other/fixed or stationary object,NOV,34,NOV,34,NOV,34,NOV,34,NOV,male,34
2015,Pedestrian,pedestrian,Car/pick-up/van,70,Car/pick-up/van,car,70,car,70,car,70,car,70,car,female,70
2015,Pedestrian,pedestrian,Car/pick-up/van,26,Car/pick-up/van,car,26,car,26,car,26,car,26,car,female,26
2015,Pedestrian,pedestrian,unspecified,40,NA,bus,40,motorcycle,40,truck,40,car,40,car,male,40
2015,Pedestrian,pedestrian,Bus,76,Bus,bus,76,bus,76,bus,76,bus,76,bus,female,76
2015,Pedestrian,pedestrian,2/3 Wheeled,22,2/3 Wheeled,motorcycle,22,motorcycle,22,motorcycle,22,motorcycle,22,motorcycle,female,22
2015,Pedestrian,pedestrian,Car/pick-up/van,50,Car/pick-up/van,car,50,car,50,car,50,car,50,car,male,50
2015,Pedestrian,pedestrian,Bus,50,Bus,bus,50,bus,50,bus,50,bus,50,bus,male,50
2015,Pedestrian,pedestrian,Car/pick-up/van,75,Car/pick-up/van,car,75,car,75,car,75,car,75,car,male,75
2015,Pedestrian,pedestrian,Bus,41,Bus,bus,41,bus,41,bus,41,bus,41,bus,male,41
2015,Pedestrian,pedestrian,2/3 Wheeled,43,2/3 Wheeled,motorcycle,43,motorcycle,43,motorcycle,43,motorcycle,43,motorcycle,male,43
2015,Pedestrian,pedestrian,unspecified,31,NA,car,31,car,31,car,31,car,31,motorcycle,male,31
2015,Pedestrian,pedestrian,Trucks,34,Trucks,truck,34,truck,34,truck,34,truck,34,truck,female,34
2015,Pedestrian,pedestrian,Bus,43,Bus,bus,43,bus,43,bus,43,bus,43,bus,male,43
2015,Pedestrian,pedestrian,Car/pick-up/van,27,Car/pick-up/van,car,27,car,27,car,27,car,27,car,male,27
2015,Motorcycle,motorcycle,No other/fixed or stationary object,35,No other/fixed or stationary object,NOV,35,NOV,35,NOV,35,NOV,35,NOV,male,35
2015,Pedestrian,pedestrian,Bus,45,Bus,bus,45,bus,45,bus,45,bus,45,bus,female,45
2015,Pedestrian,pedestrian,Bus,35,Bus,bus,35,bus,35,bus,35,bus,35,bus,male,35
2015,Car,car,Car/pick-up/van,35,Car/pick-up/van,car,35,car,35,car,35,car,35,car,male,35
2015,Pedestrian,pedestrian,Car/pick-up/van,22,Car/pick-up/van,car,22,car,22,car,22,car,22,car,male,22
2015,Pedestrian,pedestrian,Car/pick-up/van,30,Car/pick-up/van,car,30,car,30,car,30,car,30,car,male,30
2015,Pedestrian,pedestrian,Car/pick-up/van,40,Car/pick-up/van,car,40,car,40,car,40,car,40,car,male,40
2015,Pedal Cycle,cycle,Car/pick-up/van,41,Car/pick-up/van,car,41,car,41,car,41,car,41,car,male,41
2015,Pedal Cycle,cycle,Car/pick-up/van,38,Car/pick-up/van,car,38,car,38,car,38,car,38,car,male,38
2015,Motorcycle,motorcycle,Trucks,29,Trucks,truck,29,truck,29,truck,29,truck,29,truck,male,29
2015,Motorcycle,motorcycle,Trucks,30,Trucks,truck,30,truck,30,truck,30,truck,30,truck,male,30
2015,Pedestrian,pedestrian,unspecified,38,NA,car,38,car,38,car,38,car,38,motorcycle,male,38
2015,Pedestrian,pedestrian,Car/pick-up/van,32,Car/pick-up/van,car,32,car,32,car,32,car,32,car,male,32
2015,Pedestrian,pedestrian,Bus,45,Bus,bus,45,bus,45,bus,45,bus,45,bus,female,45
2015,Pedal Cycle,cycle,Car/pick-up/van,25,Car/pick-up/van,car,25,car,25,car,25,car,25,car,male,25
2015,Pedestrian,pedestrian,unspecified,62,NA,car,62,bus,62,truck,62,truck,62,motorcycle,male,62
2015,Motorcycle,motorcycle,Car/pick-up/van,47,Car/pick-up/van,car,47,car,47,car,47,car,47,car,male,47
2015,Pedestrian,pedestrian,unspecified,60,NA,car,60,bus,60,bus,60,motorcycle,60,motorcycle,female,60
2015,Car,car,2/3 Wheeled,25,2/3 Wheeled,motorcycle,25,motorcycle,25,motorcycle,25,motorcycle,25,motorcycle,male,25
2015,Pedal Cycle,cycle,Trucks,30,Trucks,truck,30,truck,30,truck,30,truck,30,truck,male,30
2015,Pedestrian,pedestrian,Car/pick-up/van,35,Car/pick-up/van,car,35,car,35,car,35,car,35,car,male,35
2015,Pedestrian,pedestrian,Bus,70,Bus,bus,70,bus,70,bus,70,bus,70,bus,male,70
2015,Pedal Cycle,cycle,Car/pick-up/van,33,Car/pick-up/van,car,33,car,33,car,33,car,33,car,male,33
2015,Pedestrian,pedestrian,Bus,38,Bus,bus,38,bus,38,bus,38,bus,38,bus,male,38
2015,Pedestrian,pedestrian,Bus,75,Bus,bus,75,bus,75,bus,75,bus,75,bus,female,75
2015,Pedestrian,pedestrian,Bus,10,Bus,bus,10,bus,10,bus,10,bus,10,bus,male,10
2015,Pedestrian,pedestrian,Bus,8,Bus,bus,8,bus,8,bus,8,bus,8,bus,female,8
2015,Pedestrian,pedestrian,Bus,43,Bus,bus,43,bus,43,bus,43,bus,43,bus,male,43
2015,Pedestrian,pedestrian,Bus,85,Bus,bus,85,bus,85,bus,85,bus,85,bus,female,85
2015,Pedestrian,pedestrian,Car/pick-up/van,57,Car/pick-up/van,car,57,car,57,car,57,car,57,car,female,57
2015,Pedestrian,pedestrian,Car/pick-up/van,42,Car/pick-up/van,car,42,car,42,car,42,car,42,car,female,42
2015,Pedestrian,pedestrian,Car/pick-up/van,36,Car/pick-up/van,car,36,car,36,car,36,car,36,car,male,36
2015,Motorcycle,motorcycle,No other/fixed or stationary object,27,No other/fixed or stationary object,NOV,27,NOV,27,NOV,27,NOV,27,NOV,male,27
2015,Pedestrian,pedestrian,Car/pick-up/van,50,Car/pick-up/van,car,50,car,50,car,50,car,50,car,male,50
2015,Pedestrian,pedestrian,Bus,87,Bus,bus,87,bus,87,bus,87,bus,87,bus,female,87
2015,Pedestrian,pedestrian,Car/pick-up/van,6,Car/pick-up/van,car,6,car,6,car,6,car,6,car,female,6
2015,Other,other,unspecified,26,NA,bus,26,NOV,26,truck,26,NOV,26,truck,male,26
2015,Motorcycle,motorcycle,Car/pick-up/van,34,Car/pick-up/van,car,34,car,34,car,34,car,34,car,male,34
2015,Pedestrian,pedestrian,Car/pick-up/van,23,Car/pick-up/van,car,23,car,23,car,23,car,23,car,male,23
2015,Pedestrian,pedestrian,Car/pick-up/van,40,Car/pick-up/van,car,40,car,40,car,40,car,40,car,male,40
2015,Motorcycle,motorcycle,Car/pick-up/van,27,Car/pick-up/van,car,27,car,27,car,27,car,27,car,male,27
2015,Motorcycle,motorcycle,Car/pick-up/van,32,Car/pick-up/van,car,32,car,32,car,32,car,32,car,male,32
2015,Pedestrian,pedestrian,Car/pick-up/van,42,Car/pick-up/van,car,42,car,42,car,42,car,42,car,female,42
2015,Motorcycle,motorcycle,Bus,24,Bus,bus,24,bus,24,bus,24,bus,24,bus,male,24
2015,Motorcycle,motorcycle,Bus,22,Bus,bus,22,bus,22,bus,22,bus,22,bus,male,22
2015,Pedestrian,pedestrian,Car/pick-up/van,39,Car/pick-up/van,car,39,car,39,car,39,car,39,car,male,39
2015,Pedestrian,pedestrian,Car/pick-up/van,52,Car/pick-up/van,car,52,car,52,car,52,car,52,car,female,52
2015,Car,car,Trucks,35,Trucks,truck,35,truck,35,truck,35,truck,35,truck,male,35
2015,Motorcycle,motorcycle,Unknown,40,NA,bus,40,car,40,car,40,bus,40,truck,male,40
2015,Pedestrian,pedestrian,Car/pick-up/van,28,Car/pick-up/van,car,28,car,28,car,28,car,28,car,male,28
2015,Pedestrian,pedestrian,Car/pick-up/van,32,Car/pick-up/van,car,32,car,32,car,32,car,32,car,male,32
2015,Car,car,Bus,9,Bus,bus,9,bus,9,bus,9,bus,9,bus,female,9
2015,Car,car,Bus,2,Bus,bus,2,bus,2,bus,2,bus,2,bus,male,2
2015,Pedestrian,pedestrian,Car/pick-up/van,64,Car/pick-up/van,car,64,car,64,car,64,car,64,car,male,64
2015,Other,other,unspecified,38,NA,car,38,bus,38,NOV,38,truck,38,bus,male,38
2015,Bus,bus,Car/pick-up/van,26,Car/pick-up/van,car,26,car,26,car,26,car,26,car,male,26
2015,Bus,bus,Car/pick-up/van,27,Car/pick-up/van,car,27,car,27,car,27,car,27,car,male,27
2015,Pedestrian,pedestrian,Car/pick-up/van,25,Car/pick-up/van,car,25,car,25,car,25,car,25,car,male,25
2015,Car,car,Trucks,22,Trucks,truck,22,truck,22,truck,22,truck,22,truck,female,22
2015,Motorcycle,motorcycle,2/3 Wheeled,29,2/3 Wheeled,motorcycle,29,motorcycle,29,motorcycle,29,motorcycle,29,motorcycle,male,29
2015,Bus,bus,Trucks,38,Trucks,truck,38,truck,38,truck,38,truck,38,truck,female,38
2015,Bus,bus,Trucks,3,Trucks,truck,3,truck,3,truck,3,truck,3,truck,female,3
2015,Bus,bus,Trucks,22,Trucks,truck,22,truck,22,truck,22,truck,22,truck,female,22
2015,Bus,bus,Trucks,65,Trucks,truck,65,truck,65,truck,65,truck,65,truck,female,65
2015,Bus,bus,Trucks,51,Trucks,truck,51,truck,51,truck,51,truck,51,truck,female,51
2015,Pedestrian,pedestrian,Car/pick-up/van,50,Car/pick-up/van,car,50,car,50,car,50,car,50,car,male,50
2015,Pedal Cycle,cycle,Bus,30,Bus,bus,30,bus,30,bus,30,bus,30,bus,male,30
2015,Pedestrian,pedestrian,2/3 Wheeled,10,2/3 Wheeled,motorcycle,10,motorcycle,10,motorcycle,10,motorcycle,10,motorcycle,male,10
2015,Motorcycle,motorcycle,Car/pick-up/van,22,Car/pick-up/van,car,22,car,22,car,22,car,22,car,male,22
2015,Pedestrian,pedestrian,Car/pick-up/van,17,Car/pick-up/van,car,17,car,17,car,17,car,17,car,male,17
2015,Car,car,Trucks,31,Trucks,truck,31,truck,31,truck,31,truck,31,truck,male,31
2015,Pedestrian,pedestrian,Car/pick-up/van,24,Car/pick-up/van,car,24,car,24,car,24,car,24,car,male,24
2015,Pedestrian,pedestrian,unspecified,28,NA,car,28,car,28,bus,28,bus,28,car,male,28
2015,Car,car,Trucks,59,Trucks,truck,59,truck,59,truck,59,truck,59,truck,male,59
2015,Pedestrian,pedestrian,Car/pick-up/van,35,Car/pick-up/van,car,35,car,35,car,35,car,35,car,male,35
2015,Pedestrian,pedestrian,Car/pick-up/van,2,Car/pick-up/van,car,2,car,2,car,2,car,2,car,female,2
2015,Motorcycle,motorcycle,Car/pick-up/van,20,Car/pick-up/van,car,20,car,20,car,20,car,20,car,male,20
2015,Pedestrian,pedestrian,Car/pick-up/van,2,Car/pick-up/van,car,2,car,2,car,2,car,2,car,female,2
2015,Car,car,Car/pick-up/van,65,Car/pick-up/van,car,65,car,65,car,65,car,65,car,male,65
2015,Motorcycle,motorcycle,unspecified,27,NA,truck,27,car,27,car,27,car,27,car,male,27
2015,Car,car,No other/fixed or stationary object,33,No other/fixed or stationary object,NOV,33,NOV,33,NOV,33,NOV,33,NOV,male,33
2015,Pedestrian,pedestrian,Car/pick-up/van,30,Car/pick-up/van,car,30,car,30,car,30,car,30,car,male,30
2015,Pedestrian,pedestrian,Trucks,32,Trucks,truck,32,truck,32,truck,32,truck,32,truck,male,32
2015,Pedal Cycle,cycle,Car/pick-up/van,29,Car/pick-up/van,car,29,car,29,car,29,car,29,car,male,29
2015,Car,car,No other/fixed or stationary object,20,No other/fixed or stationary object,NOV,20,NOV,20,NOV,20,NOV,20,NOV,male,20
2015,Motorcycle,motorcycle,unspecified,25,NA,car,25,car,25,bus,25,car,25,car,male,25
2015,Pedestrian,pedestrian,unspecified,25,NA,car,25,bus,25,car,25,car,25,car,male,25
2015,Pedestrian,pedestrian,Trucks,37,Trucks,truck,37,truck,37,truck,37,truck,37,truck,male,37
2015,Pedestrian,pedestrian,Bus,54,Bus,bus,54,bus,54,bus,54,bus,54,bus,male,54
2015,Pedestrian,pedestrian,Bus,17,Bus,bus,17,bus,17,bus,17,bus,17,bus,male,17
2016,Pedestrian,pedestrian,Car/pick-up/van,76,Car/pick-up/van,car,76,car,76,car,76,car,76,car,male,76
2016,Pedestrian,pedestrian,Bus,10,Bus,bus,10,bus,10,bus,10,bus,10,bus,male,10
2016,Car,car,No other/fixed or stationary object,23,No other/fixed or stationary object,NOV,23,NOV,23,NOV,23,NOV,23,NOV,male,23
2016,Pedestrian,pedestrian,Car/pick-up/van,32,Car/pick-up/van,car,32,car,32,car,32,car,32,car,female,32
2016,Pedestrian,pedestrian,Bus,29,Bus,bus,29,bus,29,bus,29,bus,29,bus,male,29
2016,Pedestrian,pedestrian,Car/pick-up/van,3,Car/pick-up/van,car,3,car,3,car,3,car,3,car,female,3
2016,Bus,bus,Trucks,36,Trucks,truck,36,truck,36,truck,36,truck,36,truck,male,36
2016,Heavy transport,truck,Bus,30,Bus,bus,30,bus,30,bus,30,bus,30,bus,male,30
2016,Pedestrian,pedestrian,Car/pick-up/van,30,Car/pick-up/van,car,30,car,30,car,30,car,30,car,female,30
2016,Pedestrian,pedestrian,Car/pick-up/van,10,Car/pick-up/van,car,10,car,10,car,10,car,10,car,female,10
2016,Pedestrian,pedestrian,2/3 Wheeled,70,2/3 Wheeled,motorcycle,70,motorcycle,70,motorcycle,70,motorcycle,70,motorcycle,male,70
2016,Pedestrian,pedestrian,Trucks,75,Trucks,truck,75,truck,75,truck,75,truck,75,truck,male,75
2016,Pedestrian,pedestrian,Bus,30,Bus,bus,30,bus,30,bus,30,bus,30,bus,male,30
2016,Pedestrian,pedestrian,Unknown,28,NA,car,28,truck,28,car,28,motorcycle,28,truck,female,28
2016,Pedestrian,pedestrian,Car/pick-up/van,40,Car/pick-up/van,car,40,car,40,car,40,car,40,car,male,40
2016,Pedal Cycle,cycle,Car/pick-up/van,30,Car/pick-up/van,car,30,car,30,car,30,car,30,car,male,30
2016,Pedestrian,pedestrian,Unknown,35,NA,car,35,car,35,car,35,motorcycle,35,car,male,35
2016,Pedestrian,pedestrian,unspecified,34,NA,car,34,motorcycle,34,car,34,car,34,car,male,34
2016,Pedestrian,pedestrian,Car/pick-up/van,44,Car/pick-up/van,car,44,car,44,car,44,car,44,car,male,44
2016,Car,car,No other/fixed or stationary object,48,No other/fixed or stationary object,NOV,48,NOV,48,NOV,48,NOV,48,NOV,male,48
2016,Car,car,No other/fixed or stationary object,68,No other/fixed or stationary object,NOV,68,NOV,68,NOV,68,NOV,68,NOV,male,68
2016,Motorcycle,motorcycle,Trucks,44,Trucks,truck,44,truck,44,truck,44,truck,44,truck,male,44
2016,Motorcycle,motorcycle,Bus,50,Bus,bus,50,bus,50,bus,50,bus,50,bus,male,50
2016,Pedestrian,pedestrian,2/3 Wheeled,37,2/3 Wheeled,motorcycle,37,motorcycle,37,motorcycle,37,motorcycle,37,motorcycle,male,37
2016,Pick-up truck/van,car,No other/fixed or stationary object,28,No other/fixed or stationary object,NOV,28,NOV,28,NOV,28,NOV,28,NOV,male,28
2016,Pick-up truck/van,car,No other/fixed or stationary object,32,No other/fixed or stationary object,NOV,32,NOV,32,NOV,32,NOV,32,NOV,male,32
2016,Pedestrian,pedestrian,Car/pick-up/van,27,Car/pick-up/van,car,27,car,27,car,27,car,27,car,male,27
2016,Bus,bus,No other/fixed or stationary object,32,No other/fixed or stationary object,NOV,32,NOV,32,NOV,32,NOV,32,NOV,male,32
2016,Pedestrian,pedestrian,unspecified,30,NA,bus,30,bus,30,truck,30,car,30,motorcycle,male,30
2016,Car,car,Trucks,55,Trucks,truck,55,truck,55,truck,55,truck,55,truck,male,55
2016,Pedestrian,pedestrian,Trucks,30,Trucks,truck,30,truck,30,truck,30,truck,30,truck,male,30
2016,Pedestrian,pedestrian,Bus,43,Bus,bus,43,bus,43,bus,43,bus,43,bus,male,43
2016,Pick-up truck/van,car,No other/fixed or stationary object,30,No other/fixed or stationary object,NOV,30,NOV,30,NOV,30,NOV,30,NOV,male,30
2016,Pedestrian,pedestrian,unspecified,2,NA,motorcycle,2,bus,2,car,2,truck,2,car,male,2
2016,Pedestrian,pedestrian,unspecified,38,NA,motorcycle,38,car,38,car,38,car,38,car,male,38
2016,Pedestrian,pedestrian,Car/pick-up/van,68,Car/pick-up/van,car,68,car,68,car,68,car,68,car,female,68
2016,Pedestrian,pedestrian,Bus,26,Bus,bus,26,bus,26,bus,26,bus,26,bus,male,26
2016,Pedestrian,pedestrian,Car/pick-up/van,2,Car/pick-up/van,car,2,car,2,car,2,car,2,car,male,2
2016,Pedestrian,pedestrian,Car/pick-up/van,75,Car/pick-up/van,car,75,car,75,car,75,car,75,car,female,75
2016,Pedestrian,pedestrian,Trucks,30,Trucks,truck,30,truck,30,truck,30,truck,30,truck,female,30
2016,Pedestrian,pedestrian,Car/pick-up/van,40,Car/pick-up/van,car,40,car,40,car,40,car,40,car,male,40
2016,Car,car,Car/pick-up/van,44,Car/pick-up/van,car,44,car,44,car,44,car,44,car,female,44
2016,Pedestrian,pedestrian,Car/pick-up/van,8,Car/pick-up/van,car,8,car,8,car,8,car,8,car,female,8
2016,Pick-up truck/van,car,No other/fixed or stationary object,21,No other/fixed or stationary object,NOV,21,NOV,21,NOV,21,NOV,21,NOV,male,21
2016,Pedestrian,pedestrian,Car/pick-up/van,45,Car/pick-up/van,car,45,car,45,car,45,car,45,car,female,45
2016,Pedestrian,pedestrian,2/3 Wheeled,51,2/3 Wheeled,motorcycle,51,motorcycle,51,motorcycle,51,motorcycle,51,motorcycle,male,51
2016,Pedestrian,pedestrian,Car/pick-up/van,48,Car/pick-up/van,car,48,car,48,car,48,car,48,car,female,48
2016,Pedestrian,pedestrian,Trucks,60,Trucks,truck,60,truck,60,truck,60,truck,60,truck,male,60
2016,Pedestrian,pedestrian,Trucks,18,Trucks,truck,18,truck,18,truck,18,truck,18,truck,male,18
2016,Motorcycle,motorcycle,Trucks,42,Trucks,truck,42,truck,42,truck,42,truck,42,truck,male,42
2016,Pedestrian,pedestrian,Car/pick-up/van,42,Car/pick-up/van,car,42,car,42,car,42,car,42,car,male,42
2016,Bus,bus,Car/pick-up/van,36,Car/pick-up/van,car,36,car,36,car,36,car,36,car,female,36
2016,Car,car,Bus,20,Bus,bus,20,bus,20,bus,20,bus,20,bus,female,20
2016,Car,car,Bus,2,Bus,bus,2,bus,2,bus,2,bus,2,bus,female,2
2016,Car,car,Bus,42,Bus,bus,42,bus,42,bus,42,bus,42,bus,male,42
2016,Pedestrian,pedestrian,Trucks,42,Trucks,truck,42,truck,42,truck,42,truck,42,truck,male,42
2016,Pedestrian,pedestrian,Car/pick-up/van,28,Car/pick-up/van,car,28,car,28,car,28,car,28,car,male,28
2016,Pedestrian,pedestrian,Trucks,28,Trucks,truck,28,truck,28,truck,28,truck,28,truck,male,28
2016,Car,car,No other/fixed or stationary object,20,No other/fixed or stationary object,NOV,20,NOV,20,NOV,20,NOV,20,NOV,male,20
2016,Pedestrian,pedestrian,Bus,22,Bus,bus,22,bus,22,bus,22,bus,22,bus,female,22
2016,Pedestrian,pedestrian,Car/pick-up/van,29,Car/pick-up/van,car,29,car,29,car,29,car,29,car,female,29
2016,Pedestrian,pedestrian,Car/pick-up/van,35,Car/pick-up/van,car,35,car,35,car,35,car,35,car,male,35
2016,Pedestrian,pedestrian,Car/pick-up/van,28,Car/pick-up/van,car,28,car,28,car,28,car,28,car,male,28
2016,Pedestrian,pedestrian,Car/pick-up/van,35,Car/pick-up/van,car,35,car,35,car,35,car,35,car,male,35
2016,Pedestrian,pedestrian,Car/pick-up/van,40,Car/pick-up/van,car,40,car,40,car,40,car,40,car,female,40
2016,Pedestrian,pedestrian,Trucks,30,Trucks,truck,30,truck,30,truck,30,truck,30,truck,male,30
2016,Pedestrian,pedestrian,Car/pick-up/van,2,Car/pick-up/van,car,2,car,2,car,2,car,2,car,male,2
2016,Pedestrian,pedestrian,Bus,30,Bus,bus,30,bus,30,bus,30,bus,30,bus,male,30
2016,Pedestrian,pedestrian,Car/pick-up/van,77,Car/pick-up/van,car,77,car,77,car,77,car,77,car,female,77
2016,Pedestrian,pedestrian,2/3 Wheeled,4,2/3 Wheeled,motorcycle,4,motorcycle,4,motorcycle,4,motorcycle,4,motorcycle,male,4
2016,Pedestrian,pedestrian,Bus,45,Bus,bus,45,bus,45,bus,45,bus,45,bus,male,45
2016,Pedestrian,pedestrian,Car/pick-up/van,17,Car/pick-up/van,car,17,car,17,car,17,car,17,car,male,17
2016,Pedestrian,pedestrian,2/3 Wheeled,95,2/3 Wheeled,motorcycle,95,motorcycle,95,motorcycle,95,motorcycle,95,motorcycle,male,95
2016,Motorcycle,motorcycle,Bus,33,Bus,bus,33,bus,33,bus,33,bus,33,bus,male,33
2016,Pedestrian,pedestrian,Car/pick-up/van,28,Car/pick-up/van,car,28,car,28,car,28,car,28,car,male,28
2016,Pedestrian,pedestrian,2/3 Wheeled,80,2/3 Wheeled,motorcycle,80,motorcycle,80,motorcycle,80,motorcycle,80,motorcycle,male,80
2016,Motorcycle,motorcycle,Car/pick-up/van,25,Car/pick-up/van,car,25,car,25,car,25,car,25,car,male,25
2016,Pedestrian,pedestrian,Bus,65,Bus,bus,65,bus,65,bus,65,bus,65,bus,male,65
2016,Pedestrian,pedestrian,2/3 Wheeled,58,2/3 Wheeled,motorcycle,58,motorcycle,58,motorcycle,58,motorcycle,58,motorcycle,male,58
2016,Pedestrian,pedestrian,Car/pick-up/van,20,Car/pick-up/van,car,20,car,20,car,20,car,20,car,female,20
2016,Pedestrian,pedestrian,Car/pick-up/van,70,Car/pick-up/van,car,70,car,70,car,70,car,70,car,male,70
2016,Pedestrian,pedestrian,Car/pick-up/van,37,Car/pick-up/van,car,37,car,37,car,37,car,37,car,female,37
2016,Car,car,Trucks,46,Trucks,truck,46,truck,46,truck,46,truck,46,truck,male,46
2016,Pedal Cycle,cycle,Car/pick-up/van,36,Car/pick-up/van,car,36,car,36,car,36,car,36,car,male,36
2016,Bus,bus,No other/fixed or stationary object,74,No other/fixed or stationary object,NOV,74,NOV,74,NOV,74,NOV,74,NOV,male,74
2016,Pedestrian,pedestrian,Car/pick-up/van,45,Car/pick-up/van,car,45,car,45,car,45,car,45,car,male,45
2016,Pedestrian,pedestrian,Car/pick-up/van,25,Car/pick-up/van,car,25,car,25,car,25,car,25,car,male,25
2016,Pedal Cycle,cycle,Car/pick-up/van,23,Car/pick-up/van,car,23,car,23,car,23,car,23,car,male,23
2016,Pedestrian,pedestrian,Bus,31,Bus,bus,31,bus,31,bus,31,bus,31,bus,male,31
2016,Pedestrian,pedestrian,2/3 Wheeled,51,2/3 Wheeled,motorcycle,51,motorcycle,51,motorcycle,51,motorcycle,51,motorcycle,male,51
2016,Bus,bus,Bus,41,Bus,bus,41,bus,41,bus,41,bus,41,bus,male,41
2016,Pedestrian,pedestrian,Car/pick-up/van,2,Car/pick-up/van,car,2,car,2,car,2,car,2,car,male,2
2016,Pedestrian,pedestrian,Bus,57,Bus,bus,57,bus,57,bus,57,bus,57,bus,male,57
2016,Pedestrian,pedestrian,Bus,5,Bus,bus,5,bus,5,bus,5,bus,5,bus,female,5
2016,Motorcycle,motorcycle,No other/fixed or stationary object,25,No other/fixed or stationary object,NOV,25,NOV,25,NOV,25,NOV,25,NOV,male,25
2016,Pick-up truck/van,car,Bus,51,Bus,bus,51,bus,51,bus,51,bus,51,bus,male,51
2016,Pedestrian,pedestrian,Car/pick-up/van,50,Car/pick-up/van,car,50,car,50,car,50,car,50,car,female,50
2016,Pedestrian,pedestrian,Trucks,23,Trucks,truck,23,truck,23,truck,23,truck,23,truck,male,23
2016,Pedestrian,pedestrian,Bus,75,Bus,bus,75,bus,75,bus,75,bus,75,bus,male,75
2016,Pedestrian,pedestrian,Car/pick-up/van,43,Car/pick-up/van,car,43,car,43,car,43,car,43,car,male,43
2016,Pedestrian,pedestrian,unspecified,40,NA,bus,40,car,40,car,40,car,40,bus,male,40
2016,Pedestrian,pedestrian,Car/pick-up/van,12,Car/pick-up/van,car,12,car,12,car,12,car,12,car,male,12
2016,Pedestrian,pedestrian,Car/pick-up/van,63,Car/pick-up/van,car,63,car,63,car,63,car,63,car,male,63
2016,Pedestrian,pedestrian,Car/pick-up/van,60,Car/pick-up/van,car,60,car,60,car,60,car,60,car,male,60
2016,Pedestrian,pedestrian,Car/pick-up/van,50,Car/pick-up/van,car,50,car,50,car,50,car,50,car,male,50
2016,Pedestrian,pedestrian,Car/pick-up/van,9,Car/pick-up/van,car,9,car,9,car,9,car,9,car,male,9
2016,Pedestrian,pedestrian,Car/pick-up/van,36,Car/pick-up/van,car,36,car,36,car,36,car,36,car,male,36
2016,Pick-up truck/van,car,Car/pick-up/van,38,Car/pick-up/van,car,38,car,38,car,38,car,38,car,male,38
2016,Motorcycle,motorcycle,Car/pick-up/van,30,Car/pick-up/van,car,30,car,30,car,30,car,30,car,female,30
2016,Pedestrian,pedestrian,Car/pick-up/van,17,Car/pick-up/van,car,17,car,17,car,17,car,17,car,female,17
2016,Pedestrian,pedestrian,Car/pick-up/van,17,Car/pick-up/van,car,17,car,17,car,17,car,17,car,female,17
