"sex","age_cat","cause","measure","city","scenario","level1","level2","level3","dose","pop_age_sex"
"male","15-19","sc_cycle_deaths_pa_all_cause",0.90051,"bogota","Cycling","L1: All Cause",NA,NA,"PA",282736
"male","20-24","sc_cycle_deaths_pa_all_cause",3.29462,"bogota","Cycling","L1: All Cause",NA,NA,"PA",357934
"male","25-29","sc_cycle_deaths_pa_all_cause",4.1425,"bogota","Cycling","L1: All Cause",NA,NA,"PA",360031
"male","30-34","sc_cycle_deaths_pa_all_cause",7.9452,"bogota","Cycling","L1: All Cause",NA,NA,"PA",321492
"male","35-39","sc_cycle_deaths_pa_all_cause",6.81513,"bogota","Cycling","L1: All Cause",NA,NA,"PA",289808
"male","40-44","sc_cycle_deaths_pa_all_cause",5.6966,"bogota","Cycling","L1: All Cause",NA,NA,"PA",244543
"male","45-49","sc_cycle_deaths_pa_all_cause",5.91561,"bogota","Cycling","L1: All Cause",NA,NA,"PA",215491
"male","50-54","sc_cycle_deaths_pa_all_cause",6.47858,"bogota","Cycling","L1: All Cause",NA,NA,"PA",209137
"male","55-59","sc_cycle_deaths_pa_all_cause",8.99629,"bogota","Cycling","L1: All Cause",NA,NA,"PA",187551
"male","60-64","sc_cycle_deaths_pa_all_cause",9.89723,"bogota","Cycling","L1: All Cause",NA,NA,"PA",146500
"male","65-69","sc_cycle_deaths_pa_all_cause",13.30619,"bogota","Cycling","L1: All Cause",NA,NA,"PA",105412
"female","15-19","sc_cycle_deaths_pa_all_cause",0.30181,"bogota","Cycling","L1: All Cause",NA,NA,"PA",279280
"female","20-24","sc_cycle_deaths_pa_all_cause",0.73505,"bogota","Cycling","L1: All Cause",NA,NA,"PA",360197
"female","25-29","sc_cycle_deaths_pa_all_cause",1.19842,"bogota","Cycling","L1: All Cause",NA,NA,"PA",364423
"female","30-34","sc_cycle_deaths_pa_all_cause",2.55396,"bogota","Cycling","L1: All Cause",NA,NA,"PA",330341
"female","35-39","sc_cycle_deaths_pa_all_cause",3.0988,"bogota","Cycling","L1: All Cause",NA,NA,"PA",309304
"female","40-44","sc_cycle_deaths_pa_all_cause",3.20262,"bogota","Cycling","L1: All Cause",NA,NA,"PA",275440
"female","45-49","sc_cycle_deaths_pa_all_cause",4.74443,"bogota","Cycling","L1: All Cause",NA,NA,"PA",254843
"female","50-54","sc_cycle_deaths_pa_all_cause",6.28802,"bogota","Cycling","L1: All Cause",NA,NA,"PA",256059
"female","55-59","sc_cycle_deaths_pa_all_cause",9.55693,"bogota","Cycling","L1: All Cause",NA,NA,"PA",235548
"female","60-64","sc_cycle_deaths_pa_all_cause",9.69202,"bogota","Cycling","L1: All Cause",NA,NA,"PA",189600
"female","65-69","sc_cycle_deaths_pa_all_cause",14.58678,"bogota","Cycling","L1: All Cause",NA,NA,"PA",141409
"male","15-19","sc_car_deaths_pa_all_cause",-0.99701,"bogota","Car","L1: All Cause",NA,NA,"PA",282736
"male","20-24","sc_car_deaths_pa_all_cause",-2.52038,"bogota","Car","L1: All Cause",NA,NA,"PA",357934
"male","25-29","sc_car_deaths_pa_all_cause",-2.39005,"bogota","Car","L1: All Cause",NA,NA,"PA",360031
"male","30-34","sc_car_deaths_pa_all_cause",-4.08735,"bogota","Car","L1: All Cause",NA,NA,"PA",321492
"male","35-39","sc_car_deaths_pa_all_cause",-3.95287,"bogota","Car","L1: All Cause",NA,NA,"PA",289808
"male","40-44","sc_car_deaths_pa_all_cause",-3.14667,"bogota","Car","L1: All Cause",NA,NA,"PA",244543
"male","45-49","sc_car_deaths_pa_all_cause",-3.09585,"bogota","Car","L1: All Cause",NA,NA,"PA",215491
"male","50-54","sc_car_deaths_pa_all_cause",-4.3119,"bogota","Car","L1: All Cause",NA,NA,"PA",209137
"male","55-59","sc_car_deaths_pa_all_cause",-5.80805,"bogota","Car","L1: All Cause",NA,NA,"PA",187551
"male","60-64","sc_car_deaths_pa_all_cause",-6.33039,"bogota","Car","L1: All Cause",NA,NA,"PA",146500
"male","65-69","sc_car_deaths_pa_all_cause",-7.62297,"bogota","Car","L1: All Cause",NA,NA,"PA",105412
"female","15-19","sc_car_deaths_pa_all_cause",-0.1997,"bogota","Car","L1: All Cause",NA,NA,"PA",279280
"female","20-24","sc_car_deaths_pa_all_cause",-0.38415,"bogota","Car","L1: All Cause",NA,NA,"PA",360197
"female","25-29","sc_car_deaths_pa_all_cause",-0.34559,"bogota","Car","L1: All Cause",NA,NA,"PA",364423
"female","30-34","sc_car_deaths_pa_all_cause",-1.05566,"bogota","Car","L1: All Cause",NA,NA,"PA",330341
"female","35-39","sc_car_deaths_pa_all_cause",-1.17632,"bogota","Car","L1: All Cause",NA,NA,"PA",309304
"female","40-44","sc_car_deaths_pa_all_cause",-1.65457,"bogota","Car","L1: All Cause",NA,NA,"PA",275440
"female","45-49","sc_car_deaths_pa_all_cause",-1.92159,"bogota","Car","L1: All Cause",NA,NA,"PA",254843
"female","50-54","sc_car_deaths_pa_all_cause",-1.98715,"bogota","Car","L1: All Cause",NA,NA,"PA",256059
"female","55-59","sc_car_deaths_pa_all_cause",-2.97853,"bogota","Car","L1: All Cause",NA,NA,"PA",235548
"female","60-64","sc_car_deaths_pa_all_cause",-3.69059,"bogota","Car","L1: All Cause",NA,NA,"PA",189600
"female","65-69","sc_car_deaths_pa_all_cause",-3.83565,"bogota","Car","L1: All Cause",NA,NA,"PA",141409
"male","15-19","sc_bus_deaths_pa_all_cause",-0.35539,"bogota","Bus","L1: All Cause",NA,NA,"PA",282736
"male","20-24","sc_bus_deaths_pa_all_cause",0.27399,"bogota","Bus","L1: All Cause",NA,NA,"PA",357934
"male","25-29","sc_bus_deaths_pa_all_cause",-1.14121,"bogota","Bus","L1: All Cause",NA,NA,"PA",360031
"male","30-34","sc_bus_deaths_pa_all_cause",0.51769,"bogota","Bus","L1: All Cause",NA,NA,"PA",321492
"male","35-39","sc_bus_deaths_pa_all_cause",0.26427,"bogota","Bus","L1: All Cause",NA,NA,"PA",289808
"male","40-44","sc_bus_deaths_pa_all_cause",0.10044,"bogota","Bus","L1: All Cause",NA,NA,"PA",244543
"male","45-49","sc_bus_deaths_pa_all_cause",-0.27237,"bogota","Bus","L1: All Cause",NA,NA,"PA",215491
"male","50-54","sc_bus_deaths_pa_all_cause",-1.42565,"bogota","Bus","L1: All Cause",NA,NA,"PA",209137
"male","55-59","sc_bus_deaths_pa_all_cause",0.20104,"bogota","Bus","L1: All Cause",NA,NA,"PA",187551
"male","60-64","sc_bus_deaths_pa_all_cause",-2.36923,"bogota","Bus","L1: All Cause",NA,NA,"PA",146500
"male","65-69","sc_bus_deaths_pa_all_cause",0.38411,"bogota","Bus","L1: All Cause",NA,NA,"PA",105412
"female","15-19","sc_bus_deaths_pa_all_cause",-0.04242,"bogota","Bus","L1: All Cause",NA,NA,"PA",279280
"female","20-24","sc_bus_deaths_pa_all_cause",0.07535,"bogota","Bus","L1: All Cause",NA,NA,"PA",360197
"female","25-29","sc_bus_deaths_pa_all_cause",0.13104,"bogota","Bus","L1: All Cause",NA,NA,"PA",364423
"female","30-34","sc_bus_deaths_pa_all_cause",0.13497,"bogota","Bus","L1: All Cause",NA,NA,"PA",330341
"female","35-39","sc_bus_deaths_pa_all_cause",0.20252,"bogota","Bus","L1: All Cause",NA,NA,"PA",309304
"female","40-44","sc_bus_deaths_pa_all_cause",0.2263,"bogota","Bus","L1: All Cause",NA,NA,"PA",275440
"female","45-49","sc_bus_deaths_pa_all_cause",0.12107,"bogota","Bus","L1: All Cause",NA,NA,"PA",254843
"female","50-54","sc_bus_deaths_pa_all_cause",0.65933,"bogota","Bus","L1: All Cause",NA,NA,"PA",256059
"female","55-59","sc_bus_deaths_pa_all_cause",1.61143,"bogota","Bus","L1: All Cause",NA,NA,"PA",235548
"female","60-64","sc_bus_deaths_pa_all_cause",2.00996,"bogota","Bus","L1: All Cause",NA,NA,"PA",189600
"female","65-69","sc_bus_deaths_pa_all_cause",0.88214,"bogota","Bus","L1: All Cause",NA,NA,"PA",141409
"male","15-19","sc_cycle_deaths_pa_all_cause_lb",1.05287,"bogota","Cycling","L1: All Cause",NA,NA,"PA",282736
"male","20-24","sc_cycle_deaths_pa_all_cause_lb",3.8672,"bogota","Cycling","L1: All Cause",NA,NA,"PA",357934
"male","25-29","sc_cycle_deaths_pa_all_cause_lb",4.87564,"bogota","Cycling","L1: All Cause",NA,NA,"PA",360031
"male","30-34","sc_cycle_deaths_pa_all_cause_lb",9.16248,"bogota","Cycling","L1: All Cause",NA,NA,"PA",321492
"male","35-39","sc_cycle_deaths_pa_all_cause_lb",7.88304,"bogota","Cycling","L1: All Cause",NA,NA,"PA",289808
"male","40-44","sc_cycle_deaths_pa_all_cause_lb",6.56767,"bogota","Cycling","L1: All Cause",NA,NA,"PA",244543
"male","45-49","sc_cycle_deaths_pa_all_cause_lb",6.82189,"bogota","Cycling","L1: All Cause",NA,NA,"PA",215491
"male","50-54","sc_cycle_deaths_pa_all_cause_lb",7.44358,"bogota","Cycling","L1: All Cause",NA,NA,"PA",209137
"male","55-59","sc_cycle_deaths_pa_all_cause_lb",10.38896,"bogota","Cycling","L1: All Cause",NA,NA,"PA",187551
"male","60-64","sc_cycle_deaths_pa_all_cause_lb",11.4139,"bogota","Cycling","L1: All Cause",NA,NA,"PA",146500
"male","65-69","sc_cycle_deaths_pa_all_cause_lb",15.29858,"bogota","Cycling","L1: All Cause",NA,NA,"PA",105412
"female","15-19","sc_cycle_deaths_pa_all_cause_lb",0.35436,"bogota","Cycling","L1: All Cause",NA,NA,"PA",279280
"female","20-24","sc_cycle_deaths_pa_all_cause_lb",0.86122,"bogota","Cycling","L1: All Cause",NA,NA,"PA",360197
"female","25-29","sc_cycle_deaths_pa_all_cause_lb",1.39897,"bogota","Cycling","L1: All Cause",NA,NA,"PA",364423
"female","30-34","sc_cycle_deaths_pa_all_cause_lb",2.93009,"bogota","Cycling","L1: All Cause",NA,NA,"PA",330341
"female","35-39","sc_cycle_deaths_pa_all_cause_lb",3.56419,"bogota","Cycling","L1: All Cause",NA,NA,"PA",309304
"female","40-44","sc_cycle_deaths_pa_all_cause_lb",3.67029,"bogota","Cycling","L1: All Cause",NA,NA,"PA",275440
"female","45-49","sc_cycle_deaths_pa_all_cause_lb",5.44586,"bogota","Cycling","L1: All Cause",NA,NA,"PA",254843
"female","50-54","sc_cycle_deaths_pa_all_cause_lb",7.22962,"bogota","Cycling","L1: All Cause",NA,NA,"PA",256059
"female","55-59","sc_cycle_deaths_pa_all_cause_lb",10.96865,"bogota","Cycling","L1: All Cause",NA,NA,"PA",235548
"female","60-64","sc_cycle_deaths_pa_all_cause_lb",11.08097,"bogota","Cycling","L1: All Cause",NA,NA,"PA",189600
"female","65-69","sc_cycle_deaths_pa_all_cause_lb",16.72971,"bogota","Cycling","L1: All Cause",NA,NA,"PA",141409
"male","15-19","sc_car_deaths_pa_all_cause_lb",-1.18152,"bogota","Car","L1: All Cause",NA,NA,"PA",282736
"male","20-24","sc_car_deaths_pa_all_cause_lb",-2.98165,"bogota","Car","L1: All Cause",NA,NA,"PA",357934
"male","25-29","sc_car_deaths_pa_all_cause_lb",-2.84285,"bogota","Car","L1: All Cause",NA,NA,"PA",360031
"male","30-34","sc_car_deaths_pa_all_cause_lb",-4.76043,"bogota","Car","L1: All Cause",NA,NA,"PA",321492
"male","35-39","sc_car_deaths_pa_all_cause_lb",-4.59595,"bogota","Car","L1: All Cause",NA,NA,"PA",289808
"male","40-44","sc_car_deaths_pa_all_cause_lb",-3.66404,"bogota","Car","L1: All Cause",NA,NA,"PA",244543
"male","45-49","sc_car_deaths_pa_all_cause_lb",-3.58584,"bogota","Car","L1: All Cause",NA,NA,"PA",215491
"male","50-54","sc_car_deaths_pa_all_cause_lb",-4.99586,"bogota","Car","L1: All Cause",NA,NA,"PA",209137
"male","55-59","sc_car_deaths_pa_all_cause_lb",-6.72888,"bogota","Car","L1: All Cause",NA,NA,"PA",187551
"male","60-64","sc_car_deaths_pa_all_cause_lb",-7.37531,"bogota","Car","L1: All Cause",NA,NA,"PA",146500
"male","65-69","sc_car_deaths_pa_all_cause_lb",-8.82455,"bogota","Car","L1: All Cause",NA,NA,"PA",105412
"female","15-19","sc_car_deaths_pa_all_cause_lb",-0.23795,"bogota","Car","L1: All Cause",NA,NA,"PA",279280
"female","20-24","sc_car_deaths_pa_all_cause_lb",-0.45654,"bogota","Car","L1: All Cause",NA,NA,"PA",360197
"female","25-29","sc_car_deaths_pa_all_cause_lb",-0.40851,"bogota","Car","L1: All Cause",NA,NA,"PA",364423
"female","30-34","sc_car_deaths_pa_all_cause_lb",-1.23097,"bogota","Car","L1: All Cause",NA,NA,"PA",330341
"female","35-39","sc_car_deaths_pa_all_cause_lb",-1.37472,"bogota","Car","L1: All Cause",NA,NA,"PA",309304
"female","40-44","sc_car_deaths_pa_all_cause_lb",-1.93184,"bogota","Car","L1: All Cause",NA,NA,"PA",275440
"female","45-49","sc_car_deaths_pa_all_cause_lb",-2.24951,"bogota","Car","L1: All Cause",NA,NA,"PA",254843
"female","50-54","sc_car_deaths_pa_all_cause_lb",-2.3231,"bogota","Car","L1: All Cause",NA,NA,"PA",256059
"female","55-59","sc_car_deaths_pa_all_cause_lb",-3.49015,"bogota","Car","L1: All Cause",NA,NA,"PA",235548
"female","60-64","sc_car_deaths_pa_all_cause_lb",-4.31369,"bogota","Car","L1: All Cause",NA,NA,"PA",189600
"female","65-69","sc_car_deaths_pa_all_cause_lb",-4.47711,"bogota","Car","L1: All Cause",NA,NA,"PA",141409
"male","15-19","sc_bus_deaths_pa_all_cause_lb",-0.41095,"bogota","Bus","L1: All Cause",NA,NA,"PA",282736
"male","20-24","sc_bus_deaths_pa_all_cause_lb",0.38562,"bogota","Bus","L1: All Cause",NA,NA,"PA",357934
"male","25-29","sc_bus_deaths_pa_all_cause_lb",-1.30371,"bogota","Bus","L1: All Cause",NA,NA,"PA",360031
"male","30-34","sc_bus_deaths_pa_all_cause_lb",0.71638,"bogota","Bus","L1: All Cause",NA,NA,"PA",321492
"male","35-39","sc_bus_deaths_pa_all_cause_lb",0.40502,"bogota","Bus","L1: All Cause",NA,NA,"PA",289808
"male","40-44","sc_bus_deaths_pa_all_cause_lb",0.20221,"bogota","Bus","L1: All Cause",NA,NA,"PA",244543
"male","45-49","sc_bus_deaths_pa_all_cause_lb",-0.22208,"bogota","Bus","L1: All Cause",NA,NA,"PA",215491
"male","50-54","sc_bus_deaths_pa_all_cause_lb",-1.57867,"bogota","Bus","L1: All Cause",NA,NA,"PA",209137
"male","55-59","sc_bus_deaths_pa_all_cause_lb",0.35446,"bogota","Bus","L1: All Cause",NA,NA,"PA",187551
"male","60-64","sc_bus_deaths_pa_all_cause_lb",-2.63741,"bogota","Bus","L1: All Cause",NA,NA,"PA",146500
"male","65-69","sc_bus_deaths_pa_all_cause_lb",0.57738,"bogota","Bus","L1: All Cause",NA,NA,"PA",105412
"female","15-19","sc_bus_deaths_pa_all_cause_lb",-0.04852,"bogota","Bus","L1: All Cause",NA,NA,"PA",279280
"female","20-24","sc_bus_deaths_pa_all_cause_lb",0.09248,"bogota","Bus","L1: All Cause",NA,NA,"PA",360197
"female","25-29","sc_bus_deaths_pa_all_cause_lb",0.15811,"bogota","Bus","L1: All Cause",NA,NA,"PA",364423
"female","30-34","sc_bus_deaths_pa_all_cause_lb",0.17135,"bogota","Bus","L1: All Cause",NA,NA,"PA",330341
"female","35-39","sc_bus_deaths_pa_all_cause_lb",0.2535,"bogota","Bus","L1: All Cause",NA,NA,"PA",309304
"female","40-44","sc_bus_deaths_pa_all_cause_lb",0.28664,"bogota","Bus","L1: All Cause",NA,NA,"PA",275440
"female","45-49","sc_bus_deaths_pa_all_cause_lb",0.17063,"bogota","Bus","L1: All Cause",NA,NA,"PA",254843
"female","50-54","sc_bus_deaths_pa_all_cause_lb",0.78397,"bogota","Bus","L1: All Cause",NA,NA,"PA",256059
"female","55-59","sc_bus_deaths_pa_all_cause_lb",1.90543,"bogota","Bus","L1: All Cause",NA,NA,"PA",235548
"female","60-64","sc_bus_deaths_pa_all_cause_lb",2.36844,"bogota","Bus","L1: All Cause",NA,NA,"PA",189600
"female","65-69","sc_bus_deaths_pa_all_cause_lb",1.05613,"bogota","Bus","L1: All Cause",NA,NA,"PA",141409
"male","15-19","sc_cycle_deaths_pa_all_cause_ub",0.75135,"bogota","Cycling","L1: All Cause",NA,NA,"PA",282736
"male","20-24","sc_cycle_deaths_pa_all_cause_ub",2.73583,"bogota","Cycling","L1: All Cause",NA,NA,"PA",357934
"male","25-29","sc_cycle_deaths_pa_all_cause_ub",3.42572,"bogota","Cycling","L1: All Cause",NA,NA,"PA",360031
"male","30-34","sc_cycle_deaths_pa_all_cause_ub",6.71492,"bogota","Cycling","L1: All Cause",NA,NA,"PA",321492
"male","35-39","sc_cycle_deaths_pa_all_cause_ub",5.73881,"bogota","Cycling","L1: All Cause",NA,NA,"PA",289808
"male","40-44","sc_cycle_deaths_pa_all_cause_ub",4.81748,"bogota","Cycling","L1: All Cause",NA,NA,"PA",244543
"male","45-49","sc_cycle_deaths_pa_all_cause_ub",4.99936,"bogota","Cycling","L1: All Cause",NA,NA,"PA",215491
"male","50-54","sc_cycle_deaths_pa_all_cause_ub",5.49828,"bogota","Cycling","L1: All Cause",NA,NA,"PA",209137
"male","55-59","sc_cycle_deaths_pa_all_cause_ub",7.59139,"bogota","Cycling","L1: All Cause",NA,NA,"PA",187551
"male","60-64","sc_cycle_deaths_pa_all_cause_ub",8.36258,"bogota","Cycling","L1: All Cause",NA,NA,"PA",146500
"male","65-69","sc_cycle_deaths_pa_all_cause_ub",11.27896,"bogota","Cycling","L1: All Cause",NA,NA,"PA",105412
"female","15-19","sc_cycle_deaths_pa_all_cause_ub",0.25053,"bogota","Cycling","L1: All Cause",NA,NA,"PA",279280
"female","20-24","sc_cycle_deaths_pa_all_cause_ub",0.61144,"bogota","Cycling","L1: All Cause",NA,NA,"PA",360197
"female","25-29","sc_cycle_deaths_pa_all_cause_ub",1.00121,"bogota","Cycling","L1: All Cause",NA,NA,"PA",364423
"female","30-34","sc_cycle_deaths_pa_all_cause_ub",2.17108,"bogota","Cycling","L1: All Cause",NA,NA,"PA",330341
"female","35-39","sc_cycle_deaths_pa_all_cause_ub",2.62637,"bogota","Cycling","L1: All Cause",NA,NA,"PA",309304
"female","40-44","sc_cycle_deaths_pa_all_cause_ub",2.72581,"bogota","Cycling","L1: All Cause",NA,NA,"PA",275440
"female","45-49","sc_cycle_deaths_pa_all_cause_ub",4.03116,"bogota","Cycling","L1: All Cause",NA,NA,"PA",254843
"female","50-54","sc_cycle_deaths_pa_all_cause_ub",5.32757,"bogota","Cycling","L1: All Cause",NA,NA,"PA",256059
"female","55-59","sc_cycle_deaths_pa_all_cause_ub",8.11769,"bogota","Cycling","L1: All Cause",NA,NA,"PA",235548
"female","60-64","sc_cycle_deaths_pa_all_cause_ub",8.26741,"bogota","Cycling","L1: All Cause",NA,NA,"PA",189600
"female","65-69","sc_cycle_deaths_pa_all_cause_ub",12.39815,"bogota","Cycling","L1: All Cause",NA,NA,"PA",141409
"male","15-19","sc_car_deaths_pa_all_cause_ub",-0.81892,"bogota","Car","L1: All Cause",NA,NA,"PA",282736
"male","20-24","sc_car_deaths_pa_all_cause_ub",-2.07411,"bogota","Car","L1: All Cause",NA,NA,"PA",357934
"male","25-29","sc_car_deaths_pa_all_cause_ub",-1.95408,"bogota","Car","L1: All Cause",NA,NA,"PA",360031
"male","30-34","sc_car_deaths_pa_all_cause_ub",-3.41482,"bogota","Car","L1: All Cause",NA,NA,"PA",321492
"male","35-39","sc_car_deaths_pa_all_cause_ub",-3.30947,"bogota","Car","L1: All Cause",NA,NA,"PA",289808
"male","40-44","sc_car_deaths_pa_all_cause_ub",-2.63089,"bogota","Car","L1: All Cause",NA,NA,"PA",244543
"male","45-49","sc_car_deaths_pa_all_cause_ub",-2.60378,"bogota","Car","L1: All Cause",NA,NA,"PA",215491
"male","50-54","sc_car_deaths_pa_all_cause_ub",-3.6238,"bogota","Car","L1: All Cause",NA,NA,"PA",209137
"male","55-59","sc_car_deaths_pa_all_cause_ub",-4.88505,"bogota","Car","L1: All Cause",NA,NA,"PA",187551
"male","60-64","sc_car_deaths_pa_all_cause_ub",-5.28946,"bogota","Car","L1: All Cause",NA,NA,"PA",146500
"male","65-69","sc_car_deaths_pa_all_cause_ub",-6.4111,"bogota","Car","L1: All Cause",NA,NA,"PA",105412
"female","15-19","sc_car_deaths_pa_all_cause_ub",-0.16301,"bogota","Car","L1: All Cause",NA,NA,"PA",279280
"female","20-24","sc_car_deaths_pa_all_cause_ub",-0.31449,"bogota","Car","L1: All Cause",NA,NA,"PA",360197
"female","25-29","sc_car_deaths_pa_all_cause_ub",-0.28496,"bogota","Car","L1: All Cause",NA,NA,"PA",364423
"female","30-34","sc_car_deaths_pa_all_cause_ub",-0.88094,"bogota","Car","L1: All Cause",NA,NA,"PA",330341
"female","35-39","sc_car_deaths_pa_all_cause_ub",-0.97921,"bogota","Car","L1: All Cause",NA,NA,"PA",309304
"female","40-44","sc_car_deaths_pa_all_cause_ub",-1.37866,"bogota","Car","L1: All Cause",NA,NA,"PA",275440
"female","45-49","sc_car_deaths_pa_all_cause_ub",-1.59671,"bogota","Car","L1: All Cause",NA,NA,"PA",254843
"female","50-54","sc_car_deaths_pa_all_cause_ub",-1.65251,"bogota","Car","L1: All Cause",NA,NA,"PA",256059
"female","55-59","sc_car_deaths_pa_all_cause_ub",-2.47139,"bogota","Car","L1: All Cause",NA,NA,"PA",235548
"female","60-64","sc_car_deaths_pa_all_cause_ub",-3.06948,"bogota","Car","L1: All Cause",NA,NA,"PA",189600
"female","65-69","sc_car_deaths_pa_all_cause_ub",-3.19719,"bogota","Car","L1: All Cause",NA,NA,"PA",141409
"male","15-19","sc_bus_deaths_pa_all_cause_ub",-0.29987,"bogota","Bus","L1: All Cause",NA,NA,"PA",282736
"male","20-24","sc_bus_deaths_pa_all_cause_ub",0.17707,"bogota","Bus","L1: All Cause",NA,NA,"PA",357934
"male","25-29","sc_bus_deaths_pa_all_cause_ub",-0.97432,"bogota","Bus","L1: All Cause",NA,NA,"PA",360031
"male","30-34","sc_bus_deaths_pa_all_cause_ub",0.34046,"bogota","Bus","L1: All Cause",NA,NA,"PA",321492
"male","35-39","sc_bus_deaths_pa_all_cause_ub",0.14156,"bogota","Bus","L1: All Cause",NA,NA,"PA",289808
"male","40-44","sc_bus_deaths_pa_all_cause_ub",0.01469,"bogota","Bus","L1: All Cause",NA,NA,"PA",244543
"male","45-49","sc_bus_deaths_pa_all_cause_ub",-0.30461,"bogota","Bus","L1: All Cause",NA,NA,"PA",215491
"male","50-54","sc_bus_deaths_pa_all_cause_ub",-1.25757,"bogota","Bus","L1: All Cause",NA,NA,"PA",209137
"male","55-59","sc_bus_deaths_pa_all_cause_ub",0.06921,"bogota","Bus","L1: All Cause",NA,NA,"PA",187551
"male","60-64","sc_bus_deaths_pa_all_cause_ub",-2.07941,"bogota","Bus","L1: All Cause",NA,NA,"PA",146500
"male","65-69","sc_bus_deaths_pa_all_cause_ub",0.21409,"bogota","Bus","L1: All Cause",NA,NA,"PA",105412
"female","15-19","sc_bus_deaths_pa_all_cause_ub",-0.03618,"bogota","Bus","L1: All Cause",NA,NA,"PA",279280
"female","20-24","sc_bus_deaths_pa_all_cause_ub",0.05945,"bogota","Bus","L1: All Cause",NA,NA,"PA",360197
"female","25-29","sc_bus_deaths_pa_all_cause_ub",0.10544,"bogota","Bus","L1: All Cause",NA,NA,"PA",364423
"female","30-34","sc_bus_deaths_pa_all_cause_ub",0.1011,"bogota","Bus","L1: All Cause",NA,NA,"PA",330341
"female","35-39","sc_bus_deaths_pa_all_cause_ub",0.15437,"bogota","Bus","L1: All Cause",NA,NA,"PA",309304
"female","40-44","sc_bus_deaths_pa_all_cause_ub",0.17008,"bogota","Bus","L1: All Cause",NA,NA,"PA",275440
"female","45-49","sc_bus_deaths_pa_all_cause_ub",0.07668,"bogota","Bus","L1: All Cause",NA,NA,"PA",254843
"female","50-54","sc_bus_deaths_pa_all_cause_ub",0.53813,"bogota","Bus","L1: All Cause",NA,NA,"PA",256059
"female","55-59","sc_bus_deaths_pa_all_cause_ub",1.32256,"bogota","Bus","L1: All Cause",NA,NA,"PA",235548
"female","60-64","sc_bus_deaths_pa_all_cause_ub",1.65664,"bogota","Bus","L1: All Cause",NA,NA,"PA",189600
"female","65-69","sc_bus_deaths_pa_all_cause_ub",0.71388,"bogota","Bus","L1: All Cause",NA,NA,"PA",141409
"male","15-19","sc_cycle_deaths_ap_all_cause",0.0408,"bogota","Cycling","L1: All Cause",NA,NA,"AP",282736
"male","20-24","sc_cycle_deaths_ap_all_cause",0.05235,"bogota","Cycling","L1: All Cause",NA,NA,"AP",357934
"male","25-29","sc_cycle_deaths_ap_all_cause",0.08048,"bogota","Cycling","L1: All Cause",NA,NA,"AP",360031
"male","30-34","sc_cycle_deaths_ap_all_cause",0.02305,"bogota","Cycling","L1: All Cause",NA,NA,"AP",321492
"male","35-39","sc_cycle_deaths_ap_all_cause",0.00653,"bogota","Cycling","L1: All Cause",NA,NA,"AP",289808
"male","40-44","sc_cycle_deaths_ap_all_cause",0.01123,"bogota","Cycling","L1: All Cause",NA,NA,"AP",244543
"male","45-49","sc_cycle_deaths_ap_all_cause",-0.02124,"bogota","Cycling","L1: All Cause",NA,NA,"AP",215491
"male","50-54","sc_cycle_deaths_ap_all_cause",0.05199,"bogota","Cycling","L1: All Cause",NA,NA,"AP",209137
"male","55-59","sc_cycle_deaths_ap_all_cause",0.08525,"bogota","Cycling","L1: All Cause",NA,NA,"AP",187551
"male","60-64","sc_cycle_deaths_ap_all_cause",0.13409,"bogota","Cycling","L1: All Cause",NA,NA,"AP",146500
"male","65-69","sc_cycle_deaths_ap_all_cause",0.15199,"bogota","Cycling","L1: All Cause",NA,NA,"AP",105412
"female","15-19","sc_cycle_deaths_ap_all_cause",0.00741,"bogota","Cycling","L1: All Cause",NA,NA,"AP",279280
"female","20-24","sc_cycle_deaths_ap_all_cause",0.004,"bogota","Cycling","L1: All Cause",NA,NA,"AP",360197
"female","25-29","sc_cycle_deaths_ap_all_cause",0.00002,"bogota","Cycling","L1: All Cause",NA,NA,"AP",364423
"female","30-34","sc_cycle_deaths_ap_all_cause",-0.03245,"bogota","Cycling","L1: All Cause",NA,NA,"AP",330341
"female","35-39","sc_cycle_deaths_ap_all_cause",-0.02248,"bogota","Cycling","L1: All Cause",NA,NA,"AP",309304
"female","40-44","sc_cycle_deaths_ap_all_cause",-0.00923,"bogota","Cycling","L1: All Cause",NA,NA,"AP",275440
"female","45-49","sc_cycle_deaths_ap_all_cause",0.03019,"bogota","Cycling","L1: All Cause",NA,NA,"AP",254843
"female","50-54","sc_cycle_deaths_ap_all_cause",0.08004,"bogota","Cycling","L1: All Cause",NA,NA,"AP",256059
"female","55-59","sc_cycle_deaths_ap_all_cause",0.099,"bogota","Cycling","L1: All Cause",NA,NA,"AP",235548
"female","60-64","sc_cycle_deaths_ap_all_cause",0.18046,"bogota","Cycling","L1: All Cause",NA,NA,"AP",189600
"female","65-69","sc_cycle_deaths_ap_all_cause",0.1968,"bogota","Cycling","L1: All Cause",NA,NA,"AP",141409
"male","15-19","sc_car_deaths_ap_all_cause",-0.30921,"bogota","Car","L1: All Cause",NA,NA,"AP",282736
"male","20-24","sc_car_deaths_ap_all_cause",-0.74632,"bogota","Car","L1: All Cause",NA,NA,"AP",357934
"male","25-29","sc_car_deaths_ap_all_cause",-0.8651,"bogota","Car","L1: All Cause",NA,NA,"AP",360031
"male","30-34","sc_car_deaths_ap_all_cause",-0.7627,"bogota","Car","L1: All Cause",NA,NA,"AP",321492
"male","35-39","sc_car_deaths_ap_all_cause",-0.64553,"bogota","Car","L1: All Cause",NA,NA,"AP",289808
"male","40-44","sc_car_deaths_ap_all_cause",-0.52837,"bogota","Car","L1: All Cause",NA,NA,"AP",244543
"male","45-49","sc_car_deaths_ap_all_cause",-0.54315,"bogota","Car","L1: All Cause",NA,NA,"AP",215491
"male","50-54","sc_car_deaths_ap_all_cause",-0.6781,"bogota","Car","L1: All Cause",NA,NA,"AP",209137
"male","55-59","sc_car_deaths_ap_all_cause",-0.88034,"bogota","Car","L1: All Cause",NA,NA,"AP",187551
"male","60-64","sc_car_deaths_ap_all_cause",-1.16008,"bogota","Car","L1: All Cause",NA,NA,"AP",146500
"male","65-69","sc_car_deaths_ap_all_cause",-1.33791,"bogota","Car","L1: All Cause",NA,NA,"AP",105412
"female","15-19","sc_car_deaths_ap_all_cause",-0.1015,"bogota","Car","L1: All Cause",NA,NA,"AP",279280
"female","20-24","sc_car_deaths_ap_all_cause",-0.16739,"bogota","Car","L1: All Cause",NA,NA,"AP",360197
"female","25-29","sc_car_deaths_ap_all_cause",-0.20011,"bogota","Car","L1: All Cause",NA,NA,"AP",364423
"female","30-34","sc_car_deaths_ap_all_cause",-0.2181,"bogota","Car","L1: All Cause",NA,NA,"AP",330341
"female","35-39","sc_car_deaths_ap_all_cause",-0.2741,"bogota","Car","L1: All Cause",NA,NA,"AP",309304
"female","40-44","sc_car_deaths_ap_all_cause",-0.32061,"bogota","Car","L1: All Cause",NA,NA,"AP",275440
"female","45-49","sc_car_deaths_ap_all_cause",-0.42546,"bogota","Car","L1: All Cause",NA,NA,"AP",254843
"female","50-54","sc_car_deaths_ap_all_cause",-0.6021,"bogota","Car","L1: All Cause",NA,NA,"AP",256059
"female","55-59","sc_car_deaths_ap_all_cause",-0.8538,"bogota","Car","L1: All Cause",NA,NA,"AP",235548
"female","60-64","sc_car_deaths_ap_all_cause",-1.10632,"bogota","Car","L1: All Cause",NA,NA,"AP",189600
"female","65-69","sc_car_deaths_ap_all_cause",-1.25992,"bogota","Car","L1: All Cause",NA,NA,"AP",141409
"male","15-19","sc_bus_deaths_ap_all_cause",-0.02782,"bogota","Bus","L1: All Cause",NA,NA,"AP",282736
"male","20-24","sc_bus_deaths_ap_all_cause",-0.05166,"bogota","Bus","L1: All Cause",NA,NA,"AP",357934
"male","25-29","sc_bus_deaths_ap_all_cause",-0.06074,"bogota","Bus","L1: All Cause",NA,NA,"AP",360031
"male","30-34","sc_bus_deaths_ap_all_cause",-0.01241,"bogota","Bus","L1: All Cause",NA,NA,"AP",321492
"male","35-39","sc_bus_deaths_ap_all_cause",-0.01309,"bogota","Bus","L1: All Cause",NA,NA,"AP",289808
"male","40-44","sc_bus_deaths_ap_all_cause",0.00209,"bogota","Bus","L1: All Cause",NA,NA,"AP",244543
"male","45-49","sc_bus_deaths_ap_all_cause",-0.01824,"bogota","Bus","L1: All Cause",NA,NA,"AP",215491
"male","50-54","sc_bus_deaths_ap_all_cause",-0.04895,"bogota","Bus","L1: All Cause",NA,NA,"AP",209137
"male","55-59","sc_bus_deaths_ap_all_cause",-0.06949,"bogota","Bus","L1: All Cause",NA,NA,"AP",187551
"male","60-64","sc_bus_deaths_ap_all_cause",-0.07824,"bogota","Bus","L1: All Cause",NA,NA,"AP",146500
"male","65-69","sc_bus_deaths_ap_all_cause",-0.21015,"bogota","Bus","L1: All Cause",NA,NA,"AP",105412
"female","15-19","sc_bus_deaths_ap_all_cause",-0.01897,"bogota","Bus","L1: All Cause",NA,NA,"AP",279280
"female","20-24","sc_bus_deaths_ap_all_cause",-0.02892,"bogota","Bus","L1: All Cause",NA,NA,"AP",360197
"female","25-29","sc_bus_deaths_ap_all_cause",-0.03493,"bogota","Bus","L1: All Cause",NA,NA,"AP",364423
"female","30-34","sc_bus_deaths_ap_all_cause",-0.02739,"bogota","Bus","L1: All Cause",NA,NA,"AP",330341
"female","35-39","sc_bus_deaths_ap_all_cause",-0.03807,"bogota","Bus","L1: All Cause",NA,NA,"AP",309304
"female","40-44","sc_bus_deaths_ap_all_cause",-0.04506,"bogota","Bus","L1: All Cause",NA,NA,"AP",275440
"female","45-49","sc_bus_deaths_ap_all_cause",-0.06735,"bogota","Bus","L1: All Cause",NA,NA,"AP",254843
"female","50-54","sc_bus_deaths_ap_all_cause",-0.12736,"bogota","Bus","L1: All Cause",NA,NA,"AP",256059
"female","55-59","sc_bus_deaths_ap_all_cause",-0.18253,"bogota","Bus","L1: All Cause",NA,NA,"AP",235548
"female","60-64","sc_bus_deaths_ap_all_cause",-0.23071,"bogota","Bus","L1: All Cause",NA,NA,"AP",189600
"female","65-69","sc_bus_deaths_ap_all_cause",-0.28574,"bogota","Bus","L1: All Cause",NA,NA,"AP",141409
"male","15-19","sc_cycle_deaths_ap_all_cause_lb",0.0408,"bogota","Cycling","L1: All Cause",NA,NA,"AP",282736
"male","20-24","sc_cycle_deaths_ap_all_cause_lb",0.05235,"bogota","Cycling","L1: All Cause",NA,NA,"AP",357934
"male","25-29","sc_cycle_deaths_ap_all_cause_lb",0.08048,"bogota","Cycling","L1: All Cause",NA,NA,"AP",360031
"male","30-34","sc_cycle_deaths_ap_all_cause_lb",0.02305,"bogota","Cycling","L1: All Cause",NA,NA,"AP",321492
"male","35-39","sc_cycle_deaths_ap_all_cause_lb",0.00653,"bogota","Cycling","L1: All Cause",NA,NA,"AP",289808
"male","40-44","sc_cycle_deaths_ap_all_cause_lb",0.01123,"bogota","Cycling","L1: All Cause",NA,NA,"AP",244543
"male","45-49","sc_cycle_deaths_ap_all_cause_lb",-0.02124,"bogota","Cycling","L1: All Cause",NA,NA,"AP",215491
"male","50-54","sc_cycle_deaths_ap_all_cause_lb",0.05199,"bogota","Cycling","L1: All Cause",NA,NA,"AP",209137
"male","55-59","sc_cycle_deaths_ap_all_cause_lb",0.08525,"bogota","Cycling","L1: All Cause",NA,NA,"AP",187551
"male","60-64","sc_cycle_deaths_ap_all_cause_lb",0.13409,"bogota","Cycling","L1: All Cause",NA,NA,"AP",146500
"male","65-69","sc_cycle_deaths_ap_all_cause_lb",0.15199,"bogota","Cycling","L1: All Cause",NA,NA,"AP",105412
"female","15-19","sc_cycle_deaths_ap_all_cause_lb",0.00741,"bogota","Cycling","L1: All Cause",NA,NA,"AP",279280
"female","20-24","sc_cycle_deaths_ap_all_cause_lb",0.004,"bogota","Cycling","L1: All Cause",NA,NA,"AP",360197
"female","25-29","sc_cycle_deaths_ap_all_cause_lb",0.00002,"bogota","Cycling","L1: All Cause",NA,NA,"AP",364423
"female","30-34","sc_cycle_deaths_ap_all_cause_lb",-0.03245,"bogota","Cycling","L1: All Cause",NA,NA,"AP",330341
"female","35-39","sc_cycle_deaths_ap_all_cause_lb",-0.02248,"bogota","Cycling","L1: All Cause",NA,NA,"AP",309304
"female","40-44","sc_cycle_deaths_ap_all_cause_lb",-0.00923,"bogota","Cycling","L1: All Cause",NA,NA,"AP",275440
"female","45-49","sc_cycle_deaths_ap_all_cause_lb",0.03019,"bogota","Cycling","L1: All Cause",NA,NA,"AP",254843
"female","50-54","sc_cycle_deaths_ap_all_cause_lb",0.08004,"bogota","Cycling","L1: All Cause",NA,NA,"AP",256059
"female","55-59","sc_cycle_deaths_ap_all_cause_lb",0.099,"bogota","Cycling","L1: All Cause",NA,NA,"AP",235548
"female","60-64","sc_cycle_deaths_ap_all_cause_lb",0.18046,"bogota","Cycling","L1: All Cause",NA,NA,"AP",189600
"female","65-69","sc_cycle_deaths_ap_all_cause_lb",0.1968,"bogota","Cycling","L1: All Cause",NA,NA,"AP",141409
"male","15-19","sc_car_deaths_ap_all_cause_lb",-0.30921,"bogota","Car","L1: All Cause",NA,NA,"AP",282736
"male","20-24","sc_car_deaths_ap_all_cause_lb",-0.74632,"bogota","Car","L1: All Cause",NA,NA,"AP",357934
"male","25-29","sc_car_deaths_ap_all_cause_lb",-0.8651,"bogota","Car","L1: All Cause",NA,NA,"AP",360031
"male","30-34","sc_car_deaths_ap_all_cause_lb",-0.7627,"bogota","Car","L1: All Cause",NA,NA,"AP",321492
"male","35-39","sc_car_deaths_ap_all_cause_lb",-0.64553,"bogota","Car","L1: All Cause",NA,NA,"AP",289808
"male","40-44","sc_car_deaths_ap_all_cause_lb",-0.52837,"bogota","Car","L1: All Cause",NA,NA,"AP",244543
"male","45-49","sc_car_deaths_ap_all_cause_lb",-0.54315,"bogota","Car","L1: All Cause",NA,NA,"AP",215491
"male","50-54","sc_car_deaths_ap_all_cause_lb",-0.6781,"bogota","Car","L1: All Cause",NA,NA,"AP",209137
"male","55-59","sc_car_deaths_ap_all_cause_lb",-0.88034,"bogota","Car","L1: All Cause",NA,NA,"AP",187551
"male","60-64","sc_car_deaths_ap_all_cause_lb",-1.16008,"bogota","Car","L1: All Cause",NA,NA,"AP",146500
"male","65-69","sc_car_deaths_ap_all_cause_lb",-1.33791,"bogota","Car","L1: All Cause",NA,NA,"AP",105412
"female","15-19","sc_car_deaths_ap_all_cause_lb",-0.1015,"bogota","Car","L1: All Cause",NA,NA,"AP",279280
"female","20-24","sc_car_deaths_ap_all_cause_lb",-0.16739,"bogota","Car","L1: All Cause",NA,NA,"AP",360197
"female","25-29","sc_car_deaths_ap_all_cause_lb",-0.20011,"bogota","Car","L1: All Cause",NA,NA,"AP",364423
"female","30-34","sc_car_deaths_ap_all_cause_lb",-0.2181,"bogota","Car","L1: All Cause",NA,NA,"AP",330341
"female","35-39","sc_car_deaths_ap_all_cause_lb",-0.2741,"bogota","Car","L1: All Cause",NA,NA,"AP",309304
"female","40-44","sc_car_deaths_ap_all_cause_lb",-0.32061,"bogota","Car","L1: All Cause",NA,NA,"AP",275440
"female","45-49","sc_car_deaths_ap_all_cause_lb",-0.42546,"bogota","Car","L1: All Cause",NA,NA,"AP",254843
"female","50-54","sc_car_deaths_ap_all_cause_lb",-0.6021,"bogota","Car","L1: All Cause",NA,NA,"AP",256059
"female","55-59","sc_car_deaths_ap_all_cause_lb",-0.8538,"bogota","Car","L1: All Cause",NA,NA,"AP",235548
"female","60-64","sc_car_deaths_ap_all_cause_lb",-1.10632,"bogota","Car","L1: All Cause",NA,NA,"AP",189600
"female","65-69","sc_car_deaths_ap_all_cause_lb",-1.25992,"bogota","Car","L1: All Cause",NA,NA,"AP",141409
"male","15-19","sc_bus_deaths_ap_all_cause_lb",-0.02782,"bogota","Bus","L1: All Cause",NA,NA,"AP",282736
"male","20-24","sc_bus_deaths_ap_all_cause_lb",-0.05166,"bogota","Bus","L1: All Cause",NA,NA,"AP",357934
"male","25-29","sc_bus_deaths_ap_all_cause_lb",-0.06074,"bogota","Bus","L1: All Cause",NA,NA,"AP",360031
"male","30-34","sc_bus_deaths_ap_all_cause_lb",-0.01241,"bogota","Bus","L1: All Cause",NA,NA,"AP",321492
"male","35-39","sc_bus_deaths_ap_all_cause_lb",-0.01309,"bogota","Bus","L1: All Cause",NA,NA,"AP",289808
"male","40-44","sc_bus_deaths_ap_all_cause_lb",0.00209,"bogota","Bus","L1: All Cause",NA,NA,"AP",244543
"male","45-49","sc_bus_deaths_ap_all_cause_lb",-0.01824,"bogota","Bus","L1: All Cause",NA,NA,"AP",215491
"male","50-54","sc_bus_deaths_ap_all_cause_lb",-0.04895,"bogota","Bus","L1: All Cause",NA,NA,"AP",209137
"male","55-59","sc_bus_deaths_ap_all_cause_lb",-0.06949,"bogota","Bus","L1: All Cause",NA,NA,"AP",187551
"male","60-64","sc_bus_deaths_ap_all_cause_lb",-0.07824,"bogota","Bus","L1: All Cause",NA,NA,"AP",146500
"male","65-69","sc_bus_deaths_ap_all_cause_lb",-0.21015,"bogota","Bus","L1: All Cause",NA,NA,"AP",105412
"female","15-19","sc_bus_deaths_ap_all_cause_lb",-0.01897,"bogota","Bus","L1: All Cause",NA,NA,"AP",279280
"female","20-24","sc_bus_deaths_ap_all_cause_lb",-0.02892,"bogota","Bus","L1: All Cause",NA,NA,"AP",360197
"female","25-29","sc_bus_deaths_ap_all_cause_lb",-0.03493,"bogota","Bus","L1: All Cause",NA,NA,"AP",364423
"female","30-34","sc_bus_deaths_ap_all_cause_lb",-0.02739,"bogota","Bus","L1: All Cause",NA,NA,"AP",330341
"female","35-39","sc_bus_deaths_ap_all_cause_lb",-0.03807,"bogota","Bus","L1: All Cause",NA,NA,"AP",309304
"female","40-44","sc_bus_deaths_ap_all_cause_lb",-0.04506,"bogota","Bus","L1: All Cause",NA,NA,"AP",275440
"female","45-49","sc_bus_deaths_ap_all_cause_lb",-0.06735,"bogota","Bus","L1: All Cause",NA,NA,"AP",254843
"female","50-54","sc_bus_deaths_ap_all_cause_lb",-0.12736,"bogota","Bus","L1: All Cause",NA,NA,"AP",256059
"female","55-59","sc_bus_deaths_ap_all_cause_lb",-0.18253,"bogota","Bus","L1: All Cause",NA,NA,"AP",235548
"female","60-64","sc_bus_deaths_ap_all_cause_lb",-0.23071,"bogota","Bus","L1: All Cause",NA,NA,"AP",189600
"female","65-69","sc_bus_deaths_ap_all_cause_lb",-0.28574,"bogota","Bus","L1: All Cause",NA,NA,"AP",141409
"male","15-19","sc_cycle_deaths_ap_all_cause_ub",0.0408,"bogota","Cycling","L1: All Cause",NA,NA,"AP",282736
"male","20-24","sc_cycle_deaths_ap_all_cause_ub",0.05235,"bogota","Cycling","L1: All Cause",NA,NA,"AP",357934
"male","25-29","sc_cycle_deaths_ap_all_cause_ub",0.08048,"bogota","Cycling","L1: All Cause",NA,NA,"AP",360031
"male","30-34","sc_cycle_deaths_ap_all_cause_ub",0.02305,"bogota","Cycling","L1: All Cause",NA,NA,"AP",321492
"male","35-39","sc_cycle_deaths_ap_all_cause_ub",0.00653,"bogota","Cycling","L1: All Cause",NA,NA,"AP",289808
"male","40-44","sc_cycle_deaths_ap_all_cause_ub",0.01123,"bogota","Cycling","L1: All Cause",NA,NA,"AP",244543
"male","45-49","sc_cycle_deaths_ap_all_cause_ub",-0.02124,"bogota","Cycling","L1: All Cause",NA,NA,"AP",215491
"male","50-54","sc_cycle_deaths_ap_all_cause_ub",0.05199,"bogota","Cycling","L1: All Cause",NA,NA,"AP",209137
"male","55-59","sc_cycle_deaths_ap_all_cause_ub",0.08525,"bogota","Cycling","L1: All Cause",NA,NA,"AP",187551
"male","60-64","sc_cycle_deaths_ap_all_cause_ub",0.13409,"bogota","Cycling","L1: All Cause",NA,NA,"AP",146500
"male","65-69","sc_cycle_deaths_ap_all_cause_ub",0.15199,"bogota","Cycling","L1: All Cause",NA,NA,"AP",105412
"female","15-19","sc_cycle_deaths_ap_all_cause_ub",0.00741,"bogota","Cycling","L1: All Cause",NA,NA,"AP",279280
"female","20-24","sc_cycle_deaths_ap_all_cause_ub",0.004,"bogota","Cycling","L1: All Cause",NA,NA,"AP",360197
"female","25-29","sc_cycle_deaths_ap_all_cause_ub",0.00002,"bogota","Cycling","L1: All Cause",NA,NA,"AP",364423
"female","30-34","sc_cycle_deaths_ap_all_cause_ub",-0.03245,"bogota","Cycling","L1: All Cause",NA,NA,"AP",330341
"female","35-39","sc_cycle_deaths_ap_all_cause_ub",-0.02248,"bogota","Cycling","L1: All Cause",NA,NA,"AP",309304
"female","40-44","sc_cycle_deaths_ap_all_cause_ub",-0.00923,"bogota","Cycling","L1: All Cause",NA,NA,"AP",275440
"female","45-49","sc_cycle_deaths_ap_all_cause_ub",0.03019,"bogota","Cycling","L1: All Cause",NA,NA,"AP",254843
"female","50-54","sc_cycle_deaths_ap_all_cause_ub",0.08004,"bogota","Cycling","L1: All Cause",NA,NA,"AP",256059
"female","55-59","sc_cycle_deaths_ap_all_cause_ub",0.099,"bogota","Cycling","L1: All Cause",NA,NA,"AP",235548
"female","60-64","sc_cycle_deaths_ap_all_cause_ub",0.18046,"bogota","Cycling","L1: All Cause",NA,NA,"AP",189600
"female","65-69","sc_cycle_deaths_ap_all_cause_ub",0.1968,"bogota","Cycling","L1: All Cause",NA,NA,"AP",141409
"male","15-19","sc_car_deaths_ap_all_cause_ub",-0.30921,"bogota","Car","L1: All Cause",NA,NA,"AP",282736
"male","20-24","sc_car_deaths_ap_all_cause_ub",-0.74632,"bogota","Car","L1: All Cause",NA,NA,"AP",357934
"male","25-29","sc_car_deaths_ap_all_cause_ub",-0.8651,"bogota","Car","L1: All Cause",NA,NA,"AP",360031
"male","30-34","sc_car_deaths_ap_all_cause_ub",-0.7627,"bogota","Car","L1: All Cause",NA,NA,"AP",321492
"male","35-39","sc_car_deaths_ap_all_cause_ub",-0.64553,"bogota","Car","L1: All Cause",NA,NA,"AP",289808
"male","40-44","sc_car_deaths_ap_all_cause_ub",-0.52837,"bogota","Car","L1: All Cause",NA,NA,"AP",244543
"male","45-49","sc_car_deaths_ap_all_cause_ub",-0.54315,"bogota","Car","L1: All Cause",NA,NA,"AP",215491
"male","50-54","sc_car_deaths_ap_all_cause_ub",-0.6781,"bogota","Car","L1: All Cause",NA,NA,"AP",209137
"male","55-59","sc_car_deaths_ap_all_cause_ub",-0.88034,"bogota","Car","L1: All Cause",NA,NA,"AP",187551
"male","60-64","sc_car_deaths_ap_all_cause_ub",-1.16008,"bogota","Car","L1: All Cause",NA,NA,"AP",146500
"male","65-69","sc_car_deaths_ap_all_cause_ub",-1.33791,"bogota","Car","L1: All Cause",NA,NA,"AP",105412
"female","15-19","sc_car_deaths_ap_all_cause_ub",-0.1015,"bogota","Car","L1: All Cause",NA,NA,"AP",279280
"female","20-24","sc_car_deaths_ap_all_cause_ub",-0.16739,"bogota","Car","L1: All Cause",NA,NA,"AP",360197
"female","25-29","sc_car_deaths_ap_all_cause_ub",-0.20011,"bogota","Car","L1: All Cause",NA,NA,"AP",364423
"female","30-34","sc_car_deaths_ap_all_cause_ub",-0.2181,"bogota","Car","L1: All Cause",NA,NA,"AP",330341
"female","35-39","sc_car_deaths_ap_all_cause_ub",-0.2741,"bogota","Car","L1: All Cause",NA,NA,"AP",309304
"female","40-44","sc_car_deaths_ap_all_cause_ub",-0.32061,"bogota","Car","L1: All Cause",NA,NA,"AP",275440
"female","45-49","sc_car_deaths_ap_all_cause_ub",-0.42546,"bogota","Car","L1: All Cause",NA,NA,"AP",254843
"female","50-54","sc_car_deaths_ap_all_cause_ub",-0.6021,"bogota","Car","L1: All Cause",NA,NA,"AP",256059
"female","55-59","sc_car_deaths_ap_all_cause_ub",-0.8538,"bogota","Car","L1: All Cause",NA,NA,"AP",235548
"female","60-64","sc_car_deaths_ap_all_cause_ub",-1.10632,"bogota","Car","L1: All Cause",NA,NA,"AP",189600
"female","65-69","sc_car_deaths_ap_all_cause_ub",-1.25992,"bogota","Car","L1: All Cause",NA,NA,"AP",141409
"male","15-19","sc_bus_deaths_ap_all_cause_ub",-0.02782,"bogota","Bus","L1: All Cause",NA,NA,"AP",282736
"male","20-24","sc_bus_deaths_ap_all_cause_ub",-0.05166,"bogota","Bus","L1: All Cause",NA,NA,"AP",357934
"male","25-29","sc_bus_deaths_ap_all_cause_ub",-0.06074,"bogota","Bus","L1: All Cause",NA,NA,"AP",360031
"male","30-34","sc_bus_deaths_ap_all_cause_ub",-0.01241,"bogota","Bus","L1: All Cause",NA,NA,"AP",321492
"male","35-39","sc_bus_deaths_ap_all_cause_ub",-0.01309,"bogota","Bus","L1: All Cause",NA,NA,"AP",289808
"male","40-44","sc_bus_deaths_ap_all_cause_ub",0.00209,"bogota","Bus","L1: All Cause",NA,NA,"AP",244543
"male","45-49","sc_bus_deaths_ap_all_cause_ub",-0.01824,"bogota","Bus","L1: All Cause",NA,NA,"AP",215491
"male","50-54","sc_bus_deaths_ap_all_cause_ub",-0.04895,"bogota","Bus","L1: All Cause",NA,NA,"AP",209137
"male","55-59","sc_bus_deaths_ap_all_cause_ub",-0.06949,"bogota","Bus","L1: All Cause",NA,NA,"AP",187551
"male","60-64","sc_bus_deaths_ap_all_cause_ub",-0.07824,"bogota","Bus","L1: All Cause",NA,NA,"AP",146500
"male","65-69","sc_bus_deaths_ap_all_cause_ub",-0.21015,"bogota","Bus","L1: All Cause",NA,NA,"AP",105412
"female","15-19","sc_bus_deaths_ap_all_cause_ub",-0.01897,"bogota","Bus","L1: All Cause",NA,NA,"AP",279280
"female","20-24","sc_bus_deaths_ap_all_cause_ub",-0.02892,"bogota","Bus","L1: All Cause",NA,NA,"AP",360197
"female","25-29","sc_bus_deaths_ap_all_cause_ub",-0.03493,"bogota","Bus","L1: All Cause",NA,NA,"AP",364423
"female","30-34","sc_bus_deaths_ap_all_cause_ub",-0.02739,"bogota","Bus","L1: All Cause",NA,NA,"AP",330341
"female","35-39","sc_bus_deaths_ap_all_cause_ub",-0.03807,"bogota","Bus","L1: All Cause",NA,NA,"AP",309304
"female","40-44","sc_bus_deaths_ap_all_cause_ub",-0.04506,"bogota","Bus","L1: All Cause",NA,NA,"AP",275440
"female","45-49","sc_bus_deaths_ap_all_cause_ub",-0.06735,"bogota","Bus","L1: All Cause",NA,NA,"AP",254843
"female","50-54","sc_bus_deaths_ap_all_cause_ub",-0.12736,"bogota","Bus","L1: All Cause",NA,NA,"AP",256059
"female","55-59","sc_bus_deaths_ap_all_cause_ub",-0.18253,"bogota","Bus","L1: All Cause",NA,NA,"AP",235548
"female","60-64","sc_bus_deaths_ap_all_cause_ub",-0.23071,"bogota","Bus","L1: All Cause",NA,NA,"AP",189600
"female","65-69","sc_bus_deaths_ap_all_cause_ub",-0.28574,"bogota","Bus","L1: All Cause",NA,NA,"AP",141409
"male","15-19","sc_cycle_deaths_pa_IHD",0.00596,"bogota","Cycling",NA,NA,"L3: IHD","PA",282736
"male","20-24","sc_cycle_deaths_pa_IHD",0.02287,"bogota","Cycling",NA,NA,"L3: IHD","PA",357934
"male","25-29","sc_cycle_deaths_pa_IHD",0.04343,"bogota","Cycling",NA,NA,"L3: IHD","PA",360031
"male","30-34","sc_cycle_deaths_pa_IHD",0.16746,"bogota","Cycling",NA,NA,"L3: IHD","PA",321492
"male","35-39","sc_cycle_deaths_pa_IHD",0.26174,"bogota","Cycling",NA,NA,"L3: IHD","PA",289808
"male","40-44","sc_cycle_deaths_pa_IHD",0.36855,"bogota","Cycling",NA,NA,"L3: IHD","PA",244543
"male","45-49","sc_cycle_deaths_pa_IHD",0.61732,"bogota","Cycling",NA,NA,"L3: IHD","PA",215491
"male","50-54","sc_cycle_deaths_pa_IHD",0.93983,"bogota","Cycling",NA,NA,"L3: IHD","PA",209137
"male","55-59","sc_cycle_deaths_pa_IHD",1.58987,"bogota","Cycling",NA,NA,"L3: IHD","PA",187551
"male","60-64","sc_cycle_deaths_pa_IHD",1.8878,"bogota","Cycling",NA,NA,"L3: IHD","PA",146500
"male","65-69","sc_cycle_deaths_pa_IHD",2.6745,"bogota","Cycling",NA,NA,"L3: IHD","PA",105412
"female","15-19","sc_cycle_deaths_pa_IHD",0.00352,"bogota","Cycling",NA,NA,"L3: IHD","PA",279280
"female","20-24","sc_cycle_deaths_pa_IHD",0.0118,"bogota","Cycling",NA,NA,"L3: IHD","PA",360197
"female","25-29","sc_cycle_deaths_pa_IHD",0.0229,"bogota","Cycling",NA,NA,"L3: IHD","PA",364423
"female","30-34","sc_cycle_deaths_pa_IHD",0.06463,"bogota","Cycling",NA,NA,"L3: IHD","PA",330341
"female","35-39","sc_cycle_deaths_pa_IHD",0.11608,"bogota","Cycling",NA,NA,"L3: IHD","PA",309304
"female","40-44","sc_cycle_deaths_pa_IHD",0.18936,"bogota","Cycling",NA,NA,"L3: IHD","PA",275440
"female","45-49","sc_cycle_deaths_pa_IHD",0.37284,"bogota","Cycling",NA,NA,"L3: IHD","PA",254843
"female","50-54","sc_cycle_deaths_pa_IHD",0.62202,"bogota","Cycling",NA,NA,"L3: IHD","PA",256059
"female","55-59","sc_cycle_deaths_pa_IHD",1.1396,"bogota","Cycling",NA,NA,"L3: IHD","PA",235548
"female","60-64","sc_cycle_deaths_pa_IHD",1.34602,"bogota","Cycling",NA,NA,"L3: IHD","PA",189600
"female","65-69","sc_cycle_deaths_pa_IHD",2.28404,"bogota","Cycling",NA,NA,"L3: IHD","PA",141409
"male","15-19","sc_car_deaths_pa_IHD",-0.00674,"bogota","Car",NA,NA,"L3: IHD","PA",282736
"male","20-24","sc_car_deaths_pa_IHD",-0.01775,"bogota","Car",NA,NA,"L3: IHD","PA",357934
"male","25-29","sc_car_deaths_pa_IHD",-0.02585,"bogota","Car",NA,NA,"L3: IHD","PA",360031
"male","30-34","sc_car_deaths_pa_IHD",-0.08767,"bogota","Car",NA,NA,"L3: IHD","PA",321492
"male","35-39","sc_car_deaths_pa_IHD",-0.15307,"bogota","Car",NA,NA,"L3: IHD","PA",289808
"male","40-44","sc_car_deaths_pa_IHD",-0.20694,"bogota","Car",NA,NA,"L3: IHD","PA",244543
"male","45-49","sc_car_deaths_pa_IHD",-0.32537,"bogota","Car",NA,NA,"L3: IHD","PA",215491
"male","50-54","sc_car_deaths_pa_IHD",-0.63336,"bogota","Car",NA,NA,"L3: IHD","PA",209137
"male","55-59","sc_car_deaths_pa_IHD",-1.03213,"bogota","Car",NA,NA,"L3: IHD","PA",187551
"male","60-64","sc_car_deaths_pa_IHD",-1.24674,"bogota","Car",NA,NA,"L3: IHD","PA",146500
"male","65-69","sc_car_deaths_pa_IHD",-1.54192,"bogota","Car",NA,NA,"L3: IHD","PA",105412
"female","15-19","sc_car_deaths_pa_IHD",-0.00242,"bogota","Car",NA,NA,"L3: IHD","PA",279280
"female","20-24","sc_car_deaths_pa_IHD",-0.00643,"bogota","Car",NA,NA,"L3: IHD","PA",360197
"female","25-29","sc_car_deaths_pa_IHD",-0.007,"bogota","Car",NA,NA,"L3: IHD","PA",364423
"female","30-34","sc_car_deaths_pa_IHD",-0.02767,"bogota","Car",NA,NA,"L3: IHD","PA",330341
"female","35-39","sc_car_deaths_pa_IHD",-0.04576,"bogota","Car",NA,NA,"L3: IHD","PA",309304
"female","40-44","sc_car_deaths_pa_IHD",-0.10204,"bogota","Car",NA,NA,"L3: IHD","PA",275440
"female","45-49","sc_car_deaths_pa_IHD",-0.15799,"bogota","Car",NA,NA,"L3: IHD","PA",254843
"female","50-54","sc_car_deaths_pa_IHD",-0.20471,"bogota","Car",NA,NA,"L3: IHD","PA",256059
"female","55-59","sc_car_deaths_pa_IHD",-0.37119,"bogota","Car",NA,NA,"L3: IHD","PA",235548
"female","60-64","sc_car_deaths_pa_IHD",-0.53585,"bogota","Car",NA,NA,"L3: IHD","PA",189600
"female","65-69","sc_car_deaths_pa_IHD",-0.62834,"bogota","Car",NA,NA,"L3: IHD","PA",141409
"male","15-19","sc_bus_deaths_pa_IHD",-0.00229,"bogota","Bus",NA,NA,"L3: IHD","PA",282736
"male","20-24","sc_bus_deaths_pa_IHD",0.00273,"bogota","Bus",NA,NA,"L3: IHD","PA",357934
"male","25-29","sc_bus_deaths_pa_IHD",-0.011,"bogota","Bus",NA,NA,"L3: IHD","PA",360031
"male","30-34","sc_bus_deaths_pa_IHD",0.01599,"bogota","Bus",NA,NA,"L3: IHD","PA",321492
"male","35-39","sc_bus_deaths_pa_IHD",0.01692,"bogota","Bus",NA,NA,"L3: IHD","PA",289808
"male","40-44","sc_bus_deaths_pa_IHD",0.01766,"bogota","Bus",NA,NA,"L3: IHD","PA",244543
"male","45-49","sc_bus_deaths_pa_IHD",-0.00789,"bogota","Bus",NA,NA,"L3: IHD","PA",215491
"male","50-54","sc_bus_deaths_pa_IHD",-0.1879,"bogota","Bus",NA,NA,"L3: IHD","PA",209137
"male","55-59","sc_bus_deaths_pa_IHD",0.07582,"bogota","Bus",NA,NA,"L3: IHD","PA",187551
"male","60-64","sc_bus_deaths_pa_IHD",-0.41844,"bogota","Bus",NA,NA,"L3: IHD","PA",146500
"male","65-69","sc_bus_deaths_pa_IHD",0.13961,"bogota","Bus",NA,NA,"L3: IHD","PA",105412
"female","15-19","sc_bus_deaths_pa_IHD",-0.00045,"bogota","Bus",NA,NA,"L3: IHD","PA",279280
"female","20-24","sc_bus_deaths_pa_IHD",0.00141,"bogota","Bus",NA,NA,"L3: IHD","PA",360197
"female","25-29","sc_bus_deaths_pa_IHD",0.00271,"bogota","Bus",NA,NA,"L3: IHD","PA",364423
"female","30-34","sc_bus_deaths_pa_IHD",0.00425,"bogota","Bus",NA,NA,"L3: IHD","PA",330341
"female","35-39","sc_bus_deaths_pa_IHD",0.00907,"bogota","Bus",NA,NA,"L3: IHD","PA",309304
"female","40-44","sc_bus_deaths_pa_IHD",0.0166,"bogota","Bus",NA,NA,"L3: IHD","PA",275440
"female","45-49","sc_bus_deaths_pa_IHD",0.0144,"bogota","Bus",NA,NA,"L3: IHD","PA",254843
"female","50-54","sc_bus_deaths_pa_IHD",0.07102,"bogota","Bus",NA,NA,"L3: IHD","PA",256059
"female","55-59","sc_bus_deaths_pa_IHD",0.20432,"bogota","Bus",NA,NA,"L3: IHD","PA",235548
"female","60-64","sc_bus_deaths_pa_IHD",0.29878,"bogota","Bus",NA,NA,"L3: IHD","PA",189600
"female","65-69","sc_bus_deaths_pa_IHD",0.15091,"bogota","Bus",NA,NA,"L3: IHD","PA",141409
"male","15-19","sc_cycle_deaths_pa_IHD_lb",0.00808,"bogota","Cycling",NA,NA,"L3: IHD","PA",282736
"male","20-24","sc_cycle_deaths_pa_IHD_lb",0.03137,"bogota","Cycling",NA,NA,"L3: IHD","PA",357934
"male","25-29","sc_cycle_deaths_pa_IHD_lb",0.06003,"bogota","Cycling",NA,NA,"L3: IHD","PA",360031
"male","30-34","sc_cycle_deaths_pa_IHD_lb",0.22193,"bogota","Cycling",NA,NA,"L3: IHD","PA",321492
"male","35-39","sc_cycle_deaths_pa_IHD_lb",0.34964,"bogota","Cycling",NA,NA,"L3: IHD","PA",289808
"male","40-44","sc_cycle_deaths_pa_IHD_lb",0.48766,"bogota","Cycling",NA,NA,"L3: IHD","PA",244543
"male","45-49","sc_cycle_deaths_pa_IHD_lb",0.81777,"bogota","Cycling",NA,NA,"L3: IHD","PA",215491
"male","50-54","sc_cycle_deaths_pa_IHD_lb",1.23312,"bogota","Cycling",NA,NA,"L3: IHD","PA",209137
"male","55-59","sc_cycle_deaths_pa_IHD_lb",2.113,"bogota","Cycling",NA,NA,"L3: IHD","PA",187551
"male","60-64","sc_cycle_deaths_pa_IHD_lb",2.50247,"bogota","Cycling",NA,NA,"L3: IHD","PA",146500
"male","65-69","sc_cycle_deaths_pa_IHD_lb",3.52065,"bogota","Cycling",NA,NA,"L3: IHD","PA",105412
"female","15-19","sc_cycle_deaths_pa_IHD_lb",0.00483,"bogota","Cycling",NA,NA,"L3: IHD","PA",279280
"female","20-24","sc_cycle_deaths_pa_IHD_lb",0.01612,"bogota","Cycling",NA,NA,"L3: IHD","PA",360197
"female","25-29","sc_cycle_deaths_pa_IHD_lb",0.03095,"bogota","Cycling",NA,NA,"L3: IHD","PA",364423
"female","30-34","sc_cycle_deaths_pa_IHD_lb",0.08452,"bogota","Cycling",NA,NA,"L3: IHD","PA",330341
"female","35-39","sc_cycle_deaths_pa_IHD_lb",0.15278,"bogota","Cycling",NA,NA,"L3: IHD","PA",309304
"female","40-44","sc_cycle_deaths_pa_IHD_lb",0.24693,"bogota","Cycling",NA,NA,"L3: IHD","PA",275440
"female","45-49","sc_cycle_deaths_pa_IHD_lb",0.48801,"bogota","Cycling",NA,NA,"L3: IHD","PA",254843
"female","50-54","sc_cycle_deaths_pa_IHD_lb",0.81962,"bogota","Cycling",NA,NA,"L3: IHD","PA",256059
"female","55-59","sc_cycle_deaths_pa_IHD_lb",1.49309,"bogota","Cycling",NA,NA,"L3: IHD","PA",235548
"female","60-64","sc_cycle_deaths_pa_IHD_lb",1.74698,"bogota","Cycling",NA,NA,"L3: IHD","PA",189600
"female","65-69","sc_cycle_deaths_pa_IHD_lb",2.9895,"bogota","Cycling",NA,NA,"L3: IHD","PA",141409
"male","15-19","sc_car_deaths_pa_IHD_lb",-0.00947,"bogota","Car",NA,NA,"L3: IHD","PA",282736
"male","20-24","sc_car_deaths_pa_IHD_lb",-0.02484,"bogota","Car",NA,NA,"L3: IHD","PA",357934
"male","25-29","sc_car_deaths_pa_IHD_lb",-0.03668,"bogota","Car",NA,NA,"L3: IHD","PA",360031
"male","30-34","sc_car_deaths_pa_IHD_lb",-0.11921,"bogota","Car",NA,NA,"L3: IHD","PA",321492
"male","35-39","sc_car_deaths_pa_IHD_lb",-0.20728,"bogota","Car",NA,NA,"L3: IHD","PA",289808
"male","40-44","sc_car_deaths_pa_IHD_lb",-0.28103,"bogota","Car",NA,NA,"L3: IHD","PA",244543
"male","45-49","sc_car_deaths_pa_IHD_lb",-0.43609,"bogota","Car",NA,NA,"L3: IHD","PA",215491
"male","50-54","sc_car_deaths_pa_IHD_lb",-0.84997,"bogota","Car",NA,NA,"L3: IHD","PA",209137
"male","55-59","sc_car_deaths_pa_IHD_lb",-1.3836,"bogota","Car",NA,NA,"L3: IHD","PA",187551
"male","60-64","sc_car_deaths_pa_IHD_lb",-1.69549,"bogota","Car",NA,NA,"L3: IHD","PA",146500
"male","65-69","sc_car_deaths_pa_IHD_lb",-2.06738,"bogota","Car",NA,NA,"L3: IHD","PA",105412
"female","15-19","sc_car_deaths_pa_IHD_lb",-0.00345,"bogota","Car",NA,NA,"L3: IHD","PA",279280
"female","20-24","sc_car_deaths_pa_IHD_lb",-0.0091,"bogota","Car",NA,NA,"L3: IHD","PA",360197
"female","25-29","sc_car_deaths_pa_IHD_lb",-0.00975,"bogota","Car",NA,NA,"L3: IHD","PA",364423
"female","30-34","sc_car_deaths_pa_IHD_lb",-0.03774,"bogota","Car",NA,NA,"L3: IHD","PA",330341
"female","35-39","sc_car_deaths_pa_IHD_lb",-0.06274,"bogota","Car",NA,NA,"L3: IHD","PA",309304
"female","40-44","sc_car_deaths_pa_IHD_lb",-0.13962,"bogota","Car",NA,NA,"L3: IHD","PA",275440
"female","45-49","sc_car_deaths_pa_IHD_lb",-0.21747,"bogota","Car",NA,NA,"L3: IHD","PA",254843
"female","50-54","sc_car_deaths_pa_IHD_lb",-0.28119,"bogota","Car",NA,NA,"L3: IHD","PA",256059
"female","55-59","sc_car_deaths_pa_IHD_lb",-0.51244,"bogota","Car",NA,NA,"L3: IHD","PA",235548
"female","60-64","sc_car_deaths_pa_IHD_lb",-0.73613,"bogota","Car",NA,NA,"L3: IHD","PA",189600
"female","65-69","sc_car_deaths_pa_IHD_lb",-0.85954,"bogota","Car",NA,NA,"L3: IHD","PA",141409
"male","15-19","sc_bus_deaths_pa_IHD_lb",-0.003,"bogota","Bus",NA,NA,"L3: IHD","PA",282736
"male","20-24","sc_bus_deaths_pa_IHD_lb",0.00512,"bogota","Bus",NA,NA,"L3: IHD","PA",357934
"male","25-29","sc_bus_deaths_pa_IHD_lb",-0.01394,"bogota","Bus",NA,NA,"L3: IHD","PA",360031
"male","30-34","sc_bus_deaths_pa_IHD_lb",0.02889,"bogota","Bus",NA,NA,"L3: IHD","PA",321492
"male","35-39","sc_bus_deaths_pa_IHD_lb",0.03417,"bogota","Bus",NA,NA,"L3: IHD","PA",289808
"male","40-44","sc_bus_deaths_pa_IHD_lb",0.04038,"bogota","Bus",NA,NA,"L3: IHD","PA",244543
"male","45-49","sc_bus_deaths_pa_IHD_lb",0.01863,"bogota","Bus",NA,NA,"L3: IHD","PA",215491
"male","50-54","sc_bus_deaths_pa_IHD_lb",-0.21993,"bogota","Bus",NA,NA,"L3: IHD","PA",209137
"male","55-59","sc_bus_deaths_pa_IHD_lb",0.16603,"bogota","Bus",NA,NA,"L3: IHD","PA",187551
"male","60-64","sc_bus_deaths_pa_IHD_lb",-0.49939,"bogota","Bus",NA,NA,"L3: IHD","PA",146500
"male","65-69","sc_bus_deaths_pa_IHD_lb",0.26569,"bogota","Bus",NA,NA,"L3: IHD","PA",105412
"female","15-19","sc_bus_deaths_pa_IHD_lb",-0.00057,"bogota","Bus",NA,NA,"L3: IHD","PA",279280
"female","20-24","sc_bus_deaths_pa_IHD_lb",0.00213,"bogota","Bus",NA,NA,"L3: IHD","PA",360197
"female","25-29","sc_bus_deaths_pa_IHD_lb",0.00397,"bogota","Bus",NA,NA,"L3: IHD","PA",364423
"female","30-34","sc_bus_deaths_pa_IHD_lb",0.00685,"bogota","Bus",NA,NA,"L3: IHD","PA",330341
"female","35-39","sc_bus_deaths_pa_IHD_lb",0.0143,"bogota","Bus",NA,NA,"L3: IHD","PA",309304
"female","40-44","sc_bus_deaths_pa_IHD_lb",0.02668,"bogota","Bus",NA,NA,"L3: IHD","PA",275440
"female","45-49","sc_bus_deaths_pa_IHD_lb",0.02656,"bogota","Bus",NA,NA,"L3: IHD","PA",254843
"female","50-54","sc_bus_deaths_pa_IHD_lb",0.10135,"bogota","Bus",NA,NA,"L3: IHD","PA",256059
"female","55-59","sc_bus_deaths_pa_IHD_lb",0.28807,"bogota","Bus",NA,NA,"L3: IHD","PA",235548
"female","60-64","sc_bus_deaths_pa_IHD_lb",0.4182,"bogota","Bus",NA,NA,"L3: IHD","PA",189600
"female","65-69","sc_bus_deaths_pa_IHD_lb",0.21883,"bogota","Bus",NA,NA,"L3: IHD","PA",141409
"male","15-19","sc_cycle_deaths_pa_IHD_ub",0.00393,"bogota","Cycling",NA,NA,"L3: IHD","PA",282736
"male","20-24","sc_cycle_deaths_pa_IHD_ub",0.01478,"bogota","Cycling",NA,NA,"L3: IHD","PA",357934
"male","25-29","sc_cycle_deaths_pa_IHD_ub",0.02751,"bogota","Cycling",NA,NA,"L3: IHD","PA",360031
"male","30-34","sc_cycle_deaths_pa_IHD_ub",0.11196,"bogota","Cycling",NA,NA,"L3: IHD","PA",321492
"male","35-39","sc_cycle_deaths_pa_IHD_ub",0.17257,"bogota","Cycling",NA,NA,"L3: IHD","PA",289808
"male","40-44","sc_cycle_deaths_pa_IHD_ub",0.24747,"bogota","Cycling",NA,NA,"L3: IHD","PA",244543
"male","45-49","sc_cycle_deaths_pa_IHD_ub",0.41263,"bogota","Cycling",NA,NA,"L3: IHD","PA",215491
"male","50-54","sc_cycle_deaths_pa_IHD_ub",0.63749,"bogota","Cycling",NA,NA,"L3: IHD","PA",209137
"male","55-59","sc_cycle_deaths_pa_IHD_ub",1.05781,"bogota","Cycling",NA,NA,"L3: IHD","PA",187551
"male","60-64","sc_cycle_deaths_pa_IHD_ub",1.2593,"bogota","Cycling",NA,NA,"L3: IHD","PA",146500
"male","65-69","sc_cycle_deaths_pa_IHD_ub",1.79869,"bogota","Cycling",NA,NA,"L3: IHD","PA",105412
"female","15-19","sc_cycle_deaths_pa_IHD_ub",0.00227,"bogota","Cycling",NA,NA,"L3: IHD","PA",279280
"female","20-24","sc_cycle_deaths_pa_IHD_ub",0.00766,"bogota","Cycling",NA,NA,"L3: IHD","PA",360197
"female","25-29","sc_cycle_deaths_pa_IHD_ub",0.0151,"bogota","Cycling",NA,NA,"L3: IHD","PA",364423
"female","30-34","sc_cycle_deaths_pa_IHD_ub",0.04404,"bogota","Cycling",NA,NA,"L3: IHD","PA",330341
"female","35-39","sc_cycle_deaths_pa_IHD_ub",0.07829,"bogota","Cycling",NA,NA,"L3: IHD","PA",309304
"female","40-44","sc_cycle_deaths_pa_IHD_ub",0.12957,"bogota","Cycling",NA,NA,"L3: IHD","PA",275440
"female","45-49","sc_cycle_deaths_pa_IHD_ub",0.25385,"bogota","Cycling",NA,NA,"L3: IHD","PA",254843
"female","50-54","sc_cycle_deaths_pa_IHD_ub",0.41622,"bogota","Cycling",NA,NA,"L3: IHD","PA",256059
"female","55-59","sc_cycle_deaths_pa_IHD_ub",0.77193,"bogota","Cycling",NA,NA,"L3: IHD","PA",235548
"female","60-64","sc_cycle_deaths_pa_IHD_ub",0.92408,"bogota","Cycling",NA,NA,"L3: IHD","PA",189600
"female","65-69","sc_cycle_deaths_pa_IHD_ub",1.54788,"bogota","Cycling",NA,NA,"L3: IHD","PA",141409
"male","15-19","sc_car_deaths_pa_IHD_ub",-0.00419,"bogota","Car",NA,NA,"L3: IHD","PA",282736
"male","20-24","sc_car_deaths_pa_IHD_ub",-0.01111,"bogota","Car",NA,NA,"L3: IHD","PA",357934
"male","25-29","sc_car_deaths_pa_IHD_ub",-0.01581,"bogota","Car",NA,NA,"L3: IHD","PA",360031
"male","30-34","sc_car_deaths_pa_IHD_ub",-0.05625,"bogota","Car",NA,NA,"L3: IHD","PA",321492
"male","35-39","sc_car_deaths_pa_IHD_ub",-0.09898,"bogota","Car",NA,NA,"L3: IHD","PA",289808
"male","40-44","sc_car_deaths_pa_IHD_ub",-0.13353,"bogota","Car",NA,NA,"L3: IHD","PA",244543
"male","45-49","sc_car_deaths_pa_IHD_ub",-0.21404,"bogota","Car",NA,NA,"L3: IHD","PA",215491
"male","50-54","sc_car_deaths_pa_IHD_ub",-0.41457,"bogota","Car",NA,NA,"L3: IHD","PA",209137
"male","55-59","sc_car_deaths_pa_IHD_ub",-0.68014,"bogota","Car",NA,NA,"L3: IHD","PA",187551
"male","60-64","sc_car_deaths_pa_IHD_ub",-0.80238,"bogota","Car",NA,NA,"L3: IHD","PA",146500
"male","65-69","sc_car_deaths_pa_IHD_ub",-1.00853,"bogota","Car",NA,NA,"L3: IHD","PA",105412
"female","15-19","sc_car_deaths_pa_IHD_ub",-0.00148,"bogota","Car",NA,NA,"L3: IHD","PA",279280
"female","20-24","sc_car_deaths_pa_IHD_ub",-0.00396,"bogota","Car",NA,NA,"L3: IHD","PA",360197
"female","25-29","sc_car_deaths_pa_IHD_ub",-0.00444,"bogota","Car",NA,NA,"L3: IHD","PA",364423
"female","30-34","sc_car_deaths_pa_IHD_ub",-0.01769,"bogota","Car",NA,NA,"L3: IHD","PA",330341
"female","35-39","sc_car_deaths_pa_IHD_ub",-0.02904,"bogota","Car",NA,NA,"L3: IHD","PA",309304
"female","40-44","sc_car_deaths_pa_IHD_ub",-0.06489,"bogota","Car",NA,NA,"L3: IHD","PA",275440
"female","45-49","sc_car_deaths_pa_IHD_ub",-0.09972,"bogota","Car",NA,NA,"L3: IHD","PA",254843
"female","50-54","sc_car_deaths_pa_IHD_ub",-0.12884,"bogota","Car",NA,NA,"L3: IHD","PA",256059
"female","55-59","sc_car_deaths_pa_IHD_ub",-0.23252,"bogota","Car",NA,NA,"L3: IHD","PA",235548
"female","60-64","sc_car_deaths_pa_IHD_ub",-0.33706,"bogota","Car",NA,NA,"L3: IHD","PA",189600
"female","65-69","sc_car_deaths_pa_IHD_ub",-0.39961,"bogota","Car",NA,NA,"L3: IHD","PA",141409
"male","15-19","sc_bus_deaths_pa_IHD_ub",-0.00156,"bogota","Bus",NA,NA,"L3: IHD","PA",282736
"male","20-24","sc_bus_deaths_pa_IHD_ub",0.00083,"bogota","Bus",NA,NA,"L3: IHD","PA",357934
"male","25-29","sc_bus_deaths_pa_IHD_ub",-0.00778,"bogota","Bus",NA,NA,"L3: IHD","PA",360031
"male","30-34","sc_bus_deaths_pa_IHD_ub",0.00517,"bogota","Bus",NA,NA,"L3: IHD","PA",321492
"male","35-39","sc_bus_deaths_pa_IHD_ub",0.00287,"bogota","Bus",NA,NA,"L3: IHD","PA",289808
"male","40-44","sc_bus_deaths_pa_IHD_ub",-0.00035,"bogota","Bus",NA,NA,"L3: IHD","PA",244543
"male","45-49","sc_bus_deaths_pa_IHD_ub",-0.0259,"bogota","Bus",NA,NA,"L3: IHD","PA",215491
"male","50-54","sc_bus_deaths_pa_IHD_ub",-0.14603,"bogota","Bus",NA,NA,"L3: IHD","PA",209137
"male","55-59","sc_bus_deaths_pa_IHD_ub",0.00265,"bogota","Bus",NA,NA,"L3: IHD","PA",187551
"male","60-64","sc_bus_deaths_pa_IHD_ub",-0.31909,"bogota","Bus",NA,NA,"L3: IHD","PA",146500
"male","65-69","sc_bus_deaths_pa_IHD_ub",0.03347,"bogota","Bus",NA,NA,"L3: IHD","PA",105412
"female","15-19","sc_bus_deaths_pa_IHD_ub",-0.00032,"bogota","Bus",NA,NA,"L3: IHD","PA",279280
"female","20-24","sc_bus_deaths_pa_IHD_ub",0.00078,"bogota","Bus",NA,NA,"L3: IHD","PA",360197
"female","25-29","sc_bus_deaths_pa_IHD_ub",0.00158,"bogota","Bus",NA,NA,"L3: IHD","PA",364423
"female","30-34","sc_bus_deaths_pa_IHD_ub",0.00194,"bogota","Bus",NA,NA,"L3: IHD","PA",330341
"female","35-39","sc_bus_deaths_pa_IHD_ub",0.00428,"bogota","Bus",NA,NA,"L3: IHD","PA",309304
"female","40-44","sc_bus_deaths_pa_IHD_ub",0.00763,"bogota","Bus",NA,NA,"L3: IHD","PA",275440
"female","45-49","sc_bus_deaths_pa_IHD_ub",0.00405,"bogota","Bus",NA,NA,"L3: IHD","PA",254843
"female","50-54","sc_bus_deaths_pa_IHD_ub",0.04234,"bogota","Bus",NA,NA,"L3: IHD","PA",256059
"female","55-59","sc_bus_deaths_pa_IHD_ub",0.12331,"bogota","Bus",NA,NA,"L3: IHD","PA",235548
"female","60-64","sc_bus_deaths_pa_IHD_ub",0.1828,"bogota","Bus",NA,NA,"L3: IHD","PA",189600
"female","65-69","sc_bus_deaths_pa_IHD_ub",0.08732,"bogota","Bus",NA,NA,"L3: IHD","PA",141409
"male","15-19","sc_cycle_deaths_ap_IHD",0,"bogota","Cycling",NA,NA,"L3: IHD","AP",282736
"male","20-24","sc_cycle_deaths_ap_IHD",0,"bogota","Cycling",NA,NA,"L3: IHD","AP",357934
"male","25-29","sc_cycle_deaths_ap_IHD",0.00259,"bogota","Cycling",NA,NA,"L3: IHD","AP",360031
"male","30-34","sc_cycle_deaths_ap_IHD",0.00157,"bogota","Cycling",NA,NA,"L3: IHD","AP",321492
"male","35-39","sc_cycle_deaths_ap_IHD",0.00106,"bogota","Cycling",NA,NA,"L3: IHD","AP",289808
"male","40-44","sc_cycle_deaths_ap_IHD",0.00229,"bogota","Cycling",NA,NA,"L3: IHD","AP",244543
"male","45-49","sc_cycle_deaths_ap_IHD",-0.00362,"bogota","Cycling",NA,NA,"L3: IHD","AP",215491
"male","50-54","sc_cycle_deaths_ap_IHD",0.01642,"bogota","Cycling",NA,NA,"L3: IHD","AP",209137
"male","55-59","sc_cycle_deaths_ap_IHD",0.029,"bogota","Cycling",NA,NA,"L3: IHD","AP",187551
"male","60-64","sc_cycle_deaths_ap_IHD",0.04382,"bogota","Cycling",NA,NA,"L3: IHD","AP",146500
"male","65-69","sc_cycle_deaths_ap_IHD",0.04703,"bogota","Cycling",NA,NA,"L3: IHD","AP",105412
"female","15-19","sc_cycle_deaths_ap_IHD",0,"bogota","Cycling",NA,NA,"L3: IHD","AP",279280
"female","20-24","sc_cycle_deaths_ap_IHD",0,"bogota","Cycling",NA,NA,"L3: IHD","AP",360197
"female","25-29","sc_cycle_deaths_ap_IHD",0.00007,"bogota","Cycling",NA,NA,"L3: IHD","AP",364423
"female","30-34","sc_cycle_deaths_ap_IHD",-0.00207,"bogota","Cycling",NA,NA,"L3: IHD","AP",330341
"female","35-39","sc_cycle_deaths_ap_IHD",-0.00193,"bogota","Cycling",NA,NA,"L3: IHD","AP",309304
"female","40-44","sc_cycle_deaths_ap_IHD",-0.00099,"bogota","Cycling",NA,NA,"L3: IHD","AP",275440
"female","45-49","sc_cycle_deaths_ap_IHD",0.00555,"bogota","Cycling",NA,NA,"L3: IHD","AP",254843
"female","50-54","sc_cycle_deaths_ap_IHD",0.01639,"bogota","Cycling",NA,NA,"L3: IHD","AP",256059
"female","55-59","sc_cycle_deaths_ap_IHD",0.0226,"bogota","Cycling",NA,NA,"L3: IHD","AP",235548
"female","60-64","sc_cycle_deaths_ap_IHD",0.04245,"bogota","Cycling",NA,NA,"L3: IHD","AP",189600
"female","65-69","sc_cycle_deaths_ap_IHD",0.04707,"bogota","Cycling",NA,NA,"L3: IHD","AP",141409
"male","15-19","sc_car_deaths_ap_IHD",0,"bogota","Car",NA,NA,"L3: IHD","AP",282736
"male","20-24","sc_car_deaths_ap_IHD",0,"bogota","Car",NA,NA,"L3: IHD","AP",357934
"male","25-29","sc_car_deaths_ap_IHD",-0.02635,"bogota","Car",NA,NA,"L3: IHD","AP",360031
"male","30-34","sc_car_deaths_ap_IHD",-0.0433,"bogota","Car",NA,NA,"L3: IHD","AP",321492
"male","35-39","sc_car_deaths_ap_IHD",-0.06194,"bogota","Car",NA,NA,"L3: IHD","AP",289808
"male","40-44","sc_car_deaths_ap_IHD",-0.07974,"bogota","Car",NA,NA,"L3: IHD","AP",244543
"male","45-49","sc_car_deaths_ap_IHD",-0.12263,"bogota","Car",NA,NA,"L3: IHD","AP",215491
"male","50-54","sc_car_deaths_ap_IHD",-0.19933,"bogota","Car",NA,NA,"L3: IHD","AP",209137
"male","55-59","sc_car_deaths_ap_IHD",-0.28519,"bogota","Car",NA,NA,"L3: IHD","AP",187551
"male","60-64","sc_car_deaths_ap_IHD",-0.36344,"bogota","Car",NA,NA,"L3: IHD","AP",146500
"male","65-69","sc_car_deaths_ap_IHD",-0.3996,"bogota","Car",NA,NA,"L3: IHD","AP",105412
"female","15-19","sc_car_deaths_ap_IHD",0,"bogota","Car",NA,NA,"L3: IHD","AP",279280
"female","20-24","sc_car_deaths_ap_IHD",0,"bogota","Car",NA,NA,"L3: IHD","AP",360197
"female","25-29","sc_car_deaths_ap_IHD",-0.01106,"bogota","Car",NA,NA,"L3: IHD","AP",364423
"female","30-34","sc_car_deaths_ap_IHD",-0.01498,"bogota","Car",NA,NA,"L3: IHD","AP",330341
"female","35-39","sc_car_deaths_ap_IHD",-0.02602,"bogota","Car",NA,NA,"L3: IHD","AP",309304
"female","40-44","sc_car_deaths_ap_IHD",-0.04508,"bogota","Car",NA,NA,"L3: IHD","AP",275440
"female","45-49","sc_car_deaths_ap_IHD",-0.07337,"bogota","Car",NA,NA,"L3: IHD","AP",254843
"female","50-54","sc_car_deaths_ap_IHD",-0.12011,"bogota","Car",NA,NA,"L3: IHD","AP",256059
"female","55-59","sc_car_deaths_ap_IHD",-0.1888,"bogota","Car",NA,NA,"L3: IHD","AP",235548
"female","60-64","sc_car_deaths_ap_IHD",-0.25569,"bogota","Car",NA,NA,"L3: IHD","AP",189600
"female","65-69","sc_car_deaths_ap_IHD",-0.29531,"bogota","Car",NA,NA,"L3: IHD","AP",141409
"male","15-19","sc_bus_deaths_ap_IHD",0,"bogota","Bus",NA,NA,"L3: IHD","AP",282736
"male","20-24","sc_bus_deaths_ap_IHD",0,"bogota","Bus",NA,NA,"L3: IHD","AP",357934
"male","25-29","sc_bus_deaths_ap_IHD",-0.00195,"bogota","Bus",NA,NA,"L3: IHD","AP",360031
"male","30-34","sc_bus_deaths_ap_IHD",-0.00091,"bogota","Bus",NA,NA,"L3: IHD","AP",321492
"male","35-39","sc_bus_deaths_ap_IHD",-0.00148,"bogota","Bus",NA,NA,"L3: IHD","AP",289808
"male","40-44","sc_bus_deaths_ap_IHD",-0.00011,"bogota","Bus",NA,NA,"L3: IHD","AP",244543
"male","45-49","sc_bus_deaths_ap_IHD",-0.00461,"bogota","Bus",NA,NA,"L3: IHD","AP",215491
"male","50-54","sc_bus_deaths_ap_IHD",-0.01516,"bogota","Bus",NA,NA,"L3: IHD","AP",209137
"male","55-59","sc_bus_deaths_ap_IHD",-0.02366,"bogota","Bus",NA,NA,"L3: IHD","AP",187551
"male","60-64","sc_bus_deaths_ap_IHD",-0.02601,"bogota","Bus",NA,NA,"L3: IHD","AP",146500
"male","65-69","sc_bus_deaths_ap_IHD",-0.06356,"bogota","Bus",NA,NA,"L3: IHD","AP",105412
"female","15-19","sc_bus_deaths_ap_IHD",0,"bogota","Bus",NA,NA,"L3: IHD","AP",279280
"female","20-24","sc_bus_deaths_ap_IHD",0,"bogota","Bus",NA,NA,"L3: IHD","AP",360197
"female","25-29","sc_bus_deaths_ap_IHD",-0.00195,"bogota","Bus",NA,NA,"L3: IHD","AP",364423
"female","30-34","sc_bus_deaths_ap_IHD",-0.00193,"bogota","Bus",NA,NA,"L3: IHD","AP",330341
"female","35-39","sc_bus_deaths_ap_IHD",-0.00368,"bogota","Bus",NA,NA,"L3: IHD","AP",309304
"female","40-44","sc_bus_deaths_ap_IHD",-0.00647,"bogota","Bus",NA,NA,"L3: IHD","AP",275440
"female","45-49","sc_bus_deaths_ap_IHD",-0.01176,"bogota","Bus",NA,NA,"L3: IHD","AP",254843
"female","50-54","sc_bus_deaths_ap_IHD",-0.02552,"bogota","Bus",NA,NA,"L3: IHD","AP",256059
"female","55-59","sc_bus_deaths_ap_IHD",-0.04057,"bogota","Bus",NA,NA,"L3: IHD","AP",235548
"female","60-64","sc_bus_deaths_ap_IHD",-0.0536,"bogota","Bus",NA,NA,"L3: IHD","AP",189600
"female","65-69","sc_bus_deaths_ap_IHD",-0.06719,"bogota","Bus",NA,NA,"L3: IHD","AP",141409
"male","15-19","sc_cycle_deaths_ap_IHD_lb",0,"bogota","Cycling",NA,NA,"L3: IHD","AP",282736
"male","20-24","sc_cycle_deaths_ap_IHD_lb",0,"bogota","Cycling",NA,NA,"L3: IHD","AP",357934
"male","25-29","sc_cycle_deaths_ap_IHD_lb",0.00259,"bogota","Cycling",NA,NA,"L3: IHD","AP",360031
"male","30-34","sc_cycle_deaths_ap_IHD_lb",0.00157,"bogota","Cycling",NA,NA,"L3: IHD","AP",321492
"male","35-39","sc_cycle_deaths_ap_IHD_lb",0.00106,"bogota","Cycling",NA,NA,"L3: IHD","AP",289808
"male","40-44","sc_cycle_deaths_ap_IHD_lb",0.00229,"bogota","Cycling",NA,NA,"L3: IHD","AP",244543
"male","45-49","sc_cycle_deaths_ap_IHD_lb",-0.00362,"bogota","Cycling",NA,NA,"L3: IHD","AP",215491
"male","50-54","sc_cycle_deaths_ap_IHD_lb",0.01642,"bogota","Cycling",NA,NA,"L3: IHD","AP",209137
"male","55-59","sc_cycle_deaths_ap_IHD_lb",0.029,"bogota","Cycling",NA,NA,"L3: IHD","AP",187551
"male","60-64","sc_cycle_deaths_ap_IHD_lb",0.04382,"bogota","Cycling",NA,NA,"L3: IHD","AP",146500
"male","65-69","sc_cycle_deaths_ap_IHD_lb",0.04703,"bogota","Cycling",NA,NA,"L3: IHD","AP",105412
"female","15-19","sc_cycle_deaths_ap_IHD_lb",0,"bogota","Cycling",NA,NA,"L3: IHD","AP",279280
"female","20-24","sc_cycle_deaths_ap_IHD_lb",0,"bogota","Cycling",NA,NA,"L3: IHD","AP",360197
"female","25-29","sc_cycle_deaths_ap_IHD_lb",0.00007,"bogota","Cycling",NA,NA,"L3: IHD","AP",364423
"female","30-34","sc_cycle_deaths_ap_IHD_lb",-0.00207,"bogota","Cycling",NA,NA,"L3: IHD","AP",330341
"female","35-39","sc_cycle_deaths_ap_IHD_lb",-0.00193,"bogota","Cycling",NA,NA,"L3: IHD","AP",309304
"female","40-44","sc_cycle_deaths_ap_IHD_lb",-0.00099,"bogota","Cycling",NA,NA,"L3: IHD","AP",275440
"female","45-49","sc_cycle_deaths_ap_IHD_lb",0.00555,"bogota","Cycling",NA,NA,"L3: IHD","AP",254843
"female","50-54","sc_cycle_deaths_ap_IHD_lb",0.01639,"bogota","Cycling",NA,NA,"L3: IHD","AP",256059
"female","55-59","sc_cycle_deaths_ap_IHD_lb",0.0226,"bogota","Cycling",NA,NA,"L3: IHD","AP",235548
"female","60-64","sc_cycle_deaths_ap_IHD_lb",0.04245,"bogota","Cycling",NA,NA,"L3: IHD","AP",189600
"female","65-69","sc_cycle_deaths_ap_IHD_lb",0.04707,"bogota","Cycling",NA,NA,"L3: IHD","AP",141409
"male","15-19","sc_car_deaths_ap_IHD_lb",0,"bogota","Car",NA,NA,"L3: IHD","AP",282736
"male","20-24","sc_car_deaths_ap_IHD_lb",0,"bogota","Car",NA,NA,"L3: IHD","AP",357934
"male","25-29","sc_car_deaths_ap_IHD_lb",-0.02635,"bogota","Car",NA,NA,"L3: IHD","AP",360031
"male","30-34","sc_car_deaths_ap_IHD_lb",-0.0433,"bogota","Car",NA,NA,"L3: IHD","AP",321492
"male","35-39","sc_car_deaths_ap_IHD_lb",-0.06194,"bogota","Car",NA,NA,"L3: IHD","AP",289808
"male","40-44","sc_car_deaths_ap_IHD_lb",-0.07974,"bogota","Car",NA,NA,"L3: IHD","AP",244543
"male","45-49","sc_car_deaths_ap_IHD_lb",-0.12263,"bogota","Car",NA,NA,"L3: IHD","AP",215491
"male","50-54","sc_car_deaths_ap_IHD_lb",-0.19933,"bogota","Car",NA,NA,"L3: IHD","AP",209137
"male","55-59","sc_car_deaths_ap_IHD_lb",-0.28519,"bogota","Car",NA,NA,"L3: IHD","AP",187551
"male","60-64","sc_car_deaths_ap_IHD_lb",-0.36344,"bogota","Car",NA,NA,"L3: IHD","AP",146500
"male","65-69","sc_car_deaths_ap_IHD_lb",-0.3996,"bogota","Car",NA,NA,"L3: IHD","AP",105412
"female","15-19","sc_car_deaths_ap_IHD_lb",0,"bogota","Car",NA,NA,"L3: IHD","AP",279280
"female","20-24","sc_car_deaths_ap_IHD_lb",0,"bogota","Car",NA,NA,"L3: IHD","AP",360197
"female","25-29","sc_car_deaths_ap_IHD_lb",-0.01106,"bogota","Car",NA,NA,"L3: IHD","AP",364423
"female","30-34","sc_car_deaths_ap_IHD_lb",-0.01498,"bogota","Car",NA,NA,"L3: IHD","AP",330341
"female","35-39","sc_car_deaths_ap_IHD_lb",-0.02602,"bogota","Car",NA,NA,"L3: IHD","AP",309304
"female","40-44","sc_car_deaths_ap_IHD_lb",-0.04508,"bogota","Car",NA,NA,"L3: IHD","AP",275440
"female","45-49","sc_car_deaths_ap_IHD_lb",-0.07337,"bogota","Car",NA,NA,"L3: IHD","AP",254843
"female","50-54","sc_car_deaths_ap_IHD_lb",-0.12011,"bogota","Car",NA,NA,"L3: IHD","AP",256059
"female","55-59","sc_car_deaths_ap_IHD_lb",-0.1888,"bogota","Car",NA,NA,"L3: IHD","AP",235548
"female","60-64","sc_car_deaths_ap_IHD_lb",-0.25569,"bogota","Car",NA,NA,"L3: IHD","AP",189600
"female","65-69","sc_car_deaths_ap_IHD_lb",-0.29531,"bogota","Car",NA,NA,"L3: IHD","AP",141409
"male","15-19","sc_bus_deaths_ap_IHD_lb",0,"bogota","Bus",NA,NA,"L3: IHD","AP",282736
"male","20-24","sc_bus_deaths_ap_IHD_lb",0,"bogota","Bus",NA,NA,"L3: IHD","AP",357934
"male","25-29","sc_bus_deaths_ap_IHD_lb",-0.00195,"bogota","Bus",NA,NA,"L3: IHD","AP",360031
"male","30-34","sc_bus_deaths_ap_IHD_lb",-0.00091,"bogota","Bus",NA,NA,"L3: IHD","AP",321492
"male","35-39","sc_bus_deaths_ap_IHD_lb",-0.00148,"bogota","Bus",NA,NA,"L3: IHD","AP",289808
"male","40-44","sc_bus_deaths_ap_IHD_lb",-0.00011,"bogota","Bus",NA,NA,"L3: IHD","AP",244543
"male","45-49","sc_bus_deaths_ap_IHD_lb",-0.00461,"bogota","Bus",NA,NA,"L3: IHD","AP",215491
"male","50-54","sc_bus_deaths_ap_IHD_lb",-0.01516,"bogota","Bus",NA,NA,"L3: IHD","AP",209137
"male","55-59","sc_bus_deaths_ap_IHD_lb",-0.02366,"bogota","Bus",NA,NA,"L3: IHD","AP",187551
"male","60-64","sc_bus_deaths_ap_IHD_lb",-0.02601,"bogota","Bus",NA,NA,"L3: IHD","AP",146500
"male","65-69","sc_bus_deaths_ap_IHD_lb",-0.06356,"bogota","Bus",NA,NA,"L3: IHD","AP",105412
"female","15-19","sc_bus_deaths_ap_IHD_lb",0,"bogota","Bus",NA,NA,"L3: IHD","AP",279280
"female","20-24","sc_bus_deaths_ap_IHD_lb",0,"bogota","Bus",NA,NA,"L3: IHD","AP",360197
"female","25-29","sc_bus_deaths_ap_IHD_lb",-0.00195,"bogota","Bus",NA,NA,"L3: IHD","AP",364423
"female","30-34","sc_bus_deaths_ap_IHD_lb",-0.00193,"bogota","Bus",NA,NA,"L3: IHD","AP",330341
"female","35-39","sc_bus_deaths_ap_IHD_lb",-0.00368,"bogota","Bus",NA,NA,"L3: IHD","AP",309304
"female","40-44","sc_bus_deaths_ap_IHD_lb",-0.00647,"bogota","Bus",NA,NA,"L3: IHD","AP",275440
"female","45-49","sc_bus_deaths_ap_IHD_lb",-0.01176,"bogota","Bus",NA,NA,"L3: IHD","AP",254843
"female","50-54","sc_bus_deaths_ap_IHD_lb",-0.02552,"bogota","Bus",NA,NA,"L3: IHD","AP",256059
"female","55-59","sc_bus_deaths_ap_IHD_lb",-0.04057,"bogota","Bus",NA,NA,"L3: IHD","AP",235548
"female","60-64","sc_bus_deaths_ap_IHD_lb",-0.0536,"bogota","Bus",NA,NA,"L3: IHD","AP",189600
"female","65-69","sc_bus_deaths_ap_IHD_lb",-0.06719,"bogota","Bus",NA,NA,"L3: IHD","AP",141409
"male","15-19","sc_cycle_deaths_ap_IHD_ub",0,"bogota","Cycling",NA,NA,"L3: IHD","AP",282736
"male","20-24","sc_cycle_deaths_ap_IHD_ub",0,"bogota","Cycling",NA,NA,"L3: IHD","AP",357934
"male","25-29","sc_cycle_deaths_ap_IHD_ub",0.00259,"bogota","Cycling",NA,NA,"L3: IHD","AP",360031
"male","30-34","sc_cycle_deaths_ap_IHD_ub",0.00157,"bogota","Cycling",NA,NA,"L3: IHD","AP",321492
"male","35-39","sc_cycle_deaths_ap_IHD_ub",0.00106,"bogota","Cycling",NA,NA,"L3: IHD","AP",289808
"male","40-44","sc_cycle_deaths_ap_IHD_ub",0.00229,"bogota","Cycling",NA,NA,"L3: IHD","AP",244543
"male","45-49","sc_cycle_deaths_ap_IHD_ub",-0.00362,"bogota","Cycling",NA,NA,"L3: IHD","AP",215491
"male","50-54","sc_cycle_deaths_ap_IHD_ub",0.01642,"bogota","Cycling",NA,NA,"L3: IHD","AP",209137
"male","55-59","sc_cycle_deaths_ap_IHD_ub",0.029,"bogota","Cycling",NA,NA,"L3: IHD","AP",187551
"male","60-64","sc_cycle_deaths_ap_IHD_ub",0.04382,"bogota","Cycling",NA,NA,"L3: IHD","AP",146500
"male","65-69","sc_cycle_deaths_ap_IHD_ub",0.04703,"bogota","Cycling",NA,NA,"L3: IHD","AP",105412
"female","15-19","sc_cycle_deaths_ap_IHD_ub",0,"bogota","Cycling",NA,NA,"L3: IHD","AP",279280
"female","20-24","sc_cycle_deaths_ap_IHD_ub",0,"bogota","Cycling",NA,NA,"L3: IHD","AP",360197
"female","25-29","sc_cycle_deaths_ap_IHD_ub",0.00007,"bogota","Cycling",NA,NA,"L3: IHD","AP",364423
"female","30-34","sc_cycle_deaths_ap_IHD_ub",-0.00207,"bogota","Cycling",NA,NA,"L3: IHD","AP",330341
"female","35-39","sc_cycle_deaths_ap_IHD_ub",-0.00193,"bogota","Cycling",NA,NA,"L3: IHD","AP",309304
"female","40-44","sc_cycle_deaths_ap_IHD_ub",-0.00099,"bogota","Cycling",NA,NA,"L3: IHD","AP",275440
"female","45-49","sc_cycle_deaths_ap_IHD_ub",0.00555,"bogota","Cycling",NA,NA,"L3: IHD","AP",254843
"female","50-54","sc_cycle_deaths_ap_IHD_ub",0.01639,"bogota","Cycling",NA,NA,"L3: IHD","AP",256059
"female","55-59","sc_cycle_deaths_ap_IHD_ub",0.0226,"bogota","Cycling",NA,NA,"L3: IHD","AP",235548
"female","60-64","sc_cycle_deaths_ap_IHD_ub",0.04245,"bogota","Cycling",NA,NA,"L3: IHD","AP",189600
"female","65-69","sc_cycle_deaths_ap_IHD_ub",0.04707,"bogota","Cycling",NA,NA,"L3: IHD","AP",141409
"male","15-19","sc_car_deaths_ap_IHD_ub",0,"bogota","Car",NA,NA,"L3: IHD","AP",282736
"male","20-24","sc_car_deaths_ap_IHD_ub",0,"bogota","Car",NA,NA,"L3: IHD","AP",357934
"male","25-29","sc_car_deaths_ap_IHD_ub",-0.02635,"bogota","Car",NA,NA,"L3: IHD","AP",360031
"male","30-34","sc_car_deaths_ap_IHD_ub",-0.0433,"bogota","Car",NA,NA,"L3: IHD","AP",321492
"male","35-39","sc_car_deaths_ap_IHD_ub",-0.06194,"bogota","Car",NA,NA,"L3: IHD","AP",289808
"male","40-44","sc_car_deaths_ap_IHD_ub",-0.07974,"bogota","Car",NA,NA,"L3: IHD","AP",244543
"male","45-49","sc_car_deaths_ap_IHD_ub",-0.12263,"bogota","Car",NA,NA,"L3: IHD","AP",215491
"male","50-54","sc_car_deaths_ap_IHD_ub",-0.19933,"bogota","Car",NA,NA,"L3: IHD","AP",209137
"male","55-59","sc_car_deaths_ap_IHD_ub",-0.28519,"bogota","Car",NA,NA,"L3: IHD","AP",187551
"male","60-64","sc_car_deaths_ap_IHD_ub",-0.36344,"bogota","Car",NA,NA,"L3: IHD","AP",146500
"male","65-69","sc_car_deaths_ap_IHD_ub",-0.3996,"bogota","Car",NA,NA,"L3: IHD","AP",105412
"female","15-19","sc_car_deaths_ap_IHD_ub",0,"bogota","Car",NA,NA,"L3: IHD","AP",279280
"female","20-24","sc_car_deaths_ap_IHD_ub",0,"bogota","Car",NA,NA,"L3: IHD","AP",360197
"female","25-29","sc_car_deaths_ap_IHD_ub",-0.01106,"bogota","Car",NA,NA,"L3: IHD","AP",364423
"female","30-34","sc_car_deaths_ap_IHD_ub",-0.01498,"bogota","Car",NA,NA,"L3: IHD","AP",330341
"female","35-39","sc_car_deaths_ap_IHD_ub",-0.02602,"bogota","Car",NA,NA,"L3: IHD","AP",309304
"female","40-44","sc_car_deaths_ap_IHD_ub",-0.04508,"bogota","Car",NA,NA,"L3: IHD","AP",275440
"female","45-49","sc_car_deaths_ap_IHD_ub",-0.07337,"bogota","Car",NA,NA,"L3: IHD","AP",254843
"female","50-54","sc_car_deaths_ap_IHD_ub",-0.12011,"bogota","Car",NA,NA,"L3: IHD","AP",256059
"female","55-59","sc_car_deaths_ap_IHD_ub",-0.1888,"bogota","Car",NA,NA,"L3: IHD","AP",235548
"female","60-64","sc_car_deaths_ap_IHD_ub",-0.25569,"bogota","Car",NA,NA,"L3: IHD","AP",189600
"female","65-69","sc_car_deaths_ap_IHD_ub",-0.29531,"bogota","Car",NA,NA,"L3: IHD","AP",141409
"male","15-19","sc_bus_deaths_ap_IHD_ub",0,"bogota","Bus",NA,NA,"L3: IHD","AP",282736
"male","20-24","sc_bus_deaths_ap_IHD_ub",0,"bogota","Bus",NA,NA,"L3: IHD","AP",357934
"male","25-29","sc_bus_deaths_ap_IHD_ub",-0.00195,"bogota","Bus",NA,NA,"L3: IHD","AP",360031
"male","30-34","sc_bus_deaths_ap_IHD_ub",-0.00091,"bogota","Bus",NA,NA,"L3: IHD","AP",321492
"male","35-39","sc_bus_deaths_ap_IHD_ub",-0.00148,"bogota","Bus",NA,NA,"L3: IHD","AP",289808
"male","40-44","sc_bus_deaths_ap_IHD_ub",-0.00011,"bogota","Bus",NA,NA,"L3: IHD","AP",244543
"male","45-49","sc_bus_deaths_ap_IHD_ub",-0.00461,"bogota","Bus",NA,NA,"L3: IHD","AP",215491
"male","50-54","sc_bus_deaths_ap_IHD_ub",-0.01516,"bogota","Bus",NA,NA,"L3: IHD","AP",209137
"male","55-59","sc_bus_deaths_ap_IHD_ub",-0.02366,"bogota","Bus",NA,NA,"L3: IHD","AP",187551
"male","60-64","sc_bus_deaths_ap_IHD_ub",-0.02601,"bogota","Bus",NA,NA,"L3: IHD","AP",146500
"male","65-69","sc_bus_deaths_ap_IHD_ub",-0.06356,"bogota","Bus",NA,NA,"L3: IHD","AP",105412
"female","15-19","sc_bus_deaths_ap_IHD_ub",0,"bogota","Bus",NA,NA,"L3: IHD","AP",279280
"female","20-24","sc_bus_deaths_ap_IHD_ub",0,"bogota","Bus",NA,NA,"L3: IHD","AP",360197
"female","25-29","sc_bus_deaths_ap_IHD_ub",-0.00195,"bogota","Bus",NA,NA,"L3: IHD","AP",364423
"female","30-34","sc_bus_deaths_ap_IHD_ub",-0.00193,"bogota","Bus",NA,NA,"L3: IHD","AP",330341
"female","35-39","sc_bus_deaths_ap_IHD_ub",-0.00368,"bogota","Bus",NA,NA,"L3: IHD","AP",309304
"female","40-44","sc_bus_deaths_ap_IHD_ub",-0.00647,"bogota","Bus",NA,NA,"L3: IHD","AP",275440
"female","45-49","sc_bus_deaths_ap_IHD_ub",-0.01176,"bogota","Bus",NA,NA,"L3: IHD","AP",254843
"female","50-54","sc_bus_deaths_ap_IHD_ub",-0.02552,"bogota","Bus",NA,NA,"L3: IHD","AP",256059
"female","55-59","sc_bus_deaths_ap_IHD_ub",-0.04057,"bogota","Bus",NA,NA,"L3: IHD","AP",235548
"female","60-64","sc_bus_deaths_ap_IHD_ub",-0.0536,"bogota","Bus",NA,NA,"L3: IHD","AP",189600
"female","65-69","sc_bus_deaths_ap_IHD_ub",-0.06719,"bogota","Bus",NA,NA,"L3: IHD","AP",141409
"male","15-19","sc_cycle_deaths_pa_total_cancer",0.02349,"bogota","Cycling",NA,"L2: Cancer",NA,"PA",282736
"male","20-24","sc_cycle_deaths_pa_total_cancer",0.05525,"bogota","Cycling",NA,"L2: Cancer",NA,"PA",357934
"male","25-29","sc_cycle_deaths_pa_total_cancer",0.07517,"bogota","Cycling",NA,"L2: Cancer",NA,"PA",360031
"male","30-34","sc_cycle_deaths_pa_total_cancer",0.21501,"bogota","Cycling",NA,"L2: Cancer",NA,"PA",321492
"male","35-39","sc_cycle_deaths_pa_total_cancer",0.25907,"bogota","Cycling",NA,"L2: Cancer",NA,"PA",289808
"male","40-44","sc_cycle_deaths_pa_total_cancer",0.33422,"bogota","Cycling",NA,"L2: Cancer",NA,"PA",244543
"male","45-49","sc_cycle_deaths_pa_total_cancer",0.47043,"bogota","Cycling",NA,"L2: Cancer",NA,"PA",215491
"male","50-54","sc_cycle_deaths_pa_total_cancer",0.6822,"bogota","Cycling",NA,"L2: Cancer",NA,"PA",209137
"male","55-59","sc_cycle_deaths_pa_total_cancer",1.03015,"bogota","Cycling",NA,"L2: Cancer",NA,"PA",187551
"male","60-64","sc_cycle_deaths_pa_total_cancer",1.25243,"bogota","Cycling",NA,"L2: Cancer",NA,"PA",146500
"male","65-69","sc_cycle_deaths_pa_total_cancer",1.70806,"bogota","Cycling",NA,"L2: Cancer",NA,"PA",105412
"female","15-19","sc_cycle_deaths_pa_total_cancer",0.01835,"bogota","Cycling",NA,"L2: Cancer",NA,"PA",279280
"female","20-24","sc_cycle_deaths_pa_total_cancer",0.04464,"bogota","Cycling",NA,"L2: Cancer",NA,"PA",360197
"female","25-29","sc_cycle_deaths_pa_total_cancer",0.09983,"bogota","Cycling",NA,"L2: Cancer",NA,"PA",364423
"female","30-34","sc_cycle_deaths_pa_total_cancer",0.33253,"bogota","Cycling",NA,"L2: Cancer",NA,"PA",330341
"female","35-39","sc_cycle_deaths_pa_total_cancer",0.51581,"bogota","Cycling",NA,"L2: Cancer",NA,"PA",309304
"female","40-44","sc_cycle_deaths_pa_total_cancer",0.64376,"bogota","Cycling",NA,"L2: Cancer",NA,"PA",275440
"female","45-49","sc_cycle_deaths_pa_total_cancer",0.99002,"bogota","Cycling",NA,"L2: Cancer",NA,"PA",254843
"female","50-54","sc_cycle_deaths_pa_total_cancer",1.26417,"bogota","Cycling",NA,"L2: Cancer",NA,"PA",256059
"female","55-59","sc_cycle_deaths_pa_total_cancer",1.85923,"bogota","Cycling",NA,"L2: Cancer",NA,"PA",235548
"female","60-64","sc_cycle_deaths_pa_total_cancer",1.79482,"bogota","Cycling",NA,"L2: Cancer",NA,"PA",189600
"female","65-69","sc_cycle_deaths_pa_total_cancer",2.32467,"bogota","Cycling",NA,"L2: Cancer",NA,"PA",141409
"male","15-19","sc_car_deaths_pa_total_cancer",-0.02266,"bogota","Car",NA,"L2: Cancer",NA,"PA",282736
"male","20-24","sc_car_deaths_pa_total_cancer",-0.03894,"bogota","Car",NA,"L2: Cancer",NA,"PA",357934
"male","25-29","sc_car_deaths_pa_total_cancer",-0.03884,"bogota","Car",NA,"L2: Cancer",NA,"PA",360031
"male","30-34","sc_car_deaths_pa_total_cancer",-0.09941,"bogota","Car",NA,"L2: Cancer",NA,"PA",321492
"male","35-39","sc_car_deaths_pa_total_cancer",-0.14305,"bogota","Car",NA,"L2: Cancer",NA,"PA",289808
"male","40-44","sc_car_deaths_pa_total_cancer",-0.16652,"bogota","Car",NA,"L2: Cancer",NA,"PA",244543
"male","45-49","sc_car_deaths_pa_total_cancer",-0.23675,"bogota","Car",NA,"L2: Cancer",NA,"PA",215491
"male","50-54","sc_car_deaths_pa_total_cancer",-0.41564,"bogota","Car",NA,"L2: Cancer",NA,"PA",209137
"male","55-59","sc_car_deaths_pa_total_cancer",-0.65447,"bogota","Car",NA,"L2: Cancer",NA,"PA",187551
"male","60-64","sc_car_deaths_pa_total_cancer",-0.72272,"bogota","Car",NA,"L2: Cancer",NA,"PA",146500
"male","65-69","sc_car_deaths_pa_total_cancer",-0.92318,"bogota","Car",NA,"L2: Cancer",NA,"PA",105412
"female","15-19","sc_car_deaths_pa_total_cancer",-0.01011,"bogota","Car",NA,"L2: Cancer",NA,"PA",279280
"female","20-24","sc_car_deaths_pa_total_cancer",-0.01979,"bogota","Car",NA,"L2: Cancer",NA,"PA",360197
"female","25-29","sc_car_deaths_pa_total_cancer",-0.02441,"bogota","Car",NA,"L2: Cancer",NA,"PA",364423
"female","30-34","sc_car_deaths_pa_total_cancer",-0.11553,"bogota","Car",NA,"L2: Cancer",NA,"PA",330341
"female","35-39","sc_car_deaths_pa_total_cancer",-0.16521,"bogota","Car",NA,"L2: Cancer",NA,"PA",309304
"female","40-44","sc_car_deaths_pa_total_cancer",-0.27343,"bogota","Car",NA,"L2: Cancer",NA,"PA",275440
"female","45-49","sc_car_deaths_pa_total_cancer",-0.32748,"bogota","Car",NA,"L2: Cancer",NA,"PA",254843
"female","50-54","sc_car_deaths_pa_total_cancer",-0.33602,"bogota","Car",NA,"L2: Cancer",NA,"PA",256059
"female","55-59","sc_car_deaths_pa_total_cancer",-0.46824,"bogota","Car",NA,"L2: Cancer",NA,"PA",235548
"female","60-64","sc_car_deaths_pa_total_cancer",-0.54128,"bogota","Car",NA,"L2: Cancer",NA,"PA",189600
"female","65-69","sc_car_deaths_pa_total_cancer",-0.51185,"bogota","Car",NA,"L2: Cancer",NA,"PA",141409
"male","15-19","sc_bus_deaths_pa_total_cancer",-0.01003,"bogota","Bus",NA,"L2: Cancer",NA,"PA",282736
"male","20-24","sc_bus_deaths_pa_total_cancer",-0.00426,"bogota","Bus",NA,"L2: Cancer",NA,"PA",357934
"male","25-29","sc_bus_deaths_pa_total_cancer",-0.02733,"bogota","Bus",NA,"L2: Cancer",NA,"PA",360031
"male","30-34","sc_bus_deaths_pa_total_cancer",-0.01299,"bogota","Bus",NA,"L2: Cancer",NA,"PA",321492
"male","35-39","sc_bus_deaths_pa_total_cancer",-0.02177,"bogota","Bus",NA,"L2: Cancer",NA,"PA",289808
"male","40-44","sc_bus_deaths_pa_total_cancer",-0.03636,"bogota","Bus",NA,"L2: Cancer",NA,"PA",244543
"male","45-49","sc_bus_deaths_pa_total_cancer",-0.08356,"bogota","Bus",NA,"L2: Cancer",NA,"PA",215491
"male","50-54","sc_bus_deaths_pa_total_cancer",-0.19906,"bogota","Bus",NA,"L2: Cancer",NA,"PA",209137
"male","55-59","sc_bus_deaths_pa_total_cancer",-0.09899,"bogota","Bus",NA,"L2: Cancer",NA,"PA",187551
"male","60-64","sc_bus_deaths_pa_total_cancer",-0.39993,"bogota","Bus",NA,"L2: Cancer",NA,"PA",146500
"male","65-69","sc_bus_deaths_pa_total_cancer",-0.1043,"bogota","Bus",NA,"L2: Cancer",NA,"PA",105412
"female","15-19","sc_bus_deaths_pa_total_cancer",-0.00335,"bogota","Bus",NA,"L2: Cancer",NA,"PA",279280
"female","20-24","sc_bus_deaths_pa_total_cancer",0.00211,"bogota","Bus",NA,"L2: Cancer",NA,"PA",360197
"female","25-29","sc_bus_deaths_pa_total_cancer",0.00745,"bogota","Bus",NA,"L2: Cancer",NA,"PA",364423
"female","30-34","sc_bus_deaths_pa_total_cancer",-0.00037,"bogota","Bus",NA,"L2: Cancer",NA,"PA",330341
"female","35-39","sc_bus_deaths_pa_total_cancer",0.00306,"bogota","Bus",NA,"L2: Cancer",NA,"PA",309304
"female","40-44","sc_bus_deaths_pa_total_cancer",0.00054,"bogota","Bus",NA,"L2: Cancer",NA,"PA",275440
"female","45-49","sc_bus_deaths_pa_total_cancer",-0.02988,"bogota","Bus",NA,"L2: Cancer",NA,"PA",254843
"female","50-54","sc_bus_deaths_pa_total_cancer",0.09162,"bogota","Bus",NA,"L2: Cancer",NA,"PA",256059
"female","55-59","sc_bus_deaths_pa_total_cancer",0.22633,"bogota","Bus",NA,"L2: Cancer",NA,"PA",235548
"female","60-64","sc_bus_deaths_pa_total_cancer",0.271,"bogota","Bus",NA,"L2: Cancer",NA,"PA",189600
"female","65-69","sc_bus_deaths_pa_total_cancer",0.0862,"bogota","Bus",NA,"L2: Cancer",NA,"PA",141409
"male","15-19","sc_cycle_deaths_pa_total_cancer_lb",0.02986,"bogota","Cycling",NA,"L2: Cancer",NA,"PA",282736
"male","20-24","sc_cycle_deaths_pa_total_cancer_lb",0.07068,"bogota","Cycling",NA,"L2: Cancer",NA,"PA",357934
"male","25-29","sc_cycle_deaths_pa_total_cancer_lb",0.09762,"bogota","Cycling",NA,"L2: Cancer",NA,"PA",360031
"male","30-34","sc_cycle_deaths_pa_total_cancer_lb",0.27188,"bogota","Cycling",NA,"L2: Cancer",NA,"PA",321492
"male","35-39","sc_cycle_deaths_pa_total_cancer_lb",0.32956,"bogota","Cycling",NA,"L2: Cancer",NA,"PA",289808
"male","40-44","sc_cycle_deaths_pa_total_cancer_lb",0.41999,"bogota","Cycling",NA,"L2: Cancer",NA,"PA",244543
"male","45-49","sc_cycle_deaths_pa_total_cancer_lb",0.59369,"bogota","Cycling",NA,"L2: Cancer",NA,"PA",215491
"male","50-54","sc_cycle_deaths_pa_total_cancer_lb",0.85707,"bogota","Cycling",NA,"L2: Cancer",NA,"PA",209137
"male","55-59","sc_cycle_deaths_pa_total_cancer_lb",1.29955,"bogota","Cycling",NA,"L2: Cancer",NA,"PA",187551
"male","60-64","sc_cycle_deaths_pa_total_cancer_lb",1.584,"bogota","Cycling",NA,"L2: Cancer",NA,"PA",146500
"male","65-69","sc_cycle_deaths_pa_total_cancer_lb",2.14902,"bogota","Cycling",NA,"L2: Cancer",NA,"PA",105412
"female","15-19","sc_cycle_deaths_pa_total_cancer_lb",0.02343,"bogota","Cycling",NA,"L2: Cancer",NA,"PA",279280
"female","20-24","sc_cycle_deaths_pa_total_cancer_lb",0.05707,"bogota","Cycling",NA,"L2: Cancer",NA,"PA",360197
"female","25-29","sc_cycle_deaths_pa_total_cancer_lb",0.12569,"bogota","Cycling",NA,"L2: Cancer",NA,"PA",364423
"female","30-34","sc_cycle_deaths_pa_total_cancer_lb",0.41606,"bogota","Cycling",NA,"L2: Cancer",NA,"PA",330341
"female","35-39","sc_cycle_deaths_pa_total_cancer_lb",0.64975,"bogota","Cycling",NA,"L2: Cancer",NA,"PA",309304
"female","40-44","sc_cycle_deaths_pa_total_cancer_lb",0.80499,"bogota","Cycling",NA,"L2: Cancer",NA,"PA",275440
"female","45-49","sc_cycle_deaths_pa_total_cancer_lb",1.23978,"bogota","Cycling",NA,"L2: Cancer",NA,"PA",254843
"female","50-54","sc_cycle_deaths_pa_total_cancer_lb",1.59823,"bogota","Cycling",NA,"L2: Cancer",NA,"PA",256059
"female","55-59","sc_cycle_deaths_pa_total_cancer_lb",2.33301,"bogota","Cycling",NA,"L2: Cancer",NA,"PA",235548
"female","60-64","sc_cycle_deaths_pa_total_cancer_lb",2.24691,"bogota","Cycling",NA,"L2: Cancer",NA,"PA",189600
"female","65-69","sc_cycle_deaths_pa_total_cancer_lb",2.92061,"bogota","Cycling",NA,"L2: Cancer",NA,"PA",141409
"male","15-19","sc_car_deaths_pa_total_cancer_lb",-0.02958,"bogota","Car",NA,"L2: Cancer",NA,"PA",282736
"male","20-24","sc_car_deaths_pa_total_cancer_lb",-0.05053,"bogota","Car",NA,"L2: Cancer",NA,"PA",357934
"male","25-29","sc_car_deaths_pa_total_cancer_lb",-0.05086,"bogota","Car",NA,"L2: Cancer",NA,"PA",360031
"male","30-34","sc_car_deaths_pa_total_cancer_lb",-0.12818,"bogota","Car",NA,"L2: Cancer",NA,"PA",321492
"male","35-39","sc_car_deaths_pa_total_cancer_lb",-0.18343,"bogota","Car",NA,"L2: Cancer",NA,"PA",289808
"male","40-44","sc_car_deaths_pa_total_cancer_lb",-0.21294,"bogota","Car",NA,"L2: Cancer",NA,"PA",244543
"male","45-49","sc_car_deaths_pa_total_cancer_lb",-0.3005,"bogota","Car",NA,"L2: Cancer",NA,"PA",215491
"male","50-54","sc_car_deaths_pa_total_cancer_lb",-0.53107,"bogota","Car",NA,"L2: Cancer",NA,"PA",209137
"male","55-59","sc_car_deaths_pa_total_cancer_lb",-0.82783,"bogota","Car",NA,"L2: Cancer",NA,"PA",187551
"male","60-64","sc_car_deaths_pa_total_cancer_lb",-0.92248,"bogota","Car",NA,"L2: Cancer",NA,"PA",146500
"male","65-69","sc_car_deaths_pa_total_cancer_lb",-1.17934,"bogota","Car",NA,"L2: Cancer",NA,"PA",105412
"female","15-19","sc_car_deaths_pa_total_cancer_lb",-0.01316,"bogota","Car",NA,"L2: Cancer",NA,"PA",279280
"female","20-24","sc_car_deaths_pa_total_cancer_lb",-0.02568,"bogota","Car",NA,"L2: Cancer",NA,"PA",360197
"female","25-29","sc_car_deaths_pa_total_cancer_lb",-0.03041,"bogota","Car",NA,"L2: Cancer",NA,"PA",364423
"female","30-34","sc_car_deaths_pa_total_cancer_lb",-0.14825,"bogota","Car",NA,"L2: Cancer",NA,"PA",330341
"female","35-39","sc_car_deaths_pa_total_cancer_lb",-0.21286,"bogota","Car",NA,"L2: Cancer",NA,"PA",309304
"female","40-44","sc_car_deaths_pa_total_cancer_lb",-0.35213,"bogota","Car",NA,"L2: Cancer",NA,"PA",275440
"female","45-49","sc_car_deaths_pa_total_cancer_lb",-0.42271,"bogota","Car",NA,"L2: Cancer",NA,"PA",254843
"female","50-54","sc_car_deaths_pa_total_cancer_lb",-0.43508,"bogota","Car",NA,"L2: Cancer",NA,"PA",256059
"female","55-59","sc_car_deaths_pa_total_cancer_lb",-0.60698,"bogota","Car",NA,"L2: Cancer",NA,"PA",235548
"female","60-64","sc_car_deaths_pa_total_cancer_lb",-0.70413,"bogota","Car",NA,"L2: Cancer",NA,"PA",189600
"female","65-69","sc_car_deaths_pa_total_cancer_lb",-0.65677,"bogota","Car",NA,"L2: Cancer",NA,"PA",141409
"male","15-19","sc_bus_deaths_pa_total_cancer_lb",-0.01269,"bogota","Bus",NA,"L2: Cancer",NA,"PA",282736
"male","20-24","sc_bus_deaths_pa_total_cancer_lb",-0.00394,"bogota","Bus",NA,"L2: Cancer",NA,"PA",357934
"male","25-29","sc_bus_deaths_pa_total_cancer_lb",-0.03469,"bogota","Bus",NA,"L2: Cancer",NA,"PA",360031
"male","30-34","sc_bus_deaths_pa_total_cancer_lb",-0.0121,"bogota","Bus",NA,"L2: Cancer",NA,"PA",321492
"male","35-39","sc_bus_deaths_pa_total_cancer_lb",-0.02165,"bogota","Bus",NA,"L2: Cancer",NA,"PA",289808
"male","40-44","sc_bus_deaths_pa_total_cancer_lb",-0.03922,"bogota","Bus",NA,"L2: Cancer",NA,"PA",244543
"male","45-49","sc_bus_deaths_pa_total_cancer_lb",-0.09655,"bogota","Bus",NA,"L2: Cancer",NA,"PA",215491
"male","50-54","sc_bus_deaths_pa_total_cancer_lb",-0.24341,"bogota","Bus",NA,"L2: Cancer",NA,"PA",209137
"male","55-59","sc_bus_deaths_pa_total_cancer_lb",-0.10341,"bogota","Bus",NA,"L2: Cancer",NA,"PA",187551
"male","60-64","sc_bus_deaths_pa_total_cancer_lb",-0.48762,"bogota","Bus",NA,"L2: Cancer",NA,"PA",146500
"male","65-69","sc_bus_deaths_pa_total_cancer_lb",-0.10875,"bogota","Bus",NA,"L2: Cancer",NA,"PA",105412
"female","15-19","sc_bus_deaths_pa_total_cancer_lb",-0.00427,"bogota","Bus",NA,"L2: Cancer",NA,"PA",279280
"female","20-24","sc_bus_deaths_pa_total_cancer_lb",0.0028,"bogota","Bus",NA,"L2: Cancer",NA,"PA",360197
"female","25-29","sc_bus_deaths_pa_total_cancer_lb",0.00985,"bogota","Bus",NA,"L2: Cancer",NA,"PA",364423
"female","30-34","sc_bus_deaths_pa_total_cancer_lb",0.00248,"bogota","Bus",NA,"L2: Cancer",NA,"PA",330341
"female","35-39","sc_bus_deaths_pa_total_cancer_lb",0.00959,"bogota","Bus",NA,"L2: Cancer",NA,"PA",309304
"female","40-44","sc_bus_deaths_pa_total_cancer_lb",0.00816,"bogota","Bus",NA,"L2: Cancer",NA,"PA",275440
"female","45-49","sc_bus_deaths_pa_total_cancer_lb",-0.028,"bogota","Bus",NA,"L2: Cancer",NA,"PA",254843
"female","50-54","sc_bus_deaths_pa_total_cancer_lb",0.12097,"bogota","Bus",NA,"L2: Cancer",NA,"PA",256059
"female","55-59","sc_bus_deaths_pa_total_cancer_lb",0.30079,"bogota","Bus",NA,"L2: Cancer",NA,"PA",235548
"female","60-64","sc_bus_deaths_pa_total_cancer_lb",0.35674,"bogota","Bus",NA,"L2: Cancer",NA,"PA",189600
"female","65-69","sc_bus_deaths_pa_total_cancer_lb",0.11722,"bogota","Bus",NA,"L2: Cancer",NA,"PA",141409
"male","15-19","sc_cycle_deaths_pa_total_cancer_ub",0.01724,"bogota","Cycling",NA,"L2: Cancer",NA,"PA",282736
"male","20-24","sc_cycle_deaths_pa_total_cancer_ub",0.04014,"bogota","Cycling",NA,"L2: Cancer",NA,"PA",357934
"male","25-29","sc_cycle_deaths_pa_total_cancer_ub",0.05321,"bogota","Cycling",NA,"L2: Cancer",NA,"PA",360031
"male","30-34","sc_cycle_deaths_pa_total_cancer_ub",0.15782,"bogota","Cycling",NA,"L2: Cancer",NA,"PA",321492
"male","35-39","sc_cycle_deaths_pa_total_cancer_ub",0.18839,"bogota","Cycling",NA,"L2: Cancer",NA,"PA",289808
"male","40-44","sc_cycle_deaths_pa_total_cancer_ub",0.24819,"bogota","Cycling",NA,"L2: Cancer",NA,"PA",244543
"male","45-49","sc_cycle_deaths_pa_total_cancer_ub",0.34671,"bogota","Cycling",NA,"L2: Cancer",NA,"PA",215491
"male","50-54","sc_cycle_deaths_pa_total_cancer_ub",0.50601,"bogota","Cycling",NA,"L2: Cancer",NA,"PA",209137
"male","55-59","sc_cycle_deaths_pa_total_cancer_ub",0.76054,"bogota","Cycling",NA,"L2: Cancer",NA,"PA",187551
"male","60-64","sc_cycle_deaths_pa_total_cancer_ub",0.9195,"bogota","Cycling",NA,"L2: Cancer",NA,"PA",146500
"male","65-69","sc_cycle_deaths_pa_total_cancer_ub",1.26397,"bogota","Cycling",NA,"L2: Cancer",NA,"PA",105412
"female","15-19","sc_cycle_deaths_pa_total_cancer_ub",0.0134,"bogota","Cycling",NA,"L2: Cancer",NA,"PA",279280
"female","20-24","sc_cycle_deaths_pa_total_cancer_ub",0.03245,"bogota","Cycling",NA,"L2: Cancer",NA,"PA",360197
"female","25-29","sc_cycle_deaths_pa_total_cancer_ub",0.07452,"bogota","Cycling",NA,"L2: Cancer",NA,"PA",364423
"female","30-34","sc_cycle_deaths_pa_total_cancer_ub",0.24825,"bogota","Cycling",NA,"L2: Cancer",NA,"PA",330341
"female","35-39","sc_cycle_deaths_pa_total_cancer_ub",0.38092,"bogota","Cycling",NA,"L2: Cancer",NA,"PA",309304
"female","40-44","sc_cycle_deaths_pa_total_cancer_ub",0.48096,"bogota","Cycling",NA,"L2: Cancer",NA,"PA",275440
"female","45-49","sc_cycle_deaths_pa_total_cancer_ub",0.73839,"bogota","Cycling",NA,"L2: Cancer",NA,"PA",254843
"female","50-54","sc_cycle_deaths_pa_total_cancer_ub",0.92718,"bogota","Cycling",NA,"L2: Cancer",NA,"PA",256059
"female","55-59","sc_cycle_deaths_pa_total_cancer_ub",1.38143,"bogota","Cycling",NA,"L2: Cancer",NA,"PA",235548
"female","60-64","sc_cycle_deaths_pa_total_cancer_ub",1.33653,"bogota","Cycling",NA,"L2: Cancer",NA,"PA",189600
"female","65-69","sc_cycle_deaths_pa_total_cancer_ub",1.72244,"bogota","Cycling",NA,"L2: Cancer",NA,"PA",141409
"male","15-19","sc_car_deaths_pa_total_cancer_ub",-0.01592,"bogota","Car",NA,"L2: Cancer",NA,"PA",282736
"male","20-24","sc_car_deaths_pa_total_cancer_ub",-0.02766,"bogota","Car",NA,"L2: Cancer",NA,"PA",357934
"male","25-29","sc_car_deaths_pa_total_cancer_ub",-0.02722,"bogota","Car",NA,"L2: Cancer",NA,"PA",360031
"male","30-34","sc_car_deaths_pa_total_cancer_ub",-0.07071,"bogota","Car",NA,"L2: Cancer",NA,"PA",321492
"male","35-39","sc_car_deaths_pa_total_cancer_ub",-0.10272,"bogota","Car",NA,"L2: Cancer",NA,"PA",289808
"male","40-44","sc_car_deaths_pa_total_cancer_ub",-0.12033,"bogota","Car",NA,"L2: Cancer",NA,"PA",244543
"male","45-49","sc_car_deaths_pa_total_cancer_ub",-0.17299,"bogota","Car",NA,"L2: Cancer",NA,"PA",215491
"male","50-54","sc_car_deaths_pa_total_cancer_ub",-0.30004,"bogota","Car",NA,"L2: Cancer",NA,"PA",209137
"male","55-59","sc_car_deaths_pa_total_cancer_ub",-0.48141,"bogota","Car",NA,"L2: Cancer",NA,"PA",187551
"male","60-64","sc_car_deaths_pa_total_cancer_ub",-0.52441,"bogota","Car",NA,"L2: Cancer",NA,"PA",146500
"male","65-69","sc_car_deaths_pa_total_cancer_ub",-0.66627,"bogota","Car",NA,"L2: Cancer",NA,"PA",105412
"female","15-19","sc_car_deaths_pa_total_cancer_ub",-0.00718,"bogota","Car",NA,"L2: Cancer",NA,"PA",279280
"female","20-24","sc_car_deaths_pa_total_cancer_ub",-0.0141,"bogota","Car",NA,"L2: Cancer",NA,"PA",360197
"female","25-29","sc_car_deaths_pa_total_cancer_ub",-0.01867,"bogota","Car",NA,"L2: Cancer",NA,"PA",364423
"female","30-34","sc_car_deaths_pa_total_cancer_ub",-0.08301,"bogota","Car",NA,"L2: Cancer",NA,"PA",330341
"female","35-39","sc_car_deaths_pa_total_cancer_ub",-0.11797,"bogota","Car",NA,"L2: Cancer",NA,"PA",309304
"female","40-44","sc_car_deaths_pa_total_cancer_ub",-0.19531,"bogota","Car",NA,"L2: Cancer",NA,"PA",275440
"female","45-49","sc_car_deaths_pa_total_cancer_ub",-0.23327,"bogota","Car",NA,"L2: Cancer",NA,"PA",254843
"female","50-54","sc_car_deaths_pa_total_cancer_ub",-0.23777,"bogota","Car",NA,"L2: Cancer",NA,"PA",256059
"female","55-59","sc_car_deaths_pa_total_cancer_ub",-0.33104,"bogota","Car",NA,"L2: Cancer",NA,"PA",235548
"female","60-64","sc_car_deaths_pa_total_cancer_ub",-0.37937,"bogota","Car",NA,"L2: Cancer",NA,"PA",189600
"female","65-69","sc_car_deaths_pa_total_cancer_ub",-0.36804,"bogota","Car",NA,"L2: Cancer",NA,"PA",141409
"male","15-19","sc_bus_deaths_pa_total_cancer_ub",-0.0074,"bogota","Bus",NA,"L2: Cancer",NA,"PA",282736
"male","20-24","sc_bus_deaths_pa_total_cancer_ub",-0.00436,"bogota","Bus",NA,"L2: Cancer",NA,"PA",357934
"male","25-29","sc_bus_deaths_pa_total_cancer_ub",-0.01997,"bogota","Bus",NA,"L2: Cancer",NA,"PA",360031
"male","30-34","sc_bus_deaths_pa_total_cancer_ub",-0.01323,"bogota","Bus",NA,"L2: Cancer",NA,"PA",321492
"male","35-39","sc_bus_deaths_pa_total_cancer_ub",-0.02113,"bogota","Bus",NA,"L2: Cancer",NA,"PA",289808
"male","40-44","sc_bus_deaths_pa_total_cancer_ub",-0.03247,"bogota","Bus",NA,"L2: Cancer",NA,"PA",244543
"male","45-49","sc_bus_deaths_pa_total_cancer_ub",-0.06895,"bogota","Bus",NA,"L2: Cancer",NA,"PA",215491
"male","50-54","sc_bus_deaths_pa_total_cancer_ub",-0.15311,"bogota","Bus",NA,"L2: Cancer",NA,"PA",209137
"male","55-59","sc_bus_deaths_pa_total_cancer_ub",-0.09169,"bogota","Bus",NA,"L2: Cancer",NA,"PA",187551
"male","60-64","sc_bus_deaths_pa_total_cancer_ub",-0.30948,"bogota","Bus",NA,"L2: Cancer",NA,"PA",146500
"male","65-69","sc_bus_deaths_pa_total_cancer_ub",-0.09597,"bogota","Bus",NA,"L2: Cancer",NA,"PA",105412
"female","15-19","sc_bus_deaths_pa_total_cancer_ub",-0.00243,"bogota","Bus",NA,"L2: Cancer",NA,"PA",279280
"female","20-24","sc_bus_deaths_pa_total_cancer_ub",0.00149,"bogota","Bus",NA,"L2: Cancer",NA,"PA",360197
"female","25-29","sc_bus_deaths_pa_total_cancer_ub",0.00518,"bogota","Bus",NA,"L2: Cancer",NA,"PA",364423
"female","30-34","sc_bus_deaths_pa_total_cancer_ub",-0.00283,"bogota","Bus",NA,"L2: Cancer",NA,"PA",330341
"female","35-39","sc_bus_deaths_pa_total_cancer_ub",-0.00285,"bogota","Bus",NA,"L2: Cancer",NA,"PA",309304
"female","40-44","sc_bus_deaths_pa_total_cancer_ub",-0.00613,"bogota","Bus",NA,"L2: Cancer",NA,"PA",275440
"female","45-49","sc_bus_deaths_pa_total_cancer_ub",-0.03052,"bogota","Bus",NA,"L2: Cancer",NA,"PA",254843
"female","50-54","sc_bus_deaths_pa_total_cancer_ub",0.06319,"bogota","Bus",NA,"L2: Cancer",NA,"PA",256059
"female","55-59","sc_bus_deaths_pa_total_cancer_ub",0.15331,"bogota","Bus",NA,"L2: Cancer",NA,"PA",235548
"female","60-64","sc_bus_deaths_pa_total_cancer_ub",0.18653,"bogota","Bus",NA,"L2: Cancer",NA,"PA",189600
"female","65-69","sc_bus_deaths_pa_total_cancer_ub",0.05623,"bogota","Bus",NA,"L2: Cancer",NA,"PA",141409
"male","15-19","sc_cycle_deaths_pa_lung_cancer",0.00051,"bogota","Cycling",NA,NA,"L3: lung_cancer","PA",282736
"male","20-24","sc_cycle_deaths_pa_lung_cancer",0.00164,"bogota","Cycling",NA,NA,"L3: lung_cancer","PA",357934
"male","25-29","sc_cycle_deaths_pa_lung_cancer",0.00256,"bogota","Cycling",NA,NA,"L3: lung_cancer","PA",360031
"male","30-34","sc_cycle_deaths_pa_lung_cancer",0.0117,"bogota","Cycling",NA,NA,"L3: lung_cancer","PA",321492
"male","35-39","sc_cycle_deaths_pa_lung_cancer",0.01641,"bogota","Cycling",NA,NA,"L3: lung_cancer","PA",289808
"male","40-44","sc_cycle_deaths_pa_lung_cancer",0.02495,"bogota","Cycling",NA,NA,"L3: lung_cancer","PA",244543
"male","45-49","sc_cycle_deaths_pa_lung_cancer",0.04829,"bogota","Cycling",NA,NA,"L3: lung_cancer","PA",215491
"male","50-54","sc_cycle_deaths_pa_lung_cancer",0.08972,"bogota","Cycling",NA,NA,"L3: lung_cancer","PA",209137
"male","55-59","sc_cycle_deaths_pa_lung_cancer",0.1661,"bogota","Cycling",NA,NA,"L3: lung_cancer","PA",187551
"male","60-64","sc_cycle_deaths_pa_lung_cancer",0.22048,"bogota","Cycling",NA,NA,"L3: lung_cancer","PA",146500
"male","65-69","sc_cycle_deaths_pa_lung_cancer",0.30194,"bogota","Cycling",NA,NA,"L3: lung_cancer","PA",105412
"female","15-19","sc_cycle_deaths_pa_lung_cancer",0.00045,"bogota","Cycling",NA,NA,"L3: lung_cancer","PA",279280
"female","20-24","sc_cycle_deaths_pa_lung_cancer",0.00127,"bogota","Cycling",NA,NA,"L3: lung_cancer","PA",360197
"female","25-29","sc_cycle_deaths_pa_lung_cancer",0.00317,"bogota","Cycling",NA,NA,"L3: lung_cancer","PA",364423
"female","30-34","sc_cycle_deaths_pa_lung_cancer",0.01279,"bogota","Cycling",NA,NA,"L3: lung_cancer","PA",330341
"female","35-39","sc_cycle_deaths_pa_lung_cancer",0.02051,"bogota","Cycling",NA,NA,"L3: lung_cancer","PA",309304
"female","40-44","sc_cycle_deaths_pa_lung_cancer",0.03157,"bogota","Cycling",NA,NA,"L3: lung_cancer","PA",275440
"female","45-49","sc_cycle_deaths_pa_lung_cancer",0.06674,"bogota","Cycling",NA,NA,"L3: lung_cancer","PA",254843
"female","50-54","sc_cycle_deaths_pa_lung_cancer",0.10704,"bogota","Cycling",NA,NA,"L3: lung_cancer","PA",256059
"female","55-59","sc_cycle_deaths_pa_lung_cancer",0.18547,"bogota","Cycling",NA,NA,"L3: lung_cancer","PA",235548
"female","60-64","sc_cycle_deaths_pa_lung_cancer",0.22439,"bogota","Cycling",NA,NA,"L3: lung_cancer","PA",189600
"female","65-69","sc_cycle_deaths_pa_lung_cancer",0.32694,"bogota","Cycling",NA,NA,"L3: lung_cancer","PA",141409
"male","15-19","sc_car_deaths_pa_lung_cancer",-0.00048,"bogota","Car",NA,NA,"L3: lung_cancer","PA",282736
"male","20-24","sc_car_deaths_pa_lung_cancer",-0.00115,"bogota","Car",NA,NA,"L3: lung_cancer","PA",357934
"male","25-29","sc_car_deaths_pa_lung_cancer",-0.00133,"bogota","Car",NA,NA,"L3: lung_cancer","PA",360031
"male","30-34","sc_car_deaths_pa_lung_cancer",-0.00536,"bogota","Car",NA,NA,"L3: lung_cancer","PA",321492
"male","35-39","sc_car_deaths_pa_lung_cancer",-0.00903,"bogota","Car",NA,NA,"L3: lung_cancer","PA",289808
"male","40-44","sc_car_deaths_pa_lung_cancer",-0.01233,"bogota","Car",NA,NA,"L3: lung_cancer","PA",244543
"male","45-49","sc_car_deaths_pa_lung_cancer",-0.02426,"bogota","Car",NA,NA,"L3: lung_cancer","PA",215491
"male","50-54","sc_car_deaths_pa_lung_cancer",-0.05415,"bogota","Car",NA,NA,"L3: lung_cancer","PA",209137
"male","55-59","sc_car_deaths_pa_lung_cancer",-0.10554,"bogota","Car",NA,NA,"L3: lung_cancer","PA",187551
"male","60-64","sc_car_deaths_pa_lung_cancer",-0.12721,"bogota","Car",NA,NA,"L3: lung_cancer","PA",146500
"male","65-69","sc_car_deaths_pa_lung_cancer",-0.16186,"bogota","Car",NA,NA,"L3: lung_cancer","PA",105412
"female","15-19","sc_car_deaths_pa_lung_cancer",-0.00025,"bogota","Car",NA,NA,"L3: lung_cancer","PA",279280
"female","20-24","sc_car_deaths_pa_lung_cancer",-0.00056,"bogota","Car",NA,NA,"L3: lung_cancer","PA",360197
"female","25-29","sc_car_deaths_pa_lung_cancer",-0.00079,"bogota","Car",NA,NA,"L3: lung_cancer","PA",364423
"female","30-34","sc_car_deaths_pa_lung_cancer",-0.0044,"bogota","Car",NA,NA,"L3: lung_cancer","PA",330341
"female","35-39","sc_car_deaths_pa_lung_cancer",-0.00652,"bogota","Car",NA,NA,"L3: lung_cancer","PA",309304
"female","40-44","sc_car_deaths_pa_lung_cancer",-0.01326,"bogota","Car",NA,NA,"L3: lung_cancer","PA",275440
"female","45-49","sc_car_deaths_pa_lung_cancer",-0.02184,"bogota","Car",NA,NA,"L3: lung_cancer","PA",254843
"female","50-54","sc_car_deaths_pa_lung_cancer",-0.02828,"bogota","Car",NA,NA,"L3: lung_cancer","PA",256059
"female","55-59","sc_car_deaths_pa_lung_cancer",-0.04621,"bogota","Car",NA,NA,"L3: lung_cancer","PA",235548
"female","60-64","sc_car_deaths_pa_lung_cancer",-0.0666,"bogota","Car",NA,NA,"L3: lung_cancer","PA",189600
"female","65-69","sc_car_deaths_pa_lung_cancer",-0.0717,"bogota","Car",NA,NA,"L3: lung_cancer","PA",141409
"male","15-19","sc_bus_deaths_pa_lung_cancer",-0.00022,"bogota","Bus",NA,NA,"L3: lung_cancer","PA",282736
"male","20-24","sc_bus_deaths_pa_lung_cancer",-0.00014,"bogota","Bus",NA,NA,"L3: lung_cancer","PA",357934
"male","25-29","sc_bus_deaths_pa_lung_cancer",-0.00094,"bogota","Bus",NA,NA,"L3: lung_cancer","PA",360031
"male","30-34","sc_bus_deaths_pa_lung_cancer",-0.00077,"bogota","Bus",NA,NA,"L3: lung_cancer","PA",321492
"male","35-39","sc_bus_deaths_pa_lung_cancer",-0.0015,"bogota","Bus",NA,NA,"L3: lung_cancer","PA",289808
"male","40-44","sc_bus_deaths_pa_lung_cancer",-0.00283,"bogota","Bus",NA,NA,"L3: lung_cancer","PA",244543
"male","45-49","sc_bus_deaths_pa_lung_cancer",-0.00877,"bogota","Bus",NA,NA,"L3: lung_cancer","PA",215491
"male","50-54","sc_bus_deaths_pa_lung_cancer",-0.02635,"bogota","Bus",NA,NA,"L3: lung_cancer","PA",209137
"male","55-59","sc_bus_deaths_pa_lung_cancer",-0.01696,"bogota","Bus",NA,NA,"L3: lung_cancer","PA",187551
"male","60-64","sc_bus_deaths_pa_lung_cancer",-0.07135,"bogota","Bus",NA,NA,"L3: lung_cancer","PA",146500
"male","65-69","sc_bus_deaths_pa_lung_cancer",-0.0193,"bogota","Bus",NA,NA,"L3: lung_cancer","PA",105412
"female","15-19","sc_bus_deaths_pa_lung_cancer",-0.00008,"bogota","Bus",NA,NA,"L3: lung_cancer","PA",279280
"female","20-24","sc_bus_deaths_pa_lung_cancer",0.00006,"bogota","Bus",NA,NA,"L3: lung_cancer","PA",360197
"female","25-29","sc_bus_deaths_pa_lung_cancer",0.00023,"bogota","Bus",NA,NA,"L3: lung_cancer","PA",364423
"female","30-34","sc_bus_deaths_pa_lung_cancer",-0.00005,"bogota","Bus",NA,NA,"L3: lung_cancer","PA",330341
"female","35-39","sc_bus_deaths_pa_lung_cancer",0.00004,"bogota","Bus",NA,NA,"L3: lung_cancer","PA",309304
"female","40-44","sc_bus_deaths_pa_lung_cancer",-0.00008,"bogota","Bus",NA,NA,"L3: lung_cancer","PA",275440
"female","45-49","sc_bus_deaths_pa_lung_cancer",-0.0022,"bogota","Bus",NA,NA,"L3: lung_cancer","PA",254843
"female","50-54","sc_bus_deaths_pa_lung_cancer",0.00773,"bogota","Bus",NA,NA,"L3: lung_cancer","PA",256059
"female","55-59","sc_bus_deaths_pa_lung_cancer",0.02209,"bogota","Bus",NA,NA,"L3: lung_cancer","PA",235548
"female","60-64","sc_bus_deaths_pa_lung_cancer",0.03328,"bogota","Bus",NA,NA,"L3: lung_cancer","PA",189600
"female","65-69","sc_bus_deaths_pa_lung_cancer",0.01184,"bogota","Bus",NA,NA,"L3: lung_cancer","PA",141409
"male","15-19","sc_cycle_deaths_pa_lung_cancer_lb",0.00097,"bogota","Cycling",NA,NA,"L3: lung_cancer","PA",282736
"male","20-24","sc_cycle_deaths_pa_lung_cancer_lb",0.00316,"bogota","Cycling",NA,NA,"L3: lung_cancer","PA",357934
"male","25-29","sc_cycle_deaths_pa_lung_cancer_lb",0.00502,"bogota","Cycling",NA,NA,"L3: lung_cancer","PA",360031
"male","30-34","sc_cycle_deaths_pa_lung_cancer_lb",0.02155,"bogota","Cycling",NA,NA,"L3: lung_cancer","PA",321492
"male","35-39","sc_cycle_deaths_pa_lung_cancer_lb",0.03047,"bogota","Cycling",NA,NA,"L3: lung_cancer","PA",289808
"male","40-44","sc_cycle_deaths_pa_lung_cancer_lb",0.04567,"bogota","Cycling",NA,NA,"L3: lung_cancer","PA",244543
"male","45-49","sc_cycle_deaths_pa_lung_cancer_lb",0.08875,"bogota","Cycling",NA,NA,"L3: lung_cancer","PA",215491
"male","50-54","sc_cycle_deaths_pa_lung_cancer_lb",0.16368,"bogota","Cycling",NA,NA,"L3: lung_cancer","PA",209137
"male","55-59","sc_cycle_deaths_pa_lung_cancer_lb",0.30535,"bogota","Cycling",NA,NA,"L3: lung_cancer","PA",187551
"male","60-64","sc_cycle_deaths_pa_lung_cancer_lb",0.40563,"bogota","Cycling",NA,NA,"L3: lung_cancer","PA",146500
"male","65-69","sc_cycle_deaths_pa_lung_cancer_lb",0.55025,"bogota","Cycling",NA,NA,"L3: lung_cancer","PA",105412
"female","15-19","sc_cycle_deaths_pa_lung_cancer_lb",0.00086,"bogota","Cycling",NA,NA,"L3: lung_cancer","PA",279280
"female","20-24","sc_cycle_deaths_pa_lung_cancer_lb",0.00244,"bogota","Cycling",NA,NA,"L3: lung_cancer","PA",360197
"female","25-29","sc_cycle_deaths_pa_lung_cancer_lb",0.00597,"bogota","Cycling",NA,NA,"L3: lung_cancer","PA",364423
"female","30-34","sc_cycle_deaths_pa_lung_cancer_lb",0.02318,"bogota","Cycling",NA,NA,"L3: lung_cancer","PA",330341
"female","35-39","sc_cycle_deaths_pa_lung_cancer_lb",0.03751,"bogota","Cycling",NA,NA,"L3: lung_cancer","PA",309304
"female","40-44","sc_cycle_deaths_pa_lung_cancer_lb",0.0571,"bogota","Cycling",NA,NA,"L3: lung_cancer","PA",275440
"female","45-49","sc_cycle_deaths_pa_lung_cancer_lb",0.12109,"bogota","Cycling",NA,NA,"L3: lung_cancer","PA",254843
"female","50-54","sc_cycle_deaths_pa_lung_cancer_lb",0.19562,"bogota","Cycling",NA,NA,"L3: lung_cancer","PA",256059
"female","55-59","sc_cycle_deaths_pa_lung_cancer_lb",0.33636,"bogota","Cycling",NA,NA,"L3: lung_cancer","PA",235548
"female","60-64","sc_cycle_deaths_pa_lung_cancer_lb",0.40451,"bogota","Cycling",NA,NA,"L3: lung_cancer","PA",189600
"female","65-69","sc_cycle_deaths_pa_lung_cancer_lb",0.59267,"bogota","Cycling",NA,NA,"L3: lung_cancer","PA",141409
"male","15-19","sc_car_deaths_pa_lung_cancer_lb",-0.00096,"bogota","Car",NA,NA,"L3: lung_cancer","PA",282736
"male","20-24","sc_car_deaths_pa_lung_cancer_lb",-0.00226,"bogota","Car",NA,NA,"L3: lung_cancer","PA",357934
"male","25-29","sc_car_deaths_pa_lung_cancer_lb",-0.00264,"bogota","Car",NA,NA,"L3: lung_cancer","PA",360031
"male","30-34","sc_car_deaths_pa_lung_cancer_lb",-0.01014,"bogota","Car",NA,NA,"L3: lung_cancer","PA",321492
"male","35-39","sc_car_deaths_pa_lung_cancer_lb",-0.01697,"bogota","Car",NA,NA,"L3: lung_cancer","PA",289808
"male","40-44","sc_car_deaths_pa_lung_cancer_lb",-0.02314,"bogota","Car",NA,NA,"L3: lung_cancer","PA",244543
"male","45-49","sc_car_deaths_pa_lung_cancer_lb",-0.04497,"bogota","Car",NA,NA,"L3: lung_cancer","PA",215491
"male","50-54","sc_car_deaths_pa_lung_cancer_lb",-0.10107,"bogota","Car",NA,NA,"L3: lung_cancer","PA",209137
"male","55-59","sc_car_deaths_pa_lung_cancer_lb",-0.19502,"bogota","Car",NA,NA,"L3: lung_cancer","PA",187551
"male","60-64","sc_car_deaths_pa_lung_cancer_lb",-0.23815,"bogota","Car",NA,NA,"L3: lung_cancer","PA",146500
"male","65-69","sc_car_deaths_pa_lung_cancer_lb",-0.30113,"bogota","Car",NA,NA,"L3: lung_cancer","PA",105412
"female","15-19","sc_car_deaths_pa_lung_cancer_lb",-0.00049,"bogota","Car",NA,NA,"L3: lung_cancer","PA",279280
"female","20-24","sc_car_deaths_pa_lung_cancer_lb",-0.00111,"bogota","Car",NA,NA,"L3: lung_cancer","PA",360197
"female","25-29","sc_car_deaths_pa_lung_cancer_lb",-0.00148,"bogota","Car",NA,NA,"L3: lung_cancer","PA",364423
"female","30-34","sc_car_deaths_pa_lung_cancer_lb",-0.00828,"bogota","Car",NA,NA,"L3: lung_cancer","PA",330341
"female","35-39","sc_car_deaths_pa_lung_cancer_lb",-0.01236,"bogota","Car",NA,NA,"L3: lung_cancer","PA",309304
"female","40-44","sc_car_deaths_pa_lung_cancer_lb",-0.02505,"bogota","Car",NA,NA,"L3: lung_cancer","PA",275440
"female","45-49","sc_car_deaths_pa_lung_cancer_lb",-0.04151,"bogota","Car",NA,NA,"L3: lung_cancer","PA",254843
"female","50-54","sc_car_deaths_pa_lung_cancer_lb",-0.05372,"bogota","Car",NA,NA,"L3: lung_cancer","PA",256059
"female","55-59","sc_car_deaths_pa_lung_cancer_lb",-0.08811,"bogota","Car",NA,NA,"L3: lung_cancer","PA",235548
"female","60-64","sc_car_deaths_pa_lung_cancer_lb",-0.12702,"bogota","Car",NA,NA,"L3: lung_cancer","PA",189600
"female","65-69","sc_car_deaths_pa_lung_cancer_lb",-0.13466,"bogota","Car",NA,NA,"L3: lung_cancer","PA",141409
"male","15-19","sc_bus_deaths_pa_lung_cancer_lb",-0.00041,"bogota","Bus",NA,NA,"L3: lung_cancer","PA",282736
"male","20-24","sc_bus_deaths_pa_lung_cancer_lb",-0.00016,"bogota","Bus",NA,NA,"L3: lung_cancer","PA",357934
"male","25-29","sc_bus_deaths_pa_lung_cancer_lb",-0.00176,"bogota","Bus",NA,NA,"L3: lung_cancer","PA",360031
"male","30-34","sc_bus_deaths_pa_lung_cancer_lb",-0.00088,"bogota","Bus",NA,NA,"L3: lung_cancer","PA",321492
"male","35-39","sc_bus_deaths_pa_lung_cancer_lb",-0.00194,"bogota","Bus",NA,NA,"L3: lung_cancer","PA",289808
"male","40-44","sc_bus_deaths_pa_lung_cancer_lb",-0.00407,"bogota","Bus",NA,NA,"L3: lung_cancer","PA",244543
"male","45-49","sc_bus_deaths_pa_lung_cancer_lb",-0.01394,"bogota","Bus",NA,NA,"L3: lung_cancer","PA",215491
"male","50-54","sc_bus_deaths_pa_lung_cancer_lb",-0.04594,"bogota","Bus",NA,NA,"L3: lung_cancer","PA",209137
"male","55-59","sc_bus_deaths_pa_lung_cancer_lb",-0.02353,"bogota","Bus",NA,NA,"L3: lung_cancer","PA",187551
"male","60-64","sc_bus_deaths_pa_lung_cancer_lb",-0.12417,"bogota","Bus",NA,NA,"L3: lung_cancer","PA",146500
"male","65-69","sc_bus_deaths_pa_lung_cancer_lb",-0.0259,"bogota","Bus",NA,NA,"L3: lung_cancer","PA",105412
"female","15-19","sc_bus_deaths_pa_lung_cancer_lb",-0.00015,"bogota","Bus",NA,NA,"L3: lung_cancer","PA",279280
"female","20-24","sc_bus_deaths_pa_lung_cancer_lb",0.00013,"bogota","Bus",NA,NA,"L3: lung_cancer","PA",360197
"female","25-29","sc_bus_deaths_pa_lung_cancer_lb",0.00048,"bogota","Bus",NA,NA,"L3: lung_cancer","PA",364423
"female","30-34","sc_bus_deaths_pa_lung_cancer_lb",0.00017,"bogota","Bus",NA,NA,"L3: lung_cancer","PA",330341
"female","35-39","sc_bus_deaths_pa_lung_cancer_lb",0.00056,"bogota","Bus",NA,NA,"L3: lung_cancer","PA",309304
"female","40-44","sc_bus_deaths_pa_lung_cancer_lb",0.00066,"bogota","Bus",NA,NA,"L3: lung_cancer","PA",275440
"female","45-49","sc_bus_deaths_pa_lung_cancer_lb",-0.00262,"bogota","Bus",NA,NA,"L3: lung_cancer","PA",254843
"female","50-54","sc_bus_deaths_pa_lung_cancer_lb",0.01526,"bogota","Bus",NA,NA,"L3: lung_cancer","PA",256059
"female","55-59","sc_bus_deaths_pa_lung_cancer_lb",0.04367,"bogota","Bus",NA,NA,"L3: lung_cancer","PA",235548
"female","60-64","sc_bus_deaths_pa_lung_cancer_lb",0.06481,"bogota","Bus",NA,NA,"L3: lung_cancer","PA",189600
"female","65-69","sc_bus_deaths_pa_lung_cancer_lb",0.02433,"bogota","Bus",NA,NA,"L3: lung_cancer","PA",141409
"male","15-19","sc_cycle_deaths_pa_lung_cancer_ub",0.00008,"bogota","Cycling",NA,NA,"L3: lung_cancer","PA",282736
"male","20-24","sc_cycle_deaths_pa_lung_cancer_ub",0.00023,"bogota","Cycling",NA,NA,"L3: lung_cancer","PA",357934
"male","25-29","sc_cycle_deaths_pa_lung_cancer_ub",0.0003,"bogota","Cycling",NA,NA,"L3: lung_cancer","PA",360031
"male","30-34","sc_cycle_deaths_pa_lung_cancer_ub",0.00169,"bogota","Cycling",NA,NA,"L3: lung_cancer","PA",321492
"male","35-39","sc_cycle_deaths_pa_lung_cancer_ub",0.00225,"bogota","Cycling",NA,NA,"L3: lung_cancer","PA",289808
"male","40-44","sc_cycle_deaths_pa_lung_cancer_ub",0.00395,"bogota","Cycling",NA,NA,"L3: lung_cancer","PA",244543
"male","45-49","sc_cycle_deaths_pa_lung_cancer_ub",0.00731,"bogota","Cycling",NA,NA,"L3: lung_cancer","PA",215491
"male","50-54","sc_cycle_deaths_pa_lung_cancer_ub",0.01392,"bogota","Cycling",NA,NA,"L3: lung_cancer","PA",209137
"male","55-59","sc_cycle_deaths_pa_lung_cancer_ub",0.02581,"bogota","Cycling",NA,NA,"L3: lung_cancer","PA",187551
"male","60-64","sc_cycle_deaths_pa_lung_cancer_ub",0.03256,"bogota","Cycling",NA,NA,"L3: lung_cancer","PA",146500
"male","65-69","sc_cycle_deaths_pa_lung_cancer_ub",0.04705,"bogota","Cycling",NA,NA,"L3: lung_cancer","PA",105412
"female","15-19","sc_cycle_deaths_pa_lung_cancer_ub",0.00007,"bogota","Cycling",NA,NA,"L3: lung_cancer","PA",279280
"female","20-24","sc_cycle_deaths_pa_lung_cancer_ub",0.00018,"bogota","Cycling",NA,NA,"L3: lung_cancer","PA",360197
"female","25-29","sc_cycle_deaths_pa_lung_cancer_ub",0.00056,"bogota","Cycling",NA,NA,"L3: lung_cancer","PA",364423
"female","30-34","sc_cycle_deaths_pa_lung_cancer_ub",0.00209,"bogota","Cycling",NA,NA,"L3: lung_cancer","PA",330341
"female","35-39","sc_cycle_deaths_pa_lung_cancer_ub",0.00312,"bogota","Cycling",NA,NA,"L3: lung_cancer","PA",309304
"female","40-44","sc_cycle_deaths_pa_lung_cancer_ub",0.00515,"bogota","Cycling",NA,NA,"L3: lung_cancer","PA",275440
"female","45-49","sc_cycle_deaths_pa_lung_cancer_ub",0.01085,"bogota","Cycling",NA,NA,"L3: lung_cancer","PA",254843
"female","50-54","sc_cycle_deaths_pa_lung_cancer_ub",0.01579,"bogota","Cycling",NA,NA,"L3: lung_cancer","PA",256059
"female","55-59","sc_cycle_deaths_pa_lung_cancer_ub",0.02951,"bogota","Cycling",NA,NA,"L3: lung_cancer","PA",235548
"female","60-64","sc_cycle_deaths_pa_lung_cancer_ub",0.03541,"bogota","Cycling",NA,NA,"L3: lung_cancer","PA",189600
"female","65-69","sc_cycle_deaths_pa_lung_cancer_ub",0.0505,"bogota","Cycling",NA,NA,"L3: lung_cancer","PA",141409
"male","15-19","sc_car_deaths_pa_lung_cancer_ub",-0.00005,"bogota","Car",NA,NA,"L3: lung_cancer","PA",282736
"male","20-24","sc_car_deaths_pa_lung_cancer_ub",-0.00014,"bogota","Car",NA,NA,"L3: lung_cancer","PA",357934
"male","25-29","sc_car_deaths_pa_lung_cancer_ub",-0.00015,"bogota","Car",NA,NA,"L3: lung_cancer","PA",360031
"male","30-34","sc_car_deaths_pa_lung_cancer_ub",-0.00063,"bogota","Car",NA,NA,"L3: lung_cancer","PA",321492
"male","35-39","sc_car_deaths_pa_lung_cancer_ub",-0.00114,"bogota","Car",NA,NA,"L3: lung_cancer","PA",289808
"male","40-44","sc_car_deaths_pa_lung_cancer_ub",-0.00167,"bogota","Car",NA,NA,"L3: lung_cancer","PA",244543
"male","45-49","sc_car_deaths_pa_lung_cancer_ub",-0.00349,"bogota","Car",NA,NA,"L3: lung_cancer","PA",215491
"male","50-54","sc_car_deaths_pa_lung_cancer_ub",-0.0071,"bogota","Car",NA,NA,"L3: lung_cancer","PA",209137
"male","55-59","sc_car_deaths_pa_lung_cancer_ub",-0.01595,"bogota","Car",NA,NA,"L3: lung_cancer","PA",187551
"male","60-64","sc_car_deaths_pa_lung_cancer_ub",-0.01792,"bogota","Car",NA,NA,"L3: lung_cancer","PA",146500
"male","65-69","sc_car_deaths_pa_lung_cancer_ub",-0.02115,"bogota","Car",NA,NA,"L3: lung_cancer","PA",105412
"female","15-19","sc_car_deaths_pa_lung_cancer_ub",-0.00003,"bogota","Car",NA,NA,"L3: lung_cancer","PA",279280
"female","20-24","sc_car_deaths_pa_lung_cancer_ub",-0.00008,"bogota","Car",NA,NA,"L3: lung_cancer","PA",360197
"female","25-29","sc_car_deaths_pa_lung_cancer_ub",-0.00017,"bogota","Car",NA,NA,"L3: lung_cancer","PA",364423
"female","30-34","sc_car_deaths_pa_lung_cancer_ub",-0.00058,"bogota","Car",NA,NA,"L3: lung_cancer","PA",330341
"female","35-39","sc_car_deaths_pa_lung_cancer_ub",-0.00082,"bogota","Car",NA,NA,"L3: lung_cancer","PA",309304
"female","40-44","sc_car_deaths_pa_lung_cancer_ub",-0.00167,"bogota","Car",NA,NA,"L3: lung_cancer","PA",275440
"female","45-49","sc_car_deaths_pa_lung_cancer_ub",-0.0027,"bogota","Car",NA,NA,"L3: lung_cancer","PA",254843
"female","50-54","sc_car_deaths_pa_lung_cancer_ub",-0.00335,"bogota","Car",NA,NA,"L3: lung_cancer","PA",256059
"female","55-59","sc_car_deaths_pa_lung_cancer_ub",-0.00542,"bogota","Car",NA,NA,"L3: lung_cancer","PA",235548
"female","60-64","sc_car_deaths_pa_lung_cancer_ub",-0.00704,"bogota","Car",NA,NA,"L3: lung_cancer","PA",189600
"female","65-69","sc_car_deaths_pa_lung_cancer_ub",-0.00943,"bogota","Car",NA,NA,"L3: lung_cancer","PA",141409
"male","15-19","sc_bus_deaths_pa_lung_cancer_ub",-0.00003,"bogota","Bus",NA,NA,"L3: lung_cancer","PA",282736
"male","20-24","sc_bus_deaths_pa_lung_cancer_ub",-0.00006,"bogota","Bus",NA,NA,"L3: lung_cancer","PA",357934
"male","25-29","sc_bus_deaths_pa_lung_cancer_ub",-0.00013,"bogota","Bus",NA,NA,"L3: lung_cancer","PA",360031
"male","30-34","sc_bus_deaths_pa_lung_cancer_ub",-0.00033,"bogota","Bus",NA,NA,"L3: lung_cancer","PA",321492
"male","35-39","sc_bus_deaths_pa_lung_cancer_ub",-0.00059,"bogota","Bus",NA,NA,"L3: lung_cancer","PA",289808
"male","40-44","sc_bus_deaths_pa_lung_cancer_ub",-0.00087,"bogota","Bus",NA,NA,"L3: lung_cancer","PA",244543
"male","45-49","sc_bus_deaths_pa_lung_cancer_ub",-0.00207,"bogota","Bus",NA,NA,"L3: lung_cancer","PA",215491
"male","50-54","sc_bus_deaths_pa_lung_cancer_ub",-0.0048,"bogota","Bus",NA,NA,"L3: lung_cancer","PA",209137
"male","55-59","sc_bus_deaths_pa_lung_cancer_ub",-0.00593,"bogota","Bus",NA,NA,"L3: lung_cancer","PA",187551
"male","60-64","sc_bus_deaths_pa_lung_cancer_ub",-0.01374,"bogota","Bus",NA,NA,"L3: lung_cancer","PA",146500
"male","65-69","sc_bus_deaths_pa_lung_cancer_ub",-0.00636,"bogota","Bus",NA,NA,"L3: lung_cancer","PA",105412
"female","15-19","sc_bus_deaths_pa_lung_cancer_ub",-0.00001,"bogota","Bus",NA,NA,"L3: lung_cancer","PA",279280
"female","20-24","sc_bus_deaths_pa_lung_cancer_ub",0.00001,"bogota","Bus",NA,NA,"L3: lung_cancer","PA",360197
"female","25-29","sc_bus_deaths_pa_lung_cancer_ub",0.00003,"bogota","Bus",NA,NA,"L3: lung_cancer","PA",364423
"female","30-34","sc_bus_deaths_pa_lung_cancer_ub",-0.00012,"bogota","Bus",NA,NA,"L3: lung_cancer","PA",330341
"female","35-39","sc_bus_deaths_pa_lung_cancer_ub",-0.00022,"bogota","Bus",NA,NA,"L3: lung_cancer","PA",309304
"female","40-44","sc_bus_deaths_pa_lung_cancer_ub",-0.00037,"bogota","Bus",NA,NA,"L3: lung_cancer","PA",275440
"female","45-49","sc_bus_deaths_pa_lung_cancer_ub",-0.00098,"bogota","Bus",NA,NA,"L3: lung_cancer","PA",254843
"female","50-54","sc_bus_deaths_pa_lung_cancer_ub",0.00082,"bogota","Bus",NA,NA,"L3: lung_cancer","PA",256059
"female","55-59","sc_bus_deaths_pa_lung_cancer_ub",0.00174,"bogota","Bus",NA,NA,"L3: lung_cancer","PA",235548
"female","60-64","sc_bus_deaths_pa_lung_cancer_ub",0.00303,"bogota","Bus",NA,NA,"L3: lung_cancer","PA",189600
"female","65-69","sc_bus_deaths_pa_lung_cancer_ub",0.00062,"bogota","Bus",NA,NA,"L3: lung_cancer","PA",141409
"male","15-19","sc_cycle_deaths_ap_lung_cancer",0.00006,"bogota","Cycling",NA,NA,"L3: lung_cancer","AP",282736
"male","20-24","sc_cycle_deaths_ap_lung_cancer",0.00008,"bogota","Cycling",NA,NA,"L3: lung_cancer","AP",357934
"male","25-29","sc_cycle_deaths_ap_lung_cancer",0.00016,"bogota","Cycling",NA,NA,"L3: lung_cancer","AP",360031
"male","30-34","sc_cycle_deaths_ap_lung_cancer",0.00011,"bogota","Cycling",NA,NA,"L3: lung_cancer","AP",321492
"male","35-39","sc_cycle_deaths_ap_lung_cancer",0.00008,"bogota","Cycling",NA,NA,"L3: lung_cancer","AP",289808
"male","40-44","sc_cycle_deaths_ap_lung_cancer",0.00018,"bogota","Cycling",NA,NA,"L3: lung_cancer","AP",244543
"male","45-49","sc_cycle_deaths_ap_lung_cancer",-0.00036,"bogota","Cycling",NA,NA,"L3: lung_cancer","AP",215491
"male","50-54","sc_cycle_deaths_ap_lung_cancer",0.00201,"bogota","Cycling",NA,NA,"L3: lung_cancer","AP",209137
"male","55-59","sc_cycle_deaths_ap_lung_cancer",0.0046,"bogota","Cycling",NA,NA,"L3: lung_cancer","AP",187551
"male","60-64","sc_cycle_deaths_ap_lung_cancer",0.0086,"bogota","Cycling",NA,NA,"L3: lung_cancer","AP",146500
"male","65-69","sc_cycle_deaths_ap_lung_cancer",0.00974,"bogota","Cycling",NA,NA,"L3: lung_cancer","AP",105412
"female","15-19","sc_cycle_deaths_ap_lung_cancer",0.00003,"bogota","Cycling",NA,NA,"L3: lung_cancer","AP",279280
"female","20-24","sc_cycle_deaths_ap_lung_cancer",0.00003,"bogota","Cycling",NA,NA,"L3: lung_cancer","AP",360197
"female","25-29","sc_cycle_deaths_ap_lung_cancer",0.00001,"bogota","Cycling",NA,NA,"L3: lung_cancer","AP",364423
"female","30-34","sc_cycle_deaths_ap_lung_cancer",-0.00039,"bogota","Cycling",NA,NA,"L3: lung_cancer","AP",330341
"female","35-39","sc_cycle_deaths_ap_lung_cancer",-0.00036,"bogota","Cycling",NA,NA,"L3: lung_cancer","AP",309304
"female","40-44","sc_cycle_deaths_ap_lung_cancer",-0.00018,"bogota","Cycling",NA,NA,"L3: lung_cancer","AP",275440
"female","45-49","sc_cycle_deaths_ap_lung_cancer",0.00118,"bogota","Cycling",NA,NA,"L3: lung_cancer","AP",254843
"female","50-54","sc_cycle_deaths_ap_lung_cancer",0.00391,"bogota","Cycling",NA,NA,"L3: lung_cancer","AP",256059
"female","55-59","sc_cycle_deaths_ap_lung_cancer",0.00531,"bogota","Cycling",NA,NA,"L3: lung_cancer","AP",235548
"female","60-64","sc_cycle_deaths_ap_lung_cancer",0.01094,"bogota","Cycling",NA,NA,"L3: lung_cancer","AP",189600
"female","65-69","sc_cycle_deaths_ap_lung_cancer",0.01202,"bogota","Cycling",NA,NA,"L3: lung_cancer","AP",141409
"male","15-19","sc_car_deaths_ap_lung_cancer",-0.00048,"bogota","Car",NA,NA,"L3: lung_cancer","AP",282736
"male","20-24","sc_car_deaths_ap_lung_cancer",-0.00107,"bogota","Car",NA,NA,"L3: lung_cancer","AP",357934
"male","25-29","sc_car_deaths_ap_lung_cancer",-0.00165,"bogota","Car",NA,NA,"L3: lung_cancer","AP",360031
"male","30-34","sc_car_deaths_ap_lung_cancer",-0.00303,"bogota","Car",NA,NA,"L3: lung_cancer","AP",321492
"male","35-39","sc_car_deaths_ap_lung_cancer",-0.00439,"bogota","Car",NA,NA,"L3: lung_cancer","AP",289808
"male","40-44","sc_car_deaths_ap_lung_cancer",-0.0062,"bogota","Car",NA,NA,"L3: lung_cancer","AP",244543
"male","45-49","sc_car_deaths_ap_lung_cancer",-0.01209,"bogota","Car",NA,NA,"L3: lung_cancer","AP",215491
"male","50-54","sc_car_deaths_ap_lung_cancer",-0.02463,"bogota","Car",NA,NA,"L3: lung_cancer","AP",209137
"male","55-59","sc_car_deaths_ap_lung_cancer",-0.04545,"bogota","Car",NA,NA,"L3: lung_cancer","AP",187551
"male","60-64","sc_car_deaths_ap_lung_cancer",-0.07154,"bogota","Car",NA,NA,"L3: lung_cancer","AP",146500
"male","65-69","sc_car_deaths_ap_lung_cancer",-0.083,"bogota","Car",NA,NA,"L3: lung_cancer","AP",105412
"female","15-19","sc_car_deaths_ap_lung_cancer",-0.00045,"bogota","Car",NA,NA,"L3: lung_cancer","AP",279280
"female","20-24","sc_car_deaths_ap_lung_cancer",-0.00084,"bogota","Car",NA,NA,"L3: lung_cancer","AP",360197
"female","25-29","sc_car_deaths_ap_lung_cancer",-0.0015,"bogota","Car",NA,NA,"L3: lung_cancer","AP",364423
"female","30-34","sc_car_deaths_ap_lung_cancer",-0.00285,"bogota","Car",NA,NA,"L3: lung_cancer","AP",330341
"female","35-39","sc_car_deaths_ap_lung_cancer",-0.00485,"bogota","Car",NA,NA,"L3: lung_cancer","AP",309304
"female","40-44","sc_car_deaths_ap_lung_cancer",-0.00816,"bogota","Car",NA,NA,"L3: lung_cancer","AP",275440
"female","45-49","sc_car_deaths_ap_lung_cancer",-0.01566,"bogota","Car",NA,NA,"L3: lung_cancer","AP",254843
"female","50-54","sc_car_deaths_ap_lung_cancer",-0.02871,"bogota","Car",NA,NA,"L3: lung_cancer","AP",256059
"female","55-59","sc_car_deaths_ap_lung_cancer",-0.0445,"bogota","Car",NA,NA,"L3: lung_cancer","AP",235548
"female","60-64","sc_car_deaths_ap_lung_cancer",-0.066,"bogota","Car",NA,NA,"L3: lung_cancer","AP",189600
"female","65-69","sc_car_deaths_ap_lung_cancer",-0.07554,"bogota","Car",NA,NA,"L3: lung_cancer","AP",141409
"male","15-19","sc_bus_deaths_ap_lung_cancer",-0.00004,"bogota","Bus",NA,NA,"L3: lung_cancer","AP",282736
"male","20-24","sc_bus_deaths_ap_lung_cancer",-0.00008,"bogota","Bus",NA,NA,"L3: lung_cancer","AP",357934
"male","25-29","sc_bus_deaths_ap_lung_cancer",-0.00012,"bogota","Bus",NA,NA,"L3: lung_cancer","AP",360031
"male","30-34","sc_bus_deaths_ap_lung_cancer",-0.00006,"bogota","Bus",NA,NA,"L3: lung_cancer","AP",321492
"male","35-39","sc_bus_deaths_ap_lung_cancer",-0.0001,"bogota","Bus",NA,NA,"L3: lung_cancer","AP",289808
"male","40-44","sc_bus_deaths_ap_lung_cancer",-0.00001,"bogota","Bus",NA,NA,"L3: lung_cancer","AP",244543
"male","45-49","sc_bus_deaths_ap_lung_cancer",-0.00045,"bogota","Bus",NA,NA,"L3: lung_cancer","AP",215491
"male","50-54","sc_bus_deaths_ap_lung_cancer",-0.00186,"bogota","Bus",NA,NA,"L3: lung_cancer","AP",209137
"male","55-59","sc_bus_deaths_ap_lung_cancer",-0.00375,"bogota","Bus",NA,NA,"L3: lung_cancer","AP",187551
"male","60-64","sc_bus_deaths_ap_lung_cancer",-0.0051,"bogota","Bus",NA,NA,"L3: lung_cancer","AP",146500
"male","65-69","sc_bus_deaths_ap_lung_cancer",-0.01319,"bogota","Bus",NA,NA,"L3: lung_cancer","AP",105412
"female","15-19","sc_bus_deaths_ap_lung_cancer",-0.00008,"bogota","Bus",NA,NA,"L3: lung_cancer","AP",279280
"female","20-24","sc_bus_deaths_ap_lung_cancer",-0.00015,"bogota","Bus",NA,NA,"L3: lung_cancer","AP",360197
"female","25-29","sc_bus_deaths_ap_lung_cancer",-0.00026,"bogota","Bus",NA,NA,"L3: lung_cancer","AP",364423
"female","30-34","sc_bus_deaths_ap_lung_cancer",-0.00037,"bogota","Bus",NA,NA,"L3: lung_cancer","AP",330341
"female","35-39","sc_bus_deaths_ap_lung_cancer",-0.00069,"bogota","Bus",NA,NA,"L3: lung_cancer","AP",309304
"female","40-44","sc_bus_deaths_ap_lung_cancer",-0.00117,"bogota","Bus",NA,NA,"L3: lung_cancer","AP",275440
"female","45-49","sc_bus_deaths_ap_lung_cancer",-0.00251,"bogota","Bus",NA,NA,"L3: lung_cancer","AP",254843
"female","50-54","sc_bus_deaths_ap_lung_cancer",-0.0061,"bogota","Bus",NA,NA,"L3: lung_cancer","AP",256059
"female","55-59","sc_bus_deaths_ap_lung_cancer",-0.00956,"bogota","Bus",NA,NA,"L3: lung_cancer","AP",235548
"female","60-64","sc_bus_deaths_ap_lung_cancer",-0.01383,"bogota","Bus",NA,NA,"L3: lung_cancer","AP",189600
"female","65-69","sc_bus_deaths_ap_lung_cancer",-0.01718,"bogota","Bus",NA,NA,"L3: lung_cancer","AP",141409
"male","15-19","sc_cycle_deaths_ap_lung_cancer_lb",0.00006,"bogota","Cycling",NA,NA,"L3: lung_cancer","AP",282736
"male","20-24","sc_cycle_deaths_ap_lung_cancer_lb",0.00008,"bogota","Cycling",NA,NA,"L3: lung_cancer","AP",357934
"male","25-29","sc_cycle_deaths_ap_lung_cancer_lb",0.00016,"bogota","Cycling",NA,NA,"L3: lung_cancer","AP",360031
"male","30-34","sc_cycle_deaths_ap_lung_cancer_lb",0.00011,"bogota","Cycling",NA,NA,"L3: lung_cancer","AP",321492
"male","35-39","sc_cycle_deaths_ap_lung_cancer_lb",0.00008,"bogota","Cycling",NA,NA,"L3: lung_cancer","AP",289808
"male","40-44","sc_cycle_deaths_ap_lung_cancer_lb",0.00018,"bogota","Cycling",NA,NA,"L3: lung_cancer","AP",244543
"male","45-49","sc_cycle_deaths_ap_lung_cancer_lb",-0.00036,"bogota","Cycling",NA,NA,"L3: lung_cancer","AP",215491
"male","50-54","sc_cycle_deaths_ap_lung_cancer_lb",0.00201,"bogota","Cycling",NA,NA,"L3: lung_cancer","AP",209137
"male","55-59","sc_cycle_deaths_ap_lung_cancer_lb",0.0046,"bogota","Cycling",NA,NA,"L3: lung_cancer","AP",187551
"male","60-64","sc_cycle_deaths_ap_lung_cancer_lb",0.0086,"bogota","Cycling",NA,NA,"L3: lung_cancer","AP",146500
"male","65-69","sc_cycle_deaths_ap_lung_cancer_lb",0.00974,"bogota","Cycling",NA,NA,"L3: lung_cancer","AP",105412
"female","15-19","sc_cycle_deaths_ap_lung_cancer_lb",0.00003,"bogota","Cycling",NA,NA,"L3: lung_cancer","AP",279280
"female","20-24","sc_cycle_deaths_ap_lung_cancer_lb",0.00003,"bogota","Cycling",NA,NA,"L3: lung_cancer","AP",360197
"female","25-29","sc_cycle_deaths_ap_lung_cancer_lb",0.00001,"bogota","Cycling",NA,NA,"L3: lung_cancer","AP",364423
"female","30-34","sc_cycle_deaths_ap_lung_cancer_lb",-0.00039,"bogota","Cycling",NA,NA,"L3: lung_cancer","AP",330341
"female","35-39","sc_cycle_deaths_ap_lung_cancer_lb",-0.00036,"bogota","Cycling",NA,NA,"L3: lung_cancer","AP",309304
"female","40-44","sc_cycle_deaths_ap_lung_cancer_lb",-0.00018,"bogota","Cycling",NA,NA,"L3: lung_cancer","AP",275440
"female","45-49","sc_cycle_deaths_ap_lung_cancer_lb",0.00118,"bogota","Cycling",NA,NA,"L3: lung_cancer","AP",254843
"female","50-54","sc_cycle_deaths_ap_lung_cancer_lb",0.00391,"bogota","Cycling",NA,NA,"L3: lung_cancer","AP",256059
"female","55-59","sc_cycle_deaths_ap_lung_cancer_lb",0.00531,"bogota","Cycling",NA,NA,"L3: lung_cancer","AP",235548
"female","60-64","sc_cycle_deaths_ap_lung_cancer_lb",0.01094,"bogota","Cycling",NA,NA,"L3: lung_cancer","AP",189600
"female","65-69","sc_cycle_deaths_ap_lung_cancer_lb",0.01202,"bogota","Cycling",NA,NA,"L3: lung_cancer","AP",141409
"male","15-19","sc_car_deaths_ap_lung_cancer_lb",-0.00048,"bogota","Car",NA,NA,"L3: lung_cancer","AP",282736
"male","20-24","sc_car_deaths_ap_lung_cancer_lb",-0.00107,"bogota","Car",NA,NA,"L3: lung_cancer","AP",357934
"male","25-29","sc_car_deaths_ap_lung_cancer_lb",-0.00165,"bogota","Car",NA,NA,"L3: lung_cancer","AP",360031
"male","30-34","sc_car_deaths_ap_lung_cancer_lb",-0.00303,"bogota","Car",NA,NA,"L3: lung_cancer","AP",321492
"male","35-39","sc_car_deaths_ap_lung_cancer_lb",-0.00439,"bogota","Car",NA,NA,"L3: lung_cancer","AP",289808
"male","40-44","sc_car_deaths_ap_lung_cancer_lb",-0.0062,"bogota","Car",NA,NA,"L3: lung_cancer","AP",244543
"male","45-49","sc_car_deaths_ap_lung_cancer_lb",-0.01209,"bogota","Car",NA,NA,"L3: lung_cancer","AP",215491
"male","50-54","sc_car_deaths_ap_lung_cancer_lb",-0.02463,"bogota","Car",NA,NA,"L3: lung_cancer","AP",209137
"male","55-59","sc_car_deaths_ap_lung_cancer_lb",-0.04545,"bogota","Car",NA,NA,"L3: lung_cancer","AP",187551
"male","60-64","sc_car_deaths_ap_lung_cancer_lb",-0.07154,"bogota","Car",NA,NA,"L3: lung_cancer","AP",146500
"male","65-69","sc_car_deaths_ap_lung_cancer_lb",-0.083,"bogota","Car",NA,NA,"L3: lung_cancer","AP",105412
"female","15-19","sc_car_deaths_ap_lung_cancer_lb",-0.00045,"bogota","Car",NA,NA,"L3: lung_cancer","AP",279280
"female","20-24","sc_car_deaths_ap_lung_cancer_lb",-0.00084,"bogota","Car",NA,NA,"L3: lung_cancer","AP",360197
"female","25-29","sc_car_deaths_ap_lung_cancer_lb",-0.0015,"bogota","Car",NA,NA,"L3: lung_cancer","AP",364423
"female","30-34","sc_car_deaths_ap_lung_cancer_lb",-0.00285,"bogota","Car",NA,NA,"L3: lung_cancer","AP",330341
"female","35-39","sc_car_deaths_ap_lung_cancer_lb",-0.00485,"bogota","Car",NA,NA,"L3: lung_cancer","AP",309304
"female","40-44","sc_car_deaths_ap_lung_cancer_lb",-0.00816,"bogota","Car",NA,NA,"L3: lung_cancer","AP",275440
"female","45-49","sc_car_deaths_ap_lung_cancer_lb",-0.01566,"bogota","Car",NA,NA,"L3: lung_cancer","AP",254843
"female","50-54","sc_car_deaths_ap_lung_cancer_lb",-0.02871,"bogota","Car",NA,NA,"L3: lung_cancer","AP",256059
"female","55-59","sc_car_deaths_ap_lung_cancer_lb",-0.0445,"bogota","Car",NA,NA,"L3: lung_cancer","AP",235548
"female","60-64","sc_car_deaths_ap_lung_cancer_lb",-0.066,"bogota","Car",NA,NA,"L3: lung_cancer","AP",189600
"female","65-69","sc_car_deaths_ap_lung_cancer_lb",-0.07554,"bogota","Car",NA,NA,"L3: lung_cancer","AP",141409
"male","15-19","sc_bus_deaths_ap_lung_cancer_lb",-0.00004,"bogota","Bus",NA,NA,"L3: lung_cancer","AP",282736
"male","20-24","sc_bus_deaths_ap_lung_cancer_lb",-0.00008,"bogota","Bus",NA,NA,"L3: lung_cancer","AP",357934
"male","25-29","sc_bus_deaths_ap_lung_cancer_lb",-0.00012,"bogota","Bus",NA,NA,"L3: lung_cancer","AP",360031
"male","30-34","sc_bus_deaths_ap_lung_cancer_lb",-0.00006,"bogota","Bus",NA,NA,"L3: lung_cancer","AP",321492
"male","35-39","sc_bus_deaths_ap_lung_cancer_lb",-0.0001,"bogota","Bus",NA,NA,"L3: lung_cancer","AP",289808
"male","40-44","sc_bus_deaths_ap_lung_cancer_lb",-0.00001,"bogota","Bus",NA,NA,"L3: lung_cancer","AP",244543
"male","45-49","sc_bus_deaths_ap_lung_cancer_lb",-0.00045,"bogota","Bus",NA,NA,"L3: lung_cancer","AP",215491
"male","50-54","sc_bus_deaths_ap_lung_cancer_lb",-0.00186,"bogota","Bus",NA,NA,"L3: lung_cancer","AP",209137
"male","55-59","sc_bus_deaths_ap_lung_cancer_lb",-0.00375,"bogota","Bus",NA,NA,"L3: lung_cancer","AP",187551
"male","60-64","sc_bus_deaths_ap_lung_cancer_lb",-0.0051,"bogota","Bus",NA,NA,"L3: lung_cancer","AP",146500
"male","65-69","sc_bus_deaths_ap_lung_cancer_lb",-0.01319,"bogota","Bus",NA,NA,"L3: lung_cancer","AP",105412
"female","15-19","sc_bus_deaths_ap_lung_cancer_lb",-0.00008,"bogota","Bus",NA,NA,"L3: lung_cancer","AP",279280
"female","20-24","sc_bus_deaths_ap_lung_cancer_lb",-0.00015,"bogota","Bus",NA,NA,"L3: lung_cancer","AP",360197
"female","25-29","sc_bus_deaths_ap_lung_cancer_lb",-0.00026,"bogota","Bus",NA,NA,"L3: lung_cancer","AP",364423
"female","30-34","sc_bus_deaths_ap_lung_cancer_lb",-0.00037,"bogota","Bus",NA,NA,"L3: lung_cancer","AP",330341
"female","35-39","sc_bus_deaths_ap_lung_cancer_lb",-0.00069,"bogota","Bus",NA,NA,"L3: lung_cancer","AP",309304
"female","40-44","sc_bus_deaths_ap_lung_cancer_lb",-0.00117,"bogota","Bus",NA,NA,"L3: lung_cancer","AP",275440
"female","45-49","sc_bus_deaths_ap_lung_cancer_lb",-0.00251,"bogota","Bus",NA,NA,"L3: lung_cancer","AP",254843
"female","50-54","sc_bus_deaths_ap_lung_cancer_lb",-0.0061,"bogota","Bus",NA,NA,"L3: lung_cancer","AP",256059
"female","55-59","sc_bus_deaths_ap_lung_cancer_lb",-0.00956,"bogota","Bus",NA,NA,"L3: lung_cancer","AP",235548
"female","60-64","sc_bus_deaths_ap_lung_cancer_lb",-0.01383,"bogota","Bus",NA,NA,"L3: lung_cancer","AP",189600
"female","65-69","sc_bus_deaths_ap_lung_cancer_lb",-0.01718,"bogota","Bus",NA,NA,"L3: lung_cancer","AP",141409
"male","15-19","sc_cycle_deaths_ap_lung_cancer_ub",0.00006,"bogota","Cycling",NA,NA,"L3: lung_cancer","AP",282736
"male","20-24","sc_cycle_deaths_ap_lung_cancer_ub",0.00008,"bogota","Cycling",NA,NA,"L3: lung_cancer","AP",357934
"male","25-29","sc_cycle_deaths_ap_lung_cancer_ub",0.00016,"bogota","Cycling",NA,NA,"L3: lung_cancer","AP",360031
"male","30-34","sc_cycle_deaths_ap_lung_cancer_ub",0.00011,"bogota","Cycling",NA,NA,"L3: lung_cancer","AP",321492
"male","35-39","sc_cycle_deaths_ap_lung_cancer_ub",0.00008,"bogota","Cycling",NA,NA,"L3: lung_cancer","AP",289808
"male","40-44","sc_cycle_deaths_ap_lung_cancer_ub",0.00018,"bogota","Cycling",NA,NA,"L3: lung_cancer","AP",244543
"male","45-49","sc_cycle_deaths_ap_lung_cancer_ub",-0.00036,"bogota","Cycling",NA,NA,"L3: lung_cancer","AP",215491
"male","50-54","sc_cycle_deaths_ap_lung_cancer_ub",0.00201,"bogota","Cycling",NA,NA,"L3: lung_cancer","AP",209137
"male","55-59","sc_cycle_deaths_ap_lung_cancer_ub",0.0046,"bogota","Cycling",NA,NA,"L3: lung_cancer","AP",187551
"male","60-64","sc_cycle_deaths_ap_lung_cancer_ub",0.0086,"bogota","Cycling",NA,NA,"L3: lung_cancer","AP",146500
"male","65-69","sc_cycle_deaths_ap_lung_cancer_ub",0.00974,"bogota","Cycling",NA,NA,"L3: lung_cancer","AP",105412
"female","15-19","sc_cycle_deaths_ap_lung_cancer_ub",0.00003,"bogota","Cycling",NA,NA,"L3: lung_cancer","AP",279280
"female","20-24","sc_cycle_deaths_ap_lung_cancer_ub",0.00003,"bogota","Cycling",NA,NA,"L3: lung_cancer","AP",360197
"female","25-29","sc_cycle_deaths_ap_lung_cancer_ub",0.00001,"bogota","Cycling",NA,NA,"L3: lung_cancer","AP",364423
"female","30-34","sc_cycle_deaths_ap_lung_cancer_ub",-0.00039,"bogota","Cycling",NA,NA,"L3: lung_cancer","AP",330341
"female","35-39","sc_cycle_deaths_ap_lung_cancer_ub",-0.00036,"bogota","Cycling",NA,NA,"L3: lung_cancer","AP",309304
"female","40-44","sc_cycle_deaths_ap_lung_cancer_ub",-0.00018,"bogota","Cycling",NA,NA,"L3: lung_cancer","AP",275440
"female","45-49","sc_cycle_deaths_ap_lung_cancer_ub",0.00118,"bogota","Cycling",NA,NA,"L3: lung_cancer","AP",254843
"female","50-54","sc_cycle_deaths_ap_lung_cancer_ub",0.00391,"bogota","Cycling",NA,NA,"L3: lung_cancer","AP",256059
"female","55-59","sc_cycle_deaths_ap_lung_cancer_ub",0.00531,"bogota","Cycling",NA,NA,"L3: lung_cancer","AP",235548
"female","60-64","sc_cycle_deaths_ap_lung_cancer_ub",0.01094,"bogota","Cycling",NA,NA,"L3: lung_cancer","AP",189600
"female","65-69","sc_cycle_deaths_ap_lung_cancer_ub",0.01202,"bogota","Cycling",NA,NA,"L3: lung_cancer","AP",141409
"male","15-19","sc_car_deaths_ap_lung_cancer_ub",-0.00048,"bogota","Car",NA,NA,"L3: lung_cancer","AP",282736
"male","20-24","sc_car_deaths_ap_lung_cancer_ub",-0.00107,"bogota","Car",NA,NA,"L3: lung_cancer","AP",357934
"male","25-29","sc_car_deaths_ap_lung_cancer_ub",-0.00165,"bogota","Car",NA,NA,"L3: lung_cancer","AP",360031
"male","30-34","sc_car_deaths_ap_lung_cancer_ub",-0.00303,"bogota","Car",NA,NA,"L3: lung_cancer","AP",321492
"male","35-39","sc_car_deaths_ap_lung_cancer_ub",-0.00439,"bogota","Car",NA,NA,"L3: lung_cancer","AP",289808
"male","40-44","sc_car_deaths_ap_lung_cancer_ub",-0.0062,"bogota","Car",NA,NA,"L3: lung_cancer","AP",244543
"male","45-49","sc_car_deaths_ap_lung_cancer_ub",-0.01209,"bogota","Car",NA,NA,"L3: lung_cancer","AP",215491
"male","50-54","sc_car_deaths_ap_lung_cancer_ub",-0.02463,"bogota","Car",NA,NA,"L3: lung_cancer","AP",209137
"male","55-59","sc_car_deaths_ap_lung_cancer_ub",-0.04545,"bogota","Car",NA,NA,"L3: lung_cancer","AP",187551
"male","60-64","sc_car_deaths_ap_lung_cancer_ub",-0.07154,"bogota","Car",NA,NA,"L3: lung_cancer","AP",146500
"male","65-69","sc_car_deaths_ap_lung_cancer_ub",-0.083,"bogota","Car",NA,NA,"L3: lung_cancer","AP",105412
"female","15-19","sc_car_deaths_ap_lung_cancer_ub",-0.00045,"bogota","Car",NA,NA,"L3: lung_cancer","AP",279280
"female","20-24","sc_car_deaths_ap_lung_cancer_ub",-0.00084,"bogota","Car",NA,NA,"L3: lung_cancer","AP",360197
"female","25-29","sc_car_deaths_ap_lung_cancer_ub",-0.0015,"bogota","Car",NA,NA,"L3: lung_cancer","AP",364423
"female","30-34","sc_car_deaths_ap_lung_cancer_ub",-0.00285,"bogota","Car",NA,NA,"L3: lung_cancer","AP",330341
"female","35-39","sc_car_deaths_ap_lung_cancer_ub",-0.00485,"bogota","Car",NA,NA,"L3: lung_cancer","AP",309304
"female","40-44","sc_car_deaths_ap_lung_cancer_ub",-0.00816,"bogota","Car",NA,NA,"L3: lung_cancer","AP",275440
"female","45-49","sc_car_deaths_ap_lung_cancer_ub",-0.01566,"bogota","Car",NA,NA,"L3: lung_cancer","AP",254843
"female","50-54","sc_car_deaths_ap_lung_cancer_ub",-0.02871,"bogota","Car",NA,NA,"L3: lung_cancer","AP",256059
"female","55-59","sc_car_deaths_ap_lung_cancer_ub",-0.0445,"bogota","Car",NA,NA,"L3: lung_cancer","AP",235548
"female","60-64","sc_car_deaths_ap_lung_cancer_ub",-0.066,"bogota","Car",NA,NA,"L3: lung_cancer","AP",189600
"female","65-69","sc_car_deaths_ap_lung_cancer_ub",-0.07554,"bogota","Car",NA,NA,"L3: lung_cancer","AP",141409
"male","15-19","sc_bus_deaths_ap_lung_cancer_ub",-0.00004,"bogota","Bus",NA,NA,"L3: lung_cancer","AP",282736
"male","20-24","sc_bus_deaths_ap_lung_cancer_ub",-0.00008,"bogota","Bus",NA,NA,"L3: lung_cancer","AP",357934
"male","25-29","sc_bus_deaths_ap_lung_cancer_ub",-0.00012,"bogota","Bus",NA,NA,"L3: lung_cancer","AP",360031
"male","30-34","sc_bus_deaths_ap_lung_cancer_ub",-0.00006,"bogota","Bus",NA,NA,"L3: lung_cancer","AP",321492
"male","35-39","sc_bus_deaths_ap_lung_cancer_ub",-0.0001,"bogota","Bus",NA,NA,"L3: lung_cancer","AP",289808
"male","40-44","sc_bus_deaths_ap_lung_cancer_ub",-0.00001,"bogota","Bus",NA,NA,"L3: lung_cancer","AP",244543
"male","45-49","sc_bus_deaths_ap_lung_cancer_ub",-0.00045,"bogota","Bus",NA,NA,"L3: lung_cancer","AP",215491
"male","50-54","sc_bus_deaths_ap_lung_cancer_ub",-0.00186,"bogota","Bus",NA,NA,"L3: lung_cancer","AP",209137
"male","55-59","sc_bus_deaths_ap_lung_cancer_ub",-0.00375,"bogota","Bus",NA,NA,"L3: lung_cancer","AP",187551
"male","60-64","sc_bus_deaths_ap_lung_cancer_ub",-0.0051,"bogota","Bus",NA,NA,"L3: lung_cancer","AP",146500
"male","65-69","sc_bus_deaths_ap_lung_cancer_ub",-0.01319,"bogota","Bus",NA,NA,"L3: lung_cancer","AP",105412
"female","15-19","sc_bus_deaths_ap_lung_cancer_ub",-0.00008,"bogota","Bus",NA,NA,"L3: lung_cancer","AP",279280
"female","20-24","sc_bus_deaths_ap_lung_cancer_ub",-0.00015,"bogota","Bus",NA,NA,"L3: lung_cancer","AP",360197
"female","25-29","sc_bus_deaths_ap_lung_cancer_ub",-0.00026,"bogota","Bus",NA,NA,"L3: lung_cancer","AP",364423
"female","30-34","sc_bus_deaths_ap_lung_cancer_ub",-0.00037,"bogota","Bus",NA,NA,"L3: lung_cancer","AP",330341
"female","35-39","sc_bus_deaths_ap_lung_cancer_ub",-0.00069,"bogota","Bus",NA,NA,"L3: lung_cancer","AP",309304
"female","40-44","sc_bus_deaths_ap_lung_cancer_ub",-0.00117,"bogota","Bus",NA,NA,"L3: lung_cancer","AP",275440
"female","45-49","sc_bus_deaths_ap_lung_cancer_ub",-0.00251,"bogota","Bus",NA,NA,"L3: lung_cancer","AP",254843
"female","50-54","sc_bus_deaths_ap_lung_cancer_ub",-0.0061,"bogota","Bus",NA,NA,"L3: lung_cancer","AP",256059
"female","55-59","sc_bus_deaths_ap_lung_cancer_ub",-0.00956,"bogota","Bus",NA,NA,"L3: lung_cancer","AP",235548
"female","60-64","sc_bus_deaths_ap_lung_cancer_ub",-0.01383,"bogota","Bus",NA,NA,"L3: lung_cancer","AP",189600
"female","65-69","sc_bus_deaths_ap_lung_cancer_ub",-0.01718,"bogota","Bus",NA,NA,"L3: lung_cancer","AP",141409
"male","15-19","sc_cycle_deaths_ap_COPD",0.00007,"bogota","Cycling",NA,NA,"L3: COPD","AP",282736
"male","20-24","sc_cycle_deaths_ap_COPD",0.00008,"bogota","Cycling",NA,NA,"L3: COPD","AP",357934
"male","25-29","sc_cycle_deaths_ap_COPD",0.00013,"bogota","Cycling",NA,NA,"L3: COPD","AP",360031
"male","30-34","sc_cycle_deaths_ap_COPD",0.00008,"bogota","Cycling",NA,NA,"L3: COPD","AP",321492
"male","35-39","sc_cycle_deaths_ap_COPD",0.00004,"bogota","Cycling",NA,NA,"L3: COPD","AP",289808
"male","40-44","sc_cycle_deaths_ap_COPD",0.0001,"bogota","Cycling",NA,NA,"L3: COPD","AP",244543
"male","45-49","sc_cycle_deaths_ap_COPD",-0.00028,"bogota","Cycling",NA,NA,"L3: COPD","AP",215491
"male","50-54","sc_cycle_deaths_ap_COPD",0.00143,"bogota","Cycling",NA,NA,"L3: COPD","AP",209137
"male","55-59","sc_cycle_deaths_ap_COPD",0.00343,"bogota","Cycling",NA,NA,"L3: COPD","AP",187551
"male","60-64","sc_cycle_deaths_ap_COPD",0.00783,"bogota","Cycling",NA,NA,"L3: COPD","AP",146500
"male","65-69","sc_cycle_deaths_ap_COPD",0.01146,"bogota","Cycling",NA,NA,"L3: COPD","AP",105412
"female","15-19","sc_cycle_deaths_ap_COPD",0.00003,"bogota","Cycling",NA,NA,"L3: COPD","AP",279280
"female","20-24","sc_cycle_deaths_ap_COPD",0.00002,"bogota","Cycling",NA,NA,"L3: COPD","AP",360197
"female","25-29","sc_cycle_deaths_ap_COPD",0,"bogota","Cycling",NA,NA,"L3: COPD","AP",364423
"female","30-34","sc_cycle_deaths_ap_COPD",-0.0002,"bogota","Cycling",NA,NA,"L3: COPD","AP",330341
"female","35-39","sc_cycle_deaths_ap_COPD",-0.00017,"bogota","Cycling",NA,NA,"L3: COPD","AP",309304
"female","40-44","sc_cycle_deaths_ap_COPD",-0.00009,"bogota","Cycling",NA,NA,"L3: COPD","AP",275440
"female","45-49","sc_cycle_deaths_ap_COPD",0.00049,"bogota","Cycling",NA,NA,"L3: COPD","AP",254843
"female","50-54","sc_cycle_deaths_ap_COPD",0.0021,"bogota","Cycling",NA,NA,"L3: COPD","AP",256059
"female","55-59","sc_cycle_deaths_ap_COPD",0.00348,"bogota","Cycling",NA,NA,"L3: COPD","AP",235548
"female","60-64","sc_cycle_deaths_ap_COPD",0.00918,"bogota","Cycling",NA,NA,"L3: COPD","AP",189600
"female","65-69","sc_cycle_deaths_ap_COPD",0.01324,"bogota","Cycling",NA,NA,"L3: COPD","AP",141409
"male","15-19","sc_car_deaths_ap_COPD",-0.00054,"bogota","Car",NA,NA,"L3: COPD","AP",282736
"male","20-24","sc_car_deaths_ap_COPD",-0.00109,"bogota","Car",NA,NA,"L3: COPD","AP",357934
"male","25-29","sc_car_deaths_ap_COPD",-0.00137,"bogota","Car",NA,NA,"L3: COPD","AP",360031
"male","30-34","sc_car_deaths_ap_COPD",-0.00242,"bogota","Car",NA,NA,"L3: COPD","AP",321492
"male","35-39","sc_car_deaths_ap_COPD",-0.00299,"bogota","Car",NA,NA,"L3: COPD","AP",289808
"male","40-44","sc_car_deaths_ap_COPD",-0.00422,"bogota","Car",NA,NA,"L3: COPD","AP",244543
"male","45-49","sc_car_deaths_ap_COPD",-0.00813,"bogota","Car",NA,NA,"L3: COPD","AP",215491
"male","50-54","sc_car_deaths_ap_COPD",-0.01814,"bogota","Car",NA,NA,"L3: COPD","AP",209137
"male","55-59","sc_car_deaths_ap_COPD",-0.03462,"bogota","Car",NA,NA,"L3: COPD","AP",187551
"male","60-64","sc_car_deaths_ap_COPD",-0.06642,"bogota","Car",NA,NA,"L3: COPD","AP",146500
"male","65-69","sc_car_deaths_ap_COPD",-0.09931,"bogota","Car",NA,NA,"L3: COPD","AP",105412
"female","15-19","sc_car_deaths_ap_COPD",-0.00042,"bogota","Car",NA,NA,"L3: COPD","AP",279280
"female","20-24","sc_car_deaths_ap_COPD",-0.00089,"bogota","Car",NA,NA,"L3: COPD","AP",360197
"female","25-29","sc_car_deaths_ap_COPD",-0.00107,"bogota","Car",NA,NA,"L3: COPD","AP",364423
"female","30-34","sc_car_deaths_ap_COPD",-0.0014,"bogota","Car",NA,NA,"L3: COPD","AP",330341
"female","35-39","sc_car_deaths_ap_COPD",-0.00211,"bogota","Car",NA,NA,"L3: COPD","AP",309304
"female","40-44","sc_car_deaths_ap_COPD",-0.00344,"bogota","Car",NA,NA,"L3: COPD","AP",275440
"female","45-49","sc_car_deaths_ap_COPD",-0.00666,"bogota","Car",NA,NA,"L3: COPD","AP",254843
"female","50-54","sc_car_deaths_ap_COPD",-0.01563,"bogota","Car",NA,NA,"L3: COPD","AP",256059
"female","55-59","sc_car_deaths_ap_COPD",-0.02957,"bogota","Car",NA,NA,"L3: COPD","AP",235548
"female","60-64","sc_car_deaths_ap_COPD",-0.05582,"bogota","Car",NA,NA,"L3: COPD","AP",189600
"female","65-69","sc_car_deaths_ap_COPD",-0.08399,"bogota","Car",NA,NA,"L3: COPD","AP",141409
"male","15-19","sc_bus_deaths_ap_COPD",-0.00005,"bogota","Bus",NA,NA,"L3: COPD","AP",282736
"male","20-24","sc_bus_deaths_ap_COPD",-0.00008,"bogota","Bus",NA,NA,"L3: COPD","AP",357934
"male","25-29","sc_bus_deaths_ap_COPD",-0.0001,"bogota","Bus",NA,NA,"L3: COPD","AP",360031
"male","30-34","sc_bus_deaths_ap_COPD",-0.00004,"bogota","Bus",NA,NA,"L3: COPD","AP",321492
"male","35-39","sc_bus_deaths_ap_COPD",-0.00007,"bogota","Bus",NA,NA,"L3: COPD","AP",289808
"male","40-44","sc_bus_deaths_ap_COPD",0.00001,"bogota","Bus",NA,NA,"L3: COPD","AP",244543
"male","45-49","sc_bus_deaths_ap_COPD",-0.00029,"bogota","Bus",NA,NA,"L3: COPD","AP",215491
"male","50-54","sc_bus_deaths_ap_COPD",-0.00134,"bogota","Bus",NA,NA,"L3: COPD","AP",209137
"male","55-59","sc_bus_deaths_ap_COPD",-0.00279,"bogota","Bus",NA,NA,"L3: COPD","AP",187551
"male","60-64","sc_bus_deaths_ap_COPD",-0.0046,"bogota","Bus",NA,NA,"L3: COPD","AP",146500
"male","65-69","sc_bus_deaths_ap_COPD",-0.01569,"bogota","Bus",NA,NA,"L3: COPD","AP",105412
"female","15-19","sc_bus_deaths_ap_COPD",-0.00008,"bogota","Bus",NA,NA,"L3: COPD","AP",279280
"female","20-24","sc_bus_deaths_ap_COPD",-0.00015,"bogota","Bus",NA,NA,"L3: COPD","AP",360197
"female","25-29","sc_bus_deaths_ap_COPD",-0.00019,"bogota","Bus",NA,NA,"L3: COPD","AP",364423
"female","30-34","sc_bus_deaths_ap_COPD",-0.00018,"bogota","Bus",NA,NA,"L3: COPD","AP",330341
"female","35-39","sc_bus_deaths_ap_COPD",-0.0003,"bogota","Bus",NA,NA,"L3: COPD","AP",309304
"female","40-44","sc_bus_deaths_ap_COPD",-0.00049,"bogota","Bus",NA,NA,"L3: COPD","AP",275440
"female","45-49","sc_bus_deaths_ap_COPD",-0.00106,"bogota","Bus",NA,NA,"L3: COPD","AP",254843
"female","50-54","sc_bus_deaths_ap_COPD",-0.00331,"bogota","Bus",NA,NA,"L3: COPD","AP",256059
"female","55-59","sc_bus_deaths_ap_COPD",-0.00634,"bogota","Bus",NA,NA,"L3: COPD","AP",235548
"female","60-64","sc_bus_deaths_ap_COPD",-0.01167,"bogota","Bus",NA,NA,"L3: COPD","AP",189600
"female","65-69","sc_bus_deaths_ap_COPD",-0.01907,"bogota","Bus",NA,NA,"L3: COPD","AP",141409
"male","15-19","sc_cycle_deaths_ap_COPD_lb",0.00007,"bogota","Cycling",NA,NA,"L3: COPD","AP",282736
"male","20-24","sc_cycle_deaths_ap_COPD_lb",0.00008,"bogota","Cycling",NA,NA,"L3: COPD","AP",357934
"male","25-29","sc_cycle_deaths_ap_COPD_lb",0.00013,"bogota","Cycling",NA,NA,"L3: COPD","AP",360031
"male","30-34","sc_cycle_deaths_ap_COPD_lb",0.00008,"bogota","Cycling",NA,NA,"L3: COPD","AP",321492
"male","35-39","sc_cycle_deaths_ap_COPD_lb",0.00004,"bogota","Cycling",NA,NA,"L3: COPD","AP",289808
"male","40-44","sc_cycle_deaths_ap_COPD_lb",0.0001,"bogota","Cycling",NA,NA,"L3: COPD","AP",244543
"male","45-49","sc_cycle_deaths_ap_COPD_lb",-0.00028,"bogota","Cycling",NA,NA,"L3: COPD","AP",215491
"male","50-54","sc_cycle_deaths_ap_COPD_lb",0.00143,"bogota","Cycling",NA,NA,"L3: COPD","AP",209137
"male","55-59","sc_cycle_deaths_ap_COPD_lb",0.00343,"bogota","Cycling",NA,NA,"L3: COPD","AP",187551
"male","60-64","sc_cycle_deaths_ap_COPD_lb",0.00783,"bogota","Cycling",NA,NA,"L3: COPD","AP",146500
"male","65-69","sc_cycle_deaths_ap_COPD_lb",0.01146,"bogota","Cycling",NA,NA,"L3: COPD","AP",105412
"female","15-19","sc_cycle_deaths_ap_COPD_lb",0.00003,"bogota","Cycling",NA,NA,"L3: COPD","AP",279280
"female","20-24","sc_cycle_deaths_ap_COPD_lb",0.00002,"bogota","Cycling",NA,NA,"L3: COPD","AP",360197
"female","25-29","sc_cycle_deaths_ap_COPD_lb",0,"bogota","Cycling",NA,NA,"L3: COPD","AP",364423
"female","30-34","sc_cycle_deaths_ap_COPD_lb",-0.0002,"bogota","Cycling",NA,NA,"L3: COPD","AP",330341
"female","35-39","sc_cycle_deaths_ap_COPD_lb",-0.00017,"bogota","Cycling",NA,NA,"L3: COPD","AP",309304
"female","40-44","sc_cycle_deaths_ap_COPD_lb",-0.00009,"bogota","Cycling",NA,NA,"L3: COPD","AP",275440
"female","45-49","sc_cycle_deaths_ap_COPD_lb",0.00049,"bogota","Cycling",NA,NA,"L3: COPD","AP",254843
"female","50-54","sc_cycle_deaths_ap_COPD_lb",0.0021,"bogota","Cycling",NA,NA,"L3: COPD","AP",256059
"female","55-59","sc_cycle_deaths_ap_COPD_lb",0.00348,"bogota","Cycling",NA,NA,"L3: COPD","AP",235548
"female","60-64","sc_cycle_deaths_ap_COPD_lb",0.00918,"bogota","Cycling",NA,NA,"L3: COPD","AP",189600
"female","65-69","sc_cycle_deaths_ap_COPD_lb",0.01324,"bogota","Cycling",NA,NA,"L3: COPD","AP",141409
"male","15-19","sc_car_deaths_ap_COPD_lb",-0.00054,"bogota","Car",NA,NA,"L3: COPD","AP",282736
"male","20-24","sc_car_deaths_ap_COPD_lb",-0.00109,"bogota","Car",NA,NA,"L3: COPD","AP",357934
"male","25-29","sc_car_deaths_ap_COPD_lb",-0.00137,"bogota","Car",NA,NA,"L3: COPD","AP",360031
"male","30-34","sc_car_deaths_ap_COPD_lb",-0.00242,"bogota","Car",NA,NA,"L3: COPD","AP",321492
"male","35-39","sc_car_deaths_ap_COPD_lb",-0.00299,"bogota","Car",NA,NA,"L3: COPD","AP",289808
"male","40-44","sc_car_deaths_ap_COPD_lb",-0.00422,"bogota","Car",NA,NA,"L3: COPD","AP",244543
"male","45-49","sc_car_deaths_ap_COPD_lb",-0.00813,"bogota","Car",NA,NA,"L3: COPD","AP",215491
"male","50-54","sc_car_deaths_ap_COPD_lb",-0.01814,"bogota","Car",NA,NA,"L3: COPD","AP",209137
"male","55-59","sc_car_deaths_ap_COPD_lb",-0.03462,"bogota","Car",NA,NA,"L3: COPD","AP",187551
"male","60-64","sc_car_deaths_ap_COPD_lb",-0.06642,"bogota","Car",NA,NA,"L3: COPD","AP",146500
"male","65-69","sc_car_deaths_ap_COPD_lb",-0.09931,"bogota","Car",NA,NA,"L3: COPD","AP",105412
"female","15-19","sc_car_deaths_ap_COPD_lb",-0.00042,"bogota","Car",NA,NA,"L3: COPD","AP",279280
"female","20-24","sc_car_deaths_ap_COPD_lb",-0.00089,"bogota","Car",NA,NA,"L3: COPD","AP",360197
"female","25-29","sc_car_deaths_ap_COPD_lb",-0.00107,"bogota","Car",NA,NA,"L3: COPD","AP",364423
"female","30-34","sc_car_deaths_ap_COPD_lb",-0.0014,"bogota","Car",NA,NA,"L3: COPD","AP",330341
"female","35-39","sc_car_deaths_ap_COPD_lb",-0.00211,"bogota","Car",NA,NA,"L3: COPD","AP",309304
"female","40-44","sc_car_deaths_ap_COPD_lb",-0.00344,"bogota","Car",NA,NA,"L3: COPD","AP",275440
"female","45-49","sc_car_deaths_ap_COPD_lb",-0.00666,"bogota","Car",NA,NA,"L3: COPD","AP",254843
"female","50-54","sc_car_deaths_ap_COPD_lb",-0.01563,"bogota","Car",NA,NA,"L3: COPD","AP",256059
"female","55-59","sc_car_deaths_ap_COPD_lb",-0.02957,"bogota","Car",NA,NA,"L3: COPD","AP",235548
"female","60-64","sc_car_deaths_ap_COPD_lb",-0.05582,"bogota","Car",NA,NA,"L3: COPD","AP",189600
"female","65-69","sc_car_deaths_ap_COPD_lb",-0.08399,"bogota","Car",NA,NA,"L3: COPD","AP",141409
"male","15-19","sc_bus_deaths_ap_COPD_lb",-0.00005,"bogota","Bus",NA,NA,"L3: COPD","AP",282736
"male","20-24","sc_bus_deaths_ap_COPD_lb",-0.00008,"bogota","Bus",NA,NA,"L3: COPD","AP",357934
"male","25-29","sc_bus_deaths_ap_COPD_lb",-0.0001,"bogota","Bus",NA,NA,"L3: COPD","AP",360031
"male","30-34","sc_bus_deaths_ap_COPD_lb",-0.00004,"bogota","Bus",NA,NA,"L3: COPD","AP",321492
"male","35-39","sc_bus_deaths_ap_COPD_lb",-0.00007,"bogota","Bus",NA,NA,"L3: COPD","AP",289808
"male","40-44","sc_bus_deaths_ap_COPD_lb",0.00001,"bogota","Bus",NA,NA,"L3: COPD","AP",244543
"male","45-49","sc_bus_deaths_ap_COPD_lb",-0.00029,"bogota","Bus",NA,NA,"L3: COPD","AP",215491
"male","50-54","sc_bus_deaths_ap_COPD_lb",-0.00134,"bogota","Bus",NA,NA,"L3: COPD","AP",209137
"male","55-59","sc_bus_deaths_ap_COPD_lb",-0.00279,"bogota","Bus",NA,NA,"L3: COPD","AP",187551
"male","60-64","sc_bus_deaths_ap_COPD_lb",-0.0046,"bogota","Bus",NA,NA,"L3: COPD","AP",146500
"male","65-69","sc_bus_deaths_ap_COPD_lb",-0.01569,"bogota","Bus",NA,NA,"L3: COPD","AP",105412
"female","15-19","sc_bus_deaths_ap_COPD_lb",-0.00008,"bogota","Bus",NA,NA,"L3: COPD","AP",279280
"female","20-24","sc_bus_deaths_ap_COPD_lb",-0.00015,"bogota","Bus",NA,NA,"L3: COPD","AP",360197
"female","25-29","sc_bus_deaths_ap_COPD_lb",-0.00019,"bogota","Bus",NA,NA,"L3: COPD","AP",364423
"female","30-34","sc_bus_deaths_ap_COPD_lb",-0.00018,"bogota","Bus",NA,NA,"L3: COPD","AP",330341
"female","35-39","sc_bus_deaths_ap_COPD_lb",-0.0003,"bogota","Bus",NA,NA,"L3: COPD","AP",309304
"female","40-44","sc_bus_deaths_ap_COPD_lb",-0.00049,"bogota","Bus",NA,NA,"L3: COPD","AP",275440
"female","45-49","sc_bus_deaths_ap_COPD_lb",-0.00106,"bogota","Bus",NA,NA,"L3: COPD","AP",254843
"female","50-54","sc_bus_deaths_ap_COPD_lb",-0.00331,"bogota","Bus",NA,NA,"L3: COPD","AP",256059
"female","55-59","sc_bus_deaths_ap_COPD_lb",-0.00634,"bogota","Bus",NA,NA,"L3: COPD","AP",235548
"female","60-64","sc_bus_deaths_ap_COPD_lb",-0.01167,"bogota","Bus",NA,NA,"L3: COPD","AP",189600
"female","65-69","sc_bus_deaths_ap_COPD_lb",-0.01907,"bogota","Bus",NA,NA,"L3: COPD","AP",141409
"male","15-19","sc_cycle_deaths_ap_COPD_ub",0.00007,"bogota","Cycling",NA,NA,"L3: COPD","AP",282736
"male","20-24","sc_cycle_deaths_ap_COPD_ub",0.00008,"bogota","Cycling",NA,NA,"L3: COPD","AP",357934
"male","25-29","sc_cycle_deaths_ap_COPD_ub",0.00013,"bogota","Cycling",NA,NA,"L3: COPD","AP",360031
"male","30-34","sc_cycle_deaths_ap_COPD_ub",0.00008,"bogota","Cycling",NA,NA,"L3: COPD","AP",321492
"male","35-39","sc_cycle_deaths_ap_COPD_ub",0.00004,"bogota","Cycling",NA,NA,"L3: COPD","AP",289808
"male","40-44","sc_cycle_deaths_ap_COPD_ub",0.0001,"bogota","Cycling",NA,NA,"L3: COPD","AP",244543
"male","45-49","sc_cycle_deaths_ap_COPD_ub",-0.00028,"bogota","Cycling",NA,NA,"L3: COPD","AP",215491
"male","50-54","sc_cycle_deaths_ap_COPD_ub",0.00143,"bogota","Cycling",NA,NA,"L3: COPD","AP",209137
"male","55-59","sc_cycle_deaths_ap_COPD_ub",0.00343,"bogota","Cycling",NA,NA,"L3: COPD","AP",187551
"male","60-64","sc_cycle_deaths_ap_COPD_ub",0.00783,"bogota","Cycling",NA,NA,"L3: COPD","AP",146500
"male","65-69","sc_cycle_deaths_ap_COPD_ub",0.01146,"bogota","Cycling",NA,NA,"L3: COPD","AP",105412
"female","15-19","sc_cycle_deaths_ap_COPD_ub",0.00003,"bogota","Cycling",NA,NA,"L3: COPD","AP",279280
"female","20-24","sc_cycle_deaths_ap_COPD_ub",0.00002,"bogota","Cycling",NA,NA,"L3: COPD","AP",360197
"female","25-29","sc_cycle_deaths_ap_COPD_ub",0,"bogota","Cycling",NA,NA,"L3: COPD","AP",364423
"female","30-34","sc_cycle_deaths_ap_COPD_ub",-0.0002,"bogota","Cycling",NA,NA,"L3: COPD","AP",330341
"female","35-39","sc_cycle_deaths_ap_COPD_ub",-0.00017,"bogota","Cycling",NA,NA,"L3: COPD","AP",309304
"female","40-44","sc_cycle_deaths_ap_COPD_ub",-0.00009,"bogota","Cycling",NA,NA,"L3: COPD","AP",275440
"female","45-49","sc_cycle_deaths_ap_COPD_ub",0.00049,"bogota","Cycling",NA,NA,"L3: COPD","AP",254843
"female","50-54","sc_cycle_deaths_ap_COPD_ub",0.0021,"bogota","Cycling",NA,NA,"L3: COPD","AP",256059
"female","55-59","sc_cycle_deaths_ap_COPD_ub",0.00348,"bogota","Cycling",NA,NA,"L3: COPD","AP",235548
"female","60-64","sc_cycle_deaths_ap_COPD_ub",0.00918,"bogota","Cycling",NA,NA,"L3: COPD","AP",189600
"female","65-69","sc_cycle_deaths_ap_COPD_ub",0.01324,"bogota","Cycling",NA,NA,"L3: COPD","AP",141409
"male","15-19","sc_car_deaths_ap_COPD_ub",-0.00054,"bogota","Car",NA,NA,"L3: COPD","AP",282736
"male","20-24","sc_car_deaths_ap_COPD_ub",-0.00109,"bogota","Car",NA,NA,"L3: COPD","AP",357934
"male","25-29","sc_car_deaths_ap_COPD_ub",-0.00137,"bogota","Car",NA,NA,"L3: COPD","AP",360031
"male","30-34","sc_car_deaths_ap_COPD_ub",-0.00242,"bogota","Car",NA,NA,"L3: COPD","AP",321492
"male","35-39","sc_car_deaths_ap_COPD_ub",-0.00299,"bogota","Car",NA,NA,"L3: COPD","AP",289808
"male","40-44","sc_car_deaths_ap_COPD_ub",-0.00422,"bogota","Car",NA,NA,"L3: COPD","AP",244543
"male","45-49","sc_car_deaths_ap_COPD_ub",-0.00813,"bogota","Car",NA,NA,"L3: COPD","AP",215491
"male","50-54","sc_car_deaths_ap_COPD_ub",-0.01814,"bogota","Car",NA,NA,"L3: COPD","AP",209137
"male","55-59","sc_car_deaths_ap_COPD_ub",-0.03462,"bogota","Car",NA,NA,"L3: COPD","AP",187551
"male","60-64","sc_car_deaths_ap_COPD_ub",-0.06642,"bogota","Car",NA,NA,"L3: COPD","AP",146500
"male","65-69","sc_car_deaths_ap_COPD_ub",-0.09931,"bogota","Car",NA,NA,"L3: COPD","AP",105412
"female","15-19","sc_car_deaths_ap_COPD_ub",-0.00042,"bogota","Car",NA,NA,"L3: COPD","AP",279280
"female","20-24","sc_car_deaths_ap_COPD_ub",-0.00089,"bogota","Car",NA,NA,"L3: COPD","AP",360197
"female","25-29","sc_car_deaths_ap_COPD_ub",-0.00107,"bogota","Car",NA,NA,"L3: COPD","AP",364423
"female","30-34","sc_car_deaths_ap_COPD_ub",-0.0014,"bogota","Car",NA,NA,"L3: COPD","AP",330341
"female","35-39","sc_car_deaths_ap_COPD_ub",-0.00211,"bogota","Car",NA,NA,"L3: COPD","AP",309304
"female","40-44","sc_car_deaths_ap_COPD_ub",-0.00344,"bogota","Car",NA,NA,"L3: COPD","AP",275440
"female","45-49","sc_car_deaths_ap_COPD_ub",-0.00666,"bogota","Car",NA,NA,"L3: COPD","AP",254843
"female","50-54","sc_car_deaths_ap_COPD_ub",-0.01563,"bogota","Car",NA,NA,"L3: COPD","AP",256059
"female","55-59","sc_car_deaths_ap_COPD_ub",-0.02957,"bogota","Car",NA,NA,"L3: COPD","AP",235548
"female","60-64","sc_car_deaths_ap_COPD_ub",-0.05582,"bogota","Car",NA,NA,"L3: COPD","AP",189600
"female","65-69","sc_car_deaths_ap_COPD_ub",-0.08399,"bogota","Car",NA,NA,"L3: COPD","AP",141409
"male","15-19","sc_bus_deaths_ap_COPD_ub",-0.00005,"bogota","Bus",NA,NA,"L3: COPD","AP",282736
"male","20-24","sc_bus_deaths_ap_COPD_ub",-0.00008,"bogota","Bus",NA,NA,"L3: COPD","AP",357934
"male","25-29","sc_bus_deaths_ap_COPD_ub",-0.0001,"bogota","Bus",NA,NA,"L3: COPD","AP",360031
"male","30-34","sc_bus_deaths_ap_COPD_ub",-0.00004,"bogota","Bus",NA,NA,"L3: COPD","AP",321492
"male","35-39","sc_bus_deaths_ap_COPD_ub",-0.00007,"bogota","Bus",NA,NA,"L3: COPD","AP",289808
"male","40-44","sc_bus_deaths_ap_COPD_ub",0.00001,"bogota","Bus",NA,NA,"L3: COPD","AP",244543
"male","45-49","sc_bus_deaths_ap_COPD_ub",-0.00029,"bogota","Bus",NA,NA,"L3: COPD","AP",215491
"male","50-54","sc_bus_deaths_ap_COPD_ub",-0.00134,"bogota","Bus",NA,NA,"L3: COPD","AP",209137
"male","55-59","sc_bus_deaths_ap_COPD_ub",-0.00279,"bogota","Bus",NA,NA,"L3: COPD","AP",187551
"male","60-64","sc_bus_deaths_ap_COPD_ub",-0.0046,"bogota","Bus",NA,NA,"L3: COPD","AP",146500
"male","65-69","sc_bus_deaths_ap_COPD_ub",-0.01569,"bogota","Bus",NA,NA,"L3: COPD","AP",105412
"female","15-19","sc_bus_deaths_ap_COPD_ub",-0.00008,"bogota","Bus",NA,NA,"L3: COPD","AP",279280
"female","20-24","sc_bus_deaths_ap_COPD_ub",-0.00015,"bogota","Bus",NA,NA,"L3: COPD","AP",360197
"female","25-29","sc_bus_deaths_ap_COPD_ub",-0.00019,"bogota","Bus",NA,NA,"L3: COPD","AP",364423
"female","30-34","sc_bus_deaths_ap_COPD_ub",-0.00018,"bogota","Bus",NA,NA,"L3: COPD","AP",330341
"female","35-39","sc_bus_deaths_ap_COPD_ub",-0.0003,"bogota","Bus",NA,NA,"L3: COPD","AP",309304
"female","40-44","sc_bus_deaths_ap_COPD_ub",-0.00049,"bogota","Bus",NA,NA,"L3: COPD","AP",275440
"female","45-49","sc_bus_deaths_ap_COPD_ub",-0.00106,"bogota","Bus",NA,NA,"L3: COPD","AP",254843
"female","50-54","sc_bus_deaths_ap_COPD_ub",-0.00331,"bogota","Bus",NA,NA,"L3: COPD","AP",256059
"female","55-59","sc_bus_deaths_ap_COPD_ub",-0.00634,"bogota","Bus",NA,NA,"L3: COPD","AP",235548
"female","60-64","sc_bus_deaths_ap_COPD_ub",-0.01167,"bogota","Bus",NA,NA,"L3: COPD","AP",189600
"female","65-69","sc_bus_deaths_ap_COPD_ub",-0.01907,"bogota","Bus",NA,NA,"L3: COPD","AP",141409
"male","15-19","sc_cycle_deaths_pa_stroke",0.0048,"bogota","Cycling",NA,NA,"L3: stroke","PA",282736
"male","20-24","sc_cycle_deaths_pa_stroke",0.01329,"bogota","Cycling",NA,NA,"L3: stroke","PA",357934
"male","25-29","sc_cycle_deaths_pa_stroke",0.02477,"bogota","Cycling",NA,NA,"L3: stroke","PA",360031
"male","30-34","sc_cycle_deaths_pa_stroke",0.06594,"bogota","Cycling",NA,NA,"L3: stroke","PA",321492
"male","35-39","sc_cycle_deaths_pa_stroke",0.09682,"bogota","Cycling",NA,NA,"L3: stroke","PA",289808
"male","40-44","sc_cycle_deaths_pa_stroke",0.13129,"bogota","Cycling",NA,NA,"L3: stroke","PA",244543
"male","45-49","sc_cycle_deaths_pa_stroke",0.17971,"bogota","Cycling",NA,NA,"L3: stroke","PA",215491
"male","50-54","sc_cycle_deaths_pa_stroke",0.25745,"bogota","Cycling",NA,NA,"L3: stroke","PA",209137
"male","55-59","sc_cycle_deaths_pa_stroke",0.39361,"bogota","Cycling",NA,NA,"L3: stroke","PA",187551
"male","60-64","sc_cycle_deaths_pa_stroke",0.48582,"bogota","Cycling",NA,NA,"L3: stroke","PA",146500
"male","65-69","sc_cycle_deaths_pa_stroke",0.68079,"bogota","Cycling",NA,NA,"L3: stroke","PA",105412
"female","15-19","sc_cycle_deaths_pa_stroke",0.00479,"bogota","Cycling",NA,NA,"L3: stroke","PA",279280
"female","20-24","sc_cycle_deaths_pa_stroke",0.01302,"bogota","Cycling",NA,NA,"L3: stroke","PA",360197
"female","25-29","sc_cycle_deaths_pa_stroke",0.02487,"bogota","Cycling",NA,NA,"L3: stroke","PA",364423
"female","30-34","sc_cycle_deaths_pa_stroke",0.06494,"bogota","Cycling",NA,NA,"L3: stroke","PA",330341
"female","35-39","sc_cycle_deaths_pa_stroke",0.1107,"bogota","Cycling",NA,NA,"L3: stroke","PA",309304
"female","40-44","sc_cycle_deaths_pa_stroke",0.15399,"bogota","Cycling",NA,NA,"L3: stroke","PA",275440
"female","45-49","sc_cycle_deaths_pa_stroke",0.25954,"bogota","Cycling",NA,NA,"L3: stroke","PA",254843
"female","50-54","sc_cycle_deaths_pa_stroke",0.37334,"bogota","Cycling",NA,NA,"L3: stroke","PA",256059
"female","55-59","sc_cycle_deaths_pa_stroke",0.58072,"bogota","Cycling",NA,NA,"L3: stroke","PA",235548
"female","60-64","sc_cycle_deaths_pa_stroke",0.56612,"bogota","Cycling",NA,NA,"L3: stroke","PA",189600
"female","65-69","sc_cycle_deaths_pa_stroke",0.908,"bogota","Cycling",NA,NA,"L3: stroke","PA",141409
"male","15-19","sc_car_deaths_pa_stroke",-0.0053,"bogota","Car",NA,NA,"L3: stroke","PA",282736
"male","20-24","sc_car_deaths_pa_stroke",-0.01017,"bogota","Car",NA,NA,"L3: stroke","PA",357934
"male","25-29","sc_car_deaths_pa_stroke",-0.01455,"bogota","Car",NA,NA,"L3: stroke","PA",360031
"male","30-34","sc_car_deaths_pa_stroke",-0.03393,"bogota","Car",NA,NA,"L3: stroke","PA",321492
"male","35-39","sc_car_deaths_pa_stroke",-0.05616,"bogota","Car",NA,NA,"L3: stroke","PA",289808
"male","40-44","sc_car_deaths_pa_stroke",-0.0725,"bogota","Car",NA,NA,"L3: stroke","PA",244543
"male","45-49","sc_car_deaths_pa_stroke",-0.09407,"bogota","Car",NA,NA,"L3: stroke","PA",215491
"male","50-54","sc_car_deaths_pa_stroke",-0.17092,"bogota","Car",NA,NA,"L3: stroke","PA",209137
"male","55-59","sc_car_deaths_pa_stroke",-0.25429,"bogota","Car",NA,NA,"L3: stroke","PA",187551
"male","60-64","sc_car_deaths_pa_stroke",-0.3164,"bogota","Car",NA,NA,"L3: stroke","PA",146500
"male","65-69","sc_car_deaths_pa_stroke",-0.38742,"bogota","Car",NA,NA,"L3: stroke","PA",105412
"female","15-19","sc_car_deaths_pa_stroke",-0.00323,"bogota","Car",NA,NA,"L3: stroke","PA",279280
"female","20-24","sc_car_deaths_pa_stroke",-0.00695,"bogota","Car",NA,NA,"L3: stroke","PA",360197
"female","25-29","sc_car_deaths_pa_stroke",-0.00752,"bogota","Car",NA,NA,"L3: stroke","PA",364423
"female","30-34","sc_car_deaths_pa_stroke",-0.02709,"bogota","Car",NA,NA,"L3: stroke","PA",330341
"female","35-39","sc_car_deaths_pa_stroke",-0.04259,"bogota","Car",NA,NA,"L3: stroke","PA",309304
"female","40-44","sc_car_deaths_pa_stroke",-0.08052,"bogota","Car",NA,NA,"L3: stroke","PA",275440
"female","45-49","sc_car_deaths_pa_stroke",-0.10658,"bogota","Car",NA,NA,"L3: stroke","PA",254843
"female","50-54","sc_car_deaths_pa_stroke",-0.11982,"bogota","Car",NA,NA,"L3: stroke","PA",256059
"female","55-59","sc_car_deaths_pa_stroke",-0.1831,"bogota","Car",NA,NA,"L3: stroke","PA",235548
"female","60-64","sc_car_deaths_pa_stroke",-0.21738,"bogota","Car",NA,NA,"L3: stroke","PA",189600
"female","65-69","sc_car_deaths_pa_stroke",-0.24346,"bogota","Car",NA,NA,"L3: stroke","PA",141409
"male","15-19","sc_bus_deaths_pa_stroke",-0.00187,"bogota","Bus",NA,NA,"L3: stroke","PA",282736
"male","20-24","sc_bus_deaths_pa_stroke",0.00124,"bogota","Bus",NA,NA,"L3: stroke","PA",357934
"male","25-29","sc_bus_deaths_pa_stroke",-0.00654,"bogota","Bus",NA,NA,"L3: stroke","PA",360031
"male","30-34","sc_bus_deaths_pa_stroke",0.00497,"bogota","Bus",NA,NA,"L3: stroke","PA",321492
"male","35-39","sc_bus_deaths_pa_stroke",0.00433,"bogota","Bus",NA,NA,"L3: stroke","PA",289808
"male","40-44","sc_bus_deaths_pa_stroke",0.00363,"bogota","Bus",NA,NA,"L3: stroke","PA",244543
"male","45-49","sc_bus_deaths_pa_stroke",-0.00593,"bogota","Bus",NA,NA,"L3: stroke","PA",215491
"male","50-54","sc_bus_deaths_pa_stroke",-0.05455,"bogota","Bus",NA,NA,"L3: stroke","PA",209137
"male","55-59","sc_bus_deaths_pa_stroke",0.01142,"bogota","Bus",NA,NA,"L3: stroke","PA",187551
"male","60-64","sc_bus_deaths_pa_stroke",-0.11414,"bogota","Bus",NA,NA,"L3: stroke","PA",146500
"male","65-69","sc_bus_deaths_pa_stroke",0.02634,"bogota","Bus",NA,NA,"L3: stroke","PA",105412
"female","15-19","sc_bus_deaths_pa_stroke",-0.00063,"bogota","Bus",NA,NA,"L3: stroke","PA",279280
"female","20-24","sc_bus_deaths_pa_stroke",0.00148,"bogota","Bus",NA,NA,"L3: stroke","PA",360197
"female","25-29","sc_bus_deaths_pa_stroke",0.0028,"bogota","Bus",NA,NA,"L3: stroke","PA",364423
"female","30-34","sc_bus_deaths_pa_stroke",0.00368,"bogota","Bus",NA,NA,"L3: stroke","PA",330341
"female","35-39","sc_bus_deaths_pa_stroke",0.00758,"bogota","Bus",NA,NA,"L3: stroke","PA",309304
"female","40-44","sc_bus_deaths_pa_stroke",0.01164,"bogota","Bus",NA,NA,"L3: stroke","PA",275440
"female","45-49","sc_bus_deaths_pa_stroke",0.00756,"bogota","Bus",NA,NA,"L3: stroke","PA",254843
"female","50-54","sc_bus_deaths_pa_stroke",0.04071,"bogota","Bus",NA,NA,"L3: stroke","PA",256059
"female","55-59","sc_bus_deaths_pa_stroke",0.09924,"bogota","Bus",NA,NA,"L3: stroke","PA",235548
"female","60-64","sc_bus_deaths_pa_stroke",0.11986,"bogota","Bus",NA,NA,"L3: stroke","PA",189600
"female","65-69","sc_bus_deaths_pa_stroke",0.05626,"bogota","Bus",NA,NA,"L3: stroke","PA",141409
"male","15-19","sc_cycle_deaths_pa_stroke_lb",0.00815,"bogota","Cycling",NA,NA,"L3: stroke","PA",282736
"male","20-24","sc_cycle_deaths_pa_stroke_lb",0.02288,"bogota","Cycling",NA,NA,"L3: stroke","PA",357934
"male","25-29","sc_cycle_deaths_pa_stroke_lb",0.04307,"bogota","Cycling",NA,NA,"L3: stroke","PA",360031
"male","30-34","sc_cycle_deaths_pa_stroke_lb",0.10756,"bogota","Cycling",NA,NA,"L3: stroke","PA",321492
"male","35-39","sc_cycle_deaths_pa_stroke_lb",0.1596,"bogota","Cycling",NA,NA,"L3: stroke","PA",289808
"male","40-44","sc_cycle_deaths_pa_stroke_lb",0.21365,"bogota","Cycling",NA,NA,"L3: stroke","PA",244543
"male","45-49","sc_cycle_deaths_pa_stroke_lb",0.29279,"bogota","Cycling",NA,NA,"L3: stroke","PA",215491
"male","50-54","sc_cycle_deaths_pa_stroke_lb",0.41422,"bogota","Cycling",NA,NA,"L3: stroke","PA",209137
"male","55-59","sc_cycle_deaths_pa_stroke_lb",0.64379,"bogota","Cycling",NA,NA,"L3: stroke","PA",187551
"male","60-64","sc_cycle_deaths_pa_stroke_lb",0.79186,"bogota","Cycling",NA,NA,"L3: stroke","PA",146500
"male","65-69","sc_cycle_deaths_pa_stroke_lb",1.09796,"bogota","Cycling",NA,NA,"L3: stroke","PA",105412
"female","15-19","sc_cycle_deaths_pa_stroke_lb",0.00824,"bogota","Cycling",NA,NA,"L3: stroke","PA",279280
"female","20-24","sc_cycle_deaths_pa_stroke_lb",0.02226,"bogota","Cycling",NA,NA,"L3: stroke","PA",360197
"female","25-29","sc_cycle_deaths_pa_stroke_lb",0.04186,"bogota","Cycling",NA,NA,"L3: stroke","PA",364423
"female","30-34","sc_cycle_deaths_pa_stroke_lb",0.10391,"bogota","Cycling",NA,NA,"L3: stroke","PA",330341
"female","35-39","sc_cycle_deaths_pa_stroke_lb",0.17874,"bogota","Cycling",NA,NA,"L3: stroke","PA",309304
"female","40-44","sc_cycle_deaths_pa_stroke_lb",0.24544,"bogota","Cycling",NA,NA,"L3: stroke","PA",275440
"female","45-49","sc_cycle_deaths_pa_stroke_lb",0.41576,"bogota","Cycling",NA,NA,"L3: stroke","PA",254843
"female","50-54","sc_cycle_deaths_pa_stroke_lb",0.60233,"bogota","Cycling",NA,NA,"L3: stroke","PA",256059
"female","55-59","sc_cycle_deaths_pa_stroke_lb",0.93028,"bogota","Cycling",NA,NA,"L3: stroke","PA",235548
"female","60-64","sc_cycle_deaths_pa_stroke_lb",0.89564,"bogota","Cycling",NA,NA,"L3: stroke","PA",189600
"female","65-69","sc_cycle_deaths_pa_stroke_lb",1.45229,"bogota","Cycling",NA,NA,"L3: stroke","PA",141409
"male","15-19","sc_car_deaths_pa_stroke_lb",-0.00944,"bogota","Car",NA,NA,"L3: stroke","PA",282736
"male","20-24","sc_car_deaths_pa_stroke_lb",-0.01801,"bogota","Car",NA,NA,"L3: stroke","PA",357934
"male","25-29","sc_car_deaths_pa_stroke_lb",-0.02621,"bogota","Car",NA,NA,"L3: stroke","PA",360031
"male","30-34","sc_car_deaths_pa_stroke_lb",-0.05732,"bogota","Car",NA,NA,"L3: stroke","PA",321492
"male","35-39","sc_car_deaths_pa_stroke_lb",-0.0943,"bogota","Car",NA,NA,"L3: stroke","PA",289808
"male","40-44","sc_car_deaths_pa_stroke_lb",-0.1222,"bogota","Car",NA,NA,"L3: stroke","PA",244543
"male","45-49","sc_car_deaths_pa_stroke_lb",-0.1557,"bogota","Car",NA,NA,"L3: stroke","PA",215491
"male","50-54","sc_car_deaths_pa_stroke_lb",-0.28342,"bogota","Car",NA,NA,"L3: stroke","PA",209137
"male","55-59","sc_car_deaths_pa_stroke_lb",-0.42092,"bogota","Car",NA,NA,"L3: stroke","PA",187551
"male","60-64","sc_car_deaths_pa_stroke_lb",-0.53377,"bogota","Car",NA,NA,"L3: stroke","PA",146500
"male","65-69","sc_car_deaths_pa_stroke_lb",-0.64087,"bogota","Car",NA,NA,"L3: stroke","PA",105412
"female","15-19","sc_car_deaths_pa_stroke_lb",-0.00583,"bogota","Car",NA,NA,"L3: stroke","PA",279280
"female","20-24","sc_car_deaths_pa_stroke_lb",-0.01247,"bogota","Car",NA,NA,"L3: stroke","PA",360197
"female","25-29","sc_car_deaths_pa_stroke_lb",-0.01316,"bogota","Car",NA,NA,"L3: stroke","PA",364423
"female","30-34","sc_car_deaths_pa_stroke_lb",-0.04586,"bogota","Car",NA,NA,"L3: stroke","PA",330341
"female","35-39","sc_car_deaths_pa_stroke_lb",-0.07265,"bogota","Car",NA,NA,"L3: stroke","PA",309304
"female","40-44","sc_car_deaths_pa_stroke_lb",-0.13693,"bogota","Car",NA,NA,"L3: stroke","PA",275440
"female","45-49","sc_car_deaths_pa_stroke_lb",-0.18279,"bogota","Car",NA,NA,"L3: stroke","PA",254843
"female","50-54","sc_car_deaths_pa_stroke_lb",-0.20463,"bogota","Car",NA,NA,"L3: stroke","PA",256059
"female","55-59","sc_car_deaths_pa_stroke_lb",-0.31502,"bogota","Car",NA,NA,"L3: stroke","PA",235548
"female","60-64","sc_car_deaths_pa_stroke_lb",-0.37145,"bogota","Car",NA,NA,"L3: stroke","PA",189600
"female","65-69","sc_car_deaths_pa_stroke_lb",-0.41341,"bogota","Car",NA,NA,"L3: stroke","PA",141409
"male","15-19","sc_bus_deaths_pa_stroke_lb",-0.00304,"bogota","Bus",NA,NA,"L3: stroke","PA",282736
"male","20-24","sc_bus_deaths_pa_stroke_lb",0.00348,"bogota","Bus",NA,NA,"L3: stroke","PA",357934
"male","25-29","sc_bus_deaths_pa_stroke_lb",-0.01018,"bogota","Bus",NA,NA,"L3: stroke","PA",360031
"male","30-34","sc_bus_deaths_pa_stroke_lb",0.01309,"bogota","Bus",NA,NA,"L3: stroke","PA",321492
"male","35-39","sc_bus_deaths_pa_stroke_lb",0.01427,"bogota","Bus",NA,NA,"L3: stroke","PA",289808
"male","40-44","sc_bus_deaths_pa_stroke_lb",0.01582,"bogota","Bus",NA,NA,"L3: stroke","PA",244543
"male","45-49","sc_bus_deaths_pa_stroke_lb",0.0042,"bogota","Bus",NA,NA,"L3: stroke","PA",215491
"male","50-54","sc_bus_deaths_pa_stroke_lb",-0.07594,"bogota","Bus",NA,NA,"L3: stroke","PA",209137
"male","55-59","sc_bus_deaths_pa_stroke_lb",0.04529,"bogota","Bus",NA,NA,"L3: stroke","PA",187551
"male","60-64","sc_bus_deaths_pa_stroke_lb",-0.16255,"bogota","Bus",NA,NA,"L3: stroke","PA",146500
"male","65-69","sc_bus_deaths_pa_stroke_lb",0.07647,"bogota","Bus",NA,NA,"L3: stroke","PA",105412
"female","15-19","sc_bus_deaths_pa_stroke_lb",-0.00098,"bogota","Bus",NA,NA,"L3: stroke","PA",279280
"female","20-24","sc_bus_deaths_pa_stroke_lb",0.0029,"bogota","Bus",NA,NA,"L3: stroke","PA",360197
"female","25-29","sc_bus_deaths_pa_stroke_lb",0.00526,"bogota","Bus",NA,NA,"L3: stroke","PA",364423
"female","30-34","sc_bus_deaths_pa_stroke_lb",0.00799,"bogota","Bus",NA,NA,"L3: stroke","PA",330341
"female","35-39","sc_bus_deaths_pa_stroke_lb",0.01591,"bogota","Bus",NA,NA,"L3: stroke","PA",309304
"female","40-44","sc_bus_deaths_pa_stroke_lb",0.02514,"bogota","Bus",NA,NA,"L3: stroke","PA",275440
"female","45-49","sc_bus_deaths_pa_stroke_lb",0.02079,"bogota","Bus",NA,NA,"L3: stroke","PA",254843
"female","50-54","sc_bus_deaths_pa_stroke_lb",0.07334,"bogota","Bus",NA,NA,"L3: stroke","PA",256059
"female","55-59","sc_bus_deaths_pa_stroke_lb",0.17595,"bogota","Bus",NA,NA,"L3: stroke","PA",235548
"female","60-64","sc_bus_deaths_pa_stroke_lb",0.21029,"bogota","Bus",NA,NA,"L3: stroke","PA",189600
"female","65-69","sc_bus_deaths_pa_stroke_lb",0.10381,"bogota","Bus",NA,NA,"L3: stroke","PA",141409
"male","15-19","sc_cycle_deaths_pa_stroke_ub",0.00168,"bogota","Cycling",NA,NA,"L3: stroke","PA",282736
"male","20-24","sc_cycle_deaths_pa_stroke_ub",0.00445,"bogota","Cycling",NA,NA,"L3: stroke","PA",357934
"male","25-29","sc_cycle_deaths_pa_stroke_ub",0.0078,"bogota","Cycling",NA,NA,"L3: stroke","PA",360031
"male","30-34","sc_cycle_deaths_pa_stroke_ub",0.0233,"bogota","Cycling",NA,NA,"L3: stroke","PA",321492
"male","35-39","sc_cycle_deaths_pa_stroke_ub",0.03302,"bogota","Cycling",NA,NA,"L3: stroke","PA",289808
"male","40-44","sc_cycle_deaths_pa_stroke_ub",0.04715,"bogota","Cycling",NA,NA,"L3: stroke","PA",244543
"male","45-49","sc_cycle_deaths_pa_stroke_ub",0.06352,"bogota","Cycling",NA,NA,"L3: stroke","PA",215491
"male","50-54","sc_cycle_deaths_pa_stroke_ub",0.0941,"bogota","Cycling",NA,NA,"L3: stroke","PA",209137
"male","55-59","sc_cycle_deaths_pa_stroke_ub",0.13799,"bogota","Cycling",NA,NA,"L3: stroke","PA",187551
"male","60-64","sc_cycle_deaths_pa_stroke_ub",0.17065,"bogota","Cycling",NA,NA,"L3: stroke","PA",146500
"male","65-69","sc_cycle_deaths_pa_stroke_ub",0.24316,"bogota","Cycling",NA,NA,"L3: stroke","PA",105412
"female","15-19","sc_cycle_deaths_pa_stroke_ub",0.0016,"bogota","Cycling",NA,NA,"L3: stroke","PA",279280
"female","20-24","sc_cycle_deaths_pa_stroke_ub",0.00439,"bogota","Cycling",NA,NA,"L3: stroke","PA",360197
"female","25-29","sc_cycle_deaths_pa_stroke_ub",0.00876,"bogota","Cycling",NA,NA,"L3: stroke","PA",364423
"female","30-34","sc_cycle_deaths_pa_stroke_ub",0.02401,"bogota","Cycling",NA,NA,"L3: stroke","PA",330341
"female","35-39","sc_cycle_deaths_pa_stroke_ub",0.03987,"bogota","Cycling",NA,NA,"L3: stroke","PA",309304
"female","40-44","sc_cycle_deaths_pa_stroke_ub",0.05746,"bogota","Cycling",NA,NA,"L3: stroke","PA",275440
"female","45-49","sc_cycle_deaths_pa_stroke_ub",0.09585,"bogota","Cycling",NA,NA,"L3: stroke","PA",254843
"female","50-54","sc_cycle_deaths_pa_stroke_ub",0.13091,"bogota","Cycling",NA,NA,"L3: stroke","PA",256059
"female","55-59","sc_cycle_deaths_pa_stroke_ub",0.2109,"bogota","Cycling",NA,NA,"L3: stroke","PA",235548
"female","60-64","sc_cycle_deaths_pa_stroke_ub",0.21144,"bogota","Cycling",NA,NA,"L3: stroke","PA",189600
"female","65-69","sc_cycle_deaths_pa_stroke_ub",0.3293,"bogota","Cycling",NA,NA,"L3: stroke","PA",141409
"male","15-19","sc_car_deaths_pa_stroke_ub",-0.00162,"bogota","Car",NA,NA,"L3: stroke","PA",282736
"male","20-24","sc_car_deaths_pa_stroke_ub",-0.00315,"bogota","Car",NA,NA,"L3: stroke","PA",357934
"male","25-29","sc_car_deaths_pa_stroke_ub",-0.00425,"bogota","Car",NA,NA,"L3: stroke","PA",360031
"male","30-34","sc_car_deaths_pa_stroke_ub",-0.01082,"bogota","Car",NA,NA,"L3: stroke","PA",321492
"male","35-39","sc_car_deaths_pa_stroke_ub",-0.01831,"bogota","Car",NA,NA,"L3: stroke","PA",289808
"male","40-44","sc_car_deaths_pa_stroke_ub",-0.02368,"bogota","Car",NA,NA,"L3: stroke","PA",244543
"male","45-49","sc_car_deaths_pa_stroke_ub",-0.03212,"bogota","Car",NA,NA,"L3: stroke","PA",215491
"male","50-54","sc_car_deaths_pa_stroke_ub",-0.05725,"bogota","Car",NA,NA,"L3: stroke","PA",209137
"male","55-59","sc_car_deaths_pa_stroke_ub",-0.08759,"bogota","Car",NA,NA,"L3: stroke","PA",187551
"male","60-64","sc_car_deaths_pa_stroke_ub",-0.10281,"bogota","Car",NA,NA,"L3: stroke","PA",146500
"male","65-69","sc_car_deaths_pa_stroke_ub",-0.12916,"bogota","Car",NA,NA,"L3: stroke","PA",105412
"female","15-19","sc_car_deaths_pa_stroke_ub",-0.00095,"bogota","Car",NA,NA,"L3: stroke","PA",279280
"female","20-24","sc_car_deaths_pa_stroke_ub",-0.00209,"bogota","Car",NA,NA,"L3: stroke","PA",360197
"female","25-29","sc_car_deaths_pa_stroke_ub",-0.00249,"bogota","Car",NA,NA,"L3: stroke","PA",364423
"female","30-34","sc_car_deaths_pa_stroke_ub",-0.00862,"bogota","Car",NA,NA,"L3: stroke","PA",330341
"female","35-39","sc_car_deaths_pa_stroke_ub",-0.01331,"bogota","Car",NA,NA,"L3: stroke","PA",309304
"female","40-44","sc_car_deaths_pa_stroke_ub",-0.02525,"bogota","Car",NA,NA,"L3: stroke","PA",275440
"female","45-49","sc_car_deaths_pa_stroke_ub",-0.0329,"bogota","Car",NA,NA,"L3: stroke","PA",254843
"female","50-54","sc_car_deaths_pa_stroke_ub",-0.03635,"bogota","Car",NA,NA,"L3: stroke","PA",256059
"female","55-59","sc_car_deaths_pa_stroke_ub",-0.05519,"bogota","Car",NA,NA,"L3: stroke","PA",235548
"female","60-64","sc_car_deaths_pa_stroke_ub",-0.06559,"bogota","Car",NA,NA,"L3: stroke","PA",189600
"female","65-69","sc_car_deaths_pa_stroke_ub",-0.07647,"bogota","Car",NA,NA,"L3: stroke","PA",141409
"male","15-19","sc_bus_deaths_pa_stroke_ub",-0.0007,"bogota","Bus",NA,NA,"L3: stroke","PA",282736
"male","20-24","sc_bus_deaths_pa_stroke_ub",-0.00021,"bogota","Bus",NA,NA,"L3: stroke","PA",357934
"male","25-29","sc_bus_deaths_pa_stroke_ub",-0.00257,"bogota","Bus",NA,NA,"L3: stroke","PA",360031
"male","30-34","sc_bus_deaths_pa_stroke_ub",-0.00077,"bogota","Bus",NA,NA,"L3: stroke","PA",321492
"male","35-39","sc_bus_deaths_pa_stroke_ub",-0.00217,"bogota","Bus",NA,NA,"L3: stroke","PA",289808
"male","40-44","sc_bus_deaths_pa_stroke_ub",-0.00375,"bogota","Bus",NA,NA,"L3: stroke","PA",244543
"male","45-49","sc_bus_deaths_pa_stroke_ub",-0.009,"bogota","Bus",NA,NA,"L3: stroke","PA",215491
"male","50-54","sc_bus_deaths_pa_stroke_ub",-0.02565,"bogota","Bus",NA,NA,"L3: stroke","PA",209137
"male","55-59","sc_bus_deaths_pa_stroke_ub",-0.01017,"bogota","Bus",NA,NA,"L3: stroke","PA",187551
"male","60-64","sc_bus_deaths_pa_stroke_ub",-0.05231,"bogota","Bus",NA,NA,"L3: stroke","PA",146500
"male","65-69","sc_bus_deaths_pa_stroke_ub",-0.00872,"bogota","Bus",NA,NA,"L3: stroke","PA",105412
"female","15-19","sc_bus_deaths_pa_stroke_ub",-0.00025,"bogota","Bus",NA,NA,"L3: stroke","PA",279280
"female","20-24","sc_bus_deaths_pa_stroke_ub",0.00035,"bogota","Bus",NA,NA,"L3: stroke","PA",360197
"female","25-29","sc_bus_deaths_pa_stroke_ub",0.00074,"bogota","Bus",NA,NA,"L3: stroke","PA",364423
"female","30-34","sc_bus_deaths_pa_stroke_ub",0.00022,"bogota","Bus",NA,NA,"L3: stroke","PA",330341
"female","35-39","sc_bus_deaths_pa_stroke_ub",0.00057,"bogota","Bus",NA,NA,"L3: stroke","PA",309304
"female","40-44","sc_bus_deaths_pa_stroke_ub",0.00075,"bogota","Bus",NA,NA,"L3: stroke","PA",275440
"female","45-49","sc_bus_deaths_pa_stroke_ub",-0.00198,"bogota","Bus",NA,NA,"L3: stroke","PA",254843
"female","50-54","sc_bus_deaths_pa_stroke_ub",0.0109,"bogota","Bus",NA,NA,"L3: stroke","PA",256059
"female","55-59","sc_bus_deaths_pa_stroke_ub",0.02682,"bogota","Bus",NA,NA,"L3: stroke","PA",235548
"female","60-64","sc_bus_deaths_pa_stroke_ub",0.03376,"bogota","Bus",NA,NA,"L3: stroke","PA",189600
"female","65-69","sc_bus_deaths_pa_stroke_ub",0.01362,"bogota","Bus",NA,NA,"L3: stroke","PA",141409
"male","15-19","sc_cycle_deaths_ap_stroke",0,"bogota","Cycling",NA,NA,"L3: stroke","AP",282736
"male","20-24","sc_cycle_deaths_ap_stroke",0,"bogota","Cycling",NA,NA,"L3: stroke","AP",357934
"male","25-29","sc_cycle_deaths_ap_stroke",0.00208,"bogota","Cycling",NA,NA,"L3: stroke","AP",360031
"male","30-34","sc_cycle_deaths_ap_stroke",0.00081,"bogota","Cycling",NA,NA,"L3: stroke","AP",321492
"male","35-39","sc_cycle_deaths_ap_stroke",0.00047,"bogota","Cycling",NA,NA,"L3: stroke","AP",289808
"male","40-44","sc_cycle_deaths_ap_stroke",0.00101,"bogota","Cycling",NA,NA,"L3: stroke","AP",244543
"male","45-49","sc_cycle_deaths_ap_stroke",-0.00165,"bogota","Cycling",NA,NA,"L3: stroke","AP",215491
"male","50-54","sc_cycle_deaths_ap_stroke",0.00602,"bogota","Cycling",NA,NA,"L3: stroke","AP",209137
"male","55-59","sc_cycle_deaths_ap_stroke",0.00982,"bogota","Cycling",NA,NA,"L3: stroke","AP",187551
"male","60-64","sc_cycle_deaths_ap_stroke",0.01567,"bogota","Cycling",NA,NA,"L3: stroke","AP",146500
"male","65-69","sc_cycle_deaths_ap_stroke",0.01657,"bogota","Cycling",NA,NA,"L3: stroke","AP",105412
"female","15-19","sc_cycle_deaths_ap_stroke",0,"bogota","Cycling",NA,NA,"L3: stroke","AP",279280
"female","20-24","sc_cycle_deaths_ap_stroke",0,"bogota","Cycling",NA,NA,"L3: stroke","AP",360197
"female","25-29","sc_cycle_deaths_ap_stroke",0.00007,"bogota","Cycling",NA,NA,"L3: stroke","AP",364423
"female","30-34","sc_cycle_deaths_ap_stroke",-0.00295,"bogota","Cycling",NA,NA,"L3: stroke","AP",330341
"female","35-39","sc_cycle_deaths_ap_stroke",-0.00267,"bogota","Cycling",NA,NA,"L3: stroke","AP",309304
"female","40-44","sc_cycle_deaths_ap_stroke",-0.00124,"bogota","Cycling",NA,NA,"L3: stroke","AP",275440
"female","45-49","sc_cycle_deaths_ap_stroke",0.00522,"bogota","Cycling",NA,NA,"L3: stroke","AP",254843
"female","50-54","sc_cycle_deaths_ap_stroke",0.01342,"bogota","Cycling",NA,NA,"L3: stroke","AP",256059
"female","55-59","sc_cycle_deaths_ap_stroke",0.0157,"bogota","Cycling",NA,NA,"L3: stroke","AP",235548
"female","60-64","sc_cycle_deaths_ap_stroke",0.02469,"bogota","Cycling",NA,NA,"L3: stroke","AP",189600
"female","65-69","sc_cycle_deaths_ap_stroke",0.02593,"bogota","Cycling",NA,NA,"L3: stroke","AP",141409
"male","15-19","sc_car_deaths_ap_stroke",0,"bogota","Car",NA,NA,"L3: stroke","AP",282736
"male","20-24","sc_car_deaths_ap_stroke",0,"bogota","Car",NA,NA,"L3: stroke","AP",357934
"male","25-29","sc_car_deaths_ap_stroke",-0.02157,"bogota","Car",NA,NA,"L3: stroke","AP",360031
"male","30-34","sc_car_deaths_ap_stroke",-0.0238,"bogota","Car",NA,NA,"L3: stroke","AP",321492
"male","35-39","sc_car_deaths_ap_stroke",-0.03226,"bogota","Car",NA,NA,"L3: stroke","AP",289808
"male","40-44","sc_car_deaths_ap_stroke",-0.03935,"bogota","Car",NA,NA,"L3: stroke","AP",244543
"male","45-49","sc_car_deaths_ap_stroke",-0.04984,"bogota","Car",NA,NA,"L3: stroke","AP",215491
"male","50-54","sc_car_deaths_ap_stroke",-0.07519,"bogota","Car",NA,NA,"L3: stroke","AP",209137
"male","55-59","sc_car_deaths_ap_stroke",-0.09839,"bogota","Car",NA,NA,"L3: stroke","AP",187551
"male","60-64","sc_car_deaths_ap_stroke",-0.13188,"bogota","Car",NA,NA,"L3: stroke","AP",146500
"male","65-69","sc_car_deaths_ap_stroke",-0.14243,"bogota","Car",NA,NA,"L3: stroke","AP",105412
"female","15-19","sc_car_deaths_ap_stroke",0,"bogota","Car",NA,NA,"L3: stroke","AP",279280
"female","20-24","sc_car_deaths_ap_stroke",0,"bogota","Car",NA,NA,"L3: stroke","AP",360197
"female","25-29","sc_car_deaths_ap_stroke",-0.01689,"bogota","Car",NA,NA,"L3: stroke","AP",364423
"female","30-34","sc_car_deaths_ap_stroke",-0.02078,"bogota","Car",NA,NA,"L3: stroke","AP",330341
"female","35-39","sc_car_deaths_ap_stroke",-0.03458,"bogota","Car",NA,NA,"L3: stroke","AP",309304
"female","40-44","sc_car_deaths_ap_stroke",-0.05027,"bogota","Car",NA,NA,"L3: stroke","AP",275440
"female","45-49","sc_car_deaths_ap_stroke",-0.07064,"bogota","Car",NA,NA,"L3: stroke","AP",254843
"female","50-54","sc_car_deaths_ap_stroke",-0.09937,"bogota","Car",NA,NA,"L3: stroke","AP",256059
"female","55-59","sc_car_deaths_ap_stroke",-0.13279,"bogota","Car",NA,NA,"L3: stroke","AP",235548
"female","60-64","sc_car_deaths_ap_stroke",-0.14963,"bogota","Car",NA,NA,"L3: stroke","AP",189600
"female","65-69","sc_car_deaths_ap_stroke",-0.16376,"bogota","Car",NA,NA,"L3: stroke","AP",141409
"male","15-19","sc_bus_deaths_ap_stroke",0,"bogota","Bus",NA,NA,"L3: stroke","AP",282736
"male","20-24","sc_bus_deaths_ap_stroke",0,"bogota","Bus",NA,NA,"L3: stroke","AP",357934
"male","25-29","sc_bus_deaths_ap_stroke",-0.00157,"bogota","Bus",NA,NA,"L3: stroke","AP",360031
"male","30-34","sc_bus_deaths_ap_stroke",-0.00046,"bogota","Bus",NA,NA,"L3: stroke","AP",321492
"male","35-39","sc_bus_deaths_ap_stroke",-0.00073,"bogota","Bus",NA,NA,"L3: stroke","AP",289808
"male","40-44","sc_bus_deaths_ap_stroke",0.00003,"bogota","Bus",NA,NA,"L3: stroke","AP",244543
"male","45-49","sc_bus_deaths_ap_stroke",-0.0018,"bogota","Bus",NA,NA,"L3: stroke","AP",215491
"male","50-54","sc_bus_deaths_ap_stroke",-0.0056,"bogota","Bus",NA,NA,"L3: stroke","AP",209137
"male","55-59","sc_bus_deaths_ap_stroke",-0.00801,"bogota","Bus",NA,NA,"L3: stroke","AP",187551
"male","60-64","sc_bus_deaths_ap_stroke",-0.00925,"bogota","Bus",NA,NA,"L3: stroke","AP",146500
"male","65-69","sc_bus_deaths_ap_stroke",-0.02256,"bogota","Bus",NA,NA,"L3: stroke","AP",105412
"female","15-19","sc_bus_deaths_ap_stroke",0,"bogota","Bus",NA,NA,"L3: stroke","AP",279280
"female","20-24","sc_bus_deaths_ap_stroke",0,"bogota","Bus",NA,NA,"L3: stroke","AP",360197
"female","25-29","sc_bus_deaths_ap_stroke",-0.00296,"bogota","Bus",NA,NA,"L3: stroke","AP",364423
"female","30-34","sc_bus_deaths_ap_stroke",-0.00265,"bogota","Bus",NA,NA,"L3: stroke","AP",330341
"female","35-39","sc_bus_deaths_ap_stroke",-0.00486,"bogota","Bus",NA,NA,"L3: stroke","AP",309304
"female","40-44","sc_bus_deaths_ap_stroke",-0.00715,"bogota","Bus",NA,NA,"L3: stroke","AP",275440
"female","45-49","sc_bus_deaths_ap_stroke",-0.01127,"bogota","Bus",NA,NA,"L3: stroke","AP",254843
"female","50-54","sc_bus_deaths_ap_stroke",-0.02108,"bogota","Bus",NA,NA,"L3: stroke","AP",256059
"female","55-59","sc_bus_deaths_ap_stroke",-0.02848,"bogota","Bus",NA,NA,"L3: stroke","AP",235548
"female","60-64","sc_bus_deaths_ap_stroke",-0.03131,"bogota","Bus",NA,NA,"L3: stroke","AP",189600
"female","65-69","sc_bus_deaths_ap_stroke",-0.03722,"bogota","Bus",NA,NA,"L3: stroke","AP",141409
"male","15-19","sc_cycle_deaths_ap_stroke_lb",0,"bogota","Cycling",NA,NA,"L3: stroke","AP",282736
"male","20-24","sc_cycle_deaths_ap_stroke_lb",0,"bogota","Cycling",NA,NA,"L3: stroke","AP",357934
"male","25-29","sc_cycle_deaths_ap_stroke_lb",0.00208,"bogota","Cycling",NA,NA,"L3: stroke","AP",360031
"male","30-34","sc_cycle_deaths_ap_stroke_lb",0.00081,"bogota","Cycling",NA,NA,"L3: stroke","AP",321492
"male","35-39","sc_cycle_deaths_ap_stroke_lb",0.00047,"bogota","Cycling",NA,NA,"L3: stroke","AP",289808
"male","40-44","sc_cycle_deaths_ap_stroke_lb",0.00101,"bogota","Cycling",NA,NA,"L3: stroke","AP",244543
"male","45-49","sc_cycle_deaths_ap_stroke_lb",-0.00165,"bogota","Cycling",NA,NA,"L3: stroke","AP",215491
"male","50-54","sc_cycle_deaths_ap_stroke_lb",0.00602,"bogota","Cycling",NA,NA,"L3: stroke","AP",209137
"male","55-59","sc_cycle_deaths_ap_stroke_lb",0.00982,"bogota","Cycling",NA,NA,"L3: stroke","AP",187551
"male","60-64","sc_cycle_deaths_ap_stroke_lb",0.01567,"bogota","Cycling",NA,NA,"L3: stroke","AP",146500
"male","65-69","sc_cycle_deaths_ap_stroke_lb",0.01657,"bogota","Cycling",NA,NA,"L3: stroke","AP",105412
"female","15-19","sc_cycle_deaths_ap_stroke_lb",0,"bogota","Cycling",NA,NA,"L3: stroke","AP",279280
"female","20-24","sc_cycle_deaths_ap_stroke_lb",0,"bogota","Cycling",NA,NA,"L3: stroke","AP",360197
"female","25-29","sc_cycle_deaths_ap_stroke_lb",0.00007,"bogota","Cycling",NA,NA,"L3: stroke","AP",364423
"female","30-34","sc_cycle_deaths_ap_stroke_lb",-0.00295,"bogota","Cycling",NA,NA,"L3: stroke","AP",330341
"female","35-39","sc_cycle_deaths_ap_stroke_lb",-0.00267,"bogota","Cycling",NA,NA,"L3: stroke","AP",309304
"female","40-44","sc_cycle_deaths_ap_stroke_lb",-0.00124,"bogota","Cycling",NA,NA,"L3: stroke","AP",275440
"female","45-49","sc_cycle_deaths_ap_stroke_lb",0.00522,"bogota","Cycling",NA,NA,"L3: stroke","AP",254843
"female","50-54","sc_cycle_deaths_ap_stroke_lb",0.01342,"bogota","Cycling",NA,NA,"L3: stroke","AP",256059
"female","55-59","sc_cycle_deaths_ap_stroke_lb",0.0157,"bogota","Cycling",NA,NA,"L3: stroke","AP",235548
"female","60-64","sc_cycle_deaths_ap_stroke_lb",0.02469,"bogota","Cycling",NA,NA,"L3: stroke","AP",189600
"female","65-69","sc_cycle_deaths_ap_stroke_lb",0.02593,"bogota","Cycling",NA,NA,"L3: stroke","AP",141409
"male","15-19","sc_car_deaths_ap_stroke_lb",0,"bogota","Car",NA,NA,"L3: stroke","AP",282736
"male","20-24","sc_car_deaths_ap_stroke_lb",0,"bogota","Car",NA,NA,"L3: stroke","AP",357934
"male","25-29","sc_car_deaths_ap_stroke_lb",-0.02157,"bogota","Car",NA,NA,"L3: stroke","AP",360031
"male","30-34","sc_car_deaths_ap_stroke_lb",-0.0238,"bogota","Car",NA,NA,"L3: stroke","AP",321492
"male","35-39","sc_car_deaths_ap_stroke_lb",-0.03226,"bogota","Car",NA,NA,"L3: stroke","AP",289808
"male","40-44","sc_car_deaths_ap_stroke_lb",-0.03935,"bogota","Car",NA,NA,"L3: stroke","AP",244543
"male","45-49","sc_car_deaths_ap_stroke_lb",-0.04984,"bogota","Car",NA,NA,"L3: stroke","AP",215491
"male","50-54","sc_car_deaths_ap_stroke_lb",-0.07519,"bogota","Car",NA,NA,"L3: stroke","AP",209137
"male","55-59","sc_car_deaths_ap_stroke_lb",-0.09839,"bogota","Car",NA,NA,"L3: stroke","AP",187551
"male","60-64","sc_car_deaths_ap_stroke_lb",-0.13188,"bogota","Car",NA,NA,"L3: stroke","AP",146500
"male","65-69","sc_car_deaths_ap_stroke_lb",-0.14243,"bogota","Car",NA,NA,"L3: stroke","AP",105412
"female","15-19","sc_car_deaths_ap_stroke_lb",0,"bogota","Car",NA,NA,"L3: stroke","AP",279280
"female","20-24","sc_car_deaths_ap_stroke_lb",0,"bogota","Car",NA,NA,"L3: stroke","AP",360197
"female","25-29","sc_car_deaths_ap_stroke_lb",-0.01689,"bogota","Car",NA,NA,"L3: stroke","AP",364423
"female","30-34","sc_car_deaths_ap_stroke_lb",-0.02078,"bogota","Car",NA,NA,"L3: stroke","AP",330341
"female","35-39","sc_car_deaths_ap_stroke_lb",-0.03458,"bogota","Car",NA,NA,"L3: stroke","AP",309304
"female","40-44","sc_car_deaths_ap_stroke_lb",-0.05027,"bogota","Car",NA,NA,"L3: stroke","AP",275440
"female","45-49","sc_car_deaths_ap_stroke_lb",-0.07064,"bogota","Car",NA,NA,"L3: stroke","AP",254843
"female","50-54","sc_car_deaths_ap_stroke_lb",-0.09937,"bogota","Car",NA,NA,"L3: stroke","AP",256059
"female","55-59","sc_car_deaths_ap_stroke_lb",-0.13279,"bogota","Car",NA,NA,"L3: stroke","AP",235548
"female","60-64","sc_car_deaths_ap_stroke_lb",-0.14963,"bogota","Car",NA,NA,"L3: stroke","AP",189600
"female","65-69","sc_car_deaths_ap_stroke_lb",-0.16376,"bogota","Car",NA,NA,"L3: stroke","AP",141409
"male","15-19","sc_bus_deaths_ap_stroke_lb",0,"bogota","Bus",NA,NA,"L3: stroke","AP",282736
"male","20-24","sc_bus_deaths_ap_stroke_lb",0,"bogota","Bus",NA,NA,"L3: stroke","AP",357934
"male","25-29","sc_bus_deaths_ap_stroke_lb",-0.00157,"bogota","Bus",NA,NA,"L3: stroke","AP",360031
"male","30-34","sc_bus_deaths_ap_stroke_lb",-0.00046,"bogota","Bus",NA,NA,"L3: stroke","AP",321492
"male","35-39","sc_bus_deaths_ap_stroke_lb",-0.00073,"bogota","Bus",NA,NA,"L3: stroke","AP",289808
"male","40-44","sc_bus_deaths_ap_stroke_lb",0.00003,"bogota","Bus",NA,NA,"L3: stroke","AP",244543
"male","45-49","sc_bus_deaths_ap_stroke_lb",-0.0018,"bogota","Bus",NA,NA,"L3: stroke","AP",215491
"male","50-54","sc_bus_deaths_ap_stroke_lb",-0.0056,"bogota","Bus",NA,NA,"L3: stroke","AP",209137
"male","55-59","sc_bus_deaths_ap_stroke_lb",-0.00801,"bogota","Bus",NA,NA,"L3: stroke","AP",187551
"male","60-64","sc_bus_deaths_ap_stroke_lb",-0.00925,"bogota","Bus",NA,NA,"L3: stroke","AP",146500
"male","65-69","sc_bus_deaths_ap_stroke_lb",-0.02256,"bogota","Bus",NA,NA,"L3: stroke","AP",105412
"female","15-19","sc_bus_deaths_ap_stroke_lb",0,"bogota","Bus",NA,NA,"L3: stroke","AP",279280
"female","20-24","sc_bus_deaths_ap_stroke_lb",0,"bogota","Bus",NA,NA,"L3: stroke","AP",360197
"female","25-29","sc_bus_deaths_ap_stroke_lb",-0.00296,"bogota","Bus",NA,NA,"L3: stroke","AP",364423
"female","30-34","sc_bus_deaths_ap_stroke_lb",-0.00265,"bogota","Bus",NA,NA,"L3: stroke","AP",330341
"female","35-39","sc_bus_deaths_ap_stroke_lb",-0.00486,"bogota","Bus",NA,NA,"L3: stroke","AP",309304
"female","40-44","sc_bus_deaths_ap_stroke_lb",-0.00715,"bogota","Bus",NA,NA,"L3: stroke","AP",275440
"female","45-49","sc_bus_deaths_ap_stroke_lb",-0.01127,"bogota","Bus",NA,NA,"L3: stroke","AP",254843
"female","50-54","sc_bus_deaths_ap_stroke_lb",-0.02108,"bogota","Bus",NA,NA,"L3: stroke","AP",256059
"female","55-59","sc_bus_deaths_ap_stroke_lb",-0.02848,"bogota","Bus",NA,NA,"L3: stroke","AP",235548
"female","60-64","sc_bus_deaths_ap_stroke_lb",-0.03131,"bogota","Bus",NA,NA,"L3: stroke","AP",189600
"female","65-69","sc_bus_deaths_ap_stroke_lb",-0.03722,"bogota","Bus",NA,NA,"L3: stroke","AP",141409
"male","15-19","sc_cycle_deaths_ap_stroke_ub",0,"bogota","Cycling",NA,NA,"L3: stroke","AP",282736
"male","20-24","sc_cycle_deaths_ap_stroke_ub",0,"bogota","Cycling",NA,NA,"L3: stroke","AP",357934
"male","25-29","sc_cycle_deaths_ap_stroke_ub",0.00208,"bogota","Cycling",NA,NA,"L3: stroke","AP",360031
"male","30-34","sc_cycle_deaths_ap_stroke_ub",0.00081,"bogota","Cycling",NA,NA,"L3: stroke","AP",321492
"male","35-39","sc_cycle_deaths_ap_stroke_ub",0.00047,"bogota","Cycling",NA,NA,"L3: stroke","AP",289808
"male","40-44","sc_cycle_deaths_ap_stroke_ub",0.00101,"bogota","Cycling",NA,NA,"L3: stroke","AP",244543
"male","45-49","sc_cycle_deaths_ap_stroke_ub",-0.00165,"bogota","Cycling",NA,NA,"L3: stroke","AP",215491
"male","50-54","sc_cycle_deaths_ap_stroke_ub",0.00602,"bogota","Cycling",NA,NA,"L3: stroke","AP",209137
"male","55-59","sc_cycle_deaths_ap_stroke_ub",0.00982,"bogota","Cycling",NA,NA,"L3: stroke","AP",187551
"male","60-64","sc_cycle_deaths_ap_stroke_ub",0.01567,"bogota","Cycling",NA,NA,"L3: stroke","AP",146500
"male","65-69","sc_cycle_deaths_ap_stroke_ub",0.01657,"bogota","Cycling",NA,NA,"L3: stroke","AP",105412
"female","15-19","sc_cycle_deaths_ap_stroke_ub",0,"bogota","Cycling",NA,NA,"L3: stroke","AP",279280
"female","20-24","sc_cycle_deaths_ap_stroke_ub",0,"bogota","Cycling",NA,NA,"L3: stroke","AP",360197
"female","25-29","sc_cycle_deaths_ap_stroke_ub",0.00007,"bogota","Cycling",NA,NA,"L3: stroke","AP",364423
"female","30-34","sc_cycle_deaths_ap_stroke_ub",-0.00295,"bogota","Cycling",NA,NA,"L3: stroke","AP",330341
"female","35-39","sc_cycle_deaths_ap_stroke_ub",-0.00267,"bogota","Cycling",NA,NA,"L3: stroke","AP",309304
"female","40-44","sc_cycle_deaths_ap_stroke_ub",-0.00124,"bogota","Cycling",NA,NA,"L3: stroke","AP",275440
"female","45-49","sc_cycle_deaths_ap_stroke_ub",0.00522,"bogota","Cycling",NA,NA,"L3: stroke","AP",254843
"female","50-54","sc_cycle_deaths_ap_stroke_ub",0.01342,"bogota","Cycling",NA,NA,"L3: stroke","AP",256059
"female","55-59","sc_cycle_deaths_ap_stroke_ub",0.0157,"bogota","Cycling",NA,NA,"L3: stroke","AP",235548
"female","60-64","sc_cycle_deaths_ap_stroke_ub",0.02469,"bogota","Cycling",NA,NA,"L3: stroke","AP",189600
"female","65-69","sc_cycle_deaths_ap_stroke_ub",0.02593,"bogota","Cycling",NA,NA,"L3: stroke","AP",141409
"male","15-19","sc_car_deaths_ap_stroke_ub",0,"bogota","Car",NA,NA,"L3: stroke","AP",282736
"male","20-24","sc_car_deaths_ap_stroke_ub",0,"bogota","Car",NA,NA,"L3: stroke","AP",357934
"male","25-29","sc_car_deaths_ap_stroke_ub",-0.02157,"bogota","Car",NA,NA,"L3: stroke","AP",360031
"male","30-34","sc_car_deaths_ap_stroke_ub",-0.0238,"bogota","Car",NA,NA,"L3: stroke","AP",321492
"male","35-39","sc_car_deaths_ap_stroke_ub",-0.03226,"bogota","Car",NA,NA,"L3: stroke","AP",289808
"male","40-44","sc_car_deaths_ap_stroke_ub",-0.03935,"bogota","Car",NA,NA,"L3: stroke","AP",244543
"male","45-49","sc_car_deaths_ap_stroke_ub",-0.04984,"bogota","Car",NA,NA,"L3: stroke","AP",215491
"male","50-54","sc_car_deaths_ap_stroke_ub",-0.07519,"bogota","Car",NA,NA,"L3: stroke","AP",209137
"male","55-59","sc_car_deaths_ap_stroke_ub",-0.09839,"bogota","Car",NA,NA,"L3: stroke","AP",187551
"male","60-64","sc_car_deaths_ap_stroke_ub",-0.13188,"bogota","Car",NA,NA,"L3: stroke","AP",146500
"male","65-69","sc_car_deaths_ap_stroke_ub",-0.14243,"bogota","Car",NA,NA,"L3: stroke","AP",105412
"female","15-19","sc_car_deaths_ap_stroke_ub",0,"bogota","Car",NA,NA,"L3: stroke","AP",279280
"female","20-24","sc_car_deaths_ap_stroke_ub",0,"bogota","Car",NA,NA,"L3: stroke","AP",360197
"female","25-29","sc_car_deaths_ap_stroke_ub",-0.01689,"bogota","Car",NA,NA,"L3: stroke","AP",364423
"female","30-34","sc_car_deaths_ap_stroke_ub",-0.02078,"bogota","Car",NA,NA,"L3: stroke","AP",330341
"female","35-39","sc_car_deaths_ap_stroke_ub",-0.03458,"bogota","Car",NA,NA,"L3: stroke","AP",309304
"female","40-44","sc_car_deaths_ap_stroke_ub",-0.05027,"bogota","Car",NA,NA,"L3: stroke","AP",275440
"female","45-49","sc_car_deaths_ap_stroke_ub",-0.07064,"bogota","Car",NA,NA,"L3: stroke","AP",254843
"female","50-54","sc_car_deaths_ap_stroke_ub",-0.09937,"bogota","Car",NA,NA,"L3: stroke","AP",256059
"female","55-59","sc_car_deaths_ap_stroke_ub",-0.13279,"bogota","Car",NA,NA,"L3: stroke","AP",235548
"female","60-64","sc_car_deaths_ap_stroke_ub",-0.14963,"bogota","Car",NA,NA,"L3: stroke","AP",189600
"female","65-69","sc_car_deaths_ap_stroke_ub",-0.16376,"bogota","Car",NA,NA,"L3: stroke","AP",141409
"male","15-19","sc_bus_deaths_ap_stroke_ub",0,"bogota","Bus",NA,NA,"L3: stroke","AP",282736
"male","20-24","sc_bus_deaths_ap_stroke_ub",0,"bogota","Bus",NA,NA,"L3: stroke","AP",357934
"male","25-29","sc_bus_deaths_ap_stroke_ub",-0.00157,"bogota","Bus",NA,NA,"L3: stroke","AP",360031
"male","30-34","sc_bus_deaths_ap_stroke_ub",-0.00046,"bogota","Bus",NA,NA,"L3: stroke","AP",321492
"male","35-39","sc_bus_deaths_ap_stroke_ub",-0.00073,"bogota","Bus",NA,NA,"L3: stroke","AP",289808
"male","40-44","sc_bus_deaths_ap_stroke_ub",0.00003,"bogota","Bus",NA,NA,"L3: stroke","AP",244543
"male","45-49","sc_bus_deaths_ap_stroke_ub",-0.0018,"bogota","Bus",NA,NA,"L3: stroke","AP",215491
"male","50-54","sc_bus_deaths_ap_stroke_ub",-0.0056,"bogota","Bus",NA,NA,"L3: stroke","AP",209137
"male","55-59","sc_bus_deaths_ap_stroke_ub",-0.00801,"bogota","Bus",NA,NA,"L3: stroke","AP",187551
"male","60-64","sc_bus_deaths_ap_stroke_ub",-0.00925,"bogota","Bus",NA,NA,"L3: stroke","AP",146500
"male","65-69","sc_bus_deaths_ap_stroke_ub",-0.02256,"bogota","Bus",NA,NA,"L3: stroke","AP",105412
"female","15-19","sc_bus_deaths_ap_stroke_ub",0,"bogota","Bus",NA,NA,"L3: stroke","AP",279280
"female","20-24","sc_bus_deaths_ap_stroke_ub",0,"bogota","Bus",NA,NA,"L3: stroke","AP",360197
"female","25-29","sc_bus_deaths_ap_stroke_ub",-0.00296,"bogota","Bus",NA,NA,"L3: stroke","AP",364423
"female","30-34","sc_bus_deaths_ap_stroke_ub",-0.00265,"bogota","Bus",NA,NA,"L3: stroke","AP",330341
"female","35-39","sc_bus_deaths_ap_stroke_ub",-0.00486,"bogota","Bus",NA,NA,"L3: stroke","AP",309304
"female","40-44","sc_bus_deaths_ap_stroke_ub",-0.00715,"bogota","Bus",NA,NA,"L3: stroke","AP",275440
"female","45-49","sc_bus_deaths_ap_stroke_ub",-0.01127,"bogota","Bus",NA,NA,"L3: stroke","AP",254843
"female","50-54","sc_bus_deaths_ap_stroke_ub",-0.02108,"bogota","Bus",NA,NA,"L3: stroke","AP",256059
"female","55-59","sc_bus_deaths_ap_stroke_ub",-0.02848,"bogota","Bus",NA,NA,"L3: stroke","AP",235548
"female","60-64","sc_bus_deaths_ap_stroke_ub",-0.03131,"bogota","Bus",NA,NA,"L3: stroke","AP",189600
"female","65-69","sc_bus_deaths_ap_stroke_ub",-0.03722,"bogota","Bus",NA,NA,"L3: stroke","AP",141409
"male","15-19","sc_cycle_deaths_pa_T2D",0.00081,"bogota","Cycling",NA,"L2: Other","L3: T2D","PA",282736
"male","20-24","sc_cycle_deaths_pa_T2D",0.00302,"bogota","Cycling",NA,"L2: Other","L3: T2D","PA",357934
"male","25-29","sc_cycle_deaths_pa_T2D",0.00582,"bogota","Cycling",NA,"L2: Other","L3: T2D","PA",360031
"male","30-34","sc_cycle_deaths_pa_T2D",0.03341,"bogota","Cycling",NA,"L2: Other","L3: T2D","PA",321492
"male","35-39","sc_cycle_deaths_pa_T2D",0.04099,"bogota","Cycling",NA,"L2: Other","L3: T2D","PA",289808
"male","40-44","sc_cycle_deaths_pa_T2D",0.06314,"bogota","Cycling",NA,"L2: Other","L3: T2D","PA",244543
"male","45-49","sc_cycle_deaths_pa_T2D",0.11509,"bogota","Cycling",NA,"L2: Other","L3: T2D","PA",215491
"male","50-54","sc_cycle_deaths_pa_T2D",0.17452,"bogota","Cycling",NA,"L2: Other","L3: T2D","PA",209137
"male","55-59","sc_cycle_deaths_pa_T2D",0.28284,"bogota","Cycling",NA,"L2: Other","L3: T2D","PA",187551
"male","60-64","sc_cycle_deaths_pa_T2D",0.32952,"bogota","Cycling",NA,"L2: Other","L3: T2D","PA",146500
"male","65-69","sc_cycle_deaths_pa_T2D",0.46624,"bogota","Cycling",NA,"L2: Other","L3: T2D","PA",105412
"female","15-19","sc_cycle_deaths_pa_T2D",0.00177,"bogota","Cycling",NA,"L2: Other","L3: T2D","PA",279280
"female","20-24","sc_cycle_deaths_pa_T2D",0.00527,"bogota","Cycling",NA,"L2: Other","L3: T2D","PA",360197
"female","25-29","sc_cycle_deaths_pa_T2D",0.01129,"bogota","Cycling",NA,"L2: Other","L3: T2D","PA",364423
"female","30-34","sc_cycle_deaths_pa_T2D",0.03021,"bogota","Cycling",NA,"L2: Other","L3: T2D","PA",330341
"female","35-39","sc_cycle_deaths_pa_T2D",0.0422,"bogota","Cycling",NA,"L2: Other","L3: T2D","PA",309304
"female","40-44","sc_cycle_deaths_pa_T2D",0.06209,"bogota","Cycling",NA,"L2: Other","L3: T2D","PA",275440
"female","45-49","sc_cycle_deaths_pa_T2D",0.12844,"bogota","Cycling",NA,"L2: Other","L3: T2D","PA",254843
"female","50-54","sc_cycle_deaths_pa_T2D",0.22092,"bogota","Cycling",NA,"L2: Other","L3: T2D","PA",256059
"female","55-59","sc_cycle_deaths_pa_T2D",0.44363,"bogota","Cycling",NA,"L2: Other","L3: T2D","PA",235548
"female","60-64","sc_cycle_deaths_pa_T2D",0.53772,"bogota","Cycling",NA,"L2: Other","L3: T2D","PA",189600
"female","65-69","sc_cycle_deaths_pa_T2D",0.76006,"bogota","Cycling",NA,"L2: Other","L3: T2D","PA",141409
"male","15-19","sc_car_deaths_pa_T2D",-0.00072,"bogota","Car",NA,"L2: Other","L3: T2D","PA",282736
"male","20-24","sc_car_deaths_pa_T2D",-0.00204,"bogota","Car",NA,"L2: Other","L3: T2D","PA",357934
"male","25-29","sc_car_deaths_pa_T2D",-0.00299,"bogota","Car",NA,"L2: Other","L3: T2D","PA",360031
"male","30-34","sc_car_deaths_pa_T2D",-0.01456,"bogota","Car",NA,"L2: Other","L3: T2D","PA",321492
"male","35-39","sc_car_deaths_pa_T2D",-0.02214,"bogota","Car",NA,"L2: Other","L3: T2D","PA",289808
"male","40-44","sc_car_deaths_pa_T2D",-0.02998,"bogota","Car",NA,"L2: Other","L3: T2D","PA",244543
"male","45-49","sc_car_deaths_pa_T2D",-0.05708,"bogota","Car",NA,"L2: Other","L3: T2D","PA",215491
"male","50-54","sc_car_deaths_pa_T2D",-0.10106,"bogota","Car",NA,"L2: Other","L3: T2D","PA",209137
"male","55-59","sc_car_deaths_pa_T2D",-0.17838,"bogota","Car",NA,"L2: Other","L3: T2D","PA",187551
"male","60-64","sc_car_deaths_pa_T2D",-0.18789,"bogota","Car",NA,"L2: Other","L3: T2D","PA",146500
"male","65-69","sc_car_deaths_pa_T2D",-0.2394,"bogota","Car",NA,"L2: Other","L3: T2D","PA",105412
"female","15-19","sc_car_deaths_pa_T2D",-0.00095,"bogota","Car",NA,"L2: Other","L3: T2D","PA",279280
"female","20-24","sc_car_deaths_pa_T2D",-0.00229,"bogota","Car",NA,"L2: Other","L3: T2D","PA",360197
"female","25-29","sc_car_deaths_pa_T2D",-0.003,"bogota","Car",NA,"L2: Other","L3: T2D","PA",364423
"female","30-34","sc_car_deaths_pa_T2D",-0.00984,"bogota","Car",NA,"L2: Other","L3: T2D","PA",330341
"female","35-39","sc_car_deaths_pa_T2D",-0.01281,"bogota","Car",NA,"L2: Other","L3: T2D","PA",309304
"female","40-44","sc_car_deaths_pa_T2D",-0.02441,"bogota","Car",NA,"L2: Other","L3: T2D","PA",275440
"female","45-49","sc_car_deaths_pa_T2D",-0.03927,"bogota","Car",NA,"L2: Other","L3: T2D","PA",254843
"female","50-54","sc_car_deaths_pa_T2D",-0.05541,"bogota","Car",NA,"L2: Other","L3: T2D","PA",256059
"female","55-59","sc_car_deaths_pa_T2D",-0.10264,"bogota","Car",NA,"L2: Other","L3: T2D","PA",235548
"female","60-64","sc_car_deaths_pa_T2D",-0.14548,"bogota","Car",NA,"L2: Other","L3: T2D","PA",189600
"female","65-69","sc_car_deaths_pa_T2D",-0.16019,"bogota","Car",NA,"L2: Other","L3: T2D","PA",141409
"male","15-19","sc_bus_deaths_pa_T2D",-0.00034,"bogota","Bus",NA,"L2: Other","L3: T2D","PA",282736
"male","20-24","sc_bus_deaths_pa_T2D",-0.00039,"bogota","Bus",NA,"L2: Other","L3: T2D","PA",357934
"male","25-29","sc_bus_deaths_pa_T2D",-0.00218,"bogota","Bus",NA,"L2: Other","L3: T2D","PA",360031
"male","30-34","sc_bus_deaths_pa_T2D",-0.00325,"bogota","Bus",NA,"L2: Other","L3: T2D","PA",321492
"male","35-39","sc_bus_deaths_pa_T2D",-0.00541,"bogota","Bus",NA,"L2: Other","L3: T2D","PA",289808
"male","40-44","sc_bus_deaths_pa_T2D",-0.00899,"bogota","Bus",NA,"L2: Other","L3: T2D","PA",244543
"male","45-49","sc_bus_deaths_pa_T2D",-0.02396,"bogota","Bus",NA,"L2: Other","L3: T2D","PA",215491
"male","50-54","sc_bus_deaths_pa_T2D",-0.0536,"bogota","Bus",NA,"L2: Other","L3: T2D","PA",209137
"male","55-59","sc_bus_deaths_pa_T2D",-0.03851,"bogota","Bus",NA,"L2: Other","L3: T2D","PA",187551
"male","60-64","sc_bus_deaths_pa_T2D",-0.11499,"bogota","Bus",NA,"L2: Other","L3: T2D","PA",146500
"male","65-69","sc_bus_deaths_pa_T2D",-0.03864,"bogota","Bus",NA,"L2: Other","L3: T2D","PA",105412
"female","15-19","sc_bus_deaths_pa_T2D",-0.00031,"bogota","Bus",NA,"L2: Other","L3: T2D","PA",279280
"female","20-24","sc_bus_deaths_pa_T2D",0.00029,"bogota","Bus",NA,"L2: Other","L3: T2D","PA",360197
"female","25-29","sc_bus_deaths_pa_T2D",0.00076,"bogota","Bus",NA,"L2: Other","L3: T2D","PA",364423
"female","30-34","sc_bus_deaths_pa_T2D",-0.00054,"bogota","Bus",NA,"L2: Other","L3: T2D","PA",330341
"female","35-39","sc_bus_deaths_pa_T2D",-0.00073,"bogota","Bus",NA,"L2: Other","L3: T2D","PA",309304
"female","40-44","sc_bus_deaths_pa_T2D",-0.00135,"bogota","Bus",NA,"L2: Other","L3: T2D","PA",275440
"female","45-49","sc_bus_deaths_pa_T2D",-0.00627,"bogota","Bus",NA,"L2: Other","L3: T2D","PA",254843
"female","50-54","sc_bus_deaths_pa_T2D",0.01478,"bogota","Bus",NA,"L2: Other","L3: T2D","PA",256059
"female","55-59","sc_bus_deaths_pa_T2D",0.04554,"bogota","Bus",NA,"L2: Other","L3: T2D","PA",235548
"female","60-64","sc_bus_deaths_pa_T2D",0.07055,"bogota","Bus",NA,"L2: Other","L3: T2D","PA",189600
"female","65-69","sc_bus_deaths_pa_T2D",0.02279,"bogota","Bus",NA,"L2: Other","L3: T2D","PA",141409
"male","15-19","sc_cycle_deaths_pa_T2D_lb",0.00106,"bogota","Cycling",NA,"L2: Other","L3: T2D","PA",282736
"male","20-24","sc_cycle_deaths_pa_T2D_lb",0.00396,"bogota","Cycling",NA,"L2: Other","L3: T2D","PA",357934
"male","25-29","sc_cycle_deaths_pa_T2D_lb",0.00764,"bogota","Cycling",NA,"L2: Other","L3: T2D","PA",360031
"male","30-34","sc_cycle_deaths_pa_T2D_lb",0.04207,"bogota","Cycling",NA,"L2: Other","L3: T2D","PA",321492
"male","35-39","sc_cycle_deaths_pa_T2D_lb",0.05174,"bogota","Cycling",NA,"L2: Other","L3: T2D","PA",289808
"male","40-44","sc_cycle_deaths_pa_T2D_lb",0.07959,"bogota","Cycling",NA,"L2: Other","L3: T2D","PA",244543
"male","45-49","sc_cycle_deaths_pa_T2D_lb",0.14506,"bogota","Cycling",NA,"L2: Other","L3: T2D","PA",215491
"male","50-54","sc_cycle_deaths_pa_T2D_lb",0.2192,"bogota","Cycling",NA,"L2: Other","L3: T2D","PA",209137
"male","55-59","sc_cycle_deaths_pa_T2D_lb",0.35684,"bogota","Cycling",NA,"L2: Other","L3: T2D","PA",187551
"male","60-64","sc_cycle_deaths_pa_T2D_lb",0.41448,"bogota","Cycling",NA,"L2: Other","L3: T2D","PA",146500
"male","65-69","sc_cycle_deaths_pa_T2D_lb",0.58454,"bogota","Cycling",NA,"L2: Other","L3: T2D","PA",105412
"female","15-19","sc_cycle_deaths_pa_T2D_lb",0.00233,"bogota","Cycling",NA,"L2: Other","L3: T2D","PA",279280
"female","20-24","sc_cycle_deaths_pa_T2D_lb",0.00689,"bogota","Cycling",NA,"L2: Other","L3: T2D","PA",360197
"female","25-29","sc_cycle_deaths_pa_T2D_lb",0.01473,"bogota","Cycling",NA,"L2: Other","L3: T2D","PA",364423
"female","30-34","sc_cycle_deaths_pa_T2D_lb",0.03788,"bogota","Cycling",NA,"L2: Other","L3: T2D","PA",330341
"female","35-39","sc_cycle_deaths_pa_T2D_lb",0.05302,"bogota","Cycling",NA,"L2: Other","L3: T2D","PA",309304
"female","40-44","sc_cycle_deaths_pa_T2D_lb",0.07767,"bogota","Cycling",NA,"L2: Other","L3: T2D","PA",275440
"female","45-49","sc_cycle_deaths_pa_T2D_lb",0.16097,"bogota","Cycling",NA,"L2: Other","L3: T2D","PA",254843
"female","50-54","sc_cycle_deaths_pa_T2D_lb",0.27656,"bogota","Cycling",NA,"L2: Other","L3: T2D","PA",256059
"female","55-59","sc_cycle_deaths_pa_T2D_lb",0.55436,"bogota","Cycling",NA,"L2: Other","L3: T2D","PA",235548
"female","60-64","sc_cycle_deaths_pa_T2D_lb",0.66859,"bogota","Cycling",NA,"L2: Other","L3: T2D","PA",189600
"female","65-69","sc_cycle_deaths_pa_T2D_lb",0.9471,"bogota","Cycling",NA,"L2: Other","L3: T2D","PA",141409
"male","15-19","sc_car_deaths_pa_T2D_lb",-0.00094,"bogota","Car",NA,"L2: Other","L3: T2D","PA",282736
"male","20-24","sc_car_deaths_pa_T2D_lb",-0.00269,"bogota","Car",NA,"L2: Other","L3: T2D","PA",357934
"male","25-29","sc_car_deaths_pa_T2D_lb",-0.00397,"bogota","Car",NA,"L2: Other","L3: T2D","PA",360031
"male","30-34","sc_car_deaths_pa_T2D_lb",-0.01846,"bogota","Car",NA,"L2: Other","L3: T2D","PA",321492
"male","35-39","sc_car_deaths_pa_T2D_lb",-0.02803,"bogota","Car",NA,"L2: Other","L3: T2D","PA",289808
"male","40-44","sc_car_deaths_pa_T2D_lb",-0.03804,"bogota","Car",NA,"L2: Other","L3: T2D","PA",244543
"male","45-49","sc_car_deaths_pa_T2D_lb",-0.0721,"bogota","Car",NA,"L2: Other","L3: T2D","PA",215491
"male","50-54","sc_car_deaths_pa_T2D_lb",-0.12763,"bogota","Car",NA,"L2: Other","L3: T2D","PA",209137
"male","55-59","sc_car_deaths_pa_T2D_lb",-0.22516,"bogota","Car",NA,"L2: Other","L3: T2D","PA",187551
"male","60-64","sc_car_deaths_pa_T2D_lb",-0.23805,"bogota","Car",NA,"L2: Other","L3: T2D","PA",146500
"male","65-69","sc_car_deaths_pa_T2D_lb",-0.30104,"bogota","Car",NA,"L2: Other","L3: T2D","PA",105412
"female","15-19","sc_car_deaths_pa_T2D_lb",-0.00126,"bogota","Car",NA,"L2: Other","L3: T2D","PA",279280
"female","20-24","sc_car_deaths_pa_T2D_lb",-0.00304,"bogota","Car",NA,"L2: Other","L3: T2D","PA",360197
"female","25-29","sc_car_deaths_pa_T2D_lb",-0.00396,"bogota","Car",NA,"L2: Other","L3: T2D","PA",364423
"female","30-34","sc_car_deaths_pa_T2D_lb",-0.01248,"bogota","Car",NA,"L2: Other","L3: T2D","PA",330341
"female","35-39","sc_car_deaths_pa_T2D_lb",-0.01627,"bogota","Car",NA,"L2: Other","L3: T2D","PA",309304
"female","40-44","sc_car_deaths_pa_T2D_lb",-0.03093,"bogota","Car",NA,"L2: Other","L3: T2D","PA",275440
"female","45-49","sc_car_deaths_pa_T2D_lb",-0.04987,"bogota","Car",NA,"L2: Other","L3: T2D","PA",254843
"female","50-54","sc_car_deaths_pa_T2D_lb",-0.07022,"bogota","Car",NA,"L2: Other","L3: T2D","PA",256059
"female","55-59","sc_car_deaths_pa_T2D_lb",-0.13014,"bogota","Car",NA,"L2: Other","L3: T2D","PA",235548
"female","60-64","sc_car_deaths_pa_T2D_lb",-0.18368,"bogota","Car",NA,"L2: Other","L3: T2D","PA",189600
"female","65-69","sc_car_deaths_pa_T2D_lb",-0.20203,"bogota","Car",NA,"L2: Other","L3: T2D","PA",141409
"male","15-19","sc_bus_deaths_pa_T2D_lb",-0.00045,"bogota","Bus",NA,"L2: Other","L3: T2D","PA",282736
"male","20-24","sc_bus_deaths_pa_T2D_lb",-0.00047,"bogota","Bus",NA,"L2: Other","L3: T2D","PA",357934
"male","25-29","sc_bus_deaths_pa_T2D_lb",-0.00282,"bogota","Bus",NA,"L2: Other","L3: T2D","PA",360031
"male","30-34","sc_bus_deaths_pa_T2D_lb",-0.00376,"bogota","Bus",NA,"L2: Other","L3: T2D","PA",321492
"male","35-39","sc_bus_deaths_pa_T2D_lb",-0.00642,"bogota","Bus",NA,"L2: Other","L3: T2D","PA",289808
"male","40-44","sc_bus_deaths_pa_T2D_lb",-0.01072,"bogota","Bus",NA,"L2: Other","L3: T2D","PA",244543
"male","45-49","sc_bus_deaths_pa_T2D_lb",-0.02899,"bogota","Bus",NA,"L2: Other","L3: T2D","PA",215491
"male","50-54","sc_bus_deaths_pa_T2D_lb",-0.0664,"bogota","Bus",NA,"L2: Other","L3: T2D","PA",209137
"male","55-59","sc_bus_deaths_pa_T2D_lb",-0.04595,"bogota","Bus",NA,"L2: Other","L3: T2D","PA",187551
"male","60-64","sc_bus_deaths_pa_T2D_lb",-0.14262,"bogota","Bus",NA,"L2: Other","L3: T2D","PA",146500
"male","65-69","sc_bus_deaths_pa_T2D_lb",-0.04511,"bogota","Bus",NA,"L2: Other","L3: T2D","PA",105412
"female","15-19","sc_bus_deaths_pa_T2D_lb",-0.00039,"bogota","Bus",NA,"L2: Other","L3: T2D","PA",279280
"female","20-24","sc_bus_deaths_pa_T2D_lb",0.0004,"bogota","Bus",NA,"L2: Other","L3: T2D","PA",360197
"female","25-29","sc_bus_deaths_pa_T2D_lb",0.00101,"bogota","Bus",NA,"L2: Other","L3: T2D","PA",364423
"female","30-34","sc_bus_deaths_pa_T2D_lb",-0.00057,"bogota","Bus",NA,"L2: Other","L3: T2D","PA",330341
"female","35-39","sc_bus_deaths_pa_T2D_lb",-0.00074,"bogota","Bus",NA,"L2: Other","L3: T2D","PA",309304
"female","40-44","sc_bus_deaths_pa_T2D_lb",-0.00138,"bogota","Bus",NA,"L2: Other","L3: T2D","PA",275440
"female","45-49","sc_bus_deaths_pa_T2D_lb",-0.00736,"bogota","Bus",NA,"L2: Other","L3: T2D","PA",254843
"female","50-54","sc_bus_deaths_pa_T2D_lb",0.01907,"bogota","Bus",NA,"L2: Other","L3: T2D","PA",256059
"female","55-59","sc_bus_deaths_pa_T2D_lb",0.05832,"bogota","Bus",NA,"L2: Other","L3: T2D","PA",235548
"female","60-64","sc_bus_deaths_pa_T2D_lb",0.08976,"bogota","Bus",NA,"L2: Other","L3: T2D","PA",189600
"female","65-69","sc_bus_deaths_pa_T2D_lb",0.02966,"bogota","Bus",NA,"L2: Other","L3: T2D","PA",141409
"male","15-19","sc_cycle_deaths_pa_T2D_ub",0.00057,"bogota","Cycling",NA,"L2: Other","L3: T2D","PA",282736
"male","20-24","sc_cycle_deaths_pa_T2D_ub",0.00213,"bogota","Cycling",NA,"L2: Other","L3: T2D","PA",357934
"male","25-29","sc_cycle_deaths_pa_T2D_ub",0.0041,"bogota","Cycling",NA,"L2: Other","L3: T2D","PA",360031
"male","30-34","sc_cycle_deaths_pa_T2D_ub",0.02455,"bogota","Cycling",NA,"L2: Other","L3: T2D","PA",321492
"male","35-39","sc_cycle_deaths_pa_T2D_ub",0.03006,"bogota","Cycling",NA,"L2: Other","L3: T2D","PA",289808
"male","40-44","sc_cycle_deaths_pa_T2D_ub",0.04622,"bogota","Cycling",NA,"L2: Other","L3: T2D","PA",244543
"male","45-49","sc_cycle_deaths_pa_T2D_ub",0.08433,"bogota","Cycling",NA,"L2: Other","L3: T2D","PA",215491
"male","50-54","sc_cycle_deaths_pa_T2D_ub",0.12838,"bogota","Cycling",NA,"L2: Other","L3: T2D","PA",209137
"male","55-59","sc_cycle_deaths_pa_T2D_ub",0.2068,"bogota","Cycling",NA,"L2: Other","L3: T2D","PA",187551
"male","60-64","sc_cycle_deaths_pa_T2D_ub",0.24213,"bogota","Cycling",NA,"L2: Other","L3: T2D","PA",146500
"male","65-69","sc_cycle_deaths_pa_T2D_ub",0.34321,"bogota","Cycling",NA,"L2: Other","L3: T2D","PA",105412
"female","15-19","sc_cycle_deaths_pa_T2D_ub",0.00124,"bogota","Cycling",NA,"L2: Other","L3: T2D","PA",279280
"female","20-24","sc_cycle_deaths_pa_T2D_ub",0.00372,"bogota","Cycling",NA,"L2: Other","L3: T2D","PA",360197
"female","25-29","sc_cycle_deaths_pa_T2D_ub",0.00793,"bogota","Cycling",NA,"L2: Other","L3: T2D","PA",364423
"female","30-34","sc_cycle_deaths_pa_T2D_ub",0.02223,"bogota","Cycling",NA,"L2: Other","L3: T2D","PA",330341
"female","35-39","sc_cycle_deaths_pa_T2D_ub",0.03104,"bogota","Cycling",NA,"L2: Other","L3: T2D","PA",309304
"female","40-44","sc_cycle_deaths_pa_T2D_ub",0.04581,"bogota","Cycling",NA,"L2: Other","L3: T2D","PA",275440
"female","45-49","sc_cycle_deaths_pa_T2D_ub",0.09458,"bogota","Cycling",NA,"L2: Other","L3: T2D","PA",254843
"female","50-54","sc_cycle_deaths_pa_T2D_ub",0.16302,"bogota","Cycling",NA,"L2: Other","L3: T2D","PA",256059
"female","55-59","sc_cycle_deaths_pa_T2D_ub",0.32782,"bogota","Cycling",NA,"L2: Other","L3: T2D","PA",235548
"female","60-64","sc_cycle_deaths_pa_T2D_ub",0.40001,"bogota","Cycling",NA,"L2: Other","L3: T2D","PA",189600
"female","65-69","sc_cycle_deaths_pa_T2D_ub",0.56402,"bogota","Cycling",NA,"L2: Other","L3: T2D","PA",141409
"male","15-19","sc_car_deaths_pa_T2D_ub",-0.0005,"bogota","Car",NA,"L2: Other","L3: T2D","PA",282736
"male","20-24","sc_car_deaths_pa_T2D_ub",-0.00144,"bogota","Car",NA,"L2: Other","L3: T2D","PA",357934
"male","25-29","sc_car_deaths_pa_T2D_ub",-0.00209,"bogota","Car",NA,"L2: Other","L3: T2D","PA",360031
"male","30-34","sc_car_deaths_pa_T2D_ub",-0.01066,"bogota","Car",NA,"L2: Other","L3: T2D","PA",321492
"male","35-39","sc_car_deaths_pa_T2D_ub",-0.0162,"bogota","Car",NA,"L2: Other","L3: T2D","PA",289808
"male","40-44","sc_car_deaths_pa_T2D_ub",-0.02184,"bogota","Car",NA,"L2: Other","L3: T2D","PA",244543
"male","45-49","sc_car_deaths_pa_T2D_ub",-0.04175,"bogota","Car",NA,"L2: Other","L3: T2D","PA",215491
"male","50-54","sc_car_deaths_pa_T2D_ub",-0.07415,"bogota","Car",NA,"L2: Other","L3: T2D","PA",209137
"male","55-59","sc_car_deaths_pa_T2D_ub",-0.13048,"bogota","Car",NA,"L2: Other","L3: T2D","PA",187551
"male","60-64","sc_car_deaths_pa_T2D_ub",-0.13697,"bogota","Car",NA,"L2: Other","L3: T2D","PA",146500
"male","65-69","sc_car_deaths_pa_T2D_ub",-0.17643,"bogota","Car",NA,"L2: Other","L3: T2D","PA",105412
"female","15-19","sc_car_deaths_pa_T2D_ub",-0.00065,"bogota","Car",NA,"L2: Other","L3: T2D","PA",279280
"female","20-24","sc_car_deaths_pa_T2D_ub",-0.00159,"bogota","Car",NA,"L2: Other","L3: T2D","PA",360197
"female","25-29","sc_car_deaths_pa_T2D_ub",-0.00205,"bogota","Car",NA,"L2: Other","L3: T2D","PA",364423
"female","30-34","sc_car_deaths_pa_T2D_ub",-0.00718,"bogota","Car",NA,"L2: Other","L3: T2D","PA",330341
"female","35-39","sc_car_deaths_pa_T2D_ub",-0.00932,"bogota","Car",NA,"L2: Other","L3: T2D","PA",309304
"female","40-44","sc_car_deaths_pa_T2D_ub",-0.01783,"bogota","Car",NA,"L2: Other","L3: T2D","PA",275440
"female","45-49","sc_car_deaths_pa_T2D_ub",-0.02863,"bogota","Car",NA,"L2: Other","L3: T2D","PA",254843
"female","50-54","sc_car_deaths_pa_T2D_ub",-0.04045,"bogota","Car",NA,"L2: Other","L3: T2D","PA",256059
"female","55-59","sc_car_deaths_pa_T2D_ub",-0.07503,"bogota","Car",NA,"L2: Other","L3: T2D","PA",235548
"female","60-64","sc_car_deaths_pa_T2D_ub",-0.10705,"bogota","Car",NA,"L2: Other","L3: T2D","PA",189600
"female","65-69","sc_car_deaths_pa_T2D_ub",-0.11758,"bogota","Car",NA,"L2: Other","L3: T2D","PA",141409
"male","15-19","sc_bus_deaths_pa_T2D_ub",-0.00024,"bogota","Bus",NA,"L2: Other","L3: T2D","PA",282736
"male","20-24","sc_bus_deaths_pa_T2D_ub",-0.00029,"bogota","Bus",NA,"L2: Other","L3: T2D","PA",357934
"male","25-29","sc_bus_deaths_pa_T2D_ub",-0.00157,"bogota","Bus",NA,"L2: Other","L3: T2D","PA",360031
"male","30-34","sc_bus_deaths_pa_T2D_ub",-0.00255,"bogota","Bus",NA,"L2: Other","L3: T2D","PA",321492
"male","35-39","sc_bus_deaths_pa_T2D_ub",-0.00414,"bogota","Bus",NA,"L2: Other","L3: T2D","PA",289808
"male","40-44","sc_bus_deaths_pa_T2D_ub",-0.0069,"bogota","Bus",NA,"L2: Other","L3: T2D","PA",244543
"male","45-49","sc_bus_deaths_pa_T2D_ub",-0.01825,"bogota","Bus",NA,"L2: Other","L3: T2D","PA",215491
"male","50-54","sc_bus_deaths_pa_T2D_ub",-0.03997,"bogota","Bus",NA,"L2: Other","L3: T2D","PA",209137
"male","55-59","sc_bus_deaths_pa_T2D_ub",-0.02946,"bogota","Bus",NA,"L2: Other","L3: T2D","PA",187551
"male","60-64","sc_bus_deaths_pa_T2D_ub",-0.08534,"bogota","Bus",NA,"L2: Other","L3: T2D","PA",146500
"male","65-69","sc_bus_deaths_pa_T2D_ub",-0.03034,"bogota","Bus",NA,"L2: Other","L3: T2D","PA",105412
"female","15-19","sc_bus_deaths_pa_T2D_ub",-0.00022,"bogota","Bus",NA,"L2: Other","L3: T2D","PA",279280
"female","20-24","sc_bus_deaths_pa_T2D_ub",0.00018,"bogota","Bus",NA,"L2: Other","L3: T2D","PA",360197
"female","25-29","sc_bus_deaths_pa_T2D_ub",0.00052,"bogota","Bus",NA,"L2: Other","L3: T2D","PA",364423
"female","30-34","sc_bus_deaths_pa_T2D_ub",-0.00046,"bogota","Bus",NA,"L2: Other","L3: T2D","PA",330341
"female","35-39","sc_bus_deaths_pa_T2D_ub",-0.00062,"bogota","Bus",NA,"L2: Other","L3: T2D","PA",309304
"female","40-44","sc_bus_deaths_pa_T2D_ub",-0.00114,"bogota","Bus",NA,"L2: Other","L3: T2D","PA",275440
"female","45-49","sc_bus_deaths_pa_T2D_ub",-0.00486,"bogota","Bus",NA,"L2: Other","L3: T2D","PA",254843
"female","50-54","sc_bus_deaths_pa_T2D_ub",0.01057,"bogota","Bus",NA,"L2: Other","L3: T2D","PA",256059
"female","55-59","sc_bus_deaths_pa_T2D_ub",0.03311,"bogota","Bus",NA,"L2: Other","L3: T2D","PA",235548
"female","60-64","sc_bus_deaths_pa_T2D_ub",0.05163,"bogota","Bus",NA,"L2: Other","L3: T2D","PA",189600
"female","65-69","sc_bus_deaths_pa_T2D_ub",0.01633,"bogota","Bus",NA,"L2: Other","L3: T2D","PA",141409
"male","15-19","sc_cycle_deaths_ap_T2D",0.00005,"bogota","Cycling",NA,"L2: Other","L3: T2D","AP",282736
"male","20-24","sc_cycle_deaths_ap_T2D",0.00008,"bogota","Cycling",NA,"L2: Other","L3: T2D","AP",357934
"male","25-29","sc_cycle_deaths_ap_T2D",0.00019,"bogota","Cycling",NA,"L2: Other","L3: T2D","AP",360031
"male","30-34","sc_cycle_deaths_ap_T2D",0.0002,"bogota","Cycling",NA,"L2: Other","L3: T2D","AP",321492
"male","35-39","sc_cycle_deaths_ap_T2D",0.00015,"bogota","Cycling",NA,"L2: Other","L3: T2D","AP",289808
"male","40-44","sc_cycle_deaths_ap_T2D",0.00029,"bogota","Cycling",NA,"L2: Other","L3: T2D","AP",244543
"male","45-49","sc_cycle_deaths_ap_T2D",-0.00029,"bogota","Cycling",NA,"L2: Other","L3: T2D","AP",215491
"male","50-54","sc_cycle_deaths_ap_T2D",0.00215,"bogota","Cycling",NA,"L2: Other","L3: T2D","AP",209137
"male","55-59","sc_cycle_deaths_ap_T2D",0.00424,"bogota","Cycling",NA,"L2: Other","L3: T2D","AP",187551
"male","60-64","sc_cycle_deaths_ap_T2D",0.00704,"bogota","Cycling",NA,"L2: Other","L3: T2D","AP",146500
"male","65-69","sc_cycle_deaths_ap_T2D",0.00815,"bogota","Cycling",NA,"L2: Other","L3: T2D","AP",105412
"female","15-19","sc_cycle_deaths_ap_T2D",0.00007,"bogota","Cycling",NA,"L2: Other","L3: T2D","AP",279280
"female","20-24","sc_cycle_deaths_ap_T2D",0.00006,"bogota","Cycling",NA,"L2: Other","L3: T2D","AP",360197
"female","25-29","sc_cycle_deaths_ap_T2D",0.00004,"bogota","Cycling",NA,"L2: Other","L3: T2D","AP",364423
"female","30-34","sc_cycle_deaths_ap_T2D",-0.00043,"bogota","Cycling",NA,"L2: Other","L3: T2D","AP",330341
"female","35-39","sc_cycle_deaths_ap_T2D",-0.00034,"bogota","Cycling",NA,"L2: Other","L3: T2D","AP",309304
"female","40-44","sc_cycle_deaths_ap_T2D",-0.00012,"bogota","Cycling",NA,"L2: Other","L3: T2D","AP",275440
"female","45-49","sc_cycle_deaths_ap_T2D",0.00124,"bogota","Cycling",NA,"L2: Other","L3: T2D","AP",254843
"female","50-54","sc_cycle_deaths_ap_T2D",0.00443,"bogota","Cycling",NA,"L2: Other","L3: T2D","AP",256059
"female","55-59","sc_cycle_deaths_ap_T2D",0.00688,"bogota","Cycling",NA,"L2: Other","L3: T2D","AP",235548
"female","60-64","sc_cycle_deaths_ap_T2D",0.01413,"bogota","Cycling",NA,"L2: Other","L3: T2D","AP",189600
"female","65-69","sc_cycle_deaths_ap_T2D",0.0152,"bogota","Cycling",NA,"L2: Other","L3: T2D","AP",141409
"male","15-19","sc_car_deaths_ap_T2D",-0.00035,"bogota","Car",NA,"L2: Other","L3: T2D","AP",282736
"male","20-24","sc_car_deaths_ap_T2D",-0.00094,"bogota","Car",NA,"L2: Other","L3: T2D","AP",357934
"male","25-29","sc_car_deaths_ap_T2D",-0.00187,"bogota","Car",NA,"L2: Other","L3: T2D","AP",360031
"male","30-34","sc_car_deaths_ap_T2D",-0.00448,"bogota","Car",NA,"L2: Other","L3: T2D","AP",321492
"male","35-39","sc_car_deaths_ap_T2D",-0.00577,"bogota","Car",NA,"L2: Other","L3: T2D","AP",289808
"male","40-44","sc_car_deaths_ap_T2D",-0.00793,"bogota","Car",NA,"L2: Other","L3: T2D","AP",244543
"male","45-49","sc_car_deaths_ap_T2D",-0.0148,"bogota","Car",NA,"L2: Other","L3: T2D","AP",215491
"male","50-54","sc_car_deaths_ap_T2D",-0.02463,"bogota","Car",NA,"L2: Other","L3: T2D","AP",209137
"male","55-59","sc_car_deaths_ap_T2D",-0.03984,"bogota","Car",NA,"L2: Other","L3: T2D","AP",187551
"male","60-64","sc_car_deaths_ap_T2D",-0.05611,"bogota","Car",NA,"L2: Other","L3: T2D","AP",146500
"male","65-69","sc_car_deaths_ap_T2D",-0.06692,"bogota","Car",NA,"L2: Other","L3: T2D","AP",105412
"female","15-19","sc_car_deaths_ap_T2D",-0.00083,"bogota","Car",NA,"L2: Other","L3: T2D","AP",279280
"female","20-24","sc_car_deaths_ap_T2D",-0.00165,"bogota","Car",NA,"L2: Other","L3: T2D","AP",360197
"female","25-29","sc_car_deaths_ap_T2D",-0.00244,"bogota","Car",NA,"L2: Other","L3: T2D","AP",364423
"female","30-34","sc_car_deaths_ap_T2D",-0.00344,"bogota","Car",NA,"L2: Other","L3: T2D","AP",330341
"female","35-39","sc_car_deaths_ap_T2D",-0.00516,"bogota","Car",NA,"L2: Other","L3: T2D","AP",309304
"female","40-44","sc_car_deaths_ap_T2D",-0.00821,"bogota","Car",NA,"L2: Other","L3: T2D","AP",275440
"female","45-49","sc_car_deaths_ap_T2D",-0.01542,"bogota","Car",NA,"L2: Other","L3: T2D","AP",254843
"female","50-54","sc_car_deaths_ap_T2D",-0.03176,"bogota","Car",NA,"L2: Other","L3: T2D","AP",256059
"female","55-59","sc_car_deaths_ap_T2D",-0.05584,"bogota","Car",NA,"L2: Other","L3: T2D","AP",235548
"female","60-64","sc_car_deaths_ap_T2D",-0.08366,"bogota","Car",NA,"L2: Other","L3: T2D","AP",189600
"female","65-69","sc_car_deaths_ap_T2D",-0.09352,"bogota","Car",NA,"L2: Other","L3: T2D","AP",141409
"male","15-19","sc_bus_deaths_ap_T2D",-0.00003,"bogota","Bus",NA,"L2: Other","L3: T2D","AP",282736
"male","20-24","sc_bus_deaths_ap_T2D",-0.00007,"bogota","Bus",NA,"L2: Other","L3: T2D","AP",357934
"male","25-29","sc_bus_deaths_ap_T2D",-0.00015,"bogota","Bus",NA,"L2: Other","L3: T2D","AP",360031
"male","30-34","sc_bus_deaths_ap_T2D",-0.00012,"bogota","Bus",NA,"L2: Other","L3: T2D","AP",321492
"male","35-39","sc_bus_deaths_ap_T2D",-0.00016,"bogota","Bus",NA,"L2: Other","L3: T2D","AP",289808
"male","40-44","sc_bus_deaths_ap_T2D",-0.00005,"bogota","Bus",NA,"L2: Other","L3: T2D","AP",244543
"male","45-49","sc_bus_deaths_ap_T2D",-0.00062,"bogota","Bus",NA,"L2: Other","L3: T2D","AP",215491
"male","50-54","sc_bus_deaths_ap_T2D",-0.00196,"bogota","Bus",NA,"L2: Other","L3: T2D","AP",209137
"male","55-59","sc_bus_deaths_ap_T2D",-0.00346,"bogota","Bus",NA,"L2: Other","L3: T2D","AP",187551
"male","60-64","sc_bus_deaths_ap_T2D",-0.00425,"bogota","Bus",NA,"L2: Other","L3: T2D","AP",146500
"male","65-69","sc_bus_deaths_ap_T2D",-0.01077,"bogota","Bus",NA,"L2: Other","L3: T2D","AP",105412
"female","15-19","sc_bus_deaths_ap_T2D",-0.00016,"bogota","Bus",NA,"L2: Other","L3: T2D","AP",279280
"female","20-24","sc_bus_deaths_ap_T2D",-0.00029,"bogota","Bus",NA,"L2: Other","L3: T2D","AP",360197
"female","25-29","sc_bus_deaths_ap_T2D",-0.00043,"bogota","Bus",NA,"L2: Other","L3: T2D","AP",364423
"female","30-34","sc_bus_deaths_ap_T2D",-0.00045,"bogota","Bus",NA,"L2: Other","L3: T2D","AP",330341
"female","35-39","sc_bus_deaths_ap_T2D",-0.00075,"bogota","Bus",NA,"L2: Other","L3: T2D","AP",309304
"female","40-44","sc_bus_deaths_ap_T2D",-0.0012,"bogota","Bus",NA,"L2: Other","L3: T2D","AP",275440
"female","45-49","sc_bus_deaths_ap_T2D",-0.0025,"bogota","Bus",NA,"L2: Other","L3: T2D","AP",254843
"female","50-54","sc_bus_deaths_ap_T2D",-0.00678,"bogota","Bus",NA,"L2: Other","L3: T2D","AP",256059
"female","55-59","sc_bus_deaths_ap_T2D",-0.01206,"bogota","Bus",NA,"L2: Other","L3: T2D","AP",235548
"female","60-64","sc_bus_deaths_ap_T2D",-0.01763,"bogota","Bus",NA,"L2: Other","L3: T2D","AP",189600
"female","65-69","sc_bus_deaths_ap_T2D",-0.02134,"bogota","Bus",NA,"L2: Other","L3: T2D","AP",141409
"male","15-19","sc_cycle_deaths_ap_T2D_lb",0.00005,"bogota","Cycling",NA,"L2: Other","L3: T2D","AP",282736
"male","20-24","sc_cycle_deaths_ap_T2D_lb",0.00008,"bogota","Cycling",NA,"L2: Other","L3: T2D","AP",357934
"male","25-29","sc_cycle_deaths_ap_T2D_lb",0.00019,"bogota","Cycling",NA,"L2: Other","L3: T2D","AP",360031
"male","30-34","sc_cycle_deaths_ap_T2D_lb",0.0002,"bogota","Cycling",NA,"L2: Other","L3: T2D","AP",321492
"male","35-39","sc_cycle_deaths_ap_T2D_lb",0.00015,"bogota","Cycling",NA,"L2: Other","L3: T2D","AP",289808
"male","40-44","sc_cycle_deaths_ap_T2D_lb",0.00029,"bogota","Cycling",NA,"L2: Other","L3: T2D","AP",244543
"male","45-49","sc_cycle_deaths_ap_T2D_lb",-0.00029,"bogota","Cycling",NA,"L2: Other","L3: T2D","AP",215491
"male","50-54","sc_cycle_deaths_ap_T2D_lb",0.00215,"bogota","Cycling",NA,"L2: Other","L3: T2D","AP",209137
"male","55-59","sc_cycle_deaths_ap_T2D_lb",0.00424,"bogota","Cycling",NA,"L2: Other","L3: T2D","AP",187551
"male","60-64","sc_cycle_deaths_ap_T2D_lb",0.00704,"bogota","Cycling",NA,"L2: Other","L3: T2D","AP",146500
"male","65-69","sc_cycle_deaths_ap_T2D_lb",0.00815,"bogota","Cycling",NA,"L2: Other","L3: T2D","AP",105412
"female","15-19","sc_cycle_deaths_ap_T2D_lb",0.00007,"bogota","Cycling",NA,"L2: Other","L3: T2D","AP",279280
"female","20-24","sc_cycle_deaths_ap_T2D_lb",0.00006,"bogota","Cycling",NA,"L2: Other","L3: T2D","AP",360197
"female","25-29","sc_cycle_deaths_ap_T2D_lb",0.00004,"bogota","Cycling",NA,"L2: Other","L3: T2D","AP",364423
"female","30-34","sc_cycle_deaths_ap_T2D_lb",-0.00043,"bogota","Cycling",NA,"L2: Other","L3: T2D","AP",330341
"female","35-39","sc_cycle_deaths_ap_T2D_lb",-0.00034,"bogota","Cycling",NA,"L2: Other","L3: T2D","AP",309304
"female","40-44","sc_cycle_deaths_ap_T2D_lb",-0.00012,"bogota","Cycling",NA,"L2: Other","L3: T2D","AP",275440
"female","45-49","sc_cycle_deaths_ap_T2D_lb",0.00124,"bogota","Cycling",NA,"L2: Other","L3: T2D","AP",254843
"female","50-54","sc_cycle_deaths_ap_T2D_lb",0.00443,"bogota","Cycling",NA,"L2: Other","L3: T2D","AP",256059
"female","55-59","sc_cycle_deaths_ap_T2D_lb",0.00688,"bogota","Cycling",NA,"L2: Other","L3: T2D","AP",235548
"female","60-64","sc_cycle_deaths_ap_T2D_lb",0.01413,"bogota","Cycling",NA,"L2: Other","L3: T2D","AP",189600
"female","65-69","sc_cycle_deaths_ap_T2D_lb",0.0152,"bogota","Cycling",NA,"L2: Other","L3: T2D","AP",141409
"male","15-19","sc_car_deaths_ap_T2D_lb",-0.00035,"bogota","Car",NA,"L2: Other","L3: T2D","AP",282736
"male","20-24","sc_car_deaths_ap_T2D_lb",-0.00094,"bogota","Car",NA,"L2: Other","L3: T2D","AP",357934
"male","25-29","sc_car_deaths_ap_T2D_lb",-0.00187,"bogota","Car",NA,"L2: Other","L3: T2D","AP",360031
"male","30-34","sc_car_deaths_ap_T2D_lb",-0.00448,"bogota","Car",NA,"L2: Other","L3: T2D","AP",321492
"male","35-39","sc_car_deaths_ap_T2D_lb",-0.00577,"bogota","Car",NA,"L2: Other","L3: T2D","AP",289808
"male","40-44","sc_car_deaths_ap_T2D_lb",-0.00793,"bogota","Car",NA,"L2: Other","L3: T2D","AP",244543
"male","45-49","sc_car_deaths_ap_T2D_lb",-0.0148,"bogota","Car",NA,"L2: Other","L3: T2D","AP",215491
"male","50-54","sc_car_deaths_ap_T2D_lb",-0.02463,"bogota","Car",NA,"L2: Other","L3: T2D","AP",209137
"male","55-59","sc_car_deaths_ap_T2D_lb",-0.03984,"bogota","Car",NA,"L2: Other","L3: T2D","AP",187551
"male","60-64","sc_car_deaths_ap_T2D_lb",-0.05611,"bogota","Car",NA,"L2: Other","L3: T2D","AP",146500
"male","65-69","sc_car_deaths_ap_T2D_lb",-0.06692,"bogota","Car",NA,"L2: Other","L3: T2D","AP",105412
"female","15-19","sc_car_deaths_ap_T2D_lb",-0.00083,"bogota","Car",NA,"L2: Other","L3: T2D","AP",279280
"female","20-24","sc_car_deaths_ap_T2D_lb",-0.00165,"bogota","Car",NA,"L2: Other","L3: T2D","AP",360197
"female","25-29","sc_car_deaths_ap_T2D_lb",-0.00244,"bogota","Car",NA,"L2: Other","L3: T2D","AP",364423
"female","30-34","sc_car_deaths_ap_T2D_lb",-0.00344,"bogota","Car",NA,"L2: Other","L3: T2D","AP",330341
"female","35-39","sc_car_deaths_ap_T2D_lb",-0.00516,"bogota","Car",NA,"L2: Other","L3: T2D","AP",309304
"female","40-44","sc_car_deaths_ap_T2D_lb",-0.00821,"bogota","Car",NA,"L2: Other","L3: T2D","AP",275440
"female","45-49","sc_car_deaths_ap_T2D_lb",-0.01542,"bogota","Car",NA,"L2: Other","L3: T2D","AP",254843
"female","50-54","sc_car_deaths_ap_T2D_lb",-0.03176,"bogota","Car",NA,"L2: Other","L3: T2D","AP",256059
"female","55-59","sc_car_deaths_ap_T2D_lb",-0.05584,"bogota","Car",NA,"L2: Other","L3: T2D","AP",235548
"female","60-64","sc_car_deaths_ap_T2D_lb",-0.08366,"bogota","Car",NA,"L2: Other","L3: T2D","AP",189600
"female","65-69","sc_car_deaths_ap_T2D_lb",-0.09352,"bogota","Car",NA,"L2: Other","L3: T2D","AP",141409
"male","15-19","sc_bus_deaths_ap_T2D_lb",-0.00003,"bogota","Bus",NA,"L2: Other","L3: T2D","AP",282736
"male","20-24","sc_bus_deaths_ap_T2D_lb",-0.00007,"bogota","Bus",NA,"L2: Other","L3: T2D","AP",357934
"male","25-29","sc_bus_deaths_ap_T2D_lb",-0.00015,"bogota","Bus",NA,"L2: Other","L3: T2D","AP",360031
"male","30-34","sc_bus_deaths_ap_T2D_lb",-0.00012,"bogota","Bus",NA,"L2: Other","L3: T2D","AP",321492
"male","35-39","sc_bus_deaths_ap_T2D_lb",-0.00016,"bogota","Bus",NA,"L2: Other","L3: T2D","AP",289808
"male","40-44","sc_bus_deaths_ap_T2D_lb",-0.00005,"bogota","Bus",NA,"L2: Other","L3: T2D","AP",244543
"male","45-49","sc_bus_deaths_ap_T2D_lb",-0.00062,"bogota","Bus",NA,"L2: Other","L3: T2D","AP",215491
"male","50-54","sc_bus_deaths_ap_T2D_lb",-0.00196,"bogota","Bus",NA,"L2: Other","L3: T2D","AP",209137
"male","55-59","sc_bus_deaths_ap_T2D_lb",-0.00346,"bogota","Bus",NA,"L2: Other","L3: T2D","AP",187551
"male","60-64","sc_bus_deaths_ap_T2D_lb",-0.00425,"bogota","Bus",NA,"L2: Other","L3: T2D","AP",146500
"male","65-69","sc_bus_deaths_ap_T2D_lb",-0.01077,"bogota","Bus",NA,"L2: Other","L3: T2D","AP",105412
"female","15-19","sc_bus_deaths_ap_T2D_lb",-0.00016,"bogota","Bus",NA,"L2: Other","L3: T2D","AP",279280
"female","20-24","sc_bus_deaths_ap_T2D_lb",-0.00029,"bogota","Bus",NA,"L2: Other","L3: T2D","AP",360197
"female","25-29","sc_bus_deaths_ap_T2D_lb",-0.00043,"bogota","Bus",NA,"L2: Other","L3: T2D","AP",364423
"female","30-34","sc_bus_deaths_ap_T2D_lb",-0.00045,"bogota","Bus",NA,"L2: Other","L3: T2D","AP",330341
"female","35-39","sc_bus_deaths_ap_T2D_lb",-0.00075,"bogota","Bus",NA,"L2: Other","L3: T2D","AP",309304
"female","40-44","sc_bus_deaths_ap_T2D_lb",-0.0012,"bogota","Bus",NA,"L2: Other","L3: T2D","AP",275440
"female","45-49","sc_bus_deaths_ap_T2D_lb",-0.0025,"bogota","Bus",NA,"L2: Other","L3: T2D","AP",254843
"female","50-54","sc_bus_deaths_ap_T2D_lb",-0.00678,"bogota","Bus",NA,"L2: Other","L3: T2D","AP",256059
"female","55-59","sc_bus_deaths_ap_T2D_lb",-0.01206,"bogota","Bus",NA,"L2: Other","L3: T2D","AP",235548
"female","60-64","sc_bus_deaths_ap_T2D_lb",-0.01763,"bogota","Bus",NA,"L2: Other","L3: T2D","AP",189600
"female","65-69","sc_bus_deaths_ap_T2D_lb",-0.02134,"bogota","Bus",NA,"L2: Other","L3: T2D","AP",141409
"male","15-19","sc_cycle_deaths_ap_T2D_ub",0.00005,"bogota","Cycling",NA,"L2: Other","L3: T2D","AP",282736
"male","20-24","sc_cycle_deaths_ap_T2D_ub",0.00008,"bogota","Cycling",NA,"L2: Other","L3: T2D","AP",357934
"male","25-29","sc_cycle_deaths_ap_T2D_ub",0.00019,"bogota","Cycling",NA,"L2: Other","L3: T2D","AP",360031
"male","30-34","sc_cycle_deaths_ap_T2D_ub",0.0002,"bogota","Cycling",NA,"L2: Other","L3: T2D","AP",321492
"male","35-39","sc_cycle_deaths_ap_T2D_ub",0.00015,"bogota","Cycling",NA,"L2: Other","L3: T2D","AP",289808
"male","40-44","sc_cycle_deaths_ap_T2D_ub",0.00029,"bogota","Cycling",NA,"L2: Other","L3: T2D","AP",244543
"male","45-49","sc_cycle_deaths_ap_T2D_ub",-0.00029,"bogota","Cycling",NA,"L2: Other","L3: T2D","AP",215491
"male","50-54","sc_cycle_deaths_ap_T2D_ub",0.00215,"bogota","Cycling",NA,"L2: Other","L3: T2D","AP",209137
"male","55-59","sc_cycle_deaths_ap_T2D_ub",0.00424,"bogota","Cycling",NA,"L2: Other","L3: T2D","AP",187551
"male","60-64","sc_cycle_deaths_ap_T2D_ub",0.00704,"bogota","Cycling",NA,"L2: Other","L3: T2D","AP",146500
"male","65-69","sc_cycle_deaths_ap_T2D_ub",0.00815,"bogota","Cycling",NA,"L2: Other","L3: T2D","AP",105412
"female","15-19","sc_cycle_deaths_ap_T2D_ub",0.00007,"bogota","Cycling",NA,"L2: Other","L3: T2D","AP",279280
"female","20-24","sc_cycle_deaths_ap_T2D_ub",0.00006,"bogota","Cycling",NA,"L2: Other","L3: T2D","AP",360197
"female","25-29","sc_cycle_deaths_ap_T2D_ub",0.00004,"bogota","Cycling",NA,"L2: Other","L3: T2D","AP",364423
"female","30-34","sc_cycle_deaths_ap_T2D_ub",-0.00043,"bogota","Cycling",NA,"L2: Other","L3: T2D","AP",330341
"female","35-39","sc_cycle_deaths_ap_T2D_ub",-0.00034,"bogota","Cycling",NA,"L2: Other","L3: T2D","AP",309304
"female","40-44","sc_cycle_deaths_ap_T2D_ub",-0.00012,"bogota","Cycling",NA,"L2: Other","L3: T2D","AP",275440
"female","45-49","sc_cycle_deaths_ap_T2D_ub",0.00124,"bogota","Cycling",NA,"L2: Other","L3: T2D","AP",254843
"female","50-54","sc_cycle_deaths_ap_T2D_ub",0.00443,"bogota","Cycling",NA,"L2: Other","L3: T2D","AP",256059
"female","55-59","sc_cycle_deaths_ap_T2D_ub",0.00688,"bogota","Cycling",NA,"L2: Other","L3: T2D","AP",235548
"female","60-64","sc_cycle_deaths_ap_T2D_ub",0.01413,"bogota","Cycling",NA,"L2: Other","L3: T2D","AP",189600
"female","65-69","sc_cycle_deaths_ap_T2D_ub",0.0152,"bogota","Cycling",NA,"L2: Other","L3: T2D","AP",141409
"male","15-19","sc_car_deaths_ap_T2D_ub",-0.00035,"bogota","Car",NA,"L2: Other","L3: T2D","AP",282736
"male","20-24","sc_car_deaths_ap_T2D_ub",-0.00094,"bogota","Car",NA,"L2: Other","L3: T2D","AP",357934
"male","25-29","sc_car_deaths_ap_T2D_ub",-0.00187,"bogota","Car",NA,"L2: Other","L3: T2D","AP",360031
"male","30-34","sc_car_deaths_ap_T2D_ub",-0.00448,"bogota","Car",NA,"L2: Other","L3: T2D","AP",321492
"male","35-39","sc_car_deaths_ap_T2D_ub",-0.00577,"bogota","Car",NA,"L2: Other","L3: T2D","AP",289808
"male","40-44","sc_car_deaths_ap_T2D_ub",-0.00793,"bogota","Car",NA,"L2: Other","L3: T2D","AP",244543
"male","45-49","sc_car_deaths_ap_T2D_ub",-0.0148,"bogota","Car",NA,"L2: Other","L3: T2D","AP",215491
"male","50-54","sc_car_deaths_ap_T2D_ub",-0.02463,"bogota","Car",NA,"L2: Other","L3: T2D","AP",209137
"male","55-59","sc_car_deaths_ap_T2D_ub",-0.03984,"bogota","Car",NA,"L2: Other","L3: T2D","AP",187551
"male","60-64","sc_car_deaths_ap_T2D_ub",-0.05611,"bogota","Car",NA,"L2: Other","L3: T2D","AP",146500
"male","65-69","sc_car_deaths_ap_T2D_ub",-0.06692,"bogota","Car",NA,"L2: Other","L3: T2D","AP",105412
"female","15-19","sc_car_deaths_ap_T2D_ub",-0.00083,"bogota","Car",NA,"L2: Other","L3: T2D","AP",279280
"female","20-24","sc_car_deaths_ap_T2D_ub",-0.00165,"bogota","Car",NA,"L2: Other","L3: T2D","AP",360197
"female","25-29","sc_car_deaths_ap_T2D_ub",-0.00244,"bogota","Car",NA,"L2: Other","L3: T2D","AP",364423
"female","30-34","sc_car_deaths_ap_T2D_ub",-0.00344,"bogota","Car",NA,"L2: Other","L3: T2D","AP",330341
"female","35-39","sc_car_deaths_ap_T2D_ub",-0.00516,"bogota","Car",NA,"L2: Other","L3: T2D","AP",309304
"female","40-44","sc_car_deaths_ap_T2D_ub",-0.00821,"bogota","Car",NA,"L2: Other","L3: T2D","AP",275440
"female","45-49","sc_car_deaths_ap_T2D_ub",-0.01542,"bogota","Car",NA,"L2: Other","L3: T2D","AP",254843
"female","50-54","sc_car_deaths_ap_T2D_ub",-0.03176,"bogota","Car",NA,"L2: Other","L3: T2D","AP",256059
"female","55-59","sc_car_deaths_ap_T2D_ub",-0.05584,"bogota","Car",NA,"L2: Other","L3: T2D","AP",235548
"female","60-64","sc_car_deaths_ap_T2D_ub",-0.08366,"bogota","Car",NA,"L2: Other","L3: T2D","AP",189600
"female","65-69","sc_car_deaths_ap_T2D_ub",-0.09352,"bogota","Car",NA,"L2: Other","L3: T2D","AP",141409
"male","15-19","sc_bus_deaths_ap_T2D_ub",-0.00003,"bogota","Bus",NA,"L2: Other","L3: T2D","AP",282736
"male","20-24","sc_bus_deaths_ap_T2D_ub",-0.00007,"bogota","Bus",NA,"L2: Other","L3: T2D","AP",357934
"male","25-29","sc_bus_deaths_ap_T2D_ub",-0.00015,"bogota","Bus",NA,"L2: Other","L3: T2D","AP",360031
"male","30-34","sc_bus_deaths_ap_T2D_ub",-0.00012,"bogota","Bus",NA,"L2: Other","L3: T2D","AP",321492
"male","35-39","sc_bus_deaths_ap_T2D_ub",-0.00016,"bogota","Bus",NA,"L2: Other","L3: T2D","AP",289808
"male","40-44","sc_bus_deaths_ap_T2D_ub",-0.00005,"bogota","Bus",NA,"L2: Other","L3: T2D","AP",244543
"male","45-49","sc_bus_deaths_ap_T2D_ub",-0.00062,"bogota","Bus",NA,"L2: Other","L3: T2D","AP",215491
"male","50-54","sc_bus_deaths_ap_T2D_ub",-0.00196,"bogota","Bus",NA,"L2: Other","L3: T2D","AP",209137
"male","55-59","sc_bus_deaths_ap_T2D_ub",-0.00346,"bogota","Bus",NA,"L2: Other","L3: T2D","AP",187551
"male","60-64","sc_bus_deaths_ap_T2D_ub",-0.00425,"bogota","Bus",NA,"L2: Other","L3: T2D","AP",146500
"male","65-69","sc_bus_deaths_ap_T2D_ub",-0.01077,"bogota","Bus",NA,"L2: Other","L3: T2D","AP",105412
"female","15-19","sc_bus_deaths_ap_T2D_ub",-0.00016,"bogota","Bus",NA,"L2: Other","L3: T2D","AP",279280
"female","20-24","sc_bus_deaths_ap_T2D_ub",-0.00029,"bogota","Bus",NA,"L2: Other","L3: T2D","AP",360197
"female","25-29","sc_bus_deaths_ap_T2D_ub",-0.00043,"bogota","Bus",NA,"L2: Other","L3: T2D","AP",364423
"female","30-34","sc_bus_deaths_ap_T2D_ub",-0.00045,"bogota","Bus",NA,"L2: Other","L3: T2D","AP",330341
"female","35-39","sc_bus_deaths_ap_T2D_ub",-0.00075,"bogota","Bus",NA,"L2: Other","L3: T2D","AP",309304
"female","40-44","sc_bus_deaths_ap_T2D_ub",-0.0012,"bogota","Bus",NA,"L2: Other","L3: T2D","AP",275440
"female","45-49","sc_bus_deaths_ap_T2D_ub",-0.0025,"bogota","Bus",NA,"L2: Other","L3: T2D","AP",254843
"female","50-54","sc_bus_deaths_ap_T2D_ub",-0.00678,"bogota","Bus",NA,"L2: Other","L3: T2D","AP",256059
"female","55-59","sc_bus_deaths_ap_T2D_ub",-0.01206,"bogota","Bus",NA,"L2: Other","L3: T2D","AP",235548
"female","60-64","sc_bus_deaths_ap_T2D_ub",-0.01763,"bogota","Bus",NA,"L2: Other","L3: T2D","AP",189600
"female","65-69","sc_bus_deaths_ap_T2D_ub",-0.02134,"bogota","Bus",NA,"L2: Other","L3: T2D","AP",141409
"male","15-19","sc_cycle_deaths_ap_LRI",0.00046,"bogota","Cycling",NA,NA,"L3: LRI","AP",282736
"male","20-24","sc_cycle_deaths_ap_LRI",0.0004,"bogota","Cycling",NA,NA,"L3: LRI","AP",357934
"male","25-29","sc_cycle_deaths_ap_LRI",0.00075,"bogota","Cycling",NA,NA,"L3: LRI","AP",360031
"male","30-34","sc_cycle_deaths_ap_LRI",0.00025,"bogota","Cycling",NA,NA,"L3: LRI","AP",321492
"male","35-39","sc_cycle_deaths_ap_LRI",0.00012,"bogota","Cycling",NA,NA,"L3: LRI","AP",289808
"male","40-44","sc_cycle_deaths_ap_LRI",0.00022,"bogota","Cycling",NA,NA,"L3: LRI","AP",244543
"male","45-49","sc_cycle_deaths_ap_LRI",-0.00038,"bogota","Cycling",NA,NA,"L3: LRI","AP",215491
"male","50-54","sc_cycle_deaths_ap_LRI",0.00111,"bogota","Cycling",NA,NA,"L3: LRI","AP",209137
"male","55-59","sc_cycle_deaths_ap_LRI",0.00192,"bogota","Cycling",NA,NA,"L3: LRI","AP",187551
"male","60-64","sc_cycle_deaths_ap_LRI",0.00306,"bogota","Cycling",NA,NA,"L3: LRI","AP",146500
"male","65-69","sc_cycle_deaths_ap_LRI",0.00346,"bogota","Cycling",NA,NA,"L3: LRI","AP",105412
"female","15-19","sc_cycle_deaths_ap_LRI",0.00019,"bogota","Cycling",NA,NA,"L3: LRI","AP",279280
"female","20-24","sc_cycle_deaths_ap_LRI",0.00011,"bogota","Cycling",NA,NA,"L3: LRI","AP",360197
"female","25-29","sc_cycle_deaths_ap_LRI",0.00002,"bogota","Cycling",NA,NA,"L3: LRI","AP",364423
"female","30-34","sc_cycle_deaths_ap_LRI",-0.00076,"bogota","Cycling",NA,NA,"L3: LRI","AP",330341
"female","35-39","sc_cycle_deaths_ap_LRI",-0.00049,"bogota","Cycling",NA,NA,"L3: LRI","AP",309304
"female","40-44","sc_cycle_deaths_ap_LRI",-0.00019,"bogota","Cycling",NA,NA,"L3: LRI","AP",275440
"female","45-49","sc_cycle_deaths_ap_LRI",0.00068,"bogota","Cycling",NA,NA,"L3: LRI","AP",254843
"female","50-54","sc_cycle_deaths_ap_LRI",0.00169,"bogota","Cycling",NA,NA,"L3: LRI","AP",256059
"female","55-59","sc_cycle_deaths_ap_LRI",0.00217,"bogota","Cycling",NA,NA,"L3: LRI","AP",235548
"female","60-64","sc_cycle_deaths_ap_LRI",0.00375,"bogota","Cycling",NA,NA,"L3: LRI","AP",189600
"female","65-69","sc_cycle_deaths_ap_LRI",0.00432,"bogota","Cycling",NA,NA,"L3: LRI","AP",141409
"male","15-19","sc_car_deaths_ap_LRI",-0.00343,"bogota","Car",NA,NA,"L3: LRI","AP",282736
"male","20-24","sc_car_deaths_ap_LRI",-0.00556,"bogota","Car",NA,NA,"L3: LRI","AP",357934
"male","25-29","sc_car_deaths_ap_LRI",-0.00782,"bogota","Car",NA,NA,"L3: LRI","AP",360031
"male","30-34","sc_car_deaths_ap_LRI",-0.00762,"bogota","Car",NA,NA,"L3: LRI","AP",321492
"male","35-39","sc_car_deaths_ap_LRI",-0.00906,"bogota","Car",NA,NA,"L3: LRI","AP",289808
"male","40-44","sc_car_deaths_ap_LRI",-0.00915,"bogota","Car",NA,NA,"L3: LRI","AP",244543
"male","45-49","sc_car_deaths_ap_LRI",-0.01095,"bogota","Car",NA,NA,"L3: LRI","AP",215491
"male","50-54","sc_car_deaths_ap_LRI",-0.01407,"bogota","Car",NA,NA,"L3: LRI","AP",209137
"male","55-59","sc_car_deaths_ap_LRI",-0.01945,"bogota","Car",NA,NA,"L3: LRI","AP",187551
"male","60-64","sc_car_deaths_ap_LRI",-0.02602,"bogota","Car",NA,NA,"L3: LRI","AP",146500
"male","65-69","sc_car_deaths_ap_LRI",-0.03003,"bogota","Car",NA,NA,"L3: LRI","AP",105412
"female","15-19","sc_car_deaths_ap_LRI",-0.00247,"bogota","Car",NA,NA,"L3: LRI","AP",279280
"female","20-24","sc_car_deaths_ap_LRI",-0.004,"bogota","Car",NA,NA,"L3: LRI","AP",360197
"female","25-29","sc_car_deaths_ap_LRI",-0.00507,"bogota","Car",NA,NA,"L3: LRI","AP",364423
"female","30-34","sc_car_deaths_ap_LRI",-0.00529,"bogota","Car",NA,NA,"L3: LRI","AP",330341
"female","35-39","sc_car_deaths_ap_LRI",-0.00626,"bogota","Car",NA,NA,"L3: LRI","AP",309304
"female","40-44","sc_car_deaths_ap_LRI",-0.00751,"bogota","Car",NA,NA,"L3: LRI","AP",275440
"female","45-49","sc_car_deaths_ap_LRI",-0.00931,"bogota","Car",NA,NA,"L3: LRI","AP",254843
"female","50-54","sc_car_deaths_ap_LRI",-0.01255,"bogota","Car",NA,NA,"L3: LRI","AP",256059
"female","55-59","sc_car_deaths_ap_LRI",-0.01848,"bogota","Car",NA,NA,"L3: LRI","AP",235548
"female","60-64","sc_car_deaths_ap_LRI",-0.02282,"bogota","Car",NA,NA,"L3: LRI","AP",189600
"female","65-69","sc_car_deaths_ap_LRI",-0.02746,"bogota","Car",NA,NA,"L3: LRI","AP",141409
"male","15-19","sc_bus_deaths_ap_LRI",-0.00031,"bogota","Bus",NA,NA,"L3: LRI","AP",282736
"male","20-24","sc_bus_deaths_ap_LRI",-0.00039,"bogota","Bus",NA,NA,"L3: LRI","AP",357934
"male","25-29","sc_bus_deaths_ap_LRI",-0.00056,"bogota","Bus",NA,NA,"L3: LRI","AP",360031
"male","30-34","sc_bus_deaths_ap_LRI",-0.00014,"bogota","Bus",NA,NA,"L3: LRI","AP",321492
"male","35-39","sc_bus_deaths_ap_LRI",-0.0002,"bogota","Bus",NA,NA,"L3: LRI","AP",289808
"male","40-44","sc_bus_deaths_ap_LRI",0.00002,"bogota","Bus",NA,NA,"L3: LRI","AP",244543
"male","45-49","sc_bus_deaths_ap_LRI",-0.00039,"bogota","Bus",NA,NA,"L3: LRI","AP",215491
"male","50-54","sc_bus_deaths_ap_LRI",-0.00104,"bogota","Bus",NA,NA,"L3: LRI","AP",209137
"male","55-59","sc_bus_deaths_ap_LRI",-0.00157,"bogota","Bus",NA,NA,"L3: LRI","AP",187551
"male","60-64","sc_bus_deaths_ap_LRI",-0.0018,"bogota","Bus",NA,NA,"L3: LRI","AP",146500
"male","65-69","sc_bus_deaths_ap_LRI",-0.00474,"bogota","Bus",NA,NA,"L3: LRI","AP",105412
"female","15-19","sc_bus_deaths_ap_LRI",-0.00046,"bogota","Bus",NA,NA,"L3: LRI","AP",279280
"female","20-24","sc_bus_deaths_ap_LRI",-0.00069,"bogota","Bus",NA,NA,"L3: LRI","AP",360197
"female","25-29","sc_bus_deaths_ap_LRI",-0.00089,"bogota","Bus",NA,NA,"L3: LRI","AP",364423
"female","30-34","sc_bus_deaths_ap_LRI",-0.00067,"bogota","Bus",NA,NA,"L3: LRI","AP",330341
"female","35-39","sc_bus_deaths_ap_LRI",-0.00088,"bogota","Bus",NA,NA,"L3: LRI","AP",309304
"female","40-44","sc_bus_deaths_ap_LRI",-0.00106,"bogota","Bus",NA,NA,"L3: LRI","AP",275440
"female","45-49","sc_bus_deaths_ap_LRI",-0.00148,"bogota","Bus",NA,NA,"L3: LRI","AP",254843
"female","50-54","sc_bus_deaths_ap_LRI",-0.00266,"bogota","Bus",NA,NA,"L3: LRI","AP",256059
"female","55-59","sc_bus_deaths_ap_LRI",-0.00396,"bogota","Bus",NA,NA,"L3: LRI","AP",235548
"female","60-64","sc_bus_deaths_ap_LRI",-0.00477,"bogota","Bus",NA,NA,"L3: LRI","AP",189600
"female","65-69","sc_bus_deaths_ap_LRI",-0.00624,"bogota","Bus",NA,NA,"L3: LRI","AP",141409
"male","15-19","sc_cycle_deaths_ap_LRI_lb",0.00046,"bogota","Cycling",NA,NA,"L3: LRI","AP",282736
"male","20-24","sc_cycle_deaths_ap_LRI_lb",0.0004,"bogota","Cycling",NA,NA,"L3: LRI","AP",357934
"male","25-29","sc_cycle_deaths_ap_LRI_lb",0.00075,"bogota","Cycling",NA,NA,"L3: LRI","AP",360031
"male","30-34","sc_cycle_deaths_ap_LRI_lb",0.00025,"bogota","Cycling",NA,NA,"L3: LRI","AP",321492
"male","35-39","sc_cycle_deaths_ap_LRI_lb",0.00012,"bogota","Cycling",NA,NA,"L3: LRI","AP",289808
"male","40-44","sc_cycle_deaths_ap_LRI_lb",0.00022,"bogota","Cycling",NA,NA,"L3: LRI","AP",244543
"male","45-49","sc_cycle_deaths_ap_LRI_lb",-0.00038,"bogota","Cycling",NA,NA,"L3: LRI","AP",215491
"male","50-54","sc_cycle_deaths_ap_LRI_lb",0.00111,"bogota","Cycling",NA,NA,"L3: LRI","AP",209137
"male","55-59","sc_cycle_deaths_ap_LRI_lb",0.00192,"bogota","Cycling",NA,NA,"L3: LRI","AP",187551
"male","60-64","sc_cycle_deaths_ap_LRI_lb",0.00306,"bogota","Cycling",NA,NA,"L3: LRI","AP",146500
"male","65-69","sc_cycle_deaths_ap_LRI_lb",0.00346,"bogota","Cycling",NA,NA,"L3: LRI","AP",105412
"female","15-19","sc_cycle_deaths_ap_LRI_lb",0.00019,"bogota","Cycling",NA,NA,"L3: LRI","AP",279280
"female","20-24","sc_cycle_deaths_ap_LRI_lb",0.00011,"bogota","Cycling",NA,NA,"L3: LRI","AP",360197
"female","25-29","sc_cycle_deaths_ap_LRI_lb",0.00002,"bogota","Cycling",NA,NA,"L3: LRI","AP",364423
"female","30-34","sc_cycle_deaths_ap_LRI_lb",-0.00076,"bogota","Cycling",NA,NA,"L3: LRI","AP",330341
"female","35-39","sc_cycle_deaths_ap_LRI_lb",-0.00049,"bogota","Cycling",NA,NA,"L3: LRI","AP",309304
"female","40-44","sc_cycle_deaths_ap_LRI_lb",-0.00019,"bogota","Cycling",NA,NA,"L3: LRI","AP",275440
"female","45-49","sc_cycle_deaths_ap_LRI_lb",0.00068,"bogota","Cycling",NA,NA,"L3: LRI","AP",254843
"female","50-54","sc_cycle_deaths_ap_LRI_lb",0.00169,"bogota","Cycling",NA,NA,"L3: LRI","AP",256059
"female","55-59","sc_cycle_deaths_ap_LRI_lb",0.00217,"bogota","Cycling",NA,NA,"L3: LRI","AP",235548
"female","60-64","sc_cycle_deaths_ap_LRI_lb",0.00375,"bogota","Cycling",NA,NA,"L3: LRI","AP",189600
"female","65-69","sc_cycle_deaths_ap_LRI_lb",0.00432,"bogota","Cycling",NA,NA,"L3: LRI","AP",141409
"male","15-19","sc_car_deaths_ap_LRI_lb",-0.00343,"bogota","Car",NA,NA,"L3: LRI","AP",282736
"male","20-24","sc_car_deaths_ap_LRI_lb",-0.00556,"bogota","Car",NA,NA,"L3: LRI","AP",357934
"male","25-29","sc_car_deaths_ap_LRI_lb",-0.00782,"bogota","Car",NA,NA,"L3: LRI","AP",360031
"male","30-34","sc_car_deaths_ap_LRI_lb",-0.00762,"bogota","Car",NA,NA,"L3: LRI","AP",321492
"male","35-39","sc_car_deaths_ap_LRI_lb",-0.00906,"bogota","Car",NA,NA,"L3: LRI","AP",289808
"male","40-44","sc_car_deaths_ap_LRI_lb",-0.00915,"bogota","Car",NA,NA,"L3: LRI","AP",244543
"male","45-49","sc_car_deaths_ap_LRI_lb",-0.01095,"bogota","Car",NA,NA,"L3: LRI","AP",215491
"male","50-54","sc_car_deaths_ap_LRI_lb",-0.01407,"bogota","Car",NA,NA,"L3: LRI","AP",209137
"male","55-59","sc_car_deaths_ap_LRI_lb",-0.01945,"bogota","Car",NA,NA,"L3: LRI","AP",187551
"male","60-64","sc_car_deaths_ap_LRI_lb",-0.02602,"bogota","Car",NA,NA,"L3: LRI","AP",146500
"male","65-69","sc_car_deaths_ap_LRI_lb",-0.03003,"bogota","Car",NA,NA,"L3: LRI","AP",105412
"female","15-19","sc_car_deaths_ap_LRI_lb",-0.00247,"bogota","Car",NA,NA,"L3: LRI","AP",279280
"female","20-24","sc_car_deaths_ap_LRI_lb",-0.004,"bogota","Car",NA,NA,"L3: LRI","AP",360197
"female","25-29","sc_car_deaths_ap_LRI_lb",-0.00507,"bogota","Car",NA,NA,"L3: LRI","AP",364423
"female","30-34","sc_car_deaths_ap_LRI_lb",-0.00529,"bogota","Car",NA,NA,"L3: LRI","AP",330341
"female","35-39","sc_car_deaths_ap_LRI_lb",-0.00626,"bogota","Car",NA,NA,"L3: LRI","AP",309304
"female","40-44","sc_car_deaths_ap_LRI_lb",-0.00751,"bogota","Car",NA,NA,"L3: LRI","AP",275440
"female","45-49","sc_car_deaths_ap_LRI_lb",-0.00931,"bogota","Car",NA,NA,"L3: LRI","AP",254843
"female","50-54","sc_car_deaths_ap_LRI_lb",-0.01255,"bogota","Car",NA,NA,"L3: LRI","AP",256059
"female","55-59","sc_car_deaths_ap_LRI_lb",-0.01848,"bogota","Car",NA,NA,"L3: LRI","AP",235548
"female","60-64","sc_car_deaths_ap_LRI_lb",-0.02282,"bogota","Car",NA,NA,"L3: LRI","AP",189600
"female","65-69","sc_car_deaths_ap_LRI_lb",-0.02746,"bogota","Car",NA,NA,"L3: LRI","AP",141409
"male","15-19","sc_bus_deaths_ap_LRI_lb",-0.00031,"bogota","Bus",NA,NA,"L3: LRI","AP",282736
"male","20-24","sc_bus_deaths_ap_LRI_lb",-0.00039,"bogota","Bus",NA,NA,"L3: LRI","AP",357934
"male","25-29","sc_bus_deaths_ap_LRI_lb",-0.00056,"bogota","Bus",NA,NA,"L3: LRI","AP",360031
"male","30-34","sc_bus_deaths_ap_LRI_lb",-0.00014,"bogota","Bus",NA,NA,"L3: LRI","AP",321492
"male","35-39","sc_bus_deaths_ap_LRI_lb",-0.0002,"bogota","Bus",NA,NA,"L3: LRI","AP",289808
"male","40-44","sc_bus_deaths_ap_LRI_lb",0.00002,"bogota","Bus",NA,NA,"L3: LRI","AP",244543
"male","45-49","sc_bus_deaths_ap_LRI_lb",-0.00039,"bogota","Bus",NA,NA,"L3: LRI","AP",215491
"male","50-54","sc_bus_deaths_ap_LRI_lb",-0.00104,"bogota","Bus",NA,NA,"L3: LRI","AP",209137
"male","55-59","sc_bus_deaths_ap_LRI_lb",-0.00157,"bogota","Bus",NA,NA,"L3: LRI","AP",187551
"male","60-64","sc_bus_deaths_ap_LRI_lb",-0.0018,"bogota","Bus",NA,NA,"L3: LRI","AP",146500
"male","65-69","sc_bus_deaths_ap_LRI_lb",-0.00474,"bogota","Bus",NA,NA,"L3: LRI","AP",105412
"female","15-19","sc_bus_deaths_ap_LRI_lb",-0.00046,"bogota","Bus",NA,NA,"L3: LRI","AP",279280
"female","20-24","sc_bus_deaths_ap_LRI_lb",-0.00069,"bogota","Bus",NA,NA,"L3: LRI","AP",360197
"female","25-29","sc_bus_deaths_ap_LRI_lb",-0.00089,"bogota","Bus",NA,NA,"L3: LRI","AP",364423
"female","30-34","sc_bus_deaths_ap_LRI_lb",-0.00067,"bogota","Bus",NA,NA,"L3: LRI","AP",330341
"female","35-39","sc_bus_deaths_ap_LRI_lb",-0.00088,"bogota","Bus",NA,NA,"L3: LRI","AP",309304
"female","40-44","sc_bus_deaths_ap_LRI_lb",-0.00106,"bogota","Bus",NA,NA,"L3: LRI","AP",275440
"female","45-49","sc_bus_deaths_ap_LRI_lb",-0.00148,"bogota","Bus",NA,NA,"L3: LRI","AP",254843
"female","50-54","sc_bus_deaths_ap_LRI_lb",-0.00266,"bogota","Bus",NA,NA,"L3: LRI","AP",256059
"female","55-59","sc_bus_deaths_ap_LRI_lb",-0.00396,"bogota","Bus",NA,NA,"L3: LRI","AP",235548
"female","60-64","sc_bus_deaths_ap_LRI_lb",-0.00477,"bogota","Bus",NA,NA,"L3: LRI","AP",189600
"female","65-69","sc_bus_deaths_ap_LRI_lb",-0.00624,"bogota","Bus",NA,NA,"L3: LRI","AP",141409
"male","15-19","sc_cycle_deaths_ap_LRI_ub",0.00046,"bogota","Cycling",NA,NA,"L3: LRI","AP",282736
"male","20-24","sc_cycle_deaths_ap_LRI_ub",0.0004,"bogota","Cycling",NA,NA,"L3: LRI","AP",357934
"male","25-29","sc_cycle_deaths_ap_LRI_ub",0.00075,"bogota","Cycling",NA,NA,"L3: LRI","AP",360031
"male","30-34","sc_cycle_deaths_ap_LRI_ub",0.00025,"bogota","Cycling",NA,NA,"L3: LRI","AP",321492
"male","35-39","sc_cycle_deaths_ap_LRI_ub",0.00012,"bogota","Cycling",NA,NA,"L3: LRI","AP",289808
"male","40-44","sc_cycle_deaths_ap_LRI_ub",0.00022,"bogota","Cycling",NA,NA,"L3: LRI","AP",244543
"male","45-49","sc_cycle_deaths_ap_LRI_ub",-0.00038,"bogota","Cycling",NA,NA,"L3: LRI","AP",215491
"male","50-54","sc_cycle_deaths_ap_LRI_ub",0.00111,"bogota","Cycling",NA,NA,"L3: LRI","AP",209137
"male","55-59","sc_cycle_deaths_ap_LRI_ub",0.00192,"bogota","Cycling",NA,NA,"L3: LRI","AP",187551
"male","60-64","sc_cycle_deaths_ap_LRI_ub",0.00306,"bogota","Cycling",NA,NA,"L3: LRI","AP",146500
"male","65-69","sc_cycle_deaths_ap_LRI_ub",0.00346,"bogota","Cycling",NA,NA,"L3: LRI","AP",105412
"female","15-19","sc_cycle_deaths_ap_LRI_ub",0.00019,"bogota","Cycling",NA,NA,"L3: LRI","AP",279280
"female","20-24","sc_cycle_deaths_ap_LRI_ub",0.00011,"bogota","Cycling",NA,NA,"L3: LRI","AP",360197
"female","25-29","sc_cycle_deaths_ap_LRI_ub",0.00002,"bogota","Cycling",NA,NA,"L3: LRI","AP",364423
"female","30-34","sc_cycle_deaths_ap_LRI_ub",-0.00076,"bogota","Cycling",NA,NA,"L3: LRI","AP",330341
"female","35-39","sc_cycle_deaths_ap_LRI_ub",-0.00049,"bogota","Cycling",NA,NA,"L3: LRI","AP",309304
"female","40-44","sc_cycle_deaths_ap_LRI_ub",-0.00019,"bogota","Cycling",NA,NA,"L3: LRI","AP",275440
"female","45-49","sc_cycle_deaths_ap_LRI_ub",0.00068,"bogota","Cycling",NA,NA,"L3: LRI","AP",254843
"female","50-54","sc_cycle_deaths_ap_LRI_ub",0.00169,"bogota","Cycling",NA,NA,"L3: LRI","AP",256059
"female","55-59","sc_cycle_deaths_ap_LRI_ub",0.00217,"bogota","Cycling",NA,NA,"L3: LRI","AP",235548
"female","60-64","sc_cycle_deaths_ap_LRI_ub",0.00375,"bogota","Cycling",NA,NA,"L3: LRI","AP",189600
"female","65-69","sc_cycle_deaths_ap_LRI_ub",0.00432,"bogota","Cycling",NA,NA,"L3: LRI","AP",141409
"male","15-19","sc_car_deaths_ap_LRI_ub",-0.00343,"bogota","Car",NA,NA,"L3: LRI","AP",282736
"male","20-24","sc_car_deaths_ap_LRI_ub",-0.00556,"bogota","Car",NA,NA,"L3: LRI","AP",357934
"male","25-29","sc_car_deaths_ap_LRI_ub",-0.00782,"bogota","Car",NA,NA,"L3: LRI","AP",360031
"male","30-34","sc_car_deaths_ap_LRI_ub",-0.00762,"bogota","Car",NA,NA,"L3: LRI","AP",321492
"male","35-39","sc_car_deaths_ap_LRI_ub",-0.00906,"bogota","Car",NA,NA,"L3: LRI","AP",289808
"male","40-44","sc_car_deaths_ap_LRI_ub",-0.00915,"bogota","Car",NA,NA,"L3: LRI","AP",244543
"male","45-49","sc_car_deaths_ap_LRI_ub",-0.01095,"bogota","Car",NA,NA,"L3: LRI","AP",215491
"male","50-54","sc_car_deaths_ap_LRI_ub",-0.01407,"bogota","Car",NA,NA,"L3: LRI","AP",209137
"male","55-59","sc_car_deaths_ap_LRI_ub",-0.01945,"bogota","Car",NA,NA,"L3: LRI","AP",187551
"male","60-64","sc_car_deaths_ap_LRI_ub",-0.02602,"bogota","Car",NA,NA,"L3: LRI","AP",146500
"male","65-69","sc_car_deaths_ap_LRI_ub",-0.03003,"bogota","Car",NA,NA,"L3: LRI","AP",105412
"female","15-19","sc_car_deaths_ap_LRI_ub",-0.00247,"bogota","Car",NA,NA,"L3: LRI","AP",279280
"female","20-24","sc_car_deaths_ap_LRI_ub",-0.004,"bogota","Car",NA,NA,"L3: LRI","AP",360197
"female","25-29","sc_car_deaths_ap_LRI_ub",-0.00507,"bogota","Car",NA,NA,"L3: LRI","AP",364423
"female","30-34","sc_car_deaths_ap_LRI_ub",-0.00529,"bogota","Car",NA,NA,"L3: LRI","AP",330341
"female","35-39","sc_car_deaths_ap_LRI_ub",-0.00626,"bogota","Car",NA,NA,"L3: LRI","AP",309304
"female","40-44","sc_car_deaths_ap_LRI_ub",-0.00751,"bogota","Car",NA,NA,"L3: LRI","AP",275440
"female","45-49","sc_car_deaths_ap_LRI_ub",-0.00931,"bogota","Car",NA,NA,"L3: LRI","AP",254843
"female","50-54","sc_car_deaths_ap_LRI_ub",-0.01255,"bogota","Car",NA,NA,"L3: LRI","AP",256059
"female","55-59","sc_car_deaths_ap_LRI_ub",-0.01848,"bogota","Car",NA,NA,"L3: LRI","AP",235548
"female","60-64","sc_car_deaths_ap_LRI_ub",-0.02282,"bogota","Car",NA,NA,"L3: LRI","AP",189600
"female","65-69","sc_car_deaths_ap_LRI_ub",-0.02746,"bogota","Car",NA,NA,"L3: LRI","AP",141409
"male","15-19","sc_bus_deaths_ap_LRI_ub",-0.00031,"bogota","Bus",NA,NA,"L3: LRI","AP",282736
"male","20-24","sc_bus_deaths_ap_LRI_ub",-0.00039,"bogota","Bus",NA,NA,"L3: LRI","AP",357934
"male","25-29","sc_bus_deaths_ap_LRI_ub",-0.00056,"bogota","Bus",NA,NA,"L3: LRI","AP",360031
"male","30-34","sc_bus_deaths_ap_LRI_ub",-0.00014,"bogota","Bus",NA,NA,"L3: LRI","AP",321492
"male","35-39","sc_bus_deaths_ap_LRI_ub",-0.0002,"bogota","Bus",NA,NA,"L3: LRI","AP",289808
"male","40-44","sc_bus_deaths_ap_LRI_ub",0.00002,"bogota","Bus",NA,NA,"L3: LRI","AP",244543
"male","45-49","sc_bus_deaths_ap_LRI_ub",-0.00039,"bogota","Bus",NA,NA,"L3: LRI","AP",215491
"male","50-54","sc_bus_deaths_ap_LRI_ub",-0.00104,"bogota","Bus",NA,NA,"L3: LRI","AP",209137
"male","55-59","sc_bus_deaths_ap_LRI_ub",-0.00157,"bogota","Bus",NA,NA,"L3: LRI","AP",187551
"male","60-64","sc_bus_deaths_ap_LRI_ub",-0.0018,"bogota","Bus",NA,NA,"L3: LRI","AP",146500
"male","65-69","sc_bus_deaths_ap_LRI_ub",-0.00474,"bogota","Bus",NA,NA,"L3: LRI","AP",105412
"female","15-19","sc_bus_deaths_ap_LRI_ub",-0.00046,"bogota","Bus",NA,NA,"L3: LRI","AP",279280
"female","20-24","sc_bus_deaths_ap_LRI_ub",-0.00069,"bogota","Bus",NA,NA,"L3: LRI","AP",360197
"female","25-29","sc_bus_deaths_ap_LRI_ub",-0.00089,"bogota","Bus",NA,NA,"L3: LRI","AP",364423
"female","30-34","sc_bus_deaths_ap_LRI_ub",-0.00067,"bogota","Bus",NA,NA,"L3: LRI","AP",330341
"female","35-39","sc_bus_deaths_ap_LRI_ub",-0.00088,"bogota","Bus",NA,NA,"L3: LRI","AP",309304
"female","40-44","sc_bus_deaths_ap_LRI_ub",-0.00106,"bogota","Bus",NA,NA,"L3: LRI","AP",275440
"female","45-49","sc_bus_deaths_ap_LRI_ub",-0.00148,"bogota","Bus",NA,NA,"L3: LRI","AP",254843
"female","50-54","sc_bus_deaths_ap_LRI_ub",-0.00266,"bogota","Bus",NA,NA,"L3: LRI","AP",256059
"female","55-59","sc_bus_deaths_ap_LRI_ub",-0.00396,"bogota","Bus",NA,NA,"L3: LRI","AP",235548
"female","60-64","sc_bus_deaths_ap_LRI_ub",-0.00477,"bogota","Bus",NA,NA,"L3: LRI","AP",189600
"female","65-69","sc_bus_deaths_ap_LRI_ub",-0.00624,"bogota","Bus",NA,NA,"L3: LRI","AP",141409
"male","15-19","sc_cycle_deaths_pa_breast_cancer",0.00003,"bogota","Cycling",NA,NA,"L3: breast_cancer","PA",282736
"male","20-24","sc_cycle_deaths_pa_breast_cancer",0.00007,"bogota","Cycling",NA,NA,"L3: breast_cancer","PA",357934
"male","25-29","sc_cycle_deaths_pa_breast_cancer",0.00008,"bogota","Cycling",NA,NA,"L3: breast_cancer","PA",360031
"male","30-34","sc_cycle_deaths_pa_breast_cancer",0.00018,"bogota","Cycling",NA,NA,"L3: breast_cancer","PA",321492
"male","35-39","sc_cycle_deaths_pa_breast_cancer",0.0002,"bogota","Cycling",NA,NA,"L3: breast_cancer","PA",289808
"male","40-44","sc_cycle_deaths_pa_breast_cancer",0.00038,"bogota","Cycling",NA,NA,"L3: breast_cancer","PA",244543
"male","45-49","sc_cycle_deaths_pa_breast_cancer",0.00057,"bogota","Cycling",NA,NA,"L3: breast_cancer","PA",215491
"male","50-54","sc_cycle_deaths_pa_breast_cancer",0.00097,"bogota","Cycling",NA,NA,"L3: breast_cancer","PA",209137
"male","55-59","sc_cycle_deaths_pa_breast_cancer",0.00137,"bogota","Cycling",NA,NA,"L3: breast_cancer","PA",187551
"male","60-64","sc_cycle_deaths_pa_breast_cancer",0.00168,"bogota","Cycling",NA,NA,"L3: breast_cancer","PA",146500
"male","65-69","sc_cycle_deaths_pa_breast_cancer",0.00226,"bogota","Cycling",NA,NA,"L3: breast_cancer","PA",105412
"female","15-19","sc_cycle_deaths_pa_breast_cancer",0.00036,"bogota","Cycling",NA,NA,"L3: breast_cancer","PA",279280
"female","20-24","sc_cycle_deaths_pa_breast_cancer",0.00178,"bogota","Cycling",NA,NA,"L3: breast_cancer","PA",360197
"female","25-29","sc_cycle_deaths_pa_breast_cancer",0.00913,"bogota","Cycling",NA,NA,"L3: breast_cancer","PA",364423
"female","30-34","sc_cycle_deaths_pa_breast_cancer",0.06158,"bogota","Cycling",NA,NA,"L3: breast_cancer","PA",330341
"female","35-39","sc_cycle_deaths_pa_breast_cancer",0.10784,"bogota","Cycling",NA,NA,"L3: breast_cancer","PA",309304
"female","40-44","sc_cycle_deaths_pa_breast_cancer",0.15922,"bogota","Cycling",NA,NA,"L3: breast_cancer","PA",275440
"female","45-49","sc_cycle_deaths_pa_breast_cancer",0.2486,"bogota","Cycling",NA,NA,"L3: breast_cancer","PA",254843
"female","50-54","sc_cycle_deaths_pa_breast_cancer",0.29327,"bogota","Cycling",NA,NA,"L3: breast_cancer","PA",256059
"female","55-59","sc_cycle_deaths_pa_breast_cancer",0.38283,"bogota","Cycling",NA,NA,"L3: breast_cancer","PA",235548
"female","60-64","sc_cycle_deaths_pa_breast_cancer",0.28191,"bogota","Cycling",NA,NA,"L3: breast_cancer","PA",189600
"female","65-69","sc_cycle_deaths_pa_breast_cancer",0.31101,"bogota","Cycling",NA,NA,"L3: breast_cancer","PA",141409
"male","15-19","sc_car_deaths_pa_breast_cancer",-0.00003,"bogota","Car",NA,NA,"L3: breast_cancer","PA",282736
"male","20-24","sc_car_deaths_pa_breast_cancer",-0.00005,"bogota","Car",NA,NA,"L3: breast_cancer","PA",357934
"male","25-29","sc_car_deaths_pa_breast_cancer",-0.00004,"bogota","Car",NA,NA,"L3: breast_cancer","PA",360031
"male","30-34","sc_car_deaths_pa_breast_cancer",-0.00008,"bogota","Car",NA,NA,"L3: breast_cancer","PA",321492
"male","35-39","sc_car_deaths_pa_breast_cancer",-0.00011,"bogota","Car",NA,NA,"L3: breast_cancer","PA",289808
"male","40-44","sc_car_deaths_pa_breast_cancer",-0.00019,"bogota","Car",NA,NA,"L3: breast_cancer","PA",244543
"male","45-49","sc_car_deaths_pa_breast_cancer",-0.00029,"bogota","Car",NA,NA,"L3: breast_cancer","PA",215491
"male","50-54","sc_car_deaths_pa_breast_cancer",-0.00061,"bogota","Car",NA,NA,"L3: breast_cancer","PA",209137
"male","55-59","sc_car_deaths_pa_breast_cancer",-0.00087,"bogota","Car",NA,NA,"L3: breast_cancer","PA",187551
"male","60-64","sc_car_deaths_pa_breast_cancer",-0.00098,"bogota","Car",NA,NA,"L3: breast_cancer","PA",146500
"male","65-69","sc_car_deaths_pa_breast_cancer",-0.00124,"bogota","Car",NA,NA,"L3: breast_cancer","PA",105412
"female","15-19","sc_car_deaths_pa_breast_cancer",-0.0002,"bogota","Car",NA,NA,"L3: breast_cancer","PA",279280
"female","20-24","sc_car_deaths_pa_breast_cancer",-0.00081,"bogota","Car",NA,NA,"L3: breast_cancer","PA",360197
"female","25-29","sc_car_deaths_pa_breast_cancer",-0.00228,"bogota","Car",NA,NA,"L3: breast_cancer","PA",364423
"female","30-34","sc_car_deaths_pa_breast_cancer",-0.02207,"bogota","Car",NA,NA,"L3: breast_cancer","PA",330341
"female","35-39","sc_car_deaths_pa_breast_cancer",-0.03552,"bogota","Car",NA,NA,"L3: breast_cancer","PA",309304
"female","40-44","sc_car_deaths_pa_breast_cancer",-0.07,"bogota","Car",NA,NA,"L3: breast_cancer","PA",275440
"female","45-49","sc_car_deaths_pa_breast_cancer",-0.0848,"bogota","Car",NA,NA,"L3: breast_cancer","PA",254843
"female","50-54","sc_car_deaths_pa_breast_cancer",-0.07969,"bogota","Car",NA,NA,"L3: breast_cancer","PA",256059
"female","55-59","sc_car_deaths_pa_breast_cancer",-0.09953,"bogota","Car",NA,NA,"L3: breast_cancer","PA",235548
"female","60-64","sc_car_deaths_pa_breast_cancer",-0.08875,"bogota","Car",NA,NA,"L3: breast_cancer","PA",189600
"female","65-69","sc_car_deaths_pa_breast_cancer",-0.06992,"bogota","Car",NA,NA,"L3: breast_cancer","PA",141409
"male","15-19","sc_bus_deaths_pa_breast_cancer",-0.00001,"bogota","Bus",NA,NA,"L3: breast_cancer","PA",282736
"male","20-24","sc_bus_deaths_pa_breast_cancer",0,"bogota","Bus",NA,NA,"L3: breast_cancer","PA",357934
"male","25-29","sc_bus_deaths_pa_breast_cancer",-0.00003,"bogota","Bus",NA,NA,"L3: breast_cancer","PA",360031
"male","30-34","sc_bus_deaths_pa_breast_cancer",-0.00001,"bogota","Bus",NA,NA,"L3: breast_cancer","PA",321492
"male","35-39","sc_bus_deaths_pa_breast_cancer",-0.00001,"bogota","Bus",NA,NA,"L3: breast_cancer","PA",289808
"male","40-44","sc_bus_deaths_pa_breast_cancer",-0.00003,"bogota","Bus",NA,NA,"L3: breast_cancer","PA",244543
"male","45-49","sc_bus_deaths_pa_breast_cancer",-0.00009,"bogota","Bus",NA,NA,"L3: breast_cancer","PA",215491
"male","50-54","sc_bus_deaths_pa_breast_cancer",-0.00028,"bogota","Bus",NA,NA,"L3: breast_cancer","PA",209137
"male","55-59","sc_bus_deaths_pa_breast_cancer",-0.0001,"bogota","Bus",NA,NA,"L3: breast_cancer","PA",187551
"male","60-64","sc_bus_deaths_pa_breast_cancer",-0.00052,"bogota","Bus",NA,NA,"L3: breast_cancer","PA",146500
"male","65-69","sc_bus_deaths_pa_breast_cancer",-0.00011,"bogota","Bus",NA,NA,"L3: breast_cancer","PA",105412
"female","15-19","sc_bus_deaths_pa_breast_cancer",-0.00006,"bogota","Bus",NA,NA,"L3: breast_cancer","PA",279280
"female","20-24","sc_bus_deaths_pa_breast_cancer",0.0001,"bogota","Bus",NA,NA,"L3: breast_cancer","PA",360197
"female","25-29","sc_bus_deaths_pa_breast_cancer",0.00071,"bogota","Bus",NA,NA,"L3: breast_cancer","PA",364423
"female","30-34","sc_bus_deaths_pa_breast_cancer",0.00045,"bogota","Bus",NA,NA,"L3: breast_cancer","PA",330341
"female","35-39","sc_bus_deaths_pa_breast_cancer",0.00187,"bogota","Bus",NA,NA,"L3: breast_cancer","PA",309304
"female","40-44","sc_bus_deaths_pa_breast_cancer",0.00187,"bogota","Bus",NA,NA,"L3: breast_cancer","PA",275440
"female","45-49","sc_bus_deaths_pa_breast_cancer",-0.00528,"bogota","Bus",NA,NA,"L3: breast_cancer","PA",254843
"female","50-54","sc_bus_deaths_pa_breast_cancer",0.02217,"bogota","Bus",NA,NA,"L3: breast_cancer","PA",256059
"female","55-59","sc_bus_deaths_pa_breast_cancer",0.04911,"bogota","Bus",NA,NA,"L3: breast_cancer","PA",235548
"female","60-64","sc_bus_deaths_pa_breast_cancer",0.04468,"bogota","Bus",NA,NA,"L3: breast_cancer","PA",189600
"female","65-69","sc_bus_deaths_pa_breast_cancer",0.01246,"bogota","Bus",NA,NA,"L3: breast_cancer","PA",141409
"male","15-19","sc_cycle_deaths_pa_breast_cancer_lb",0.00007,"bogota","Cycling",NA,NA,"L3: breast_cancer","PA",282736
"male","20-24","sc_cycle_deaths_pa_breast_cancer_lb",0.00016,"bogota","Cycling",NA,NA,"L3: breast_cancer","PA",357934
"male","25-29","sc_cycle_deaths_pa_breast_cancer_lb",0.0002,"bogota","Cycling",NA,NA,"L3: breast_cancer","PA",360031
"male","30-34","sc_cycle_deaths_pa_breast_cancer_lb",0.00038,"bogota","Cycling",NA,NA,"L3: breast_cancer","PA",321492
"male","35-39","sc_cycle_deaths_pa_breast_cancer_lb",0.00045,"bogota","Cycling",NA,NA,"L3: breast_cancer","PA",289808
"male","40-44","sc_cycle_deaths_pa_breast_cancer_lb",0.00081,"bogota","Cycling",NA,NA,"L3: breast_cancer","PA",244543
"male","45-49","sc_cycle_deaths_pa_breast_cancer_lb",0.00124,"bogota","Cycling",NA,NA,"L3: breast_cancer","PA",215491
"male","50-54","sc_cycle_deaths_pa_breast_cancer_lb",0.00207,"bogota","Cycling",NA,NA,"L3: breast_cancer","PA",209137
"male","55-59","sc_cycle_deaths_pa_breast_cancer_lb",0.00298,"bogota","Cycling",NA,NA,"L3: breast_cancer","PA",187551
"male","60-64","sc_cycle_deaths_pa_breast_cancer_lb",0.0037,"bogota","Cycling",NA,NA,"L3: breast_cancer","PA",146500
"male","65-69","sc_cycle_deaths_pa_breast_cancer_lb",0.00486,"bogota","Cycling",NA,NA,"L3: breast_cancer","PA",105412
"female","15-19","sc_cycle_deaths_pa_breast_cancer_lb",0.00082,"bogota","Cycling",NA,NA,"L3: breast_cancer","PA",279280
"female","20-24","sc_cycle_deaths_pa_breast_cancer_lb",0.00408,"bogota","Cycling",NA,NA,"L3: breast_cancer","PA",360197
"female","25-29","sc_cycle_deaths_pa_breast_cancer_lb",0.01983,"bogota","Cycling",NA,NA,"L3: breast_cancer","PA",364423
"female","30-34","sc_cycle_deaths_pa_breast_cancer_lb",0.12898,"bogota","Cycling",NA,NA,"L3: breast_cancer","PA",330341
"female","35-39","sc_cycle_deaths_pa_breast_cancer_lb",0.23228,"bogota","Cycling",NA,NA,"L3: breast_cancer","PA",309304
"female","40-44","sc_cycle_deaths_pa_breast_cancer_lb",0.33259,"bogota","Cycling",NA,NA,"L3: breast_cancer","PA",275440
"female","45-49","sc_cycle_deaths_pa_breast_cancer_lb",0.52342,"bogota","Cycling",NA,NA,"L3: breast_cancer","PA",254843
"female","50-54","sc_cycle_deaths_pa_breast_cancer_lb",0.64273,"bogota","Cycling",NA,NA,"L3: breast_cancer","PA",256059
"female","55-59","sc_cycle_deaths_pa_breast_cancer_lb",0.81478,"bogota","Cycling",NA,NA,"L3: breast_cancer","PA",235548
"female","60-64","sc_cycle_deaths_pa_breast_cancer_lb",0.59127,"bogota","Cycling",NA,NA,"L3: breast_cancer","PA",189600
"female","65-69","sc_cycle_deaths_pa_breast_cancer_lb",0.6644,"bogota","Cycling",NA,NA,"L3: breast_cancer","PA",141409
"male","15-19","sc_car_deaths_pa_breast_cancer_lb",-0.00008,"bogota","Car",NA,NA,"L3: breast_cancer","PA",282736
"male","20-24","sc_car_deaths_pa_breast_cancer_lb",-0.00012,"bogota","Car",NA,NA,"L3: breast_cancer","PA",357934
"male","25-29","sc_car_deaths_pa_breast_cancer_lb",-0.00011,"bogota","Car",NA,NA,"L3: breast_cancer","PA",360031
"male","30-34","sc_car_deaths_pa_breast_cancer_lb",-0.0002,"bogota","Car",NA,NA,"L3: breast_cancer","PA",321492
"male","35-39","sc_car_deaths_pa_breast_cancer_lb",-0.00026,"bogota","Car",NA,NA,"L3: breast_cancer","PA",289808
"male","40-44","sc_car_deaths_pa_breast_cancer_lb",-0.00044,"bogota","Car",NA,NA,"L3: breast_cancer","PA",244543
"male","45-49","sc_car_deaths_pa_breast_cancer_lb",-0.00064,"bogota","Car",NA,NA,"L3: breast_cancer","PA",215491
"male","50-54","sc_car_deaths_pa_breast_cancer_lb",-0.00139,"bogota","Car",NA,NA,"L3: breast_cancer","PA",209137
"male","55-59","sc_car_deaths_pa_breast_cancer_lb",-0.00191,"bogota","Car",NA,NA,"L3: breast_cancer","PA",187551
"male","60-64","sc_car_deaths_pa_breast_cancer_lb",-0.00227,"bogota","Car",NA,NA,"L3: breast_cancer","PA",146500
"male","65-69","sc_car_deaths_pa_breast_cancer_lb",-0.00283,"bogota","Car",NA,NA,"L3: breast_cancer","PA",105412
"female","15-19","sc_car_deaths_pa_breast_cancer_lb",-0.00051,"bogota","Car",NA,NA,"L3: breast_cancer","PA",279280
"female","20-24","sc_car_deaths_pa_breast_cancer_lb",-0.00201,"bogota","Car",NA,NA,"L3: breast_cancer","PA",360197
"female","25-29","sc_car_deaths_pa_breast_cancer_lb",-0.00491,"bogota","Car",NA,NA,"L3: breast_cancer","PA",364423
"female","30-34","sc_car_deaths_pa_breast_cancer_lb",-0.05184,"bogota","Car",NA,NA,"L3: breast_cancer","PA",330341
"female","35-39","sc_car_deaths_pa_breast_cancer_lb",-0.08481,"bogota","Car",NA,NA,"L3: breast_cancer","PA",309304
"female","40-44","sc_car_deaths_pa_breast_cancer_lb",-0.16696,"bogota","Car",NA,NA,"L3: breast_cancer","PA",275440
"female","45-49","sc_car_deaths_pa_breast_cancer_lb",-0.2047,"bogota","Car",NA,NA,"L3: breast_cancer","PA",254843
"female","50-54","sc_car_deaths_pa_breast_cancer_lb",-0.1942,"bogota","Car",NA,NA,"L3: breast_cancer","PA",256059
"female","55-59","sc_car_deaths_pa_breast_cancer_lb",-0.24459,"bogota","Car",NA,NA,"L3: breast_cancer","PA",235548
"female","60-64","sc_car_deaths_pa_breast_cancer_lb",-0.21953,"bogota","Car",NA,NA,"L3: breast_cancer","PA",189600
"female","65-69","sc_car_deaths_pa_breast_cancer_lb",-0.16539,"bogota","Car",NA,NA,"L3: breast_cancer","PA",141409
"male","15-19","sc_bus_deaths_pa_breast_cancer_lb",-0.00003,"bogota","Bus",NA,NA,"L3: breast_cancer","PA",282736
"male","20-24","sc_bus_deaths_pa_breast_cancer_lb",0.00001,"bogota","Bus",NA,NA,"L3: breast_cancer","PA",357934
"male","25-29","sc_bus_deaths_pa_breast_cancer_lb",-0.00006,"bogota","Bus",NA,NA,"L3: breast_cancer","PA",360031
"male","30-34","sc_bus_deaths_pa_breast_cancer_lb",0.00001,"bogota","Bus",NA,NA,"L3: breast_cancer","PA",321492
"male","35-39","sc_bus_deaths_pa_breast_cancer_lb",0.00001,"bogota","Bus",NA,NA,"L3: breast_cancer","PA",289808
"male","40-44","sc_bus_deaths_pa_breast_cancer_lb",-0.00001,"bogota","Bus",NA,NA,"L3: breast_cancer","PA",244543
"male","45-49","sc_bus_deaths_pa_breast_cancer_lb",-0.0001,"bogota","Bus",NA,NA,"L3: breast_cancer","PA",215491
"male","50-54","sc_bus_deaths_pa_breast_cancer_lb",-0.0005,"bogota","Bus",NA,NA,"L3: breast_cancer","PA",209137
"male","55-59","sc_bus_deaths_pa_breast_cancer_lb",0.00001,"bogota","Bus",NA,NA,"L3: breast_cancer","PA",187551
"male","60-64","sc_bus_deaths_pa_breast_cancer_lb",-0.00094,"bogota","Bus",NA,NA,"L3: breast_cancer","PA",146500
"male","65-69","sc_bus_deaths_pa_breast_cancer_lb",0.00002,"bogota","Bus",NA,NA,"L3: breast_cancer","PA",105412
"female","15-19","sc_bus_deaths_pa_breast_cancer_lb",-0.00014,"bogota","Bus",NA,NA,"L3: breast_cancer","PA",279280
"female","20-24","sc_bus_deaths_pa_breast_cancer_lb",0.0003,"bogota","Bus",NA,NA,"L3: breast_cancer","PA",360197
"female","25-29","sc_bus_deaths_pa_breast_cancer_lb",0.00195,"bogota","Bus",NA,NA,"L3: breast_cancer","PA",364423
"female","30-34","sc_bus_deaths_pa_breast_cancer_lb",0.00546,"bogota","Bus",NA,NA,"L3: breast_cancer","PA",330341
"female","35-39","sc_bus_deaths_pa_breast_cancer_lb",0.01355,"bogota","Bus",NA,NA,"L3: breast_cancer","PA",309304
"female","40-44","sc_bus_deaths_pa_breast_cancer_lb",0.01925,"bogota","Bus",NA,NA,"L3: breast_cancer","PA",275440
"female","45-49","sc_bus_deaths_pa_breast_cancer_lb",0.00835,"bogota","Bus",NA,NA,"L3: breast_cancer","PA",254843
"female","50-54","sc_bus_deaths_pa_breast_cancer_lb",0.05924,"bogota","Bus",NA,NA,"L3: breast_cancer","PA",256059
"female","55-59","sc_bus_deaths_pa_breast_cancer_lb",0.13214,"bogota","Bus",NA,NA,"L3: breast_cancer","PA",235548
"female","60-64","sc_bus_deaths_pa_breast_cancer_lb",0.11627,"bogota","Bus",NA,NA,"L3: breast_cancer","PA",189600
"female","65-69","sc_bus_deaths_pa_breast_cancer_lb",0.03659,"bogota","Bus",NA,NA,"L3: breast_cancer","PA",141409
"male","15-19","sc_cycle_deaths_pa_breast_cancer_ub",0,"bogota","Cycling",NA,NA,"L3: breast_cancer","PA",282736
"male","20-24","sc_cycle_deaths_pa_breast_cancer_ub",-0.00001,"bogota","Cycling",NA,NA,"L3: breast_cancer","PA",357934
"male","25-29","sc_cycle_deaths_pa_breast_cancer_ub",-0.00003,"bogota","Cycling",NA,NA,"L3: breast_cancer","PA",360031
"male","30-34","sc_cycle_deaths_pa_breast_cancer_ub",-0.00004,"bogota","Cycling",NA,NA,"L3: breast_cancer","PA",321492
"male","35-39","sc_cycle_deaths_pa_breast_cancer_ub",-0.00005,"bogota","Cycling",NA,NA,"L3: breast_cancer","PA",289808
"male","40-44","sc_cycle_deaths_pa_breast_cancer_ub",-0.00006,"bogota","Cycling",NA,NA,"L3: breast_cancer","PA",244543
"male","45-49","sc_cycle_deaths_pa_breast_cancer_ub",-0.00011,"bogota","Cycling",NA,NA,"L3: breast_cancer","PA",215491
"male","50-54","sc_cycle_deaths_pa_breast_cancer_ub",-0.00017,"bogota","Cycling",NA,NA,"L3: breast_cancer","PA",209137
"male","55-59","sc_cycle_deaths_pa_breast_cancer_ub",-0.00025,"bogota","Cycling",NA,NA,"L3: breast_cancer","PA",187551
"male","60-64","sc_cycle_deaths_pa_breast_cancer_ub",-0.00037,"bogota","Cycling",NA,NA,"L3: breast_cancer","PA",146500
"male","65-69","sc_cycle_deaths_pa_breast_cancer_ub",-0.00043,"bogota","Cycling",NA,NA,"L3: breast_cancer","PA",105412
"female","15-19","sc_cycle_deaths_pa_breast_cancer_ub",-0.00006,"bogota","Cycling",NA,NA,"L3: breast_cancer","PA",279280
"female","20-24","sc_cycle_deaths_pa_breast_cancer_ub",-0.00037,"bogota","Cycling",NA,NA,"L3: breast_cancer","PA",360197
"female","25-29","sc_cycle_deaths_pa_breast_cancer_ub",-0.00067,"bogota","Cycling",NA,NA,"L3: breast_cancer","PA",364423
"female","30-34","sc_cycle_deaths_pa_breast_cancer_ub",-0.0089,"bogota","Cycling",NA,NA,"L3: breast_cancer","PA",330341
"female","35-39","sc_cycle_deaths_pa_breast_cancer_ub",-0.02157,"bogota","Cycling",NA,NA,"L3: breast_cancer","PA",309304
"female","40-44","sc_cycle_deaths_pa_breast_cancer_ub",-0.02258,"bogota","Cycling",NA,NA,"L3: breast_cancer","PA",275440
"female","45-49","sc_cycle_deaths_pa_breast_cancer_ub",-0.03642,"bogota","Cycling",NA,NA,"L3: breast_cancer","PA",254843
"female","50-54","sc_cycle_deaths_pa_breast_cancer_ub",-0.07413,"bogota","Cycling",NA,NA,"L3: breast_cancer","PA",256059
"female","55-59","sc_cycle_deaths_pa_breast_cancer_ub",-0.06585,"bogota","Cycling",NA,NA,"L3: breast_cancer","PA",235548
"female","60-64","sc_cycle_deaths_pa_breast_cancer_ub",-0.04755,"bogota","Cycling",NA,NA,"L3: breast_cancer","PA",189600
"female","65-69","sc_cycle_deaths_pa_breast_cancer_ub",-0.05895,"bogota","Cycling",NA,NA,"L3: breast_cancer","PA",141409
"male","15-19","sc_car_deaths_pa_breast_cancer_ub",0.00001,"bogota","Car",NA,NA,"L3: breast_cancer","PA",282736
"male","20-24","sc_car_deaths_pa_breast_cancer_ub",0.00001,"bogota","Car",NA,NA,"L3: breast_cancer","PA",357934
"male","25-29","sc_car_deaths_pa_breast_cancer_ub",0.00002,"bogota","Car",NA,NA,"L3: breast_cancer","PA",360031
"male","30-34","sc_car_deaths_pa_breast_cancer_ub",0.00003,"bogota","Car",NA,NA,"L3: breast_cancer","PA",321492
"male","35-39","sc_car_deaths_pa_breast_cancer_ub",0.00004,"bogota","Car",NA,NA,"L3: breast_cancer","PA",289808
"male","40-44","sc_car_deaths_pa_breast_cancer_ub",0.00005,"bogota","Car",NA,NA,"L3: breast_cancer","PA",244543
"male","45-49","sc_car_deaths_pa_breast_cancer_ub",0.00007,"bogota","Car",NA,NA,"L3: breast_cancer","PA",215491
"male","50-54","sc_car_deaths_pa_breast_cancer_ub",0.00019,"bogota","Car",NA,NA,"L3: breast_cancer","PA",209137
"male","55-59","sc_car_deaths_pa_breast_cancer_ub",0.00017,"bogota","Car",NA,NA,"L3: breast_cancer","PA",187551
"male","60-64","sc_car_deaths_pa_breast_cancer_ub",0.00025,"bogota","Car",NA,NA,"L3: breast_cancer","PA",146500
"male","65-69","sc_car_deaths_pa_breast_cancer_ub",0.00038,"bogota","Car",NA,NA,"L3: breast_cancer","PA",105412
"female","15-19","sc_car_deaths_pa_breast_cancer_ub",0.00006,"bogota","Car",NA,NA,"L3: breast_cancer","PA",279280
"female","20-24","sc_car_deaths_pa_breast_cancer_ub",0.00022,"bogota","Car",NA,NA,"L3: breast_cancer","PA",360197
"female","25-29","sc_car_deaths_pa_breast_cancer_ub",-0.0002,"bogota","Car",NA,NA,"L3: breast_cancer","PA",364423
"female","30-34","sc_car_deaths_pa_breast_cancer_ub",0.00685,"bogota","Car",NA,NA,"L3: breast_cancer","PA",330341
"female","35-39","sc_car_deaths_pa_breast_cancer_ub",0.01185,"bogota","Car",NA,NA,"L3: breast_cancer","PA",309304
"female","40-44","sc_car_deaths_pa_breast_cancer_ub",0.02336,"bogota","Car",NA,NA,"L3: breast_cancer","PA",275440
"female","45-49","sc_car_deaths_pa_breast_cancer_ub",0.02831,"bogota","Car",NA,NA,"L3: breast_cancer","PA",254843
"female","50-54","sc_car_deaths_pa_breast_cancer_ub",0.03034,"bogota","Car",NA,NA,"L3: breast_cancer","PA",256059
"female","55-59","sc_car_deaths_pa_breast_cancer_ub",0.03669,"bogota","Car",NA,NA,"L3: breast_cancer","PA",235548
"female","60-64","sc_car_deaths_pa_breast_cancer_ub",0.03802,"bogota","Car",NA,NA,"L3: breast_cancer","PA",189600
"female","65-69","sc_car_deaths_pa_breast_cancer_ub",0.0204,"bogota","Car",NA,NA,"L3: breast_cancer","PA",141409
"male","15-19","sc_bus_deaths_pa_breast_cancer_ub",0,"bogota","Bus",NA,NA,"L3: breast_cancer","PA",282736
"male","20-24","sc_bus_deaths_pa_breast_cancer_ub",-0.00001,"bogota","Bus",NA,NA,"L3: breast_cancer","PA",357934
"male","25-29","sc_bus_deaths_pa_breast_cancer_ub",0.00001,"bogota","Bus",NA,NA,"L3: breast_cancer","PA",360031
"male","30-34","sc_bus_deaths_pa_breast_cancer_ub",-0.00002,"bogota","Bus",NA,NA,"L3: breast_cancer","PA",321492
"male","35-39","sc_bus_deaths_pa_breast_cancer_ub",-0.00002,"bogota","Bus",NA,NA,"L3: breast_cancer","PA",289808
"male","40-44","sc_bus_deaths_pa_breast_cancer_ub",-0.00003,"bogota","Bus",NA,NA,"L3: breast_cancer","PA",244543
"male","45-49","sc_bus_deaths_pa_breast_cancer_ub",-0.00003,"bogota","Bus",NA,NA,"L3: breast_cancer","PA",215491
"male","50-54","sc_bus_deaths_pa_breast_cancer_ub",0.00001,"bogota","Bus",NA,NA,"L3: breast_cancer","PA",209137
"male","55-59","sc_bus_deaths_pa_breast_cancer_ub",-0.00012,"bogota","Bus",NA,NA,"L3: breast_cancer","PA",187551
"male","60-64","sc_bus_deaths_pa_breast_cancer_ub",-0.00001,"bogota","Bus",NA,NA,"L3: breast_cancer","PA",146500
"male","65-69","sc_bus_deaths_pa_breast_cancer_ub",-0.00011,"bogota","Bus",NA,NA,"L3: breast_cancer","PA",105412
"female","15-19","sc_bus_deaths_pa_breast_cancer_ub",0.00002,"bogota","Bus",NA,NA,"L3: breast_cancer","PA",279280
"female","20-24","sc_bus_deaths_pa_breast_cancer_ub",-0.00001,"bogota","Bus",NA,NA,"L3: breast_cancer","PA",360197
"female","25-29","sc_bus_deaths_pa_breast_cancer_ub",-0.00022,"bogota","Bus",NA,NA,"L3: breast_cancer","PA",364423
"female","30-34","sc_bus_deaths_pa_breast_cancer_ub",-0.00286,"bogota","Bus",NA,NA,"L3: breast_cancer","PA",330341
"female","35-39","sc_bus_deaths_pa_breast_cancer_ub",-0.00706,"bogota","Bus",NA,NA,"L3: breast_cancer","PA",309304
"female","40-44","sc_bus_deaths_pa_breast_cancer_ub",-0.00987,"bogota","Bus",NA,NA,"L3: breast_cancer","PA",275440
"female","45-49","sc_bus_deaths_pa_breast_cancer_ub",-0.0116,"bogota","Bus",NA,NA,"L3: breast_cancer","PA",254843
"female","50-54","sc_bus_deaths_pa_breast_cancer_ub",-0.00926,"bogota","Bus",NA,NA,"L3: breast_cancer","PA",256059
"female","55-59","sc_bus_deaths_pa_breast_cancer_ub",-0.02628,"bogota","Bus",NA,NA,"L3: breast_cancer","PA",235548
"female","60-64","sc_bus_deaths_pa_breast_cancer_ub",-0.02131,"bogota","Bus",NA,NA,"L3: breast_cancer","PA",189600
"female","65-69","sc_bus_deaths_pa_breast_cancer_ub",-0.00788,"bogota","Bus",NA,NA,"L3: breast_cancer","PA",141409
"male","15-19","sc_cycle_deaths_pa_colon_cancer",0.00029,"bogota","Cycling",NA,NA,"L3: colon_cancer","PA",282736
"male","20-24","sc_cycle_deaths_pa_colon_cancer",0.00111,"bogota","Cycling",NA,NA,"L3: colon_cancer","PA",357934
"male","25-29","sc_cycle_deaths_pa_colon_cancer",0.00217,"bogota","Cycling",NA,NA,"L3: colon_cancer","PA",360031
"male","30-34","sc_cycle_deaths_pa_colon_cancer",0.00827,"bogota","Cycling",NA,NA,"L3: colon_cancer","PA",321492
"male","35-39","sc_cycle_deaths_pa_colon_cancer",0.00966,"bogota","Cycling",NA,NA,"L3: colon_cancer","PA",289808
"male","40-44","sc_cycle_deaths_pa_colon_cancer",0.0142,"bogota","Cycling",NA,NA,"L3: colon_cancer","PA",244543
"male","45-49","sc_cycle_deaths_pa_colon_cancer",0.02,"bogota","Cycling",NA,NA,"L3: colon_cancer","PA",215491
"male","50-54","sc_cycle_deaths_pa_colon_cancer",0.02761,"bogota","Cycling",NA,NA,"L3: colon_cancer","PA",209137
"male","55-59","sc_cycle_deaths_pa_colon_cancer",0.04072,"bogota","Cycling",NA,NA,"L3: colon_cancer","PA",187551
"male","60-64","sc_cycle_deaths_pa_colon_cancer",0.04801,"bogota","Cycling",NA,NA,"L3: colon_cancer","PA",146500
"male","65-69","sc_cycle_deaths_pa_colon_cancer",0.0639,"bogota","Cycling",NA,NA,"L3: colon_cancer","PA",105412
"female","15-19","sc_cycle_deaths_pa_colon_cancer",0.00017,"bogota","Cycling",NA,NA,"L3: colon_cancer","PA",279280
"female","20-24","sc_cycle_deaths_pa_colon_cancer",0.00098,"bogota","Cycling",NA,NA,"L3: colon_cancer","PA",360197
"female","25-29","sc_cycle_deaths_pa_colon_cancer",0.00287,"bogota","Cycling",NA,NA,"L3: colon_cancer","PA",364423
"female","30-34","sc_cycle_deaths_pa_colon_cancer",0.00888,"bogota","Cycling",NA,NA,"L3: colon_cancer","PA",330341
"female","35-39","sc_cycle_deaths_pa_colon_cancer",0.0141,"bogota","Cycling",NA,NA,"L3: colon_cancer","PA",309304
"female","40-44","sc_cycle_deaths_pa_colon_cancer",0.01758,"bogota","Cycling",NA,NA,"L3: colon_cancer","PA",275440
"female","45-49","sc_cycle_deaths_pa_colon_cancer",0.03009,"bogota","Cycling",NA,NA,"L3: colon_cancer","PA",254843
"female","50-54","sc_cycle_deaths_pa_colon_cancer",0.03939,"bogota","Cycling",NA,NA,"L3: colon_cancer","PA",256059
"female","55-59","sc_cycle_deaths_pa_colon_cancer",0.06425,"bogota","Cycling",NA,NA,"L3: colon_cancer","PA",235548
"female","60-64","sc_cycle_deaths_pa_colon_cancer",0.06829,"bogota","Cycling",NA,NA,"L3: colon_cancer","PA",189600
"female","65-69","sc_cycle_deaths_pa_colon_cancer",0.08848,"bogota","Cycling",NA,NA,"L3: colon_cancer","PA",141409
"male","15-19","sc_car_deaths_pa_colon_cancer",-0.00026,"bogota","Car",NA,NA,"L3: colon_cancer","PA",282736
"male","20-24","sc_car_deaths_pa_colon_cancer",-0.00076,"bogota","Car",NA,NA,"L3: colon_cancer","PA",357934
"male","25-29","sc_car_deaths_pa_colon_cancer",-0.00109,"bogota","Car",NA,NA,"L3: colon_cancer","PA",360031
"male","30-34","sc_car_deaths_pa_colon_cancer",-0.00365,"bogota","Car",NA,NA,"L3: colon_cancer","PA",321492
"male","35-39","sc_car_deaths_pa_colon_cancer",-0.00524,"bogota","Car",NA,NA,"L3: colon_cancer","PA",289808
"male","40-44","sc_car_deaths_pa_colon_cancer",-0.00679,"bogota","Car",NA,NA,"L3: colon_cancer","PA",244543
"male","45-49","sc_car_deaths_pa_colon_cancer",-0.00993,"bogota","Car",NA,NA,"L3: colon_cancer","PA",215491
"male","50-54","sc_car_deaths_pa_colon_cancer",-0.01621,"bogota","Car",NA,NA,"L3: colon_cancer","PA",209137
"male","55-59","sc_car_deaths_pa_colon_cancer",-0.0257,"bogota","Car",NA,NA,"L3: colon_cancer","PA",187551
"male","60-64","sc_car_deaths_pa_colon_cancer",-0.02695,"bogota","Car",NA,NA,"L3: colon_cancer","PA",146500
"male","65-69","sc_car_deaths_pa_colon_cancer",-0.03341,"bogota","Car",NA,NA,"L3: colon_cancer","PA",105412
"female","15-19","sc_car_deaths_pa_colon_cancer",-0.00009,"bogota","Car",NA,NA,"L3: colon_cancer","PA",279280
"female","20-24","sc_car_deaths_pa_colon_cancer",-0.00042,"bogota","Car",NA,NA,"L3: colon_cancer","PA",360197
"female","25-29","sc_car_deaths_pa_colon_cancer",-0.0007,"bogota","Car",NA,NA,"L3: colon_cancer","PA",364423
"female","30-34","sc_car_deaths_pa_colon_cancer",-0.0029,"bogota","Car",NA,NA,"L3: colon_cancer","PA",330341
"female","35-39","sc_car_deaths_pa_colon_cancer",-0.00426,"bogota","Car",NA,NA,"L3: colon_cancer","PA",309304
"female","40-44","sc_car_deaths_pa_colon_cancer",-0.00693,"bogota","Car",NA,NA,"L3: colon_cancer","PA",275440
"female","45-49","sc_car_deaths_pa_colon_cancer",-0.00921,"bogota","Car",NA,NA,"L3: colon_cancer","PA",254843
"female","50-54","sc_car_deaths_pa_colon_cancer",-0.0098,"bogota","Car",NA,NA,"L3: colon_cancer","PA",256059
"female","55-59","sc_car_deaths_pa_colon_cancer",-0.01486,"bogota","Car",NA,NA,"L3: colon_cancer","PA",235548
"female","60-64","sc_car_deaths_pa_colon_cancer",-0.01869,"bogota","Car",NA,NA,"L3: colon_cancer","PA",189600
"female","65-69","sc_car_deaths_pa_colon_cancer",-0.01837,"bogota","Car",NA,NA,"L3: colon_cancer","PA",141409
"male","15-19","sc_bus_deaths_pa_colon_cancer",-0.00013,"bogota","Bus",NA,NA,"L3: colon_cancer","PA",282736
"male","20-24","sc_bus_deaths_pa_colon_cancer",-0.00014,"bogota","Bus",NA,NA,"L3: colon_cancer","PA",357934
"male","25-29","sc_bus_deaths_pa_colon_cancer",-0.00084,"bogota","Bus",NA,NA,"L3: colon_cancer","PA",360031
"male","30-34","sc_bus_deaths_pa_colon_cancer",-0.00083,"bogota","Bus",NA,NA,"L3: colon_cancer","PA",321492
"male","35-39","sc_bus_deaths_pa_colon_cancer",-0.00124,"bogota","Bus",NA,NA,"L3: colon_cancer","PA",289808
"male","40-44","sc_bus_deaths_pa_colon_cancer",-0.00209,"bogota","Bus",NA,NA,"L3: colon_cancer","PA",244543
"male","45-49","sc_bus_deaths_pa_colon_cancer",-0.00434,"bogota","Bus",NA,NA,"L3: colon_cancer","PA",215491
"male","50-54","sc_bus_deaths_pa_colon_cancer",-0.00861,"bogota","Bus",NA,NA,"L3: colon_cancer","PA",209137
"male","55-59","sc_bus_deaths_pa_colon_cancer",-0.00556,"bogota","Bus",NA,NA,"L3: colon_cancer","PA",187551
"male","60-64","sc_bus_deaths_pa_colon_cancer",-0.01667,"bogota","Bus",NA,NA,"L3: colon_cancer","PA",146500
"male","65-69","sc_bus_deaths_pa_colon_cancer",-0.00565,"bogota","Bus",NA,NA,"L3: colon_cancer","PA",105412
"female","15-19","sc_bus_deaths_pa_colon_cancer",-0.00003,"bogota","Bus",NA,NA,"L3: colon_cancer","PA",279280
"female","20-24","sc_bus_deaths_pa_colon_cancer",0.00004,"bogota","Bus",NA,NA,"L3: colon_cancer","PA",360197
"female","25-29","sc_bus_deaths_pa_colon_cancer",0.00018,"bogota","Bus",NA,NA,"L3: colon_cancer","PA",364423
"female","30-34","sc_bus_deaths_pa_colon_cancer",-0.00016,"bogota","Bus",NA,NA,"L3: colon_cancer","PA",330341
"female","35-39","sc_bus_deaths_pa_colon_cancer",-0.00022,"bogota","Bus",NA,NA,"L3: colon_cancer","PA",309304
"female","40-44","sc_bus_deaths_pa_colon_cancer",-0.00038,"bogota","Bus",NA,NA,"L3: colon_cancer","PA",275440
"female","45-49","sc_bus_deaths_pa_colon_cancer",-0.00146,"bogota","Bus",NA,NA,"L3: colon_cancer","PA",254843
"female","50-54","sc_bus_deaths_pa_colon_cancer",0.00251,"bogota","Bus",NA,NA,"L3: colon_cancer","PA",256059
"female","55-59","sc_bus_deaths_pa_colon_cancer",0.00669,"bogota","Bus",NA,NA,"L3: colon_cancer","PA",235548
"female","60-64","sc_bus_deaths_pa_colon_cancer",0.00902,"bogota","Bus",NA,NA,"L3: colon_cancer","PA",189600
"female","65-69","sc_bus_deaths_pa_colon_cancer",0.00261,"bogota","Bus",NA,NA,"L3: colon_cancer","PA",141409
"male","15-19","sc_cycle_deaths_pa_colon_cancer_lb",0.00052,"bogota","Cycling",NA,NA,"L3: colon_cancer","PA",282736
"male","20-24","sc_cycle_deaths_pa_colon_cancer_lb",0.00202,"bogota","Cycling",NA,NA,"L3: colon_cancer","PA",357934
"male","25-29","sc_cycle_deaths_pa_colon_cancer_lb",0.004,"bogota","Cycling",NA,NA,"L3: colon_cancer","PA",360031
"male","30-34","sc_cycle_deaths_pa_colon_cancer_lb",0.01469,"bogota","Cycling",NA,NA,"L3: colon_cancer","PA",321492
"male","35-39","sc_cycle_deaths_pa_colon_cancer_lb",0.01726,"bogota","Cycling",NA,NA,"L3: colon_cancer","PA",289808
"male","40-44","sc_cycle_deaths_pa_colon_cancer_lb",0.02505,"bogota","Cycling",NA,NA,"L3: colon_cancer","PA",244543
"male","45-49","sc_cycle_deaths_pa_colon_cancer_lb",0.03544,"bogota","Cycling",NA,NA,"L3: colon_cancer","PA",215491
"male","50-54","sc_cycle_deaths_pa_colon_cancer_lb",0.04871,"bogota","Cycling",NA,NA,"L3: colon_cancer","PA",209137
"male","55-59","sc_cycle_deaths_pa_colon_cancer_lb",0.07205,"bogota","Cycling",NA,NA,"L3: colon_cancer","PA",187551
"male","60-64","sc_cycle_deaths_pa_colon_cancer_lb",0.08518,"bogota","Cycling",NA,NA,"L3: colon_cancer","PA",146500
"male","65-69","sc_cycle_deaths_pa_colon_cancer_lb",0.11262,"bogota","Cycling",NA,NA,"L3: colon_cancer","PA",105412
"female","15-19","sc_cycle_deaths_pa_colon_cancer_lb",0.00031,"bogota","Cycling",NA,NA,"L3: colon_cancer","PA",279280
"female","20-24","sc_cycle_deaths_pa_colon_cancer_lb",0.00178,"bogota","Cycling",NA,NA,"L3: colon_cancer","PA",360197
"female","25-29","sc_cycle_deaths_pa_colon_cancer_lb",0.0051,"bogota","Cycling",NA,NA,"L3: colon_cancer","PA",364423
"female","30-34","sc_cycle_deaths_pa_colon_cancer_lb",0.01559,"bogota","Cycling",NA,NA,"L3: colon_cancer","PA",330341
"female","35-39","sc_cycle_deaths_pa_colon_cancer_lb",0.02492,"bogota","Cycling",NA,NA,"L3: colon_cancer","PA",309304
"female","40-44","sc_cycle_deaths_pa_colon_cancer_lb",0.03082,"bogota","Cycling",NA,NA,"L3: colon_cancer","PA",275440
"female","45-49","sc_cycle_deaths_pa_colon_cancer_lb",0.05284,"bogota","Cycling",NA,NA,"L3: colon_cancer","PA",254843
"female","50-54","sc_cycle_deaths_pa_colon_cancer_lb",0.06968,"bogota","Cycling",NA,NA,"L3: colon_cancer","PA",256059
"female","55-59","sc_cycle_deaths_pa_colon_cancer_lb",0.11287,"bogota","Cycling",NA,NA,"L3: colon_cancer","PA",235548
"female","60-64","sc_cycle_deaths_pa_colon_cancer_lb",0.11972,"bogota","Cycling",NA,NA,"L3: colon_cancer","PA",189600
"female","65-69","sc_cycle_deaths_pa_colon_cancer_lb",0.15556,"bogota","Cycling",NA,NA,"L3: colon_cancer","PA",141409
"male","15-19","sc_car_deaths_pa_colon_cancer_lb",-0.00049,"bogota","Car",NA,NA,"L3: colon_cancer","PA",282736
"male","20-24","sc_car_deaths_pa_colon_cancer_lb",-0.0014,"bogota","Car",NA,NA,"L3: colon_cancer","PA",357934
"male","25-29","sc_car_deaths_pa_colon_cancer_lb",-0.00203,"bogota","Car",NA,NA,"L3: colon_cancer","PA",360031
"male","30-34","sc_car_deaths_pa_colon_cancer_lb",-0.00661,"bogota","Car",NA,NA,"L3: colon_cancer","PA",321492
"male","35-39","sc_car_deaths_pa_colon_cancer_lb",-0.00943,"bogota","Car",NA,NA,"L3: colon_cancer","PA",289808
"male","40-44","sc_car_deaths_pa_colon_cancer_lb",-0.01219,"bogota","Car",NA,NA,"L3: colon_cancer","PA",244543
"male","45-49","sc_car_deaths_pa_colon_cancer_lb",-0.01769,"bogota","Car",NA,NA,"L3: colon_cancer","PA",215491
"male","50-54","sc_car_deaths_pa_colon_cancer_lb",-0.02908,"bogota","Car",NA,NA,"L3: colon_cancer","PA",209137
"male","55-59","sc_car_deaths_pa_colon_cancer_lb",-0.0456,"bogota","Car",NA,NA,"L3: colon_cancer","PA",187551
"male","60-64","sc_car_deaths_pa_colon_cancer_lb",-0.04818,"bogota","Car",NA,NA,"L3: colon_cancer","PA",146500
"male","65-69","sc_car_deaths_pa_colon_cancer_lb",-0.05983,"bogota","Car",NA,NA,"L3: colon_cancer","PA",105412
"female","15-19","sc_car_deaths_pa_colon_cancer_lb",-0.00016,"bogota","Car",NA,NA,"L3: colon_cancer","PA",279280
"female","20-24","sc_car_deaths_pa_colon_cancer_lb",-0.00076,"bogota","Car",NA,NA,"L3: colon_cancer","PA",360197
"female","25-29","sc_car_deaths_pa_colon_cancer_lb",-0.00123,"bogota","Car",NA,NA,"L3: colon_cancer","PA",364423
"female","30-34","sc_car_deaths_pa_colon_cancer_lb",-0.00521,"bogota","Car",NA,NA,"L3: colon_cancer","PA",330341
"female","35-39","sc_car_deaths_pa_colon_cancer_lb",-0.00769,"bogota","Car",NA,NA,"L3: colon_cancer","PA",309304
"female","40-44","sc_car_deaths_pa_colon_cancer_lb",-0.01251,"bogota","Car",NA,NA,"L3: colon_cancer","PA",275440
"female","45-49","sc_car_deaths_pa_colon_cancer_lb",-0.01665,"bogota","Car",NA,NA,"L3: colon_cancer","PA",254843
"female","50-54","sc_car_deaths_pa_colon_cancer_lb",-0.01775,"bogota","Car",NA,NA,"L3: colon_cancer","PA",256059
"female","55-59","sc_car_deaths_pa_colon_cancer_lb",-0.02696,"bogota","Car",NA,NA,"L3: colon_cancer","PA",235548
"female","60-64","sc_car_deaths_pa_colon_cancer_lb",-0.03404,"bogota","Car",NA,NA,"L3: colon_cancer","PA",189600
"female","65-69","sc_car_deaths_pa_colon_cancer_lb",-0.03294,"bogota","Car",NA,NA,"L3: colon_cancer","PA",141409
"male","15-19","sc_bus_deaths_pa_colon_cancer_lb",-0.00023,"bogota","Bus",NA,NA,"L3: colon_cancer","PA",282736
"male","20-24","sc_bus_deaths_pa_colon_cancer_lb",-0.00022,"bogota","Bus",NA,NA,"L3: colon_cancer","PA",357934
"male","25-29","sc_bus_deaths_pa_colon_cancer_lb",-0.00152,"bogota","Bus",NA,NA,"L3: colon_cancer","PA",360031
"male","30-34","sc_bus_deaths_pa_colon_cancer_lb",-0.00126,"bogota","Bus",NA,NA,"L3: colon_cancer","PA",321492
"male","35-39","sc_bus_deaths_pa_colon_cancer_lb",-0.00192,"bogota","Bus",NA,NA,"L3: colon_cancer","PA",289808
"male","40-44","sc_bus_deaths_pa_colon_cancer_lb",-0.00335,"bogota","Bus",NA,NA,"L3: colon_cancer","PA",244543
"male","45-49","sc_bus_deaths_pa_colon_cancer_lb",-0.00722,"bogota","Bus",NA,NA,"L3: colon_cancer","PA",215491
"male","50-54","sc_bus_deaths_pa_colon_cancer_lb",-0.01486,"bogota","Bus",NA,NA,"L3: colon_cancer","PA",209137
"male","55-59","sc_bus_deaths_pa_colon_cancer_lb",-0.00874,"bogota","Bus",NA,NA,"L3: colon_cancer","PA",187551
"male","60-64","sc_bus_deaths_pa_colon_cancer_lb",-0.02865,"bogota","Bus",NA,NA,"L3: colon_cancer","PA",146500
"male","65-69","sc_bus_deaths_pa_colon_cancer_lb",-0.00893,"bogota","Bus",NA,NA,"L3: colon_cancer","PA",105412
"female","15-19","sc_bus_deaths_pa_colon_cancer_lb",-0.00006,"bogota","Bus",NA,NA,"L3: colon_cancer","PA",279280
"female","20-24","sc_bus_deaths_pa_colon_cancer_lb",0.00007,"bogota","Bus",NA,NA,"L3: colon_cancer","PA",360197
"female","25-29","sc_bus_deaths_pa_colon_cancer_lb",0.00035,"bogota","Bus",NA,NA,"L3: colon_cancer","PA",364423
"female","30-34","sc_bus_deaths_pa_colon_cancer_lb",-0.00019,"bogota","Bus",NA,NA,"L3: colon_cancer","PA",330341
"female","35-39","sc_bus_deaths_pa_colon_cancer_lb",-0.00018,"bogota","Bus",NA,NA,"L3: colon_cancer","PA",309304
"female","40-44","sc_bus_deaths_pa_colon_cancer_lb",-0.00041,"bogota","Bus",NA,NA,"L3: colon_cancer","PA",275440
"female","45-49","sc_bus_deaths_pa_colon_cancer_lb",-0.0022,"bogota","Bus",NA,NA,"L3: colon_cancer","PA",254843
"female","50-54","sc_bus_deaths_pa_colon_cancer_lb",0.00463,"bogota","Bus",NA,NA,"L3: colon_cancer","PA",256059
"female","55-59","sc_bus_deaths_pa_colon_cancer_lb",0.0125,"bogota","Bus",NA,NA,"L3: colon_cancer","PA",235548
"female","60-64","sc_bus_deaths_pa_colon_cancer_lb",0.01664,"bogota","Bus",NA,NA,"L3: colon_cancer","PA",189600
"female","65-69","sc_bus_deaths_pa_colon_cancer_lb",0.00502,"bogota","Bus",NA,NA,"L3: colon_cancer","PA",141409
"male","15-19","sc_cycle_deaths_pa_colon_cancer_ub",0.00006,"bogota","Cycling",NA,NA,"L3: colon_cancer","PA",282736
"male","20-24","sc_cycle_deaths_pa_colon_cancer_ub",0.00024,"bogota","Cycling",NA,NA,"L3: colon_cancer","PA",357934
"male","25-29","sc_cycle_deaths_pa_colon_cancer_ub",0.00042,"bogota","Cycling",NA,NA,"L3: colon_cancer","PA",360031
"male","30-34","sc_cycle_deaths_pa_colon_cancer_ub",0.00181,"bogota","Cycling",NA,NA,"L3: colon_cancer","PA",321492
"male","35-39","sc_cycle_deaths_pa_colon_cancer_ub",0.00205,"bogota","Cycling",NA,NA,"L3: colon_cancer","PA",289808
"male","40-44","sc_cycle_deaths_pa_colon_cancer_ub",0.00329,"bogota","Cycling",NA,NA,"L3: colon_cancer","PA",244543
"male","45-49","sc_cycle_deaths_pa_colon_cancer_ub",0.00449,"bogota","Cycling",NA,NA,"L3: colon_cancer","PA",215491
"male","50-54","sc_cycle_deaths_pa_colon_cancer_ub",0.00628,"bogota","Cycling",NA,NA,"L3: colon_cancer","PA",209137
"male","55-59","sc_cycle_deaths_pa_colon_cancer_ub",0.00931,"bogota","Cycling",NA,NA,"L3: colon_cancer","PA",187551
"male","60-64","sc_cycle_deaths_pa_colon_cancer_ub",0.01062,"bogota","Cycling",NA,NA,"L3: colon_cancer","PA",146500
"male","65-69","sc_cycle_deaths_pa_colon_cancer_ub",0.01459,"bogota","Cycling",NA,NA,"L3: colon_cancer","PA",105412
"female","15-19","sc_cycle_deaths_pa_colon_cancer_ub",0.00004,"bogota","Cycling",NA,NA,"L3: colon_cancer","PA",279280
"female","20-24","sc_cycle_deaths_pa_colon_cancer_ub",0.00021,"bogota","Cycling",NA,NA,"L3: colon_cancer","PA",360197
"female","25-29","sc_cycle_deaths_pa_colon_cancer_ub",0.0007,"bogota","Cycling",NA,NA,"L3: colon_cancer","PA",364423
"female","30-34","sc_cycle_deaths_pa_colon_cancer_ub",0.00208,"bogota","Cycling",NA,NA,"L3: colon_cancer","PA",330341
"female","35-39","sc_cycle_deaths_pa_colon_cancer_ub",0.00317,"bogota","Cycling",NA,NA,"L3: colon_cancer","PA",309304
"female","40-44","sc_cycle_deaths_pa_colon_cancer_ub",0.00412,"bogota","Cycling",NA,NA,"L3: colon_cancer","PA",275440
"female","45-49","sc_cycle_deaths_pa_colon_cancer_ub",0.00703,"bogota","Cycling",NA,NA,"L3: colon_cancer","PA",254843
"female","50-54","sc_cycle_deaths_pa_colon_cancer_ub",0.00868,"bogota","Cycling",NA,NA,"L3: colon_cancer","PA",256059
"female","55-59","sc_cycle_deaths_pa_colon_cancer_ub",0.01485,"bogota","Cycling",NA,NA,"L3: colon_cancer","PA",235548
"female","60-64","sc_cycle_deaths_pa_colon_cancer_ub",0.01568,"bogota","Cycling",NA,NA,"L3: colon_cancer","PA",189600
"female","65-69","sc_cycle_deaths_pa_colon_cancer_ub",0.02011,"bogota","Cycling",NA,NA,"L3: colon_cancer","PA",141409
"male","15-19","sc_car_deaths_pa_colon_cancer_ub",-0.00005,"bogota","Car",NA,NA,"L3: colon_cancer","PA",282736
"male","20-24","sc_car_deaths_pa_colon_cancer_ub",-0.00015,"bogota","Car",NA,NA,"L3: colon_cancer","PA",357934
"male","25-29","sc_car_deaths_pa_colon_cancer_ub",-0.00021,"bogota","Car",NA,NA,"L3: colon_cancer","PA",360031
"male","30-34","sc_car_deaths_pa_colon_cancer_ub",-0.00071,"bogota","Car",NA,NA,"L3: colon_cancer","PA",321492
"male","35-39","sc_car_deaths_pa_colon_cancer_ub",-0.00106,"bogota","Car",NA,NA,"L3: colon_cancer","PA",289808
"male","40-44","sc_car_deaths_pa_colon_cancer_ub",-0.00144,"bogota","Car",NA,NA,"L3: colon_cancer","PA",244543
"male","45-49","sc_car_deaths_pa_colon_cancer_ub",-0.00217,"bogota","Car",NA,NA,"L3: colon_cancer","PA",215491
"male","50-54","sc_car_deaths_pa_colon_cancer_ub",-0.00334,"bogota","Car",NA,NA,"L3: colon_cancer","PA",209137
"male","55-59","sc_car_deaths_pa_colon_cancer_ub",-0.0058,"bogota","Car",NA,NA,"L3: colon_cancer","PA",187551
"male","60-64","sc_car_deaths_pa_colon_cancer_ub",-0.00586,"bogota","Car",NA,NA,"L3: colon_cancer","PA",146500
"male","65-69","sc_car_deaths_pa_colon_cancer_ub",-0.00689,"bogota","Car",NA,NA,"L3: colon_cancer","PA",105412
"female","15-19","sc_car_deaths_pa_colon_cancer_ub",-0.00002,"bogota","Car",NA,NA,"L3: colon_cancer","PA",279280
"female","20-24","sc_car_deaths_pa_colon_cancer_ub",-0.00009,"bogota","Car",NA,NA,"L3: colon_cancer","PA",360197
"female","25-29","sc_car_deaths_pa_colon_cancer_ub",-0.0002,"bogota","Car",NA,NA,"L3: colon_cancer","PA",364423
"female","30-34","sc_car_deaths_pa_colon_cancer_ub",-0.0006,"bogota","Car",NA,NA,"L3: colon_cancer","PA",330341
"female","35-39","sc_car_deaths_pa_colon_cancer_ub",-0.00087,"bogota","Car",NA,NA,"L3: colon_cancer","PA",309304
"female","40-44","sc_car_deaths_pa_colon_cancer_ub",-0.00141,"bogota","Car",NA,NA,"L3: colon_cancer","PA",275440
"female","45-49","sc_car_deaths_pa_colon_cancer_ub",-0.00186,"bogota","Car",NA,NA,"L3: colon_cancer","PA",254843
"female","50-54","sc_car_deaths_pa_colon_cancer_ub",-0.00193,"bogota","Car",NA,NA,"L3: colon_cancer","PA",256059
"female","55-59","sc_car_deaths_pa_colon_cancer_ub",-0.00292,"bogota","Car",NA,NA,"L3: colon_cancer","PA",235548
"female","60-64","sc_car_deaths_pa_colon_cancer_ub",-0.00345,"bogota","Car",NA,NA,"L3: colon_cancer","PA",189600
"female","65-69","sc_car_deaths_pa_colon_cancer_ub",-0.00387,"bogota","Car",NA,NA,"L3: colon_cancer","PA",141409
"male","15-19","sc_bus_deaths_pa_colon_cancer_ub",-0.00003,"bogota","Bus",NA,NA,"L3: colon_cancer","PA",282736
"male","20-24","sc_bus_deaths_pa_colon_cancer_ub",-0.00005,"bogota","Bus",NA,NA,"L3: colon_cancer","PA",357934
"male","25-29","sc_bus_deaths_pa_colon_cancer_ub",-0.00017,"bogota","Bus",NA,NA,"L3: colon_cancer","PA",360031
"male","30-34","sc_bus_deaths_pa_colon_cancer_ub",-0.0003,"bogota","Bus",NA,NA,"L3: colon_cancer","PA",321492
"male","35-39","sc_bus_deaths_pa_colon_cancer_ub",-0.00046,"bogota","Bus",NA,NA,"L3: colon_cancer","PA",289808
"male","40-44","sc_bus_deaths_pa_colon_cancer_ub",-0.00066,"bogota","Bus",NA,NA,"L3: colon_cancer","PA",244543
"male","45-49","sc_bus_deaths_pa_colon_cancer_ub",-0.0012,"bogota","Bus",NA,NA,"L3: colon_cancer","PA",215491
"male","50-54","sc_bus_deaths_pa_colon_cancer_ub",-0.00212,"bogota","Bus",NA,NA,"L3: colon_cancer","PA",209137
"male","55-59","sc_bus_deaths_pa_colon_cancer_ub",-0.00191,"bogota","Bus",NA,NA,"L3: colon_cancer","PA",187551
"male","60-64","sc_bus_deaths_pa_colon_cancer_ub",-0.00425,"bogota","Bus",NA,NA,"L3: colon_cancer","PA",146500
"male","65-69","sc_bus_deaths_pa_colon_cancer_ub",-0.00181,"bogota","Bus",NA,NA,"L3: colon_cancer","PA",105412
"female","15-19","sc_bus_deaths_pa_colon_cancer_ub",-0.00001,"bogota","Bus",NA,NA,"L3: colon_cancer","PA",279280
"female","20-24","sc_bus_deaths_pa_colon_cancer_ub",0.00001,"bogota","Bus",NA,NA,"L3: colon_cancer","PA",360197
"female","25-29","sc_bus_deaths_pa_colon_cancer_ub",0.00004,"bogota","Bus",NA,NA,"L3: colon_cancer","PA",364423
"female","30-34","sc_bus_deaths_pa_colon_cancer_ub",-0.0001,"bogota","Bus",NA,NA,"L3: colon_cancer","PA",330341
"female","35-39","sc_bus_deaths_pa_colon_cancer_ub",-0.00018,"bogota","Bus",NA,NA,"L3: colon_cancer","PA",309304
"female","40-44","sc_bus_deaths_pa_colon_cancer_ub",-0.00024,"bogota","Bus",NA,NA,"L3: colon_cancer","PA",275440
"female","45-49","sc_bus_deaths_pa_colon_cancer_ub",-0.00056,"bogota","Bus",NA,NA,"L3: colon_cancer","PA",254843
"female","50-54","sc_bus_deaths_pa_colon_cancer_ub",0.00047,"bogota","Bus",NA,NA,"L3: colon_cancer","PA",256059
"female","55-59","sc_bus_deaths_pa_colon_cancer_ub",0.00107,"bogota","Bus",NA,NA,"L3: colon_cancer","PA",235548
"female","60-64","sc_bus_deaths_pa_colon_cancer_ub",0.00155,"bogota","Bus",NA,NA,"L3: colon_cancer","PA",189600
"female","65-69","sc_bus_deaths_pa_colon_cancer_ub",0.00034,"bogota","Bus",NA,NA,"L3: colon_cancer","PA",141409
"male","15-19","sc_cycle_deaths_pa_endo_cancer",0,"bogota","Cycling",NA,NA,"L3: endo_cancer","PA",282736
"male","20-24","sc_cycle_deaths_pa_endo_cancer",0,"bogota","Cycling",NA,NA,"L3: endo_cancer","PA",357934
"male","25-29","sc_cycle_deaths_pa_endo_cancer",0,"bogota","Cycling",NA,NA,"L3: endo_cancer","PA",360031
"male","30-34","sc_cycle_deaths_pa_endo_cancer",0,"bogota","Cycling",NA,NA,"L3: endo_cancer","PA",321492
"male","35-39","sc_cycle_deaths_pa_endo_cancer",0,"bogota","Cycling",NA,NA,"L3: endo_cancer","PA",289808
"male","40-44","sc_cycle_deaths_pa_endo_cancer",0,"bogota","Cycling",NA,NA,"L3: endo_cancer","PA",244543
"male","45-49","sc_cycle_deaths_pa_endo_cancer",0,"bogota","Cycling",NA,NA,"L3: endo_cancer","PA",215491
"male","50-54","sc_cycle_deaths_pa_endo_cancer",0,"bogota","Cycling",NA,NA,"L3: endo_cancer","PA",209137
"male","55-59","sc_cycle_deaths_pa_endo_cancer",0,"bogota","Cycling",NA,NA,"L3: endo_cancer","PA",187551
"male","60-64","sc_cycle_deaths_pa_endo_cancer",0,"bogota","Cycling",NA,NA,"L3: endo_cancer","PA",146500
"male","65-69","sc_cycle_deaths_pa_endo_cancer",0,"bogota","Cycling",NA,NA,"L3: endo_cancer","PA",105412
"female","15-19","sc_cycle_deaths_pa_endo_cancer",0,"bogota","Cycling",NA,NA,"L3: endo_cancer","PA",279280
"female","20-24","sc_cycle_deaths_pa_endo_cancer",0.00011,"bogota","Cycling",NA,NA,"L3: endo_cancer","PA",360197
"female","25-29","sc_cycle_deaths_pa_endo_cancer",0.0005,"bogota","Cycling",NA,NA,"L3: endo_cancer","PA",364423
"female","30-34","sc_cycle_deaths_pa_endo_cancer",0.00136,"bogota","Cycling",NA,NA,"L3: endo_cancer","PA",330341
"female","35-39","sc_cycle_deaths_pa_endo_cancer",0.00262,"bogota","Cycling",NA,NA,"L3: endo_cancer","PA",309304
"female","40-44","sc_cycle_deaths_pa_endo_cancer",0.00383,"bogota","Cycling",NA,NA,"L3: endo_cancer","PA",275440
"female","45-49","sc_cycle_deaths_pa_endo_cancer",0.01008,"bogota","Cycling",NA,NA,"L3: endo_cancer","PA",254843
"female","50-54","sc_cycle_deaths_pa_endo_cancer",0.01398,"bogota","Cycling",NA,NA,"L3: endo_cancer","PA",256059
"female","55-59","sc_cycle_deaths_pa_endo_cancer",0.02635,"bogota","Cycling",NA,NA,"L3: endo_cancer","PA",235548
"female","60-64","sc_cycle_deaths_pa_endo_cancer",0.03448,"bogota","Cycling",NA,NA,"L3: endo_cancer","PA",189600
"female","65-69","sc_cycle_deaths_pa_endo_cancer",0.04369,"bogota","Cycling",NA,NA,"L3: endo_cancer","PA",141409
"male","15-19","sc_car_deaths_pa_endo_cancer",0,"bogota","Car",NA,NA,"L3: endo_cancer","PA",282736
"male","20-24","sc_car_deaths_pa_endo_cancer",0,"bogota","Car",NA,NA,"L3: endo_cancer","PA",357934
"male","25-29","sc_car_deaths_pa_endo_cancer",0,"bogota","Car",NA,NA,"L3: endo_cancer","PA",360031
"male","30-34","sc_car_deaths_pa_endo_cancer",0,"bogota","Car",NA,NA,"L3: endo_cancer","PA",321492
"male","35-39","sc_car_deaths_pa_endo_cancer",0,"bogota","Car",NA,NA,"L3: endo_cancer","PA",289808
"male","40-44","sc_car_deaths_pa_endo_cancer",0,"bogota","Car",NA,NA,"L3: endo_cancer","PA",244543
"male","45-49","sc_car_deaths_pa_endo_cancer",0,"bogota","Car",NA,NA,"L3: endo_cancer","PA",215491
"male","50-54","sc_car_deaths_pa_endo_cancer",0,"bogota","Car",NA,NA,"L3: endo_cancer","PA",209137
"male","55-59","sc_car_deaths_pa_endo_cancer",0,"bogota","Car",NA,NA,"L3: endo_cancer","PA",187551
"male","60-64","sc_car_deaths_pa_endo_cancer",0,"bogota","Car",NA,NA,"L3: endo_cancer","PA",146500
"male","65-69","sc_car_deaths_pa_endo_cancer",0,"bogota","Car",NA,NA,"L3: endo_cancer","PA",105412
"female","15-19","sc_car_deaths_pa_endo_cancer",0,"bogota","Car",NA,NA,"L3: endo_cancer","PA",279280
"female","20-24","sc_car_deaths_pa_endo_cancer",-0.00004,"bogota","Car",NA,NA,"L3: endo_cancer","PA",360197
"female","25-29","sc_car_deaths_pa_endo_cancer",-0.00012,"bogota","Car",NA,NA,"L3: endo_cancer","PA",364423
"female","30-34","sc_car_deaths_pa_endo_cancer",-0.00044,"bogota","Car",NA,NA,"L3: endo_cancer","PA",330341
"female","35-39","sc_car_deaths_pa_endo_cancer",-0.00079,"bogota","Car",NA,NA,"L3: endo_cancer","PA",309304
"female","40-44","sc_car_deaths_pa_endo_cancer",-0.0015,"bogota","Car",NA,NA,"L3: endo_cancer","PA",275440
"female","45-49","sc_car_deaths_pa_endo_cancer",-0.00306,"bogota","Car",NA,NA,"L3: endo_cancer","PA",254843
"female","50-54","sc_car_deaths_pa_endo_cancer",-0.00346,"bogota","Car",NA,NA,"L3: endo_cancer","PA",256059
"female","55-59","sc_car_deaths_pa_endo_cancer",-0.00605,"bogota","Car",NA,NA,"L3: endo_cancer","PA",235548
"female","60-64","sc_car_deaths_pa_endo_cancer",-0.00932,"bogota","Car",NA,NA,"L3: endo_cancer","PA",189600
"female","65-69","sc_car_deaths_pa_endo_cancer",-0.00906,"bogota","Car",NA,NA,"L3: endo_cancer","PA",141409
"male","15-19","sc_bus_deaths_pa_endo_cancer",0,"bogota","Bus",NA,NA,"L3: endo_cancer","PA",282736
"male","20-24","sc_bus_deaths_pa_endo_cancer",0,"bogota","Bus",NA,NA,"L3: endo_cancer","PA",357934
"male","25-29","sc_bus_deaths_pa_endo_cancer",0,"bogota","Bus",NA,NA,"L3: endo_cancer","PA",360031
"male","30-34","sc_bus_deaths_pa_endo_cancer",0,"bogota","Bus",NA,NA,"L3: endo_cancer","PA",321492
"male","35-39","sc_bus_deaths_pa_endo_cancer",0,"bogota","Bus",NA,NA,"L3: endo_cancer","PA",289808
"male","40-44","sc_bus_deaths_pa_endo_cancer",0,"bogota","Bus",NA,NA,"L3: endo_cancer","PA",244543
"male","45-49","sc_bus_deaths_pa_endo_cancer",0,"bogota","Bus",NA,NA,"L3: endo_cancer","PA",215491
"male","50-54","sc_bus_deaths_pa_endo_cancer",0,"bogota","Bus",NA,NA,"L3: endo_cancer","PA",209137
"male","55-59","sc_bus_deaths_pa_endo_cancer",0,"bogota","Bus",NA,NA,"L3: endo_cancer","PA",187551
"male","60-64","sc_bus_deaths_pa_endo_cancer",0,"bogota","Bus",NA,NA,"L3: endo_cancer","PA",146500
"male","65-69","sc_bus_deaths_pa_endo_cancer",0,"bogota","Bus",NA,NA,"L3: endo_cancer","PA",105412
"female","15-19","sc_bus_deaths_pa_endo_cancer",0,"bogota","Bus",NA,NA,"L3: endo_cancer","PA",279280
"female","20-24","sc_bus_deaths_pa_endo_cancer",0,"bogota","Bus",NA,NA,"L3: endo_cancer","PA",360197
"female","25-29","sc_bus_deaths_pa_endo_cancer",0.00003,"bogota","Bus",NA,NA,"L3: endo_cancer","PA",364423
"female","30-34","sc_bus_deaths_pa_endo_cancer",-0.00003,"bogota","Bus",NA,NA,"L3: endo_cancer","PA",330341
"female","35-39","sc_bus_deaths_pa_endo_cancer",-0.00005,"bogota","Bus",NA,NA,"L3: endo_cancer","PA",309304
"female","40-44","sc_bus_deaths_pa_endo_cancer",-0.00009,"bogota","Bus",NA,NA,"L3: endo_cancer","PA",275440
"female","45-49","sc_bus_deaths_pa_endo_cancer",-0.00051,"bogota","Bus",NA,NA,"L3: endo_cancer","PA",254843
"female","50-54","sc_bus_deaths_pa_endo_cancer",0.00089,"bogota","Bus",NA,NA,"L3: endo_cancer","PA",256059
"female","55-59","sc_bus_deaths_pa_endo_cancer",0.00269,"bogota","Bus",NA,NA,"L3: endo_cancer","PA",235548
"female","60-64","sc_bus_deaths_pa_endo_cancer",0.00449,"bogota","Bus",NA,NA,"L3: endo_cancer","PA",189600
"female","65-69","sc_bus_deaths_pa_endo_cancer",0.00126,"bogota","Bus",NA,NA,"L3: endo_cancer","PA",141409
"male","15-19","sc_cycle_deaths_pa_endo_cancer_lb",0,"bogota","Cycling",NA,NA,"L3: endo_cancer","PA",282736
"male","20-24","sc_cycle_deaths_pa_endo_cancer_lb",0,"bogota","Cycling",NA,NA,"L3: endo_cancer","PA",357934
"male","25-29","sc_cycle_deaths_pa_endo_cancer_lb",0,"bogota","Cycling",NA,NA,"L3: endo_cancer","PA",360031
"male","30-34","sc_cycle_deaths_pa_endo_cancer_lb",0,"bogota","Cycling",NA,NA,"L3: endo_cancer","PA",321492
"male","35-39","sc_cycle_deaths_pa_endo_cancer_lb",0,"bogota","Cycling",NA,NA,"L3: endo_cancer","PA",289808
"male","40-44","sc_cycle_deaths_pa_endo_cancer_lb",0,"bogota","Cycling",NA,NA,"L3: endo_cancer","PA",244543
"male","45-49","sc_cycle_deaths_pa_endo_cancer_lb",0,"bogota","Cycling",NA,NA,"L3: endo_cancer","PA",215491
"male","50-54","sc_cycle_deaths_pa_endo_cancer_lb",0,"bogota","Cycling",NA,NA,"L3: endo_cancer","PA",209137
"male","55-59","sc_cycle_deaths_pa_endo_cancer_lb",0,"bogota","Cycling",NA,NA,"L3: endo_cancer","PA",187551
"male","60-64","sc_cycle_deaths_pa_endo_cancer_lb",0,"bogota","Cycling",NA,NA,"L3: endo_cancer","PA",146500
"male","65-69","sc_cycle_deaths_pa_endo_cancer_lb",0,"bogota","Cycling",NA,NA,"L3: endo_cancer","PA",105412
"female","15-19","sc_cycle_deaths_pa_endo_cancer_lb",0,"bogota","Cycling",NA,NA,"L3: endo_cancer","PA",279280
"female","20-24","sc_cycle_deaths_pa_endo_cancer_lb",0.00018,"bogota","Cycling",NA,NA,"L3: endo_cancer","PA",360197
"female","25-29","sc_cycle_deaths_pa_endo_cancer_lb",0.00082,"bogota","Cycling",NA,NA,"L3: endo_cancer","PA",364423
"female","30-34","sc_cycle_deaths_pa_endo_cancer_lb",0.00221,"bogota","Cycling",NA,NA,"L3: endo_cancer","PA",330341
"female","35-39","sc_cycle_deaths_pa_endo_cancer_lb",0.00431,"bogota","Cycling",NA,NA,"L3: endo_cancer","PA",309304
"female","40-44","sc_cycle_deaths_pa_endo_cancer_lb",0.00623,"bogota","Cycling",NA,NA,"L3: endo_cancer","PA",275440
"female","45-49","sc_cycle_deaths_pa_endo_cancer_lb",0.01643,"bogota","Cycling",NA,NA,"L3: endo_cancer","PA",254843
"female","50-54","sc_cycle_deaths_pa_endo_cancer_lb",0.02308,"bogota","Cycling",NA,NA,"L3: endo_cancer","PA",256059
"female","55-59","sc_cycle_deaths_pa_endo_cancer_lb",0.04301,"bogota","Cycling",NA,NA,"L3: endo_cancer","PA",235548
"female","60-64","sc_cycle_deaths_pa_endo_cancer_lb",0.05607,"bogota","Cycling",NA,NA,"L3: endo_cancer","PA",189600
"female","65-69","sc_cycle_deaths_pa_endo_cancer_lb",0.07136,"bogota","Cycling",NA,NA,"L3: endo_cancer","PA",141409
"male","15-19","sc_car_deaths_pa_endo_cancer_lb",0,"bogota","Car",NA,NA,"L3: endo_cancer","PA",282736
"male","20-24","sc_car_deaths_pa_endo_cancer_lb",0,"bogota","Car",NA,NA,"L3: endo_cancer","PA",357934
"male","25-29","sc_car_deaths_pa_endo_cancer_lb",0,"bogota","Car",NA,NA,"L3: endo_cancer","PA",360031
"male","30-34","sc_car_deaths_pa_endo_cancer_lb",0,"bogota","Car",NA,NA,"L3: endo_cancer","PA",321492
"male","35-39","sc_car_deaths_pa_endo_cancer_lb",0,"bogota","Car",NA,NA,"L3: endo_cancer","PA",289808
"male","40-44","sc_car_deaths_pa_endo_cancer_lb",0,"bogota","Car",NA,NA,"L3: endo_cancer","PA",244543
"male","45-49","sc_car_deaths_pa_endo_cancer_lb",0,"bogota","Car",NA,NA,"L3: endo_cancer","PA",215491
"male","50-54","sc_car_deaths_pa_endo_cancer_lb",0,"bogota","Car",NA,NA,"L3: endo_cancer","PA",209137
"male","55-59","sc_car_deaths_pa_endo_cancer_lb",0,"bogota","Car",NA,NA,"L3: endo_cancer","PA",187551
"male","60-64","sc_car_deaths_pa_endo_cancer_lb",0,"bogota","Car",NA,NA,"L3: endo_cancer","PA",146500
"male","65-69","sc_car_deaths_pa_endo_cancer_lb",0,"bogota","Car",NA,NA,"L3: endo_cancer","PA",105412
"female","15-19","sc_car_deaths_pa_endo_cancer_lb",0,"bogota","Car",NA,NA,"L3: endo_cancer","PA",279280
"female","20-24","sc_car_deaths_pa_endo_cancer_lb",-0.00008,"bogota","Car",NA,NA,"L3: endo_cancer","PA",360197
"female","25-29","sc_car_deaths_pa_endo_cancer_lb",-0.0002,"bogota","Car",NA,NA,"L3: endo_cancer","PA",364423
"female","30-34","sc_car_deaths_pa_endo_cancer_lb",-0.00074,"bogota","Car",NA,NA,"L3: endo_cancer","PA",330341
"female","35-39","sc_car_deaths_pa_endo_cancer_lb",-0.00134,"bogota","Car",NA,NA,"L3: endo_cancer","PA",309304
"female","40-44","sc_car_deaths_pa_endo_cancer_lb",-0.00254,"bogota","Car",NA,NA,"L3: endo_cancer","PA",275440
"female","45-49","sc_car_deaths_pa_endo_cancer_lb",-0.0052,"bogota","Car",NA,NA,"L3: endo_cancer","PA",254843
"female","50-54","sc_car_deaths_pa_endo_cancer_lb",-0.00591,"bogota","Car",NA,NA,"L3: endo_cancer","PA",256059
"female","55-59","sc_car_deaths_pa_endo_cancer_lb",-0.01032,"bogota","Car",NA,NA,"L3: endo_cancer","PA",235548
"female","60-64","sc_car_deaths_pa_endo_cancer_lb",-0.016,"bogota","Car",NA,NA,"L3: endo_cancer","PA",189600
"female","65-69","sc_car_deaths_pa_endo_cancer_lb",-0.0152,"bogota","Car",NA,NA,"L3: endo_cancer","PA",141409
"male","15-19","sc_bus_deaths_pa_endo_cancer_lb",0,"bogota","Bus",NA,NA,"L3: endo_cancer","PA",282736
"male","20-24","sc_bus_deaths_pa_endo_cancer_lb",0,"bogota","Bus",NA,NA,"L3: endo_cancer","PA",357934
"male","25-29","sc_bus_deaths_pa_endo_cancer_lb",0,"bogota","Bus",NA,NA,"L3: endo_cancer","PA",360031
"male","30-34","sc_bus_deaths_pa_endo_cancer_lb",0,"bogota","Bus",NA,NA,"L3: endo_cancer","PA",321492
"male","35-39","sc_bus_deaths_pa_endo_cancer_lb",0,"bogota","Bus",NA,NA,"L3: endo_cancer","PA",289808
"male","40-44","sc_bus_deaths_pa_endo_cancer_lb",0,"bogota","Bus",NA,NA,"L3: endo_cancer","PA",244543
"male","45-49","sc_bus_deaths_pa_endo_cancer_lb",0,"bogota","Bus",NA,NA,"L3: endo_cancer","PA",215491
"male","50-54","sc_bus_deaths_pa_endo_cancer_lb",0,"bogota","Bus",NA,NA,"L3: endo_cancer","PA",209137
"male","55-59","sc_bus_deaths_pa_endo_cancer_lb",0,"bogota","Bus",NA,NA,"L3: endo_cancer","PA",187551
"male","60-64","sc_bus_deaths_pa_endo_cancer_lb",0,"bogota","Bus",NA,NA,"L3: endo_cancer","PA",146500
"male","65-69","sc_bus_deaths_pa_endo_cancer_lb",0,"bogota","Bus",NA,NA,"L3: endo_cancer","PA",105412
"female","15-19","sc_bus_deaths_pa_endo_cancer_lb",0,"bogota","Bus",NA,NA,"L3: endo_cancer","PA",279280
"female","20-24","sc_bus_deaths_pa_endo_cancer_lb",0.00001,"bogota","Bus",NA,NA,"L3: endo_cancer","PA",360197
"female","25-29","sc_bus_deaths_pa_endo_cancer_lb",0.00006,"bogota","Bus",NA,NA,"L3: endo_cancer","PA",364423
"female","30-34","sc_bus_deaths_pa_endo_cancer_lb",-0.00002,"bogota","Bus",NA,NA,"L3: endo_cancer","PA",330341
"female","35-39","sc_bus_deaths_pa_endo_cancer_lb",-0.00003,"bogota","Bus",NA,NA,"L3: endo_cancer","PA",309304
"female","40-44","sc_bus_deaths_pa_endo_cancer_lb",-0.00007,"bogota","Bus",NA,NA,"L3: endo_cancer","PA",275440
"female","45-49","sc_bus_deaths_pa_endo_cancer_lb",-0.00067,"bogota","Bus",NA,NA,"L3: endo_cancer","PA",254843
"female","50-54","sc_bus_deaths_pa_endo_cancer_lb",0.00156,"bogota","Bus",NA,NA,"L3: endo_cancer","PA",256059
"female","55-59","sc_bus_deaths_pa_endo_cancer_lb",0.00479,"bogota","Bus",NA,NA,"L3: endo_cancer","PA",235548
"female","60-64","sc_bus_deaths_pa_endo_cancer_lb",0.00784,"bogota","Bus",NA,NA,"L3: endo_cancer","PA",189600
"female","65-69","sc_bus_deaths_pa_endo_cancer_lb",0.00234,"bogota","Bus",NA,NA,"L3: endo_cancer","PA",141409
"male","15-19","sc_cycle_deaths_pa_endo_cancer_ub",0,"bogota","Cycling",NA,NA,"L3: endo_cancer","PA",282736
"male","20-24","sc_cycle_deaths_pa_endo_cancer_ub",0,"bogota","Cycling",NA,NA,"L3: endo_cancer","PA",357934
"male","25-29","sc_cycle_deaths_pa_endo_cancer_ub",0,"bogota","Cycling",NA,NA,"L3: endo_cancer","PA",360031
"male","30-34","sc_cycle_deaths_pa_endo_cancer_ub",0,"bogota","Cycling",NA,NA,"L3: endo_cancer","PA",321492
"male","35-39","sc_cycle_deaths_pa_endo_cancer_ub",0,"bogota","Cycling",NA,NA,"L3: endo_cancer","PA",289808
"male","40-44","sc_cycle_deaths_pa_endo_cancer_ub",0,"bogota","Cycling",NA,NA,"L3: endo_cancer","PA",244543
"male","45-49","sc_cycle_deaths_pa_endo_cancer_ub",0,"bogota","Cycling",NA,NA,"L3: endo_cancer","PA",215491
"male","50-54","sc_cycle_deaths_pa_endo_cancer_ub",0,"bogota","Cycling",NA,NA,"L3: endo_cancer","PA",209137
"male","55-59","sc_cycle_deaths_pa_endo_cancer_ub",0,"bogota","Cycling",NA,NA,"L3: endo_cancer","PA",187551
"male","60-64","sc_cycle_deaths_pa_endo_cancer_ub",0,"bogota","Cycling",NA,NA,"L3: endo_cancer","PA",146500
"male","65-69","sc_cycle_deaths_pa_endo_cancer_ub",0,"bogota","Cycling",NA,NA,"L3: endo_cancer","PA",105412
"female","15-19","sc_cycle_deaths_pa_endo_cancer_ub",0,"bogota","Cycling",NA,NA,"L3: endo_cancer","PA",279280
"female","20-24","sc_cycle_deaths_pa_endo_cancer_ub",0.00004,"bogota","Cycling",NA,NA,"L3: endo_cancer","PA",360197
"female","25-29","sc_cycle_deaths_pa_endo_cancer_ub",0.00018,"bogota","Cycling",NA,NA,"L3: endo_cancer","PA",364423
"female","30-34","sc_cycle_deaths_pa_endo_cancer_ub",0.00049,"bogota","Cycling",NA,NA,"L3: endo_cancer","PA",330341
"female","35-39","sc_cycle_deaths_pa_endo_cancer_ub",0.00091,"bogota","Cycling",NA,NA,"L3: endo_cancer","PA",309304
"female","40-44","sc_cycle_deaths_pa_endo_cancer_ub",0.00138,"bogota","Cycling",NA,NA,"L3: endo_cancer","PA",275440
"female","45-49","sc_cycle_deaths_pa_endo_cancer_ub",0.00363,"bogota","Cycling",NA,NA,"L3: endo_cancer","PA",254843
"female","50-54","sc_cycle_deaths_pa_endo_cancer_ub",0.00472,"bogota","Cycling",NA,NA,"L3: endo_cancer","PA",256059
"female","55-59","sc_cycle_deaths_pa_endo_cancer_ub",0.00937,"bogota","Cycling",NA,NA,"L3: endo_cancer","PA",235548
"female","60-64","sc_cycle_deaths_pa_endo_cancer_ub",0.01233,"bogota","Cycling",NA,NA,"L3: endo_cancer","PA",189600
"female","65-69","sc_cycle_deaths_pa_endo_cancer_ub",0.01541,"bogota","Cycling",NA,NA,"L3: endo_cancer","PA",141409
"male","15-19","sc_car_deaths_pa_endo_cancer_ub",0,"bogota","Car",NA,NA,"L3: endo_cancer","PA",282736
"male","20-24","sc_car_deaths_pa_endo_cancer_ub",0,"bogota","Car",NA,NA,"L3: endo_cancer","PA",357934
"male","25-29","sc_car_deaths_pa_endo_cancer_ub",0,"bogota","Car",NA,NA,"L3: endo_cancer","PA",360031
"male","30-34","sc_car_deaths_pa_endo_cancer_ub",0,"bogota","Car",NA,NA,"L3: endo_cancer","PA",321492
"male","35-39","sc_car_deaths_pa_endo_cancer_ub",0,"bogota","Car",NA,NA,"L3: endo_cancer","PA",289808
"male","40-44","sc_car_deaths_pa_endo_cancer_ub",0,"bogota","Car",NA,NA,"L3: endo_cancer","PA",244543
"male","45-49","sc_car_deaths_pa_endo_cancer_ub",0,"bogota","Car",NA,NA,"L3: endo_cancer","PA",215491
"male","50-54","sc_car_deaths_pa_endo_cancer_ub",0,"bogota","Car",NA,NA,"L3: endo_cancer","PA",209137
"male","55-59","sc_car_deaths_pa_endo_cancer_ub",0,"bogota","Car",NA,NA,"L3: endo_cancer","PA",187551
"male","60-64","sc_car_deaths_pa_endo_cancer_ub",0,"bogota","Car",NA,NA,"L3: endo_cancer","PA",146500
"male","65-69","sc_car_deaths_pa_endo_cancer_ub",0,"bogota","Car",NA,NA,"L3: endo_cancer","PA",105412
"female","15-19","sc_car_deaths_pa_endo_cancer_ub",0,"bogota","Car",NA,NA,"L3: endo_cancer","PA",279280
"female","20-24","sc_car_deaths_pa_endo_cancer_ub",-0.00001,"bogota","Car",NA,NA,"L3: endo_cancer","PA",360197
"female","25-29","sc_car_deaths_pa_endo_cancer_ub",-0.00005,"bogota","Car",NA,NA,"L3: endo_cancer","PA",364423
"female","30-34","sc_car_deaths_pa_endo_cancer_ub",-0.00014,"bogota","Car",NA,NA,"L3: endo_cancer","PA",330341
"female","35-39","sc_car_deaths_pa_endo_cancer_ub",-0.00025,"bogota","Car",NA,NA,"L3: endo_cancer","PA",309304
"female","40-44","sc_car_deaths_pa_endo_cancer_ub",-0.00047,"bogota","Car",NA,NA,"L3: endo_cancer","PA",275440
"female","45-49","sc_car_deaths_pa_endo_cancer_ub",-0.00096,"bogota","Car",NA,NA,"L3: endo_cancer","PA",254843
"female","50-54","sc_car_deaths_pa_endo_cancer_ub",-0.00104,"bogota","Car",NA,NA,"L3: endo_cancer","PA",256059
"female","55-59","sc_car_deaths_pa_endo_cancer_ub",-0.00184,"bogota","Car",NA,NA,"L3: endo_cancer","PA",235548
"female","60-64","sc_car_deaths_pa_endo_cancer_ub",-0.00269,"bogota","Car",NA,NA,"L3: endo_cancer","PA",189600
"female","65-69","sc_car_deaths_pa_endo_cancer_ub",-0.00295,"bogota","Car",NA,NA,"L3: endo_cancer","PA",141409
"male","15-19","sc_bus_deaths_pa_endo_cancer_ub",0,"bogota","Bus",NA,NA,"L3: endo_cancer","PA",282736
"male","20-24","sc_bus_deaths_pa_endo_cancer_ub",0,"bogota","Bus",NA,NA,"L3: endo_cancer","PA",357934
"male","25-29","sc_bus_deaths_pa_endo_cancer_ub",0,"bogota","Bus",NA,NA,"L3: endo_cancer","PA",360031
"male","30-34","sc_bus_deaths_pa_endo_cancer_ub",0,"bogota","Bus",NA,NA,"L3: endo_cancer","PA",321492
"male","35-39","sc_bus_deaths_pa_endo_cancer_ub",0,"bogota","Bus",NA,NA,"L3: endo_cancer","PA",289808
"male","40-44","sc_bus_deaths_pa_endo_cancer_ub",0,"bogota","Bus",NA,NA,"L3: endo_cancer","PA",244543
"male","45-49","sc_bus_deaths_pa_endo_cancer_ub",0,"bogota","Bus",NA,NA,"L3: endo_cancer","PA",215491
"male","50-54","sc_bus_deaths_pa_endo_cancer_ub",0,"bogota","Bus",NA,NA,"L3: endo_cancer","PA",209137
"male","55-59","sc_bus_deaths_pa_endo_cancer_ub",0,"bogota","Bus",NA,NA,"L3: endo_cancer","PA",187551
"male","60-64","sc_bus_deaths_pa_endo_cancer_ub",0,"bogota","Bus",NA,NA,"L3: endo_cancer","PA",146500
"male","65-69","sc_bus_deaths_pa_endo_cancer_ub",0,"bogota","Bus",NA,NA,"L3: endo_cancer","PA",105412
"female","15-19","sc_bus_deaths_pa_endo_cancer_ub",0,"bogota","Bus",NA,NA,"L3: endo_cancer","PA",279280
"female","20-24","sc_bus_deaths_pa_endo_cancer_ub",0,"bogota","Bus",NA,NA,"L3: endo_cancer","PA",360197
"female","25-29","sc_bus_deaths_pa_endo_cancer_ub",0.00001,"bogota","Bus",NA,NA,"L3: endo_cancer","PA",364423
"female","30-34","sc_bus_deaths_pa_endo_cancer_ub",-0.00002,"bogota","Bus",NA,NA,"L3: endo_cancer","PA",330341
"female","35-39","sc_bus_deaths_pa_endo_cancer_ub",-0.00005,"bogota","Bus",NA,NA,"L3: endo_cancer","PA",309304
"female","40-44","sc_bus_deaths_pa_endo_cancer_ub",-0.00008,"bogota","Bus",NA,NA,"L3: endo_cancer","PA",275440
"female","45-49","sc_bus_deaths_pa_endo_cancer_ub",-0.0003,"bogota","Bus",NA,NA,"L3: endo_cancer","PA",254843
"female","50-54","sc_bus_deaths_pa_endo_cancer_ub",0.00025,"bogota","Bus",NA,NA,"L3: endo_cancer","PA",256059
"female","55-59","sc_bus_deaths_pa_endo_cancer_ub",0.00068,"bogota","Bus",NA,NA,"L3: endo_cancer","PA",235548
"female","60-64","sc_bus_deaths_pa_endo_cancer_ub",0.00122,"bogota","Bus",NA,NA,"L3: endo_cancer","PA",189600
"female","65-69","sc_bus_deaths_pa_endo_cancer_ub",0.00026,"bogota","Bus",NA,NA,"L3: endo_cancer","PA",141409
"male","15-19","sc_cycle_deaths_pa_liver_cancer",0.00025,"bogota","Cycling",NA,NA,"L3: liver_cancer","PA",282736
"male","20-24","sc_cycle_deaths_pa_liver_cancer",0.00076,"bogota","Cycling",NA,NA,"L3: liver_cancer","PA",357934
"male","25-29","sc_cycle_deaths_pa_liver_cancer",0.0011,"bogota","Cycling",NA,NA,"L3: liver_cancer","PA",360031
"male","30-34","sc_cycle_deaths_pa_liver_cancer",0.00387,"bogota","Cycling",NA,NA,"L3: liver_cancer","PA",321492
"male","35-39","sc_cycle_deaths_pa_liver_cancer",0.00576,"bogota","Cycling",NA,NA,"L3: liver_cancer","PA",289808
"male","40-44","sc_cycle_deaths_pa_liver_cancer",0.00948,"bogota","Cycling",NA,NA,"L3: liver_cancer","PA",244543
"male","45-49","sc_cycle_deaths_pa_liver_cancer",0.0168,"bogota","Cycling",NA,NA,"L3: liver_cancer","PA",215491
"male","50-54","sc_cycle_deaths_pa_liver_cancer",0.02821,"bogota","Cycling",NA,NA,"L3: liver_cancer","PA",209137
"male","55-59","sc_cycle_deaths_pa_liver_cancer",0.0494,"bogota","Cycling",NA,NA,"L3: liver_cancer","PA",187551
"male","60-64","sc_cycle_deaths_pa_liver_cancer",0.05996,"bogota","Cycling",NA,NA,"L3: liver_cancer","PA",146500
"male","65-69","sc_cycle_deaths_pa_liver_cancer",0.08427,"bogota","Cycling",NA,NA,"L3: liver_cancer","PA",105412
"female","15-19","sc_cycle_deaths_pa_liver_cancer",0.00025,"bogota","Cycling",NA,NA,"L3: liver_cancer","PA",279280
"female","20-24","sc_cycle_deaths_pa_liver_cancer",0.00056,"bogota","Cycling",NA,NA,"L3: liver_cancer","PA",360197
"female","25-29","sc_cycle_deaths_pa_liver_cancer",0.00133,"bogota","Cycling",NA,NA,"L3: liver_cancer","PA",364423
"female","30-34","sc_cycle_deaths_pa_liver_cancer",0.0032,"bogota","Cycling",NA,NA,"L3: liver_cancer","PA",330341
"female","35-39","sc_cycle_deaths_pa_liver_cancer",0.00607,"bogota","Cycling",NA,NA,"L3: liver_cancer","PA",309304
"female","40-44","sc_cycle_deaths_pa_liver_cancer",0.00776,"bogota","Cycling",NA,NA,"L3: liver_cancer","PA",275440
"female","45-49","sc_cycle_deaths_pa_liver_cancer",0.01468,"bogota","Cycling",NA,NA,"L3: liver_cancer","PA",254843
"female","50-54","sc_cycle_deaths_pa_liver_cancer",0.02783,"bogota","Cycling",NA,NA,"L3: liver_cancer","PA",256059
"female","55-59","sc_cycle_deaths_pa_liver_cancer",0.04811,"bogota","Cycling",NA,NA,"L3: liver_cancer","PA",235548
"female","60-64","sc_cycle_deaths_pa_liver_cancer",0.05271,"bogota","Cycling",NA,NA,"L3: liver_cancer","PA",189600
"female","65-69","sc_cycle_deaths_pa_liver_cancer",0.07558,"bogota","Cycling",NA,NA,"L3: liver_cancer","PA",141409
"male","15-19","sc_car_deaths_pa_liver_cancer",-0.00022,"bogota","Car",NA,NA,"L3: liver_cancer","PA",282736
"male","20-24","sc_car_deaths_pa_liver_cancer",-0.00052,"bogota","Car",NA,NA,"L3: liver_cancer","PA",357934
"male","25-29","sc_car_deaths_pa_liver_cancer",-0.00056,"bogota","Car",NA,NA,"L3: liver_cancer","PA",360031
"male","30-34","sc_car_deaths_pa_liver_cancer",-0.0017,"bogota","Car",NA,NA,"L3: liver_cancer","PA",321492
"male","35-39","sc_car_deaths_pa_liver_cancer",-0.00313,"bogota","Car",NA,NA,"L3: liver_cancer","PA",289808
"male","40-44","sc_car_deaths_pa_liver_cancer",-0.00454,"bogota","Car",NA,NA,"L3: liver_cancer","PA",244543
"male","45-49","sc_car_deaths_pa_liver_cancer",-0.00835,"bogota","Car",NA,NA,"L3: liver_cancer","PA",215491
"male","50-54","sc_car_deaths_pa_liver_cancer",-0.01652,"bogota","Car",NA,NA,"L3: liver_cancer","PA",209137
"male","55-59","sc_car_deaths_pa_liver_cancer",-0.03121,"bogota","Car",NA,NA,"L3: liver_cancer","PA",187551
"male","60-64","sc_car_deaths_pa_liver_cancer",-0.03398,"bogota","Car",NA,NA,"L3: liver_cancer","PA",146500
"male","65-69","sc_car_deaths_pa_liver_cancer",-0.0439,"bogota","Car",NA,NA,"L3: liver_cancer","PA",105412
"female","15-19","sc_car_deaths_pa_liver_cancer",-0.00013,"bogota","Car",NA,NA,"L3: liver_cancer","PA",279280
"female","20-24","sc_car_deaths_pa_liver_cancer",-0.00024,"bogota","Car",NA,NA,"L3: liver_cancer","PA",360197
"female","25-29","sc_car_deaths_pa_liver_cancer",-0.00034,"bogota","Car",NA,NA,"L3: liver_cancer","PA",364423
"female","30-34","sc_car_deaths_pa_liver_cancer",-0.00105,"bogota","Car",NA,NA,"L3: liver_cancer","PA",330341
"female","35-39","sc_car_deaths_pa_liver_cancer",-0.00185,"bogota","Car",NA,NA,"L3: liver_cancer","PA",309304
"female","40-44","sc_car_deaths_pa_liver_cancer",-0.00308,"bogota","Car",NA,NA,"L3: liver_cancer","PA",275440
"female","45-49","sc_car_deaths_pa_liver_cancer",-0.00453,"bogota","Car",NA,NA,"L3: liver_cancer","PA",254843
"female","50-54","sc_car_deaths_pa_liver_cancer",-0.00699,"bogota","Car",NA,NA,"L3: liver_cancer","PA",256059
"female","55-59","sc_car_deaths_pa_liver_cancer",-0.01123,"bogota","Car",NA,NA,"L3: liver_cancer","PA",235548
"female","60-64","sc_car_deaths_pa_liver_cancer",-0.01449,"bogota","Car",NA,NA,"L3: liver_cancer","PA",189600
"female","65-69","sc_car_deaths_pa_liver_cancer",-0.01589,"bogota","Car",NA,NA,"L3: liver_cancer","PA",141409
"male","15-19","sc_bus_deaths_pa_liver_cancer",-0.00011,"bogota","Bus",NA,NA,"L3: liver_cancer","PA",282736
"male","20-24","sc_bus_deaths_pa_liver_cancer",-0.00009,"bogota","Bus",NA,NA,"L3: liver_cancer","PA",357934
"male","25-29","sc_bus_deaths_pa_liver_cancer",-0.00042,"bogota","Bus",NA,NA,"L3: liver_cancer","PA",360031
"male","30-34","sc_bus_deaths_pa_liver_cancer",-0.00037,"bogota","Bus",NA,NA,"L3: liver_cancer","PA",321492
"male","35-39","sc_bus_deaths_pa_liver_cancer",-0.00072,"bogota","Bus",NA,NA,"L3: liver_cancer","PA",289808
"male","40-44","sc_bus_deaths_pa_liver_cancer",-0.00134,"bogota","Bus",NA,NA,"L3: liver_cancer","PA",244543
"male","45-49","sc_bus_deaths_pa_liver_cancer",-0.00352,"bogota","Bus",NA,NA,"L3: liver_cancer","PA",215491
"male","50-54","sc_bus_deaths_pa_liver_cancer",-0.00868,"bogota","Bus",NA,NA,"L3: liver_cancer","PA",209137
"male","55-59","sc_bus_deaths_pa_liver_cancer",-0.00655,"bogota","Bus",NA,NA,"L3: liver_cancer","PA",187551
"male","60-64","sc_bus_deaths_pa_liver_cancer",-0.02068,"bogota","Bus",NA,NA,"L3: liver_cancer","PA",146500
"male","65-69","sc_bus_deaths_pa_liver_cancer",-0.00705,"bogota","Bus",NA,NA,"L3: liver_cancer","PA",105412
"female","15-19","sc_bus_deaths_pa_liver_cancer",-0.00004,"bogota","Bus",NA,NA,"L3: liver_cancer","PA",279280
"female","20-24","sc_bus_deaths_pa_liver_cancer",0.00003,"bogota","Bus",NA,NA,"L3: liver_cancer","PA",360197
"female","25-29","sc_bus_deaths_pa_liver_cancer",0.00009,"bogota","Bus",NA,NA,"L3: liver_cancer","PA",364423
"female","30-34","sc_bus_deaths_pa_liver_cancer",-0.00005,"bogota","Bus",NA,NA,"L3: liver_cancer","PA",330341
"female","35-39","sc_bus_deaths_pa_liver_cancer",-0.00009,"bogota","Bus",NA,NA,"L3: liver_cancer","PA",309304
"female","40-44","sc_bus_deaths_pa_liver_cancer",-0.00015,"bogota","Bus",NA,NA,"L3: liver_cancer","PA",275440
"female","45-49","sc_bus_deaths_pa_liver_cancer",-0.00069,"bogota","Bus",NA,NA,"L3: liver_cancer","PA",254843
"female","50-54","sc_bus_deaths_pa_liver_cancer",0.00183,"bogota","Bus",NA,NA,"L3: liver_cancer","PA",256059
"female","55-59","sc_bus_deaths_pa_liver_cancer",0.00507,"bogota","Bus",NA,NA,"L3: liver_cancer","PA",235548
"female","60-64","sc_bus_deaths_pa_liver_cancer",0.00705,"bogota","Bus",NA,NA,"L3: liver_cancer","PA",189600
"female","65-69","sc_bus_deaths_pa_liver_cancer",0.0023,"bogota","Bus",NA,NA,"L3: liver_cancer","PA",141409
"male","15-19","sc_cycle_deaths_pa_liver_cancer_lb",0.00044,"bogota","Cycling",NA,NA,"L3: liver_cancer","PA",282736
"male","20-24","sc_cycle_deaths_pa_liver_cancer_lb",0.00138,"bogota","Cycling",NA,NA,"L3: liver_cancer","PA",357934
"male","25-29","sc_cycle_deaths_pa_liver_cancer_lb",0.00204,"bogota","Cycling",NA,NA,"L3: liver_cancer","PA",360031
"male","30-34","sc_cycle_deaths_pa_liver_cancer_lb",0.00666,"bogota","Cycling",NA,NA,"L3: liver_cancer","PA",321492
"male","35-39","sc_cycle_deaths_pa_liver_cancer_lb",0.01002,"bogota","Cycling",NA,NA,"L3: liver_cancer","PA",289808
"male","40-44","sc_cycle_deaths_pa_liver_cancer_lb",0.0162,"bogota","Cycling",NA,NA,"L3: liver_cancer","PA",244543
"male","45-49","sc_cycle_deaths_pa_liver_cancer_lb",0.02887,"bogota","Cycling",NA,NA,"L3: liver_cancer","PA",215491
"male","50-54","sc_cycle_deaths_pa_liver_cancer_lb",0.04806,"bogota","Cycling",NA,NA,"L3: liver_cancer","PA",209137
"male","55-59","sc_cycle_deaths_pa_liver_cancer_lb",0.08491,"bogota","Cycling",NA,NA,"L3: liver_cancer","PA",187551
"male","60-64","sc_cycle_deaths_pa_liver_cancer_lb",0.10318,"bogota","Cycling",NA,NA,"L3: liver_cancer","PA",146500
"male","65-69","sc_cycle_deaths_pa_liver_cancer_lb",0.14351,"bogota","Cycling",NA,NA,"L3: liver_cancer","PA",105412
"female","15-19","sc_cycle_deaths_pa_liver_cancer_lb",0.00045,"bogota","Cycling",NA,NA,"L3: liver_cancer","PA",279280
"female","20-24","sc_cycle_deaths_pa_liver_cancer_lb",0.001,"bogota","Cycling",NA,NA,"L3: liver_cancer","PA",360197
"female","25-29","sc_cycle_deaths_pa_liver_cancer_lb",0.00235,"bogota","Cycling",NA,NA,"L3: liver_cancer","PA",364423
"female","30-34","sc_cycle_deaths_pa_liver_cancer_lb",0.00542,"bogota","Cycling",NA,NA,"L3: liver_cancer","PA",330341
"female","35-39","sc_cycle_deaths_pa_liver_cancer_lb",0.01038,"bogota","Cycling",NA,NA,"L3: liver_cancer","PA",309304
"female","40-44","sc_cycle_deaths_pa_liver_cancer_lb",0.0131,"bogota","Cycling",NA,NA,"L3: liver_cancer","PA",275440
"female","45-49","sc_cycle_deaths_pa_liver_cancer_lb",0.02486,"bogota","Cycling",NA,NA,"L3: liver_cancer","PA",254843
"female","50-54","sc_cycle_deaths_pa_liver_cancer_lb",0.04763,"bogota","Cycling",NA,NA,"L3: liver_cancer","PA",256059
"female","55-59","sc_cycle_deaths_pa_liver_cancer_lb",0.08145,"bogota","Cycling",NA,NA,"L3: liver_cancer","PA",235548
"female","60-64","sc_cycle_deaths_pa_liver_cancer_lb",0.08862,"bogota","Cycling",NA,NA,"L3: liver_cancer","PA",189600
"female","65-69","sc_cycle_deaths_pa_liver_cancer_lb",0.12784,"bogota","Cycling",NA,NA,"L3: liver_cancer","PA",141409
"male","15-19","sc_car_deaths_pa_liver_cancer_lb",-0.00042,"bogota","Car",NA,NA,"L3: liver_cancer","PA",282736
"male","20-24","sc_car_deaths_pa_liver_cancer_lb",-0.00096,"bogota","Car",NA,NA,"L3: liver_cancer","PA",357934
"male","25-29","sc_car_deaths_pa_liver_cancer_lb",-0.00106,"bogota","Car",NA,NA,"L3: liver_cancer","PA",360031
"male","30-34","sc_car_deaths_pa_liver_cancer_lb",-0.00303,"bogota","Car",NA,NA,"L3: liver_cancer","PA",321492
"male","35-39","sc_car_deaths_pa_liver_cancer_lb",-0.00551,"bogota","Car",NA,NA,"L3: liver_cancer","PA",289808
"male","40-44","sc_car_deaths_pa_liver_cancer_lb",-0.00798,"bogota","Car",NA,NA,"L3: liver_cancer","PA",244543
"male","45-49","sc_car_deaths_pa_liver_cancer_lb",-0.01449,"bogota","Car",NA,NA,"L3: liver_cancer","PA",215491
"male","50-54","sc_car_deaths_pa_liver_cancer_lb",-0.02893,"bogota","Car",NA,NA,"L3: liver_cancer","PA",209137
"male","55-59","sc_car_deaths_pa_liver_cancer_lb",-0.05387,"bogota","Car",NA,NA,"L3: liver_cancer","PA",187551
"male","60-64","sc_car_deaths_pa_liver_cancer_lb",-0.05951,"bogota","Car",NA,NA,"L3: liver_cancer","PA",146500
"male","65-69","sc_car_deaths_pa_liver_cancer_lb",-0.07654,"bogota","Car",NA,NA,"L3: liver_cancer","PA",105412
"female","15-19","sc_car_deaths_pa_liver_cancer_lb",-0.00024,"bogota","Car",NA,NA,"L3: liver_cancer","PA",279280
"female","20-24","sc_car_deaths_pa_liver_cancer_lb",-0.00044,"bogota","Car",NA,NA,"L3: liver_cancer","PA",360197
"female","25-29","sc_car_deaths_pa_liver_cancer_lb",-0.00059,"bogota","Car",NA,NA,"L3: liver_cancer","PA",364423
"female","30-34","sc_car_deaths_pa_liver_cancer_lb",-0.00186,"bogota","Car",NA,NA,"L3: liver_cancer","PA",330341
"female","35-39","sc_car_deaths_pa_liver_cancer_lb",-0.00329,"bogota","Car",NA,NA,"L3: liver_cancer","PA",309304
"female","40-44","sc_car_deaths_pa_liver_cancer_lb",-0.00546,"bogota","Car",NA,NA,"L3: liver_cancer","PA",275440
"female","45-49","sc_car_deaths_pa_liver_cancer_lb",-0.00807,"bogota","Car",NA,NA,"L3: liver_cancer","PA",254843
"female","50-54","sc_car_deaths_pa_liver_cancer_lb",-0.0125,"bogota","Car",NA,NA,"L3: liver_cancer","PA",256059
"female","55-59","sc_car_deaths_pa_liver_cancer_lb",-0.02011,"bogota","Car",NA,NA,"L3: liver_cancer","PA",235548
"female","60-64","sc_car_deaths_pa_liver_cancer_lb",-0.02602,"bogota","Car",NA,NA,"L3: liver_cancer","PA",189600
"female","65-69","sc_car_deaths_pa_liver_cancer_lb",-0.02791,"bogota","Car",NA,NA,"L3: liver_cancer","PA",141409
"male","15-19","sc_bus_deaths_pa_liver_cancer_lb",-0.00019,"bogota","Bus",NA,NA,"L3: liver_cancer","PA",282736
"male","20-24","sc_bus_deaths_pa_liver_cancer_lb",-0.00012,"bogota","Bus",NA,NA,"L3: liver_cancer","PA",357934
"male","25-29","sc_bus_deaths_pa_liver_cancer_lb",-0.00074,"bogota","Bus",NA,NA,"L3: liver_cancer","PA",360031
"male","30-34","sc_bus_deaths_pa_liver_cancer_lb",-0.00045,"bogota","Bus",NA,NA,"L3: liver_cancer","PA",321492
"male","35-39","sc_bus_deaths_pa_liver_cancer_lb",-0.00095,"bogota","Bus",NA,NA,"L3: liver_cancer","PA",289808
"male","40-44","sc_bus_deaths_pa_liver_cancer_lb",-0.00187,"bogota","Bus",NA,NA,"L3: liver_cancer","PA",244543
"male","45-49","sc_bus_deaths_pa_liver_cancer_lb",-0.0053,"bogota","Bus",NA,NA,"L3: liver_cancer","PA",215491
"male","50-54","sc_bus_deaths_pa_liver_cancer_lb",-0.01415,"bogota","Bus",NA,NA,"L3: liver_cancer","PA",209137
"male","55-59","sc_bus_deaths_pa_liver_cancer_lb",-0.00892,"bogota","Bus",NA,NA,"L3: liver_cancer","PA",187551
"male","60-64","sc_bus_deaths_pa_liver_cancer_lb",-0.03361,"bogota","Bus",NA,NA,"L3: liver_cancer","PA",146500
"male","65-69","sc_bus_deaths_pa_liver_cancer_lb",-0.00941,"bogota","Bus",NA,NA,"L3: liver_cancer","PA",105412
"female","15-19","sc_bus_deaths_pa_liver_cancer_lb",-0.00008,"bogota","Bus",NA,NA,"L3: liver_cancer","PA",279280
"female","20-24","sc_bus_deaths_pa_liver_cancer_lb",0.00005,"bogota","Bus",NA,NA,"L3: liver_cancer","PA",360197
"female","25-29","sc_bus_deaths_pa_liver_cancer_lb",0.00017,"bogota","Bus",NA,NA,"L3: liver_cancer","PA",364423
"female","30-34","sc_bus_deaths_pa_liver_cancer_lb",-0.00003,"bogota","Bus",NA,NA,"L3: liver_cancer","PA",330341
"female","35-39","sc_bus_deaths_pa_liver_cancer_lb",0,"bogota","Bus",NA,NA,"L3: liver_cancer","PA",309304
"female","40-44","sc_bus_deaths_pa_liver_cancer_lb",-0.00006,"bogota","Bus",NA,NA,"L3: liver_cancer","PA",275440
"female","45-49","sc_bus_deaths_pa_liver_cancer_lb",-0.00086,"bogota","Bus",NA,NA,"L3: liver_cancer","PA",254843
"female","50-54","sc_bus_deaths_pa_liver_cancer_lb",0.00342,"bogota","Bus",NA,NA,"L3: liver_cancer","PA",256059
"female","55-59","sc_bus_deaths_pa_liver_cancer_lb",0.00951,"bogota","Bus",NA,NA,"L3: liver_cancer","PA",235548
"female","60-64","sc_bus_deaths_pa_liver_cancer_lb",0.01296,"bogota","Bus",NA,NA,"L3: liver_cancer","PA",189600
"female","65-69","sc_bus_deaths_pa_liver_cancer_lb",0.00454,"bogota","Bus",NA,NA,"L3: liver_cancer","PA",141409
"male","15-19","sc_cycle_deaths_pa_liver_cancer_ub",0.00006,"bogota","Cycling",NA,NA,"L3: liver_cancer","PA",282736
"male","20-24","sc_cycle_deaths_pa_liver_cancer_ub",0.00019,"bogota","Cycling",NA,NA,"L3: liver_cancer","PA",357934
"male","25-29","sc_cycle_deaths_pa_liver_cancer_ub",0.00025,"bogota","Cycling",NA,NA,"L3: liver_cancer","PA",360031
"male","30-34","sc_cycle_deaths_pa_liver_cancer_ub",0.00102,"bogota","Cycling",NA,NA,"L3: liver_cancer","PA",321492
"male","35-39","sc_cycle_deaths_pa_liver_cancer_ub",0.00146,"bogota","Cycling",NA,NA,"L3: liver_cancer","PA",289808
"male","40-44","sc_cycle_deaths_pa_liver_cancer_ub",0.00262,"bogota","Cycling",NA,NA,"L3: liver_cancer","PA",244543
"male","45-49","sc_cycle_deaths_pa_liver_cancer_ub",0.0045,"bogota","Cycling",NA,NA,"L3: liver_cancer","PA",215491
"male","50-54","sc_cycle_deaths_pa_liver_cancer_ub",0.00773,"bogota","Cycling",NA,NA,"L3: liver_cancer","PA",209137
"male","55-59","sc_cycle_deaths_pa_liver_cancer_ub",0.01337,"bogota","Cycling",NA,NA,"L3: liver_cancer","PA",187551
"male","60-64","sc_cycle_deaths_pa_liver_cancer_ub",0.01581,"bogota","Cycling",NA,NA,"L3: liver_cancer","PA",146500
"male","65-69","sc_cycle_deaths_pa_liver_cancer_ub",0.02295,"bogota","Cycling",NA,NA,"L3: liver_cancer","PA",105412
"female","15-19","sc_cycle_deaths_pa_liver_cancer_ub",0.00006,"bogota","Cycling",NA,NA,"L3: liver_cancer","PA",279280
"female","20-24","sc_cycle_deaths_pa_liver_cancer_ub",0.00014,"bogota","Cycling",NA,NA,"L3: liver_cancer","PA",360197
"female","25-29","sc_cycle_deaths_pa_liver_cancer_ub",0.00037,"bogota","Cycling",NA,NA,"L3: liver_cancer","PA",364423
"female","30-34","sc_cycle_deaths_pa_liver_cancer_ub",0.0009,"bogota","Cycling",NA,NA,"L3: liver_cancer","PA",330341
"female","35-39","sc_cycle_deaths_pa_liver_cancer_ub",0.00163,"bogota","Cycling",NA,NA,"L3: liver_cancer","PA",309304
"female","40-44","sc_cycle_deaths_pa_liver_cancer_ub",0.00219,"bogota","Cycling",NA,NA,"L3: liver_cancer","PA",275440
"female","45-49","sc_cycle_deaths_pa_liver_cancer_ub",0.00412,"bogota","Cycling",NA,NA,"L3: liver_cancer","PA",254843
"female","50-54","sc_cycle_deaths_pa_liver_cancer_ub",0.00727,"bogota","Cycling",NA,NA,"L3: liver_cancer","PA",256059
"female","55-59","sc_cycle_deaths_pa_liver_cancer_ub",0.01334,"bogota","Cycling",NA,NA,"L3: liver_cancer","PA",235548
"female","60-64","sc_cycle_deaths_pa_liver_cancer_ub",0.0147,"bogota","Cycling",NA,NA,"L3: liver_cancer","PA",189600
"female","65-69","sc_cycle_deaths_pa_liver_cancer_ub",0.02073,"bogota","Cycling",NA,NA,"L3: liver_cancer","PA",141409
"male","15-19","sc_car_deaths_pa_liver_cancer_ub",-0.00005,"bogota","Car",NA,NA,"L3: liver_cancer","PA",282736
"male","20-24","sc_car_deaths_pa_liver_cancer_ub",-0.00012,"bogota","Car",NA,NA,"L3: liver_cancer","PA",357934
"male","25-29","sc_car_deaths_pa_liver_cancer_ub",-0.00012,"bogota","Car",NA,NA,"L3: liver_cancer","PA",360031
"male","30-34","sc_car_deaths_pa_liver_cancer_ub",-0.00039,"bogota","Car",NA,NA,"L3: liver_cancer","PA",321492
"male","35-39","sc_car_deaths_pa_liver_cancer_ub",-0.00075,"bogota","Car",NA,NA,"L3: liver_cancer","PA",289808
"male","40-44","sc_car_deaths_pa_liver_cancer_ub",-0.00112,"bogota","Car",NA,NA,"L3: liver_cancer","PA",244543
"male","45-49","sc_car_deaths_pa_liver_cancer_ub",-0.00216,"bogota","Car",NA,NA,"L3: liver_cancer","PA",215491
"male","50-54","sc_car_deaths_pa_liver_cancer_ub",-0.00403,"bogota","Car",NA,NA,"L3: liver_cancer","PA",209137
"male","55-59","sc_car_deaths_pa_liver_cancer_ub",-0.00836,"bogota","Car",NA,NA,"L3: liver_cancer","PA",187551
"male","60-64","sc_car_deaths_pa_liver_cancer_ub",-0.00865,"bogota","Car",NA,NA,"L3: liver_cancer","PA",146500
"male","65-69","sc_car_deaths_pa_liver_cancer_ub",-0.01074,"bogota","Car",NA,NA,"L3: liver_cancer","PA",105412
"female","15-19","sc_car_deaths_pa_liver_cancer_ub",-0.00003,"bogota","Car",NA,NA,"L3: liver_cancer","PA",279280
"female","20-24","sc_car_deaths_pa_liver_cancer_ub",-0.00006,"bogota","Car",NA,NA,"L3: liver_cancer","PA",360197
"female","25-29","sc_car_deaths_pa_liver_cancer_ub",-0.00011,"bogota","Car",NA,NA,"L3: liver_cancer","PA",364423
"female","30-34","sc_car_deaths_pa_liver_cancer_ub",-0.00025,"bogota","Car",NA,NA,"L3: liver_cancer","PA",330341
"female","35-39","sc_car_deaths_pa_liver_cancer_ub",-0.00043,"bogota","Car",NA,NA,"L3: liver_cancer","PA",309304
"female","40-44","sc_car_deaths_pa_liver_cancer_ub",-0.00073,"bogota","Car",NA,NA,"L3: liver_cancer","PA",275440
"female","45-49","sc_car_deaths_pa_liver_cancer_ub",-0.00106,"bogota","Car",NA,NA,"L3: liver_cancer","PA",254843
"female","50-54","sc_car_deaths_pa_liver_cancer_ub",-0.00158,"bogota","Car",NA,NA,"L3: liver_cancer","PA",256059
"female","55-59","sc_car_deaths_pa_liver_cancer_ub",-0.00254,"bogota","Car",NA,NA,"L3: liver_cancer","PA",235548
"female","60-64","sc_car_deaths_pa_liver_cancer_ub",-0.00309,"bogota","Car",NA,NA,"L3: liver_cancer","PA",189600
"female","65-69","sc_car_deaths_pa_liver_cancer_ub",-0.00392,"bogota","Car",NA,NA,"L3: liver_cancer","PA",141409
"male","15-19","sc_bus_deaths_pa_liver_cancer_ub",-0.00003,"bogota","Bus",NA,NA,"L3: liver_cancer","PA",282736
"male","20-24","sc_bus_deaths_pa_liver_cancer_ub",-0.00005,"bogota","Bus",NA,NA,"L3: liver_cancer","PA",357934
"male","25-29","sc_bus_deaths_pa_liver_cancer_ub",-0.00011,"bogota","Bus",NA,NA,"L3: liver_cancer","PA",360031
"male","30-34","sc_bus_deaths_pa_liver_cancer_ub",-0.00019,"bogota","Bus",NA,NA,"L3: liver_cancer","PA",321492
"male","35-39","sc_bus_deaths_pa_liver_cancer_ub",-0.00035,"bogota","Bus",NA,NA,"L3: liver_cancer","PA",289808
"male","40-44","sc_bus_deaths_pa_liver_cancer_ub",-0.00057,"bogota","Bus",NA,NA,"L3: liver_cancer","PA",244543
"male","45-49","sc_bus_deaths_pa_liver_cancer_ub",-0.00128,"bogota","Bus",NA,NA,"L3: liver_cancer","PA",215491
"male","50-54","sc_bus_deaths_pa_liver_cancer_ub",-0.00266,"bogota","Bus",NA,NA,"L3: liver_cancer","PA",209137
"male","55-59","sc_bus_deaths_pa_liver_cancer_ub",-0.00297,"bogota","Bus",NA,NA,"L3: liver_cancer","PA",187551
"male","60-64","sc_bus_deaths_pa_liver_cancer_ub",-0.0065,"bogota","Bus",NA,NA,"L3: liver_cancer","PA",146500
"male","65-69","sc_bus_deaths_pa_liver_cancer_ub",-0.0031,"bogota","Bus",NA,NA,"L3: liver_cancer","PA",105412
"female","15-19","sc_bus_deaths_pa_liver_cancer_ub",-0.00001,"bogota","Bus",NA,NA,"L3: liver_cancer","PA",279280
"female","20-24","sc_bus_deaths_pa_liver_cancer_ub",0.00001,"bogota","Bus",NA,NA,"L3: liver_cancer","PA",360197
"female","25-29","sc_bus_deaths_pa_liver_cancer_ub",0.00002,"bogota","Bus",NA,NA,"L3: liver_cancer","PA",364423
"female","30-34","sc_bus_deaths_pa_liver_cancer_ub",-0.00005,"bogota","Bus",NA,NA,"L3: liver_cancer","PA",330341
"female","35-39","sc_bus_deaths_pa_liver_cancer_ub",-0.00011,"bogota","Bus",NA,NA,"L3: liver_cancer","PA",309304
"female","40-44","sc_bus_deaths_pa_liver_cancer_ub",-0.00015,"bogota","Bus",NA,NA,"L3: liver_cancer","PA",275440
"female","45-49","sc_bus_deaths_pa_liver_cancer_ub",-0.00035,"bogota","Bus",NA,NA,"L3: liver_cancer","PA",254843
"female","50-54","sc_bus_deaths_pa_liver_cancer_ub",0.00038,"bogota","Bus",NA,NA,"L3: liver_cancer","PA",256059
"female","55-59","sc_bus_deaths_pa_liver_cancer_ub",0.00089,"bogota","Bus",NA,NA,"L3: liver_cancer","PA",235548
"female","60-64","sc_bus_deaths_pa_liver_cancer_ub",0.00138,"bogota","Bus",NA,NA,"L3: liver_cancer","PA",189600
"female","65-69","sc_bus_deaths_pa_liver_cancer_ub",0.00031,"bogota","Bus",NA,NA,"L3: liver_cancer","PA",141409
"male","15-19","sc_cycle_deaths_pa_CVD",0.02231,"bogota","Cycling",NA,"L2: CVD",NA,"PA",282736
"male","20-24","sc_cycle_deaths_pa_CVD",0.06506,"bogota","Cycling",NA,"L2: CVD",NA,"PA",357934
"male","25-29","sc_cycle_deaths_pa_CVD",0.11038,"bogota","Cycling",NA,"L2: CVD",NA,"PA",360031
"male","30-34","sc_cycle_deaths_pa_CVD",0.37123,"bogota","Cycling",NA,"L2: CVD",NA,"PA",321492
"male","35-39","sc_cycle_deaths_pa_CVD",0.51569,"bogota","Cycling",NA,"L2: CVD",NA,"PA",289808
"male","40-44","sc_cycle_deaths_pa_CVD",0.73578,"bogota","Cycling",NA,"L2: CVD",NA,"PA",244543
"male","45-49","sc_cycle_deaths_pa_CVD",1.11,"bogota","Cycling",NA,"L2: CVD",NA,"PA",215491
"male","50-54","sc_cycle_deaths_pa_CVD",1.72247,"bogota","Cycling",NA,"L2: CVD",NA,"PA",209137
"male","55-59","sc_cycle_deaths_pa_CVD",2.6227,"bogota","Cycling",NA,"L2: CVD",NA,"PA",187551
"male","60-64","sc_cycle_deaths_pa_CVD",3.23278,"bogota","Cycling",NA,"L2: CVD",NA,"PA",146500
"male","65-69","sc_cycle_deaths_pa_CVD",4.57678,"bogota","Cycling",NA,"L2: CVD",NA,"PA",105412
"female","15-19","sc_cycle_deaths_pa_CVD",0.01703,"bogota","Cycling",NA,"L2: CVD",NA,"PA",279280
"female","20-24","sc_cycle_deaths_pa_CVD",0.04895,"bogota","Cycling",NA,"L2: CVD",NA,"PA",360197
"female","25-29","sc_cycle_deaths_pa_CVD",0.09294,"bogota","Cycling",NA,"L2: CVD",NA,"PA",364423
"female","30-34","sc_cycle_deaths_pa_CVD",0.24268,"bogota","Cycling",NA,"L2: CVD",NA,"PA",330341
"female","35-39","sc_cycle_deaths_pa_CVD",0.39503,"bogota","Cycling",NA,"L2: CVD",NA,"PA",309304
"female","40-44","sc_cycle_deaths_pa_CVD",0.56524,"bogota","Cycling",NA,"L2: CVD",NA,"PA",275440
"female","45-49","sc_cycle_deaths_pa_CVD",0.98454,"bogota","Cycling",NA,"L2: CVD",NA,"PA",254843
"female","50-54","sc_cycle_deaths_pa_CVD",1.42029,"bogota","Cycling",NA,"L2: CVD",NA,"PA",256059
"female","55-59","sc_cycle_deaths_pa_CVD",2.50903,"bogota","Cycling",NA,"L2: CVD",NA,"PA",235548
"female","60-64","sc_cycle_deaths_pa_CVD",2.90157,"bogota","Cycling",NA,"L2: CVD",NA,"PA",189600
"female","65-69","sc_cycle_deaths_pa_CVD",4.65529,"bogota","Cycling",NA,"L2: CVD",NA,"PA",141409
"male","15-19","sc_car_deaths_pa_CVD",-0.0218,"bogota","Car",NA,"L2: CVD",NA,"PA",282736
"male","20-24","sc_car_deaths_pa_CVD",-0.04626,"bogota","Car",NA,"L2: CVD",NA,"PA",357934
"male","25-29","sc_car_deaths_pa_CVD",-0.05808,"bogota","Car",NA,"L2: CVD",NA,"PA",360031
"male","30-34","sc_car_deaths_pa_CVD",-0.17357,"bogota","Car",NA,"L2: CVD",NA,"PA",321492
"male","35-39","sc_car_deaths_pa_CVD",-0.28651,"bogota","Car",NA,"L2: CVD",NA,"PA",289808
"male","40-44","sc_car_deaths_pa_CVD",-0.37066,"bogota","Car",NA,"L2: CVD",NA,"PA",244543
"male","45-49","sc_car_deaths_pa_CVD",-0.56154,"bogota","Car",NA,"L2: CVD",NA,"PA",215491
"male","50-54","sc_car_deaths_pa_CVD",-1.05743,"bogota","Car",NA,"L2: CVD",NA,"PA",209137
"male","55-59","sc_car_deaths_pa_CVD",-1.67423,"bogota","Car",NA,"L2: CVD",NA,"PA",187551
"male","60-64","sc_car_deaths_pa_CVD",-1.89647,"bogota","Car",NA,"L2: CVD",NA,"PA",146500
"male","65-69","sc_car_deaths_pa_CVD",-2.49055,"bogota","Car",NA,"L2: CVD",NA,"PA",105412
"female","15-19","sc_car_deaths_pa_CVD",-0.00959,"bogota","Car",NA,"L2: CVD",NA,"PA",279280
"female","20-24","sc_car_deaths_pa_CVD",-0.02216,"bogota","Car",NA,"L2: CVD",NA,"PA",360197
"female","25-29","sc_car_deaths_pa_CVD",-0.02331,"bogota","Car",NA,"L2: CVD",NA,"PA",364423
"female","30-34","sc_car_deaths_pa_CVD",-0.08608,"bogota","Car",NA,"L2: CVD",NA,"PA",330341
"female","35-39","sc_car_deaths_pa_CVD",-0.12934,"bogota","Car",NA,"L2: CVD",NA,"PA",309304
"female","40-44","sc_car_deaths_pa_CVD",-0.24589,"bogota","Car",NA,"L2: CVD",NA,"PA",275440
"female","45-49","sc_car_deaths_pa_CVD",-0.33452,"bogota","Car",NA,"L2: CVD",NA,"PA",254843
"female","50-54","sc_car_deaths_pa_CVD",-0.3876,"bogota","Car",NA,"L2: CVD",NA,"PA",256059
"female","55-59","sc_car_deaths_pa_CVD",-0.65116,"bogota","Car",NA,"L2: CVD",NA,"PA",235548
"female","60-64","sc_car_deaths_pa_CVD",-0.90006,"bogota","Car",NA,"L2: CVD",NA,"PA",189600
"female","65-69","sc_car_deaths_pa_CVD",-1.05296,"bogota","Car",NA,"L2: CVD",NA,"PA",141409
"male","15-19","sc_bus_deaths_pa_CVD",-0.0094,"bogota","Bus",NA,"L2: CVD",NA,"PA",282736
"male","20-24","sc_bus_deaths_pa_CVD",-0.00373,"bogota","Bus",NA,"L2: CVD",NA,"PA",357934
"male","25-29","sc_bus_deaths_pa_CVD",-0.03894,"bogota","Bus",NA,"L2: CVD",NA,"PA",360031
"male","30-34","sc_bus_deaths_pa_CVD",-0.01667,"bogota","Bus",NA,"L2: CVD",NA,"PA",321492
"male","35-39","sc_bus_deaths_pa_CVD",-0.0354,"bogota","Bus",NA,"L2: CVD",NA,"PA",289808
"male","40-44","sc_bus_deaths_pa_CVD",-0.06836,"bogota","Bus",NA,"L2: CVD",NA,"PA",244543
"male","45-49","sc_bus_deaths_pa_CVD",-0.17816,"bogota","Bus",NA,"L2: CVD",NA,"PA",215491
"male","50-54","sc_bus_deaths_pa_CVD",-0.48616,"bogota","Bus",NA,"L2: CVD",NA,"PA",209137
"male","55-59","sc_bus_deaths_pa_CVD",-0.21422,"bogota","Bus",NA,"L2: CVD",NA,"PA",187551
"male","60-64","sc_bus_deaths_pa_CVD",-0.99989,"bogota","Bus",NA,"L2: CVD",NA,"PA",146500
"male","65-69","sc_bus_deaths_pa_CVD",-0.227,"bogota","Bus",NA,"L2: CVD",NA,"PA",105412
"female","15-19","sc_bus_deaths_pa_CVD",-0.00302,"bogota","Bus",NA,"L2: CVD",NA,"PA",279280
"female","20-24","sc_bus_deaths_pa_CVD",0.00263,"bogota","Bus",NA,"L2: CVD",NA,"PA",360197
"female","25-29","sc_bus_deaths_pa_CVD",0.00738,"bogota","Bus",NA,"L2: CVD",NA,"PA",364423
"female","30-34","sc_bus_deaths_pa_CVD",0.00125,"bogota","Bus",NA,"L2: CVD",NA,"PA",330341
"female","35-39","sc_bus_deaths_pa_CVD",0.00477,"bogota","Bus",NA,"L2: CVD",NA,"PA",309304
"female","40-44","sc_bus_deaths_pa_CVD",0.00496,"bogota","Bus",NA,"L2: CVD",NA,"PA",275440
"female","45-49","sc_bus_deaths_pa_CVD",-0.02352,"bogota","Bus",NA,"L2: CVD",NA,"PA",254843
"female","50-54","sc_bus_deaths_pa_CVD",0.11007,"bogota","Bus",NA,"L2: CVD",NA,"PA",256059
"female","55-59","sc_bus_deaths_pa_CVD",0.32005,"bogota","Bus",NA,"L2: CVD",NA,"PA",235548
"female","60-64","sc_bus_deaths_pa_CVD",0.45831,"bogota","Bus",NA,"L2: CVD",NA,"PA",189600
"female","65-69","sc_bus_deaths_pa_CVD",0.18723,"bogota","Bus",NA,"L2: CVD",NA,"PA",141409
"male","15-19","sc_cycle_deaths_pa_CVD_lb",0.0273,"bogota","Cycling",NA,"L2: CVD",NA,"PA",282736
"male","20-24","sc_cycle_deaths_pa_CVD_lb",0.08006,"bogota","Cycling",NA,"L2: CVD",NA,"PA",357934
"male","25-29","sc_cycle_deaths_pa_CVD_lb",0.1373,"bogota","Cycling",NA,"L2: CVD",NA,"PA",360031
"male","30-34","sc_cycle_deaths_pa_CVD_lb",0.446,"bogota","Cycling",NA,"L2: CVD",NA,"PA",321492
"male","35-39","sc_cycle_deaths_pa_CVD_lb",0.62296,"bogota","Cycling",NA,"L2: CVD",NA,"PA",289808
"male","40-44","sc_cycle_deaths_pa_CVD_lb",0.88143,"bogota","Cycling",NA,"L2: CVD",NA,"PA",244543
"male","45-49","sc_cycle_deaths_pa_CVD_lb",1.33315,"bogota","Cycling",NA,"L2: CVD",NA,"PA",215491
"male","50-54","sc_cycle_deaths_pa_CVD_lb",2.05787,"bogota","Cycling",NA,"L2: CVD",NA,"PA",209137
"male","55-59","sc_cycle_deaths_pa_CVD_lb",3.1539,"bogota","Cycling",NA,"L2: CVD",NA,"PA",187551
"male","60-64","sc_cycle_deaths_pa_CVD_lb",3.88704,"bogota","Cycling",NA,"L2: CVD",NA,"PA",146500
"male","65-69","sc_cycle_deaths_pa_CVD_lb",5.47545,"bogota","Cycling",NA,"L2: CVD",NA,"PA",105412
"female","15-19","sc_cycle_deaths_pa_CVD_lb",0.02096,"bogota","Cycling",NA,"L2: CVD",NA,"PA",279280
"female","20-24","sc_cycle_deaths_pa_CVD_lb",0.06019,"bogota","Cycling",NA,"L2: CVD",NA,"PA",360197
"female","25-29","sc_cycle_deaths_pa_CVD_lb",0.11324,"bogota","Cycling",NA,"L2: CVD",NA,"PA",364423
"female","30-34","sc_cycle_deaths_pa_CVD_lb",0.28906,"bogota","Cycling",NA,"L2: CVD",NA,"PA",330341
"female","35-39","sc_cycle_deaths_pa_CVD_lb",0.4731,"bogota","Cycling",NA,"L2: CVD",NA,"PA",309304
"female","40-44","sc_cycle_deaths_pa_CVD_lb",0.67254,"bogota","Cycling",NA,"L2: CVD",NA,"PA",275440
"female","45-49","sc_cycle_deaths_pa_CVD_lb",1.17397,"bogota","Cycling",NA,"L2: CVD",NA,"PA",254843
"female","50-54","sc_cycle_deaths_pa_CVD_lb",1.70381,"bogota","Cycling",NA,"L2: CVD",NA,"PA",256059
"female","55-59","sc_cycle_deaths_pa_CVD_lb",2.9937,"bogota","Cycling",NA,"L2: CVD",NA,"PA",235548
"female","60-64","sc_cycle_deaths_pa_CVD_lb",3.44631,"bogota","Cycling",NA,"L2: CVD",NA,"PA",189600
"female","65-69","sc_cycle_deaths_pa_CVD_lb",5.55184,"bogota","Cycling",NA,"L2: CVD",NA,"PA",141409
"male","15-19","sc_car_deaths_pa_CVD_lb",-0.02732,"bogota","Car",NA,"L2: CVD",NA,"PA",282736
"male","20-24","sc_car_deaths_pa_CVD_lb",-0.05768,"bogota","Car",NA,"L2: CVD",NA,"PA",357934
"male","25-29","sc_car_deaths_pa_CVD_lb",-0.07316,"bogota","Car",NA,"L2: CVD",NA,"PA",360031
"male","30-34","sc_car_deaths_pa_CVD_lb",-0.21223,"bogota","Car",NA,"L2: CVD",NA,"PA",321492
"male","35-39","sc_car_deaths_pa_CVD_lb",-0.34881,"bogota","Car",NA,"L2: CVD",NA,"PA",289808
"male","40-44","sc_car_deaths_pa_CVD_lb",-0.45137,"bogota","Car",NA,"L2: CVD",NA,"PA",244543
"male","45-49","sc_car_deaths_pa_CVD_lb",-0.67839,"bogota","Car",NA,"L2: CVD",NA,"PA",215491
"male","50-54","sc_car_deaths_pa_CVD_lb",-1.28226,"bogota","Car",NA,"L2: CVD",NA,"PA",209137
"male","55-59","sc_car_deaths_pa_CVD_lb",-2.01925,"bogota","Car",NA,"L2: CVD",NA,"PA",187551
"male","60-64","sc_car_deaths_pa_CVD_lb",-2.30832,"bogota","Car",NA,"L2: CVD",NA,"PA",146500
"male","65-69","sc_car_deaths_pa_CVD_lb",-3.01653,"bogota","Car",NA,"L2: CVD",NA,"PA",105412
"female","15-19","sc_car_deaths_pa_CVD_lb",-0.01208,"bogota","Car",NA,"L2: CVD",NA,"PA",279280
"female","20-24","sc_car_deaths_pa_CVD_lb",-0.02778,"bogota","Car",NA,"L2: CVD",NA,"PA",360197
"female","25-29","sc_car_deaths_pa_CVD_lb",-0.02857,"bogota","Car",NA,"L2: CVD",NA,"PA",364423
"female","30-34","sc_car_deaths_pa_CVD_lb",-0.10515,"bogota","Car",NA,"L2: CVD",NA,"PA",330341
"female","35-39","sc_car_deaths_pa_CVD_lb",-0.15862,"bogota","Car",NA,"L2: CVD",NA,"PA",309304
"female","40-44","sc_car_deaths_pa_CVD_lb",-0.30121,"bogota","Car",NA,"L2: CVD",NA,"PA",275440
"female","45-49","sc_car_deaths_pa_CVD_lb",-0.41111,"bogota","Car",NA,"L2: CVD",NA,"PA",254843
"female","50-54","sc_car_deaths_pa_CVD_lb",-0.47684,"bogota","Car",NA,"L2: CVD",NA,"PA",256059
"female","55-59","sc_car_deaths_pa_CVD_lb",-0.80261,"bogota","Car",NA,"L2: CVD",NA,"PA",235548
"female","60-64","sc_car_deaths_pa_CVD_lb",-1.10887,"bogota","Car",NA,"L2: CVD",NA,"PA",189600
"female","65-69","sc_car_deaths_pa_CVD_lb",-1.28602,"bogota","Car",NA,"L2: CVD",NA,"PA",141409
"male","15-19","sc_bus_deaths_pa_CVD_lb",-0.01142,"bogota","Bus",NA,"L2: CVD",NA,"PA",282736
"male","20-24","sc_bus_deaths_pa_CVD_lb",-0.00281,"bogota","Bus",NA,"L2: CVD",NA,"PA",357934
"male","25-29","sc_bus_deaths_pa_CVD_lb",-0.04697,"bogota","Bus",NA,"L2: CVD",NA,"PA",360031
"male","30-34","sc_bus_deaths_pa_CVD_lb",-0.0124,"bogota","Bus",NA,"L2: CVD",NA,"PA",321492
"male","35-39","sc_bus_deaths_pa_CVD_lb",-0.03132,"bogota","Bus",NA,"L2: CVD",NA,"PA",289808
"male","40-44","sc_bus_deaths_pa_CVD_lb",-0.067,"bogota","Bus",NA,"L2: CVD",NA,"PA",244543
"male","45-49","sc_bus_deaths_pa_CVD_lb",-0.19117,"bogota","Bus",NA,"L2: CVD",NA,"PA",215491
"male","50-54","sc_bus_deaths_pa_CVD_lb",-0.56204,"bogota","Bus",NA,"L2: CVD",NA,"PA",209137
"male","55-59","sc_bus_deaths_pa_CVD_lb",-0.20418,"bogota","Bus",NA,"L2: CVD",NA,"PA",187551
"male","60-64","sc_bus_deaths_pa_CVD_lb",-1.15709,"bogota","Bus",NA,"L2: CVD",NA,"PA",146500
"male","65-69","sc_bus_deaths_pa_CVD_lb",-0.20754,"bogota","Bus",NA,"L2: CVD",NA,"PA",105412
"female","15-19","sc_bus_deaths_pa_CVD_lb",-0.00365,"bogota","Bus",NA,"L2: CVD",NA,"PA",279280
"female","20-24","sc_bus_deaths_pa_CVD_lb",0.00352,"bogota","Bus",NA,"L2: CVD",NA,"PA",360197
"female","25-29","sc_bus_deaths_pa_CVD_lb",0.00949,"bogota","Bus",NA,"L2: CVD",NA,"PA",364423
"female","30-34","sc_bus_deaths_pa_CVD_lb",0.00361,"bogota","Bus",NA,"L2: CVD",NA,"PA",330341
"female","35-39","sc_bus_deaths_pa_CVD_lb",0.00979,"bogota","Bus",NA,"L2: CVD",NA,"PA",309304
"female","40-44","sc_bus_deaths_pa_CVD_lb",0.01236,"bogota","Bus",NA,"L2: CVD",NA,"PA",275440
"female","45-49","sc_bus_deaths_pa_CVD_lb",-0.01895,"bogota","Bus",NA,"L2: CVD",NA,"PA",254843
"female","50-54","sc_bus_deaths_pa_CVD_lb",0.13893,"bogota","Bus",NA,"L2: CVD",NA,"PA",256059
"female","55-59","sc_bus_deaths_pa_CVD_lb",0.403,"bogota","Bus",NA,"L2: CVD",NA,"PA",235548
"female","60-64","sc_bus_deaths_pa_CVD_lb",0.57184,"bogota","Bus",NA,"L2: CVD",NA,"PA",189600
"female","65-69","sc_bus_deaths_pa_CVD_lb",0.2415,"bogota","Bus",NA,"L2: CVD",NA,"PA",141409
"male","15-19","sc_cycle_deaths_pa_CVD_ub",0.01746,"bogota","Cycling",NA,"L2: CVD",NA,"PA",282736
"male","20-24","sc_cycle_deaths_pa_CVD_ub",0.05054,"bogota","Cycling",NA,"L2: CVD",NA,"PA",357934
"male","25-29","sc_cycle_deaths_pa_CVD_ub",0.08436,"bogota","Cycling",NA,"L2: CVD",NA,"PA",360031
"male","30-34","sc_cycle_deaths_pa_CVD_ub",0.29522,"bogota","Cycling",NA,"L2: CVD",NA,"PA",321492
"male","35-39","sc_cycle_deaths_pa_CVD_ub",0.40717,"bogota","Cycling",NA,"L2: CVD",NA,"PA",289808
"male","40-44","sc_cycle_deaths_pa_CVD_ub",0.58817,"bogota","Cycling",NA,"L2: CVD",NA,"PA",244543
"male","45-49","sc_cycle_deaths_pa_CVD_ub",0.88363,"bogota","Cycling",NA,"L2: CVD",NA,"PA",215491
"male","50-54","sc_cycle_deaths_pa_CVD_ub",1.37987,"bogota","Cycling",NA,"L2: CVD",NA,"PA",209137
"male","55-59","sc_cycle_deaths_pa_CVD_ub",2.08613,"bogota","Cycling",NA,"L2: CVD",NA,"PA",187551
"male","60-64","sc_cycle_deaths_pa_CVD_ub",2.56857,"bogota","Cycling",NA,"L2: CVD",NA,"PA",146500
"male","65-69","sc_cycle_deaths_pa_CVD_ub",3.65897,"bogota","Cycling",NA,"L2: CVD",NA,"PA",105412
"female","15-19","sc_cycle_deaths_pa_CVD_ub",0.01323,"bogota","Cycling",NA,"L2: CVD",NA,"PA",279280
"female","20-24","sc_cycle_deaths_pa_CVD_ub",0.03804,"bogota","Cycling",NA,"L2: CVD",NA,"PA",360197
"female","25-29","sc_cycle_deaths_pa_CVD_ub",0.07324,"bogota","Cycling",NA,"L2: CVD",NA,"PA",364423
"female","30-34","sc_cycle_deaths_pa_CVD_ub",0.1952,"bogota","Cycling",NA,"L2: CVD",NA,"PA",330341
"female","35-39","sc_cycle_deaths_pa_CVD_ub",0.31542,"bogota","Cycling",NA,"L2: CVD",NA,"PA",309304
"female","40-44","sc_cycle_deaths_pa_CVD_ub",0.45519,"bogota","Cycling",NA,"L2: CVD",NA,"PA",275440
"female","45-49","sc_cycle_deaths_pa_CVD_ub",0.79103,"bogota","Cycling",NA,"L2: CVD",NA,"PA",254843
"female","50-54","sc_cycle_deaths_pa_CVD_ub",1.13022,"bogota","Cycling",NA,"L2: CVD",NA,"PA",256059
"female","55-59","sc_cycle_deaths_pa_CVD_ub",2.0129,"bogota","Cycling",NA,"L2: CVD",NA,"PA",235548
"female","60-64","sc_cycle_deaths_pa_CVD_ub",2.33892,"bogota","Cycling",NA,"L2: CVD",NA,"PA",189600
"female","65-69","sc_cycle_deaths_pa_CVD_ub",3.73449,"bogota","Cycling",NA,"L2: CVD",NA,"PA",141409
"male","15-19","sc_car_deaths_pa_CVD_ub",-0.01654,"bogota","Car",NA,"L2: CVD",NA,"PA",282736
"male","20-24","sc_car_deaths_pa_CVD_ub",-0.03533,"bogota","Car",NA,"L2: CVD",NA,"PA",357934
"male","25-29","sc_car_deaths_pa_CVD_ub",-0.04378,"bogota","Car",NA,"L2: CVD",NA,"PA",360031
"male","30-34","sc_car_deaths_pa_CVD_ub",-0.13486,"bogota","Car",NA,"L2: CVD",NA,"PA",321492
"male","35-39","sc_car_deaths_pa_CVD_ub",-0.224,"bogota","Car",NA,"L2: CVD",NA,"PA",289808
"male","40-44","sc_car_deaths_pa_CVD_ub",-0.29011,"bogota","Car",NA,"L2: CVD",NA,"PA",244543
"male","45-49","sc_car_deaths_pa_CVD_ub",-0.44381,"bogota","Car",NA,"L2: CVD",NA,"PA",215491
"male","50-54","sc_car_deaths_pa_CVD_ub",-0.8306,"bogota","Car",NA,"L2: CVD",NA,"PA",209137
"male","55-59","sc_car_deaths_pa_CVD_ub",-1.32745,"bogota","Car",NA,"L2: CVD",NA,"PA",187551
"male","60-64","sc_car_deaths_pa_CVD_ub",-1.48647,"bogota","Car",NA,"L2: CVD",NA,"PA",146500
"male","65-69","sc_car_deaths_pa_CVD_ub",-1.95822,"bogota","Car",NA,"L2: CVD",NA,"PA",105412
"female","15-19","sc_car_deaths_pa_CVD_ub",-0.00725,"bogota","Car",NA,"L2: CVD",NA,"PA",279280
"female","20-24","sc_car_deaths_pa_CVD_ub",-0.01684,"bogota","Car",NA,"L2: CVD",NA,"PA",360197
"female","25-29","sc_car_deaths_pa_CVD_ub",-0.01836,"bogota","Car",NA,"L2: CVD",NA,"PA",364423
"female","30-34","sc_car_deaths_pa_CVD_ub",-0.06708,"bogota","Car",NA,"L2: CVD",NA,"PA",330341
"female","35-39","sc_car_deaths_pa_CVD_ub",-0.10029,"bogota","Car",NA,"L2: CVD",NA,"PA",309304
"female","40-44","sc_car_deaths_pa_CVD_ub",-0.19091,"bogota","Car",NA,"L2: CVD",NA,"PA",275440
"female","45-49","sc_car_deaths_pa_CVD_ub",-0.25883,"bogota","Car",NA,"L2: CVD",NA,"PA",254843
"female","50-54","sc_car_deaths_pa_CVD_ub",-0.29901,"bogota","Car",NA,"L2: CVD",NA,"PA",256059
"female","55-59","sc_car_deaths_pa_CVD_ub",-0.50154,"bogota","Car",NA,"L2: CVD",NA,"PA",235548
"female","60-64","sc_car_deaths_pa_CVD_ub",-0.6921,"bogota","Car",NA,"L2: CVD",NA,"PA",189600
"female","65-69","sc_car_deaths_pa_CVD_ub",-0.8212,"bogota","Car",NA,"L2: CVD",NA,"PA",141409
"male","15-19","sc_bus_deaths_pa_CVD_ub",-0.00742,"bogota","Bus",NA,"L2: CVD",NA,"PA",282736
"male","20-24","sc_bus_deaths_pa_CVD_ub",-0.00427,"bogota","Bus",NA,"L2: CVD",NA,"PA",357934
"male","25-29","sc_bus_deaths_pa_CVD_ub",-0.03082,"bogota","Bus",NA,"L2: CVD",NA,"PA",360031
"male","30-34","sc_bus_deaths_pa_CVD_ub",-0.01935,"bogota","Bus",NA,"L2: CVD",NA,"PA",321492
"male","35-39","sc_bus_deaths_pa_CVD_ub",-0.0373,"bogota","Bus",NA,"L2: CVD",NA,"PA",289808
"male","40-44","sc_bus_deaths_pa_CVD_ub",-0.06644,"bogota","Bus",NA,"L2: CVD",NA,"PA",244543
"male","45-49","sc_bus_deaths_pa_CVD_ub",-0.15964,"bogota","Bus",NA,"L2: CVD",NA,"PA",215491
"male","50-54","sc_bus_deaths_pa_CVD_ub",-0.40396,"bogota","Bus",NA,"L2: CVD",NA,"PA",209137
"male","55-59","sc_bus_deaths_pa_CVD_ub",-0.21374,"bogota","Bus",NA,"L2: CVD",NA,"PA",187551
"male","60-64","sc_bus_deaths_pa_CVD_ub",-0.83119,"bogota","Bus",NA,"L2: CVD",NA,"PA",146500
"male","65-69","sc_bus_deaths_pa_CVD_ub",-0.23221,"bogota","Bus",NA,"L2: CVD",NA,"PA",105412
"female","15-19","sc_bus_deaths_pa_CVD_ub",-0.00238,"bogota","Bus",NA,"L2: CVD",NA,"PA",279280
"female","20-24","sc_bus_deaths_pa_CVD_ub",0.00187,"bogota","Bus",NA,"L2: CVD",NA,"PA",360197
"female","25-29","sc_bus_deaths_pa_CVD_ub",0.00545,"bogota","Bus",NA,"L2: CVD",NA,"PA",364423
"female","30-34","sc_bus_deaths_pa_CVD_ub",-0.00073,"bogota","Bus",NA,"L2: CVD",NA,"PA",330341
"female","35-39","sc_bus_deaths_pa_CVD_ub",0.00041,"bogota","Bus",NA,"L2: CVD",NA,"PA",309304
"female","40-44","sc_bus_deaths_pa_CVD_ub",-0.00128,"bogota","Bus",NA,"L2: CVD",NA,"PA",275440
"female","45-49","sc_bus_deaths_pa_CVD_ub",-0.02633,"bogota","Bus",NA,"L2: CVD",NA,"PA",254843
"female","50-54","sc_bus_deaths_pa_CVD_ub",0.08243,"bogota","Bus",NA,"L2: CVD",NA,"PA",256059
"female","55-59","sc_bus_deaths_pa_CVD_ub",0.23926,"bogota","Bus",NA,"L2: CVD",NA,"PA",235548
"female","60-64","sc_bus_deaths_pa_CVD_ub",0.34695,"bogota","Bus",NA,"L2: CVD",NA,"PA",189600
"female","65-69","sc_bus_deaths_pa_CVD_ub",0.13561,"bogota","Bus",NA,"L2: CVD",NA,"PA",141409
"male","15-19","sc_cycle_deaths_ap_CVD",0.00251,"bogota","Cycling",NA,"L2: CVD",NA,"AP",282736
"male","20-24","sc_cycle_deaths_ap_CVD",0.0038,"bogota","Cycling",NA,"L2: CVD",NA,"AP",357934
"male","25-29","sc_cycle_deaths_ap_CVD",0.00706,"bogota","Cycling",NA,"L2: CVD",NA,"AP",360031
"male","30-34","sc_cycle_deaths_ap_CVD",0.00669,"bogota","Cycling",NA,"L2: CVD",NA,"AP",321492
"male","35-39","sc_cycle_deaths_ap_CVD",0.00833,"bogota","Cycling",NA,"L2: CVD",NA,"AP",289808
"male","40-44","sc_cycle_deaths_ap_CVD",0.01149,"bogota","Cycling",NA,"L2: CVD",NA,"AP",244543
"male","45-49","sc_cycle_deaths_ap_CVD",0.01109,"bogota","Cycling",NA,"L2: CVD",NA,"AP",215491
"male","50-54","sc_cycle_deaths_ap_CVD",0.0487,"bogota","Cycling",NA,"L2: CVD",NA,"AP",209137
"male","55-59","sc_cycle_deaths_ap_CVD",0.0765,"bogota","Cycling",NA,"L2: CVD",NA,"AP",187551
"male","60-64","sc_cycle_deaths_ap_CVD",0.12902,"bogota","Cycling",NA,"L2: CVD",NA,"AP",146500
"male","65-69","sc_cycle_deaths_ap_CVD",0.15387,"bogota","Cycling",NA,"L2: CVD",NA,"AP",105412
"female","15-19","sc_cycle_deaths_ap_CVD",0.00169,"bogota","Cycling",NA,"L2: CVD",NA,"AP",279280
"female","20-24","sc_cycle_deaths_ap_CVD",0.00232,"bogota","Cycling",NA,"L2: CVD",NA,"AP",360197
"female","25-29","sc_cycle_deaths_ap_CVD",0.00267,"bogota","Cycling",NA,"L2: CVD",NA,"AP",364423
"female","30-34","sc_cycle_deaths_ap_CVD",-0.00005,"bogota","Cycling",NA,"L2: CVD",NA,"AP",330341
"female","35-39","sc_cycle_deaths_ap_CVD",0.00218,"bogota","Cycling",NA,"L2: CVD",NA,"AP",309304
"female","40-44","sc_cycle_deaths_ap_CVD",0.00716,"bogota","Cycling",NA,"L2: CVD",NA,"AP",275440
"female","45-49","sc_cycle_deaths_ap_CVD",0.02155,"bogota","Cycling",NA,"L2: CVD",NA,"AP",254843
"female","50-54","sc_cycle_deaths_ap_CVD",0.05176,"bogota","Cycling",NA,"L2: CVD",NA,"AP",256059
"female","55-59","sc_cycle_deaths_ap_CVD",0.07504,"bogota","Cycling",NA,"L2: CVD",NA,"AP",235548
"female","60-64","sc_cycle_deaths_ap_CVD",0.12887,"bogota","Cycling",NA,"L2: CVD",NA,"AP",189600
"female","65-69","sc_cycle_deaths_ap_CVD",0.16137,"bogota","Cycling",NA,"L2: CVD",NA,"AP",141409
"male","15-19","sc_car_deaths_ap_CVD",-0.01246,"bogota","Car",NA,"L2: CVD",NA,"AP",282736
"male","20-24","sc_car_deaths_ap_CVD",-0.0247,"bogota","Car",NA,"L2: CVD",NA,"AP",357934
"male","25-29","sc_car_deaths_ap_CVD",-0.04037,"bogota","Car",NA,"L2: CVD",NA,"AP",360031
"male","30-34","sc_car_deaths_ap_CVD",-0.05518,"bogota","Car",NA,"L2: CVD",NA,"AP",321492
"male","35-39","sc_car_deaths_ap_CVD",-0.08018,"bogota","Car",NA,"L2: CVD",NA,"AP",289808
"male","40-44","sc_car_deaths_ap_CVD",-0.10674,"bogota","Car",NA,"L2: CVD",NA,"AP",244543
"male","45-49","sc_car_deaths_ap_CVD",-0.16108,"bogota","Car",NA,"L2: CVD",NA,"AP",215491
"male","50-54","sc_car_deaths_ap_CVD",-0.29537,"bogota","Car",NA,"L2: CVD",NA,"AP",209137
"male","55-59","sc_car_deaths_ap_CVD",-0.44802,"bogota","Car",NA,"L2: CVD",NA,"AP",187551
"male","60-64","sc_car_deaths_ap_CVD",-0.67605,"bogota","Car",NA,"L2: CVD",NA,"AP",146500
"male","65-69","sc_car_deaths_ap_CVD",-0.82248,"bogota","Car",NA,"L2: CVD",NA,"AP",105412
"female","15-19","sc_car_deaths_ap_CVD",-0.01075,"bogota","Car",NA,"L2: CVD",NA,"AP",279280
"female","20-24","sc_car_deaths_ap_CVD",-0.01878,"bogota","Car",NA,"L2: CVD",NA,"AP",360197
"female","25-29","sc_car_deaths_ap_CVD",-0.02575,"bogota","Car",NA,"L2: CVD",NA,"AP",364423
"female","30-34","sc_car_deaths_ap_CVD",-0.03301,"bogota","Car",NA,"L2: CVD",NA,"AP",330341
"female","35-39","sc_car_deaths_ap_CVD",-0.05639,"bogota","Car",NA,"L2: CVD",NA,"AP",309304
"female","40-44","sc_car_deaths_ap_CVD",-0.09018,"bogota","Car",NA,"L2: CVD",NA,"AP",275440
"female","45-49","sc_car_deaths_ap_CVD",-0.14327,"bogota","Car",NA,"L2: CVD",NA,"AP",254843
"female","50-54","sc_car_deaths_ap_CVD",-0.26179,"bogota","Car",NA,"L2: CVD",NA,"AP",256059
"female","55-59","sc_car_deaths_ap_CVD",-0.4135,"bogota","Car",NA,"L2: CVD",NA,"AP",235548
"female","60-64","sc_car_deaths_ap_CVD",-0.59626,"bogota","Car",NA,"L2: CVD",NA,"AP",189600
"female","65-69","sc_car_deaths_ap_CVD",-0.75272,"bogota","Car",NA,"L2: CVD",NA,"AP",141409
"male","15-19","sc_bus_deaths_ap_CVD",-0.00185,"bogota","Bus",NA,"L2: CVD",NA,"AP",282736
"male","20-24","sc_bus_deaths_ap_CVD",-0.00331,"bogota","Bus",NA,"L2: CVD",NA,"AP",357934
"male","25-29","sc_bus_deaths_ap_CVD",-0.00525,"bogota","Bus",NA,"L2: CVD",NA,"AP",360031
"male","30-34","sc_bus_deaths_ap_CVD",-0.00463,"bogota","Bus",NA,"L2: CVD",NA,"AP",321492
"male","35-39","sc_bus_deaths_ap_CVD",-0.0073,"bogota","Bus",NA,"L2: CVD",NA,"AP",289808
"male","40-44","sc_bus_deaths_ap_CVD",-0.00821,"bogota","Bus",NA,"L2: CVD",NA,"AP",244543
"male","45-49","sc_bus_deaths_ap_CVD",-0.01568,"bogota","Bus",NA,"L2: CVD",NA,"AP",215491
"male","50-54","sc_bus_deaths_ap_CVD",-0.03951,"bogota","Bus",NA,"L2: CVD",NA,"AP",209137
"male","55-59","sc_bus_deaths_ap_CVD",-0.06268,"bogota","Bus",NA,"L2: CVD",NA,"AP",187551
"male","60-64","sc_bus_deaths_ap_CVD",-0.09041,"bogota","Bus",NA,"L2: CVD",NA,"AP",146500
"male","65-69","sc_bus_deaths_ap_CVD",-0.15767,"bogota","Bus",NA,"L2: CVD",NA,"AP",105412
"female","15-19","sc_bus_deaths_ap_CVD",-0.00235,"bogota","Bus",NA,"L2: CVD",NA,"AP",279280
"female","20-24","sc_bus_deaths_ap_CVD",-0.00386,"bogota","Bus",NA,"L2: CVD",NA,"AP",360197
"female","25-29","sc_bus_deaths_ap_CVD",-0.00533,"bogota","Bus",NA,"L2: CVD",NA,"AP",364423
"female","30-34","sc_bus_deaths_ap_CVD",-0.00565,"bogota","Bus",NA,"L2: CVD",NA,"AP",330341
"female","35-39","sc_bus_deaths_ap_CVD",-0.01027,"bogota","Bus",NA,"L2: CVD",NA,"AP",309304
"female","40-44","sc_bus_deaths_ap_CVD",-0.01689,"bogota","Bus",NA,"L2: CVD",NA,"AP",275440
"female","45-49","sc_bus_deaths_ap_CVD",-0.02785,"bogota","Bus",NA,"L2: CVD",NA,"AP",254843
"female","50-54","sc_bus_deaths_ap_CVD",-0.06025,"bogota","Bus",NA,"L2: CVD",NA,"AP",256059
"female","55-59","sc_bus_deaths_ap_CVD",-0.09727,"bogota","Bus",NA,"L2: CVD",NA,"AP",235548
"female","60-64","sc_bus_deaths_ap_CVD",-0.13744,"bogota","Bus",NA,"L2: CVD",NA,"AP",189600
"female","65-69","sc_bus_deaths_ap_CVD",-0.18128,"bogota","Bus",NA,"L2: CVD",NA,"AP",141409
"male","15-19","sc_cycle_deaths_ap_CVD_lb",0.00251,"bogota","Cycling",NA,"L2: CVD",NA,"AP",282736
"male","20-24","sc_cycle_deaths_ap_CVD_lb",0.0038,"bogota","Cycling",NA,"L2: CVD",NA,"AP",357934
"male","25-29","sc_cycle_deaths_ap_CVD_lb",0.00706,"bogota","Cycling",NA,"L2: CVD",NA,"AP",360031
"male","30-34","sc_cycle_deaths_ap_CVD_lb",0.00669,"bogota","Cycling",NA,"L2: CVD",NA,"AP",321492
"male","35-39","sc_cycle_deaths_ap_CVD_lb",0.00833,"bogota","Cycling",NA,"L2: CVD",NA,"AP",289808
"male","40-44","sc_cycle_deaths_ap_CVD_lb",0.01149,"bogota","Cycling",NA,"L2: CVD",NA,"AP",244543
"male","45-49","sc_cycle_deaths_ap_CVD_lb",0.01109,"bogota","Cycling",NA,"L2: CVD",NA,"AP",215491
"male","50-54","sc_cycle_deaths_ap_CVD_lb",0.0487,"bogota","Cycling",NA,"L2: CVD",NA,"AP",209137
"male","55-59","sc_cycle_deaths_ap_CVD_lb",0.0765,"bogota","Cycling",NA,"L2: CVD",NA,"AP",187551
"male","60-64","sc_cycle_deaths_ap_CVD_lb",0.12902,"bogota","Cycling",NA,"L2: CVD",NA,"AP",146500
"male","65-69","sc_cycle_deaths_ap_CVD_lb",0.15387,"bogota","Cycling",NA,"L2: CVD",NA,"AP",105412
"female","15-19","sc_cycle_deaths_ap_CVD_lb",0.00169,"bogota","Cycling",NA,"L2: CVD",NA,"AP",279280
"female","20-24","sc_cycle_deaths_ap_CVD_lb",0.00232,"bogota","Cycling",NA,"L2: CVD",NA,"AP",360197
"female","25-29","sc_cycle_deaths_ap_CVD_lb",0.00267,"bogota","Cycling",NA,"L2: CVD",NA,"AP",364423
"female","30-34","sc_cycle_deaths_ap_CVD_lb",-0.00005,"bogota","Cycling",NA,"L2: CVD",NA,"AP",330341
"female","35-39","sc_cycle_deaths_ap_CVD_lb",0.00218,"bogota","Cycling",NA,"L2: CVD",NA,"AP",309304
"female","40-44","sc_cycle_deaths_ap_CVD_lb",0.00716,"bogota","Cycling",NA,"L2: CVD",NA,"AP",275440
"female","45-49","sc_cycle_deaths_ap_CVD_lb",0.02155,"bogota","Cycling",NA,"L2: CVD",NA,"AP",254843
"female","50-54","sc_cycle_deaths_ap_CVD_lb",0.05176,"bogota","Cycling",NA,"L2: CVD",NA,"AP",256059
"female","55-59","sc_cycle_deaths_ap_CVD_lb",0.07504,"bogota","Cycling",NA,"L2: CVD",NA,"AP",235548
"female","60-64","sc_cycle_deaths_ap_CVD_lb",0.12887,"bogota","Cycling",NA,"L2: CVD",NA,"AP",189600
"female","65-69","sc_cycle_deaths_ap_CVD_lb",0.16137,"bogota","Cycling",NA,"L2: CVD",NA,"AP",141409
"male","15-19","sc_car_deaths_ap_CVD_lb",-0.01246,"bogota","Car",NA,"L2: CVD",NA,"AP",282736
"male","20-24","sc_car_deaths_ap_CVD_lb",-0.0247,"bogota","Car",NA,"L2: CVD",NA,"AP",357934
"male","25-29","sc_car_deaths_ap_CVD_lb",-0.04037,"bogota","Car",NA,"L2: CVD",NA,"AP",360031
"male","30-34","sc_car_deaths_ap_CVD_lb",-0.05518,"bogota","Car",NA,"L2: CVD",NA,"AP",321492
"male","35-39","sc_car_deaths_ap_CVD_lb",-0.08018,"bogota","Car",NA,"L2: CVD",NA,"AP",289808
"male","40-44","sc_car_deaths_ap_CVD_lb",-0.10674,"bogota","Car",NA,"L2: CVD",NA,"AP",244543
"male","45-49","sc_car_deaths_ap_CVD_lb",-0.16108,"bogota","Car",NA,"L2: CVD",NA,"AP",215491
"male","50-54","sc_car_deaths_ap_CVD_lb",-0.29537,"bogota","Car",NA,"L2: CVD",NA,"AP",209137
"male","55-59","sc_car_deaths_ap_CVD_lb",-0.44802,"bogota","Car",NA,"L2: CVD",NA,"AP",187551
"male","60-64","sc_car_deaths_ap_CVD_lb",-0.67605,"bogota","Car",NA,"L2: CVD",NA,"AP",146500
"male","65-69","sc_car_deaths_ap_CVD_lb",-0.82248,"bogota","Car",NA,"L2: CVD",NA,"AP",105412
"female","15-19","sc_car_deaths_ap_CVD_lb",-0.01075,"bogota","Car",NA,"L2: CVD",NA,"AP",279280
"female","20-24","sc_car_deaths_ap_CVD_lb",-0.01878,"bogota","Car",NA,"L2: CVD",NA,"AP",360197
"female","25-29","sc_car_deaths_ap_CVD_lb",-0.02575,"bogota","Car",NA,"L2: CVD",NA,"AP",364423
"female","30-34","sc_car_deaths_ap_CVD_lb",-0.03301,"bogota","Car",NA,"L2: CVD",NA,"AP",330341
"female","35-39","sc_car_deaths_ap_CVD_lb",-0.05639,"bogota","Car",NA,"L2: CVD",NA,"AP",309304
"female","40-44","sc_car_deaths_ap_CVD_lb",-0.09018,"bogota","Car",NA,"L2: CVD",NA,"AP",275440
"female","45-49","sc_car_deaths_ap_CVD_lb",-0.14327,"bogota","Car",NA,"L2: CVD",NA,"AP",254843
"female","50-54","sc_car_deaths_ap_CVD_lb",-0.26179,"bogota","Car",NA,"L2: CVD",NA,"AP",256059
"female","55-59","sc_car_deaths_ap_CVD_lb",-0.4135,"bogota","Car",NA,"L2: CVD",NA,"AP",235548
"female","60-64","sc_car_deaths_ap_CVD_lb",-0.59626,"bogota","Car",NA,"L2: CVD",NA,"AP",189600
"female","65-69","sc_car_deaths_ap_CVD_lb",-0.75272,"bogota","Car",NA,"L2: CVD",NA,"AP",141409
"male","15-19","sc_bus_deaths_ap_CVD_lb",-0.00185,"bogota","Bus",NA,"L2: CVD",NA,"AP",282736
"male","20-24","sc_bus_deaths_ap_CVD_lb",-0.00331,"bogota","Bus",NA,"L2: CVD",NA,"AP",357934
"male","25-29","sc_bus_deaths_ap_CVD_lb",-0.00525,"bogota","Bus",NA,"L2: CVD",NA,"AP",360031
"male","30-34","sc_bus_deaths_ap_CVD_lb",-0.00463,"bogota","Bus",NA,"L2: CVD",NA,"AP",321492
"male","35-39","sc_bus_deaths_ap_CVD_lb",-0.0073,"bogota","Bus",NA,"L2: CVD",NA,"AP",289808
"male","40-44","sc_bus_deaths_ap_CVD_lb",-0.00821,"bogota","Bus",NA,"L2: CVD",NA,"AP",244543
"male","45-49","sc_bus_deaths_ap_CVD_lb",-0.01568,"bogota","Bus",NA,"L2: CVD",NA,"AP",215491
"male","50-54","sc_bus_deaths_ap_CVD_lb",-0.03951,"bogota","Bus",NA,"L2: CVD",NA,"AP",209137
"male","55-59","sc_bus_deaths_ap_CVD_lb",-0.06268,"bogota","Bus",NA,"L2: CVD",NA,"AP",187551
"male","60-64","sc_bus_deaths_ap_CVD_lb",-0.09041,"bogota","Bus",NA,"L2: CVD",NA,"AP",146500
"male","65-69","sc_bus_deaths_ap_CVD_lb",-0.15767,"bogota","Bus",NA,"L2: CVD",NA,"AP",105412
"female","15-19","sc_bus_deaths_ap_CVD_lb",-0.00235,"bogota","Bus",NA,"L2: CVD",NA,"AP",279280
"female","20-24","sc_bus_deaths_ap_CVD_lb",-0.00386,"bogota","Bus",NA,"L2: CVD",NA,"AP",360197
"female","25-29","sc_bus_deaths_ap_CVD_lb",-0.00533,"bogota","Bus",NA,"L2: CVD",NA,"AP",364423
"female","30-34","sc_bus_deaths_ap_CVD_lb",-0.00565,"bogota","Bus",NA,"L2: CVD",NA,"AP",330341
"female","35-39","sc_bus_deaths_ap_CVD_lb",-0.01027,"bogota","Bus",NA,"L2: CVD",NA,"AP",309304
"female","40-44","sc_bus_deaths_ap_CVD_lb",-0.01689,"bogota","Bus",NA,"L2: CVD",NA,"AP",275440
"female","45-49","sc_bus_deaths_ap_CVD_lb",-0.02785,"bogota","Bus",NA,"L2: CVD",NA,"AP",254843
"female","50-54","sc_bus_deaths_ap_CVD_lb",-0.06025,"bogota","Bus",NA,"L2: CVD",NA,"AP",256059
"female","55-59","sc_bus_deaths_ap_CVD_lb",-0.09727,"bogota","Bus",NA,"L2: CVD",NA,"AP",235548
"female","60-64","sc_bus_deaths_ap_CVD_lb",-0.13744,"bogota","Bus",NA,"L2: CVD",NA,"AP",189600
"female","65-69","sc_bus_deaths_ap_CVD_lb",-0.18128,"bogota","Bus",NA,"L2: CVD",NA,"AP",141409
"male","15-19","sc_cycle_deaths_ap_CVD_ub",0.00251,"bogota","Cycling",NA,"L2: CVD",NA,"AP",282736
"male","20-24","sc_cycle_deaths_ap_CVD_ub",0.0038,"bogota","Cycling",NA,"L2: CVD",NA,"AP",357934
"male","25-29","sc_cycle_deaths_ap_CVD_ub",0.00706,"bogota","Cycling",NA,"L2: CVD",NA,"AP",360031
"male","30-34","sc_cycle_deaths_ap_CVD_ub",0.00669,"bogota","Cycling",NA,"L2: CVD",NA,"AP",321492
"male","35-39","sc_cycle_deaths_ap_CVD_ub",0.00833,"bogota","Cycling",NA,"L2: CVD",NA,"AP",289808
"male","40-44","sc_cycle_deaths_ap_CVD_ub",0.01149,"bogota","Cycling",NA,"L2: CVD",NA,"AP",244543
"male","45-49","sc_cycle_deaths_ap_CVD_ub",0.01109,"bogota","Cycling",NA,"L2: CVD",NA,"AP",215491
"male","50-54","sc_cycle_deaths_ap_CVD_ub",0.0487,"bogota","Cycling",NA,"L2: CVD",NA,"AP",209137
"male","55-59","sc_cycle_deaths_ap_CVD_ub",0.0765,"bogota","Cycling",NA,"L2: CVD",NA,"AP",187551
"male","60-64","sc_cycle_deaths_ap_CVD_ub",0.12902,"bogota","Cycling",NA,"L2: CVD",NA,"AP",146500
"male","65-69","sc_cycle_deaths_ap_CVD_ub",0.15387,"bogota","Cycling",NA,"L2: CVD",NA,"AP",105412
"female","15-19","sc_cycle_deaths_ap_CVD_ub",0.00169,"bogota","Cycling",NA,"L2: CVD",NA,"AP",279280
"female","20-24","sc_cycle_deaths_ap_CVD_ub",0.00232,"bogota","Cycling",NA,"L2: CVD",NA,"AP",360197
"female","25-29","sc_cycle_deaths_ap_CVD_ub",0.00267,"bogota","Cycling",NA,"L2: CVD",NA,"AP",364423
"female","30-34","sc_cycle_deaths_ap_CVD_ub",-0.00005,"bogota","Cycling",NA,"L2: CVD",NA,"AP",330341
"female","35-39","sc_cycle_deaths_ap_CVD_ub",0.00218,"bogota","Cycling",NA,"L2: CVD",NA,"AP",309304
"female","40-44","sc_cycle_deaths_ap_CVD_ub",0.00716,"bogota","Cycling",NA,"L2: CVD",NA,"AP",275440
"female","45-49","sc_cycle_deaths_ap_CVD_ub",0.02155,"bogota","Cycling",NA,"L2: CVD",NA,"AP",254843
"female","50-54","sc_cycle_deaths_ap_CVD_ub",0.05176,"bogota","Cycling",NA,"L2: CVD",NA,"AP",256059
"female","55-59","sc_cycle_deaths_ap_CVD_ub",0.07504,"bogota","Cycling",NA,"L2: CVD",NA,"AP",235548
"female","60-64","sc_cycle_deaths_ap_CVD_ub",0.12887,"bogota","Cycling",NA,"L2: CVD",NA,"AP",189600
"female","65-69","sc_cycle_deaths_ap_CVD_ub",0.16137,"bogota","Cycling",NA,"L2: CVD",NA,"AP",141409
"male","15-19","sc_car_deaths_ap_CVD_ub",-0.01246,"bogota","Car",NA,"L2: CVD",NA,"AP",282736
"male","20-24","sc_car_deaths_ap_CVD_ub",-0.0247,"bogota","Car",NA,"L2: CVD",NA,"AP",357934
"male","25-29","sc_car_deaths_ap_CVD_ub",-0.04037,"bogota","Car",NA,"L2: CVD",NA,"AP",360031
"male","30-34","sc_car_deaths_ap_CVD_ub",-0.05518,"bogota","Car",NA,"L2: CVD",NA,"AP",321492
"male","35-39","sc_car_deaths_ap_CVD_ub",-0.08018,"bogota","Car",NA,"L2: CVD",NA,"AP",289808
"male","40-44","sc_car_deaths_ap_CVD_ub",-0.10674,"bogota","Car",NA,"L2: CVD",NA,"AP",244543
"male","45-49","sc_car_deaths_ap_CVD_ub",-0.16108,"bogota","Car",NA,"L2: CVD",NA,"AP",215491
"male","50-54","sc_car_deaths_ap_CVD_ub",-0.29537,"bogota","Car",NA,"L2: CVD",NA,"AP",209137
"male","55-59","sc_car_deaths_ap_CVD_ub",-0.44802,"bogota","Car",NA,"L2: CVD",NA,"AP",187551
"male","60-64","sc_car_deaths_ap_CVD_ub",-0.67605,"bogota","Car",NA,"L2: CVD",NA,"AP",146500
"male","65-69","sc_car_deaths_ap_CVD_ub",-0.82248,"bogota","Car",NA,"L2: CVD",NA,"AP",105412
"female","15-19","sc_car_deaths_ap_CVD_ub",-0.01075,"bogota","Car",NA,"L2: CVD",NA,"AP",279280
"female","20-24","sc_car_deaths_ap_CVD_ub",-0.01878,"bogota","Car",NA,"L2: CVD",NA,"AP",360197
"female","25-29","sc_car_deaths_ap_CVD_ub",-0.02575,"bogota","Car",NA,"L2: CVD",NA,"AP",364423
"female","30-34","sc_car_deaths_ap_CVD_ub",-0.03301,"bogota","Car",NA,"L2: CVD",NA,"AP",330341
"female","35-39","sc_car_deaths_ap_CVD_ub",-0.05639,"bogota","Car",NA,"L2: CVD",NA,"AP",309304
"female","40-44","sc_car_deaths_ap_CVD_ub",-0.09018,"bogota","Car",NA,"L2: CVD",NA,"AP",275440
"female","45-49","sc_car_deaths_ap_CVD_ub",-0.14327,"bogota","Car",NA,"L2: CVD",NA,"AP",254843
"female","50-54","sc_car_deaths_ap_CVD_ub",-0.26179,"bogota","Car",NA,"L2: CVD",NA,"AP",256059
"female","55-59","sc_car_deaths_ap_CVD_ub",-0.4135,"bogota","Car",NA,"L2: CVD",NA,"AP",235548
"female","60-64","sc_car_deaths_ap_CVD_ub",-0.59626,"bogota","Car",NA,"L2: CVD",NA,"AP",189600
"female","65-69","sc_car_deaths_ap_CVD_ub",-0.75272,"bogota","Car",NA,"L2: CVD",NA,"AP",141409
"male","15-19","sc_bus_deaths_ap_CVD_ub",-0.00185,"bogota","Bus",NA,"L2: CVD",NA,"AP",282736
"male","20-24","sc_bus_deaths_ap_CVD_ub",-0.00331,"bogota","Bus",NA,"L2: CVD",NA,"AP",357934
"male","25-29","sc_bus_deaths_ap_CVD_ub",-0.00525,"bogota","Bus",NA,"L2: CVD",NA,"AP",360031
"male","30-34","sc_bus_deaths_ap_CVD_ub",-0.00463,"bogota","Bus",NA,"L2: CVD",NA,"AP",321492
"male","35-39","sc_bus_deaths_ap_CVD_ub",-0.0073,"bogota","Bus",NA,"L2: CVD",NA,"AP",289808
"male","40-44","sc_bus_deaths_ap_CVD_ub",-0.00821,"bogota","Bus",NA,"L2: CVD",NA,"AP",244543
"male","45-49","sc_bus_deaths_ap_CVD_ub",-0.01568,"bogota","Bus",NA,"L2: CVD",NA,"AP",215491
"male","50-54","sc_bus_deaths_ap_CVD_ub",-0.03951,"bogota","Bus",NA,"L2: CVD",NA,"AP",209137
"male","55-59","sc_bus_deaths_ap_CVD_ub",-0.06268,"bogota","Bus",NA,"L2: CVD",NA,"AP",187551
"male","60-64","sc_bus_deaths_ap_CVD_ub",-0.09041,"bogota","Bus",NA,"L2: CVD",NA,"AP",146500
"male","65-69","sc_bus_deaths_ap_CVD_ub",-0.15767,"bogota","Bus",NA,"L2: CVD",NA,"AP",105412
"female","15-19","sc_bus_deaths_ap_CVD_ub",-0.00235,"bogota","Bus",NA,"L2: CVD",NA,"AP",279280
"female","20-24","sc_bus_deaths_ap_CVD_ub",-0.00386,"bogota","Bus",NA,"L2: CVD",NA,"AP",360197
"female","25-29","sc_bus_deaths_ap_CVD_ub",-0.00533,"bogota","Bus",NA,"L2: CVD",NA,"AP",364423
"female","30-34","sc_bus_deaths_ap_CVD_ub",-0.00565,"bogota","Bus",NA,"L2: CVD",NA,"AP",330341
"female","35-39","sc_bus_deaths_ap_CVD_ub",-0.01027,"bogota","Bus",NA,"L2: CVD",NA,"AP",309304
"female","40-44","sc_bus_deaths_ap_CVD_ub",-0.01689,"bogota","Bus",NA,"L2: CVD",NA,"AP",275440
"female","45-49","sc_bus_deaths_ap_CVD_ub",-0.02785,"bogota","Bus",NA,"L2: CVD",NA,"AP",254843
"female","50-54","sc_bus_deaths_ap_CVD_ub",-0.06025,"bogota","Bus",NA,"L2: CVD",NA,"AP",256059
"female","55-59","sc_bus_deaths_ap_CVD_ub",-0.09727,"bogota","Bus",NA,"L2: CVD",NA,"AP",235548
"female","60-64","sc_bus_deaths_ap_CVD_ub",-0.13744,"bogota","Bus",NA,"L2: CVD",NA,"AP",189600
"female","65-69","sc_bus_deaths_ap_CVD_ub",-0.18128,"bogota","Bus",NA,"L2: CVD",NA,"AP",141409
"male","15-19","sc_cycle_deaths_pa_total_dementia",0,"bogota","Cycling",NA,"L2: Other","L3: total_dementia","PA",282736
"male","20-24","sc_cycle_deaths_pa_total_dementia",0,"bogota","Cycling",NA,"L2: Other","L3: total_dementia","PA",357934
"male","25-29","sc_cycle_deaths_pa_total_dementia",0,"bogota","Cycling",NA,"L2: Other","L3: total_dementia","PA",360031
"male","30-34","sc_cycle_deaths_pa_total_dementia",0,"bogota","Cycling",NA,"L2: Other","L3: total_dementia","PA",321492
"male","35-39","sc_cycle_deaths_pa_total_dementia",0,"bogota","Cycling",NA,"L2: Other","L3: total_dementia","PA",289808
"male","40-44","sc_cycle_deaths_pa_total_dementia",0.00212,"bogota","Cycling",NA,"L2: Other","L3: total_dementia","PA",244543
"male","45-49","sc_cycle_deaths_pa_total_dementia",0.01216,"bogota","Cycling",NA,"L2: Other","L3: total_dementia","PA",215491
"male","50-54","sc_cycle_deaths_pa_total_dementia",0.02104,"bogota","Cycling",NA,"L2: Other","L3: total_dementia","PA",209137
"male","55-59","sc_cycle_deaths_pa_total_dementia",0.04607,"bogota","Cycling",NA,"L2: Other","L3: total_dementia","PA",187551
"male","60-64","sc_cycle_deaths_pa_total_dementia",0.07297,"bogota","Cycling",NA,"L2: Other","L3: total_dementia","PA",146500
"male","65-69","sc_cycle_deaths_pa_total_dementia",0.15706,"bogota","Cycling",NA,"L2: Other","L3: total_dementia","PA",105412
"female","15-19","sc_cycle_deaths_pa_total_dementia",0,"bogota","Cycling",NA,"L2: Other","L3: total_dementia","PA",279280
"female","20-24","sc_cycle_deaths_pa_total_dementia",0,"bogota","Cycling",NA,"L2: Other","L3: total_dementia","PA",360197
"female","25-29","sc_cycle_deaths_pa_total_dementia",0,"bogota","Cycling",NA,"L2: Other","L3: total_dementia","PA",364423
"female","30-34","sc_cycle_deaths_pa_total_dementia",0,"bogota","Cycling",NA,"L2: Other","L3: total_dementia","PA",330341
"female","35-39","sc_cycle_deaths_pa_total_dementia",0,"bogota","Cycling",NA,"L2: Other","L3: total_dementia","PA",309304
"female","40-44","sc_cycle_deaths_pa_total_dementia",0.00241,"bogota","Cycling",NA,"L2: Other","L3: total_dementia","PA",275440
"female","45-49","sc_cycle_deaths_pa_total_dementia",0.01543,"bogota","Cycling",NA,"L2: Other","L3: total_dementia","PA",254843
"female","50-54","sc_cycle_deaths_pa_total_dementia",0.03272,"bogota","Cycling",NA,"L2: Other","L3: total_dementia","PA",256059
"female","55-59","sc_cycle_deaths_pa_total_dementia",0.06977,"bogota","Cycling",NA,"L2: Other","L3: total_dementia","PA",235548
"female","60-64","sc_cycle_deaths_pa_total_dementia",0.10205,"bogota","Cycling",NA,"L2: Other","L3: total_dementia","PA",189600
"female","65-69","sc_cycle_deaths_pa_total_dementia",0.25,"bogota","Cycling",NA,"L2: Other","L3: total_dementia","PA",141409
"male","15-19","sc_car_deaths_pa_total_dementia",0,"bogota","Car",NA,"L2: Other","L3: total_dementia","PA",282736
"male","20-24","sc_car_deaths_pa_total_dementia",0,"bogota","Car",NA,"L2: Other","L3: total_dementia","PA",357934
"male","25-29","sc_car_deaths_pa_total_dementia",0,"bogota","Car",NA,"L2: Other","L3: total_dementia","PA",360031
"male","30-34","sc_car_deaths_pa_total_dementia",0,"bogota","Car",NA,"L2: Other","L3: total_dementia","PA",321492
"male","35-39","sc_car_deaths_pa_total_dementia",0,"bogota","Car",NA,"L2: Other","L3: total_dementia","PA",289808
"male","40-44","sc_car_deaths_pa_total_dementia",-0.00124,"bogota","Car",NA,"L2: Other","L3: total_dementia","PA",244543
"male","45-49","sc_car_deaths_pa_total_dementia",-0.00647,"bogota","Car",NA,"L2: Other","L3: total_dementia","PA",215491
"male","50-54","sc_car_deaths_pa_total_dementia",-0.01484,"bogota","Car",NA,"L2: Other","L3: total_dementia","PA",209137
"male","55-59","sc_car_deaths_pa_total_dementia",-0.0299,"bogota","Car",NA,"L2: Other","L3: total_dementia","PA",187551
"male","60-64","sc_car_deaths_pa_total_dementia",-0.04849,"bogota","Car",NA,"L2: Other","L3: total_dementia","PA",146500
"male","65-69","sc_car_deaths_pa_total_dementia",-0.09403,"bogota","Car",NA,"L2: Other","L3: total_dementia","PA",105412
"female","15-19","sc_car_deaths_pa_total_dementia",0,"bogota","Car",NA,"L2: Other","L3: total_dementia","PA",279280
"female","20-24","sc_car_deaths_pa_total_dementia",0,"bogota","Car",NA,"L2: Other","L3: total_dementia","PA",360197
"female","25-29","sc_car_deaths_pa_total_dementia",0,"bogota","Car",NA,"L2: Other","L3: total_dementia","PA",364423
"female","30-34","sc_car_deaths_pa_total_dementia",0,"bogota","Car",NA,"L2: Other","L3: total_dementia","PA",330341
"female","35-39","sc_car_deaths_pa_total_dementia",0,"bogota","Car",NA,"L2: Other","L3: total_dementia","PA",309304
"female","40-44","sc_car_deaths_pa_total_dementia",-0.00138,"bogota","Car",NA,"L2: Other","L3: total_dementia","PA",275440
"female","45-49","sc_car_deaths_pa_total_dementia",-0.00693,"bogota","Car",NA,"L2: Other","L3: total_dementia","PA",254843
"female","50-54","sc_car_deaths_pa_total_dementia",-0.01111,"bogota","Car",NA,"L2: Other","L3: total_dementia","PA",256059
"female","55-59","sc_car_deaths_pa_total_dementia",-0.024,"bogota","Car",NA,"L2: Other","L3: total_dementia","PA",235548
"female","60-64","sc_car_deaths_pa_total_dementia",-0.04382,"bogota","Car",NA,"L2: Other","L3: total_dementia","PA",189600
"female","65-69","sc_car_deaths_pa_total_dementia",-0.07066,"bogota","Car",NA,"L2: Other","L3: total_dementia","PA",141409
"male","15-19","sc_bus_deaths_pa_total_dementia",0,"bogota","Bus",NA,"L2: Other","L3: total_dementia","PA",282736
"male","20-24","sc_bus_deaths_pa_total_dementia",0,"bogota","Bus",NA,"L2: Other","L3: total_dementia","PA",357934
"male","25-29","sc_bus_deaths_pa_total_dementia",0,"bogota","Bus",NA,"L2: Other","L3: total_dementia","PA",360031
"male","30-34","sc_bus_deaths_pa_total_dementia",0,"bogota","Bus",NA,"L2: Other","L3: total_dementia","PA",321492
"male","35-39","sc_bus_deaths_pa_total_dementia",0,"bogota","Bus",NA,"L2: Other","L3: total_dementia","PA",289808
"male","40-44","sc_bus_deaths_pa_total_dementia",0.00017,"bogota","Bus",NA,"L2: Other","L3: total_dementia","PA",244543
"male","45-49","sc_bus_deaths_pa_total_dementia",0.00017,"bogota","Bus",NA,"L2: Other","L3: total_dementia","PA",215491
"male","50-54","sc_bus_deaths_pa_total_dementia",-0.00391,"bogota","Bus",NA,"L2: Other","L3: total_dementia","PA",209137
"male","55-59","sc_bus_deaths_pa_total_dementia",0.00385,"bogota","Bus",NA,"L2: Other","L3: total_dementia","PA",187551
"male","60-64","sc_bus_deaths_pa_total_dementia",-0.01447,"bogota","Bus",NA,"L2: Other","L3: total_dementia","PA",146500
"male","65-69","sc_bus_deaths_pa_total_dementia",0.01142,"bogota","Bus",NA,"L2: Other","L3: total_dementia","PA",105412
"female","15-19","sc_bus_deaths_pa_total_dementia",0,"bogota","Bus",NA,"L2: Other","L3: total_dementia","PA",279280
"female","20-24","sc_bus_deaths_pa_total_dementia",0,"bogota","Bus",NA,"L2: Other","L3: total_dementia","PA",360197
"female","25-29","sc_bus_deaths_pa_total_dementia",0,"bogota","Bus",NA,"L2: Other","L3: total_dementia","PA",364423
"female","30-34","sc_bus_deaths_pa_total_dementia",0,"bogota","Bus",NA,"L2: Other","L3: total_dementia","PA",330341
"female","35-39","sc_bus_deaths_pa_total_dementia",0,"bogota","Bus",NA,"L2: Other","L3: total_dementia","PA",309304
"female","40-44","sc_bus_deaths_pa_total_dementia",0.00027,"bogota","Bus",NA,"L2: Other","L3: total_dementia","PA",275440
"female","45-49","sc_bus_deaths_pa_total_dementia",0.0009,"bogota","Bus",NA,"L2: Other","L3: total_dementia","PA",254843
"female","50-54","sc_bus_deaths_pa_total_dementia",0.00381,"bogota","Bus",NA,"L2: Other","L3: total_dementia","PA",256059
"female","55-59","sc_bus_deaths_pa_total_dementia",0.01369,"bogota","Bus",NA,"L2: Other","L3: total_dementia","PA",235548
"female","60-64","sc_bus_deaths_pa_total_dementia",0.02452,"bogota","Bus",NA,"L2: Other","L3: total_dementia","PA",189600
"female","65-69","sc_bus_deaths_pa_total_dementia",0.01793,"bogota","Bus",NA,"L2: Other","L3: total_dementia","PA",141409
"male","15-19","sc_cycle_deaths_pa_total_dementia_lb",0,"bogota","Cycling",NA,"L2: Other","L3: total_dementia","PA",282736
"male","20-24","sc_cycle_deaths_pa_total_dementia_lb",0,"bogota","Cycling",NA,"L2: Other","L3: total_dementia","PA",357934
"male","25-29","sc_cycle_deaths_pa_total_dementia_lb",0,"bogota","Cycling",NA,"L2: Other","L3: total_dementia","PA",360031
"male","30-34","sc_cycle_deaths_pa_total_dementia_lb",0,"bogota","Cycling",NA,"L2: Other","L3: total_dementia","PA",321492
"male","35-39","sc_cycle_deaths_pa_total_dementia_lb",0,"bogota","Cycling",NA,"L2: Other","L3: total_dementia","PA",289808
"male","40-44","sc_cycle_deaths_pa_total_dementia_lb",0.00306,"bogota","Cycling",NA,"L2: Other","L3: total_dementia","PA",244543
"male","45-49","sc_cycle_deaths_pa_total_dementia_lb",0.01752,"bogota","Cycling",NA,"L2: Other","L3: total_dementia","PA",215491
"male","50-54","sc_cycle_deaths_pa_total_dementia_lb",0.03009,"bogota","Cycling",NA,"L2: Other","L3: total_dementia","PA",209137
"male","55-59","sc_cycle_deaths_pa_total_dementia_lb",0.06665,"bogota","Cycling",NA,"L2: Other","L3: total_dementia","PA",187551
"male","60-64","sc_cycle_deaths_pa_total_dementia_lb",0.10499,"bogota","Cycling",NA,"L2: Other","L3: total_dementia","PA",146500
"male","65-69","sc_cycle_deaths_pa_total_dementia_lb",0.22495,"bogota","Cycling",NA,"L2: Other","L3: total_dementia","PA",105412
"female","15-19","sc_cycle_deaths_pa_total_dementia_lb",0,"bogota","Cycling",NA,"L2: Other","L3: total_dementia","PA",279280
"female","20-24","sc_cycle_deaths_pa_total_dementia_lb",0,"bogota","Cycling",NA,"L2: Other","L3: total_dementia","PA",360197
"female","25-29","sc_cycle_deaths_pa_total_dementia_lb",0,"bogota","Cycling",NA,"L2: Other","L3: total_dementia","PA",364423
"female","30-34","sc_cycle_deaths_pa_total_dementia_lb",0,"bogota","Cycling",NA,"L2: Other","L3: total_dementia","PA",330341
"female","35-39","sc_cycle_deaths_pa_total_dementia_lb",0,"bogota","Cycling",NA,"L2: Other","L3: total_dementia","PA",309304
"female","40-44","sc_cycle_deaths_pa_total_dementia_lb",0.00343,"bogota","Cycling",NA,"L2: Other","L3: total_dementia","PA",275440
"female","45-49","sc_cycle_deaths_pa_total_dementia_lb",0.02207,"bogota","Cycling",NA,"L2: Other","L3: total_dementia","PA",254843
"female","50-54","sc_cycle_deaths_pa_total_dementia_lb",0.0467,"bogota","Cycling",NA,"L2: Other","L3: total_dementia","PA",256059
"female","55-59","sc_cycle_deaths_pa_total_dementia_lb",0.09961,"bogota","Cycling",NA,"L2: Other","L3: total_dementia","PA",235548
"female","60-64","sc_cycle_deaths_pa_total_dementia_lb",0.14438,"bogota","Cycling",NA,"L2: Other","L3: total_dementia","PA",189600
"female","65-69","sc_cycle_deaths_pa_total_dementia_lb",0.35587,"bogota","Cycling",NA,"L2: Other","L3: total_dementia","PA",141409
"male","15-19","sc_car_deaths_pa_total_dementia_lb",0,"bogota","Car",NA,"L2: Other","L3: total_dementia","PA",282736
"male","20-24","sc_car_deaths_pa_total_dementia_lb",0,"bogota","Car",NA,"L2: Other","L3: total_dementia","PA",357934
"male","25-29","sc_car_deaths_pa_total_dementia_lb",0,"bogota","Car",NA,"L2: Other","L3: total_dementia","PA",360031
"male","30-34","sc_car_deaths_pa_total_dementia_lb",0,"bogota","Car",NA,"L2: Other","L3: total_dementia","PA",321492
"male","35-39","sc_car_deaths_pa_total_dementia_lb",0,"bogota","Car",NA,"L2: Other","L3: total_dementia","PA",289808
"male","40-44","sc_car_deaths_pa_total_dementia_lb",-0.00182,"bogota","Car",NA,"L2: Other","L3: total_dementia","PA",244543
"male","45-49","sc_car_deaths_pa_total_dementia_lb",-0.0094,"bogota","Car",NA,"L2: Other","L3: total_dementia","PA",215491
"male","50-54","sc_car_deaths_pa_total_dementia_lb",-0.02146,"bogota","Car",NA,"L2: Other","L3: total_dementia","PA",209137
"male","55-59","sc_car_deaths_pa_total_dementia_lb",-0.04357,"bogota","Car",NA,"L2: Other","L3: total_dementia","PA",187551
"male","60-64","sc_car_deaths_pa_total_dementia_lb",-0.07126,"bogota","Car",NA,"L2: Other","L3: total_dementia","PA",146500
"male","65-69","sc_car_deaths_pa_total_dementia_lb",-0.13574,"bogota","Car",NA,"L2: Other","L3: total_dementia","PA",105412
"female","15-19","sc_car_deaths_pa_total_dementia_lb",0,"bogota","Car",NA,"L2: Other","L3: total_dementia","PA",279280
"female","20-24","sc_car_deaths_pa_total_dementia_lb",0,"bogota","Car",NA,"L2: Other","L3: total_dementia","PA",360197
"female","25-29","sc_car_deaths_pa_total_dementia_lb",0,"bogota","Car",NA,"L2: Other","L3: total_dementia","PA",364423
"female","30-34","sc_car_deaths_pa_total_dementia_lb",0,"bogota","Car",NA,"L2: Other","L3: total_dementia","PA",330341
"female","35-39","sc_car_deaths_pa_total_dementia_lb",0,"bogota","Car",NA,"L2: Other","L3: total_dementia","PA",309304
"female","40-44","sc_car_deaths_pa_total_dementia_lb",-0.00203,"bogota","Car",NA,"L2: Other","L3: total_dementia","PA",275440
"female","45-49","sc_car_deaths_pa_total_dementia_lb",-0.01024,"bogota","Car",NA,"L2: Other","L3: total_dementia","PA",254843
"female","50-54","sc_car_deaths_pa_total_dementia_lb",-0.01633,"bogota","Car",NA,"L2: Other","L3: total_dementia","PA",256059
"female","55-59","sc_car_deaths_pa_total_dementia_lb",-0.03546,"bogota","Car",NA,"L2: Other","L3: total_dementia","PA",235548
"female","60-64","sc_car_deaths_pa_total_dementia_lb",-0.06419,"bogota","Car",NA,"L2: Other","L3: total_dementia","PA",189600
"female","65-69","sc_car_deaths_pa_total_dementia_lb",-0.10397,"bogota","Car",NA,"L2: Other","L3: total_dementia","PA",141409
"male","15-19","sc_bus_deaths_pa_total_dementia_lb",0,"bogota","Bus",NA,"L2: Other","L3: total_dementia","PA",282736
"male","20-24","sc_bus_deaths_pa_total_dementia_lb",0,"bogota","Bus",NA,"L2: Other","L3: total_dementia","PA",357934
"male","25-29","sc_bus_deaths_pa_total_dementia_lb",0,"bogota","Bus",NA,"L2: Other","L3: total_dementia","PA",360031
"male","30-34","sc_bus_deaths_pa_total_dementia_lb",0,"bogota","Bus",NA,"L2: Other","L3: total_dementia","PA",321492
"male","35-39","sc_bus_deaths_pa_total_dementia_lb",0,"bogota","Bus",NA,"L2: Other","L3: total_dementia","PA",289808
"male","40-44","sc_bus_deaths_pa_total_dementia_lb",0.00032,"bogota","Bus",NA,"L2: Other","L3: total_dementia","PA",244543
"male","45-49","sc_bus_deaths_pa_total_dementia_lb",0.00071,"bogota","Bus",NA,"L2: Other","L3: total_dementia","PA",215491
"male","50-54","sc_bus_deaths_pa_total_dementia_lb",-0.00509,"bogota","Bus",NA,"L2: Other","L3: total_dementia","PA",209137
"male","55-59","sc_bus_deaths_pa_total_dementia_lb",0.00693,"bogota","Bus",NA,"L2: Other","L3: total_dementia","PA",187551
"male","60-64","sc_bus_deaths_pa_total_dementia_lb",-0.01927,"bogota","Bus",NA,"L2: Other","L3: total_dementia","PA",146500
"male","65-69","sc_bus_deaths_pa_total_dementia_lb",0.02015,"bogota","Bus",NA,"L2: Other","L3: total_dementia","PA",105412
"female","15-19","sc_bus_deaths_pa_total_dementia_lb",0,"bogota","Bus",NA,"L2: Other","L3: total_dementia","PA",279280
"female","20-24","sc_bus_deaths_pa_total_dementia_lb",0,"bogota","Bus",NA,"L2: Other","L3: total_dementia","PA",360197
"female","25-29","sc_bus_deaths_pa_total_dementia_lb",0,"bogota","Bus",NA,"L2: Other","L3: total_dementia","PA",364423
"female","30-34","sc_bus_deaths_pa_total_dementia_lb",0,"bogota","Bus",NA,"L2: Other","L3: total_dementia","PA",330341
"female","35-39","sc_bus_deaths_pa_total_dementia_lb",0,"bogota","Bus",NA,"L2: Other","L3: total_dementia","PA",309304
"female","40-44","sc_bus_deaths_pa_total_dementia_lb",0.00043,"bogota","Bus",NA,"L2: Other","L3: total_dementia","PA",275440
"female","45-49","sc_bus_deaths_pa_total_dementia_lb",0.00153,"bogota","Bus",NA,"L2: Other","L3: total_dementia","PA",254843
"female","50-54","sc_bus_deaths_pa_total_dementia_lb",0.0058,"bogota","Bus",NA,"L2: Other","L3: total_dementia","PA",256059
"female","55-59","sc_bus_deaths_pa_total_dementia_lb",0.02042,"bogota","Bus",NA,"L2: Other","L3: total_dementia","PA",235548
"female","60-64","sc_bus_deaths_pa_total_dementia_lb",0.03644,"bogota","Bus",NA,"L2: Other","L3: total_dementia","PA",189600
"female","65-69","sc_bus_deaths_pa_total_dementia_lb",0.02738,"bogota","Bus",NA,"L2: Other","L3: total_dementia","PA",141409
"male","15-19","sc_cycle_deaths_pa_total_dementia_ub",0,"bogota","Cycling",NA,"L2: Other","L3: total_dementia","PA",282736
"male","20-24","sc_cycle_deaths_pa_total_dementia_ub",0,"bogota","Cycling",NA,"L2: Other","L3: total_dementia","PA",357934
"male","25-29","sc_cycle_deaths_pa_total_dementia_ub",0,"bogota","Cycling",NA,"L2: Other","L3: total_dementia","PA",360031
"male","30-34","sc_cycle_deaths_pa_total_dementia_ub",0,"bogota","Cycling",NA,"L2: Other","L3: total_dementia","PA",321492
"male","35-39","sc_cycle_deaths_pa_total_dementia_ub",0,"bogota","Cycling",NA,"L2: Other","L3: total_dementia","PA",289808
"male","40-44","sc_cycle_deaths_pa_total_dementia_ub",0.00117,"bogota","Cycling",NA,"L2: Other","L3: total_dementia","PA",244543
"male","45-49","sc_cycle_deaths_pa_total_dementia_ub",0.00671,"bogota","Cycling",NA,"L2: Other","L3: total_dementia","PA",215491
"male","50-54","sc_cycle_deaths_pa_total_dementia_ub",0.01173,"bogota","Cycling",NA,"L2: Other","L3: total_dementia","PA",209137
"male","55-59","sc_cycle_deaths_pa_total_dementia_ub",0.0252,"bogota","Cycling",NA,"L2: Other","L3: total_dementia","PA",187551
"male","60-64","sc_cycle_deaths_pa_total_dementia_ub",0.04028,"bogota","Cycling",NA,"L2: Other","L3: total_dementia","PA",146500
"male","65-69","sc_cycle_deaths_pa_total_dementia_ub",0.0869,"bogota","Cycling",NA,"L2: Other","L3: total_dementia","PA",105412
"female","15-19","sc_cycle_deaths_pa_total_dementia_ub",0,"bogota","Cycling",NA,"L2: Other","L3: total_dementia","PA",279280
"female","20-24","sc_cycle_deaths_pa_total_dementia_ub",0,"bogota","Cycling",NA,"L2: Other","L3: total_dementia","PA",360197
"female","25-29","sc_cycle_deaths_pa_total_dementia_ub",0,"bogota","Cycling",NA,"L2: Other","L3: total_dementia","PA",364423
"female","30-34","sc_cycle_deaths_pa_total_dementia_ub",0,"bogota","Cycling",NA,"L2: Other","L3: total_dementia","PA",330341
"female","35-39","sc_cycle_deaths_pa_total_dementia_ub",0,"bogota","Cycling",NA,"L2: Other","L3: total_dementia","PA",309304
"female","40-44","sc_cycle_deaths_pa_total_dementia_ub",0.00134,"bogota","Cycling",NA,"L2: Other","L3: total_dementia","PA",275440
"female","45-49","sc_cycle_deaths_pa_total_dementia_ub",0.00858,"bogota","Cycling",NA,"L2: Other","L3: total_dementia","PA",254843
"female","50-54","sc_cycle_deaths_pa_total_dementia_ub",0.01816,"bogota","Cycling",NA,"L2: Other","L3: total_dementia","PA",256059
"female","55-59","sc_cycle_deaths_pa_total_dementia_ub",0.03878,"bogota","Cycling",NA,"L2: Other","L3: total_dementia","PA",235548
"female","60-64","sc_cycle_deaths_pa_total_dementia_ub",0.05753,"bogota","Cycling",NA,"L2: Other","L3: total_dementia","PA",189600
"female","65-69","sc_cycle_deaths_pa_total_dementia_ub",0.13963,"bogota","Cycling",NA,"L2: Other","L3: total_dementia","PA",141409
"male","15-19","sc_car_deaths_pa_total_dementia_ub",0,"bogota","Car",NA,"L2: Other","L3: total_dementia","PA",282736
"male","20-24","sc_car_deaths_pa_total_dementia_ub",0,"bogota","Car",NA,"L2: Other","L3: total_dementia","PA",357934
"male","25-29","sc_car_deaths_pa_total_dementia_ub",0,"bogota","Car",NA,"L2: Other","L3: total_dementia","PA",360031
"male","30-34","sc_car_deaths_pa_total_dementia_ub",0,"bogota","Car",NA,"L2: Other","L3: total_dementia","PA",321492
"male","35-39","sc_car_deaths_pa_total_dementia_ub",0,"bogota","Car",NA,"L2: Other","L3: total_dementia","PA",289808
"male","40-44","sc_car_deaths_pa_total_dementia_ub",-0.00067,"bogota","Car",NA,"L2: Other","L3: total_dementia","PA",244543
"male","45-49","sc_car_deaths_pa_total_dementia_ub",-0.00354,"bogota","Car",NA,"L2: Other","L3: total_dementia","PA",215491
"male","50-54","sc_car_deaths_pa_total_dementia_ub",-0.00815,"bogota","Car",NA,"L2: Other","L3: total_dementia","PA",209137
"male","55-59","sc_car_deaths_pa_total_dementia_ub",-0.01627,"bogota","Car",NA,"L2: Other","L3: total_dementia","PA",187551
"male","60-64","sc_car_deaths_pa_total_dementia_ub",-0.02603,"bogota","Car",NA,"L2: Other","L3: total_dementia","PA",146500
"male","65-69","sc_car_deaths_pa_total_dementia_ub",-0.05172,"bogota","Car",NA,"L2: Other","L3: total_dementia","PA",105412
"female","15-19","sc_car_deaths_pa_total_dementia_ub",0,"bogota","Car",NA,"L2: Other","L3: total_dementia","PA",279280
"female","20-24","sc_car_deaths_pa_total_dementia_ub",0,"bogota","Car",NA,"L2: Other","L3: total_dementia","PA",360197
"female","25-29","sc_car_deaths_pa_total_dementia_ub",0,"bogota","Car",NA,"L2: Other","L3: total_dementia","PA",364423
"female","30-34","sc_car_deaths_pa_total_dementia_ub",0,"bogota","Car",NA,"L2: Other","L3: total_dementia","PA",330341
"female","35-39","sc_car_deaths_pa_total_dementia_ub",0,"bogota","Car",NA,"L2: Other","L3: total_dementia","PA",309304
"female","40-44","sc_car_deaths_pa_total_dementia_ub",-0.00074,"bogota","Car",NA,"L2: Other","L3: total_dementia","PA",275440
"female","45-49","sc_car_deaths_pa_total_dementia_ub",-0.0037,"bogota","Car",NA,"L2: Other","L3: total_dementia","PA",254843
"female","50-54","sc_car_deaths_pa_total_dementia_ub",-0.00595,"bogota","Car",NA,"L2: Other","L3: total_dementia","PA",256059
"female","55-59","sc_car_deaths_pa_total_dementia_ub",-0.01279,"bogota","Car",NA,"L2: Other","L3: total_dementia","PA",235548
"female","60-64","sc_car_deaths_pa_total_dementia_ub",-0.02364,"bogota","Car",NA,"L2: Other","L3: total_dementia","PA",189600
"female","65-69","sc_car_deaths_pa_total_dementia_ub",-0.03785,"bogota","Car",NA,"L2: Other","L3: total_dementia","PA",141409
"male","15-19","sc_bus_deaths_pa_total_dementia_ub",0,"bogota","Bus",NA,"L2: Other","L3: total_dementia","PA",282736
"male","20-24","sc_bus_deaths_pa_total_dementia_ub",0,"bogota","Bus",NA,"L2: Other","L3: total_dementia","PA",357934
"male","25-29","sc_bus_deaths_pa_total_dementia_ub",0,"bogota","Bus",NA,"L2: Other","L3: total_dementia","PA",360031
"male","30-34","sc_bus_deaths_pa_total_dementia_ub",0,"bogota","Bus",NA,"L2: Other","L3: total_dementia","PA",321492
"male","35-39","sc_bus_deaths_pa_total_dementia_ub",0,"bogota","Bus",NA,"L2: Other","L3: total_dementia","PA",289808
"male","40-44","sc_bus_deaths_pa_total_dementia_ub",0.00006,"bogota","Bus",NA,"L2: Other","L3: total_dementia","PA",244543
"male","45-49","sc_bus_deaths_pa_total_dementia_ub",-0.00014,"bogota","Bus",NA,"L2: Other","L3: total_dementia","PA",215491
"male","50-54","sc_bus_deaths_pa_total_dementia_ub",-0.00242,"bogota","Bus",NA,"L2: Other","L3: total_dementia","PA",209137
"male","55-59","sc_bus_deaths_pa_total_dementia_ub",0.00146,"bogota","Bus",NA,"L2: Other","L3: total_dementia","PA",187551
"male","60-64","sc_bus_deaths_pa_total_dementia_ub",-0.0087,"bogota","Bus",NA,"L2: Other","L3: total_dementia","PA",146500
"male","65-69","sc_bus_deaths_pa_total_dementia_ub",0.00441,"bogota","Bus",NA,"L2: Other","L3: total_dementia","PA",105412
"female","15-19","sc_bus_deaths_pa_total_dementia_ub",0,"bogota","Bus",NA,"L2: Other","L3: total_dementia","PA",279280
"female","20-24","sc_bus_deaths_pa_total_dementia_ub",0,"bogota","Bus",NA,"L2: Other","L3: total_dementia","PA",360197
"female","25-29","sc_bus_deaths_pa_total_dementia_ub",0,"bogota","Bus",NA,"L2: Other","L3: total_dementia","PA",364423
"female","30-34","sc_bus_deaths_pa_total_dementia_ub",0,"bogota","Bus",NA,"L2: Other","L3: total_dementia","PA",330341
"female","35-39","sc_bus_deaths_pa_total_dementia_ub",0,"bogota","Bus",NA,"L2: Other","L3: total_dementia","PA",309304
"female","40-44","sc_bus_deaths_pa_total_dementia_ub",0.00013,"bogota","Bus",NA,"L2: Other","L3: total_dementia","PA",275440
"female","45-49","sc_bus_deaths_pa_total_dementia_ub",0.00039,"bogota","Bus",NA,"L2: Other","L3: total_dementia","PA",254843
"female","50-54","sc_bus_deaths_pa_total_dementia_ub",0.00195,"bogota","Bus",NA,"L2: Other","L3: total_dementia","PA",256059
"female","55-59","sc_bus_deaths_pa_total_dementia_ub",0.00721,"bogota","Bus",NA,"L2: Other","L3: total_dementia","PA",235548
"female","60-64","sc_bus_deaths_pa_total_dementia_ub",0.01301,"bogota","Bus",NA,"L2: Other","L3: total_dementia","PA",189600
"female","65-69","sc_bus_deaths_pa_total_dementia_ub",0.00917,"bogota","Bus",NA,"L2: Other","L3: total_dementia","PA",141409
"male","15-19","sc_cycle_deaths_pa_myeloma",0,"bogota","Cycling",NA,NA,"L3: myeloma","PA",282736
"male","20-24","sc_cycle_deaths_pa_myeloma",0.00028,"bogota","Cycling",NA,NA,"L3: myeloma","PA",357934
"male","25-29","sc_cycle_deaths_pa_myeloma",0.00054,"bogota","Cycling",NA,NA,"L3: myeloma","PA",360031
"male","30-34","sc_cycle_deaths_pa_myeloma",0.0022,"bogota","Cycling",NA,NA,"L3: myeloma","PA",321492
"male","35-39","sc_cycle_deaths_pa_myeloma",0.00404,"bogota","Cycling",NA,NA,"L3: myeloma","PA",289808
"male","40-44","sc_cycle_deaths_pa_myeloma",0.00768,"bogota","Cycling",NA,NA,"L3: myeloma","PA",244543
"male","45-49","sc_cycle_deaths_pa_myeloma",0.01556,"bogota","Cycling",NA,NA,"L3: myeloma","PA",215491
"male","50-54","sc_cycle_deaths_pa_myeloma",0.02923,"bogota","Cycling",NA,NA,"L3: myeloma","PA",209137
"male","55-59","sc_cycle_deaths_pa_myeloma",0.04163,"bogota","Cycling",NA,NA,"L3: myeloma","PA",187551
"male","60-64","sc_cycle_deaths_pa_myeloma",0.04856,"bogota","Cycling",NA,NA,"L3: myeloma","PA",146500
"male","65-69","sc_cycle_deaths_pa_myeloma",0.06091,"bogota","Cycling",NA,NA,"L3: myeloma","PA",105412
"female","15-19","sc_cycle_deaths_pa_myeloma",0,"bogota","Cycling",NA,NA,"L3: myeloma","PA",279280
"female","20-24","sc_cycle_deaths_pa_myeloma",0.00022,"bogota","Cycling",NA,NA,"L3: myeloma","PA",360197
"female","25-29","sc_cycle_deaths_pa_myeloma",0.00051,"bogota","Cycling",NA,NA,"L3: myeloma","PA",364423
"female","30-34","sc_cycle_deaths_pa_myeloma",0.00254,"bogota","Cycling",NA,NA,"L3: myeloma","PA",330341
"female","35-39","sc_cycle_deaths_pa_myeloma",0.00467,"bogota","Cycling",NA,NA,"L3: myeloma","PA",309304
"female","40-44","sc_cycle_deaths_pa_myeloma",0.0075,"bogota","Cycling",NA,NA,"L3: myeloma","PA",275440
"female","45-49","sc_cycle_deaths_pa_myeloma",0.01769,"bogota","Cycling",NA,NA,"L3: myeloma","PA",254843
"female","50-54","sc_cycle_deaths_pa_myeloma",0.03149,"bogota","Cycling",NA,NA,"L3: myeloma","PA",256059
"female","55-59","sc_cycle_deaths_pa_myeloma",0.05603,"bogota","Cycling",NA,NA,"L3: myeloma","PA",235548
"female","60-64","sc_cycle_deaths_pa_myeloma",0.06157,"bogota","Cycling",NA,NA,"L3: myeloma","PA",189600
"female","65-69","sc_cycle_deaths_pa_myeloma",0.08341,"bogota","Cycling",NA,NA,"L3: myeloma","PA",141409
"male","15-19","sc_car_deaths_pa_myeloma",0,"bogota","Car",NA,NA,"L3: myeloma","PA",282736
"male","20-24","sc_car_deaths_pa_myeloma",-0.0002,"bogota","Car",NA,NA,"L3: myeloma","PA",357934
"male","25-29","sc_car_deaths_pa_myeloma",-0.00028,"bogota","Car",NA,NA,"L3: myeloma","PA",360031
"male","30-34","sc_car_deaths_pa_myeloma",-0.00104,"bogota","Car",NA,NA,"L3: myeloma","PA",321492
"male","35-39","sc_car_deaths_pa_myeloma",-0.00225,"bogota","Car",NA,NA,"L3: myeloma","PA",289808
"male","40-44","sc_car_deaths_pa_myeloma",-0.0039,"bogota","Car",NA,NA,"L3: myeloma","PA",244543
"male","45-49","sc_car_deaths_pa_myeloma",-0.00788,"bogota","Car",NA,NA,"L3: myeloma","PA",215491
"male","50-54","sc_car_deaths_pa_myeloma",-0.01824,"bogota","Car",NA,NA,"L3: myeloma","PA",209137
"male","55-59","sc_car_deaths_pa_myeloma",-0.02664,"bogota","Car",NA,NA,"L3: myeloma","PA",187551
"male","60-64","sc_car_deaths_pa_myeloma",-0.02781,"bogota","Car",NA,NA,"L3: myeloma","PA",146500
"male","65-69","sc_car_deaths_pa_myeloma",-0.03402,"bogota","Car",NA,NA,"L3: myeloma","PA",105412
"female","15-19","sc_car_deaths_pa_myeloma",0,"bogota","Car",NA,NA,"L3: myeloma","PA",279280
"female","20-24","sc_car_deaths_pa_myeloma",-0.0001,"bogota","Car",NA,NA,"L3: myeloma","PA",360197
"female","25-29","sc_car_deaths_pa_myeloma",-0.00011,"bogota","Car",NA,NA,"L3: myeloma","PA",364423
"female","30-34","sc_car_deaths_pa_myeloma",-0.0009,"bogota","Car",NA,NA,"L3: myeloma","PA",330341
"female","35-39","sc_car_deaths_pa_myeloma",-0.00151,"bogota","Car",NA,NA,"L3: myeloma","PA",309304
"female","40-44","sc_car_deaths_pa_myeloma",-0.00326,"bogota","Car",NA,NA,"L3: myeloma","PA",275440
"female","45-49","sc_car_deaths_pa_myeloma",-0.00599,"bogota","Car",NA,NA,"L3: myeloma","PA",254843
"female","50-54","sc_car_deaths_pa_myeloma",-0.00847,"bogota","Car",NA,NA,"L3: myeloma","PA",256059
"female","55-59","sc_car_deaths_pa_myeloma",-0.01448,"bogota","Car",NA,NA,"L3: myeloma","PA",235548
"female","60-64","sc_car_deaths_pa_myeloma",-0.01924,"bogota","Car",NA,NA,"L3: myeloma","PA",189600
"female","65-69","sc_car_deaths_pa_myeloma",-0.01843,"bogota","Car",NA,NA,"L3: myeloma","PA",141409
"male","15-19","sc_bus_deaths_pa_myeloma",0,"bogota","Bus",NA,NA,"L3: myeloma","PA",282736
"male","20-24","sc_bus_deaths_pa_myeloma",-0.00002,"bogota","Bus",NA,NA,"L3: myeloma","PA",357934
"male","25-29","sc_bus_deaths_pa_myeloma",-0.0002,"bogota","Bus",NA,NA,"L3: myeloma","PA",360031
"male","30-34","sc_bus_deaths_pa_myeloma",-0.00011,"bogota","Bus",NA,NA,"L3: myeloma","PA",321492
"male","35-39","sc_bus_deaths_pa_myeloma",-0.00027,"bogota","Bus",NA,NA,"L3: myeloma","PA",289808
"male","40-44","sc_bus_deaths_pa_myeloma",-0.00079,"bogota","Bus",NA,NA,"L3: myeloma","PA",244543
"male","45-49","sc_bus_deaths_pa_myeloma",-0.00274,"bogota","Bus",NA,NA,"L3: myeloma","PA",215491
"male","50-54","sc_bus_deaths_pa_myeloma",-0.00849,"bogota","Bus",NA,NA,"L3: myeloma","PA",209137
"male","55-59","sc_bus_deaths_pa_myeloma",-0.00352,"bogota","Bus",NA,NA,"L3: myeloma","PA",187551
"male","60-64","sc_bus_deaths_pa_myeloma",-0.01499,"bogota","Bus",NA,NA,"L3: myeloma","PA",146500
"male","65-69","sc_bus_deaths_pa_myeloma",-0.00366,"bogota","Bus",NA,NA,"L3: myeloma","PA",105412
"female","15-19","sc_bus_deaths_pa_myeloma",0,"bogota","Bus",NA,NA,"L3: myeloma","PA",279280
"female","20-24","sc_bus_deaths_pa_myeloma",0.00001,"bogota","Bus",NA,NA,"L3: myeloma","PA",360197
"female","25-29","sc_bus_deaths_pa_myeloma",0.00004,"bogota","Bus",NA,NA,"L3: myeloma","PA",364423
"female","30-34","sc_bus_deaths_pa_myeloma",0.00001,"bogota","Bus",NA,NA,"L3: myeloma","PA",330341
"female","35-39","sc_bus_deaths_pa_myeloma",0.00006,"bogota","Bus",NA,NA,"L3: myeloma","PA",309304
"female","40-44","sc_bus_deaths_pa_myeloma",0.00005,"bogota","Bus",NA,NA,"L3: myeloma","PA",275440
"female","45-49","sc_bus_deaths_pa_myeloma",-0.00044,"bogota","Bus",NA,NA,"L3: myeloma","PA",254843
"female","50-54","sc_bus_deaths_pa_myeloma",0.00228,"bogota","Bus",NA,NA,"L3: myeloma","PA",256059
"female","55-59","sc_bus_deaths_pa_myeloma",0.00721,"bogota","Bus",NA,NA,"L3: myeloma","PA",235548
"female","60-64","sc_bus_deaths_pa_myeloma",0.00969,"bogota","Bus",NA,NA,"L3: myeloma","PA",189600
"female","65-69","sc_bus_deaths_pa_myeloma",0.00327,"bogota","Bus",NA,NA,"L3: myeloma","PA",141409
"male","15-19","sc_cycle_deaths_pa_myeloma_lb",0,"bogota","Cycling",NA,NA,"L3: myeloma","PA",282736
"male","20-24","sc_cycle_deaths_pa_myeloma_lb",0.00051,"bogota","Cycling",NA,NA,"L3: myeloma","PA",357934
"male","25-29","sc_cycle_deaths_pa_myeloma_lb",0.00099,"bogota","Cycling",NA,NA,"L3: myeloma","PA",360031
"male","30-34","sc_cycle_deaths_pa_myeloma_lb",0.00372,"bogota","Cycling",NA,NA,"L3: myeloma","PA",321492
"male","35-39","sc_cycle_deaths_pa_myeloma_lb",0.00686,"bogota","Cycling",NA,NA,"L3: myeloma","PA",289808
"male","40-44","sc_cycle_deaths_pa_myeloma_lb",0.01306,"bogota","Cycling",NA,NA,"L3: myeloma","PA",244543
"male","45-49","sc_cycle_deaths_pa_myeloma_lb",0.02644,"bogota","Cycling",NA,NA,"L3: myeloma","PA",215491
"male","50-54","sc_cycle_deaths_pa_myeloma_lb",0.04921,"bogota","Cycling",NA,NA,"L3: myeloma","PA",209137
"male","55-59","sc_cycle_deaths_pa_myeloma_lb",0.07123,"bogota","Cycling",NA,NA,"L3: myeloma","PA",187551
"male","60-64","sc_cycle_deaths_pa_myeloma_lb",0.08231,"bogota","Cycling",NA,NA,"L3: myeloma","PA",146500
"male","65-69","sc_cycle_deaths_pa_myeloma_lb",0.10269,"bogota","Cycling",NA,NA,"L3: myeloma","PA",105412
"female","15-19","sc_cycle_deaths_pa_myeloma_lb",0,"bogota","Cycling",NA,NA,"L3: myeloma","PA",279280
"female","20-24","sc_cycle_deaths_pa_myeloma_lb",0.00041,"bogota","Cycling",NA,NA,"L3: myeloma","PA",360197
"female","25-29","sc_cycle_deaths_pa_myeloma_lb",0.00093,"bogota","Cycling",NA,NA,"L3: myeloma","PA",364423
"female","30-34","sc_cycle_deaths_pa_myeloma_lb",0.00427,"bogota","Cycling",NA,NA,"L3: myeloma","PA",330341
"female","35-39","sc_cycle_deaths_pa_myeloma_lb",0.00788,"bogota","Cycling",NA,NA,"L3: myeloma","PA",309304
"female","40-44","sc_cycle_deaths_pa_myeloma_lb",0.01258,"bogota","Cycling",NA,NA,"L3: myeloma","PA",275440
"female","45-49","sc_cycle_deaths_pa_myeloma_lb",0.02981,"bogota","Cycling",NA,NA,"L3: myeloma","PA",254843
"female","50-54","sc_cycle_deaths_pa_myeloma_lb",0.05291,"bogota","Cycling",NA,NA,"L3: myeloma","PA",256059
"female","55-59","sc_cycle_deaths_pa_myeloma_lb",0.09404,"bogota","Cycling",NA,NA,"L3: myeloma","PA",235548
"female","60-64","sc_cycle_deaths_pa_myeloma_lb",0.10194,"bogota","Cycling",NA,NA,"L3: myeloma","PA",189600
"female","65-69","sc_cycle_deaths_pa_myeloma_lb",0.139,"bogota","Cycling",NA,NA,"L3: myeloma","PA",141409
"male","15-19","sc_car_deaths_pa_myeloma_lb",0,"bogota","Car",NA,NA,"L3: myeloma","PA",282736
"male","20-24","sc_car_deaths_pa_myeloma_lb",-0.00037,"bogota","Car",NA,NA,"L3: myeloma","PA",357934
"male","25-29","sc_car_deaths_pa_myeloma_lb",-0.00052,"bogota","Car",NA,NA,"L3: myeloma","PA",360031
"male","30-34","sc_car_deaths_pa_myeloma_lb",-0.00179,"bogota","Car",NA,NA,"L3: myeloma","PA",321492
"male","35-39","sc_car_deaths_pa_myeloma_lb",-0.00386,"bogota","Car",NA,NA,"L3: myeloma","PA",289808
"male","40-44","sc_car_deaths_pa_myeloma_lb",-0.00675,"bogota","Car",NA,NA,"L3: myeloma","PA",244543
"male","45-49","sc_car_deaths_pa_myeloma_lb",-0.01348,"bogota","Car",NA,NA,"L3: myeloma","PA",215491
"male","50-54","sc_car_deaths_pa_myeloma_lb",-0.03106,"bogota","Car",NA,NA,"L3: myeloma","PA",209137
"male","55-59","sc_car_deaths_pa_myeloma_lb",-0.04568,"bogota","Car",NA,NA,"L3: myeloma","PA",187551
"male","60-64","sc_car_deaths_pa_myeloma_lb",-0.04824,"bogota","Car",NA,NA,"L3: myeloma","PA",146500
"male","65-69","sc_car_deaths_pa_myeloma_lb",-0.05759,"bogota","Car",NA,NA,"L3: myeloma","PA",105412
"female","15-19","sc_car_deaths_pa_myeloma_lb",0,"bogota","Car",NA,NA,"L3: myeloma","PA",279280
"female","20-24","sc_car_deaths_pa_myeloma_lb",-0.00018,"bogota","Car",NA,NA,"L3: myeloma","PA",360197
"female","25-29","sc_car_deaths_pa_myeloma_lb",-0.00022,"bogota","Car",NA,NA,"L3: myeloma","PA",364423
"female","30-34","sc_car_deaths_pa_myeloma_lb",-0.00156,"bogota","Car",NA,NA,"L3: myeloma","PA",330341
"female","35-39","sc_car_deaths_pa_myeloma_lb",-0.00263,"bogota","Car",NA,NA,"L3: myeloma","PA",309304
"female","40-44","sc_car_deaths_pa_myeloma_lb",-0.00565,"bogota","Car",NA,NA,"L3: myeloma","PA",275440
"female","45-49","sc_car_deaths_pa_myeloma_lb",-0.01046,"bogota","Car",NA,NA,"L3: myeloma","PA",254843
"female","50-54","sc_car_deaths_pa_myeloma_lb",-0.01471,"bogota","Car",NA,NA,"L3: myeloma","PA",256059
"female","55-59","sc_car_deaths_pa_myeloma_lb",-0.02524,"bogota","Car",NA,NA,"L3: myeloma","PA",235548
"female","60-64","sc_car_deaths_pa_myeloma_lb",-0.03307,"bogota","Car",NA,NA,"L3: myeloma","PA",189600
"female","65-69","sc_car_deaths_pa_myeloma_lb",-0.03183,"bogota","Car",NA,NA,"L3: myeloma","PA",141409
"male","15-19","sc_bus_deaths_pa_myeloma_lb",0,"bogota","Bus",NA,NA,"L3: myeloma","PA",282736
"male","20-24","sc_bus_deaths_pa_myeloma_lb",-0.00002,"bogota","Bus",NA,NA,"L3: myeloma","PA",357934
"male","25-29","sc_bus_deaths_pa_myeloma_lb",-0.00035,"bogota","Bus",NA,NA,"L3: myeloma","PA",360031
"male","30-34","sc_bus_deaths_pa_myeloma_lb",-0.00011,"bogota","Bus",NA,NA,"L3: myeloma","PA",321492
"male","35-39","sc_bus_deaths_pa_myeloma_lb",-0.00032,"bogota","Bus",NA,NA,"L3: myeloma","PA",289808
"male","40-44","sc_bus_deaths_pa_myeloma_lb",-0.00104,"bogota","Bus",NA,NA,"L3: myeloma","PA",244543
"male","45-49","sc_bus_deaths_pa_myeloma_lb",-0.00399,"bogota","Bus",NA,NA,"L3: myeloma","PA",215491
"male","50-54","sc_bus_deaths_pa_myeloma_lb",-0.01363,"bogota","Bus",NA,NA,"L3: myeloma","PA",209137
"male","55-59","sc_bus_deaths_pa_myeloma_lb",-0.00454,"bogota","Bus",NA,NA,"L3: myeloma","PA",187551
"male","60-64","sc_bus_deaths_pa_myeloma_lb",-0.02433,"bogota","Bus",NA,NA,"L3: myeloma","PA",146500
"male","65-69","sc_bus_deaths_pa_myeloma_lb",-0.00441,"bogota","Bus",NA,NA,"L3: myeloma","PA",105412
"female","15-19","sc_bus_deaths_pa_myeloma_lb",0,"bogota","Bus",NA,NA,"L3: myeloma","PA",279280
"female","20-24","sc_bus_deaths_pa_myeloma_lb",0.00002,"bogota","Bus",NA,NA,"L3: myeloma","PA",360197
"female","25-29","sc_bus_deaths_pa_myeloma_lb",0.00008,"bogota","Bus",NA,NA,"L3: myeloma","PA",364423
"female","30-34","sc_bus_deaths_pa_myeloma_lb",0.00005,"bogota","Bus",NA,NA,"L3: myeloma","PA",330341
"female","35-39","sc_bus_deaths_pa_myeloma_lb",0.00018,"bogota","Bus",NA,NA,"L3: myeloma","PA",309304
"female","40-44","sc_bus_deaths_pa_myeloma_lb",0.00023,"bogota","Bus",NA,NA,"L3: myeloma","PA",275440
"female","45-49","sc_bus_deaths_pa_myeloma_lb",-0.00047,"bogota","Bus",NA,NA,"L3: myeloma","PA",254843
"female","50-54","sc_bus_deaths_pa_myeloma_lb",0.00417,"bogota","Bus",NA,NA,"L3: myeloma","PA",256059
"female","55-59","sc_bus_deaths_pa_myeloma_lb",0.01278,"bogota","Bus",NA,NA,"L3: myeloma","PA",235548
"female","60-64","sc_bus_deaths_pa_myeloma_lb",0.01696,"bogota","Bus",NA,NA,"L3: myeloma","PA",189600
"female","65-69","sc_bus_deaths_pa_myeloma_lb",0.00602,"bogota","Bus",NA,NA,"L3: myeloma","PA",141409
"male","15-19","sc_cycle_deaths_pa_myeloma_ub",0,"bogota","Cycling",NA,NA,"L3: myeloma","PA",282736
"male","20-24","sc_cycle_deaths_pa_myeloma_ub",0.00007,"bogota","Cycling",NA,NA,"L3: myeloma","PA",357934
"male","25-29","sc_cycle_deaths_pa_myeloma_ub",0.00015,"bogota","Cycling",NA,NA,"L3: myeloma","PA",360031
"male","30-34","sc_cycle_deaths_pa_myeloma_ub",0.00063,"bogota","Cycling",NA,NA,"L3: myeloma","PA",321492
"male","35-39","sc_cycle_deaths_pa_myeloma_ub",0.00115,"bogota","Cycling",NA,NA,"L3: myeloma","PA",289808
"male","40-44","sc_cycle_deaths_pa_myeloma_ub",0.00211,"bogota","Cycling",NA,NA,"L3: myeloma","PA",244543
"male","45-49","sc_cycle_deaths_pa_myeloma_ub",0.00432,"bogota","Cycling",NA,NA,"L3: myeloma","PA",215491
"male","50-54","sc_cycle_deaths_pa_myeloma_ub",0.00821,"bogota","Cycling",NA,NA,"L3: myeloma","PA",209137
"male","55-59","sc_cycle_deaths_pa_myeloma_ub",0.01132,"bogota","Cycling",NA,NA,"L3: myeloma","PA",187551
"male","60-64","sc_cycle_deaths_pa_myeloma_ub",0.01357,"bogota","Cycling",NA,NA,"L3: myeloma","PA",146500
"male","65-69","sc_cycle_deaths_pa_myeloma_ub",0.01687,"bogota","Cycling",NA,NA,"L3: myeloma","PA",105412
"female","15-19","sc_cycle_deaths_pa_myeloma_ub",0,"bogota","Cycling",NA,NA,"L3: myeloma","PA",279280
"female","20-24","sc_cycle_deaths_pa_myeloma_ub",0.00006,"bogota","Cycling",NA,NA,"L3: myeloma","PA",360197
"female","25-29","sc_cycle_deaths_pa_myeloma_ub",0.00012,"bogota","Cycling",NA,NA,"L3: myeloma","PA",364423
"female","30-34","sc_cycle_deaths_pa_myeloma_ub",0.0007,"bogota","Cycling",NA,NA,"L3: myeloma","PA",330341
"female","35-39","sc_cycle_deaths_pa_myeloma_ub",0.00131,"bogota","Cycling",NA,NA,"L3: myeloma","PA",309304
"female","40-44","sc_cycle_deaths_pa_myeloma_ub",0.00209,"bogota","Cycling",NA,NA,"L3: myeloma","PA",275440
"female","45-49","sc_cycle_deaths_pa_myeloma_ub",0.00489,"bogota","Cycling",NA,NA,"L3: myeloma","PA",254843
"female","50-54","sc_cycle_deaths_pa_myeloma_ub",0.00883,"bogota","Cycling",NA,NA,"L3: myeloma","PA",256059
"female","55-59","sc_cycle_deaths_pa_myeloma_ub",0.0156,"bogota","Cycling",NA,NA,"L3: myeloma","PA",235548
"female","60-64","sc_cycle_deaths_pa_myeloma_ub",0.01762,"bogota","Cycling",NA,NA,"L3: myeloma","PA",189600
"female","65-69","sc_cycle_deaths_pa_myeloma_ub",0.02369,"bogota","Cycling",NA,NA,"L3: myeloma","PA",141409
"male","15-19","sc_car_deaths_pa_myeloma_ub",0,"bogota","Car",NA,NA,"L3: myeloma","PA",282736
"male","20-24","sc_car_deaths_pa_myeloma_ub",-0.00005,"bogota","Car",NA,NA,"L3: myeloma","PA",357934
"male","25-29","sc_car_deaths_pa_myeloma_ub",-0.00007,"bogota","Car",NA,NA,"L3: myeloma","PA",360031
"male","30-34","sc_car_deaths_pa_myeloma_ub",-0.0003,"bogota","Car",NA,NA,"L3: myeloma","PA",321492
"male","35-39","sc_car_deaths_pa_myeloma_ub",-0.00064,"bogota","Car",NA,NA,"L3: myeloma","PA",289808
"male","40-44","sc_car_deaths_pa_myeloma_ub",-0.00108,"bogota","Car",NA,NA,"L3: myeloma","PA",244543
"male","45-49","sc_car_deaths_pa_myeloma_ub",-0.00219,"bogota","Car",NA,NA,"L3: myeloma","PA",215491
"male","50-54","sc_car_deaths_pa_myeloma_ub",-0.00519,"bogota","Car",NA,NA,"L3: myeloma","PA",209137
"male","55-59","sc_car_deaths_pa_myeloma_ub",-0.00731,"bogota","Car",NA,NA,"L3: myeloma","PA",187551
"male","60-64","sc_car_deaths_pa_myeloma_ub",-0.00757,"bogota","Car",NA,NA,"L3: myeloma","PA",146500
"male","65-69","sc_car_deaths_pa_myeloma_ub",-0.00974,"bogota","Car",NA,NA,"L3: myeloma","PA",105412
"female","15-19","sc_car_deaths_pa_myeloma_ub",0,"bogota","Car",NA,NA,"L3: myeloma","PA",279280
"female","20-24","sc_car_deaths_pa_myeloma_ub",-0.00002,"bogota","Car",NA,NA,"L3: myeloma","PA",360197
"female","25-29","sc_car_deaths_pa_myeloma_ub",-0.00002,"bogota","Car",NA,NA,"L3: myeloma","PA",364423
"female","30-34","sc_car_deaths_pa_myeloma_ub",-0.00025,"bogota","Car",NA,NA,"L3: myeloma","PA",330341
"female","35-39","sc_car_deaths_pa_myeloma_ub",-0.00042,"bogota","Car",NA,NA,"L3: myeloma","PA",309304
"female","40-44","sc_car_deaths_pa_myeloma_ub",-0.00091,"bogota","Car",NA,NA,"L3: myeloma","PA",275440
"female","45-49","sc_car_deaths_pa_myeloma_ub",-0.00166,"bogota","Car",NA,NA,"L3: myeloma","PA",254843
"female","50-54","sc_car_deaths_pa_myeloma_ub",-0.00235,"bogota","Car",NA,NA,"L3: myeloma","PA",256059
"female","55-59","sc_car_deaths_pa_myeloma_ub",-0.00404,"bogota","Car",NA,NA,"L3: myeloma","PA",235548
"female","60-64","sc_car_deaths_pa_myeloma_ub",-0.00556,"bogota","Car",NA,NA,"L3: myeloma","PA",189600
"female","65-69","sc_car_deaths_pa_myeloma_ub",-0.00513,"bogota","Car",NA,NA,"L3: myeloma","PA",141409
"male","15-19","sc_bus_deaths_pa_myeloma_ub",0,"bogota","Bus",NA,NA,"L3: myeloma","PA",282736
"male","20-24","sc_bus_deaths_pa_myeloma_ub",-0.00001,"bogota","Bus",NA,NA,"L3: myeloma","PA",357934
"male","25-29","sc_bus_deaths_pa_myeloma_ub",-0.00006,"bogota","Bus",NA,NA,"L3: myeloma","PA",360031
"male","30-34","sc_bus_deaths_pa_myeloma_ub",-0.00004,"bogota","Bus",NA,NA,"L3: myeloma","PA",321492
"male","35-39","sc_bus_deaths_pa_myeloma_ub",-0.00008,"bogota","Bus",NA,NA,"L3: myeloma","PA",289808
"male","40-44","sc_bus_deaths_pa_myeloma_ub",-0.00024,"bogota","Bus",NA,NA,"L3: myeloma","PA",244543
"male","45-49","sc_bus_deaths_pa_myeloma_ub",-0.00084,"bogota","Bus",NA,NA,"L3: myeloma","PA",215491
"male","50-54","sc_bus_deaths_pa_myeloma_ub",-0.00246,"bogota","Bus",NA,NA,"L3: myeloma","PA",209137
"male","55-59","sc_bus_deaths_pa_myeloma_ub",-0.00101,"bogota","Bus",NA,NA,"L3: myeloma","PA",187551
"male","60-64","sc_bus_deaths_pa_myeloma_ub",-0.00418,"bogota","Bus",NA,NA,"L3: myeloma","PA",146500
"male","65-69","sc_bus_deaths_pa_myeloma_ub",-0.00122,"bogota","Bus",NA,NA,"L3: myeloma","PA",105412
"female","15-19","sc_bus_deaths_pa_myeloma_ub",0,"bogota","Bus",NA,NA,"L3: myeloma","PA",279280
"female","20-24","sc_bus_deaths_pa_myeloma_ub",0,"bogota","Bus",NA,NA,"L3: myeloma","PA",360197
"female","25-29","sc_bus_deaths_pa_myeloma_ub",0.00001,"bogota","Bus",NA,NA,"L3: myeloma","PA",364423
"female","30-34","sc_bus_deaths_pa_myeloma_ub",0,"bogota","Bus",NA,NA,"L3: myeloma","PA",330341
"female","35-39","sc_bus_deaths_pa_myeloma_ub",0.00002,"bogota","Bus",NA,NA,"L3: myeloma","PA",309304
"female","40-44","sc_bus_deaths_pa_myeloma_ub",0.00001,"bogota","Bus",NA,NA,"L3: myeloma","PA",275440
"female","45-49","sc_bus_deaths_pa_myeloma_ub",-0.00013,"bogota","Bus",NA,NA,"L3: myeloma","PA",254843
"female","50-54","sc_bus_deaths_pa_myeloma_ub",0.00059,"bogota","Bus",NA,NA,"L3: myeloma","PA",256059
"female","55-59","sc_bus_deaths_pa_myeloma_ub",0.00206,"bogota","Bus",NA,NA,"L3: myeloma","PA",235548
"female","60-64","sc_bus_deaths_pa_myeloma_ub",0.00279,"bogota","Bus",NA,NA,"L3: myeloma","PA",189600
"female","65-69","sc_bus_deaths_pa_myeloma_ub",0.00091,"bogota","Bus",NA,NA,"L3: myeloma","PA",141409
"male","15-19","sc_cycle_deaths_pa_Parkinson",0,"bogota","Cycling",NA,"L2: Other","L3: Parkinson","PA",282736
"male","20-24","sc_cycle_deaths_pa_Parkinson",0.00003,"bogota","Cycling",NA,"L2: Other","L3: Parkinson","PA",357934
"male","25-29","sc_cycle_deaths_pa_Parkinson",0.00005,"bogota","Cycling",NA,"L2: Other","L3: Parkinson","PA",360031
"male","30-34","sc_cycle_deaths_pa_Parkinson",0.00008,"bogota","Cycling",NA,"L2: Other","L3: Parkinson","PA",321492
"male","35-39","sc_cycle_deaths_pa_Parkinson",0.00026,"bogota","Cycling",NA,"L2: Other","L3: Parkinson","PA",289808
"male","40-44","sc_cycle_deaths_pa_Parkinson",0.00146,"bogota","Cycling",NA,"L2: Other","L3: Parkinson","PA",244543
"male","45-49","sc_cycle_deaths_pa_Parkinson",0.00361,"bogota","Cycling",NA,"L2: Other","L3: Parkinson","PA",215491
"male","50-54","sc_cycle_deaths_pa_Parkinson",0.00657,"bogota","Cycling",NA,"L2: Other","L3: Parkinson","PA",209137
"male","55-59","sc_cycle_deaths_pa_Parkinson",0.01117,"bogota","Cycling",NA,"L2: Other","L3: Parkinson","PA",187551
"male","60-64","sc_cycle_deaths_pa_Parkinson",0.02044,"bogota","Cycling",NA,"L2: Other","L3: Parkinson","PA",146500
"male","65-69","sc_cycle_deaths_pa_Parkinson",0.05227,"bogota","Cycling",NA,"L2: Other","L3: Parkinson","PA",105412
"female","15-19","sc_cycle_deaths_pa_Parkinson",0,"bogota","Cycling",NA,"L2: Other","L3: Parkinson","PA",279280
"female","20-24","sc_cycle_deaths_pa_Parkinson",0.00001,"bogota","Cycling",NA,"L2: Other","L3: Parkinson","PA",360197
"female","25-29","sc_cycle_deaths_pa_Parkinson",0.00002,"bogota","Cycling",NA,"L2: Other","L3: Parkinson","PA",364423
"female","30-34","sc_cycle_deaths_pa_Parkinson",0.00001,"bogota","Cycling",NA,"L2: Other","L3: Parkinson","PA",330341
"female","35-39","sc_cycle_deaths_pa_Parkinson",0.00003,"bogota","Cycling",NA,"L2: Other","L3: Parkinson","PA",309304
"female","40-44","sc_cycle_deaths_pa_Parkinson",0.00067,"bogota","Cycling",NA,"L2: Other","L3: Parkinson","PA",275440
"female","45-49","sc_cycle_deaths_pa_Parkinson",0.0025,"bogota","Cycling",NA,"L2: Other","L3: Parkinson","PA",254843
"female","50-54","sc_cycle_deaths_pa_Parkinson",0.00471,"bogota","Cycling",NA,"L2: Other","L3: Parkinson","PA",256059
"female","55-59","sc_cycle_deaths_pa_Parkinson",0.00979,"bogota","Cycling",NA,"L2: Other","L3: Parkinson","PA",235548
"female","60-64","sc_cycle_deaths_pa_Parkinson",0.01709,"bogota","Cycling",NA,"L2: Other","L3: Parkinson","PA",189600
"female","65-69","sc_cycle_deaths_pa_Parkinson",0.0457,"bogota","Cycling",NA,"L2: Other","L3: Parkinson","PA",141409
"male","15-19","sc_car_deaths_pa_Parkinson",0,"bogota","Car",NA,"L2: Other","L3: Parkinson","PA",282736
"male","20-24","sc_car_deaths_pa_Parkinson",-0.00002,"bogota","Car",NA,"L2: Other","L3: Parkinson","PA",357934
"male","25-29","sc_car_deaths_pa_Parkinson",-0.00003,"bogota","Car",NA,"L2: Other","L3: Parkinson","PA",360031
"male","30-34","sc_car_deaths_pa_Parkinson",-0.00003,"bogota","Car",NA,"L2: Other","L3: Parkinson","PA",321492
"male","35-39","sc_car_deaths_pa_Parkinson",-0.00014,"bogota","Car",NA,"L2: Other","L3: Parkinson","PA",289808
"male","40-44","sc_car_deaths_pa_Parkinson",-0.00069,"bogota","Car",NA,"L2: Other","L3: Parkinson","PA",244543
"male","45-49","sc_car_deaths_pa_Parkinson",-0.00179,"bogota","Car",NA,"L2: Other","L3: Parkinson","PA",215491
"male","50-54","sc_car_deaths_pa_Parkinson",-0.0038,"bogota","Car",NA,"L2: Other","L3: Parkinson","PA",209137
"male","55-59","sc_car_deaths_pa_Parkinson",-0.00701,"bogota","Car",NA,"L2: Other","L3: Parkinson","PA",187551
"male","60-64","sc_car_deaths_pa_Parkinson",-0.01171,"bogota","Car",NA,"L2: Other","L3: Parkinson","PA",146500
"male","65-69","sc_car_deaths_pa_Parkinson",-0.02656,"bogota","Car",NA,"L2: Other","L3: Parkinson","PA",105412
"female","15-19","sc_car_deaths_pa_Parkinson",0,"bogota","Car",NA,"L2: Other","L3: Parkinson","PA",279280
"female","20-24","sc_car_deaths_pa_Parkinson",-0.00001,"bogota","Car",NA,"L2: Other","L3: Parkinson","PA",360197
"female","25-29","sc_car_deaths_pa_Parkinson",-0.00001,"bogota","Car",NA,"L2: Other","L3: Parkinson","PA",364423
"female","30-34","sc_car_deaths_pa_Parkinson",0,"bogota","Car",NA,"L2: Other","L3: Parkinson","PA",330341
"female","35-39","sc_car_deaths_pa_Parkinson",-0.00001,"bogota","Car",NA,"L2: Other","L3: Parkinson","PA",309304
"female","40-44","sc_car_deaths_pa_Parkinson",-0.00026,"bogota","Car",NA,"L2: Other","L3: Parkinson","PA",275440
"female","45-49","sc_car_deaths_pa_Parkinson",-0.00076,"bogota","Car",NA,"L2: Other","L3: Parkinson","PA",254843
"female","50-54","sc_car_deaths_pa_Parkinson",-0.00118,"bogota","Car",NA,"L2: Other","L3: Parkinson","PA",256059
"female","55-59","sc_car_deaths_pa_Parkinson",-0.00226,"bogota","Car",NA,"L2: Other","L3: Parkinson","PA",235548
"female","60-64","sc_car_deaths_pa_Parkinson",-0.00461,"bogota","Car",NA,"L2: Other","L3: Parkinson","PA",189600
"female","65-69","sc_car_deaths_pa_Parkinson",-0.00965,"bogota","Car",NA,"L2: Other","L3: Parkinson","PA",141409
"male","15-19","sc_bus_deaths_pa_Parkinson",0,"bogota","Bus",NA,"L2: Other","L3: Parkinson","PA",282736
"male","20-24","sc_bus_deaths_pa_Parkinson",0,"bogota","Bus",NA,"L2: Other","L3: Parkinson","PA",357934
"male","25-29","sc_bus_deaths_pa_Parkinson",-0.00002,"bogota","Bus",NA,"L2: Other","L3: Parkinson","PA",360031
"male","30-34","sc_bus_deaths_pa_Parkinson",-0.00001,"bogota","Bus",NA,"L2: Other","L3: Parkinson","PA",321492
"male","35-39","sc_bus_deaths_pa_Parkinson",-0.00003,"bogota","Bus",NA,"L2: Other","L3: Parkinson","PA",289808
"male","40-44","sc_bus_deaths_pa_Parkinson",-0.0002,"bogota","Bus",NA,"L2: Other","L3: Parkinson","PA",244543
"male","45-49","sc_bus_deaths_pa_Parkinson",-0.00074,"bogota","Bus",NA,"L2: Other","L3: Parkinson","PA",215491
"male","50-54","sc_bus_deaths_pa_Parkinson",-0.00201,"bogota","Bus",NA,"L2: Other","L3: Parkinson","PA",209137
"male","55-59","sc_bus_deaths_pa_Parkinson",-0.0015,"bogota","Bus",NA,"L2: Other","L3: Parkinson","PA",187551
"male","60-64","sc_bus_deaths_pa_Parkinson",-0.00714,"bogota","Bus",NA,"L2: Other","L3: Parkinson","PA",146500
"male","65-69","sc_bus_deaths_pa_Parkinson",-0.00417,"bogota","Bus",NA,"L2: Other","L3: Parkinson","PA",105412
"female","15-19","sc_bus_deaths_pa_Parkinson",0,"bogota","Bus",NA,"L2: Other","L3: Parkinson","PA",279280
"female","20-24","sc_bus_deaths_pa_Parkinson",0,"bogota","Bus",NA,"L2: Other","L3: Parkinson","PA",360197
"female","25-29","sc_bus_deaths_pa_Parkinson",0,"bogota","Bus",NA,"L2: Other","L3: Parkinson","PA",364423
"female","30-34","sc_bus_deaths_pa_Parkinson",0,"bogota","Bus",NA,"L2: Other","L3: Parkinson","PA",330341
"female","35-39","sc_bus_deaths_pa_Parkinson",0,"bogota","Bus",NA,"L2: Other","L3: Parkinson","PA",309304
"female","40-44","sc_bus_deaths_pa_Parkinson",-0.00001,"bogota","Bus",NA,"L2: Other","L3: Parkinson","PA",275440
"female","45-49","sc_bus_deaths_pa_Parkinson",-0.00012,"bogota","Bus",NA,"L2: Other","L3: Parkinson","PA",254843
"female","50-54","sc_bus_deaths_pa_Parkinson",0.00032,"bogota","Bus",NA,"L2: Other","L3: Parkinson","PA",256059
"female","55-59","sc_bus_deaths_pa_Parkinson",0.00099,"bogota","Bus",NA,"L2: Other","L3: Parkinson","PA",235548
"female","60-64","sc_bus_deaths_pa_Parkinson",0.00223,"bogota","Bus",NA,"L2: Other","L3: Parkinson","PA",189600
"female","65-69","sc_bus_deaths_pa_Parkinson",0.00136,"bogota","Bus",NA,"L2: Other","L3: Parkinson","PA",141409
"male","15-19","sc_cycle_deaths_pa_Parkinson_lb",0,"bogota","Cycling",NA,"L2: Other","L3: Parkinson","PA",282736
"male","20-24","sc_cycle_deaths_pa_Parkinson_lb",0.00005,"bogota","Cycling",NA,"L2: Other","L3: Parkinson","PA",357934
"male","25-29","sc_cycle_deaths_pa_Parkinson_lb",0.00011,"bogota","Cycling",NA,"L2: Other","L3: Parkinson","PA",360031
"male","30-34","sc_cycle_deaths_pa_Parkinson_lb",0.00014,"bogota","Cycling",NA,"L2: Other","L3: Parkinson","PA",321492
"male","35-39","sc_cycle_deaths_pa_Parkinson_lb",0.00049,"bogota","Cycling",NA,"L2: Other","L3: Parkinson","PA",289808
"male","40-44","sc_cycle_deaths_pa_Parkinson_lb",0.00262,"bogota","Cycling",NA,"L2: Other","L3: Parkinson","PA",244543
"male","45-49","sc_cycle_deaths_pa_Parkinson_lb",0.00661,"bogota","Cycling",NA,"L2: Other","L3: Parkinson","PA",215491
"male","50-54","sc_cycle_deaths_pa_Parkinson_lb",0.01177,"bogota","Cycling",NA,"L2: Other","L3: Parkinson","PA",209137
"male","55-59","sc_cycle_deaths_pa_Parkinson_lb",0.02043,"bogota","Cycling",NA,"L2: Other","L3: Parkinson","PA",187551
"male","60-64","sc_cycle_deaths_pa_Parkinson_lb",0.03771,"bogota","Cycling",NA,"L2: Other","L3: Parkinson","PA",146500
"male","65-69","sc_cycle_deaths_pa_Parkinson_lb",0.09428,"bogota","Cycling",NA,"L2: Other","L3: Parkinson","PA",105412
"female","15-19","sc_cycle_deaths_pa_Parkinson_lb",0,"bogota","Cycling",NA,"L2: Other","L3: Parkinson","PA",279280
"female","20-24","sc_cycle_deaths_pa_Parkinson_lb",0.00003,"bogota","Cycling",NA,"L2: Other","L3: Parkinson","PA",360197
"female","25-29","sc_cycle_deaths_pa_Parkinson_lb",0.00004,"bogota","Cycling",NA,"L2: Other","L3: Parkinson","PA",364423
"female","30-34","sc_cycle_deaths_pa_Parkinson_lb",0.00001,"bogota","Cycling",NA,"L2: Other","L3: Parkinson","PA",330341
"female","35-39","sc_cycle_deaths_pa_Parkinson_lb",0.00005,"bogota","Cycling",NA,"L2: Other","L3: Parkinson","PA",309304
"female","40-44","sc_cycle_deaths_pa_Parkinson_lb",0.00117,"bogota","Cycling",NA,"L2: Other","L3: Parkinson","PA",275440
"female","45-49","sc_cycle_deaths_pa_Parkinson_lb",0.00442,"bogota","Cycling",NA,"L2: Other","L3: Parkinson","PA",254843
"female","50-54","sc_cycle_deaths_pa_Parkinson_lb",0.00869,"bogota","Cycling",NA,"L2: Other","L3: Parkinson","PA",256059
"female","55-59","sc_cycle_deaths_pa_Parkinson_lb",0.01747,"bogota","Cycling",NA,"L2: Other","L3: Parkinson","PA",235548
"female","60-64","sc_cycle_deaths_pa_Parkinson_lb",0.03012,"bogota","Cycling",NA,"L2: Other","L3: Parkinson","PA",189600
"female","65-69","sc_cycle_deaths_pa_Parkinson_lb",0.08193,"bogota","Cycling",NA,"L2: Other","L3: Parkinson","PA",141409
"male","15-19","sc_car_deaths_pa_Parkinson_lb",0,"bogota","Car",NA,"L2: Other","L3: Parkinson","PA",282736
"male","20-24","sc_car_deaths_pa_Parkinson_lb",-0.00004,"bogota","Car",NA,"L2: Other","L3: Parkinson","PA",357934
"male","25-29","sc_car_deaths_pa_Parkinson_lb",-0.00006,"bogota","Car",NA,"L2: Other","L3: Parkinson","PA",360031
"male","30-34","sc_car_deaths_pa_Parkinson_lb",-0.00007,"bogota","Car",NA,"L2: Other","L3: Parkinson","PA",321492
"male","35-39","sc_car_deaths_pa_Parkinson_lb",-0.00027,"bogota","Car",NA,"L2: Other","L3: Parkinson","PA",289808
"male","40-44","sc_car_deaths_pa_Parkinson_lb",-0.00135,"bogota","Car",NA,"L2: Other","L3: Parkinson","PA",244543
"male","45-49","sc_car_deaths_pa_Parkinson_lb",-0.00336,"bogota","Car",NA,"L2: Other","L3: Parkinson","PA",215491
"male","50-54","sc_car_deaths_pa_Parkinson_lb",-0.00735,"bogota","Car",NA,"L2: Other","L3: Parkinson","PA",209137
"male","55-59","sc_car_deaths_pa_Parkinson_lb",-0.01298,"bogota","Car",NA,"L2: Other","L3: Parkinson","PA",187551
"male","60-64","sc_car_deaths_pa_Parkinson_lb",-0.02259,"bogota","Car",NA,"L2: Other","L3: Parkinson","PA",146500
"male","65-69","sc_car_deaths_pa_Parkinson_lb",-0.05131,"bogota","Car",NA,"L2: Other","L3: Parkinson","PA",105412
"female","15-19","sc_car_deaths_pa_Parkinson_lb",0,"bogota","Car",NA,"L2: Other","L3: Parkinson","PA",279280
"female","20-24","sc_car_deaths_pa_Parkinson_lb",-0.00001,"bogota","Car",NA,"L2: Other","L3: Parkinson","PA",360197
"female","25-29","sc_car_deaths_pa_Parkinson_lb",-0.00001,"bogota","Car",NA,"L2: Other","L3: Parkinson","PA",364423
"female","30-34","sc_car_deaths_pa_Parkinson_lb",0,"bogota","Car",NA,"L2: Other","L3: Parkinson","PA",330341
"female","35-39","sc_car_deaths_pa_Parkinson_lb",-0.00002,"bogota","Car",NA,"L2: Other","L3: Parkinson","PA",309304
"female","40-44","sc_car_deaths_pa_Parkinson_lb",-0.00053,"bogota","Car",NA,"L2: Other","L3: Parkinson","PA",275440
"female","45-49","sc_car_deaths_pa_Parkinson_lb",-0.00155,"bogota","Car",NA,"L2: Other","L3: Parkinson","PA",254843
"female","50-54","sc_car_deaths_pa_Parkinson_lb",-0.00244,"bogota","Car",NA,"L2: Other","L3: Parkinson","PA",256059
"female","55-59","sc_car_deaths_pa_Parkinson_lb",-0.00469,"bogota","Car",NA,"L2: Other","L3: Parkinson","PA",235548
"female","60-64","sc_car_deaths_pa_Parkinson_lb",-0.00973,"bogota","Car",NA,"L2: Other","L3: Parkinson","PA",189600
"female","65-69","sc_car_deaths_pa_Parkinson_lb",-0.01912,"bogota","Car",NA,"L2: Other","L3: Parkinson","PA",141409
"male","15-19","sc_bus_deaths_pa_Parkinson_lb",0,"bogota","Bus",NA,"L2: Other","L3: Parkinson","PA",282736
"male","20-24","sc_bus_deaths_pa_Parkinson_lb",0,"bogota","Bus",NA,"L2: Other","L3: Parkinson","PA",357934
"male","25-29","sc_bus_deaths_pa_Parkinson_lb",-0.00004,"bogota","Bus",NA,"L2: Other","L3: Parkinson","PA",360031
"male","30-34","sc_bus_deaths_pa_Parkinson_lb",0,"bogota","Bus",NA,"L2: Other","L3: Parkinson","PA",321492
"male","35-39","sc_bus_deaths_pa_Parkinson_lb",-0.00002,"bogota","Bus",NA,"L2: Other","L3: Parkinson","PA",289808
"male","40-44","sc_bus_deaths_pa_Parkinson_lb",-0.00018,"bogota","Bus",NA,"L2: Other","L3: Parkinson","PA",244543
"male","45-49","sc_bus_deaths_pa_Parkinson_lb",-0.00088,"bogota","Bus",NA,"L2: Other","L3: Parkinson","PA",215491
"male","50-54","sc_bus_deaths_pa_Parkinson_lb",-0.00316,"bogota","Bus",NA,"L2: Other","L3: Parkinson","PA",209137
"male","55-59","sc_bus_deaths_pa_Parkinson_lb",-0.00121,"bogota","Bus",NA,"L2: Other","L3: Parkinson","PA",187551
"male","60-64","sc_bus_deaths_pa_Parkinson_lb",-0.01117,"bogota","Bus",NA,"L2: Other","L3: Parkinson","PA",146500
"male","65-69","sc_bus_deaths_pa_Parkinson_lb",-0.00296,"bogota","Bus",NA,"L2: Other","L3: Parkinson","PA",105412
"female","15-19","sc_bus_deaths_pa_Parkinson_lb",0,"bogota","Bus",NA,"L2: Other","L3: Parkinson","PA",279280
"female","20-24","sc_bus_deaths_pa_Parkinson_lb",0,"bogota","Bus",NA,"L2: Other","L3: Parkinson","PA",360197
"female","25-29","sc_bus_deaths_pa_Parkinson_lb",0,"bogota","Bus",NA,"L2: Other","L3: Parkinson","PA",364423
"female","30-34","sc_bus_deaths_pa_Parkinson_lb",0,"bogota","Bus",NA,"L2: Other","L3: Parkinson","PA",330341
"female","35-39","sc_bus_deaths_pa_Parkinson_lb",0,"bogota","Bus",NA,"L2: Other","L3: Parkinson","PA",309304
"female","40-44","sc_bus_deaths_pa_Parkinson_lb",0.00002,"bogota","Bus",NA,"L2: Other","L3: Parkinson","PA",275440
"female","45-49","sc_bus_deaths_pa_Parkinson_lb",-0.00006,"bogota","Bus",NA,"L2: Other","L3: Parkinson","PA",254843
"female","50-54","sc_bus_deaths_pa_Parkinson_lb",0.00072,"bogota","Bus",NA,"L2: Other","L3: Parkinson","PA",256059
"female","55-59","sc_bus_deaths_pa_Parkinson_lb",0.00234,"bogota","Bus",NA,"L2: Other","L3: Parkinson","PA",235548
"female","60-64","sc_bus_deaths_pa_Parkinson_lb",0.005,"bogota","Bus",NA,"L2: Other","L3: Parkinson","PA",189600
"female","65-69","sc_bus_deaths_pa_Parkinson_lb",0.00359,"bogota","Bus",NA,"L2: Other","L3: Parkinson","PA",141409
"male","15-19","sc_cycle_deaths_pa_Parkinson_ub",0,"bogota","Cycling",NA,"L2: Other","L3: Parkinson","PA",282736
"male","20-24","sc_cycle_deaths_pa_Parkinson_ub",0,"bogota","Cycling",NA,"L2: Other","L3: Parkinson","PA",357934
"male","25-29","sc_cycle_deaths_pa_Parkinson_ub",0,"bogota","Cycling",NA,"L2: Other","L3: Parkinson","PA",360031
"male","30-34","sc_cycle_deaths_pa_Parkinson_ub",0.00001,"bogota","Cycling",NA,"L2: Other","L3: Parkinson","PA",321492
"male","35-39","sc_cycle_deaths_pa_Parkinson_ub",0.00002,"bogota","Cycling",NA,"L2: Other","L3: Parkinson","PA",289808
"male","40-44","sc_cycle_deaths_pa_Parkinson_ub",0.00027,"bogota","Cycling",NA,"L2: Other","L3: Parkinson","PA",244543
"male","45-49","sc_cycle_deaths_pa_Parkinson_ub",0.00053,"bogota","Cycling",NA,"L2: Other","L3: Parkinson","PA",215491
"male","50-54","sc_cycle_deaths_pa_Parkinson_ub",0.00113,"bogota","Cycling",NA,"L2: Other","L3: Parkinson","PA",209137
"male","55-59","sc_cycle_deaths_pa_Parkinson_ub",0.00176,"bogota","Cycling",NA,"L2: Other","L3: Parkinson","PA",187551
"male","60-64","sc_cycle_deaths_pa_Parkinson_ub",0.00262,"bogota","Cycling",NA,"L2: Other","L3: Parkinson","PA",146500
"male","65-69","sc_cycle_deaths_pa_Parkinson_ub",0.00822,"bogota","Cycling",NA,"L2: Other","L3: Parkinson","PA",105412
"female","15-19","sc_cycle_deaths_pa_Parkinson_ub",0,"bogota","Cycling",NA,"L2: Other","L3: Parkinson","PA",279280
"female","20-24","sc_cycle_deaths_pa_Parkinson_ub",0,"bogota","Cycling",NA,"L2: Other","L3: Parkinson","PA",360197
"female","25-29","sc_cycle_deaths_pa_Parkinson_ub",0,"bogota","Cycling",NA,"L2: Other","L3: Parkinson","PA",364423
"female","30-34","sc_cycle_deaths_pa_Parkinson_ub",0,"bogota","Cycling",NA,"L2: Other","L3: Parkinson","PA",330341
"female","35-39","sc_cycle_deaths_pa_Parkinson_ub",0,"bogota","Cycling",NA,"L2: Other","L3: Parkinson","PA",309304
"female","40-44","sc_cycle_deaths_pa_Parkinson_ub",0.00013,"bogota","Cycling",NA,"L2: Other","L3: Parkinson","PA",275440
"female","45-49","sc_cycle_deaths_pa_Parkinson_ub",0.00048,"bogota","Cycling",NA,"L2: Other","L3: Parkinson","PA",254843
"female","50-54","sc_cycle_deaths_pa_Parkinson_ub",0.00051,"bogota","Cycling",NA,"L2: Other","L3: Parkinson","PA",256059
"female","55-59","sc_cycle_deaths_pa_Parkinson_ub",0.00169,"bogota","Cycling",NA,"L2: Other","L3: Parkinson","PA",235548
"female","60-64","sc_cycle_deaths_pa_Parkinson_ub",0.00303,"bogota","Cycling",NA,"L2: Other","L3: Parkinson","PA",189600
"female","65-69","sc_cycle_deaths_pa_Parkinson_ub",0.00722,"bogota","Cycling",NA,"L2: Other","L3: Parkinson","PA",141409
"male","15-19","sc_car_deaths_pa_Parkinson_ub",0,"bogota","Car",NA,"L2: Other","L3: Parkinson","PA",282736
"male","20-24","sc_car_deaths_pa_Parkinson_ub",0,"bogota","Car",NA,"L2: Other","L3: Parkinson","PA",357934
"male","25-29","sc_car_deaths_pa_Parkinson_ub",0,"bogota","Car",NA,"L2: Other","L3: Parkinson","PA",360031
"male","30-34","sc_car_deaths_pa_Parkinson_ub",0,"bogota","Car",NA,"L2: Other","L3: Parkinson","PA",321492
"male","35-39","sc_car_deaths_pa_Parkinson_ub",0,"bogota","Car",NA,"L2: Other","L3: Parkinson","PA",289808
"male","40-44","sc_car_deaths_pa_Parkinson_ub",-0.00005,"bogota","Car",NA,"L2: Other","L3: Parkinson","PA",244543
"male","45-49","sc_car_deaths_pa_Parkinson_ub",-0.0002,"bogota","Car",NA,"L2: Other","L3: Parkinson","PA",215491
"male","50-54","sc_car_deaths_pa_Parkinson_ub",-0.0002,"bogota","Car",NA,"L2: Other","L3: Parkinson","PA",209137
"male","55-59","sc_car_deaths_pa_Parkinson_ub",-0.00104,"bogota","Car",NA,"L2: Other","L3: Parkinson","PA",187551
"male","60-64","sc_car_deaths_pa_Parkinson_ub",-0.0011,"bogota","Car",NA,"L2: Other","L3: Parkinson","PA",146500
"male","65-69","sc_car_deaths_pa_Parkinson_ub",-0.00124,"bogota","Car",NA,"L2: Other","L3: Parkinson","PA",105412
"female","15-19","sc_car_deaths_pa_Parkinson_ub",0,"bogota","Car",NA,"L2: Other","L3: Parkinson","PA",279280
"female","20-24","sc_car_deaths_pa_Parkinson_ub",0,"bogota","Car",NA,"L2: Other","L3: Parkinson","PA",360197
"female","25-29","sc_car_deaths_pa_Parkinson_ub",0,"bogota","Car",NA,"L2: Other","L3: Parkinson","PA",364423
"female","30-34","sc_car_deaths_pa_Parkinson_ub",0,"bogota","Car",NA,"L2: Other","L3: Parkinson","PA",330341
"female","35-39","sc_car_deaths_pa_Parkinson_ub",0,"bogota","Car",NA,"L2: Other","L3: Parkinson","PA",309304
"female","40-44","sc_car_deaths_pa_Parkinson_ub",0,"bogota","Car",NA,"L2: Other","L3: Parkinson","PA",275440
"female","45-49","sc_car_deaths_pa_Parkinson_ub",-0.00001,"bogota","Car",NA,"L2: Other","L3: Parkinson","PA",254843
"female","50-54","sc_car_deaths_pa_Parkinson_ub",0.00004,"bogota","Car",NA,"L2: Other","L3: Parkinson","PA",256059
"female","55-59","sc_car_deaths_pa_Parkinson_ub",0.00006,"bogota","Car",NA,"L2: Other","L3: Parkinson","PA",235548
"female","60-64","sc_car_deaths_pa_Parkinson_ub",0.0004,"bogota","Car",NA,"L2: Other","L3: Parkinson","PA",189600
"female","65-69","sc_car_deaths_pa_Parkinson_ub",-0.00049,"bogota","Car",NA,"L2: Other","L3: Parkinson","PA",141409
"male","15-19","sc_bus_deaths_pa_Parkinson_ub",0,"bogota","Bus",NA,"L2: Other","L3: Parkinson","PA",282736
"male","20-24","sc_bus_deaths_pa_Parkinson_ub",0,"bogota","Bus",NA,"L2: Other","L3: Parkinson","PA",357934
"male","25-29","sc_bus_deaths_pa_Parkinson_ub",0,"bogota","Bus",NA,"L2: Other","L3: Parkinson","PA",360031
"male","30-34","sc_bus_deaths_pa_Parkinson_ub",-0.00001,"bogota","Bus",NA,"L2: Other","L3: Parkinson","PA",321492
"male","35-39","sc_bus_deaths_pa_Parkinson_ub",-0.00003,"bogota","Bus",NA,"L2: Other","L3: Parkinson","PA",289808
"male","40-44","sc_bus_deaths_pa_Parkinson_ub",-0.00015,"bogota","Bus",NA,"L2: Other","L3: Parkinson","PA",244543
"male","45-49","sc_bus_deaths_pa_Parkinson_ub",-0.00039,"bogota","Bus",NA,"L2: Other","L3: Parkinson","PA",215491
"male","50-54","sc_bus_deaths_pa_Parkinson_ub",-0.00059,"bogota","Bus",NA,"L2: Other","L3: Parkinson","PA",209137
"male","55-59","sc_bus_deaths_pa_Parkinson_ub",-0.00129,"bogota","Bus",NA,"L2: Other","L3: Parkinson","PA",187551
"male","60-64","sc_bus_deaths_pa_Parkinson_ub",-0.00231,"bogota","Bus",NA,"L2: Other","L3: Parkinson","PA",146500
"male","65-69","sc_bus_deaths_pa_Parkinson_ub",-0.00352,"bogota","Bus",NA,"L2: Other","L3: Parkinson","PA",105412
"female","15-19","sc_bus_deaths_pa_Parkinson_ub",0,"bogota","Bus",NA,"L2: Other","L3: Parkinson","PA",279280
"female","20-24","sc_bus_deaths_pa_Parkinson_ub",0,"bogota","Bus",NA,"L2: Other","L3: Parkinson","PA",360197
"female","25-29","sc_bus_deaths_pa_Parkinson_ub",0,"bogota","Bus",NA,"L2: Other","L3: Parkinson","PA",364423
"female","30-34","sc_bus_deaths_pa_Parkinson_ub",0,"bogota","Bus",NA,"L2: Other","L3: Parkinson","PA",330341
"female","35-39","sc_bus_deaths_pa_Parkinson_ub",0,"bogota","Bus",NA,"L2: Other","L3: Parkinson","PA",309304
"female","40-44","sc_bus_deaths_pa_Parkinson_ub",-0.00004,"bogota","Bus",NA,"L2: Other","L3: Parkinson","PA",275440
"female","45-49","sc_bus_deaths_pa_Parkinson_ub",-0.00013,"bogota","Bus",NA,"L2: Other","L3: Parkinson","PA",254843
"female","50-54","sc_bus_deaths_pa_Parkinson_ub",-0.00003,"bogota","Bus",NA,"L2: Other","L3: Parkinson","PA",256059
"female","55-59","sc_bus_deaths_pa_Parkinson_ub",-0.00023,"bogota","Bus",NA,"L2: Other","L3: Parkinson","PA",235548
"female","60-64","sc_bus_deaths_pa_Parkinson_ub",-0.00036,"bogota","Bus",NA,"L2: Other","L3: Parkinson","PA",189600
"female","65-69","sc_bus_deaths_pa_Parkinson_ub",-0.00054,"bogota","Bus",NA,"L2: Other","L3: Parkinson","PA",141409
"male","15-19","sc_cycle_deaths_pa_head_neck_cancer",0.00036,"bogota","Cycling",NA,NA,"L3: head_neck_cancer","PA",282736
"male","20-24","sc_cycle_deaths_pa_head_neck_cancer",0.00206,"bogota","Cycling",NA,NA,"L3: head_neck_cancer","PA",357934
"male","25-29","sc_cycle_deaths_pa_head_neck_cancer",0.00374,"bogota","Cycling",NA,NA,"L3: head_neck_cancer","PA",360031
"male","30-34","sc_cycle_deaths_pa_head_neck_cancer",0.01562,"bogota","Cycling",NA,NA,"L3: head_neck_cancer","PA",321492
"male","35-39","sc_cycle_deaths_pa_head_neck_cancer",0.02471,"bogota","Cycling",NA,NA,"L3: head_neck_cancer","PA",289808
"male","40-44","sc_cycle_deaths_pa_head_neck_cancer",0.03827,"bogota","Cycling",NA,NA,"L3: head_neck_cancer","PA",244543
"male","45-49","sc_cycle_deaths_pa_head_neck_cancer",0.07401,"bogota","Cycling",NA,NA,"L3: head_neck_cancer","PA",215491
"male","50-54","sc_cycle_deaths_pa_head_neck_cancer",0.11942,"bogota","Cycling",NA,NA,"L3: head_neck_cancer","PA",209137
"male","55-59","sc_cycle_deaths_pa_head_neck_cancer",0.21366,"bogota","Cycling",NA,NA,"L3: head_neck_cancer","PA",187551
"male","60-64","sc_cycle_deaths_pa_head_neck_cancer",0.24932,"bogota","Cycling",NA,NA,"L3: head_neck_cancer","PA",146500
"male","65-69","sc_cycle_deaths_pa_head_neck_cancer",0.33848,"bogota","Cycling",NA,NA,"L3: head_neck_cancer","PA",105412
"female","15-19","sc_cycle_deaths_pa_head_neck_cancer",0.00026,"bogota","Cycling",NA,NA,"L3: head_neck_cancer","PA",279280
"female","20-24","sc_cycle_deaths_pa_head_neck_cancer",0.00154,"bogota","Cycling",NA,NA,"L3: head_neck_cancer","PA",360197
"female","25-29","sc_cycle_deaths_pa_head_neck_cancer",0.00365,"bogota","Cycling",NA,NA,"L3: head_neck_cancer","PA",364423
"female","30-34","sc_cycle_deaths_pa_head_neck_cancer",0.00971,"bogota","Cycling",NA,NA,"L3: head_neck_cancer","PA",330341
"female","35-39","sc_cycle_deaths_pa_head_neck_cancer",0.0162,"bogota","Cycling",NA,NA,"L3: head_neck_cancer","PA",309304
"female","40-44","sc_cycle_deaths_pa_head_neck_cancer",0.02193,"bogota","Cycling",NA,NA,"L3: head_neck_cancer","PA",275440
"female","45-49","sc_cycle_deaths_pa_head_neck_cancer",0.04438,"bogota","Cycling",NA,NA,"L3: head_neck_cancer","PA",254843
"female","50-54","sc_cycle_deaths_pa_head_neck_cancer",0.06938,"bogota","Cycling",NA,NA,"L3: head_neck_cancer","PA",256059
"female","55-59","sc_cycle_deaths_pa_head_neck_cancer",0.11662,"bogota","Cycling",NA,NA,"L3: head_neck_cancer","PA",235548
"female","60-64","sc_cycle_deaths_pa_head_neck_cancer",0.11517,"bogota","Cycling",NA,NA,"L3: head_neck_cancer","PA",189600
"female","65-69","sc_cycle_deaths_pa_head_neck_cancer",0.1807,"bogota","Cycling",NA,NA,"L3: head_neck_cancer","PA",141409
"male","15-19","sc_car_deaths_pa_head_neck_cancer",-0.0004,"bogota","Car",NA,NA,"L3: head_neck_cancer","PA",282736
"male","20-24","sc_car_deaths_pa_head_neck_cancer",-0.00156,"bogota","Car",NA,NA,"L3: head_neck_cancer","PA",357934
"male","25-29","sc_car_deaths_pa_head_neck_cancer",-0.0021,"bogota","Car",NA,NA,"L3: head_neck_cancer","PA",360031
"male","30-34","sc_car_deaths_pa_head_neck_cancer",-0.00798,"bogota","Car",NA,NA,"L3: head_neck_cancer","PA",321492
"male","35-39","sc_car_deaths_pa_head_neck_cancer",-0.01424,"bogota","Car",NA,NA,"L3: head_neck_cancer","PA",289808
"male","40-44","sc_car_deaths_pa_head_neck_cancer",-0.02096,"bogota","Car",NA,NA,"L3: head_neck_cancer","PA",244543
"male","45-49","sc_car_deaths_pa_head_neck_cancer",-0.0385,"bogota","Car",NA,NA,"L3: head_neck_cancer","PA",215491
"male","50-54","sc_car_deaths_pa_head_neck_cancer",-0.07925,"bogota","Car",NA,NA,"L3: head_neck_cancer","PA",209137
"male","55-59","sc_car_deaths_pa_head_neck_cancer",-0.13717,"bogota","Car",NA,NA,"L3: head_neck_cancer","PA",187551
"male","60-64","sc_car_deaths_pa_head_neck_cancer",-0.15589,"bogota","Car",NA,NA,"L3: head_neck_cancer","PA",146500
"male","65-69","sc_car_deaths_pa_head_neck_cancer",-0.19389,"bogota","Car",NA,NA,"L3: head_neck_cancer","PA",105412
"female","15-19","sc_car_deaths_pa_head_neck_cancer",-0.00017,"bogota","Car",NA,NA,"L3: head_neck_cancer","PA",279280
"female","20-24","sc_car_deaths_pa_head_neck_cancer",-0.00078,"bogota","Car",NA,NA,"L3: head_neck_cancer","PA",360197
"female","25-29","sc_car_deaths_pa_head_neck_cancer",-0.00099,"bogota","Car",NA,NA,"L3: head_neck_cancer","PA",364423
"female","30-34","sc_car_deaths_pa_head_neck_cancer",-0.00393,"bogota","Car",NA,NA,"L3: head_neck_cancer","PA",330341
"female","35-39","sc_car_deaths_pa_head_neck_cancer",-0.006,"bogota","Car",NA,NA,"L3: head_neck_cancer","PA",309304
"female","40-44","sc_car_deaths_pa_head_neck_cancer",-0.01107,"bogota","Car",NA,NA,"L3: head_neck_cancer","PA",275440
"female","45-49","sc_car_deaths_pa_head_neck_cancer",-0.0175,"bogota","Car",NA,NA,"L3: head_neck_cancer","PA",254843
"female","50-54","sc_car_deaths_pa_head_neck_cancer",-0.02132,"bogota","Car",NA,NA,"L3: head_neck_cancer","PA",256059
"female","55-59","sc_car_deaths_pa_head_neck_cancer",-0.03533,"bogota","Car",NA,NA,"L3: head_neck_cancer","PA",235548
"female","60-64","sc_car_deaths_pa_head_neck_cancer",-0.0428,"bogota","Car",NA,NA,"L3: head_neck_cancer","PA",189600
"female","65-69","sc_car_deaths_pa_head_neck_cancer",-0.04598,"bogota","Car",NA,NA,"L3: head_neck_cancer","PA",141409
"male","15-19","sc_bus_deaths_pa_head_neck_cancer",-0.00015,"bogota","Bus",NA,NA,"L3: head_neck_cancer","PA",282736
"male","20-24","sc_bus_deaths_pa_head_neck_cancer",0.00012,"bogota","Bus",NA,NA,"L3: head_neck_cancer","PA",357934
"male","25-29","sc_bus_deaths_pa_head_neck_cancer",-0.00109,"bogota","Bus",NA,NA,"L3: head_neck_cancer","PA",360031
"male","30-34","sc_bus_deaths_pa_head_neck_cancer",0.00072,"bogota","Bus",NA,NA,"L3: head_neck_cancer","PA",321492
"male","35-39","sc_bus_deaths_pa_head_neck_cancer",0.00056,"bogota","Bus",NA,NA,"L3: head_neck_cancer","PA",289808
"male","40-44","sc_bus_deaths_pa_head_neck_cancer",-0.00007,"bogota","Bus",NA,NA,"L3: head_neck_cancer","PA",244543
"male","45-49","sc_bus_deaths_pa_head_neck_cancer",-0.00506,"bogota","Bus",NA,NA,"L3: head_neck_cancer","PA",215491
"male","50-54","sc_bus_deaths_pa_head_neck_cancer",-0.02782,"bogota","Bus",NA,NA,"L3: head_neck_cancer","PA",209137
"male","55-59","sc_bus_deaths_pa_head_neck_cancer",0.00152,"bogota","Bus",NA,NA,"L3: head_neck_cancer","PA",187551
"male","60-64","sc_bus_deaths_pa_head_neck_cancer",-0.06242,"bogota","Bus",NA,NA,"L3: head_neck_cancer","PA",146500
"male","65-69","sc_bus_deaths_pa_head_neck_cancer",0.00474,"bogota","Bus",NA,NA,"L3: head_neck_cancer","PA",105412
"female","15-19","sc_bus_deaths_pa_head_neck_cancer",-0.00004,"bogota","Bus",NA,NA,"L3: head_neck_cancer","PA",279280
"female","20-24","sc_bus_deaths_pa_head_neck_cancer",0.00014,"bogota","Bus",NA,NA,"L3: head_neck_cancer","PA",360197
"female","25-29","sc_bus_deaths_pa_head_neck_cancer",0.00038,"bogota","Bus",NA,NA,"L3: head_neck_cancer","PA",364423
"female","30-34","sc_bus_deaths_pa_head_neck_cancer",0.00044,"bogota","Bus",NA,NA,"L3: head_neck_cancer","PA",330341
"female","35-39","sc_bus_deaths_pa_head_neck_cancer",0.00096,"bogota","Bus",NA,NA,"L3: head_neck_cancer","PA",309304
"female","40-44","sc_bus_deaths_pa_head_neck_cancer",0.00134,"bogota","Bus",NA,NA,"L3: head_neck_cancer","PA",275440
"female","45-49","sc_bus_deaths_pa_head_neck_cancer",0.00081,"bogota","Bus",NA,NA,"L3: head_neck_cancer","PA",254843
"female","50-54","sc_bus_deaths_pa_head_neck_cancer",0.00676,"bogota","Bus",NA,NA,"L3: head_neck_cancer","PA",256059
"female","55-59","sc_bus_deaths_pa_head_neck_cancer",0.01896,"bogota","Bus",NA,NA,"L3: head_neck_cancer","PA",235548
"female","60-64","sc_bus_deaths_pa_head_neck_cancer",0.02293,"bogota","Bus",NA,NA,"L3: head_neck_cancer","PA",189600
"female","65-69","sc_bus_deaths_pa_head_neck_cancer",0.01022,"bogota","Bus",NA,NA,"L3: head_neck_cancer","PA",141409
"male","15-19","sc_cycle_deaths_pa_head_neck_cancer_lb",0.00072,"bogota","Cycling",NA,NA,"L3: head_neck_cancer","PA",282736
"male","20-24","sc_cycle_deaths_pa_head_neck_cancer_lb",0.0041,"bogota","Cycling",NA,NA,"L3: head_neck_cancer","PA",357934
"male","25-29","sc_cycle_deaths_pa_head_neck_cancer_lb",0.00739,"bogota","Cycling",NA,NA,"L3: head_neck_cancer","PA",360031
"male","30-34","sc_cycle_deaths_pa_head_neck_cancer_lb",0.02763,"bogota","Cycling",NA,NA,"L3: head_neck_cancer","PA",321492
"male","35-39","sc_cycle_deaths_pa_head_neck_cancer_lb",0.04399,"bogota","Cycling",NA,NA,"L3: head_neck_cancer","PA",289808
"male","40-44","sc_cycle_deaths_pa_head_neck_cancer_lb",0.0684,"bogota","Cycling",NA,NA,"L3: head_neck_cancer","PA",244543
"male","45-49","sc_cycle_deaths_pa_head_neck_cancer_lb",0.13139,"bogota","Cycling",NA,NA,"L3: head_neck_cancer","PA",215491
"male","50-54","sc_cycle_deaths_pa_head_neck_cancer_lb",0.20928,"bogota","Cycling",NA,NA,"L3: head_neck_cancer","PA",209137
"male","55-59","sc_cycle_deaths_pa_head_neck_cancer_lb",0.38232,"bogota","Cycling",NA,NA,"L3: head_neck_cancer","PA",187551
"male","60-64","sc_cycle_deaths_pa_head_neck_cancer_lb",0.43992,"bogota","Cycling",NA,NA,"L3: head_neck_cancer","PA",146500
"male","65-69","sc_cycle_deaths_pa_head_neck_cancer_lb",0.59087,"bogota","Cycling",NA,NA,"L3: head_neck_cancer","PA",105412
"female","15-19","sc_cycle_deaths_pa_head_neck_cancer_lb",0.00051,"bogota","Cycling",NA,NA,"L3: head_neck_cancer","PA",279280
"female","20-24","sc_cycle_deaths_pa_head_neck_cancer_lb",0.00303,"bogota","Cycling",NA,NA,"L3: head_neck_cancer","PA",360197
"female","25-29","sc_cycle_deaths_pa_head_neck_cancer_lb",0.00723,"bogota","Cycling",NA,NA,"L3: head_neck_cancer","PA",364423
"female","30-34","sc_cycle_deaths_pa_head_neck_cancer_lb",0.01699,"bogota","Cycling",NA,NA,"L3: head_neck_cancer","PA",330341
"female","35-39","sc_cycle_deaths_pa_head_neck_cancer_lb",0.02842,"bogota","Cycling",NA,NA,"L3: head_neck_cancer","PA",309304
"female","40-44","sc_cycle_deaths_pa_head_neck_cancer_lb",0.03812,"bogota","Cycling",NA,NA,"L3: head_neck_cancer","PA",275440
"female","45-49","sc_cycle_deaths_pa_head_neck_cancer_lb",0.07772,"bogota","Cycling",NA,NA,"L3: head_neck_cancer","PA",254843
"female","50-54","sc_cycle_deaths_pa_head_neck_cancer_lb",0.12,"bogota","Cycling",NA,NA,"L3: head_neck_cancer","PA",256059
"female","55-59","sc_cycle_deaths_pa_head_neck_cancer_lb",0.20246,"bogota","Cycling",NA,NA,"L3: head_neck_cancer","PA",235548
"female","60-64","sc_cycle_deaths_pa_head_neck_cancer_lb",0.19615,"bogota","Cycling",NA,NA,"L3: head_neck_cancer","PA",189600
"female","65-69","sc_cycle_deaths_pa_head_neck_cancer_lb",0.31102,"bogota","Cycling",NA,NA,"L3: head_neck_cancer","PA",141409
"male","15-19","sc_car_deaths_pa_head_neck_cancer_lb",-0.00081,"bogota","Car",NA,NA,"L3: head_neck_cancer","PA",282736
"male","20-24","sc_car_deaths_pa_head_neck_cancer_lb",-0.00318,"bogota","Car",NA,NA,"L3: head_neck_cancer","PA",357934
"male","25-29","sc_car_deaths_pa_head_neck_cancer_lb",-0.00435,"bogota","Car",NA,NA,"L3: head_neck_cancer","PA",360031
"male","30-34","sc_car_deaths_pa_head_neck_cancer_lb",-0.01444,"bogota","Car",NA,NA,"L3: head_neck_cancer","PA",321492
"male","35-39","sc_car_deaths_pa_head_neck_cancer_lb",-0.02573,"bogota","Car",NA,NA,"L3: head_neck_cancer","PA",289808
"male","40-44","sc_car_deaths_pa_head_neck_cancer_lb",-0.03841,"bogota","Car",NA,NA,"L3: head_neck_cancer","PA",244543
"male","45-49","sc_car_deaths_pa_head_neck_cancer_lb",-0.06927,"bogota","Car",NA,NA,"L3: head_neck_cancer","PA",215491
"male","50-54","sc_car_deaths_pa_head_neck_cancer_lb",-0.14124,"bogota","Car",NA,NA,"L3: head_neck_cancer","PA",209137
"male","55-59","sc_car_deaths_pa_head_neck_cancer_lb",-0.24839,"bogota","Car",NA,NA,"L3: head_neck_cancer","PA",187551
"male","60-64","sc_car_deaths_pa_head_neck_cancer_lb",-0.28665,"bogota","Car",NA,NA,"L3: head_neck_cancer","PA",146500
"male","65-69","sc_car_deaths_pa_head_neck_cancer_lb",-0.34233,"bogota","Car",NA,NA,"L3: head_neck_cancer","PA",105412
"female","15-19","sc_car_deaths_pa_head_neck_cancer_lb",-0.00035,"bogota","Car",NA,NA,"L3: head_neck_cancer","PA",279280
"female","20-24","sc_car_deaths_pa_head_neck_cancer_lb",-0.00162,"bogota","Car",NA,NA,"L3: head_neck_cancer","PA",360197
"female","25-29","sc_car_deaths_pa_head_neck_cancer_lb",-0.00213,"bogota","Car",NA,NA,"L3: head_neck_cancer","PA",364423
"female","30-34","sc_car_deaths_pa_head_neck_cancer_lb",-0.0072,"bogota","Car",NA,NA,"L3: head_neck_cancer","PA",330341
"female","35-39","sc_car_deaths_pa_head_neck_cancer_lb",-0.01108,"bogota","Car",NA,NA,"L3: head_neck_cancer","PA",309304
"female","40-44","sc_car_deaths_pa_head_neck_cancer_lb",-0.02032,"bogota","Car",NA,NA,"L3: head_neck_cancer","PA",275440
"female","45-49","sc_car_deaths_pa_head_neck_cancer_lb",-0.0325,"bogota","Car",NA,NA,"L3: head_neck_cancer","PA",254843
"female","50-54","sc_car_deaths_pa_head_neck_cancer_lb",-0.03901,"bogota","Car",NA,NA,"L3: head_neck_cancer","PA",256059
"female","55-59","sc_car_deaths_pa_head_neck_cancer_lb",-0.06537,"bogota","Car",NA,NA,"L3: head_neck_cancer","PA",235548
"female","60-64","sc_car_deaths_pa_head_neck_cancer_lb",-0.0775,"bogota","Car",NA,NA,"L3: head_neck_cancer","PA",189600
"female","65-69","sc_car_deaths_pa_head_neck_cancer_lb",-0.08427,"bogota","Car",NA,NA,"L3: head_neck_cancer","PA",141409
"male","15-19","sc_bus_deaths_pa_head_neck_cancer_lb",-0.00028,"bogota","Bus",NA,NA,"L3: head_neck_cancer","PA",282736
"male","20-24","sc_bus_deaths_pa_head_neck_cancer_lb",0.00046,"bogota","Bus",NA,NA,"L3: head_neck_cancer","PA",357934
"male","25-29","sc_bus_deaths_pa_head_neck_cancer_lb",-0.00192,"bogota","Bus",NA,NA,"L3: head_neck_cancer","PA",360031
"male","30-34","sc_bus_deaths_pa_head_neck_cancer_lb",0.00244,"bogota","Bus",NA,NA,"L3: head_neck_cancer","PA",321492
"male","35-39","sc_bus_deaths_pa_head_neck_cancer_lb",0.00268,"bogota","Bus",NA,NA,"L3: head_neck_cancer","PA",289808
"male","40-44","sc_bus_deaths_pa_head_neck_cancer_lb",0.00281,"bogota","Bus",NA,NA,"L3: head_neck_cancer","PA",244543
"male","45-49","sc_bus_deaths_pa_head_neck_cancer_lb",-0.00285,"bogota","Bus",NA,NA,"L3: head_neck_cancer","PA",215491
"male","50-54","sc_bus_deaths_pa_head_neck_cancer_lb",-0.04288,"bogota","Bus",NA,NA,"L3: head_neck_cancer","PA",209137
"male","55-59","sc_bus_deaths_pa_head_neck_cancer_lb",0.0162,"bogota","Bus",NA,NA,"L3: head_neck_cancer","PA",187551
"male","60-64","sc_bus_deaths_pa_head_neck_cancer_lb",-0.09912,"bogota","Bus",NA,NA,"L3: head_neck_cancer","PA",146500
"male","65-69","sc_bus_deaths_pa_head_neck_cancer_lb",0.0259,"bogota","Bus",NA,NA,"L3: head_neck_cancer","PA",105412
"female","15-19","sc_bus_deaths_pa_head_neck_cancer_lb",-0.00007,"bogota","Bus",NA,NA,"L3: head_neck_cancer","PA",279280
"female","20-24","sc_bus_deaths_pa_head_neck_cancer_lb",0.00034,"bogota","Bus",NA,NA,"L3: head_neck_cancer","PA",360197
"female","25-29","sc_bus_deaths_pa_head_neck_cancer_lb",0.00083,"bogota","Bus",NA,NA,"L3: head_neck_cancer","PA",364423
"female","30-34","sc_bus_deaths_pa_head_neck_cancer_lb",0.00106,"bogota","Bus",NA,NA,"L3: head_neck_cancer","PA",330341
"female","35-39","sc_bus_deaths_pa_head_neck_cancer_lb",0.00213,"bogota","Bus",NA,NA,"L3: head_neck_cancer","PA",309304
"female","40-44","sc_bus_deaths_pa_head_neck_cancer_lb",0.00317,"bogota","Bus",NA,NA,"L3: head_neck_cancer","PA",275440
"female","45-49","sc_bus_deaths_pa_head_neck_cancer_lb",0.00272,"bogota","Bus",NA,NA,"L3: head_neck_cancer","PA",254843
"female","50-54","sc_bus_deaths_pa_head_neck_cancer_lb",0.01334,"bogota","Bus",NA,NA,"L3: head_neck_cancer","PA",256059
"female","55-59","sc_bus_deaths_pa_head_neck_cancer_lb",0.03584,"bogota","Bus",NA,NA,"L3: head_neck_cancer","PA",235548
"female","60-64","sc_bus_deaths_pa_head_neck_cancer_lb",0.04283,"bogota","Bus",NA,NA,"L3: head_neck_cancer","PA",189600
"female","65-69","sc_bus_deaths_pa_head_neck_cancer_lb",0.02028,"bogota","Bus",NA,NA,"L3: head_neck_cancer","PA",141409
"male","15-19","sc_cycle_deaths_pa_head_neck_cancer_ub",0.00005,"bogota","Cycling",NA,NA,"L3: head_neck_cancer","PA",282736
"male","20-24","sc_cycle_deaths_pa_head_neck_cancer_ub",0.00031,"bogota","Cycling",NA,NA,"L3: head_neck_cancer","PA",357934
"male","25-29","sc_cycle_deaths_pa_head_neck_cancer_ub",0.00062,"bogota","Cycling",NA,NA,"L3: head_neck_cancer","PA",360031
"male","30-34","sc_cycle_deaths_pa_head_neck_cancer_ub",0.0027,"bogota","Cycling",NA,NA,"L3: head_neck_cancer","PA",321492
"male","35-39","sc_cycle_deaths_pa_head_neck_cancer_ub",0.00434,"bogota","Cycling",NA,NA,"L3: head_neck_cancer","PA",289808
"male","40-44","sc_cycle_deaths_pa_head_neck_cancer_ub",0.00583,"bogota","Cycling",NA,NA,"L3: head_neck_cancer","PA",244543
"male","45-49","sc_cycle_deaths_pa_head_neck_cancer_ub",0.01188,"bogota","Cycling",NA,NA,"L3: head_neck_cancer","PA",215491
"male","50-54","sc_cycle_deaths_pa_head_neck_cancer_ub",0.01948,"bogota","Cycling",NA,NA,"L3: head_neck_cancer","PA",209137
"male","55-59","sc_cycle_deaths_pa_head_neck_cancer_ub",0.03233,"bogota","Cycling",NA,NA,"L3: head_neck_cancer","PA",187551
"male","60-64","sc_cycle_deaths_pa_head_neck_cancer_ub",0.04139,"bogota","Cycling",NA,NA,"L3: head_neck_cancer","PA",146500
"male","65-69","sc_cycle_deaths_pa_head_neck_cancer_ub",0.05338,"bogota","Cycling",NA,NA,"L3: head_neck_cancer","PA",105412
"female","15-19","sc_cycle_deaths_pa_head_neck_cancer_ub",0.00003,"bogota","Cycling",NA,NA,"L3: head_neck_cancer","PA",279280
"female","20-24","sc_cycle_deaths_pa_head_neck_cancer_ub",0.00022,"bogota","Cycling",NA,NA,"L3: head_neck_cancer","PA",360197
"female","25-29","sc_cycle_deaths_pa_head_neck_cancer_ub",0.00038,"bogota","Cycling",NA,NA,"L3: head_neck_cancer","PA",364423
"female","30-34","sc_cycle_deaths_pa_head_neck_cancer_ub",0.00148,"bogota","Cycling",NA,NA,"L3: head_neck_cancer","PA",330341
"female","35-39","sc_cycle_deaths_pa_head_neck_cancer_ub",0.00266,"bogota","Cycling",NA,NA,"L3: head_neck_cancer","PA",309304
"female","40-44","sc_cycle_deaths_pa_head_neck_cancer_ub",0.0034,"bogota","Cycling",NA,NA,"L3: head_neck_cancer","PA",275440
"female","45-49","sc_cycle_deaths_pa_head_neck_cancer_ub",0.0068,"bogota","Cycling",NA,NA,"L3: head_neck_cancer","PA",254843
"female","50-54","sc_cycle_deaths_pa_head_neck_cancer_ub",0.01161,"bogota","Cycling",NA,NA,"L3: head_neck_cancer","PA",256059
"female","55-59","sc_cycle_deaths_pa_head_neck_cancer_ub",0.01829,"bogota","Cycling",NA,NA,"L3: head_neck_cancer","PA",235548
"female","60-64","sc_cycle_deaths_pa_head_neck_cancer_ub",0.01936,"bogota","Cycling",NA,NA,"L3: head_neck_cancer","PA",189600
"female","65-69","sc_cycle_deaths_pa_head_neck_cancer_ub",0.03005,"bogota","Cycling",NA,NA,"L3: head_neck_cancer","PA",141409
"male","15-19","sc_car_deaths_pa_head_neck_cancer_ub",-0.00007,"bogota","Car",NA,NA,"L3: head_neck_cancer","PA",282736
"male","20-24","sc_car_deaths_pa_head_neck_cancer_ub",-0.00025,"bogota","Car",NA,NA,"L3: head_neck_cancer","PA",357934
"male","25-29","sc_car_deaths_pa_head_neck_cancer_ub",-0.00032,"bogota","Car",NA,NA,"L3: head_neck_cancer","PA",360031
"male","30-34","sc_car_deaths_pa_head_neck_cancer_ub",-0.00151,"bogota","Car",NA,NA,"L3: head_neck_cancer","PA",321492
"male","35-39","sc_car_deaths_pa_head_neck_cancer_ub",-0.00258,"bogota","Car",NA,NA,"L3: head_neck_cancer","PA",289808
"male","40-44","sc_car_deaths_pa_head_neck_cancer_ub",-0.00348,"bogota","Car",NA,NA,"L3: head_neck_cancer","PA",244543
"male","45-49","sc_car_deaths_pa_head_neck_cancer_ub",-0.00633,"bogota","Car",NA,NA,"L3: head_neck_cancer","PA",215491
"male","50-54","sc_car_deaths_pa_head_neck_cancer_ub",-0.01429,"bogota","Car",NA,NA,"L3: head_neck_cancer","PA",209137
"male","55-59","sc_car_deaths_pa_head_neck_cancer_ub",-0.0213,"bogota","Car",NA,NA,"L3: head_neck_cancer","PA",187551
"male","60-64","sc_car_deaths_pa_head_neck_cancer_ub",-0.02451,"bogota","Car",NA,NA,"L3: head_neck_cancer","PA",146500
"male","65-69","sc_car_deaths_pa_head_neck_cancer_ub",-0.03531,"bogota","Car",NA,NA,"L3: head_neck_cancer","PA",105412
"female","15-19","sc_car_deaths_pa_head_neck_cancer_ub",-0.00002,"bogota","Car",NA,NA,"L3: head_neck_cancer","PA",279280
"female","20-24","sc_car_deaths_pa_head_neck_cancer_ub",-0.0001,"bogota","Car",NA,NA,"L3: head_neck_cancer","PA",360197
"female","25-29","sc_car_deaths_pa_head_neck_cancer_ub",-0.00003,"bogota","Car",NA,NA,"L3: head_neck_cancer","PA",364423
"female","30-34","sc_car_deaths_pa_head_neck_cancer_ub",-0.00065,"bogota","Car",NA,NA,"L3: head_neck_cancer","PA",330341
"female","35-39","sc_car_deaths_pa_head_neck_cancer_ub",-0.00101,"bogota","Car",NA,NA,"L3: head_neck_cancer","PA",309304
"female","40-44","sc_car_deaths_pa_head_neck_cancer_ub",-0.00189,"bogota","Car",NA,NA,"L3: head_neck_cancer","PA",275440
"female","45-49","sc_car_deaths_pa_head_neck_cancer_ub",-0.00297,"bogota","Car",NA,NA,"L3: head_neck_cancer","PA",254843
"female","50-54","sc_car_deaths_pa_head_neck_cancer_ub",-0.00369,"bogota","Car",NA,NA,"L3: head_neck_cancer","PA",256059
"female","55-59","sc_car_deaths_pa_head_neck_cancer_ub",-0.00614,"bogota","Car",NA,NA,"L3: head_neck_cancer","PA",235548
"female","60-64","sc_car_deaths_pa_head_neck_cancer_ub",-0.00824,"bogota","Car",NA,NA,"L3: head_neck_cancer","PA",189600
"female","65-69","sc_car_deaths_pa_head_neck_cancer_ub",-0.00762,"bogota","Car",NA,NA,"L3: head_neck_cancer","PA",141409
"male","15-19","sc_bus_deaths_pa_head_neck_cancer_ub",-0.00002,"bogota","Bus",NA,NA,"L3: head_neck_cancer","PA",282736
"male","20-24","sc_bus_deaths_pa_head_neck_cancer_ub",0.00003,"bogota","Bus",NA,NA,"L3: head_neck_cancer","PA",357934
"male","25-29","sc_bus_deaths_pa_head_neck_cancer_ub",-0.00022,"bogota","Bus",NA,NA,"L3: head_neck_cancer","PA",360031
"male","30-34","sc_bus_deaths_pa_head_neck_cancer_ub",0.00017,"bogota","Bus",NA,NA,"L3: head_neck_cancer","PA",321492
"male","35-39","sc_bus_deaths_pa_head_neck_cancer_ub",0.00033,"bogota","Bus",NA,NA,"L3: head_neck_cancer","PA",289808
"male","40-44","sc_bus_deaths_pa_head_neck_cancer_ub",0.00013,"bogota","Bus",NA,NA,"L3: head_neck_cancer","PA",244543
"male","45-49","sc_bus_deaths_pa_head_neck_cancer_ub",-0.00087,"bogota","Bus",NA,NA,"L3: head_neck_cancer","PA",215491
"male","50-54","sc_bus_deaths_pa_head_neck_cancer_ub",-0.00463,"bogota","Bus",NA,NA,"L3: head_neck_cancer","PA",209137
"male","55-59","sc_bus_deaths_pa_head_neck_cancer_ub",0.00199,"bogota","Bus",NA,NA,"L3: head_neck_cancer","PA",187551
"male","60-64","sc_bus_deaths_pa_head_neck_cancer_ub",-0.00872,"bogota","Bus",NA,NA,"L3: head_neck_cancer","PA",146500
"male","65-69","sc_bus_deaths_pa_head_neck_cancer_ub",0.00086,"bogota","Bus",NA,NA,"L3: head_neck_cancer","PA",105412
"female","15-19","sc_bus_deaths_pa_head_neck_cancer_ub",-0.00001,"bogota","Bus",NA,NA,"L3: head_neck_cancer","PA",279280
"female","20-24","sc_bus_deaths_pa_head_neck_cancer_ub",0,"bogota","Bus",NA,NA,"L3: head_neck_cancer","PA",360197
"female","25-29","sc_bus_deaths_pa_head_neck_cancer_ub",0.00004,"bogota","Bus",NA,NA,"L3: head_neck_cancer","PA",364423
"female","30-34","sc_bus_deaths_pa_head_neck_cancer_ub",0.0001,"bogota","Bus",NA,NA,"L3: head_neck_cancer","PA",330341
"female","35-39","sc_bus_deaths_pa_head_neck_cancer_ub",0.00025,"bogota","Bus",NA,NA,"L3: head_neck_cancer","PA",309304
"female","40-44","sc_bus_deaths_pa_head_neck_cancer_ub",0.00032,"bogota","Bus",NA,NA,"L3: head_neck_cancer","PA",275440
"female","45-49","sc_bus_deaths_pa_head_neck_cancer_ub",0.00033,"bogota","Bus",NA,NA,"L3: head_neck_cancer","PA",254843
"female","50-54","sc_bus_deaths_pa_head_neck_cancer_ub",0.00104,"bogota","Bus",NA,NA,"L3: head_neck_cancer","PA",256059
"female","55-59","sc_bus_deaths_pa_head_neck_cancer_ub",0.00367,"bogota","Bus",NA,NA,"L3: head_neck_cancer","PA",235548
"female","60-64","sc_bus_deaths_pa_head_neck_cancer_ub",0.00442,"bogota","Bus",NA,NA,"L3: head_neck_cancer","PA",189600
"female","65-69","sc_bus_deaths_pa_head_neck_cancer_ub",0.00194,"bogota","Bus",NA,NA,"L3: head_neck_cancer","PA",141409
"male","15-19","sc_cycle_deaths_pa_stomach_cancer",0.00077,"bogota","Cycling",NA,NA,"L3: stomach_cancer","PA",282736
"male","20-24","sc_cycle_deaths_pa_stomach_cancer",0.00346,"bogota","Cycling",NA,NA,"L3: stomach_cancer","PA",357934
"male","25-29","sc_cycle_deaths_pa_stomach_cancer",0.01,"bogota","Cycling",NA,NA,"L3: stomach_cancer","PA",360031
"male","30-34","sc_cycle_deaths_pa_stomach_cancer",0.05048,"bogota","Cycling",NA,NA,"L3: stomach_cancer","PA",321492
"male","35-39","sc_cycle_deaths_pa_stomach_cancer",0.08786,"bogota","Cycling",NA,NA,"L3: stomach_cancer","PA",289808
"male","40-44","sc_cycle_deaths_pa_stomach_cancer",0.12274,"bogota","Cycling",NA,NA,"L3: stomach_cancer","PA",244543
"male","45-49","sc_cycle_deaths_pa_stomach_cancer",0.18323,"bogota","Cycling",NA,NA,"L3: stomach_cancer","PA",215491
"male","50-54","sc_cycle_deaths_pa_stomach_cancer",0.25041,"bogota","Cycling",NA,NA,"L3: stomach_cancer","PA",209137
"male","55-59","sc_cycle_deaths_pa_stomach_cancer",0.34194,"bogota","Cycling",NA,NA,"L3: stomach_cancer","PA",187551
"male","60-64","sc_cycle_deaths_pa_stomach_cancer",0.38751,"bogota","Cycling",NA,NA,"L3: stomach_cancer","PA",146500
"male","65-69","sc_cycle_deaths_pa_stomach_cancer",0.49604,"bogota","Cycling",NA,NA,"L3: stomach_cancer","PA",105412
"female","15-19","sc_cycle_deaths_pa_stomach_cancer",0.00061,"bogota","Cycling",NA,NA,"L3: stomach_cancer","PA",279280
"female","20-24","sc_cycle_deaths_pa_stomach_cancer",0.00353,"bogota","Cycling",NA,NA,"L3: stomach_cancer","PA",360197
"female","25-29","sc_cycle_deaths_pa_stomach_cancer",0.01328,"bogota","Cycling",NA,NA,"L3: stomach_cancer","PA",364423
"female","30-34","sc_cycle_deaths_pa_stomach_cancer",0.05327,"bogota","Cycling",NA,NA,"L3: stomach_cancer","PA",330341
"female","35-39","sc_cycle_deaths_pa_stomach_cancer",0.0973,"bogota","Cycling",NA,NA,"L3: stomach_cancer","PA",309304
"female","40-44","sc_cycle_deaths_pa_stomach_cancer",0.11075,"bogota","Cycling",NA,NA,"L3: stomach_cancer","PA",275440
"female","45-49","sc_cycle_deaths_pa_stomach_cancer",0.15254,"bogota","Cycling",NA,NA,"L3: stomach_cancer","PA",254843
"female","50-54","sc_cycle_deaths_pa_stomach_cancer",0.19042,"bogota","Cycling",NA,NA,"L3: stomach_cancer","PA",256059
"female","55-59","sc_cycle_deaths_pa_stomach_cancer",0.2611,"bogota","Cycling",NA,NA,"L3: stomach_cancer","PA",235548
"female","60-64","sc_cycle_deaths_pa_stomach_cancer",0.28939,"bogota","Cycling",NA,NA,"L3: stomach_cancer","PA",189600
"female","65-69","sc_cycle_deaths_pa_stomach_cancer",0.38794,"bogota","Cycling",NA,NA,"L3: stomach_cancer","PA",141409
"male","15-19","sc_car_deaths_pa_stomach_cancer",-0.00074,"bogota","Car",NA,NA,"L3: stomach_cancer","PA",282736
"male","20-24","sc_car_deaths_pa_stomach_cancer",-0.00243,"bogota","Car",NA,NA,"L3: stomach_cancer","PA",357934
"male","25-29","sc_car_deaths_pa_stomach_cancer",-0.00512,"bogota","Car",NA,NA,"L3: stomach_cancer","PA",360031
"male","30-34","sc_car_deaths_pa_stomach_cancer",-0.02313,"bogota","Car",NA,NA,"L3: stomach_cancer","PA",321492
"male","35-39","sc_car_deaths_pa_stomach_cancer",-0.04838,"bogota","Car",NA,NA,"L3: stomach_cancer","PA",289808
"male","40-44","sc_car_deaths_pa_stomach_cancer",-0.06067,"bogota","Car",NA,NA,"L3: stomach_cancer","PA",244543
"male","45-49","sc_car_deaths_pa_stomach_cancer",-0.092,"bogota","Car",NA,NA,"L3: stomach_cancer","PA",215491
"male","50-54","sc_car_deaths_pa_stomach_cancer",-0.15154,"bogota","Car",NA,NA,"L3: stomach_cancer","PA",209137
"male","55-59","sc_car_deaths_pa_stomach_cancer",-0.21744,"bogota","Car",NA,NA,"L3: stomach_cancer","PA",187551
"male","60-64","sc_car_deaths_pa_stomach_cancer",-0.22232,"bogota","Car",NA,NA,"L3: stomach_cancer","PA",146500
"male","65-69","sc_car_deaths_pa_stomach_cancer",-0.2673,"bogota","Car",NA,NA,"L3: stomach_cancer","PA",105412
"female","15-19","sc_car_deaths_pa_stomach_cancer",-0.00033,"bogota","Car",NA,NA,"L3: stomach_cancer","PA",279280
"female","20-24","sc_car_deaths_pa_stomach_cancer",-0.00154,"bogota","Car",NA,NA,"L3: stomach_cancer","PA",360197
"female","25-29","sc_car_deaths_pa_stomach_cancer",-0.0032,"bogota","Car",NA,NA,"L3: stomach_cancer","PA",364423
"female","30-34","sc_car_deaths_pa_stomach_cancer",-0.01826,"bogota","Car",NA,NA,"L3: stomach_cancer","PA",330341
"female","35-39","sc_car_deaths_pa_stomach_cancer",-0.03076,"bogota","Car",NA,NA,"L3: stomach_cancer","PA",309304
"female","40-44","sc_car_deaths_pa_stomach_cancer",-0.04635,"bogota","Car",NA,NA,"L3: stomach_cancer","PA",275440
"female","45-49","sc_car_deaths_pa_stomach_cancer",-0.04973,"bogota","Car",NA,NA,"L3: stomach_cancer","PA",254843
"female","50-54","sc_car_deaths_pa_stomach_cancer",-0.04998,"bogota","Car",NA,NA,"L3: stomach_cancer","PA",256059
"female","55-59","sc_car_deaths_pa_stomach_cancer",-0.06474,"bogota","Car",NA,NA,"L3: stomach_cancer","PA",235548
"female","60-64","sc_car_deaths_pa_stomach_cancer",-0.08563,"bogota","Car",NA,NA,"L3: stomach_cancer","PA",189600
"female","65-69","sc_car_deaths_pa_stomach_cancer",-0.08445,"bogota","Car",NA,NA,"L3: stomach_cancer","PA",141409
"male","15-19","sc_bus_deaths_pa_stomach_cancer",-0.00033,"bogota","Bus",NA,NA,"L3: stomach_cancer","PA",282736
"male","20-24","sc_bus_deaths_pa_stomach_cancer",-0.0003,"bogota","Bus",NA,NA,"L3: stomach_cancer","PA",357934
"male","25-29","sc_bus_deaths_pa_stomach_cancer",-0.00371,"bogota","Bus",NA,NA,"L3: stomach_cancer","PA",360031
"male","30-34","sc_bus_deaths_pa_stomach_cancer",-0.00347,"bogota","Bus",NA,NA,"L3: stomach_cancer","PA",321492
"male","35-39","sc_bus_deaths_pa_stomach_cancer",-0.00809,"bogota","Bus",NA,NA,"L3: stomach_cancer","PA",289808
"male","40-44","sc_bus_deaths_pa_stomach_cancer",-0.01437,"bogota","Bus",NA,NA,"L3: stomach_cancer","PA",244543
"male","45-49","sc_bus_deaths_pa_stomach_cancer",-0.0342,"bogota","Bus",NA,NA,"L3: stomach_cancer","PA",215491
"male","50-54","sc_bus_deaths_pa_stomach_cancer",-0.07408,"bogota","Bus",NA,NA,"L3: stomach_cancer","PA",209137
"male","55-59","sc_bus_deaths_pa_stomach_cancer",-0.0357,"bogota","Bus",NA,NA,"L3: stomach_cancer","PA",187551
"male","60-64","sc_bus_deaths_pa_stomach_cancer",-0.12562,"bogota","Bus",NA,NA,"L3: stomach_cancer","PA",146500
"male","65-69","sc_bus_deaths_pa_stomach_cancer",-0.0334,"bogota","Bus",NA,NA,"L3: stomach_cancer","PA",105412
"female","15-19","sc_bus_deaths_pa_stomach_cancer",-0.00011,"bogota","Bus",NA,NA,"L3: stomach_cancer","PA",279280
"female","20-24","sc_bus_deaths_pa_stomach_cancer",0.00015,"bogota","Bus",NA,NA,"L3: stomach_cancer","PA",360197
"female","25-29","sc_bus_deaths_pa_stomach_cancer",0.00096,"bogota","Bus",NA,NA,"L3: stomach_cancer","PA",364423
"female","30-34","sc_bus_deaths_pa_stomach_cancer",-0.00025,"bogota","Bus",NA,NA,"L3: stomach_cancer","PA",330341
"female","35-39","sc_bus_deaths_pa_stomach_cancer",0.00013,"bogota","Bus",NA,NA,"L3: stomach_cancer","PA",309304
"female","40-44","sc_bus_deaths_pa_stomach_cancer",-0.00043,"bogota","Bus",NA,NA,"L3: stomach_cancer","PA",275440
"female","45-49","sc_bus_deaths_pa_stomach_cancer",-0.00519,"bogota","Bus",NA,NA,"L3: stomach_cancer","PA",254843
"female","50-54","sc_bus_deaths_pa_stomach_cancer",0.01348,"bogota","Bus",NA,NA,"L3: stomach_cancer","PA",256059
"female","55-59","sc_bus_deaths_pa_stomach_cancer",0.03094,"bogota","Bus",NA,NA,"L3: stomach_cancer","PA",235548
"female","60-64","sc_bus_deaths_pa_stomach_cancer",0.04267,"bogota","Bus",NA,NA,"L3: stomach_cancer","PA",189600
"female","65-69","sc_bus_deaths_pa_stomach_cancer",0.01383,"bogota","Bus",NA,NA,"L3: stomach_cancer","PA",141409
"male","15-19","sc_cycle_deaths_pa_stomach_cancer_lb",0.0013,"bogota","Cycling",NA,NA,"L3: stomach_cancer","PA",282736
"male","20-24","sc_cycle_deaths_pa_stomach_cancer_lb",0.00587,"bogota","Cycling",NA,NA,"L3: stomach_cancer","PA",357934
"male","25-29","sc_cycle_deaths_pa_stomach_cancer_lb",0.01716,"bogota","Cycling",NA,NA,"L3: stomach_cancer","PA",360031
"male","30-34","sc_cycle_deaths_pa_stomach_cancer_lb",0.08078,"bogota","Cycling",NA,NA,"L3: stomach_cancer","PA",321492
"male","35-39","sc_cycle_deaths_pa_stomach_cancer_lb",0.14167,"bogota","Cycling",NA,NA,"L3: stomach_cancer","PA",289808
"male","40-44","sc_cycle_deaths_pa_stomach_cancer_lb",0.1961,"bogota","Cycling",NA,NA,"L3: stomach_cancer","PA",244543
"male","45-49","sc_cycle_deaths_pa_stomach_cancer_lb",0.29349,"bogota","Cycling",NA,NA,"L3: stomach_cancer","PA",215491
"male","50-54","sc_cycle_deaths_pa_stomach_cancer_lb",0.39767,"bogota","Cycling",NA,NA,"L3: stomach_cancer","PA",209137
"male","55-59","sc_cycle_deaths_pa_stomach_cancer_lb",0.54931,"bogota","Cycling",NA,NA,"L3: stomach_cancer","PA",187551
"male","60-64","sc_cycle_deaths_pa_stomach_cancer_lb",0.62067,"bogota","Cycling",NA,NA,"L3: stomach_cancer","PA",146500
"male","65-69","sc_cycle_deaths_pa_stomach_cancer_lb",0.78812,"bogota","Cycling",NA,NA,"L3: stomach_cancer","PA",105412
"female","15-19","sc_cycle_deaths_pa_stomach_cancer_lb",0.00104,"bogota","Cycling",NA,NA,"L3: stomach_cancer","PA",279280
"female","20-24","sc_cycle_deaths_pa_stomach_cancer_lb",0.00598,"bogota","Cycling",NA,NA,"L3: stomach_cancer","PA",360197
"female","25-29","sc_cycle_deaths_pa_stomach_cancer_lb",0.02227,"bogota","Cycling",NA,NA,"L3: stomach_cancer","PA",364423
"female","30-34","sc_cycle_deaths_pa_stomach_cancer_lb",0.08422,"bogota","Cycling",NA,NA,"L3: stomach_cancer","PA",330341
"female","35-39","sc_cycle_deaths_pa_stomach_cancer_lb",0.15498,"bogota","Cycling",NA,NA,"L3: stomach_cancer","PA",309304
"female","40-44","sc_cycle_deaths_pa_stomach_cancer_lb",0.17465,"bogota","Cycling",NA,NA,"L3: stomach_cancer","PA",275440
"female","45-49","sc_cycle_deaths_pa_stomach_cancer_lb",0.24152,"bogota","Cycling",NA,NA,"L3: stomach_cancer","PA",254843
"female","50-54","sc_cycle_deaths_pa_stomach_cancer_lb",0.303,"bogota","Cycling",NA,NA,"L3: stomach_cancer","PA",256059
"female","55-59","sc_cycle_deaths_pa_stomach_cancer_lb",0.4127,"bogota","Cycling",NA,NA,"L3: stomach_cancer","PA",235548
"female","60-64","sc_cycle_deaths_pa_stomach_cancer_lb",0.45316,"bogota","Cycling",NA,NA,"L3: stomach_cancer","PA",189600
"female","65-69","sc_cycle_deaths_pa_stomach_cancer_lb",0.61125,"bogota","Cycling",NA,NA,"L3: stomach_cancer","PA",141409
"male","15-19","sc_car_deaths_pa_stomach_cancer_lb",-0.00128,"bogota","Car",NA,NA,"L3: stomach_cancer","PA",282736
"male","20-24","sc_car_deaths_pa_stomach_cancer_lb",-0.00419,"bogota","Car",NA,NA,"L3: stomach_cancer","PA",357934
"male","25-29","sc_car_deaths_pa_stomach_cancer_lb",-0.00898,"bogota","Car",NA,NA,"L3: stomach_cancer","PA",360031
"male","30-34","sc_car_deaths_pa_stomach_cancer_lb",-0.03792,"bogota","Car",NA,NA,"L3: stomach_cancer","PA",321492
"male","35-39","sc_car_deaths_pa_stomach_cancer_lb",-0.07886,"bogota","Car",NA,NA,"L3: stomach_cancer","PA",289808
"male","40-44","sc_car_deaths_pa_stomach_cancer_lb",-0.09919,"bogota","Car",NA,NA,"L3: stomach_cancer","PA",244543
"male","45-49","sc_car_deaths_pa_stomach_cancer_lb",-0.14857,"bogota","Car",NA,NA,"L3: stomach_cancer","PA",215491
"male","50-54","sc_car_deaths_pa_stomach_cancer_lb",-0.24556,"bogota","Car",NA,NA,"L3: stomach_cancer","PA",209137
"male","55-59","sc_car_deaths_pa_stomach_cancer_lb",-0.35054,"bogota","Car",NA,NA,"L3: stomach_cancer","PA",187551
"male","60-64","sc_car_deaths_pa_stomach_cancer_lb",-0.36315,"bogota","Car",NA,NA,"L3: stomach_cancer","PA",146500
"male","65-69","sc_car_deaths_pa_stomach_cancer_lb",-0.43119,"bogota","Car",NA,NA,"L3: stomach_cancer","PA",105412
"female","15-19","sc_car_deaths_pa_stomach_cancer_lb",-0.00059,"bogota","Car",NA,NA,"L3: stomach_cancer","PA",279280
"female","20-24","sc_car_deaths_pa_stomach_cancer_lb",-0.0027,"bogota","Car",NA,NA,"L3: stomach_cancer","PA",360197
"female","25-29","sc_car_deaths_pa_stomach_cancer_lb",-0.00549,"bogota","Car",NA,NA,"L3: stomach_cancer","PA",364423
"female","30-34","sc_car_deaths_pa_stomach_cancer_lb",-0.02995,"bogota","Car",NA,NA,"L3: stomach_cancer","PA",330341
"female","35-39","sc_car_deaths_pa_stomach_cancer_lb",-0.05076,"bogota","Car",NA,NA,"L3: stomach_cancer","PA",309304
"female","40-44","sc_car_deaths_pa_stomach_cancer_lb",-0.07623,"bogota","Car",NA,NA,"L3: stomach_cancer","PA",275440
"female","45-49","sc_car_deaths_pa_stomach_cancer_lb",-0.08224,"bogota","Car",NA,NA,"L3: stomach_cancer","PA",254843
"female","50-54","sc_car_deaths_pa_stomach_cancer_lb",-0.08258,"bogota","Car",NA,NA,"L3: stomach_cancer","PA",256059
"female","55-59","sc_car_deaths_pa_stomach_cancer_lb",-0.10729,"bogota","Car",NA,NA,"L3: stomach_cancer","PA",235548
"female","60-64","sc_car_deaths_pa_stomach_cancer_lb",-0.14126,"bogota","Car",NA,NA,"L3: stomach_cancer","PA",189600
"female","65-69","sc_car_deaths_pa_stomach_cancer_lb",-0.13796,"bogota","Car",NA,NA,"L3: stomach_cancer","PA",141409
"male","15-19","sc_bus_deaths_pa_stomach_cancer_lb",-0.00055,"bogota","Bus",NA,NA,"L3: stomach_cancer","PA",282736
"male","20-24","sc_bus_deaths_pa_stomach_cancer_lb",-0.00033,"bogota","Bus",NA,NA,"L3: stomach_cancer","PA",357934
"male","25-29","sc_bus_deaths_pa_stomach_cancer_lb",-0.00607,"bogota","Bus",NA,NA,"L3: stomach_cancer","PA",360031
"male","30-34","sc_bus_deaths_pa_stomach_cancer_lb",-0.00353,"bogota","Bus",NA,NA,"L3: stomach_cancer","PA",321492
"male","35-39","sc_bus_deaths_pa_stomach_cancer_lb",-0.00933,"bogota","Bus",NA,NA,"L3: stomach_cancer","PA",289808
"male","40-44","sc_bus_deaths_pa_stomach_cancer_lb",-0.01812,"bogota","Bus",NA,NA,"L3: stomach_cancer","PA",244543
"male","45-49","sc_bus_deaths_pa_stomach_cancer_lb",-0.04728,"bogota","Bus",NA,NA,"L3: stomach_cancer","PA",215491
"male","50-54","sc_bus_deaths_pa_stomach_cancer_lb",-0.1123,"bogota","Bus",NA,NA,"L3: stomach_cancer","PA",209137
"male","55-59","sc_bus_deaths_pa_stomach_cancer_lb",-0.04391,"bogota","Bus",NA,NA,"L3: stomach_cancer","PA",187551
"male","60-64","sc_bus_deaths_pa_stomach_cancer_lb",-0.19099,"bogota","Bus",NA,NA,"L3: stomach_cancer","PA",146500
"male","65-69","sc_bus_deaths_pa_stomach_cancer_lb",-0.03931,"bogota","Bus",NA,NA,"L3: stomach_cancer","PA",105412
"female","15-19","sc_bus_deaths_pa_stomach_cancer_lb",-0.00019,"bogota","Bus",NA,NA,"L3: stomach_cancer","PA",279280
"female","20-24","sc_bus_deaths_pa_stomach_cancer_lb",0.00031,"bogota","Bus",NA,NA,"L3: stomach_cancer","PA",360197
"female","25-29","sc_bus_deaths_pa_stomach_cancer_lb",0.00176,"bogota","Bus",NA,NA,"L3: stomach_cancer","PA",364423
"female","30-34","sc_bus_deaths_pa_stomach_cancer_lb",0.00048,"bogota","Bus",NA,NA,"L3: stomach_cancer","PA",330341
"female","35-39","sc_bus_deaths_pa_stomach_cancer_lb",0.00208,"bogota","Bus",NA,NA,"L3: stomach_cancer","PA",309304
"female","40-44","sc_bus_deaths_pa_stomach_cancer_lb",0.00167,"bogota","Bus",NA,NA,"L3: stomach_cancer","PA",275440
"female","45-49","sc_bus_deaths_pa_stomach_cancer_lb",-0.00559,"bogota","Bus",NA,NA,"L3: stomach_cancer","PA",254843
"female","50-54","sc_bus_deaths_pa_stomach_cancer_lb",0.0233,"bogota","Bus",NA,NA,"L3: stomach_cancer","PA",256059
"female","55-59","sc_bus_deaths_pa_stomach_cancer_lb",0.05289,"bogota","Bus",NA,NA,"L3: stomach_cancer","PA",235548
"female","60-64","sc_bus_deaths_pa_stomach_cancer_lb",0.07181,"bogota","Bus",NA,NA,"L3: stomach_cancer","PA",189600
"female","65-69","sc_bus_deaths_pa_stomach_cancer_lb",0.02463,"bogota","Bus",NA,NA,"L3: stomach_cancer","PA",141409
"male","15-19","sc_cycle_deaths_pa_stomach_cancer_ub",0.00028,"bogota","Cycling",NA,NA,"L3: stomach_cancer","PA",282736
"male","20-24","sc_cycle_deaths_pa_stomach_cancer_ub",0.00125,"bogota","Cycling",NA,NA,"L3: stomach_cancer","PA",357934
"male","25-29","sc_cycle_deaths_pa_stomach_cancer_ub",0.00347,"bogota","Cycling",NA,NA,"L3: stomach_cancer","PA",360031
"male","30-34","sc_cycle_deaths_pa_stomach_cancer_ub",0.01931,"bogota","Cycling",NA,NA,"L3: stomach_cancer","PA",321492
"male","35-39","sc_cycle_deaths_pa_stomach_cancer_ub",0.03307,"bogota","Cycling",NA,NA,"L3: stomach_cancer","PA",289808
"male","40-44","sc_cycle_deaths_pa_stomach_cancer_ub",0.04744,"bogota","Cycling",NA,NA,"L3: stomach_cancer","PA",244543
"male","45-49","sc_cycle_deaths_pa_stomach_cancer_ub",0.07008,"bogota","Cycling",NA,NA,"L3: stomach_cancer","PA",215491
"male","50-54","sc_cycle_deaths_pa_stomach_cancer_ub",0.0972,"bogota","Cycling",NA,NA,"L3: stomach_cancer","PA",209137
"male","55-59","sc_cycle_deaths_pa_stomach_cancer_ub",0.13049,"bogota","Cycling",NA,NA,"L3: stomach_cancer","PA",187551
"male","60-64","sc_cycle_deaths_pa_stomach_cancer_ub",0.14766,"bogota","Cycling",NA,NA,"L3: stomach_cancer","PA",146500
"male","65-69","sc_cycle_deaths_pa_stomach_cancer_ub",0.19136,"bogota","Cycling",NA,NA,"L3: stomach_cancer","PA",105412
"female","15-19","sc_cycle_deaths_pa_stomach_cancer_ub",0.00022,"bogota","Cycling",NA,NA,"L3: stomach_cancer","PA",279280
"female","20-24","sc_cycle_deaths_pa_stomach_cancer_ub",0.00127,"bogota","Cycling",NA,NA,"L3: stomach_cancer","PA",360197
"female","25-29","sc_cycle_deaths_pa_stomach_cancer_ub",0.00491,"bogota","Cycling",NA,NA,"L3: stomach_cancer","PA",364423
"female","30-34","sc_cycle_deaths_pa_stomach_cancer_ub",0.02083,"bogota","Cycling",NA,NA,"L3: stomach_cancer","PA",330341
"female","35-39","sc_cycle_deaths_pa_stomach_cancer_ub",0.03745,"bogota","Cycling",NA,NA,"L3: stomach_cancer","PA",309304
"female","40-44","sc_cycle_deaths_pa_stomach_cancer_ub",0.04346,"bogota","Cycling",NA,NA,"L3: stomach_cancer","PA",275440
"female","45-49","sc_cycle_deaths_pa_stomach_cancer_ub",0.05955,"bogota","Cycling",NA,NA,"L3: stomach_cancer","PA",254843
"female","50-54","sc_cycle_deaths_pa_stomach_cancer_ub",0.07261,"bogota","Cycling",NA,NA,"L3: stomach_cancer","PA",256059
"female","55-59","sc_cycle_deaths_pa_stomach_cancer_ub",0.10173,"bogota","Cycling",NA,NA,"L3: stomach_cancer","PA",235548
"female","60-64","sc_cycle_deaths_pa_stomach_cancer_ub",0.11418,"bogota","Cycling",NA,NA,"L3: stomach_cancer","PA",189600
"female","65-69","sc_cycle_deaths_pa_stomach_cancer_ub",0.15152,"bogota","Cycling",NA,NA,"L3: stomach_cancer","PA",141409
"male","15-19","sc_car_deaths_pa_stomach_cancer_ub",-0.00025,"bogota","Car",NA,NA,"L3: stomach_cancer","PA",282736
"male","20-24","sc_car_deaths_pa_stomach_cancer_ub",-0.00085,"bogota","Car",NA,NA,"L3: stomach_cancer","PA",357934
"male","25-29","sc_car_deaths_pa_stomach_cancer_ub",-0.00173,"bogota","Car",NA,NA,"L3: stomach_cancer","PA",360031
"male","30-34","sc_car_deaths_pa_stomach_cancer_ub",-0.00842,"bogota","Car",NA,NA,"L3: stomach_cancer","PA",321492
"male","35-39","sc_car_deaths_pa_stomach_cancer_ub",-0.01784,"bogota","Car",NA,NA,"L3: stomach_cancer","PA",289808
"male","40-44","sc_car_deaths_pa_stomach_cancer_ub",-0.0224,"bogota","Car",NA,NA,"L3: stomach_cancer","PA",244543
"male","45-49","sc_car_deaths_pa_stomach_cancer_ub",-0.03468,"bogota","Car",NA,NA,"L3: stomach_cancer","PA",215491
"male","50-54","sc_car_deaths_pa_stomach_cancer_ub",-0.05633,"bogota","Car",NA,NA,"L3: stomach_cancer","PA",209137
"male","55-59","sc_car_deaths_pa_stomach_cancer_ub",-0.08275,"bogota","Car",NA,NA,"L3: stomach_cancer","PA",187551
"male","60-64","sc_car_deaths_pa_stomach_cancer_ub",-0.08254,"bogota","Car",NA,NA,"L3: stomach_cancer","PA",146500
"male","65-69","sc_car_deaths_pa_stomach_cancer_ub",-0.09978,"bogota","Car",NA,NA,"L3: stomach_cancer","PA",105412
"female","15-19","sc_car_deaths_pa_stomach_cancer_ub",-0.00011,"bogota","Car",NA,NA,"L3: stomach_cancer","PA",279280
"female","20-24","sc_car_deaths_pa_stomach_cancer_ub",-0.00053,"bogota","Car",NA,NA,"L3: stomach_cancer","PA",360197
"female","25-29","sc_car_deaths_pa_stomach_cancer_ub",-0.00118,"bogota","Car",NA,NA,"L3: stomach_cancer","PA",364423
"female","30-34","sc_car_deaths_pa_stomach_cancer_ub",-0.00668,"bogota","Car",NA,NA,"L3: stomach_cancer","PA",330341
"female","35-39","sc_car_deaths_pa_stomach_cancer_ub",-0.01113,"bogota","Car",NA,NA,"L3: stomach_cancer","PA",309304
"female","40-44","sc_car_deaths_pa_stomach_cancer_ub",-0.01685,"bogota","Car",NA,NA,"L3: stomach_cancer","PA",275440
"female","45-49","sc_car_deaths_pa_stomach_cancer_ub",-0.01798,"bogota","Car",NA,NA,"L3: stomach_cancer","PA",254843
"female","50-54","sc_car_deaths_pa_stomach_cancer_ub",-0.01788,"bogota","Car",NA,NA,"L3: stomach_cancer","PA",256059
"female","55-59","sc_car_deaths_pa_stomach_cancer_ub",-0.0232,"bogota","Car",NA,NA,"L3: stomach_cancer","PA",235548
"female","60-64","sc_car_deaths_pa_stomach_cancer_ub",-0.03055,"bogota","Car",NA,NA,"L3: stomach_cancer","PA",189600
"female","65-69","sc_car_deaths_pa_stomach_cancer_ub",-0.03121,"bogota","Car",NA,NA,"L3: stomach_cancer","PA",141409
"male","15-19","sc_bus_deaths_pa_stomach_cancer_ub",-0.00012,"bogota","Bus",NA,NA,"L3: stomach_cancer","PA",282736
"male","20-24","sc_bus_deaths_pa_stomach_cancer_ub",-0.00018,"bogota","Bus",NA,NA,"L3: stomach_cancer","PA",357934
"male","25-29","sc_bus_deaths_pa_stomach_cancer_ub",-0.00139,"bogota","Bus",NA,NA,"L3: stomach_cancer","PA",360031
"male","30-34","sc_bus_deaths_pa_stomach_cancer_ub",-0.00213,"bogota","Bus",NA,NA,"L3: stomach_cancer","PA",321492
"male","35-39","sc_bus_deaths_pa_stomach_cancer_ub",-0.00462,"bogota","Bus",NA,NA,"L3: stomach_cancer","PA",289808
"male","40-44","sc_bus_deaths_pa_stomach_cancer_ub",-0.00744,"bogota","Bus",NA,NA,"L3: stomach_cancer","PA",244543
"male","45-49","sc_bus_deaths_pa_stomach_cancer_ub",-0.01592,"bogota","Bus",NA,NA,"L3: stomach_cancer","PA",215491
"male","50-54","sc_bus_deaths_pa_stomach_cancer_ub",-0.03071,"bogota","Bus",NA,NA,"L3: stomach_cancer","PA",209137
"male","55-59","sc_bus_deaths_pa_stomach_cancer_ub",-0.0192,"bogota","Bus",NA,NA,"L3: stomach_cancer","PA",187551
"male","60-64","sc_bus_deaths_pa_stomach_cancer_ub",-0.0521,"bogota","Bus",NA,NA,"L3: stomach_cancer","PA",146500
"male","65-69","sc_bus_deaths_pa_stomach_cancer_ub",-0.01825,"bogota","Bus",NA,NA,"L3: stomach_cancer","PA",105412
"female","15-19","sc_bus_deaths_pa_stomach_cancer_ub",-0.00004,"bogota","Bus",NA,NA,"L3: stomach_cancer","PA",279280
"female","20-24","sc_bus_deaths_pa_stomach_cancer_ub",0.00004,"bogota","Bus",NA,NA,"L3: stomach_cancer","PA",360197
"female","25-29","sc_bus_deaths_pa_stomach_cancer_ub",0.00031,"bogota","Bus",NA,NA,"L3: stomach_cancer","PA",364423
"female","30-34","sc_bus_deaths_pa_stomach_cancer_ub",-0.00046,"bogota","Bus",NA,NA,"L3: stomach_cancer","PA",330341
"female","35-39","sc_bus_deaths_pa_stomach_cancer_ub",-0.00079,"bogota","Bus",NA,NA,"L3: stomach_cancer","PA",309304
"female","40-44","sc_bus_deaths_pa_stomach_cancer_ub",-0.00116,"bogota","Bus",NA,NA,"L3: stomach_cancer","PA",275440
"female","45-49","sc_bus_deaths_pa_stomach_cancer_ub",-0.00314,"bogota","Bus",NA,NA,"L3: stomach_cancer","PA",254843
"female","50-54","sc_bus_deaths_pa_stomach_cancer_ub",0.00452,"bogota","Bus",NA,NA,"L3: stomach_cancer","PA",256059
"female","55-59","sc_bus_deaths_pa_stomach_cancer_ub",0.01035,"bogota","Bus",NA,NA,"L3: stomach_cancer","PA",235548
"female","60-64","sc_bus_deaths_pa_stomach_cancer_ub",0.01476,"bogota","Bus",NA,NA,"L3: stomach_cancer","PA",189600
"female","65-69","sc_bus_deaths_pa_stomach_cancer_ub",0.00427,"bogota","Bus",NA,NA,"L3: stomach_cancer","PA",141409
"male","15-19","sc_cycle_deaths_pa_myeloid_leukemia",0.00355,"bogota","Cycling",NA,NA,"L3: Myeloid Leukemia","PA",282736
"male","20-24","sc_cycle_deaths_pa_myeloid_leukemia",0.00778,"bogota","Cycling",NA,NA,"L3: Myeloid Leukemia","PA",357934
"male","25-29","sc_cycle_deaths_pa_myeloid_leukemia",0.01133,"bogota","Cycling",NA,NA,"L3: Myeloid Leukemia","PA",360031
"male","30-34","sc_cycle_deaths_pa_myeloid_leukemia",0.02379,"bogota","Cycling",NA,NA,"L3: Myeloid Leukemia","PA",321492
"male","35-39","sc_cycle_deaths_pa_myeloid_leukemia",0.02342,"bogota","Cycling",NA,NA,"L3: Myeloid Leukemia","PA",289808
"male","40-44","sc_cycle_deaths_pa_myeloid_leukemia",0.02196,"bogota","Cycling",NA,NA,"L3: Myeloid Leukemia","PA",244543
"male","45-49","sc_cycle_deaths_pa_myeloid_leukemia",0.02084,"bogota","Cycling",NA,NA,"L3: Myeloid Leukemia","PA",215491
"male","50-54","sc_cycle_deaths_pa_myeloid_leukemia",0.02196,"bogota","Cycling",NA,NA,"L3: Myeloid Leukemia","PA",209137
"male","55-59","sc_cycle_deaths_pa_myeloid_leukemia",0.0289,"bogota","Cycling",NA,NA,"L3: Myeloid Leukemia","PA",187551
"male","60-64","sc_cycle_deaths_pa_myeloid_leukemia",0.02728,"bogota","Cycling",NA,NA,"L3: Myeloid Leukemia","PA",146500
"male","65-69","sc_cycle_deaths_pa_myeloid_leukemia",0.03318,"bogota","Cycling",NA,NA,"L3: Myeloid Leukemia","PA",105412
"female","15-19","sc_cycle_deaths_pa_myeloid_leukemia",0.00326,"bogota","Cycling",NA,NA,"L3: Myeloid Leukemia","PA",279280
"female","20-24","sc_cycle_deaths_pa_myeloid_leukemia",0.00631,"bogota","Cycling",NA,NA,"L3: Myeloid Leukemia","PA",360197
"female","25-29","sc_cycle_deaths_pa_myeloid_leukemia",0.00879,"bogota","Cycling",NA,NA,"L3: Myeloid Leukemia","PA",364423
"female","30-34","sc_cycle_deaths_pa_myeloid_leukemia",0.01917,"bogota","Cycling",NA,NA,"L3: Myeloid Leukemia","PA",330341
"female","35-39","sc_cycle_deaths_pa_myeloid_leukemia",0.02342,"bogota","Cycling",NA,NA,"L3: Myeloid Leukemia","PA",309304
"female","40-44","sc_cycle_deaths_pa_myeloid_leukemia",0.02111,"bogota","Cycling",NA,NA,"L3: Myeloid Leukemia","PA",275440
"female","45-49","sc_cycle_deaths_pa_myeloid_leukemia",0.02425,"bogota","Cycling",NA,NA,"L3: Myeloid Leukemia","PA",254843
"female","50-54","sc_cycle_deaths_pa_myeloid_leukemia",0.02755,"bogota","Cycling",NA,NA,"L3: Myeloid Leukemia","PA",256059
"female","55-59","sc_cycle_deaths_pa_myeloid_leukemia",0.04039,"bogota","Cycling",NA,NA,"L3: Myeloid Leukemia","PA",235548
"female","60-64","sc_cycle_deaths_pa_myeloid_leukemia",0.03392,"bogota","Cycling",NA,NA,"L3: Myeloid Leukemia","PA",189600
"female","65-69","sc_cycle_deaths_pa_myeloid_leukemia",0.04798,"bogota","Cycling",NA,NA,"L3: Myeloid Leukemia","PA",141409
"male","15-19","sc_car_deaths_pa_myeloid_leukemia",-0.00428,"bogota","Car",NA,NA,"L3: Myeloid Leukemia","PA",282736
"male","20-24","sc_car_deaths_pa_myeloid_leukemia",-0.00623,"bogota","Car",NA,NA,"L3: Myeloid Leukemia","PA",357934
"male","25-29","sc_car_deaths_pa_myeloid_leukemia",-0.00685,"bogota","Car",NA,NA,"L3: Myeloid Leukemia","PA",360031
"male","30-34","sc_car_deaths_pa_myeloid_leukemia",-0.01304,"bogota","Car",NA,NA,"L3: Myeloid Leukemia","PA",321492
"male","35-39","sc_car_deaths_pa_myeloid_leukemia",-0.01386,"bogota","Car",NA,NA,"L3: Myeloid Leukemia","PA",289808
"male","40-44","sc_car_deaths_pa_myeloid_leukemia",-0.01281,"bogota","Car",NA,NA,"L3: Myeloid Leukemia","PA",244543
"male","45-49","sc_car_deaths_pa_myeloid_leukemia",-0.01109,"bogota","Car",NA,NA,"L3: Myeloid Leukemia","PA",215491
"male","50-54","sc_car_deaths_pa_myeloid_leukemia",-0.01542,"bogota","Car",NA,NA,"L3: Myeloid Leukemia","PA",209137
"male","55-59","sc_car_deaths_pa_myeloid_leukemia",-0.0188,"bogota","Car",NA,NA,"L3: Myeloid Leukemia","PA",187551
"male","60-64","sc_car_deaths_pa_myeloid_leukemia",-0.01851,"bogota","Car",NA,NA,"L3: Myeloid Leukemia","PA",146500
"male","65-69","sc_car_deaths_pa_myeloid_leukemia",-0.01972,"bogota","Car",NA,NA,"L3: Myeloid Leukemia","PA",105412
"female","15-19","sc_car_deaths_pa_myeloid_leukemia",-0.00236,"bogota","Car",NA,NA,"L3: Myeloid Leukemia","PA",279280
"female","20-24","sc_car_deaths_pa_myeloid_leukemia",-0.00357,"bogota","Car",NA,NA,"L3: Myeloid Leukemia","PA",360197
"female","25-29","sc_car_deaths_pa_myeloid_leukemia",-0.00269,"bogota","Car",NA,NA,"L3: Myeloid Leukemia","PA",364423
"female","30-34","sc_car_deaths_pa_myeloid_leukemia",-0.00874,"bogota","Car",NA,NA,"L3: Myeloid Leukemia","PA",330341
"female","35-39","sc_car_deaths_pa_myeloid_leukemia",-0.00975,"bogota","Car",NA,NA,"L3: Myeloid Leukemia","PA",309304
"female","40-44","sc_car_deaths_pa_myeloid_leukemia",-0.01229,"bogota","Car",NA,NA,"L3: Myeloid Leukemia","PA",275440
"female","45-49","sc_car_deaths_pa_myeloid_leukemia",-0.01108,"bogota","Car",NA,NA,"L3: Myeloid Leukemia","PA",254843
"female","50-54","sc_car_deaths_pa_myeloid_leukemia",-0.00954,"bogota","Car",NA,NA,"L3: Myeloid Leukemia","PA",256059
"female","55-59","sc_car_deaths_pa_myeloid_leukemia",-0.01411,"bogota","Car",NA,NA,"L3: Myeloid Leukemia","PA",235548
"female","60-64","sc_car_deaths_pa_myeloid_leukemia",-0.01475,"bogota","Car",NA,NA,"L3: Myeloid Leukemia","PA",189600
"female","65-69","sc_car_deaths_pa_myeloid_leukemia",-0.01388,"bogota","Car",NA,NA,"L3: Myeloid Leukemia","PA",141409
"male","15-19","sc_bus_deaths_pa_myeloid_leukemia",-0.00135,"bogota","Bus",NA,NA,"L3: Myeloid Leukemia","PA",282736
"male","20-24","sc_bus_deaths_pa_myeloid_leukemia",0.00136,"bogota","Bus",NA,NA,"L3: Myeloid Leukemia","PA",357934
"male","25-29","sc_bus_deaths_pa_myeloid_leukemia",-0.00268,"bogota","Bus",NA,NA,"L3: Myeloid Leukemia","PA",360031
"male","30-34","sc_bus_deaths_pa_myeloid_leukemia",0.00329,"bogota","Bus",NA,NA,"L3: Myeloid Leukemia","PA",321492
"male","35-39","sc_bus_deaths_pa_myeloid_leukemia",0.00244,"bogota","Bus",NA,NA,"L3: Myeloid Leukemia","PA",289808
"male","40-44","sc_bus_deaths_pa_myeloid_leukemia",0.00204,"bogota","Bus",NA,NA,"L3: Myeloid Leukemia","PA",244543
"male","45-49","sc_bus_deaths_pa_myeloid_leukemia",0.00063,"bogota","Bus",NA,NA,"L3: Myeloid Leukemia","PA",215491
"male","50-54","sc_bus_deaths_pa_myeloid_leukemia",-0.00384,"bogota","Bus",NA,NA,"L3: Myeloid Leukemia","PA",209137
"male","55-59","sc_bus_deaths_pa_myeloid_leukemia",0.00263,"bogota","Bus",NA,NA,"L3: Myeloid Leukemia","PA",187551
"male","60-64","sc_bus_deaths_pa_myeloid_leukemia",-0.00527,"bogota","Bus",NA,NA,"L3: Myeloid Leukemia","PA",146500
"male","65-69","sc_bus_deaths_pa_myeloid_leukemia",0.00282,"bogota","Bus",NA,NA,"L3: Myeloid Leukemia","PA",105412
"female","15-19","sc_bus_deaths_pa_myeloid_leukemia",-0.0004,"bogota","Bus",NA,NA,"L3: Myeloid Leukemia","PA",279280
"female","20-24","sc_bus_deaths_pa_myeloid_leukemia",0.00081,"bogota","Bus",NA,NA,"L3: Myeloid Leukemia","PA",360197
"female","25-29","sc_bus_deaths_pa_myeloid_leukemia",0.00116,"bogota","Bus",NA,NA,"L3: Myeloid Leukemia","PA",364423
"female","30-34","sc_bus_deaths_pa_myeloid_leukemia",0.0017,"bogota","Bus",NA,NA,"L3: Myeloid Leukemia","PA",330341
"female","35-39","sc_bus_deaths_pa_myeloid_leukemia",0.00248,"bogota","Bus",NA,NA,"L3: Myeloid Leukemia","PA",309304
"female","40-44","sc_bus_deaths_pa_myeloid_leukemia",0.0025,"bogota","Bus",NA,NA,"L3: Myeloid Leukemia","PA",275440
"female","45-49","sc_bus_deaths_pa_myeloid_leukemia",0.00154,"bogota","Bus",NA,NA,"L3: Myeloid Leukemia","PA",254843
"female","50-54","sc_bus_deaths_pa_myeloid_leukemia",0.00335,"bogota","Bus",NA,NA,"L3: Myeloid Leukemia","PA",256059
"female","55-59","sc_bus_deaths_pa_myeloid_leukemia",0.00807,"bogota","Bus",NA,NA,"L3: Myeloid Leukemia","PA",235548
"female","60-64","sc_bus_deaths_pa_myeloid_leukemia",0.00836,"bogota","Bus",NA,NA,"L3: Myeloid Leukemia","PA",189600
"female","65-69","sc_bus_deaths_pa_myeloid_leukemia",0.00354,"bogota","Bus",NA,NA,"L3: Myeloid Leukemia","PA",141409
"male","15-19","sc_cycle_deaths_pa_myeloid_leukemia_lb",0.00647,"bogota","Cycling",NA,NA,"L3: Myeloid Leukemia","PA",282736
"male","20-24","sc_cycle_deaths_pa_myeloid_leukemia_lb",0.01449,"bogota","Cycling",NA,NA,"L3: Myeloid Leukemia","PA",357934
"male","25-29","sc_cycle_deaths_pa_myeloid_leukemia_lb",0.0212,"bogota","Cycling",NA,NA,"L3: Myeloid Leukemia","PA",360031
"male","30-34","sc_cycle_deaths_pa_myeloid_leukemia_lb",0.04169,"bogota","Cycling",NA,NA,"L3: Myeloid Leukemia","PA",321492
"male","35-39","sc_cycle_deaths_pa_myeloid_leukemia_lb",0.04156,"bogota","Cycling",NA,NA,"L3: Myeloid Leukemia","PA",289808
"male","40-44","sc_cycle_deaths_pa_myeloid_leukemia_lb",0.03864,"bogota","Cycling",NA,NA,"L3: Myeloid Leukemia","PA",244543
"male","45-49","sc_cycle_deaths_pa_myeloid_leukemia_lb",0.03663,"bogota","Cycling",NA,NA,"L3: Myeloid Leukemia","PA",215491
"male","50-54","sc_cycle_deaths_pa_myeloid_leukemia_lb",0.03789,"bogota","Cycling",NA,NA,"L3: Myeloid Leukemia","PA",209137
"male","55-59","sc_cycle_deaths_pa_myeloid_leukemia_lb",0.05126,"bogota","Cycling",NA,NA,"L3: Myeloid Leukemia","PA",187551
"male","60-64","sc_cycle_deaths_pa_myeloid_leukemia_lb",0.04794,"bogota","Cycling",NA,NA,"L3: Myeloid Leukemia","PA",146500
"male","65-69","sc_cycle_deaths_pa_myeloid_leukemia_lb",0.05775,"bogota","Cycling",NA,NA,"L3: Myeloid Leukemia","PA",105412
"female","15-19","sc_cycle_deaths_pa_myeloid_leukemia_lb",0.00611,"bogota","Cycling",NA,NA,"L3: Myeloid Leukemia","PA",279280
"female","20-24","sc_cycle_deaths_pa_myeloid_leukemia_lb",0.01167,"bogota","Cycling",NA,NA,"L3: Myeloid Leukemia","PA",360197
"female","25-29","sc_cycle_deaths_pa_myeloid_leukemia_lb",0.01622,"bogota","Cycling",NA,NA,"L3: Myeloid Leukemia","PA",364423
"female","30-34","sc_cycle_deaths_pa_myeloid_leukemia_lb",0.03302,"bogota","Cycling",NA,NA,"L3: Myeloid Leukemia","PA",330341
"female","35-39","sc_cycle_deaths_pa_myeloid_leukemia_lb",0.04064,"bogota","Cycling",NA,NA,"L3: Myeloid Leukemia","PA",309304
"female","40-44","sc_cycle_deaths_pa_myeloid_leukemia_lb",0.03615,"bogota","Cycling",NA,NA,"L3: Myeloid Leukemia","PA",275440
"female","45-49","sc_cycle_deaths_pa_myeloid_leukemia_lb",0.04182,"bogota","Cycling",NA,NA,"L3: Myeloid Leukemia","PA",254843
"female","50-54","sc_cycle_deaths_pa_myeloid_leukemia_lb",0.04786,"bogota","Cycling",NA,NA,"L3: Myeloid Leukemia","PA",256059
"female","55-59","sc_cycle_deaths_pa_myeloid_leukemia_lb",0.06969,"bogota","Cycling",NA,NA,"L3: Myeloid Leukemia","PA",235548
"female","60-64","sc_cycle_deaths_pa_myeloid_leukemia_lb",0.05734,"bogota","Cycling",NA,NA,"L3: Myeloid Leukemia","PA",189600
"female","65-69","sc_cycle_deaths_pa_myeloid_leukemia_lb",0.08245,"bogota","Cycling",NA,NA,"L3: Myeloid Leukemia","PA",141409
"male","15-19","sc_car_deaths_pa_myeloid_leukemia_lb",-0.00825,"bogota","Car",NA,NA,"L3: Myeloid Leukemia","PA",282736
"male","20-24","sc_car_deaths_pa_myeloid_leukemia_lb",-0.01198,"bogota","Car",NA,NA,"L3: Myeloid Leukemia","PA",357934
"male","25-29","sc_car_deaths_pa_myeloid_leukemia_lb",-0.0135,"bogota","Car",NA,NA,"L3: Myeloid Leukemia","PA",360031
"male","30-34","sc_car_deaths_pa_myeloid_leukemia_lb",-0.02377,"bogota","Car",NA,NA,"L3: Myeloid Leukemia","PA",321492
"male","35-39","sc_car_deaths_pa_myeloid_leukemia_lb",-0.02516,"bogota","Car",NA,NA,"L3: Myeloid Leukemia","PA",289808
"male","40-44","sc_car_deaths_pa_myeloid_leukemia_lb",-0.02349,"bogota","Car",NA,NA,"L3: Myeloid Leukemia","PA",244543
"male","45-49","sc_car_deaths_pa_myeloid_leukemia_lb",-0.0199,"bogota","Car",NA,NA,"L3: Myeloid Leukemia","PA",215491
"male","50-54","sc_car_deaths_pa_myeloid_leukemia_lb",-0.02754,"bogota","Car",NA,NA,"L3: Myeloid Leukemia","PA",209137
"male","55-59","sc_car_deaths_pa_myeloid_leukemia_lb",-0.03385,"bogota","Car",NA,NA,"L3: Myeloid Leukemia","PA",187551
"male","60-64","sc_car_deaths_pa_myeloid_leukemia_lb",-0.03413,"bogota","Car",NA,NA,"L3: Myeloid Leukemia","PA",146500
"male","65-69","sc_car_deaths_pa_myeloid_leukemia_lb",-0.03518,"bogota","Car",NA,NA,"L3: Myeloid Leukemia","PA",105412
"female","15-19","sc_car_deaths_pa_myeloid_leukemia_lb",-0.00472,"bogota","Car",NA,NA,"L3: Myeloid Leukemia","PA",279280
"female","20-24","sc_car_deaths_pa_myeloid_leukemia_lb",-0.00707,"bogota","Car",NA,NA,"L3: Myeloid Leukemia","PA",360197
"female","25-29","sc_car_deaths_pa_myeloid_leukemia_lb",-0.00538,"bogota","Car",NA,NA,"L3: Myeloid Leukemia","PA",364423
"female","30-34","sc_car_deaths_pa_myeloid_leukemia_lb",-0.01615,"bogota","Car",NA,NA,"L3: Myeloid Leukemia","PA",330341
"female","35-39","sc_car_deaths_pa_myeloid_leukemia_lb",-0.01815,"bogota","Car",NA,NA,"L3: Myeloid Leukemia","PA",309304
"female","40-44","sc_car_deaths_pa_myeloid_leukemia_lb",-0.02278,"bogota","Car",NA,NA,"L3: Myeloid Leukemia","PA",275440
"female","45-49","sc_car_deaths_pa_myeloid_leukemia_lb",-0.02076,"bogota","Car",NA,NA,"L3: Myeloid Leukemia","PA",254843
"female","50-54","sc_car_deaths_pa_myeloid_leukemia_lb",-0.01777,"bogota","Car",NA,NA,"L3: Myeloid Leukemia","PA",256059
"female","55-59","sc_car_deaths_pa_myeloid_leukemia_lb",-0.02651,"bogota","Car",NA,NA,"L3: Myeloid Leukemia","PA",235548
"female","60-64","sc_car_deaths_pa_myeloid_leukemia_lb",-0.02733,"bogota","Car",NA,NA,"L3: Myeloid Leukemia","PA",189600
"female","65-69","sc_car_deaths_pa_myeloid_leukemia_lb",-0.02577,"bogota","Car",NA,NA,"L3: Myeloid Leukemia","PA",141409
"male","15-19","sc_bus_deaths_pa_myeloid_leukemia_lb",-0.0023,"bogota","Bus",NA,NA,"L3: Myeloid Leukemia","PA",282736
"male","20-24","sc_bus_deaths_pa_myeloid_leukemia_lb",0.00366,"bogota","Bus",NA,NA,"L3: Myeloid Leukemia","PA",357934
"male","25-29","sc_bus_deaths_pa_myeloid_leukemia_lb",-0.00414,"bogota","Bus",NA,NA,"L3: Myeloid Leukemia","PA",360031
"male","30-34","sc_bus_deaths_pa_myeloid_leukemia_lb",0.00841,"bogota","Bus",NA,NA,"L3: Myeloid Leukemia","PA",321492
"male","35-39","sc_bus_deaths_pa_myeloid_leukemia_lb",0.00668,"bogota","Bus",NA,NA,"L3: Myeloid Leukemia","PA",289808
"male","40-44","sc_bus_deaths_pa_myeloid_leukemia_lb",0.00605,"bogota","Bus",NA,NA,"L3: Myeloid Leukemia","PA",244543
"male","45-49","sc_bus_deaths_pa_myeloid_leukemia_lb",0.00353,"bogota","Bus",NA,NA,"L3: Myeloid Leukemia","PA",215491
"male","50-54","sc_bus_deaths_pa_myeloid_leukemia_lb",-0.00505,"bogota","Bus",NA,NA,"L3: Myeloid Leukemia","PA",209137
"male","55-59","sc_bus_deaths_pa_myeloid_leukemia_lb",0.00738,"bogota","Bus",NA,NA,"L3: Myeloid Leukemia","PA",187551
"male","60-64","sc_bus_deaths_pa_myeloid_leukemia_lb",-0.00743,"bogota","Bus",NA,NA,"L3: Myeloid Leukemia","PA",146500
"male","65-69","sc_bus_deaths_pa_myeloid_leukemia_lb",0.00734,"bogota","Bus",NA,NA,"L3: Myeloid Leukemia","PA",105412
"female","15-19","sc_bus_deaths_pa_myeloid_leukemia_lb",-0.00062,"bogota","Bus",NA,NA,"L3: Myeloid Leukemia","PA",279280
"female","20-24","sc_bus_deaths_pa_myeloid_leukemia_lb",0.00183,"bogota","Bus",NA,NA,"L3: Myeloid Leukemia","PA",360197
"female","25-29","sc_bus_deaths_pa_myeloid_leukemia_lb",0.00243,"bogota","Bus",NA,NA,"L3: Myeloid Leukemia","PA",364423
"female","30-34","sc_bus_deaths_pa_myeloid_leukemia_lb",0.00385,"bogota","Bus",NA,NA,"L3: Myeloid Leukemia","PA",330341
"female","35-39","sc_bus_deaths_pa_myeloid_leukemia_lb",0.00539,"bogota","Bus",NA,NA,"L3: Myeloid Leukemia","PA",309304
"female","40-44","sc_bus_deaths_pa_myeloid_leukemia_lb",0.00564,"bogota","Bus",NA,NA,"L3: Myeloid Leukemia","PA",275440
"female","45-49","sc_bus_deaths_pa_myeloid_leukemia_lb",0.00384,"bogota","Bus",NA,NA,"L3: Myeloid Leukemia","PA",254843
"female","50-54","sc_bus_deaths_pa_myeloid_leukemia_lb",0.00668,"bogota","Bus",NA,NA,"L3: Myeloid Leukemia","PA",256059
"female","55-59","sc_bus_deaths_pa_myeloid_leukemia_lb",0.01556,"bogota","Bus",NA,NA,"L3: Myeloid Leukemia","PA",235548
"female","60-64","sc_bus_deaths_pa_myeloid_leukemia_lb",0.01597,"bogota","Bus",NA,NA,"L3: Myeloid Leukemia","PA",189600
"female","65-69","sc_bus_deaths_pa_myeloid_leukemia_lb",0.00717,"bogota","Bus",NA,NA,"L3: Myeloid Leukemia","PA",141409
"male","15-19","sc_cycle_deaths_pa_myeloid_leukemia_ub",0.00084,"bogota","Cycling",NA,NA,"L3: Myeloid Leukemia","PA",282736
"male","20-24","sc_cycle_deaths_pa_myeloid_leukemia_ub",0.00164,"bogota","Cycling",NA,NA,"L3: Myeloid Leukemia","PA",357934
"male","25-29","sc_cycle_deaths_pa_myeloid_leukemia_ub",0.00212,"bogota","Cycling",NA,NA,"L3: Myeloid Leukemia","PA",360031
"male","30-34","sc_cycle_deaths_pa_myeloid_leukemia_ub",0.00542,"bogota","Cycling",NA,NA,"L3: Myeloid Leukemia","PA",321492
"male","35-39","sc_cycle_deaths_pa_myeloid_leukemia_ub",0.0049,"bogota","Cycling",NA,NA,"L3: Myeloid Leukemia","PA",289808
"male","40-44","sc_cycle_deaths_pa_myeloid_leukemia_ub",0.0049,"bogota","Cycling",NA,NA,"L3: Myeloid Leukemia","PA",244543
"male","45-49","sc_cycle_deaths_pa_myeloid_leukemia_ub",0.00453,"bogota","Cycling",NA,NA,"L3: Myeloid Leukemia","PA",215491
"male","50-54","sc_cycle_deaths_pa_myeloid_leukemia_ub",0.00524,"bogota","Cycling",NA,NA,"L3: Myeloid Leukemia","PA",209137
"male","55-59","sc_cycle_deaths_pa_myeloid_leukemia_ub",0.00596,"bogota","Cycling",NA,NA,"L3: Myeloid Leukemia","PA",187551
"male","60-64","sc_cycle_deaths_pa_myeloid_leukemia_ub",0.0059,"bogota","Cycling",NA,NA,"L3: Myeloid Leukemia","PA",146500
"male","65-69","sc_cycle_deaths_pa_myeloid_leukemia_ub",0.00714,"bogota","Cycling",NA,NA,"L3: Myeloid Leukemia","PA",105412
"female","15-19","sc_cycle_deaths_pa_myeloid_leukemia_ub",0.00064,"bogota","Cycling",NA,NA,"L3: Myeloid Leukemia","PA",279280
"female","20-24","sc_cycle_deaths_pa_myeloid_leukemia_ub",0.00131,"bogota","Cycling",NA,NA,"L3: Myeloid Leukemia","PA",360197
"female","25-29","sc_cycle_deaths_pa_myeloid_leukemia_ub",0.00173,"bogota","Cycling",NA,NA,"L3: Myeloid Leukemia","PA",364423
"female","30-34","sc_cycle_deaths_pa_myeloid_leukemia_ub",0.0045,"bogota","Cycling",NA,NA,"L3: Myeloid Leukemia","PA",330341
"female","35-39","sc_cycle_deaths_pa_myeloid_leukemia_ub",0.00534,"bogota","Cycling",NA,NA,"L3: Myeloid Leukemia","PA",309304
"female","40-44","sc_cycle_deaths_pa_myeloid_leukemia_ub",0.00511,"bogota","Cycling",NA,NA,"L3: Myeloid Leukemia","PA",275440
"female","45-49","sc_cycle_deaths_pa_myeloid_leukemia_ub",0.0057,"bogota","Cycling",NA,NA,"L3: Myeloid Leukemia","PA",254843
"female","50-54","sc_cycle_deaths_pa_myeloid_leukemia_ub",0.00569,"bogota","Cycling",NA,NA,"L3: Myeloid Leukemia","PA",256059
"female","55-59","sc_cycle_deaths_pa_myeloid_leukemia_ub",0.00898,"bogota","Cycling",NA,NA,"L3: Myeloid Leukemia","PA",235548
"female","60-64","sc_cycle_deaths_pa_myeloid_leukemia_ub",0.00835,"bogota","Cycling",NA,NA,"L3: Myeloid Leukemia","PA",189600
"female","65-69","sc_cycle_deaths_pa_myeloid_leukemia_ub",0.01089,"bogota","Cycling",NA,NA,"L3: Myeloid Leukemia","PA",141409
"male","15-19","sc_car_deaths_pa_myeloid_leukemia_ub",-0.00079,"bogota","Car",NA,NA,"L3: Myeloid Leukemia","PA",282736
"male","20-24","sc_car_deaths_pa_myeloid_leukemia_ub",-0.00114,"bogota","Car",NA,NA,"L3: Myeloid Leukemia","PA",357934
"male","25-29","sc_car_deaths_pa_myeloid_leukemia_ub",-0.00103,"bogota","Car",NA,NA,"L3: Myeloid Leukemia","PA",360031
"male","30-34","sc_car_deaths_pa_myeloid_leukemia_ub",-0.00245,"bogota","Car",NA,NA,"L3: Myeloid Leukemia","PA",321492
"male","35-39","sc_car_deaths_pa_myeloid_leukemia_ub",-0.00268,"bogota","Car",NA,NA,"L3: Myeloid Leukemia","PA",289808
"male","40-44","sc_car_deaths_pa_myeloid_leukemia_ub",-0.00238,"bogota","Car",NA,NA,"L3: Myeloid Leukemia","PA",244543
"male","45-49","sc_car_deaths_pa_myeloid_leukemia_ub",-0.00226,"bogota","Car",NA,NA,"L3: Myeloid Leukemia","PA",215491
"male","50-54","sc_car_deaths_pa_myeloid_leukemia_ub",-0.00314,"bogota","Car",NA,NA,"L3: Myeloid Leukemia","PA",209137
"male","55-59","sc_car_deaths_pa_myeloid_leukemia_ub",-0.00383,"bogota","Car",NA,NA,"L3: Myeloid Leukemia","PA",187551
"male","60-64","sc_car_deaths_pa_myeloid_leukemia_ub",-0.00325,"bogota","Car",NA,NA,"L3: Myeloid Leukemia","PA",146500
"male","65-69","sc_car_deaths_pa_myeloid_leukemia_ub",-0.00391,"bogota","Car",NA,NA,"L3: Myeloid Leukemia","PA",105412
"female","15-19","sc_car_deaths_pa_myeloid_leukemia_ub",-0.00031,"bogota","Car",NA,NA,"L3: Myeloid Leukemia","PA",279280
"female","20-24","sc_car_deaths_pa_myeloid_leukemia_ub",-0.00052,"bogota","Car",NA,NA,"L3: Myeloid Leukemia","PA",360197
"female","25-29","sc_car_deaths_pa_myeloid_leukemia_ub",-0.00034,"bogota","Car",NA,NA,"L3: Myeloid Leukemia","PA",364423
"female","30-34","sc_car_deaths_pa_myeloid_leukemia_ub",-0.00148,"bogota","Car",NA,NA,"L3: Myeloid Leukemia","PA",330341
"female","35-39","sc_car_deaths_pa_myeloid_leukemia_ub",-0.00161,"bogota","Car",NA,NA,"L3: Myeloid Leukemia","PA",309304
"female","40-44","sc_car_deaths_pa_myeloid_leukemia_ub",-0.00204,"bogota","Car",NA,NA,"L3: Myeloid Leukemia","PA",275440
"female","45-49","sc_car_deaths_pa_myeloid_leukemia_ub",-0.00179,"bogota","Car",NA,NA,"L3: Myeloid Leukemia","PA",254843
"female","50-54","sc_car_deaths_pa_myeloid_leukemia_ub",-0.00143,"bogota","Car",NA,NA,"L3: Myeloid Leukemia","PA",256059
"female","55-59","sc_car_deaths_pa_myeloid_leukemia_ub",-0.00213,"bogota","Car",NA,NA,"L3: Myeloid Leukemia","PA",235548
"female","60-64","sc_car_deaths_pa_myeloid_leukemia_ub",-0.00236,"bogota","Car",NA,NA,"L3: Myeloid Leukemia","PA",189600
"female","65-69","sc_car_deaths_pa_myeloid_leukemia_ub",-0.00226,"bogota","Car",NA,NA,"L3: Myeloid Leukemia","PA",141409
"male","15-19","sc_bus_deaths_pa_myeloid_leukemia_ub",-0.00037,"bogota","Bus",NA,NA,"L3: Myeloid Leukemia","PA",282736
"male","20-24","sc_bus_deaths_pa_myeloid_leukemia_ub",-0.0002,"bogota","Bus",NA,NA,"L3: Myeloid Leukemia","PA",357934
"male","25-29","sc_bus_deaths_pa_myeloid_leukemia_ub",-0.00089,"bogota","Bus",NA,NA,"L3: Myeloid Leukemia","PA",360031
"male","30-34","sc_bus_deaths_pa_myeloid_leukemia_ub",-0.00054,"bogota","Bus",NA,NA,"L3: Myeloid Leukemia","PA",321492
"male","35-39","sc_bus_deaths_pa_myeloid_leukemia_ub",-0.00057,"bogota","Bus",NA,NA,"L3: Myeloid Leukemia","PA",289808
"male","40-44","sc_bus_deaths_pa_myeloid_leukemia_ub",-0.00074,"bogota","Bus",NA,NA,"L3: Myeloid Leukemia","PA",244543
"male","45-49","sc_bus_deaths_pa_myeloid_leukemia_ub",-0.00103,"bogota","Bus",NA,NA,"L3: Myeloid Leukemia","PA",215491
"male","50-54","sc_bus_deaths_pa_myeloid_leukemia_ub",-0.00165,"bogota","Bus",NA,NA,"L3: Myeloid Leukemia","PA",209137
"male","55-59","sc_bus_deaths_pa_myeloid_leukemia_ub",-0.0008,"bogota","Bus",NA,NA,"L3: Myeloid Leukemia","PA",187551
"male","60-64","sc_bus_deaths_pa_myeloid_leukemia_ub",-0.002,"bogota","Bus",NA,NA,"L3: Myeloid Leukemia","PA",146500
"male","65-69","sc_bus_deaths_pa_myeloid_leukemia_ub",-0.00068,"bogota","Bus",NA,NA,"L3: Myeloid Leukemia","PA",105412
"female","15-19","sc_bus_deaths_pa_myeloid_leukemia_ub",-0.00014,"bogota","Bus",NA,NA,"L3: Myeloid Leukemia","PA",279280
"female","20-24","sc_bus_deaths_pa_myeloid_leukemia_ub",0,"bogota","Bus",NA,NA,"L3: Myeloid Leukemia","PA",360197
"female","25-29","sc_bus_deaths_pa_myeloid_leukemia_ub",0.00011,"bogota","Bus",NA,NA,"L3: Myeloid Leukemia","PA",364423
"female","30-34","sc_bus_deaths_pa_myeloid_leukemia_ub",-0.00008,"bogota","Bus",NA,NA,"L3: Myeloid Leukemia","PA",330341
"female","35-39","sc_bus_deaths_pa_myeloid_leukemia_ub",-0.00006,"bogota","Bus",NA,NA,"L3: Myeloid Leukemia","PA",309304
"female","40-44","sc_bus_deaths_pa_myeloid_leukemia_ub",-0.00009,"bogota","Bus",NA,NA,"L3: Myeloid Leukemia","PA",275440
"female","45-49","sc_bus_deaths_pa_myeloid_leukemia_ub",-0.00026,"bogota","Bus",NA,NA,"L3: Myeloid Leukemia","PA",254843
"female","50-54","sc_bus_deaths_pa_myeloid_leukemia_ub",0.00035,"bogota","Bus",NA,NA,"L3: Myeloid Leukemia","PA",256059
"female","55-59","sc_bus_deaths_pa_myeloid_leukemia_ub",0.00101,"bogota","Bus",NA,NA,"L3: Myeloid Leukemia","PA",235548
"female","60-64","sc_bus_deaths_pa_myeloid_leukemia_ub",0.00116,"bogota","Bus",NA,NA,"L3: Myeloid Leukemia","PA",189600
"female","65-69","sc_bus_deaths_pa_myeloid_leukemia_ub",0.00034,"bogota","Bus",NA,NA,"L3: Myeloid Leukemia","PA",141409
"male","15-19","sc_cycle_deaths_ap_respiratory",0.00076,"bogota","Cycling",NA,"L2: Respiratory",NA,"AP",282736
"male","20-24","sc_cycle_deaths_ap_respiratory",0.00068,"bogota","Cycling",NA,"L2: Respiratory",NA,"AP",357934
"male","25-29","sc_cycle_deaths_ap_respiratory",0.00125,"bogota","Cycling",NA,"L2: Respiratory",NA,"AP",360031
"male","30-34","sc_cycle_deaths_ap_respiratory",0.00046,"bogota","Cycling",NA,"L2: Respiratory",NA,"AP",321492
"male","35-39","sc_cycle_deaths_ap_respiratory",0.00019,"bogota","Cycling",NA,"L2: Respiratory",NA,"AP",289808
"male","40-44","sc_cycle_deaths_ap_respiratory",0.0003,"bogota","Cycling",NA,"L2: Respiratory",NA,"AP",244543
"male","45-49","sc_cycle_deaths_ap_respiratory",-0.00111,"bogota","Cycling",NA,"L2: Respiratory",NA,"AP",215491
"male","50-54","sc_cycle_deaths_ap_respiratory",0.00305,"bogota","Cycling",NA,"L2: Respiratory",NA,"AP",209137
"male","55-59","sc_cycle_deaths_ap_respiratory",0.00631,"bogota","Cycling",NA,"L2: Respiratory",NA,"AP",187551
"male","60-64","sc_cycle_deaths_ap_respiratory",0.01225,"bogota","Cycling",NA,"L2: Respiratory",NA,"AP",146500
"male","65-69","sc_cycle_deaths_ap_respiratory",0.01645,"bogota","Cycling",NA,"L2: Respiratory",NA,"AP",105412
"female","15-19","sc_cycle_deaths_ap_respiratory",0.00033,"bogota","Cycling",NA,"L2: Respiratory",NA,"AP",279280
"female","20-24","sc_cycle_deaths_ap_respiratory",0.00017,"bogota","Cycling",NA,"L2: Respiratory",NA,"AP",360197
"female","25-29","sc_cycle_deaths_ap_respiratory",0,"bogota","Cycling",NA,"L2: Respiratory",NA,"AP",364423
"female","30-34","sc_cycle_deaths_ap_respiratory",-0.00158,"bogota","Cycling",NA,"L2: Respiratory",NA,"AP",330341
"female","35-39","sc_cycle_deaths_ap_respiratory",-0.00107,"bogota","Cycling",NA,"L2: Respiratory",NA,"AP",309304
"female","40-44","sc_cycle_deaths_ap_respiratory",-0.00047,"bogota","Cycling",NA,"L2: Respiratory",NA,"AP",275440
"female","45-49","sc_cycle_deaths_ap_respiratory",0.00162,"bogota","Cycling",NA,"L2: Respiratory",NA,"AP",254843
"female","50-54","sc_cycle_deaths_ap_respiratory",0.00489,"bogota","Cycling",NA,"L2: Respiratory",NA,"AP",256059
"female","55-59","sc_cycle_deaths_ap_respiratory",0.00694,"bogota","Cycling",NA,"L2: Respiratory",NA,"AP",235548
"female","60-64","sc_cycle_deaths_ap_respiratory",0.01492,"bogota","Cycling",NA,"L2: Respiratory",NA,"AP",189600
"female","65-69","sc_cycle_deaths_ap_respiratory",0.01967,"bogota","Cycling",NA,"L2: Respiratory",NA,"AP",141409
"male","15-19","sc_car_deaths_ap_respiratory",-0.00575,"bogota","Car",NA,"L2: Respiratory",NA,"AP",282736
"male","20-24","sc_car_deaths_ap_respiratory",-0.00967,"bogota","Car",NA,"L2: Respiratory",NA,"AP",357934
"male","25-29","sc_car_deaths_ap_respiratory",-0.01351,"bogota","Car",NA,"L2: Respiratory",NA,"AP",360031
"male","30-34","sc_car_deaths_ap_respiratory",-0.01464,"bogota","Car",NA,"L2: Respiratory",NA,"AP",321492
"male","35-39","sc_car_deaths_ap_respiratory",-0.01718,"bogota","Car",NA,"L2: Respiratory",NA,"AP",289808
"male","40-44","sc_car_deaths_ap_respiratory",-0.01869,"bogota","Car",NA,"L2: Respiratory",NA,"AP",244543
"male","45-49","sc_car_deaths_ap_respiratory",-0.02548,"bogota","Car",NA,"L2: Respiratory",NA,"AP",215491
"male","50-54","sc_car_deaths_ap_respiratory",-0.03974,"bogota","Car",NA,"L2: Respiratory",NA,"AP",209137
"male","55-59","sc_car_deaths_ap_respiratory",-0.06443,"bogota","Car",NA,"L2: Respiratory",NA,"AP",187551
"male","60-64","sc_car_deaths_ap_respiratory",-0.10482,"bogota","Car",NA,"L2: Respiratory",NA,"AP",146500
"male","65-69","sc_car_deaths_ap_respiratory",-0.14352,"bogota","Car",NA,"L2: Respiratory",NA,"AP",105412
"female","15-19","sc_car_deaths_ap_respiratory",-0.00456,"bogota","Car",NA,"L2: Respiratory",NA,"AP",279280
"female","20-24","sc_car_deaths_ap_respiratory",-0.00778,"bogota","Car",NA,"L2: Respiratory",NA,"AP",360197
"female","25-29","sc_car_deaths_ap_respiratory",-0.00998,"bogota","Car",NA,"L2: Respiratory",NA,"AP",364423
"female","30-34","sc_car_deaths_ap_respiratory",-0.01058,"bogota","Car",NA,"L2: Respiratory",NA,"AP",330341
"female","35-39","sc_car_deaths_ap_respiratory",-0.01322,"bogota","Car",NA,"L2: Respiratory",NA,"AP",309304
"female","40-44","sc_car_deaths_ap_respiratory",-0.01628,"bogota","Car",NA,"L2: Respiratory",NA,"AP",275440
"female","45-49","sc_car_deaths_ap_respiratory",-0.02232,"bogota","Car",NA,"L2: Respiratory",NA,"AP",254843
"female","50-54","sc_car_deaths_ap_respiratory",-0.03656,"bogota","Car",NA,"L2: Respiratory",NA,"AP",256059
"female","55-59","sc_car_deaths_ap_respiratory",-0.05937,"bogota","Car",NA,"L2: Respiratory",NA,"AP",235548
"female","60-64","sc_car_deaths_ap_respiratory",-0.09105,"bogota","Car",NA,"L2: Respiratory",NA,"AP",189600
"female","65-69","sc_car_deaths_ap_respiratory",-0.12528,"bogota","Car",NA,"L2: Respiratory",NA,"AP",141409
"male","15-19","sc_bus_deaths_ap_respiratory",-0.00052,"bogota","Bus",NA,"L2: Respiratory",NA,"AP",282736
"male","20-24","sc_bus_deaths_ap_respiratory",-0.00069,"bogota","Bus",NA,"L2: Respiratory",NA,"AP",357934
"male","25-29","sc_bus_deaths_ap_respiratory",-0.00099,"bogota","Bus",NA,"L2: Respiratory",NA,"AP",360031
"male","30-34","sc_bus_deaths_ap_respiratory",-0.00018,"bogota","Bus",NA,"L2: Respiratory",NA,"AP",321492
"male","35-39","sc_bus_deaths_ap_respiratory",-0.00039,"bogota","Bus",NA,"L2: Respiratory",NA,"AP",289808
"male","40-44","sc_bus_deaths_ap_respiratory",0.00009,"bogota","Bus",NA,"L2: Respiratory",NA,"AP",244543
"male","45-49","sc_bus_deaths_ap_respiratory",-0.00084,"bogota","Bus",NA,"L2: Respiratory",NA,"AP",215491
"male","50-54","sc_bus_deaths_ap_respiratory",-0.0029,"bogota","Bus",NA,"L2: Respiratory",NA,"AP",209137
"male","55-59","sc_bus_deaths_ap_respiratory",-0.00515,"bogota","Bus",NA,"L2: Respiratory",NA,"AP",187551
"male","60-64","sc_bus_deaths_ap_respiratory",-0.00718,"bogota","Bus",NA,"L2: Respiratory",NA,"AP",146500
"male","65-69","sc_bus_deaths_ap_respiratory",-0.02261,"bogota","Bus",NA,"L2: Respiratory",NA,"AP",105412
"female","15-19","sc_bus_deaths_ap_respiratory",-0.00085,"bogota","Bus",NA,"L2: Respiratory",NA,"AP",279280
"female","20-24","sc_bus_deaths_ap_respiratory",-0.00135,"bogota","Bus",NA,"L2: Respiratory",NA,"AP",360197
"female","25-29","sc_bus_deaths_ap_respiratory",-0.00176,"bogota","Bus",NA,"L2: Respiratory",NA,"AP",364423
"female","30-34","sc_bus_deaths_ap_respiratory",-0.00133,"bogota","Bus",NA,"L2: Respiratory",NA,"AP",330341
"female","35-39","sc_bus_deaths_ap_respiratory",-0.00184,"bogota","Bus",NA,"L2: Respiratory",NA,"AP",309304
"female","40-44","sc_bus_deaths_ap_respiratory",-0.0023,"bogota","Bus",NA,"L2: Respiratory",NA,"AP",275440
"female","45-49","sc_bus_deaths_ap_respiratory",-0.00354,"bogota","Bus",NA,"L2: Respiratory",NA,"AP",254843
"female","50-54","sc_bus_deaths_ap_respiratory",-0.00774,"bogota","Bus",NA,"L2: Respiratory",NA,"AP",256059
"female","55-59","sc_bus_deaths_ap_respiratory",-0.01271,"bogota","Bus",NA,"L2: Respiratory",NA,"AP",235548
"female","60-64","sc_bus_deaths_ap_respiratory",-0.01901,"bogota","Bus",NA,"L2: Respiratory",NA,"AP",189600
"female","65-69","sc_bus_deaths_ap_respiratory",-0.02844,"bogota","Bus",NA,"L2: Respiratory",NA,"AP",141409
"male","15-19","sc_cycle_deaths_ap_respiratory_lb",0.00076,"bogota","Cycling",NA,"L2: Respiratory",NA,"AP",282736
"male","20-24","sc_cycle_deaths_ap_respiratory_lb",0.00068,"bogota","Cycling",NA,"L2: Respiratory",NA,"AP",357934
"male","25-29","sc_cycle_deaths_ap_respiratory_lb",0.00125,"bogota","Cycling",NA,"L2: Respiratory",NA,"AP",360031
"male","30-34","sc_cycle_deaths_ap_respiratory_lb",0.00046,"bogota","Cycling",NA,"L2: Respiratory",NA,"AP",321492
"male","35-39","sc_cycle_deaths_ap_respiratory_lb",0.00019,"bogota","Cycling",NA,"L2: Respiratory",NA,"AP",289808
"male","40-44","sc_cycle_deaths_ap_respiratory_lb",0.0003,"bogota","Cycling",NA,"L2: Respiratory",NA,"AP",244543
"male","45-49","sc_cycle_deaths_ap_respiratory_lb",-0.00111,"bogota","Cycling",NA,"L2: Respiratory",NA,"AP",215491
"male","50-54","sc_cycle_deaths_ap_respiratory_lb",0.00305,"bogota","Cycling",NA,"L2: Respiratory",NA,"AP",209137
"male","55-59","sc_cycle_deaths_ap_respiratory_lb",0.00631,"bogota","Cycling",NA,"L2: Respiratory",NA,"AP",187551
"male","60-64","sc_cycle_deaths_ap_respiratory_lb",0.01225,"bogota","Cycling",NA,"L2: Respiratory",NA,"AP",146500
"male","65-69","sc_cycle_deaths_ap_respiratory_lb",0.01645,"bogota","Cycling",NA,"L2: Respiratory",NA,"AP",105412
"female","15-19","sc_cycle_deaths_ap_respiratory_lb",0.00033,"bogota","Cycling",NA,"L2: Respiratory",NA,"AP",279280
"female","20-24","sc_cycle_deaths_ap_respiratory_lb",0.00017,"bogota","Cycling",NA,"L2: Respiratory",NA,"AP",360197
"female","25-29","sc_cycle_deaths_ap_respiratory_lb",0,"bogota","Cycling",NA,"L2: Respiratory",NA,"AP",364423
"female","30-34","sc_cycle_deaths_ap_respiratory_lb",-0.00158,"bogota","Cycling",NA,"L2: Respiratory",NA,"AP",330341
"female","35-39","sc_cycle_deaths_ap_respiratory_lb",-0.00107,"bogota","Cycling",NA,"L2: Respiratory",NA,"AP",309304
"female","40-44","sc_cycle_deaths_ap_respiratory_lb",-0.00047,"bogota","Cycling",NA,"L2: Respiratory",NA,"AP",275440
"female","45-49","sc_cycle_deaths_ap_respiratory_lb",0.00162,"bogota","Cycling",NA,"L2: Respiratory",NA,"AP",254843
"female","50-54","sc_cycle_deaths_ap_respiratory_lb",0.00489,"bogota","Cycling",NA,"L2: Respiratory",NA,"AP",256059
"female","55-59","sc_cycle_deaths_ap_respiratory_lb",0.00694,"bogota","Cycling",NA,"L2: Respiratory",NA,"AP",235548
"female","60-64","sc_cycle_deaths_ap_respiratory_lb",0.01492,"bogota","Cycling",NA,"L2: Respiratory",NA,"AP",189600
"female","65-69","sc_cycle_deaths_ap_respiratory_lb",0.01967,"bogota","Cycling",NA,"L2: Respiratory",NA,"AP",141409
"male","15-19","sc_car_deaths_ap_respiratory_lb",-0.00575,"bogota","Car",NA,"L2: Respiratory",NA,"AP",282736
"male","20-24","sc_car_deaths_ap_respiratory_lb",-0.00967,"bogota","Car",NA,"L2: Respiratory",NA,"AP",357934
"male","25-29","sc_car_deaths_ap_respiratory_lb",-0.01351,"bogota","Car",NA,"L2: Respiratory",NA,"AP",360031
"male","30-34","sc_car_deaths_ap_respiratory_lb",-0.01464,"bogota","Car",NA,"L2: Respiratory",NA,"AP",321492
"male","35-39","sc_car_deaths_ap_respiratory_lb",-0.01718,"bogota","Car",NA,"L2: Respiratory",NA,"AP",289808
"male","40-44","sc_car_deaths_ap_respiratory_lb",-0.01869,"bogota","Car",NA,"L2: Respiratory",NA,"AP",244543
"male","45-49","sc_car_deaths_ap_respiratory_lb",-0.02548,"bogota","Car",NA,"L2: Respiratory",NA,"AP",215491
"male","50-54","sc_car_deaths_ap_respiratory_lb",-0.03974,"bogota","Car",NA,"L2: Respiratory",NA,"AP",209137
"male","55-59","sc_car_deaths_ap_respiratory_lb",-0.06443,"bogota","Car",NA,"L2: Respiratory",NA,"AP",187551
"male","60-64","sc_car_deaths_ap_respiratory_lb",-0.10482,"bogota","Car",NA,"L2: Respiratory",NA,"AP",146500
"male","65-69","sc_car_deaths_ap_respiratory_lb",-0.14352,"bogota","Car",NA,"L2: Respiratory",NA,"AP",105412
"female","15-19","sc_car_deaths_ap_respiratory_lb",-0.00456,"bogota","Car",NA,"L2: Respiratory",NA,"AP",279280
"female","20-24","sc_car_deaths_ap_respiratory_lb",-0.00778,"bogota","Car",NA,"L2: Respiratory",NA,"AP",360197
"female","25-29","sc_car_deaths_ap_respiratory_lb",-0.00998,"bogota","Car",NA,"L2: Respiratory",NA,"AP",364423
"female","30-34","sc_car_deaths_ap_respiratory_lb",-0.01058,"bogota","Car",NA,"L2: Respiratory",NA,"AP",330341
"female","35-39","sc_car_deaths_ap_respiratory_lb",-0.01322,"bogota","Car",NA,"L2: Respiratory",NA,"AP",309304
"female","40-44","sc_car_deaths_ap_respiratory_lb",-0.01628,"bogota","Car",NA,"L2: Respiratory",NA,"AP",275440
"female","45-49","sc_car_deaths_ap_respiratory_lb",-0.02232,"bogota","Car",NA,"L2: Respiratory",NA,"AP",254843
"female","50-54","sc_car_deaths_ap_respiratory_lb",-0.03656,"bogota","Car",NA,"L2: Respiratory",NA,"AP",256059
"female","55-59","sc_car_deaths_ap_respiratory_lb",-0.05937,"bogota","Car",NA,"L2: Respiratory",NA,"AP",235548
"female","60-64","sc_car_deaths_ap_respiratory_lb",-0.09105,"bogota","Car",NA,"L2: Respiratory",NA,"AP",189600
"female","65-69","sc_car_deaths_ap_respiratory_lb",-0.12528,"bogota","Car",NA,"L2: Respiratory",NA,"AP",141409
"male","15-19","sc_bus_deaths_ap_respiratory_lb",-0.00052,"bogota","Bus",NA,"L2: Respiratory",NA,"AP",282736
"male","20-24","sc_bus_deaths_ap_respiratory_lb",-0.00069,"bogota","Bus",NA,"L2: Respiratory",NA,"AP",357934
"male","25-29","sc_bus_deaths_ap_respiratory_lb",-0.00099,"bogota","Bus",NA,"L2: Respiratory",NA,"AP",360031
"male","30-34","sc_bus_deaths_ap_respiratory_lb",-0.00018,"bogota","Bus",NA,"L2: Respiratory",NA,"AP",321492
"male","35-39","sc_bus_deaths_ap_respiratory_lb",-0.00039,"bogota","Bus",NA,"L2: Respiratory",NA,"AP",289808
"male","40-44","sc_bus_deaths_ap_respiratory_lb",0.00009,"bogota","Bus",NA,"L2: Respiratory",NA,"AP",244543
"male","45-49","sc_bus_deaths_ap_respiratory_lb",-0.00084,"bogota","Bus",NA,"L2: Respiratory",NA,"AP",215491
"male","50-54","sc_bus_deaths_ap_respiratory_lb",-0.0029,"bogota","Bus",NA,"L2: Respiratory",NA,"AP",209137
"male","55-59","sc_bus_deaths_ap_respiratory_lb",-0.00515,"bogota","Bus",NA,"L2: Respiratory",NA,"AP",187551
"male","60-64","sc_bus_deaths_ap_respiratory_lb",-0.00718,"bogota","Bus",NA,"L2: Respiratory",NA,"AP",146500
"male","65-69","sc_bus_deaths_ap_respiratory_lb",-0.02261,"bogota","Bus",NA,"L2: Respiratory",NA,"AP",105412
"female","15-19","sc_bus_deaths_ap_respiratory_lb",-0.00085,"bogota","Bus",NA,"L2: Respiratory",NA,"AP",279280
"female","20-24","sc_bus_deaths_ap_respiratory_lb",-0.00135,"bogota","Bus",NA,"L2: Respiratory",NA,"AP",360197
"female","25-29","sc_bus_deaths_ap_respiratory_lb",-0.00176,"bogota","Bus",NA,"L2: Respiratory",NA,"AP",364423
"female","30-34","sc_bus_deaths_ap_respiratory_lb",-0.00133,"bogota","Bus",NA,"L2: Respiratory",NA,"AP",330341
"female","35-39","sc_bus_deaths_ap_respiratory_lb",-0.00184,"bogota","Bus",NA,"L2: Respiratory",NA,"AP",309304
"female","40-44","sc_bus_deaths_ap_respiratory_lb",-0.0023,"bogota","Bus",NA,"L2: Respiratory",NA,"AP",275440
"female","45-49","sc_bus_deaths_ap_respiratory_lb",-0.00354,"bogota","Bus",NA,"L2: Respiratory",NA,"AP",254843
"female","50-54","sc_bus_deaths_ap_respiratory_lb",-0.00774,"bogota","Bus",NA,"L2: Respiratory",NA,"AP",256059
"female","55-59","sc_bus_deaths_ap_respiratory_lb",-0.01271,"bogota","Bus",NA,"L2: Respiratory",NA,"AP",235548
"female","60-64","sc_bus_deaths_ap_respiratory_lb",-0.01901,"bogota","Bus",NA,"L2: Respiratory",NA,"AP",189600
"female","65-69","sc_bus_deaths_ap_respiratory_lb",-0.02844,"bogota","Bus",NA,"L2: Respiratory",NA,"AP",141409
"male","15-19","sc_cycle_deaths_ap_respiratory_ub",0.00076,"bogota","Cycling",NA,"L2: Respiratory",NA,"AP",282736
"male","20-24","sc_cycle_deaths_ap_respiratory_ub",0.00068,"bogota","Cycling",NA,"L2: Respiratory",NA,"AP",357934
"male","25-29","sc_cycle_deaths_ap_respiratory_ub",0.00125,"bogota","Cycling",NA,"L2: Respiratory",NA,"AP",360031
"male","30-34","sc_cycle_deaths_ap_respiratory_ub",0.00046,"bogota","Cycling",NA,"L2: Respiratory",NA,"AP",321492
"male","35-39","sc_cycle_deaths_ap_respiratory_ub",0.00019,"bogota","Cycling",NA,"L2: Respiratory",NA,"AP",289808
"male","40-44","sc_cycle_deaths_ap_respiratory_ub",0.0003,"bogota","Cycling",NA,"L2: Respiratory",NA,"AP",244543
"male","45-49","sc_cycle_deaths_ap_respiratory_ub",-0.00111,"bogota","Cycling",NA,"L2: Respiratory",NA,"AP",215491
"male","50-54","sc_cycle_deaths_ap_respiratory_ub",0.00305,"bogota","Cycling",NA,"L2: Respiratory",NA,"AP",209137
"male","55-59","sc_cycle_deaths_ap_respiratory_ub",0.00631,"bogota","Cycling",NA,"L2: Respiratory",NA,"AP",187551
"male","60-64","sc_cycle_deaths_ap_respiratory_ub",0.01225,"bogota","Cycling",NA,"L2: Respiratory",NA,"AP",146500
"male","65-69","sc_cycle_deaths_ap_respiratory_ub",0.01645,"bogota","Cycling",NA,"L2: Respiratory",NA,"AP",105412
"female","15-19","sc_cycle_deaths_ap_respiratory_ub",0.00033,"bogota","Cycling",NA,"L2: Respiratory",NA,"AP",279280
"female","20-24","sc_cycle_deaths_ap_respiratory_ub",0.00017,"bogota","Cycling",NA,"L2: Respiratory",NA,"AP",360197
"female","25-29","sc_cycle_deaths_ap_respiratory_ub",0,"bogota","Cycling",NA,"L2: Respiratory",NA,"AP",364423
"female","30-34","sc_cycle_deaths_ap_respiratory_ub",-0.00158,"bogota","Cycling",NA,"L2: Respiratory",NA,"AP",330341
"female","35-39","sc_cycle_deaths_ap_respiratory_ub",-0.00107,"bogota","Cycling",NA,"L2: Respiratory",NA,"AP",309304
"female","40-44","sc_cycle_deaths_ap_respiratory_ub",-0.00047,"bogota","Cycling",NA,"L2: Respiratory",NA,"AP",275440
"female","45-49","sc_cycle_deaths_ap_respiratory_ub",0.00162,"bogota","Cycling",NA,"L2: Respiratory",NA,"AP",254843
"female","50-54","sc_cycle_deaths_ap_respiratory_ub",0.00489,"bogota","Cycling",NA,"L2: Respiratory",NA,"AP",256059
"female","55-59","sc_cycle_deaths_ap_respiratory_ub",0.00694,"bogota","Cycling",NA,"L2: Respiratory",NA,"AP",235548
"female","60-64","sc_cycle_deaths_ap_respiratory_ub",0.01492,"bogota","Cycling",NA,"L2: Respiratory",NA,"AP",189600
"female","65-69","sc_cycle_deaths_ap_respiratory_ub",0.01967,"bogota","Cycling",NA,"L2: Respiratory",NA,"AP",141409
"male","15-19","sc_car_deaths_ap_respiratory_ub",-0.00575,"bogota","Car",NA,"L2: Respiratory",NA,"AP",282736
"male","20-24","sc_car_deaths_ap_respiratory_ub",-0.00967,"bogota","Car",NA,"L2: Respiratory",NA,"AP",357934
"male","25-29","sc_car_deaths_ap_respiratory_ub",-0.01351,"bogota","Car",NA,"L2: Respiratory",NA,"AP",360031
"male","30-34","sc_car_deaths_ap_respiratory_ub",-0.01464,"bogota","Car",NA,"L2: Respiratory",NA,"AP",321492
"male","35-39","sc_car_deaths_ap_respiratory_ub",-0.01718,"bogota","Car",NA,"L2: Respiratory",NA,"AP",289808
"male","40-44","sc_car_deaths_ap_respiratory_ub",-0.01869,"bogota","Car",NA,"L2: Respiratory",NA,"AP",244543
"male","45-49","sc_car_deaths_ap_respiratory_ub",-0.02548,"bogota","Car",NA,"L2: Respiratory",NA,"AP",215491
"male","50-54","sc_car_deaths_ap_respiratory_ub",-0.03974,"bogota","Car",NA,"L2: Respiratory",NA,"AP",209137
"male","55-59","sc_car_deaths_ap_respiratory_ub",-0.06443,"bogota","Car",NA,"L2: Respiratory",NA,"AP",187551
"male","60-64","sc_car_deaths_ap_respiratory_ub",-0.10482,"bogota","Car",NA,"L2: Respiratory",NA,"AP",146500
"male","65-69","sc_car_deaths_ap_respiratory_ub",-0.14352,"bogota","Car",NA,"L2: Respiratory",NA,"AP",105412
"female","15-19","sc_car_deaths_ap_respiratory_ub",-0.00456,"bogota","Car",NA,"L2: Respiratory",NA,"AP",279280
"female","20-24","sc_car_deaths_ap_respiratory_ub",-0.00778,"bogota","Car",NA,"L2: Respiratory",NA,"AP",360197
"female","25-29","sc_car_deaths_ap_respiratory_ub",-0.00998,"bogota","Car",NA,"L2: Respiratory",NA,"AP",364423
"female","30-34","sc_car_deaths_ap_respiratory_ub",-0.01058,"bogota","Car",NA,"L2: Respiratory",NA,"AP",330341
"female","35-39","sc_car_deaths_ap_respiratory_ub",-0.01322,"bogota","Car",NA,"L2: Respiratory",NA,"AP",309304
"female","40-44","sc_car_deaths_ap_respiratory_ub",-0.01628,"bogota","Car",NA,"L2: Respiratory",NA,"AP",275440
"female","45-49","sc_car_deaths_ap_respiratory_ub",-0.02232,"bogota","Car",NA,"L2: Respiratory",NA,"AP",254843
"female","50-54","sc_car_deaths_ap_respiratory_ub",-0.03656,"bogota","Car",NA,"L2: Respiratory",NA,"AP",256059
"female","55-59","sc_car_deaths_ap_respiratory_ub",-0.05937,"bogota","Car",NA,"L2: Respiratory",NA,"AP",235548
"female","60-64","sc_car_deaths_ap_respiratory_ub",-0.09105,"bogota","Car",NA,"L2: Respiratory",NA,"AP",189600
"female","65-69","sc_car_deaths_ap_respiratory_ub",-0.12528,"bogota","Car",NA,"L2: Respiratory",NA,"AP",141409
"male","15-19","sc_bus_deaths_ap_respiratory_ub",-0.00052,"bogota","Bus",NA,"L2: Respiratory",NA,"AP",282736
"male","20-24","sc_bus_deaths_ap_respiratory_ub",-0.00069,"bogota","Bus",NA,"L2: Respiratory",NA,"AP",357934
"male","25-29","sc_bus_deaths_ap_respiratory_ub",-0.00099,"bogota","Bus",NA,"L2: Respiratory",NA,"AP",360031
"male","30-34","sc_bus_deaths_ap_respiratory_ub",-0.00018,"bogota","Bus",NA,"L2: Respiratory",NA,"AP",321492
"male","35-39","sc_bus_deaths_ap_respiratory_ub",-0.00039,"bogota","Bus",NA,"L2: Respiratory",NA,"AP",289808
"male","40-44","sc_bus_deaths_ap_respiratory_ub",0.00009,"bogota","Bus",NA,"L2: Respiratory",NA,"AP",244543
"male","45-49","sc_bus_deaths_ap_respiratory_ub",-0.00084,"bogota","Bus",NA,"L2: Respiratory",NA,"AP",215491
"male","50-54","sc_bus_deaths_ap_respiratory_ub",-0.0029,"bogota","Bus",NA,"L2: Respiratory",NA,"AP",209137
"male","55-59","sc_bus_deaths_ap_respiratory_ub",-0.00515,"bogota","Bus",NA,"L2: Respiratory",NA,"AP",187551
"male","60-64","sc_bus_deaths_ap_respiratory_ub",-0.00718,"bogota","Bus",NA,"L2: Respiratory",NA,"AP",146500
"male","65-69","sc_bus_deaths_ap_respiratory_ub",-0.02261,"bogota","Bus",NA,"L2: Respiratory",NA,"AP",105412
"female","15-19","sc_bus_deaths_ap_respiratory_ub",-0.00085,"bogota","Bus",NA,"L2: Respiratory",NA,"AP",279280
"female","20-24","sc_bus_deaths_ap_respiratory_ub",-0.00135,"bogota","Bus",NA,"L2: Respiratory",NA,"AP",360197
"female","25-29","sc_bus_deaths_ap_respiratory_ub",-0.00176,"bogota","Bus",NA,"L2: Respiratory",NA,"AP",364423
"female","30-34","sc_bus_deaths_ap_respiratory_ub",-0.00133,"bogota","Bus",NA,"L2: Respiratory",NA,"AP",330341
"female","35-39","sc_bus_deaths_ap_respiratory_ub",-0.00184,"bogota","Bus",NA,"L2: Respiratory",NA,"AP",309304
"female","40-44","sc_bus_deaths_ap_respiratory_ub",-0.0023,"bogota","Bus",NA,"L2: Respiratory",NA,"AP",275440
"female","45-49","sc_bus_deaths_ap_respiratory_ub",-0.00354,"bogota","Bus",NA,"L2: Respiratory",NA,"AP",254843
"female","50-54","sc_bus_deaths_ap_respiratory_ub",-0.00774,"bogota","Bus",NA,"L2: Respiratory",NA,"AP",256059
"female","55-59","sc_bus_deaths_ap_respiratory_ub",-0.01271,"bogota","Bus",NA,"L2: Respiratory",NA,"AP",235548
"female","60-64","sc_bus_deaths_ap_respiratory_ub",-0.01901,"bogota","Bus",NA,"L2: Respiratory",NA,"AP",189600
"female","65-69","sc_bus_deaths_ap_respiratory_ub",-0.02844,"bogota","Bus",NA,"L2: Respiratory",NA,"AP",141409
