"sex","age_cat","cause","measure","city","scenario","level1","level2","level3","dose","pop_age_sex"
"male","15-19","sc_cycle_deaths_pa_ap_all_cause",1.90887,"bogota","Cycling","L1: All Cause",NA,NA,"PA and AP",282736
"male","20-24","sc_cycle_deaths_pa_ap_all_cause",7.40669,"bogota","Cycling","L1: All Cause",NA,NA,"PA and AP",357934
"male","25-29","sc_cycle_deaths_pa_ap_all_cause",9.45294,"bogota","Cycling","L1: All Cause",NA,NA,"PA and AP",360031
"male","30-34","sc_cycle_deaths_pa_ap_all_cause",8.46454,"bogota","Cycling","L1: All Cause",NA,NA,"PA and AP",321492
"male","35-39","sc_cycle_deaths_pa_ap_all_cause",7.23102,"bogota","Cycling","L1: All Cause",NA,NA,"PA and AP",289808
"male","40-44","sc_cycle_deaths_pa_ap_all_cause",6.09457,"bogota","Cycling","L1: All Cause",NA,NA,"PA and AP",244543
"male","45-49","sc_cycle_deaths_pa_ap_all_cause",6.48688,"bogota","Cycling","L1: All Cause",NA,NA,"PA and AP",215491
"male","50-54","sc_cycle_deaths_pa_ap_all_cause",6.51652,"bogota","Cycling","L1: All Cause",NA,NA,"PA and AP",209137
"male","55-59","sc_cycle_deaths_pa_ap_all_cause",8.56798,"bogota","Cycling","L1: All Cause",NA,NA,"PA and AP",187551
"male","60-64","sc_cycle_deaths_pa_ap_all_cause",12.60854,"bogota","Cycling","L1: All Cause",NA,NA,"PA and AP",146500
"male","65-69","sc_cycle_deaths_pa_ap_all_cause",15.49038,"bogota","Cycling","L1: All Cause",NA,NA,"PA and AP",105412
"female","15-19","sc_cycle_deaths_pa_ap_all_cause",0.73924,"bogota","Cycling","L1: All Cause",NA,NA,"PA and AP",279280
"female","20-24","sc_cycle_deaths_pa_ap_all_cause",1.5492,"bogota","Cycling","L1: All Cause",NA,NA,"PA and AP",360197
"female","25-29","sc_cycle_deaths_pa_ap_all_cause",1.96277,"bogota","Cycling","L1: All Cause",NA,NA,"PA and AP",364423
"female","30-34","sc_cycle_deaths_pa_ap_all_cause",2.51111,"bogota","Cycling","L1: All Cause",NA,NA,"PA and AP",330341
"female","35-39","sc_cycle_deaths_pa_ap_all_cause",2.9054,"bogota","Cycling","L1: All Cause",NA,NA,"PA and AP",309304
"female","40-44","sc_cycle_deaths_pa_ap_all_cause",3.67918,"bogota","Cycling","L1: All Cause",NA,NA,"PA and AP",275440
"female","45-49","sc_cycle_deaths_pa_ap_all_cause",4.12845,"bogota","Cycling","L1: All Cause",NA,NA,"PA and AP",254843
"female","50-54","sc_cycle_deaths_pa_ap_all_cause",7.96184,"bogota","Cycling","L1: All Cause",NA,NA,"PA and AP",256059
"female","55-59","sc_cycle_deaths_pa_ap_all_cause",10.83425,"bogota","Cycling","L1: All Cause",NA,NA,"PA and AP",235548
"female","60-64","sc_cycle_deaths_pa_ap_all_cause",12.28526,"bogota","Cycling","L1: All Cause",NA,NA,"PA and AP",189600
"female","65-69","sc_cycle_deaths_pa_ap_all_cause",12.22783,"bogota","Cycling","L1: All Cause",NA,NA,"PA and AP",141409
"male","15-19","sc_car_deaths_pa_ap_all_cause",-1.80526,"bogota","Car","L1: All Cause",NA,NA,"PA and AP",282736
"male","20-24","sc_car_deaths_pa_ap_all_cause",-5.2886,"bogota","Car","L1: All Cause",NA,NA,"PA and AP",357934
"male","25-29","sc_car_deaths_pa_ap_all_cause",-5.0841,"bogota","Car","L1: All Cause",NA,NA,"PA and AP",360031
"male","30-34","sc_car_deaths_pa_ap_all_cause",-4.78558,"bogota","Car","L1: All Cause",NA,NA,"PA and AP",321492
"male","35-39","sc_car_deaths_pa_ap_all_cause",-3.86077,"bogota","Car","L1: All Cause",NA,NA,"PA and AP",289808
"male","40-44","sc_car_deaths_pa_ap_all_cause",-3.3265,"bogota","Car","L1: All Cause",NA,NA,"PA and AP",244543
"male","45-49","sc_car_deaths_pa_ap_all_cause",-4.08602,"bogota","Car","L1: All Cause",NA,NA,"PA and AP",215491
"male","50-54","sc_car_deaths_pa_ap_all_cause",-4.76137,"bogota","Car","L1: All Cause",NA,NA,"PA and AP",209137
"male","55-59","sc_car_deaths_pa_ap_all_cause",-5.56989,"bogota","Car","L1: All Cause",NA,NA,"PA and AP",187551
"male","60-64","sc_car_deaths_pa_ap_all_cause",-8.18064,"bogota","Car","L1: All Cause",NA,NA,"PA and AP",146500
"male","65-69","sc_car_deaths_pa_ap_all_cause",-11.81635,"bogota","Car","L1: All Cause",NA,NA,"PA and AP",105412
"female","15-19","sc_car_deaths_pa_ap_all_cause",-0.38893,"bogota","Car","L1: All Cause",NA,NA,"PA and AP",279280
"female","20-24","sc_car_deaths_pa_ap_all_cause",-1.0191,"bogota","Car","L1: All Cause",NA,NA,"PA and AP",360197
"female","25-29","sc_car_deaths_pa_ap_all_cause",-1.1683,"bogota","Car","L1: All Cause",NA,NA,"PA and AP",364423
"female","30-34","sc_car_deaths_pa_ap_all_cause",-1.34068,"bogota","Car","L1: All Cause",NA,NA,"PA and AP",330341
"female","35-39","sc_car_deaths_pa_ap_all_cause",-1.44607,"bogota","Car","L1: All Cause",NA,NA,"PA and AP",309304
"female","40-44","sc_car_deaths_pa_ap_all_cause",-2.00044,"bogota","Car","L1: All Cause",NA,NA,"PA and AP",275440
"female","45-49","sc_car_deaths_pa_ap_all_cause",-2.15249,"bogota","Car","L1: All Cause",NA,NA,"PA and AP",254843
"female","50-54","sc_car_deaths_pa_ap_all_cause",-1.95711,"bogota","Car","L1: All Cause",NA,NA,"PA and AP",256059
"female","55-59","sc_car_deaths_pa_ap_all_cause",-3.34717,"bogota","Car","L1: All Cause",NA,NA,"PA and AP",235548
"female","60-64","sc_car_deaths_pa_ap_all_cause",-5.63376,"bogota","Car","L1: All Cause",NA,NA,"PA and AP",189600
"female","65-69","sc_car_deaths_pa_ap_all_cause",-6.79301,"bogota","Car","L1: All Cause",NA,NA,"PA and AP",141409
"male","15-19","sc_bus_deaths_pa_ap_all_cause",-0.50978,"bogota","Bus","L1: All Cause",NA,NA,"PA and AP",282736
"male","20-24","sc_bus_deaths_pa_ap_all_cause",-0.17778,"bogota","Bus","L1: All Cause",NA,NA,"PA and AP",357934
"male","25-29","sc_bus_deaths_pa_ap_all_cause",0.00474,"bogota","Bus","L1: All Cause",NA,NA,"PA and AP",360031
"male","30-34","sc_bus_deaths_pa_ap_all_cause",0.39804,"bogota","Bus","L1: All Cause",NA,NA,"PA and AP",321492
"male","35-39","sc_bus_deaths_pa_ap_all_cause",0.53737,"bogota","Bus","L1: All Cause",NA,NA,"PA and AP",289808
"male","40-44","sc_bus_deaths_pa_ap_all_cause",1.17093,"bogota","Bus","L1: All Cause",NA,NA,"PA and AP",244543
"male","45-49","sc_bus_deaths_pa_ap_all_cause",-0.31278,"bogota","Bus","L1: All Cause",NA,NA,"PA and AP",215491
"male","50-54","sc_bus_deaths_pa_ap_all_cause",0.07634,"bogota","Bus","L1: All Cause",NA,NA,"PA and AP",209137
"male","55-59","sc_bus_deaths_pa_ap_all_cause",1.03366,"bogota","Bus","L1: All Cause",NA,NA,"PA and AP",187551
"male","60-64","sc_bus_deaths_pa_ap_all_cause",-1.35704,"bogota","Bus","L1: All Cause",NA,NA,"PA and AP",146500
"male","65-69","sc_bus_deaths_pa_ap_all_cause",-0.8846,"bogota","Bus","L1: All Cause",NA,NA,"PA and AP",105412
"female","15-19","sc_bus_deaths_pa_ap_all_cause",0.01115,"bogota","Bus","L1: All Cause",NA,NA,"PA and AP",279280
"female","20-24","sc_bus_deaths_pa_ap_all_cause",0.03537,"bogota","Bus","L1: All Cause",NA,NA,"PA and AP",360197
"female","25-29","sc_bus_deaths_pa_ap_all_cause",0.16255,"bogota","Bus","L1: All Cause",NA,NA,"PA and AP",364423
"female","30-34","sc_bus_deaths_pa_ap_all_cause",0.20303,"bogota","Bus","L1: All Cause",NA,NA,"PA and AP",330341
"female","35-39","sc_bus_deaths_pa_ap_all_cause",0.12277,"bogota","Bus","L1: All Cause",NA,NA,"PA and AP",309304
"female","40-44","sc_bus_deaths_pa_ap_all_cause",0.35466,"bogota","Bus","L1: All Cause",NA,NA,"PA and AP",275440
"female","45-49","sc_bus_deaths_pa_ap_all_cause",0.12513,"bogota","Bus","L1: All Cause",NA,NA,"PA and AP",254843
"female","50-54","sc_bus_deaths_pa_ap_all_cause",0.83183,"bogota","Bus","L1: All Cause",NA,NA,"PA and AP",256059
"female","55-59","sc_bus_deaths_pa_ap_all_cause",1.60377,"bogota","Bus","L1: All Cause",NA,NA,"PA and AP",235548
"female","60-64","sc_bus_deaths_pa_ap_all_cause",2.10104,"bogota","Bus","L1: All Cause",NA,NA,"PA and AP",189600
"female","65-69","sc_bus_deaths_pa_ap_all_cause",1.99758,"bogota","Bus","L1: All Cause",NA,NA,"PA and AP",141409
"male","15-19","sc_cycle_deaths_pa_ap_all_cause_lb",2.24666,"bogota","Cycling","L1: All Cause",NA,NA,"PA and AP",282736
"male","20-24","sc_cycle_deaths_pa_ap_all_cause_lb",8.68842,"bogota","Cycling","L1: All Cause",NA,NA,"PA and AP",357934
"male","25-29","sc_cycle_deaths_pa_ap_all_cause_lb",11.05972,"bogota","Cycling","L1: All Cause",NA,NA,"PA and AP",360031
"male","30-34","sc_cycle_deaths_pa_ap_all_cause_lb",9.94958,"bogota","Cycling","L1: All Cause",NA,NA,"PA and AP",321492
"male","35-39","sc_cycle_deaths_pa_ap_all_cause_lb",8.43249,"bogota","Cycling","L1: All Cause",NA,NA,"PA and AP",289808
"male","40-44","sc_cycle_deaths_pa_ap_all_cause_lb",7.11549,"bogota","Cycling","L1: All Cause",NA,NA,"PA and AP",244543
"male","45-49","sc_cycle_deaths_pa_ap_all_cause_lb",7.60468,"bogota","Cycling","L1: All Cause",NA,NA,"PA and AP",215491
"male","50-54","sc_cycle_deaths_pa_ap_all_cause_lb",7.60032,"bogota","Cycling","L1: All Cause",NA,NA,"PA and AP",209137
"male","55-59","sc_cycle_deaths_pa_ap_all_cause_lb",10.08961,"bogota","Cycling","L1: All Cause",NA,NA,"PA and AP",187551
"male","60-64","sc_cycle_deaths_pa_ap_all_cause_lb",14.67836,"bogota","Cycling","L1: All Cause",NA,NA,"PA and AP",146500
"male","65-69","sc_cycle_deaths_pa_ap_all_cause_lb",18.06343,"bogota","Cycling","L1: All Cause",NA,NA,"PA and AP",105412
"female","15-19","sc_cycle_deaths_pa_ap_all_cause_lb",0.86844,"bogota","Cycling","L1: All Cause",NA,NA,"PA and AP",279280
"female","20-24","sc_cycle_deaths_pa_ap_all_cause_lb",1.81578,"bogota","Cycling","L1: All Cause",NA,NA,"PA and AP",360197
"female","25-29","sc_cycle_deaths_pa_ap_all_cause_lb",2.30111,"bogota","Cycling","L1: All Cause",NA,NA,"PA and AP",364423
"female","30-34","sc_cycle_deaths_pa_ap_all_cause_lb",2.94053,"bogota","Cycling","L1: All Cause",NA,NA,"PA and AP",330341
"female","35-39","sc_cycle_deaths_pa_ap_all_cause_lb",3.38664,"bogota","Cycling","L1: All Cause",NA,NA,"PA and AP",309304
"female","40-44","sc_cycle_deaths_pa_ap_all_cause_lb",4.30296,"bogota","Cycling","L1: All Cause",NA,NA,"PA and AP",275440
"female","45-49","sc_cycle_deaths_pa_ap_all_cause_lb",4.81414,"bogota","Cycling","L1: All Cause",NA,NA,"PA and AP",254843
"female","50-54","sc_cycle_deaths_pa_ap_all_cause_lb",9.28519,"bogota","Cycling","L1: All Cause",NA,NA,"PA and AP",256059
"female","55-59","sc_cycle_deaths_pa_ap_all_cause_lb",12.58625,"bogota","Cycling","L1: All Cause",NA,NA,"PA and AP",235548
"female","60-64","sc_cycle_deaths_pa_ap_all_cause_lb",14.26838,"bogota","Cycling","L1: All Cause",NA,NA,"PA and AP",189600
"female","65-69","sc_cycle_deaths_pa_ap_all_cause_lb",14.1856,"bogota","Cycling","L1: All Cause",NA,NA,"PA and AP",141409
"male","15-19","sc_car_deaths_pa_ap_all_cause_lb",-2.10532,"bogota","Car","L1: All Cause",NA,NA,"PA and AP",282736
"male","20-24","sc_car_deaths_pa_ap_all_cause_lb",-6.11589,"bogota","Car","L1: All Cause",NA,NA,"PA and AP",357934
"male","25-29","sc_car_deaths_pa_ap_all_cause_lb",-5.85499,"bogota","Car","L1: All Cause",NA,NA,"PA and AP",360031
"male","30-34","sc_car_deaths_pa_ap_all_cause_lb",-5.52547,"bogota","Car","L1: All Cause",NA,NA,"PA and AP",321492
"male","35-39","sc_car_deaths_pa_ap_all_cause_lb",-4.43699,"bogota","Car","L1: All Cause",NA,NA,"PA and AP",289808
"male","40-44","sc_car_deaths_pa_ap_all_cause_lb",-3.8604,"bogota","Car","L1: All Cause",NA,NA,"PA and AP",244543
"male","45-49","sc_car_deaths_pa_ap_all_cause_lb",-4.71445,"bogota","Car","L1: All Cause",NA,NA,"PA and AP",215491
"male","50-54","sc_car_deaths_pa_ap_all_cause_lb",-5.52842,"bogota","Car","L1: All Cause",NA,NA,"PA and AP",209137
"male","55-59","sc_car_deaths_pa_ap_all_cause_lb",-6.46117,"bogota","Car","L1: All Cause",NA,NA,"PA and AP",187551
"male","60-64","sc_car_deaths_pa_ap_all_cause_lb",-9.53492,"bogota","Car","L1: All Cause",NA,NA,"PA and AP",146500
"male","65-69","sc_car_deaths_pa_ap_all_cause_lb",-13.80961,"bogota","Car","L1: All Cause",NA,NA,"PA and AP",105412
"female","15-19","sc_car_deaths_pa_ap_all_cause_lb",-0.45052,"bogota","Car","L1: All Cause",NA,NA,"PA and AP",279280
"female","20-24","sc_car_deaths_pa_ap_all_cause_lb",-1.17936,"bogota","Car","L1: All Cause",NA,NA,"PA and AP",360197
"female","25-29","sc_car_deaths_pa_ap_all_cause_lb",-1.34911,"bogota","Car","L1: All Cause",NA,NA,"PA and AP",364423
"female","30-34","sc_car_deaths_pa_ap_all_cause_lb",-1.54923,"bogota","Car","L1: All Cause",NA,NA,"PA and AP",330341
"female","35-39","sc_car_deaths_pa_ap_all_cause_lb",-1.66577,"bogota","Car","L1: All Cause",NA,NA,"PA and AP",309304
"female","40-44","sc_car_deaths_pa_ap_all_cause_lb",-2.30452,"bogota","Car","L1: All Cause",NA,NA,"PA and AP",275440
"female","45-49","sc_car_deaths_pa_ap_all_cause_lb",-2.47347,"bogota","Car","L1: All Cause",NA,NA,"PA and AP",254843
"female","50-54","sc_car_deaths_pa_ap_all_cause_lb",-2.25296,"bogota","Car","L1: All Cause",NA,NA,"PA and AP",256059
"female","55-59","sc_car_deaths_pa_ap_all_cause_lb",-3.87247,"bogota","Car","L1: All Cause",NA,NA,"PA and AP",235548
"female","60-64","sc_car_deaths_pa_ap_all_cause_lb",-6.555,"bogota","Car","L1: All Cause",NA,NA,"PA and AP",189600
"female","65-69","sc_car_deaths_pa_ap_all_cause_lb",-7.93832,"bogota","Car","L1: All Cause",NA,NA,"PA and AP",141409
"male","15-19","sc_bus_deaths_pa_ap_all_cause_lb",-0.59868,"bogota","Bus","L1: All Cause",NA,NA,"PA and AP",282736
"male","20-24","sc_bus_deaths_pa_ap_all_cause_lb",-0.18632,"bogota","Bus","L1: All Cause",NA,NA,"PA and AP",357934
"male","25-29","sc_bus_deaths_pa_ap_all_cause_lb",0.01759,"bogota","Bus","L1: All Cause",NA,NA,"PA and AP",360031
"male","30-34","sc_bus_deaths_pa_ap_all_cause_lb",0.49176,"bogota","Bus","L1: All Cause",NA,NA,"PA and AP",321492
"male","35-39","sc_bus_deaths_pa_ap_all_cause_lb",0.63421,"bogota","Bus","L1: All Cause",NA,NA,"PA and AP",289808
"male","40-44","sc_bus_deaths_pa_ap_all_cause_lb",1.36685,"bogota","Bus","L1: All Cause",NA,NA,"PA and AP",244543
"male","45-49","sc_bus_deaths_pa_ap_all_cause_lb",-0.33866,"bogota","Bus","L1: All Cause",NA,NA,"PA and AP",215491
"male","50-54","sc_bus_deaths_pa_ap_all_cause_lb",0.10215,"bogota","Bus","L1: All Cause",NA,NA,"PA and AP",209137
"male","55-59","sc_bus_deaths_pa_ap_all_cause_lb",1.22535,"bogota","Bus","L1: All Cause",NA,NA,"PA and AP",187551
"male","60-64","sc_bus_deaths_pa_ap_all_cause_lb",-1.63212,"bogota","Bus","L1: All Cause",NA,NA,"PA and AP",146500
"male","65-69","sc_bus_deaths_pa_ap_all_cause_lb",-1.06044,"bogota","Bus","L1: All Cause",NA,NA,"PA and AP",105412
"female","15-19","sc_bus_deaths_pa_ap_all_cause_lb",0.01254,"bogota","Bus","L1: All Cause",NA,NA,"PA and AP",279280
"female","20-24","sc_bus_deaths_pa_ap_all_cause_lb",0.03786,"bogota","Bus","L1: All Cause",NA,NA,"PA and AP",360197
"female","25-29","sc_bus_deaths_pa_ap_all_cause_lb",0.18668,"bogota","Bus","L1: All Cause",NA,NA,"PA and AP",364423
"female","30-34","sc_bus_deaths_pa_ap_all_cause_lb",0.23936,"bogota","Bus","L1: All Cause",NA,NA,"PA and AP",330341
"female","35-39","sc_bus_deaths_pa_ap_all_cause_lb",0.13321,"bogota","Bus","L1: All Cause",NA,NA,"PA and AP",309304
"female","40-44","sc_bus_deaths_pa_ap_all_cause_lb",0.40354,"bogota","Bus","L1: All Cause",NA,NA,"PA and AP",275440
"female","45-49","sc_bus_deaths_pa_ap_all_cause_lb",0.15167,"bogota","Bus","L1: All Cause",NA,NA,"PA and AP",254843
"female","50-54","sc_bus_deaths_pa_ap_all_cause_lb",0.96478,"bogota","Bus","L1: All Cause",NA,NA,"PA and AP",256059
"female","55-59","sc_bus_deaths_pa_ap_all_cause_lb",1.85913,"bogota","Bus","L1: All Cause",NA,NA,"PA and AP",235548
"female","60-64","sc_bus_deaths_pa_ap_all_cause_lb",2.45166,"bogota","Bus","L1: All Cause",NA,NA,"PA and AP",189600
"female","65-69","sc_bus_deaths_pa_ap_all_cause_lb",2.31994,"bogota","Bus","L1: All Cause",NA,NA,"PA and AP",141409
"male","15-19","sc_cycle_deaths_pa_ap_all_cause_ub",1.57128,"bogota","Cycling","L1: All Cause",NA,NA,"PA and AP",282736
"male","20-24","sc_cycle_deaths_pa_ap_all_cause_ub",6.12027,"bogota","Cycling","L1: All Cause",NA,NA,"PA and AP",357934
"male","25-29","sc_cycle_deaths_pa_ap_all_cause_ub",7.8395,"bogota","Cycling","L1: All Cause",NA,NA,"PA and AP",360031
"male","30-34","sc_cycle_deaths_pa_ap_all_cause_ub",6.98528,"bogota","Cycling","L1: All Cause",NA,NA,"PA and AP",321492
"male","35-39","sc_cycle_deaths_pa_ap_all_cause_ub",6.02689,"bogota","Cycling","L1: All Cause",NA,NA,"PA and AP",289808
"male","40-44","sc_cycle_deaths_pa_ap_all_cause_ub",5.07276,"bogota","Cycling","L1: All Cause",NA,NA,"PA and AP",244543
"male","45-49","sc_cycle_deaths_pa_ap_all_cause_ub",5.37374,"bogota","Cycling","L1: All Cause",NA,NA,"PA and AP",215491
"male","50-54","sc_cycle_deaths_pa_ap_all_cause_ub",5.42961,"bogota","Cycling","L1: All Cause",NA,NA,"PA and AP",209137
"male","55-59","sc_cycle_deaths_pa_ap_all_cause_ub",7.05626,"bogota","Cycling","L1: All Cause",NA,NA,"PA and AP",187551
"male","60-64","sc_cycle_deaths_pa_ap_all_cause_ub",10.53127,"bogota","Cycling","L1: All Cause",NA,NA,"PA and AP",146500
"male","65-69","sc_cycle_deaths_pa_ap_all_cause_ub",12.9112,"bogota","Cycling","L1: All Cause",NA,NA,"PA and AP",105412
"female","15-19","sc_cycle_deaths_pa_ap_all_cause_ub",0.60884,"bogota","Cycling","L1: All Cause",NA,NA,"PA and AP",279280
"female","20-24","sc_cycle_deaths_pa_ap_all_cause_ub",1.2809,"bogota","Cycling","L1: All Cause",NA,NA,"PA and AP",360197
"female","25-29","sc_cycle_deaths_pa_ap_all_cause_ub",1.62261,"bogota","Cycling","L1: All Cause",NA,NA,"PA and AP",364423
"female","30-34","sc_cycle_deaths_pa_ap_all_cause_ub",2.07971,"bogota","Cycling","L1: All Cause",NA,NA,"PA and AP",330341
"female","35-39","sc_cycle_deaths_pa_ap_all_cause_ub",2.42068,"bogota","Cycling","L1: All Cause",NA,NA,"PA and AP",309304
"female","40-44","sc_cycle_deaths_pa_ap_all_cause_ub",3.0533,"bogota","Cycling","L1: All Cause",NA,NA,"PA and AP",275440
"female","45-49","sc_cycle_deaths_pa_ap_all_cause_ub",3.43869,"bogota","Cycling","L1: All Cause",NA,NA,"PA and AP",254843
"female","50-54","sc_cycle_deaths_pa_ap_all_cause_ub",6.63437,"bogota","Cycling","L1: All Cause",NA,NA,"PA and AP",256059
"female","55-59","sc_cycle_deaths_pa_ap_all_cause_ub",9.06483,"bogota","Cycling","L1: All Cause",NA,NA,"PA and AP",235548
"female","60-64","sc_cycle_deaths_pa_ap_all_cause_ub",10.28194,"bogota","Cycling","L1: All Cause",NA,NA,"PA and AP",189600
"female","65-69","sc_cycle_deaths_pa_ap_all_cause_ub",10.25513,"bogota","Cycling","L1: All Cause",NA,NA,"PA and AP",141409
"male","15-19","sc_car_deaths_pa_ap_all_cause_ub",-1.50895,"bogota","Car","L1: All Cause",NA,NA,"PA and AP",282736
"male","20-24","sc_car_deaths_pa_ap_all_cause_ub",-4.4685,"bogota","Car","L1: All Cause",NA,NA,"PA and AP",357934
"male","25-29","sc_car_deaths_pa_ap_all_cause_ub",-4.32139,"bogota","Car","L1: All Cause",NA,NA,"PA and AP",360031
"male","30-34","sc_car_deaths_pa_ap_all_cause_ub",-4.05394,"bogota","Car","L1: All Cause",NA,NA,"PA and AP",321492
"male","35-39","sc_car_deaths_pa_ap_all_cause_ub",-3.29044,"bogota","Car","L1: All Cause",NA,NA,"PA and AP",289808
"male","40-44","sc_car_deaths_pa_ap_all_cause_ub",-2.79885,"bogota","Car","L1: All Cause",NA,NA,"PA and AP",244543
"male","45-49","sc_car_deaths_pa_ap_all_cause_ub",-3.46244,"bogota","Car","L1: All Cause",NA,NA,"PA and AP",215491
"male","50-54","sc_car_deaths_pa_ap_all_cause_ub",-4.00254,"bogota","Car","L1: All Cause",NA,NA,"PA and AP",209137
"male","55-59","sc_car_deaths_pa_ap_all_cause_ub",-4.69162,"bogota","Car","L1: All Cause",NA,NA,"PA and AP",187551
"male","60-64","sc_car_deaths_pa_ap_all_cause_ub",-6.8447,"bogota","Car","L1: All Cause",NA,NA,"PA and AP",146500
"male","65-69","sc_car_deaths_pa_ap_all_cause_ub",-9.8506,"bogota","Car","L1: All Cause",NA,NA,"PA and AP",105412
"female","15-19","sc_car_deaths_pa_ap_all_cause_ub",-0.32813,"bogota","Car","L1: All Cause",NA,NA,"PA and AP",279280
"female","20-24","sc_car_deaths_pa_ap_all_cause_ub",-0.861,"bogota","Car","L1: All Cause",NA,NA,"PA and AP",360197
"female","25-29","sc_car_deaths_pa_ap_all_cause_ub",-0.98998,"bogota","Car","L1: All Cause",NA,NA,"PA and AP",364423
"female","30-34","sc_car_deaths_pa_ap_all_cause_ub",-1.13525,"bogota","Car","L1: All Cause",NA,NA,"PA and AP",330341
"female","35-39","sc_car_deaths_pa_ap_all_cause_ub",-1.22902,"bogota","Car","L1: All Cause",NA,NA,"PA and AP",309304
"female","40-44","sc_car_deaths_pa_ap_all_cause_ub",-1.69968,"bogota","Car","L1: All Cause",NA,NA,"PA and AP",275440
"female","45-49","sc_car_deaths_pa_ap_all_cause_ub",-1.83482,"bogota","Car","L1: All Cause",NA,NA,"PA and AP",254843
"female","50-54","sc_car_deaths_pa_ap_all_cause_ub",-1.66448,"bogota","Car","L1: All Cause",NA,NA,"PA and AP",256059
"female","55-59","sc_car_deaths_pa_ap_all_cause_ub",-2.82863,"bogota","Car","L1: All Cause",NA,NA,"PA and AP",235548
"female","60-64","sc_car_deaths_pa_ap_all_cause_ub",-4.72504,"bogota","Car","L1: All Cause",NA,NA,"PA and AP",189600
"female","65-69","sc_car_deaths_pa_ap_all_cause_ub",-5.67062,"bogota","Car","L1: All Cause",NA,NA,"PA and AP",141409
"male","15-19","sc_bus_deaths_pa_ap_all_cause_ub",-0.41782,"bogota","Bus","L1: All Cause",NA,NA,"PA and AP",282736
"male","20-24","sc_bus_deaths_pa_ap_all_cause_ub",-0.15038,"bogota","Bus","L1: All Cause",NA,NA,"PA and AP",357934
"male","25-29","sc_bus_deaths_pa_ap_all_cause_ub",0.00916,"bogota","Bus","L1: All Cause",NA,NA,"PA and AP",360031
"male","30-34","sc_bus_deaths_pa_ap_all_cause_ub",0.32805,"bogota","Bus","L1: All Cause",NA,NA,"PA and AP",321492
"male","35-39","sc_bus_deaths_pa_ap_all_cause_ub",0.46184,"bogota","Bus","L1: All Cause",NA,NA,"PA and AP",289808
"male","40-44","sc_bus_deaths_pa_ap_all_cause_ub",0.98999,"bogota","Bus","L1: All Cause",NA,NA,"PA and AP",244543
"male","45-49","sc_bus_deaths_pa_ap_all_cause_ub",-0.27111,"bogota","Bus","L1: All Cause",NA,NA,"PA and AP",215491
"male","50-54","sc_bus_deaths_pa_ap_all_cause_ub",0.07204,"bogota","Bus","L1: All Cause",NA,NA,"PA and AP",209137
"male","55-59","sc_bus_deaths_pa_ap_all_cause_ub",0.86232,"bogota","Bus","L1: All Cause",NA,NA,"PA and AP",187551
"male","60-64","sc_bus_deaths_pa_ap_all_cause_ub",-1.06765,"bogota","Bus","L1: All Cause",NA,NA,"PA and AP",146500
"male","65-69","sc_bus_deaths_pa_ap_all_cause_ub",-0.68691,"bogota","Bus","L1: All Cause",NA,NA,"PA and AP",105412
"female","15-19","sc_bus_deaths_pa_ap_all_cause_ub",0.01029,"bogota","Bus","L1: All Cause",NA,NA,"PA and AP",279280
"female","20-24","sc_bus_deaths_pa_ap_all_cause_ub",0.03427,"bogota","Bus","L1: All Cause",NA,NA,"PA and AP",360197
"female","25-29","sc_bus_deaths_pa_ap_all_cause_ub",0.14025,"bogota","Bus","L1: All Cause",NA,NA,"PA and AP",364423
"female","30-34","sc_bus_deaths_pa_ap_all_cause_ub",0.16949,"bogota","Bus","L1: All Cause",NA,NA,"PA and AP",330341
"female","35-39","sc_bus_deaths_pa_ap_all_cause_ub",0.11452,"bogota","Bus","L1: All Cause",NA,NA,"PA and AP",309304
"female","40-44","sc_bus_deaths_pa_ap_all_cause_ub",0.30864,"bogota","Bus","L1: All Cause",NA,NA,"PA and AP",275440
"female","45-49","sc_bus_deaths_pa_ap_all_cause_ub",0.10315,"bogota","Bus","L1: All Cause",NA,NA,"PA and AP",254843
"female","50-54","sc_bus_deaths_pa_ap_all_cause_ub",0.70292,"bogota","Bus","L1: All Cause",NA,NA,"PA and AP",256059
"female","55-59","sc_bus_deaths_pa_ap_all_cause_ub",1.3544,"bogota","Bus","L1: All Cause",NA,NA,"PA and AP",235548
"female","60-64","sc_bus_deaths_pa_ap_all_cause_ub",1.75963,"bogota","Bus","L1: All Cause",NA,NA,"PA and AP",189600
"female","65-69","sc_bus_deaths_pa_ap_all_cause_ub",1.68757,"bogota","Bus","L1: All Cause",NA,NA,"PA and AP",141409
"male","15-19","sc_cycle_deaths_pa_ap_IHD",0.01439,"bogota","Cycling",NA,NA,"L3: IHD","PA and AP",282736
"male","20-24","sc_cycle_deaths_pa_ap_IHD",0.05744,"bogota","Cycling",NA,NA,"L3: IHD","PA and AP",357934
"male","25-29","sc_cycle_deaths_pa_ap_IHD",0.07979,"bogota","Cycling",NA,NA,"L3: IHD","PA and AP",360031
"male","30-34","sc_cycle_deaths_pa_ap_IHD",0.14746,"bogota","Cycling",NA,NA,"L3: IHD","PA and AP",321492
"male","35-39","sc_cycle_deaths_pa_ap_IHD",0.23581,"bogota","Cycling",NA,NA,"L3: IHD","PA and AP",289808
"male","40-44","sc_cycle_deaths_pa_ap_IHD",0.34462,"bogota","Cycling",NA,NA,"L3: IHD","PA and AP",244543
"male","45-49","sc_cycle_deaths_pa_ap_IHD",0.60487,"bogota","Cycling",NA,NA,"L3: IHD","PA and AP",215491
"male","50-54","sc_cycle_deaths_pa_ap_IHD",0.83022,"bogota","Cycling",NA,NA,"L3: IHD","PA and AP",209137
"male","55-59","sc_cycle_deaths_pa_ap_IHD",1.34628,"bogota","Cycling",NA,NA,"L3: IHD","PA and AP",187551
"male","60-64","sc_cycle_deaths_pa_ap_IHD",2.20724,"bogota","Cycling",NA,NA,"L3: IHD","PA and AP",146500
"male","65-69","sc_cycle_deaths_pa_ap_IHD",2.91585,"bogota","Cycling",NA,NA,"L3: IHD","PA and AP",105412
"female","15-19","sc_cycle_deaths_pa_ap_IHD",0.00965,"bogota","Cycling",NA,NA,"L3: IHD","PA and AP",279280
"female","20-24","sc_cycle_deaths_pa_ap_IHD",0.02801,"bogota","Cycling",NA,NA,"L3: IHD","PA and AP",360197
"female","25-29","sc_cycle_deaths_pa_ap_IHD",0.02868,"bogota","Cycling",NA,NA,"L3: IHD","PA and AP",364423
"female","30-34","sc_cycle_deaths_pa_ap_IHD",0.05023,"bogota","Cycling",NA,NA,"L3: IHD","PA and AP",330341
"female","35-39","sc_cycle_deaths_pa_ap_IHD",0.08927,"bogota","Cycling",NA,NA,"L3: IHD","PA and AP",309304
"female","40-44","sc_cycle_deaths_pa_ap_IHD",0.18469,"bogota","Cycling",NA,NA,"L3: IHD","PA and AP",275440
"female","45-49","sc_cycle_deaths_pa_ap_IHD",0.28018,"bogota","Cycling",NA,NA,"L3: IHD","PA and AP",254843
"female","50-54","sc_cycle_deaths_pa_ap_IHD",0.71968,"bogota","Cycling",NA,NA,"L3: IHD","PA and AP",256059
"female","55-59","sc_cycle_deaths_pa_ap_IHD",1.17927,"bogota","Cycling",NA,NA,"L3: IHD","PA and AP",235548
"female","60-64","sc_cycle_deaths_pa_ap_IHD",1.59204,"bogota","Cycling",NA,NA,"L3: IHD","PA and AP",189600
"female","65-69","sc_cycle_deaths_pa_ap_IHD",1.79195,"bogota","Cycling",NA,NA,"L3: IHD","PA and AP",141409
"male","15-19","sc_car_deaths_pa_ap_IHD",-0.0122,"bogota","Car",NA,NA,"L3: IHD","PA and AP",282736
"male","20-24","sc_car_deaths_pa_ap_IHD",-0.03498,"bogota","Car",NA,NA,"L3: IHD","PA and AP",357934
"male","25-29","sc_car_deaths_pa_ap_IHD",-0.06132,"bogota","Car",NA,NA,"L3: IHD","PA and AP",360031
"male","30-34","sc_car_deaths_pa_ap_IHD",-0.1091,"bogota","Car",NA,NA,"L3: IHD","PA and AP",321492
"male","35-39","sc_car_deaths_pa_ap_IHD",-0.16085,"bogota","Car",NA,NA,"L3: IHD","PA and AP",289808
"male","40-44","sc_car_deaths_pa_ap_IHD",-0.21868,"bogota","Car",NA,NA,"L3: IHD","PA and AP",244543
"male","45-49","sc_car_deaths_pa_ap_IHD",-0.43279,"bogota","Car",NA,NA,"L3: IHD","PA and AP",215491
"male","50-54","sc_car_deaths_pa_ap_IHD",-0.68427,"bogota","Car",NA,NA,"L3: IHD","PA and AP",209137
"male","55-59","sc_car_deaths_pa_ap_IHD",-0.98809,"bogota","Car",NA,NA,"L3: IHD","PA and AP",187551
"male","60-64","sc_car_deaths_pa_ap_IHD",-1.55159,"bogota","Car",NA,NA,"L3: IHD","PA and AP",146500
"male","65-69","sc_car_deaths_pa_ap_IHD",-2.35098,"bogota","Car",NA,NA,"L3: IHD","PA and AP",105412
"female","15-19","sc_car_deaths_pa_ap_IHD",-0.00427,"bogota","Car",NA,NA,"L3: IHD","PA and AP",279280
"female","20-24","sc_car_deaths_pa_ap_IHD",-0.01533,"bogota","Car",NA,NA,"L3: IHD","PA and AP",360197
"female","25-29","sc_car_deaths_pa_ap_IHD",-0.02581,"bogota","Car",NA,NA,"L3: IHD","PA and AP",364423
"female","30-34","sc_car_deaths_pa_ap_IHD",-0.03779,"bogota","Car",NA,NA,"L3: IHD","PA and AP",330341
"female","35-39","sc_car_deaths_pa_ap_IHD",-0.06031,"bogota","Car",NA,NA,"L3: IHD","PA and AP",309304
"female","40-44","sc_car_deaths_pa_ap_IHD",-0.12836,"bogota","Car",NA,NA,"L3: IHD","PA and AP",275440
"female","45-49","sc_car_deaths_pa_ap_IHD",-0.18447,"bogota","Car",NA,NA,"L3: IHD","PA and AP",254843
"female","50-54","sc_car_deaths_pa_ap_IHD",-0.20937,"bogota","Car",NA,NA,"L3: IHD","PA and AP",256059
"female","55-59","sc_car_deaths_pa_ap_IHD",-0.42178,"bogota","Car",NA,NA,"L3: IHD","PA and AP",235548
"female","60-64","sc_car_deaths_pa_ap_IHD",-0.82063,"bogota","Car",NA,NA,"L3: IHD","PA and AP",189600
"female","65-69","sc_car_deaths_pa_ap_IHD",-1.09875,"bogota","Car",NA,NA,"L3: IHD","PA and AP",141409
"male","15-19","sc_bus_deaths_pa_ap_IHD",-0.0045,"bogota","Bus",NA,NA,"L3: IHD","PA and AP",282736
"male","20-24","sc_bus_deaths_pa_ap_IHD",-0.00436,"bogota","Bus",NA,NA,"L3: IHD","PA and AP",357934
"male","25-29","sc_bus_deaths_pa_ap_IHD",0.01151,"bogota","Bus",NA,NA,"L3: IHD","PA and AP",360031
"male","30-34","sc_bus_deaths_pa_ap_IHD",0.03343,"bogota","Bus",NA,NA,"L3: IHD","PA and AP",321492
"male","35-39","sc_bus_deaths_pa_ap_IHD",0.05974,"bogota","Bus",NA,NA,"L3: IHD","PA and AP",289808
"male","40-44","sc_bus_deaths_pa_ap_IHD",0.11693,"bogota","Bus",NA,NA,"L3: IHD","PA and AP",244543
"male","45-49","sc_bus_deaths_pa_ap_IHD",0.02723,"bogota","Bus",NA,NA,"L3: IHD","PA and AP",215491
"male","50-54","sc_bus_deaths_pa_ap_IHD",0.12828,"bogota","Bus",NA,NA,"L3: IHD","PA and AP",209137
"male","55-59","sc_bus_deaths_pa_ap_IHD",0.27535,"bogota","Bus",NA,NA,"L3: IHD","PA and AP",187551
"male","60-64","sc_bus_deaths_pa_ap_IHD",-0.14032,"bogota","Bus",NA,NA,"L3: IHD","PA and AP",146500
"male","65-69","sc_bus_deaths_pa_ap_IHD",-0.05151,"bogota","Bus",NA,NA,"L3: IHD","PA and AP",105412
"female","15-19","sc_bus_deaths_pa_ap_IHD",-0.00007,"bogota","Bus",NA,NA,"L3: IHD","PA and AP",279280
"female","20-24","sc_bus_deaths_pa_ap_IHD",-0.0003,"bogota","Bus",NA,NA,"L3: IHD","PA and AP",360197
"female","25-29","sc_bus_deaths_pa_ap_IHD",0.00605,"bogota","Bus",NA,NA,"L3: IHD","PA and AP",364423
"female","30-34","sc_bus_deaths_pa_ap_IHD",0.00871,"bogota","Bus",NA,NA,"L3: IHD","PA and AP",330341
"female","35-39","sc_bus_deaths_pa_ap_IHD",0.01237,"bogota","Bus",NA,NA,"L3: IHD","PA and AP",309304
"female","40-44","sc_bus_deaths_pa_ap_IHD",0.03307,"bogota","Bus",NA,NA,"L3: IHD","PA and AP",275440
"female","45-49","sc_bus_deaths_pa_ap_IHD",0.02259,"bogota","Bus",NA,NA,"L3: IHD","PA and AP",254843
"female","50-54","sc_bus_deaths_pa_ap_IHD",0.09661,"bogota","Bus",NA,NA,"L3: IHD","PA and AP",256059
"female","55-59","sc_bus_deaths_pa_ap_IHD",0.21279,"bogota","Bus",NA,NA,"L3: IHD","PA and AP",235548
"female","60-64","sc_bus_deaths_pa_ap_IHD",0.32336,"bogota","Bus",NA,NA,"L3: IHD","PA and AP",189600
"female","65-69","sc_bus_deaths_pa_ap_IHD",0.34765,"bogota","Bus",NA,NA,"L3: IHD","PA and AP",141409
"male","15-19","sc_cycle_deaths_pa_ap_IHD_lb",0.01901,"bogota","Cycling",NA,NA,"L3: IHD","PA and AP",282736
"male","20-24","sc_cycle_deaths_pa_ap_IHD_lb",0.0754,"bogota","Cycling",NA,NA,"L3: IHD","PA and AP",357934
"male","25-29","sc_cycle_deaths_pa_ap_IHD_lb",0.11507,"bogota","Cycling",NA,NA,"L3: IHD","PA and AP",360031
"male","30-34","sc_cycle_deaths_pa_ap_IHD_lb",0.21385,"bogota","Cycling",NA,NA,"L3: IHD","PA and AP",321492
"male","35-39","sc_cycle_deaths_pa_ap_IHD_lb",0.32973,"bogota","Cycling",NA,NA,"L3: IHD","PA and AP",289808
"male","40-44","sc_cycle_deaths_pa_ap_IHD_lb",0.48024,"bogota","Cycling",NA,NA,"L3: IHD","PA and AP",244543
"male","45-49","sc_cycle_deaths_pa_ap_IHD_lb",0.84785,"bogota","Cycling",NA,NA,"L3: IHD","PA and AP",215491
"male","50-54","sc_cycle_deaths_pa_ap_IHD_lb",1.14528,"bogota","Cycling",NA,NA,"L3: IHD","PA and AP",209137
"male","55-59","sc_cycle_deaths_pa_ap_IHD_lb",1.89992,"bogota","Cycling",NA,NA,"L3: IHD","PA and AP",187551
"male","60-64","sc_cycle_deaths_pa_ap_IHD_lb",2.99143,"bogota","Cycling",NA,NA,"L3: IHD","PA and AP",146500
"male","65-69","sc_cycle_deaths_pa_ap_IHD_lb",3.96053,"bogota","Cycling",NA,NA,"L3: IHD","PA and AP",105412
"female","15-19","sc_cycle_deaths_pa_ap_IHD_lb",0.01266,"bogota","Cycling",NA,NA,"L3: IHD","PA and AP",279280
"female","20-24","sc_cycle_deaths_pa_ap_IHD_lb",0.03667,"bogota","Cycling",NA,NA,"L3: IHD","PA and AP",360197
"female","25-29","sc_cycle_deaths_pa_ap_IHD_lb",0.04218,"bogota","Cycling",NA,NA,"L3: IHD","PA and AP",364423
"female","30-34","sc_cycle_deaths_pa_ap_IHD_lb",0.07269,"bogota","Cycling",NA,NA,"L3: IHD","PA and AP",330341
"female","35-39","sc_cycle_deaths_pa_ap_IHD_lb",0.12588,"bogota","Cycling",NA,NA,"L3: IHD","PA and AP",309304
"female","40-44","sc_cycle_deaths_pa_ap_IHD_lb",0.2608,"bogota","Cycling",NA,NA,"L3: IHD","PA and AP",275440
"female","45-49","sc_cycle_deaths_pa_ap_IHD_lb",0.38971,"bogota","Cycling",NA,NA,"L3: IHD","PA and AP",254843
"female","50-54","sc_cycle_deaths_pa_ap_IHD_lb",0.99265,"bogota","Cycling",NA,NA,"L3: IHD","PA and AP",256059
"female","55-59","sc_cycle_deaths_pa_ap_IHD_lb",1.60398,"bogota","Cycling",NA,NA,"L3: IHD","PA and AP",235548
"female","60-64","sc_cycle_deaths_pa_ap_IHD_lb",2.15496,"bogota","Cycling",NA,NA,"L3: IHD","PA and AP",189600
"female","65-69","sc_cycle_deaths_pa_ap_IHD_lb",2.40603,"bogota","Cycling",NA,NA,"L3: IHD","PA and AP",141409
"male","15-19","sc_car_deaths_pa_ap_IHD_lb",-0.01655,"bogota","Car",NA,NA,"L3: IHD","PA and AP",282736
"male","20-24","sc_car_deaths_pa_ap_IHD_lb",-0.04727,"bogota","Car",NA,NA,"L3: IHD","PA and AP",357934
"male","25-29","sc_car_deaths_pa_ap_IHD_lb",-0.07923,"bogota","Car",NA,NA,"L3: IHD","PA and AP",360031
"male","30-34","sc_car_deaths_pa_ap_IHD_lb",-0.14311,"bogota","Car",NA,NA,"L3: IHD","PA and AP",321492
"male","35-39","sc_car_deaths_pa_ap_IHD_lb",-0.20817,"bogota","Car",NA,NA,"L3: IHD","PA and AP",289808
"male","40-44","sc_car_deaths_pa_ap_IHD_lb",-0.29329,"bogota","Car",NA,NA,"L3: IHD","PA and AP",244543
"male","45-49","sc_car_deaths_pa_ap_IHD_lb",-0.57077,"bogota","Car",NA,NA,"L3: IHD","PA and AP",215491
"male","50-54","sc_car_deaths_pa_ap_IHD_lb",-0.9208,"bogota","Car",NA,NA,"L3: IHD","PA and AP",209137
"male","55-59","sc_car_deaths_pa_ap_IHD_lb",-1.32215,"bogota","Car",NA,NA,"L3: IHD","PA and AP",187551
"male","60-64","sc_car_deaths_pa_ap_IHD_lb",-2.1092,"bogota","Car",NA,NA,"L3: IHD","PA and AP",146500
"male","65-69","sc_car_deaths_pa_ap_IHD_lb",-3.21723,"bogota","Car",NA,NA,"L3: IHD","PA and AP",105412
"female","15-19","sc_car_deaths_pa_ap_IHD_lb",-0.00587,"bogota","Car",NA,NA,"L3: IHD","PA and AP",279280
"female","20-24","sc_car_deaths_pa_ap_IHD_lb",-0.02107,"bogota","Car",NA,NA,"L3: IHD","PA and AP",360197
"female","25-29","sc_car_deaths_pa_ap_IHD_lb",-0.03354,"bogota","Car",NA,NA,"L3: IHD","PA and AP",364423
"female","30-34","sc_car_deaths_pa_ap_IHD_lb",-0.04948,"bogota","Car",NA,NA,"L3: IHD","PA and AP",330341
"female","35-39","sc_car_deaths_pa_ap_IHD_lb",-0.07844,"bogota","Car",NA,NA,"L3: IHD","PA and AP",309304
"female","40-44","sc_car_deaths_pa_ap_IHD_lb",-0.16756,"bogota","Car",NA,NA,"L3: IHD","PA and AP",275440
"female","45-49","sc_car_deaths_pa_ap_IHD_lb",-0.23931,"bogota","Car",NA,NA,"L3: IHD","PA and AP",254843
"female","50-54","sc_car_deaths_pa_ap_IHD_lb",-0.2738,"bogota","Car",NA,NA,"L3: IHD","PA and AP",256059
"female","55-59","sc_car_deaths_pa_ap_IHD_lb",-0.56126,"bogota","Car",NA,NA,"L3: IHD","PA and AP",235548
"female","60-64","sc_car_deaths_pa_ap_IHD_lb",-1.11169,"bogota","Car",NA,NA,"L3: IHD","PA and AP",189600
"female","65-69","sc_car_deaths_pa_ap_IHD_lb",-1.50663,"bogota","Car",NA,NA,"L3: IHD","PA and AP",141409
"male","15-19","sc_bus_deaths_pa_ap_IHD_lb",-0.00549,"bogota","Bus",NA,NA,"L3: IHD","PA and AP",282736
"male","20-24","sc_bus_deaths_pa_ap_IHD_lb",-0.00311,"bogota","Bus",NA,NA,"L3: IHD","PA and AP",357934
"male","25-29","sc_bus_deaths_pa_ap_IHD_lb",0.01329,"bogota","Bus",NA,NA,"L3: IHD","PA and AP",360031
"male","30-34","sc_bus_deaths_pa_ap_IHD_lb",0.04214,"bogota","Bus",NA,NA,"L3: IHD","PA and AP",321492
"male","35-39","sc_bus_deaths_pa_ap_IHD_lb",0.07417,"bogota","Bus",NA,NA,"L3: IHD","PA and AP",289808
"male","40-44","sc_bus_deaths_pa_ap_IHD_lb",0.1519,"bogota","Bus",NA,NA,"L3: IHD","PA and AP",244543
"male","45-49","sc_bus_deaths_pa_ap_IHD_lb",0.0366,"bogota","Bus",NA,NA,"L3: IHD","PA and AP",215491
"male","50-54","sc_bus_deaths_pa_ap_IHD_lb",0.16538,"bogota","Bus",NA,NA,"L3: IHD","PA and AP",209137
"male","55-59","sc_bus_deaths_pa_ap_IHD_lb",0.37719,"bogota","Bus",NA,NA,"L3: IHD","PA and AP",187551
"male","60-64","sc_bus_deaths_pa_ap_IHD_lb",-0.22292,"bogota","Bus",NA,NA,"L3: IHD","PA and AP",146500
"male","65-69","sc_bus_deaths_pa_ap_IHD_lb",-0.08239,"bogota","Bus",NA,NA,"L3: IHD","PA and AP",105412
"female","15-19","sc_bus_deaths_pa_ap_IHD_lb",0.00002,"bogota","Bus",NA,NA,"L3: IHD","PA and AP",279280
"female","20-24","sc_bus_deaths_pa_ap_IHD_lb",0.00001,"bogota","Bus",NA,NA,"L3: IHD","PA and AP",360197
"female","25-29","sc_bus_deaths_pa_ap_IHD_lb",0.00734,"bogota","Bus",NA,NA,"L3: IHD","PA and AP",364423
"female","30-34","sc_bus_deaths_pa_ap_IHD_lb",0.01126,"bogota","Bus",NA,NA,"L3: IHD","PA and AP",330341
"female","35-39","sc_bus_deaths_pa_ap_IHD_lb",0.01404,"bogota","Bus",NA,NA,"L3: IHD","PA and AP",309304
"female","40-44","sc_bus_deaths_pa_ap_IHD_lb",0.04071,"bogota","Bus",NA,NA,"L3: IHD","PA and AP",275440
"female","45-49","sc_bus_deaths_pa_ap_IHD_lb",0.03032,"bogota","Bus",NA,NA,"L3: IHD","PA and AP",254843
"female","50-54","sc_bus_deaths_pa_ap_IHD_lb",0.12803,"bogota","Bus",NA,NA,"L3: IHD","PA and AP",256059
"female","55-59","sc_bus_deaths_pa_ap_IHD_lb",0.28357,"bogota","Bus",NA,NA,"L3: IHD","PA and AP",235548
"female","60-64","sc_bus_deaths_pa_ap_IHD_lb",0.44037,"bogota","Bus",NA,NA,"L3: IHD","PA and AP",189600
"female","65-69","sc_bus_deaths_pa_ap_IHD_lb",0.47015,"bogota","Bus",NA,NA,"L3: IHD","PA and AP",141409
"male","15-19","sc_cycle_deaths_pa_ap_IHD_ub",0.00982,"bogota","Cycling",NA,NA,"L3: IHD","PA and AP",282736
"male","20-24","sc_cycle_deaths_pa_ap_IHD_ub",0.03949,"bogota","Cycling",NA,NA,"L3: IHD","PA and AP",357934
"male","25-29","sc_cycle_deaths_pa_ap_IHD_ub",0.04454,"bogota","Cycling",NA,NA,"L3: IHD","PA and AP",360031
"male","30-34","sc_cycle_deaths_pa_ap_IHD_ub",0.0822,"bogota","Cycling",NA,NA,"L3: IHD","PA and AP",321492
"male","35-39","sc_cycle_deaths_pa_ap_IHD_ub",0.14237,"bogota","Cycling",NA,NA,"L3: IHD","PA and AP",289808
"male","40-44","sc_cycle_deaths_pa_ap_IHD_ub",0.20996,"bogota","Cycling",NA,NA,"L3: IHD","PA and AP",244543
"male","45-49","sc_cycle_deaths_pa_ap_IHD_ub",0.36607,"bogota","Cycling",NA,NA,"L3: IHD","PA and AP",215491
"male","50-54","sc_cycle_deaths_pa_ap_IHD_ub",0.51653,"bogota","Cycling",NA,NA,"L3: IHD","PA and AP",209137
"male","55-59","sc_cycle_deaths_pa_ap_IHD_ub",0.80505,"bogota","Cycling",NA,NA,"L3: IHD","PA and AP",187551
"male","60-64","sc_cycle_deaths_pa_ap_IHD_ub",1.42597,"bogota","Cycling",NA,NA,"L3: IHD","PA and AP",146500
"male","65-69","sc_cycle_deaths_pa_ap_IHD_ub",1.87238,"bogota","Cycling",NA,NA,"L3: IHD","PA and AP",105412
"female","15-19","sc_cycle_deaths_pa_ap_IHD_ub",0.00661,"bogota","Cycling",NA,NA,"L3: IHD","PA and AP",279280
"female","20-24","sc_cycle_deaths_pa_ap_IHD_ub",0.01931,"bogota","Cycling",NA,NA,"L3: IHD","PA and AP",360197
"female","25-29","sc_cycle_deaths_pa_ap_IHD_ub",0.01515,"bogota","Cycling",NA,NA,"L3: IHD","PA and AP",364423
"female","30-34","sc_cycle_deaths_pa_ap_IHD_ub",0.02774,"bogota","Cycling",NA,NA,"L3: IHD","PA and AP",330341
"female","35-39","sc_cycle_deaths_pa_ap_IHD_ub",0.05246,"bogota","Cycling",NA,NA,"L3: IHD","PA and AP",309304
"female","40-44","sc_cycle_deaths_pa_ap_IHD_ub",0.10871,"bogota","Cycling",NA,NA,"L3: IHD","PA and AP",275440
"female","45-49","sc_cycle_deaths_pa_ap_IHD_ub",0.17034,"bogota","Cycling",NA,NA,"L3: IHD","PA and AP",254843
"female","50-54","sc_cycle_deaths_pa_ap_IHD_ub",0.44733,"bogota","Cycling",NA,NA,"L3: IHD","PA and AP",256059
"female","55-59","sc_cycle_deaths_pa_ap_IHD_ub",0.74887,"bogota","Cycling",NA,NA,"L3: IHD","PA and AP",235548
"female","60-64","sc_cycle_deaths_pa_ap_IHD_ub",1.02186,"bogota","Cycling",NA,NA,"L3: IHD","PA and AP",189600
"female","65-69","sc_cycle_deaths_pa_ap_IHD_ub",1.17426,"bogota","Cycling",NA,NA,"L3: IHD","PA and AP",141409
"male","15-19","sc_car_deaths_pa_ap_IHD_ub",-0.008,"bogota","Car",NA,NA,"L3: IHD","PA and AP",282736
"male","20-24","sc_car_deaths_pa_ap_IHD_ub",-0.02304,"bogota","Car",NA,NA,"L3: IHD","PA and AP",357934
"male","25-29","sc_car_deaths_pa_ap_IHD_ub",-0.04396,"bogota","Car",NA,NA,"L3: IHD","PA and AP",360031
"male","30-34","sc_car_deaths_pa_ap_IHD_ub",-0.07618,"bogota","Car",NA,NA,"L3: IHD","PA and AP",321492
"male","35-39","sc_car_deaths_pa_ap_IHD_ub",-0.11501,"bogota","Car",NA,NA,"L3: IHD","PA and AP",289808
"male","40-44","sc_car_deaths_pa_ap_IHD_ub",-0.1466,"bogota","Car",NA,NA,"L3: IHD","PA and AP",244543
"male","45-49","sc_car_deaths_pa_ap_IHD_ub",-0.2983,"bogota","Car",NA,NA,"L3: IHD","PA and AP",215491
"male","50-54","sc_car_deaths_pa_ap_IHD_ub",-0.45552,"bogota","Car",NA,NA,"L3: IHD","PA and AP",209137
"male","55-59","sc_car_deaths_pa_ap_IHD_ub",-0.66722,"bogota","Car",NA,NA,"L3: IHD","PA and AP",187551
"male","60-64","sc_car_deaths_pa_ap_IHD_ub",-1.01475,"bogota","Car",NA,NA,"L3: IHD","PA and AP",146500
"male","65-69","sc_car_deaths_pa_ap_IHD_ub",-1.51577,"bogota","Car",NA,NA,"L3: IHD","PA and AP",105412
"female","15-19","sc_car_deaths_pa_ap_IHD_ub",-0.00273,"bogota","Car",NA,NA,"L3: IHD","PA and AP",279280
"female","20-24","sc_car_deaths_pa_ap_IHD_ub",-0.0098,"bogota","Car",NA,NA,"L3: IHD","PA and AP",360197
"female","25-29","sc_car_deaths_pa_ap_IHD_ub",-0.01835,"bogota","Car",NA,NA,"L3: IHD","PA and AP",364423
"female","30-34","sc_car_deaths_pa_ap_IHD_ub",-0.02657,"bogota","Car",NA,NA,"L3: IHD","PA and AP",330341
"female","35-39","sc_car_deaths_pa_ap_IHD_ub",-0.04281,"bogota","Car",NA,NA,"L3: IHD","PA and AP",309304
"female","40-44","sc_car_deaths_pa_ap_IHD_ub",-0.09043,"bogota","Car",NA,NA,"L3: IHD","PA and AP",275440
"female","45-49","sc_car_deaths_pa_ap_IHD_ub",-0.13131,"bogota","Car",NA,NA,"L3: IHD","PA and AP",254843
"female","50-54","sc_car_deaths_pa_ap_IHD_ub",-0.147,"bogota","Car",NA,NA,"L3: IHD","PA and AP",256059
"female","55-59","sc_car_deaths_pa_ap_IHD_ub",-0.28719,"bogota","Car",NA,NA,"L3: IHD","PA and AP",235548
"female","60-64","sc_car_deaths_pa_ap_IHD_ub",-0.53959,"bogota","Car",NA,NA,"L3: IHD","PA and AP",189600
"female","65-69","sc_car_deaths_pa_ap_IHD_ub",-0.71031,"bogota","Car",NA,NA,"L3: IHD","PA and AP",141409
"male","15-19","sc_bus_deaths_pa_ap_IHD_ub",-0.00342,"bogota","Bus",NA,NA,"L3: IHD","PA and AP",282736
"male","20-24","sc_bus_deaths_pa_ap_IHD_ub",-0.005,"bogota","Bus",NA,NA,"L3: IHD","PA and AP",357934
"male","25-29","sc_bus_deaths_pa_ap_IHD_ub",0.01054,"bogota","Bus",NA,NA,"L3: IHD","PA and AP",360031
"male","30-34","sc_bus_deaths_pa_ap_IHD_ub",0.02706,"bogota","Bus",NA,NA,"L3: IHD","PA and AP",321492
"male","35-39","sc_bus_deaths_pa_ap_IHD_ub",0.04912,"bogota","Bus",NA,NA,"L3: IHD","PA and AP",289808
"male","40-44","sc_bus_deaths_pa_ap_IHD_ub",0.0865,"bogota","Bus",NA,NA,"L3: IHD","PA and AP",244543
"male","45-49","sc_bus_deaths_pa_ap_IHD_ub",0.02521,"bogota","Bus",NA,NA,"L3: IHD","PA and AP",215491
"male","50-54","sc_bus_deaths_pa_ap_IHD_ub",0.10551,"bogota","Bus",NA,NA,"L3: IHD","PA and AP",209137
"male","55-59","sc_bus_deaths_pa_ap_IHD_ub",0.19016,"bogota","Bus",NA,NA,"L3: IHD","PA and AP",187551
"male","60-64","sc_bus_deaths_pa_ap_IHD_ub",-0.04598,"bogota","Bus",NA,NA,"L3: IHD","PA and AP",146500
"male","65-69","sc_bus_deaths_pa_ap_IHD_ub",-0.00103,"bogota","Bus",NA,NA,"L3: IHD","PA and AP",105412
"female","15-19","sc_bus_deaths_pa_ap_IHD_ub",-0.00014,"bogota","Bus",NA,NA,"L3: IHD","PA and AP",279280
"female","20-24","sc_bus_deaths_pa_ap_IHD_ub",-0.00051,"bogota","Bus",NA,NA,"L3: IHD","PA and AP",360197
"female","25-29","sc_bus_deaths_pa_ap_IHD_ub",0.00493,"bogota","Bus",NA,NA,"L3: IHD","PA and AP",364423
"female","30-34","sc_bus_deaths_pa_ap_IHD_ub",0.00649,"bogota","Bus",NA,NA,"L3: IHD","PA and AP",330341
"female","35-39","sc_bus_deaths_pa_ap_IHD_ub",0.01107,"bogota","Bus",NA,NA,"L3: IHD","PA and AP",309304
"female","40-44","sc_bus_deaths_pa_ap_IHD_ub",0.02619,"bogota","Bus",NA,NA,"L3: IHD","PA and AP",275440
"female","45-49","sc_bus_deaths_pa_ap_IHD_ub",0.01655,"bogota","Bus",NA,NA,"L3: IHD","PA and AP",254843
"female","50-54","sc_bus_deaths_pa_ap_IHD_ub",0.06725,"bogota","Bus",NA,NA,"L3: IHD","PA and AP",256059
"female","55-59","sc_bus_deaths_pa_ap_IHD_ub",0.14589,"bogota","Bus",NA,NA,"L3: IHD","PA and AP",235548
"female","60-64","sc_bus_deaths_pa_ap_IHD_ub",0.21279,"bogota","Bus",NA,NA,"L3: IHD","PA and AP",189600
"female","65-69","sc_bus_deaths_pa_ap_IHD_ub",0.23515,"bogota","Bus",NA,NA,"L3: IHD","PA and AP",141409
"male","15-19","sc_cycle_deaths_pa_total_cancer",0.06113,"bogota","Cycling",NA,"L2: Cancer",NA,"PA",282736
"male","20-24","sc_cycle_deaths_pa_total_cancer",0.1628,"bogota","Cycling",NA,"L2: Cancer",NA,"PA",357934
"male","25-29","sc_cycle_deaths_pa_total_cancer",0.23214,"bogota","Cycling",NA,"L2: Cancer",NA,"PA",360031
"male","30-34","sc_cycle_deaths_pa_total_cancer",0.27166,"bogota","Cycling",NA,"L2: Cancer",NA,"PA",321492
"male","35-39","sc_cycle_deaths_pa_total_cancer",0.35225,"bogota","Cycling",NA,"L2: Cancer",NA,"PA",289808
"male","40-44","sc_cycle_deaths_pa_total_cancer",0.42862,"bogota","Cycling",NA,"L2: Cancer",NA,"PA",244543
"male","45-49","sc_cycle_deaths_pa_total_cancer",0.61394,"bogota","Cycling",NA,"L2: Cancer",NA,"PA",215491
"male","50-54","sc_cycle_deaths_pa_total_cancer",0.8765,"bogota","Cycling",NA,"L2: Cancer",NA,"PA",209137
"male","55-59","sc_cycle_deaths_pa_total_cancer",1.18853,"bogota","Cycling",NA,"L2: Cancer",NA,"PA",187551
"male","60-64","sc_cycle_deaths_pa_total_cancer",2.10187,"bogota","Cycling",NA,"L2: Cancer",NA,"PA",146500
"male","65-69","sc_cycle_deaths_pa_total_cancer",2.32509,"bogota","Cycling",NA,"L2: Cancer",NA,"PA",105412
"female","15-19","sc_cycle_deaths_pa_total_cancer",0.06097,"bogota","Cycling",NA,"L2: Cancer",NA,"PA",279280
"female","20-24","sc_cycle_deaths_pa_total_cancer",0.12425,"bogota","Cycling",NA,"L2: Cancer",NA,"PA",360197
"female","25-29","sc_cycle_deaths_pa_total_cancer",0.21107,"bogota","Cycling",NA,"L2: Cancer",NA,"PA",364423
"female","30-34","sc_cycle_deaths_pa_total_cancer",0.39537,"bogota","Cycling",NA,"L2: Cancer",NA,"PA",330341
"female","35-39","sc_cycle_deaths_pa_total_cancer",0.61632,"bogota","Cycling",NA,"L2: Cancer",NA,"PA",309304
"female","40-44","sc_cycle_deaths_pa_total_cancer",0.86941,"bogota","Cycling",NA,"L2: Cancer",NA,"PA",275440
"female","45-49","sc_cycle_deaths_pa_total_cancer",1.06589,"bogota","Cycling",NA,"L2: Cancer",NA,"PA",254843
"female","50-54","sc_cycle_deaths_pa_total_cancer",1.83777,"bogota","Cycling",NA,"L2: Cancer",NA,"PA",256059
"female","55-59","sc_cycle_deaths_pa_total_cancer",2.41768,"bogota","Cycling",NA,"L2: Cancer",NA,"PA",235548
"female","60-64","sc_cycle_deaths_pa_total_cancer",2.55466,"bogota","Cycling",NA,"L2: Cancer",NA,"PA",189600
"female","65-69","sc_cycle_deaths_pa_total_cancer",2.326,"bogota","Cycling",NA,"L2: Cancer",NA,"PA",141409
"male","15-19","sc_car_deaths_pa_total_cancer",-0.04654,"bogota","Car",NA,"L2: Cancer",NA,"PA",282736
"male","20-24","sc_car_deaths_pa_total_cancer",-0.08898,"bogota","Car",NA,"L2: Cancer",NA,"PA",357934
"male","25-29","sc_car_deaths_pa_total_cancer",-0.08903,"bogota","Car",NA,"L2: Cancer",NA,"PA",360031
"male","30-34","sc_car_deaths_pa_total_cancer",-0.12165,"bogota","Car",NA,"L2: Cancer",NA,"PA",321492
"male","35-39","sc_car_deaths_pa_total_cancer",-0.14065,"bogota","Car",NA,"L2: Cancer",NA,"PA",289808
"male","40-44","sc_car_deaths_pa_total_cancer",-0.18884,"bogota","Car",NA,"L2: Cancer",NA,"PA",244543
"male","45-49","sc_car_deaths_pa_total_cancer",-0.3238,"bogota","Car",NA,"L2: Cancer",NA,"PA",215491
"male","50-54","sc_car_deaths_pa_total_cancer",-0.50436,"bogota","Car",NA,"L2: Cancer",NA,"PA",209137
"male","55-59","sc_car_deaths_pa_total_cancer",-0.64138,"bogota","Car",NA,"L2: Cancer",NA,"PA",187551
"male","60-64","sc_car_deaths_pa_total_cancer",-1.02783,"bogota","Car",NA,"L2: Cancer",NA,"PA",146500
"male","65-69","sc_car_deaths_pa_total_cancer",-1.46712,"bogota","Car",NA,"L2: Cancer",NA,"PA",105412
"female","15-19","sc_car_deaths_pa_total_cancer",-0.02182,"bogota","Car",NA,"L2: Cancer",NA,"PA",279280
"female","20-24","sc_car_deaths_pa_total_cancer",-0.05535,"bogota","Car",NA,"L2: Cancer",NA,"PA",360197
"female","25-29","sc_car_deaths_pa_total_cancer",-0.08445,"bogota","Car",NA,"L2: Cancer",NA,"PA",364423
"female","30-34","sc_car_deaths_pa_total_cancer",-0.14901,"bogota","Car",NA,"L2: Cancer",NA,"PA",330341
"female","35-39","sc_car_deaths_pa_total_cancer",-0.20965,"bogota","Car",NA,"L2: Cancer",NA,"PA",309304
"female","40-44","sc_car_deaths_pa_total_cancer",-0.35213,"bogota","Car",NA,"L2: Cancer",NA,"PA",275440
"female","45-49","sc_car_deaths_pa_total_cancer",-0.37966,"bogota","Car",NA,"L2: Cancer",NA,"PA",254843
"female","50-54","sc_car_deaths_pa_total_cancer",-0.33691,"bogota","Car",NA,"L2: Cancer",NA,"PA",256059
"female","55-59","sc_car_deaths_pa_total_cancer",-0.53706,"bogota","Car",NA,"L2: Cancer",NA,"PA",235548
"female","60-64","sc_car_deaths_pa_total_cancer",-0.82643,"bogota","Car",NA,"L2: Cancer",NA,"PA",189600
"female","65-69","sc_car_deaths_pa_total_cancer",-0.86452,"bogota","Car",NA,"L2: Cancer",NA,"PA",141409
"male","15-19","sc_bus_deaths_pa_total_cancer",-0.02428,"bogota","Bus",NA,"L2: Cancer",NA,"PA",282736
"male","20-24","sc_bus_deaths_pa_total_cancer",-0.03266,"bogota","Bus",NA,"L2: Cancer",NA,"PA",357934
"male","25-29","sc_bus_deaths_pa_total_cancer",-0.03288,"bogota","Bus",NA,"L2: Cancer",NA,"PA",360031
"male","30-34","sc_bus_deaths_pa_total_cancer",-0.04183,"bogota","Bus",NA,"L2: Cancer",NA,"PA",321492
"male","35-39","sc_bus_deaths_pa_total_cancer",-0.04941,"bogota","Bus",NA,"L2: Cancer",NA,"PA",289808
"male","40-44","sc_bus_deaths_pa_total_cancer",-0.00966,"bogota","Bus",NA,"L2: Cancer",NA,"PA",244543
"male","45-49","sc_bus_deaths_pa_total_cancer",-0.13474,"bogota","Bus",NA,"L2: Cancer",NA,"PA",215491
"male","50-54","sc_bus_deaths_pa_total_cancer",-0.17828,"bogota","Bus",NA,"L2: Cancer",NA,"PA",209137
"male","55-59","sc_bus_deaths_pa_total_cancer",-0.06839,"bogota","Bus",NA,"L2: Cancer",NA,"PA",187551
"male","60-64","sc_bus_deaths_pa_total_cancer",-0.42584,"bogota","Bus",NA,"L2: Cancer",NA,"PA",146500
"male","65-69","sc_bus_deaths_pa_total_cancer",-0.41479,"bogota","Bus",NA,"L2: Cancer",NA,"PA",105412
"female","15-19","sc_bus_deaths_pa_total_cancer",-0.00236,"bogota","Bus",NA,"L2: Cancer",NA,"PA",279280
"female","20-24","sc_bus_deaths_pa_total_cancer",-0.00655,"bogota","Bus",NA,"L2: Cancer",NA,"PA",360197
"female","25-29","sc_bus_deaths_pa_total_cancer",-0.00411,"bogota","Bus",NA,"L2: Cancer",NA,"PA",364423
"female","30-34","sc_bus_deaths_pa_total_cancer",-0.0068,"bogota","Bus",NA,"L2: Cancer",NA,"PA",330341
"female","35-39","sc_bus_deaths_pa_total_cancer",-0.02605,"bogota","Bus",NA,"L2: Cancer",NA,"PA",309304
"female","40-44","sc_bus_deaths_pa_total_cancer",-0.00287,"bogota","Bus",NA,"L2: Cancer",NA,"PA",275440
"female","45-49","sc_bus_deaths_pa_total_cancer",-0.05251,"bogota","Bus",NA,"L2: Cancer",NA,"PA",254843
"female","50-54","sc_bus_deaths_pa_total_cancer",0.10317,"bogota","Bus",NA,"L2: Cancer",NA,"PA",256059
"female","55-59","sc_bus_deaths_pa_total_cancer",0.20752,"bogota","Bus",NA,"L2: Cancer",NA,"PA",235548
"female","60-64","sc_bus_deaths_pa_total_cancer",0.2312,"bogota","Bus",NA,"L2: Cancer",NA,"PA",189600
"female","65-69","sc_bus_deaths_pa_total_cancer",0.17687,"bogota","Bus",NA,"L2: Cancer",NA,"PA",141409
"male","15-19","sc_cycle_deaths_pa_total_cancer_lb",0.07632,"bogota","Cycling",NA,"L2: Cancer",NA,"PA",282736
"male","20-24","sc_cycle_deaths_pa_total_cancer_lb",0.20264,"bogota","Cycling",NA,"L2: Cancer",NA,"PA",357934
"male","25-29","sc_cycle_deaths_pa_total_cancer_lb",0.28956,"bogota","Cycling",NA,"L2: Cancer",NA,"PA",360031
"male","30-34","sc_cycle_deaths_pa_total_cancer_lb",0.33683,"bogota","Cycling",NA,"L2: Cancer",NA,"PA",321492
"male","35-39","sc_cycle_deaths_pa_total_cancer_lb",0.43367,"bogota","Cycling",NA,"L2: Cancer",NA,"PA",289808
"male","40-44","sc_cycle_deaths_pa_total_cancer_lb",0.53028,"bogota","Cycling",NA,"L2: Cancer",NA,"PA",244543
"male","45-49","sc_cycle_deaths_pa_total_cancer_lb",0.76186,"bogota","Cycling",NA,"L2: Cancer",NA,"PA",215491
"male","50-54","sc_cycle_deaths_pa_total_cancer_lb",1.0694,"bogota","Cycling",NA,"L2: Cancer",NA,"PA",209137
"male","55-59","sc_cycle_deaths_pa_total_cancer_lb",1.49005,"bogota","Cycling",NA,"L2: Cancer",NA,"PA",187551
"male","60-64","sc_cycle_deaths_pa_total_cancer_lb",2.57254,"bogota","Cycling",NA,"L2: Cancer",NA,"PA",146500
"male","65-69","sc_cycle_deaths_pa_total_cancer_lb",2.91459,"bogota","Cycling",NA,"L2: Cancer",NA,"PA",105412
"female","15-19","sc_cycle_deaths_pa_total_cancer_lb",0.07644,"bogota","Cycling",NA,"L2: Cancer",NA,"PA",279280
"female","20-24","sc_cycle_deaths_pa_total_cancer_lb",0.15456,"bogota","Cycling",NA,"L2: Cancer",NA,"PA",360197
"female","25-29","sc_cycle_deaths_pa_total_cancer_lb",0.26327,"bogota","Cycling",NA,"L2: Cancer",NA,"PA",364423
"female","30-34","sc_cycle_deaths_pa_total_cancer_lb",0.4897,"bogota","Cycling",NA,"L2: Cancer",NA,"PA",330341
"female","35-39","sc_cycle_deaths_pa_total_cancer_lb",0.75782,"bogota","Cycling",NA,"L2: Cancer",NA,"PA",309304
"female","40-44","sc_cycle_deaths_pa_total_cancer_lb",1.08006,"bogota","Cycling",NA,"L2: Cancer",NA,"PA",275440
"female","45-49","sc_cycle_deaths_pa_total_cancer_lb",1.31009,"bogota","Cycling",NA,"L2: Cancer",NA,"PA",254843
"female","50-54","sc_cycle_deaths_pa_total_cancer_lb",2.31245,"bogota","Cycling",NA,"L2: Cancer",NA,"PA",256059
"female","55-59","sc_cycle_deaths_pa_total_cancer_lb",3.03226,"bogota","Cycling",NA,"L2: Cancer",NA,"PA",235548
"female","60-64","sc_cycle_deaths_pa_total_cancer_lb",3.19509,"bogota","Cycling",NA,"L2: Cancer",NA,"PA",189600
"female","65-69","sc_cycle_deaths_pa_total_cancer_lb",2.88504,"bogota","Cycling",NA,"L2: Cancer",NA,"PA",141409
"male","15-19","sc_car_deaths_pa_total_cancer_lb",-0.05901,"bogota","Car",NA,"L2: Cancer",NA,"PA",282736
"male","20-24","sc_car_deaths_pa_total_cancer_lb",-0.11282,"bogota","Car",NA,"L2: Cancer",NA,"PA",357934
"male","25-29","sc_car_deaths_pa_total_cancer_lb",-0.11386,"bogota","Car",NA,"L2: Cancer",NA,"PA",360031
"male","30-34","sc_car_deaths_pa_total_cancer_lb",-0.15296,"bogota","Car",NA,"L2: Cancer",NA,"PA",321492
"male","35-39","sc_car_deaths_pa_total_cancer_lb",-0.17735,"bogota","Car",NA,"L2: Cancer",NA,"PA",289808
"male","40-44","sc_car_deaths_pa_total_cancer_lb",-0.23819,"bogota","Car",NA,"L2: Cancer",NA,"PA",244543
"male","45-49","sc_car_deaths_pa_total_cancer_lb",-0.40709,"bogota","Car",NA,"L2: Cancer",NA,"PA",215491
"male","50-54","sc_car_deaths_pa_total_cancer_lb",-0.63356,"bogota","Car",NA,"L2: Cancer",NA,"PA",209137
"male","55-59","sc_car_deaths_pa_total_cancer_lb",-0.80695,"bogota","Car",NA,"L2: Cancer",NA,"PA",187551
"male","60-64","sc_car_deaths_pa_total_cancer_lb",-1.30454,"bogota","Car",NA,"L2: Cancer",NA,"PA",146500
"male","65-69","sc_car_deaths_pa_total_cancer_lb",-1.87379,"bogota","Car",NA,"L2: Cancer",NA,"PA",105412
"female","15-19","sc_car_deaths_pa_total_cancer_lb",-0.02809,"bogota","Car",NA,"L2: Cancer",NA,"PA",279280
"female","20-24","sc_car_deaths_pa_total_cancer_lb",-0.07126,"bogota","Car",NA,"L2: Cancer",NA,"PA",360197
"female","25-29","sc_car_deaths_pa_total_cancer_lb",-0.10891,"bogota","Car",NA,"L2: Cancer",NA,"PA",364423
"female","30-34","sc_car_deaths_pa_total_cancer_lb",-0.18977,"bogota","Car",NA,"L2: Cancer",NA,"PA",330341
"female","35-39","sc_car_deaths_pa_total_cancer_lb",-0.26679,"bogota","Car",NA,"L2: Cancer",NA,"PA",309304
"female","40-44","sc_car_deaths_pa_total_cancer_lb",-0.44612,"bogota","Car",NA,"L2: Cancer",NA,"PA",275440
"female","45-49","sc_car_deaths_pa_total_cancer_lb",-0.48478,"bogota","Car",NA,"L2: Cancer",NA,"PA",254843
"female","50-54","sc_car_deaths_pa_total_cancer_lb",-0.43345,"bogota","Car",NA,"L2: Cancer",NA,"PA",256059
"female","55-59","sc_car_deaths_pa_total_cancer_lb",-0.69247,"bogota","Car",NA,"L2: Cancer",NA,"PA",235548
"female","60-64","sc_car_deaths_pa_total_cancer_lb",-1.06899,"bogota","Car",NA,"L2: Cancer",NA,"PA",189600
"female","65-69","sc_car_deaths_pa_total_cancer_lb",-1.12529,"bogota","Car",NA,"L2: Cancer",NA,"PA",141409
"male","15-19","sc_bus_deaths_pa_total_cancer_lb",-0.02905,"bogota","Bus",NA,"L2: Cancer",NA,"PA",282736
"male","20-24","sc_bus_deaths_pa_total_cancer_lb",-0.03642,"bogota","Bus",NA,"L2: Cancer",NA,"PA",357934
"male","25-29","sc_bus_deaths_pa_total_cancer_lb",-0.03666,"bogota","Bus",NA,"L2: Cancer",NA,"PA",360031
"male","30-34","sc_bus_deaths_pa_total_cancer_lb",-0.04531,"bogota","Bus",NA,"L2: Cancer",NA,"PA",321492
"male","35-39","sc_bus_deaths_pa_total_cancer_lb",-0.05193,"bogota","Bus",NA,"L2: Cancer",NA,"PA",289808
"male","40-44","sc_bus_deaths_pa_total_cancer_lb",-0.00008,"bogota","Bus",NA,"L2: Cancer",NA,"PA",244543
"male","45-49","sc_bus_deaths_pa_total_cancer_lb",-0.15365,"bogota","Bus",NA,"L2: Cancer",NA,"PA",215491
"male","50-54","sc_bus_deaths_pa_total_cancer_lb",-0.20314,"bogota","Bus",NA,"L2: Cancer",NA,"PA",209137
"male","55-59","sc_bus_deaths_pa_total_cancer_lb",-0.05796,"bogota","Bus",NA,"L2: Cancer",NA,"PA",187551
"male","60-64","sc_bus_deaths_pa_total_cancer_lb",-0.50909,"bogota","Bus",NA,"L2: Cancer",NA,"PA",146500
"male","65-69","sc_bus_deaths_pa_total_cancer_lb",-0.48988,"bogota","Bus",NA,"L2: Cancer",NA,"PA",105412
"female","15-19","sc_bus_deaths_pa_total_cancer_lb",-0.00254,"bogota","Bus",NA,"L2: Cancer",NA,"PA",279280
"female","20-24","sc_bus_deaths_pa_total_cancer_lb",-0.00737,"bogota","Bus",NA,"L2: Cancer",NA,"PA",360197
"female","25-29","sc_bus_deaths_pa_total_cancer_lb",-0.00244,"bogota","Bus",NA,"L2: Cancer",NA,"PA",364423
"female","30-34","sc_bus_deaths_pa_total_cancer_lb",-0.0028,"bogota","Bus",NA,"L2: Cancer",NA,"PA",330341
"female","35-39","sc_bus_deaths_pa_total_cancer_lb",-0.02793,"bogota","Bus",NA,"L2: Cancer",NA,"PA",309304
"female","40-44","sc_bus_deaths_pa_total_cancer_lb",0.00725,"bogota","Bus",NA,"L2: Cancer",NA,"PA",275440
"female","45-49","sc_bus_deaths_pa_total_cancer_lb",-0.05506,"bogota","Bus",NA,"L2: Cancer",NA,"PA",254843
"female","50-54","sc_bus_deaths_pa_total_cancer_lb",0.13875,"bogota","Bus",NA,"L2: Cancer",NA,"PA",256059
"female","55-59","sc_bus_deaths_pa_total_cancer_lb",0.27673,"bogota","Bus",NA,"L2: Cancer",NA,"PA",235548
"female","60-64","sc_bus_deaths_pa_total_cancer_lb",0.31283,"bogota","Bus",NA,"L2: Cancer",NA,"PA",189600
"female","65-69","sc_bus_deaths_pa_total_cancer_lb",0.23957,"bogota","Bus",NA,"L2: Cancer",NA,"PA",141409
"male","15-19","sc_cycle_deaths_pa_total_cancer_ub",0.04592,"bogota","Cycling",NA,"L2: Cancer",NA,"PA",282736
"male","20-24","sc_cycle_deaths_pa_total_cancer_ub",0.12281,"bogota","Cycling",NA,"L2: Cancer",NA,"PA",357934
"male","25-29","sc_cycle_deaths_pa_total_cancer_ub",0.17448,"bogota","Cycling",NA,"L2: Cancer",NA,"PA",360031
"male","30-34","sc_cycle_deaths_pa_total_cancer_ub",0.20664,"bogota","Cycling",NA,"L2: Cancer",NA,"PA",321492
"male","35-39","sc_cycle_deaths_pa_total_cancer_ub",0.27067,"bogota","Cycling",NA,"L2: Cancer",NA,"PA",289808
"male","40-44","sc_cycle_deaths_pa_total_cancer_ub",0.32685,"bogota","Cycling",NA,"L2: Cancer",NA,"PA",244543
"male","45-49","sc_cycle_deaths_pa_total_cancer_ub",0.4664,"bogota","Cycling",NA,"L2: Cancer",NA,"PA",215491
"male","50-54","sc_cycle_deaths_pa_total_cancer_ub",0.68313,"bogota","Cycling",NA,"L2: Cancer",NA,"PA",209137
"male","55-59","sc_cycle_deaths_pa_total_cancer_ub",0.88792,"bogota","Cycling",NA,"L2: Cancer",NA,"PA",187551
"male","60-64","sc_cycle_deaths_pa_total_cancer_ub",1.62924,"bogota","Cycling",NA,"L2: Cancer",NA,"PA",146500
"male","65-69","sc_cycle_deaths_pa_total_cancer_ub",1.73463,"bogota","Cycling",NA,"L2: Cancer",NA,"PA",105412
"female","15-19","sc_cycle_deaths_pa_total_cancer_ub",0.04538,"bogota","Cycling",NA,"L2: Cancer",NA,"PA",279280
"female","20-24","sc_cycle_deaths_pa_total_cancer_ub",0.09375,"bogota","Cycling",NA,"L2: Cancer",NA,"PA",360197
"female","25-29","sc_cycle_deaths_pa_total_cancer_ub",0.15859,"bogota","Cycling",NA,"L2: Cancer",NA,"PA",364423
"female","30-34","sc_cycle_deaths_pa_total_cancer_ub",0.30068,"bogota","Cycling",NA,"L2: Cancer",NA,"PA",330341
"female","35-39","sc_cycle_deaths_pa_total_cancer_ub",0.47396,"bogota","Cycling",NA,"L2: Cancer",NA,"PA",309304
"female","40-44","sc_cycle_deaths_pa_total_cancer_ub",0.65801,"bogota","Cycling",NA,"L2: Cancer",NA,"PA",275440
"female","45-49","sc_cycle_deaths_pa_total_cancer_ub",0.82043,"bogota","Cycling",NA,"L2: Cancer",NA,"PA",254843
"female","50-54","sc_cycle_deaths_pa_total_cancer_ub",1.361,"bogota","Cycling",NA,"L2: Cancer",NA,"PA",256059
"female","55-59","sc_cycle_deaths_pa_total_cancer_ub",1.79816,"bogota","Cycling",NA,"L2: Cancer",NA,"PA",235548
"female","60-64","sc_cycle_deaths_pa_total_cancer_ub",1.90864,"bogota","Cycling",NA,"L2: Cancer",NA,"PA",189600
"female","65-69","sc_cycle_deaths_pa_total_cancer_ub",1.76274,"bogota","Cycling",NA,"L2: Cancer",NA,"PA",141409
"male","15-19","sc_car_deaths_pa_total_cancer_ub",-0.03414,"bogota","Car",NA,"L2: Cancer",NA,"PA",282736
"male","20-24","sc_car_deaths_pa_total_cancer_ub",-0.0652,"bogota","Car",NA,"L2: Cancer",NA,"PA",357934
"male","25-29","sc_car_deaths_pa_total_cancer_ub",-0.06433,"bogota","Car",NA,"L2: Cancer",NA,"PA",360031
"male","30-34","sc_car_deaths_pa_total_cancer_ub",-0.09053,"bogota","Car",NA,"L2: Cancer",NA,"PA",321492
"male","35-39","sc_car_deaths_pa_total_cancer_ub",-0.10413,"bogota","Car",NA,"L2: Cancer",NA,"PA",289808
"male","40-44","sc_car_deaths_pa_total_cancer_ub",-0.13977,"bogota","Car",NA,"L2: Cancer",NA,"PA",244543
"male","45-49","sc_car_deaths_pa_total_cancer_ub",-0.24082,"bogota","Car",NA,"L2: Cancer",NA,"PA",215491
"male","50-54","sc_car_deaths_pa_total_cancer_ub",-0.37574,"bogota","Car",NA,"L2: Cancer",NA,"PA",209137
"male","55-59","sc_car_deaths_pa_total_cancer_ub",-0.47719,"bogota","Car",NA,"L2: Cancer",NA,"PA",187551
"male","60-64","sc_car_deaths_pa_total_cancer_ub",-0.75304,"bogota","Car",NA,"L2: Cancer",NA,"PA",146500
"male","65-69","sc_car_deaths_pa_total_cancer_ub",-1.0637,"bogota","Car",NA,"L2: Cancer",NA,"PA",105412
"female","15-19","sc_car_deaths_pa_total_cancer_ub",-0.01559,"bogota","Car",NA,"L2: Cancer",NA,"PA",279280
"female","20-24","sc_car_deaths_pa_total_cancer_ub",-0.03954,"bogota","Car",NA,"L2: Cancer",NA,"PA",360197
"female","25-29","sc_car_deaths_pa_total_cancer_ub",-0.06016,"bogota","Car",NA,"L2: Cancer",NA,"PA",364423
"female","30-34","sc_car_deaths_pa_total_cancer_ub",-0.10852,"bogota","Car",NA,"L2: Cancer",NA,"PA",330341
"female","35-39","sc_car_deaths_pa_total_cancer_ub",-0.15281,"bogota","Car",NA,"L2: Cancer",NA,"PA",309304
"female","40-44","sc_car_deaths_pa_total_cancer_ub",-0.25854,"bogota","Car",NA,"L2: Cancer",NA,"PA",275440
"female","45-49","sc_car_deaths_pa_total_cancer_ub",-0.27498,"bogota","Car",NA,"L2: Cancer",NA,"PA",254843
"female","50-54","sc_car_deaths_pa_total_cancer_ub",-0.24074,"bogota","Car",NA,"L2: Cancer",NA,"PA",256059
"female","55-59","sc_car_deaths_pa_total_cancer_ub",-0.38258,"bogota","Car",NA,"L2: Cancer",NA,"PA",235548
"female","60-64","sc_car_deaths_pa_total_cancer_ub",-0.58581,"bogota","Car",NA,"L2: Cancer",NA,"PA",189600
"female","65-69","sc_car_deaths_pa_total_cancer_ub",-0.60695,"bogota","Car",NA,"L2: Cancer",NA,"PA",141409
"male","15-19","sc_bus_deaths_pa_total_cancer_ub",-0.01942,"bogota","Bus",NA,"L2: Cancer",NA,"PA",282736
"male","20-24","sc_bus_deaths_pa_total_cancer_ub",-0.02857,"bogota","Bus",NA,"L2: Cancer",NA,"PA",357934
"male","25-29","sc_bus_deaths_pa_total_cancer_ub",-0.02874,"bogota","Bus",NA,"L2: Cancer",NA,"PA",360031
"male","30-34","sc_bus_deaths_pa_total_cancer_ub",-0.03773,"bogota","Bus",NA,"L2: Cancer",NA,"PA",321492
"male","35-39","sc_bus_deaths_pa_total_cancer_ub",-0.0461,"bogota","Bus",NA,"L2: Cancer",NA,"PA",289808
"male","40-44","sc_bus_deaths_pa_total_cancer_ub",-0.01837,"bogota","Bus",NA,"L2: Cancer",NA,"PA",244543
"male","45-49","sc_bus_deaths_pa_total_cancer_ub",-0.11454,"bogota","Bus",NA,"L2: Cancer",NA,"PA",215491
"male","50-54","sc_bus_deaths_pa_total_cancer_ub",-0.15118,"bogota","Bus",NA,"L2: Cancer",NA,"PA",209137
"male","55-59","sc_bus_deaths_pa_total_cancer_ub",-0.07646,"bogota","Bus",NA,"L2: Cancer",NA,"PA",187551
"male","60-64","sc_bus_deaths_pa_total_cancer_ub",-0.34068,"bogota","Bus",NA,"L2: Cancer",NA,"PA",146500
"male","65-69","sc_bus_deaths_pa_total_cancer_ub",-0.33685,"bogota","Bus",NA,"L2: Cancer",NA,"PA",105412
"female","15-19","sc_bus_deaths_pa_total_cancer_ub",-0.00214,"bogota","Bus",NA,"L2: Cancer",NA,"PA",279280
"female","20-24","sc_bus_deaths_pa_total_cancer_ub",-0.00565,"bogota","Bus",NA,"L2: Cancer",NA,"PA",360197
"female","25-29","sc_bus_deaths_pa_total_cancer_ub",-0.00559,"bogota","Bus",NA,"L2: Cancer",NA,"PA",364423
"female","30-34","sc_bus_deaths_pa_total_cancer_ub",-0.01046,"bogota","Bus",NA,"L2: Cancer",NA,"PA",330341
"female","35-39","sc_bus_deaths_pa_total_cancer_ub",-0.02377,"bogota","Bus",NA,"L2: Cancer",NA,"PA",309304
"female","40-44","sc_bus_deaths_pa_total_cancer_ub",-0.01238,"bogota","Bus",NA,"L2: Cancer",NA,"PA",275440
"female","45-49","sc_bus_deaths_pa_total_cancer_ub",-0.04903,"bogota","Bus",NA,"L2: Cancer",NA,"PA",254843
"female","50-54","sc_bus_deaths_pa_total_cancer_ub",0.06837,"bogota","Bus",NA,"L2: Cancer",NA,"PA",256059
"female","55-59","sc_bus_deaths_pa_total_cancer_ub",0.13925,"bogota","Bus",NA,"L2: Cancer",NA,"PA",235548
"female","60-64","sc_bus_deaths_pa_total_cancer_ub",0.1513,"bogota","Bus",NA,"L2: Cancer",NA,"PA",189600
"female","65-69","sc_bus_deaths_pa_total_cancer_ub",0.11589,"bogota","Bus",NA,"L2: Cancer",NA,"PA",141409
"male","15-19","sc_cycle_deaths_pa_ap_lung_cancer",0.00094,"bogota","Cycling",NA,NA,"L3: lung_cancer","PA and AP",282736
"male","20-24","sc_cycle_deaths_pa_ap_lung_cancer",0.00351,"bogota","Cycling",NA,NA,"L3: lung_cancer","PA and AP",357934
"male","25-29","sc_cycle_deaths_pa_ap_lung_cancer",0.00613,"bogota","Cycling",NA,NA,"L3: lung_cancer","PA and AP",360031
"male","30-34","sc_cycle_deaths_pa_ap_lung_cancer",0.01108,"bogota","Cycling",NA,NA,"L3: lung_cancer","PA and AP",321492
"male","35-39","sc_cycle_deaths_pa_ap_lung_cancer",0.01788,"bogota","Cycling",NA,NA,"L3: lung_cancer","PA and AP",289808
"male","40-44","sc_cycle_deaths_pa_ap_lung_cancer",0.02553,"bogota","Cycling",NA,NA,"L3: lung_cancer","PA and AP",244543
"male","45-49","sc_cycle_deaths_pa_ap_lung_cancer",0.04964,"bogota","Cycling",NA,NA,"L3: lung_cancer","PA and AP",215491
"male","50-54","sc_cycle_deaths_pa_ap_lung_cancer",0.08758,"bogota","Cycling",NA,NA,"L3: lung_cancer","PA and AP",209137
"male","55-59","sc_cycle_deaths_pa_ap_lung_cancer",0.14238,"bogota","Cycling",NA,NA,"L3: lung_cancer","PA and AP",187551
"male","60-64","sc_cycle_deaths_pa_ap_lung_cancer",0.2913,"bogota","Cycling",NA,NA,"L3: lung_cancer","PA and AP",146500
"male","65-69","sc_cycle_deaths_pa_ap_lung_cancer",0.33831,"bogota","Cycling",NA,NA,"L3: lung_cancer","PA and AP",105412
"female","15-19","sc_cycle_deaths_pa_ap_lung_cancer",0.001,"bogota","Cycling",NA,NA,"L3: lung_cancer","PA and AP",279280
"female","20-24","sc_cycle_deaths_pa_ap_lung_cancer",0.00254,"bogota","Cycling",NA,NA,"L3: lung_cancer","PA and AP",360197
"female","25-29","sc_cycle_deaths_pa_ap_lung_cancer",0.00482,"bogota","Cycling",NA,NA,"L3: lung_cancer","PA and AP",364423
"female","30-34","sc_cycle_deaths_pa_ap_lung_cancer",0.01113,"bogota","Cycling",NA,NA,"L3: lung_cancer","PA and AP",330341
"female","35-39","sc_cycle_deaths_pa_ap_lung_cancer",0.01871,"bogota","Cycling",NA,NA,"L3: lung_cancer","PA and AP",309304
"female","40-44","sc_cycle_deaths_pa_ap_lung_cancer",0.0323,"bogota","Cycling",NA,NA,"L3: lung_cancer","PA and AP",275440
"female","45-49","sc_cycle_deaths_pa_ap_lung_cancer",0.05483,"bogota","Cycling",NA,NA,"L3: lung_cancer","PA and AP",254843
"female","50-54","sc_cycle_deaths_pa_ap_lung_cancer",0.12947,"bogota","Cycling",NA,NA,"L3: lung_cancer","PA and AP",256059
"female","55-59","sc_cycle_deaths_pa_ap_lung_cancer",0.19972,"bogota","Cycling",NA,NA,"L3: lung_cancer","PA and AP",235548
"female","60-64","sc_cycle_deaths_pa_ap_lung_cancer",0.26138,"bogota","Cycling",NA,NA,"L3: lung_cancer","PA and AP",189600
"female","65-69","sc_cycle_deaths_pa_ap_lung_cancer",0.27178,"bogota","Cycling",NA,NA,"L3: lung_cancer","PA and AP",141409
"male","15-19","sc_car_deaths_pa_ap_lung_cancer",-0.00099,"bogota","Car",NA,NA,"L3: lung_cancer","PA and AP",282736
"male","20-24","sc_car_deaths_pa_ap_lung_cancer",-0.00293,"bogota","Car",NA,NA,"L3: lung_cancer","PA and AP",357934
"male","25-29","sc_car_deaths_pa_ap_lung_cancer",-0.00384,"bogota","Car",NA,NA,"L3: lung_cancer","PA and AP",360031
"male","30-34","sc_car_deaths_pa_ap_lung_cancer",-0.00756,"bogota","Car",NA,NA,"L3: lung_cancer","PA and AP",321492
"male","35-39","sc_car_deaths_pa_ap_lung_cancer",-0.01084,"bogota","Car",NA,NA,"L3: lung_cancer","PA and AP",289808
"male","40-44","sc_car_deaths_pa_ap_lung_cancer",-0.01471,"bogota","Car",NA,NA,"L3: lung_cancer","PA and AP",244543
"male","45-49","sc_car_deaths_pa_ap_lung_cancer",-0.0362,"bogota","Car",NA,NA,"L3: lung_cancer","PA and AP",215491
"male","50-54","sc_car_deaths_pa_ap_lung_cancer",-0.0659,"bogota","Car",NA,NA,"L3: lung_cancer","PA and AP",209137
"male","55-59","sc_car_deaths_pa_ap_lung_cancer",-0.11021,"bogota","Car",NA,NA,"L3: lung_cancer","PA and AP",187551
"male","60-64","sc_car_deaths_pa_ap_lung_cancer",-0.18035,"bogota","Car",NA,NA,"L3: lung_cancer","PA and AP",146500
"male","65-69","sc_car_deaths_pa_ap_lung_cancer",-0.25302,"bogota","Car",NA,NA,"L3: lung_cancer","PA and AP",105412
"female","15-19","sc_car_deaths_pa_ap_lung_cancer",-0.00063,"bogota","Car",NA,NA,"L3: lung_cancer","PA and AP",279280
"female","20-24","sc_car_deaths_pa_ap_lung_cancer",-0.00192,"bogota","Car",NA,NA,"L3: lung_cancer","PA and AP",360197
"female","25-29","sc_car_deaths_pa_ap_lung_cancer",-0.00338,"bogota","Car",NA,NA,"L3: lung_cancer","PA and AP",364423
"female","30-34","sc_car_deaths_pa_ap_lung_cancer",-0.00687,"bogota","Car",NA,NA,"L3: lung_cancer","PA and AP",330341
"female","35-39","sc_car_deaths_pa_ap_lung_cancer",-0.01029,"bogota","Car",NA,NA,"L3: lung_cancer","PA and AP",309304
"female","40-44","sc_car_deaths_pa_ap_lung_cancer",-0.02055,"bogota","Car",NA,NA,"L3: lung_cancer","PA and AP",275440
"female","45-49","sc_car_deaths_pa_ap_lung_cancer",-0.03234,"bogota","Car",NA,NA,"L3: lung_cancer","PA and AP",254843
"female","50-54","sc_car_deaths_pa_ap_lung_cancer",-0.03696,"bogota","Car",NA,NA,"L3: lung_cancer","PA and AP",256059
"female","55-59","sc_car_deaths_pa_ap_lung_cancer",-0.06514,"bogota","Car",NA,NA,"L3: lung_cancer","PA and AP",235548
"female","60-64","sc_car_deaths_pa_ap_lung_cancer",-0.11693,"bogota","Car",NA,NA,"L3: lung_cancer","PA and AP",189600
"female","65-69","sc_car_deaths_pa_ap_lung_cancer",-0.13699,"bogota","Car",NA,NA,"L3: lung_cancer","PA and AP",141409
"male","15-19","sc_bus_deaths_pa_ap_lung_cancer",-0.00027,"bogota","Bus",NA,NA,"L3: lung_cancer","PA and AP",282736
"male","20-24","sc_bus_deaths_pa_ap_lung_cancer",-0.00022,"bogota","Bus",NA,NA,"L3: lung_cancer","PA and AP",357934
"male","25-29","sc_bus_deaths_pa_ap_lung_cancer",-0.00014,"bogota","Bus",NA,NA,"L3: lung_cancer","PA and AP",360031
"male","30-34","sc_bus_deaths_pa_ap_lung_cancer",0.00011,"bogota","Bus",NA,NA,"L3: lung_cancer","PA and AP",321492
"male","35-39","sc_bus_deaths_pa_ap_lung_cancer",0.00101,"bogota","Bus",NA,NA,"L3: lung_cancer","PA and AP",289808
"male","40-44","sc_bus_deaths_pa_ap_lung_cancer",0.00438,"bogota","Bus",NA,NA,"L3: lung_cancer","PA and AP",244543
"male","45-49","sc_bus_deaths_pa_ap_lung_cancer",-0.00501,"bogota","Bus",NA,NA,"L3: lung_cancer","PA and AP",215491
"male","50-54","sc_bus_deaths_pa_ap_lung_cancer",-0.00097,"bogota","Bus",NA,NA,"L3: lung_cancer","PA and AP",209137
"male","55-59","sc_bus_deaths_pa_ap_lung_cancer",0.0144,"bogota","Bus",NA,NA,"L3: lung_cancer","PA and AP",187551
"male","60-64","sc_bus_deaths_pa_ap_lung_cancer",-0.02136,"bogota","Bus",NA,NA,"L3: lung_cancer","PA and AP",146500
"male","65-69","sc_bus_deaths_pa_ap_lung_cancer",-0.01388,"bogota","Bus",NA,NA,"L3: lung_cancer","PA and AP",105412
"female","15-19","sc_bus_deaths_pa_ap_lung_cancer",0.00003,"bogota","Bus",NA,NA,"L3: lung_cancer","PA and AP",279280
"female","20-24","sc_bus_deaths_pa_ap_lung_cancer",0.00012,"bogota","Bus",NA,NA,"L3: lung_cancer","PA and AP",360197
"female","25-29","sc_bus_deaths_pa_ap_lung_cancer",0.00045,"bogota","Bus",NA,NA,"L3: lung_cancer","PA and AP",364423
"female","30-34","sc_bus_deaths_pa_ap_lung_cancer",0.00071,"bogota","Bus",NA,NA,"L3: lung_cancer","PA and AP",330341
"female","35-39","sc_bus_deaths_pa_ap_lung_cancer",0.00124,"bogota","Bus",NA,NA,"L3: lung_cancer","PA and AP",309304
"female","40-44","sc_bus_deaths_pa_ap_lung_cancer",0.00363,"bogota","Bus",NA,NA,"L3: lung_cancer","PA and AP",275440
"female","45-49","sc_bus_deaths_pa_ap_lung_cancer",0.00059,"bogota","Bus",NA,NA,"L3: lung_cancer","PA and AP",254843
"female","50-54","sc_bus_deaths_pa_ap_lung_cancer",0.01451,"bogota","Bus",NA,NA,"L3: lung_cancer","PA and AP",256059
"female","55-59","sc_bus_deaths_pa_ap_lung_cancer",0.03061,"bogota","Bus",NA,NA,"L3: lung_cancer","PA and AP",235548
"female","60-64","sc_bus_deaths_pa_ap_lung_cancer",0.04141,"bogota","Bus",NA,NA,"L3: lung_cancer","PA and AP",189600
"female","65-69","sc_bus_deaths_pa_ap_lung_cancer",0.04432,"bogota","Bus",NA,NA,"L3: lung_cancer","PA and AP",141409
"male","15-19","sc_cycle_deaths_pa_ap_lung_cancer_lb",0.00205,"bogota","Cycling",NA,NA,"L3: lung_cancer","PA and AP",282736
"male","20-24","sc_cycle_deaths_pa_ap_lung_cancer_lb",0.00754,"bogota","Cycling",NA,NA,"L3: lung_cancer","PA and AP",357934
"male","25-29","sc_cycle_deaths_pa_ap_lung_cancer_lb",0.0128,"bogota","Cycling",NA,NA,"L3: lung_cancer","PA and AP",360031
"male","30-34","sc_cycle_deaths_pa_ap_lung_cancer_lb",0.02342,"bogota","Cycling",NA,NA,"L3: lung_cancer","PA and AP",321492
"male","35-39","sc_cycle_deaths_pa_ap_lung_cancer_lb",0.03625,"bogota","Cycling",NA,NA,"L3: lung_cancer","PA and AP",289808
"male","40-44","sc_cycle_deaths_pa_ap_lung_cancer_lb",0.05186,"bogota","Cycling",NA,NA,"L3: lung_cancer","PA and AP",244543
"male","45-49","sc_cycle_deaths_pa_ap_lung_cancer_lb",0.10227,"bogota","Cycling",NA,NA,"L3: lung_cancer","PA and AP",215491
"male","50-54","sc_cycle_deaths_pa_ap_lung_cancer_lb",0.18048,"bogota","Cycling",NA,NA,"L3: lung_cancer","PA and AP",209137
"male","55-59","sc_cycle_deaths_pa_ap_lung_cancer_lb",0.30483,"bogota","Cycling",NA,NA,"L3: lung_cancer","PA and AP",187551
"male","60-64","sc_cycle_deaths_pa_ap_lung_cancer_lb",0.59172,"bogota","Cycling",NA,NA,"L3: lung_cancer","PA and AP",146500
"male","65-69","sc_cycle_deaths_pa_ap_lung_cancer_lb",0.68429,"bogota","Cycling",NA,NA,"L3: lung_cancer","PA and AP",105412
"female","15-19","sc_cycle_deaths_pa_ap_lung_cancer_lb",0.00224,"bogota","Cycling",NA,NA,"L3: lung_cancer","PA and AP",279280
"female","20-24","sc_cycle_deaths_pa_ap_lung_cancer_lb",0.00547,"bogota","Cycling",NA,NA,"L3: lung_cancer","PA and AP",360197
"female","25-29","sc_cycle_deaths_pa_ap_lung_cancer_lb",0.01035,"bogota","Cycling",NA,NA,"L3: lung_cancer","PA and AP",364423
"female","30-34","sc_cycle_deaths_pa_ap_lung_cancer_lb",0.02361,"bogota","Cycling",NA,NA,"L3: lung_cancer","PA and AP",330341
"female","35-39","sc_cycle_deaths_pa_ap_lung_cancer_lb",0.03867,"bogota","Cycling",NA,NA,"L3: lung_cancer","PA and AP",309304
"female","40-44","sc_cycle_deaths_pa_ap_lung_cancer_lb",0.06748,"bogota","Cycling",NA,NA,"L3: lung_cancer","PA and AP",275440
"female","45-49","sc_cycle_deaths_pa_ap_lung_cancer_lb",0.11315,"bogota","Cycling",NA,NA,"L3: lung_cancer","PA and AP",254843
"female","50-54","sc_cycle_deaths_pa_ap_lung_cancer_lb",0.26063,"bogota","Cycling",NA,NA,"L3: lung_cancer","PA and AP",256059
"female","55-59","sc_cycle_deaths_pa_ap_lung_cancer_lb",0.39962,"bogota","Cycling",NA,NA,"L3: lung_cancer","PA and AP",235548
"female","60-64","sc_cycle_deaths_pa_ap_lung_cancer_lb",0.52415,"bogota","Cycling",NA,NA,"L3: lung_cancer","PA and AP",189600
"female","65-69","sc_cycle_deaths_pa_ap_lung_cancer_lb",0.53883,"bogota","Cycling",NA,NA,"L3: lung_cancer","PA and AP",141409
"male","15-19","sc_car_deaths_pa_ap_lung_cancer_lb",-0.00186,"bogota","Car",NA,NA,"L3: lung_cancer","PA and AP",282736
"male","20-24","sc_car_deaths_pa_ap_lung_cancer_lb",-0.00522,"bogota","Car",NA,NA,"L3: lung_cancer","PA and AP",357934
"male","25-29","sc_car_deaths_pa_ap_lung_cancer_lb",-0.00653,"bogota","Car",NA,NA,"L3: lung_cancer","PA and AP",360031
"male","30-34","sc_car_deaths_pa_ap_lung_cancer_lb",-0.01325,"bogota","Car",NA,NA,"L3: lung_cancer","PA and AP",321492
"male","35-39","sc_car_deaths_pa_ap_lung_cancer_lb",-0.01855,"bogota","Car",NA,NA,"L3: lung_cancer","PA and AP",289808
"male","40-44","sc_car_deaths_pa_ap_lung_cancer_lb",-0.02679,"bogota","Car",NA,NA,"L3: lung_cancer","PA and AP",244543
"male","45-49","sc_car_deaths_pa_ap_lung_cancer_lb",-0.06451,"bogota","Car",NA,NA,"L3: lung_cancer","PA and AP",215491
"male","50-54","sc_car_deaths_pa_ap_lung_cancer_lb",-0.12238,"bogota","Car",NA,NA,"L3: lung_cancer","PA and AP",209137
"male","55-59","sc_car_deaths_pa_ap_lung_cancer_lb",-0.19873,"bogota","Car",NA,NA,"L3: lung_cancer","PA and AP",187551
"male","60-64","sc_car_deaths_pa_ap_lung_cancer_lb",-0.33674,"bogota","Car",NA,NA,"L3: lung_cancer","PA and AP",146500
"male","65-69","sc_car_deaths_pa_ap_lung_cancer_lb",-0.48121,"bogota","Car",NA,NA,"L3: lung_cancer","PA and AP",105412
"female","15-19","sc_car_deaths_pa_ap_lung_cancer_lb",-0.0011,"bogota","Car",NA,NA,"L3: lung_cancer","PA and AP",279280
"female","20-24","sc_car_deaths_pa_ap_lung_cancer_lb",-0.00332,"bogota","Car",NA,NA,"L3: lung_cancer","PA and AP",360197
"female","25-29","sc_car_deaths_pa_ap_lung_cancer_lb",-0.00575,"bogota","Car",NA,NA,"L3: lung_cancer","PA and AP",364423
"female","30-34","sc_car_deaths_pa_ap_lung_cancer_lb",-0.01186,"bogota","Car",NA,NA,"L3: lung_cancer","PA and AP",330341
"female","35-39","sc_car_deaths_pa_ap_lung_cancer_lb",-0.01758,"bogota","Car",NA,NA,"L3: lung_cancer","PA and AP",309304
"female","40-44","sc_car_deaths_pa_ap_lung_cancer_lb",-0.03542,"bogota","Car",NA,NA,"L3: lung_cancer","PA and AP",275440
"female","45-49","sc_car_deaths_pa_ap_lung_cancer_lb",-0.05453,"bogota","Car",NA,NA,"L3: lung_cancer","PA and AP",254843
"female","50-54","sc_car_deaths_pa_ap_lung_cancer_lb",-0.06212,"bogota","Car",NA,NA,"L3: lung_cancer","PA and AP",256059
"female","55-59","sc_car_deaths_pa_ap_lung_cancer_lb",-0.11244,"bogota","Car",NA,NA,"L3: lung_cancer","PA and AP",235548
"female","60-64","sc_car_deaths_pa_ap_lung_cancer_lb",-0.20928,"bogota","Car",NA,NA,"L3: lung_cancer","PA and AP",189600
"female","65-69","sc_car_deaths_pa_ap_lung_cancer_lb",-0.24754,"bogota","Car",NA,NA,"L3: lung_cancer","PA and AP",141409
"male","15-19","sc_bus_deaths_pa_ap_lung_cancer_lb",-0.00067,"bogota","Bus",NA,NA,"L3: lung_cancer","PA and AP",282736
"male","20-24","sc_bus_deaths_pa_ap_lung_cancer_lb",-0.00086,"bogota","Bus",NA,NA,"L3: lung_cancer","PA and AP",357934
"male","25-29","sc_bus_deaths_pa_ap_lung_cancer_lb",-0.00087,"bogota","Bus",NA,NA,"L3: lung_cancer","PA and AP",360031
"male","30-34","sc_bus_deaths_pa_ap_lung_cancer_lb",-0.00118,"bogota","Bus",NA,NA,"L3: lung_cancer","PA and AP",321492
"male","35-39","sc_bus_deaths_pa_ap_lung_cancer_lb",-0.00073,"bogota","Bus",NA,NA,"L3: lung_cancer","PA and AP",289808
"male","40-44","sc_bus_deaths_pa_ap_lung_cancer_lb",0.00503,"bogota","Bus",NA,NA,"L3: lung_cancer","PA and AP",244543
"male","45-49","sc_bus_deaths_pa_ap_lung_cancer_lb",-0.01436,"bogota","Bus",NA,NA,"L3: lung_cancer","PA and AP",215491
"male","50-54","sc_bus_deaths_pa_ap_lung_cancer_lb",-0.01632,"bogota","Bus",NA,NA,"L3: lung_cancer","PA and AP",209137
"male","55-59","sc_bus_deaths_pa_ap_lung_cancer_lb",0.01178,"bogota","Bus",NA,NA,"L3: lung_cancer","PA and AP",187551
"male","60-64","sc_bus_deaths_pa_ap_lung_cancer_lb",-0.07878,"bogota","Bus",NA,NA,"L3: lung_cancer","PA and AP",146500
"male","65-69","sc_bus_deaths_pa_ap_lung_cancer_lb",-0.06735,"bogota","Bus",NA,NA,"L3: lung_cancer","PA and AP",105412
"female","15-19","sc_bus_deaths_pa_ap_lung_cancer_lb",-0.00001,"bogota","Bus",NA,NA,"L3: lung_cancer","PA and AP",279280
"female","20-24","sc_bus_deaths_pa_ap_lung_cancer_lb",0,"bogota","Bus",NA,NA,"L3: lung_cancer","PA and AP",360197
"female","25-29","sc_bus_deaths_pa_ap_lung_cancer_lb",0.00045,"bogota","Bus",NA,NA,"L3: lung_cancer","PA and AP",364423
"female","30-34","sc_bus_deaths_pa_ap_lung_cancer_lb",0.00079,"bogota","Bus",NA,NA,"L3: lung_cancer","PA and AP",330341
"female","35-39","sc_bus_deaths_pa_ap_lung_cancer_lb",0.00065,"bogota","Bus",NA,NA,"L3: lung_cancer","PA and AP",309304
"female","40-44","sc_bus_deaths_pa_ap_lung_cancer_lb",0.00414,"bogota","Bus",NA,NA,"L3: lung_cancer","PA and AP",275440
"female","45-49","sc_bus_deaths_pa_ap_lung_cancer_lb",-0.00123,"bogota","Bus",NA,NA,"L3: lung_cancer","PA and AP",254843
"female","50-54","sc_bus_deaths_pa_ap_lung_cancer_lb",0.02309,"bogota","Bus",NA,NA,"L3: lung_cancer","PA and AP",256059
"female","55-59","sc_bus_deaths_pa_ap_lung_cancer_lb",0.05031,"bogota","Bus",NA,NA,"L3: lung_cancer","PA and AP",235548
"female","60-64","sc_bus_deaths_pa_ap_lung_cancer_lb",0.06958,"bogota","Bus",NA,NA,"L3: lung_cancer","PA and AP",189600
"female","65-69","sc_bus_deaths_pa_ap_lung_cancer_lb",0.0694,"bogota","Bus",NA,NA,"L3: lung_cancer","PA and AP",141409
"male","15-19","sc_cycle_deaths_pa_ap_lung_cancer_ub",-0.00019,"bogota","Cycling",NA,NA,"L3: lung_cancer","PA and AP",282736
"male","20-24","sc_cycle_deaths_pa_ap_lung_cancer_ub",-0.00061,"bogota","Cycling",NA,NA,"L3: lung_cancer","PA and AP",357934
"male","25-29","sc_cycle_deaths_pa_ap_lung_cancer_ub",-0.00071,"bogota","Cycling",NA,NA,"L3: lung_cancer","PA and AP",360031
"male","30-34","sc_cycle_deaths_pa_ap_lung_cancer_ub",-0.00139,"bogota","Cycling",NA,NA,"L3: lung_cancer","PA and AP",321492
"male","35-39","sc_cycle_deaths_pa_ap_lung_cancer_ub",-0.0009,"bogota","Cycling",NA,NA,"L3: lung_cancer","PA and AP",289808
"male","40-44","sc_cycle_deaths_pa_ap_lung_cancer_ub",-0.00129,"bogota","Cycling",NA,NA,"L3: lung_cancer","PA and AP",244543
"male","45-49","sc_cycle_deaths_pa_ap_lung_cancer_ub",-0.00348,"bogota","Cycling",NA,NA,"L3: lung_cancer","PA and AP",215491
"male","50-54","sc_cycle_deaths_pa_ap_lung_cancer_ub",-0.00778,"bogota","Cycling",NA,NA,"L3: lung_cancer","PA and AP",209137
"male","55-59","sc_cycle_deaths_pa_ap_lung_cancer_ub",-0.02054,"bogota","Cycling",NA,NA,"L3: lung_cancer","PA and AP",187551
"male","60-64","sc_cycle_deaths_pa_ap_lung_cancer_ub",-0.01854,"bogota","Cycling",NA,NA,"L3: lung_cancer","PA and AP",146500
"male","65-69","sc_cycle_deaths_pa_ap_lung_cancer_ub",-0.01266,"bogota","Cycling",NA,NA,"L3: lung_cancer","PA and AP",105412
"female","15-19","sc_cycle_deaths_pa_ap_lung_cancer_ub",-0.00028,"bogota","Cycling",NA,NA,"L3: lung_cancer","PA and AP",279280
"female","20-24","sc_cycle_deaths_pa_ap_lung_cancer_ub",-0.00049,"bogota","Cycling",NA,NA,"L3: lung_cancer","PA and AP",360197
"female","25-29","sc_cycle_deaths_pa_ap_lung_cancer_ub",-0.00087,"bogota","Cycling",NA,NA,"L3: lung_cancer","PA and AP",364423
"female","30-34","sc_cycle_deaths_pa_ap_lung_cancer_ub",-0.0017,"bogota","Cycling",NA,NA,"L3: lung_cancer","PA and AP",330341
"female","35-39","sc_cycle_deaths_pa_ap_lung_cancer_ub",-0.00195,"bogota","Cycling",NA,NA,"L3: lung_cancer","PA and AP",309304
"female","40-44","sc_cycle_deaths_pa_ap_lung_cancer_ub",-0.00377,"bogota","Cycling",NA,NA,"L3: lung_cancer","PA and AP",275440
"female","45-49","sc_cycle_deaths_pa_ap_lung_cancer_ub",-0.00545,"bogota","Cycling",NA,NA,"L3: lung_cancer","PA and AP",254843
"female","50-54","sc_cycle_deaths_pa_ap_lung_cancer_ub",-0.00513,"bogota","Cycling",NA,NA,"L3: lung_cancer","PA and AP",256059
"female","55-59","sc_cycle_deaths_pa_ap_lung_cancer_ub",-0.00725,"bogota","Cycling",NA,NA,"L3: lung_cancer","PA and AP",235548
"female","60-64","sc_cycle_deaths_pa_ap_lung_cancer_ub",-0.01142,"bogota","Cycling",NA,NA,"L3: lung_cancer","PA and AP",189600
"female","65-69","sc_cycle_deaths_pa_ap_lung_cancer_ub",-0.00546,"bogota","Cycling",NA,NA,"L3: lung_cancer","PA and AP",141409
"male","15-19","sc_car_deaths_pa_ap_lung_cancer_ub",-0.00012,"bogota","Car",NA,NA,"L3: lung_cancer","PA and AP",282736
"male","20-24","sc_car_deaths_pa_ap_lung_cancer_ub",-0.00064,"bogota","Car",NA,NA,"L3: lung_cancer","PA and AP",357934
"male","25-29","sc_car_deaths_pa_ap_lung_cancer_ub",-0.00117,"bogota","Car",NA,NA,"L3: lung_cancer","PA and AP",360031
"male","30-34","sc_car_deaths_pa_ap_lung_cancer_ub",-0.00189,"bogota","Car",NA,NA,"L3: lung_cancer","PA and AP",321492
"male","35-39","sc_car_deaths_pa_ap_lung_cancer_ub",-0.00315,"bogota","Car",NA,NA,"L3: lung_cancer","PA and AP",289808
"male","40-44","sc_car_deaths_pa_ap_lung_cancer_ub",-0.00269,"bogota","Car",NA,NA,"L3: lung_cancer","PA and AP",244543
"male","45-49","sc_car_deaths_pa_ap_lung_cancer_ub",-0.00787,"bogota","Car",NA,NA,"L3: lung_cancer","PA and AP",215491
"male","50-54","sc_car_deaths_pa_ap_lung_cancer_ub",-0.00942,"bogota","Car",NA,NA,"L3: lung_cancer","PA and AP",209137
"male","55-59","sc_car_deaths_pa_ap_lung_cancer_ub",-0.02253,"bogota","Car",NA,NA,"L3: lung_cancer","PA and AP",187551
"male","60-64","sc_car_deaths_pa_ap_lung_cancer_ub",-0.02526,"bogota","Car",NA,NA,"L3: lung_cancer","PA and AP",146500
"male","65-69","sc_car_deaths_pa_ap_lung_cancer_ub",-0.02817,"bogota","Car",NA,NA,"L3: lung_cancer","PA and AP",105412
"female","15-19","sc_car_deaths_pa_ap_lung_cancer_ub",-0.00017,"bogota","Car",NA,NA,"L3: lung_cancer","PA and AP",279280
"female","20-24","sc_car_deaths_pa_ap_lung_cancer_ub",-0.00053,"bogota","Car",NA,NA,"L3: lung_cancer","PA and AP",360197
"female","25-29","sc_car_deaths_pa_ap_lung_cancer_ub",-0.00104,"bogota","Car",NA,NA,"L3: lung_cancer","PA and AP",364423
"female","30-34","sc_car_deaths_pa_ap_lung_cancer_ub",-0.00191,"bogota","Car",NA,NA,"L3: lung_cancer","PA and AP",330341
"female","35-39","sc_car_deaths_pa_ap_lung_cancer_ub",-0.00303,"bogota","Car",NA,NA,"L3: lung_cancer","PA and AP",309304
"female","40-44","sc_car_deaths_pa_ap_lung_cancer_ub",-0.00567,"bogota","Car",NA,NA,"L3: lung_cancer","PA and AP",275440
"female","45-49","sc_car_deaths_pa_ap_lung_cancer_ub",-0.01021,"bogota","Car",NA,NA,"L3: lung_cancer","PA and AP",254843
"female","50-54","sc_car_deaths_pa_ap_lung_cancer_ub",-0.01187,"bogota","Car",NA,NA,"L3: lung_cancer","PA and AP",256059
"female","55-59","sc_car_deaths_pa_ap_lung_cancer_ub",-0.01828,"bogota","Car",NA,NA,"L3: lung_cancer","PA and AP",235548
"female","60-64","sc_car_deaths_pa_ap_lung_cancer_ub",-0.02603,"bogota","Car",NA,NA,"L3: lung_cancer","PA and AP",189600
"female","65-69","sc_car_deaths_pa_ap_lung_cancer_ub",-0.02961,"bogota","Car",NA,NA,"L3: lung_cancer","PA and AP",141409
"male","15-19","sc_bus_deaths_pa_ap_lung_cancer_ub",0.00017,"bogota","Bus",NA,NA,"L3: lung_cancer","PA and AP",282736
"male","20-24","sc_bus_deaths_pa_ap_lung_cancer_ub",0.00053,"bogota","Bus",NA,NA,"L3: lung_cancer","PA and AP",357934
"male","25-29","sc_bus_deaths_pa_ap_lung_cancer_ub",0.00075,"bogota","Bus",NA,NA,"L3: lung_cancer","PA and AP",360031
"male","30-34","sc_bus_deaths_pa_ap_lung_cancer_ub",0.00178,"bogota","Bus",NA,NA,"L3: lung_cancer","PA and AP",321492
"male","35-39","sc_bus_deaths_pa_ap_lung_cancer_ub",0.00331,"bogota","Bus",NA,NA,"L3: lung_cancer","PA and AP",289808
"male","40-44","sc_bus_deaths_pa_ap_lung_cancer_ub",0.00445,"bogota","Bus",NA,NA,"L3: lung_cancer","PA and AP",244543
"male","45-49","sc_bus_deaths_pa_ap_lung_cancer_ub",0.00583,"bogota","Bus",NA,NA,"L3: lung_cancer","PA and AP",215491
"male","50-54","sc_bus_deaths_pa_ap_lung_cancer_ub",0.01743,"bogota","Bus",NA,NA,"L3: lung_cancer","PA and AP",209137
"male","55-59","sc_bus_deaths_pa_ap_lung_cancer_ub",0.02106,"bogota","Bus",NA,NA,"L3: lung_cancer","PA and AP",187551
"male","60-64","sc_bus_deaths_pa_ap_lung_cancer_ub",0.04047,"bogota","Bus",NA,NA,"L3: lung_cancer","PA and AP",146500
"male","65-69","sc_bus_deaths_pa_ap_lung_cancer_ub",0.04534,"bogota","Bus",NA,NA,"L3: lung_cancer","PA and AP",105412
"female","15-19","sc_bus_deaths_pa_ap_lung_cancer_ub",0.00007,"bogota","Bus",NA,NA,"L3: lung_cancer","PA and AP",279280
"female","20-24","sc_bus_deaths_pa_ap_lung_cancer_ub",0.00027,"bogota","Bus",NA,NA,"L3: lung_cancer","PA and AP",360197
"female","25-29","sc_bus_deaths_pa_ap_lung_cancer_ub",0.00051,"bogota","Bus",NA,NA,"L3: lung_cancer","PA and AP",364423
"female","30-34","sc_bus_deaths_pa_ap_lung_cancer_ub",0.0008,"bogota","Bus",NA,NA,"L3: lung_cancer","PA and AP",330341
"female","35-39","sc_bus_deaths_pa_ap_lung_cancer_ub",0.00201,"bogota","Bus",NA,NA,"L3: lung_cancer","PA and AP",309304
"female","40-44","sc_bus_deaths_pa_ap_lung_cancer_ub",0.00348,"bogota","Bus",NA,NA,"L3: lung_cancer","PA and AP",275440
"female","45-49","sc_bus_deaths_pa_ap_lung_cancer_ub",0.00311,"bogota","Bus",NA,NA,"L3: lung_cancer","PA and AP",254843
"female","50-54","sc_bus_deaths_pa_ap_lung_cancer_ub",0.00652,"bogota","Bus",NA,NA,"L3: lung_cancer","PA and AP",256059
"female","55-59","sc_bus_deaths_pa_ap_lung_cancer_ub",0.01177,"bogota","Bus",NA,NA,"L3: lung_cancer","PA and AP",235548
"female","60-64","sc_bus_deaths_pa_ap_lung_cancer_ub",0.01524,"bogota","Bus",NA,NA,"L3: lung_cancer","PA and AP",189600
"female","65-69","sc_bus_deaths_pa_ap_lung_cancer_ub",0.02136,"bogota","Bus",NA,NA,"L3: lung_cancer","PA and AP",141409
"male","15-19","sc_cycle_deaths_ap_COPD",-0.0005,"bogota","Cycling",NA,NA,"L3: COPD","AP",282736
"male","20-24","sc_cycle_deaths_ap_COPD",-0.00156,"bogota","Cycling",NA,NA,"L3: COPD","AP",357934
"male","25-29","sc_cycle_deaths_ap_COPD",-0.00184,"bogota","Cycling",NA,NA,"L3: COPD","AP",360031
"male","30-34","sc_cycle_deaths_ap_COPD",-0.00354,"bogota","Cycling",NA,NA,"L3: COPD","AP",321492
"male","35-39","sc_cycle_deaths_ap_COPD",-0.00387,"bogota","Cycling",NA,NA,"L3: COPD","AP",289808
"male","40-44","sc_cycle_deaths_ap_COPD",-0.00529,"bogota","Cycling",NA,NA,"L3: COPD","AP",244543
"male","45-49","sc_cycle_deaths_ap_COPD",-0.01089,"bogota","Cycling",NA,NA,"L3: COPD","AP",215491
"male","50-54","sc_cycle_deaths_ap_COPD",-0.02513,"bogota","Cycling",NA,NA,"L3: COPD","AP",209137
"male","55-59","sc_cycle_deaths_ap_COPD",-0.04171,"bogota","Cycling",NA,NA,"L3: COPD","AP",187551
"male","60-64","sc_cycle_deaths_ap_COPD",-0.09305,"bogota","Cycling",NA,NA,"L3: COPD","AP",146500
"male","65-69","sc_cycle_deaths_ap_COPD",-0.09955,"bogota","Cycling",NA,NA,"L3: COPD","AP",105412
"female","15-19","sc_cycle_deaths_ap_COPD",-0.00051,"bogota","Cycling",NA,NA,"L3: COPD","AP",279280
"female","20-24","sc_cycle_deaths_ap_COPD",-0.00124,"bogota","Cycling",NA,NA,"L3: COPD","AP",360197
"female","25-29","sc_cycle_deaths_ap_COPD",-0.00151,"bogota","Cycling",NA,NA,"L3: COPD","AP",364423
"female","30-34","sc_cycle_deaths_ap_COPD",-0.00234,"bogota","Cycling",NA,NA,"L3: COPD","AP",330341
"female","35-39","sc_cycle_deaths_ap_COPD",-0.00313,"bogota","Cycling",NA,NA,"L3: COPD","AP",309304
"female","40-44","sc_cycle_deaths_ap_COPD",-0.00506,"bogota","Cycling",NA,NA,"L3: COPD","AP",275440
"female","45-49","sc_cycle_deaths_ap_COPD",-0.00886,"bogota","Cycling",NA,NA,"L3: COPD","AP",254843
"female","50-54","sc_cycle_deaths_ap_COPD",-0.01654,"bogota","Cycling",NA,NA,"L3: COPD","AP",256059
"female","55-59","sc_cycle_deaths_ap_COPD",-0.03138,"bogota","Cycling",NA,NA,"L3: COPD","AP",235548
"female","60-64","sc_cycle_deaths_ap_COPD",-0.05559,"bogota","Cycling",NA,NA,"L3: COPD","AP",189600
"female","65-69","sc_cycle_deaths_ap_COPD",-0.07375,"bogota","Cycling",NA,NA,"L3: COPD","AP",141409
"male","15-19","sc_car_deaths_ap_COPD",0.00003,"bogota","Car",NA,NA,"L3: COPD","AP",282736
"male","20-24","sc_car_deaths_ap_COPD",-0.00026,"bogota","Car",NA,NA,"L3: COPD","AP",357934
"male","25-29","sc_car_deaths_ap_COPD",-0.00067,"bogota","Car",NA,NA,"L3: COPD","AP",360031
"male","30-34","sc_car_deaths_ap_COPD",-0.00066,"bogota","Car",NA,NA,"L3: COPD","AP",321492
"male","35-39","sc_car_deaths_ap_COPD",-0.00126,"bogota","Car",NA,NA,"L3: COPD","AP",289808
"male","40-44","sc_car_deaths_ap_COPD",-0.00035,"bogota","Car",NA,NA,"L3: COPD","AP",244543
"male","45-49","sc_car_deaths_ap_COPD",-0.00184,"bogota","Car",NA,NA,"L3: COPD","AP",215491
"male","50-54","sc_car_deaths_ap_COPD",0.00097,"bogota","Car",NA,NA,"L3: COPD","AP",209137
"male","55-59","sc_car_deaths_ap_COPD",-0.00439,"bogota","Car",NA,NA,"L3: COPD","AP",187551
"male","60-64","sc_car_deaths_ap_COPD",0.00113,"bogota","Car",NA,NA,"L3: COPD","AP",146500
"male","65-69","sc_car_deaths_ap_COPD",0.00865,"bogota","Car",NA,NA,"L3: COPD","AP",105412
"female","15-19","sc_car_deaths_ap_COPD",-0.0001,"bogota","Car",NA,NA,"L3: COPD","AP",279280
"female","20-24","sc_car_deaths_ap_COPD",-0.00037,"bogota","Car",NA,NA,"L3: COPD","AP",360197
"female","25-29","sc_car_deaths_ap_COPD",-0.00054,"bogota","Car",NA,NA,"L3: COPD","AP",364423
"female","30-34","sc_car_deaths_ap_COPD",-0.00057,"bogota","Car",NA,NA,"L3: COPD","AP",330341
"female","35-39","sc_car_deaths_ap_COPD",-0.00084,"bogota","Car",NA,NA,"L3: COPD","AP",309304
"female","40-44","sc_car_deaths_ap_COPD",-0.00137,"bogota","Car",NA,NA,"L3: COPD","AP",275440
"female","45-49","sc_car_deaths_ap_COPD",-0.00304,"bogota","Car",NA,NA,"L3: COPD","AP",254843
"female","50-54","sc_car_deaths_ap_COPD",-0.00477,"bogota","Car",NA,NA,"L3: COPD","AP",256059
"female","55-59","sc_car_deaths_ap_COPD",-0.0083,"bogota","Car",NA,NA,"L3: COPD","AP",235548
"female","60-64","sc_car_deaths_ap_COPD",-0.01248,"bogota","Car",NA,NA,"L3: COPD","AP",189600
"female","65-69","sc_car_deaths_ap_COPD",-0.01939,"bogota","Car",NA,NA,"L3: COPD","AP",141409
"male","15-19","sc_bus_deaths_ap_COPD",0.00035,"bogota","Bus",NA,NA,"L3: COPD","AP",282736
"male","20-24","sc_bus_deaths_ap_COPD",0.00092,"bogota","Bus",NA,NA,"L3: COPD","AP",357934
"male","25-29","sc_bus_deaths_ap_COPD",0.00098,"bogota","Bus",NA,NA,"L3: COPD","AP",360031
"male","30-34","sc_bus_deaths_ap_COPD",0.0022,"bogota","Bus",NA,NA,"L3: COPD","AP",321492
"male","35-39","sc_bus_deaths_ap_COPD",0.00333,"bogota","Bus",NA,NA,"L3: COPD","AP",289808
"male","40-44","sc_bus_deaths_ap_COPD",0.00411,"bogota","Bus",NA,NA,"L3: COPD","AP",244543
"male","45-49","sc_bus_deaths_ap_COPD",0.0071,"bogota","Bus",NA,NA,"L3: COPD","AP",215491
"male","50-54","sc_bus_deaths_ap_COPD",0.01855,"bogota","Bus",NA,NA,"L3: COPD","AP",209137
"male","55-59","sc_bus_deaths_ap_COPD",0.02264,"bogota","Bus",NA,NA,"L3: COPD","AP",187551
"male","60-64","sc_bus_deaths_ap_COPD",0.05677,"bogota","Bus",NA,NA,"L3: COPD","AP",146500
"male","65-69","sc_bus_deaths_ap_COPD",0.07934,"bogota","Bus",NA,NA,"L3: COPD","AP",105412
"female","15-19","sc_bus_deaths_ap_COPD",0.00009,"bogota","Bus",NA,NA,"L3: COPD","AP",279280
"female","20-24","sc_bus_deaths_ap_COPD",0.00036,"bogota","Bus",NA,NA,"L3: COPD","AP",360197
"female","25-29","sc_bus_deaths_ap_COPD",0.00048,"bogota","Bus",NA,NA,"L3: COPD","AP",364423
"female","30-34","sc_bus_deaths_ap_COPD",0.00059,"bogota","Bus",NA,NA,"L3: COPD","AP",330341
"female","35-39","sc_bus_deaths_ap_COPD",0.0011,"bogota","Bus",NA,NA,"L3: COPD","AP",309304
"female","40-44","sc_bus_deaths_ap_COPD",0.00188,"bogota","Bus",NA,NA,"L3: COPD","AP",275440
"female","45-49","sc_bus_deaths_ap_COPD",0.00205,"bogota","Bus",NA,NA,"L3: COPD","AP",254843
"female","50-54","sc_bus_deaths_ap_COPD",0.0034,"bogota","Bus",NA,NA,"L3: COPD","AP",256059
"female","55-59","sc_bus_deaths_ap_COPD",0.00721,"bogota","Bus",NA,NA,"L3: COPD","AP",235548
"female","60-64","sc_bus_deaths_ap_COPD",0.0123,"bogota","Bus",NA,NA,"L3: COPD","AP",189600
"female","65-69","sc_bus_deaths_ap_COPD",0.02332,"bogota","Bus",NA,NA,"L3: COPD","AP",141409
"male","15-19","sc_cycle_deaths_ap_COPD_lb",-0.0005,"bogota","Cycling",NA,NA,"L3: COPD","AP",282736
"male","20-24","sc_cycle_deaths_ap_COPD_lb",-0.00156,"bogota","Cycling",NA,NA,"L3: COPD","AP",357934
"male","25-29","sc_cycle_deaths_ap_COPD_lb",-0.00184,"bogota","Cycling",NA,NA,"L3: COPD","AP",360031
"male","30-34","sc_cycle_deaths_ap_COPD_lb",-0.00354,"bogota","Cycling",NA,NA,"L3: COPD","AP",321492
"male","35-39","sc_cycle_deaths_ap_COPD_lb",-0.00387,"bogota","Cycling",NA,NA,"L3: COPD","AP",289808
"male","40-44","sc_cycle_deaths_ap_COPD_lb",-0.00529,"bogota","Cycling",NA,NA,"L3: COPD","AP",244543
"male","45-49","sc_cycle_deaths_ap_COPD_lb",-0.01089,"bogota","Cycling",NA,NA,"L3: COPD","AP",215491
"male","50-54","sc_cycle_deaths_ap_COPD_lb",-0.02513,"bogota","Cycling",NA,NA,"L3: COPD","AP",209137
"male","55-59","sc_cycle_deaths_ap_COPD_lb",-0.04171,"bogota","Cycling",NA,NA,"L3: COPD","AP",187551
"male","60-64","sc_cycle_deaths_ap_COPD_lb",-0.09305,"bogota","Cycling",NA,NA,"L3: COPD","AP",146500
"male","65-69","sc_cycle_deaths_ap_COPD_lb",-0.09955,"bogota","Cycling",NA,NA,"L3: COPD","AP",105412
"female","15-19","sc_cycle_deaths_ap_COPD_lb",-0.00051,"bogota","Cycling",NA,NA,"L3: COPD","AP",279280
"female","20-24","sc_cycle_deaths_ap_COPD_lb",-0.00124,"bogota","Cycling",NA,NA,"L3: COPD","AP",360197
"female","25-29","sc_cycle_deaths_ap_COPD_lb",-0.00151,"bogota","Cycling",NA,NA,"L3: COPD","AP",364423
"female","30-34","sc_cycle_deaths_ap_COPD_lb",-0.00234,"bogota","Cycling",NA,NA,"L3: COPD","AP",330341
"female","35-39","sc_cycle_deaths_ap_COPD_lb",-0.00313,"bogota","Cycling",NA,NA,"L3: COPD","AP",309304
"female","40-44","sc_cycle_deaths_ap_COPD_lb",-0.00506,"bogota","Cycling",NA,NA,"L3: COPD","AP",275440
"female","45-49","sc_cycle_deaths_ap_COPD_lb",-0.00886,"bogota","Cycling",NA,NA,"L3: COPD","AP",254843
"female","50-54","sc_cycle_deaths_ap_COPD_lb",-0.01654,"bogota","Cycling",NA,NA,"L3: COPD","AP",256059
"female","55-59","sc_cycle_deaths_ap_COPD_lb",-0.03138,"bogota","Cycling",NA,NA,"L3: COPD","AP",235548
"female","60-64","sc_cycle_deaths_ap_COPD_lb",-0.05559,"bogota","Cycling",NA,NA,"L3: COPD","AP",189600
"female","65-69","sc_cycle_deaths_ap_COPD_lb",-0.07375,"bogota","Cycling",NA,NA,"L3: COPD","AP",141409
"male","15-19","sc_car_deaths_ap_COPD_lb",0.00003,"bogota","Car",NA,NA,"L3: COPD","AP",282736
"male","20-24","sc_car_deaths_ap_COPD_lb",-0.00026,"bogota","Car",NA,NA,"L3: COPD","AP",357934
"male","25-29","sc_car_deaths_ap_COPD_lb",-0.00067,"bogota","Car",NA,NA,"L3: COPD","AP",360031
"male","30-34","sc_car_deaths_ap_COPD_lb",-0.00066,"bogota","Car",NA,NA,"L3: COPD","AP",321492
"male","35-39","sc_car_deaths_ap_COPD_lb",-0.00126,"bogota","Car",NA,NA,"L3: COPD","AP",289808
"male","40-44","sc_car_deaths_ap_COPD_lb",-0.00035,"bogota","Car",NA,NA,"L3: COPD","AP",244543
"male","45-49","sc_car_deaths_ap_COPD_lb",-0.00184,"bogota","Car",NA,NA,"L3: COPD","AP",215491
"male","50-54","sc_car_deaths_ap_COPD_lb",0.00097,"bogota","Car",NA,NA,"L3: COPD","AP",209137
"male","55-59","sc_car_deaths_ap_COPD_lb",-0.00439,"bogota","Car",NA,NA,"L3: COPD","AP",187551
"male","60-64","sc_car_deaths_ap_COPD_lb",0.00113,"bogota","Car",NA,NA,"L3: COPD","AP",146500
"male","65-69","sc_car_deaths_ap_COPD_lb",0.00865,"bogota","Car",NA,NA,"L3: COPD","AP",105412
"female","15-19","sc_car_deaths_ap_COPD_lb",-0.0001,"bogota","Car",NA,NA,"L3: COPD","AP",279280
"female","20-24","sc_car_deaths_ap_COPD_lb",-0.00037,"bogota","Car",NA,NA,"L3: COPD","AP",360197
"female","25-29","sc_car_deaths_ap_COPD_lb",-0.00054,"bogota","Car",NA,NA,"L3: COPD","AP",364423
"female","30-34","sc_car_deaths_ap_COPD_lb",-0.00057,"bogota","Car",NA,NA,"L3: COPD","AP",330341
"female","35-39","sc_car_deaths_ap_COPD_lb",-0.00084,"bogota","Car",NA,NA,"L3: COPD","AP",309304
"female","40-44","sc_car_deaths_ap_COPD_lb",-0.00137,"bogota","Car",NA,NA,"L3: COPD","AP",275440
"female","45-49","sc_car_deaths_ap_COPD_lb",-0.00304,"bogota","Car",NA,NA,"L3: COPD","AP",254843
"female","50-54","sc_car_deaths_ap_COPD_lb",-0.00477,"bogota","Car",NA,NA,"L3: COPD","AP",256059
"female","55-59","sc_car_deaths_ap_COPD_lb",-0.0083,"bogota","Car",NA,NA,"L3: COPD","AP",235548
"female","60-64","sc_car_deaths_ap_COPD_lb",-0.01248,"bogota","Car",NA,NA,"L3: COPD","AP",189600
"female","65-69","sc_car_deaths_ap_COPD_lb",-0.01939,"bogota","Car",NA,NA,"L3: COPD","AP",141409
"male","15-19","sc_bus_deaths_ap_COPD_lb",0.00035,"bogota","Bus",NA,NA,"L3: COPD","AP",282736
"male","20-24","sc_bus_deaths_ap_COPD_lb",0.00092,"bogota","Bus",NA,NA,"L3: COPD","AP",357934
"male","25-29","sc_bus_deaths_ap_COPD_lb",0.00098,"bogota","Bus",NA,NA,"L3: COPD","AP",360031
"male","30-34","sc_bus_deaths_ap_COPD_lb",0.0022,"bogota","Bus",NA,NA,"L3: COPD","AP",321492
"male","35-39","sc_bus_deaths_ap_COPD_lb",0.00333,"bogota","Bus",NA,NA,"L3: COPD","AP",289808
"male","40-44","sc_bus_deaths_ap_COPD_lb",0.00411,"bogota","Bus",NA,NA,"L3: COPD","AP",244543
"male","45-49","sc_bus_deaths_ap_COPD_lb",0.0071,"bogota","Bus",NA,NA,"L3: COPD","AP",215491
"male","50-54","sc_bus_deaths_ap_COPD_lb",0.01855,"bogota","Bus",NA,NA,"L3: COPD","AP",209137
"male","55-59","sc_bus_deaths_ap_COPD_lb",0.02264,"bogota","Bus",NA,NA,"L3: COPD","AP",187551
"male","60-64","sc_bus_deaths_ap_COPD_lb",0.05677,"bogota","Bus",NA,NA,"L3: COPD","AP",146500
"male","65-69","sc_bus_deaths_ap_COPD_lb",0.07934,"bogota","Bus",NA,NA,"L3: COPD","AP",105412
"female","15-19","sc_bus_deaths_ap_COPD_lb",0.00009,"bogota","Bus",NA,NA,"L3: COPD","AP",279280
"female","20-24","sc_bus_deaths_ap_COPD_lb",0.00036,"bogota","Bus",NA,NA,"L3: COPD","AP",360197
"female","25-29","sc_bus_deaths_ap_COPD_lb",0.00048,"bogota","Bus",NA,NA,"L3: COPD","AP",364423
"female","30-34","sc_bus_deaths_ap_COPD_lb",0.00059,"bogota","Bus",NA,NA,"L3: COPD","AP",330341
"female","35-39","sc_bus_deaths_ap_COPD_lb",0.0011,"bogota","Bus",NA,NA,"L3: COPD","AP",309304
"female","40-44","sc_bus_deaths_ap_COPD_lb",0.00188,"bogota","Bus",NA,NA,"L3: COPD","AP",275440
"female","45-49","sc_bus_deaths_ap_COPD_lb",0.00205,"bogota","Bus",NA,NA,"L3: COPD","AP",254843
"female","50-54","sc_bus_deaths_ap_COPD_lb",0.0034,"bogota","Bus",NA,NA,"L3: COPD","AP",256059
"female","55-59","sc_bus_deaths_ap_COPD_lb",0.00721,"bogota","Bus",NA,NA,"L3: COPD","AP",235548
"female","60-64","sc_bus_deaths_ap_COPD_lb",0.0123,"bogota","Bus",NA,NA,"L3: COPD","AP",189600
"female","65-69","sc_bus_deaths_ap_COPD_lb",0.02332,"bogota","Bus",NA,NA,"L3: COPD","AP",141409
"male","15-19","sc_cycle_deaths_ap_COPD_ub",-0.0005,"bogota","Cycling",NA,NA,"L3: COPD","AP",282736
"male","20-24","sc_cycle_deaths_ap_COPD_ub",-0.00156,"bogota","Cycling",NA,NA,"L3: COPD","AP",357934
"male","25-29","sc_cycle_deaths_ap_COPD_ub",-0.00184,"bogota","Cycling",NA,NA,"L3: COPD","AP",360031
"male","30-34","sc_cycle_deaths_ap_COPD_ub",-0.00354,"bogota","Cycling",NA,NA,"L3: COPD","AP",321492
"male","35-39","sc_cycle_deaths_ap_COPD_ub",-0.00387,"bogota","Cycling",NA,NA,"L3: COPD","AP",289808
"male","40-44","sc_cycle_deaths_ap_COPD_ub",-0.00529,"bogota","Cycling",NA,NA,"L3: COPD","AP",244543
"male","45-49","sc_cycle_deaths_ap_COPD_ub",-0.01089,"bogota","Cycling",NA,NA,"L3: COPD","AP",215491
"male","50-54","sc_cycle_deaths_ap_COPD_ub",-0.02513,"bogota","Cycling",NA,NA,"L3: COPD","AP",209137
"male","55-59","sc_cycle_deaths_ap_COPD_ub",-0.04171,"bogota","Cycling",NA,NA,"L3: COPD","AP",187551
"male","60-64","sc_cycle_deaths_ap_COPD_ub",-0.09305,"bogota","Cycling",NA,NA,"L3: COPD","AP",146500
"male","65-69","sc_cycle_deaths_ap_COPD_ub",-0.09955,"bogota","Cycling",NA,NA,"L3: COPD","AP",105412
"female","15-19","sc_cycle_deaths_ap_COPD_ub",-0.00051,"bogota","Cycling",NA,NA,"L3: COPD","AP",279280
"female","20-24","sc_cycle_deaths_ap_COPD_ub",-0.00124,"bogota","Cycling",NA,NA,"L3: COPD","AP",360197
"female","25-29","sc_cycle_deaths_ap_COPD_ub",-0.00151,"bogota","Cycling",NA,NA,"L3: COPD","AP",364423
"female","30-34","sc_cycle_deaths_ap_COPD_ub",-0.00234,"bogota","Cycling",NA,NA,"L3: COPD","AP",330341
"female","35-39","sc_cycle_deaths_ap_COPD_ub",-0.00313,"bogota","Cycling",NA,NA,"L3: COPD","AP",309304
"female","40-44","sc_cycle_deaths_ap_COPD_ub",-0.00506,"bogota","Cycling",NA,NA,"L3: COPD","AP",275440
"female","45-49","sc_cycle_deaths_ap_COPD_ub",-0.00886,"bogota","Cycling",NA,NA,"L3: COPD","AP",254843
"female","50-54","sc_cycle_deaths_ap_COPD_ub",-0.01654,"bogota","Cycling",NA,NA,"L3: COPD","AP",256059
"female","55-59","sc_cycle_deaths_ap_COPD_ub",-0.03138,"bogota","Cycling",NA,NA,"L3: COPD","AP",235548
"female","60-64","sc_cycle_deaths_ap_COPD_ub",-0.05559,"bogota","Cycling",NA,NA,"L3: COPD","AP",189600
"female","65-69","sc_cycle_deaths_ap_COPD_ub",-0.07375,"bogota","Cycling",NA,NA,"L3: COPD","AP",141409
"male","15-19","sc_car_deaths_ap_COPD_ub",0.00003,"bogota","Car",NA,NA,"L3: COPD","AP",282736
"male","20-24","sc_car_deaths_ap_COPD_ub",-0.00026,"bogota","Car",NA,NA,"L3: COPD","AP",357934
"male","25-29","sc_car_deaths_ap_COPD_ub",-0.00067,"bogota","Car",NA,NA,"L3: COPD","AP",360031
"male","30-34","sc_car_deaths_ap_COPD_ub",-0.00066,"bogota","Car",NA,NA,"L3: COPD","AP",321492
"male","35-39","sc_car_deaths_ap_COPD_ub",-0.00126,"bogota","Car",NA,NA,"L3: COPD","AP",289808
"male","40-44","sc_car_deaths_ap_COPD_ub",-0.00035,"bogota","Car",NA,NA,"L3: COPD","AP",244543
"male","45-49","sc_car_deaths_ap_COPD_ub",-0.00184,"bogota","Car",NA,NA,"L3: COPD","AP",215491
"male","50-54","sc_car_deaths_ap_COPD_ub",0.00097,"bogota","Car",NA,NA,"L3: COPD","AP",209137
"male","55-59","sc_car_deaths_ap_COPD_ub",-0.00439,"bogota","Car",NA,NA,"L3: COPD","AP",187551
"male","60-64","sc_car_deaths_ap_COPD_ub",0.00113,"bogota","Car",NA,NA,"L3: COPD","AP",146500
"male","65-69","sc_car_deaths_ap_COPD_ub",0.00865,"bogota","Car",NA,NA,"L3: COPD","AP",105412
"female","15-19","sc_car_deaths_ap_COPD_ub",-0.0001,"bogota","Car",NA,NA,"L3: COPD","AP",279280
"female","20-24","sc_car_deaths_ap_COPD_ub",-0.00037,"bogota","Car",NA,NA,"L3: COPD","AP",360197
"female","25-29","sc_car_deaths_ap_COPD_ub",-0.00054,"bogota","Car",NA,NA,"L3: COPD","AP",364423
"female","30-34","sc_car_deaths_ap_COPD_ub",-0.00057,"bogota","Car",NA,NA,"L3: COPD","AP",330341
"female","35-39","sc_car_deaths_ap_COPD_ub",-0.00084,"bogota","Car",NA,NA,"L3: COPD","AP",309304
"female","40-44","sc_car_deaths_ap_COPD_ub",-0.00137,"bogota","Car",NA,NA,"L3: COPD","AP",275440
"female","45-49","sc_car_deaths_ap_COPD_ub",-0.00304,"bogota","Car",NA,NA,"L3: COPD","AP",254843
"female","50-54","sc_car_deaths_ap_COPD_ub",-0.00477,"bogota","Car",NA,NA,"L3: COPD","AP",256059
"female","55-59","sc_car_deaths_ap_COPD_ub",-0.0083,"bogota","Car",NA,NA,"L3: COPD","AP",235548
"female","60-64","sc_car_deaths_ap_COPD_ub",-0.01248,"bogota","Car",NA,NA,"L3: COPD","AP",189600
"female","65-69","sc_car_deaths_ap_COPD_ub",-0.01939,"bogota","Car",NA,NA,"L3: COPD","AP",141409
"male","15-19","sc_bus_deaths_ap_COPD_ub",0.00035,"bogota","Bus",NA,NA,"L3: COPD","AP",282736
"male","20-24","sc_bus_deaths_ap_COPD_ub",0.00092,"bogota","Bus",NA,NA,"L3: COPD","AP",357934
"male","25-29","sc_bus_deaths_ap_COPD_ub",0.00098,"bogota","Bus",NA,NA,"L3: COPD","AP",360031
"male","30-34","sc_bus_deaths_ap_COPD_ub",0.0022,"bogota","Bus",NA,NA,"L3: COPD","AP",321492
"male","35-39","sc_bus_deaths_ap_COPD_ub",0.00333,"bogota","Bus",NA,NA,"L3: COPD","AP",289808
"male","40-44","sc_bus_deaths_ap_COPD_ub",0.00411,"bogota","Bus",NA,NA,"L3: COPD","AP",244543
"male","45-49","sc_bus_deaths_ap_COPD_ub",0.0071,"bogota","Bus",NA,NA,"L3: COPD","AP",215491
"male","50-54","sc_bus_deaths_ap_COPD_ub",0.01855,"bogota","Bus",NA,NA,"L3: COPD","AP",209137
"male","55-59","sc_bus_deaths_ap_COPD_ub",0.02264,"bogota","Bus",NA,NA,"L3: COPD","AP",187551
"male","60-64","sc_bus_deaths_ap_COPD_ub",0.05677,"bogota","Bus",NA,NA,"L3: COPD","AP",146500
"male","65-69","sc_bus_deaths_ap_COPD_ub",0.07934,"bogota","Bus",NA,NA,"L3: COPD","AP",105412
"female","15-19","sc_bus_deaths_ap_COPD_ub",0.00009,"bogota","Bus",NA,NA,"L3: COPD","AP",279280
"female","20-24","sc_bus_deaths_ap_COPD_ub",0.00036,"bogota","Bus",NA,NA,"L3: COPD","AP",360197
"female","25-29","sc_bus_deaths_ap_COPD_ub",0.00048,"bogota","Bus",NA,NA,"L3: COPD","AP",364423
"female","30-34","sc_bus_deaths_ap_COPD_ub",0.00059,"bogota","Bus",NA,NA,"L3: COPD","AP",330341
"female","35-39","sc_bus_deaths_ap_COPD_ub",0.0011,"bogota","Bus",NA,NA,"L3: COPD","AP",309304
"female","40-44","sc_bus_deaths_ap_COPD_ub",0.00188,"bogota","Bus",NA,NA,"L3: COPD","AP",275440
"female","45-49","sc_bus_deaths_ap_COPD_ub",0.00205,"bogota","Bus",NA,NA,"L3: COPD","AP",254843
"female","50-54","sc_bus_deaths_ap_COPD_ub",0.0034,"bogota","Bus",NA,NA,"L3: COPD","AP",256059
"female","55-59","sc_bus_deaths_ap_COPD_ub",0.00721,"bogota","Bus",NA,NA,"L3: COPD","AP",235548
"female","60-64","sc_bus_deaths_ap_COPD_ub",0.0123,"bogota","Bus",NA,NA,"L3: COPD","AP",189600
"female","65-69","sc_bus_deaths_ap_COPD_ub",0.02332,"bogota","Bus",NA,NA,"L3: COPD","AP",141409
"male","15-19","sc_cycle_deaths_pa_ap_stroke",0.0118,"bogota","Cycling",NA,NA,"L3: stroke","PA and AP",282736
"male","20-24","sc_cycle_deaths_pa_ap_stroke",0.03434,"bogota","Cycling",NA,NA,"L3: stroke","PA and AP",357934
"male","25-29","sc_cycle_deaths_pa_ap_stroke",0.03912,"bogota","Cycling",NA,NA,"L3: stroke","PA and AP",360031
"male","30-34","sc_cycle_deaths_pa_ap_stroke",0.04882,"bogota","Cycling",NA,NA,"L3: stroke","PA and AP",321492
"male","35-39","sc_cycle_deaths_pa_ap_stroke",0.07768,"bogota","Cycling",NA,NA,"L3: stroke","PA and AP",289808
"male","40-44","sc_cycle_deaths_pa_ap_stroke",0.11027,"bogota","Cycling",NA,NA,"L3: stroke","PA and AP",244543
"male","45-49","sc_cycle_deaths_pa_ap_stroke",0.15816,"bogota","Cycling",NA,NA,"L3: stroke","PA and AP",215491
"male","50-54","sc_cycle_deaths_pa_ap_stroke",0.20313,"bogota","Cycling",NA,NA,"L3: stroke","PA and AP",209137
"male","55-59","sc_cycle_deaths_pa_ap_stroke",0.29895,"bogota","Cycling",NA,NA,"L3: stroke","PA and AP",187551
"male","60-64","sc_cycle_deaths_pa_ap_stroke",0.52973,"bogota","Cycling",NA,NA,"L3: stroke","PA and AP",146500
"male","65-69","sc_cycle_deaths_pa_ap_stroke",0.70153,"bogota","Cycling",NA,NA,"L3: stroke","PA and AP",105412
"female","15-19","sc_cycle_deaths_pa_ap_stroke",0.01345,"bogota","Cycling",NA,NA,"L3: stroke","PA and AP",279280
"female","20-24","sc_cycle_deaths_pa_ap_stroke",0.03175,"bogota","Cycling",NA,NA,"L3: stroke","PA and AP",360197
"female","25-29","sc_cycle_deaths_pa_ap_stroke",0.02509,"bogota","Cycling",NA,NA,"L3: stroke","PA and AP",364423
"female","30-34","sc_cycle_deaths_pa_ap_stroke",0.04117,"bogota","Cycling",NA,NA,"L3: stroke","PA and AP",330341
"female","35-39","sc_cycle_deaths_pa_ap_stroke",0.07264,"bogota","Cycling",NA,NA,"L3: stroke","PA and AP",309304
"female","40-44","sc_cycle_deaths_pa_ap_stroke",0.12981,"bogota","Cycling",NA,NA,"L3: stroke","PA and AP",275440
"female","45-49","sc_cycle_deaths_pa_ap_stroke",0.17169,"bogota","Cycling",NA,NA,"L3: stroke","PA and AP",254843
"female","50-54","sc_cycle_deaths_pa_ap_stroke",0.40174,"bogota","Cycling",NA,NA,"L3: stroke","PA and AP",256059
"female","55-59","sc_cycle_deaths_pa_ap_stroke",0.56164,"bogota","Cycling",NA,NA,"L3: stroke","PA and AP",235548
"female","60-64","sc_cycle_deaths_pa_ap_stroke",0.62541,"bogota","Cycling",NA,NA,"L3: stroke","PA and AP",189600
"female","65-69","sc_cycle_deaths_pa_ap_stroke",0.67731,"bogota","Cycling",NA,NA,"L3: stroke","PA and AP",141409
"male","15-19","sc_car_deaths_pa_ap_stroke",-0.00983,"bogota","Car",NA,NA,"L3: stroke","PA and AP",282736
"male","20-24","sc_car_deaths_pa_ap_stroke",-0.02052,"bogota","Car",NA,NA,"L3: stroke","PA and AP",357934
"male","25-29","sc_car_deaths_pa_ap_stroke",-0.03863,"bogota","Car",NA,NA,"L3: stroke","PA and AP",360031
"male","30-34","sc_car_deaths_pa_ap_stroke",-0.04476,"bogota","Car",NA,NA,"L3: stroke","PA and AP",321492
"male","35-39","sc_car_deaths_pa_ap_stroke",-0.06379,"bogota","Car",NA,NA,"L3: stroke","PA and AP",289808
"male","40-44","sc_car_deaths_pa_ap_stroke",-0.07825,"bogota","Car",NA,NA,"L3: stroke","PA and AP",244543
"male","45-49","sc_car_deaths_pa_ap_stroke",-0.12934,"bogota","Car",NA,NA,"L3: stroke","PA and AP",215491
"male","50-54","sc_car_deaths_pa_ap_stroke",-0.18475,"bogota","Car",NA,NA,"L3: stroke","PA and AP",209137
"male","55-59","sc_car_deaths_pa_ap_stroke",-0.24678,"bogota","Car",NA,NA,"L3: stroke","PA and AP",187551
"male","60-64","sc_car_deaths_pa_ap_stroke",-0.39352,"bogota","Car",NA,NA,"L3: stroke","PA and AP",146500
"male","65-69","sc_car_deaths_pa_ap_stroke",-0.58242,"bogota","Car",NA,NA,"L3: stroke","PA and AP",105412
"female","15-19","sc_car_deaths_pa_ap_stroke",-0.00579,"bogota","Car",NA,NA,"L3: stroke","PA and AP",279280
"female","20-24","sc_car_deaths_pa_ap_stroke",-0.01682,"bogota","Car",NA,NA,"L3: stroke","PA and AP",360197
"female","25-29","sc_car_deaths_pa_ap_stroke",-0.03023,"bogota","Car",NA,NA,"L3: stroke","PA and AP",364423
"female","30-34","sc_car_deaths_pa_ap_stroke",-0.03961,"bogota","Car",NA,NA,"L3: stroke","PA and AP",330341
"female","35-39","sc_car_deaths_pa_ap_stroke",-0.06086,"bogota","Car",NA,NA,"L3: stroke","PA and AP",309304
"female","40-44","sc_car_deaths_pa_ap_stroke",-0.10848,"bogota","Car",NA,NA,"L3: stroke","PA and AP",275440
"female","45-49","sc_car_deaths_pa_ap_stroke",-0.13545,"bogota","Car",NA,NA,"L3: stroke","PA and AP",254843
"female","50-54","sc_car_deaths_pa_ap_stroke",-0.13206,"bogota","Car",NA,NA,"L3: stroke","PA and AP",256059
"female","55-59","sc_car_deaths_pa_ap_stroke",-0.22024,"bogota","Car",NA,NA,"L3: stroke","PA and AP",235548
"female","60-64","sc_car_deaths_pa_ap_stroke",-0.34343,"bogota","Car",NA,NA,"L3: stroke","PA and AP",189600
"female","65-69","sc_car_deaths_pa_ap_stroke",-0.43214,"bogota","Car",NA,NA,"L3: stroke","PA and AP",141409
"male","15-19","sc_bus_deaths_pa_ap_stroke",-0.00388,"bogota","Bus",NA,NA,"L3: stroke","PA and AP",282736
"male","20-24","sc_bus_deaths_pa_ap_stroke",-0.00338,"bogota","Bus",NA,NA,"L3: stroke","PA and AP",357934
"male","25-29","sc_bus_deaths_pa_ap_stroke",0.01007,"bogota","Bus",NA,NA,"L3: stroke","PA and AP",360031
"male","30-34","sc_bus_deaths_pa_ap_stroke",0.01756,"bogota","Bus",NA,NA,"L3: stroke","PA and AP",321492
"male","35-39","sc_bus_deaths_pa_ap_stroke",0.02966,"bogota","Bus",NA,NA,"L3: stroke","PA and AP",289808
"male","40-44","sc_bus_deaths_pa_ap_stroke",0.04914,"bogota","Bus",NA,NA,"L3: stroke","PA and AP",244543
"male","45-49","sc_bus_deaths_pa_ap_stroke",0.01585,"bogota","Bus",NA,NA,"L3: stroke","PA and AP",215491
"male","50-54","sc_bus_deaths_pa_ap_stroke",0.04982,"bogota","Bus",NA,NA,"L3: stroke","PA and AP",209137
"male","55-59","sc_bus_deaths_pa_ap_stroke",0.0788,"bogota","Bus",NA,NA,"L3: stroke","PA and AP",187551
"male","60-64","sc_bus_deaths_pa_ap_stroke",-0.0101,"bogota","Bus",NA,NA,"L3: stroke","PA and AP",146500
"male","65-69","sc_bus_deaths_pa_ap_stroke",0.01033,"bogota","Bus",NA,NA,"L3: stroke","PA and AP",105412
"female","15-19","sc_bus_deaths_pa_ap_stroke",-0.00018,"bogota","Bus",NA,NA,"L3: stroke","PA and AP",279280
"female","20-24","sc_bus_deaths_pa_ap_stroke",-0.00055,"bogota","Bus",NA,NA,"L3: stroke","PA and AP",360197
"female","25-29","sc_bus_deaths_pa_ap_stroke",0.00835,"bogota","Bus",NA,NA,"L3: stroke","PA and AP",364423
"female","30-34","sc_bus_deaths_pa_ap_stroke",0.01034,"bogota","Bus",NA,NA,"L3: stroke","PA and AP",330341
"female","35-39","sc_bus_deaths_pa_ap_stroke",0.01626,"bogota","Bus",NA,NA,"L3: stroke","PA and AP",309304
"female","40-44","sc_bus_deaths_pa_ap_stroke",0.03271,"bogota","Bus",NA,NA,"L3: stroke","PA and AP",275440
"female","45-49","sc_bus_deaths_pa_ap_stroke",0.0197,"bogota","Bus",NA,NA,"L3: stroke","PA and AP",254843
"female","50-54","sc_bus_deaths_pa_ap_stroke",0.0619,"bogota","Bus",NA,NA,"L3: stroke","PA and AP",256059
"female","55-59","sc_bus_deaths_pa_ap_stroke",0.11333,"bogota","Bus",NA,NA,"L3: stroke","PA and AP",235548
"female","60-64","sc_bus_deaths_pa_ap_stroke",0.13838,"bogota","Bus",NA,NA,"L3: stroke","PA and AP",189600
"female","65-69","sc_bus_deaths_pa_ap_stroke",0.14469,"bogota","Bus",NA,NA,"L3: stroke","PA and AP",141409
"male","15-19","sc_cycle_deaths_pa_ap_stroke_lb",0.01918,"bogota","Cycling",NA,NA,"L3: stroke","PA and AP",282736
"male","20-24","sc_cycle_deaths_pa_ap_stroke_lb",0.05537,"bogota","Cycling",NA,NA,"L3: stroke","PA and AP",357934
"male","25-29","sc_cycle_deaths_pa_ap_stroke_lb",0.08015,"bogota","Cycling",NA,NA,"L3: stroke","PA and AP",360031
"male","30-34","sc_cycle_deaths_pa_ap_stroke_lb",0.10036,"bogota","Cycling",NA,NA,"L3: stroke","PA and AP",321492
"male","35-39","sc_cycle_deaths_pa_ap_stroke_lb",0.14809,"bogota","Cycling",NA,NA,"L3: stroke","PA and AP",289808
"male","40-44","sc_cycle_deaths_pa_ap_stroke_lb",0.20635,"bogota","Cycling",NA,NA,"L3: stroke","PA and AP",244543
"male","45-49","sc_cycle_deaths_pa_ap_stroke_lb",0.29759,"bogota","Cycling",NA,NA,"L3: stroke","PA and AP",215491
"male","50-54","sc_cycle_deaths_pa_ap_stroke_lb",0.37892,"bogota","Cycling",NA,NA,"L3: stroke","PA and AP",209137
"male","55-59","sc_cycle_deaths_pa_ap_stroke_lb",0.56621,"bogota","Cycling",NA,NA,"L3: stroke","PA and AP",187551
"male","60-64","sc_cycle_deaths_pa_ap_stroke_lb",0.94169,"bogota","Cycling",NA,NA,"L3: stroke","PA and AP",146500
"male","65-69","sc_cycle_deaths_pa_ap_stroke_lb",1.22333,"bogota","Cycling",NA,NA,"L3: stroke","PA and AP",105412
"female","15-19","sc_cycle_deaths_pa_ap_stroke_lb",0.02163,"bogota","Cycling",NA,NA,"L3: stroke","PA and AP",279280
"female","20-24","sc_cycle_deaths_pa_ap_stroke_lb",0.05096,"bogota","Cycling",NA,NA,"L3: stroke","PA and AP",360197
"female","25-29","sc_cycle_deaths_pa_ap_stroke_lb",0.05437,"bogota","Cycling",NA,NA,"L3: stroke","PA and AP",364423
"female","30-34","sc_cycle_deaths_pa_ap_stroke_lb",0.08594,"bogota","Cycling",NA,NA,"L3: stroke","PA and AP",330341
"female","35-39","sc_cycle_deaths_pa_ap_stroke_lb",0.14349,"bogota","Cycling",NA,NA,"L3: stroke","PA and AP",309304
"female","40-44","sc_cycle_deaths_pa_ap_stroke_lb",0.25189,"bogota","Cycling",NA,NA,"L3: stroke","PA and AP",275440
"female","45-49","sc_cycle_deaths_pa_ap_stroke_lb",0.3251,"bogota","Cycling",NA,NA,"L3: stroke","PA and AP",254843
"female","50-54","sc_cycle_deaths_pa_ap_stroke_lb",0.71972,"bogota","Cycling",NA,NA,"L3: stroke","PA and AP",256059
"female","55-59","sc_cycle_deaths_pa_ap_stroke_lb",0.98585,"bogota","Cycling",NA,NA,"L3: stroke","PA and AP",235548
"female","60-64","sc_cycle_deaths_pa_ap_stroke_lb",1.08906,"bogota","Cycling",NA,NA,"L3: stroke","PA and AP",189600
"female","65-69","sc_cycle_deaths_pa_ap_stroke_lb",1.1625,"bogota","Cycling",NA,NA,"L3: stroke","PA and AP",141409
"male","15-19","sc_car_deaths_pa_ap_stroke_lb",-0.01657,"bogota","Car",NA,NA,"L3: stroke","PA and AP",282736
"male","20-24","sc_car_deaths_pa_ap_stroke_lb",-0.03438,"bogota","Car",NA,NA,"L3: stroke","PA and AP",357934
"male","25-29","sc_car_deaths_pa_ap_stroke_lb",-0.05841,"bogota","Car",NA,NA,"L3: stroke","PA and AP",360031
"male","30-34","sc_car_deaths_pa_ap_stroke_lb",-0.07053,"bogota","Car",NA,NA,"L3: stroke","PA and AP",321492
"male","35-39","sc_car_deaths_pa_ap_stroke_lb",-0.09766,"bogota","Car",NA,NA,"L3: stroke","PA and AP",289808
"male","40-44","sc_car_deaths_pa_ap_stroke_lb",-0.12896,"bogota","Car",NA,NA,"L3: stroke","PA and AP",244543
"male","45-49","sc_car_deaths_pa_ap_stroke_lb",-0.20698,"bogota","Car",NA,NA,"L3: stroke","PA and AP",215491
"male","50-54","sc_car_deaths_pa_ap_stroke_lb",-0.30921,"bogota","Car",NA,NA,"L3: stroke","PA and AP",209137
"male","55-59","sc_car_deaths_pa_ap_stroke_lb",-0.40515,"bogota","Car",NA,NA,"L3: stroke","PA and AP",187551
"male","60-64","sc_car_deaths_pa_ap_stroke_lb",-0.66542,"bogota","Car",NA,NA,"L3: stroke","PA and AP",146500
"male","65-69","sc_car_deaths_pa_ap_stroke_lb",-0.99657,"bogota","Car",NA,NA,"L3: stroke","PA and AP",105412
"female","15-19","sc_car_deaths_pa_ap_stroke_lb",-0.00991,"bogota","Car",NA,NA,"L3: stroke","PA and AP",279280
"female","20-24","sc_car_deaths_pa_ap_stroke_lb",-0.02881,"bogota","Car",NA,NA,"L3: stroke","PA and AP",360197
"female","25-29","sc_car_deaths_pa_ap_stroke_lb",-0.046,"bogota","Car",NA,NA,"L3: stroke","PA and AP",364423
"female","30-34","sc_car_deaths_pa_ap_stroke_lb",-0.06157,"bogota","Car",NA,NA,"L3: stroke","PA and AP",330341
"female","35-39","sc_car_deaths_pa_ap_stroke_lb",-0.09352,"bogota","Car",NA,NA,"L3: stroke","PA and AP",309304
"female","40-44","sc_car_deaths_pa_ap_stroke_lb",-0.16866,"bogota","Car",NA,NA,"L3: stroke","PA and AP",275440
"female","45-49","sc_car_deaths_pa_ap_stroke_lb",-0.207,"bogota","Car",NA,NA,"L3: stroke","PA and AP",254843
"female","50-54","sc_car_deaths_pa_ap_stroke_lb",-0.20411,"bogota","Car",NA,NA,"L3: stroke","PA and AP",256059
"female","55-59","sc_car_deaths_pa_ap_stroke_lb",-0.35143,"bogota","Car",NA,NA,"L3: stroke","PA and AP",235548
"female","60-64","sc_car_deaths_pa_ap_stroke_lb",-0.56752,"bogota","Car",NA,NA,"L3: stroke","PA and AP",189600
"female","65-69","sc_car_deaths_pa_ap_stroke_lb",-0.72744,"bogota","Car",NA,NA,"L3: stroke","PA and AP",141409
"male","15-19","sc_bus_deaths_pa_ap_stroke_lb",-0.00571,"bogota","Bus",NA,NA,"L3: stroke","PA and AP",282736
"male","20-24","sc_bus_deaths_pa_ap_stroke_lb",-0.00294,"bogota","Bus",NA,NA,"L3: stroke","PA and AP",357934
"male","25-29","sc_bus_deaths_pa_ap_stroke_lb",0.01062,"bogota","Bus",NA,NA,"L3: stroke","PA and AP",360031
"male","30-34","sc_bus_deaths_pa_ap_stroke_lb",0.02178,"bogota","Bus",NA,NA,"L3: stroke","PA and AP",321492
"male","35-39","sc_bus_deaths_pa_ap_stroke_lb",0.0362,"bogota","Bus",NA,NA,"L3: stroke","PA and AP",289808
"male","40-44","sc_bus_deaths_pa_ap_stroke_lb",0.06861,"bogota","Bus",NA,NA,"L3: stroke","PA and AP",244543
"male","45-49","sc_bus_deaths_pa_ap_stroke_lb",0.0148,"bogota","Bus",NA,NA,"L3: stroke","PA and AP",215491
"male","50-54","sc_bus_deaths_pa_ap_stroke_lb",0.05929,"bogota","Bus",NA,NA,"L3: stroke","PA and AP",209137
"male","55-59","sc_bus_deaths_pa_ap_stroke_lb",0.11678,"bogota","Bus",NA,NA,"L3: stroke","PA and AP",187551
"male","60-64","sc_bus_deaths_pa_ap_stroke_lb",-0.06186,"bogota","Bus",NA,NA,"L3: stroke","PA and AP",146500
"male","65-69","sc_bus_deaths_pa_ap_stroke_lb",-0.01893,"bogota","Bus",NA,NA,"L3: stroke","PA and AP",105412
"female","15-19","sc_bus_deaths_pa_ap_stroke_lb",-0.00003,"bogota","Bus",NA,NA,"L3: stroke","PA and AP",279280
"female","20-24","sc_bus_deaths_pa_ap_stroke_lb",-0.00016,"bogota","Bus",NA,NA,"L3: stroke","PA and AP",360197
"female","25-29","sc_bus_deaths_pa_ap_stroke_lb",0.01045,"bogota","Bus",NA,NA,"L3: stroke","PA and AP",364423
"female","30-34","sc_bus_deaths_pa_ap_stroke_lb",0.01419,"bogota","Bus",NA,NA,"L3: stroke","PA and AP",330341
"female","35-39","sc_bus_deaths_pa_ap_stroke_lb",0.01823,"bogota","Bus",NA,NA,"L3: stroke","PA and AP",309304
"female","40-44","sc_bus_deaths_pa_ap_stroke_lb",0.04221,"bogota","Bus",NA,NA,"L3: stroke","PA and AP",275440
"female","45-49","sc_bus_deaths_pa_ap_stroke_lb",0.0269,"bogota","Bus",NA,NA,"L3: stroke","PA and AP",254843
"female","50-54","sc_bus_deaths_pa_ap_stroke_lb",0.09543,"bogota","Bus",NA,NA,"L3: stroke","PA and AP",256059
"female","55-59","sc_bus_deaths_pa_ap_stroke_lb",0.17786,"bogota","Bus",NA,NA,"L3: stroke","PA and AP",235548
"female","60-64","sc_bus_deaths_pa_ap_stroke_lb",0.22493,"bogota","Bus",NA,NA,"L3: stroke","PA and AP",189600
"female","65-69","sc_bus_deaths_pa_ap_stroke_lb",0.2303,"bogota","Bus",NA,NA,"L3: stroke","PA and AP",141409
"male","15-19","sc_cycle_deaths_pa_ap_stroke_ub",0.00448,"bogota","Cycling",NA,NA,"L3: stroke","PA and AP",282736
"male","20-24","sc_cycle_deaths_pa_ap_stroke_ub",0.01324,"bogota","Cycling",NA,NA,"L3: stroke","PA and AP",357934
"male","25-29","sc_cycle_deaths_pa_ap_stroke_ub",-0.00207,"bogota","Cycling",NA,NA,"L3: stroke","PA and AP",360031
"male","30-34","sc_cycle_deaths_pa_ap_stroke_ub",-0.00175,"bogota","Cycling",NA,NA,"L3: stroke","PA and AP",321492
"male","35-39","sc_cycle_deaths_pa_ap_stroke_ub",0.00732,"bogota","Cycling",NA,NA,"L3: stroke","PA and AP",289808
"male","40-44","sc_cycle_deaths_pa_ap_stroke_ub",0.01459,"bogota","Cycling",NA,NA,"L3: stroke","PA and AP",244543
"male","45-49","sc_cycle_deaths_pa_ap_stroke_ub",0.02145,"bogota","Cycling",NA,NA,"L3: stroke","PA and AP",215491
"male","50-54","sc_cycle_deaths_pa_ap_stroke_ub",0.02693,"bogota","Cycling",NA,NA,"L3: stroke","PA and AP",209137
"male","55-59","sc_cycle_deaths_pa_ap_stroke_ub",0.03923,"bogota","Cycling",NA,NA,"L3: stroke","PA and AP",187551
"male","60-64","sc_cycle_deaths_pa_ap_stroke_ub",0.11614,"bogota","Cycling",NA,NA,"L3: stroke","PA and AP",146500
"male","65-69","sc_cycle_deaths_pa_ap_stroke_ub",0.17937,"bogota","Cycling",NA,NA,"L3: stroke","PA and AP",105412
"female","15-19","sc_cycle_deaths_pa_ap_stroke_ub",0.00509,"bogota","Cycling",NA,NA,"L3: stroke","PA and AP",279280
"female","20-24","sc_cycle_deaths_pa_ap_stroke_ub",0.01229,"bogota","Cycling",NA,NA,"L3: stroke","PA and AP",360197
"female","25-29","sc_cycle_deaths_pa_ap_stroke_ub",-0.00446,"bogota","Cycling",NA,NA,"L3: stroke","PA and AP",364423
"female","30-34","sc_cycle_deaths_pa_ap_stroke_ub",-0.00398,"bogota","Cycling",NA,NA,"L3: stroke","PA and AP",330341
"female","35-39","sc_cycle_deaths_pa_ap_stroke_ub",0.00066,"bogota","Cycling",NA,NA,"L3: stroke","PA and AP",309304
"female","40-44","sc_cycle_deaths_pa_ap_stroke_ub",0.00731,"bogota","Cycling",NA,NA,"L3: stroke","PA and AP",275440
"female","45-49","sc_cycle_deaths_pa_ap_stroke_ub",0.01643,"bogota","Cycling",NA,NA,"L3: stroke","PA and AP",254843
"female","50-54","sc_cycle_deaths_pa_ap_stroke_ub",0.08321,"bogota","Cycling",NA,NA,"L3: stroke","PA and AP",256059
"female","55-59","sc_cycle_deaths_pa_ap_stroke_ub",0.12745,"bogota","Cycling",NA,NA,"L3: stroke","PA and AP",235548
"female","60-64","sc_cycle_deaths_pa_ap_stroke_ub",0.1507,"bogota","Cycling",NA,NA,"L3: stroke","PA and AP",189600
"female","65-69","sc_cycle_deaths_pa_ap_stroke_ub",0.18442,"bogota","Cycling",NA,NA,"L3: stroke","PA and AP",141409
"male","15-19","sc_car_deaths_pa_ap_stroke_ub",-0.00341,"bogota","Car",NA,NA,"L3: stroke","PA and AP",282736
"male","20-24","sc_car_deaths_pa_ap_stroke_ub",-0.00717,"bogota","Car",NA,NA,"L3: stroke","PA and AP",357934
"male","25-29","sc_car_deaths_pa_ap_stroke_ub",-0.01967,"bogota","Car",NA,NA,"L3: stroke","PA and AP",360031
"male","30-34","sc_car_deaths_pa_ap_stroke_ub",-0.02007,"bogota","Car",NA,NA,"L3: stroke","PA and AP",321492
"male","35-39","sc_car_deaths_pa_ap_stroke_ub",-0.0313,"bogota","Car",NA,NA,"L3: stroke","PA and AP",289808
"male","40-44","sc_car_deaths_pa_ap_stroke_ub",-0.02982,"bogota","Car",NA,NA,"L3: stroke","PA and AP",244543
"male","45-49","sc_car_deaths_pa_ap_stroke_ub",-0.0542,"bogota","Car",NA,NA,"L3: stroke","PA and AP",215491
"male","50-54","sc_car_deaths_pa_ap_stroke_ub",-0.06552,"bogota","Car",NA,NA,"L3: stroke","PA and AP",209137
"male","55-59","sc_car_deaths_pa_ap_stroke_ub",-0.09671,"bogota","Car",NA,NA,"L3: stroke","PA and AP",187551
"male","60-64","sc_car_deaths_pa_ap_stroke_ub",-0.13525,"bogota","Car",NA,NA,"L3: stroke","PA and AP",146500
"male","65-69","sc_car_deaths_pa_ap_stroke_ub",-0.18902,"bogota","Car",NA,NA,"L3: stroke","PA and AP",105412
"female","15-19","sc_car_deaths_pa_ap_stroke_ub",-0.00186,"bogota","Car",NA,NA,"L3: stroke","PA and AP",279280
"female","20-24","sc_car_deaths_pa_ap_stroke_ub",-0.00543,"bogota","Car",NA,NA,"L3: stroke","PA and AP",360197
"female","25-29","sc_car_deaths_pa_ap_stroke_ub",-0.01528,"bogota","Car",NA,NA,"L3: stroke","PA and AP",364423
"female","30-34","sc_car_deaths_pa_ap_stroke_ub",-0.01885,"bogota","Car",NA,NA,"L3: stroke","PA and AP",330341
"female","35-39","sc_car_deaths_pa_ap_stroke_ub",-0.02969,"bogota","Car",NA,NA,"L3: stroke","PA and AP",309304
"female","40-44","sc_car_deaths_pa_ap_stroke_ub",-0.05085,"bogota","Car",NA,NA,"L3: stroke","PA and AP",275440
"female","45-49","sc_car_deaths_pa_ap_stroke_ub",-0.06683,"bogota","Car",NA,NA,"L3: stroke","PA and AP",254843
"female","50-54","sc_car_deaths_pa_ap_stroke_ub",-0.06313,"bogota","Car",NA,NA,"L3: stroke","PA and AP",256059
"female","55-59","sc_car_deaths_pa_ap_stroke_ub",-0.09543,"bogota","Car",NA,NA,"L3: stroke","PA and AP",235548
"female","60-64","sc_car_deaths_pa_ap_stroke_ub",-0.13036,"bogota","Car",NA,NA,"L3: stroke","PA and AP",189600
"female","65-69","sc_car_deaths_pa_ap_stroke_ub",-0.15722,"bogota","Car",NA,NA,"L3: stroke","PA and AP",141409
"male","15-19","sc_bus_deaths_pa_ap_stroke_ub",-0.00184,"bogota","Bus",NA,NA,"L3: stroke","PA and AP",282736
"male","20-24","sc_bus_deaths_pa_ap_stroke_ub",-0.00279,"bogota","Bus",NA,NA,"L3: stroke","PA and AP",357934
"male","25-29","sc_bus_deaths_pa_ap_stroke_ub",0.01092,"bogota","Bus",NA,NA,"L3: stroke","PA and AP",360031
"male","30-34","sc_bus_deaths_pa_ap_stroke_ub",0.01593,"bogota","Bus",NA,NA,"L3: stroke","PA and AP",321492
"male","35-39","sc_bus_deaths_pa_ap_stroke_ub",0.02712,"bogota","Bus",NA,NA,"L3: stroke","PA and AP",289808
"male","40-44","sc_bus_deaths_pa_ap_stroke_ub",0.03429,"bogota","Bus",NA,NA,"L3: stroke","PA and AP",244543
"male","45-49","sc_bus_deaths_pa_ap_stroke_ub",0.02302,"bogota","Bus",NA,NA,"L3: stroke","PA and AP",215491
"male","50-54","sc_bus_deaths_pa_ap_stroke_ub",0.05118,"bogota","Bus",NA,NA,"L3: stroke","PA and AP",209137
"male","55-59","sc_bus_deaths_pa_ap_stroke_ub",0.05237,"bogota","Bus",NA,NA,"L3: stroke","PA and AP",187551
"male","60-64","sc_bus_deaths_pa_ap_stroke_ub",0.05039,"bogota","Bus",NA,NA,"L3: stroke","PA and AP",146500
"male","65-69","sc_bus_deaths_pa_ap_stroke_ub",0.05359,"bogota","Bus",NA,NA,"L3: stroke","PA and AP",105412
"female","15-19","sc_bus_deaths_pa_ap_stroke_ub",-0.00022,"bogota","Bus",NA,NA,"L3: stroke","PA and AP",279280
"female","20-24","sc_bus_deaths_pa_ap_stroke_ub",-0.00061,"bogota","Bus",NA,NA,"L3: stroke","PA and AP",360197
"female","25-29","sc_bus_deaths_pa_ap_stroke_ub",0.00675,"bogota","Bus",NA,NA,"L3: stroke","PA and AP",364423
"female","30-34","sc_bus_deaths_pa_ap_stroke_ub",0.00744,"bogota","Bus",NA,NA,"L3: stroke","PA and AP",330341
"female","35-39","sc_bus_deaths_pa_ap_stroke_ub",0.01532,"bogota","Bus",NA,NA,"L3: stroke","PA and AP",309304
"female","40-44","sc_bus_deaths_pa_ap_stroke_ub",0.02506,"bogota","Bus",NA,NA,"L3: stroke","PA and AP",275440
"female","45-49","sc_bus_deaths_pa_ap_stroke_ub",0.0158,"bogota","Bus",NA,NA,"L3: stroke","PA and AP",254843
"female","50-54","sc_bus_deaths_pa_ap_stroke_ub",0.03172,"bogota","Bus",NA,NA,"L3: stroke","PA and AP",256059
"female","55-59","sc_bus_deaths_pa_ap_stroke_ub",0.05412,"bogota","Bus",NA,NA,"L3: stroke","PA and AP",235548
"female","60-64","sc_bus_deaths_pa_ap_stroke_ub",0.05925,"bogota","Bus",NA,NA,"L3: stroke","PA and AP",189600
"female","65-69","sc_bus_deaths_pa_ap_stroke_ub",0.06962,"bogota","Bus",NA,NA,"L3: stroke","PA and AP",141409
"male","15-19","sc_cycle_deaths_pa_ap_T2D",0.00171,"bogota","Cycling",NA,"L2: Other","L3: T2D","PA and AP",282736
"male","20-24","sc_cycle_deaths_pa_ap_T2D",0.00753,"bogota","Cycling",NA,"L2: Other","L3: T2D","PA and AP",357934
"male","25-29","sc_cycle_deaths_pa_ap_T2D",0.0163,"bogota","Cycling",NA,"L2: Other","L3: T2D","PA and AP",360031
"male","30-34","sc_cycle_deaths_pa_ap_T2D",0.041,"bogota","Cycling",NA,"L2: Other","L3: T2D","PA and AP",321492
"male","35-39","sc_cycle_deaths_pa_ap_T2D",0.05754,"bogota","Cycling",NA,"L2: Other","L3: T2D","PA and AP",289808
"male","40-44","sc_cycle_deaths_pa_ap_T2D",0.0784,"bogota","Cycling",NA,"L2: Other","L3: T2D","PA and AP",244543
"male","45-49","sc_cycle_deaths_pa_ap_T2D",0.14697,"bogota","Cycling",NA,"L2: Other","L3: T2D","PA and AP",215491
"male","50-54","sc_cycle_deaths_pa_ap_T2D",0.22624,"bogota","Cycling",NA,"L2: Other","L3: T2D","PA and AP",209137
"male","55-59","sc_cycle_deaths_pa_ap_T2D",0.29772,"bogota","Cycling",NA,"L2: Other","L3: T2D","PA and AP",187551
"male","60-64","sc_cycle_deaths_pa_ap_T2D",0.56554,"bogota","Cycling",NA,"L2: Other","L3: T2D","PA and AP",146500
"male","65-69","sc_cycle_deaths_pa_ap_T2D",0.60415,"bogota","Cycling",NA,"L2: Other","L3: T2D","PA and AP",105412
"female","15-19","sc_cycle_deaths_pa_ap_T2D",0.00453,"bogota","Cycling",NA,"L2: Other","L3: T2D","PA and AP",279280
"female","20-24","sc_cycle_deaths_pa_ap_T2D",0.01225,"bogota","Cycling",NA,"L2: Other","L3: T2D","PA and AP",360197
"female","25-29","sc_cycle_deaths_pa_ap_T2D",0.01885,"bogota","Cycling",NA,"L2: Other","L3: T2D","PA and AP",364423
"female","30-34","sc_cycle_deaths_pa_ap_T2D",0.03329,"bogota","Cycling",NA,"L2: Other","L3: T2D","PA and AP",330341
"female","35-39","sc_cycle_deaths_pa_ap_T2D",0.04947,"bogota","Cycling",NA,"L2: Other","L3: T2D","PA and AP",309304
"female","40-44","sc_cycle_deaths_pa_ap_T2D",0.07801,"bogota","Cycling",NA,"L2: Other","L3: T2D","PA and AP",275440
"female","45-49","sc_cycle_deaths_pa_ap_T2D",0.13388,"bogota","Cycling",NA,"L2: Other","L3: T2D","PA and AP",254843
"female","50-54","sc_cycle_deaths_pa_ap_T2D",0.30219,"bogota","Cycling",NA,"L2: Other","L3: T2D","PA and AP",256059
"female","55-59","sc_cycle_deaths_pa_ap_T2D",0.53349,"bogota","Cycling",NA,"L2: Other","L3: T2D","PA and AP",235548
"female","60-64","sc_cycle_deaths_pa_ap_T2D",0.71535,"bogota","Cycling",NA,"L2: Other","L3: T2D","PA and AP",189600
"female","65-69","sc_cycle_deaths_pa_ap_T2D",0.74504,"bogota","Cycling",NA,"L2: Other","L3: T2D","PA and AP",141409
"male","15-19","sc_car_deaths_pa_ap_T2D",-0.00143,"bogota","Car",NA,"L2: Other","L3: T2D","PA and AP",282736
"male","20-24","sc_car_deaths_pa_ap_T2D",-0.00466,"bogota","Car",NA,"L2: Other","L3: T2D","PA and AP",357934
"male","25-29","sc_car_deaths_pa_ap_T2D",-0.00724,"bogota","Car",NA,"L2: Other","L3: T2D","PA and AP",360031
"male","30-34","sc_car_deaths_pa_ap_T2D",-0.02099,"bogota","Car",NA,"L2: Other","L3: T2D","PA and AP",321492
"male","35-39","sc_car_deaths_pa_ap_T2D",-0.0255,"bogota","Car",NA,"L2: Other","L3: T2D","PA and AP",289808
"male","40-44","sc_car_deaths_pa_ap_T2D",-0.03632,"bogota","Car",NA,"L2: Other","L3: T2D","PA and AP",244543
"male","45-49","sc_car_deaths_pa_ap_T2D",-0.08429,"bogota","Car",NA,"L2: Other","L3: T2D","PA and AP",215491
"male","50-54","sc_car_deaths_pa_ap_T2D",-0.13144,"bogota","Car",NA,"L2: Other","L3: T2D","PA and AP",209137
"male","55-59","sc_car_deaths_pa_ap_T2D",-0.18617,"bogota","Car",NA,"L2: Other","L3: T2D","PA and AP",187551
"male","60-64","sc_car_deaths_pa_ap_T2D",-0.27095,"bogota","Car",NA,"L2: Other","L3: T2D","PA and AP",146500
"male","65-69","sc_car_deaths_pa_ap_T2D",-0.3892,"bogota","Car",NA,"L2: Other","L3: T2D","PA and AP",105412
"female","15-19","sc_car_deaths_pa_ap_T2D",-0.00195,"bogota","Car",NA,"L2: Other","L3: T2D","PA and AP",279280
"female","20-24","sc_car_deaths_pa_ap_T2D",-0.00625,"bogota","Car",NA,"L2: Other","L3: T2D","PA and AP",360197
"female","25-29","sc_car_deaths_pa_ap_T2D",-0.00882,"bogota","Car",NA,"L2: Other","L3: T2D","PA and AP",364423
"female","30-34","sc_car_deaths_pa_ap_T2D",-0.01429,"bogota","Car",NA,"L2: Other","L3: T2D","PA and AP",330341
"female","35-39","sc_car_deaths_pa_ap_T2D",-0.01873,"bogota","Car",NA,"L2: Other","L3: T2D","PA and AP",309304
"female","40-44","sc_car_deaths_pa_ap_T2D",-0.03639,"bogota","Car",NA,"L2: Other","L3: T2D","PA and AP",275440
"female","45-49","sc_car_deaths_pa_ap_T2D",-0.05282,"bogota","Car",NA,"L2: Other","L3: T2D","PA and AP",254843
"female","50-54","sc_car_deaths_pa_ap_T2D",-0.06491,"bogota","Car",NA,"L2: Other","L3: T2D","PA and AP",256059
"female","55-59","sc_car_deaths_pa_ap_T2D",-0.13254,"bogota","Car",NA,"L2: Other","L3: T2D","PA and AP",235548
"female","60-64","sc_car_deaths_pa_ap_T2D",-0.24714,"bogota","Car",NA,"L2: Other","L3: T2D","PA and AP",189600
"female","65-69","sc_car_deaths_pa_ap_T2D",-0.27887,"bogota","Car",NA,"L2: Other","L3: T2D","PA and AP",141409
"male","15-19","sc_bus_deaths_pa_ap_T2D",-0.00071,"bogota","Bus",NA,"L2: Other","L3: T2D","PA and AP",282736
"male","20-24","sc_bus_deaths_pa_ap_T2D",-0.00165,"bogota","Bus",NA,"L2: Other","L3: T2D","PA and AP",357934
"male","25-29","sc_bus_deaths_pa_ap_T2D",-0.00233,"bogota","Bus",NA,"L2: Other","L3: T2D","PA and AP",360031
"male","30-34","sc_bus_deaths_pa_ap_T2D",-0.00607,"bogota","Bus",NA,"L2: Other","L3: T2D","PA and AP",321492
"male","35-39","sc_bus_deaths_pa_ap_T2D",-0.00732,"bogota","Bus",NA,"L2: Other","L3: T2D","PA and AP",289808
"male","40-44","sc_bus_deaths_pa_ap_T2D",-0.00136,"bogota","Bus",NA,"L2: Other","L3: T2D","PA and AP",244543
"male","45-49","sc_bus_deaths_pa_ap_T2D",-0.03299,"bogota","Bus",NA,"L2: Other","L3: T2D","PA and AP",215491
"male","50-54","sc_bus_deaths_pa_ap_T2D",-0.03676,"bogota","Bus",NA,"L2: Other","L3: T2D","PA and AP",209137
"male","55-59","sc_bus_deaths_pa_ap_T2D",-0.01656,"bogota","Bus",NA,"L2: Other","L3: T2D","PA and AP",187551
"male","60-64","sc_bus_deaths_pa_ap_T2D",-0.09434,"bogota","Bus",NA,"L2: Other","L3: T2D","PA and AP",146500
"male","65-69","sc_bus_deaths_pa_ap_T2D",-0.09167,"bogota","Bus",NA,"L2: Other","L3: T2D","PA and AP",105412
"female","15-19","sc_bus_deaths_pa_ap_T2D",-0.00016,"bogota","Bus",NA,"L2: Other","L3: T2D","PA and AP",279280
"female","20-24","sc_bus_deaths_pa_ap_T2D",-0.00038,"bogota","Bus",NA,"L2: Other","L3: T2D","PA and AP",360197
"female","25-29","sc_bus_deaths_pa_ap_T2D",-0.00022,"bogota","Bus",NA,"L2: Other","L3: T2D","PA and AP",364423
"female","30-34","sc_bus_deaths_pa_ap_T2D",-0.00084,"bogota","Bus",NA,"L2: Other","L3: T2D","PA and AP",330341
"female","35-39","sc_bus_deaths_pa_ap_T2D",-0.00091,"bogota","Bus",NA,"L2: Other","L3: T2D","PA and AP",309304
"female","40-44","sc_bus_deaths_pa_ap_T2D",0.00039,"bogota","Bus",NA,"L2: Other","L3: T2D","PA and AP",275440
"female","45-49","sc_bus_deaths_pa_ap_T2D",-0.00635,"bogota","Bus",NA,"L2: Other","L3: T2D","PA and AP",254843
"female","50-54","sc_bus_deaths_pa_ap_T2D",0.02097,"bogota","Bus",NA,"L2: Other","L3: T2D","PA and AP",256059
"female","55-59","sc_bus_deaths_pa_ap_T2D",0.05276,"bogota","Bus",NA,"L2: Other","L3: T2D","PA and AP",235548
"female","60-64","sc_bus_deaths_pa_ap_T2D",0.06988,"bogota","Bus",NA,"L2: Other","L3: T2D","PA and AP",189600
"female","65-69","sc_bus_deaths_pa_ap_T2D",0.0696,"bogota","Bus",NA,"L2: Other","L3: T2D","PA and AP",141409
"male","15-19","sc_cycle_deaths_pa_ap_T2D_lb",0.00222,"bogota","Cycling",NA,"L2: Other","L3: T2D","PA and AP",282736
"male","20-24","sc_cycle_deaths_pa_ap_T2D_lb",0.00971,"bogota","Cycling",NA,"L2: Other","L3: T2D","PA and AP",357934
"male","25-29","sc_cycle_deaths_pa_ap_T2D_lb",0.0209,"bogota","Cycling",NA,"L2: Other","L3: T2D","PA and AP",360031
"male","30-34","sc_cycle_deaths_pa_ap_T2D_lb",0.05296,"bogota","Cycling",NA,"L2: Other","L3: T2D","PA and AP",321492
"male","35-39","sc_cycle_deaths_pa_ap_T2D_lb",0.07373,"bogota","Cycling",NA,"L2: Other","L3: T2D","PA and AP",289808
"male","40-44","sc_cycle_deaths_pa_ap_T2D_lb",0.10045,"bogota","Cycling",NA,"L2: Other","L3: T2D","PA and AP",244543
"male","45-49","sc_cycle_deaths_pa_ap_T2D_lb",0.18902,"bogota","Cycling",NA,"L2: Other","L3: T2D","PA and AP",215491
"male","50-54","sc_cycle_deaths_pa_ap_T2D_lb",0.29091,"bogota","Cycling",NA,"L2: Other","L3: T2D","PA and AP",209137
"male","55-59","sc_cycle_deaths_pa_ap_T2D_lb",0.38548,"bogota","Cycling",NA,"L2: Other","L3: T2D","PA and AP",187551
"male","60-64","sc_cycle_deaths_pa_ap_T2D_lb",0.72371,"bogota","Cycling",NA,"L2: Other","L3: T2D","PA and AP",146500
"male","65-69","sc_cycle_deaths_pa_ap_T2D_lb",0.77282,"bogota","Cycling",NA,"L2: Other","L3: T2D","PA and AP",105412
"female","15-19","sc_cycle_deaths_pa_ap_T2D_lb",0.00585,"bogota","Cycling",NA,"L2: Other","L3: T2D","PA and AP",279280
"female","20-24","sc_cycle_deaths_pa_ap_T2D_lb",0.01577,"bogota","Cycling",NA,"L2: Other","L3: T2D","PA and AP",360197
"female","25-29","sc_cycle_deaths_pa_ap_T2D_lb",0.02424,"bogota","Cycling",NA,"L2: Other","L3: T2D","PA and AP",364423
"female","30-34","sc_cycle_deaths_pa_ap_T2D_lb",0.04284,"bogota","Cycling",NA,"L2: Other","L3: T2D","PA and AP",330341
"female","35-39","sc_cycle_deaths_pa_ap_T2D_lb",0.06332,"bogota","Cycling",NA,"L2: Other","L3: T2D","PA and AP",309304
"female","40-44","sc_cycle_deaths_pa_ap_T2D_lb",0.10013,"bogota","Cycling",NA,"L2: Other","L3: T2D","PA and AP",275440
"female","45-49","sc_cycle_deaths_pa_ap_T2D_lb",0.1715,"bogota","Cycling",NA,"L2: Other","L3: T2D","PA and AP",254843
"female","50-54","sc_cycle_deaths_pa_ap_T2D_lb",0.38422,"bogota","Cycling",NA,"L2: Other","L3: T2D","PA and AP",256059
"female","55-59","sc_cycle_deaths_pa_ap_T2D_lb",0.67703,"bogota","Cycling",NA,"L2: Other","L3: T2D","PA and AP",235548
"female","60-64","sc_cycle_deaths_pa_ap_T2D_lb",0.90806,"bogota","Cycling",NA,"L2: Other","L3: T2D","PA and AP",189600
"female","65-69","sc_cycle_deaths_pa_ap_T2D_lb",0.94513,"bogota","Cycling",NA,"L2: Other","L3: T2D","PA and AP",141409
"male","15-19","sc_car_deaths_pa_ap_T2D_lb",-0.0018,"bogota","Car",NA,"L2: Other","L3: T2D","PA and AP",282736
"male","20-24","sc_car_deaths_pa_ap_T2D_lb",-0.0058,"bogota","Car",NA,"L2: Other","L3: T2D","PA and AP",357934
"male","25-29","sc_car_deaths_pa_ap_T2D_lb",-0.00893,"bogota","Car",NA,"L2: Other","L3: T2D","PA and AP",360031
"male","30-34","sc_car_deaths_pa_ap_T2D_lb",-0.02617,"bogota","Car",NA,"L2: Other","L3: T2D","PA and AP",321492
"male","35-39","sc_car_deaths_pa_ap_T2D_lb",-0.0316,"bogota","Car",NA,"L2: Other","L3: T2D","PA and AP",289808
"male","40-44","sc_car_deaths_pa_ap_T2D_lb",-0.04563,"bogota","Car",NA,"L2: Other","L3: T2D","PA and AP",244543
"male","45-49","sc_car_deaths_pa_ap_T2D_lb",-0.1055,"bogota","Car",NA,"L2: Other","L3: T2D","PA and AP",215491
"male","50-54","sc_car_deaths_pa_ap_T2D_lb",-0.16573,"bogota","Car",NA,"L2: Other","L3: T2D","PA and AP",209137
"male","55-59","sc_car_deaths_pa_ap_T2D_lb",-0.23381,"bogota","Car",NA,"L2: Other","L3: T2D","PA and AP",187551
"male","60-64","sc_car_deaths_pa_ap_T2D_lb",-0.34164,"bogota","Car",NA,"L2: Other","L3: T2D","PA and AP",146500
"male","65-69","sc_car_deaths_pa_ap_T2D_lb",-0.4928,"bogota","Car",NA,"L2: Other","L3: T2D","PA and AP",105412
"female","15-19","sc_car_deaths_pa_ap_T2D_lb",-0.0024,"bogota","Car",NA,"L2: Other","L3: T2D","PA and AP",279280
"female","20-24","sc_car_deaths_pa_ap_T2D_lb",-0.00771,"bogota","Car",NA,"L2: Other","L3: T2D","PA and AP",360197
"female","25-29","sc_car_deaths_pa_ap_T2D_lb",-0.01083,"bogota","Car",NA,"L2: Other","L3: T2D","PA and AP",364423
"female","30-34","sc_car_deaths_pa_ap_T2D_lb",-0.01767,"bogota","Car",NA,"L2: Other","L3: T2D","PA and AP",330341
"female","35-39","sc_car_deaths_pa_ap_T2D_lb",-0.0231,"bogota","Car",NA,"L2: Other","L3: T2D","PA and AP",309304
"female","40-44","sc_car_deaths_pa_ap_T2D_lb",-0.04501,"bogota","Car",NA,"L2: Other","L3: T2D","PA and AP",275440
"female","45-49","sc_car_deaths_pa_ap_T2D_lb",-0.06488,"bogota","Car",NA,"L2: Other","L3: T2D","PA and AP",254843
"female","50-54","sc_car_deaths_pa_ap_T2D_lb",-0.07931,"bogota","Car",NA,"L2: Other","L3: T2D","PA and AP",256059
"female","55-59","sc_car_deaths_pa_ap_T2D_lb",-0.1632,"bogota","Car",NA,"L2: Other","L3: T2D","PA and AP",235548
"female","60-64","sc_car_deaths_pa_ap_T2D_lb",-0.30735,"bogota","Car",NA,"L2: Other","L3: T2D","PA and AP",189600
"female","65-69","sc_car_deaths_pa_ap_T2D_lb",-0.3478,"bogota","Car",NA,"L2: Other","L3: T2D","PA and AP",141409
"male","15-19","sc_bus_deaths_pa_ap_T2D_lb",-0.00093,"bogota","Bus",NA,"L2: Other","L3: T2D","PA and AP",282736
"male","20-24","sc_bus_deaths_pa_ap_T2D_lb",-0.00218,"bogota","Bus",NA,"L2: Other","L3: T2D","PA and AP",357934
"male","25-29","sc_bus_deaths_pa_ap_T2D_lb",-0.00311,"bogota","Bus",NA,"L2: Other","L3: T2D","PA and AP",360031
"male","30-34","sc_bus_deaths_pa_ap_T2D_lb",-0.00818,"bogota","Bus",NA,"L2: Other","L3: T2D","PA and AP",321492
"male","35-39","sc_bus_deaths_pa_ap_T2D_lb",-0.01016,"bogota","Bus",NA,"L2: Other","L3: T2D","PA and AP",289808
"male","40-44","sc_bus_deaths_pa_ap_T2D_lb",-0.00276,"bogota","Bus",NA,"L2: Other","L3: T2D","PA and AP",244543
"male","45-49","sc_bus_deaths_pa_ap_T2D_lb",-0.04319,"bogota","Bus",NA,"L2: Other","L3: T2D","PA and AP",215491
"male","50-54","sc_bus_deaths_pa_ap_T2D_lb",-0.04997,"bogota","Bus",NA,"L2: Other","L3: T2D","PA and AP",209137
"male","55-59","sc_bus_deaths_pa_ap_T2D_lb",-0.02441,"bogota","Bus",NA,"L2: Other","L3: T2D","PA and AP",187551
"male","60-64","sc_bus_deaths_pa_ap_T2D_lb",-0.12683,"bogota","Bus",NA,"L2: Other","L3: T2D","PA and AP",146500
"male","65-69","sc_bus_deaths_pa_ap_T2D_lb",-0.12435,"bogota","Bus",NA,"L2: Other","L3: T2D","PA and AP",105412
"female","15-19","sc_bus_deaths_pa_ap_T2D_lb",-0.00023,"bogota","Bus",NA,"L2: Other","L3: T2D","PA and AP",279280
"female","20-24","sc_bus_deaths_pa_ap_T2D_lb",-0.00059,"bogota","Bus",NA,"L2: Other","L3: T2D","PA and AP",360197
"female","25-29","sc_bus_deaths_pa_ap_T2D_lb",-0.00044,"bogota","Bus",NA,"L2: Other","L3: T2D","PA and AP",364423
"female","30-34","sc_bus_deaths_pa_ap_T2D_lb",-0.00124,"bogota","Bus",NA,"L2: Other","L3: T2D","PA and AP",330341
"female","35-39","sc_bus_deaths_pa_ap_T2D_lb",-0.00159,"bogota","Bus",NA,"L2: Other","L3: T2D","PA and AP",309304
"female","40-44","sc_bus_deaths_pa_ap_T2D_lb",-0.00023,"bogota","Bus",NA,"L2: Other","L3: T2D","PA and AP",275440
"female","45-49","sc_bus_deaths_pa_ap_T2D_lb",-0.00852,"bogota","Bus",NA,"L2: Other","L3: T2D","PA and AP",254843
"female","50-54","sc_bus_deaths_pa_ap_T2D_lb",0.02519,"bogota","Bus",NA,"L2: Other","L3: T2D","PA and AP",256059
"female","55-59","sc_bus_deaths_pa_ap_T2D_lb",0.06383,"bogota","Bus",NA,"L2: Other","L3: T2D","PA and AP",235548
"female","60-64","sc_bus_deaths_pa_ap_T2D_lb",0.0854,"bogota","Bus",NA,"L2: Other","L3: T2D","PA and AP",189600
"female","65-69","sc_bus_deaths_pa_ap_T2D_lb",0.08319,"bogota","Bus",NA,"L2: Other","L3: T2D","PA and AP",141409
"male","15-19","sc_cycle_deaths_pa_ap_T2D_ub",0.00119,"bogota","Cycling",NA,"L2: Other","L3: T2D","PA and AP",282736
"male","20-24","sc_cycle_deaths_pa_ap_T2D_ub",0.00527,"bogota","Cycling",NA,"L2: Other","L3: T2D","PA and AP",357934
"male","25-29","sc_cycle_deaths_pa_ap_T2D_ub",0.01151,"bogota","Cycling",NA,"L2: Other","L3: T2D","PA and AP",360031
"male","30-34","sc_cycle_deaths_pa_ap_T2D_ub",0.0286,"bogota","Cycling",NA,"L2: Other","L3: T2D","PA and AP",321492
"male","35-39","sc_cycle_deaths_pa_ap_T2D_ub",0.04064,"bogota","Cycling",NA,"L2: Other","L3: T2D","PA and AP",289808
"male","40-44","sc_cycle_deaths_pa_ap_T2D_ub",0.05545,"bogota","Cycling",NA,"L2: Other","L3: T2D","PA and AP",244543
"male","45-49","sc_cycle_deaths_pa_ap_T2D_ub",0.10342,"bogota","Cycling",NA,"L2: Other","L3: T2D","PA and AP",215491
"male","50-54","sc_cycle_deaths_pa_ap_T2D_ub",0.15841,"bogota","Cycling",NA,"L2: Other","L3: T2D","PA and AP",209137
"male","55-59","sc_cycle_deaths_pa_ap_T2D_ub",0.20779,"bogota","Cycling",NA,"L2: Other","L3: T2D","PA and AP",187551
"male","60-64","sc_cycle_deaths_pa_ap_T2D_ub",0.39925,"bogota","Cycling",NA,"L2: Other","L3: T2D","PA and AP",146500
"male","65-69","sc_cycle_deaths_pa_ap_T2D_ub",0.4307,"bogota","Cycling",NA,"L2: Other","L3: T2D","PA and AP",105412
"female","15-19","sc_cycle_deaths_pa_ap_T2D_ub",0.00315,"bogota","Cycling",NA,"L2: Other","L3: T2D","PA and AP",279280
"female","20-24","sc_cycle_deaths_pa_ap_T2D_ub",0.00857,"bogota","Cycling",NA,"L2: Other","L3: T2D","PA and AP",360197
"female","25-29","sc_cycle_deaths_pa_ap_T2D_ub",0.01321,"bogota","Cycling",NA,"L2: Other","L3: T2D","PA and AP",364423
"female","30-34","sc_cycle_deaths_pa_ap_T2D_ub",0.02331,"bogota","Cycling",NA,"L2: Other","L3: T2D","PA and AP",330341
"female","35-39","sc_cycle_deaths_pa_ap_T2D_ub",0.03489,"bogota","Cycling",NA,"L2: Other","L3: T2D","PA and AP",309304
"female","40-44","sc_cycle_deaths_pa_ap_T2D_ub",0.05496,"bogota","Cycling",NA,"L2: Other","L3: T2D","PA and AP",275440
"female","45-49","sc_cycle_deaths_pa_ap_T2D_ub",0.09431,"bogota","Cycling",NA,"L2: Other","L3: T2D","PA and AP",254843
"female","50-54","sc_cycle_deaths_pa_ap_T2D_ub",0.21706,"bogota","Cycling",NA,"L2: Other","L3: T2D","PA and AP",256059
"female","55-59","sc_cycle_deaths_pa_ap_T2D_ub",0.38393,"bogota","Cycling",NA,"L2: Other","L3: T2D","PA and AP",235548
"female","60-64","sc_cycle_deaths_pa_ap_T2D_ub",0.51406,"bogota","Cycling",NA,"L2: Other","L3: T2D","PA and AP",189600
"female","65-69","sc_cycle_deaths_pa_ap_T2D_ub",0.53514,"bogota","Cycling",NA,"L2: Other","L3: T2D","PA and AP",141409
"male","15-19","sc_car_deaths_pa_ap_T2D_ub",-0.00105,"bogota","Car",NA,"L2: Other","L3: T2D","PA and AP",282736
"male","20-24","sc_car_deaths_pa_ap_T2D_ub",-0.00349,"bogota","Car",NA,"L2: Other","L3: T2D","PA and AP",357934
"male","25-29","sc_car_deaths_pa_ap_T2D_ub",-0.00554,"bogota","Car",NA,"L2: Other","L3: T2D","PA and AP",360031
"male","30-34","sc_car_deaths_pa_ap_T2D_ub",-0.01567,"bogota","Car",NA,"L2: Other","L3: T2D","PA and AP",321492
"male","35-39","sc_car_deaths_pa_ap_T2D_ub",-0.01927,"bogota","Car",NA,"L2: Other","L3: T2D","PA and AP",289808
"male","40-44","sc_car_deaths_pa_ap_T2D_ub",-0.02681,"bogota","Car",NA,"L2: Other","L3: T2D","PA and AP",244543
"male","45-49","sc_car_deaths_pa_ap_T2D_ub",-0.06258,"bogota","Car",NA,"L2: Other","L3: T2D","PA and AP",215491
"male","50-54","sc_car_deaths_pa_ap_T2D_ub",-0.09636,"bogota","Car",NA,"L2: Other","L3: T2D","PA and AP",209137
"male","55-59","sc_car_deaths_pa_ap_T2D_ub",-0.13754,"bogota","Car",NA,"L2: Other","L3: T2D","PA and AP",187551
"male","60-64","sc_car_deaths_pa_ap_T2D_ub",-0.19907,"bogota","Car",NA,"L2: Other","L3: T2D","PA and AP",146500
"male","65-69","sc_car_deaths_pa_ap_T2D_ub",-0.2848,"bogota","Car",NA,"L2: Other","L3: T2D","PA and AP",105412
"female","15-19","sc_car_deaths_pa_ap_T2D_ub",-0.00149,"bogota","Car",NA,"L2: Other","L3: T2D","PA and AP",279280
"female","20-24","sc_car_deaths_pa_ap_T2D_ub",-0.00477,"bogota","Car",NA,"L2: Other","L3: T2D","PA and AP",360197
"female","25-29","sc_car_deaths_pa_ap_T2D_ub",-0.00679,"bogota","Car",NA,"L2: Other","L3: T2D","PA and AP",364423
"female","30-34","sc_car_deaths_pa_ap_T2D_ub",-0.01085,"bogota","Car",NA,"L2: Other","L3: T2D","PA and AP",330341
"female","35-39","sc_car_deaths_pa_ap_T2D_ub",-0.01429,"bogota","Car",NA,"L2: Other","L3: T2D","PA and AP",309304
"female","40-44","sc_car_deaths_pa_ap_T2D_ub",-0.02759,"bogota","Car",NA,"L2: Other","L3: T2D","PA and AP",275440
"female","45-49","sc_car_deaths_pa_ap_T2D_ub",-0.0406,"bogota","Car",NA,"L2: Other","L3: T2D","PA and AP",254843
"female","50-54","sc_car_deaths_pa_ap_T2D_ub",-0.05039,"bogota","Car",NA,"L2: Other","L3: T2D","PA and AP",256059
"female","55-59","sc_car_deaths_pa_ap_T2D_ub",-0.10159,"bogota","Car",NA,"L2: Other","L3: T2D","PA and AP",235548
"female","60-64","sc_car_deaths_pa_ap_T2D_ub",-0.18666,"bogota","Car",NA,"L2: Other","L3: T2D","PA and AP",189600
"female","65-69","sc_car_deaths_pa_ap_T2D_ub",-0.21027,"bogota","Car",NA,"L2: Other","L3: T2D","PA and AP",141409
"male","15-19","sc_bus_deaths_pa_ap_T2D_ub",-0.00047,"bogota","Bus",NA,"L2: Other","L3: T2D","PA and AP",282736
"male","20-24","sc_bus_deaths_pa_ap_T2D_ub",-0.00105,"bogota","Bus",NA,"L2: Other","L3: T2D","PA and AP",357934
"male","25-29","sc_bus_deaths_pa_ap_T2D_ub",-0.00145,"bogota","Bus",NA,"L2: Other","L3: T2D","PA and AP",360031
"male","30-34","sc_bus_deaths_pa_ap_T2D_ub",-0.00365,"bogota","Bus",NA,"L2: Other","L3: T2D","PA and AP",321492
"male","35-39","sc_bus_deaths_pa_ap_T2D_ub",-0.00404,"bogota","Bus",NA,"L2: Other","L3: T2D","PA and AP",289808
"male","40-44","sc_bus_deaths_pa_ap_T2D_ub",0.00057,"bogota","Bus",NA,"L2: Other","L3: T2D","PA and AP",244543
"male","45-49","sc_bus_deaths_pa_ap_T2D_ub",-0.02171,"bogota","Bus",NA,"L2: Other","L3: T2D","PA and AP",215491
"male","50-54","sc_bus_deaths_pa_ap_T2D_ub",-0.02205,"bogota","Bus",NA,"L2: Other","L3: T2D","PA and AP",209137
"male","55-59","sc_bus_deaths_pa_ap_T2D_ub",-0.00687,"bogota","Bus",NA,"L2: Other","L3: T2D","PA and AP",187551
"male","60-64","sc_bus_deaths_pa_ap_T2D_ub",-0.05948,"bogota","Bus",NA,"L2: Other","L3: T2D","PA and AP",146500
"male","65-69","sc_bus_deaths_pa_ap_T2D_ub",-0.05629,"bogota","Bus",NA,"L2: Other","L3: T2D","PA and AP",105412
"female","15-19","sc_bus_deaths_pa_ap_T2D_ub",-0.00008,"bogota","Bus",NA,"L2: Other","L3: T2D","PA and AP",279280
"female","20-24","sc_bus_deaths_pa_ap_T2D_ub",-0.00015,"bogota","Bus",NA,"L2: Other","L3: T2D","PA and AP",360197
"female","25-29","sc_bus_deaths_pa_ap_T2D_ub",0.00006,"bogota","Bus",NA,"L2: Other","L3: T2D","PA and AP",364423
"female","30-34","sc_bus_deaths_pa_ap_T2D_ub",-0.00032,"bogota","Bus",NA,"L2: Other","L3: T2D","PA and AP",330341
"female","35-39","sc_bus_deaths_pa_ap_T2D_ub",-0.00012,"bogota","Bus",NA,"L2: Other","L3: T2D","PA and AP",309304
"female","40-44","sc_bus_deaths_pa_ap_T2D_ub",0.00125,"bogota","Bus",NA,"L2: Other","L3: T2D","PA and AP",275440
"female","45-49","sc_bus_deaths_pa_ap_T2D_ub",-0.00379,"bogota","Bus",NA,"L2: Other","L3: T2D","PA and AP",254843
"female","50-54","sc_bus_deaths_pa_ap_T2D_ub",0.01696,"bogota","Bus",NA,"L2: Other","L3: T2D","PA and AP",256059
"female","55-59","sc_bus_deaths_pa_ap_T2D_ub",0.04211,"bogota","Bus",NA,"L2: Other","L3: T2D","PA and AP",235548
"female","60-64","sc_bus_deaths_pa_ap_T2D_ub",0.0552,"bogota","Bus",NA,"L2: Other","L3: T2D","PA and AP",189600
"female","65-69","sc_bus_deaths_pa_ap_T2D_ub",0.05681,"bogota","Bus",NA,"L2: Other","L3: T2D","PA and AP",141409
"male","15-19","sc_cycle_deaths_ap_LRI",-0.00317,"bogota","Cycling",NA,NA,"L3: LRI","AP",282736
"male","20-24","sc_cycle_deaths_ap_LRI",-0.00804,"bogota","Cycling",NA,NA,"L3: LRI","AP",357934
"male","25-29","sc_cycle_deaths_ap_LRI",-0.01057,"bogota","Cycling",NA,NA,"L3: LRI","AP",360031
"male","30-34","sc_cycle_deaths_ap_LRI",-0.01122,"bogota","Cycling",NA,NA,"L3: LRI","AP",321492
"male","35-39","sc_cycle_deaths_ap_LRI",-0.01186,"bogota","Cycling",NA,NA,"L3: LRI","AP",289808
"male","40-44","sc_cycle_deaths_ap_LRI",-0.01159,"bogota","Cycling",NA,NA,"L3: LRI","AP",244543
"male","45-49","sc_cycle_deaths_ap_LRI",-0.01483,"bogota","Cycling",NA,NA,"L3: LRI","AP",215491
"male","50-54","sc_cycle_deaths_ap_LRI",-0.01967,"bogota","Cycling",NA,NA,"L3: LRI","AP",209137
"male","55-59","sc_cycle_deaths_ap_LRI",-0.02362,"bogota","Cycling",NA,NA,"L3: LRI","AP",187551
"male","60-64","sc_cycle_deaths_ap_LRI",-0.03676,"bogota","Cycling",NA,NA,"L3: LRI","AP",146500
"male","65-69","sc_cycle_deaths_ap_LRI",-0.03034,"bogota","Cycling",NA,NA,"L3: LRI","AP",105412
"female","15-19","sc_cycle_deaths_ap_LRI",-0.00303,"bogota","Cycling",NA,NA,"L3: LRI","AP",279280
"female","20-24","sc_cycle_deaths_ap_LRI",-0.00563,"bogota","Cycling",NA,NA,"L3: LRI","AP",360197
"female","25-29","sc_cycle_deaths_ap_LRI",-0.00717,"bogota","Cycling",NA,NA,"L3: LRI","AP",364423
"female","30-34","sc_cycle_deaths_ap_LRI",-0.00894,"bogota","Cycling",NA,NA,"L3: LRI","AP",330341
"female","35-39","sc_cycle_deaths_ap_LRI",-0.00937,"bogota","Cycling",NA,NA,"L3: LRI","AP",309304
"female","40-44","sc_cycle_deaths_ap_LRI",-0.01116,"bogota","Cycling",NA,NA,"L3: LRI","AP",275440
"female","45-49","sc_cycle_deaths_ap_LRI",-0.01249,"bogota","Cycling",NA,NA,"L3: LRI","AP",254843
"female","50-54","sc_cycle_deaths_ap_LRI",-0.01336,"bogota","Cycling",NA,NA,"L3: LRI","AP",256059
"female","55-59","sc_cycle_deaths_ap_LRI",-0.01973,"bogota","Cycling",NA,NA,"L3: LRI","AP",235548
"female","60-64","sc_cycle_deaths_ap_LRI",-0.02287,"bogota","Cycling",NA,NA,"L3: LRI","AP",189600
"female","65-69","sc_cycle_deaths_ap_LRI",-0.02426,"bogota","Cycling",NA,NA,"L3: LRI","AP",141409
"male","15-19","sc_car_deaths_ap_LRI",0.00021,"bogota","Car",NA,NA,"L3: LRI","AP",282736
"male","20-24","sc_car_deaths_ap_LRI",-0.00136,"bogota","Car",NA,NA,"L3: LRI","AP",357934
"male","25-29","sc_car_deaths_ap_LRI",-0.00384,"bogota","Car",NA,NA,"L3: LRI","AP",360031
"male","30-34","sc_car_deaths_ap_LRI",-0.00208,"bogota","Car",NA,NA,"L3: LRI","AP",321492
"male","35-39","sc_car_deaths_ap_LRI",-0.00386,"bogota","Car",NA,NA,"L3: LRI","AP",289808
"male","40-44","sc_car_deaths_ap_LRI",-0.00077,"bogota","Car",NA,NA,"L3: LRI","AP",244543
"male","45-49","sc_car_deaths_ap_LRI",-0.00251,"bogota","Car",NA,NA,"L3: LRI","AP",215491
"male","50-54","sc_car_deaths_ap_LRI",0.00075,"bogota","Car",NA,NA,"L3: LRI","AP",209137
"male","55-59","sc_car_deaths_ap_LRI",-0.00248,"bogota","Car",NA,NA,"L3: LRI","AP",187551
"male","60-64","sc_car_deaths_ap_LRI",0.00044,"bogota","Car",NA,NA,"L3: LRI","AP",146500
"male","65-69","sc_car_deaths_ap_LRI",0.00263,"bogota","Car",NA,NA,"L3: LRI","AP",105412
"female","15-19","sc_car_deaths_ap_LRI",-0.00059,"bogota","Car",NA,NA,"L3: LRI","AP",279280
"female","20-24","sc_car_deaths_ap_LRI",-0.00169,"bogota","Car",NA,NA,"L3: LRI","AP",360197
"female","25-29","sc_car_deaths_ap_LRI",-0.00257,"bogota","Car",NA,NA,"L3: LRI","AP",364423
"female","30-34","sc_car_deaths_ap_LRI",-0.00216,"bogota","Car",NA,NA,"L3: LRI","AP",330341
"female","35-39","sc_car_deaths_ap_LRI",-0.00251,"bogota","Car",NA,NA,"L3: LRI","AP",309304
"female","40-44","sc_car_deaths_ap_LRI",-0.00302,"bogota","Car",NA,NA,"L3: LRI","AP",275440
"female","45-49","sc_car_deaths_ap_LRI",-0.00429,"bogota","Car",NA,NA,"L3: LRI","AP",254843
"female","50-54","sc_car_deaths_ap_LRI",-0.00385,"bogota","Car",NA,NA,"L3: LRI","AP",256059
"female","55-59","sc_car_deaths_ap_LRI",-0.00522,"bogota","Car",NA,NA,"L3: LRI","AP",235548
"female","60-64","sc_car_deaths_ap_LRI",-0.00513,"bogota","Car",NA,NA,"L3: LRI","AP",189600
"female","65-69","sc_car_deaths_ap_LRI",-0.00638,"bogota","Car",NA,NA,"L3: LRI","AP",141409
"male","15-19","sc_bus_deaths_ap_LRI",0.00223,"bogota","Bus",NA,NA,"L3: LRI","AP",282736
"male","20-24","sc_bus_deaths_ap_LRI",0.00477,"bogota","Bus",NA,NA,"L3: LRI","AP",357934
"male","25-29","sc_bus_deaths_ap_LRI",0.00566,"bogota","Bus",NA,NA,"L3: LRI","AP",360031
"male","30-34","sc_bus_deaths_ap_LRI",0.00699,"bogota","Bus",NA,NA,"L3: LRI","AP",321492
"male","35-39","sc_bus_deaths_ap_LRI",0.0102,"bogota","Bus",NA,NA,"L3: LRI","AP",289808
"male","40-44","sc_bus_deaths_ap_LRI",0.00899,"bogota","Bus",NA,NA,"L3: LRI","AP",244543
"male","45-49","sc_bus_deaths_ap_LRI",0.00966,"bogota","Bus",NA,NA,"L3: LRI","AP",215491
"male","50-54","sc_bus_deaths_ap_LRI",0.0145,"bogota","Bus",NA,NA,"L3: LRI","AP",209137
"male","55-59","sc_bus_deaths_ap_LRI",0.01283,"bogota","Bus",NA,NA,"L3: LRI","AP",187551
"male","60-64","sc_bus_deaths_ap_LRI",0.02243,"bogota","Bus",NA,NA,"L3: LRI","AP",146500
"male","65-69","sc_bus_deaths_ap_LRI",0.02418,"bogota","Bus",NA,NA,"L3: LRI","AP",105412
"female","15-19","sc_bus_deaths_ap_LRI",0.00054,"bogota","Bus",NA,NA,"L3: LRI","AP",279280
"female","20-24","sc_bus_deaths_ap_LRI",0.00164,"bogota","Bus",NA,NA,"L3: LRI","AP",360197
"female","25-29","sc_bus_deaths_ap_LRI",0.0023,"bogota","Bus",NA,NA,"L3: LRI","AP",364423
"female","30-34","sc_bus_deaths_ap_LRI",0.00223,"bogota","Bus",NA,NA,"L3: LRI","AP",330341
"female","35-39","sc_bus_deaths_ap_LRI",0.00331,"bogota","Bus",NA,NA,"L3: LRI","AP",309304
"female","40-44","sc_bus_deaths_ap_LRI",0.00415,"bogota","Bus",NA,NA,"L3: LRI","AP",275440
"female","45-49","sc_bus_deaths_ap_LRI",0.00289,"bogota","Bus",NA,NA,"L3: LRI","AP",254843
"female","50-54","sc_bus_deaths_ap_LRI",0.00275,"bogota","Bus",NA,NA,"L3: LRI","AP",256059
"female","55-59","sc_bus_deaths_ap_LRI",0.00453,"bogota","Bus",NA,NA,"L3: LRI","AP",235548
"female","60-64","sc_bus_deaths_ap_LRI",0.00506,"bogota","Bus",NA,NA,"L3: LRI","AP",189600
"female","65-69","sc_bus_deaths_ap_LRI",0.00767,"bogota","Bus",NA,NA,"L3: LRI","AP",141409
"male","15-19","sc_cycle_deaths_ap_LRI_lb",-0.00317,"bogota","Cycling",NA,NA,"L3: LRI","AP",282736
"male","20-24","sc_cycle_deaths_ap_LRI_lb",-0.00804,"bogota","Cycling",NA,NA,"L3: LRI","AP",357934
"male","25-29","sc_cycle_deaths_ap_LRI_lb",-0.01057,"bogota","Cycling",NA,NA,"L3: LRI","AP",360031
"male","30-34","sc_cycle_deaths_ap_LRI_lb",-0.01122,"bogota","Cycling",NA,NA,"L3: LRI","AP",321492
"male","35-39","sc_cycle_deaths_ap_LRI_lb",-0.01186,"bogota","Cycling",NA,NA,"L3: LRI","AP",289808
"male","40-44","sc_cycle_deaths_ap_LRI_lb",-0.01159,"bogota","Cycling",NA,NA,"L3: LRI","AP",244543
"male","45-49","sc_cycle_deaths_ap_LRI_lb",-0.01483,"bogota","Cycling",NA,NA,"L3: LRI","AP",215491
"male","50-54","sc_cycle_deaths_ap_LRI_lb",-0.01967,"bogota","Cycling",NA,NA,"L3: LRI","AP",209137
"male","55-59","sc_cycle_deaths_ap_LRI_lb",-0.02362,"bogota","Cycling",NA,NA,"L3: LRI","AP",187551
"male","60-64","sc_cycle_deaths_ap_LRI_lb",-0.03676,"bogota","Cycling",NA,NA,"L3: LRI","AP",146500
"male","65-69","sc_cycle_deaths_ap_LRI_lb",-0.03034,"bogota","Cycling",NA,NA,"L3: LRI","AP",105412
"female","15-19","sc_cycle_deaths_ap_LRI_lb",-0.00303,"bogota","Cycling",NA,NA,"L3: LRI","AP",279280
"female","20-24","sc_cycle_deaths_ap_LRI_lb",-0.00563,"bogota","Cycling",NA,NA,"L3: LRI","AP",360197
"female","25-29","sc_cycle_deaths_ap_LRI_lb",-0.00717,"bogota","Cycling",NA,NA,"L3: LRI","AP",364423
"female","30-34","sc_cycle_deaths_ap_LRI_lb",-0.00894,"bogota","Cycling",NA,NA,"L3: LRI","AP",330341
"female","35-39","sc_cycle_deaths_ap_LRI_lb",-0.00937,"bogota","Cycling",NA,NA,"L3: LRI","AP",309304
"female","40-44","sc_cycle_deaths_ap_LRI_lb",-0.01116,"bogota","Cycling",NA,NA,"L3: LRI","AP",275440
"female","45-49","sc_cycle_deaths_ap_LRI_lb",-0.01249,"bogota","Cycling",NA,NA,"L3: LRI","AP",254843
"female","50-54","sc_cycle_deaths_ap_LRI_lb",-0.01336,"bogota","Cycling",NA,NA,"L3: LRI","AP",256059
"female","55-59","sc_cycle_deaths_ap_LRI_lb",-0.01973,"bogota","Cycling",NA,NA,"L3: LRI","AP",235548
"female","60-64","sc_cycle_deaths_ap_LRI_lb",-0.02287,"bogota","Cycling",NA,NA,"L3: LRI","AP",189600
"female","65-69","sc_cycle_deaths_ap_LRI_lb",-0.02426,"bogota","Cycling",NA,NA,"L3: LRI","AP",141409
"male","15-19","sc_car_deaths_ap_LRI_lb",0.00021,"bogota","Car",NA,NA,"L3: LRI","AP",282736
"male","20-24","sc_car_deaths_ap_LRI_lb",-0.00136,"bogota","Car",NA,NA,"L3: LRI","AP",357934
"male","25-29","sc_car_deaths_ap_LRI_lb",-0.00384,"bogota","Car",NA,NA,"L3: LRI","AP",360031
"male","30-34","sc_car_deaths_ap_LRI_lb",-0.00208,"bogota","Car",NA,NA,"L3: LRI","AP",321492
"male","35-39","sc_car_deaths_ap_LRI_lb",-0.00386,"bogota","Car",NA,NA,"L3: LRI","AP",289808
"male","40-44","sc_car_deaths_ap_LRI_lb",-0.00077,"bogota","Car",NA,NA,"L3: LRI","AP",244543
"male","45-49","sc_car_deaths_ap_LRI_lb",-0.00251,"bogota","Car",NA,NA,"L3: LRI","AP",215491
"male","50-54","sc_car_deaths_ap_LRI_lb",0.00075,"bogota","Car",NA,NA,"L3: LRI","AP",209137
"male","55-59","sc_car_deaths_ap_LRI_lb",-0.00248,"bogota","Car",NA,NA,"L3: LRI","AP",187551
"male","60-64","sc_car_deaths_ap_LRI_lb",0.00044,"bogota","Car",NA,NA,"L3: LRI","AP",146500
"male","65-69","sc_car_deaths_ap_LRI_lb",0.00263,"bogota","Car",NA,NA,"L3: LRI","AP",105412
"female","15-19","sc_car_deaths_ap_LRI_lb",-0.00059,"bogota","Car",NA,NA,"L3: LRI","AP",279280
"female","20-24","sc_car_deaths_ap_LRI_lb",-0.00169,"bogota","Car",NA,NA,"L3: LRI","AP",360197
"female","25-29","sc_car_deaths_ap_LRI_lb",-0.00257,"bogota","Car",NA,NA,"L3: LRI","AP",364423
"female","30-34","sc_car_deaths_ap_LRI_lb",-0.00216,"bogota","Car",NA,NA,"L3: LRI","AP",330341
"female","35-39","sc_car_deaths_ap_LRI_lb",-0.00251,"bogota","Car",NA,NA,"L3: LRI","AP",309304
"female","40-44","sc_car_deaths_ap_LRI_lb",-0.00302,"bogota","Car",NA,NA,"L3: LRI","AP",275440
"female","45-49","sc_car_deaths_ap_LRI_lb",-0.00429,"bogota","Car",NA,NA,"L3: LRI","AP",254843
"female","50-54","sc_car_deaths_ap_LRI_lb",-0.00385,"bogota","Car",NA,NA,"L3: LRI","AP",256059
"female","55-59","sc_car_deaths_ap_LRI_lb",-0.00522,"bogota","Car",NA,NA,"L3: LRI","AP",235548
"female","60-64","sc_car_deaths_ap_LRI_lb",-0.00513,"bogota","Car",NA,NA,"L3: LRI","AP",189600
"female","65-69","sc_car_deaths_ap_LRI_lb",-0.00638,"bogota","Car",NA,NA,"L3: LRI","AP",141409
"male","15-19","sc_bus_deaths_ap_LRI_lb",0.00223,"bogota","Bus",NA,NA,"L3: LRI","AP",282736
"male","20-24","sc_bus_deaths_ap_LRI_lb",0.00477,"bogota","Bus",NA,NA,"L3: LRI","AP",357934
"male","25-29","sc_bus_deaths_ap_LRI_lb",0.00566,"bogota","Bus",NA,NA,"L3: LRI","AP",360031
"male","30-34","sc_bus_deaths_ap_LRI_lb",0.00699,"bogota","Bus",NA,NA,"L3: LRI","AP",321492
"male","35-39","sc_bus_deaths_ap_LRI_lb",0.0102,"bogota","Bus",NA,NA,"L3: LRI","AP",289808
"male","40-44","sc_bus_deaths_ap_LRI_lb",0.00899,"bogota","Bus",NA,NA,"L3: LRI","AP",244543
"male","45-49","sc_bus_deaths_ap_LRI_lb",0.00966,"bogota","Bus",NA,NA,"L3: LRI","AP",215491
"male","50-54","sc_bus_deaths_ap_LRI_lb",0.0145,"bogota","Bus",NA,NA,"L3: LRI","AP",209137
"male","55-59","sc_bus_deaths_ap_LRI_lb",0.01283,"bogota","Bus",NA,NA,"L3: LRI","AP",187551
"male","60-64","sc_bus_deaths_ap_LRI_lb",0.02243,"bogota","Bus",NA,NA,"L3: LRI","AP",146500
"male","65-69","sc_bus_deaths_ap_LRI_lb",0.02418,"bogota","Bus",NA,NA,"L3: LRI","AP",105412
"female","15-19","sc_bus_deaths_ap_LRI_lb",0.00054,"bogota","Bus",NA,NA,"L3: LRI","AP",279280
"female","20-24","sc_bus_deaths_ap_LRI_lb",0.00164,"bogota","Bus",NA,NA,"L3: LRI","AP",360197
"female","25-29","sc_bus_deaths_ap_LRI_lb",0.0023,"bogota","Bus",NA,NA,"L3: LRI","AP",364423
"female","30-34","sc_bus_deaths_ap_LRI_lb",0.00223,"bogota","Bus",NA,NA,"L3: LRI","AP",330341
"female","35-39","sc_bus_deaths_ap_LRI_lb",0.00331,"bogota","Bus",NA,NA,"L3: LRI","AP",309304
"female","40-44","sc_bus_deaths_ap_LRI_lb",0.00415,"bogota","Bus",NA,NA,"L3: LRI","AP",275440
"female","45-49","sc_bus_deaths_ap_LRI_lb",0.00289,"bogota","Bus",NA,NA,"L3: LRI","AP",254843
"female","50-54","sc_bus_deaths_ap_LRI_lb",0.00275,"bogota","Bus",NA,NA,"L3: LRI","AP",256059
"female","55-59","sc_bus_deaths_ap_LRI_lb",0.00453,"bogota","Bus",NA,NA,"L3: LRI","AP",235548
"female","60-64","sc_bus_deaths_ap_LRI_lb",0.00506,"bogota","Bus",NA,NA,"L3: LRI","AP",189600
"female","65-69","sc_bus_deaths_ap_LRI_lb",0.00767,"bogota","Bus",NA,NA,"L3: LRI","AP",141409
"male","15-19","sc_cycle_deaths_ap_LRI_ub",-0.00317,"bogota","Cycling",NA,NA,"L3: LRI","AP",282736
"male","20-24","sc_cycle_deaths_ap_LRI_ub",-0.00804,"bogota","Cycling",NA,NA,"L3: LRI","AP",357934
"male","25-29","sc_cycle_deaths_ap_LRI_ub",-0.01057,"bogota","Cycling",NA,NA,"L3: LRI","AP",360031
"male","30-34","sc_cycle_deaths_ap_LRI_ub",-0.01122,"bogota","Cycling",NA,NA,"L3: LRI","AP",321492
"male","35-39","sc_cycle_deaths_ap_LRI_ub",-0.01186,"bogota","Cycling",NA,NA,"L3: LRI","AP",289808
"male","40-44","sc_cycle_deaths_ap_LRI_ub",-0.01159,"bogota","Cycling",NA,NA,"L3: LRI","AP",244543
"male","45-49","sc_cycle_deaths_ap_LRI_ub",-0.01483,"bogota","Cycling",NA,NA,"L3: LRI","AP",215491
"male","50-54","sc_cycle_deaths_ap_LRI_ub",-0.01967,"bogota","Cycling",NA,NA,"L3: LRI","AP",209137
"male","55-59","sc_cycle_deaths_ap_LRI_ub",-0.02362,"bogota","Cycling",NA,NA,"L3: LRI","AP",187551
"male","60-64","sc_cycle_deaths_ap_LRI_ub",-0.03676,"bogota","Cycling",NA,NA,"L3: LRI","AP",146500
"male","65-69","sc_cycle_deaths_ap_LRI_ub",-0.03034,"bogota","Cycling",NA,NA,"L3: LRI","AP",105412
"female","15-19","sc_cycle_deaths_ap_LRI_ub",-0.00303,"bogota","Cycling",NA,NA,"L3: LRI","AP",279280
"female","20-24","sc_cycle_deaths_ap_LRI_ub",-0.00563,"bogota","Cycling",NA,NA,"L3: LRI","AP",360197
"female","25-29","sc_cycle_deaths_ap_LRI_ub",-0.00717,"bogota","Cycling",NA,NA,"L3: LRI","AP",364423
"female","30-34","sc_cycle_deaths_ap_LRI_ub",-0.00894,"bogota","Cycling",NA,NA,"L3: LRI","AP",330341
"female","35-39","sc_cycle_deaths_ap_LRI_ub",-0.00937,"bogota","Cycling",NA,NA,"L3: LRI","AP",309304
"female","40-44","sc_cycle_deaths_ap_LRI_ub",-0.01116,"bogota","Cycling",NA,NA,"L3: LRI","AP",275440
"female","45-49","sc_cycle_deaths_ap_LRI_ub",-0.01249,"bogota","Cycling",NA,NA,"L3: LRI","AP",254843
"female","50-54","sc_cycle_deaths_ap_LRI_ub",-0.01336,"bogota","Cycling",NA,NA,"L3: LRI","AP",256059
"female","55-59","sc_cycle_deaths_ap_LRI_ub",-0.01973,"bogota","Cycling",NA,NA,"L3: LRI","AP",235548
"female","60-64","sc_cycle_deaths_ap_LRI_ub",-0.02287,"bogota","Cycling",NA,NA,"L3: LRI","AP",189600
"female","65-69","sc_cycle_deaths_ap_LRI_ub",-0.02426,"bogota","Cycling",NA,NA,"L3: LRI","AP",141409
"male","15-19","sc_car_deaths_ap_LRI_ub",0.00021,"bogota","Car",NA,NA,"L3: LRI","AP",282736
"male","20-24","sc_car_deaths_ap_LRI_ub",-0.00136,"bogota","Car",NA,NA,"L3: LRI","AP",357934
"male","25-29","sc_car_deaths_ap_LRI_ub",-0.00384,"bogota","Car",NA,NA,"L3: LRI","AP",360031
"male","30-34","sc_car_deaths_ap_LRI_ub",-0.00208,"bogota","Car",NA,NA,"L3: LRI","AP",321492
"male","35-39","sc_car_deaths_ap_LRI_ub",-0.00386,"bogota","Car",NA,NA,"L3: LRI","AP",289808
"male","40-44","sc_car_deaths_ap_LRI_ub",-0.00077,"bogota","Car",NA,NA,"L3: LRI","AP",244543
"male","45-49","sc_car_deaths_ap_LRI_ub",-0.00251,"bogota","Car",NA,NA,"L3: LRI","AP",215491
"male","50-54","sc_car_deaths_ap_LRI_ub",0.00075,"bogota","Car",NA,NA,"L3: LRI","AP",209137
"male","55-59","sc_car_deaths_ap_LRI_ub",-0.00248,"bogota","Car",NA,NA,"L3: LRI","AP",187551
"male","60-64","sc_car_deaths_ap_LRI_ub",0.00044,"bogota","Car",NA,NA,"L3: LRI","AP",146500
"male","65-69","sc_car_deaths_ap_LRI_ub",0.00263,"bogota","Car",NA,NA,"L3: LRI","AP",105412
"female","15-19","sc_car_deaths_ap_LRI_ub",-0.00059,"bogota","Car",NA,NA,"L3: LRI","AP",279280
"female","20-24","sc_car_deaths_ap_LRI_ub",-0.00169,"bogota","Car",NA,NA,"L3: LRI","AP",360197
"female","25-29","sc_car_deaths_ap_LRI_ub",-0.00257,"bogota","Car",NA,NA,"L3: LRI","AP",364423
"female","30-34","sc_car_deaths_ap_LRI_ub",-0.00216,"bogota","Car",NA,NA,"L3: LRI","AP",330341
"female","35-39","sc_car_deaths_ap_LRI_ub",-0.00251,"bogota","Car",NA,NA,"L3: LRI","AP",309304
"female","40-44","sc_car_deaths_ap_LRI_ub",-0.00302,"bogota","Car",NA,NA,"L3: LRI","AP",275440
"female","45-49","sc_car_deaths_ap_LRI_ub",-0.00429,"bogota","Car",NA,NA,"L3: LRI","AP",254843
"female","50-54","sc_car_deaths_ap_LRI_ub",-0.00385,"bogota","Car",NA,NA,"L3: LRI","AP",256059
"female","55-59","sc_car_deaths_ap_LRI_ub",-0.00522,"bogota","Car",NA,NA,"L3: LRI","AP",235548
"female","60-64","sc_car_deaths_ap_LRI_ub",-0.00513,"bogota","Car",NA,NA,"L3: LRI","AP",189600
"female","65-69","sc_car_deaths_ap_LRI_ub",-0.00638,"bogota","Car",NA,NA,"L3: LRI","AP",141409
"male","15-19","sc_bus_deaths_ap_LRI_ub",0.00223,"bogota","Bus",NA,NA,"L3: LRI","AP",282736
"male","20-24","sc_bus_deaths_ap_LRI_ub",0.00477,"bogota","Bus",NA,NA,"L3: LRI","AP",357934
"male","25-29","sc_bus_deaths_ap_LRI_ub",0.00566,"bogota","Bus",NA,NA,"L3: LRI","AP",360031
"male","30-34","sc_bus_deaths_ap_LRI_ub",0.00699,"bogota","Bus",NA,NA,"L3: LRI","AP",321492
"male","35-39","sc_bus_deaths_ap_LRI_ub",0.0102,"bogota","Bus",NA,NA,"L3: LRI","AP",289808
"male","40-44","sc_bus_deaths_ap_LRI_ub",0.00899,"bogota","Bus",NA,NA,"L3: LRI","AP",244543
"male","45-49","sc_bus_deaths_ap_LRI_ub",0.00966,"bogota","Bus",NA,NA,"L3: LRI","AP",215491
"male","50-54","sc_bus_deaths_ap_LRI_ub",0.0145,"bogota","Bus",NA,NA,"L3: LRI","AP",209137
"male","55-59","sc_bus_deaths_ap_LRI_ub",0.01283,"bogota","Bus",NA,NA,"L3: LRI","AP",187551
"male","60-64","sc_bus_deaths_ap_LRI_ub",0.02243,"bogota","Bus",NA,NA,"L3: LRI","AP",146500
"male","65-69","sc_bus_deaths_ap_LRI_ub",0.02418,"bogota","Bus",NA,NA,"L3: LRI","AP",105412
"female","15-19","sc_bus_deaths_ap_LRI_ub",0.00054,"bogota","Bus",NA,NA,"L3: LRI","AP",279280
"female","20-24","sc_bus_deaths_ap_LRI_ub",0.00164,"bogota","Bus",NA,NA,"L3: LRI","AP",360197
"female","25-29","sc_bus_deaths_ap_LRI_ub",0.0023,"bogota","Bus",NA,NA,"L3: LRI","AP",364423
"female","30-34","sc_bus_deaths_ap_LRI_ub",0.00223,"bogota","Bus",NA,NA,"L3: LRI","AP",330341
"female","35-39","sc_bus_deaths_ap_LRI_ub",0.00331,"bogota","Bus",NA,NA,"L3: LRI","AP",309304
"female","40-44","sc_bus_deaths_ap_LRI_ub",0.00415,"bogota","Bus",NA,NA,"L3: LRI","AP",275440
"female","45-49","sc_bus_deaths_ap_LRI_ub",0.00289,"bogota","Bus",NA,NA,"L3: LRI","AP",254843
"female","50-54","sc_bus_deaths_ap_LRI_ub",0.00275,"bogota","Bus",NA,NA,"L3: LRI","AP",256059
"female","55-59","sc_bus_deaths_ap_LRI_ub",0.00453,"bogota","Bus",NA,NA,"L3: LRI","AP",235548
"female","60-64","sc_bus_deaths_ap_LRI_ub",0.00506,"bogota","Bus",NA,NA,"L3: LRI","AP",189600
"female","65-69","sc_bus_deaths_ap_LRI_ub",0.00767,"bogota","Bus",NA,NA,"L3: LRI","AP",141409
"male","15-19","sc_cycle_deaths_pa_breast_cancer",0.00008,"bogota","Cycling",NA,NA,"L3: breast_cancer","PA",282736
"male","20-24","sc_cycle_deaths_pa_breast_cancer",0.0002,"bogota","Cycling",NA,NA,"L3: breast_cancer","PA",357934
"male","25-29","sc_cycle_deaths_pa_breast_cancer",0.00024,"bogota","Cycling",NA,NA,"L3: breast_cancer","PA",360031
"male","30-34","sc_cycle_deaths_pa_breast_cancer",0.00022,"bogota","Cycling",NA,NA,"L3: breast_cancer","PA",321492
"male","35-39","sc_cycle_deaths_pa_breast_cancer",0.00026,"bogota","Cycling",NA,NA,"L3: breast_cancer","PA",289808
"male","40-44","sc_cycle_deaths_pa_breast_cancer",0.00047,"bogota","Cycling",NA,NA,"L3: breast_cancer","PA",244543
"male","45-49","sc_cycle_deaths_pa_breast_cancer",0.00072,"bogota","Cycling",NA,NA,"L3: breast_cancer","PA",215491
"male","50-54","sc_cycle_deaths_pa_breast_cancer",0.00119,"bogota","Cycling",NA,NA,"L3: breast_cancer","PA",209137
"male","55-59","sc_cycle_deaths_pa_breast_cancer",0.00153,"bogota","Cycling",NA,NA,"L3: breast_cancer","PA",187551
"male","60-64","sc_cycle_deaths_pa_breast_cancer",0.00267,"bogota","Cycling",NA,NA,"L3: breast_cancer","PA",146500
"male","65-69","sc_cycle_deaths_pa_breast_cancer",0.00299,"bogota","Cycling",NA,NA,"L3: breast_cancer","PA",105412
"female","15-19","sc_cycle_deaths_pa_breast_cancer",0.00115,"bogota","Cycling",NA,NA,"L3: breast_cancer","PA",279280
"female","20-24","sc_cycle_deaths_pa_breast_cancer",0.00478,"bogota","Cycling",NA,NA,"L3: breast_cancer","PA",360197
"female","25-29","sc_cycle_deaths_pa_breast_cancer",0.01865,"bogota","Cycling",NA,NA,"L3: breast_cancer","PA",364423
"female","30-34","sc_cycle_deaths_pa_breast_cancer",0.07122,"bogota","Cycling",NA,NA,"L3: breast_cancer","PA",330341
"female","35-39","sc_cycle_deaths_pa_breast_cancer",0.12313,"bogota","Cycling",NA,NA,"L3: breast_cancer","PA",309304
"female","40-44","sc_cycle_deaths_pa_breast_cancer",0.20963,"bogota","Cycling",NA,NA,"L3: breast_cancer","PA",275440
"female","45-49","sc_cycle_deaths_pa_breast_cancer",0.25725,"bogota","Cycling",NA,NA,"L3: breast_cancer","PA",254843
"female","50-54","sc_cycle_deaths_pa_breast_cancer",0.41199,"bogota","Cycling",NA,NA,"L3: breast_cancer","PA",256059
"female","55-59","sc_cycle_deaths_pa_breast_cancer",0.48796,"bogota","Cycling",NA,NA,"L3: breast_cancer","PA",235548
"female","60-64","sc_cycle_deaths_pa_breast_cancer",0.39496,"bogota","Cycling",NA,NA,"L3: breast_cancer","PA",189600
"female","65-69","sc_cycle_deaths_pa_breast_cancer",0.30045,"bogota","Cycling",NA,NA,"L3: breast_cancer","PA",141409
"male","15-19","sc_car_deaths_pa_breast_cancer",-0.00007,"bogota","Car",NA,NA,"L3: breast_cancer","PA",282736
"male","20-24","sc_car_deaths_pa_breast_cancer",-0.00011,"bogota","Car",NA,NA,"L3: breast_cancer","PA",357934
"male","25-29","sc_car_deaths_pa_breast_cancer",-0.0001,"bogota","Car",NA,NA,"L3: breast_cancer","PA",360031
"male","30-34","sc_car_deaths_pa_breast_cancer",-0.0001,"bogota","Car",NA,NA,"L3: breast_cancer","PA",321492
"male","35-39","sc_car_deaths_pa_breast_cancer",-0.00011,"bogota","Car",NA,NA,"L3: breast_cancer","PA",289808
"male","40-44","sc_car_deaths_pa_breast_cancer",-0.00021,"bogota","Car",NA,NA,"L3: breast_cancer","PA",244543
"male","45-49","sc_car_deaths_pa_breast_cancer",-0.00038,"bogota","Car",NA,NA,"L3: breast_cancer","PA",215491
"male","50-54","sc_car_deaths_pa_breast_cancer",-0.00071,"bogota","Car",NA,NA,"L3: breast_cancer","PA",209137
"male","55-59","sc_car_deaths_pa_breast_cancer",-0.00083,"bogota","Car",NA,NA,"L3: breast_cancer","PA",187551
"male","60-64","sc_car_deaths_pa_breast_cancer",-0.00136,"bogota","Car",NA,NA,"L3: breast_cancer","PA",146500
"male","65-69","sc_car_deaths_pa_breast_cancer",-0.00193,"bogota","Car",NA,NA,"L3: breast_cancer","PA",105412
"female","15-19","sc_car_deaths_pa_breast_cancer",-0.00042,"bogota","Car",NA,NA,"L3: breast_cancer","PA",279280
"female","20-24","sc_car_deaths_pa_breast_cancer",-0.00221,"bogota","Car",NA,NA,"L3: breast_cancer","PA",360197
"female","25-29","sc_car_deaths_pa_breast_cancer",-0.00775,"bogota","Car",NA,NA,"L3: breast_cancer","PA",364423
"female","30-34","sc_car_deaths_pa_breast_cancer",-0.02755,"bogota","Car",NA,NA,"L3: breast_cancer","PA",330341
"female","35-39","sc_car_deaths_pa_breast_cancer",-0.04351,"bogota","Car",NA,NA,"L3: breast_cancer","PA",309304
"female","40-44","sc_car_deaths_pa_breast_cancer",-0.08669,"bogota","Car",NA,NA,"L3: breast_cancer","PA",275440
"female","45-49","sc_car_deaths_pa_breast_cancer",-0.09564,"bogota","Car",NA,NA,"L3: breast_cancer","PA",254843
"female","50-54","sc_car_deaths_pa_breast_cancer",-0.0776,"bogota","Car",NA,NA,"L3: breast_cancer","PA",256059
"female","55-59","sc_car_deaths_pa_breast_cancer",-0.11211,"bogota","Car",NA,NA,"L3: breast_cancer","PA",235548
"female","60-64","sc_car_deaths_pa_breast_cancer",-0.13356,"bogota","Car",NA,NA,"L3: breast_cancer","PA",189600
"female","65-69","sc_car_deaths_pa_breast_cancer",-0.11874,"bogota","Car",NA,NA,"L3: breast_cancer","PA",141409
"male","15-19","sc_bus_deaths_pa_breast_cancer",-0.00003,"bogota","Bus",NA,NA,"L3: breast_cancer","PA",282736
"male","20-24","sc_bus_deaths_pa_breast_cancer",-0.00004,"bogota","Bus",NA,NA,"L3: breast_cancer","PA",357934
"male","25-29","sc_bus_deaths_pa_breast_cancer",-0.00003,"bogota","Bus",NA,NA,"L3: breast_cancer","PA",360031
"male","30-34","sc_bus_deaths_pa_breast_cancer",-0.00003,"bogota","Bus",NA,NA,"L3: breast_cancer","PA",321492
"male","35-39","sc_bus_deaths_pa_breast_cancer",-0.00003,"bogota","Bus",NA,NA,"L3: breast_cancer","PA",289808
"male","40-44","sc_bus_deaths_pa_breast_cancer",0,"bogota","Bus",NA,NA,"L3: breast_cancer","PA",244543
"male","45-49","sc_bus_deaths_pa_breast_cancer",-0.00014,"bogota","Bus",NA,NA,"L3: breast_cancer","PA",215491
"male","50-54","sc_bus_deaths_pa_breast_cancer",-0.00022,"bogota","Bus",NA,NA,"L3: breast_cancer","PA",209137
"male","55-59","sc_bus_deaths_pa_breast_cancer",-0.00005,"bogota","Bus",NA,NA,"L3: breast_cancer","PA",187551
"male","60-64","sc_bus_deaths_pa_breast_cancer",-0.00052,"bogota","Bus",NA,NA,"L3: breast_cancer","PA",146500
"male","65-69","sc_bus_deaths_pa_breast_cancer",-0.00049,"bogota","Bus",NA,NA,"L3: breast_cancer","PA",105412
"female","15-19","sc_bus_deaths_pa_breast_cancer",-0.00004,"bogota","Bus",NA,NA,"L3: breast_cancer","PA",279280
"female","20-24","sc_bus_deaths_pa_breast_cancer",-0.00022,"bogota","Bus",NA,NA,"L3: breast_cancer","PA",360197
"female","25-29","sc_bus_deaths_pa_breast_cancer",-0.00012,"bogota","Bus",NA,NA,"L3: breast_cancer","PA",364423
"female","30-34","sc_bus_deaths_pa_breast_cancer",-0.00024,"bogota","Bus",NA,NA,"L3: breast_cancer","PA",330341
"female","35-39","sc_bus_deaths_pa_breast_cancer",-0.00432,"bogota","Bus",NA,NA,"L3: breast_cancer","PA",309304
"female","40-44","sc_bus_deaths_pa_breast_cancer",0.00188,"bogota","Bus",NA,NA,"L3: breast_cancer","PA",275440
"female","45-49","sc_bus_deaths_pa_breast_cancer",-0.0102,"bogota","Bus",NA,NA,"L3: breast_cancer","PA",254843
"female","50-54","sc_bus_deaths_pa_breast_cancer",0.02527,"bogota","Bus",NA,NA,"L3: breast_cancer","PA",256059
"female","55-59","sc_bus_deaths_pa_breast_cancer",0.04512,"bogota","Bus",NA,NA,"L3: breast_cancer","PA",235548
"female","60-64","sc_bus_deaths_pa_breast_cancer",0.03985,"bogota","Bus",NA,NA,"L3: breast_cancer","PA",189600
"female","65-69","sc_bus_deaths_pa_breast_cancer",0.02552,"bogota","Bus",NA,NA,"L3: breast_cancer","PA",141409
"male","15-19","sc_cycle_deaths_pa_breast_cancer_lb",0.00018,"bogota","Cycling",NA,NA,"L3: breast_cancer","PA",282736
"male","20-24","sc_cycle_deaths_pa_breast_cancer_lb",0.00042,"bogota","Cycling",NA,NA,"L3: breast_cancer","PA",357934
"male","25-29","sc_cycle_deaths_pa_breast_cancer_lb",0.00051,"bogota","Cycling",NA,NA,"L3: breast_cancer","PA",360031
"male","30-34","sc_cycle_deaths_pa_breast_cancer_lb",0.00044,"bogota","Cycling",NA,NA,"L3: breast_cancer","PA",321492
"male","35-39","sc_cycle_deaths_pa_breast_cancer_lb",0.00051,"bogota","Cycling",NA,NA,"L3: breast_cancer","PA",289808
"male","40-44","sc_cycle_deaths_pa_breast_cancer_lb",0.00094,"bogota","Cycling",NA,NA,"L3: breast_cancer","PA",244543
"male","45-49","sc_cycle_deaths_pa_breast_cancer_lb",0.00147,"bogota","Cycling",NA,NA,"L3: breast_cancer","PA",215491
"male","50-54","sc_cycle_deaths_pa_breast_cancer_lb",0.00223,"bogota","Cycling",NA,NA,"L3: breast_cancer","PA",209137
"male","55-59","sc_cycle_deaths_pa_breast_cancer_lb",0.00327,"bogota","Cycling",NA,NA,"L3: breast_cancer","PA",187551
"male","60-64","sc_cycle_deaths_pa_breast_cancer_lb",0.00507,"bogota","Cycling",NA,NA,"L3: breast_cancer","PA",146500
"male","65-69","sc_cycle_deaths_pa_breast_cancer_lb",0.00635,"bogota","Cycling",NA,NA,"L3: breast_cancer","PA",105412
"female","15-19","sc_cycle_deaths_pa_breast_cancer_lb",0.00243,"bogota","Cycling",NA,NA,"L3: breast_cancer","PA",279280
"female","20-24","sc_cycle_deaths_pa_breast_cancer_lb",0.00983,"bogota","Cycling",NA,NA,"L3: breast_cancer","PA",360197
"female","25-29","sc_cycle_deaths_pa_breast_cancer_lb",0.0388,"bogota","Cycling",NA,NA,"L3: breast_cancer","PA",364423
"female","30-34","sc_cycle_deaths_pa_breast_cancer_lb",0.14363,"bogota","Cycling",NA,NA,"L3: breast_cancer","PA",330341
"female","35-39","sc_cycle_deaths_pa_breast_cancer_lb",0.23931,"bogota","Cycling",NA,NA,"L3: breast_cancer","PA",309304
"female","40-44","sc_cycle_deaths_pa_breast_cancer_lb",0.42814,"bogota","Cycling",NA,NA,"L3: breast_cancer","PA",275440
"female","45-49","sc_cycle_deaths_pa_breast_cancer_lb",0.49978,"bogota","Cycling",NA,NA,"L3: breast_cancer","PA",254843
"female","50-54","sc_cycle_deaths_pa_breast_cancer_lb",0.89141,"bogota","Cycling",NA,NA,"L3: breast_cancer","PA",256059
"female","55-59","sc_cycle_deaths_pa_breast_cancer_lb",1.03678,"bogota","Cycling",NA,NA,"L3: breast_cancer","PA",235548
"female","60-64","sc_cycle_deaths_pa_breast_cancer_lb",0.82852,"bogota","Cycling",NA,NA,"L3: breast_cancer","PA",189600
"female","65-69","sc_cycle_deaths_pa_breast_cancer_lb",0.60788,"bogota","Cycling",NA,NA,"L3: breast_cancer","PA",141409
"male","15-19","sc_car_deaths_pa_breast_cancer_lb",-0.00015,"bogota","Car",NA,NA,"L3: breast_cancer","PA",282736
"male","20-24","sc_car_deaths_pa_breast_cancer_lb",-0.00025,"bogota","Car",NA,NA,"L3: breast_cancer","PA",357934
"male","25-29","sc_car_deaths_pa_breast_cancer_lb",-0.00022,"bogota","Car",NA,NA,"L3: breast_cancer","PA",360031
"male","30-34","sc_car_deaths_pa_breast_cancer_lb",-0.00021,"bogota","Car",NA,NA,"L3: breast_cancer","PA",321492
"male","35-39","sc_car_deaths_pa_breast_cancer_lb",-0.00024,"bogota","Car",NA,NA,"L3: breast_cancer","PA",289808
"male","40-44","sc_car_deaths_pa_breast_cancer_lb",-0.00047,"bogota","Car",NA,NA,"L3: breast_cancer","PA",244543
"male","45-49","sc_car_deaths_pa_breast_cancer_lb",-0.00083,"bogota","Car",NA,NA,"L3: breast_cancer","PA",215491
"male","50-54","sc_car_deaths_pa_breast_cancer_lb",-0.00152,"bogota","Car",NA,NA,"L3: breast_cancer","PA",209137
"male","55-59","sc_car_deaths_pa_breast_cancer_lb",-0.00181,"bogota","Car",NA,NA,"L3: breast_cancer","PA",187551
"male","60-64","sc_car_deaths_pa_breast_cancer_lb",-0.00308,"bogota","Car",NA,NA,"L3: breast_cancer","PA",146500
"male","65-69","sc_car_deaths_pa_breast_cancer_lb",-0.00447,"bogota","Car",NA,NA,"L3: breast_cancer","PA",105412
"female","15-19","sc_car_deaths_pa_breast_cancer_lb",-0.00101,"bogota","Car",NA,NA,"L3: breast_cancer","PA",279280
"female","20-24","sc_car_deaths_pa_breast_cancer_lb",-0.0053,"bogota","Car",NA,NA,"L3: breast_cancer","PA",360197
"female","25-29","sc_car_deaths_pa_breast_cancer_lb",-0.01868,"bogota","Car",NA,NA,"L3: breast_cancer","PA",364423
"female","30-34","sc_car_deaths_pa_breast_cancer_lb",-0.06326,"bogota","Car",NA,NA,"L3: breast_cancer","PA",330341
"female","35-39","sc_car_deaths_pa_breast_cancer_lb",-0.09935,"bogota","Car",NA,NA,"L3: breast_cancer","PA",309304
"female","40-44","sc_car_deaths_pa_breast_cancer_lb",-0.19424,"bogota","Car",NA,NA,"L3: breast_cancer","PA",275440
"female","45-49","sc_car_deaths_pa_breast_cancer_lb",-0.2209,"bogota","Car",NA,NA,"L3: breast_cancer","PA",254843
"female","50-54","sc_car_deaths_pa_breast_cancer_lb",-0.18489,"bogota","Car",NA,NA,"L3: breast_cancer","PA",256059
"female","55-59","sc_car_deaths_pa_breast_cancer_lb",-0.26997,"bogota","Car",NA,NA,"L3: breast_cancer","PA",235548
"female","60-64","sc_car_deaths_pa_breast_cancer_lb",-0.32608,"bogota","Car",NA,NA,"L3: breast_cancer","PA",189600
"female","65-69","sc_car_deaths_pa_breast_cancer_lb",-0.2978,"bogota","Car",NA,NA,"L3: breast_cancer","PA",141409
"male","15-19","sc_bus_deaths_pa_breast_cancer_lb",-0.00005,"bogota","Bus",NA,NA,"L3: breast_cancer","PA",282736
"male","20-24","sc_bus_deaths_pa_breast_cancer_lb",-0.00003,"bogota","Bus",NA,NA,"L3: breast_cancer","PA",357934
"male","25-29","sc_bus_deaths_pa_breast_cancer_lb",-0.00002,"bogota","Bus",NA,NA,"L3: breast_cancer","PA",360031
"male","30-34","sc_bus_deaths_pa_breast_cancer_lb",-0.00001,"bogota","Bus",NA,NA,"L3: breast_cancer","PA",321492
"male","35-39","sc_bus_deaths_pa_breast_cancer_lb",0,"bogota","Bus",NA,NA,"L3: breast_cancer","PA",289808
"male","40-44","sc_bus_deaths_pa_breast_cancer_lb",0.00011,"bogota","Bus",NA,NA,"L3: breast_cancer","PA",244543
"male","45-49","sc_bus_deaths_pa_breast_cancer_lb",-0.00015,"bogota","Bus",NA,NA,"L3: breast_cancer","PA",215491
"male","50-54","sc_bus_deaths_pa_breast_cancer_lb",-0.00022,"bogota","Bus",NA,NA,"L3: breast_cancer","PA",209137
"male","55-59","sc_bus_deaths_pa_breast_cancer_lb",0.00018,"bogota","Bus",NA,NA,"L3: breast_cancer","PA",187551
"male","60-64","sc_bus_deaths_pa_breast_cancer_lb",-0.00085,"bogota","Bus",NA,NA,"L3: breast_cancer","PA",146500
"male","65-69","sc_bus_deaths_pa_breast_cancer_lb",-0.00073,"bogota","Bus",NA,NA,"L3: breast_cancer","PA",105412
"female","15-19","sc_bus_deaths_pa_breast_cancer_lb",-0.00002,"bogota","Bus",NA,NA,"L3: breast_cancer","PA",279280
"female","20-24","sc_bus_deaths_pa_breast_cancer_lb",-0.0002,"bogota","Bus",NA,NA,"L3: breast_cancer","PA",360197
"female","25-29","sc_bus_deaths_pa_breast_cancer_lb",0.00163,"bogota","Bus",NA,NA,"L3: breast_cancer","PA",364423
"female","30-34","sc_bus_deaths_pa_breast_cancer_lb",0.00766,"bogota","Bus",NA,NA,"L3: breast_cancer","PA",330341
"female","35-39","sc_bus_deaths_pa_breast_cancer_lb",-0.00139,"bogota","Bus",NA,NA,"L3: breast_cancer","PA",309304
"female","40-44","sc_bus_deaths_pa_breast_cancer_lb",0.02455,"bogota","Bus",NA,NA,"L3: breast_cancer","PA",275440
"female","45-49","sc_bus_deaths_pa_breast_cancer_lb",-0.00013,"bogota","Bus",NA,NA,"L3: breast_cancer","PA",254843
"female","50-54","sc_bus_deaths_pa_breast_cancer_lb",0.07118,"bogota","Bus",NA,NA,"L3: breast_cancer","PA",256059
"female","55-59","sc_bus_deaths_pa_breast_cancer_lb",0.12268,"bogota","Bus",NA,NA,"L3: breast_cancer","PA",235548
"female","60-64","sc_bus_deaths_pa_breast_cancer_lb",0.11389,"bogota","Bus",NA,NA,"L3: breast_cancer","PA",189600
"female","65-69","sc_bus_deaths_pa_breast_cancer_lb",0.07399,"bogota","Bus",NA,NA,"L3: breast_cancer","PA",141409
"male","15-19","sc_cycle_deaths_pa_breast_cancer_ub",-0.00001,"bogota","Cycling",NA,NA,"L3: breast_cancer","PA",282736
"male","20-24","sc_cycle_deaths_pa_breast_cancer_ub",-0.00001,"bogota","Cycling",NA,NA,"L3: breast_cancer","PA",357934
"male","25-29","sc_cycle_deaths_pa_breast_cancer_ub",-0.00002,"bogota","Cycling",NA,NA,"L3: breast_cancer","PA",360031
"male","30-34","sc_cycle_deaths_pa_breast_cancer_ub",0,"bogota","Cycling",NA,NA,"L3: breast_cancer","PA",321492
"male","35-39","sc_cycle_deaths_pa_breast_cancer_ub",0.00002,"bogota","Cycling",NA,NA,"L3: breast_cancer","PA",289808
"male","40-44","sc_cycle_deaths_pa_breast_cancer_ub",0.00001,"bogota","Cycling",NA,NA,"L3: breast_cancer","PA",244543
"male","45-49","sc_cycle_deaths_pa_breast_cancer_ub",0.00001,"bogota","Cycling",NA,NA,"L3: breast_cancer","PA",215491
"male","50-54","sc_cycle_deaths_pa_breast_cancer_ub",0.00019,"bogota","Cycling",NA,NA,"L3: breast_cancer","PA",209137
"male","55-59","sc_cycle_deaths_pa_breast_cancer_ub",-0.00013,"bogota","Cycling",NA,NA,"L3: breast_cancer","PA",187551
"male","60-64","sc_cycle_deaths_pa_breast_cancer_ub",0.00032,"bogota","Cycling",NA,NA,"L3: breast_cancer","PA",146500
"male","65-69","sc_cycle_deaths_pa_breast_cancer_ub",-0.00033,"bogota","Cycling",NA,NA,"L3: breast_cancer","PA",105412
"female","15-19","sc_cycle_deaths_pa_breast_cancer_ub",-0.00016,"bogota","Cycling",NA,NA,"L3: breast_cancer","PA",279280
"female","20-24","sc_cycle_deaths_pa_breast_cancer_ub",-0.00028,"bogota","Cycling",NA,NA,"L3: breast_cancer","PA",360197
"female","25-29","sc_cycle_deaths_pa_breast_cancer_ub",-0.00148,"bogota","Cycling",NA,NA,"L3: breast_cancer","PA",364423
"female","30-34","sc_cycle_deaths_pa_breast_cancer_ub",-0.00034,"bogota","Cycling",NA,NA,"L3: breast_cancer","PA",330341
"female","35-39","sc_cycle_deaths_pa_breast_cancer_ub",0.00759,"bogota","Cycling",NA,NA,"L3: breast_cancer","PA",309304
"female","40-44","sc_cycle_deaths_pa_breast_cancer_ub",-0.00626,"bogota","Cycling",NA,NA,"L3: breast_cancer","PA",275440
"female","45-49","sc_cycle_deaths_pa_breast_cancer_ub",0.01772,"bogota","Cycling",NA,NA,"L3: breast_cancer","PA",254843
"female","50-54","sc_cycle_deaths_pa_breast_cancer_ub",-0.06505,"bogota","Cycling",NA,NA,"L3: breast_cancer","PA",256059
"female","55-59","sc_cycle_deaths_pa_breast_cancer_ub",-0.07154,"bogota","Cycling",NA,NA,"L3: breast_cancer","PA",235548
"female","60-64","sc_cycle_deaths_pa_breast_cancer_ub",-0.04782,"bogota","Cycling",NA,NA,"L3: breast_cancer","PA",189600
"female","65-69","sc_cycle_deaths_pa_breast_cancer_ub",-0.00859,"bogota","Cycling",NA,NA,"L3: breast_cancer","PA",141409
"male","15-19","sc_car_deaths_pa_breast_cancer_ub",0.00001,"bogota","Car",NA,NA,"L3: breast_cancer","PA",282736
"male","20-24","sc_car_deaths_pa_breast_cancer_ub",0.00002,"bogota","Car",NA,NA,"L3: breast_cancer","PA",357934
"male","25-29","sc_car_deaths_pa_breast_cancer_ub",0.00003,"bogota","Car",NA,NA,"L3: breast_cancer","PA",360031
"male","30-34","sc_car_deaths_pa_breast_cancer_ub",0.00001,"bogota","Car",NA,NA,"L3: breast_cancer","PA",321492
"male","35-39","sc_car_deaths_pa_breast_cancer_ub",0.00001,"bogota","Car",NA,NA,"L3: breast_cancer","PA",289808
"male","40-44","sc_car_deaths_pa_breast_cancer_ub",0.00003,"bogota","Car",NA,NA,"L3: breast_cancer","PA",244543
"male","45-49","sc_car_deaths_pa_breast_cancer_ub",0.00004,"bogota","Car",NA,NA,"L3: breast_cancer","PA",215491
"male","50-54","sc_car_deaths_pa_breast_cancer_ub",0.00007,"bogota","Car",NA,NA,"L3: breast_cancer","PA",209137
"male","55-59","sc_car_deaths_pa_breast_cancer_ub",0.00008,"bogota","Car",NA,NA,"L3: breast_cancer","PA",187551
"male","60-64","sc_car_deaths_pa_breast_cancer_ub",0.00025,"bogota","Car",NA,NA,"L3: breast_cancer","PA",146500
"male","65-69","sc_car_deaths_pa_breast_cancer_ub",0.00046,"bogota","Car",NA,NA,"L3: breast_cancer","PA",105412
"female","15-19","sc_car_deaths_pa_breast_cancer_ub",0.00014,"bogota","Car",NA,NA,"L3: breast_cancer","PA",279280
"female","20-24","sc_car_deaths_pa_breast_cancer_ub",0.00071,"bogota","Car",NA,NA,"L3: breast_cancer","PA",360197
"female","25-29","sc_car_deaths_pa_breast_cancer_ub",0.00261,"bogota","Car",NA,NA,"L3: breast_cancer","PA",364423
"female","30-34","sc_car_deaths_pa_breast_cancer_ub",0.00594,"bogota","Car",NA,NA,"L3: breast_cancer","PA",330341
"female","35-39","sc_car_deaths_pa_breast_cancer_ub",0.00946,"bogota","Car",NA,NA,"L3: breast_cancer","PA",309304
"female","40-44","sc_car_deaths_pa_breast_cancer_ub",0.01564,"bogota","Car",NA,NA,"L3: breast_cancer","PA",275440
"female","45-49","sc_car_deaths_pa_breast_cancer_ub",0.02455,"bogota","Car",NA,NA,"L3: breast_cancer","PA",254843
"female","50-54","sc_car_deaths_pa_breast_cancer_ub",0.02553,"bogota","Car",NA,NA,"L3: breast_cancer","PA",256059
"female","55-59","sc_car_deaths_pa_breast_cancer_ub",0.03807,"bogota","Car",NA,NA,"L3: breast_cancer","PA",235548
"female","60-64","sc_car_deaths_pa_breast_cancer_ub",0.04796,"bogota","Car",NA,NA,"L3: breast_cancer","PA",189600
"female","65-69","sc_car_deaths_pa_breast_cancer_ub",0.04632,"bogota","Car",NA,NA,"L3: breast_cancer","PA",141409
"male","15-19","sc_bus_deaths_pa_breast_cancer_ub",-0.00001,"bogota","Bus",NA,NA,"L3: breast_cancer","PA",282736
"male","20-24","sc_bus_deaths_pa_breast_cancer_ub",-0.00003,"bogota","Bus",NA,NA,"L3: breast_cancer","PA",357934
"male","25-29","sc_bus_deaths_pa_breast_cancer_ub",-0.00003,"bogota","Bus",NA,NA,"L3: breast_cancer","PA",360031
"male","30-34","sc_bus_deaths_pa_breast_cancer_ub",-0.00003,"bogota","Bus",NA,NA,"L3: breast_cancer","PA",321492
"male","35-39","sc_bus_deaths_pa_breast_cancer_ub",-0.00004,"bogota","Bus",NA,NA,"L3: breast_cancer","PA",289808
"male","40-44","sc_bus_deaths_pa_breast_cancer_ub",-0.00009,"bogota","Bus",NA,NA,"L3: breast_cancer","PA",244543
"male","45-49","sc_bus_deaths_pa_breast_cancer_ub",-0.0001,"bogota","Bus",NA,NA,"L3: breast_cancer","PA",215491
"male","50-54","sc_bus_deaths_pa_breast_cancer_ub",-0.00014,"bogota","Bus",NA,NA,"L3: breast_cancer","PA",209137
"male","55-59","sc_bus_deaths_pa_breast_cancer_ub",-0.00022,"bogota","Bus",NA,NA,"L3: breast_cancer","PA",187551
"male","60-64","sc_bus_deaths_pa_breast_cancer_ub",-0.00016,"bogota","Bus",NA,NA,"L3: breast_cancer","PA",146500
"male","65-69","sc_bus_deaths_pa_breast_cancer_ub",-0.00019,"bogota","Bus",NA,NA,"L3: breast_cancer","PA",105412
"female","15-19","sc_bus_deaths_pa_breast_cancer_ub",-0.00004,"bogota","Bus",NA,NA,"L3: breast_cancer","PA",279280
"female","20-24","sc_bus_deaths_pa_breast_cancer_ub",-0.00016,"bogota","Bus",NA,NA,"L3: breast_cancer","PA",360197
"female","25-29","sc_bus_deaths_pa_breast_cancer_ub",-0.00156,"bogota","Bus",NA,NA,"L3: breast_cancer","PA",364423
"female","30-34","sc_bus_deaths_pa_breast_cancer_ub",-0.0069,"bogota","Bus",NA,NA,"L3: breast_cancer","PA",330341
"female","35-39","sc_bus_deaths_pa_breast_cancer_ub",-0.00559,"bogota","Bus",NA,NA,"L3: breast_cancer","PA",309304
"female","40-44","sc_bus_deaths_pa_breast_cancer_ub",-0.01802,"bogota","Bus",NA,NA,"L3: breast_cancer","PA",275440
"female","45-49","sc_bus_deaths_pa_breast_cancer_ub",-0.01548,"bogota","Bus",NA,NA,"L3: breast_cancer","PA",254843
"female","50-54","sc_bus_deaths_pa_breast_cancer_ub",-0.01574,"bogota","Bus",NA,NA,"L3: breast_cancer","PA",256059
"female","55-59","sc_bus_deaths_pa_breast_cancer_ub",-0.027,"bogota","Bus",NA,NA,"L3: breast_cancer","PA",235548
"female","60-64","sc_bus_deaths_pa_breast_cancer_ub",-0.02723,"bogota","Bus",NA,NA,"L3: breast_cancer","PA",189600
"female","65-69","sc_bus_deaths_pa_breast_cancer_ub",-0.0165,"bogota","Bus",NA,NA,"L3: breast_cancer","PA",141409
"male","15-19","sc_cycle_deaths_pa_colon_cancer",0.00078,"bogota","Cycling",NA,NA,"L3: colon_cancer","PA",282736
"male","20-24","sc_cycle_deaths_pa_colon_cancer",0.00349,"bogota","Cycling",NA,NA,"L3: colon_cancer","PA",357934
"male","25-29","sc_cycle_deaths_pa_colon_cancer",0.00734,"bogota","Cycling",NA,NA,"L3: colon_cancer","PA",360031
"male","30-34","sc_cycle_deaths_pa_colon_cancer",0.01091,"bogota","Cycling",NA,NA,"L3: colon_cancer","PA",321492
"male","35-39","sc_cycle_deaths_pa_colon_cancer",0.01416,"bogota","Cycling",NA,NA,"L3: colon_cancer","PA",289808
"male","40-44","sc_cycle_deaths_pa_colon_cancer",0.01891,"bogota","Cycling",NA,NA,"L3: colon_cancer","PA",244543
"male","45-49","sc_cycle_deaths_pa_colon_cancer",0.02715,"bogota","Cycling",NA,NA,"L3: colon_cancer","PA",215491
"male","50-54","sc_cycle_deaths_pa_colon_cancer",0.03772,"bogota","Cycling",NA,NA,"L3: colon_cancer","PA",209137
"male","55-59","sc_cycle_deaths_pa_colon_cancer",0.04804,"bogota","Cycling",NA,NA,"L3: colon_cancer","PA",187551
"male","60-64","sc_cycle_deaths_pa_colon_cancer",0.08654,"bogota","Cycling",NA,NA,"L3: colon_cancer","PA",146500
"male","65-69","sc_cycle_deaths_pa_colon_cancer",0.08861,"bogota","Cycling",NA,NA,"L3: colon_cancer","PA",105412
"female","15-19","sc_cycle_deaths_pa_colon_cancer",0.00059,"bogota","Cycling",NA,NA,"L3: colon_cancer","PA",279280
"female","20-24","sc_cycle_deaths_pa_colon_cancer",0.0029,"bogota","Cycling",NA,NA,"L3: colon_cancer","PA",360197
"female","25-29","sc_cycle_deaths_pa_colon_cancer",0.00621,"bogota","Cycling",NA,NA,"L3: colon_cancer","PA",364423
"female","30-34","sc_cycle_deaths_pa_colon_cancer",0.01084,"bogota","Cycling",NA,NA,"L3: colon_cancer","PA",330341
"female","35-39","sc_cycle_deaths_pa_colon_cancer",0.01778,"bogota","Cycling",NA,NA,"L3: colon_cancer","PA",309304
"female","40-44","sc_cycle_deaths_pa_colon_cancer",0.02418,"bogota","Cycling",NA,NA,"L3: colon_cancer","PA",275440
"female","45-49","sc_cycle_deaths_pa_colon_cancer",0.03375,"bogota","Cycling",NA,NA,"L3: colon_cancer","PA",254843
"female","50-54","sc_cycle_deaths_pa_colon_cancer",0.05826,"bogota","Cycling",NA,NA,"L3: colon_cancer","PA",256059
"female","55-59","sc_cycle_deaths_pa_colon_cancer",0.08442,"bogota","Cycling",NA,NA,"L3: colon_cancer","PA",235548
"female","60-64","sc_cycle_deaths_pa_colon_cancer",0.09809,"bogota","Cycling",NA,NA,"L3: colon_cancer","PA",189600
"female","65-69","sc_cycle_deaths_pa_colon_cancer",0.09165,"bogota","Cycling",NA,NA,"L3: colon_cancer","PA",141409
"male","15-19","sc_car_deaths_pa_colon_cancer",-0.00058,"bogota","Car",NA,NA,"L3: colon_cancer","PA",282736
"male","20-24","sc_car_deaths_pa_colon_cancer",-0.00183,"bogota","Car",NA,NA,"L3: colon_cancer","PA",357934
"male","25-29","sc_car_deaths_pa_colon_cancer",-0.00266,"bogota","Car",NA,NA,"L3: colon_cancer","PA",360031
"male","30-34","sc_car_deaths_pa_colon_cancer",-0.00475,"bogota","Car",NA,NA,"L3: colon_cancer","PA",321492
"male","35-39","sc_car_deaths_pa_colon_cancer",-0.00539,"bogota","Car",NA,NA,"L3: colon_cancer","PA",289808
"male","40-44","sc_car_deaths_pa_colon_cancer",-0.00801,"bogota","Car",NA,NA,"L3: colon_cancer","PA",244543
"male","45-49","sc_car_deaths_pa_colon_cancer",-0.01399,"bogota","Car",NA,NA,"L3: colon_cancer","PA",215491
"male","50-54","sc_car_deaths_pa_colon_cancer",-0.02054,"bogota","Car",NA,NA,"L3: colon_cancer","PA",209137
"male","55-59","sc_car_deaths_pa_colon_cancer",-0.02565,"bogota","Car",NA,NA,"L3: colon_cancer","PA",187551
"male","60-64","sc_car_deaths_pa_colon_cancer",-0.03932,"bogota","Car",NA,NA,"L3: colon_cancer","PA",146500
"male","65-69","sc_car_deaths_pa_colon_cancer",-0.05357,"bogota","Car",NA,NA,"L3: colon_cancer","PA",105412
"female","15-19","sc_car_deaths_pa_colon_cancer",-0.0002,"bogota","Car",NA,NA,"L3: colon_cancer","PA",279280
"female","20-24","sc_car_deaths_pa_colon_cancer",-0.0012,"bogota","Car",NA,NA,"L3: colon_cancer","PA",360197
"female","25-29","sc_car_deaths_pa_colon_cancer",-0.00231,"bogota","Car",NA,NA,"L3: colon_cancer","PA",364423
"female","30-34","sc_car_deaths_pa_colon_cancer",-0.00385,"bogota","Car",NA,NA,"L3: colon_cancer","PA",330341
"female","35-39","sc_car_deaths_pa_colon_cancer",-0.00563,"bogota","Car",NA,NA,"L3: colon_cancer","PA",309304
"female","40-44","sc_car_deaths_pa_colon_cancer",-0.0094,"bogota","Car",NA,NA,"L3: colon_cancer","PA",275440
"female","45-49","sc_car_deaths_pa_colon_cancer",-0.01114,"bogota","Car",NA,NA,"L3: colon_cancer","PA",254843
"female","50-54","sc_car_deaths_pa_colon_cancer",-0.01019,"bogota","Car",NA,NA,"L3: colon_cancer","PA",256059
"female","55-59","sc_car_deaths_pa_colon_cancer",-0.01758,"bogota","Car",NA,NA,"L3: colon_cancer","PA",235548
"female","60-64","sc_car_deaths_pa_colon_cancer",-0.02925,"bogota","Car",NA,NA,"L3: colon_cancer","PA",189600
"female","65-69","sc_car_deaths_pa_colon_cancer",-0.03046,"bogota","Car",NA,NA,"L3: colon_cancer","PA",141409
"male","15-19","sc_bus_deaths_pa_colon_cancer",-0.00034,"bogota","Bus",NA,NA,"L3: colon_cancer","PA",282736
"male","20-24","sc_bus_deaths_pa_colon_cancer",-0.00085,"bogota","Bus",NA,NA,"L3: colon_cancer","PA",357934
"male","25-29","sc_bus_deaths_pa_colon_cancer",-0.00127,"bogota","Bus",NA,NA,"L3: colon_cancer","PA",360031
"male","30-34","sc_bus_deaths_pa_colon_cancer",-0.00213,"bogota","Bus",NA,NA,"L3: colon_cancer","PA",321492
"male","35-39","sc_bus_deaths_pa_colon_cancer",-0.00257,"bogota","Bus",NA,NA,"L3: colon_cancer","PA",289808
"male","40-44","sc_bus_deaths_pa_colon_cancer",-0.00127,"bogota","Bus",NA,NA,"L3: colon_cancer","PA",244543
"male","45-49","sc_bus_deaths_pa_colon_cancer",-0.00699,"bogota","Bus",NA,NA,"L3: colon_cancer","PA",215491
"male","50-54","sc_bus_deaths_pa_colon_cancer",-0.00875,"bogota","Bus",NA,NA,"L3: colon_cancer","PA",209137
"male","55-59","sc_bus_deaths_pa_colon_cancer",-0.00467,"bogota","Bus",NA,NA,"L3: colon_cancer","PA",187551
"male","60-64","sc_bus_deaths_pa_colon_cancer",-0.01834,"bogota","Bus",NA,NA,"L3: colon_cancer","PA",146500
"male","65-69","sc_bus_deaths_pa_colon_cancer",-0.01774,"bogota","Bus",NA,NA,"L3: colon_cancer","PA",105412
"female","15-19","sc_bus_deaths_pa_colon_cancer",-0.00003,"bogota","Bus",NA,NA,"L3: colon_cancer","PA",279280
"female","20-24","sc_bus_deaths_pa_colon_cancer",-0.00018,"bogota","Bus",NA,NA,"L3: colon_cancer","PA",360197
"female","25-29","sc_bus_deaths_pa_colon_cancer",-0.00025,"bogota","Bus",NA,NA,"L3: colon_cancer","PA",364423
"female","30-34","sc_bus_deaths_pa_colon_cancer",-0.00043,"bogota","Bus",NA,NA,"L3: colon_cancer","PA",330341
"female","35-39","sc_bus_deaths_pa_colon_cancer",-0.00095,"bogota","Bus",NA,NA,"L3: colon_cancer","PA",309304
"female","40-44","sc_bus_deaths_pa_colon_cancer",-0.00057,"bogota","Bus",NA,NA,"L3: colon_cancer","PA",275440
"female","45-49","sc_bus_deaths_pa_colon_cancer",-0.00215,"bogota","Bus",NA,NA,"L3: colon_cancer","PA",254843
"female","50-54","sc_bus_deaths_pa_colon_cancer",0.00277,"bogota","Bus",NA,NA,"L3: colon_cancer","PA",256059
"female","55-59","sc_bus_deaths_pa_colon_cancer",0.00627,"bogota","Bus",NA,NA,"L3: colon_cancer","PA",235548
"female","60-64","sc_bus_deaths_pa_colon_cancer",0.00727,"bogota","Bus",NA,NA,"L3: colon_cancer","PA",189600
"female","65-69","sc_bus_deaths_pa_colon_cancer",0.00561,"bogota","Bus",NA,NA,"L3: colon_cancer","PA",141409
"male","15-19","sc_cycle_deaths_pa_colon_cancer_lb",0.00137,"bogota","Cycling",NA,NA,"L3: colon_cancer","PA",282736
"male","20-24","sc_cycle_deaths_pa_colon_cancer_lb",0.00609,"bogota","Cycling",NA,NA,"L3: colon_cancer","PA",357934
"male","25-29","sc_cycle_deaths_pa_colon_cancer_lb",0.01284,"bogota","Cycling",NA,NA,"L3: colon_cancer","PA",360031
"male","30-34","sc_cycle_deaths_pa_colon_cancer_lb",0.01899,"bogota","Cycling",NA,NA,"L3: colon_cancer","PA",321492
"male","35-39","sc_cycle_deaths_pa_colon_cancer_lb",0.02451,"bogota","Cycling",NA,NA,"L3: colon_cancer","PA",289808
"male","40-44","sc_cycle_deaths_pa_colon_cancer_lb",0.03287,"bogota","Cycling",NA,NA,"L3: colon_cancer","PA",244543
"male","45-49","sc_cycle_deaths_pa_colon_cancer_lb",0.04732,"bogota","Cycling",NA,NA,"L3: colon_cancer","PA",215491
"male","50-54","sc_cycle_deaths_pa_colon_cancer_lb",0.0648,"bogota","Cycling",NA,NA,"L3: colon_cancer","PA",209137
"male","55-59","sc_cycle_deaths_pa_colon_cancer_lb",0.08462,"bogota","Cycling",NA,NA,"L3: colon_cancer","PA",187551
"male","60-64","sc_cycle_deaths_pa_colon_cancer_lb",0.14898,"bogota","Cycling",NA,NA,"L3: colon_cancer","PA",146500
"male","65-69","sc_cycle_deaths_pa_colon_cancer_lb",0.15609,"bogota","Cycling",NA,NA,"L3: colon_cancer","PA",105412
"female","15-19","sc_cycle_deaths_pa_colon_cancer_lb",0.00104,"bogota","Cycling",NA,NA,"L3: colon_cancer","PA",279280
"female","20-24","sc_cycle_deaths_pa_colon_cancer_lb",0.00506,"bogota","Cycling",NA,NA,"L3: colon_cancer","PA",360197
"female","25-29","sc_cycle_deaths_pa_colon_cancer_lb",0.01086,"bogota","Cycling",NA,NA,"L3: colon_cancer","PA",364423
"female","30-34","sc_cycle_deaths_pa_colon_cancer_lb",0.01885,"bogota","Cycling",NA,NA,"L3: colon_cancer","PA",330341
"female","35-39","sc_cycle_deaths_pa_colon_cancer_lb",0.03072,"bogota","Cycling",NA,NA,"L3: colon_cancer","PA",309304
"female","40-44","sc_cycle_deaths_pa_colon_cancer_lb",0.04216,"bogota","Cycling",NA,NA,"L3: colon_cancer","PA",275440
"female","45-49","sc_cycle_deaths_pa_colon_cancer_lb",0.05827,"bogota","Cycling",NA,NA,"L3: colon_cancer","PA",254843
"female","50-54","sc_cycle_deaths_pa_colon_cancer_lb",0.1027,"bogota","Cycling",NA,NA,"L3: colon_cancer","PA",256059
"female","55-59","sc_cycle_deaths_pa_colon_cancer_lb",0.14841,"bogota","Cycling",NA,NA,"L3: colon_cancer","PA",235548
"female","60-64","sc_cycle_deaths_pa_colon_cancer_lb",0.17199,"bogota","Cycling",NA,NA,"L3: colon_cancer","PA",189600
"female","65-69","sc_cycle_deaths_pa_colon_cancer_lb",0.15947,"bogota","Cycling",NA,NA,"L3: colon_cancer","PA",141409
"male","15-19","sc_car_deaths_pa_colon_cancer_lb",-0.00102,"bogota","Car",NA,NA,"L3: colon_cancer","PA",282736
"male","20-24","sc_car_deaths_pa_colon_cancer_lb",-0.00326,"bogota","Car",NA,NA,"L3: colon_cancer","PA",357934
"male","25-29","sc_car_deaths_pa_colon_cancer_lb",-0.00477,"bogota","Car",NA,NA,"L3: colon_cancer","PA",360031
"male","30-34","sc_car_deaths_pa_colon_cancer_lb",-0.00838,"bogota","Car",NA,NA,"L3: colon_cancer","PA",321492
"male","35-39","sc_car_deaths_pa_colon_cancer_lb",-0.00955,"bogota","Car",NA,NA,"L3: colon_cancer","PA",289808
"male","40-44","sc_car_deaths_pa_colon_cancer_lb",-0.01418,"bogota","Car",NA,NA,"L3: colon_cancer","PA",244543
"male","45-49","sc_car_deaths_pa_colon_cancer_lb",-0.0247,"bogota","Car",NA,NA,"L3: colon_cancer","PA",215491
"male","50-54","sc_car_deaths_pa_colon_cancer_lb",-0.03624,"bogota","Car",NA,NA,"L3: colon_cancer","PA",209137
"male","55-59","sc_car_deaths_pa_colon_cancer_lb",-0.0453,"bogota","Car",NA,NA,"L3: colon_cancer","PA",187551
"male","60-64","sc_car_deaths_pa_colon_cancer_lb",-0.07,"bogota","Car",NA,NA,"L3: colon_cancer","PA",146500
"male","65-69","sc_car_deaths_pa_colon_cancer_lb",-0.09603,"bogota","Car",NA,NA,"L3: colon_cancer","PA",105412
"female","15-19","sc_car_deaths_pa_colon_cancer_lb",-0.00036,"bogota","Car",NA,NA,"L3: colon_cancer","PA",279280
"female","20-24","sc_car_deaths_pa_colon_cancer_lb",-0.00216,"bogota","Car",NA,NA,"L3: colon_cancer","PA",360197
"female","25-29","sc_car_deaths_pa_colon_cancer_lb",-0.00417,"bogota","Car",NA,NA,"L3: colon_cancer","PA",364423
"female","30-34","sc_car_deaths_pa_colon_cancer_lb",-0.00687,"bogota","Car",NA,NA,"L3: colon_cancer","PA",330341
"female","35-39","sc_car_deaths_pa_colon_cancer_lb",-0.01005,"bogota","Car",NA,NA,"L3: colon_cancer","PA",309304
"female","40-44","sc_car_deaths_pa_colon_cancer_lb",-0.01669,"bogota","Car",NA,NA,"L3: colon_cancer","PA",275440
"female","45-49","sc_car_deaths_pa_colon_cancer_lb",-0.01995,"bogota","Car",NA,NA,"L3: colon_cancer","PA",254843
"female","50-54","sc_car_deaths_pa_colon_cancer_lb",-0.01836,"bogota","Car",NA,NA,"L3: colon_cancer","PA",256059
"female","55-59","sc_car_deaths_pa_colon_cancer_lb",-0.03175,"bogota","Car",NA,NA,"L3: colon_cancer","PA",235548
"female","60-64","sc_car_deaths_pa_colon_cancer_lb",-0.05297,"bogota","Car",NA,NA,"L3: colon_cancer","PA",189600
"female","65-69","sc_car_deaths_pa_colon_cancer_lb",-0.05555,"bogota","Car",NA,NA,"L3: colon_cancer","PA",141409
"male","15-19","sc_bus_deaths_pa_colon_cancer_lb",-0.00057,"bogota","Bus",NA,NA,"L3: colon_cancer","PA",282736
"male","20-24","sc_bus_deaths_pa_colon_cancer_lb",-0.00136,"bogota","Bus",NA,NA,"L3: colon_cancer","PA",357934
"male","25-29","sc_bus_deaths_pa_colon_cancer_lb",-0.00204,"bogota","Bus",NA,NA,"L3: colon_cancer","PA",360031
"male","30-34","sc_bus_deaths_pa_colon_cancer_lb",-0.00338,"bogota","Bus",NA,NA,"L3: colon_cancer","PA",321492
"male","35-39","sc_bus_deaths_pa_colon_cancer_lb",-0.00401,"bogota","Bus",NA,NA,"L3: colon_cancer","PA",289808
"male","40-44","sc_bus_deaths_pa_colon_cancer_lb",-0.00156,"bogota","Bus",NA,NA,"L3: colon_cancer","PA",244543
"male","45-49","sc_bus_deaths_pa_colon_cancer_lb",-0.01146,"bogota","Bus",NA,NA,"L3: colon_cancer","PA",215491
"male","50-54","sc_bus_deaths_pa_colon_cancer_lb",-0.01437,"bogota","Bus",NA,NA,"L3: colon_cancer","PA",209137
"male","55-59","sc_bus_deaths_pa_colon_cancer_lb",-0.00677,"bogota","Bus",NA,NA,"L3: colon_cancer","PA",187551
"male","60-64","sc_bus_deaths_pa_colon_cancer_lb",-0.03101,"bogota","Bus",NA,NA,"L3: colon_cancer","PA",146500
"male","65-69","sc_bus_deaths_pa_colon_cancer_lb",-0.02978,"bogota","Bus",NA,NA,"L3: colon_cancer","PA",105412
"female","15-19","sc_bus_deaths_pa_colon_cancer_lb",-0.00005,"bogota","Bus",NA,NA,"L3: colon_cancer","PA",279280
"female","20-24","sc_bus_deaths_pa_colon_cancer_lb",-0.0003,"bogota","Bus",NA,NA,"L3: colon_cancer","PA",360197
"female","25-29","sc_bus_deaths_pa_colon_cancer_lb",-0.00034,"bogota","Bus",NA,NA,"L3: colon_cancer","PA",364423
"female","30-34","sc_bus_deaths_pa_colon_cancer_lb",-0.00056,"bogota","Bus",NA,NA,"L3: colon_cancer","PA",330341
"female","35-39","sc_bus_deaths_pa_colon_cancer_lb",-0.0015,"bogota","Bus",NA,NA,"L3: colon_cancer","PA",309304
"female","40-44","sc_bus_deaths_pa_colon_cancer_lb",-0.00061,"bogota","Bus",NA,NA,"L3: colon_cancer","PA",275440
"female","45-49","sc_bus_deaths_pa_colon_cancer_lb",-0.00336,"bogota","Bus",NA,NA,"L3: colon_cancer","PA",254843
"female","50-54","sc_bus_deaths_pa_colon_cancer_lb",0.00525,"bogota","Bus",NA,NA,"L3: colon_cancer","PA",256059
"female","55-59","sc_bus_deaths_pa_colon_cancer_lb",0.01177,"bogota","Bus",NA,NA,"L3: colon_cancer","PA",235548
"female","60-64","sc_bus_deaths_pa_colon_cancer_lb",0.01389,"bogota","Bus",NA,NA,"L3: colon_cancer","PA",189600
"female","65-69","sc_bus_deaths_pa_colon_cancer_lb",0.01073,"bogota","Bus",NA,NA,"L3: colon_cancer","PA",141409
"male","15-19","sc_cycle_deaths_pa_colon_cancer_ub",0.00019,"bogota","Cycling",NA,NA,"L3: colon_cancer","PA",282736
"male","20-24","sc_cycle_deaths_pa_colon_cancer_ub",0.00084,"bogota","Cycling",NA,NA,"L3: colon_cancer","PA",357934
"male","25-29","sc_cycle_deaths_pa_colon_cancer_ub",0.00175,"bogota","Cycling",NA,NA,"L3: colon_cancer","PA",360031
"male","30-34","sc_cycle_deaths_pa_colon_cancer_ub",0.00276,"bogota","Cycling",NA,NA,"L3: colon_cancer","PA",321492
"male","35-39","sc_cycle_deaths_pa_colon_cancer_ub",0.00367,"bogota","Cycling",NA,NA,"L3: colon_cancer","PA",289808
"male","40-44","sc_cycle_deaths_pa_colon_cancer_ub",0.00478,"bogota","Cycling",NA,NA,"L3: colon_cancer","PA",244543
"male","45-49","sc_cycle_deaths_pa_colon_cancer_ub",0.00682,"bogota","Cycling",NA,NA,"L3: colon_cancer","PA",215491
"male","50-54","sc_cycle_deaths_pa_colon_cancer_ub",0.01021,"bogota","Cycling",NA,NA,"L3: colon_cancer","PA",209137
"male","55-59","sc_cycle_deaths_pa_colon_cancer_ub",0.01132,"bogota","Cycling",NA,NA,"L3: colon_cancer","PA",187551
"male","60-64","sc_cycle_deaths_pa_colon_cancer_ub",0.02295,"bogota","Cycling",NA,NA,"L3: colon_cancer","PA",146500
"male","65-69","sc_cycle_deaths_pa_colon_cancer_ub",0.02057,"bogota","Cycling",NA,NA,"L3: colon_cancer","PA",105412
"female","15-19","sc_cycle_deaths_pa_colon_cancer_ub",0.00013,"bogota","Cycling",NA,NA,"L3: colon_cancer","PA",279280
"female","20-24","sc_cycle_deaths_pa_colon_cancer_ub",0.0007,"bogota","Cycling",NA,NA,"L3: colon_cancer","PA",360197
"female","25-29","sc_cycle_deaths_pa_colon_cancer_ub",0.00148,"bogota","Cycling",NA,NA,"L3: colon_cancer","PA",364423
"female","30-34","sc_cycle_deaths_pa_colon_cancer_ub",0.00271,"bogota","Cycling",NA,NA,"L3: colon_cancer","PA",330341
"female","35-39","sc_cycle_deaths_pa_colon_cancer_ub",0.00459,"bogota","Cycling",NA,NA,"L3: colon_cancer","PA",309304
"female","40-44","sc_cycle_deaths_pa_colon_cancer_ub",0.00592,"bogota","Cycling",NA,NA,"L3: colon_cancer","PA",275440
"female","45-49","sc_cycle_deaths_pa_colon_cancer_ub",0.00875,"bogota","Cycling",NA,NA,"L3: colon_cancer","PA",254843
"female","50-54","sc_cycle_deaths_pa_colon_cancer_ub",0.01315,"bogota","Cycling",NA,NA,"L3: colon_cancer","PA",256059
"female","55-59","sc_cycle_deaths_pa_colon_cancer_ub",0.01922,"bogota","Cycling",NA,NA,"L3: colon_cancer","PA",235548
"female","60-64","sc_cycle_deaths_pa_colon_cancer_ub",0.02267,"bogota","Cycling",NA,NA,"L3: colon_cancer","PA",189600
"female","65-69","sc_cycle_deaths_pa_colon_cancer_ub",0.02237,"bogota","Cycling",NA,NA,"L3: colon_cancer","PA",141409
"male","15-19","sc_car_deaths_pa_colon_cancer_ub",-0.00013,"bogota","Car",NA,NA,"L3: colon_cancer","PA",282736
"male","20-24","sc_car_deaths_pa_colon_cancer_ub",-0.0004,"bogota","Car",NA,NA,"L3: colon_cancer","PA",357934
"male","25-29","sc_car_deaths_pa_colon_cancer_ub",-0.00055,"bogota","Car",NA,NA,"L3: colon_cancer","PA",360031
"male","30-34","sc_car_deaths_pa_colon_cancer_ub",-0.00112,"bogota","Car",NA,NA,"L3: colon_cancer","PA",321492
"male","35-39","sc_car_deaths_pa_colon_cancer_ub",-0.00123,"bogota","Car",NA,NA,"L3: colon_cancer","PA",289808
"male","40-44","sc_car_deaths_pa_colon_cancer_ub",-0.00184,"bogota","Car",NA,NA,"L3: colon_cancer","PA",244543
"male","45-49","sc_car_deaths_pa_colon_cancer_ub",-0.00325,"bogota","Car",NA,NA,"L3: colon_cancer","PA",215491
"male","50-54","sc_car_deaths_pa_colon_cancer_ub",-0.00479,"bogota","Car",NA,NA,"L3: colon_cancer","PA",209137
"male","55-59","sc_car_deaths_pa_colon_cancer_ub",-0.00603,"bogota","Car",NA,NA,"L3: colon_cancer","PA",187551
"male","60-64","sc_car_deaths_pa_colon_cancer_ub",-0.00867,"bogota","Car",NA,NA,"L3: colon_cancer","PA",146500
"male","65-69","sc_car_deaths_pa_colon_cancer_ub",-0.01132,"bogota","Car",NA,NA,"L3: colon_cancer","PA",105412
"female","15-19","sc_car_deaths_pa_colon_cancer_ub",-0.00004,"bogota","Car",NA,NA,"L3: colon_cancer","PA",279280
"female","20-24","sc_car_deaths_pa_colon_cancer_ub",-0.00024,"bogota","Car",NA,NA,"L3: colon_cancer","PA",360197
"female","25-29","sc_car_deaths_pa_colon_cancer_ub",-0.00045,"bogota","Car",NA,NA,"L3: colon_cancer","PA",364423
"female","30-34","sc_car_deaths_pa_colon_cancer_ub",-0.00083,"bogota","Car",NA,NA,"L3: colon_cancer","PA",330341
"female","35-39","sc_car_deaths_pa_colon_cancer_ub",-0.00121,"bogota","Car",NA,NA,"L3: colon_cancer","PA",309304
"female","40-44","sc_car_deaths_pa_colon_cancer_ub",-0.00208,"bogota","Car",NA,NA,"L3: colon_cancer","PA",275440
"female","45-49","sc_car_deaths_pa_colon_cancer_ub",-0.00232,"bogota","Car",NA,NA,"L3: colon_cancer","PA",254843
"female","50-54","sc_car_deaths_pa_colon_cancer_ub",-0.002,"bogota","Car",NA,NA,"L3: colon_cancer","PA",256059
"female","55-59","sc_car_deaths_pa_colon_cancer_ub",-0.00344,"bogota","Car",NA,NA,"L3: colon_cancer","PA",235548
"female","60-64","sc_car_deaths_pa_colon_cancer_ub",-0.00565,"bogota","Car",NA,NA,"L3: colon_cancer","PA",189600
"female","65-69","sc_car_deaths_pa_colon_cancer_ub",-0.00566,"bogota","Car",NA,NA,"L3: colon_cancer","PA",141409
"male","15-19","sc_bus_deaths_pa_colon_cancer_ub",-0.0001,"bogota","Bus",NA,NA,"L3: colon_cancer","PA",282736
"male","20-24","sc_bus_deaths_pa_colon_cancer_ub",-0.00029,"bogota","Bus",NA,NA,"L3: colon_cancer","PA",357934
"male","25-29","sc_bus_deaths_pa_colon_cancer_ub",-0.00043,"bogota","Bus",NA,NA,"L3: colon_cancer","PA",360031
"male","30-34","sc_bus_deaths_pa_colon_cancer_ub",-0.00076,"bogota","Bus",NA,NA,"L3: colon_cancer","PA",321492
"male","35-39","sc_bus_deaths_pa_colon_cancer_ub",-0.00097,"bogota","Bus",NA,NA,"L3: colon_cancer","PA",289808
"male","40-44","sc_bus_deaths_pa_colon_cancer_ub",-0.0008,"bogota","Bus",NA,NA,"L3: colon_cancer","PA",244543
"male","45-49","sc_bus_deaths_pa_colon_cancer_ub",-0.00225,"bogota","Bus",NA,NA,"L3: colon_cancer","PA",215491
"male","50-54","sc_bus_deaths_pa_colon_cancer_ub",-0.00273,"bogota","Bus",NA,NA,"L3: colon_cancer","PA",209137
"male","55-59","sc_bus_deaths_pa_colon_cancer_ub",-0.00213,"bogota","Bus",NA,NA,"L3: colon_cancer","PA",187551
"male","60-64","sc_bus_deaths_pa_colon_cancer_ub",-0.00521,"bogota","Bus",NA,NA,"L3: colon_cancer","PA",146500
"male","65-69","sc_bus_deaths_pa_colon_cancer_ub",-0.00516,"bogota","Bus",NA,NA,"L3: colon_cancer","PA",105412
"female","15-19","sc_bus_deaths_pa_colon_cancer_ub",-0.00001,"bogota","Bus",NA,NA,"L3: colon_cancer","PA",279280
"female","20-24","sc_bus_deaths_pa_colon_cancer_ub",-0.00006,"bogota","Bus",NA,NA,"L3: colon_cancer","PA",360197
"female","25-29","sc_bus_deaths_pa_colon_cancer_ub",-0.00014,"bogota","Bus",NA,NA,"L3: colon_cancer","PA",364423
"female","30-34","sc_bus_deaths_pa_colon_cancer_ub",-0.00026,"bogota","Bus",NA,NA,"L3: colon_cancer","PA",330341
"female","35-39","sc_bus_deaths_pa_colon_cancer_ub",-0.00034,"bogota","Bus",NA,NA,"L3: colon_cancer","PA",309304
"female","40-44","sc_bus_deaths_pa_colon_cancer_ub",-0.00044,"bogota","Bus",NA,NA,"L3: colon_cancer","PA",275440
"female","45-49","sc_bus_deaths_pa_colon_cancer_ub",-0.00081,"bogota","Bus",NA,NA,"L3: colon_cancer","PA",254843
"female","50-54","sc_bus_deaths_pa_colon_cancer_ub",0.00038,"bogota","Bus",NA,NA,"L3: colon_cancer","PA",256059
"female","55-59","sc_bus_deaths_pa_colon_cancer_ub",0.00089,"bogota","Bus",NA,NA,"L3: colon_cancer","PA",235548
"female","60-64","sc_bus_deaths_pa_colon_cancer_ub",0.0009,"bogota","Bus",NA,NA,"L3: colon_cancer","PA",189600
"female","65-69","sc_bus_deaths_pa_colon_cancer_ub",0.00071,"bogota","Bus",NA,NA,"L3: colon_cancer","PA",141409
"male","15-19","sc_cycle_deaths_pa_endo_cancer",0,"bogota","Cycling",NA,NA,"L3: endo_cancer","PA",282736
"male","20-24","sc_cycle_deaths_pa_endo_cancer",0,"bogota","Cycling",NA,NA,"L3: endo_cancer","PA",357934
"male","25-29","sc_cycle_deaths_pa_endo_cancer",0,"bogota","Cycling",NA,NA,"L3: endo_cancer","PA",360031
"male","30-34","sc_cycle_deaths_pa_endo_cancer",0,"bogota","Cycling",NA,NA,"L3: endo_cancer","PA",321492
"male","35-39","sc_cycle_deaths_pa_endo_cancer",0,"bogota","Cycling",NA,NA,"L3: endo_cancer","PA",289808
"male","40-44","sc_cycle_deaths_pa_endo_cancer",0,"bogota","Cycling",NA,NA,"L3: endo_cancer","PA",244543
"male","45-49","sc_cycle_deaths_pa_endo_cancer",0,"bogota","Cycling",NA,NA,"L3: endo_cancer","PA",215491
"male","50-54","sc_cycle_deaths_pa_endo_cancer",0,"bogota","Cycling",NA,NA,"L3: endo_cancer","PA",209137
"male","55-59","sc_cycle_deaths_pa_endo_cancer",0,"bogota","Cycling",NA,NA,"L3: endo_cancer","PA",187551
"male","60-64","sc_cycle_deaths_pa_endo_cancer",0,"bogota","Cycling",NA,NA,"L3: endo_cancer","PA",146500
"male","65-69","sc_cycle_deaths_pa_endo_cancer",0,"bogota","Cycling",NA,NA,"L3: endo_cancer","PA",105412
"female","15-19","sc_cycle_deaths_pa_endo_cancer",0,"bogota","Cycling",NA,NA,"L3: endo_cancer","PA",279280
"female","20-24","sc_cycle_deaths_pa_endo_cancer",0.00031,"bogota","Cycling",NA,NA,"L3: endo_cancer","PA",360197
"female","25-29","sc_cycle_deaths_pa_endo_cancer",0.00106,"bogota","Cycling",NA,NA,"L3: endo_cancer","PA",364423
"female","30-34","sc_cycle_deaths_pa_endo_cancer",0.00166,"bogota","Cycling",NA,NA,"L3: endo_cancer","PA",330341
"female","35-39","sc_cycle_deaths_pa_endo_cancer",0.00334,"bogota","Cycling",NA,NA,"L3: endo_cancer","PA",309304
"female","40-44","sc_cycle_deaths_pa_endo_cancer",0.00529,"bogota","Cycling",NA,NA,"L3: endo_cancer","PA",275440
"female","45-49","sc_cycle_deaths_pa_endo_cancer",0.01142,"bogota","Cycling",NA,NA,"L3: endo_cancer","PA",254843
"female","50-54","sc_cycle_deaths_pa_endo_cancer",0.02073,"bogota","Cycling",NA,NA,"L3: endo_cancer","PA",256059
"female","55-59","sc_cycle_deaths_pa_endo_cancer",0.03455,"bogota","Cycling",NA,NA,"L3: endo_cancer","PA",235548
"female","60-64","sc_cycle_deaths_pa_endo_cancer",0.04959,"bogota","Cycling",NA,NA,"L3: endo_cancer","PA",189600
"female","65-69","sc_cycle_deaths_pa_endo_cancer",0.04558,"bogota","Cycling",NA,NA,"L3: endo_cancer","PA",141409
"male","15-19","sc_car_deaths_pa_endo_cancer",0,"bogota","Car",NA,NA,"L3: endo_cancer","PA",282736
"male","20-24","sc_car_deaths_pa_endo_cancer",0,"bogota","Car",NA,NA,"L3: endo_cancer","PA",357934
"male","25-29","sc_car_deaths_pa_endo_cancer",0,"bogota","Car",NA,NA,"L3: endo_cancer","PA",360031
"male","30-34","sc_car_deaths_pa_endo_cancer",0,"bogota","Car",NA,NA,"L3: endo_cancer","PA",321492
"male","35-39","sc_car_deaths_pa_endo_cancer",0,"bogota","Car",NA,NA,"L3: endo_cancer","PA",289808
"male","40-44","sc_car_deaths_pa_endo_cancer",0,"bogota","Car",NA,NA,"L3: endo_cancer","PA",244543
"male","45-49","sc_car_deaths_pa_endo_cancer",0,"bogota","Car",NA,NA,"L3: endo_cancer","PA",215491
"male","50-54","sc_car_deaths_pa_endo_cancer",0,"bogota","Car",NA,NA,"L3: endo_cancer","PA",209137
"male","55-59","sc_car_deaths_pa_endo_cancer",0,"bogota","Car",NA,NA,"L3: endo_cancer","PA",187551
"male","60-64","sc_car_deaths_pa_endo_cancer",0,"bogota","Car",NA,NA,"L3: endo_cancer","PA",146500
"male","65-69","sc_car_deaths_pa_endo_cancer",0,"bogota","Car",NA,NA,"L3: endo_cancer","PA",105412
"female","15-19","sc_car_deaths_pa_endo_cancer",0,"bogota","Car",NA,NA,"L3: endo_cancer","PA",279280
"female","20-24","sc_car_deaths_pa_endo_cancer",-0.00013,"bogota","Car",NA,NA,"L3: endo_cancer","PA",360197
"female","25-29","sc_car_deaths_pa_endo_cancer",-0.00039,"bogota","Car",NA,NA,"L3: endo_cancer","PA",364423
"female","30-34","sc_car_deaths_pa_endo_cancer",-0.00058,"bogota","Car",NA,NA,"L3: endo_cancer","PA",330341
"female","35-39","sc_car_deaths_pa_endo_cancer",-0.00104,"bogota","Car",NA,NA,"L3: endo_cancer","PA",309304
"female","40-44","sc_car_deaths_pa_endo_cancer",-0.00204,"bogota","Car",NA,NA,"L3: endo_cancer","PA",275440
"female","45-49","sc_car_deaths_pa_endo_cancer",-0.0037,"bogota","Car",NA,NA,"L3: endo_cancer","PA",254843
"female","50-54","sc_car_deaths_pa_endo_cancer",-0.00359,"bogota","Car",NA,NA,"L3: endo_cancer","PA",256059
"female","55-59","sc_car_deaths_pa_endo_cancer",-0.00712,"bogota","Car",NA,NA,"L3: endo_cancer","PA",235548
"female","60-64","sc_car_deaths_pa_endo_cancer",-0.01462,"bogota","Car",NA,NA,"L3: endo_cancer","PA",189600
"female","65-69","sc_car_deaths_pa_endo_cancer",-0.01486,"bogota","Car",NA,NA,"L3: endo_cancer","PA",141409
"male","15-19","sc_bus_deaths_pa_endo_cancer",0,"bogota","Bus",NA,NA,"L3: endo_cancer","PA",282736
"male","20-24","sc_bus_deaths_pa_endo_cancer",0,"bogota","Bus",NA,NA,"L3: endo_cancer","PA",357934
"male","25-29","sc_bus_deaths_pa_endo_cancer",0,"bogota","Bus",NA,NA,"L3: endo_cancer","PA",360031
"male","30-34","sc_bus_deaths_pa_endo_cancer",0,"bogota","Bus",NA,NA,"L3: endo_cancer","PA",321492
"male","35-39","sc_bus_deaths_pa_endo_cancer",0,"bogota","Bus",NA,NA,"L3: endo_cancer","PA",289808
"male","40-44","sc_bus_deaths_pa_endo_cancer",0,"bogota","Bus",NA,NA,"L3: endo_cancer","PA",244543
"male","45-49","sc_bus_deaths_pa_endo_cancer",0,"bogota","Bus",NA,NA,"L3: endo_cancer","PA",215491
"male","50-54","sc_bus_deaths_pa_endo_cancer",0,"bogota","Bus",NA,NA,"L3: endo_cancer","PA",209137
"male","55-59","sc_bus_deaths_pa_endo_cancer",0,"bogota","Bus",NA,NA,"L3: endo_cancer","PA",187551
"male","60-64","sc_bus_deaths_pa_endo_cancer",0,"bogota","Bus",NA,NA,"L3: endo_cancer","PA",146500
"male","65-69","sc_bus_deaths_pa_endo_cancer",0,"bogota","Bus",NA,NA,"L3: endo_cancer","PA",105412
"female","15-19","sc_bus_deaths_pa_endo_cancer",0,"bogota","Bus",NA,NA,"L3: endo_cancer","PA",279280
"female","20-24","sc_bus_deaths_pa_endo_cancer",-0.00002,"bogota","Bus",NA,NA,"L3: endo_cancer","PA",360197
"female","25-29","sc_bus_deaths_pa_endo_cancer",-0.00005,"bogota","Bus",NA,NA,"L3: endo_cancer","PA",364423
"female","30-34","sc_bus_deaths_pa_endo_cancer",-0.00007,"bogota","Bus",NA,NA,"L3: endo_cancer","PA",330341
"female","35-39","sc_bus_deaths_pa_endo_cancer",-0.00018,"bogota","Bus",NA,NA,"L3: endo_cancer","PA",309304
"female","40-44","sc_bus_deaths_pa_endo_cancer",-0.00015,"bogota","Bus",NA,NA,"L3: endo_cancer","PA",275440
"female","45-49","sc_bus_deaths_pa_endo_cancer",-0.00076,"bogota","Bus",NA,NA,"L3: endo_cancer","PA",254843
"female","50-54","sc_bus_deaths_pa_endo_cancer",0.00096,"bogota","Bus",NA,NA,"L3: endo_cancer","PA",256059
"female","55-59","sc_bus_deaths_pa_endo_cancer",0.00249,"bogota","Bus",NA,NA,"L3: endo_cancer","PA",235548
"female","60-64","sc_bus_deaths_pa_endo_cancer",0.00355,"bogota","Bus",NA,NA,"L3: endo_cancer","PA",189600
"female","65-69","sc_bus_deaths_pa_endo_cancer",0.00269,"bogota","Bus",NA,NA,"L3: endo_cancer","PA",141409
"male","15-19","sc_cycle_deaths_pa_endo_cancer_lb",0,"bogota","Cycling",NA,NA,"L3: endo_cancer","PA",282736
"male","20-24","sc_cycle_deaths_pa_endo_cancer_lb",0,"bogota","Cycling",NA,NA,"L3: endo_cancer","PA",357934
"male","25-29","sc_cycle_deaths_pa_endo_cancer_lb",0,"bogota","Cycling",NA,NA,"L3: endo_cancer","PA",360031
"male","30-34","sc_cycle_deaths_pa_endo_cancer_lb",0,"bogota","Cycling",NA,NA,"L3: endo_cancer","PA",321492
"male","35-39","sc_cycle_deaths_pa_endo_cancer_lb",0,"bogota","Cycling",NA,NA,"L3: endo_cancer","PA",289808
"male","40-44","sc_cycle_deaths_pa_endo_cancer_lb",0,"bogota","Cycling",NA,NA,"L3: endo_cancer","PA",244543
"male","45-49","sc_cycle_deaths_pa_endo_cancer_lb",0,"bogota","Cycling",NA,NA,"L3: endo_cancer","PA",215491
"male","50-54","sc_cycle_deaths_pa_endo_cancer_lb",0,"bogota","Cycling",NA,NA,"L3: endo_cancer","PA",209137
"male","55-59","sc_cycle_deaths_pa_endo_cancer_lb",0,"bogota","Cycling",NA,NA,"L3: endo_cancer","PA",187551
"male","60-64","sc_cycle_deaths_pa_endo_cancer_lb",0,"bogota","Cycling",NA,NA,"L3: endo_cancer","PA",146500
"male","65-69","sc_cycle_deaths_pa_endo_cancer_lb",0,"bogota","Cycling",NA,NA,"L3: endo_cancer","PA",105412
"female","15-19","sc_cycle_deaths_pa_endo_cancer_lb",0,"bogota","Cycling",NA,NA,"L3: endo_cancer","PA",279280
"female","20-24","sc_cycle_deaths_pa_endo_cancer_lb",0.0005,"bogota","Cycling",NA,NA,"L3: endo_cancer","PA",360197
"female","25-29","sc_cycle_deaths_pa_endo_cancer_lb",0.00171,"bogota","Cycling",NA,NA,"L3: endo_cancer","PA",364423
"female","30-34","sc_cycle_deaths_pa_endo_cancer_lb",0.00267,"bogota","Cycling",NA,NA,"L3: endo_cancer","PA",330341
"female","35-39","sc_cycle_deaths_pa_endo_cancer_lb",0.00531,"bogota","Cycling",NA,NA,"L3: endo_cancer","PA",309304
"female","40-44","sc_cycle_deaths_pa_endo_cancer_lb",0.00851,"bogota","Cycling",NA,NA,"L3: endo_cancer","PA",275440
"female","45-49","sc_cycle_deaths_pa_endo_cancer_lb",0.01813,"bogota","Cycling",NA,NA,"L3: endo_cancer","PA",254843
"female","50-54","sc_cycle_deaths_pa_endo_cancer_lb",0.03386,"bogota","Cycling",NA,NA,"L3: endo_cancer","PA",256059
"female","55-59","sc_cycle_deaths_pa_endo_cancer_lb",0.05624,"bogota","Cycling",NA,NA,"L3: endo_cancer","PA",235548
"female","60-64","sc_cycle_deaths_pa_endo_cancer_lb",0.08043,"bogota","Cycling",NA,NA,"L3: endo_cancer","PA",189600
"female","65-69","sc_cycle_deaths_pa_endo_cancer_lb",0.07311,"bogota","Cycling",NA,NA,"L3: endo_cancer","PA",141409
"male","15-19","sc_car_deaths_pa_endo_cancer_lb",0,"bogota","Car",NA,NA,"L3: endo_cancer","PA",282736
"male","20-24","sc_car_deaths_pa_endo_cancer_lb",0,"bogota","Car",NA,NA,"L3: endo_cancer","PA",357934
"male","25-29","sc_car_deaths_pa_endo_cancer_lb",0,"bogota","Car",NA,NA,"L3: endo_cancer","PA",360031
"male","30-34","sc_car_deaths_pa_endo_cancer_lb",0,"bogota","Car",NA,NA,"L3: endo_cancer","PA",321492
"male","35-39","sc_car_deaths_pa_endo_cancer_lb",0,"bogota","Car",NA,NA,"L3: endo_cancer","PA",289808
"male","40-44","sc_car_deaths_pa_endo_cancer_lb",0,"bogota","Car",NA,NA,"L3: endo_cancer","PA",244543
"male","45-49","sc_car_deaths_pa_endo_cancer_lb",0,"bogota","Car",NA,NA,"L3: endo_cancer","PA",215491
"male","50-54","sc_car_deaths_pa_endo_cancer_lb",0,"bogota","Car",NA,NA,"L3: endo_cancer","PA",209137
"male","55-59","sc_car_deaths_pa_endo_cancer_lb",0,"bogota","Car",NA,NA,"L3: endo_cancer","PA",187551
"male","60-64","sc_car_deaths_pa_endo_cancer_lb",0,"bogota","Car",NA,NA,"L3: endo_cancer","PA",146500
"male","65-69","sc_car_deaths_pa_endo_cancer_lb",0,"bogota","Car",NA,NA,"L3: endo_cancer","PA",105412
"female","15-19","sc_car_deaths_pa_endo_cancer_lb",0,"bogota","Car",NA,NA,"L3: endo_cancer","PA",279280
"female","20-24","sc_car_deaths_pa_endo_cancer_lb",-0.00021,"bogota","Car",NA,NA,"L3: endo_cancer","PA",360197
"female","25-29","sc_car_deaths_pa_endo_cancer_lb",-0.00066,"bogota","Car",NA,NA,"L3: endo_cancer","PA",364423
"female","30-34","sc_car_deaths_pa_endo_cancer_lb",-0.00097,"bogota","Car",NA,NA,"L3: endo_cancer","PA",330341
"female","35-39","sc_car_deaths_pa_endo_cancer_lb",-0.00173,"bogota","Car",NA,NA,"L3: endo_cancer","PA",309304
"female","40-44","sc_car_deaths_pa_endo_cancer_lb",-0.00337,"bogota","Car",NA,NA,"L3: endo_cancer","PA",275440
"female","45-49","sc_car_deaths_pa_endo_cancer_lb",-0.00618,"bogota","Car",NA,NA,"L3: endo_cancer","PA",254843
"female","50-54","sc_car_deaths_pa_endo_cancer_lb",-0.00605,"bogota","Car",NA,NA,"L3: endo_cancer","PA",256059
"female","55-59","sc_car_deaths_pa_endo_cancer_lb",-0.01205,"bogota","Car",NA,NA,"L3: endo_cancer","PA",235548
"female","60-64","sc_car_deaths_pa_endo_cancer_lb",-0.02485,"bogota","Car",NA,NA,"L3: endo_cancer","PA",189600
"female","65-69","sc_car_deaths_pa_endo_cancer_lb",-0.02549,"bogota","Car",NA,NA,"L3: endo_cancer","PA",141409
"male","15-19","sc_bus_deaths_pa_endo_cancer_lb",0,"bogota","Bus",NA,NA,"L3: endo_cancer","PA",282736
"male","20-24","sc_bus_deaths_pa_endo_cancer_lb",0,"bogota","Bus",NA,NA,"L3: endo_cancer","PA",357934
"male","25-29","sc_bus_deaths_pa_endo_cancer_lb",0,"bogota","Bus",NA,NA,"L3: endo_cancer","PA",360031
"male","30-34","sc_bus_deaths_pa_endo_cancer_lb",0,"bogota","Bus",NA,NA,"L3: endo_cancer","PA",321492
"male","35-39","sc_bus_deaths_pa_endo_cancer_lb",0,"bogota","Bus",NA,NA,"L3: endo_cancer","PA",289808
"male","40-44","sc_bus_deaths_pa_endo_cancer_lb",0,"bogota","Bus",NA,NA,"L3: endo_cancer","PA",244543
"male","45-49","sc_bus_deaths_pa_endo_cancer_lb",0,"bogota","Bus",NA,NA,"L3: endo_cancer","PA",215491
"male","50-54","sc_bus_deaths_pa_endo_cancer_lb",0,"bogota","Bus",NA,NA,"L3: endo_cancer","PA",209137
"male","55-59","sc_bus_deaths_pa_endo_cancer_lb",0,"bogota","Bus",NA,NA,"L3: endo_cancer","PA",187551
"male","60-64","sc_bus_deaths_pa_endo_cancer_lb",0,"bogota","Bus",NA,NA,"L3: endo_cancer","PA",146500
"male","65-69","sc_bus_deaths_pa_endo_cancer_lb",0,"bogota","Bus",NA,NA,"L3: endo_cancer","PA",105412
"female","15-19","sc_bus_deaths_pa_endo_cancer_lb",0,"bogota","Bus",NA,NA,"L3: endo_cancer","PA",279280
"female","20-24","sc_bus_deaths_pa_endo_cancer_lb",-0.00003,"bogota","Bus",NA,NA,"L3: endo_cancer","PA",360197
"female","25-29","sc_bus_deaths_pa_endo_cancer_lb",-0.00005,"bogota","Bus",NA,NA,"L3: endo_cancer","PA",364423
"female","30-34","sc_bus_deaths_pa_endo_cancer_lb",-0.00008,"bogota","Bus",NA,NA,"L3: endo_cancer","PA",330341
"female","35-39","sc_bus_deaths_pa_endo_cancer_lb",-0.00026,"bogota","Bus",NA,NA,"L3: endo_cancer","PA",309304
"female","40-44","sc_bus_deaths_pa_endo_cancer_lb",-0.00013,"bogota","Bus",NA,NA,"L3: endo_cancer","PA",275440
"female","45-49","sc_bus_deaths_pa_endo_cancer_lb",-0.00104,"bogota","Bus",NA,NA,"L3: endo_cancer","PA",254843
"female","50-54","sc_bus_deaths_pa_endo_cancer_lb",0.00174,"bogota","Bus",NA,NA,"L3: endo_cancer","PA",256059
"female","55-59","sc_bus_deaths_pa_endo_cancer_lb",0.00446,"bogota","Bus",NA,NA,"L3: endo_cancer","PA",235548
"female","60-64","sc_bus_deaths_pa_endo_cancer_lb",0.00653,"bogota","Bus",NA,NA,"L3: endo_cancer","PA",189600
"female","65-69","sc_bus_deaths_pa_endo_cancer_lb",0.00494,"bogota","Bus",NA,NA,"L3: endo_cancer","PA",141409
"male","15-19","sc_cycle_deaths_pa_endo_cancer_ub",0,"bogota","Cycling",NA,NA,"L3: endo_cancer","PA",282736
"male","20-24","sc_cycle_deaths_pa_endo_cancer_ub",0,"bogota","Cycling",NA,NA,"L3: endo_cancer","PA",357934
"male","25-29","sc_cycle_deaths_pa_endo_cancer_ub",0,"bogota","Cycling",NA,NA,"L3: endo_cancer","PA",360031
"male","30-34","sc_cycle_deaths_pa_endo_cancer_ub",0,"bogota","Cycling",NA,NA,"L3: endo_cancer","PA",321492
"male","35-39","sc_cycle_deaths_pa_endo_cancer_ub",0,"bogota","Cycling",NA,NA,"L3: endo_cancer","PA",289808
"male","40-44","sc_cycle_deaths_pa_endo_cancer_ub",0,"bogota","Cycling",NA,NA,"L3: endo_cancer","PA",244543
"male","45-49","sc_cycle_deaths_pa_endo_cancer_ub",0,"bogota","Cycling",NA,NA,"L3: endo_cancer","PA",215491
"male","50-54","sc_cycle_deaths_pa_endo_cancer_ub",0,"bogota","Cycling",NA,NA,"L3: endo_cancer","PA",209137
"male","55-59","sc_cycle_deaths_pa_endo_cancer_ub",0,"bogota","Cycling",NA,NA,"L3: endo_cancer","PA",187551
"male","60-64","sc_cycle_deaths_pa_endo_cancer_ub",0,"bogota","Cycling",NA,NA,"L3: endo_cancer","PA",146500
"male","65-69","sc_cycle_deaths_pa_endo_cancer_ub",0,"bogota","Cycling",NA,NA,"L3: endo_cancer","PA",105412
"female","15-19","sc_cycle_deaths_pa_endo_cancer_ub",0,"bogota","Cycling",NA,NA,"L3: endo_cancer","PA",279280
"female","20-24","sc_cycle_deaths_pa_endo_cancer_ub",0.00012,"bogota","Cycling",NA,NA,"L3: endo_cancer","PA",360197
"female","25-29","sc_cycle_deaths_pa_endo_cancer_ub",0.00039,"bogota","Cycling",NA,NA,"L3: endo_cancer","PA",364423
"female","30-34","sc_cycle_deaths_pa_endo_cancer_ub",0.00064,"bogota","Cycling",NA,NA,"L3: endo_cancer","PA",330341
"female","35-39","sc_cycle_deaths_pa_endo_cancer_ub",0.00133,"bogota","Cycling",NA,NA,"L3: endo_cancer","PA",309304
"female","40-44","sc_cycle_deaths_pa_endo_cancer_ub",0.00202,"bogota","Cycling",NA,NA,"L3: endo_cancer","PA",275440
"female","45-49","sc_cycle_deaths_pa_endo_cancer_ub",0.00457,"bogota","Cycling",NA,NA,"L3: endo_cancer","PA",254843
"female","50-54","sc_cycle_deaths_pa_endo_cancer_ub",0.00738,"bogota","Cycling",NA,NA,"L3: endo_cancer","PA",256059
"female","55-59","sc_cycle_deaths_pa_endo_cancer_ub",0.0124,"bogota","Cycling",NA,NA,"L3: endo_cancer","PA",235548
"female","60-64","sc_cycle_deaths_pa_endo_cancer_ub",0.01807,"bogota","Cycling",NA,NA,"L3: endo_cancer","PA",189600
"female","65-69","sc_cycle_deaths_pa_endo_cancer_ub",0.01744,"bogota","Cycling",NA,NA,"L3: endo_cancer","PA",141409
"male","15-19","sc_car_deaths_pa_endo_cancer_ub",0,"bogota","Car",NA,NA,"L3: endo_cancer","PA",282736
"male","20-24","sc_car_deaths_pa_endo_cancer_ub",0,"bogota","Car",NA,NA,"L3: endo_cancer","PA",357934
"male","25-29","sc_car_deaths_pa_endo_cancer_ub",0,"bogota","Car",NA,NA,"L3: endo_cancer","PA",360031
"male","30-34","sc_car_deaths_pa_endo_cancer_ub",0,"bogota","Car",NA,NA,"L3: endo_cancer","PA",321492
"male","35-39","sc_car_deaths_pa_endo_cancer_ub",0,"bogota","Car",NA,NA,"L3: endo_cancer","PA",289808
"male","40-44","sc_car_deaths_pa_endo_cancer_ub",0,"bogota","Car",NA,NA,"L3: endo_cancer","PA",244543
"male","45-49","sc_car_deaths_pa_endo_cancer_ub",0,"bogota","Car",NA,NA,"L3: endo_cancer","PA",215491
"male","50-54","sc_car_deaths_pa_endo_cancer_ub",0,"bogota","Car",NA,NA,"L3: endo_cancer","PA",209137
"male","55-59","sc_car_deaths_pa_endo_cancer_ub",0,"bogota","Car",NA,NA,"L3: endo_cancer","PA",187551
"male","60-64","sc_car_deaths_pa_endo_cancer_ub",0,"bogota","Car",NA,NA,"L3: endo_cancer","PA",146500
"male","65-69","sc_car_deaths_pa_endo_cancer_ub",0,"bogota","Car",NA,NA,"L3: endo_cancer","PA",105412
"female","15-19","sc_car_deaths_pa_endo_cancer_ub",0,"bogota","Car",NA,NA,"L3: endo_cancer","PA",279280
"female","20-24","sc_car_deaths_pa_endo_cancer_ub",-0.00004,"bogota","Car",NA,NA,"L3: endo_cancer","PA",360197
"female","25-29","sc_car_deaths_pa_endo_cancer_ub",-0.00012,"bogota","Car",NA,NA,"L3: endo_cancer","PA",364423
"female","30-34","sc_car_deaths_pa_endo_cancer_ub",-0.0002,"bogota","Car",NA,NA,"L3: endo_cancer","PA",330341
"female","35-39","sc_car_deaths_pa_endo_cancer_ub",-0.00035,"bogota","Car",NA,NA,"L3: endo_cancer","PA",309304
"female","40-44","sc_car_deaths_pa_endo_cancer_ub",-0.00071,"bogota","Car",NA,NA,"L3: endo_cancer","PA",275440
"female","45-49","sc_car_deaths_pa_endo_cancer_ub",-0.00122,"bogota","Car",NA,NA,"L3: endo_cancer","PA",254843
"female","50-54","sc_car_deaths_pa_endo_cancer_ub",-0.00113,"bogota","Car",NA,NA,"L3: endo_cancer","PA",256059
"female","55-59","sc_car_deaths_pa_endo_cancer_ub",-0.00221,"bogota","Car",NA,NA,"L3: endo_cancer","PA",235548
"female","60-64","sc_car_deaths_pa_endo_cancer_ub",-0.00446,"bogota","Car",NA,NA,"L3: endo_cancer","PA",189600
"female","65-69","sc_car_deaths_pa_endo_cancer_ub",-0.00439,"bogota","Car",NA,NA,"L3: endo_cancer","PA",141409
"male","15-19","sc_bus_deaths_pa_endo_cancer_ub",0,"bogota","Bus",NA,NA,"L3: endo_cancer","PA",282736
"male","20-24","sc_bus_deaths_pa_endo_cancer_ub",0,"bogota","Bus",NA,NA,"L3: endo_cancer","PA",357934
"male","25-29","sc_bus_deaths_pa_endo_cancer_ub",0,"bogota","Bus",NA,NA,"L3: endo_cancer","PA",360031
"male","30-34","sc_bus_deaths_pa_endo_cancer_ub",0,"bogota","Bus",NA,NA,"L3: endo_cancer","PA",321492
"male","35-39","sc_bus_deaths_pa_endo_cancer_ub",0,"bogota","Bus",NA,NA,"L3: endo_cancer","PA",289808
"male","40-44","sc_bus_deaths_pa_endo_cancer_ub",0,"bogota","Bus",NA,NA,"L3: endo_cancer","PA",244543
"male","45-49","sc_bus_deaths_pa_endo_cancer_ub",0,"bogota","Bus",NA,NA,"L3: endo_cancer","PA",215491
"male","50-54","sc_bus_deaths_pa_endo_cancer_ub",0,"bogota","Bus",NA,NA,"L3: endo_cancer","PA",209137
"male","55-59","sc_bus_deaths_pa_endo_cancer_ub",0,"bogota","Bus",NA,NA,"L3: endo_cancer","PA",187551
"male","60-64","sc_bus_deaths_pa_endo_cancer_ub",0,"bogota","Bus",NA,NA,"L3: endo_cancer","PA",146500
"male","65-69","sc_bus_deaths_pa_endo_cancer_ub",0,"bogota","Bus",NA,NA,"L3: endo_cancer","PA",105412
"female","15-19","sc_bus_deaths_pa_endo_cancer_ub",0,"bogota","Bus",NA,NA,"L3: endo_cancer","PA",279280
"female","20-24","sc_bus_deaths_pa_endo_cancer_ub",-0.00001,"bogota","Bus",NA,NA,"L3: endo_cancer","PA",360197
"female","25-29","sc_bus_deaths_pa_endo_cancer_ub",-0.00004,"bogota","Bus",NA,NA,"L3: endo_cancer","PA",364423
"female","30-34","sc_bus_deaths_pa_endo_cancer_ub",-0.00006,"bogota","Bus",NA,NA,"L3: endo_cancer","PA",330341
"female","35-39","sc_bus_deaths_pa_endo_cancer_ub",-0.0001,"bogota","Bus",NA,NA,"L3: endo_cancer","PA",309304
"female","40-44","sc_bus_deaths_pa_endo_cancer_ub",-0.00015,"bogota","Bus",NA,NA,"L3: endo_cancer","PA",275440
"female","45-49","sc_bus_deaths_pa_endo_cancer_ub",-0.00043,"bogota","Bus",NA,NA,"L3: endo_cancer","PA",254843
"female","50-54","sc_bus_deaths_pa_endo_cancer_ub",0.00021,"bogota","Bus",NA,NA,"L3: endo_cancer","PA",256059
"female","55-59","sc_bus_deaths_pa_endo_cancer_ub",0.00057,"bogota","Bus",NA,NA,"L3: endo_cancer","PA",235548
"female","60-64","sc_bus_deaths_pa_endo_cancer_ub",0.00069,"bogota","Bus",NA,NA,"L3: endo_cancer","PA",189600
"female","65-69","sc_bus_deaths_pa_endo_cancer_ub",0.00055,"bogota","Bus",NA,NA,"L3: endo_cancer","PA",141409
"male","15-19","sc_cycle_deaths_pa_liver_cancer",0.00064,"bogota","Cycling",NA,NA,"L3: liver_cancer","PA",282736
"male","20-24","sc_cycle_deaths_pa_liver_cancer",0.00228,"bogota","Cycling",NA,NA,"L3: liver_cancer","PA",357934
"male","25-29","sc_cycle_deaths_pa_liver_cancer",0.00358,"bogota","Cycling",NA,NA,"L3: liver_cancer","PA",360031
"male","30-34","sc_cycle_deaths_pa_liver_cancer",0.00516,"bogota","Cycling",NA,NA,"L3: liver_cancer","PA",321492
"male","35-39","sc_cycle_deaths_pa_liver_cancer",0.00853,"bogota","Cycling",NA,NA,"L3: liver_cancer","PA",289808
"male","40-44","sc_cycle_deaths_pa_liver_cancer",0.01266,"bogota","Cycling",NA,NA,"L3: liver_cancer","PA",244543
"male","45-49","sc_cycle_deaths_pa_liver_cancer",0.02301,"bogota","Cycling",NA,NA,"L3: liver_cancer","PA",215491
"male","50-54","sc_cycle_deaths_pa_liver_cancer",0.03913,"bogota","Cycling",NA,NA,"L3: liver_cancer","PA",209137
"male","55-59","sc_cycle_deaths_pa_liver_cancer",0.05836,"bogota","Cycling",NA,NA,"L3: liver_cancer","PA",187551
"male","60-64","sc_cycle_deaths_pa_liver_cancer",0.10931,"bogota","Cycling",NA,NA,"L3: liver_cancer","PA",146500
"male","65-69","sc_cycle_deaths_pa_liver_cancer",0.11729,"bogota","Cycling",NA,NA,"L3: liver_cancer","PA",105412
"female","15-19","sc_cycle_deaths_pa_liver_cancer",0.00081,"bogota","Cycling",NA,NA,"L3: liver_cancer","PA",279280
"female","20-24","sc_cycle_deaths_pa_liver_cancer",0.00157,"bogota","Cycling",NA,NA,"L3: liver_cancer","PA",360197
"female","25-29","sc_cycle_deaths_pa_liver_cancer",0.00274,"bogota","Cycling",NA,NA,"L3: liver_cancer","PA",364423
"female","30-34","sc_cycle_deaths_pa_liver_cancer",0.00393,"bogota","Cycling",NA,NA,"L3: liver_cancer","PA",330341
"female","35-39","sc_cycle_deaths_pa_liver_cancer",0.0077,"bogota","Cycling",NA,NA,"L3: liver_cancer","PA",309304
"female","40-44","sc_cycle_deaths_pa_liver_cancer",0.01073,"bogota","Cycling",NA,NA,"L3: liver_cancer","PA",275440
"female","45-49","sc_cycle_deaths_pa_liver_cancer",0.01658,"bogota","Cycling",NA,NA,"L3: liver_cancer","PA",254843
"female","50-54","sc_cycle_deaths_pa_liver_cancer",0.04119,"bogota","Cycling",NA,NA,"L3: liver_cancer","PA",256059
"female","55-59","sc_cycle_deaths_pa_liver_cancer",0.06288,"bogota","Cycling",NA,NA,"L3: liver_cancer","PA",235548
"female","60-64","sc_cycle_deaths_pa_liver_cancer",0.07585,"bogota","Cycling",NA,NA,"L3: liver_cancer","PA",189600
"female","65-69","sc_cycle_deaths_pa_liver_cancer",0.07876,"bogota","Cycling",NA,NA,"L3: liver_cancer","PA",141409
"male","15-19","sc_car_deaths_pa_liver_cancer",-0.00047,"bogota","Car",NA,NA,"L3: liver_cancer","PA",282736
"male","20-24","sc_car_deaths_pa_liver_cancer",-0.00119,"bogota","Car",NA,NA,"L3: liver_cancer","PA",357934
"male","25-29","sc_car_deaths_pa_liver_cancer",-0.00129,"bogota","Car",NA,NA,"L3: liver_cancer","PA",360031
"male","30-34","sc_car_deaths_pa_liver_cancer",-0.00224,"bogota","Car",NA,NA,"L3: liver_cancer","PA",321492
"male","35-39","sc_car_deaths_pa_liver_cancer",-0.00323,"bogota","Car",NA,NA,"L3: liver_cancer","PA",289808
"male","40-44","sc_car_deaths_pa_liver_cancer",-0.00534,"bogota","Car",NA,NA,"L3: liver_cancer","PA",244543
"male","45-49","sc_car_deaths_pa_liver_cancer",-0.01178,"bogota","Car",NA,NA,"L3: liver_cancer","PA",215491
"male","50-54","sc_car_deaths_pa_liver_cancer",-0.02111,"bogota","Car",NA,NA,"L3: liver_cancer","PA",209137
"male","55-59","sc_car_deaths_pa_liver_cancer",-0.03128,"bogota","Car",NA,NA,"L3: liver_cancer","PA",187551
"male","60-64","sc_car_deaths_pa_liver_cancer",-0.04928,"bogota","Car",NA,NA,"L3: liver_cancer","PA",146500
"male","65-69","sc_car_deaths_pa_liver_cancer",-0.07095,"bogota","Car",NA,NA,"L3: liver_cancer","PA",105412
"female","15-19","sc_car_deaths_pa_liver_cancer",-0.00027,"bogota","Car",NA,NA,"L3: liver_cancer","PA",279280
"female","20-24","sc_car_deaths_pa_liver_cancer",-0.00065,"bogota","Car",NA,NA,"L3: liver_cancer","PA",360197
"female","25-29","sc_car_deaths_pa_liver_cancer",-0.00101,"bogota","Car",NA,NA,"L3: liver_cancer","PA",364423
"female","30-34","sc_car_deaths_pa_liver_cancer",-0.00139,"bogota","Car",NA,NA,"L3: liver_cancer","PA",330341
"female","35-39","sc_car_deaths_pa_liver_cancer",-0.00242,"bogota","Car",NA,NA,"L3: liver_cancer","PA",309304
"female","40-44","sc_car_deaths_pa_liver_cancer",-0.00416,"bogota","Car",NA,NA,"L3: liver_cancer","PA",275440
"female","45-49","sc_car_deaths_pa_liver_cancer",-0.00541,"bogota","Car",NA,NA,"L3: liver_cancer","PA",254843
"female","50-54","sc_car_deaths_pa_liver_cancer",-0.00717,"bogota","Car",NA,NA,"L3: liver_cancer","PA",256059
"female","55-59","sc_car_deaths_pa_liver_cancer",-0.01311,"bogota","Car",NA,NA,"L3: liver_cancer","PA",235548
"female","60-64","sc_car_deaths_pa_liver_cancer",-0.02267,"bogota","Car",NA,NA,"L3: liver_cancer","PA",189600
"female","65-69","sc_car_deaths_pa_liver_cancer",-0.02612,"bogota","Car",NA,NA,"L3: liver_cancer","PA",141409
"male","15-19","sc_bus_deaths_pa_liver_cancer",-0.00028,"bogota","Bus",NA,NA,"L3: liver_cancer","PA",282736
"male","20-24","sc_bus_deaths_pa_liver_cancer",-0.00056,"bogota","Bus",NA,NA,"L3: liver_cancer","PA",357934
"male","25-29","sc_bus_deaths_pa_liver_cancer",-0.00062,"bogota","Bus",NA,NA,"L3: liver_cancer","PA",360031
"male","30-34","sc_bus_deaths_pa_liver_cancer",-0.00101,"bogota","Bus",NA,NA,"L3: liver_cancer","PA",321492
"male","35-39","sc_bus_deaths_pa_liver_cancer",-0.00156,"bogota","Bus",NA,NA,"L3: liver_cancer","PA",289808
"male","40-44","sc_bus_deaths_pa_liver_cancer",-0.00089,"bogota","Bus",NA,NA,"L3: liver_cancer","PA",244543
"male","45-49","sc_bus_deaths_pa_liver_cancer",-0.00592,"bogota","Bus",NA,NA,"L3: liver_cancer","PA",215491
"male","50-54","sc_bus_deaths_pa_liver_cancer",-0.00895,"bogota","Bus",NA,NA,"L3: liver_cancer","PA",209137
"male","55-59","sc_bus_deaths_pa_liver_cancer",-0.00577,"bogota","Bus",NA,NA,"L3: liver_cancer","PA",187551
"male","60-64","sc_bus_deaths_pa_liver_cancer",-0.02312,"bogota","Bus",NA,NA,"L3: liver_cancer","PA",146500
"male","65-69","sc_bus_deaths_pa_liver_cancer",-0.02359,"bogota","Bus",NA,NA,"L3: liver_cancer","PA",105412
"female","15-19","sc_bus_deaths_pa_liver_cancer",-0.00004,"bogota","Bus",NA,NA,"L3: liver_cancer","PA",279280
"female","20-24","sc_bus_deaths_pa_liver_cancer",-0.0001,"bogota","Bus",NA,NA,"L3: liver_cancer","PA",360197
"female","25-29","sc_bus_deaths_pa_liver_cancer",-0.00012,"bogota","Bus",NA,NA,"L3: liver_cancer","PA",364423
"female","30-34","sc_bus_deaths_pa_liver_cancer",-0.00017,"bogota","Bus",NA,NA,"L3: liver_cancer","PA",330341
"female","35-39","sc_bus_deaths_pa_liver_cancer",-0.00041,"bogota","Bus",NA,NA,"L3: liver_cancer","PA",309304
"female","40-44","sc_bus_deaths_pa_liver_cancer",-0.00028,"bogota","Bus",NA,NA,"L3: liver_cancer","PA",275440
"female","45-49","sc_bus_deaths_pa_liver_cancer",-0.00106,"bogota","Bus",NA,NA,"L3: liver_cancer","PA",254843
"female","50-54","sc_bus_deaths_pa_liver_cancer",0.00196,"bogota","Bus",NA,NA,"L3: liver_cancer","PA",256059
"female","55-59","sc_bus_deaths_pa_liver_cancer",0.00463,"bogota","Bus",NA,NA,"L3: liver_cancer","PA",235548
"female","60-64","sc_bus_deaths_pa_liver_cancer",0.00562,"bogota","Bus",NA,NA,"L3: liver_cancer","PA",189600
"female","65-69","sc_bus_deaths_pa_liver_cancer",0.00482,"bogota","Bus",NA,NA,"L3: liver_cancer","PA",141409
"male","15-19","sc_cycle_deaths_pa_liver_cancer_lb",0.00108,"bogota","Cycling",NA,NA,"L3: liver_cancer","PA",282736
"male","20-24","sc_cycle_deaths_pa_liver_cancer_lb",0.00383,"bogota","Cycling",NA,NA,"L3: liver_cancer","PA",357934
"male","25-29","sc_cycle_deaths_pa_liver_cancer_lb",0.00602,"bogota","Cycling",NA,NA,"L3: liver_cancer","PA",360031
"male","30-34","sc_cycle_deaths_pa_liver_cancer_lb",0.00866,"bogota","Cycling",NA,NA,"L3: liver_cancer","PA",321492
"male","35-39","sc_cycle_deaths_pa_liver_cancer_lb",0.01418,"bogota","Cycling",NA,NA,"L3: liver_cancer","PA",289808
"male","40-44","sc_cycle_deaths_pa_liver_cancer_lb",0.02116,"bogota","Cycling",NA,NA,"L3: liver_cancer","PA",244543
"male","45-49","sc_cycle_deaths_pa_liver_cancer_lb",0.0387,"bogota","Cycling",NA,NA,"L3: liver_cancer","PA",215491
"male","50-54","sc_cycle_deaths_pa_liver_cancer_lb",0.06436,"bogota","Cycling",NA,NA,"L3: liver_cancer","PA",209137
"male","55-59","sc_cycle_deaths_pa_liver_cancer_lb",0.09957,"bogota","Cycling",NA,NA,"L3: liver_cancer","PA",187551
"male","60-64","sc_cycle_deaths_pa_liver_cancer_lb",0.18001,"bogota","Cycling",NA,NA,"L3: liver_cancer","PA",146500
"male","65-69","sc_cycle_deaths_pa_liver_cancer_lb",0.19958,"bogota","Cycling",NA,NA,"L3: liver_cancer","PA",105412
"female","15-19","sc_cycle_deaths_pa_liver_cancer_lb",0.00137,"bogota","Cycling",NA,NA,"L3: liver_cancer","PA",279280
"female","20-24","sc_cycle_deaths_pa_liver_cancer_lb",0.00263,"bogota","Cycling",NA,NA,"L3: liver_cancer","PA",360197
"female","25-29","sc_cycle_deaths_pa_liver_cancer_lb",0.0046,"bogota","Cycling",NA,NA,"L3: liver_cancer","PA",364423
"female","30-34","sc_cycle_deaths_pa_liver_cancer_lb",0.00656,"bogota","Cycling",NA,NA,"L3: liver_cancer","PA",330341
"female","35-39","sc_cycle_deaths_pa_liver_cancer_lb",0.01273,"bogota","Cycling",NA,NA,"L3: liver_cancer","PA",309304
"female","40-44","sc_cycle_deaths_pa_liver_cancer_lb",0.01799,"bogota","Cycling",NA,NA,"L3: liver_cancer","PA",275440
"female","45-49","sc_cycle_deaths_pa_liver_cancer_lb",0.0274,"bogota","Cycling",NA,NA,"L3: liver_cancer","PA",254843
"female","50-54","sc_cycle_deaths_pa_liver_cancer_lb",0.07,"bogota","Cycling",NA,NA,"L3: liver_cancer","PA",256059
"female","55-59","sc_cycle_deaths_pa_liver_cancer_lb",0.10629,"bogota","Cycling",NA,NA,"L3: liver_cancer","PA",235548
"female","60-64","sc_cycle_deaths_pa_liver_cancer_lb",0.12769,"bogota","Cycling",NA,NA,"L3: liver_cancer","PA",189600
"female","65-69","sc_cycle_deaths_pa_liver_cancer_lb",0.13127,"bogota","Cycling",NA,NA,"L3: liver_cancer","PA",141409
"male","15-19","sc_car_deaths_pa_liver_cancer_lb",-0.00082,"bogota","Car",NA,NA,"L3: liver_cancer","PA",282736
"male","20-24","sc_car_deaths_pa_liver_cancer_lb",-0.00206,"bogota","Car",NA,NA,"L3: liver_cancer","PA",357934
"male","25-29","sc_car_deaths_pa_liver_cancer_lb",-0.00227,"bogota","Car",NA,NA,"L3: liver_cancer","PA",360031
"male","30-34","sc_car_deaths_pa_liver_cancer_lb",-0.00384,"bogota","Car",NA,NA,"L3: liver_cancer","PA",321492
"male","35-39","sc_car_deaths_pa_liver_cancer_lb",-0.00555,"bogota","Car",NA,NA,"L3: liver_cancer","PA",289808
"male","40-44","sc_car_deaths_pa_liver_cancer_lb",-0.00919,"bogota","Car",NA,NA,"L3: liver_cancer","PA",244543
"male","45-49","sc_car_deaths_pa_liver_cancer_lb",-0.02017,"bogota","Car",NA,NA,"L3: liver_cancer","PA",215491
"male","50-54","sc_car_deaths_pa_liver_cancer_lb",-0.03611,"bogota","Car",NA,NA,"L3: liver_cancer","PA",209137
"male","55-59","sc_car_deaths_pa_liver_cancer_lb",-0.05373,"bogota","Car",NA,NA,"L3: liver_cancer","PA",187551
"male","60-64","sc_car_deaths_pa_liver_cancer_lb",-0.08549,"bogota","Car",NA,NA,"L3: liver_cancer","PA",146500
"male","65-69","sc_car_deaths_pa_liver_cancer_lb",-0.12438,"bogota","Car",NA,NA,"L3: liver_cancer","PA",105412
"female","15-19","sc_car_deaths_pa_liver_cancer_lb",-0.00048,"bogota","Car",NA,NA,"L3: liver_cancer","PA",279280
"female","20-24","sc_car_deaths_pa_liver_cancer_lb",-0.00114,"bogota","Car",NA,NA,"L3: liver_cancer","PA",360197
"female","25-29","sc_car_deaths_pa_liver_cancer_lb",-0.00179,"bogota","Car",NA,NA,"L3: liver_cancer","PA",364423
"female","30-34","sc_car_deaths_pa_liver_cancer_lb",-0.00242,"bogota","Car",NA,NA,"L3: liver_cancer","PA",330341
"female","35-39","sc_car_deaths_pa_liver_cancer_lb",-0.00421,"bogota","Car",NA,NA,"L3: liver_cancer","PA",309304
"female","40-44","sc_car_deaths_pa_liver_cancer_lb",-0.00718,"bogota","Car",NA,NA,"L3: liver_cancer","PA",275440
"female","45-49","sc_car_deaths_pa_liver_cancer_lb",-0.00945,"bogota","Car",NA,NA,"L3: liver_cancer","PA",254843
"female","50-54","sc_car_deaths_pa_liver_cancer_lb",-0.01264,"bogota","Car",NA,NA,"L3: liver_cancer","PA",256059
"female","55-59","sc_car_deaths_pa_liver_cancer_lb",-0.0232,"bogota","Car",NA,NA,"L3: liver_cancer","PA",235548
"female","60-64","sc_car_deaths_pa_liver_cancer_lb",-0.04036,"bogota","Car",NA,NA,"L3: liver_cancer","PA",189600
"female","65-69","sc_car_deaths_pa_liver_cancer_lb",-0.04708,"bogota","Car",NA,NA,"L3: liver_cancer","PA",141409
"male","15-19","sc_bus_deaths_pa_liver_cancer_lb",-0.00045,"bogota","Bus",NA,NA,"L3: liver_cancer","PA",282736
"male","20-24","sc_bus_deaths_pa_liver_cancer_lb",-0.00083,"bogota","Bus",NA,NA,"L3: liver_cancer","PA",357934
"male","25-29","sc_bus_deaths_pa_liver_cancer_lb",-0.00092,"bogota","Bus",NA,NA,"L3: liver_cancer","PA",360031
"male","30-34","sc_bus_deaths_pa_liver_cancer_lb",-0.00144,"bogota","Bus",NA,NA,"L3: liver_cancer","PA",321492
"male","35-39","sc_bus_deaths_pa_liver_cancer_lb",-0.00219,"bogota","Bus",NA,NA,"L3: liver_cancer","PA",289808
"male","40-44","sc_bus_deaths_pa_liver_cancer_lb",-0.00082,"bogota","Bus",NA,NA,"L3: liver_cancer","PA",244543
"male","45-49","sc_bus_deaths_pa_liver_cancer_lb",-0.00895,"bogota","Bus",NA,NA,"L3: liver_cancer","PA",215491
"male","50-54","sc_bus_deaths_pa_liver_cancer_lb",-0.01344,"bogota","Bus",NA,NA,"L3: liver_cancer","PA",209137
"male","55-59","sc_bus_deaths_pa_liver_cancer_lb",-0.00705,"bogota","Bus",NA,NA,"L3: liver_cancer","PA",187551
"male","60-64","sc_bus_deaths_pa_liver_cancer_lb",-0.03683,"bogota","Bus",NA,NA,"L3: liver_cancer","PA",146500
"male","65-69","sc_bus_deaths_pa_liver_cancer_lb",-0.03702,"bogota","Bus",NA,NA,"L3: liver_cancer","PA",105412
"female","15-19","sc_bus_deaths_pa_liver_cancer_lb",-0.00006,"bogota","Bus",NA,NA,"L3: liver_cancer","PA",279280
"female","20-24","sc_bus_deaths_pa_liver_cancer_lb",-0.00015,"bogota","Bus",NA,NA,"L3: liver_cancer","PA",360197
"female","25-29","sc_bus_deaths_pa_liver_cancer_lb",-0.00013,"bogota","Bus",NA,NA,"L3: liver_cancer","PA",364423
"female","30-34","sc_bus_deaths_pa_liver_cancer_lb",-0.00017,"bogota","Bus",NA,NA,"L3: liver_cancer","PA",330341
"female","35-39","sc_bus_deaths_pa_liver_cancer_lb",-0.00059,"bogota","Bus",NA,NA,"L3: liver_cancer","PA",309304
"female","40-44","sc_bus_deaths_pa_liver_cancer_lb",-0.00021,"bogota","Bus",NA,NA,"L3: liver_cancer","PA",275440
"female","45-49","sc_bus_deaths_pa_liver_cancer_lb",-0.00148,"bogota","Bus",NA,NA,"L3: liver_cancer","PA",254843
"female","50-54","sc_bus_deaths_pa_liver_cancer_lb",0.00376,"bogota","Bus",NA,NA,"L3: liver_cancer","PA",256059
"female","55-59","sc_bus_deaths_pa_liver_cancer_lb",0.00871,"bogota","Bus",NA,NA,"L3: liver_cancer","PA",235548
"female","60-64","sc_bus_deaths_pa_liver_cancer_lb",0.01092,"bogota","Bus",NA,NA,"L3: liver_cancer","PA",189600
"female","65-69","sc_bus_deaths_pa_liver_cancer_lb",0.00941,"bogota","Bus",NA,NA,"L3: liver_cancer","PA",141409
"male","15-19","sc_cycle_deaths_pa_liver_cancer_ub",0.00019,"bogota","Cycling",NA,NA,"L3: liver_cancer","PA",282736
"male","20-24","sc_cycle_deaths_pa_liver_cancer_ub",0.00067,"bogota","Cycling",NA,NA,"L3: liver_cancer","PA",357934
"male","25-29","sc_cycle_deaths_pa_liver_cancer_ub",0.00104,"bogota","Cycling",NA,NA,"L3: liver_cancer","PA",360031
"male","30-34","sc_cycle_deaths_pa_liver_cancer_ub",0.00158,"bogota","Cycling",NA,NA,"L3: liver_cancer","PA",321492
"male","35-39","sc_cycle_deaths_pa_liver_cancer_ub",0.00269,"bogota","Cycling",NA,NA,"L3: liver_cancer","PA",289808
"male","40-44","sc_cycle_deaths_pa_liver_cancer_ub",0.00389,"bogota","Cycling",NA,NA,"L3: liver_cancer","PA",244543
"male","45-49","sc_cycle_deaths_pa_liver_cancer_ub",0.007,"bogota","Cycling",NA,NA,"L3: liver_cancer","PA",215491
"male","50-54","sc_cycle_deaths_pa_liver_cancer_ub",0.0129,"bogota","Cycling",NA,NA,"L3: liver_cancer","PA",209137
"male","55-59","sc_cycle_deaths_pa_liver_cancer_ub",0.01667,"bogota","Cycling",NA,NA,"L3: liver_cancer","PA",187551
"male","60-64","sc_cycle_deaths_pa_liver_cancer_ub",0.03547,"bogota","Cycling",NA,NA,"L3: liver_cancer","PA",146500
"male","65-69","sc_cycle_deaths_pa_liver_cancer_ub",0.03317,"bogota","Cycling",NA,NA,"L3: liver_cancer","PA",105412
"female","15-19","sc_cycle_deaths_pa_liver_cancer_ub",0.00023,"bogota","Cycling",NA,NA,"L3: liver_cancer","PA",279280
"female","20-24","sc_cycle_deaths_pa_liver_cancer_ub",0.00046,"bogota","Cycling",NA,NA,"L3: liver_cancer","PA",360197
"female","25-29","sc_cycle_deaths_pa_liver_cancer_ub",0.0008,"bogota","Cycling",NA,NA,"L3: liver_cancer","PA",364423
"female","30-34","sc_cycle_deaths_pa_liver_cancer_ub",0.00119,"bogota","Cycling",NA,NA,"L3: liver_cancer","PA",330341
"female","35-39","sc_cycle_deaths_pa_liver_cancer_ub",0.00243,"bogota","Cycling",NA,NA,"L3: liver_cancer","PA",309304
"female","40-44","sc_cycle_deaths_pa_liver_cancer_ub",0.00321,"bogota","Cycling",NA,NA,"L3: liver_cancer","PA",275440
"female","45-49","sc_cycle_deaths_pa_liver_cancer_ub",0.00526,"bogota","Cycling",NA,NA,"L3: liver_cancer","PA",254843
"female","50-54","sc_cycle_deaths_pa_liver_cancer_ub",0.01136,"bogota","Cycling",NA,NA,"L3: liver_cancer","PA",256059
"female","55-59","sc_cycle_deaths_pa_liver_cancer_ub",0.01755,"bogota","Cycling",NA,NA,"L3: liver_cancer","PA",235548
"female","60-64","sc_cycle_deaths_pa_liver_cancer_ub",0.02154,"bogota","Cycling",NA,NA,"L3: liver_cancer","PA",189600
"female","65-69","sc_cycle_deaths_pa_liver_cancer_ub",0.02367,"bogota","Cycling",NA,NA,"L3: liver_cancer","PA",141409
"male","15-19","sc_car_deaths_pa_liver_cancer_ub",-0.00013,"bogota","Car",NA,NA,"L3: liver_cancer","PA",282736
"male","20-24","sc_car_deaths_pa_liver_cancer_ub",-0.00032,"bogota","Car",NA,NA,"L3: liver_cancer","PA",357934
"male","25-29","sc_car_deaths_pa_liver_cancer_ub",-0.00032,"bogota","Car",NA,NA,"L3: liver_cancer","PA",360031
"male","30-34","sc_car_deaths_pa_liver_cancer_ub",-0.00063,"bogota","Car",NA,NA,"L3: liver_cancer","PA",321492
"male","35-39","sc_car_deaths_pa_liver_cancer_ub",-0.00089,"bogota","Car",NA,NA,"L3: liver_cancer","PA",289808
"male","40-44","sc_car_deaths_pa_liver_cancer_ub",-0.00148,"bogota","Car",NA,NA,"L3: liver_cancer","PA",244543
"male","45-49","sc_car_deaths_pa_liver_cancer_ub",-0.00331,"bogota","Car",NA,NA,"L3: liver_cancer","PA",215491
"male","50-54","sc_car_deaths_pa_liver_cancer_ub",-0.00598,"bogota","Car",NA,NA,"L3: liver_cancer","PA",209137
"male","55-59","sc_car_deaths_pa_liver_cancer_ub",-0.00886,"bogota","Car",NA,NA,"L3: liver_cancer","PA",187551
"male","60-64","sc_car_deaths_pa_liver_cancer_ub",-0.0131,"bogota","Car",NA,NA,"L3: liver_cancer","PA",146500
"male","65-69","sc_car_deaths_pa_liver_cancer_ub",-0.018,"bogota","Car",NA,NA,"L3: liver_cancer","PA",105412
"female","15-19","sc_car_deaths_pa_liver_cancer_ub",-0.00006,"bogota","Car",NA,NA,"L3: liver_cancer","PA",279280
"female","20-24","sc_car_deaths_pa_liver_cancer_ub",-0.00015,"bogota","Car",NA,NA,"L3: liver_cancer","PA",360197
"female","25-29","sc_car_deaths_pa_liver_cancer_ub",-0.00024,"bogota","Car",NA,NA,"L3: liver_cancer","PA",364423
"female","30-34","sc_car_deaths_pa_liver_cancer_ub",-0.00036,"bogota","Car",NA,NA,"L3: liver_cancer","PA",330341
"female","35-39","sc_car_deaths_pa_liver_cancer_ub",-0.00063,"bogota","Car",NA,NA,"L3: liver_cancer","PA",309304
"female","40-44","sc_car_deaths_pa_liver_cancer_ub",-0.00111,"bogota","Car",NA,NA,"L3: liver_cancer","PA",275440
"female","45-49","sc_car_deaths_pa_liver_cancer_ub",-0.00136,"bogota","Car",NA,NA,"L3: liver_cancer","PA",254843
"female","50-54","sc_car_deaths_pa_liver_cancer_ub",-0.00169,"bogota","Car",NA,NA,"L3: liver_cancer","PA",256059
"female","55-59","sc_car_deaths_pa_liver_cancer_ub",-0.00305,"bogota","Car",NA,NA,"L3: liver_cancer","PA",235548
"female","60-64","sc_car_deaths_pa_liver_cancer_ub",-0.00517,"bogota","Car",NA,NA,"L3: liver_cancer","PA",189600
"female","65-69","sc_car_deaths_pa_liver_cancer_ub",-0.00569,"bogota","Car",NA,NA,"L3: liver_cancer","PA",141409
"male","15-19","sc_bus_deaths_pa_liver_cancer_ub",-0.0001,"bogota","Bus",NA,NA,"L3: liver_cancer","PA",282736
"male","20-24","sc_bus_deaths_pa_liver_cancer_ub",-0.00024,"bogota","Bus",NA,NA,"L3: liver_cancer","PA",357934
"male","25-29","sc_bus_deaths_pa_liver_cancer_ub",-0.00027,"bogota","Bus",NA,NA,"L3: liver_cancer","PA",360031
"male","30-34","sc_bus_deaths_pa_liver_cancer_ub",-0.00045,"bogota","Bus",NA,NA,"L3: liver_cancer","PA",321492
"male","35-39","sc_bus_deaths_pa_liver_cancer_ub",-0.00074,"bogota","Bus",NA,NA,"L3: liver_cancer","PA",289808
"male","40-44","sc_bus_deaths_pa_liver_cancer_ub",-0.0007,"bogota","Bus",NA,NA,"L3: liver_cancer","PA",244543
"male","45-49","sc_bus_deaths_pa_liver_cancer_ub",-0.00239,"bogota","Bus",NA,NA,"L3: liver_cancer","PA",215491
"male","50-54","sc_bus_deaths_pa_liver_cancer_ub",-0.00357,"bogota","Bus",NA,NA,"L3: liver_cancer","PA",209137
"male","55-59","sc_bus_deaths_pa_liver_cancer_ub",-0.00336,"bogota","Bus",NA,NA,"L3: liver_cancer","PA",187551
"male","60-64","sc_bus_deaths_pa_liver_cancer_ub",-0.00817,"bogota","Bus",NA,NA,"L3: liver_cancer","PA",146500
"male","65-69","sc_bus_deaths_pa_liver_cancer_ub",-0.00859,"bogota","Bus",NA,NA,"L3: liver_cancer","PA",105412
"female","15-19","sc_bus_deaths_pa_liver_cancer_ub",-0.00002,"bogota","Bus",NA,NA,"L3: liver_cancer","PA",279280
"female","20-24","sc_bus_deaths_pa_liver_cancer_ub",-0.00004,"bogota","Bus",NA,NA,"L3: liver_cancer","PA",360197
"female","25-29","sc_bus_deaths_pa_liver_cancer_ub",-0.00008,"bogota","Bus",NA,NA,"L3: liver_cancer","PA",364423
"female","30-34","sc_bus_deaths_pa_liver_cancer_ub",-0.00012,"bogota","Bus",NA,NA,"L3: liver_cancer","PA",330341
"female","35-39","sc_bus_deaths_pa_liver_cancer_ub",-0.00019,"bogota","Bus",NA,NA,"L3: liver_cancer","PA",309304
"female","40-44","sc_bus_deaths_pa_liver_cancer_ub",-0.00026,"bogota","Bus",NA,NA,"L3: liver_cancer","PA",275440
"female","45-49","sc_bus_deaths_pa_liver_cancer_ub",-0.00051,"bogota","Bus",NA,NA,"L3: liver_cancer","PA",254843
"female","50-54","sc_bus_deaths_pa_liver_cancer_ub",0.00029,"bogota","Bus",NA,NA,"L3: liver_cancer","PA",256059
"female","55-59","sc_bus_deaths_pa_liver_cancer_ub",0.00073,"bogota","Bus",NA,NA,"L3: liver_cancer","PA",235548
"female","60-64","sc_bus_deaths_pa_liver_cancer_ub",0.00071,"bogota","Bus",NA,NA,"L3: liver_cancer","PA",189600
"female","65-69","sc_bus_deaths_pa_liver_cancer_ub",0.00064,"bogota","Bus",NA,NA,"L3: liver_cancer","PA",141409
"male","15-19","sc_cycle_deaths_pa_ap_CVD",0.04731,"bogota","Cycling",NA,"L2: CVD",NA,"PA and AP",282736
"male","20-24","sc_cycle_deaths_pa_ap_CVD",0.15529,"bogota","Cycling",NA,"L2: CVD",NA,"PA and AP",357934
"male","25-29","sc_cycle_deaths_pa_ap_CVD",0.28214,"bogota","Cycling",NA,"L2: CVD",NA,"PA and AP",360031
"male","30-34","sc_cycle_deaths_pa_ap_CVD",0.41437,"bogota","Cycling",NA,"L2: CVD",NA,"PA and AP",321492
"male","35-39","sc_cycle_deaths_pa_ap_CVD",0.63119,"bogota","Cycling",NA,"L2: CVD",NA,"PA and AP",289808
"male","40-44","sc_cycle_deaths_pa_ap_CVD",0.85216,"bogota","Cycling",NA,"L2: CVD",NA,"PA and AP",244543
"male","45-49","sc_cycle_deaths_pa_ap_CVD",1.30927,"bogota","Cycling",NA,"L2: CVD",NA,"PA and AP",215491
"male","50-54","sc_cycle_deaths_pa_ap_CVD",1.97499,"bogota","Cycling",NA,"L2: CVD",NA,"PA and AP",209137
"male","55-59","sc_cycle_deaths_pa_ap_CVD",2.69364,"bogota","Cycling",NA,"L2: CVD",NA,"PA and AP",187551
"male","60-64","sc_cycle_deaths_pa_ap_CVD",4.91445,"bogota","Cycling",NA,"L2: CVD",NA,"PA and AP",146500
"male","65-69","sc_cycle_deaths_pa_ap_CVD",5.84603,"bogota","Cycling",NA,"L2: CVD",NA,"PA and AP",105412
"female","15-19","sc_cycle_deaths_pa_ap_CVD",0.04476,"bogota","Cycling",NA,"L2: CVD",NA,"PA and AP",279280
"female","20-24","sc_cycle_deaths_pa_ap_CVD",0.10978,"bogota","Cycling",NA,"L2: CVD",NA,"PA and AP",360197
"female","25-29","sc_cycle_deaths_pa_ap_CVD",0.15925,"bogota","Cycling",NA,"L2: CVD",NA,"PA and AP",364423
"female","30-34","sc_cycle_deaths_pa_ap_CVD",0.25383,"bogota","Cycling",NA,"L2: CVD",NA,"PA and AP",330341
"female","35-39","sc_cycle_deaths_pa_ap_CVD",0.41906,"bogota","Cycling",NA,"L2: CVD",NA,"PA and AP",309304
"female","40-44","sc_cycle_deaths_pa_ap_CVD",0.68576,"bogota","Cycling",NA,"L2: CVD",NA,"PA and AP",275440
"female","45-49","sc_cycle_deaths_pa_ap_CVD",0.94677,"bogota","Cycling",NA,"L2: CVD",NA,"PA and AP",254843
"female","50-54","sc_cycle_deaths_pa_ap_CVD",1.94393,"bogota","Cycling",NA,"L2: CVD",NA,"PA and AP",256059
"female","55-59","sc_cycle_deaths_pa_ap_CVD",3.04651,"bogota","Cycling",NA,"L2: CVD",NA,"PA and AP",235548
"female","60-64","sc_cycle_deaths_pa_ap_CVD",3.85214,"bogota","Cycling",NA,"L2: CVD",NA,"PA and AP",189600
"female","65-69","sc_cycle_deaths_pa_ap_CVD",4.37002,"bogota","Cycling",NA,"L2: CVD",NA,"PA and AP",141409
"male","15-19","sc_car_deaths_pa_ap_CVD",-0.04152,"bogota","Car",NA,"L2: CVD",NA,"PA and AP",282736
"male","20-24","sc_car_deaths_pa_ap_CVD",-0.10421,"bogota","Car",NA,"L2: CVD",NA,"PA and AP",357934
"male","25-29","sc_car_deaths_pa_ap_CVD",-0.13815,"bogota","Car",NA,"L2: CVD",NA,"PA and AP",360031
"male","30-34","sc_car_deaths_pa_ap_CVD",-0.23016,"bogota","Car",NA,"L2: CVD",NA,"PA and AP",321492
"male","35-39","sc_car_deaths_pa_ap_CVD",-0.31512,"bogota","Car",NA,"L2: CVD",NA,"PA and AP",289808
"male","40-44","sc_car_deaths_pa_ap_CVD",-0.43339,"bogota","Car",NA,"L2: CVD",NA,"PA and AP",244543
"male","45-49","sc_car_deaths_pa_ap_CVD",-0.8204,"bogota","Car",NA,"L2: CVD",NA,"PA and AP",215491
"male","50-54","sc_car_deaths_pa_ap_CVD",-1.29192,"bogota","Car",NA,"L2: CVD",NA,"PA and AP",209137
"male","55-59","sc_car_deaths_pa_ap_CVD",-1.71957,"bogota","Car",NA,"L2: CVD",NA,"PA and AP",187551
"male","60-64","sc_car_deaths_pa_ap_CVD",-2.68887,"bogota","Car",NA,"L2: CVD",NA,"PA and AP",146500
"male","65-69","sc_car_deaths_pa_ap_CVD",-4.04331,"bogota","Car",NA,"L2: CVD",NA,"PA and AP",105412
"female","15-19","sc_car_deaths_pa_ap_CVD",-0.02077,"bogota","Car",NA,"L2: CVD",NA,"PA and AP",279280
"female","20-24","sc_car_deaths_pa_ap_CVD",-0.06371,"bogota","Car",NA,"L2: CVD",NA,"PA and AP",360197
"female","25-29","sc_car_deaths_pa_ap_CVD",-0.08524,"bogota","Car",NA,"L2: CVD",NA,"PA and AP",364423
"female","30-34","sc_car_deaths_pa_ap_CVD",-0.12215,"bogota","Car",NA,"L2: CVD",NA,"PA and AP",330341
"female","35-39","sc_car_deaths_pa_ap_CVD",-0.18365,"bogota","Car",NA,"L2: CVD",NA,"PA and AP",309304
"female","40-44","sc_car_deaths_pa_ap_CVD",-0.34822,"bogota","Car",NA,"L2: CVD",NA,"PA and AP",275440
"female","45-49","sc_car_deaths_pa_ap_CVD",-0.4378,"bogota","Car",NA,"L2: CVD",NA,"PA and AP",254843
"female","50-54","sc_car_deaths_pa_ap_CVD",-0.44078,"bogota","Car",NA,"L2: CVD",NA,"PA and AP",256059
"female","55-59","sc_car_deaths_pa_ap_CVD",-0.82471,"bogota","Car",NA,"L2: CVD",NA,"PA and AP",235548
"female","60-64","sc_car_deaths_pa_ap_CVD",-1.47911,"bogota","Car",NA,"L2: CVD",NA,"PA and AP",189600
"female","65-69","sc_car_deaths_pa_ap_CVD",-1.91741,"bogota","Car",NA,"L2: CVD",NA,"PA and AP",141409
"male","15-19","sc_bus_deaths_pa_ap_CVD",-0.01607,"bogota","Bus",NA,"L2: CVD",NA,"PA and AP",282736
"male","20-24","sc_bus_deaths_pa_ap_CVD",-0.02017,"bogota","Bus",NA,"L2: CVD",NA,"PA and AP",357934
"male","25-29","sc_bus_deaths_pa_ap_CVD",-0.02301,"bogota","Bus",NA,"L2: CVD",NA,"PA and AP",360031
"male","30-34","sc_bus_deaths_pa_ap_CVD",-0.02764,"bogota","Bus",NA,"L2: CVD",NA,"PA and AP",321492
"male","35-39","sc_bus_deaths_pa_ap_CVD",-0.02312,"bogota","Bus",NA,"L2: CVD",NA,"PA and AP",289808
"male","40-44","sc_bus_deaths_pa_ap_CVD",0.06907,"bogota","Bus",NA,"L2: CVD",NA,"PA and AP",244543
"male","45-49","sc_bus_deaths_pa_ap_CVD",-0.20123,"bogota","Bus",NA,"L2: CVD",NA,"PA and AP",215491
"male","50-54","sc_bus_deaths_pa_ap_CVD",-0.22802,"bogota","Bus",NA,"L2: CVD",NA,"PA and AP",209137
"male","55-59","sc_bus_deaths_pa_ap_CVD",0.04835,"bogota","Bus",NA,"L2: CVD",NA,"PA and AP",187551
"male","60-64","sc_bus_deaths_pa_ap_CVD",-0.6826,"bogota","Bus",NA,"L2: CVD",NA,"PA and AP",146500
"male","65-69","sc_bus_deaths_pa_ap_CVD",-0.67422,"bogota","Bus",NA,"L2: CVD",NA,"PA and AP",105412
"female","15-19","sc_bus_deaths_pa_ap_CVD",-0.00053,"bogota","Bus",NA,"L2: CVD",NA,"PA and AP",279280
"female","20-24","sc_bus_deaths_pa_ap_CVD",-0.00094,"bogota","Bus",NA,"L2: CVD",NA,"PA and AP",360197
"female","25-29","sc_bus_deaths_pa_ap_CVD",0.00495,"bogota","Bus",NA,"L2: CVD",NA,"PA and AP",364423
"female","30-34","sc_bus_deaths_pa_ap_CVD",0.00521,"bogota","Bus",NA,"L2: CVD",NA,"PA and AP",330341
"female","35-39","sc_bus_deaths_pa_ap_CVD",0.00363,"bogota","Bus",NA,"L2: CVD",NA,"PA and AP",309304
"female","40-44","sc_bus_deaths_pa_ap_CVD",0.03521,"bogota","Bus",NA,"L2: CVD",NA,"PA and AP",275440
"female","45-49","sc_bus_deaths_pa_ap_CVD",-0.01639,"bogota","Bus",NA,"L2: CVD",NA,"PA and AP",254843
"female","50-54","sc_bus_deaths_pa_ap_CVD",0.15881,"bogota","Bus",NA,"L2: CVD",NA,"PA and AP",256059
"female","55-59","sc_bus_deaths_pa_ap_CVD",0.35557,"bogota","Bus",NA,"L2: CVD",NA,"PA and AP",235548
"female","60-64","sc_bus_deaths_pa_ap_CVD",0.47701,"bogota","Bus",NA,"L2: CVD",NA,"PA and AP",189600
"female","65-69","sc_bus_deaths_pa_ap_CVD",0.50704,"bogota","Bus",NA,"L2: CVD",NA,"PA and AP",141409
"male","15-19","sc_cycle_deaths_pa_ap_CVD_lb",0.05803,"bogota","Cycling",NA,"L2: CVD",NA,"PA and AP",282736
"male","20-24","sc_cycle_deaths_pa_ap_CVD_lb",0.18976,"bogota","Cycling",NA,"L2: CVD",NA,"PA and AP",357934
"male","25-29","sc_cycle_deaths_pa_ap_CVD_lb",0.34392,"bogota","Cycling",NA,"L2: CVD",NA,"PA and AP",360031
"male","30-34","sc_cycle_deaths_pa_ap_CVD_lb",0.5064,"bogota","Cycling",NA,"L2: CVD",NA,"PA and AP",321492
"male","35-39","sc_cycle_deaths_pa_ap_CVD_lb",0.76227,"bogota","Cycling",NA,"L2: CVD",NA,"PA and AP",289808
"male","40-44","sc_cycle_deaths_pa_ap_CVD_lb",1.03215,"bogota","Cycling",NA,"L2: CVD",NA,"PA and AP",244543
"male","45-49","sc_cycle_deaths_pa_ap_CVD_lb",1.59435,"bogota","Cycling",NA,"L2: CVD",NA,"PA and AP",215491
"male","50-54","sc_cycle_deaths_pa_ap_CVD_lb",2.37554,"bogota","Cycling",NA,"L2: CVD",NA,"PA and AP",209137
"male","55-59","sc_cycle_deaths_pa_ap_CVD_lb",3.312,"bogota","Cycling",NA,"L2: CVD",NA,"PA and AP",187551
"male","60-64","sc_cycle_deaths_pa_ap_CVD_lb",5.89976,"bogota","Cycling",NA,"L2: CVD",NA,"PA and AP",146500
"male","65-69","sc_cycle_deaths_pa_ap_CVD_lb",7.10905,"bogota","Cycling",NA,"L2: CVD",NA,"PA and AP",105412
"female","15-19","sc_cycle_deaths_pa_ap_CVD_lb",0.055,"bogota","Cycling",NA,"L2: CVD",NA,"PA and AP",279280
"female","20-24","sc_cycle_deaths_pa_ap_CVD_lb",0.13407,"bogota","Cycling",NA,"L2: CVD",NA,"PA and AP",360197
"female","25-29","sc_cycle_deaths_pa_ap_CVD_lb",0.19492,"bogota","Cycling",NA,"L2: CVD",NA,"PA and AP",364423
"female","30-34","sc_cycle_deaths_pa_ap_CVD_lb",0.30921,"bogota","Cycling",NA,"L2: CVD",NA,"PA and AP",330341
"female","35-39","sc_cycle_deaths_pa_ap_CVD_lb",0.50604,"bogota","Cycling",NA,"L2: CVD",NA,"PA and AP",309304
"female","40-44","sc_cycle_deaths_pa_ap_CVD_lb",0.83428,"bogota","Cycling",NA,"L2: CVD",NA,"PA and AP",275440
"female","45-49","sc_cycle_deaths_pa_ap_CVD_lb",1.14303,"bogota","Cycling",NA,"L2: CVD",NA,"PA and AP",254843
"female","50-54","sc_cycle_deaths_pa_ap_CVD_lb",2.36235,"bogota","Cycling",NA,"L2: CVD",NA,"PA and AP",256059
"female","55-59","sc_cycle_deaths_pa_ap_CVD_lb",3.68828,"bogota","Cycling",NA,"L2: CVD",NA,"PA and AP",235548
"female","60-64","sc_cycle_deaths_pa_ap_CVD_lb",4.65791,"bogota","Cycling",NA,"L2: CVD",NA,"PA and AP",189600
"female","65-69","sc_cycle_deaths_pa_ap_CVD_lb",5.25299,"bogota","Cycling",NA,"L2: CVD",NA,"PA and AP",141409
"male","15-19","sc_car_deaths_pa_ap_CVD_lb",-0.0504,"bogota","Car",NA,"L2: CVD",NA,"PA and AP",282736
"male","20-24","sc_car_deaths_pa_ap_CVD_lb",-0.12496,"bogota","Car",NA,"L2: CVD",NA,"PA and AP",357934
"male","25-29","sc_car_deaths_pa_ap_CVD_lb",-0.16505,"bogota","Car",NA,"L2: CVD",NA,"PA and AP",360031
"male","30-34","sc_car_deaths_pa_ap_CVD_lb",-0.2743,"bogota","Car",NA,"L2: CVD",NA,"PA and AP",321492
"male","35-39","sc_car_deaths_pa_ap_CVD_lb",-0.3741,"bogota","Car",NA,"L2: CVD",NA,"PA and AP",289808
"male","40-44","sc_car_deaths_pa_ap_CVD_lb",-0.52121,"bogota","Car",NA,"L2: CVD",NA,"PA and AP",244543
"male","45-49","sc_car_deaths_pa_ap_CVD_lb",-0.97835,"bogota","Car",NA,"L2: CVD",NA,"PA and AP",215491
"male","50-54","sc_car_deaths_pa_ap_CVD_lb",-1.55667,"bogota","Car",NA,"L2: CVD",NA,"PA and AP",209137
"male","55-59","sc_car_deaths_pa_ap_CVD_lb",-2.0628,"bogota","Car",NA,"L2: CVD",NA,"PA and AP",187551
"male","60-64","sc_car_deaths_pa_ap_CVD_lb",-3.26239,"bogota","Car",NA,"L2: CVD",NA,"PA and AP",146500
"male","65-69","sc_car_deaths_pa_ap_CVD_lb",-4.93158,"bogota","Car",NA,"L2: CVD",NA,"PA and AP",105412
"female","15-19","sc_car_deaths_pa_ap_CVD_lb",-0.02502,"bogota","Car",NA,"L2: CVD",NA,"PA and AP",279280
"female","20-24","sc_car_deaths_pa_ap_CVD_lb",-0.07665,"bogota","Car",NA,"L2: CVD",NA,"PA and AP",360197
"female","25-29","sc_car_deaths_pa_ap_CVD_lb",-0.10214,"bogota","Car",NA,"L2: CVD",NA,"PA and AP",364423
"female","30-34","sc_car_deaths_pa_ap_CVD_lb",-0.14629,"bogota","Car",NA,"L2: CVD",NA,"PA and AP",330341
"female","35-39","sc_car_deaths_pa_ap_CVD_lb",-0.21895,"bogota","Car",NA,"L2: CVD",NA,"PA and AP",309304
"female","40-44","sc_car_deaths_pa_ap_CVD_lb",-0.41504,"bogota","Car",NA,"L2: CVD",NA,"PA and AP",275440
"female","45-49","sc_car_deaths_pa_ap_CVD_lb",-0.52096,"bogota","Car",NA,"L2: CVD",NA,"PA and AP",254843
"female","50-54","sc_car_deaths_pa_ap_CVD_lb",-0.52684,"bogota","Car",NA,"L2: CVD",NA,"PA and AP",256059
"female","55-59","sc_car_deaths_pa_ap_CVD_lb",-0.99207,"bogota","Car",NA,"L2: CVD",NA,"PA and AP",235548
"female","60-64","sc_car_deaths_pa_ap_CVD_lb",-1.7974,"bogota","Car",NA,"L2: CVD",NA,"PA and AP",189600
"female","65-69","sc_car_deaths_pa_ap_CVD_lb",-2.34464,"bogota","Car",NA,"L2: CVD",NA,"PA and AP",141409
"male","15-19","sc_bus_deaths_pa_ap_CVD_lb",-0.01946,"bogota","Bus",NA,"L2: CVD",NA,"PA and AP",282736
"male","20-24","sc_bus_deaths_pa_ap_CVD_lb",-0.02321,"bogota","Bus",NA,"L2: CVD",NA,"PA and AP",357934
"male","25-29","sc_bus_deaths_pa_ap_CVD_lb",-0.02657,"bogota","Bus",NA,"L2: CVD",NA,"PA and AP",360031
"male","30-34","sc_bus_deaths_pa_ap_CVD_lb",-0.0306,"bogota","Bus",NA,"L2: CVD",NA,"PA and AP",321492
"male","35-39","sc_bus_deaths_pa_ap_CVD_lb",-0.02575,"bogota","Bus",NA,"L2: CVD",NA,"PA and AP",289808
"male","40-44","sc_bus_deaths_pa_ap_CVD_lb",0.08718,"bogota","Bus",NA,"L2: CVD",NA,"PA and AP",244543
"male","45-49","sc_bus_deaths_pa_ap_CVD_lb",-0.23331,"bogota","Bus",NA,"L2: CVD",NA,"PA and AP",215491
"male","50-54","sc_bus_deaths_pa_ap_CVD_lb",-0.26758,"bogota","Bus",NA,"L2: CVD",NA,"PA and AP",209137
"male","55-59","sc_bus_deaths_pa_ap_CVD_lb",0.07684,"bogota","Bus",NA,"L2: CVD",NA,"PA and AP",187551
"male","60-64","sc_bus_deaths_pa_ap_CVD_lb",-0.85107,"bogota","Bus",NA,"L2: CVD",NA,"PA and AP",146500
"male","65-69","sc_bus_deaths_pa_ap_CVD_lb",-0.82408,"bogota","Bus",NA,"L2: CVD",NA,"PA and AP",105412
"female","15-19","sc_bus_deaths_pa_ap_CVD_lb",-0.00064,"bogota","Bus",NA,"L2: CVD",NA,"PA and AP",279280
"female","20-24","sc_bus_deaths_pa_ap_CVD_lb",-0.00146,"bogota","Bus",NA,"L2: CVD",NA,"PA and AP",360197
"female","25-29","sc_bus_deaths_pa_ap_CVD_lb",0.00615,"bogota","Bus",NA,"L2: CVD",NA,"PA and AP",364423
"female","30-34","sc_bus_deaths_pa_ap_CVD_lb",0.00762,"bogota","Bus",NA,"L2: CVD",NA,"PA and AP",330341
"female","35-39","sc_bus_deaths_pa_ap_CVD_lb",0.00287,"bogota","Bus",NA,"L2: CVD",NA,"PA and AP",309304
"female","40-44","sc_bus_deaths_pa_ap_CVD_lb",0.04187,"bogota","Bus",NA,"L2: CVD",NA,"PA and AP",275440
"female","45-49","sc_bus_deaths_pa_ap_CVD_lb",-0.01686,"bogota","Bus",NA,"L2: CVD",NA,"PA and AP",254843
"female","50-54","sc_bus_deaths_pa_ap_CVD_lb",0.1922,"bogota","Bus",NA,"L2: CVD",NA,"PA and AP",256059
"female","55-59","sc_bus_deaths_pa_ap_CVD_lb",0.43123,"bogota","Bus",NA,"L2: CVD",NA,"PA and AP",235548
"female","60-64","sc_bus_deaths_pa_ap_CVD_lb",0.5861,"bogota","Bus",NA,"L2: CVD",NA,"PA and AP",189600
"female","65-69","sc_bus_deaths_pa_ap_CVD_lb",0.61477,"bogota","Bus",NA,"L2: CVD",NA,"PA and AP",141409
"male","15-19","sc_cycle_deaths_pa_ap_CVD_ub",0.0365,"bogota","Cycling",NA,"L2: CVD",NA,"PA and AP",282736
"male","20-24","sc_cycle_deaths_pa_ap_CVD_ub",0.12037,"bogota","Cycling",NA,"L2: CVD",NA,"PA and AP",357934
"male","25-29","sc_cycle_deaths_pa_ap_CVD_ub",0.21951,"bogota","Cycling",NA,"L2: CVD",NA,"PA and AP",360031
"male","30-34","sc_cycle_deaths_pa_ap_CVD_ub",0.32205,"bogota","Cycling",NA,"L2: CVD",NA,"PA and AP",321492
"male","35-39","sc_cycle_deaths_pa_ap_CVD_ub",0.49867,"bogota","Cycling",NA,"L2: CVD",NA,"PA and AP",289808
"male","40-44","sc_cycle_deaths_pa_ap_CVD_ub",0.67052,"bogota","Cycling",NA,"L2: CVD",NA,"PA and AP",244543
"male","45-49","sc_cycle_deaths_pa_ap_CVD_ub",1.02342,"bogota","Cycling",NA,"L2: CVD",NA,"PA and AP",215491
"male","50-54","sc_cycle_deaths_pa_ap_CVD_ub",1.56936,"bogota","Cycling",NA,"L2: CVD",NA,"PA and AP",209137
"male","55-59","sc_cycle_deaths_pa_ap_CVD_ub",2.07509,"bogota","Cycling",NA,"L2: CVD",NA,"PA and AP",187551
"male","60-64","sc_cycle_deaths_pa_ap_CVD_ub",3.91431,"bogota","Cycling",NA,"L2: CVD",NA,"PA and AP",146500
"male","65-69","sc_cycle_deaths_pa_ap_CVD_ub",4.57209,"bogota","Cycling",NA,"L2: CVD",NA,"PA and AP",105412
"female","15-19","sc_cycle_deaths_pa_ap_CVD_ub",0.03432,"bogota","Cycling",NA,"L2: CVD",NA,"PA and AP",279280
"female","20-24","sc_cycle_deaths_pa_ap_CVD_ub",0.08509,"bogota","Cycling",NA,"L2: CVD",NA,"PA and AP",360197
"female","25-29","sc_cycle_deaths_pa_ap_CVD_ub",0.12302,"bogota","Cycling",NA,"L2: CVD",NA,"PA and AP",364423
"female","30-34","sc_cycle_deaths_pa_ap_CVD_ub",0.1977,"bogota","Cycling",NA,"L2: CVD",NA,"PA and AP",330341
"female","35-39","sc_cycle_deaths_pa_ap_CVD_ub",0.33053,"bogota","Cycling",NA,"L2: CVD",NA,"PA and AP",309304
"female","40-44","sc_cycle_deaths_pa_ap_CVD_ub",0.5354,"bogota","Cycling",NA,"L2: CVD",NA,"PA and AP",275440
"female","45-49","sc_cycle_deaths_pa_ap_CVD_ub",0.74729,"bogota","Cycling",NA,"L2: CVD",NA,"PA and AP",254843
"female","50-54","sc_cycle_deaths_pa_ap_CVD_ub",1.52015,"bogota","Cycling",NA,"L2: CVD",NA,"PA and AP",256059
"female","55-59","sc_cycle_deaths_pa_ap_CVD_ub",2.39218,"bogota","Cycling",NA,"L2: CVD",NA,"PA and AP",235548
"female","60-64","sc_cycle_deaths_pa_ap_CVD_ub",3.02949,"bogota","Cycling",NA,"L2: CVD",NA,"PA and AP",189600
"female","65-69","sc_cycle_deaths_pa_ap_CVD_ub",3.46986,"bogota","Cycling",NA,"L2: CVD",NA,"PA and AP",141409
"male","15-19","sc_car_deaths_pa_ap_CVD_ub",-0.03269,"bogota","Car",NA,"L2: CVD",NA,"PA and AP",282736
"male","20-24","sc_car_deaths_pa_ap_CVD_ub",-0.08347,"bogota","Car",NA,"L2: CVD",NA,"PA and AP",357934
"male","25-29","sc_car_deaths_pa_ap_CVD_ub",-0.11139,"bogota","Car",NA,"L2: CVD",NA,"PA and AP",360031
"male","30-34","sc_car_deaths_pa_ap_CVD_ub",-0.18624,"bogota","Car",NA,"L2: CVD",NA,"PA and AP",321492
"male","35-39","sc_car_deaths_pa_ap_CVD_ub",-0.25632,"bogota","Car",NA,"L2: CVD",NA,"PA and AP",289808
"male","40-44","sc_car_deaths_pa_ap_CVD_ub",-0.34601,"bogota","Car",NA,"L2: CVD",NA,"PA and AP",244543
"male","45-49","sc_car_deaths_pa_ap_CVD_ub",-0.66258,"bogota","Car",NA,"L2: CVD",NA,"PA and AP",215491
"male","50-54","sc_car_deaths_pa_ap_CVD_ub",-1.02783,"bogota","Car",NA,"L2: CVD",NA,"PA and AP",209137
"male","55-59","sc_car_deaths_pa_ap_CVD_ub",-1.37933,"bogota","Car",NA,"L2: CVD",NA,"PA and AP",187551
"male","60-64","sc_car_deaths_pa_ap_CVD_ub",-2.11962,"bogota","Car",NA,"L2: CVD",NA,"PA and AP",146500
"male","65-69","sc_car_deaths_pa_ap_CVD_ub",-3.16353,"bogota","Car",NA,"L2: CVD",NA,"PA and AP",105412
"female","15-19","sc_car_deaths_pa_ap_CVD_ub",-0.01656,"bogota","Car",NA,"L2: CVD",NA,"PA and AP",279280
"female","20-24","sc_car_deaths_pa_ap_CVD_ub",-0.05086,"bogota","Car",NA,"L2: CVD",NA,"PA and AP",360197
"female","25-29","sc_car_deaths_pa_ap_CVD_ub",-0.06848,"bogota","Car",NA,"L2: CVD",NA,"PA and AP",364423
"female","30-34","sc_car_deaths_pa_ap_CVD_ub",-0.09822,"bogota","Car",NA,"L2: CVD",NA,"PA and AP",330341
"female","35-39","sc_car_deaths_pa_ap_CVD_ub",-0.14853,"bogota","Car",NA,"L2: CVD",NA,"PA and AP",309304
"female","40-44","sc_car_deaths_pa_ap_CVD_ub",-0.28162,"bogota","Car",NA,"L2: CVD",NA,"PA and AP",275440
"female","45-49","sc_car_deaths_pa_ap_CVD_ub",-0.35494,"bogota","Car",NA,"L2: CVD",NA,"PA and AP",254843
"female","50-54","sc_car_deaths_pa_ap_CVD_ub",-0.35503,"bogota","Car",NA,"L2: CVD",NA,"PA and AP",256059
"female","55-59","sc_car_deaths_pa_ap_CVD_ub",-0.65859,"bogota","Car",NA,"L2: CVD",NA,"PA and AP",235548
"female","60-64","sc_car_deaths_pa_ap_CVD_ub",-1.16416,"bogota","Car",NA,"L2: CVD",NA,"PA and AP",189600
"female","65-69","sc_car_deaths_pa_ap_CVD_ub",-1.49791,"bogota","Car",NA,"L2: CVD",NA,"PA and AP",141409
"male","15-19","sc_bus_deaths_pa_ap_CVD_ub",-0.01255,"bogota","Bus",NA,"L2: CVD",NA,"PA and AP",282736
"male","20-24","sc_bus_deaths_pa_ap_CVD_ub",-0.01654,"bogota","Bus",NA,"L2: CVD",NA,"PA and AP",357934
"male","25-29","sc_bus_deaths_pa_ap_CVD_ub",-0.01865,"bogota","Bus",NA,"L2: CVD",NA,"PA and AP",360031
"male","30-34","sc_bus_deaths_pa_ap_CVD_ub",-0.02296,"bogota","Bus",NA,"L2: CVD",NA,"PA and AP",321492
"male","35-39","sc_bus_deaths_pa_ap_CVD_ub",-0.01795,"bogota","Bus",NA,"L2: CVD",NA,"PA and AP",289808
"male","40-44","sc_bus_deaths_pa_ap_CVD_ub",0.05392,"bogota","Bus",NA,"L2: CVD",NA,"PA and AP",244543
"male","45-49","sc_bus_deaths_pa_ap_CVD_ub",-0.16423,"bogota","Bus",NA,"L2: CVD",NA,"PA and AP",215491
"male","50-54","sc_bus_deaths_pa_ap_CVD_ub",-0.17956,"bogota","Bus",NA,"L2: CVD",NA,"PA and AP",209137
"male","55-59","sc_bus_deaths_pa_ap_CVD_ub",0.02918,"bogota","Bus",NA,"L2: CVD",NA,"PA and AP",187551
"male","60-64","sc_bus_deaths_pa_ap_CVD_ub",-0.50543,"bogota","Bus",NA,"L2: CVD",NA,"PA and AP",146500
"male","65-69","sc_bus_deaths_pa_ap_CVD_ub",-0.51159,"bogota","Bus",NA,"L2: CVD",NA,"PA and AP",105412
"female","15-19","sc_bus_deaths_pa_ap_CVD_ub",-0.00038,"bogota","Bus",NA,"L2: CVD",NA,"PA and AP",279280
"female","20-24","sc_bus_deaths_pa_ap_CVD_ub",-0.00027,"bogota","Bus",NA,"L2: CVD",NA,"PA and AP",360197
"female","25-29","sc_bus_deaths_pa_ap_CVD_ub",0.00399,"bogota","Bus",NA,"L2: CVD",NA,"PA and AP",364423
"female","30-34","sc_bus_deaths_pa_ap_CVD_ub",0.00321,"bogota","Bus",NA,"L2: CVD",NA,"PA and AP",330341
"female","35-39","sc_bus_deaths_pa_ap_CVD_ub",0.00488,"bogota","Bus",NA,"L2: CVD",NA,"PA and AP",309304
"female","40-44","sc_bus_deaths_pa_ap_CVD_ub",0.02938,"bogota","Bus",NA,"L2: CVD",NA,"PA and AP",275440
"female","45-49","sc_bus_deaths_pa_ap_CVD_ub",-0.01447,"bogota","Bus",NA,"L2: CVD",NA,"PA and AP",254843
"female","50-54","sc_bus_deaths_pa_ap_CVD_ub",0.12662,"bogota","Bus",NA,"L2: CVD",NA,"PA and AP",256059
"female","55-59","sc_bus_deaths_pa_ap_CVD_ub",0.28166,"bogota","Bus",NA,"L2: CVD",NA,"PA and AP",235548
"female","60-64","sc_bus_deaths_pa_ap_CVD_ub",0.37165,"bogota","Bus",NA,"L2: CVD",NA,"PA and AP",189600
"female","65-69","sc_bus_deaths_pa_ap_CVD_ub",0.40411,"bogota","Bus",NA,"L2: CVD",NA,"PA and AP",141409
"male","15-19","sc_cycle_deaths_pa_total_dementia",0,"bogota","Cycling",NA,"L2: Other","L3: total_dementia","PA",282736
"male","20-24","sc_cycle_deaths_pa_total_dementia",0,"bogota","Cycling",NA,"L2: Other","L3: total_dementia","PA",357934
"male","25-29","sc_cycle_deaths_pa_total_dementia",0,"bogota","Cycling",NA,"L2: Other","L3: total_dementia","PA",360031
"male","30-34","sc_cycle_deaths_pa_total_dementia",0,"bogota","Cycling",NA,"L2: Other","L3: total_dementia","PA",321492
"male","35-39","sc_cycle_deaths_pa_total_dementia",0,"bogota","Cycling",NA,"L2: Other","L3: total_dementia","PA",289808
"male","40-44","sc_cycle_deaths_pa_total_dementia",0.00228,"bogota","Cycling",NA,"L2: Other","L3: total_dementia","PA",244543
"male","45-49","sc_cycle_deaths_pa_total_dementia",0.01339,"bogota","Cycling",NA,"L2: Other","L3: total_dementia","PA",215491
"male","50-54","sc_cycle_deaths_pa_total_dementia",0.02024,"bogota","Cycling",NA,"L2: Other","L3: total_dementia","PA",209137
"male","55-59","sc_cycle_deaths_pa_total_dementia",0.04572,"bogota","Cycling",NA,"L2: Other","L3: total_dementia","PA",187551
"male","60-64","sc_cycle_deaths_pa_total_dementia",0.08629,"bogota","Cycling",NA,"L2: Other","L3: total_dementia","PA",146500
"male","65-69","sc_cycle_deaths_pa_total_dementia",0.18367,"bogota","Cycling",NA,"L2: Other","L3: total_dementia","PA",105412
"female","15-19","sc_cycle_deaths_pa_total_dementia",0,"bogota","Cycling",NA,"L2: Other","L3: total_dementia","PA",279280
"female","20-24","sc_cycle_deaths_pa_total_dementia",0,"bogota","Cycling",NA,"L2: Other","L3: total_dementia","PA",360197
"female","25-29","sc_cycle_deaths_pa_total_dementia",0,"bogota","Cycling",NA,"L2: Other","L3: total_dementia","PA",364423
"female","30-34","sc_cycle_deaths_pa_total_dementia",0,"bogota","Cycling",NA,"L2: Other","L3: total_dementia","PA",330341
"female","35-39","sc_cycle_deaths_pa_total_dementia",0,"bogota","Cycling",NA,"L2: Other","L3: total_dementia","PA",309304
"female","40-44","sc_cycle_deaths_pa_total_dementia",0.00289,"bogota","Cycling",NA,"L2: Other","L3: total_dementia","PA",275440
"female","45-49","sc_cycle_deaths_pa_total_dementia",0.01338,"bogota","Cycling",NA,"L2: Other","L3: total_dementia","PA",254843
"female","50-54","sc_cycle_deaths_pa_total_dementia",0.04186,"bogota","Cycling",NA,"L2: Other","L3: total_dementia","PA",256059
"female","55-59","sc_cycle_deaths_pa_total_dementia",0.08095,"bogota","Cycling",NA,"L2: Other","L3: total_dementia","PA",235548
"female","60-64","sc_cycle_deaths_pa_total_dementia",0.1333,"bogota","Cycling",NA,"L2: Other","L3: total_dementia","PA",189600
"female","65-69","sc_cycle_deaths_pa_total_dementia",0.20273,"bogota","Cycling",NA,"L2: Other","L3: total_dementia","PA",141409
"male","15-19","sc_car_deaths_pa_total_dementia",0,"bogota","Car",NA,"L2: Other","L3: total_dementia","PA",282736
"male","20-24","sc_car_deaths_pa_total_dementia",0,"bogota","Car",NA,"L2: Other","L3: total_dementia","PA",357934
"male","25-29","sc_car_deaths_pa_total_dementia",0,"bogota","Car",NA,"L2: Other","L3: total_dementia","PA",360031
"male","30-34","sc_car_deaths_pa_total_dementia",0,"bogota","Car",NA,"L2: Other","L3: total_dementia","PA",321492
"male","35-39","sc_car_deaths_pa_total_dementia",0,"bogota","Car",NA,"L2: Other","L3: total_dementia","PA",289808
"male","40-44","sc_car_deaths_pa_total_dementia",-0.0012,"bogota","Car",NA,"L2: Other","L3: total_dementia","PA",244543
"male","45-49","sc_car_deaths_pa_total_dementia",-0.00768,"bogota","Car",NA,"L2: Other","L3: total_dementia","PA",215491
"male","50-54","sc_car_deaths_pa_total_dementia",-0.01488,"bogota","Car",NA,"L2: Other","L3: total_dementia","PA",209137
"male","55-59","sc_car_deaths_pa_total_dementia",-0.02652,"bogota","Car",NA,"L2: Other","L3: total_dementia","PA",187551
"male","60-64","sc_car_deaths_pa_total_dementia",-0.05942,"bogota","Car",NA,"L2: Other","L3: total_dementia","PA",146500
"male","65-69","sc_car_deaths_pa_total_dementia",-0.14112,"bogota","Car",NA,"L2: Other","L3: total_dementia","PA",105412
"female","15-19","sc_car_deaths_pa_total_dementia",0,"bogota","Car",NA,"L2: Other","L3: total_dementia","PA",279280
"female","20-24","sc_car_deaths_pa_total_dementia",0,"bogota","Car",NA,"L2: Other","L3: total_dementia","PA",360197
"female","25-29","sc_car_deaths_pa_total_dementia",0,"bogota","Car",NA,"L2: Other","L3: total_dementia","PA",364423
"female","30-34","sc_car_deaths_pa_total_dementia",0,"bogota","Car",NA,"L2: Other","L3: total_dementia","PA",330341
"female","35-39","sc_car_deaths_pa_total_dementia",0,"bogota","Car",NA,"L2: Other","L3: total_dementia","PA",309304
"female","40-44","sc_car_deaths_pa_total_dementia",-0.00141,"bogota","Car",NA,"L2: Other","L3: total_dementia","PA",275440
"female","45-49","sc_car_deaths_pa_total_dementia",-0.00655,"bogota","Car",NA,"L2: Other","L3: total_dementia","PA",254843
"female","50-54","sc_car_deaths_pa_total_dementia",-0.00932,"bogota","Car",NA,"L2: Other","L3: total_dementia","PA",256059
"female","55-59","sc_car_deaths_pa_total_dementia",-0.02383,"bogota","Car",NA,"L2: Other","L3: total_dementia","PA",235548
"female","60-64","sc_car_deaths_pa_total_dementia",-0.06115,"bogota","Car",NA,"L2: Other","L3: total_dementia","PA",189600
"female","65-69","sc_car_deaths_pa_total_dementia",-0.11961,"bogota","Car",NA,"L2: Other","L3: total_dementia","PA",141409
"male","15-19","sc_bus_deaths_pa_total_dementia",0,"bogota","Bus",NA,"L2: Other","L3: total_dementia","PA",282736
"male","20-24","sc_bus_deaths_pa_total_dementia",0,"bogota","Bus",NA,"L2: Other","L3: total_dementia","PA",357934
"male","25-29","sc_bus_deaths_pa_total_dementia",0,"bogota","Bus",NA,"L2: Other","L3: total_dementia","PA",360031
"male","30-34","sc_bus_deaths_pa_total_dementia",0,"bogota","Bus",NA,"L2: Other","L3: total_dementia","PA",321492
"male","35-39","sc_bus_deaths_pa_total_dementia",0,"bogota","Bus",NA,"L2: Other","L3: total_dementia","PA",289808
"male","40-44","sc_bus_deaths_pa_total_dementia",0.00047,"bogota","Bus",NA,"L2: Other","L3: total_dementia","PA",244543
"male","45-49","sc_bus_deaths_pa_total_dementia",-0.00025,"bogota","Bus",NA,"L2: Other","L3: total_dementia","PA",215491
"male","50-54","sc_bus_deaths_pa_total_dementia",0.00039,"bogota","Bus",NA,"L2: Other","L3: total_dementia","PA",209137
"male","55-59","sc_bus_deaths_pa_total_dementia",0.00606,"bogota","Bus",NA,"L2: Other","L3: total_dementia","PA",187551
"male","60-64","sc_bus_deaths_pa_total_dementia",-0.01167,"bogota","Bus",NA,"L2: Other","L3: total_dementia","PA",146500
"male","65-69","sc_bus_deaths_pa_total_dementia",-0.01268,"bogota","Bus",NA,"L2: Other","L3: total_dementia","PA",105412
"female","15-19","sc_bus_deaths_pa_total_dementia",0,"bogota","Bus",NA,"L2: Other","L3: total_dementia","PA",279280
"female","20-24","sc_bus_deaths_pa_total_dementia",0,"bogota","Bus",NA,"L2: Other","L3: total_dementia","PA",360197
"female","25-29","sc_bus_deaths_pa_total_dementia",0,"bogota","Bus",NA,"L2: Other","L3: total_dementia","PA",364423
"female","30-34","sc_bus_deaths_pa_total_dementia",0,"bogota","Bus",NA,"L2: Other","L3: total_dementia","PA",330341
"female","35-39","sc_bus_deaths_pa_total_dementia",0,"bogota","Bus",NA,"L2: Other","L3: total_dementia","PA",309304
"female","40-44","sc_bus_deaths_pa_total_dementia",0.00027,"bogota","Bus",NA,"L2: Other","L3: total_dementia","PA",275440
"female","45-49","sc_bus_deaths_pa_total_dementia",0.00052,"bogota","Bus",NA,"L2: Other","L3: total_dementia","PA",254843
"female","50-54","sc_bus_deaths_pa_total_dementia",0.00411,"bogota","Bus",NA,"L2: Other","L3: total_dementia","PA",256059
"female","55-59","sc_bus_deaths_pa_total_dementia",0.01152,"bogota","Bus",NA,"L2: Other","L3: total_dementia","PA",235548
"female","60-64","sc_bus_deaths_pa_total_dementia",0.02365,"bogota","Bus",NA,"L2: Other","L3: total_dementia","PA",189600
"female","65-69","sc_bus_deaths_pa_total_dementia",0.03249,"bogota","Bus",NA,"L2: Other","L3: total_dementia","PA",141409
"male","15-19","sc_cycle_deaths_pa_total_dementia_lb",0,"bogota","Cycling",NA,"L2: Other","L3: total_dementia","PA",282736
"male","20-24","sc_cycle_deaths_pa_total_dementia_lb",0,"bogota","Cycling",NA,"L2: Other","L3: total_dementia","PA",357934
"male","25-29","sc_cycle_deaths_pa_total_dementia_lb",0,"bogota","Cycling",NA,"L2: Other","L3: total_dementia","PA",360031
"male","30-34","sc_cycle_deaths_pa_total_dementia_lb",0,"bogota","Cycling",NA,"L2: Other","L3: total_dementia","PA",321492
"male","35-39","sc_cycle_deaths_pa_total_dementia_lb",0,"bogota","Cycling",NA,"L2: Other","L3: total_dementia","PA",289808
"male","40-44","sc_cycle_deaths_pa_total_dementia_lb",0.00332,"bogota","Cycling",NA,"L2: Other","L3: total_dementia","PA",244543
"male","45-49","sc_cycle_deaths_pa_total_dementia_lb",0.01962,"bogota","Cycling",NA,"L2: Other","L3: total_dementia","PA",215491
"male","50-54","sc_cycle_deaths_pa_total_dementia_lb",0.02941,"bogota","Cycling",NA,"L2: Other","L3: total_dementia","PA",209137
"male","55-59","sc_cycle_deaths_pa_total_dementia_lb",0.06696,"bogota","Cycling",NA,"L2: Other","L3: total_dementia","PA",187551
"male","60-64","sc_cycle_deaths_pa_total_dementia_lb",0.12513,"bogota","Cycling",NA,"L2: Other","L3: total_dementia","PA",146500
"male","65-69","sc_cycle_deaths_pa_total_dementia_lb",0.26556,"bogota","Cycling",NA,"L2: Other","L3: total_dementia","PA",105412
"female","15-19","sc_cycle_deaths_pa_total_dementia_lb",0,"bogota","Cycling",NA,"L2: Other","L3: total_dementia","PA",279280
"female","20-24","sc_cycle_deaths_pa_total_dementia_lb",0,"bogota","Cycling",NA,"L2: Other","L3: total_dementia","PA",360197
"female","25-29","sc_cycle_deaths_pa_total_dementia_lb",0,"bogota","Cycling",NA,"L2: Other","L3: total_dementia","PA",364423
"female","30-34","sc_cycle_deaths_pa_total_dementia_lb",0,"bogota","Cycling",NA,"L2: Other","L3: total_dementia","PA",330341
"female","35-39","sc_cycle_deaths_pa_total_dementia_lb",0,"bogota","Cycling",NA,"L2: Other","L3: total_dementia","PA",309304
"female","40-44","sc_cycle_deaths_pa_total_dementia_lb",0.00419,"bogota","Cycling",NA,"L2: Other","L3: total_dementia","PA",275440
"female","45-49","sc_cycle_deaths_pa_total_dementia_lb",0.01935,"bogota","Cycling",NA,"L2: Other","L3: total_dementia","PA",254843
"female","50-54","sc_cycle_deaths_pa_total_dementia_lb",0.06058,"bogota","Cycling",NA,"L2: Other","L3: total_dementia","PA",256059
"female","55-59","sc_cycle_deaths_pa_total_dementia_lb",0.11605,"bogota","Cycling",NA,"L2: Other","L3: total_dementia","PA",235548
"female","60-64","sc_cycle_deaths_pa_total_dementia_lb",0.19101,"bogota","Cycling",NA,"L2: Other","L3: total_dementia","PA",189600
"female","65-69","sc_cycle_deaths_pa_total_dementia_lb",0.29162,"bogota","Cycling",NA,"L2: Other","L3: total_dementia","PA",141409
"male","15-19","sc_car_deaths_pa_total_dementia_lb",0,"bogota","Car",NA,"L2: Other","L3: total_dementia","PA",282736
"male","20-24","sc_car_deaths_pa_total_dementia_lb",0,"bogota","Car",NA,"L2: Other","L3: total_dementia","PA",357934
"male","25-29","sc_car_deaths_pa_total_dementia_lb",0,"bogota","Car",NA,"L2: Other","L3: total_dementia","PA",360031
"male","30-34","sc_car_deaths_pa_total_dementia_lb",0,"bogota","Car",NA,"L2: Other","L3: total_dementia","PA",321492
"male","35-39","sc_car_deaths_pa_total_dementia_lb",0,"bogota","Car",NA,"L2: Other","L3: total_dementia","PA",289808
"male","40-44","sc_car_deaths_pa_total_dementia_lb",-0.00177,"bogota","Car",NA,"L2: Other","L3: total_dementia","PA",244543
"male","45-49","sc_car_deaths_pa_total_dementia_lb",-0.01127,"bogota","Car",NA,"L2: Other","L3: total_dementia","PA",215491
"male","50-54","sc_car_deaths_pa_total_dementia_lb",-0.02191,"bogota","Car",NA,"L2: Other","L3: total_dementia","PA",209137
"male","55-59","sc_car_deaths_pa_total_dementia_lb",-0.03934,"bogota","Car",NA,"L2: Other","L3: total_dementia","PA",187551
"male","60-64","sc_car_deaths_pa_total_dementia_lb",-0.08788,"bogota","Car",NA,"L2: Other","L3: total_dementia","PA",146500
"male","65-69","sc_car_deaths_pa_total_dementia_lb",-0.20852,"bogota","Car",NA,"L2: Other","L3: total_dementia","PA",105412
"female","15-19","sc_car_deaths_pa_total_dementia_lb",0,"bogota","Car",NA,"L2: Other","L3: total_dementia","PA",279280
"female","20-24","sc_car_deaths_pa_total_dementia_lb",0,"bogota","Car",NA,"L2: Other","L3: total_dementia","PA",360197
"female","25-29","sc_car_deaths_pa_total_dementia_lb",0,"bogota","Car",NA,"L2: Other","L3: total_dementia","PA",364423
"female","30-34","sc_car_deaths_pa_total_dementia_lb",0,"bogota","Car",NA,"L2: Other","L3: total_dementia","PA",330341
"female","35-39","sc_car_deaths_pa_total_dementia_lb",0,"bogota","Car",NA,"L2: Other","L3: total_dementia","PA",309304
"female","40-44","sc_car_deaths_pa_total_dementia_lb",-0.00208,"bogota","Car",NA,"L2: Other","L3: total_dementia","PA",275440
"female","45-49","sc_car_deaths_pa_total_dementia_lb",-0.00963,"bogota","Car",NA,"L2: Other","L3: total_dementia","PA",254843
"female","50-54","sc_car_deaths_pa_total_dementia_lb",-0.01373,"bogota","Car",NA,"L2: Other","L3: total_dementia","PA",256059
"female","55-59","sc_car_deaths_pa_total_dementia_lb",-0.03521,"bogota","Car",NA,"L2: Other","L3: total_dementia","PA",235548
"female","60-64","sc_car_deaths_pa_total_dementia_lb",-0.09055,"bogota","Car",NA,"L2: Other","L3: total_dementia","PA",189600
"female","65-69","sc_car_deaths_pa_total_dementia_lb",-0.17851,"bogota","Car",NA,"L2: Other","L3: total_dementia","PA",141409
"male","15-19","sc_bus_deaths_pa_total_dementia_lb",0,"bogota","Bus",NA,"L2: Other","L3: total_dementia","PA",282736
"male","20-24","sc_bus_deaths_pa_total_dementia_lb",0,"bogota","Bus",NA,"L2: Other","L3: total_dementia","PA",357934
"male","25-29","sc_bus_deaths_pa_total_dementia_lb",0,"bogota","Bus",NA,"L2: Other","L3: total_dementia","PA",360031
"male","30-34","sc_bus_deaths_pa_total_dementia_lb",0,"bogota","Bus",NA,"L2: Other","L3: total_dementia","PA",321492
"male","35-39","sc_bus_deaths_pa_total_dementia_lb",0,"bogota","Bus",NA,"L2: Other","L3: total_dementia","PA",289808
"male","40-44","sc_bus_deaths_pa_total_dementia_lb",0.00075,"bogota","Bus",NA,"L2: Other","L3: total_dementia","PA",244543
"male","45-49","sc_bus_deaths_pa_total_dementia_lb",0.00001,"bogota","Bus",NA,"L2: Other","L3: total_dementia","PA",215491
"male","50-54","sc_bus_deaths_pa_total_dementia_lb",0.00144,"bogota","Bus",NA,"L2: Other","L3: total_dementia","PA",209137
"male","55-59","sc_bus_deaths_pa_total_dementia_lb",0.00997,"bogota","Bus",NA,"L2: Other","L3: total_dementia","PA",187551
"male","60-64","sc_bus_deaths_pa_total_dementia_lb",-0.01574,"bogota","Bus",NA,"L2: Other","L3: total_dementia","PA",146500
"male","65-69","sc_bus_deaths_pa_total_dementia_lb",-0.0154,"bogota","Bus",NA,"L2: Other","L3: total_dementia","PA",105412
"female","15-19","sc_bus_deaths_pa_total_dementia_lb",0,"bogota","Bus",NA,"L2: Other","L3: total_dementia","PA",279280
"female","20-24","sc_bus_deaths_pa_total_dementia_lb",0,"bogota","Bus",NA,"L2: Other","L3: total_dementia","PA",360197
"female","25-29","sc_bus_deaths_pa_total_dementia_lb",0,"bogota","Bus",NA,"L2: Other","L3: total_dementia","PA",364423
"female","30-34","sc_bus_deaths_pa_total_dementia_lb",0,"bogota","Bus",NA,"L2: Other","L3: total_dementia","PA",330341
"female","35-39","sc_bus_deaths_pa_total_dementia_lb",0,"bogota","Bus",NA,"L2: Other","L3: total_dementia","PA",309304
"female","40-44","sc_bus_deaths_pa_total_dementia_lb",0.00041,"bogota","Bus",NA,"L2: Other","L3: total_dementia","PA",275440
"female","45-49","sc_bus_deaths_pa_total_dementia_lb",0.00093,"bogota","Bus",NA,"L2: Other","L3: total_dementia","PA",254843
"female","50-54","sc_bus_deaths_pa_total_dementia_lb",0.00622,"bogota","Bus",NA,"L2: Other","L3: total_dementia","PA",256059
"female","55-59","sc_bus_deaths_pa_total_dementia_lb",0.01724,"bogota","Bus",NA,"L2: Other","L3: total_dementia","PA",235548
"female","60-64","sc_bus_deaths_pa_total_dementia_lb",0.03557,"bogota","Bus",NA,"L2: Other","L3: total_dementia","PA",189600
"female","65-69","sc_bus_deaths_pa_total_dementia_lb",0.0497,"bogota","Bus",NA,"L2: Other","L3: total_dementia","PA",141409
"male","15-19","sc_cycle_deaths_pa_total_dementia_ub",0,"bogota","Cycling",NA,"L2: Other","L3: total_dementia","PA",282736
"male","20-24","sc_cycle_deaths_pa_total_dementia_ub",0,"bogota","Cycling",NA,"L2: Other","L3: total_dementia","PA",357934
"male","25-29","sc_cycle_deaths_pa_total_dementia_ub",0,"bogota","Cycling",NA,"L2: Other","L3: total_dementia","PA",360031
"male","30-34","sc_cycle_deaths_pa_total_dementia_ub",0,"bogota","Cycling",NA,"L2: Other","L3: total_dementia","PA",321492
"male","35-39","sc_cycle_deaths_pa_total_dementia_ub",0,"bogota","Cycling",NA,"L2: Other","L3: total_dementia","PA",289808
"male","40-44","sc_cycle_deaths_pa_total_dementia_ub",0.00125,"bogota","Cycling",NA,"L2: Other","L3: total_dementia","PA",244543
"male","45-49","sc_cycle_deaths_pa_total_dementia_ub",0.00731,"bogota","Cycling",NA,"L2: Other","L3: total_dementia","PA",215491
"male","50-54","sc_cycle_deaths_pa_total_dementia_ub",0.01118,"bogota","Cycling",NA,"L2: Other","L3: total_dementia","PA",209137
"male","55-59","sc_cycle_deaths_pa_total_dementia_ub",0.02506,"bogota","Cycling",NA,"L2: Other","L3: total_dementia","PA",187551
"male","60-64","sc_cycle_deaths_pa_total_dementia_ub",0.04791,"bogota","Cycling",NA,"L2: Other","L3: total_dementia","PA",146500
"male","65-69","sc_cycle_deaths_pa_total_dementia_ub",0.10219,"bogota","Cycling",NA,"L2: Other","L3: total_dementia","PA",105412
"female","15-19","sc_cycle_deaths_pa_total_dementia_ub",0,"bogota","Cycling",NA,"L2: Other","L3: total_dementia","PA",279280
"female","20-24","sc_cycle_deaths_pa_total_dementia_ub",0,"bogota","Cycling",NA,"L2: Other","L3: total_dementia","PA",360197
"female","25-29","sc_cycle_deaths_pa_total_dementia_ub",0,"bogota","Cycling",NA,"L2: Other","L3: total_dementia","PA",364423
"female","30-34","sc_cycle_deaths_pa_total_dementia_ub",0,"bogota","Cycling",NA,"L2: Other","L3: total_dementia","PA",330341
"female","35-39","sc_cycle_deaths_pa_total_dementia_ub",0,"bogota","Cycling",NA,"L2: Other","L3: total_dementia","PA",309304
"female","40-44","sc_cycle_deaths_pa_total_dementia_ub",0.00161,"bogota","Cycling",NA,"L2: Other","L3: total_dementia","PA",275440
"female","45-49","sc_cycle_deaths_pa_total_dementia_ub",0.00744,"bogota","Cycling",NA,"L2: Other","L3: total_dementia","PA",254843
"female","50-54","sc_cycle_deaths_pa_total_dementia_ub",0.02325,"bogota","Cycling",NA,"L2: Other","L3: total_dementia","PA",256059
"female","55-59","sc_cycle_deaths_pa_total_dementia_ub",0.04545,"bogota","Cycling",NA,"L2: Other","L3: total_dementia","PA",235548
"female","60-64","sc_cycle_deaths_pa_total_dementia_ub",0.07497,"bogota","Cycling",NA,"L2: Other","L3: total_dementia","PA",189600
"female","65-69","sc_cycle_deaths_pa_total_dementia_ub",0.11371,"bogota","Cycling",NA,"L2: Other","L3: total_dementia","PA",141409
"male","15-19","sc_car_deaths_pa_total_dementia_ub",0,"bogota","Car",NA,"L2: Other","L3: total_dementia","PA",282736
"male","20-24","sc_car_deaths_pa_total_dementia_ub",0,"bogota","Car",NA,"L2: Other","L3: total_dementia","PA",357934
"male","25-29","sc_car_deaths_pa_total_dementia_ub",0,"bogota","Car",NA,"L2: Other","L3: total_dementia","PA",360031
"male","30-34","sc_car_deaths_pa_total_dementia_ub",0,"bogota","Car",NA,"L2: Other","L3: total_dementia","PA",321492
"male","35-39","sc_car_deaths_pa_total_dementia_ub",0,"bogota","Car",NA,"L2: Other","L3: total_dementia","PA",289808
"male","40-44","sc_car_deaths_pa_total_dementia_ub",-0.00065,"bogota","Car",NA,"L2: Other","L3: total_dementia","PA",244543
"male","45-49","sc_car_deaths_pa_total_dementia_ub",-0.0042,"bogota","Car",NA,"L2: Other","L3: total_dementia","PA",215491
"male","50-54","sc_car_deaths_pa_total_dementia_ub",-0.00813,"bogota","Car",NA,"L2: Other","L3: total_dementia","PA",209137
"male","55-59","sc_car_deaths_pa_total_dementia_ub",-0.0143,"bogota","Car",NA,"L2: Other","L3: total_dementia","PA",187551
"male","60-64","sc_car_deaths_pa_total_dementia_ub",-0.03216,"bogota","Car",NA,"L2: Other","L3: total_dementia","PA",146500
"male","65-69","sc_car_deaths_pa_total_dementia_ub",-0.07645,"bogota","Car",NA,"L2: Other","L3: total_dementia","PA",105412
"female","15-19","sc_car_deaths_pa_total_dementia_ub",0,"bogota","Car",NA,"L2: Other","L3: total_dementia","PA",279280
"female","20-24","sc_car_deaths_pa_total_dementia_ub",0,"bogota","Car",NA,"L2: Other","L3: total_dementia","PA",360197
"female","25-29","sc_car_deaths_pa_total_dementia_ub",0,"bogota","Car",NA,"L2: Other","L3: total_dementia","PA",364423
"female","30-34","sc_car_deaths_pa_total_dementia_ub",0,"bogota","Car",NA,"L2: Other","L3: total_dementia","PA",330341
"female","35-39","sc_car_deaths_pa_total_dementia_ub",0,"bogota","Car",NA,"L2: Other","L3: total_dementia","PA",309304
"female","40-44","sc_car_deaths_pa_total_dementia_ub",-0.00077,"bogota","Car",NA,"L2: Other","L3: total_dementia","PA",275440
"female","45-49","sc_car_deaths_pa_total_dementia_ub",-0.00357,"bogota","Car",NA,"L2: Other","L3: total_dementia","PA",254843
"female","50-54","sc_car_deaths_pa_total_dementia_ub",-0.00507,"bogota","Car",NA,"L2: Other","L3: total_dementia","PA",256059
"female","55-59","sc_car_deaths_pa_total_dementia_ub",-0.01288,"bogota","Car",NA,"L2: Other","L3: total_dementia","PA",235548
"female","60-64","sc_car_deaths_pa_total_dementia_ub",-0.03289,"bogota","Car",NA,"L2: Other","L3: total_dementia","PA",189600
"female","65-69","sc_car_deaths_pa_total_dementia_ub",-0.0638,"bogota","Car",NA,"L2: Other","L3: total_dementia","PA",141409
"male","15-19","sc_bus_deaths_pa_total_dementia_ub",0,"bogota","Bus",NA,"L2: Other","L3: total_dementia","PA",282736
"male","20-24","sc_bus_deaths_pa_total_dementia_ub",0,"bogota","Bus",NA,"L2: Other","L3: total_dementia","PA",357934
"male","25-29","sc_bus_deaths_pa_total_dementia_ub",0,"bogota","Bus",NA,"L2: Other","L3: total_dementia","PA",360031
"male","30-34","sc_bus_deaths_pa_total_dementia_ub",0,"bogota","Bus",NA,"L2: Other","L3: total_dementia","PA",321492
"male","35-39","sc_bus_deaths_pa_total_dementia_ub",0,"bogota","Bus",NA,"L2: Other","L3: total_dementia","PA",289808
"male","40-44","sc_bus_deaths_pa_total_dementia_ub",0.00023,"bogota","Bus",NA,"L2: Other","L3: total_dementia","PA",244543
"male","45-49","sc_bus_deaths_pa_total_dementia_ub",-0.00031,"bogota","Bus",NA,"L2: Other","L3: total_dementia","PA",215491
"male","50-54","sc_bus_deaths_pa_total_dementia_ub",-0.00021,"bogota","Bus",NA,"L2: Other","L3: total_dementia","PA",209137
"male","55-59","sc_bus_deaths_pa_total_dementia_ub",0.0028,"bogota","Bus",NA,"L2: Other","L3: total_dementia","PA",187551
"male","60-64","sc_bus_deaths_pa_total_dementia_ub",-0.00703,"bogota","Bus",NA,"L2: Other","L3: total_dementia","PA",146500
"male","65-69","sc_bus_deaths_pa_total_dementia_ub",-0.00847,"bogota","Bus",NA,"L2: Other","L3: total_dementia","PA",105412
"female","15-19","sc_bus_deaths_pa_total_dementia_ub",0,"bogota","Bus",NA,"L2: Other","L3: total_dementia","PA",279280
"female","20-24","sc_bus_deaths_pa_total_dementia_ub",0,"bogota","Bus",NA,"L2: Other","L3: total_dementia","PA",360197
"female","25-29","sc_bus_deaths_pa_total_dementia_ub",0,"bogota","Bus",NA,"L2: Other","L3: total_dementia","PA",364423
"female","30-34","sc_bus_deaths_pa_total_dementia_ub",0,"bogota","Bus",NA,"L2: Other","L3: total_dementia","PA",330341
"female","35-39","sc_bus_deaths_pa_total_dementia_ub",0,"bogota","Bus",NA,"L2: Other","L3: total_dementia","PA",309304
"female","40-44","sc_bus_deaths_pa_total_dementia_ub",0.00014,"bogota","Bus",NA,"L2: Other","L3: total_dementia","PA",275440
"female","45-49","sc_bus_deaths_pa_total_dementia_ub",0.0002,"bogota","Bus",NA,"L2: Other","L3: total_dementia","PA",254843
"female","50-54","sc_bus_deaths_pa_total_dementia_ub",0.00215,"bogota","Bus",NA,"L2: Other","L3: total_dementia","PA",256059
"female","55-59","sc_bus_deaths_pa_total_dementia_ub",0.00613,"bogota","Bus",NA,"L2: Other","L3: total_dementia","PA",235548
"female","60-64","sc_bus_deaths_pa_total_dementia_ub",0.01241,"bogota","Bus",NA,"L2: Other","L3: total_dementia","PA",189600
"female","65-69","sc_bus_deaths_pa_total_dementia_ub",0.0168,"bogota","Bus",NA,"L2: Other","L3: total_dementia","PA",141409
"male","15-19","sc_cycle_deaths_pa_myeloma",0,"bogota","Cycling",NA,NA,"L3: myeloma","PA",282736
"male","20-24","sc_cycle_deaths_pa_myeloma",0.0008,"bogota","Cycling",NA,NA,"L3: myeloma","PA",357934
"male","25-29","sc_cycle_deaths_pa_myeloma",0.00158,"bogota","Cycling",NA,NA,"L3: myeloma","PA",360031
"male","30-34","sc_cycle_deaths_pa_myeloma",0.00269,"bogota","Cycling",NA,NA,"L3: myeloma","PA",321492
"male","35-39","sc_cycle_deaths_pa_myeloma",0.00528,"bogota","Cycling",NA,NA,"L3: myeloma","PA",289808
"male","40-44","sc_cycle_deaths_pa_myeloma",0.00976,"bogota","Cycling",NA,NA,"L3: myeloma","PA",244543
"male","45-49","sc_cycle_deaths_pa_myeloma",0.02003,"bogota","Cycling",NA,NA,"L3: myeloma","PA",215491
"male","50-54","sc_cycle_deaths_pa_myeloma",0.03603,"bogota","Cycling",NA,NA,"L3: myeloma","PA",209137
"male","55-59","sc_cycle_deaths_pa_myeloma",0.04936,"bogota","Cycling",NA,NA,"L3: myeloma","PA",187551
"male","60-64","sc_cycle_deaths_pa_myeloma",0.07866,"bogota","Cycling",NA,NA,"L3: myeloma","PA",146500
"male","65-69","sc_cycle_deaths_pa_myeloma",0.08601,"bogota","Cycling",NA,NA,"L3: myeloma","PA",105412
"female","15-19","sc_cycle_deaths_pa_myeloma",0,"bogota","Cycling",NA,NA,"L3: myeloma","PA",279280
"female","20-24","sc_cycle_deaths_pa_myeloma",0.0006,"bogota","Cycling",NA,NA,"L3: myeloma","PA",360197
"female","25-29","sc_cycle_deaths_pa_myeloma",0.0011,"bogota","Cycling",NA,NA,"L3: myeloma","PA",364423
"female","30-34","sc_cycle_deaths_pa_myeloma",0.00303,"bogota","Cycling",NA,NA,"L3: myeloma","PA",330341
"female","35-39","sc_cycle_deaths_pa_myeloma",0.00546,"bogota","Cycling",NA,NA,"L3: myeloma","PA",309304
"female","40-44","sc_cycle_deaths_pa_myeloma",0.01024,"bogota","Cycling",NA,NA,"L3: myeloma","PA",275440
"female","45-49","sc_cycle_deaths_pa_myeloma",0.01876,"bogota","Cycling",NA,NA,"L3: myeloma","PA",254843
"female","50-54","sc_cycle_deaths_pa_myeloma",0.04712,"bogota","Cycling",NA,NA,"L3: myeloma","PA",256059
"female","55-59","sc_cycle_deaths_pa_myeloma",0.07551,"bogota","Cycling",NA,NA,"L3: myeloma","PA",235548
"female","60-64","sc_cycle_deaths_pa_myeloma",0.08968,"bogota","Cycling",NA,NA,"L3: myeloma","PA",189600
"female","65-69","sc_cycle_deaths_pa_myeloma",0.08426,"bogota","Cycling",NA,NA,"L3: myeloma","PA",141409
"male","15-19","sc_car_deaths_pa_myeloma",0,"bogota","Car",NA,NA,"L3: myeloma","PA",282736
"male","20-24","sc_car_deaths_pa_myeloma",-0.00045,"bogota","Car",NA,NA,"L3: myeloma","PA",357934
"male","25-29","sc_car_deaths_pa_myeloma",-0.00063,"bogota","Car",NA,NA,"L3: myeloma","PA",360031
"male","30-34","sc_car_deaths_pa_myeloma",-0.00124,"bogota","Car",NA,NA,"L3: myeloma","PA",321492
"male","35-39","sc_car_deaths_pa_myeloma",-0.00221,"bogota","Car",NA,NA,"L3: myeloma","PA",289808
"male","40-44","sc_car_deaths_pa_myeloma",-0.00446,"bogota","Car",NA,NA,"L3: myeloma","PA",244543
"male","45-49","sc_car_deaths_pa_myeloma",-0.01093,"bogota","Car",NA,NA,"L3: myeloma","PA",215491
"male","50-54","sc_car_deaths_pa_myeloma",-0.0221,"bogota","Car",NA,NA,"L3: myeloma","PA",209137
"male","55-59","sc_car_deaths_pa_myeloma",-0.02652,"bogota","Car",NA,NA,"L3: myeloma","PA",187551
"male","60-64","sc_car_deaths_pa_myeloma",-0.04095,"bogota","Car",NA,NA,"L3: myeloma","PA",146500
"male","65-69","sc_car_deaths_pa_myeloma",-0.05548,"bogota","Car",NA,NA,"L3: myeloma","PA",105412
"female","15-19","sc_car_deaths_pa_myeloma",0,"bogota","Car",NA,NA,"L3: myeloma","PA",279280
"female","20-24","sc_car_deaths_pa_myeloma",-0.00028,"bogota","Car",NA,NA,"L3: myeloma","PA",360197
"female","25-29","sc_car_deaths_pa_myeloma",-0.00046,"bogota","Car",NA,NA,"L3: myeloma","PA",364423
"female","30-34","sc_car_deaths_pa_myeloma",-0.0012,"bogota","Car",NA,NA,"L3: myeloma","PA",330341
"female","35-39","sc_car_deaths_pa_myeloma",-0.00197,"bogota","Car",NA,NA,"L3: myeloma","PA",309304
"female","40-44","sc_car_deaths_pa_myeloma",-0.00428,"bogota","Car",NA,NA,"L3: myeloma","PA",275440
"female","45-49","sc_car_deaths_pa_myeloma",-0.0072,"bogota","Car",NA,NA,"L3: myeloma","PA",254843
"female","50-54","sc_car_deaths_pa_myeloma",-0.00895,"bogota","Car",NA,NA,"L3: myeloma","PA",256059
"female","55-59","sc_car_deaths_pa_myeloma",-0.0173,"bogota","Car",NA,NA,"L3: myeloma","PA",235548
"female","60-64","sc_car_deaths_pa_myeloma",-0.02987,"bogota","Car",NA,NA,"L3: myeloma","PA",189600
"female","65-69","sc_car_deaths_pa_myeloma",-0.03314,"bogota","Car",NA,NA,"L3: myeloma","PA",141409
"male","15-19","sc_bus_deaths_pa_myeloma",0,"bogota","Bus",NA,NA,"L3: myeloma","PA",282736
"male","20-24","sc_bus_deaths_pa_myeloma",-0.00013,"bogota","Bus",NA,NA,"L3: myeloma","PA",357934
"male","25-29","sc_bus_deaths_pa_myeloma",-0.00019,"bogota","Bus",NA,NA,"L3: myeloma","PA",360031
"male","30-34","sc_bus_deaths_pa_myeloma",-0.00035,"bogota","Bus",NA,NA,"L3: myeloma","PA",321492
"male","35-39","sc_bus_deaths_pa_myeloma",-0.00057,"bogota","Bus",NA,NA,"L3: myeloma","PA",289808
"male","40-44","sc_bus_deaths_pa_myeloma",0.00013,"bogota","Bus",NA,NA,"L3: myeloma","PA",244543
"male","45-49","sc_bus_deaths_pa_myeloma",-0.00397,"bogota","Bus",NA,NA,"L3: myeloma","PA",215491
"male","50-54","sc_bus_deaths_pa_myeloma",-0.00705,"bogota","Bus",NA,NA,"L3: myeloma","PA",209137
"male","55-59","sc_bus_deaths_pa_myeloma",-0.00155,"bogota","Bus",NA,NA,"L3: myeloma","PA",187551
"male","60-64","sc_bus_deaths_pa_myeloma",-0.01556,"bogota","Bus",NA,NA,"L3: myeloma","PA",146500
"male","65-69","sc_bus_deaths_pa_myeloma",-0.01416,"bogota","Bus",NA,NA,"L3: myeloma","PA",105412
"female","15-19","sc_bus_deaths_pa_myeloma",0,"bogota","Bus",NA,NA,"L3: myeloma","PA",279280
"female","20-24","sc_bus_deaths_pa_myeloma",-0.00003,"bogota","Bus",NA,NA,"L3: myeloma","PA",360197
"female","25-29","sc_bus_deaths_pa_myeloma",0,"bogota","Bus",NA,NA,"L3: myeloma","PA",364423
"female","30-34","sc_bus_deaths_pa_myeloma",0.00001,"bogota","Bus",NA,NA,"L3: myeloma","PA",330341
"female","35-39","sc_bus_deaths_pa_myeloma",-0.00019,"bogota","Bus",NA,NA,"L3: myeloma","PA",309304
"female","40-44","sc_bus_deaths_pa_myeloma",0.00014,"bogota","Bus",NA,NA,"L3: myeloma","PA",275440
"female","45-49","sc_bus_deaths_pa_myeloma",-0.00074,"bogota","Bus",NA,NA,"L3: myeloma","PA",254843
"female","50-54","sc_bus_deaths_pa_myeloma",0.00285,"bogota","Bus",NA,NA,"L3: myeloma","PA",256059
"female","55-59","sc_bus_deaths_pa_myeloma",0.00707,"bogota","Bus",NA,NA,"L3: myeloma","PA",235548
"female","60-64","sc_bus_deaths_pa_myeloma",0.00879,"bogota","Bus",NA,NA,"L3: myeloma","PA",189600
"female","65-69","sc_bus_deaths_pa_myeloma",0.00711,"bogota","Bus",NA,NA,"L3: myeloma","PA",141409
"male","15-19","sc_cycle_deaths_pa_myeloma_lb",0,"bogota","Cycling",NA,NA,"L3: myeloma","PA",282736
"male","20-24","sc_cycle_deaths_pa_myeloma_lb",0.00134,"bogota","Cycling",NA,NA,"L3: myeloma","PA",357934
"male","25-29","sc_cycle_deaths_pa_myeloma_lb",0.00266,"bogota","Cycling",NA,NA,"L3: myeloma","PA",360031
"male","30-34","sc_cycle_deaths_pa_myeloma_lb",0.00461,"bogota","Cycling",NA,NA,"L3: myeloma","PA",321492
"male","35-39","sc_cycle_deaths_pa_myeloma_lb",0.00897,"bogota","Cycling",NA,NA,"L3: myeloma","PA",289808
"male","40-44","sc_cycle_deaths_pa_myeloma_lb",0.01662,"bogota","Cycling",NA,NA,"L3: myeloma","PA",244543
"male","45-49","sc_cycle_deaths_pa_myeloma_lb",0.03433,"bogota","Cycling",NA,NA,"L3: myeloma","PA",215491
"male","50-54","sc_cycle_deaths_pa_myeloma_lb",0.06131,"bogota","Cycling",NA,NA,"L3: myeloma","PA",209137
"male","55-59","sc_cycle_deaths_pa_myeloma_lb",0.08452,"bogota","Cycling",NA,NA,"L3: myeloma","PA",187551
"male","60-64","sc_cycle_deaths_pa_myeloma_lb",0.13302,"bogota","Cycling",NA,NA,"L3: myeloma","PA",146500
"male","65-69","sc_cycle_deaths_pa_myeloma_lb",0.14583,"bogota","Cycling",NA,NA,"L3: myeloma","PA",105412
"female","15-19","sc_cycle_deaths_pa_myeloma_lb",0,"bogota","Cycling",NA,NA,"L3: myeloma","PA",279280
"female","20-24","sc_cycle_deaths_pa_myeloma_lb",0.00101,"bogota","Cycling",NA,NA,"L3: myeloma","PA",360197
"female","25-29","sc_cycle_deaths_pa_myeloma_lb",0.00184,"bogota","Cycling",NA,NA,"L3: myeloma","PA",364423
"female","30-34","sc_cycle_deaths_pa_myeloma_lb",0.00512,"bogota","Cycling",NA,NA,"L3: myeloma","PA",330341
"female","35-39","sc_cycle_deaths_pa_myeloma_lb",0.00918,"bogota","Cycling",NA,NA,"L3: myeloma","PA",309304
"female","40-44","sc_cycle_deaths_pa_myeloma_lb",0.0173,"bogota","Cycling",NA,NA,"L3: myeloma","PA",275440
"female","45-49","sc_cycle_deaths_pa_myeloma_lb",0.03163,"bogota","Cycling",NA,NA,"L3: myeloma","PA",254843
"female","50-54","sc_cycle_deaths_pa_myeloma_lb",0.07904,"bogota","Cycling",NA,NA,"L3: myeloma","PA",256059
"female","55-59","sc_cycle_deaths_pa_myeloma_lb",0.12591,"bogota","Cycling",NA,NA,"L3: myeloma","PA",235548
"female","60-64","sc_cycle_deaths_pa_myeloma_lb",0.14932,"bogota","Cycling",NA,NA,"L3: myeloma","PA",189600
"female","65-69","sc_cycle_deaths_pa_myeloma_lb",0.14075,"bogota","Cycling",NA,NA,"L3: myeloma","PA",141409
"male","15-19","sc_car_deaths_pa_myeloma_lb",0,"bogota","Car",NA,NA,"L3: myeloma","PA",282736
"male","20-24","sc_car_deaths_pa_myeloma_lb",-0.00077,"bogota","Car",NA,NA,"L3: myeloma","PA",357934
"male","25-29","sc_car_deaths_pa_myeloma_lb",-0.00107,"bogota","Car",NA,NA,"L3: myeloma","PA",360031
"male","30-34","sc_car_deaths_pa_myeloma_lb",-0.00213,"bogota","Car",NA,NA,"L3: myeloma","PA",321492
"male","35-39","sc_car_deaths_pa_myeloma_lb",-0.00379,"bogota","Car",NA,NA,"L3: myeloma","PA",289808
"male","40-44","sc_car_deaths_pa_myeloma_lb",-0.00766,"bogota","Car",NA,NA,"L3: myeloma","PA",244543
"male","45-49","sc_car_deaths_pa_myeloma_lb",-0.01873,"bogota","Car",NA,NA,"L3: myeloma","PA",215491
"male","50-54","sc_car_deaths_pa_myeloma_lb",-0.03784,"bogota","Car",NA,NA,"L3: myeloma","PA",209137
"male","55-59","sc_car_deaths_pa_myeloma_lb",-0.04587,"bogota","Car",NA,NA,"L3: myeloma","PA",187551
"male","60-64","sc_car_deaths_pa_myeloma_lb",-0.07044,"bogota","Car",NA,NA,"L3: myeloma","PA",146500
"male","65-69","sc_car_deaths_pa_myeloma_lb",-0.09567,"bogota","Car",NA,NA,"L3: myeloma","PA",105412
"female","15-19","sc_car_deaths_pa_myeloma_lb",0,"bogota","Car",NA,NA,"L3: myeloma","PA",279280
"female","20-24","sc_car_deaths_pa_myeloma_lb",-0.00048,"bogota","Car",NA,NA,"L3: myeloma","PA",360197
"female","25-29","sc_car_deaths_pa_myeloma_lb",-0.00079,"bogota","Car",NA,NA,"L3: myeloma","PA",364423
"female","30-34","sc_car_deaths_pa_myeloma_lb",-0.00206,"bogota","Car",NA,NA,"L3: myeloma","PA",330341
"female","35-39","sc_car_deaths_pa_myeloma_lb",-0.00337,"bogota","Car",NA,NA,"L3: myeloma","PA",309304
"female","40-44","sc_car_deaths_pa_myeloma_lb",-0.00732,"bogota","Car",NA,NA,"L3: myeloma","PA",275440
"female","45-49","sc_car_deaths_pa_myeloma_lb",-0.01229,"bogota","Car",NA,NA,"L3: myeloma","PA",254843
"female","50-54","sc_car_deaths_pa_myeloma_lb",-0.01523,"bogota","Car",NA,NA,"L3: myeloma","PA",256059
"female","55-59","sc_car_deaths_pa_myeloma_lb",-0.0296,"bogota","Car",NA,NA,"L3: myeloma","PA",235548
"female","60-64","sc_car_deaths_pa_myeloma_lb",-0.0514,"bogota","Car",NA,NA,"L3: myeloma","PA",189600
"female","65-69","sc_car_deaths_pa_myeloma_lb",-0.0575,"bogota","Car",NA,NA,"L3: myeloma","PA",141409
"male","15-19","sc_bus_deaths_pa_myeloma_lb",0,"bogota","Bus",NA,NA,"L3: myeloma","PA",282736
"male","20-24","sc_bus_deaths_pa_myeloma_lb",-0.00021,"bogota","Bus",NA,NA,"L3: myeloma","PA",357934
"male","25-29","sc_bus_deaths_pa_myeloma_lb",-0.00029,"bogota","Bus",NA,NA,"L3: myeloma","PA",360031
"male","30-34","sc_bus_deaths_pa_myeloma_lb",-0.00052,"bogota","Bus",NA,NA,"L3: myeloma","PA",321492
"male","35-39","sc_bus_deaths_pa_myeloma_lb",-0.00084,"bogota","Bus",NA,NA,"L3: myeloma","PA",289808
"male","40-44","sc_bus_deaths_pa_myeloma_lb",0.00045,"bogota","Bus",NA,NA,"L3: myeloma","PA",244543
"male","45-49","sc_bus_deaths_pa_myeloma_lb",-0.00627,"bogota","Bus",NA,NA,"L3: myeloma","PA",215491
"male","50-54","sc_bus_deaths_pa_myeloma_lb",-0.0108,"bogota","Bus",NA,NA,"L3: myeloma","PA",209137
"male","55-59","sc_bus_deaths_pa_myeloma_lb",-0.00152,"bogota","Bus",NA,NA,"L3: myeloma","PA",187551
"male","60-64","sc_bus_deaths_pa_myeloma_lb",-0.02555,"bogota","Bus",NA,NA,"L3: myeloma","PA",146500
"male","65-69","sc_bus_deaths_pa_myeloma_lb",-0.02286,"bogota","Bus",NA,NA,"L3: myeloma","PA",105412
"female","15-19","sc_bus_deaths_pa_myeloma_lb",0,"bogota","Bus",NA,NA,"L3: myeloma","PA",279280
"female","20-24","sc_bus_deaths_pa_myeloma_lb",-0.00004,"bogota","Bus",NA,NA,"L3: myeloma","PA",360197
"female","25-29","sc_bus_deaths_pa_myeloma_lb",0,"bogota","Bus",NA,NA,"L3: myeloma","PA",364423
"female","30-34","sc_bus_deaths_pa_myeloma_lb",0.00004,"bogota","Bus",NA,NA,"L3: myeloma","PA",330341
"female","35-39","sc_bus_deaths_pa_myeloma_lb",-0.00029,"bogota","Bus",NA,NA,"L3: myeloma","PA",309304
"female","40-44","sc_bus_deaths_pa_myeloma_lb",0.00031,"bogota","Bus",NA,NA,"L3: myeloma","PA",275440
"female","45-49","sc_bus_deaths_pa_myeloma_lb",-0.00106,"bogota","Bus",NA,NA,"L3: myeloma","PA",254843
"female","50-54","sc_bus_deaths_pa_myeloma_lb",0.00506,"bogota","Bus",NA,NA,"L3: myeloma","PA",256059
"female","55-59","sc_bus_deaths_pa_myeloma_lb",0.01228,"bogota","Bus",NA,NA,"L3: myeloma","PA",235548
"female","60-64","sc_bus_deaths_pa_myeloma_lb",0.01565,"bogota","Bus",NA,NA,"L3: myeloma","PA",189600
"female","65-69","sc_bus_deaths_pa_myeloma_lb",0.01278,"bogota","Bus",NA,NA,"L3: myeloma","PA",141409
"male","15-19","sc_cycle_deaths_pa_myeloma_ub",0,"bogota","Cycling",NA,NA,"L3: myeloma","PA",282736
"male","20-24","sc_cycle_deaths_pa_myeloma_ub",0.00022,"bogota","Cycling",NA,NA,"L3: myeloma","PA",357934
"male","25-29","sc_cycle_deaths_pa_myeloma_ub",0.00044,"bogota","Cycling",NA,NA,"L3: myeloma","PA",360031
"male","30-34","sc_cycle_deaths_pa_myeloma_ub",0.00072,"bogota","Cycling",NA,NA,"L3: myeloma","PA",321492
"male","35-39","sc_cycle_deaths_pa_myeloma_ub",0.00141,"bogota","Cycling",NA,NA,"L3: myeloma","PA",289808
"male","40-44","sc_cycle_deaths_pa_myeloma_ub",0.00263,"bogota","Cycling",NA,NA,"L3: myeloma","PA",244543
"male","45-49","sc_cycle_deaths_pa_myeloma_ub",0.00537,"bogota","Cycling",NA,NA,"L3: myeloma","PA",215491
"male","50-54","sc_cycle_deaths_pa_myeloma_ub",0.00943,"bogota","Cycling",NA,NA,"L3: myeloma","PA",209137
"male","55-59","sc_cycle_deaths_pa_myeloma_ub",0.01366,"bogota","Cycling",NA,NA,"L3: myeloma","PA",187551
"male","60-64","sc_cycle_deaths_pa_myeloma_ub",0.02105,"bogota","Cycling",NA,NA,"L3: myeloma","PA",146500
"male","65-69","sc_cycle_deaths_pa_myeloma_ub",0.02421,"bogota","Cycling",NA,NA,"L3: myeloma","PA",105412
"female","15-19","sc_cycle_deaths_pa_myeloma_ub",0,"bogota","Cycling",NA,NA,"L3: myeloma","PA",279280
"female","20-24","sc_cycle_deaths_pa_myeloma_ub",0.00017,"bogota","Cycling",NA,NA,"L3: myeloma","PA",360197
"female","25-29","sc_cycle_deaths_pa_myeloma_ub",0.00031,"bogota","Cycling",NA,NA,"L3: myeloma","PA",364423
"female","30-34","sc_cycle_deaths_pa_myeloma_ub",0.00083,"bogota","Cycling",NA,NA,"L3: myeloma","PA",330341
"female","35-39","sc_cycle_deaths_pa_myeloma_ub",0.00149,"bogota","Cycling",NA,NA,"L3: myeloma","PA",309304
"female","40-44","sc_cycle_deaths_pa_myeloma_ub",0.00284,"bogota","Cycling",NA,NA,"L3: myeloma","PA",275440
"female","45-49","sc_cycle_deaths_pa_myeloma_ub",0.00507,"bogota","Cycling",NA,NA,"L3: myeloma","PA",254843
"female","50-54","sc_cycle_deaths_pa_myeloma_ub",0.01359,"bogota","Cycling",NA,NA,"L3: myeloma","PA",256059
"female","55-59","sc_cycle_deaths_pa_myeloma_ub",0.02183,"bogota","Cycling",NA,NA,"L3: myeloma","PA",235548
"female","60-64","sc_cycle_deaths_pa_myeloma_ub",0.02588,"bogota","Cycling",NA,NA,"L3: myeloma","PA",189600
"female","65-69","sc_cycle_deaths_pa_myeloma_ub",0.02381,"bogota","Cycling",NA,NA,"L3: myeloma","PA",141409
"male","15-19","sc_car_deaths_pa_myeloma_ub",0,"bogota","Car",NA,NA,"L3: myeloma","PA",282736
"male","20-24","sc_car_deaths_pa_myeloma_ub",-0.00013,"bogota","Car",NA,NA,"L3: myeloma","PA",357934
"male","25-29","sc_car_deaths_pa_myeloma_ub",-0.00018,"bogota","Car",NA,NA,"L3: myeloma","PA",360031
"male","30-34","sc_car_deaths_pa_myeloma_ub",-0.00034,"bogota","Car",NA,NA,"L3: myeloma","PA",321492
"male","35-39","sc_car_deaths_pa_myeloma_ub",-0.00062,"bogota","Car",NA,NA,"L3: myeloma","PA",289808
"male","40-44","sc_car_deaths_pa_myeloma_ub",-0.00124,"bogota","Car",NA,NA,"L3: myeloma","PA",244543
"male","45-49","sc_car_deaths_pa_myeloma_ub",-0.00303,"bogota","Car",NA,NA,"L3: myeloma","PA",215491
"male","50-54","sc_car_deaths_pa_myeloma_ub",-0.00617,"bogota","Car",NA,NA,"L3: myeloma","PA",209137
"male","55-59","sc_car_deaths_pa_myeloma_ub",-0.00725,"bogota","Car",NA,NA,"L3: myeloma","PA",187551
"male","60-64","sc_car_deaths_pa_myeloma_ub",-0.01152,"bogota","Car",NA,NA,"L3: myeloma","PA",146500
"male","65-69","sc_car_deaths_pa_myeloma_ub",-0.01576,"bogota","Car",NA,NA,"L3: myeloma","PA",105412
"female","15-19","sc_car_deaths_pa_myeloma_ub",0,"bogota","Car",NA,NA,"L3: myeloma","PA",279280
"female","20-24","sc_car_deaths_pa_myeloma_ub",-0.00008,"bogota","Car",NA,NA,"L3: myeloma","PA",360197
"female","25-29","sc_car_deaths_pa_myeloma_ub",-0.00013,"bogota","Car",NA,NA,"L3: myeloma","PA",364423
"female","30-34","sc_car_deaths_pa_myeloma_ub",-0.00034,"bogota","Car",NA,NA,"L3: myeloma","PA",330341
"female","35-39","sc_car_deaths_pa_myeloma_ub",-0.00056,"bogota","Car",NA,NA,"L3: myeloma","PA",309304
"female","40-44","sc_car_deaths_pa_myeloma_ub",-0.00121,"bogota","Car",NA,NA,"L3: myeloma","PA",275440
"female","45-49","sc_car_deaths_pa_myeloma_ub",-0.00208,"bogota","Car",NA,NA,"L3: myeloma","PA",254843
"female","50-54","sc_car_deaths_pa_myeloma_ub",-0.00263,"bogota","Car",NA,NA,"L3: myeloma","PA",256059
"female","55-59","sc_car_deaths_pa_myeloma_ub",-0.00504,"bogota","Car",NA,NA,"L3: myeloma","PA",235548
"female","60-64","sc_car_deaths_pa_myeloma_ub",-0.00864,"bogota","Car",NA,NA,"L3: myeloma","PA",189600
"female","65-69","sc_car_deaths_pa_myeloma_ub",-0.0096,"bogota","Car",NA,NA,"L3: myeloma","PA",141409
"male","15-19","sc_bus_deaths_pa_myeloma_ub",0,"bogota","Bus",NA,NA,"L3: myeloma","PA",282736
"male","20-24","sc_bus_deaths_pa_myeloma_ub",-0.00003,"bogota","Bus",NA,NA,"L3: myeloma","PA",357934
"male","25-29","sc_bus_deaths_pa_myeloma_ub",-0.00005,"bogota","Bus",NA,NA,"L3: myeloma","PA",360031
"male","30-34","sc_bus_deaths_pa_myeloma_ub",-0.00008,"bogota","Bus",NA,NA,"L3: myeloma","PA",321492
"male","35-39","sc_bus_deaths_pa_myeloma_ub",-0.00012,"bogota","Bus",NA,NA,"L3: myeloma","PA",289808
"male","40-44","sc_bus_deaths_pa_myeloma_ub",0.0001,"bogota","Bus",NA,NA,"L3: myeloma","PA",244543
"male","45-49","sc_bus_deaths_pa_myeloma_ub",-0.00101,"bogota","Bus",NA,NA,"L3: myeloma","PA",215491
"male","50-54","sc_bus_deaths_pa_myeloma_ub",-0.00194,"bogota","Bus",NA,NA,"L3: myeloma","PA",209137
"male","55-59","sc_bus_deaths_pa_myeloma_ub",-0.00022,"bogota","Bus",NA,NA,"L3: myeloma","PA",187551
"male","60-64","sc_bus_deaths_pa_myeloma_ub",-0.00419,"bogota","Bus",NA,NA,"L3: myeloma","PA",146500
"male","65-69","sc_bus_deaths_pa_myeloma_ub",-0.00383,"bogota","Bus",NA,NA,"L3: myeloma","PA",105412
"female","15-19","sc_bus_deaths_pa_myeloma_ub",0,"bogota","Bus",NA,NA,"L3: myeloma","PA",279280
"female","20-24","sc_bus_deaths_pa_myeloma_ub",-0.00001,"bogota","Bus",NA,NA,"L3: myeloma","PA",360197
"female","25-29","sc_bus_deaths_pa_myeloma_ub",0,"bogota","Bus",NA,NA,"L3: myeloma","PA",364423
"female","30-34","sc_bus_deaths_pa_myeloma_ub",0.00002,"bogota","Bus",NA,NA,"L3: myeloma","PA",330341
"female","35-39","sc_bus_deaths_pa_myeloma_ub",-0.00005,"bogota","Bus",NA,NA,"L3: myeloma","PA",309304
"female","40-44","sc_bus_deaths_pa_myeloma_ub",0.00008,"bogota","Bus",NA,NA,"L3: myeloma","PA",275440
"female","45-49","sc_bus_deaths_pa_myeloma_ub",-0.00018,"bogota","Bus",NA,NA,"L3: myeloma","PA",254843
"female","50-54","sc_bus_deaths_pa_myeloma_ub",0.00083,"bogota","Bus",NA,NA,"L3: myeloma","PA",256059
"female","55-59","sc_bus_deaths_pa_myeloma_ub",0.00213,"bogota","Bus",NA,NA,"L3: myeloma","PA",235548
"female","60-64","sc_bus_deaths_pa_myeloma_ub",0.00258,"bogota","Bus",NA,NA,"L3: myeloma","PA",189600
"female","65-69","sc_bus_deaths_pa_myeloma_ub",0.00208,"bogota","Bus",NA,NA,"L3: myeloma","PA",141409
"male","15-19","sc_cycle_deaths_pa_Parkinson",0,"bogota","Cycling",NA,"L2: Other","L3: Parkinson","PA",282736
"male","20-24","sc_cycle_deaths_pa_Parkinson",0.00008,"bogota","Cycling",NA,"L2: Other","L3: Parkinson","PA",357934
"male","25-29","sc_cycle_deaths_pa_Parkinson",0.00017,"bogota","Cycling",NA,"L2: Other","L3: Parkinson","PA",360031
"male","30-34","sc_cycle_deaths_pa_Parkinson",0.0001,"bogota","Cycling",NA,"L2: Other","L3: Parkinson","PA",321492
"male","35-39","sc_cycle_deaths_pa_Parkinson",0.00039,"bogota","Cycling",NA,"L2: Other","L3: Parkinson","PA",289808
"male","40-44","sc_cycle_deaths_pa_Parkinson",0.00196,"bogota","Cycling",NA,"L2: Other","L3: Parkinson","PA",244543
"male","45-49","sc_cycle_deaths_pa_Parkinson",0.005,"bogota","Cycling",NA,"L2: Other","L3: Parkinson","PA",215491
"male","50-54","sc_cycle_deaths_pa_Parkinson",0.0094,"bogota","Cycling",NA,"L2: Other","L3: Parkinson","PA",209137
"male","55-59","sc_cycle_deaths_pa_Parkinson",0.01294,"bogota","Cycling",NA,"L2: Other","L3: Parkinson","PA",187551
"male","60-64","sc_cycle_deaths_pa_Parkinson",0.038,"bogota","Cycling",NA,"L2: Other","L3: Parkinson","PA",146500
"male","65-69","sc_cycle_deaths_pa_Parkinson",0.07114,"bogota","Cycling",NA,"L2: Other","L3: Parkinson","PA",105412
"female","15-19","sc_cycle_deaths_pa_Parkinson",0,"bogota","Cycling",NA,"L2: Other","L3: Parkinson","PA",279280
"female","20-24","sc_cycle_deaths_pa_Parkinson",0.00004,"bogota","Cycling",NA,"L2: Other","L3: Parkinson","PA",360197
"female","25-29","sc_cycle_deaths_pa_Parkinson",0.00004,"bogota","Cycling",NA,"L2: Other","L3: Parkinson","PA",364423
"female","30-34","sc_cycle_deaths_pa_Parkinson",0.00001,"bogota","Cycling",NA,"L2: Other","L3: Parkinson","PA",330341
"female","35-39","sc_cycle_deaths_pa_Parkinson",0.00004,"bogota","Cycling",NA,"L2: Other","L3: Parkinson","PA",309304
"female","40-44","sc_cycle_deaths_pa_Parkinson",0.00092,"bogota","Cycling",NA,"L2: Other","L3: Parkinson","PA",275440
"female","45-49","sc_cycle_deaths_pa_Parkinson",0.00284,"bogota","Cycling",NA,"L2: Other","L3: Parkinson","PA",254843
"female","50-54","sc_cycle_deaths_pa_Parkinson",0.00679,"bogota","Cycling",NA,"L2: Other","L3: Parkinson","PA",256059
"female","55-59","sc_cycle_deaths_pa_Parkinson",0.01242,"bogota","Cycling",NA,"L2: Other","L3: Parkinson","PA",235548
"female","60-64","sc_cycle_deaths_pa_Parkinson",0.02425,"bogota","Cycling",NA,"L2: Other","L3: Parkinson","PA",189600
"female","65-69","sc_cycle_deaths_pa_Parkinson",0.04742,"bogota","Cycling",NA,"L2: Other","L3: Parkinson","PA",141409
"male","15-19","sc_car_deaths_pa_Parkinson",0,"bogota","Car",NA,"L2: Other","L3: Parkinson","PA",282736
"male","20-24","sc_car_deaths_pa_Parkinson",-0.00004,"bogota","Car",NA,"L2: Other","L3: Parkinson","PA",357934
"male","25-29","sc_car_deaths_pa_Parkinson",-0.00006,"bogota","Car",NA,"L2: Other","L3: Parkinson","PA",360031
"male","30-34","sc_car_deaths_pa_Parkinson",-0.00004,"bogota","Car",NA,"L2: Other","L3: Parkinson","PA",321492
"male","35-39","sc_car_deaths_pa_Parkinson",-0.00014,"bogota","Car",NA,"L2: Other","L3: Parkinson","PA",289808
"male","40-44","sc_car_deaths_pa_Parkinson",-0.00081,"bogota","Car",NA,"L2: Other","L3: Parkinson","PA",244543
"male","45-49","sc_car_deaths_pa_Parkinson",-0.0025,"bogota","Car",NA,"L2: Other","L3: Parkinson","PA",215491
"male","50-54","sc_car_deaths_pa_Parkinson",-0.00487,"bogota","Car",NA,"L2: Other","L3: Parkinson","PA",209137
"male","55-59","sc_car_deaths_pa_Parkinson",-0.00697,"bogota","Car",NA,"L2: Other","L3: Parkinson","PA",187551
"male","60-64","sc_car_deaths_pa_Parkinson",-0.01651,"bogota","Car",NA,"L2: Other","L3: Parkinson","PA",146500
"male","65-69","sc_car_deaths_pa_Parkinson",-0.0425,"bogota","Car",NA,"L2: Other","L3: Parkinson","PA",105412
"female","15-19","sc_car_deaths_pa_Parkinson",0,"bogota","Car",NA,"L2: Other","L3: Parkinson","PA",279280
"female","20-24","sc_car_deaths_pa_Parkinson",-0.00001,"bogota","Car",NA,"L2: Other","L3: Parkinson","PA",360197
"female","25-29","sc_car_deaths_pa_Parkinson",-0.00001,"bogota","Car",NA,"L2: Other","L3: Parkinson","PA",364423
"female","30-34","sc_car_deaths_pa_Parkinson",0,"bogota","Car",NA,"L2: Other","L3: Parkinson","PA",330341
"female","35-39","sc_car_deaths_pa_Parkinson",-0.00001,"bogota","Car",NA,"L2: Other","L3: Parkinson","PA",309304
"female","40-44","sc_car_deaths_pa_Parkinson",-0.00035,"bogota","Car",NA,"L2: Other","L3: Parkinson","PA",275440
"female","45-49","sc_car_deaths_pa_Parkinson",-0.00088,"bogota","Car",NA,"L2: Other","L3: Parkinson","PA",254843
"female","50-54","sc_car_deaths_pa_Parkinson",-0.00116,"bogota","Car",NA,"L2: Other","L3: Parkinson","PA",256059
"female","55-59","sc_car_deaths_pa_Parkinson",-0.00255,"bogota","Car",NA,"L2: Other","L3: Parkinson","PA",235548
"female","60-64","sc_car_deaths_pa_Parkinson",-0.00715,"bogota","Car",NA,"L2: Other","L3: Parkinson","PA",189600
"female","65-69","sc_car_deaths_pa_Parkinson",-0.01522,"bogota","Car",NA,"L2: Other","L3: Parkinson","PA",141409
"male","15-19","sc_bus_deaths_pa_Parkinson",0,"bogota","Bus",NA,"L2: Other","L3: Parkinson","PA",282736
"male","20-24","sc_bus_deaths_pa_Parkinson",-0.00002,"bogota","Bus",NA,"L2: Other","L3: Parkinson","PA",357934
"male","25-29","sc_bus_deaths_pa_Parkinson",-0.00003,"bogota","Bus",NA,"L2: Other","L3: Parkinson","PA",360031
"male","30-34","sc_bus_deaths_pa_Parkinson",-0.00002,"bogota","Bus",NA,"L2: Other","L3: Parkinson","PA",321492
"male","35-39","sc_bus_deaths_pa_Parkinson",-0.00008,"bogota","Bus",NA,"L2: Other","L3: Parkinson","PA",289808
"male","40-44","sc_bus_deaths_pa_Parkinson",-0.00017,"bogota","Bus",NA,"L2: Other","L3: Parkinson","PA",244543
"male","45-49","sc_bus_deaths_pa_Parkinson",-0.00133,"bogota","Bus",NA,"L2: Other","L3: Parkinson","PA",215491
"male","50-54","sc_bus_deaths_pa_Parkinson",-0.00213,"bogota","Bus",NA,"L2: Other","L3: Parkinson","PA",209137
"male","55-59","sc_bus_deaths_pa_Parkinson",-0.00147,"bogota","Bus",NA,"L2: Other","L3: Parkinson","PA",187551
"male","60-64","sc_bus_deaths_pa_Parkinson",-0.00806,"bogota","Bus",NA,"L2: Other","L3: Parkinson","PA",146500
"male","65-69","sc_bus_deaths_pa_Parkinson",-0.01483,"bogota","Bus",NA,"L2: Other","L3: Parkinson","PA",105412
"female","15-19","sc_bus_deaths_pa_Parkinson",0,"bogota","Bus",NA,"L2: Other","L3: Parkinson","PA",279280
"female","20-24","sc_bus_deaths_pa_Parkinson",0,"bogota","Bus",NA,"L2: Other","L3: Parkinson","PA",360197
"female","25-29","sc_bus_deaths_pa_Parkinson",0,"bogota","Bus",NA,"L2: Other","L3: Parkinson","PA",364423
"female","30-34","sc_bus_deaths_pa_Parkinson",0,"bogota","Bus",NA,"L2: Other","L3: Parkinson","PA",330341
"female","35-39","sc_bus_deaths_pa_Parkinson",0,"bogota","Bus",NA,"L2: Other","L3: Parkinson","PA",309304
"female","40-44","sc_bus_deaths_pa_Parkinson",-0.00003,"bogota","Bus",NA,"L2: Other","L3: Parkinson","PA",275440
"female","45-49","sc_bus_deaths_pa_Parkinson",-0.00019,"bogota","Bus",NA,"L2: Other","L3: Parkinson","PA",254843
"female","50-54","sc_bus_deaths_pa_Parkinson",0.00031,"bogota","Bus",NA,"L2: Other","L3: Parkinson","PA",256059
"female","55-59","sc_bus_deaths_pa_Parkinson",0.00086,"bogota","Bus",NA,"L2: Other","L3: Parkinson","PA",235548
"female","60-64","sc_bus_deaths_pa_Parkinson",0.00171,"bogota","Bus",NA,"L2: Other","L3: Parkinson","PA",189600
"female","65-69","sc_bus_deaths_pa_Parkinson",0.00272,"bogota","Bus",NA,"L2: Other","L3: Parkinson","PA",141409
"male","15-19","sc_cycle_deaths_pa_Parkinson_lb",0,"bogota","Cycling",NA,"L2: Other","L3: Parkinson","PA",282736
"male","20-24","sc_cycle_deaths_pa_Parkinson_lb",0.00014,"bogota","Cycling",NA,"L2: Other","L3: Parkinson","PA",357934
"male","25-29","sc_cycle_deaths_pa_Parkinson_lb",0.0003,"bogota","Cycling",NA,"L2: Other","L3: Parkinson","PA",360031
"male","30-34","sc_cycle_deaths_pa_Parkinson_lb",0.00018,"bogota","Cycling",NA,"L2: Other","L3: Parkinson","PA",321492
"male","35-39","sc_cycle_deaths_pa_Parkinson_lb",0.00065,"bogota","Cycling",NA,"L2: Other","L3: Parkinson","PA",289808
"male","40-44","sc_cycle_deaths_pa_Parkinson_lb",0.00331,"bogota","Cycling",NA,"L2: Other","L3: Parkinson","PA",244543
"male","45-49","sc_cycle_deaths_pa_Parkinson_lb",0.00857,"bogota","Cycling",NA,"L2: Other","L3: Parkinson","PA",215491
"male","50-54","sc_cycle_deaths_pa_Parkinson_lb",0.01504,"bogota","Cycling",NA,"L2: Other","L3: Parkinson","PA",209137
"male","55-59","sc_cycle_deaths_pa_Parkinson_lb",0.02309,"bogota","Cycling",NA,"L2: Other","L3: Parkinson","PA",187551
"male","60-64","sc_cycle_deaths_pa_Parkinson_lb",0.06145,"bogota","Cycling",NA,"L2: Other","L3: Parkinson","PA",146500
"male","65-69","sc_cycle_deaths_pa_Parkinson_lb",0.12664,"bogota","Cycling",NA,"L2: Other","L3: Parkinson","PA",105412
"female","15-19","sc_cycle_deaths_pa_Parkinson_lb",0,"bogota","Cycling",NA,"L2: Other","L3: Parkinson","PA",279280
"female","20-24","sc_cycle_deaths_pa_Parkinson_lb",0.00006,"bogota","Cycling",NA,"L2: Other","L3: Parkinson","PA",360197
"female","25-29","sc_cycle_deaths_pa_Parkinson_lb",0.00006,"bogota","Cycling",NA,"L2: Other","L3: Parkinson","PA",364423
"female","30-34","sc_cycle_deaths_pa_Parkinson_lb",0.00001,"bogota","Cycling",NA,"L2: Other","L3: Parkinson","PA",330341
"female","35-39","sc_cycle_deaths_pa_Parkinson_lb",0.00006,"bogota","Cycling",NA,"L2: Other","L3: Parkinson","PA",309304
"female","40-44","sc_cycle_deaths_pa_Parkinson_lb",0.00157,"bogota","Cycling",NA,"L2: Other","L3: Parkinson","PA",275440
"female","45-49","sc_cycle_deaths_pa_Parkinson_lb",0.00467,"bogota","Cycling",NA,"L2: Other","L3: Parkinson","PA",254843
"female","50-54","sc_cycle_deaths_pa_Parkinson_lb",0.0123,"bogota","Cycling",NA,"L2: Other","L3: Parkinson","PA",256059
"female","55-59","sc_cycle_deaths_pa_Parkinson_lb",0.02214,"bogota","Cycling",NA,"L2: Other","L3: Parkinson","PA",235548
"female","60-64","sc_cycle_deaths_pa_Parkinson_lb",0.04269,"bogota","Cycling",NA,"L2: Other","L3: Parkinson","PA",189600
"female","65-69","sc_cycle_deaths_pa_Parkinson_lb",0.08067,"bogota","Cycling",NA,"L2: Other","L3: Parkinson","PA",141409
"male","15-19","sc_car_deaths_pa_Parkinson_lb",0,"bogota","Car",NA,"L2: Other","L3: Parkinson","PA",282736
"male","20-24","sc_car_deaths_pa_Parkinson_lb",-0.00008,"bogota","Car",NA,"L2: Other","L3: Parkinson","PA",357934
"male","25-29","sc_car_deaths_pa_Parkinson_lb",-0.00012,"bogota","Car",NA,"L2: Other","L3: Parkinson","PA",360031
"male","30-34","sc_car_deaths_pa_Parkinson_lb",-0.00008,"bogota","Car",NA,"L2: Other","L3: Parkinson","PA",321492
"male","35-39","sc_car_deaths_pa_Parkinson_lb",-0.00027,"bogota","Car",NA,"L2: Other","L3: Parkinson","PA",289808
"male","40-44","sc_car_deaths_pa_Parkinson_lb",-0.00149,"bogota","Car",NA,"L2: Other","L3: Parkinson","PA",244543
"male","45-49","sc_car_deaths_pa_Parkinson_lb",-0.00452,"bogota","Car",NA,"L2: Other","L3: Parkinson","PA",215491
"male","50-54","sc_car_deaths_pa_Parkinson_lb",-0.00876,"bogota","Car",NA,"L2: Other","L3: Parkinson","PA",209137
"male","55-59","sc_car_deaths_pa_Parkinson_lb",-0.01267,"bogota","Car",NA,"L2: Other","L3: Parkinson","PA",187551
"male","60-64","sc_car_deaths_pa_Parkinson_lb",-0.03115,"bogota","Car",NA,"L2: Other","L3: Parkinson","PA",146500
"male","65-69","sc_car_deaths_pa_Parkinson_lb",-0.08244,"bogota","Car",NA,"L2: Other","L3: Parkinson","PA",105412
"female","15-19","sc_car_deaths_pa_Parkinson_lb",0,"bogota","Car",NA,"L2: Other","L3: Parkinson","PA",279280
"female","20-24","sc_car_deaths_pa_Parkinson_lb",-0.00003,"bogota","Car",NA,"L2: Other","L3: Parkinson","PA",360197
"female","25-29","sc_car_deaths_pa_Parkinson_lb",-0.00003,"bogota","Car",NA,"L2: Other","L3: Parkinson","PA",364423
"female","30-34","sc_car_deaths_pa_Parkinson_lb",0,"bogota","Car",NA,"L2: Other","L3: Parkinson","PA",330341
"female","35-39","sc_car_deaths_pa_Parkinson_lb",-0.00002,"bogota","Car",NA,"L2: Other","L3: Parkinson","PA",309304
"female","40-44","sc_car_deaths_pa_Parkinson_lb",-0.00065,"bogota","Car",NA,"L2: Other","L3: Parkinson","PA",275440
"female","45-49","sc_car_deaths_pa_Parkinson_lb",-0.00171,"bogota","Car",NA,"L2: Other","L3: Parkinson","PA",254843
"female","50-54","sc_car_deaths_pa_Parkinson_lb",-0.00232,"bogota","Car",NA,"L2: Other","L3: Parkinson","PA",256059
"female","55-59","sc_car_deaths_pa_Parkinson_lb",-0.00517,"bogota","Car",NA,"L2: Other","L3: Parkinson","PA",235548
"female","60-64","sc_car_deaths_pa_Parkinson_lb",-0.01474,"bogota","Car",NA,"L2: Other","L3: Parkinson","PA",189600
"female","65-69","sc_car_deaths_pa_Parkinson_lb",-0.03236,"bogota","Car",NA,"L2: Other","L3: Parkinson","PA",141409
"male","15-19","sc_bus_deaths_pa_Parkinson_lb",0,"bogota","Bus",NA,"L2: Other","L3: Parkinson","PA",282736
"male","20-24","sc_bus_deaths_pa_Parkinson_lb",-0.00002,"bogota","Bus",NA,"L2: Other","L3: Parkinson","PA",357934
"male","25-29","sc_bus_deaths_pa_Parkinson_lb",-0.00004,"bogota","Bus",NA,"L2: Other","L3: Parkinson","PA",360031
"male","30-34","sc_bus_deaths_pa_Parkinson_lb",-0.00002,"bogota","Bus",NA,"L2: Other","L3: Parkinson","PA",321492
"male","35-39","sc_bus_deaths_pa_Parkinson_lb",-0.00007,"bogota","Bus",NA,"L2: Other","L3: Parkinson","PA",289808
"male","40-44","sc_bus_deaths_pa_Parkinson_lb",0.00001,"bogota","Bus",NA,"L2: Other","L3: Parkinson","PA",244543
"male","45-49","sc_bus_deaths_pa_Parkinson_lb",-0.00163,"bogota","Bus",NA,"L2: Other","L3: Parkinson","PA",215491
"male","50-54","sc_bus_deaths_pa_Parkinson_lb",-0.00253,"bogota","Bus",NA,"L2: Other","L3: Parkinson","PA",209137
"male","55-59","sc_bus_deaths_pa_Parkinson_lb",-0.00072,"bogota","Bus",NA,"L2: Other","L3: Parkinson","PA",187551
"male","60-64","sc_bus_deaths_pa_Parkinson_lb",-0.01179,"bogota","Bus",NA,"L2: Other","L3: Parkinson","PA",146500
"male","65-69","sc_bus_deaths_pa_Parkinson_lb",-0.02058,"bogota","Bus",NA,"L2: Other","L3: Parkinson","PA",105412
"female","15-19","sc_bus_deaths_pa_Parkinson_lb",0,"bogota","Bus",NA,"L2: Other","L3: Parkinson","PA",279280
"female","20-24","sc_bus_deaths_pa_Parkinson_lb",0,"bogota","Bus",NA,"L2: Other","L3: Parkinson","PA",360197
"female","25-29","sc_bus_deaths_pa_Parkinson_lb",0,"bogota","Bus",NA,"L2: Other","L3: Parkinson","PA",364423
"female","30-34","sc_bus_deaths_pa_Parkinson_lb",0,"bogota","Bus",NA,"L2: Other","L3: Parkinson","PA",330341
"female","35-39","sc_bus_deaths_pa_Parkinson_lb",0,"bogota","Bus",NA,"L2: Other","L3: Parkinson","PA",309304
"female","40-44","sc_bus_deaths_pa_Parkinson_lb",0.00001,"bogota","Bus",NA,"L2: Other","L3: Parkinson","PA",275440
"female","45-49","sc_bus_deaths_pa_Parkinson_lb",-0.00018,"bogota","Bus",NA,"L2: Other","L3: Parkinson","PA",254843
"female","50-54","sc_bus_deaths_pa_Parkinson_lb",0.00078,"bogota","Bus",NA,"L2: Other","L3: Parkinson","PA",256059
"female","55-59","sc_bus_deaths_pa_Parkinson_lb",0.00208,"bogota","Bus",NA,"L2: Other","L3: Parkinson","PA",235548
"female","60-64","sc_bus_deaths_pa_Parkinson_lb",0.00445,"bogota","Bus",NA,"L2: Other","L3: Parkinson","PA",189600
"female","65-69","sc_bus_deaths_pa_Parkinson_lb",0.00712,"bogota","Bus",NA,"L2: Other","L3: Parkinson","PA",141409
"male","15-19","sc_cycle_deaths_pa_Parkinson_ub",0,"bogota","Cycling",NA,"L2: Other","L3: Parkinson","PA",282736
"male","20-24","sc_cycle_deaths_pa_Parkinson_ub",0.00002,"bogota","Cycling",NA,"L2: Other","L3: Parkinson","PA",357934
"male","25-29","sc_cycle_deaths_pa_Parkinson_ub",0.00004,"bogota","Cycling",NA,"L2: Other","L3: Parkinson","PA",360031
"male","30-34","sc_cycle_deaths_pa_Parkinson_ub",0.00003,"bogota","Cycling",NA,"L2: Other","L3: Parkinson","PA",321492
"male","35-39","sc_cycle_deaths_pa_Parkinson_ub",0.00013,"bogota","Cycling",NA,"L2: Other","L3: Parkinson","PA",289808
"male","40-44","sc_cycle_deaths_pa_Parkinson_ub",0.0006,"bogota","Cycling",NA,"L2: Other","L3: Parkinson","PA",244543
"male","45-49","sc_cycle_deaths_pa_Parkinson_ub",0.00147,"bogota","Cycling",NA,"L2: Other","L3: Parkinson","PA",215491
"male","50-54","sc_cycle_deaths_pa_Parkinson_ub",0.00367,"bogota","Cycling",NA,"L2: Other","L3: Parkinson","PA",209137
"male","55-59","sc_cycle_deaths_pa_Parkinson_ub",0.00294,"bogota","Cycling",NA,"L2: Other","L3: Parkinson","PA",187551
"male","60-64","sc_cycle_deaths_pa_Parkinson_ub",0.01406,"bogota","Cycling",NA,"L2: Other","L3: Parkinson","PA",146500
"male","65-69","sc_cycle_deaths_pa_Parkinson_ub",0.01514,"bogota","Cycling",NA,"L2: Other","L3: Parkinson","PA",105412
"female","15-19","sc_cycle_deaths_pa_Parkinson_ub",0,"bogota","Cycling",NA,"L2: Other","L3: Parkinson","PA",279280
"female","20-24","sc_cycle_deaths_pa_Parkinson_ub",0.00001,"bogota","Cycling",NA,"L2: Other","L3: Parkinson","PA",360197
"female","25-29","sc_cycle_deaths_pa_Parkinson_ub",0.00001,"bogota","Cycling",NA,"L2: Other","L3: Parkinson","PA",364423
"female","30-34","sc_cycle_deaths_pa_Parkinson_ub",0,"bogota","Cycling",NA,"L2: Other","L3: Parkinson","PA",330341
"female","35-39","sc_cycle_deaths_pa_Parkinson_ub",0.00001,"bogota","Cycling",NA,"L2: Other","L3: Parkinson","PA",309304
"female","40-44","sc_cycle_deaths_pa_Parkinson_ub",0.00025,"bogota","Cycling",NA,"L2: Other","L3: Parkinson","PA",275440
"female","45-49","sc_cycle_deaths_pa_Parkinson_ub",0.00096,"bogota","Cycling",NA,"L2: Other","L3: Parkinson","PA",254843
"female","50-54","sc_cycle_deaths_pa_Parkinson_ub",0.00119,"bogota","Cycling",NA,"L2: Other","L3: Parkinson","PA",256059
"female","55-59","sc_cycle_deaths_pa_Parkinson_ub",0.00233,"bogota","Cycling",NA,"L2: Other","L3: Parkinson","PA",235548
"female","60-64","sc_cycle_deaths_pa_Parkinson_ub",0.00505,"bogota","Cycling",NA,"L2: Other","L3: Parkinson","PA",189600
"female","65-69","sc_cycle_deaths_pa_Parkinson_ub",0.01301,"bogota","Cycling",NA,"L2: Other","L3: Parkinson","PA",141409
"male","15-19","sc_car_deaths_pa_Parkinson_ub",0,"bogota","Car",NA,"L2: Other","L3: Parkinson","PA",282736
"male","20-24","sc_car_deaths_pa_Parkinson_ub",-0.00001,"bogota","Car",NA,"L2: Other","L3: Parkinson","PA",357934
"male","25-29","sc_car_deaths_pa_Parkinson_ub",0,"bogota","Car",NA,"L2: Other","L3: Parkinson","PA",360031
"male","30-34","sc_car_deaths_pa_Parkinson_ub",-0.00001,"bogota","Car",NA,"L2: Other","L3: Parkinson","PA",321492
"male","35-39","sc_car_deaths_pa_Parkinson_ub",-0.00003,"bogota","Car",NA,"L2: Other","L3: Parkinson","PA",289808
"male","40-44","sc_car_deaths_pa_Parkinson_ub",-0.00015,"bogota","Car",NA,"L2: Other","L3: Parkinson","PA",244543
"male","45-49","sc_car_deaths_pa_Parkinson_ub",-0.00052,"bogota","Car",NA,"L2: Other","L3: Parkinson","PA",215491
"male","50-54","sc_car_deaths_pa_Parkinson_ub",-0.00107,"bogota","Car",NA,"L2: Other","L3: Parkinson","PA",209137
"male","55-59","sc_car_deaths_pa_Parkinson_ub",-0.00152,"bogota","Car",NA,"L2: Other","L3: Parkinson","PA",187551
"male","60-64","sc_car_deaths_pa_Parkinson_ub",-0.00241,"bogota","Car",NA,"L2: Other","L3: Parkinson","PA",146500
"male","65-69","sc_car_deaths_pa_Parkinson_ub",-0.00418,"bogota","Car",NA,"L2: Other","L3: Parkinson","PA",105412
"female","15-19","sc_car_deaths_pa_Parkinson_ub",0,"bogota","Car",NA,"L2: Other","L3: Parkinson","PA",279280
"female","20-24","sc_car_deaths_pa_Parkinson_ub",0,"bogota","Car",NA,"L2: Other","L3: Parkinson","PA",360197
"female","25-29","sc_car_deaths_pa_Parkinson_ub",0,"bogota","Car",NA,"L2: Other","L3: Parkinson","PA",364423
"female","30-34","sc_car_deaths_pa_Parkinson_ub",0,"bogota","Car",NA,"L2: Other","L3: Parkinson","PA",330341
"female","35-39","sc_car_deaths_pa_Parkinson_ub",0,"bogota","Car",NA,"L2: Other","L3: Parkinson","PA",309304
"female","40-44","sc_car_deaths_pa_Parkinson_ub",-0.00005,"bogota","Car",NA,"L2: Other","L3: Parkinson","PA",275440
"female","45-49","sc_car_deaths_pa_Parkinson_ub",-0.00008,"bogota","Car",NA,"L2: Other","L3: Parkinson","PA",254843
"female","50-54","sc_car_deaths_pa_Parkinson_ub",-0.00002,"bogota","Car",NA,"L2: Other","L3: Parkinson","PA",256059
"female","55-59","sc_car_deaths_pa_Parkinson_ub",-0.00001,"bogota","Car",NA,"L2: Other","L3: Parkinson","PA",235548
"female","60-64","sc_car_deaths_pa_Parkinson_ub",0.00012,"bogota","Car",NA,"L2: Other","L3: Parkinson","PA",189600
"female","65-69","sc_car_deaths_pa_Parkinson_ub",0.00085,"bogota","Car",NA,"L2: Other","L3: Parkinson","PA",141409
"male","15-19","sc_bus_deaths_pa_Parkinson_ub",0,"bogota","Bus",NA,"L2: Other","L3: Parkinson","PA",282736
"male","20-24","sc_bus_deaths_pa_Parkinson_ub",-0.00002,"bogota","Bus",NA,"L2: Other","L3: Parkinson","PA",357934
"male","25-29","sc_bus_deaths_pa_Parkinson_ub",-0.00002,"bogota","Bus",NA,"L2: Other","L3: Parkinson","PA",360031
"male","30-34","sc_bus_deaths_pa_Parkinson_ub",-0.00002,"bogota","Bus",NA,"L2: Other","L3: Parkinson","PA",321492
"male","35-39","sc_bus_deaths_pa_Parkinson_ub",-0.00007,"bogota","Bus",NA,"L2: Other","L3: Parkinson","PA",289808
"male","40-44","sc_bus_deaths_pa_Parkinson_ub",-0.0003,"bogota","Bus",NA,"L2: Other","L3: Parkinson","PA",244543
"male","45-49","sc_bus_deaths_pa_Parkinson_ub",-0.00087,"bogota","Bus",NA,"L2: Other","L3: Parkinson","PA",215491
"male","50-54","sc_bus_deaths_pa_Parkinson_ub",-0.00139,"bogota","Bus",NA,"L2: Other","L3: Parkinson","PA",209137
"male","55-59","sc_bus_deaths_pa_Parkinson_ub",-0.00179,"bogota","Bus",NA,"L2: Other","L3: Parkinson","PA",187551
"male","60-64","sc_bus_deaths_pa_Parkinson_ub",-0.00384,"bogota","Bus",NA,"L2: Other","L3: Parkinson","PA",146500
"male","65-69","sc_bus_deaths_pa_Parkinson_ub",-0.00769,"bogota","Bus",NA,"L2: Other","L3: Parkinson","PA",105412
"female","15-19","sc_bus_deaths_pa_Parkinson_ub",0,"bogota","Bus",NA,"L2: Other","L3: Parkinson","PA",279280
"female","20-24","sc_bus_deaths_pa_Parkinson_ub",0,"bogota","Bus",NA,"L2: Other","L3: Parkinson","PA",360197
"female","25-29","sc_bus_deaths_pa_Parkinson_ub",0,"bogota","Bus",NA,"L2: Other","L3: Parkinson","PA",364423
"female","30-34","sc_bus_deaths_pa_Parkinson_ub",0,"bogota","Bus",NA,"L2: Other","L3: Parkinson","PA",330341
"female","35-39","sc_bus_deaths_pa_Parkinson_ub",0,"bogota","Bus",NA,"L2: Other","L3: Parkinson","PA",309304
"female","40-44","sc_bus_deaths_pa_Parkinson_ub",-0.00007,"bogota","Bus",NA,"L2: Other","L3: Parkinson","PA",275440
"female","45-49","sc_bus_deaths_pa_Parkinson_ub",-0.00017,"bogota","Bus",NA,"L2: Other","L3: Parkinson","PA",254843
"female","50-54","sc_bus_deaths_pa_Parkinson_ub",-0.00011,"bogota","Bus",NA,"L2: Other","L3: Parkinson","PA",256059
"female","55-59","sc_bus_deaths_pa_Parkinson_ub",-0.00027,"bogota","Bus",NA,"L2: Other","L3: Parkinson","PA",235548
"female","60-64","sc_bus_deaths_pa_Parkinson_ub",-0.00076,"bogota","Bus",NA,"L2: Other","L3: Parkinson","PA",189600
"female","65-69","sc_bus_deaths_pa_Parkinson_ub",-0.00111,"bogota","Bus",NA,"L2: Other","L3: Parkinson","PA",141409
"male","15-19","sc_cycle_deaths_pa_head_neck_cancer",0.00086,"bogota","Cycling",NA,NA,"L3: head_neck_cancer","PA",282736
"male","20-24","sc_cycle_deaths_pa_head_neck_cancer",0.0052,"bogota","Cycling",NA,NA,"L3: head_neck_cancer","PA",357934
"male","25-29","sc_cycle_deaths_pa_head_neck_cancer",0.00934,"bogota","Cycling",NA,NA,"L3: head_neck_cancer","PA",360031
"male","30-34","sc_cycle_deaths_pa_head_neck_cancer",0.01855,"bogota","Cycling",NA,NA,"L3: head_neck_cancer","PA",321492
"male","35-39","sc_cycle_deaths_pa_head_neck_cancer",0.02898,"bogota","Cycling",NA,NA,"L3: head_neck_cancer","PA",289808
"male","40-44","sc_cycle_deaths_pa_head_neck_cancer",0.0453,"bogota","Cycling",NA,NA,"L3: head_neck_cancer","PA",244543
"male","45-49","sc_cycle_deaths_pa_head_neck_cancer",0.08966,"bogota","Cycling",NA,NA,"L3: head_neck_cancer","PA",215491
"male","50-54","sc_cycle_deaths_pa_head_neck_cancer",0.13515,"bogota","Cycling",NA,NA,"L3: head_neck_cancer","PA",209137
"male","55-59","sc_cycle_deaths_pa_head_neck_cancer",0.23167,"bogota","Cycling",NA,NA,"L3: head_neck_cancer","PA",187551
"male","60-64","sc_cycle_deaths_pa_head_neck_cancer",0.35443,"bogota","Cycling",NA,NA,"L3: head_neck_cancer","PA",146500
"male","65-69","sc_cycle_deaths_pa_head_neck_cancer",0.43585,"bogota","Cycling",NA,NA,"L3: head_neck_cancer","PA",105412
"female","15-19","sc_cycle_deaths_pa_head_neck_cancer",0.00073,"bogota","Cycling",NA,NA,"L3: head_neck_cancer","PA",279280
"female","20-24","sc_cycle_deaths_pa_head_neck_cancer",0.00364,"bogota","Cycling",NA,NA,"L3: head_neck_cancer","PA",360197
"female","25-29","sc_cycle_deaths_pa_head_neck_cancer",0.00678,"bogota","Cycling",NA,NA,"L3: head_neck_cancer","PA",364423
"female","30-34","sc_cycle_deaths_pa_head_neck_cancer",0.0109,"bogota","Cycling",NA,NA,"L3: head_neck_cancer","PA",330341
"female","35-39","sc_cycle_deaths_pa_head_neck_cancer",0.0171,"bogota","Cycling",NA,NA,"L3: head_neck_cancer","PA",309304
"female","40-44","sc_cycle_deaths_pa_head_neck_cancer",0.02837,"bogota","Cycling",NA,NA,"L3: head_neck_cancer","PA",275440
"female","45-49","sc_cycle_deaths_pa_head_neck_cancer",0.04332,"bogota","Cycling",NA,NA,"L3: head_neck_cancer","PA",254843
"female","50-54","sc_cycle_deaths_pa_head_neck_cancer",0.09532,"bogota","Cycling",NA,NA,"L3: head_neck_cancer","PA",256059
"female","55-59","sc_cycle_deaths_pa_head_neck_cancer",0.14496,"bogota","Cycling",NA,NA,"L3: head_neck_cancer","PA",235548
"female","60-64","sc_cycle_deaths_pa_head_neck_cancer",0.15986,"bogota","Cycling",NA,NA,"L3: head_neck_cancer","PA",189600
"female","65-69","sc_cycle_deaths_pa_head_neck_cancer",0.16573,"bogota","Cycling",NA,NA,"L3: head_neck_cancer","PA",141409
"male","15-19","sc_car_deaths_pa_head_neck_cancer",-0.00071,"bogota","Car",NA,NA,"L3: head_neck_cancer","PA",282736
"male","20-24","sc_car_deaths_pa_head_neck_cancer",-0.00311,"bogota","Car",NA,NA,"L3: head_neck_cancer","PA",357934
"male","25-29","sc_car_deaths_pa_head_neck_cancer",-0.00408,"bogota","Car",NA,NA,"L3: head_neck_cancer","PA",360031
"male","30-34","sc_car_deaths_pa_head_neck_cancer",-0.00884,"bogota","Car",NA,NA,"L3: head_neck_cancer","PA",321492
"male","35-39","sc_car_deaths_pa_head_neck_cancer",-0.01287,"bogota","Car",NA,NA,"L3: head_neck_cancer","PA",289808
"male","40-44","sc_car_deaths_pa_head_neck_cancer",-0.02194,"bogota","Car",NA,NA,"L3: head_neck_cancer","PA",244543
"male","45-49","sc_car_deaths_pa_head_neck_cancer",-0.0495,"bogota","Car",NA,NA,"L3: head_neck_cancer","PA",215491
"male","50-54","sc_car_deaths_pa_head_neck_cancer",-0.08803,"bogota","Car",NA,NA,"L3: head_neck_cancer","PA",209137
"male","55-59","sc_car_deaths_pa_head_neck_cancer",-0.12977,"bogota","Car",NA,NA,"L3: head_neck_cancer","PA",187551
"male","60-64","sc_car_deaths_pa_head_neck_cancer",-0.20739,"bogota","Car",NA,NA,"L3: head_neck_cancer","PA",146500
"male","65-69","sc_car_deaths_pa_head_neck_cancer",-0.30618,"bogota","Car",NA,NA,"L3: head_neck_cancer","PA",105412
"female","15-19","sc_car_deaths_pa_head_neck_cancer",-0.0003,"bogota","Car",NA,NA,"L3: head_neck_cancer","PA",279280
"female","20-24","sc_car_deaths_pa_head_neck_cancer",-0.00193,"bogota","Car",NA,NA,"L3: head_neck_cancer","PA",360197
"female","25-29","sc_car_deaths_pa_head_neck_cancer",-0.0032,"bogota","Car",NA,NA,"L3: head_neck_cancer","PA",364423
"female","30-34","sc_car_deaths_pa_head_neck_cancer",-0.00471,"bogota","Car",NA,NA,"L3: head_neck_cancer","PA",330341
"female","35-39","sc_car_deaths_pa_head_neck_cancer",-0.00688,"bogota","Car",NA,NA,"L3: head_neck_cancer","PA",309304
"female","40-44","sc_car_deaths_pa_head_neck_cancer",-0.01269,"bogota","Car",NA,NA,"L3: head_neck_cancer","PA",275440
"female","45-49","sc_car_deaths_pa_head_neck_cancer",-0.01829,"bogota","Car",NA,NA,"L3: head_neck_cancer","PA",254843
"female","50-54","sc_car_deaths_pa_head_neck_cancer",-0.01952,"bogota","Car",NA,NA,"L3: head_neck_cancer","PA",256059
"female","55-59","sc_car_deaths_pa_head_neck_cancer",-0.03774,"bogota","Car",NA,NA,"L3: head_neck_cancer","PA",235548
"female","60-64","sc_car_deaths_pa_head_neck_cancer",-0.06306,"bogota","Car",NA,NA,"L3: head_neck_cancer","PA",189600
"female","65-69","sc_car_deaths_pa_head_neck_cancer",-0.07997,"bogota","Car",NA,NA,"L3: head_neck_cancer","PA",141409
"male","15-19","sc_bus_deaths_pa_head_neck_cancer",-0.00027,"bogota","Bus",NA,NA,"L3: head_neck_cancer","PA",282736
"male","20-24","sc_bus_deaths_pa_head_neck_cancer",-0.00049,"bogota","Bus",NA,NA,"L3: head_neck_cancer","PA",357934
"male","25-29","sc_bus_deaths_pa_head_neck_cancer",-0.00056,"bogota","Bus",NA,NA,"L3: head_neck_cancer","PA",360031
"male","30-34","sc_bus_deaths_pa_head_neck_cancer",-0.00074,"bogota","Bus",NA,NA,"L3: head_neck_cancer","PA",321492
"male","35-39","sc_bus_deaths_pa_head_neck_cancer",-0.00073,"bogota","Bus",NA,NA,"L3: head_neck_cancer","PA",289808
"male","40-44","sc_bus_deaths_pa_head_neck_cancer",0.00439,"bogota","Bus",NA,NA,"L3: head_neck_cancer","PA",244543
"male","45-49","sc_bus_deaths_pa_head_neck_cancer",-0.01022,"bogota","Bus",NA,NA,"L3: head_neck_cancer","PA",215491
"male","50-54","sc_bus_deaths_pa_head_neck_cancer",-0.01312,"bogota","Bus",NA,NA,"L3: head_neck_cancer","PA",209137
"male","55-59","sc_bus_deaths_pa_head_neck_cancer",0.01027,"bogota","Bus",NA,NA,"L3: head_neck_cancer","PA",187551
"male","60-64","sc_bus_deaths_pa_head_neck_cancer",-0.05981,"bogota","Bus",NA,NA,"L3: head_neck_cancer","PA",146500
"male","65-69","sc_bus_deaths_pa_head_neck_cancer",-0.05225,"bogota","Bus",NA,NA,"L3: head_neck_cancer","PA",105412
"female","15-19","sc_bus_deaths_pa_head_neck_cancer",-0.00001,"bogota","Bus",NA,NA,"L3: head_neck_cancer","PA",279280
"female","20-24","sc_bus_deaths_pa_head_neck_cancer",-0.00008,"bogota","Bus",NA,NA,"L3: head_neck_cancer","PA",360197
"female","25-29","sc_bus_deaths_pa_head_neck_cancer",0.00023,"bogota","Bus",NA,NA,"L3: head_neck_cancer","PA",364423
"female","30-34","sc_bus_deaths_pa_head_neck_cancer",0.00044,"bogota","Bus",NA,NA,"L3: head_neck_cancer","PA",330341
"female","35-39","sc_bus_deaths_pa_head_neck_cancer",-0.00016,"bogota","Bus",NA,NA,"L3: head_neck_cancer","PA",309304
"female","40-44","sc_bus_deaths_pa_head_neck_cancer",0.00132,"bogota","Bus",NA,NA,"L3: head_neck_cancer","PA",275440
"female","45-49","sc_bus_deaths_pa_head_neck_cancer",-0.00022,"bogota","Bus",NA,NA,"L3: head_neck_cancer","PA",254843
"female","50-54","sc_bus_deaths_pa_head_neck_cancer",0.00755,"bogota","Bus",NA,NA,"L3: head_neck_cancer","PA",256059
"female","55-59","sc_bus_deaths_pa_head_neck_cancer",0.01682,"bogota","Bus",NA,NA,"L3: head_neck_cancer","PA",235548
"female","60-64","sc_bus_deaths_pa_head_neck_cancer",0.0218,"bogota","Bus",NA,NA,"L3: head_neck_cancer","PA",189600
"female","65-69","sc_bus_deaths_pa_head_neck_cancer",0.01976,"bogota","Bus",NA,NA,"L3: head_neck_cancer","PA",141409
"male","15-19","sc_cycle_deaths_pa_head_neck_cancer_lb",0.00156,"bogota","Cycling",NA,NA,"L3: head_neck_cancer","PA",282736
"male","20-24","sc_cycle_deaths_pa_head_neck_cancer_lb",0.00935,"bogota","Cycling",NA,NA,"L3: head_neck_cancer","PA",357934
"male","25-29","sc_cycle_deaths_pa_head_neck_cancer_lb",0.01674,"bogota","Cycling",NA,NA,"L3: head_neck_cancer","PA",360031
"male","30-34","sc_cycle_deaths_pa_head_neck_cancer_lb",0.03432,"bogota","Cycling",NA,NA,"L3: head_neck_cancer","PA",321492
"male","35-39","sc_cycle_deaths_pa_head_neck_cancer_lb",0.05294,"bogota","Cycling",NA,NA,"L3: head_neck_cancer","PA",289808
"male","40-44","sc_cycle_deaths_pa_head_neck_cancer_lb",0.08277,"bogota","Cycling",NA,NA,"L3: head_neck_cancer","PA",244543
"male","45-49","sc_cycle_deaths_pa_head_neck_cancer_lb",0.16591,"bogota","Cycling",NA,NA,"L3: head_neck_cancer","PA",215491
"male","50-54","sc_cycle_deaths_pa_head_neck_cancer_lb",0.24834,"bogota","Cycling",NA,NA,"L3: head_neck_cancer","PA",209137
"male","55-59","sc_cycle_deaths_pa_head_neck_cancer_lb",0.4273,"bogota","Cycling",NA,NA,"L3: head_neck_cancer","PA",187551
"male","60-64","sc_cycle_deaths_pa_head_neck_cancer_lb",0.64572,"bogota","Cycling",NA,NA,"L3: head_neck_cancer","PA",146500
"male","65-69","sc_cycle_deaths_pa_head_neck_cancer_lb",0.78486,"bogota","Cycling",NA,NA,"L3: head_neck_cancer","PA",105412
"female","15-19","sc_cycle_deaths_pa_head_neck_cancer_lb",0.00128,"bogota","Cycling",NA,NA,"L3: head_neck_cancer","PA",279280
"female","20-24","sc_cycle_deaths_pa_head_neck_cancer_lb",0.0065,"bogota","Cycling",NA,NA,"L3: head_neck_cancer","PA",360197
"female","25-29","sc_cycle_deaths_pa_head_neck_cancer_lb",0.0121,"bogota","Cycling",NA,NA,"L3: head_neck_cancer","PA",364423
"female","30-34","sc_cycle_deaths_pa_head_neck_cancer_lb",0.01967,"bogota","Cycling",NA,NA,"L3: head_neck_cancer","PA",330341
"female","35-39","sc_cycle_deaths_pa_head_neck_cancer_lb",0.03075,"bogota","Cycling",NA,NA,"L3: head_neck_cancer","PA",309304
"female","40-44","sc_cycle_deaths_pa_head_neck_cancer_lb",0.05115,"bogota","Cycling",NA,NA,"L3: head_neck_cancer","PA",275440
"female","45-49","sc_cycle_deaths_pa_head_neck_cancer_lb",0.07825,"bogota","Cycling",NA,NA,"L3: head_neck_cancer","PA",254843
"female","50-54","sc_cycle_deaths_pa_head_neck_cancer_lb",0.16983,"bogota","Cycling",NA,NA,"L3: head_neck_cancer","PA",256059
"female","55-59","sc_cycle_deaths_pa_head_neck_cancer_lb",0.25438,"bogota","Cycling",NA,NA,"L3: head_neck_cancer","PA",235548
"female","60-64","sc_cycle_deaths_pa_head_neck_cancer_lb",0.28046,"bogota","Cycling",NA,NA,"L3: head_neck_cancer","PA",189600
"female","65-69","sc_cycle_deaths_pa_head_neck_cancer_lb",0.2943,"bogota","Cycling",NA,NA,"L3: head_neck_cancer","PA",141409
"male","15-19","sc_car_deaths_pa_head_neck_cancer_lb",-0.00132,"bogota","Car",NA,NA,"L3: head_neck_cancer","PA",282736
"male","20-24","sc_car_deaths_pa_head_neck_cancer_lb",-0.0057,"bogota","Car",NA,NA,"L3: head_neck_cancer","PA",357934
"male","25-29","sc_car_deaths_pa_head_neck_cancer_lb",-0.00753,"bogota","Car",NA,NA,"L3: head_neck_cancer","PA",360031
"male","30-34","sc_car_deaths_pa_head_neck_cancer_lb",-0.0165,"bogota","Car",NA,NA,"L3: head_neck_cancer","PA",321492
"male","35-39","sc_car_deaths_pa_head_neck_cancer_lb",-0.02385,"bogota","Car",NA,NA,"L3: head_neck_cancer","PA",289808
"male","40-44","sc_car_deaths_pa_head_neck_cancer_lb",-0.04086,"bogota","Car",NA,NA,"L3: head_neck_cancer","PA",244543
"male","45-49","sc_car_deaths_pa_head_neck_cancer_lb",-0.0914,"bogota","Car",NA,NA,"L3: head_neck_cancer","PA",215491
"male","50-54","sc_car_deaths_pa_head_neck_cancer_lb",-0.16344,"bogota","Car",NA,NA,"L3: head_neck_cancer","PA",209137
"male","55-59","sc_car_deaths_pa_head_neck_cancer_lb",-0.24461,"bogota","Car",NA,NA,"L3: head_neck_cancer","PA",187551
"male","60-64","sc_car_deaths_pa_head_neck_cancer_lb",-0.38653,"bogota","Car",NA,NA,"L3: head_neck_cancer","PA",146500
"male","65-69","sc_car_deaths_pa_head_neck_cancer_lb",-0.57029,"bogota","Car",NA,NA,"L3: head_neck_cancer","PA",105412
"female","15-19","sc_car_deaths_pa_head_neck_cancer_lb",-0.00056,"bogota","Car",NA,NA,"L3: head_neck_cancer","PA",279280
"female","20-24","sc_car_deaths_pa_head_neck_cancer_lb",-0.00356,"bogota","Car",NA,NA,"L3: head_neck_cancer","PA",360197
"female","25-29","sc_car_deaths_pa_head_neck_cancer_lb",-0.00592,"bogota","Car",NA,NA,"L3: head_neck_cancer","PA",364423
"female","30-34","sc_car_deaths_pa_head_neck_cancer_lb",-0.00878,"bogota","Car",NA,NA,"L3: head_neck_cancer","PA",330341
"female","35-39","sc_car_deaths_pa_head_neck_cancer_lb",-0.01272,"bogota","Car",NA,NA,"L3: head_neck_cancer","PA",309304
"female","40-44","sc_car_deaths_pa_head_neck_cancer_lb",-0.02345,"bogota","Car",NA,NA,"L3: head_neck_cancer","PA",275440
"female","45-49","sc_car_deaths_pa_head_neck_cancer_lb",-0.03358,"bogota","Car",NA,NA,"L3: head_neck_cancer","PA",254843
"female","50-54","sc_car_deaths_pa_head_neck_cancer_lb",-0.0357,"bogota","Car",NA,NA,"L3: head_neck_cancer","PA",256059
"female","55-59","sc_car_deaths_pa_head_neck_cancer_lb",-0.06951,"bogota","Car",NA,NA,"L3: head_neck_cancer","PA",235548
"female","60-64","sc_car_deaths_pa_head_neck_cancer_lb",-0.11672,"bogota","Car",NA,NA,"L3: head_neck_cancer","PA",189600
"female","65-69","sc_car_deaths_pa_head_neck_cancer_lb",-0.15043,"bogota","Car",NA,NA,"L3: head_neck_cancer","PA",141409
"male","15-19","sc_bus_deaths_pa_head_neck_cancer_lb",-0.00048,"bogota","Bus",NA,NA,"L3: head_neck_cancer","PA",282736
"male","20-24","sc_bus_deaths_pa_head_neck_cancer_lb",-0.00067,"bogota","Bus",NA,NA,"L3: head_neck_cancer","PA",357934
"male","25-29","sc_bus_deaths_pa_head_neck_cancer_lb",-0.0007,"bogota","Bus",NA,NA,"L3: head_neck_cancer","PA",360031
"male","30-34","sc_bus_deaths_pa_head_neck_cancer_lb",-0.00037,"bogota","Bus",NA,NA,"L3: head_neck_cancer","PA",321492
"male","35-39","sc_bus_deaths_pa_head_neck_cancer_lb",0.00018,"bogota","Bus",NA,NA,"L3: head_neck_cancer","PA",289808
"male","40-44","sc_bus_deaths_pa_head_neck_cancer_lb",0.00986,"bogota","Bus",NA,NA,"L3: head_neck_cancer","PA",244543
"male","45-49","sc_bus_deaths_pa_head_neck_cancer_lb",-0.01445,"bogota","Bus",NA,NA,"L3: head_neck_cancer","PA",215491
"male","50-54","sc_bus_deaths_pa_head_neck_cancer_lb",-0.01432,"bogota","Bus",NA,NA,"L3: head_neck_cancer","PA",209137
"male","55-59","sc_bus_deaths_pa_head_neck_cancer_lb",0.02871,"bogota","Bus",NA,NA,"L3: head_neck_cancer","PA",187551
"male","60-64","sc_bus_deaths_pa_head_neck_cancer_lb",-0.10126,"bogota","Bus",NA,NA,"L3: head_neck_cancer","PA",146500
"male","65-69","sc_bus_deaths_pa_head_neck_cancer_lb",-0.08245,"bogota","Bus",NA,NA,"L3: head_neck_cancer","PA",105412
"female","15-19","sc_bus_deaths_pa_head_neck_cancer_lb",-0.00001,"bogota","Bus",NA,NA,"L3: head_neck_cancer","PA",279280
"female","20-24","sc_bus_deaths_pa_head_neck_cancer_lb",-0.00008,"bogota","Bus",NA,NA,"L3: head_neck_cancer","PA",360197
"female","25-29","sc_bus_deaths_pa_head_neck_cancer_lb",0.00052,"bogota","Bus",NA,NA,"L3: head_neck_cancer","PA",364423
"female","30-34","sc_bus_deaths_pa_head_neck_cancer_lb",0.00097,"bogota","Bus",NA,NA,"L3: head_neck_cancer","PA",330341
"female","35-39","sc_bus_deaths_pa_head_neck_cancer_lb",-0.00004,"bogota","Bus",NA,NA,"L3: head_neck_cancer","PA",309304
"female","40-44","sc_bus_deaths_pa_head_neck_cancer_lb",0.00268,"bogota","Bus",NA,NA,"L3: head_neck_cancer","PA",275440
"female","45-49","sc_bus_deaths_pa_head_neck_cancer_lb",0.00049,"bogota","Bus",NA,NA,"L3: head_neck_cancer","PA",254843
"female","50-54","sc_bus_deaths_pa_head_neck_cancer_lb",0.01459,"bogota","Bus",NA,NA,"L3: head_neck_cancer","PA",256059
"female","55-59","sc_bus_deaths_pa_head_neck_cancer_lb",0.03162,"bogota","Bus",NA,NA,"L3: head_neck_cancer","PA",235548
"female","60-64","sc_bus_deaths_pa_head_neck_cancer_lb",0.0417,"bogota","Bus",NA,NA,"L3: head_neck_cancer","PA",189600
"female","65-69","sc_bus_deaths_pa_head_neck_cancer_lb",0.03908,"bogota","Bus",NA,NA,"L3: head_neck_cancer","PA",141409
"male","15-19","sc_cycle_deaths_pa_head_neck_cancer_ub",0.00013,"bogota","Cycling",NA,NA,"L3: head_neck_cancer","PA",282736
"male","20-24","sc_cycle_deaths_pa_head_neck_cancer_ub",0.00077,"bogota","Cycling",NA,NA,"L3: head_neck_cancer","PA",357934
"male","25-29","sc_cycle_deaths_pa_head_neck_cancer_ub",0.00144,"bogota","Cycling",NA,NA,"L3: head_neck_cancer","PA",360031
"male","30-34","sc_cycle_deaths_pa_head_neck_cancer_ub",0.0023,"bogota","Cycling",NA,NA,"L3: head_neck_cancer","PA",321492
"male","35-39","sc_cycle_deaths_pa_head_neck_cancer_ub",0.00342,"bogota","Cycling",NA,NA,"L3: head_neck_cancer","PA",289808
"male","40-44","sc_cycle_deaths_pa_head_neck_cancer_ub",0.00578,"bogota","Cycling",NA,NA,"L3: head_neck_cancer","PA",244543
"male","45-49","sc_cycle_deaths_pa_head_neck_cancer_ub",0.01141,"bogota","Cycling",NA,NA,"L3: head_neck_cancer","PA",215491
"male","50-54","sc_cycle_deaths_pa_head_neck_cancer_ub",0.01335,"bogota","Cycling",NA,NA,"L3: head_neck_cancer","PA",209137
"male","55-59","sc_cycle_deaths_pa_head_neck_cancer_ub",0.03523,"bogota","Cycling",NA,NA,"L3: head_neck_cancer","PA",187551
"male","60-64","sc_cycle_deaths_pa_head_neck_cancer_ub",0.03965,"bogota","Cycling",NA,NA,"L3: head_neck_cancer","PA",146500
"male","65-69","sc_cycle_deaths_pa_head_neck_cancer_ub",0.07036,"bogota","Cycling",NA,NA,"L3: head_neck_cancer","PA",105412
"female","15-19","sc_cycle_deaths_pa_head_neck_cancer_ub",0.00013,"bogota","Cycling",NA,NA,"L3: head_neck_cancer","PA",279280
"female","20-24","sc_cycle_deaths_pa_head_neck_cancer_ub",0.00055,"bogota","Cycling",NA,NA,"L3: head_neck_cancer","PA",360197
"female","25-29","sc_cycle_deaths_pa_head_neck_cancer_ub",0.00105,"bogota","Cycling",NA,NA,"L3: head_neck_cancer","PA",364423
"female","30-34","sc_cycle_deaths_pa_head_neck_cancer_ub",0.00148,"bogota","Cycling",NA,NA,"L3: head_neck_cancer","PA",330341
"female","35-39","sc_cycle_deaths_pa_head_neck_cancer_ub",0.00214,"bogota","Cycling",NA,NA,"L3: head_neck_cancer","PA",309304
"female","40-44","sc_cycle_deaths_pa_head_neck_cancer_ub",0.00409,"bogota","Cycling",NA,NA,"L3: head_neck_cancer","PA",275440
"female","45-49","sc_cycle_deaths_pa_head_neck_cancer_ub",0.00527,"bogota","Cycling",NA,NA,"L3: head_neck_cancer","PA",254843
"female","50-54","sc_cycle_deaths_pa_head_neck_cancer_ub",0.01655,"bogota","Cycling",NA,NA,"L3: head_neck_cancer","PA",256059
"female","55-59","sc_cycle_deaths_pa_head_neck_cancer_ub",0.02525,"bogota","Cycling",NA,NA,"L3: head_neck_cancer","PA",235548
"female","60-64","sc_cycle_deaths_pa_head_neck_cancer_ub",0.02729,"bogota","Cycling",NA,NA,"L3: head_neck_cancer","PA",189600
"female","65-69","sc_cycle_deaths_pa_head_neck_cancer_ub",0.02517,"bogota","Cycling",NA,NA,"L3: head_neck_cancer","PA",141409
"male","15-19","sc_car_deaths_pa_head_neck_cancer_ub",-0.00012,"bogota","Car",NA,NA,"L3: head_neck_cancer","PA",282736
"male","20-24","sc_car_deaths_pa_head_neck_cancer_ub",-0.00054,"bogota","Car",NA,NA,"L3: head_neck_cancer","PA",357934
"male","25-29","sc_car_deaths_pa_head_neck_cancer_ub",-0.00074,"bogota","Car",NA,NA,"L3: head_neck_cancer","PA",360031
"male","30-34","sc_car_deaths_pa_head_neck_cancer_ub",-0.0013,"bogota","Car",NA,NA,"L3: head_neck_cancer","PA",321492
"male","35-39","sc_car_deaths_pa_head_neck_cancer_ub",-0.00205,"bogota","Car",NA,NA,"L3: head_neck_cancer","PA",289808
"male","40-44","sc_car_deaths_pa_head_neck_cancer_ub",-0.00341,"bogota","Car",NA,NA,"L3: head_neck_cancer","PA",244543
"male","45-49","sc_car_deaths_pa_head_neck_cancer_ub",-0.00768,"bogota","Car",NA,NA,"L3: head_neck_cancer","PA",215491
"male","50-54","sc_car_deaths_pa_head_neck_cancer_ub",-0.01376,"bogota","Car",NA,NA,"L3: head_neck_cancer","PA",209137
"male","55-59","sc_car_deaths_pa_head_neck_cancer_ub",-0.01913,"bogota","Car",NA,NA,"L3: head_neck_cancer","PA",187551
"male","60-64","sc_car_deaths_pa_head_neck_cancer_ub",-0.03467,"bogota","Car",NA,NA,"L3: head_neck_cancer","PA",146500
"male","65-69","sc_car_deaths_pa_head_neck_cancer_ub",-0.054,"bogota","Car",NA,NA,"L3: head_neck_cancer","PA",105412
"female","15-19","sc_car_deaths_pa_head_neck_cancer_ub",-0.00006,"bogota","Car",NA,NA,"L3: head_neck_cancer","PA",279280
"female","20-24","sc_car_deaths_pa_head_neck_cancer_ub",-0.00036,"bogota","Car",NA,NA,"L3: head_neck_cancer","PA",360197
"female","25-29","sc_car_deaths_pa_head_neck_cancer_ub",-0.00062,"bogota","Car",NA,NA,"L3: head_neck_cancer","PA",364423
"female","30-34","sc_car_deaths_pa_head_neck_cancer_ub",-0.00082,"bogota","Car",NA,NA,"L3: head_neck_cancer","PA",330341
"female","35-39","sc_car_deaths_pa_head_neck_cancer_ub",-0.00121,"bogota","Car",NA,NA,"L3: head_neck_cancer","PA",309304
"female","40-44","sc_car_deaths_pa_head_neck_cancer_ub",-0.00215,"bogota","Car",NA,NA,"L3: head_neck_cancer","PA",275440
"female","45-49","sc_car_deaths_pa_head_neck_cancer_ub",-0.00337,"bogota","Car",NA,NA,"L3: head_neck_cancer","PA",254843
"female","50-54","sc_car_deaths_pa_head_neck_cancer_ub",-0.00384,"bogota","Car",NA,NA,"L3: head_neck_cancer","PA",256059
"female","55-59","sc_car_deaths_pa_head_neck_cancer_ub",-0.00727,"bogota","Car",NA,NA,"L3: head_neck_cancer","PA",235548
"female","60-64","sc_car_deaths_pa_head_neck_cancer_ub",-0.01201,"bogota","Car",NA,NA,"L3: head_neck_cancer","PA",189600
"female","65-69","sc_car_deaths_pa_head_neck_cancer_ub",-0.01548,"bogota","Car",NA,NA,"L3: head_neck_cancer","PA",141409
"male","15-19","sc_bus_deaths_pa_head_neck_cancer_ub",-0.00002,"bogota","Bus",NA,NA,"L3: head_neck_cancer","PA",282736
"male","20-24","sc_bus_deaths_pa_head_neck_cancer_ub",0.00008,"bogota","Bus",NA,NA,"L3: head_neck_cancer","PA",357934
"male","25-29","sc_bus_deaths_pa_head_neck_cancer_ub",0.00009,"bogota","Bus",NA,NA,"L3: head_neck_cancer","PA",360031
"male","30-34","sc_bus_deaths_pa_head_neck_cancer_ub",0.00033,"bogota","Bus",NA,NA,"L3: head_neck_cancer","PA",321492
"male","35-39","sc_bus_deaths_pa_head_neck_cancer_ub",0.00079,"bogota","Bus",NA,NA,"L3: head_neck_cancer","PA",289808
"male","40-44","sc_bus_deaths_pa_head_neck_cancer_ub",0.00205,"bogota","Bus",NA,NA,"L3: head_neck_cancer","PA",244543
"male","45-49","sc_bus_deaths_pa_head_neck_cancer_ub",0.00048,"bogota","Bus",NA,NA,"L3: head_neck_cancer","PA",215491
"male","50-54","sc_bus_deaths_pa_head_neck_cancer_ub",0.00003,"bogota","Bus",NA,NA,"L3: head_neck_cancer","PA",209137
"male","55-59","sc_bus_deaths_pa_head_neck_cancer_ub",0.00647,"bogota","Bus",NA,NA,"L3: head_neck_cancer","PA",187551
"male","60-64","sc_bus_deaths_pa_head_neck_cancer_ub",-0.00513,"bogota","Bus",NA,NA,"L3: head_neck_cancer","PA",146500
"male","65-69","sc_bus_deaths_pa_head_neck_cancer_ub",-0.00375,"bogota","Bus",NA,NA,"L3: head_neck_cancer","PA",105412
"female","15-19","sc_bus_deaths_pa_head_neck_cancer_ub",0,"bogota","Bus",NA,NA,"L3: head_neck_cancer","PA",279280
"female","20-24","sc_bus_deaths_pa_head_neck_cancer_ub",0.00001,"bogota","Bus",NA,NA,"L3: head_neck_cancer","PA",360197
"female","25-29","sc_bus_deaths_pa_head_neck_cancer_ub",0.00013,"bogota","Bus",NA,NA,"L3: head_neck_cancer","PA",364423
"female","30-34","sc_bus_deaths_pa_head_neck_cancer_ub",0.00026,"bogota","Bus",NA,NA,"L3: head_neck_cancer","PA",330341
"female","35-39","sc_bus_deaths_pa_head_neck_cancer_ub",0.0001,"bogota","Bus",NA,NA,"L3: head_neck_cancer","PA",309304
"female","40-44","sc_bus_deaths_pa_head_neck_cancer_ub",0.00064,"bogota","Bus",NA,NA,"L3: head_neck_cancer","PA",275440
"female","45-49","sc_bus_deaths_pa_head_neck_cancer_ub",0.00038,"bogota","Bus",NA,NA,"L3: head_neck_cancer","PA",254843
"female","50-54","sc_bus_deaths_pa_head_neck_cancer_ub",0.00159,"bogota","Bus",NA,NA,"L3: head_neck_cancer","PA",256059
"female","55-59","sc_bus_deaths_pa_head_neck_cancer_ub",0.00377,"bogota","Bus",NA,NA,"L3: head_neck_cancer","PA",235548
"female","60-64","sc_bus_deaths_pa_head_neck_cancer_ub",0.00469,"bogota","Bus",NA,NA,"L3: head_neck_cancer","PA",189600
"female","65-69","sc_bus_deaths_pa_head_neck_cancer_ub",0.00417,"bogota","Bus",NA,NA,"L3: head_neck_cancer","PA",141409
"male","15-19","sc_cycle_deaths_pa_stomach_cancer",0.00194,"bogota","Cycling",NA,NA,"L3: stomach_cancer","PA",282736
"male","20-24","sc_cycle_deaths_pa_stomach_cancer",0.00992,"bogota","Cycling",NA,NA,"L3: stomach_cancer","PA",357934
"male","25-29","sc_cycle_deaths_pa_stomach_cancer",0.03027,"bogota","Cycling",NA,NA,"L3: stomach_cancer","PA",360031
"male","30-34","sc_cycle_deaths_pa_stomach_cancer",0.06463,"bogota","Cycling",NA,NA,"L3: stomach_cancer","PA",321492
"male","35-39","sc_cycle_deaths_pa_stomach_cancer",0.12216,"bogota","Cycling",NA,NA,"L3: stomach_cancer","PA",289808
"male","40-44","sc_cycle_deaths_pa_stomach_cancer",0.15966,"bogota","Cycling",NA,NA,"L3: stomach_cancer","PA",244543
"male","45-49","sc_cycle_deaths_pa_stomach_cancer",0.24333,"bogota","Cycling",NA,NA,"L3: stomach_cancer","PA",215491
"male","50-54","sc_cycle_deaths_pa_stomach_cancer",0.32891,"bogota","Cycling",NA,NA,"L3: stomach_cancer","PA",209137
"male","55-59","sc_cycle_deaths_pa_stomach_cancer",0.40238,"bogota","Cycling",NA,NA,"L3: stomach_cancer","PA",187551
"male","60-64","sc_cycle_deaths_pa_stomach_cancer",0.66675,"bogota","Cycling",NA,NA,"L3: stomach_cancer","PA",146500
"male","65-69","sc_cycle_deaths_pa_stomach_cancer",0.69169,"bogota","Cycling",NA,NA,"L3: stomach_cancer","PA",105412
"female","15-19","sc_cycle_deaths_pa_stomach_cancer",0.00198,"bogota","Cycling",NA,NA,"L3: stomach_cancer","PA",279280
"female","20-24","sc_cycle_deaths_pa_stomach_cancer",0.00957,"bogota","Cycling",NA,NA,"L3: stomach_cancer","PA",360197
"female","25-29","sc_cycle_deaths_pa_stomach_cancer",0.0274,"bogota","Cycling",NA,NA,"L3: stomach_cancer","PA",364423
"female","30-34","sc_cycle_deaths_pa_stomach_cancer",0.06431,"bogota","Cycling",NA,NA,"L3: stomach_cancer","PA",330341
"female","35-39","sc_cycle_deaths_pa_stomach_cancer",0.11844,"bogota","Cycling",NA,NA,"L3: stomach_cancer","PA",309304
"female","40-44","sc_cycle_deaths_pa_stomach_cancer",0.15186,"bogota","Cycling",NA,NA,"L3: stomach_cancer","PA",275440
"female","45-49","sc_cycle_deaths_pa_stomach_cancer",0.167,"bogota","Cycling",NA,NA,"L3: stomach_cancer","PA",254843
"female","50-54","sc_cycle_deaths_pa_stomach_cancer",0.28186,"bogota","Cycling",NA,NA,"L3: stomach_cancer","PA",256059
"female","55-59","sc_cycle_deaths_pa_stomach_cancer",0.344,"bogota","Cycling",NA,NA,"L3: stomach_cancer","PA",235548
"female","60-64","sc_cycle_deaths_pa_stomach_cancer",0.4175,"bogota","Cycling",NA,NA,"L3: stomach_cancer","PA",189600
"female","65-69","sc_cycle_deaths_pa_stomach_cancer",0.39671,"bogota","Cycling",NA,NA,"L3: stomach_cancer","PA",141409
"male","15-19","sc_car_deaths_pa_stomach_cancer",-0.00147,"bogota","Car",NA,NA,"L3: stomach_cancer","PA",282736
"male","20-24","sc_car_deaths_pa_stomach_cancer",-0.0054,"bogota","Car",NA,NA,"L3: stomach_cancer","PA",357934
"male","25-29","sc_car_deaths_pa_stomach_cancer",-0.01149,"bogota","Car",NA,NA,"L3: stomach_cancer","PA",360031
"male","30-34","sc_car_deaths_pa_stomach_cancer",-0.02885,"bogota","Car",NA,NA,"L3: stomach_cancer","PA",321492
"male","35-39","sc_car_deaths_pa_stomach_cancer",-0.04848,"bogota","Car",NA,NA,"L3: stomach_cancer","PA",289808
"male","40-44","sc_car_deaths_pa_stomach_cancer",-0.06994,"bogota","Car",NA,NA,"L3: stomach_cancer","PA",244543
"male","45-49","sc_car_deaths_pa_stomach_cancer",-0.12808,"bogota","Car",NA,NA,"L3: stomach_cancer","PA",215491
"male","50-54","sc_car_deaths_pa_stomach_cancer",-0.18798,"bogota","Car",NA,NA,"L3: stomach_cancer","PA",209137
"male","55-59","sc_car_deaths_pa_stomach_cancer",-0.21655,"bogota","Car",NA,NA,"L3: stomach_cancer","PA",187551
"male","60-64","sc_car_deaths_pa_stomach_cancer",-0.32194,"bogota","Car",NA,NA,"L3: stomach_cancer","PA",146500
"male","65-69","sc_car_deaths_pa_stomach_cancer",-0.43318,"bogota","Car",NA,NA,"L3: stomach_cancer","PA",105412
"female","15-19","sc_car_deaths_pa_stomach_cancer",-0.0007,"bogota","Car",NA,NA,"L3: stomach_cancer","PA",279280
"female","20-24","sc_car_deaths_pa_stomach_cancer",-0.00421,"bogota","Car",NA,NA,"L3: stomach_cancer","PA",360197
"female","25-29","sc_car_deaths_pa_stomach_cancer",-0.01082,"bogota","Car",NA,NA,"L3: stomach_cancer","PA",364423
"female","30-34","sc_car_deaths_pa_stomach_cancer",-0.02402,"bogota","Car",NA,NA,"L3: stomach_cancer","PA",330341
"female","35-39","sc_car_deaths_pa_stomach_cancer",-0.0398,"bogota","Car",NA,NA,"L3: stomach_cancer","PA",309304
"female","40-44","sc_car_deaths_pa_stomach_cancer",-0.06111,"bogota","Car",NA,NA,"L3: stomach_cancer","PA",275440
"female","45-49","sc_car_deaths_pa_stomach_cancer",-0.0588,"bogota","Car",NA,NA,"L3: stomach_cancer","PA",254843
"female","50-54","sc_car_deaths_pa_stomach_cancer",-0.0513,"bogota","Car",NA,NA,"L3: stomach_cancer","PA",256059
"female","55-59","sc_car_deaths_pa_stomach_cancer",-0.07551,"bogota","Car",NA,NA,"L3: stomach_cancer","PA",235548
"female","60-64","sc_car_deaths_pa_stomach_cancer",-0.13267,"bogota","Car",NA,NA,"L3: stomach_cancer","PA",189600
"female","65-69","sc_car_deaths_pa_stomach_cancer",-0.14416,"bogota","Car",NA,NA,"L3: stomach_cancer","PA",141409
"male","15-19","sc_bus_deaths_pa_stomach_cancer",-0.00078,"bogota","Bus",NA,NA,"L3: stomach_cancer","PA",282736
"male","20-24","sc_bus_deaths_pa_stomach_cancer",-0.00206,"bogota","Bus",NA,NA,"L3: stomach_cancer","PA",357934
"male","25-29","sc_bus_deaths_pa_stomach_cancer",-0.00446,"bogota","Bus",NA,NA,"L3: stomach_cancer","PA",360031
"male","30-34","sc_bus_deaths_pa_stomach_cancer",-0.01046,"bogota","Bus",NA,NA,"L3: stomach_cancer","PA",321492
"male","35-39","sc_bus_deaths_pa_stomach_cancer",-0.01798,"bogota","Bus",NA,NA,"L3: stomach_cancer","PA",289808
"male","40-44","sc_bus_deaths_pa_stomach_cancer",-0.00485,"bogota","Bus",NA,NA,"L3: stomach_cancer","PA",244543
"male","45-49","sc_bus_deaths_pa_stomach_cancer",-0.05524,"bogota","Bus",NA,NA,"L3: stomach_cancer","PA",215491
"male","50-54","sc_bus_deaths_pa_stomach_cancer",-0.069,"bogota","Bus",NA,NA,"L3: stomach_cancer","PA",209137
"male","55-59","sc_bus_deaths_pa_stomach_cancer",-0.026,"bogota","Bus",NA,NA,"L3: stomach_cancer","PA",187551
"male","60-64","sc_bus_deaths_pa_stomach_cancer",-0.13636,"bogota","Bus",NA,NA,"L3: stomach_cancer","PA",146500
"male","65-69","sc_bus_deaths_pa_stomach_cancer",-0.12624,"bogota","Bus",NA,NA,"L3: stomach_cancer","PA",105412
"female","15-19","sc_bus_deaths_pa_stomach_cancer",-0.00008,"bogota","Bus",NA,NA,"L3: stomach_cancer","PA",279280
"female","20-24","sc_bus_deaths_pa_stomach_cancer",-0.00052,"bogota","Bus",NA,NA,"L3: stomach_cancer","PA",360197
"female","25-29","sc_bus_deaths_pa_stomach_cancer",-0.00065,"bogota","Bus",NA,NA,"L3: stomach_cancer","PA",364423
"female","30-34","sc_bus_deaths_pa_stomach_cancer",-0.00137,"bogota","Bus",NA,NA,"L3: stomach_cancer","PA",330341
"female","35-39","sc_bus_deaths_pa_stomach_cancer",-0.00528,"bogota","Bus",NA,NA,"L3: stomach_cancer","PA",309304
"female","40-44","sc_bus_deaths_pa_stomach_cancer",-0.00108,"bogota","Bus",NA,NA,"L3: stomach_cancer","PA",275440
"female","45-49","sc_bus_deaths_pa_stomach_cancer",-0.00872,"bogota","Bus",NA,NA,"L3: stomach_cancer","PA",254843
"female","50-54","sc_bus_deaths_pa_stomach_cancer",0.01536,"bogota","Bus",NA,NA,"L3: stomach_cancer","PA",256059
"female","55-59","sc_bus_deaths_pa_stomach_cancer",0.0288,"bogota","Bus",NA,NA,"L3: stomach_cancer","PA",235548
"female","60-64","sc_bus_deaths_pa_stomach_cancer",0.03631,"bogota","Bus",NA,NA,"L3: stomach_cancer","PA",189600
"female","65-69","sc_bus_deaths_pa_stomach_cancer",0.02907,"bogota","Bus",NA,NA,"L3: stomach_cancer","PA",141409
"male","15-19","sc_cycle_deaths_pa_stomach_cancer_lb",0.00308,"bogota","Cycling",NA,NA,"L3: stomach_cancer","PA",282736
"male","20-24","sc_cycle_deaths_pa_stomach_cancer_lb",0.01566,"bogota","Cycling",NA,NA,"L3: stomach_cancer","PA",357934
"male","25-29","sc_cycle_deaths_pa_stomach_cancer_lb",0.04779,"bogota","Cycling",NA,NA,"L3: stomach_cancer","PA",360031
"male","30-34","sc_cycle_deaths_pa_stomach_cancer_lb",0.10257,"bogota","Cycling",NA,NA,"L3: stomach_cancer","PA",321492
"male","35-39","sc_cycle_deaths_pa_stomach_cancer_lb",0.19205,"bogota","Cycling",NA,NA,"L3: stomach_cancer","PA",289808
"male","40-44","sc_cycle_deaths_pa_stomach_cancer_lb",0.25202,"bogota","Cycling",NA,NA,"L3: stomach_cancer","PA",244543
"male","45-49","sc_cycle_deaths_pa_stomach_cancer_lb",0.38656,"bogota","Cycling",NA,NA,"L3: stomach_cancer","PA",215491
"male","50-54","sc_cycle_deaths_pa_stomach_cancer_lb",0.51378,"bogota","Cycling",NA,NA,"L3: stomach_cancer","PA",209137
"male","55-59","sc_cycle_deaths_pa_stomach_cancer_lb",0.64448,"bogota","Cycling",NA,NA,"L3: stomach_cancer","PA",187551
"male","60-64","sc_cycle_deaths_pa_stomach_cancer_lb",1.04012,"bogota","Cycling",NA,NA,"L3: stomach_cancer","PA",146500
"male","65-69","sc_cycle_deaths_pa_stomach_cancer_lb",1.1015,"bogota","Cycling",NA,NA,"L3: stomach_cancer","PA",105412
"female","15-19","sc_cycle_deaths_pa_stomach_cancer_lb",0.00311,"bogota","Cycling",NA,NA,"L3: stomach_cancer","PA",279280
"female","20-24","sc_cycle_deaths_pa_stomach_cancer_lb",0.01505,"bogota","Cycling",NA,NA,"L3: stomach_cancer","PA",360197
"female","25-29","sc_cycle_deaths_pa_stomach_cancer_lb",0.04318,"bogota","Cycling",NA,NA,"L3: stomach_cancer","PA",364423
"female","30-34","sc_cycle_deaths_pa_stomach_cancer_lb",0.10118,"bogota","Cycling",NA,NA,"L3: stomach_cancer","PA",330341
"female","35-39","sc_cycle_deaths_pa_stomach_cancer_lb",0.18485,"bogota","Cycling",NA,NA,"L3: stomach_cancer","PA",309304
"female","40-44","sc_cycle_deaths_pa_stomach_cancer_lb",0.23944,"bogota","Cycling",NA,NA,"L3: stomach_cancer","PA",275440
"female","45-49","sc_cycle_deaths_pa_stomach_cancer_lb",0.26088,"bogota","Cycling",NA,NA,"L3: stomach_cancer","PA",254843
"female","50-54","sc_cycle_deaths_pa_stomach_cancer_lb",0.44686,"bogota","Cycling",NA,NA,"L3: stomach_cancer","PA",256059
"female","55-59","sc_cycle_deaths_pa_stomach_cancer_lb",0.5423,"bogota","Cycling",NA,NA,"L3: stomach_cancer","PA",235548
"female","60-64","sc_cycle_deaths_pa_stomach_cancer_lb",0.65622,"bogota","Cycling",NA,NA,"L3: stomach_cancer","PA",189600
"female","65-69","sc_cycle_deaths_pa_stomach_cancer_lb",0.62068,"bogota","Cycling",NA,NA,"L3: stomach_cancer","PA",141409
"male","15-19","sc_car_deaths_pa_stomach_cancer_lb",-0.00238,"bogota","Car",NA,NA,"L3: stomach_cancer","PA",282736
"male","20-24","sc_car_deaths_pa_stomach_cancer_lb",-0.00869,"bogota","Car",NA,NA,"L3: stomach_cancer","PA",357934
"male","25-29","sc_car_deaths_pa_stomach_cancer_lb",-0.01869,"bogota","Car",NA,NA,"L3: stomach_cancer","PA",360031
"male","30-34","sc_car_deaths_pa_stomach_cancer_lb",-0.04644,"bogota","Car",NA,NA,"L3: stomach_cancer","PA",321492
"male","35-39","sc_car_deaths_pa_stomach_cancer_lb",-0.07803,"bogota","Car",NA,NA,"L3: stomach_cancer","PA",289808
"male","40-44","sc_car_deaths_pa_stomach_cancer_lb",-0.11276,"bogota","Car",NA,NA,"L3: stomach_cancer","PA",244543
"male","45-49","sc_car_deaths_pa_stomach_cancer_lb",-0.20562,"bogota","Car",NA,NA,"L3: stomach_cancer","PA",215491
"male","50-54","sc_car_deaths_pa_stomach_cancer_lb",-0.30158,"bogota","Car",NA,NA,"L3: stomach_cancer","PA",209137
"male","55-59","sc_car_deaths_pa_stomach_cancer_lb",-0.34965,"bogota","Car",NA,NA,"L3: stomach_cancer","PA",187551
"male","60-64","sc_car_deaths_pa_stomach_cancer_lb",-0.52173,"bogota","Car",NA,NA,"L3: stomach_cancer","PA",146500
"male","65-69","sc_car_deaths_pa_stomach_cancer_lb",-0.70674,"bogota","Car",NA,NA,"L3: stomach_cancer","PA",105412
"female","15-19","sc_car_deaths_pa_stomach_cancer_lb",-0.00114,"bogota","Car",NA,NA,"L3: stomach_cancer","PA",279280
"female","20-24","sc_car_deaths_pa_stomach_cancer_lb",-0.00688,"bogota","Car",NA,NA,"L3: stomach_cancer","PA",360197
"female","25-29","sc_car_deaths_pa_stomach_cancer_lb",-0.01773,"bogota","Car",NA,NA,"L3: stomach_cancer","PA",364423
"female","30-34","sc_car_deaths_pa_stomach_cancer_lb",-0.03898,"bogota","Car",NA,NA,"L3: stomach_cancer","PA",330341
"female","35-39","sc_car_deaths_pa_stomach_cancer_lb",-0.06442,"bogota","Car",NA,NA,"L3: stomach_cancer","PA",309304
"female","40-44","sc_car_deaths_pa_stomach_cancer_lb",-0.09852,"bogota","Car",NA,NA,"L3: stomach_cancer","PA",275440
"female","45-49","sc_car_deaths_pa_stomach_cancer_lb",-0.09534,"bogota","Car",NA,NA,"L3: stomach_cancer","PA",254843
"female","50-54","sc_car_deaths_pa_stomach_cancer_lb",-0.08349,"bogota","Car",NA,NA,"L3: stomach_cancer","PA",256059
"female","55-59","sc_car_deaths_pa_stomach_cancer_lb",-0.12349,"bogota","Car",NA,NA,"L3: stomach_cancer","PA",235548
"female","60-64","sc_car_deaths_pa_stomach_cancer_lb",-0.21818,"bogota","Car",NA,NA,"L3: stomach_cancer","PA",189600
"female","65-69","sc_car_deaths_pa_stomach_cancer_lb",-0.23945,"bogota","Car",NA,NA,"L3: stomach_cancer","PA",141409
"male","15-19","sc_bus_deaths_pa_stomach_cancer_lb",-0.00119,"bogota","Bus",NA,NA,"L3: stomach_cancer","PA",282736
"male","20-24","sc_bus_deaths_pa_stomach_cancer_lb",-0.00289,"bogota","Bus",NA,NA,"L3: stomach_cancer","PA",357934
"male","25-29","sc_bus_deaths_pa_stomach_cancer_lb",-0.0062,"bogota","Bus",NA,NA,"L3: stomach_cancer","PA",360031
"male","30-34","sc_bus_deaths_pa_stomach_cancer_lb",-0.0141,"bogota","Bus",NA,NA,"L3: stomach_cancer","PA",321492
"male","35-39","sc_bus_deaths_pa_stomach_cancer_lb",-0.02371,"bogota","Bus",NA,NA,"L3: stomach_cancer","PA",289808
"male","40-44","sc_bus_deaths_pa_stomach_cancer_lb",-0.00137,"bogota","Bus",NA,NA,"L3: stomach_cancer","PA",244543
"male","45-49","sc_bus_deaths_pa_stomach_cancer_lb",-0.07916,"bogota","Bus",NA,NA,"L3: stomach_cancer","PA",215491
"male","50-54","sc_bus_deaths_pa_stomach_cancer_lb",-0.09734,"bogota","Bus",NA,NA,"L3: stomach_cancer","PA",209137
"male","55-59","sc_bus_deaths_pa_stomach_cancer_lb",-0.02744,"bogota","Bus",NA,NA,"L3: stomach_cancer","PA",187551
"male","60-64","sc_bus_deaths_pa_stomach_cancer_lb",-0.20581,"bogota","Bus",NA,NA,"L3: stomach_cancer","PA",146500
"male","65-69","sc_bus_deaths_pa_stomach_cancer_lb",-0.1873,"bogota","Bus",NA,NA,"L3: stomach_cancer","PA",105412
"female","15-19","sc_bus_deaths_pa_stomach_cancer_lb",-0.00011,"bogota","Bus",NA,NA,"L3: stomach_cancer","PA",279280
"female","20-24","sc_bus_deaths_pa_stomach_cancer_lb",-0.00072,"bogota","Bus",NA,NA,"L3: stomach_cancer","PA",360197
"female","25-29","sc_bus_deaths_pa_stomach_cancer_lb",-0.00053,"bogota","Bus",NA,NA,"L3: stomach_cancer","PA",364423
"female","30-34","sc_bus_deaths_pa_stomach_cancer_lb",-0.00093,"bogota","Bus",NA,NA,"L3: stomach_cancer","PA",330341
"female","35-39","sc_bus_deaths_pa_stomach_cancer_lb",-0.00705,"bogota","Bus",NA,NA,"L3: stomach_cancer","PA",309304
"female","40-44","sc_bus_deaths_pa_stomach_cancer_lb",0.00075,"bogota","Bus",NA,NA,"L3: stomach_cancer","PA",275440
"female","45-49","sc_bus_deaths_pa_stomach_cancer_lb",-0.01132,"bogota","Bus",NA,NA,"L3: stomach_cancer","PA",254843
"female","50-54","sc_bus_deaths_pa_stomach_cancer_lb",0.0266,"bogota","Bus",NA,NA,"L3: stomach_cancer","PA",256059
"female","55-59","sc_bus_deaths_pa_stomach_cancer_lb",0.04892,"bogota","Bus",NA,NA,"L3: stomach_cancer","PA",235548
"female","60-64","sc_bus_deaths_pa_stomach_cancer_lb",0.0633,"bogota","Bus",NA,NA,"L3: stomach_cancer","PA",189600
"female","65-69","sc_bus_deaths_pa_stomach_cancer_lb",0.05103,"bogota","Bus",NA,NA,"L3: stomach_cancer","PA",141409
"male","15-19","sc_cycle_deaths_pa_stomach_cancer_ub",0.00077,"bogota","Cycling",NA,NA,"L3: stomach_cancer","PA",282736
"male","20-24","sc_cycle_deaths_pa_stomach_cancer_ub",0.00396,"bogota","Cycling",NA,NA,"L3: stomach_cancer","PA",357934
"male","25-29","sc_cycle_deaths_pa_stomach_cancer_ub",0.01204,"bogota","Cycling",NA,NA,"L3: stomach_cancer","PA",360031
"male","30-34","sc_cycle_deaths_pa_stomach_cancer_ub",0.02585,"bogota","Cycling",NA,NA,"L3: stomach_cancer","PA",321492
"male","35-39","sc_cycle_deaths_pa_stomach_cancer_ub",0.04965,"bogota","Cycling",NA,NA,"L3: stomach_cancer","PA",289808
"male","40-44","sc_cycle_deaths_pa_stomach_cancer_ub",0.06431,"bogota","Cycling",NA,NA,"L3: stomach_cancer","PA",244543
"male","45-49","sc_cycle_deaths_pa_stomach_cancer_ub",0.09721,"bogota","Cycling",NA,NA,"L3: stomach_cancer","PA",215491
"male","50-54","sc_cycle_deaths_pa_stomach_cancer_ub",0.1362,"bogota","Cycling",NA,NA,"L3: stomach_cancer","PA",209137
"male","55-59","sc_cycle_deaths_pa_stomach_cancer_ub",0.15751,"bogota","Cycling",NA,NA,"L3: stomach_cancer","PA",187551
"male","60-64","sc_cycle_deaths_pa_stomach_cancer_ub",0.27547,"bogota","Cycling",NA,NA,"L3: stomach_cancer","PA",146500
"male","65-69","sc_cycle_deaths_pa_stomach_cancer_ub",0.27146,"bogota","Cycling",NA,NA,"L3: stomach_cancer","PA",105412
"female","15-19","sc_cycle_deaths_pa_stomach_cancer_ub",0.00078,"bogota","Cycling",NA,NA,"L3: stomach_cancer","PA",279280
"female","20-24","sc_cycle_deaths_pa_stomach_cancer_ub",0.00383,"bogota","Cycling",NA,NA,"L3: stomach_cancer","PA",360197
"female","25-29","sc_cycle_deaths_pa_stomach_cancer_ub",0.01091,"bogota","Cycling",NA,NA,"L3: stomach_cancer","PA",364423
"female","30-34","sc_cycle_deaths_pa_stomach_cancer_ub",0.02591,"bogota","Cycling",NA,NA,"L3: stomach_cancer","PA",330341
"female","35-39","sc_cycle_deaths_pa_stomach_cancer_ub",0.04855,"bogota","Cycling",NA,NA,"L3: stomach_cancer","PA",309304
"female","40-44","sc_cycle_deaths_pa_stomach_cancer_ub",0.06088,"bogota","Cycling",NA,NA,"L3: stomach_cancer","PA",275440
"female","45-49","sc_cycle_deaths_pa_stomach_cancer_ub",0.06844,"bogota","Cycling",NA,NA,"L3: stomach_cancer","PA",254843
"female","50-54","sc_cycle_deaths_pa_stomach_cancer_ub",0.1105,"bogota","Cycling",NA,NA,"L3: stomach_cancer","PA",256059
"female","55-59","sc_cycle_deaths_pa_stomach_cancer_ub",0.13579,"bogota","Cycling",NA,NA,"L3: stomach_cancer","PA",235548
"female","60-64","sc_cycle_deaths_pa_stomach_cancer_ub",0.16594,"bogota","Cycling",NA,NA,"L3: stomach_cancer","PA",189600
"female","65-69","sc_cycle_deaths_pa_stomach_cancer_ub",0.16052,"bogota","Cycling",NA,NA,"L3: stomach_cancer","PA",141409
"male","15-19","sc_car_deaths_pa_stomach_cancer_ub",-0.00056,"bogota","Car",NA,NA,"L3: stomach_cancer","PA",282736
"male","20-24","sc_car_deaths_pa_stomach_cancer_ub",-0.00207,"bogota","Car",NA,NA,"L3: stomach_cancer","PA",357934
"male","25-29","sc_car_deaths_pa_stomach_cancer_ub",-0.0043,"bogota","Car",NA,NA,"L3: stomach_cancer","PA",360031
"male","30-34","sc_car_deaths_pa_stomach_cancer_ub",-0.0112,"bogota","Car",NA,NA,"L3: stomach_cancer","PA",321492
"male","35-39","sc_car_deaths_pa_stomach_cancer_ub",-0.01875,"bogota","Car",NA,NA,"L3: stomach_cancer","PA",289808
"male","40-44","sc_car_deaths_pa_stomach_cancer_ub",-0.02701,"bogota","Car",NA,NA,"L3: stomach_cancer","PA",244543
"male","45-49","sc_car_deaths_pa_stomach_cancer_ub",-0.04982,"bogota","Car",NA,NA,"L3: stomach_cancer","PA",215491
"male","50-54","sc_car_deaths_pa_stomach_cancer_ub",-0.07348,"bogota","Car",NA,NA,"L3: stomach_cancer","PA",209137
"male","55-59","sc_car_deaths_pa_stomach_cancer_ub",-0.08399,"bogota","Car",NA,NA,"L3: stomach_cancer","PA",187551
"male","60-64","sc_car_deaths_pa_stomach_cancer_ub",-0.12277,"bogota","Car",NA,NA,"L3: stomach_cancer","PA",146500
"male","65-69","sc_car_deaths_pa_stomach_cancer_ub",-0.16264,"bogota","Car",NA,NA,"L3: stomach_cancer","PA",105412
"female","15-19","sc_car_deaths_pa_stomach_cancer_ub",-0.00026,"bogota","Car",NA,NA,"L3: stomach_cancer","PA",279280
"female","20-24","sc_car_deaths_pa_stomach_cancer_ub",-0.00155,"bogota","Car",NA,NA,"L3: stomach_cancer","PA",360197
"female","25-29","sc_car_deaths_pa_stomach_cancer_ub",-0.00398,"bogota","Car",NA,NA,"L3: stomach_cancer","PA",364423
"female","30-34","sc_car_deaths_pa_stomach_cancer_ub",-0.00911,"bogota","Car",NA,NA,"L3: stomach_cancer","PA",330341
"female","35-39","sc_car_deaths_pa_stomach_cancer_ub",-0.01512,"bogota","Car",NA,NA,"L3: stomach_cancer","PA",309304
"female","40-44","sc_car_deaths_pa_stomach_cancer_ub",-0.02345,"bogota","Car",NA,NA,"L3: stomach_cancer","PA",275440
"female","45-49","sc_car_deaths_pa_stomach_cancer_ub",-0.02216,"bogota","Car",NA,NA,"L3: stomach_cancer","PA",254843
"female","50-54","sc_car_deaths_pa_stomach_cancer_ub",-0.01904,"bogota","Car",NA,NA,"L3: stomach_cancer","PA",256059
"female","55-59","sc_car_deaths_pa_stomach_cancer_ub",-0.0278,"bogota","Car",NA,NA,"L3: stomach_cancer","PA",235548
"female","60-64","sc_car_deaths_pa_stomach_cancer_ub",-0.04832,"bogota","Car",NA,NA,"L3: stomach_cancer","PA",189600
"female","65-69","sc_car_deaths_pa_stomach_cancer_ub",-0.05167,"bogota","Car",NA,NA,"L3: stomach_cancer","PA",141409
"male","15-19","sc_bus_deaths_pa_stomach_cancer_ub",-0.00034,"bogota","Bus",NA,NA,"L3: stomach_cancer","PA",282736
"male","20-24","sc_bus_deaths_pa_stomach_cancer_ub",-0.001,"bogota","Bus",NA,NA,"L3: stomach_cancer","PA",357934
"male","25-29","sc_bus_deaths_pa_stomach_cancer_ub",-0.00219,"bogota","Bus",NA,NA,"L3: stomach_cancer","PA",360031
"male","30-34","sc_bus_deaths_pa_stomach_cancer_ub",-0.00533,"bogota","Bus",NA,NA,"L3: stomach_cancer","PA",321492
"male","35-39","sc_bus_deaths_pa_stomach_cancer_ub",-0.00946,"bogota","Bus",NA,NA,"L3: stomach_cancer","PA",289808
"male","40-44","sc_bus_deaths_pa_stomach_cancer_ub",-0.00511,"bogota","Bus",NA,NA,"L3: stomach_cancer","PA",244543
"male","45-49","sc_bus_deaths_pa_stomach_cancer_ub",-0.02599,"bogota","Bus",NA,NA,"L3: stomach_cancer","PA",215491
"male","50-54","sc_bus_deaths_pa_stomach_cancer_ub",-0.03276,"bogota","Bus",NA,NA,"L3: stomach_cancer","PA",209137
"male","55-59","sc_bus_deaths_pa_stomach_cancer_ub",-0.01695,"bogota","Bus",NA,NA,"L3: stomach_cancer","PA",187551
"male","60-64","sc_bus_deaths_pa_stomach_cancer_ub",-0.05935,"bogota","Bus",NA,NA,"L3: stomach_cancer","PA",146500
"male","65-69","sc_bus_deaths_pa_stomach_cancer_ub",-0.05613,"bogota","Bus",NA,NA,"L3: stomach_cancer","PA",105412
"female","15-19","sc_bus_deaths_pa_stomach_cancer_ub",-0.00004,"bogota","Bus",NA,NA,"L3: stomach_cancer","PA",279280
"female","20-24","sc_bus_deaths_pa_stomach_cancer_ub",-0.00025,"bogota","Bus",NA,NA,"L3: stomach_cancer","PA",360197
"female","25-29","sc_bus_deaths_pa_stomach_cancer_ub",-0.00051,"bogota","Bus",NA,NA,"L3: stomach_cancer","PA",364423
"female","30-34","sc_bus_deaths_pa_stomach_cancer_ub",-0.0012,"bogota","Bus",NA,NA,"L3: stomach_cancer","PA",330341
"female","35-39","sc_bus_deaths_pa_stomach_cancer_ub",-0.00274,"bogota","Bus",NA,NA,"L3: stomach_cancer","PA",309304
"female","40-44","sc_bus_deaths_pa_stomach_cancer_ub",-0.00177,"bogota","Bus",NA,NA,"L3: stomach_cancer","PA",275440
"female","45-49","sc_bus_deaths_pa_stomach_cancer_ub",-0.00467,"bogota","Bus",NA,NA,"L3: stomach_cancer","PA",254843
"female","50-54","sc_bus_deaths_pa_stomach_cancer_ub",0.00497,"bogota","Bus",NA,NA,"L3: stomach_cancer","PA",256059
"female","55-59","sc_bus_deaths_pa_stomach_cancer_ub",0.00964,"bogota","Bus",NA,NA,"L3: stomach_cancer","PA",235548
"female","60-64","sc_bus_deaths_pa_stomach_cancer_ub",0.01146,"bogota","Bus",NA,NA,"L3: stomach_cancer","PA",189600
"female","65-69","sc_bus_deaths_pa_stomach_cancer_ub",0.00922,"bogota","Bus",NA,NA,"L3: stomach_cancer","PA",141409
"male","15-19","sc_cycle_deaths_pa_myeloid_leukemia",0.00853,"bogota","Cycling",NA,NA,"L3: Myeloid Leukemia","PA",282736
"male","20-24","sc_cycle_deaths_pa_myeloid_leukemia",0.01881,"bogota","Cycling",NA,NA,"L3: Myeloid Leukemia","PA",357934
"male","25-29","sc_cycle_deaths_pa_myeloid_leukemia",0.02628,"bogota","Cycling",NA,NA,"L3: Myeloid Leukemia","PA",360031
"male","30-34","sc_cycle_deaths_pa_myeloid_leukemia",0.02647,"bogota","Cycling",NA,NA,"L3: Myeloid Leukemia","PA",321492
"male","35-39","sc_cycle_deaths_pa_myeloid_leukemia",0.02357,"bogota","Cycling",NA,NA,"L3: Myeloid Leukemia","PA",289808
"male","40-44","sc_cycle_deaths_pa_myeloid_leukemia",0.0236,"bogota","Cycling",NA,NA,"L3: Myeloid Leukemia","PA",244543
"male","45-49","sc_cycle_deaths_pa_myeloid_leukemia",0.02317,"bogota","Cycling",NA,NA,"L3: Myeloid Leukemia","PA",215491
"male","50-54","sc_cycle_deaths_pa_myeloid_leukemia",0.02167,"bogota","Cycling",NA,NA,"L3: Myeloid Leukemia","PA",209137
"male","55-59","sc_cycle_deaths_pa_myeloid_leukemia",0.02819,"bogota","Cycling",NA,NA,"L3: Myeloid Leukemia","PA",187551
"male","60-64","sc_cycle_deaths_pa_myeloid_leukemia",0.03287,"bogota","Cycling",NA,NA,"L3: Myeloid Leukemia","PA",146500
"male","65-69","sc_cycle_deaths_pa_myeloid_leukemia",0.03798,"bogota","Cycling",NA,NA,"L3: Myeloid Leukemia","PA",105412
"female","15-19","sc_cycle_deaths_pa_myeloid_leukemia",0.00886,"bogota","Cycling",NA,NA,"L3: Myeloid Leukemia","PA",279280
"female","20-24","sc_cycle_deaths_pa_myeloid_leukemia",0.01448,"bogota","Cycling",NA,NA,"L3: Myeloid Leukemia","PA",360197
"female","25-29","sc_cycle_deaths_pa_myeloid_leukemia",0.01589,"bogota","Cycling",NA,NA,"L3: Myeloid Leukemia","PA",364423
"female","30-34","sc_cycle_deaths_pa_myeloid_leukemia",0.01978,"bogota","Cycling",NA,NA,"L3: Myeloid Leukemia","PA",330341
"female","35-39","sc_cycle_deaths_pa_myeloid_leukemia",0.02178,"bogota","Cycling",NA,NA,"L3: Myeloid Leukemia","PA",309304
"female","40-44","sc_cycle_deaths_pa_myeloid_leukemia",0.02528,"bogota","Cycling",NA,NA,"L3: Myeloid Leukemia","PA",275440
"female","45-49","sc_cycle_deaths_pa_myeloid_leukemia",0.02126,"bogota","Cycling",NA,NA,"L3: Myeloid Leukemia","PA",254843
"female","50-54","sc_cycle_deaths_pa_myeloid_leukemia",0.03476,"bogota","Cycling",NA,NA,"L3: Myeloid Leukemia","PA",256059
"female","55-59","sc_cycle_deaths_pa_myeloid_leukemia",0.04556,"bogota","Cycling",NA,NA,"L3: Myeloid Leukemia","PA",235548
"female","60-64","sc_cycle_deaths_pa_myeloid_leukemia",0.0436,"bogota","Cycling",NA,NA,"L3: Myeloid Leukemia","PA",189600
"female","65-69","sc_cycle_deaths_pa_myeloid_leukemia",0.03842,"bogota","Cycling",NA,NA,"L3: Myeloid Leukemia","PA",141409
"male","15-19","sc_car_deaths_pa_myeloid_leukemia",-0.00755,"bogota","Car",NA,NA,"L3: Myeloid Leukemia","PA",282736
"male","20-24","sc_car_deaths_pa_myeloid_leukemia",-0.01204,"bogota","Car",NA,NA,"L3: Myeloid Leukemia","PA",357934
"male","25-29","sc_car_deaths_pa_myeloid_leukemia",-0.01272,"bogota","Car",NA,NA,"L3: Myeloid Leukemia","PA",360031
"male","30-34","sc_car_deaths_pa_myeloid_leukemia",-0.01316,"bogota","Car",NA,NA,"L3: Myeloid Leukemia","PA",321492
"male","35-39","sc_car_deaths_pa_myeloid_leukemia",-0.01131,"bogota","Car",NA,NA,"L3: Myeloid Leukemia","PA",289808
"male","40-44","sc_car_deaths_pa_myeloid_leukemia",-0.01228,"bogota","Car",NA,NA,"L3: Myeloid Leukemia","PA",244543
"male","45-49","sc_car_deaths_pa_myeloid_leukemia",-0.01301,"bogota","Car",NA,NA,"L3: Myeloid Leukemia","PA",215491
"male","50-54","sc_car_deaths_pa_myeloid_leukemia",-0.01546,"bogota","Car",NA,NA,"L3: Myeloid Leukemia","PA",209137
"male","55-59","sc_car_deaths_pa_myeloid_leukemia",-0.01654,"bogota","Car",NA,NA,"L3: Myeloid Leukemia","PA",187551
"male","60-64","sc_car_deaths_pa_myeloid_leukemia",-0.02207,"bogota","Car",NA,NA,"L3: Myeloid Leukemia","PA",146500
"male","65-69","sc_car_deaths_pa_myeloid_leukemia",-0.02933,"bogota","Car",NA,NA,"L3: Myeloid Leukemia","PA",105412
"female","15-19","sc_car_deaths_pa_myeloid_leukemia",-0.00421,"bogota","Car",NA,NA,"L3: Myeloid Leukemia","PA",279280
"female","20-24","sc_car_deaths_pa_myeloid_leukemia",-0.00871,"bogota","Car",NA,NA,"L3: Myeloid Leukemia","PA",360197
"female","25-29","sc_car_deaths_pa_myeloid_leukemia",-0.00848,"bogota","Car",NA,NA,"L3: Myeloid Leukemia","PA",364423
"female","30-34","sc_car_deaths_pa_myeloid_leukemia",-0.00952,"bogota","Car",NA,NA,"L3: Myeloid Leukemia","PA",330341
"female","35-39","sc_car_deaths_pa_myeloid_leukemia",-0.00996,"bogota","Car",NA,NA,"L3: Myeloid Leukemia","PA",309304
"female","40-44","sc_car_deaths_pa_myeloid_leukemia",-0.01224,"bogota","Car",NA,NA,"L3: Myeloid Leukemia","PA",275440
"female","45-49","sc_car_deaths_pa_myeloid_leukemia",-0.01007,"bogota","Car",NA,NA,"L3: Myeloid Leukemia","PA",254843
"female","50-54","sc_car_deaths_pa_myeloid_leukemia",-0.00769,"bogota","Car",NA,NA,"L3: Myeloid Leukemia","PA",256059
"female","55-59","sc_car_deaths_pa_myeloid_leukemia",-0.0135,"bogota","Car",NA,NA,"L3: Myeloid Leukemia","PA",235548
"female","60-64","sc_car_deaths_pa_myeloid_leukemia",-0.02026,"bogota","Car",NA,NA,"L3: Myeloid Leukemia","PA",189600
"female","65-69","sc_car_deaths_pa_myeloid_leukemia",-0.02269,"bogota","Car",NA,NA,"L3: Myeloid Leukemia","PA",141409
"male","15-19","sc_bus_deaths_pa_myeloid_leukemia",-0.00224,"bogota","Bus",NA,NA,"L3: Myeloid Leukemia","PA",282736
"male","20-24","sc_bus_deaths_pa_myeloid_leukemia",-0.00019,"bogota","Bus",NA,NA,"L3: Myeloid Leukemia","PA",357934
"male","25-29","sc_bus_deaths_pa_myeloid_leukemia",0.00016,"bogota","Bus",NA,NA,"L3: Myeloid Leukemia","PA",360031
"male","30-34","sc_bus_deaths_pa_myeloid_leukemia",0.00148,"bogota","Bus",NA,NA,"L3: Myeloid Leukemia","PA",321492
"male","35-39","sc_bus_deaths_pa_myeloid_leukemia",0.00188,"bogota","Bus",NA,NA,"L3: Myeloid Leukemia","PA",289808
"male","40-44","sc_bus_deaths_pa_myeloid_leukemia",0.00459,"bogota","Bus",NA,NA,"L3: Myeloid Leukemia","PA",244543
"male","45-49","sc_bus_deaths_pa_myeloid_leukemia",-0.00048,"bogota","Bus",NA,NA,"L3: Myeloid Leukemia","PA",215491
"male","50-54","sc_bus_deaths_pa_myeloid_leukemia",0.00056,"bogota","Bus",NA,NA,"L3: Myeloid Leukemia","PA",209137
"male","55-59","sc_bus_deaths_pa_myeloid_leukemia",0.00366,"bogota","Bus",NA,NA,"L3: Myeloid Leukemia","PA",187551
"male","60-64","sc_bus_deaths_pa_myeloid_leukemia",-0.00451,"bogota","Bus",NA,NA,"L3: Myeloid Leukemia","PA",146500
"male","65-69","sc_bus_deaths_pa_myeloid_leukemia",-0.00265,"bogota","Bus",NA,NA,"L3: Myeloid Leukemia","PA",105412
"female","15-19","sc_bus_deaths_pa_myeloid_leukemia",0.00006,"bogota","Bus",NA,NA,"L3: Myeloid Leukemia","PA",279280
"female","20-24","sc_bus_deaths_pa_myeloid_leukemia",0.0001,"bogota","Bus",NA,NA,"L3: Myeloid Leukemia","PA",360197
"female","25-29","sc_bus_deaths_pa_myeloid_leukemia",0.00124,"bogota","Bus",NA,NA,"L3: Myeloid Leukemia","PA",364423
"female","30-34","sc_bus_deaths_pa_myeloid_leukemia",0.0017,"bogota","Bus",NA,NA,"L3: Myeloid Leukemia","PA",330341
"female","35-39","sc_bus_deaths_pa_myeloid_leukemia",0.00053,"bogota","Bus",NA,NA,"L3: Myeloid Leukemia","PA",309304
"female","40-44","sc_bus_deaths_pa_myeloid_leukemia",0.00218,"bogota","Bus",NA,NA,"L3: Myeloid Leukemia","PA",275440
"female","45-49","sc_bus_deaths_pa_myeloid_leukemia",0.00076,"bogota","Bus",NA,NA,"L3: Myeloid Leukemia","PA",254843
"female","50-54","sc_bus_deaths_pa_myeloid_leukemia",0.00343,"bogota","Bus",NA,NA,"L3: Myeloid Leukemia","PA",256059
"female","55-59","sc_bus_deaths_pa_myeloid_leukemia",0.00644,"bogota","Bus",NA,NA,"L3: Myeloid Leukemia","PA",235548
"female","60-64","sc_bus_deaths_pa_myeloid_leukemia",0.00783,"bogota","Bus",NA,NA,"L3: Myeloid Leukemia","PA",189600
"female","65-69","sc_bus_deaths_pa_myeloid_leukemia",0.00619,"bogota","Bus",NA,NA,"L3: Myeloid Leukemia","PA",141409
"male","15-19","sc_cycle_deaths_pa_myeloid_leukemia_lb",0.01503,"bogota","Cycling",NA,NA,"L3: Myeloid Leukemia","PA",282736
"male","20-24","sc_cycle_deaths_pa_myeloid_leukemia_lb",0.03279,"bogota","Cycling",NA,NA,"L3: Myeloid Leukemia","PA",357934
"male","25-29","sc_cycle_deaths_pa_myeloid_leukemia_lb",0.04581,"bogota","Cycling",NA,NA,"L3: Myeloid Leukemia","PA",360031
"male","30-34","sc_cycle_deaths_pa_myeloid_leukemia_lb",0.04726,"bogota","Cycling",NA,NA,"L3: Myeloid Leukemia","PA",321492
"male","35-39","sc_cycle_deaths_pa_myeloid_leukemia_lb",0.0409,"bogota","Cycling",NA,NA,"L3: Myeloid Leukemia","PA",289808
"male","40-44","sc_cycle_deaths_pa_myeloid_leukemia_lb",0.04132,"bogota","Cycling",NA,NA,"L3: Myeloid Leukemia","PA",244543
"male","45-49","sc_cycle_deaths_pa_myeloid_leukemia_lb",0.04123,"bogota","Cycling",NA,NA,"L3: Myeloid Leukemia","PA",215491
"male","50-54","sc_cycle_deaths_pa_myeloid_leukemia_lb",0.03709,"bogota","Cycling",NA,NA,"L3: Myeloid Leukemia","PA",209137
"male","55-59","sc_cycle_deaths_pa_myeloid_leukemia_lb",0.05039,"bogota","Cycling",NA,NA,"L3: Myeloid Leukemia","PA",187551
"male","60-64","sc_cycle_deaths_pa_myeloid_leukemia_lb",0.05623,"bogota","Cycling",NA,NA,"L3: Myeloid Leukemia","PA",146500
"male","65-69","sc_cycle_deaths_pa_myeloid_leukemia_lb",0.06606,"bogota","Cycling",NA,NA,"L3: Myeloid Leukemia","PA",105412
"female","15-19","sc_cycle_deaths_pa_myeloid_leukemia_lb",0.01527,"bogota","Cycling",NA,NA,"L3: Myeloid Leukemia","PA",279280
"female","20-24","sc_cycle_deaths_pa_myeloid_leukemia_lb",0.02509,"bogota","Cycling",NA,NA,"L3: Myeloid Leukemia","PA",360197
"female","25-29","sc_cycle_deaths_pa_myeloid_leukemia_lb",0.02766,"bogota","Cycling",NA,NA,"L3: Myeloid Leukemia","PA",364423
"female","30-34","sc_cycle_deaths_pa_myeloid_leukemia_lb",0.03426,"bogota","Cycling",NA,NA,"L3: Myeloid Leukemia","PA",330341
"female","35-39","sc_cycle_deaths_pa_myeloid_leukemia_lb",0.0371,"bogota","Cycling",NA,NA,"L3: Myeloid Leukemia","PA",309304
"female","40-44","sc_cycle_deaths_pa_myeloid_leukemia_lb",0.04384,"bogota","Cycling",NA,NA,"L3: Myeloid Leukemia","PA",275440
"female","45-49","sc_cycle_deaths_pa_myeloid_leukemia_lb",0.03642,"bogota","Cycling",NA,NA,"L3: Myeloid Leukemia","PA",254843
"female","50-54","sc_cycle_deaths_pa_myeloid_leukemia_lb",0.0612,"bogota","Cycling",NA,NA,"L3: Myeloid Leukemia","PA",256059
"female","55-59","sc_cycle_deaths_pa_myeloid_leukemia_lb",0.07835,"bogota","Cycling",NA,NA,"L3: Myeloid Leukemia","PA",235548
"female","60-64","sc_cycle_deaths_pa_myeloid_leukemia_lb",0.07472,"bogota","Cycling",NA,NA,"L3: Myeloid Leukemia","PA",189600
"female","65-69","sc_cycle_deaths_pa_myeloid_leukemia_lb",0.06573,"bogota","Cycling",NA,NA,"L3: Myeloid Leukemia","PA",141409
"male","15-19","sc_car_deaths_pa_myeloid_leukemia_lb",-0.01392,"bogota","Car",NA,NA,"L3: Myeloid Leukemia","PA",282736
"male","20-24","sc_car_deaths_pa_myeloid_leukemia_lb",-0.02199,"bogota","Car",NA,NA,"L3: Myeloid Leukemia","PA",357934
"male","25-29","sc_car_deaths_pa_myeloid_leukemia_lb",-0.02351,"bogota","Car",NA,NA,"L3: Myeloid Leukemia","PA",360031
"male","30-34","sc_car_deaths_pa_myeloid_leukemia_lb",-0.02413,"bogota","Car",NA,NA,"L3: Myeloid Leukemia","PA",321492
"male","35-39","sc_car_deaths_pa_myeloid_leukemia_lb",-0.02061,"bogota","Car",NA,NA,"L3: Myeloid Leukemia","PA",289808
"male","40-44","sc_car_deaths_pa_myeloid_leukemia_lb",-0.02255,"bogota","Car",NA,NA,"L3: Myeloid Leukemia","PA",244543
"male","45-49","sc_car_deaths_pa_myeloid_leukemia_lb",-0.02347,"bogota","Car",NA,NA,"L3: Myeloid Leukemia","PA",215491
"male","50-54","sc_car_deaths_pa_myeloid_leukemia_lb",-0.02797,"bogota","Car",NA,NA,"L3: Myeloid Leukemia","PA",209137
"male","55-59","sc_car_deaths_pa_myeloid_leukemia_lb",-0.03048,"bogota","Car",NA,NA,"L3: Myeloid Leukemia","PA",187551
"male","60-64","sc_car_deaths_pa_myeloid_leukemia_lb",-0.04077,"bogota","Car",NA,NA,"L3: Myeloid Leukemia","PA",146500
"male","65-69","sc_car_deaths_pa_myeloid_leukemia_lb",-0.05425,"bogota","Car",NA,NA,"L3: Myeloid Leukemia","PA",105412
"female","15-19","sc_car_deaths_pa_myeloid_leukemia_lb",-0.00788,"bogota","Car",NA,NA,"L3: Myeloid Leukemia","PA",279280
"female","20-24","sc_car_deaths_pa_myeloid_leukemia_lb",-0.01628,"bogota","Car",NA,NA,"L3: Myeloid Leukemia","PA",360197
"female","25-29","sc_car_deaths_pa_myeloid_leukemia_lb",-0.01589,"bogota","Car",NA,NA,"L3: Myeloid Leukemia","PA",364423
"female","30-34","sc_car_deaths_pa_myeloid_leukemia_lb",-0.01772,"bogota","Car",NA,NA,"L3: Myeloid Leukemia","PA",330341
"female","35-39","sc_car_deaths_pa_myeloid_leukemia_lb",-0.01836,"bogota","Car",NA,NA,"L3: Myeloid Leukemia","PA",309304
"female","40-44","sc_car_deaths_pa_myeloid_leukemia_lb",-0.02243,"bogota","Car",NA,NA,"L3: Myeloid Leukemia","PA",275440
"female","45-49","sc_car_deaths_pa_myeloid_leukemia_lb",-0.01849,"bogota","Car",NA,NA,"L3: Myeloid Leukemia","PA",254843
"female","50-54","sc_car_deaths_pa_myeloid_leukemia_lb",-0.01427,"bogota","Car",NA,NA,"L3: Myeloid Leukemia","PA",256059
"female","55-59","sc_car_deaths_pa_myeloid_leukemia_lb",-0.02526,"bogota","Car",NA,NA,"L3: Myeloid Leukemia","PA",235548
"female","60-64","sc_car_deaths_pa_myeloid_leukemia_lb",-0.03811,"bogota","Car",NA,NA,"L3: Myeloid Leukemia","PA",189600
"female","65-69","sc_car_deaths_pa_myeloid_leukemia_lb",-0.04344,"bogota","Car",NA,NA,"L3: Myeloid Leukemia","PA",141409
"male","15-19","sc_bus_deaths_pa_myeloid_leukemia_lb",-0.00339,"bogota","Bus",NA,NA,"L3: Myeloid Leukemia","PA",282736
"male","20-24","sc_bus_deaths_pa_myeloid_leukemia_lb",0.00158,"bogota","Bus",NA,NA,"L3: Myeloid Leukemia","PA",357934
"male","25-29","sc_bus_deaths_pa_myeloid_leukemia_lb",0.00232,"bogota","Bus",NA,NA,"L3: Myeloid Leukemia","PA",360031
"male","30-34","sc_bus_deaths_pa_myeloid_leukemia_lb",0.00558,"bogota","Bus",NA,NA,"L3: Myeloid Leukemia","PA",321492
"male","35-39","sc_bus_deaths_pa_myeloid_leukemia_lb",0.00624,"bogota","Bus",NA,NA,"L3: Myeloid Leukemia","PA",289808
"male","40-44","sc_bus_deaths_pa_myeloid_leukemia_lb",0.01061,"bogota","Bus",NA,NA,"L3: Myeloid Leukemia","PA",244543
"male","45-49","sc_bus_deaths_pa_myeloid_leukemia_lb",0.00153,"bogota","Bus",NA,NA,"L3: Myeloid Leukemia","PA",215491
"male","50-54","sc_bus_deaths_pa_myeloid_leukemia_lb",0.00417,"bogota","Bus",NA,NA,"L3: Myeloid Leukemia","PA",209137
"male","55-59","sc_bus_deaths_pa_myeloid_leukemia_lb",0.00916,"bogota","Bus",NA,NA,"L3: Myeloid Leukemia","PA",187551
"male","60-64","sc_bus_deaths_pa_myeloid_leukemia_lb",-0.00616,"bogota","Bus",NA,NA,"L3: Myeloid Leukemia","PA",146500
"male","65-69","sc_bus_deaths_pa_myeloid_leukemia_lb",-0.00235,"bogota","Bus",NA,NA,"L3: Myeloid Leukemia","PA",105412
"female","15-19","sc_bus_deaths_pa_myeloid_leukemia_lb",0.00035,"bogota","Bus",NA,NA,"L3: Myeloid Leukemia","PA",279280
"female","20-24","sc_bus_deaths_pa_myeloid_leukemia_lb",0.00069,"bogota","Bus",NA,NA,"L3: Myeloid Leukemia","PA",360197
"female","25-29","sc_bus_deaths_pa_myeloid_leukemia_lb",0.00285,"bogota","Bus",NA,NA,"L3: Myeloid Leukemia","PA",364423
"female","30-34","sc_bus_deaths_pa_myeloid_leukemia_lb",0.00396,"bogota","Bus",NA,NA,"L3: Myeloid Leukemia","PA",330341
"female","35-39","sc_bus_deaths_pa_myeloid_leukemia_lb",0.00169,"bogota","Bus",NA,NA,"L3: Myeloid Leukemia","PA",309304
"female","40-44","sc_bus_deaths_pa_myeloid_leukemia_lb",0.00479,"bogota","Bus",NA,NA,"L3: Myeloid Leukemia","PA",275440
"female","45-49","sc_bus_deaths_pa_myeloid_leukemia_lb",0.00237,"bogota","Bus",NA,NA,"L3: Myeloid Leukemia","PA",254843
"female","50-54","sc_bus_deaths_pa_myeloid_leukemia_lb",0.00685,"bogota","Bus",NA,NA,"L3: Myeloid Leukemia","PA",256059
"female","55-59","sc_bus_deaths_pa_myeloid_leukemia_lb",0.01256,"bogota","Bus",NA,NA,"L3: Myeloid Leukemia","PA",235548
"female","60-64","sc_bus_deaths_pa_myeloid_leukemia_lb",0.01545,"bogota","Bus",NA,NA,"L3: Myeloid Leukemia","PA",189600
"female","65-69","sc_bus_deaths_pa_myeloid_leukemia_lb",0.01261,"bogota","Bus",NA,NA,"L3: Myeloid Leukemia","PA",141409
"male","15-19","sc_cycle_deaths_pa_myeloid_leukemia_ub",0.00229,"bogota","Cycling",NA,NA,"L3: Myeloid Leukemia","PA",282736
"male","20-24","sc_cycle_deaths_pa_myeloid_leukemia_ub",0.00519,"bogota","Cycling",NA,NA,"L3: Myeloid Leukemia","PA",357934
"male","25-29","sc_cycle_deaths_pa_myeloid_leukemia_ub",0.00721,"bogota","Cycling",NA,NA,"L3: Myeloid Leukemia","PA",360031
"male","30-34","sc_cycle_deaths_pa_myeloid_leukemia_ub",0.00679,"bogota","Cycling",NA,NA,"L3: Myeloid Leukemia","PA",321492
"male","35-39","sc_cycle_deaths_pa_myeloid_leukemia_ub",0.00682,"bogota","Cycling",NA,NA,"L3: Myeloid Leukemia","PA",289808
"male","40-44","sc_cycle_deaths_pa_myeloid_leukemia_ub",0.00651,"bogota","Cycling",NA,NA,"L3: Myeloid Leukemia","PA",244543
"male","45-49","sc_cycle_deaths_pa_myeloid_leukemia_ub",0.00607,"bogota","Cycling",NA,NA,"L3: Myeloid Leukemia","PA",215491
"male","50-54","sc_cycle_deaths_pa_myeloid_leukemia_ub",0.00683,"bogota","Cycling",NA,NA,"L3: Myeloid Leukemia","PA",209137
"male","55-59","sc_cycle_deaths_pa_myeloid_leukemia_ub",0.00737,"bogota","Cycling",NA,NA,"L3: Myeloid Leukemia","PA",187551
"male","60-64","sc_cycle_deaths_pa_myeloid_leukemia_ub",0.01039,"bogota","Cycling",NA,NA,"L3: Myeloid Leukemia","PA",146500
"male","65-69","sc_cycle_deaths_pa_myeloid_leukemia_ub",0.01042,"bogota","Cycling",NA,NA,"L3: Myeloid Leukemia","PA",105412
"female","15-19","sc_cycle_deaths_pa_myeloid_leukemia_ub",0.00245,"bogota","Cycling",NA,NA,"L3: Myeloid Leukemia","PA",279280
"female","20-24","sc_cycle_deaths_pa_myeloid_leukemia_ub",0.00401,"bogota","Cycling",NA,NA,"L3: Myeloid Leukemia","PA",360197
"female","25-29","sc_cycle_deaths_pa_myeloid_leukemia_ub",0.00433,"bogota","Cycling",NA,NA,"L3: Myeloid Leukemia","PA",364423
"female","30-34","sc_cycle_deaths_pa_myeloid_leukemia_ub",0.00556,"bogota","Cycling",NA,NA,"L3: Myeloid Leukemia","PA",330341
"female","35-39","sc_cycle_deaths_pa_myeloid_leukemia_ub",0.00667,"bogota","Cycling",NA,NA,"L3: Myeloid Leukemia","PA",309304
"female","40-44","sc_cycle_deaths_pa_myeloid_leukemia_ub",0.00717,"bogota","Cycling",NA,NA,"L3: Myeloid Leukemia","PA",275440
"female","45-49","sc_cycle_deaths_pa_myeloid_leukemia_ub",0.00639,"bogota","Cycling",NA,NA,"L3: Myeloid Leukemia","PA",254843
"female","50-54","sc_cycle_deaths_pa_myeloid_leukemia_ub",0.00896,"bogota","Cycling",NA,NA,"L3: Myeloid Leukemia","PA",256059
"female","55-59","sc_cycle_deaths_pa_myeloid_leukemia_ub",0.01253,"bogota","Cycling",NA,NA,"L3: Myeloid Leukemia","PA",235548
"female","60-64","sc_cycle_deaths_pa_myeloid_leukemia_ub",0.01236,"bogota","Cycling",NA,NA,"L3: Myeloid Leukemia","PA",189600
"female","65-69","sc_cycle_deaths_pa_myeloid_leukemia_ub",0.01149,"bogota","Cycling",NA,NA,"L3: Myeloid Leukemia","PA",141409
"male","15-19","sc_car_deaths_pa_myeloid_leukemia_ub",-0.00172,"bogota","Car",NA,NA,"L3: Myeloid Leukemia","PA",282736
"male","20-24","sc_car_deaths_pa_myeloid_leukemia_ub",-0.00282,"bogota","Car",NA,NA,"L3: Myeloid Leukemia","PA",357934
"male","25-29","sc_car_deaths_pa_myeloid_leukemia_ub",-0.0027,"bogota","Car",NA,NA,"L3: Myeloid Leukemia","PA",360031
"male","30-34","sc_car_deaths_pa_myeloid_leukemia_ub",-0.00305,"bogota","Car",NA,NA,"L3: Myeloid Leukemia","PA",321492
"male","35-39","sc_car_deaths_pa_myeloid_leukemia_ub",-0.00274,"bogota","Car",NA,NA,"L3: Myeloid Leukemia","PA",289808
"male","40-44","sc_car_deaths_pa_myeloid_leukemia_ub",-0.00286,"bogota","Car",NA,NA,"L3: Myeloid Leukemia","PA",244543
"male","45-49","sc_car_deaths_pa_myeloid_leukemia_ub",-0.00326,"bogota","Car",NA,NA,"L3: Myeloid Leukemia","PA",215491
"male","50-54","sc_car_deaths_pa_myeloid_leukemia_ub",-0.004,"bogota","Car",NA,NA,"L3: Myeloid Leukemia","PA",209137
"male","55-59","sc_car_deaths_pa_myeloid_leukemia_ub",-0.00391,"bogota","Car",NA,NA,"L3: Myeloid Leukemia","PA",187551
"male","60-64","sc_car_deaths_pa_myeloid_leukemia_ub",-0.00502,"bogota","Car",NA,NA,"L3: Myeloid Leukemia","PA",146500
"male","65-69","sc_car_deaths_pa_myeloid_leukemia_ub",-0.00644,"bogota","Car",NA,NA,"L3: Myeloid Leukemia","PA",105412
"female","15-19","sc_car_deaths_pa_myeloid_leukemia_ub",-0.00084,"bogota","Car",NA,NA,"L3: Myeloid Leukemia","PA",279280
"female","20-24","sc_car_deaths_pa_myeloid_leukemia_ub",-0.00175,"bogota","Car",NA,NA,"L3: Myeloid Leukemia","PA",360197
"female","25-29","sc_car_deaths_pa_myeloid_leukemia_ub",-0.0017,"bogota","Car",NA,NA,"L3: Myeloid Leukemia","PA",364423
"female","30-34","sc_car_deaths_pa_myeloid_leukemia_ub",-0.00209,"bogota","Car",NA,NA,"L3: Myeloid Leukemia","PA",330341
"female","35-39","sc_car_deaths_pa_myeloid_leukemia_ub",-0.00225,"bogota","Car",NA,NA,"L3: Myeloid Leukemia","PA",309304
"female","40-44","sc_car_deaths_pa_myeloid_leukemia_ub",-0.00288,"bogota","Car",NA,NA,"L3: Myeloid Leukemia","PA",275440
"female","45-49","sc_car_deaths_pa_myeloid_leukemia_ub",-0.00229,"bogota","Car",NA,NA,"L3: Myeloid Leukemia","PA",254843
"female","50-54","sc_car_deaths_pa_myeloid_leukemia_ub",-0.00162,"bogota","Car",NA,NA,"L3: Myeloid Leukemia","PA",256059
"female","55-59","sc_car_deaths_pa_myeloid_leukemia_ub",-0.00268,"bogota","Car",NA,NA,"L3: Myeloid Leukemia","PA",235548
"female","60-64","sc_car_deaths_pa_myeloid_leukemia_ub",-0.00376,"bogota","Car",NA,NA,"L3: Myeloid Leukemia","PA",189600
"female","65-69","sc_car_deaths_pa_myeloid_leukemia_ub",-0.00402,"bogota","Car",NA,NA,"L3: Myeloid Leukemia","PA",141409
"male","15-19","sc_bus_deaths_pa_myeloid_leukemia_ub",-0.00091,"bogota","Bus",NA,NA,"L3: Myeloid Leukemia","PA",282736
"male","20-24","sc_bus_deaths_pa_myeloid_leukemia_ub",-0.00108,"bogota","Bus",NA,NA,"L3: Myeloid Leukemia","PA",357934
"male","25-29","sc_bus_deaths_pa_myeloid_leukemia_ub",-0.00111,"bogota","Bus",NA,NA,"L3: Myeloid Leukemia","PA",360031
"male","30-34","sc_bus_deaths_pa_myeloid_leukemia_ub",-0.00121,"bogota","Bus",NA,NA,"L3: Myeloid Leukemia","PA",321492
"male","35-39","sc_bus_deaths_pa_myeloid_leukemia_ub",-0.00104,"bogota","Bus",NA,NA,"L3: Myeloid Leukemia","PA",289808
"male","40-44","sc_bus_deaths_pa_myeloid_leukemia_ub",-0.00024,"bogota","Bus",NA,NA,"L3: Myeloid Leukemia","PA",244543
"male","45-49","sc_bus_deaths_pa_myeloid_leukemia_ub",-0.00147,"bogota","Bus",NA,NA,"L3: Myeloid Leukemia","PA",215491
"male","50-54","sc_bus_deaths_pa_myeloid_leukemia_ub",-0.00162,"bogota","Bus",NA,NA,"L3: Myeloid Leukemia","PA",209137
"male","55-59","sc_bus_deaths_pa_myeloid_leukemia_ub",-0.00055,"bogota","Bus",NA,NA,"L3: Myeloid Leukemia","PA",187551
"male","60-64","sc_bus_deaths_pa_myeloid_leukemia_ub",-0.0022,"bogota","Bus",NA,NA,"L3: Myeloid Leukemia","PA",146500
"male","65-69","sc_bus_deaths_pa_myeloid_leukemia_ub",-0.00198,"bogota","Bus",NA,NA,"L3: Myeloid Leukemia","PA",105412
"female","15-19","sc_bus_deaths_pa_myeloid_leukemia_ub",-0.0001,"bogota","Bus",NA,NA,"L3: Myeloid Leukemia","PA",279280
"female","20-24","sc_bus_deaths_pa_myeloid_leukemia_ub",-0.00024,"bogota","Bus",NA,NA,"L3: Myeloid Leukemia","PA",360197
"female","25-29","sc_bus_deaths_pa_myeloid_leukemia_ub",-0.00012,"bogota","Bus",NA,NA,"L3: Myeloid Leukemia","PA",364423
"female","30-34","sc_bus_deaths_pa_myeloid_leukemia_ub",-0.00012,"bogota","Bus",NA,NA,"L3: Myeloid Leukemia","PA",330341
"female","35-39","sc_bus_deaths_pa_myeloid_leukemia_ub",-0.00033,"bogota","Bus",NA,NA,"L3: Myeloid Leukemia","PA",309304
"female","40-44","sc_bus_deaths_pa_myeloid_leukemia_ub",-0.00005,"bogota","Bus",NA,NA,"L3: Myeloid Leukemia","PA",275440
"female","45-49","sc_bus_deaths_pa_myeloid_leukemia_ub",-0.00037,"bogota","Bus",NA,NA,"L3: Myeloid Leukemia","PA",254843
"female","50-54","sc_bus_deaths_pa_myeloid_leukemia_ub",0.00045,"bogota","Bus",NA,NA,"L3: Myeloid Leukemia","PA",256059
"female","55-59","sc_bus_deaths_pa_myeloid_leukemia_ub",0.00102,"bogota","Bus",NA,NA,"L3: Myeloid Leukemia","PA",235548
"female","60-64","sc_bus_deaths_pa_myeloid_leukemia_ub",0.00097,"bogota","Bus",NA,NA,"L3: Myeloid Leukemia","PA",189600
"female","65-69","sc_bus_deaths_pa_myeloid_leukemia_ub",0.00077,"bogota","Bus",NA,NA,"L3: Myeloid Leukemia","PA",141409
"male","15-19","sc_cycle_deaths_ap_respiratory",-0.006,"bogota","Cycling",NA,"L2: Respiratory",NA,"AP",282736
"male","20-24","sc_cycle_deaths_ap_respiratory",-0.01649,"bogota","Cycling",NA,"L2: Respiratory",NA,"AP",357934
"male","25-29","sc_cycle_deaths_ap_respiratory",-0.02204,"bogota","Cycling",NA,"L2: Respiratory",NA,"AP",360031
"male","30-34","sc_cycle_deaths_ap_respiratory",-0.02638,"bogota","Cycling",NA,"L2: Respiratory",NA,"AP",321492
"male","35-39","sc_cycle_deaths_ap_respiratory",-0.02584,"bogota","Cycling",NA,"L2: Respiratory",NA,"AP",289808
"male","40-44","sc_cycle_deaths_ap_respiratory",-0.02857,"bogota","Cycling",NA,"L2: Respiratory",NA,"AP",244543
"male","45-49","sc_cycle_deaths_ap_respiratory",-0.0414,"bogota","Cycling",NA,"L2: Respiratory",NA,"AP",215491
"male","50-54","sc_cycle_deaths_ap_respiratory",-0.06562,"bogota","Cycling",NA,"L2: Respiratory",NA,"AP",209137
"male","55-59","sc_cycle_deaths_ap_respiratory",-0.09398,"bogota","Cycling",NA,"L2: Respiratory",NA,"AP",187551
"male","60-64","sc_cycle_deaths_ap_respiratory",-0.18058,"bogota","Cycling",NA,"L2: Respiratory",NA,"AP",146500
"male","65-69","sc_cycle_deaths_ap_respiratory",-0.17685,"bogota","Cycling",NA,"L2: Respiratory",NA,"AP",105412
"female","15-19","sc_cycle_deaths_ap_respiratory",-0.0064,"bogota","Cycling",NA,"L2: Respiratory",NA,"AP",279280
"female","20-24","sc_cycle_deaths_ap_respiratory",-0.01317,"bogota","Cycling",NA,"L2: Respiratory",NA,"AP",360197
"female","25-29","sc_cycle_deaths_ap_respiratory",-0.01695,"bogota","Cycling",NA,"L2: Respiratory",NA,"AP",364423
"female","30-34","sc_cycle_deaths_ap_respiratory",-0.02132,"bogota","Cycling",NA,"L2: Respiratory",NA,"AP",330341
"female","35-39","sc_cycle_deaths_ap_respiratory",-0.02347,"bogota","Cycling",NA,"L2: Respiratory",NA,"AP",309304
"female","40-44","sc_cycle_deaths_ap_respiratory",-0.02877,"bogota","Cycling",NA,"L2: Respiratory",NA,"AP",275440
"female","45-49","sc_cycle_deaths_ap_respiratory",-0.03577,"bogota","Cycling",NA,"L2: Respiratory",NA,"AP",254843
"female","50-54","sc_cycle_deaths_ap_respiratory",-0.04378,"bogota","Cycling",NA,"L2: Respiratory",NA,"AP",256059
"female","55-59","sc_cycle_deaths_ap_respiratory",-0.07287,"bogota","Cycling",NA,"L2: Respiratory",NA,"AP",235548
"female","60-64","sc_cycle_deaths_ap_respiratory",-0.10555,"bogota","Cycling",NA,"L2: Respiratory",NA,"AP",189600
"female","65-69","sc_cycle_deaths_ap_respiratory",-0.12848,"bogota","Cycling",NA,"L2: Respiratory",NA,"AP",141409
"male","15-19","sc_car_deaths_ap_respiratory",0.00049,"bogota","Car",NA,"L2: Respiratory",NA,"AP",282736
"male","20-24","sc_car_deaths_ap_respiratory",-0.00275,"bogota","Car",NA,"L2: Respiratory",NA,"AP",357934
"male","25-29","sc_car_deaths_ap_respiratory",-0.00796,"bogota","Car",NA,"L2: Respiratory",NA,"AP",360031
"male","30-34","sc_car_deaths_ap_respiratory",-0.00486,"bogota","Car",NA,"L2: Respiratory",NA,"AP",321492
"male","35-39","sc_car_deaths_ap_respiratory",-0.00819,"bogota","Car",NA,"L2: Respiratory",NA,"AP",289808
"male","40-44","sc_car_deaths_ap_respiratory",-0.00187,"bogota","Car",NA,"L2: Respiratory",NA,"AP",244543
"male","45-49","sc_car_deaths_ap_respiratory",-0.00682,"bogota","Car",NA,"L2: Respiratory",NA,"AP",215491
"male","50-54","sc_car_deaths_ap_respiratory",0.00377,"bogota","Car",NA,"L2: Respiratory",NA,"AP",209137
"male","55-59","sc_car_deaths_ap_respiratory",-0.01098,"bogota","Car",NA,"L2: Respiratory",NA,"AP",187551
"male","60-64","sc_car_deaths_ap_respiratory",0.00068,"bogota","Car",NA,"L2: Respiratory",NA,"AP",146500
"male","65-69","sc_car_deaths_ap_respiratory",0.01703,"bogota","Car",NA,"L2: Respiratory",NA,"AP",105412
"female","15-19","sc_car_deaths_ap_respiratory",-0.00121,"bogota","Car",NA,"L2: Respiratory",NA,"AP",279280
"female","20-24","sc_car_deaths_ap_respiratory",-0.00404,"bogota","Car",NA,"L2: Respiratory",NA,"AP",360197
"female","25-29","sc_car_deaths_ap_respiratory",-0.00634,"bogota","Car",NA,"L2: Respiratory",NA,"AP",364423
"female","30-34","sc_car_deaths_ap_respiratory",-0.0055,"bogota","Car",NA,"L2: Respiratory",NA,"AP",330341
"female","35-39","sc_car_deaths_ap_respiratory",-0.00651,"bogota","Car",NA,"L2: Respiratory",NA,"AP",309304
"female","40-44","sc_car_deaths_ap_respiratory",-0.00826,"bogota","Car",NA,"L2: Respiratory",NA,"AP",275440
"female","45-49","sc_car_deaths_ap_respiratory",-0.01243,"bogota","Car",NA,"L2: Respiratory",NA,"AP",254843
"female","50-54","sc_car_deaths_ap_respiratory",-0.01222,"bogota","Car",NA,"L2: Respiratory",NA,"AP",256059
"female","55-59","sc_car_deaths_ap_respiratory",-0.02023,"bogota","Car",NA,"L2: Respiratory",NA,"AP",235548
"female","60-64","sc_car_deaths_ap_respiratory",-0.02443,"bogota","Car",NA,"L2: Respiratory",NA,"AP",189600
"female","65-69","sc_car_deaths_ap_respiratory",-0.03599,"bogota","Car",NA,"L2: Respiratory",NA,"AP",141409
"male","15-19","sc_bus_deaths_ap_respiratory",0.00458,"bogota","Bus",NA,"L2: Respiratory",NA,"AP",282736
"male","20-24","sc_bus_deaths_ap_respiratory",0.01017,"bogota","Bus",NA,"L2: Respiratory",NA,"AP",357934
"male","25-29","sc_bus_deaths_ap_respiratory",0.01165,"bogota","Bus",NA,"L2: Respiratory",NA,"AP",360031
"male","30-34","sc_bus_deaths_ap_respiratory",0.01577,"bogota","Bus",NA,"L2: Respiratory",NA,"AP",321492
"male","35-39","sc_bus_deaths_ap_respiratory",0.02362,"bogota","Bus",NA,"L2: Respiratory",NA,"AP",289808
"male","40-44","sc_bus_deaths_ap_respiratory",0.0211,"bogota","Bus",NA,"L2: Respiratory",NA,"AP",244543
"male","45-49","sc_bus_deaths_ap_respiratory",0.02748,"bogota","Bus",NA,"L2: Respiratory",NA,"AP",215491
"male","50-54","sc_bus_deaths_ap_respiratory",0.04955,"bogota","Bus",NA,"L2: Respiratory",NA,"AP",209137
"male","55-59","sc_bus_deaths_ap_respiratory",0.05116,"bogota","Bus",NA,"L2: Respiratory",NA,"AP",187551
"male","60-64","sc_bus_deaths_ap_respiratory",0.11157,"bogota","Bus",NA,"L2: Respiratory",NA,"AP",146500
"male","65-69","sc_bus_deaths_ap_respiratory",0.13934,"bogota","Bus",NA,"L2: Respiratory",NA,"AP",105412
"female","15-19","sc_bus_deaths_ap_respiratory",0.0012,"bogota","Bus",NA,"L2: Respiratory",NA,"AP",279280
"female","20-24","sc_bus_deaths_ap_respiratory",0.00388,"bogota","Bus",NA,"L2: Respiratory",NA,"AP",360197
"female","25-29","sc_bus_deaths_ap_respiratory",0.00557,"bogota","Bus",NA,"L2: Respiratory",NA,"AP",364423
"female","30-34","sc_bus_deaths_ap_respiratory",0.00516,"bogota","Bus",NA,"L2: Respiratory",NA,"AP",330341
"female","35-39","sc_bus_deaths_ap_respiratory",0.00839,"bogota","Bus",NA,"L2: Respiratory",NA,"AP",309304
"female","40-44","sc_bus_deaths_ap_respiratory",0.01081,"bogota","Bus",NA,"L2: Respiratory",NA,"AP",275440
"female","45-49","sc_bus_deaths_ap_respiratory",0.00839,"bogota","Bus",NA,"L2: Respiratory",NA,"AP",254843
"female","50-54","sc_bus_deaths_ap_respiratory",0.00931,"bogota","Bus",NA,"L2: Respiratory",NA,"AP",256059
"female","55-59","sc_bus_deaths_ap_respiratory",0.01604,"bogota","Bus",NA,"L2: Respiratory",NA,"AP",235548
"female","60-64","sc_bus_deaths_ap_respiratory",0.02313,"bogota","Bus",NA,"L2: Respiratory",NA,"AP",189600
"female","65-69","sc_bus_deaths_ap_respiratory",0.03845,"bogota","Bus",NA,"L2: Respiratory",NA,"AP",141409
"male","15-19","sc_cycle_deaths_ap_respiratory_lb",-0.006,"bogota","Cycling",NA,"L2: Respiratory",NA,"AP",282736
"male","20-24","sc_cycle_deaths_ap_respiratory_lb",-0.01649,"bogota","Cycling",NA,"L2: Respiratory",NA,"AP",357934
"male","25-29","sc_cycle_deaths_ap_respiratory_lb",-0.02204,"bogota","Cycling",NA,"L2: Respiratory",NA,"AP",360031
"male","30-34","sc_cycle_deaths_ap_respiratory_lb",-0.02638,"bogota","Cycling",NA,"L2: Respiratory",NA,"AP",321492
"male","35-39","sc_cycle_deaths_ap_respiratory_lb",-0.02584,"bogota","Cycling",NA,"L2: Respiratory",NA,"AP",289808
"male","40-44","sc_cycle_deaths_ap_respiratory_lb",-0.02857,"bogota","Cycling",NA,"L2: Respiratory",NA,"AP",244543
"male","45-49","sc_cycle_deaths_ap_respiratory_lb",-0.0414,"bogota","Cycling",NA,"L2: Respiratory",NA,"AP",215491
"male","50-54","sc_cycle_deaths_ap_respiratory_lb",-0.06562,"bogota","Cycling",NA,"L2: Respiratory",NA,"AP",209137
"male","55-59","sc_cycle_deaths_ap_respiratory_lb",-0.09398,"bogota","Cycling",NA,"L2: Respiratory",NA,"AP",187551
"male","60-64","sc_cycle_deaths_ap_respiratory_lb",-0.18058,"bogota","Cycling",NA,"L2: Respiratory",NA,"AP",146500
"male","65-69","sc_cycle_deaths_ap_respiratory_lb",-0.17685,"bogota","Cycling",NA,"L2: Respiratory",NA,"AP",105412
"female","15-19","sc_cycle_deaths_ap_respiratory_lb",-0.0064,"bogota","Cycling",NA,"L2: Respiratory",NA,"AP",279280
"female","20-24","sc_cycle_deaths_ap_respiratory_lb",-0.01317,"bogota","Cycling",NA,"L2: Respiratory",NA,"AP",360197
"female","25-29","sc_cycle_deaths_ap_respiratory_lb",-0.01695,"bogota","Cycling",NA,"L2: Respiratory",NA,"AP",364423
"female","30-34","sc_cycle_deaths_ap_respiratory_lb",-0.02132,"bogota","Cycling",NA,"L2: Respiratory",NA,"AP",330341
"female","35-39","sc_cycle_deaths_ap_respiratory_lb",-0.02347,"bogota","Cycling",NA,"L2: Respiratory",NA,"AP",309304
"female","40-44","sc_cycle_deaths_ap_respiratory_lb",-0.02877,"bogota","Cycling",NA,"L2: Respiratory",NA,"AP",275440
"female","45-49","sc_cycle_deaths_ap_respiratory_lb",-0.03577,"bogota","Cycling",NA,"L2: Respiratory",NA,"AP",254843
"female","50-54","sc_cycle_deaths_ap_respiratory_lb",-0.04378,"bogota","Cycling",NA,"L2: Respiratory",NA,"AP",256059
"female","55-59","sc_cycle_deaths_ap_respiratory_lb",-0.07287,"bogota","Cycling",NA,"L2: Respiratory",NA,"AP",235548
"female","60-64","sc_cycle_deaths_ap_respiratory_lb",-0.10555,"bogota","Cycling",NA,"L2: Respiratory",NA,"AP",189600
"female","65-69","sc_cycle_deaths_ap_respiratory_lb",-0.12848,"bogota","Cycling",NA,"L2: Respiratory",NA,"AP",141409
"male","15-19","sc_car_deaths_ap_respiratory_lb",0.00049,"bogota","Car",NA,"L2: Respiratory",NA,"AP",282736
"male","20-24","sc_car_deaths_ap_respiratory_lb",-0.00275,"bogota","Car",NA,"L2: Respiratory",NA,"AP",357934
"male","25-29","sc_car_deaths_ap_respiratory_lb",-0.00796,"bogota","Car",NA,"L2: Respiratory",NA,"AP",360031
"male","30-34","sc_car_deaths_ap_respiratory_lb",-0.00486,"bogota","Car",NA,"L2: Respiratory",NA,"AP",321492
"male","35-39","sc_car_deaths_ap_respiratory_lb",-0.00819,"bogota","Car",NA,"L2: Respiratory",NA,"AP",289808
"male","40-44","sc_car_deaths_ap_respiratory_lb",-0.00187,"bogota","Car",NA,"L2: Respiratory",NA,"AP",244543
"male","45-49","sc_car_deaths_ap_respiratory_lb",-0.00682,"bogota","Car",NA,"L2: Respiratory",NA,"AP",215491
"male","50-54","sc_car_deaths_ap_respiratory_lb",0.00377,"bogota","Car",NA,"L2: Respiratory",NA,"AP",209137
"male","55-59","sc_car_deaths_ap_respiratory_lb",-0.01098,"bogota","Car",NA,"L2: Respiratory",NA,"AP",187551
"male","60-64","sc_car_deaths_ap_respiratory_lb",0.00068,"bogota","Car",NA,"L2: Respiratory",NA,"AP",146500
"male","65-69","sc_car_deaths_ap_respiratory_lb",0.01703,"bogota","Car",NA,"L2: Respiratory",NA,"AP",105412
"female","15-19","sc_car_deaths_ap_respiratory_lb",-0.00121,"bogota","Car",NA,"L2: Respiratory",NA,"AP",279280
"female","20-24","sc_car_deaths_ap_respiratory_lb",-0.00404,"bogota","Car",NA,"L2: Respiratory",NA,"AP",360197
"female","25-29","sc_car_deaths_ap_respiratory_lb",-0.00634,"bogota","Car",NA,"L2: Respiratory",NA,"AP",364423
"female","30-34","sc_car_deaths_ap_respiratory_lb",-0.0055,"bogota","Car",NA,"L2: Respiratory",NA,"AP",330341
"female","35-39","sc_car_deaths_ap_respiratory_lb",-0.00651,"bogota","Car",NA,"L2: Respiratory",NA,"AP",309304
"female","40-44","sc_car_deaths_ap_respiratory_lb",-0.00826,"bogota","Car",NA,"L2: Respiratory",NA,"AP",275440
"female","45-49","sc_car_deaths_ap_respiratory_lb",-0.01243,"bogota","Car",NA,"L2: Respiratory",NA,"AP",254843
"female","50-54","sc_car_deaths_ap_respiratory_lb",-0.01222,"bogota","Car",NA,"L2: Respiratory",NA,"AP",256059
"female","55-59","sc_car_deaths_ap_respiratory_lb",-0.02023,"bogota","Car",NA,"L2: Respiratory",NA,"AP",235548
"female","60-64","sc_car_deaths_ap_respiratory_lb",-0.02443,"bogota","Car",NA,"L2: Respiratory",NA,"AP",189600
"female","65-69","sc_car_deaths_ap_respiratory_lb",-0.03599,"bogota","Car",NA,"L2: Respiratory",NA,"AP",141409
"male","15-19","sc_bus_deaths_ap_respiratory_lb",0.00458,"bogota","Bus",NA,"L2: Respiratory",NA,"AP",282736
"male","20-24","sc_bus_deaths_ap_respiratory_lb",0.01017,"bogota","Bus",NA,"L2: Respiratory",NA,"AP",357934
"male","25-29","sc_bus_deaths_ap_respiratory_lb",0.01165,"bogota","Bus",NA,"L2: Respiratory",NA,"AP",360031
"male","30-34","sc_bus_deaths_ap_respiratory_lb",0.01577,"bogota","Bus",NA,"L2: Respiratory",NA,"AP",321492
"male","35-39","sc_bus_deaths_ap_respiratory_lb",0.02362,"bogota","Bus",NA,"L2: Respiratory",NA,"AP",289808
"male","40-44","sc_bus_deaths_ap_respiratory_lb",0.0211,"bogota","Bus",NA,"L2: Respiratory",NA,"AP",244543
"male","45-49","sc_bus_deaths_ap_respiratory_lb",0.02748,"bogota","Bus",NA,"L2: Respiratory",NA,"AP",215491
"male","50-54","sc_bus_deaths_ap_respiratory_lb",0.04955,"bogota","Bus",NA,"L2: Respiratory",NA,"AP",209137
"male","55-59","sc_bus_deaths_ap_respiratory_lb",0.05116,"bogota","Bus",NA,"L2: Respiratory",NA,"AP",187551
"male","60-64","sc_bus_deaths_ap_respiratory_lb",0.11157,"bogota","Bus",NA,"L2: Respiratory",NA,"AP",146500
"male","65-69","sc_bus_deaths_ap_respiratory_lb",0.13934,"bogota","Bus",NA,"L2: Respiratory",NA,"AP",105412
"female","15-19","sc_bus_deaths_ap_respiratory_lb",0.0012,"bogota","Bus",NA,"L2: Respiratory",NA,"AP",279280
"female","20-24","sc_bus_deaths_ap_respiratory_lb",0.00388,"bogota","Bus",NA,"L2: Respiratory",NA,"AP",360197
"female","25-29","sc_bus_deaths_ap_respiratory_lb",0.00557,"bogota","Bus",NA,"L2: Respiratory",NA,"AP",364423
"female","30-34","sc_bus_deaths_ap_respiratory_lb",0.00516,"bogota","Bus",NA,"L2: Respiratory",NA,"AP",330341
"female","35-39","sc_bus_deaths_ap_respiratory_lb",0.00839,"bogota","Bus",NA,"L2: Respiratory",NA,"AP",309304
"female","40-44","sc_bus_deaths_ap_respiratory_lb",0.01081,"bogota","Bus",NA,"L2: Respiratory",NA,"AP",275440
"female","45-49","sc_bus_deaths_ap_respiratory_lb",0.00839,"bogota","Bus",NA,"L2: Respiratory",NA,"AP",254843
"female","50-54","sc_bus_deaths_ap_respiratory_lb",0.00931,"bogota","Bus",NA,"L2: Respiratory",NA,"AP",256059
"female","55-59","sc_bus_deaths_ap_respiratory_lb",0.01604,"bogota","Bus",NA,"L2: Respiratory",NA,"AP",235548
"female","60-64","sc_bus_deaths_ap_respiratory_lb",0.02313,"bogota","Bus",NA,"L2: Respiratory",NA,"AP",189600
"female","65-69","sc_bus_deaths_ap_respiratory_lb",0.03845,"bogota","Bus",NA,"L2: Respiratory",NA,"AP",141409
"male","15-19","sc_cycle_deaths_ap_respiratory_ub",-0.006,"bogota","Cycling",NA,"L2: Respiratory",NA,"AP",282736
"male","20-24","sc_cycle_deaths_ap_respiratory_ub",-0.01649,"bogota","Cycling",NA,"L2: Respiratory",NA,"AP",357934
"male","25-29","sc_cycle_deaths_ap_respiratory_ub",-0.02204,"bogota","Cycling",NA,"L2: Respiratory",NA,"AP",360031
"male","30-34","sc_cycle_deaths_ap_respiratory_ub",-0.02638,"bogota","Cycling",NA,"L2: Respiratory",NA,"AP",321492
"male","35-39","sc_cycle_deaths_ap_respiratory_ub",-0.02584,"bogota","Cycling",NA,"L2: Respiratory",NA,"AP",289808
"male","40-44","sc_cycle_deaths_ap_respiratory_ub",-0.02857,"bogota","Cycling",NA,"L2: Respiratory",NA,"AP",244543
"male","45-49","sc_cycle_deaths_ap_respiratory_ub",-0.0414,"bogota","Cycling",NA,"L2: Respiratory",NA,"AP",215491
"male","50-54","sc_cycle_deaths_ap_respiratory_ub",-0.06562,"bogota","Cycling",NA,"L2: Respiratory",NA,"AP",209137
"male","55-59","sc_cycle_deaths_ap_respiratory_ub",-0.09398,"bogota","Cycling",NA,"L2: Respiratory",NA,"AP",187551
"male","60-64","sc_cycle_deaths_ap_respiratory_ub",-0.18058,"bogota","Cycling",NA,"L2: Respiratory",NA,"AP",146500
"male","65-69","sc_cycle_deaths_ap_respiratory_ub",-0.17685,"bogota","Cycling",NA,"L2: Respiratory",NA,"AP",105412
"female","15-19","sc_cycle_deaths_ap_respiratory_ub",-0.0064,"bogota","Cycling",NA,"L2: Respiratory",NA,"AP",279280
"female","20-24","sc_cycle_deaths_ap_respiratory_ub",-0.01317,"bogota","Cycling",NA,"L2: Respiratory",NA,"AP",360197
"female","25-29","sc_cycle_deaths_ap_respiratory_ub",-0.01695,"bogota","Cycling",NA,"L2: Respiratory",NA,"AP",364423
"female","30-34","sc_cycle_deaths_ap_respiratory_ub",-0.02132,"bogota","Cycling",NA,"L2: Respiratory",NA,"AP",330341
"female","35-39","sc_cycle_deaths_ap_respiratory_ub",-0.02347,"bogota","Cycling",NA,"L2: Respiratory",NA,"AP",309304
"female","40-44","sc_cycle_deaths_ap_respiratory_ub",-0.02877,"bogota","Cycling",NA,"L2: Respiratory",NA,"AP",275440
"female","45-49","sc_cycle_deaths_ap_respiratory_ub",-0.03577,"bogota","Cycling",NA,"L2: Respiratory",NA,"AP",254843
"female","50-54","sc_cycle_deaths_ap_respiratory_ub",-0.04378,"bogota","Cycling",NA,"L2: Respiratory",NA,"AP",256059
"female","55-59","sc_cycle_deaths_ap_respiratory_ub",-0.07287,"bogota","Cycling",NA,"L2: Respiratory",NA,"AP",235548
"female","60-64","sc_cycle_deaths_ap_respiratory_ub",-0.10555,"bogota","Cycling",NA,"L2: Respiratory",NA,"AP",189600
"female","65-69","sc_cycle_deaths_ap_respiratory_ub",-0.12848,"bogota","Cycling",NA,"L2: Respiratory",NA,"AP",141409
"male","15-19","sc_car_deaths_ap_respiratory_ub",0.00049,"bogota","Car",NA,"L2: Respiratory",NA,"AP",282736
"male","20-24","sc_car_deaths_ap_respiratory_ub",-0.00275,"bogota","Car",NA,"L2: Respiratory",NA,"AP",357934
"male","25-29","sc_car_deaths_ap_respiratory_ub",-0.00796,"bogota","Car",NA,"L2: Respiratory",NA,"AP",360031
"male","30-34","sc_car_deaths_ap_respiratory_ub",-0.00486,"bogota","Car",NA,"L2: Respiratory",NA,"AP",321492
"male","35-39","sc_car_deaths_ap_respiratory_ub",-0.00819,"bogota","Car",NA,"L2: Respiratory",NA,"AP",289808
"male","40-44","sc_car_deaths_ap_respiratory_ub",-0.00187,"bogota","Car",NA,"L2: Respiratory",NA,"AP",244543
"male","45-49","sc_car_deaths_ap_respiratory_ub",-0.00682,"bogota","Car",NA,"L2: Respiratory",NA,"AP",215491
"male","50-54","sc_car_deaths_ap_respiratory_ub",0.00377,"bogota","Car",NA,"L2: Respiratory",NA,"AP",209137
"male","55-59","sc_car_deaths_ap_respiratory_ub",-0.01098,"bogota","Car",NA,"L2: Respiratory",NA,"AP",187551
"male","60-64","sc_car_deaths_ap_respiratory_ub",0.00068,"bogota","Car",NA,"L2: Respiratory",NA,"AP",146500
"male","65-69","sc_car_deaths_ap_respiratory_ub",0.01703,"bogota","Car",NA,"L2: Respiratory",NA,"AP",105412
"female","15-19","sc_car_deaths_ap_respiratory_ub",-0.00121,"bogota","Car",NA,"L2: Respiratory",NA,"AP",279280
"female","20-24","sc_car_deaths_ap_respiratory_ub",-0.00404,"bogota","Car",NA,"L2: Respiratory",NA,"AP",360197
"female","25-29","sc_car_deaths_ap_respiratory_ub",-0.00634,"bogota","Car",NA,"L2: Respiratory",NA,"AP",364423
"female","30-34","sc_car_deaths_ap_respiratory_ub",-0.0055,"bogota","Car",NA,"L2: Respiratory",NA,"AP",330341
"female","35-39","sc_car_deaths_ap_respiratory_ub",-0.00651,"bogota","Car",NA,"L2: Respiratory",NA,"AP",309304
"female","40-44","sc_car_deaths_ap_respiratory_ub",-0.00826,"bogota","Car",NA,"L2: Respiratory",NA,"AP",275440
"female","45-49","sc_car_deaths_ap_respiratory_ub",-0.01243,"bogota","Car",NA,"L2: Respiratory",NA,"AP",254843
"female","50-54","sc_car_deaths_ap_respiratory_ub",-0.01222,"bogota","Car",NA,"L2: Respiratory",NA,"AP",256059
"female","55-59","sc_car_deaths_ap_respiratory_ub",-0.02023,"bogota","Car",NA,"L2: Respiratory",NA,"AP",235548
"female","60-64","sc_car_deaths_ap_respiratory_ub",-0.02443,"bogota","Car",NA,"L2: Respiratory",NA,"AP",189600
"female","65-69","sc_car_deaths_ap_respiratory_ub",-0.03599,"bogota","Car",NA,"L2: Respiratory",NA,"AP",141409
"male","15-19","sc_bus_deaths_ap_respiratory_ub",0.00458,"bogota","Bus",NA,"L2: Respiratory",NA,"AP",282736
"male","20-24","sc_bus_deaths_ap_respiratory_ub",0.01017,"bogota","Bus",NA,"L2: Respiratory",NA,"AP",357934
"male","25-29","sc_bus_deaths_ap_respiratory_ub",0.01165,"bogota","Bus",NA,"L2: Respiratory",NA,"AP",360031
"male","30-34","sc_bus_deaths_ap_respiratory_ub",0.01577,"bogota","Bus",NA,"L2: Respiratory",NA,"AP",321492
"male","35-39","sc_bus_deaths_ap_respiratory_ub",0.02362,"bogota","Bus",NA,"L2: Respiratory",NA,"AP",289808
"male","40-44","sc_bus_deaths_ap_respiratory_ub",0.0211,"bogota","Bus",NA,"L2: Respiratory",NA,"AP",244543
"male","45-49","sc_bus_deaths_ap_respiratory_ub",0.02748,"bogota","Bus",NA,"L2: Respiratory",NA,"AP",215491
"male","50-54","sc_bus_deaths_ap_respiratory_ub",0.04955,"bogota","Bus",NA,"L2: Respiratory",NA,"AP",209137
"male","55-59","sc_bus_deaths_ap_respiratory_ub",0.05116,"bogota","Bus",NA,"L2: Respiratory",NA,"AP",187551
"male","60-64","sc_bus_deaths_ap_respiratory_ub",0.11157,"bogota","Bus",NA,"L2: Respiratory",NA,"AP",146500
"male","65-69","sc_bus_deaths_ap_respiratory_ub",0.13934,"bogota","Bus",NA,"L2: Respiratory",NA,"AP",105412
"female","15-19","sc_bus_deaths_ap_respiratory_ub",0.0012,"bogota","Bus",NA,"L2: Respiratory",NA,"AP",279280
"female","20-24","sc_bus_deaths_ap_respiratory_ub",0.00388,"bogota","Bus",NA,"L2: Respiratory",NA,"AP",360197
"female","25-29","sc_bus_deaths_ap_respiratory_ub",0.00557,"bogota","Bus",NA,"L2: Respiratory",NA,"AP",364423
"female","30-34","sc_bus_deaths_ap_respiratory_ub",0.00516,"bogota","Bus",NA,"L2: Respiratory",NA,"AP",330341
"female","35-39","sc_bus_deaths_ap_respiratory_ub",0.00839,"bogota","Bus",NA,"L2: Respiratory",NA,"AP",309304
"female","40-44","sc_bus_deaths_ap_respiratory_ub",0.01081,"bogota","Bus",NA,"L2: Respiratory",NA,"AP",275440
"female","45-49","sc_bus_deaths_ap_respiratory_ub",0.00839,"bogota","Bus",NA,"L2: Respiratory",NA,"AP",254843
"female","50-54","sc_bus_deaths_ap_respiratory_ub",0.00931,"bogota","Bus",NA,"L2: Respiratory",NA,"AP",256059
"female","55-59","sc_bus_deaths_ap_respiratory_ub",0.01604,"bogota","Bus",NA,"L2: Respiratory",NA,"AP",235548
"female","60-64","sc_bus_deaths_ap_respiratory_ub",0.02313,"bogota","Bus",NA,"L2: Respiratory",NA,"AP",189600
"female","65-69","sc_bus_deaths_ap_respiratory_ub",0.03845,"bogota","Bus",NA,"L2: Respiratory",NA,"AP",141409
