"sex","age_cat","cause","measure","city","scenario","level1","level2","level3","dose","pop_age_sex"
"male","15-19","sc_cycle_ylls_pa_all_cause",65.95959,"bogota","Cycling","L1: All Cause",NA,NA,"PA",282736
"male","20-24","sc_cycle_ylls_pa_all_cause",157.06433,"bogota","Cycling","L1: All Cause",NA,NA,"PA",357934
"male","25-29","sc_cycle_ylls_pa_all_cause",405.80757,"bogota","Cycling","L1: All Cause",NA,NA,"PA",360031
"male","30-34","sc_cycle_ylls_pa_all_cause",351.56834,"bogota","Cycling","L1: All Cause",NA,NA,"PA",321492
"male","35-39","sc_cycle_ylls_pa_all_cause",398.67464,"bogota","Cycling","L1: All Cause",NA,NA,"PA",289808
"male","40-44","sc_cycle_ylls_pa_all_cause",178.58834,"bogota","Cycling","L1: All Cause",NA,NA,"PA",244543
"male","45-49","sc_cycle_ylls_pa_all_cause",230.35018,"bogota","Cycling","L1: All Cause",NA,NA,"PA",215491
"male","50-54","sc_cycle_ylls_pa_all_cause",211.52529,"bogota","Cycling","L1: All Cause",NA,NA,"PA",209137
"male","55-59","sc_cycle_ylls_pa_all_cause",189.68342,"bogota","Cycling","L1: All Cause",NA,NA,"PA",187551
"male","60-64","sc_cycle_ylls_pa_all_cause",213.31039,"bogota","Cycling","L1: All Cause",NA,NA,"PA",146500
"male","65-69","sc_cycle_ylls_pa_all_cause",325.68221,"bogota","Cycling","L1: All Cause",NA,NA,"PA",105412
"female","15-19","sc_cycle_ylls_pa_all_cause",19.14105,"bogota","Cycling","L1: All Cause",NA,NA,"PA",279280
"female","20-24","sc_cycle_ylls_pa_all_cause",48.15095,"bogota","Cycling","L1: All Cause",NA,NA,"PA",360197
"female","25-29","sc_cycle_ylls_pa_all_cause",47.36312,"bogota","Cycling","L1: All Cause",NA,NA,"PA",364423
"female","30-34","sc_cycle_ylls_pa_all_cause",80.29104,"bogota","Cycling","L1: All Cause",NA,NA,"PA",330341
"female","35-39","sc_cycle_ylls_pa_all_cause",96.2232,"bogota","Cycling","L1: All Cause",NA,NA,"PA",309304
"female","40-44","sc_cycle_ylls_pa_all_cause",94.2705,"bogota","Cycling","L1: All Cause",NA,NA,"PA",275440
"female","45-49","sc_cycle_ylls_pa_all_cause",105.72997,"bogota","Cycling","L1: All Cause",NA,NA,"PA",254843
"female","50-54","sc_cycle_ylls_pa_all_cause",119.7987,"bogota","Cycling","L1: All Cause",NA,NA,"PA",256059
"female","55-59","sc_cycle_ylls_pa_all_cause",123.40595,"bogota","Cycling","L1: All Cause",NA,NA,"PA",235548
"female","60-64","sc_cycle_ylls_pa_all_cause",137.96404,"bogota","Cycling","L1: All Cause",NA,NA,"PA",189600
"female","65-69","sc_cycle_ylls_pa_all_cause",217.41094,"bogota","Cycling","L1: All Cause",NA,NA,"PA",141409
"male","15-19","sc_car_ylls_pa_all_cause",-118.1094,"bogota","Car","L1: All Cause",NA,NA,"PA",282736
"male","20-24","sc_car_ylls_pa_all_cause",-283.37615,"bogota","Car","L1: All Cause",NA,NA,"PA",357934
"male","25-29","sc_car_ylls_pa_all_cause",-375.67535,"bogota","Car","L1: All Cause",NA,NA,"PA",360031
"male","30-34","sc_car_ylls_pa_all_cause",-230.87969,"bogota","Car","L1: All Cause",NA,NA,"PA",321492
"male","35-39","sc_car_ylls_pa_all_cause",-231.04628,"bogota","Car","L1: All Cause",NA,NA,"PA",289808
"male","40-44","sc_car_ylls_pa_all_cause",-111.9702,"bogota","Car","L1: All Cause",NA,NA,"PA",244543
"male","45-49","sc_car_ylls_pa_all_cause",-161.53897,"bogota","Car","L1: All Cause",NA,NA,"PA",215491
"male","50-54","sc_car_ylls_pa_all_cause",-177.08599,"bogota","Car","L1: All Cause",NA,NA,"PA",209137
"male","55-59","sc_car_ylls_pa_all_cause",-234.12625,"bogota","Car","L1: All Cause",NA,NA,"PA",187551
"male","60-64","sc_car_ylls_pa_all_cause",-103.05129,"bogota","Car","L1: All Cause",NA,NA,"PA",146500
"male","65-69","sc_car_ylls_pa_all_cause",-270.4527,"bogota","Car","L1: All Cause",NA,NA,"PA",105412
"female","15-19","sc_car_ylls_pa_all_cause",-44.95873,"bogota","Car","L1: All Cause",NA,NA,"PA",279280
"female","20-24","sc_car_ylls_pa_all_cause",-91.79411,"bogota","Car","L1: All Cause",NA,NA,"PA",360197
"female","25-29","sc_car_ylls_pa_all_cause",-77.55121,"bogota","Car","L1: All Cause",NA,NA,"PA",364423
"female","30-34","sc_car_ylls_pa_all_cause",-88.10156,"bogota","Car","L1: All Cause",NA,NA,"PA",330341
"female","35-39","sc_car_ylls_pa_all_cause",-89.83144,"bogota","Car","L1: All Cause",NA,NA,"PA",309304
"female","40-44","sc_car_ylls_pa_all_cause",-104.48454,"bogota","Car","L1: All Cause",NA,NA,"PA",275440
"female","45-49","sc_car_ylls_pa_all_cause",-134.47461,"bogota","Car","L1: All Cause",NA,NA,"PA",254843
"female","50-54","sc_car_ylls_pa_all_cause",-160.85032,"bogota","Car","L1: All Cause",NA,NA,"PA",256059
"female","55-59","sc_car_ylls_pa_all_cause",-161.93971,"bogota","Car","L1: All Cause",NA,NA,"PA",235548
"female","60-64","sc_car_ylls_pa_all_cause",-142.73071,"bogota","Car","L1: All Cause",NA,NA,"PA",189600
"female","65-69","sc_car_ylls_pa_all_cause",-158.19691,"bogota","Car","L1: All Cause",NA,NA,"PA",141409
"male","15-19","sc_bus_ylls_pa_all_cause",81.50663,"bogota","Bus","L1: All Cause",NA,NA,"PA",282736
"male","20-24","sc_bus_ylls_pa_all_cause",340.44606,"bogota","Bus","L1: All Cause",NA,NA,"PA",357934
"male","25-29","sc_bus_ylls_pa_all_cause",645.77687,"bogota","Bus","L1: All Cause",NA,NA,"PA",360031
"male","30-34","sc_bus_ylls_pa_all_cause",555.86578,"bogota","Bus","L1: All Cause",NA,NA,"PA",321492
"male","35-39","sc_bus_ylls_pa_all_cause",679.42361,"bogota","Bus","L1: All Cause",NA,NA,"PA",289808
"male","40-44","sc_bus_ylls_pa_all_cause",348.0511,"bogota","Bus","L1: All Cause",NA,NA,"PA",244543
"male","45-49","sc_bus_ylls_pa_all_cause",407.60328,"bogota","Bus","L1: All Cause",NA,NA,"PA",215491
"male","50-54","sc_bus_ylls_pa_all_cause",392.80637,"bogota","Bus","L1: All Cause",NA,NA,"PA",209137
"male","55-59","sc_bus_ylls_pa_all_cause",490.69267,"bogota","Bus","L1: All Cause",NA,NA,"PA",187551
"male","60-64","sc_bus_ylls_pa_all_cause",417.93414,"bogota","Bus","L1: All Cause",NA,NA,"PA",146500
"male","65-69","sc_bus_ylls_pa_all_cause",466.34923,"bogota","Bus","L1: All Cause",NA,NA,"PA",105412
"female","15-19","sc_bus_ylls_pa_all_cause",35.25717,"bogota","Bus","L1: All Cause",NA,NA,"PA",279280
"female","20-24","sc_bus_ylls_pa_all_cause",56.24387,"bogota","Bus","L1: All Cause",NA,NA,"PA",360197
"female","25-29","sc_bus_ylls_pa_all_cause",78.10644,"bogota","Bus","L1: All Cause",NA,NA,"PA",364423
"female","30-34","sc_bus_ylls_pa_all_cause",103.3007,"bogota","Bus","L1: All Cause",NA,NA,"PA",330341
"female","35-39","sc_bus_ylls_pa_all_cause",145.65944,"bogota","Bus","L1: All Cause",NA,NA,"PA",309304
"female","40-44","sc_bus_ylls_pa_all_cause",139.74784,"bogota","Bus","L1: All Cause",NA,NA,"PA",275440
"female","45-49","sc_bus_ylls_pa_all_cause",139.79575,"bogota","Bus","L1: All Cause",NA,NA,"PA",254843
"female","50-54","sc_bus_ylls_pa_all_cause",152.0845,"bogota","Bus","L1: All Cause",NA,NA,"PA",256059
"female","55-59","sc_bus_ylls_pa_all_cause",223.81024,"bogota","Bus","L1: All Cause",NA,NA,"PA",235548
"female","60-64","sc_bus_ylls_pa_all_cause",158.38867,"bogota","Bus","L1: All Cause",NA,NA,"PA",189600
"female","65-69","sc_bus_ylls_pa_all_cause",217.70849,"bogota","Bus","L1: All Cause",NA,NA,"PA",141409
"male","15-19","sc_cycle_ylls_pa_all_cause_lb",75.73254,"bogota","Cycling","L1: All Cause",NA,NA,"PA",282736
"male","20-24","sc_cycle_ylls_pa_all_cause_lb",180.46369,"bogota","Cycling","L1: All Cause",NA,NA,"PA",357934
"male","25-29","sc_cycle_ylls_pa_all_cause_lb",467.53168,"bogota","Cycling","L1: All Cause",NA,NA,"PA",360031
"male","30-34","sc_cycle_ylls_pa_all_cause_lb",405.89358,"bogota","Cycling","L1: All Cause",NA,NA,"PA",321492
"male","35-39","sc_cycle_ylls_pa_all_cause_lb",457.79129,"bogota","Cycling","L1: All Cause",NA,NA,"PA",289808
"male","40-44","sc_cycle_ylls_pa_all_cause_lb",206.25389,"bogota","Cycling","L1: All Cause",NA,NA,"PA",244543
"male","45-49","sc_cycle_ylls_pa_all_cause_lb",263.20629,"bogota","Cycling","L1: All Cause",NA,NA,"PA",215491
"male","50-54","sc_cycle_ylls_pa_all_cause_lb",244.4308,"bogota","Cycling","L1: All Cause",NA,NA,"PA",209137
"male","55-59","sc_cycle_ylls_pa_all_cause_lb",215.52998,"bogota","Cycling","L1: All Cause",NA,NA,"PA",187551
"male","60-64","sc_cycle_ylls_pa_all_cause_lb",243.17135,"bogota","Cycling","L1: All Cause",NA,NA,"PA",146500
"male","65-69","sc_cycle_ylls_pa_all_cause_lb",370.94873,"bogota","Cycling","L1: All Cause",NA,NA,"PA",105412
"female","15-19","sc_cycle_ylls_pa_all_cause_lb",21.72626,"bogota","Cycling","L1: All Cause",NA,NA,"PA",279280
"female","20-24","sc_cycle_ylls_pa_all_cause_lb",54.80203,"bogota","Cycling","L1: All Cause",NA,NA,"PA",360197
"female","25-29","sc_cycle_ylls_pa_all_cause_lb",53.53264,"bogota","Cycling","L1: All Cause",NA,NA,"PA",364423
"female","30-34","sc_cycle_ylls_pa_all_cause_lb",92.07883,"bogota","Cycling","L1: All Cause",NA,NA,"PA",330341
"female","35-39","sc_cycle_ylls_pa_all_cause_lb",109.79382,"bogota","Cycling","L1: All Cause",NA,NA,"PA",309304
"female","40-44","sc_cycle_ylls_pa_all_cause_lb",107.96191,"bogota","Cycling","L1: All Cause",NA,NA,"PA",275440
"female","45-49","sc_cycle_ylls_pa_all_cause_lb",121.31793,"bogota","Cycling","L1: All Cause",NA,NA,"PA",254843
"female","50-54","sc_cycle_ylls_pa_all_cause_lb",136.90927,"bogota","Cycling","L1: All Cause",NA,NA,"PA",256059
"female","55-59","sc_cycle_ylls_pa_all_cause_lb",141.69769,"bogota","Cycling","L1: All Cause",NA,NA,"PA",235548
"female","60-64","sc_cycle_ylls_pa_all_cause_lb",158.95511,"bogota","Cycling","L1: All Cause",NA,NA,"PA",189600
"female","65-69","sc_cycle_ylls_pa_all_cause_lb",246.73324,"bogota","Cycling","L1: All Cause",NA,NA,"PA",141409
"male","15-19","sc_car_ylls_pa_all_cause_lb",-137.13521,"bogota","Car","L1: All Cause",NA,NA,"PA",282736
"male","20-24","sc_car_ylls_pa_all_cause_lb",-327.86413,"bogota","Car","L1: All Cause",NA,NA,"PA",357934
"male","25-29","sc_car_ylls_pa_all_cause_lb",-436.95678,"bogota","Car","L1: All Cause",NA,NA,"PA",360031
"male","30-34","sc_car_ylls_pa_all_cause_lb",-267.27852,"bogota","Car","L1: All Cause",NA,NA,"PA",321492
"male","35-39","sc_car_ylls_pa_all_cause_lb",-266.37026,"bogota","Car","L1: All Cause",NA,NA,"PA",289808
"male","40-44","sc_car_ylls_pa_all_cause_lb",-128.89997,"bogota","Car","L1: All Cause",NA,NA,"PA",244543
"male","45-49","sc_car_ylls_pa_all_cause_lb",-186.92576,"bogota","Car","L1: All Cause",NA,NA,"PA",215491
"male","50-54","sc_car_ylls_pa_all_cause_lb",-204.7226,"bogota","Car","L1: All Cause",NA,NA,"PA",209137
"male","55-59","sc_car_ylls_pa_all_cause_lb",-269.43746,"bogota","Car","L1: All Cause",NA,NA,"PA",187551
"male","60-64","sc_car_ylls_pa_all_cause_lb",-116.90251,"bogota","Car","L1: All Cause",NA,NA,"PA",146500
"male","65-69","sc_car_ylls_pa_all_cause_lb",-308.97868,"bogota","Car","L1: All Cause",NA,NA,"PA",105412
"female","15-19","sc_car_ylls_pa_all_cause_lb",-52.04807,"bogota","Car","L1: All Cause",NA,NA,"PA",279280
"female","20-24","sc_car_ylls_pa_all_cause_lb",-105.95803,"bogota","Car","L1: All Cause",NA,NA,"PA",360197
"female","25-29","sc_car_ylls_pa_all_cause_lb",-88.94875,"bogota","Car","L1: All Cause",NA,NA,"PA",364423
"female","30-34","sc_car_ylls_pa_all_cause_lb",-101.43809,"bogota","Car","L1: All Cause",NA,NA,"PA",330341
"female","35-39","sc_car_ylls_pa_all_cause_lb",-103.32456,"bogota","Car","L1: All Cause",NA,NA,"PA",309304
"female","40-44","sc_car_ylls_pa_all_cause_lb",-120.7087,"bogota","Car","L1: All Cause",NA,NA,"PA",275440
"female","45-49","sc_car_ylls_pa_all_cause_lb",-154.57155,"bogota","Car","L1: All Cause",NA,NA,"PA",254843
"female","50-54","sc_car_ylls_pa_all_cause_lb",-184.75795,"bogota","Car","L1: All Cause",NA,NA,"PA",256059
"female","55-59","sc_car_ylls_pa_all_cause_lb",-185.79377,"bogota","Car","L1: All Cause",NA,NA,"PA",235548
"female","60-64","sc_car_ylls_pa_all_cause_lb",-162.7704,"bogota","Car","L1: All Cause",NA,NA,"PA",189600
"female","65-69","sc_car_ylls_pa_all_cause_lb",-179.85825,"bogota","Car","L1: All Cause",NA,NA,"PA",141409
"male","15-19","sc_bus_ylls_pa_all_cause_lb",97.03403,"bogota","Bus","L1: All Cause",NA,NA,"PA",282736
"male","20-24","sc_bus_ylls_pa_all_cause_lb",403.73072,"bogota","Bus","L1: All Cause",NA,NA,"PA",357934
"male","25-29","sc_bus_ylls_pa_all_cause_lb",762.48191,"bogota","Bus","L1: All Cause",NA,NA,"PA",360031
"male","30-34","sc_bus_ylls_pa_all_cause_lb",655.81993,"bogota","Bus","L1: All Cause",NA,NA,"PA",321492
"male","35-39","sc_bus_ylls_pa_all_cause_lb",800.60645,"bogota","Bus","L1: All Cause",NA,NA,"PA",289808
"male","40-44","sc_bus_ylls_pa_all_cause_lb",410.22773,"bogota","Bus","L1: All Cause",NA,NA,"PA",244543
"male","45-49","sc_bus_ylls_pa_all_cause_lb",478.09861,"bogota","Bus","L1: All Cause",NA,NA,"PA",215491
"male","50-54","sc_bus_ylls_pa_all_cause_lb",462.69465,"bogota","Bus","L1: All Cause",NA,NA,"PA",209137
"male","55-59","sc_bus_ylls_pa_all_cause_lb",578.62635,"bogota","Bus","L1: All Cause",NA,NA,"PA",187551
"male","60-64","sc_bus_ylls_pa_all_cause_lb",492.22484,"bogota","Bus","L1: All Cause",NA,NA,"PA",146500
"male","65-69","sc_bus_ylls_pa_all_cause_lb",545.59693,"bogota","Bus","L1: All Cause",NA,NA,"PA",105412
"female","15-19","sc_bus_ylls_pa_all_cause_lb",41.69223,"bogota","Bus","L1: All Cause",NA,NA,"PA",279280
"female","20-24","sc_bus_ylls_pa_all_cause_lb",66.58161,"bogota","Bus","L1: All Cause",NA,NA,"PA",360197
"female","25-29","sc_bus_ylls_pa_all_cause_lb",91.90747,"bogota","Bus","L1: All Cause",NA,NA,"PA",364423
"female","30-34","sc_bus_ylls_pa_all_cause_lb",121.62088,"bogota","Bus","L1: All Cause",NA,NA,"PA",330341
"female","35-39","sc_bus_ylls_pa_all_cause_lb",171.79529,"bogota","Bus","L1: All Cause",NA,NA,"PA",309304
"female","40-44","sc_bus_ylls_pa_all_cause_lb",165.01505,"bogota","Bus","L1: All Cause",NA,NA,"PA",275440
"female","45-49","sc_bus_ylls_pa_all_cause_lb",165.13163,"bogota","Bus","L1: All Cause",NA,NA,"PA",254843
"female","50-54","sc_bus_ylls_pa_all_cause_lb",178.89074,"bogota","Bus","L1: All Cause",NA,NA,"PA",256059
"female","55-59","sc_bus_ylls_pa_all_cause_lb",263.64649,"bogota","Bus","L1: All Cause",NA,NA,"PA",235548
"female","60-64","sc_bus_ylls_pa_all_cause_lb",185.65835,"bogota","Bus","L1: All Cause",NA,NA,"PA",189600
"female","65-69","sc_bus_ylls_pa_all_cause_lb",254.61554,"bogota","Bus","L1: All Cause",NA,NA,"PA",141409
"male","15-19","sc_cycle_ylls_pa_all_cause_ub",56.3861,"bogota","Cycling","L1: All Cause",NA,NA,"PA",282736
"male","20-24","sc_cycle_ylls_pa_all_cause_ub",134.17578,"bogota","Cycling","L1: All Cause",NA,NA,"PA",357934
"male","25-29","sc_cycle_ylls_pa_all_cause_ub",345.12316,"bogota","Cycling","L1: All Cause",NA,NA,"PA",360031
"male","30-34","sc_cycle_ylls_pa_all_cause_ub",298.14634,"bogota","Cycling","L1: All Cause",NA,NA,"PA",321492
"male","35-39","sc_cycle_ylls_pa_all_cause_ub",339.91545,"bogota","Cycling","L1: All Cause",NA,NA,"PA",289808
"male","40-44","sc_cycle_ylls_pa_all_cause_ub",151.33832,"bogota","Cycling","L1: All Cause",NA,NA,"PA",244543
"male","45-49","sc_cycle_ylls_pa_all_cause_ub",197.56104,"bogota","Cycling","L1: All Cause",NA,NA,"PA",215491
"male","50-54","sc_cycle_ylls_pa_all_cause_ub",179.14564,"bogota","Cycling","L1: All Cause",NA,NA,"PA",209137
"male","55-59","sc_cycle_ylls_pa_all_cause_ub",163.79408,"bogota","Cycling","L1: All Cause",NA,NA,"PA",187551
"male","60-64","sc_cycle_ylls_pa_all_cause_ub",183.48096,"bogota","Cycling","L1: All Cause",NA,NA,"PA",146500
"male","65-69","sc_cycle_ylls_pa_all_cause_ub",279.88682,"bogota","Cycling","L1: All Cause",NA,NA,"PA",105412
"female","15-19","sc_cycle_ylls_pa_all_cause_ub",16.57121,"bogota","Cycling","L1: All Cause",NA,NA,"PA",279280
"female","20-24","sc_cycle_ylls_pa_all_cause_ub",41.54329,"bogota","Cycling","L1: All Cause",NA,NA,"PA",360197
"female","25-29","sc_cycle_ylls_pa_all_cause_ub",41.21134,"bogota","Cycling","L1: All Cause",NA,NA,"PA",364423
"female","30-34","sc_cycle_ylls_pa_all_cause_ub",68.62857,"bogota","Cycling","L1: All Cause",NA,NA,"PA",330341
"female","35-39","sc_cycle_ylls_pa_all_cause_ub",82.71754,"bogota","Cycling","L1: All Cause",NA,NA,"PA",309304
"female","40-44","sc_cycle_ylls_pa_all_cause_ub",80.68318,"bogota","Cycling","L1: All Cause",NA,NA,"PA",275440
"female","45-49","sc_cycle_ylls_pa_all_cause_ub",90.3064,"bogota","Cycling","L1: All Cause",NA,NA,"PA",254843
"female","50-54","sc_cycle_ylls_pa_all_cause_ub",102.78411,"bogota","Cycling","L1: All Cause",NA,NA,"PA",256059
"female","55-59","sc_cycle_ylls_pa_all_cause_ub",105.33541,"bogota","Cycling","L1: All Cause",NA,NA,"PA",235548
"female","60-64","sc_cycle_ylls_pa_all_cause_ub",117.19891,"bogota","Cycling","L1: All Cause",NA,NA,"PA",189600
"female","65-69","sc_cycle_ylls_pa_all_cause_ub",187.64498,"bogota","Cycling","L1: All Cause",NA,NA,"PA",141409
"male","15-19","sc_car_ylls_pa_all_cause_ub",-99.56323,"bogota","Car","L1: All Cause",NA,NA,"PA",282736
"male","20-24","sc_car_ylls_pa_all_cause_ub",-239.72759,"bogota","Car","L1: All Cause",NA,NA,"PA",357934
"male","25-29","sc_car_ylls_pa_all_cause_ub",-315.76382,"bogota","Car","L1: All Cause",NA,NA,"PA",360031
"male","30-34","sc_car_ylls_pa_all_cause_ub",-194.97485,"bogota","Car","L1: All Cause",NA,NA,"PA",321492
"male","35-39","sc_car_ylls_pa_all_cause_ub",-195.83813,"bogota","Car","L1: All Cause",NA,NA,"PA",289808
"male","40-44","sc_car_ylls_pa_all_cause_ub",-95.19371,"bogota","Car","L1: All Cause",NA,NA,"PA",244543
"male","45-49","sc_car_ylls_pa_all_cause_ub",-136.36815,"bogota","Car","L1: All Cause",NA,NA,"PA",215491
"male","50-54","sc_car_ylls_pa_all_cause_ub",-149.76461,"bogota","Car","L1: All Cause",NA,NA,"PA",209137
"male","55-59","sc_car_ylls_pa_all_cause_ub",-198.94353,"bogota","Car","L1: All Cause",NA,NA,"PA",187551
"male","60-64","sc_car_ylls_pa_all_cause_ub",-89.00251,"bogota","Car","L1: All Cause",NA,NA,"PA",146500
"male","65-69","sc_car_ylls_pa_all_cause_ub",-231.41767,"bogota","Car","L1: All Cause",NA,NA,"PA",105412
"female","15-19","sc_car_ylls_pa_all_cause_ub",-37.96933,"bogota","Car","L1: All Cause",NA,NA,"PA",279280
"female","20-24","sc_car_ylls_pa_all_cause_ub",-77.80679,"bogota","Car","L1: All Cause",NA,NA,"PA",360197
"female","25-29","sc_car_ylls_pa_all_cause_ub",-66.25997,"bogota","Car","L1: All Cause",NA,NA,"PA",364423
"female","30-34","sc_car_ylls_pa_all_cause_ub",-74.87222,"bogota","Car","L1: All Cause",NA,NA,"PA",330341
"female","35-39","sc_car_ylls_pa_all_cause_ub",-76.42031,"bogota","Car","L1: All Cause",NA,NA,"PA",309304
"female","40-44","sc_car_ylls_pa_all_cause_ub",-88.42448,"bogota","Car","L1: All Cause",NA,NA,"PA",275440
"female","45-49","sc_car_ylls_pa_all_cause_ub",-114.43376,"bogota","Car","L1: All Cause",NA,NA,"PA",254843
"female","50-54","sc_car_ylls_pa_all_cause_ub",-137.06803,"bogota","Car","L1: All Cause",NA,NA,"PA",256059
"female","55-59","sc_car_ylls_pa_all_cause_ub",-138.16614,"bogota","Car","L1: All Cause",NA,NA,"PA",235548
"female","60-64","sc_car_ylls_pa_all_cause_ub",-122.55101,"bogota","Car","L1: All Cause",NA,NA,"PA",189600
"female","65-69","sc_car_ylls_pa_all_cause_ub",-136.09559,"bogota","Car","L1: All Cause",NA,NA,"PA",141409
"male","15-19","sc_bus_ylls_pa_all_cause_ub",66.6044,"bogota","Bus","L1: All Cause",NA,NA,"PA",282736
"male","20-24","sc_bus_ylls_pa_all_cause_ub",279.5514,"bogota","Bus","L1: All Cause",NA,NA,"PA",357934
"male","25-29","sc_bus_ylls_pa_all_cause_ub",532.64417,"bogota","Bus","L1: All Cause",NA,NA,"PA",360031
"male","30-34","sc_bus_ylls_pa_all_cause_ub",458.77918,"bogota","Bus","L1: All Cause",NA,NA,"PA",321492
"male","35-39","sc_bus_ylls_pa_all_cause_ub",561.02204,"bogota","Bus","L1: All Cause",NA,NA,"PA",289808
"male","40-44","sc_bus_ylls_pa_all_cause_ub",287.41726,"bogota","Bus","L1: All Cause",NA,NA,"PA",244543
"male","45-49","sc_bus_ylls_pa_all_cause_ub",338.27982,"bogota","Bus","L1: All Cause",NA,NA,"PA",215491
"male","50-54","sc_bus_ylls_pa_all_cause_ub",324.71894,"bogota","Bus","L1: All Cause",NA,NA,"PA",209137
"male","55-59","sc_bus_ylls_pa_all_cause_ub",404.84041,"bogota","Bus","L1: All Cause",NA,NA,"PA",187551
"male","60-64","sc_bus_ylls_pa_all_cause_ub",345.38578,"bogota","Bus","L1: All Cause",NA,NA,"PA",146500
"male","65-69","sc_bus_ylls_pa_all_cause_ub",387.6349,"bogota","Bus","L1: All Cause",NA,NA,"PA",105412
"female","15-19","sc_bus_ylls_pa_all_cause_ub",29.01593,"bogota","Bus","L1: All Cause",NA,NA,"PA",279280
"female","20-24","sc_bus_ylls_pa_all_cause_ub",46.21598,"bogota","Bus","L1: All Cause",NA,NA,"PA",360197
"female","25-29","sc_bus_ylls_pa_all_cause_ub",64.67065,"bogota","Bus","L1: All Cause",NA,NA,"PA",364423
"female","30-34","sc_bus_ylls_pa_all_cause_ub",85.40651,"bogota","Bus","L1: All Cause",NA,NA,"PA",330341
"female","35-39","sc_bus_ylls_pa_all_cause_ub",120.20795,"bogota","Bus","L1: All Cause",NA,NA,"PA",309304
"female","40-44","sc_bus_ylls_pa_all_cause_ub",115.17478,"bogota","Bus","L1: All Cause",NA,NA,"PA",275440
"female","45-49","sc_bus_ylls_pa_all_cause_ub",115.14682,"bogota","Bus","L1: All Cause",NA,NA,"PA",254843
"female","50-54","sc_bus_ylls_pa_all_cause_ub",125.85871,"bogota","Bus","L1: All Cause",NA,NA,"PA",256059
"female","55-59","sc_bus_ylls_pa_all_cause_ub",184.96264,"bogota","Bus","L1: All Cause",NA,NA,"PA",235548
"female","60-64","sc_bus_ylls_pa_all_cause_ub",131.58472,"bogota","Bus","L1: All Cause",NA,NA,"PA",189600
"female","65-69","sc_bus_ylls_pa_all_cause_ub",180.98829,"bogota","Bus","L1: All Cause",NA,NA,"PA",141409
"male","15-19","sc_cycle_ylls_ap_all_cause",-10.39148,"bogota","Cycling","L1: All Cause",NA,NA,"AP",282736
"male","20-24","sc_cycle_ylls_ap_all_cause",-28.25341,"bogota","Cycling","L1: All Cause",NA,NA,"AP",357934
"male","25-29","sc_cycle_ylls_ap_all_cause",-35.09235,"bogota","Cycling","L1: All Cause",NA,NA,"AP",360031
"male","30-34","sc_cycle_ylls_ap_all_cause",-26.98218,"bogota","Cycling","L1: All Cause",NA,NA,"AP",321492
"male","35-39","sc_cycle_ylls_ap_all_cause",-28.12765,"bogota","Cycling","L1: All Cause",NA,NA,"AP",289808
"male","40-44","sc_cycle_ylls_ap_all_cause",-13.46909,"bogota","Cycling","L1: All Cause",NA,NA,"AP",244543
"male","45-49","sc_cycle_ylls_ap_all_cause",-14.23197,"bogota","Cycling","L1: All Cause",NA,NA,"AP",215491
"male","50-54","sc_cycle_ylls_ap_all_cause",-11.77174,"bogota","Cycling","L1: All Cause",NA,NA,"AP",209137
"male","55-59","sc_cycle_ylls_ap_all_cause",-11.09363,"bogota","Cycling","L1: All Cause",NA,NA,"AP",187551
"male","60-64","sc_cycle_ylls_ap_all_cause",-15.55278,"bogota","Cycling","L1: All Cause",NA,NA,"AP",146500
"male","65-69","sc_cycle_ylls_ap_all_cause",-12.49886,"bogota","Cycling","L1: All Cause",NA,NA,"AP",105412
"female","15-19","sc_cycle_ylls_ap_all_cause",-3.54132,"bogota","Cycling","L1: All Cause",NA,NA,"AP",279280
"female","20-24","sc_cycle_ylls_ap_all_cause",-7.71639,"bogota","Cycling","L1: All Cause",NA,NA,"AP",360197
"female","25-29","sc_cycle_ylls_ap_all_cause",-8.22518,"bogota","Cycling","L1: All Cause",NA,NA,"AP",364423
"female","30-34","sc_cycle_ylls_ap_all_cause",-6.61033,"bogota","Cycling","L1: All Cause",NA,NA,"AP",330341
"female","35-39","sc_cycle_ylls_ap_all_cause",-10.12239,"bogota","Cycling","L1: All Cause",NA,NA,"AP",309304
"female","40-44","sc_cycle_ylls_ap_all_cause",-11.6933,"bogota","Cycling","L1: All Cause",NA,NA,"AP",275440
"female","45-49","sc_cycle_ylls_ap_all_cause",-5.67566,"bogota","Cycling","L1: All Cause",NA,NA,"AP",254843
"female","50-54","sc_cycle_ylls_ap_all_cause",-5.70489,"bogota","Cycling","L1: All Cause",NA,NA,"AP",256059
"female","55-59","sc_cycle_ylls_ap_all_cause",-4.11663,"bogota","Cycling","L1: All Cause",NA,NA,"AP",235548
"female","60-64","sc_cycle_ylls_ap_all_cause",-3.62512,"bogota","Cycling","L1: All Cause",NA,NA,"AP",189600
"female","65-69","sc_cycle_ylls_ap_all_cause",-5.61292,"bogota","Cycling","L1: All Cause",NA,NA,"AP",141409
"male","15-19","sc_car_ylls_ap_all_cause",-7.60487,"bogota","Car","L1: All Cause",NA,NA,"AP",282736
"male","20-24","sc_car_ylls_ap_all_cause",-25.54495,"bogota","Car","L1: All Cause",NA,NA,"AP",357934
"male","25-29","sc_car_ylls_ap_all_cause",-14.91991,"bogota","Car","L1: All Cause",NA,NA,"AP",360031
"male","30-34","sc_car_ylls_ap_all_cause",-17.31617,"bogota","Car","L1: All Cause",NA,NA,"AP",321492
"male","35-39","sc_car_ylls_ap_all_cause",-13.10318,"bogota","Car","L1: All Cause",NA,NA,"AP",289808
"male","40-44","sc_car_ylls_ap_all_cause",-7.15998,"bogota","Car","L1: All Cause",NA,NA,"AP",244543
"male","45-49","sc_car_ylls_ap_all_cause",-8.1063,"bogota","Car","L1: All Cause",NA,NA,"AP",215491
"male","50-54","sc_car_ylls_ap_all_cause",-7.04594,"bogota","Car","L1: All Cause",NA,NA,"AP",209137
"male","55-59","sc_car_ylls_ap_all_cause",-12.45446,"bogota","Car","L1: All Cause",NA,NA,"AP",187551
"male","60-64","sc_car_ylls_ap_all_cause",-8.36834,"bogota","Car","L1: All Cause",NA,NA,"AP",146500
"male","65-69","sc_car_ylls_ap_all_cause",-15.85767,"bogota","Car","L1: All Cause",NA,NA,"AP",105412
"female","15-19","sc_car_ylls_ap_all_cause",-2.31779,"bogota","Car","L1: All Cause",NA,NA,"AP",279280
"female","20-24","sc_car_ylls_ap_all_cause",-4.40305,"bogota","Car","L1: All Cause",NA,NA,"AP",360197
"female","25-29","sc_car_ylls_ap_all_cause",-4.55401,"bogota","Car","L1: All Cause",NA,NA,"AP",364423
"female","30-34","sc_car_ylls_ap_all_cause",-5.48051,"bogota","Car","L1: All Cause",NA,NA,"AP",330341
"female","35-39","sc_car_ylls_ap_all_cause",-5.40615,"bogota","Car","L1: All Cause",NA,NA,"AP",309304
"female","40-44","sc_car_ylls_ap_all_cause",-3.96031,"bogota","Car","L1: All Cause",NA,NA,"AP",275440
"female","45-49","sc_car_ylls_ap_all_cause",-6.59247,"bogota","Car","L1: All Cause",NA,NA,"AP",254843
"female","50-54","sc_car_ylls_ap_all_cause",-9.40455,"bogota","Car","L1: All Cause",NA,NA,"AP",256059
"female","55-59","sc_car_ylls_ap_all_cause",-8.90759,"bogota","Car","L1: All Cause",NA,NA,"AP",235548
"female","60-64","sc_car_ylls_ap_all_cause",-11.37924,"bogota","Car","L1: All Cause",NA,NA,"AP",189600
"female","65-69","sc_car_ylls_ap_all_cause",-6.70285,"bogota","Car","L1: All Cause",NA,NA,"AP",141409
"male","15-19","sc_bus_ylls_ap_all_cause",6.64336,"bogota","Bus","L1: All Cause",NA,NA,"AP",282736
"male","20-24","sc_bus_ylls_ap_all_cause",18.39785,"bogota","Bus","L1: All Cause",NA,NA,"AP",357934
"male","25-29","sc_bus_ylls_ap_all_cause",26.84956,"bogota","Bus","L1: All Cause",NA,NA,"AP",360031
"male","30-34","sc_bus_ylls_ap_all_cause",14.5655,"bogota","Bus","L1: All Cause",NA,NA,"AP",321492
"male","35-39","sc_bus_ylls_ap_all_cause",20.91988,"bogota","Bus","L1: All Cause",NA,NA,"AP",289808
"male","40-44","sc_bus_ylls_ap_all_cause",16.68312,"bogota","Bus","L1: All Cause",NA,NA,"AP",244543
"male","45-49","sc_bus_ylls_ap_all_cause",13.18784,"bogota","Bus","L1: All Cause",NA,NA,"AP",215491
"male","50-54","sc_bus_ylls_ap_all_cause",13.17642,"bogota","Bus","L1: All Cause",NA,NA,"AP",209137
"male","55-59","sc_bus_ylls_ap_all_cause",14.70737,"bogota","Bus","L1: All Cause",NA,NA,"AP",187551
"male","60-64","sc_bus_ylls_ap_all_cause",13.00786,"bogota","Bus","L1: All Cause",NA,NA,"AP",146500
"male","65-69","sc_bus_ylls_ap_all_cause",9.91243,"bogota","Bus","L1: All Cause",NA,NA,"AP",105412
"female","15-19","sc_bus_ylls_ap_all_cause",0.76073,"bogota","Bus","L1: All Cause",NA,NA,"AP",279280
"female","20-24","sc_bus_ylls_ap_all_cause",0.84044,"bogota","Bus","L1: All Cause",NA,NA,"AP",360197
"female","25-29","sc_bus_ylls_ap_all_cause",1.54388,"bogota","Bus","L1: All Cause",NA,NA,"AP",364423
"female","30-34","sc_bus_ylls_ap_all_cause",3.87373,"bogota","Bus","L1: All Cause",NA,NA,"AP",330341
"female","35-39","sc_bus_ylls_ap_all_cause",4.28787,"bogota","Bus","L1: All Cause",NA,NA,"AP",309304
"female","40-44","sc_bus_ylls_ap_all_cause",2.56293,"bogota","Bus","L1: All Cause",NA,NA,"AP",275440
"female","45-49","sc_bus_ylls_ap_all_cause",1.59764,"bogota","Bus","L1: All Cause",NA,NA,"AP",254843
"female","50-54","sc_bus_ylls_ap_all_cause",1.83562,"bogota","Bus","L1: All Cause",NA,NA,"AP",256059
"female","55-59","sc_bus_ylls_ap_all_cause",4.18915,"bogota","Bus","L1: All Cause",NA,NA,"AP",235548
"female","60-64","sc_bus_ylls_ap_all_cause",0.21132,"bogota","Bus","L1: All Cause",NA,NA,"AP",189600
"female","65-69","sc_bus_ylls_ap_all_cause",1.11666,"bogota","Bus","L1: All Cause",NA,NA,"AP",141409
"male","15-19","sc_cycle_ylls_ap_all_cause_lb",-10.39148,"bogota","Cycling","L1: All Cause",NA,NA,"AP",282736
"male","20-24","sc_cycle_ylls_ap_all_cause_lb",-28.25341,"bogota","Cycling","L1: All Cause",NA,NA,"AP",357934
"male","25-29","sc_cycle_ylls_ap_all_cause_lb",-35.09235,"bogota","Cycling","L1: All Cause",NA,NA,"AP",360031
"male","30-34","sc_cycle_ylls_ap_all_cause_lb",-26.98218,"bogota","Cycling","L1: All Cause",NA,NA,"AP",321492
"male","35-39","sc_cycle_ylls_ap_all_cause_lb",-28.12765,"bogota","Cycling","L1: All Cause",NA,NA,"AP",289808
"male","40-44","sc_cycle_ylls_ap_all_cause_lb",-13.46909,"bogota","Cycling","L1: All Cause",NA,NA,"AP",244543
"male","45-49","sc_cycle_ylls_ap_all_cause_lb",-14.23197,"bogota","Cycling","L1: All Cause",NA,NA,"AP",215491
"male","50-54","sc_cycle_ylls_ap_all_cause_lb",-11.77174,"bogota","Cycling","L1: All Cause",NA,NA,"AP",209137
"male","55-59","sc_cycle_ylls_ap_all_cause_lb",-11.09363,"bogota","Cycling","L1: All Cause",NA,NA,"AP",187551
"male","60-64","sc_cycle_ylls_ap_all_cause_lb",-15.55278,"bogota","Cycling","L1: All Cause",NA,NA,"AP",146500
"male","65-69","sc_cycle_ylls_ap_all_cause_lb",-12.49886,"bogota","Cycling","L1: All Cause",NA,NA,"AP",105412
"female","15-19","sc_cycle_ylls_ap_all_cause_lb",-3.54132,"bogota","Cycling","L1: All Cause",NA,NA,"AP",279280
"female","20-24","sc_cycle_ylls_ap_all_cause_lb",-7.71639,"bogota","Cycling","L1: All Cause",NA,NA,"AP",360197
"female","25-29","sc_cycle_ylls_ap_all_cause_lb",-8.22518,"bogota","Cycling","L1: All Cause",NA,NA,"AP",364423
"female","30-34","sc_cycle_ylls_ap_all_cause_lb",-6.61033,"bogota","Cycling","L1: All Cause",NA,NA,"AP",330341
"female","35-39","sc_cycle_ylls_ap_all_cause_lb",-10.12239,"bogota","Cycling","L1: All Cause",NA,NA,"AP",309304
"female","40-44","sc_cycle_ylls_ap_all_cause_lb",-11.6933,"bogota","Cycling","L1: All Cause",NA,NA,"AP",275440
"female","45-49","sc_cycle_ylls_ap_all_cause_lb",-5.67566,"bogota","Cycling","L1: All Cause",NA,NA,"AP",254843
"female","50-54","sc_cycle_ylls_ap_all_cause_lb",-5.70489,"bogota","Cycling","L1: All Cause",NA,NA,"AP",256059
"female","55-59","sc_cycle_ylls_ap_all_cause_lb",-4.11663,"bogota","Cycling","L1: All Cause",NA,NA,"AP",235548
"female","60-64","sc_cycle_ylls_ap_all_cause_lb",-3.62512,"bogota","Cycling","L1: All Cause",NA,NA,"AP",189600
"female","65-69","sc_cycle_ylls_ap_all_cause_lb",-5.61292,"bogota","Cycling","L1: All Cause",NA,NA,"AP",141409
"male","15-19","sc_car_ylls_ap_all_cause_lb",-7.60487,"bogota","Car","L1: All Cause",NA,NA,"AP",282736
"male","20-24","sc_car_ylls_ap_all_cause_lb",-25.54495,"bogota","Car","L1: All Cause",NA,NA,"AP",357934
"male","25-29","sc_car_ylls_ap_all_cause_lb",-14.91991,"bogota","Car","L1: All Cause",NA,NA,"AP",360031
"male","30-34","sc_car_ylls_ap_all_cause_lb",-17.31617,"bogota","Car","L1: All Cause",NA,NA,"AP",321492
"male","35-39","sc_car_ylls_ap_all_cause_lb",-13.10318,"bogota","Car","L1: All Cause",NA,NA,"AP",289808
"male","40-44","sc_car_ylls_ap_all_cause_lb",-7.15998,"bogota","Car","L1: All Cause",NA,NA,"AP",244543
"male","45-49","sc_car_ylls_ap_all_cause_lb",-8.1063,"bogota","Car","L1: All Cause",NA,NA,"AP",215491
"male","50-54","sc_car_ylls_ap_all_cause_lb",-7.04594,"bogota","Car","L1: All Cause",NA,NA,"AP",209137
"male","55-59","sc_car_ylls_ap_all_cause_lb",-12.45446,"bogota","Car","L1: All Cause",NA,NA,"AP",187551
"male","60-64","sc_car_ylls_ap_all_cause_lb",-8.36834,"bogota","Car","L1: All Cause",NA,NA,"AP",146500
"male","65-69","sc_car_ylls_ap_all_cause_lb",-15.85767,"bogota","Car","L1: All Cause",NA,NA,"AP",105412
"female","15-19","sc_car_ylls_ap_all_cause_lb",-2.31779,"bogota","Car","L1: All Cause",NA,NA,"AP",279280
"female","20-24","sc_car_ylls_ap_all_cause_lb",-4.40305,"bogota","Car","L1: All Cause",NA,NA,"AP",360197
"female","25-29","sc_car_ylls_ap_all_cause_lb",-4.55401,"bogota","Car","L1: All Cause",NA,NA,"AP",364423
"female","30-34","sc_car_ylls_ap_all_cause_lb",-5.48051,"bogota","Car","L1: All Cause",NA,NA,"AP",330341
"female","35-39","sc_car_ylls_ap_all_cause_lb",-5.40615,"bogota","Car","L1: All Cause",NA,NA,"AP",309304
"female","40-44","sc_car_ylls_ap_all_cause_lb",-3.96031,"bogota","Car","L1: All Cause",NA,NA,"AP",275440
"female","45-49","sc_car_ylls_ap_all_cause_lb",-6.59247,"bogota","Car","L1: All Cause",NA,NA,"AP",254843
"female","50-54","sc_car_ylls_ap_all_cause_lb",-9.40455,"bogota","Car","L1: All Cause",NA,NA,"AP",256059
"female","55-59","sc_car_ylls_ap_all_cause_lb",-8.90759,"bogota","Car","L1: All Cause",NA,NA,"AP",235548
"female","60-64","sc_car_ylls_ap_all_cause_lb",-11.37924,"bogota","Car","L1: All Cause",NA,NA,"AP",189600
"female","65-69","sc_car_ylls_ap_all_cause_lb",-6.70285,"bogota","Car","L1: All Cause",NA,NA,"AP",141409
"male","15-19","sc_bus_ylls_ap_all_cause_lb",6.64336,"bogota","Bus","L1: All Cause",NA,NA,"AP",282736
"male","20-24","sc_bus_ylls_ap_all_cause_lb",18.39785,"bogota","Bus","L1: All Cause",NA,NA,"AP",357934
"male","25-29","sc_bus_ylls_ap_all_cause_lb",26.84956,"bogota","Bus","L1: All Cause",NA,NA,"AP",360031
"male","30-34","sc_bus_ylls_ap_all_cause_lb",14.5655,"bogota","Bus","L1: All Cause",NA,NA,"AP",321492
"male","35-39","sc_bus_ylls_ap_all_cause_lb",20.91988,"bogota","Bus","L1: All Cause",NA,NA,"AP",289808
"male","40-44","sc_bus_ylls_ap_all_cause_lb",16.68312,"bogota","Bus","L1: All Cause",NA,NA,"AP",244543
"male","45-49","sc_bus_ylls_ap_all_cause_lb",13.18784,"bogota","Bus","L1: All Cause",NA,NA,"AP",215491
"male","50-54","sc_bus_ylls_ap_all_cause_lb",13.17642,"bogota","Bus","L1: All Cause",NA,NA,"AP",209137
"male","55-59","sc_bus_ylls_ap_all_cause_lb",14.70737,"bogota","Bus","L1: All Cause",NA,NA,"AP",187551
"male","60-64","sc_bus_ylls_ap_all_cause_lb",13.00786,"bogota","Bus","L1: All Cause",NA,NA,"AP",146500
"male","65-69","sc_bus_ylls_ap_all_cause_lb",9.91243,"bogota","Bus","L1: All Cause",NA,NA,"AP",105412
"female","15-19","sc_bus_ylls_ap_all_cause_lb",0.76073,"bogota","Bus","L1: All Cause",NA,NA,"AP",279280
"female","20-24","sc_bus_ylls_ap_all_cause_lb",0.84044,"bogota","Bus","L1: All Cause",NA,NA,"AP",360197
"female","25-29","sc_bus_ylls_ap_all_cause_lb",1.54388,"bogota","Bus","L1: All Cause",NA,NA,"AP",364423
"female","30-34","sc_bus_ylls_ap_all_cause_lb",3.87373,"bogota","Bus","L1: All Cause",NA,NA,"AP",330341
"female","35-39","sc_bus_ylls_ap_all_cause_lb",4.28787,"bogota","Bus","L1: All Cause",NA,NA,"AP",309304
"female","40-44","sc_bus_ylls_ap_all_cause_lb",2.56293,"bogota","Bus","L1: All Cause",NA,NA,"AP",275440
"female","45-49","sc_bus_ylls_ap_all_cause_lb",1.59764,"bogota","Bus","L1: All Cause",NA,NA,"AP",254843
"female","50-54","sc_bus_ylls_ap_all_cause_lb",1.83562,"bogota","Bus","L1: All Cause",NA,NA,"AP",256059
"female","55-59","sc_bus_ylls_ap_all_cause_lb",4.18915,"bogota","Bus","L1: All Cause",NA,NA,"AP",235548
"female","60-64","sc_bus_ylls_ap_all_cause_lb",0.21132,"bogota","Bus","L1: All Cause",NA,NA,"AP",189600
"female","65-69","sc_bus_ylls_ap_all_cause_lb",1.11666,"bogota","Bus","L1: All Cause",NA,NA,"AP",141409
"male","15-19","sc_cycle_ylls_ap_all_cause_ub",-10.39148,"bogota","Cycling","L1: All Cause",NA,NA,"AP",282736
"male","20-24","sc_cycle_ylls_ap_all_cause_ub",-28.25341,"bogota","Cycling","L1: All Cause",NA,NA,"AP",357934
"male","25-29","sc_cycle_ylls_ap_all_cause_ub",-35.09235,"bogota","Cycling","L1: All Cause",NA,NA,"AP",360031
"male","30-34","sc_cycle_ylls_ap_all_cause_ub",-26.98218,"bogota","Cycling","L1: All Cause",NA,NA,"AP",321492
"male","35-39","sc_cycle_ylls_ap_all_cause_ub",-28.12765,"bogota","Cycling","L1: All Cause",NA,NA,"AP",289808
"male","40-44","sc_cycle_ylls_ap_all_cause_ub",-13.46909,"bogota","Cycling","L1: All Cause",NA,NA,"AP",244543
"male","45-49","sc_cycle_ylls_ap_all_cause_ub",-14.23197,"bogota","Cycling","L1: All Cause",NA,NA,"AP",215491
"male","50-54","sc_cycle_ylls_ap_all_cause_ub",-11.77174,"bogota","Cycling","L1: All Cause",NA,NA,"AP",209137
"male","55-59","sc_cycle_ylls_ap_all_cause_ub",-11.09363,"bogota","Cycling","L1: All Cause",NA,NA,"AP",187551
"male","60-64","sc_cycle_ylls_ap_all_cause_ub",-15.55278,"bogota","Cycling","L1: All Cause",NA,NA,"AP",146500
"male","65-69","sc_cycle_ylls_ap_all_cause_ub",-12.49886,"bogota","Cycling","L1: All Cause",NA,NA,"AP",105412
"female","15-19","sc_cycle_ylls_ap_all_cause_ub",-3.54132,"bogota","Cycling","L1: All Cause",NA,NA,"AP",279280
"female","20-24","sc_cycle_ylls_ap_all_cause_ub",-7.71639,"bogota","Cycling","L1: All Cause",NA,NA,"AP",360197
"female","25-29","sc_cycle_ylls_ap_all_cause_ub",-8.22518,"bogota","Cycling","L1: All Cause",NA,NA,"AP",364423
"female","30-34","sc_cycle_ylls_ap_all_cause_ub",-6.61033,"bogota","Cycling","L1: All Cause",NA,NA,"AP",330341
"female","35-39","sc_cycle_ylls_ap_all_cause_ub",-10.12239,"bogota","Cycling","L1: All Cause",NA,NA,"AP",309304
"female","40-44","sc_cycle_ylls_ap_all_cause_ub",-11.6933,"bogota","Cycling","L1: All Cause",NA,NA,"AP",275440
"female","45-49","sc_cycle_ylls_ap_all_cause_ub",-5.67566,"bogota","Cycling","L1: All Cause",NA,NA,"AP",254843
"female","50-54","sc_cycle_ylls_ap_all_cause_ub",-5.70489,"bogota","Cycling","L1: All Cause",NA,NA,"AP",256059
"female","55-59","sc_cycle_ylls_ap_all_cause_ub",-4.11663,"bogota","Cycling","L1: All Cause",NA,NA,"AP",235548
"female","60-64","sc_cycle_ylls_ap_all_cause_ub",-3.62512,"bogota","Cycling","L1: All Cause",NA,NA,"AP",189600
"female","65-69","sc_cycle_ylls_ap_all_cause_ub",-5.61292,"bogota","Cycling","L1: All Cause",NA,NA,"AP",141409
"male","15-19","sc_car_ylls_ap_all_cause_ub",-7.60487,"bogota","Car","L1: All Cause",NA,NA,"AP",282736
"male","20-24","sc_car_ylls_ap_all_cause_ub",-25.54495,"bogota","Car","L1: All Cause",NA,NA,"AP",357934
"male","25-29","sc_car_ylls_ap_all_cause_ub",-14.91991,"bogota","Car","L1: All Cause",NA,NA,"AP",360031
"male","30-34","sc_car_ylls_ap_all_cause_ub",-17.31617,"bogota","Car","L1: All Cause",NA,NA,"AP",321492
"male","35-39","sc_car_ylls_ap_all_cause_ub",-13.10318,"bogota","Car","L1: All Cause",NA,NA,"AP",289808
"male","40-44","sc_car_ylls_ap_all_cause_ub",-7.15998,"bogota","Car","L1: All Cause",NA,NA,"AP",244543
"male","45-49","sc_car_ylls_ap_all_cause_ub",-8.1063,"bogota","Car","L1: All Cause",NA,NA,"AP",215491
"male","50-54","sc_car_ylls_ap_all_cause_ub",-7.04594,"bogota","Car","L1: All Cause",NA,NA,"AP",209137
"male","55-59","sc_car_ylls_ap_all_cause_ub",-12.45446,"bogota","Car","L1: All Cause",NA,NA,"AP",187551
"male","60-64","sc_car_ylls_ap_all_cause_ub",-8.36834,"bogota","Car","L1: All Cause",NA,NA,"AP",146500
"male","65-69","sc_car_ylls_ap_all_cause_ub",-15.85767,"bogota","Car","L1: All Cause",NA,NA,"AP",105412
"female","15-19","sc_car_ylls_ap_all_cause_ub",-2.31779,"bogota","Car","L1: All Cause",NA,NA,"AP",279280
"female","20-24","sc_car_ylls_ap_all_cause_ub",-4.40305,"bogota","Car","L1: All Cause",NA,NA,"AP",360197
"female","25-29","sc_car_ylls_ap_all_cause_ub",-4.55401,"bogota","Car","L1: All Cause",NA,NA,"AP",364423
"female","30-34","sc_car_ylls_ap_all_cause_ub",-5.48051,"bogota","Car","L1: All Cause",NA,NA,"AP",330341
"female","35-39","sc_car_ylls_ap_all_cause_ub",-5.40615,"bogota","Car","L1: All Cause",NA,NA,"AP",309304
"female","40-44","sc_car_ylls_ap_all_cause_ub",-3.96031,"bogota","Car","L1: All Cause",NA,NA,"AP",275440
"female","45-49","sc_car_ylls_ap_all_cause_ub",-6.59247,"bogota","Car","L1: All Cause",NA,NA,"AP",254843
"female","50-54","sc_car_ylls_ap_all_cause_ub",-9.40455,"bogota","Car","L1: All Cause",NA,NA,"AP",256059
"female","55-59","sc_car_ylls_ap_all_cause_ub",-8.90759,"bogota","Car","L1: All Cause",NA,NA,"AP",235548
"female","60-64","sc_car_ylls_ap_all_cause_ub",-11.37924,"bogota","Car","L1: All Cause",NA,NA,"AP",189600
"female","65-69","sc_car_ylls_ap_all_cause_ub",-6.70285,"bogota","Car","L1: All Cause",NA,NA,"AP",141409
"male","15-19","sc_bus_ylls_ap_all_cause_ub",6.64336,"bogota","Bus","L1: All Cause",NA,NA,"AP",282736
"male","20-24","sc_bus_ylls_ap_all_cause_ub",18.39785,"bogota","Bus","L1: All Cause",NA,NA,"AP",357934
"male","25-29","sc_bus_ylls_ap_all_cause_ub",26.84956,"bogota","Bus","L1: All Cause",NA,NA,"AP",360031
"male","30-34","sc_bus_ylls_ap_all_cause_ub",14.5655,"bogota","Bus","L1: All Cause",NA,NA,"AP",321492
"male","35-39","sc_bus_ylls_ap_all_cause_ub",20.91988,"bogota","Bus","L1: All Cause",NA,NA,"AP",289808
"male","40-44","sc_bus_ylls_ap_all_cause_ub",16.68312,"bogota","Bus","L1: All Cause",NA,NA,"AP",244543
"male","45-49","sc_bus_ylls_ap_all_cause_ub",13.18784,"bogota","Bus","L1: All Cause",NA,NA,"AP",215491
"male","50-54","sc_bus_ylls_ap_all_cause_ub",13.17642,"bogota","Bus","L1: All Cause",NA,NA,"AP",209137
"male","55-59","sc_bus_ylls_ap_all_cause_ub",14.70737,"bogota","Bus","L1: All Cause",NA,NA,"AP",187551
"male","60-64","sc_bus_ylls_ap_all_cause_ub",13.00786,"bogota","Bus","L1: All Cause",NA,NA,"AP",146500
"male","65-69","sc_bus_ylls_ap_all_cause_ub",9.91243,"bogota","Bus","L1: All Cause",NA,NA,"AP",105412
"female","15-19","sc_bus_ylls_ap_all_cause_ub",0.76073,"bogota","Bus","L1: All Cause",NA,NA,"AP",279280
"female","20-24","sc_bus_ylls_ap_all_cause_ub",0.84044,"bogota","Bus","L1: All Cause",NA,NA,"AP",360197
"female","25-29","sc_bus_ylls_ap_all_cause_ub",1.54388,"bogota","Bus","L1: All Cause",NA,NA,"AP",364423
"female","30-34","sc_bus_ylls_ap_all_cause_ub",3.87373,"bogota","Bus","L1: All Cause",NA,NA,"AP",330341
"female","35-39","sc_bus_ylls_ap_all_cause_ub",4.28787,"bogota","Bus","L1: All Cause",NA,NA,"AP",309304
"female","40-44","sc_bus_ylls_ap_all_cause_ub",2.56293,"bogota","Bus","L1: All Cause",NA,NA,"AP",275440
"female","45-49","sc_bus_ylls_ap_all_cause_ub",1.59764,"bogota","Bus","L1: All Cause",NA,NA,"AP",254843
"female","50-54","sc_bus_ylls_ap_all_cause_ub",1.83562,"bogota","Bus","L1: All Cause",NA,NA,"AP",256059
"female","55-59","sc_bus_ylls_ap_all_cause_ub",4.18915,"bogota","Bus","L1: All Cause",NA,NA,"AP",235548
"female","60-64","sc_bus_ylls_ap_all_cause_ub",0.21132,"bogota","Bus","L1: All Cause",NA,NA,"AP",189600
"female","65-69","sc_bus_ylls_ap_all_cause_ub",1.11666,"bogota","Bus","L1: All Cause",NA,NA,"AP",141409
"male","15-19","sc_cycle_ylls_pa_IHD",0.44746,"bogota","Cycling",NA,NA,"L3: IHD","PA",282736
"male","20-24","sc_cycle_ylls_pa_IHD",1.12466,"bogota","Cycling",NA,NA,"L3: IHD","PA",357934
"male","25-29","sc_cycle_ylls_pa_IHD",4.2746,"bogota","Cycling",NA,NA,"L3: IHD","PA",360031
"male","30-34","sc_cycle_ylls_pa_IHD",7.43709,"bogota","Cycling",NA,NA,"L3: IHD","PA",321492
"male","35-39","sc_cycle_ylls_pa_IHD",15.20729,"bogota","Cycling",NA,NA,"L3: IHD","PA",289808
"male","40-44","sc_cycle_ylls_pa_IHD",11.53219,"bogota","Cycling",NA,NA,"L3: IHD","PA",244543
"male","45-49","sc_cycle_ylls_pa_IHD",23.92738,"bogota","Cycling",NA,NA,"L3: IHD","PA",215491
"male","50-54","sc_cycle_ylls_pa_IHD",30.92722,"bogota","Cycling",NA,NA,"L3: IHD","PA",209137
"male","55-59","sc_cycle_ylls_pa_IHD",33.37579,"bogota","Cycling",NA,NA,"L3: IHD","PA",187551
"male","60-64","sc_cycle_ylls_pa_IHD",40.88942,"bogota","Cycling",NA,NA,"L3: IHD","PA",146500
"male","65-69","sc_cycle_ylls_pa_IHD",64.95256,"bogota","Cycling",NA,NA,"L3: IHD","PA",105412
"female","15-19","sc_cycle_ylls_pa_IHD",0.22655,"bogota","Cycling",NA,NA,"L3: IHD","PA",279280
"female","20-24","sc_cycle_ylls_pa_IHD",0.79387,"bogota","Cycling",NA,NA,"L3: IHD","PA",360197
"female","25-29","sc_cycle_ylls_pa_IHD",0.92127,"bogota","Cycling",NA,NA,"L3: IHD","PA",364423
"female","30-34","sc_cycle_ylls_pa_IHD",2.03588,"bogota","Cycling",NA,NA,"L3: IHD","PA",330341
"female","35-39","sc_cycle_ylls_pa_IHD",3.62408,"bogota","Cycling",NA,NA,"L3: IHD","PA",309304
"female","40-44","sc_cycle_ylls_pa_IHD",5.68543,"bogota","Cycling",NA,NA,"L3: IHD","PA",275440
"female","45-49","sc_cycle_ylls_pa_IHD",8.44097,"bogota","Cycling",NA,NA,"L3: IHD","PA",254843
"female","50-54","sc_cycle_ylls_pa_IHD",11.94074,"bogota","Cycling",NA,NA,"L3: IHD","PA",256059
"female","55-59","sc_cycle_ylls_pa_IHD",14.86926,"bogota","Cycling",NA,NA,"L3: IHD","PA",235548
"female","60-64","sc_cycle_ylls_pa_IHD",19.51855,"bogota","Cycling",NA,NA,"L3: IHD","PA",189600
"female","65-69","sc_cycle_ylls_pa_IHD",34.08189,"bogota","Cycling",NA,NA,"L3: IHD","PA",141409
"male","15-19","sc_car_ylls_pa_IHD",-0.78411,"bogota","Car",NA,NA,"L3: IHD","PA",282736
"male","20-24","sc_car_ylls_pa_IHD",-1.91791,"bogota","Car",NA,NA,"L3: IHD","PA",357934
"male","25-29","sc_car_ylls_pa_IHD",-3.90846,"bogota","Car",NA,NA,"L3: IHD","PA",360031
"male","30-34","sc_car_ylls_pa_IHD",-4.75246,"bogota","Car",NA,NA,"L3: IHD","PA",321492
"male","35-39","sc_car_ylls_pa_IHD",-8.57409,"bogota","Car",NA,NA,"L3: IHD","PA",289808
"male","40-44","sc_car_ylls_pa_IHD",-7.13808,"bogota","Car",NA,NA,"L3: IHD","PA",244543
"male","45-49","sc_car_ylls_pa_IHD",-16.66204,"bogota","Car",NA,NA,"L3: IHD","PA",215491
"male","50-54","sc_car_ylls_pa_IHD",-25.07253,"bogota","Car",NA,NA,"L3: IHD","PA",209137
"male","55-59","sc_car_ylls_pa_IHD",-39.55442,"bogota","Car",NA,NA,"L3: IHD","PA",187551
"male","60-64","sc_car_ylls_pa_IHD",-18.91879,"bogota","Car",NA,NA,"L3: IHD","PA",146500
"male","65-69","sc_car_ylls_pa_IHD",-52.28897,"bogota","Car",NA,NA,"L3: IHD","PA",105412
"female","15-19","sc_car_ylls_pa_IHD",-0.50737,"bogota","Car",NA,NA,"L3: IHD","PA",279280
"female","20-24","sc_car_ylls_pa_IHD",-1.45002,"bogota","Car",NA,NA,"L3: IHD","PA",360197
"female","25-29","sc_car_ylls_pa_IHD",-1.43358,"bogota","Car",NA,NA,"L3: IHD","PA",364423
"female","30-34","sc_car_ylls_pa_IHD",-2.14608,"bogota","Car",NA,NA,"L3: IHD","PA",330341
"female","35-39","sc_car_ylls_pa_IHD",-3.28801,"bogota","Car",NA,NA,"L3: IHD","PA",309304
"female","40-44","sc_car_ylls_pa_IHD",-6.13301,"bogota","Car",NA,NA,"L3: IHD","PA",275440
"female","45-49","sc_car_ylls_pa_IHD",-10.24271,"bogota","Car",NA,NA,"L3: IHD","PA",254843
"female","50-54","sc_car_ylls_pa_IHD",-15.42797,"bogota","Car",NA,NA,"L3: IHD","PA",256059
"female","55-59","sc_car_ylls_pa_IHD",-18.68852,"bogota","Car",NA,NA,"L3: IHD","PA",235548
"female","60-64","sc_car_ylls_pa_IHD",-19.25469,"bogota","Car",NA,NA,"L3: IHD","PA",189600
"female","65-69","sc_car_ylls_pa_IHD",-24.02883,"bogota","Car",NA,NA,"L3: IHD","PA",141409
"male","15-19","sc_bus_ylls_pa_IHD",0.55063,"bogota","Bus",NA,NA,"L3: IHD","PA",282736
"male","20-24","sc_bus_ylls_pa_IHD",2.36556,"bogota","Bus",NA,NA,"L3: IHD","PA",357934
"male","25-29","sc_bus_ylls_pa_IHD",6.73749,"bogota","Bus",NA,NA,"L3: IHD","PA",360031
"male","30-34","sc_bus_ylls_pa_IHD",11.6985,"bogota","Bus",NA,NA,"L3: IHD","PA",321492
"male","35-39","sc_bus_ylls_pa_IHD",26.00909,"bogota","Bus",NA,NA,"L3: IHD","PA",289808
"male","40-44","sc_bus_ylls_pa_IHD",22.23886,"bogota","Bus",NA,NA,"L3: IHD","PA",244543
"male","45-49","sc_bus_ylls_pa_IHD",41.87489,"bogota","Bus",NA,NA,"L3: IHD","PA",215491
"male","50-54","sc_bus_ylls_pa_IHD",57.11516,"bogota","Bus",NA,NA,"L3: IHD","PA",209137
"male","55-59","sc_bus_ylls_pa_IHD",85.70975,"bogota","Bus",NA,NA,"L3: IHD","PA",187551
"male","60-64","sc_bus_ylls_pa_IHD",80.1693,"bogota","Bus",NA,NA,"L3: IHD","PA",146500
"male","65-69","sc_bus_ylls_pa_IHD",93.28587,"bogota","Bus",NA,NA,"L3: IHD","PA",105412
"female","15-19","sc_bus_ylls_pa_IHD",0.40755,"bogota","Bus",NA,NA,"L3: IHD","PA",279280
"female","20-24","sc_bus_ylls_pa_IHD",0.90828,"bogota","Bus",NA,NA,"L3: IHD","PA",360197
"female","25-29","sc_bus_ylls_pa_IHD",1.46254,"bogota","Bus",NA,NA,"L3: IHD","PA",364423
"female","30-34","sc_bus_ylls_pa_IHD",2.58662,"bogota","Bus",NA,NA,"L3: IHD","PA",330341
"female","35-39","sc_bus_ylls_pa_IHD",5.46339,"bogota","Bus",NA,NA,"L3: IHD","PA",309304
"female","40-44","sc_bus_ylls_pa_IHD",8.37651,"bogota","Bus",NA,NA,"L3: IHD","PA",275440
"female","45-49","sc_bus_ylls_pa_IHD",10.93982,"bogota","Bus",NA,NA,"L3: IHD","PA",254843
"female","50-54","sc_bus_ylls_pa_IHD",14.8433,"bogota","Bus",NA,NA,"L3: IHD","PA",256059
"female","55-59","sc_bus_ylls_pa_IHD",26.42692,"bogota","Bus",NA,NA,"L3: IHD","PA",235548
"female","60-64","sc_bus_ylls_pa_IHD",21.89802,"bogota","Bus",NA,NA,"L3: IHD","PA",189600
"female","65-69","sc_bus_ylls_pa_IHD",34.02605,"bogota","Bus",NA,NA,"L3: IHD","PA",141409
"male","15-19","sc_cycle_ylls_pa_IHD_lb",0.57444,"bogota","Cycling",NA,NA,"L3: IHD","PA",282736
"male","20-24","sc_cycle_ylls_pa_IHD_lb",1.44912,"bogota","Cycling",NA,NA,"L3: IHD","PA",357934
"male","25-29","sc_cycle_ylls_pa_IHD_lb",5.56045,"bogota","Cycling",NA,NA,"L3: IHD","PA",360031
"male","30-34","sc_cycle_ylls_pa_IHD_lb",9.74796,"bogota","Cycling",NA,NA,"L3: IHD","PA",321492
"male","35-39","sc_cycle_ylls_pa_IHD_lb",19.70893,"bogota","Cycling",NA,NA,"L3: IHD","PA",289808
"male","40-44","sc_cycle_ylls_pa_IHD_lb",15.14711,"bogota","Cycling",NA,NA,"L3: IHD","PA",244543
"male","45-49","sc_cycle_ylls_pa_IHD_lb",30.60492,"bogota","Cycling",NA,NA,"L3: IHD","PA",215491
"male","50-54","sc_cycle_ylls_pa_IHD_lb",40.68405,"bogota","Cycling",NA,NA,"L3: IHD","PA",209137
"male","55-59","sc_cycle_ylls_pa_IHD_lb",41.96065,"bogota","Cycling",NA,NA,"L3: IHD","PA",187551
"male","60-64","sc_cycle_ylls_pa_IHD_lb",51.88305,"bogota","Cycling",NA,NA,"L3: IHD","PA",146500
"male","65-69","sc_cycle_ylls_pa_IHD_lb",82.76541,"bogota","Cycling",NA,NA,"L3: IHD","PA",105412
"female","15-19","sc_cycle_ylls_pa_IHD_lb",0.28275,"bogota","Cycling",NA,NA,"L3: IHD","PA",279280
"female","20-24","sc_cycle_ylls_pa_IHD_lb",1.00027,"bogota","Cycling",NA,NA,"L3: IHD","PA",360197
"female","25-29","sc_cycle_ylls_pa_IHD_lb",1.13654,"bogota","Cycling",NA,NA,"L3: IHD","PA",364423
"female","30-34","sc_cycle_ylls_pa_IHD_lb",2.61943,"bogota","Cycling",NA,NA,"L3: IHD","PA",330341
"female","35-39","sc_cycle_ylls_pa_IHD_lb",4.60184,"bogota","Cycling",NA,NA,"L3: IHD","PA",309304
"female","40-44","sc_cycle_ylls_pa_IHD_lb",7.29916,"bogota","Cycling",NA,NA,"L3: IHD","PA",275440
"female","45-49","sc_cycle_ylls_pa_IHD_lb",10.89178,"bogota","Cycling",NA,NA,"L3: IHD","PA",254843
"female","50-54","sc_cycle_ylls_pa_IHD_lb",15.25014,"bogota","Cycling",NA,NA,"L3: IHD","PA",256059
"female","55-59","sc_cycle_ylls_pa_IHD_lb",19.22164,"bogota","Cycling",NA,NA,"L3: IHD","PA",235548
"female","60-64","sc_cycle_ylls_pa_IHD_lb",25.51415,"bogota","Cycling",NA,NA,"L3: IHD","PA",189600
"female","65-69","sc_cycle_ylls_pa_IHD_lb",43.03277,"bogota","Cycling",NA,NA,"L3: IHD","PA",141409
"male","15-19","sc_car_ylls_pa_IHD_lb",-1.0387,"bogota","Car",NA,NA,"L3: IHD","PA",282736
"male","20-24","sc_car_ylls_pa_IHD_lb",-2.51826,"bogota","Car",NA,NA,"L3: IHD","PA",357934
"male","25-29","sc_car_ylls_pa_IHD_lb",-5.22194,"bogota","Car",NA,NA,"L3: IHD","PA",360031
"male","30-34","sc_car_ylls_pa_IHD_lb",-6.27833,"bogota","Car",NA,NA,"L3: IHD","PA",321492
"male","35-39","sc_car_ylls_pa_IHD_lb",-11.24158,"bogota","Car",NA,NA,"L3: IHD","PA",289808
"male","40-44","sc_car_ylls_pa_IHD_lb",-9.29127,"bogota","Car",NA,NA,"L3: IHD","PA",244543
"male","45-49","sc_car_ylls_pa_IHD_lb",-22.08204,"bogota","Car",NA,NA,"L3: IHD","PA",215491
"male","50-54","sc_car_ylls_pa_IHD_lb",-33.02966,"bogota","Car",NA,NA,"L3: IHD","PA",209137
"male","55-59","sc_car_ylls_pa_IHD_lb",-51.55444,"bogota","Car",NA,NA,"L3: IHD","PA",187551
"male","60-64","sc_car_ylls_pa_IHD_lb",-23.64283,"bogota","Car",NA,NA,"L3: IHD","PA",146500
"male","65-69","sc_car_ylls_pa_IHD_lb",-67.23097,"bogota","Car",NA,NA,"L3: IHD","PA",105412
"female","15-19","sc_car_ylls_pa_IHD_lb",-0.6694,"bogota","Car",NA,NA,"L3: IHD","PA",279280
"female","20-24","sc_car_ylls_pa_IHD_lb",-1.90053,"bogota","Car",NA,NA,"L3: IHD","PA",360197
"female","25-29","sc_car_ylls_pa_IHD_lb",-1.84142,"bogota","Car",NA,NA,"L3: IHD","PA",364423
"female","30-34","sc_car_ylls_pa_IHD_lb",-2.79198,"bogota","Car",NA,NA,"L3: IHD","PA",330341
"female","35-39","sc_car_ylls_pa_IHD_lb",-4.2703,"bogota","Car",NA,NA,"L3: IHD","PA",309304
"female","40-44","sc_car_ylls_pa_IHD_lb",-8.06906,"bogota","Car",NA,NA,"L3: IHD","PA",275440
"female","45-49","sc_car_ylls_pa_IHD_lb",-13.27706,"bogota","Car",NA,NA,"L3: IHD","PA",254843
"female","50-54","sc_car_ylls_pa_IHD_lb",-19.98271,"bogota","Car",NA,NA,"L3: IHD","PA",256059
"female","55-59","sc_car_ylls_pa_IHD_lb",-24.09553,"bogota","Car",NA,NA,"L3: IHD","PA",235548
"female","60-64","sc_car_ylls_pa_IHD_lb",-24.43828,"bogota","Car",NA,NA,"L3: IHD","PA",189600
"female","65-69","sc_car_ylls_pa_IHD_lb",-30.48919,"bogota","Car",NA,NA,"L3: IHD","PA",141409
"male","15-19","sc_bus_ylls_pa_IHD_lb",0.78075,"bogota","Bus",NA,NA,"L3: IHD","PA",282736
"male","20-24","sc_bus_ylls_pa_IHD_lb",3.32431,"bogota","Bus",NA,NA,"L3: IHD","PA",357934
"male","25-29","sc_bus_ylls_pa_IHD_lb",9.38067,"bogota","Bus",NA,NA,"L3: IHD","PA",360031
"male","30-34","sc_bus_ylls_pa_IHD_lb",16.27498,"bogota","Bus",NA,NA,"L3: IHD","PA",321492
"male","35-39","sc_bus_ylls_pa_IHD_lb",36.17325,"bogota","Bus",NA,NA,"L3: IHD","PA",289808
"male","40-44","sc_bus_ylls_pa_IHD_lb",30.89169,"bogota","Bus",NA,NA,"L3: IHD","PA",244543
"male","45-49","sc_bus_ylls_pa_IHD_lb",57.62087,"bogota","Bus",NA,NA,"L3: IHD","PA",215491
"male","50-54","sc_bus_ylls_pa_IHD_lb",79.19374,"bogota","Bus",NA,NA,"L3: IHD","PA",209137
"male","55-59","sc_bus_ylls_pa_IHD_lb",119.39762,"bogota","Bus",NA,NA,"L3: IHD","PA",187551
"male","60-64","sc_bus_ylls_pa_IHD_lb",111.23749,"bogota","Bus",NA,NA,"L3: IHD","PA",146500
"male","65-69","sc_bus_ylls_pa_IHD_lb",127.95317,"bogota","Bus",NA,NA,"L3: IHD","PA",105412
"female","15-19","sc_bus_ylls_pa_IHD_lb",0.57002,"bogota","Bus",NA,NA,"L3: IHD","PA",279280
"female","20-24","sc_bus_ylls_pa_IHD_lb",1.27554,"bogota","Bus",NA,NA,"L3: IHD","PA",360197
"female","25-29","sc_bus_ylls_pa_IHD_lb",2.01968,"bogota","Bus",NA,NA,"L3: IHD","PA",364423
"female","30-34","sc_bus_ylls_pa_IHD_lb",3.58096,"bogota","Bus",NA,NA,"L3: IHD","PA",330341
"female","35-39","sc_bus_ylls_pa_IHD_lb",7.60366,"bogota","Bus",NA,NA,"L3: IHD","PA",309304
"female","40-44","sc_bus_ylls_pa_IHD_lb",11.69099,"bogota","Bus",NA,NA,"L3: IHD","PA",275440
"female","45-49","sc_bus_ylls_pa_IHD_lb",15.29593,"bogota","Bus",NA,NA,"L3: IHD","PA",254843
"female","50-54","sc_bus_ylls_pa_IHD_lb",20.53484,"bogota","Bus",NA,NA,"L3: IHD","PA",256059
"female","55-59","sc_bus_ylls_pa_IHD_lb",36.6608,"bogota","Bus",NA,NA,"L3: IHD","PA",235548
"female","60-64","sc_bus_ylls_pa_IHD_lb",30.03386,"bogota","Bus",NA,NA,"L3: IHD","PA",189600
"female","65-69","sc_bus_ylls_pa_IHD_lb",46.6621,"bogota","Bus",NA,NA,"L3: IHD","PA",141409
"male","15-19","sc_cycle_ylls_pa_IHD_ub",0.32623,"bogota","Cycling",NA,NA,"L3: IHD","PA",282736
"male","20-24","sc_cycle_ylls_pa_IHD_ub",0.8158,"bogota","Cycling",NA,NA,"L3: IHD","PA",357934
"male","25-29","sc_cycle_ylls_pa_IHD_ub",3.03779,"bogota","Cycling",NA,NA,"L3: IHD","PA",360031
"male","30-34","sc_cycle_ylls_pa_IHD_ub",5.21484,"bogota","Cycling",NA,NA,"L3: IHD","PA",321492
"male","35-39","sc_cycle_ylls_pa_IHD_ub",10.78669,"bogota","Cycling",NA,NA,"L3: IHD","PA",289808
"male","40-44","sc_cycle_ylls_pa_IHD_ub",8.04406,"bogota","Cycling",NA,NA,"L3: IHD","PA",244543
"male","45-49","sc_cycle_ylls_pa_IHD_ub",17.32767,"bogota","Cycling",NA,NA,"L3: IHD","PA",215491
"male","50-54","sc_cycle_ylls_pa_IHD_ub",21.53771,"bogota","Cycling",NA,NA,"L3: IHD","PA",209137
"male","55-59","sc_cycle_ylls_pa_IHD_ub",24.80595,"bogota","Cycling",NA,NA,"L3: IHD","PA",187551
"male","60-64","sc_cycle_ylls_pa_IHD_ub",29.97654,"bogota","Cycling",NA,NA,"L3: IHD","PA",146500
"male","65-69","sc_cycle_ylls_pa_IHD_ub",46.81242,"bogota","Cycling",NA,NA,"L3: IHD","PA",105412
"female","15-19","sc_cycle_ylls_pa_IHD_ub",0.17129,"bogota","Cycling",NA,NA,"L3: IHD","PA",279280
"female","20-24","sc_cycle_ylls_pa_IHD_ub",0.59144,"bogota","Cycling",NA,NA,"L3: IHD","PA",360197
"female","25-29","sc_cycle_ylls_pa_IHD_ub",0.70842,"bogota","Cycling",NA,NA,"L3: IHD","PA",364423
"female","30-34","sc_cycle_ylls_pa_IHD_ub",1.46813,"bogota","Cycling",NA,NA,"L3: IHD","PA",330341
"female","35-39","sc_cycle_ylls_pa_IHD_ub",2.66139,"bogota","Cycling",NA,NA,"L3: IHD","PA",309304
"female","40-44","sc_cycle_ylls_pa_IHD_ub",4.10411,"bogota","Cycling",NA,NA,"L3: IHD","PA",275440
"female","45-49","sc_cycle_ylls_pa_IHD_ub",6.05586,"bogota","Cycling",NA,NA,"L3: IHD","PA",254843
"female","50-54","sc_cycle_ylls_pa_IHD_ub",8.68661,"bogota","Cycling",NA,NA,"L3: IHD","PA",256059
"female","55-59","sc_cycle_ylls_pa_IHD_ub",10.64882,"bogota","Cycling",NA,NA,"L3: IHD","PA",235548
"female","60-64","sc_cycle_ylls_pa_IHD_ub",13.68467,"bogota","Cycling",NA,NA,"L3: IHD","PA",189600
"female","65-69","sc_cycle_ylls_pa_IHD_ub",24.91596,"bogota","Cycling",NA,NA,"L3: IHD","PA",141409
"male","15-19","sc_car_ylls_pa_IHD_ub",-0.54294,"bogota","Car",NA,NA,"L3: IHD","PA",282736
"male","20-24","sc_car_ylls_pa_IHD_ub",-1.3416,"bogota","Car",NA,NA,"L3: IHD","PA",357934
"male","25-29","sc_car_ylls_pa_IHD_ub",-2.65808,"bogota","Car",NA,NA,"L3: IHD","PA",360031
"male","30-34","sc_car_ylls_pa_IHD_ub",-3.27311,"bogota","Car",NA,NA,"L3: IHD","PA",321492
"male","35-39","sc_car_ylls_pa_IHD_ub",-5.93305,"bogota","Car",NA,NA,"L3: IHD","PA",289808
"male","40-44","sc_car_ylls_pa_IHD_ub",-5.03137,"bogota","Car",NA,NA,"L3: IHD","PA",244543
"male","45-49","sc_car_ylls_pa_IHD_ub",-11.35445,"bogota","Car",NA,NA,"L3: IHD","PA",215491
"male","50-54","sc_car_ylls_pa_IHD_ub",-17.33445,"bogota","Car",NA,NA,"L3: IHD","PA",209137
"male","55-59","sc_car_ylls_pa_IHD_ub",-27.70236,"bogota","Car",NA,NA,"L3: IHD","PA",187551
"male","60-64","sc_car_ylls_pa_IHD_ub",-14.04877,"bogota","Car",NA,NA,"L3: IHD","PA",146500
"male","65-69","sc_car_ylls_pa_IHD_ub",-37.03765,"bogota","Car",NA,NA,"L3: IHD","PA",105412
"female","15-19","sc_car_ylls_pa_IHD_ub",-0.35026,"bogota","Car",NA,NA,"L3: IHD","PA",279280
"female","20-24","sc_car_ylls_pa_IHD_ub",-1.01316,"bogota","Car",NA,NA,"L3: IHD","PA",360197
"female","25-29","sc_car_ylls_pa_IHD_ub",-1.0355,"bogota","Car",NA,NA,"L3: IHD","PA",364423
"female","30-34","sc_car_ylls_pa_IHD_ub",-1.51355,"bogota","Car",NA,NA,"L3: IHD","PA",330341
"female","35-39","sc_car_ylls_pa_IHD_ub",-2.32102,"bogota","Car",NA,NA,"L3: IHD","PA",309304
"female","40-44","sc_car_ylls_pa_IHD_ub",-4.24257,"bogota","Car",NA,NA,"L3: IHD","PA",275440
"female","45-49","sc_car_ylls_pa_IHD_ub",-7.229,"bogota","Car",NA,NA,"L3: IHD","PA",254843
"female","50-54","sc_car_ylls_pa_IHD_ub",-10.94648,"bogota","Car",NA,NA,"L3: IHD","PA",256059
"female","55-59","sc_car_ylls_pa_IHD_ub",-13.33334,"bogota","Car",NA,NA,"L3: IHD","PA",235548
"female","60-64","sc_car_ylls_pa_IHD_ub",-14.00533,"bogota","Car",NA,NA,"L3: IHD","PA",189600
"female","65-69","sc_car_ylls_pa_IHD_ub",-17.32261,"bogota","Car",NA,NA,"L3: IHD","PA",141409
"male","15-19","sc_bus_ylls_pa_IHD_ub",0.33795,"bogota","Bus",NA,NA,"L3: IHD","PA",282736
"male","20-24","sc_bus_ylls_pa_IHD_ub",1.47759,"bogota","Bus",NA,NA,"L3: IHD","PA",357934
"male","25-29","sc_bus_ylls_pa_IHD_ub",4.2541,"bogota","Bus",NA,NA,"L3: IHD","PA",360031
"male","30-34","sc_bus_ylls_pa_IHD_ub",7.38371,"bogota","Bus",NA,NA,"L3: IHD","PA",321492
"male","35-39","sc_bus_ylls_pa_IHD_ub",16.31261,"bogota","Bus",NA,NA,"L3: IHD","PA",289808
"male","40-44","sc_bus_ylls_pa_IHD_ub",14.00781,"bogota","Bus",NA,NA,"L3: IHD","PA",244543
"male","45-49","sc_bus_ylls_pa_IHD_ub",26.67442,"bogota","Bus",NA,NA,"L3: IHD","PA",215491
"male","50-54","sc_bus_ylls_pa_IHD_ub",36.17677,"bogota","Bus",NA,NA,"L3: IHD","PA",209137
"male","55-59","sc_bus_ylls_pa_IHD_ub",53.61847,"bogota","Bus",NA,NA,"L3: IHD","PA",187551
"male","60-64","sc_bus_ylls_pa_IHD_ub",50.54377,"bogota","Bus",NA,NA,"L3: IHD","PA",146500
"male","65-69","sc_bus_ylls_pa_IHD_ub",59.07233,"bogota","Bus",NA,NA,"L3: IHD","PA",105412
"female","15-19","sc_bus_ylls_pa_IHD_ub",0.25461,"bogota","Bus",NA,NA,"L3: IHD","PA",279280
"female","20-24","sc_bus_ylls_pa_IHD_ub",0.56263,"bogota","Bus",NA,NA,"L3: IHD","PA",360197
"female","25-29","sc_bus_ylls_pa_IHD_ub",0.93496,"bogota","Bus",NA,NA,"L3: IHD","PA",364423
"female","30-34","sc_bus_ylls_pa_IHD_ub",1.63673,"bogota","Bus",NA,NA,"L3: IHD","PA",330341
"female","35-39","sc_bus_ylls_pa_IHD_ub",3.43492,"bogota","Bus",NA,NA,"L3: IHD","PA",309304
"female","40-44","sc_bus_ylls_pa_IHD_ub",5.24177,"bogota","Bus",NA,NA,"L3: IHD","PA",275440
"female","45-49","sc_bus_ylls_pa_IHD_ub",6.82209,"bogota","Bus",NA,NA,"L3: IHD","PA",254843
"female","50-54","sc_bus_ylls_pa_IHD_ub",9.39885,"bogota","Bus",NA,NA,"L3: IHD","PA",256059
"female","55-59","sc_bus_ylls_pa_IHD_ub",16.69824,"bogota","Bus",NA,NA,"L3: IHD","PA",235548
"female","60-64","sc_bus_ylls_pa_IHD_ub",14.04198,"bogota","Bus",NA,NA,"L3: IHD","PA",189600
"female","65-69","sc_bus_ylls_pa_IHD_ub",21.51555,"bogota","Bus",NA,NA,"L3: IHD","PA",141409
"male","15-19","sc_cycle_ylls_ap_IHD",0,"bogota","Cycling",NA,NA,"L3: IHD","AP",282736
"male","20-24","sc_cycle_ylls_ap_IHD",0,"bogota","Cycling",NA,NA,"L3: IHD","AP",357934
"male","25-29","sc_cycle_ylls_ap_IHD",-0.9432,"bogota","Cycling",NA,NA,"L3: IHD","AP",360031
"male","30-34","sc_cycle_ylls_ap_IHD",-1.37112,"bogota","Cycling",NA,NA,"L3: IHD","AP",321492
"male","35-39","sc_cycle_ylls_ap_IHD",-2.45116,"bogota","Cycling",NA,NA,"L3: IHD","AP",289808
"male","40-44","sc_cycle_ylls_ap_IHD",-1.81862,"bogota","Cycling",NA,NA,"L3: IHD","AP",244543
"male","45-49","sc_cycle_ylls_ap_IHD",-2.90465,"bogota","Cycling",NA,NA,"L3: IHD","AP",215491
"male","50-54","sc_cycle_ylls_ap_IHD",-3.03688,"bogota","Cycling",NA,NA,"L3: IHD","AP",209137
"male","55-59","sc_cycle_ylls_ap_IHD",-3.09894,"bogota","Cycling",NA,NA,"L3: IHD","AP",187551
"male","60-64","sc_cycle_ylls_ap_IHD",-4.38858,"bogota","Cycling",NA,NA,"L3: IHD","AP",146500
"male","65-69","sc_cycle_ylls_ap_IHD",-3.22784,"bogota","Cycling",NA,NA,"L3: IHD","AP",105412
"female","15-19","sc_cycle_ylls_ap_IHD",0,"bogota","Cycling",NA,NA,"L3: IHD","AP",279280
"female","20-24","sc_cycle_ylls_ap_IHD",0,"bogota","Cycling",NA,NA,"L3: IHD","AP",360197
"female","25-29","sc_cycle_ylls_ap_IHD",-0.41192,"bogota","Cycling",NA,NA,"L3: IHD","AP",364423
"female","30-34","sc_cycle_ylls_ap_IHD",-0.40725,"bogota","Cycling",NA,NA,"L3: IHD","AP",330341
"female","35-39","sc_cycle_ylls_ap_IHD",-0.87904,"bogota","Cycling",NA,NA,"L3: IHD","AP",309304
"female","40-44","sc_cycle_ylls_ap_IHD",-1.45273,"bogota","Cycling",NA,NA,"L3: IHD","AP",275440
"female","45-49","sc_cycle_ylls_ap_IHD",-0.86889,"bogota","Cycling",NA,NA,"L3: IHD","AP",254843
"female","50-54","sc_cycle_ylls_ap_IHD",-0.98263,"bogota","Cycling",NA,NA,"L3: IHD","AP",256059
"female","55-59","sc_cycle_ylls_ap_IHD",-0.76179,"bogota","Cycling",NA,NA,"L3: IHD","AP",235548
"female","60-64","sc_cycle_ylls_ap_IHD",-0.66342,"bogota","Cycling",NA,NA,"L3: IHD","AP",189600
"female","65-69","sc_cycle_ylls_ap_IHD",-1.10623,"bogota","Cycling",NA,NA,"L3: IHD","AP",141409
"male","15-19","sc_car_ylls_ap_IHD",0,"bogota","Car",NA,NA,"L3: IHD","AP",282736
"male","20-24","sc_car_ylls_ap_IHD",0,"bogota","Car",NA,NA,"L3: IHD","AP",357934
"male","25-29","sc_car_ylls_ap_IHD",-0.44618,"bogota","Car",NA,NA,"L3: IHD","AP",360031
"male","30-34","sc_car_ylls_ap_IHD",-0.93076,"bogota","Car",NA,NA,"L3: IHD","AP",321492
"male","35-39","sc_car_ylls_ap_IHD",-1.1771,"bogota","Car",NA,NA,"L3: IHD","AP",289808
"male","40-44","sc_car_ylls_ap_IHD",-1.04711,"bogota","Car",NA,NA,"L3: IHD","AP",244543
"male","45-49","sc_car_ylls_ap_IHD",-1.76189,"bogota","Car",NA,NA,"L3: IHD","AP",215491
"male","50-54","sc_car_ylls_ap_IHD",-1.92535,"bogota","Car",NA,NA,"L3: IHD","AP",209137
"male","55-59","sc_car_ylls_ap_IHD",-3.7334,"bogota","Car",NA,NA,"L3: IHD","AP",187551
"male","60-64","sc_car_ylls_ap_IHD",-2.60551,"bogota","Car",NA,NA,"L3: IHD","AP",146500
"male","65-69","sc_car_ylls_ap_IHD",-4.47368,"bogota","Car",NA,NA,"L3: IHD","AP",105412
"female","15-19","sc_car_ylls_ap_IHD",0,"bogota","Car",NA,NA,"L3: IHD","AP",279280
"female","20-24","sc_car_ylls_ap_IHD",0,"bogota","Car",NA,NA,"L3: IHD","AP",360197
"female","25-29","sc_car_ylls_ap_IHD",-0.23858,"bogota","Car",NA,NA,"L3: IHD","AP",364423
"female","30-34","sc_car_ylls_ap_IHD",-0.35316,"bogota","Car",NA,NA,"L3: IHD","AP",330341
"female","35-39","sc_car_ylls_ap_IHD",-0.48925,"bogota","Car",NA,NA,"L3: IHD","AP",309304
"female","40-44","sc_car_ylls_ap_IHD",-0.53013,"bogota","Car",NA,NA,"L3: IHD","AP",275440
"female","45-49","sc_car_ylls_ap_IHD",-1.08147,"bogota","Car",NA,NA,"L3: IHD","AP",254843
"female","50-54","sc_car_ylls_ap_IHD",-1.7549,"bogota","Car",NA,NA,"L3: IHD","AP",256059
"female","55-59","sc_car_ylls_ap_IHD",-1.84489,"bogota","Car",NA,NA,"L3: IHD","AP",235548
"female","60-64","sc_car_ylls_ap_IHD",-2.49079,"bogota","Car",NA,NA,"L3: IHD","AP",189600
"female","65-69","sc_car_ylls_ap_IHD",-1.51839,"bogota","Car",NA,NA,"L3: IHD","AP",141409
"male","15-19","sc_bus_ylls_ap_IHD",0,"bogota","Bus",NA,NA,"L3: IHD","AP",282736
"male","20-24","sc_bus_ylls_ap_IHD",0,"bogota","Bus",NA,NA,"L3: IHD","AP",357934
"male","25-29","sc_bus_ylls_ap_IHD",0.72659,"bogota","Bus",NA,NA,"L3: IHD","AP",360031
"male","30-34","sc_bus_ylls_ap_IHD",0.72601,"bogota","Bus",NA,NA,"L3: IHD","AP",321492
"male","35-39","sc_bus_ylls_ap_IHD",1.78649,"bogota","Bus",NA,NA,"L3: IHD","AP",289808
"male","40-44","sc_bus_ylls_ap_IHD",2.21506,"bogota","Bus",NA,NA,"L3: IHD","AP",244543
"male","45-49","sc_bus_ylls_ap_IHD",2.58282,"bogota","Bus",NA,NA,"L3: IHD","AP",215491
"male","50-54","sc_bus_ylls_ap_IHD",3.41011,"bogota","Bus",NA,NA,"L3: IHD","AP",209137
"male","55-59","sc_bus_ylls_ap_IHD",4.23713,"bogota","Bus",NA,NA,"L3: IHD","AP",187551
"male","60-64","sc_bus_ylls_ap_IHD",3.51409,"bogota","Bus",NA,NA,"L3: IHD","AP",146500
"male","65-69","sc_bus_ylls_ap_IHD",2.58734,"bogota","Bus",NA,NA,"L3: IHD","AP",105412
"female","15-19","sc_bus_ylls_ap_IHD",0,"bogota","Bus",NA,NA,"L3: IHD","AP",279280
"female","20-24","sc_bus_ylls_ap_IHD",0,"bogota","Bus",NA,NA,"L3: IHD","AP",360197
"female","25-29","sc_bus_ylls_ap_IHD",0.06866,"bogota","Bus",NA,NA,"L3: IHD","AP",364423
"female","30-34","sc_bus_ylls_ap_IHD",0.23035,"bogota","Bus",NA,NA,"L3: IHD","AP",330341
"female","35-39","sc_bus_ylls_ap_IHD",0.35247,"bogota","Bus",NA,NA,"L3: IHD","AP",309304
"female","40-44","sc_bus_ylls_ap_IHD",0.29159,"bogota","Bus",NA,NA,"L3: IHD","AP",275440
"female","45-49","sc_bus_ylls_ap_IHD",0.22759,"bogota","Bus",NA,NA,"L3: IHD","AP",254843
"female","50-54","sc_bus_ylls_ap_IHD",0.28438,"bogota","Bus",NA,NA,"L3: IHD","AP",256059
"female","55-59","sc_bus_ylls_ap_IHD",0.77426,"bogota","Bus",NA,NA,"L3: IHD","AP",235548
"female","60-64","sc_bus_ylls_ap_IHD",-0.02596,"bogota","Bus",NA,NA,"L3: IHD","AP",189600
"female","65-69","sc_bus_ylls_ap_IHD",0.15897,"bogota","Bus",NA,NA,"L3: IHD","AP",141409
"male","15-19","sc_cycle_ylls_ap_IHD_lb",0,"bogota","Cycling",NA,NA,"L3: IHD","AP",282736
"male","20-24","sc_cycle_ylls_ap_IHD_lb",0,"bogota","Cycling",NA,NA,"L3: IHD","AP",357934
"male","25-29","sc_cycle_ylls_ap_IHD_lb",-0.9432,"bogota","Cycling",NA,NA,"L3: IHD","AP",360031
"male","30-34","sc_cycle_ylls_ap_IHD_lb",-1.37112,"bogota","Cycling",NA,NA,"L3: IHD","AP",321492
"male","35-39","sc_cycle_ylls_ap_IHD_lb",-2.45116,"bogota","Cycling",NA,NA,"L3: IHD","AP",289808
"male","40-44","sc_cycle_ylls_ap_IHD_lb",-1.81862,"bogota","Cycling",NA,NA,"L3: IHD","AP",244543
"male","45-49","sc_cycle_ylls_ap_IHD_lb",-2.90465,"bogota","Cycling",NA,NA,"L3: IHD","AP",215491
"male","50-54","sc_cycle_ylls_ap_IHD_lb",-3.03688,"bogota","Cycling",NA,NA,"L3: IHD","AP",209137
"male","55-59","sc_cycle_ylls_ap_IHD_lb",-3.09894,"bogota","Cycling",NA,NA,"L3: IHD","AP",187551
"male","60-64","sc_cycle_ylls_ap_IHD_lb",-4.38858,"bogota","Cycling",NA,NA,"L3: IHD","AP",146500
"male","65-69","sc_cycle_ylls_ap_IHD_lb",-3.22784,"bogota","Cycling",NA,NA,"L3: IHD","AP",105412
"female","15-19","sc_cycle_ylls_ap_IHD_lb",0,"bogota","Cycling",NA,NA,"L3: IHD","AP",279280
"female","20-24","sc_cycle_ylls_ap_IHD_lb",0,"bogota","Cycling",NA,NA,"L3: IHD","AP",360197
"female","25-29","sc_cycle_ylls_ap_IHD_lb",-0.41192,"bogota","Cycling",NA,NA,"L3: IHD","AP",364423
"female","30-34","sc_cycle_ylls_ap_IHD_lb",-0.40725,"bogota","Cycling",NA,NA,"L3: IHD","AP",330341
"female","35-39","sc_cycle_ylls_ap_IHD_lb",-0.87904,"bogota","Cycling",NA,NA,"L3: IHD","AP",309304
"female","40-44","sc_cycle_ylls_ap_IHD_lb",-1.45273,"bogota","Cycling",NA,NA,"L3: IHD","AP",275440
"female","45-49","sc_cycle_ylls_ap_IHD_lb",-0.86889,"bogota","Cycling",NA,NA,"L3: IHD","AP",254843
"female","50-54","sc_cycle_ylls_ap_IHD_lb",-0.98263,"bogota","Cycling",NA,NA,"L3: IHD","AP",256059
"female","55-59","sc_cycle_ylls_ap_IHD_lb",-0.76179,"bogota","Cycling",NA,NA,"L3: IHD","AP",235548
"female","60-64","sc_cycle_ylls_ap_IHD_lb",-0.66342,"bogota","Cycling",NA,NA,"L3: IHD","AP",189600
"female","65-69","sc_cycle_ylls_ap_IHD_lb",-1.10623,"bogota","Cycling",NA,NA,"L3: IHD","AP",141409
"male","15-19","sc_car_ylls_ap_IHD_lb",0,"bogota","Car",NA,NA,"L3: IHD","AP",282736
"male","20-24","sc_car_ylls_ap_IHD_lb",0,"bogota","Car",NA,NA,"L3: IHD","AP",357934
"male","25-29","sc_car_ylls_ap_IHD_lb",-0.44618,"bogota","Car",NA,NA,"L3: IHD","AP",360031
"male","30-34","sc_car_ylls_ap_IHD_lb",-0.93076,"bogota","Car",NA,NA,"L3: IHD","AP",321492
"male","35-39","sc_car_ylls_ap_IHD_lb",-1.1771,"bogota","Car",NA,NA,"L3: IHD","AP",289808
"male","40-44","sc_car_ylls_ap_IHD_lb",-1.04711,"bogota","Car",NA,NA,"L3: IHD","AP",244543
"male","45-49","sc_car_ylls_ap_IHD_lb",-1.76189,"bogota","Car",NA,NA,"L3: IHD","AP",215491
"male","50-54","sc_car_ylls_ap_IHD_lb",-1.92535,"bogota","Car",NA,NA,"L3: IHD","AP",209137
"male","55-59","sc_car_ylls_ap_IHD_lb",-3.7334,"bogota","Car",NA,NA,"L3: IHD","AP",187551
"male","60-64","sc_car_ylls_ap_IHD_lb",-2.60551,"bogota","Car",NA,NA,"L3: IHD","AP",146500
"male","65-69","sc_car_ylls_ap_IHD_lb",-4.47368,"bogota","Car",NA,NA,"L3: IHD","AP",105412
"female","15-19","sc_car_ylls_ap_IHD_lb",0,"bogota","Car",NA,NA,"L3: IHD","AP",279280
"female","20-24","sc_car_ylls_ap_IHD_lb",0,"bogota","Car",NA,NA,"L3: IHD","AP",360197
"female","25-29","sc_car_ylls_ap_IHD_lb",-0.23858,"bogota","Car",NA,NA,"L3: IHD","AP",364423
"female","30-34","sc_car_ylls_ap_IHD_lb",-0.35316,"bogota","Car",NA,NA,"L3: IHD","AP",330341
"female","35-39","sc_car_ylls_ap_IHD_lb",-0.48925,"bogota","Car",NA,NA,"L3: IHD","AP",309304
"female","40-44","sc_car_ylls_ap_IHD_lb",-0.53013,"bogota","Car",NA,NA,"L3: IHD","AP",275440
"female","45-49","sc_car_ylls_ap_IHD_lb",-1.08147,"bogota","Car",NA,NA,"L3: IHD","AP",254843
"female","50-54","sc_car_ylls_ap_IHD_lb",-1.7549,"bogota","Car",NA,NA,"L3: IHD","AP",256059
"female","55-59","sc_car_ylls_ap_IHD_lb",-1.84489,"bogota","Car",NA,NA,"L3: IHD","AP",235548
"female","60-64","sc_car_ylls_ap_IHD_lb",-2.49079,"bogota","Car",NA,NA,"L3: IHD","AP",189600
"female","65-69","sc_car_ylls_ap_IHD_lb",-1.51839,"bogota","Car",NA,NA,"L3: IHD","AP",141409
"male","15-19","sc_bus_ylls_ap_IHD_lb",0,"bogota","Bus",NA,NA,"L3: IHD","AP",282736
"male","20-24","sc_bus_ylls_ap_IHD_lb",0,"bogota","Bus",NA,NA,"L3: IHD","AP",357934
"male","25-29","sc_bus_ylls_ap_IHD_lb",0.72659,"bogota","Bus",NA,NA,"L3: IHD","AP",360031
"male","30-34","sc_bus_ylls_ap_IHD_lb",0.72601,"bogota","Bus",NA,NA,"L3: IHD","AP",321492
"male","35-39","sc_bus_ylls_ap_IHD_lb",1.78649,"bogota","Bus",NA,NA,"L3: IHD","AP",289808
"male","40-44","sc_bus_ylls_ap_IHD_lb",2.21506,"bogota","Bus",NA,NA,"L3: IHD","AP",244543
"male","45-49","sc_bus_ylls_ap_IHD_lb",2.58282,"bogota","Bus",NA,NA,"L3: IHD","AP",215491
"male","50-54","sc_bus_ylls_ap_IHD_lb",3.41011,"bogota","Bus",NA,NA,"L3: IHD","AP",209137
"male","55-59","sc_bus_ylls_ap_IHD_lb",4.23713,"bogota","Bus",NA,NA,"L3: IHD","AP",187551
"male","60-64","sc_bus_ylls_ap_IHD_lb",3.51409,"bogota","Bus",NA,NA,"L3: IHD","AP",146500
"male","65-69","sc_bus_ylls_ap_IHD_lb",2.58734,"bogota","Bus",NA,NA,"L3: IHD","AP",105412
"female","15-19","sc_bus_ylls_ap_IHD_lb",0,"bogota","Bus",NA,NA,"L3: IHD","AP",279280
"female","20-24","sc_bus_ylls_ap_IHD_lb",0,"bogota","Bus",NA,NA,"L3: IHD","AP",360197
"female","25-29","sc_bus_ylls_ap_IHD_lb",0.06866,"bogota","Bus",NA,NA,"L3: IHD","AP",364423
"female","30-34","sc_bus_ylls_ap_IHD_lb",0.23035,"bogota","Bus",NA,NA,"L3: IHD","AP",330341
"female","35-39","sc_bus_ylls_ap_IHD_lb",0.35247,"bogota","Bus",NA,NA,"L3: IHD","AP",309304
"female","40-44","sc_bus_ylls_ap_IHD_lb",0.29159,"bogota","Bus",NA,NA,"L3: IHD","AP",275440
"female","45-49","sc_bus_ylls_ap_IHD_lb",0.22759,"bogota","Bus",NA,NA,"L3: IHD","AP",254843
"female","50-54","sc_bus_ylls_ap_IHD_lb",0.28438,"bogota","Bus",NA,NA,"L3: IHD","AP",256059
"female","55-59","sc_bus_ylls_ap_IHD_lb",0.77426,"bogota","Bus",NA,NA,"L3: IHD","AP",235548
"female","60-64","sc_bus_ylls_ap_IHD_lb",-0.02596,"bogota","Bus",NA,NA,"L3: IHD","AP",189600
"female","65-69","sc_bus_ylls_ap_IHD_lb",0.15897,"bogota","Bus",NA,NA,"L3: IHD","AP",141409
"male","15-19","sc_cycle_ylls_ap_IHD_ub",0,"bogota","Cycling",NA,NA,"L3: IHD","AP",282736
"male","20-24","sc_cycle_ylls_ap_IHD_ub",0,"bogota","Cycling",NA,NA,"L3: IHD","AP",357934
"male","25-29","sc_cycle_ylls_ap_IHD_ub",-0.9432,"bogota","Cycling",NA,NA,"L3: IHD","AP",360031
"male","30-34","sc_cycle_ylls_ap_IHD_ub",-1.37112,"bogota","Cycling",NA,NA,"L3: IHD","AP",321492
"male","35-39","sc_cycle_ylls_ap_IHD_ub",-2.45116,"bogota","Cycling",NA,NA,"L3: IHD","AP",289808
"male","40-44","sc_cycle_ylls_ap_IHD_ub",-1.81862,"bogota","Cycling",NA,NA,"L3: IHD","AP",244543
"male","45-49","sc_cycle_ylls_ap_IHD_ub",-2.90465,"bogota","Cycling",NA,NA,"L3: IHD","AP",215491
"male","50-54","sc_cycle_ylls_ap_IHD_ub",-3.03688,"bogota","Cycling",NA,NA,"L3: IHD","AP",209137
"male","55-59","sc_cycle_ylls_ap_IHD_ub",-3.09894,"bogota","Cycling",NA,NA,"L3: IHD","AP",187551
"male","60-64","sc_cycle_ylls_ap_IHD_ub",-4.38858,"bogota","Cycling",NA,NA,"L3: IHD","AP",146500
"male","65-69","sc_cycle_ylls_ap_IHD_ub",-3.22784,"bogota","Cycling",NA,NA,"L3: IHD","AP",105412
"female","15-19","sc_cycle_ylls_ap_IHD_ub",0,"bogota","Cycling",NA,NA,"L3: IHD","AP",279280
"female","20-24","sc_cycle_ylls_ap_IHD_ub",0,"bogota","Cycling",NA,NA,"L3: IHD","AP",360197
"female","25-29","sc_cycle_ylls_ap_IHD_ub",-0.41192,"bogota","Cycling",NA,NA,"L3: IHD","AP",364423
"female","30-34","sc_cycle_ylls_ap_IHD_ub",-0.40725,"bogota","Cycling",NA,NA,"L3: IHD","AP",330341
"female","35-39","sc_cycle_ylls_ap_IHD_ub",-0.87904,"bogota","Cycling",NA,NA,"L3: IHD","AP",309304
"female","40-44","sc_cycle_ylls_ap_IHD_ub",-1.45273,"bogota","Cycling",NA,NA,"L3: IHD","AP",275440
"female","45-49","sc_cycle_ylls_ap_IHD_ub",-0.86889,"bogota","Cycling",NA,NA,"L3: IHD","AP",254843
"female","50-54","sc_cycle_ylls_ap_IHD_ub",-0.98263,"bogota","Cycling",NA,NA,"L3: IHD","AP",256059
"female","55-59","sc_cycle_ylls_ap_IHD_ub",-0.76179,"bogota","Cycling",NA,NA,"L3: IHD","AP",235548
"female","60-64","sc_cycle_ylls_ap_IHD_ub",-0.66342,"bogota","Cycling",NA,NA,"L3: IHD","AP",189600
"female","65-69","sc_cycle_ylls_ap_IHD_ub",-1.10623,"bogota","Cycling",NA,NA,"L3: IHD","AP",141409
"male","15-19","sc_car_ylls_ap_IHD_ub",0,"bogota","Car",NA,NA,"L3: IHD","AP",282736
"male","20-24","sc_car_ylls_ap_IHD_ub",0,"bogota","Car",NA,NA,"L3: IHD","AP",357934
"male","25-29","sc_car_ylls_ap_IHD_ub",-0.44618,"bogota","Car",NA,NA,"L3: IHD","AP",360031
"male","30-34","sc_car_ylls_ap_IHD_ub",-0.93076,"bogota","Car",NA,NA,"L3: IHD","AP",321492
"male","35-39","sc_car_ylls_ap_IHD_ub",-1.1771,"bogota","Car",NA,NA,"L3: IHD","AP",289808
"male","40-44","sc_car_ylls_ap_IHD_ub",-1.04711,"bogota","Car",NA,NA,"L3: IHD","AP",244543
"male","45-49","sc_car_ylls_ap_IHD_ub",-1.76189,"bogota","Car",NA,NA,"L3: IHD","AP",215491
"male","50-54","sc_car_ylls_ap_IHD_ub",-1.92535,"bogota","Car",NA,NA,"L3: IHD","AP",209137
"male","55-59","sc_car_ylls_ap_IHD_ub",-3.7334,"bogota","Car",NA,NA,"L3: IHD","AP",187551
"male","60-64","sc_car_ylls_ap_IHD_ub",-2.60551,"bogota","Car",NA,NA,"L3: IHD","AP",146500
"male","65-69","sc_car_ylls_ap_IHD_ub",-4.47368,"bogota","Car",NA,NA,"L3: IHD","AP",105412
"female","15-19","sc_car_ylls_ap_IHD_ub",0,"bogota","Car",NA,NA,"L3: IHD","AP",279280
"female","20-24","sc_car_ylls_ap_IHD_ub",0,"bogota","Car",NA,NA,"L3: IHD","AP",360197
"female","25-29","sc_car_ylls_ap_IHD_ub",-0.23858,"bogota","Car",NA,NA,"L3: IHD","AP",364423
"female","30-34","sc_car_ylls_ap_IHD_ub",-0.35316,"bogota","Car",NA,NA,"L3: IHD","AP",330341
"female","35-39","sc_car_ylls_ap_IHD_ub",-0.48925,"bogota","Car",NA,NA,"L3: IHD","AP",309304
"female","40-44","sc_car_ylls_ap_IHD_ub",-0.53013,"bogota","Car",NA,NA,"L3: IHD","AP",275440
"female","45-49","sc_car_ylls_ap_IHD_ub",-1.08147,"bogota","Car",NA,NA,"L3: IHD","AP",254843
"female","50-54","sc_car_ylls_ap_IHD_ub",-1.7549,"bogota","Car",NA,NA,"L3: IHD","AP",256059
"female","55-59","sc_car_ylls_ap_IHD_ub",-1.84489,"bogota","Car",NA,NA,"L3: IHD","AP",235548
"female","60-64","sc_car_ylls_ap_IHD_ub",-2.49079,"bogota","Car",NA,NA,"L3: IHD","AP",189600
"female","65-69","sc_car_ylls_ap_IHD_ub",-1.51839,"bogota","Car",NA,NA,"L3: IHD","AP",141409
"male","15-19","sc_bus_ylls_ap_IHD_ub",0,"bogota","Bus",NA,NA,"L3: IHD","AP",282736
"male","20-24","sc_bus_ylls_ap_IHD_ub",0,"bogota","Bus",NA,NA,"L3: IHD","AP",357934
"male","25-29","sc_bus_ylls_ap_IHD_ub",0.72659,"bogota","Bus",NA,NA,"L3: IHD","AP",360031
"male","30-34","sc_bus_ylls_ap_IHD_ub",0.72601,"bogota","Bus",NA,NA,"L3: IHD","AP",321492
"male","35-39","sc_bus_ylls_ap_IHD_ub",1.78649,"bogota","Bus",NA,NA,"L3: IHD","AP",289808
"male","40-44","sc_bus_ylls_ap_IHD_ub",2.21506,"bogota","Bus",NA,NA,"L3: IHD","AP",244543
"male","45-49","sc_bus_ylls_ap_IHD_ub",2.58282,"bogota","Bus",NA,NA,"L3: IHD","AP",215491
"male","50-54","sc_bus_ylls_ap_IHD_ub",3.41011,"bogota","Bus",NA,NA,"L3: IHD","AP",209137
"male","55-59","sc_bus_ylls_ap_IHD_ub",4.23713,"bogota","Bus",NA,NA,"L3: IHD","AP",187551
"male","60-64","sc_bus_ylls_ap_IHD_ub",3.51409,"bogota","Bus",NA,NA,"L3: IHD","AP",146500
"male","65-69","sc_bus_ylls_ap_IHD_ub",2.58734,"bogota","Bus",NA,NA,"L3: IHD","AP",105412
"female","15-19","sc_bus_ylls_ap_IHD_ub",0,"bogota","Bus",NA,NA,"L3: IHD","AP",279280
"female","20-24","sc_bus_ylls_ap_IHD_ub",0,"bogota","Bus",NA,NA,"L3: IHD","AP",360197
"female","25-29","sc_bus_ylls_ap_IHD_ub",0.06866,"bogota","Bus",NA,NA,"L3: IHD","AP",364423
"female","30-34","sc_bus_ylls_ap_IHD_ub",0.23035,"bogota","Bus",NA,NA,"L3: IHD","AP",330341
"female","35-39","sc_bus_ylls_ap_IHD_ub",0.35247,"bogota","Bus",NA,NA,"L3: IHD","AP",309304
"female","40-44","sc_bus_ylls_ap_IHD_ub",0.29159,"bogota","Bus",NA,NA,"L3: IHD","AP",275440
"female","45-49","sc_bus_ylls_ap_IHD_ub",0.22759,"bogota","Bus",NA,NA,"L3: IHD","AP",254843
"female","50-54","sc_bus_ylls_ap_IHD_ub",0.28438,"bogota","Bus",NA,NA,"L3: IHD","AP",256059
"female","55-59","sc_bus_ylls_ap_IHD_ub",0.77426,"bogota","Bus",NA,NA,"L3: IHD","AP",235548
"female","60-64","sc_bus_ylls_ap_IHD_ub",-0.02596,"bogota","Bus",NA,NA,"L3: IHD","AP",189600
"female","65-69","sc_bus_ylls_ap_IHD_ub",0.15897,"bogota","Bus",NA,NA,"L3: IHD","AP",141409
"male","15-19","sc_cycle_ylls_pa_total_cancer",2.0631,"bogota","Cycling",NA,"L2: Cancer",NA,"PA",282736
"male","20-24","sc_cycle_ylls_pa_total_cancer",3.2468,"bogota","Cycling",NA,"L2: Cancer",NA,"PA",357934
"male","25-29","sc_cycle_ylls_pa_total_cancer",9.41528,"bogota","Cycling",NA,"L2: Cancer",NA,"PA",360031
"male","30-34","sc_cycle_ylls_pa_total_cancer",10.51044,"bogota","Cycling",NA,"L2: Cancer",NA,"PA",321492
"male","35-39","sc_cycle_ylls_pa_total_cancer",17.82218,"bogota","Cycling",NA,"L2: Cancer",NA,"PA",289808
"male","40-44","sc_cycle_ylls_pa_total_cancer",11.4309,"bogota","Cycling",NA,"L2: Cancer",NA,"PA",244543
"male","45-49","sc_cycle_ylls_pa_total_cancer",21.93591,"bogota","Cycling",NA,"L2: Cancer",NA,"PA",215491
"male","50-54","sc_cycle_ylls_pa_total_cancer",23.60371,"bogota","Cycling",NA,"L2: Cancer",NA,"PA",209137
"male","55-59","sc_cycle_ylls_pa_total_cancer",27.63625,"bogota","Cycling",NA,"L2: Cancer",NA,"PA",187551
"male","60-64","sc_cycle_ylls_pa_total_cancer",32.91346,"bogota","Cycling",NA,"L2: Cancer",NA,"PA",146500
"male","65-69","sc_cycle_ylls_pa_total_cancer",49.20087,"bogota","Cycling",NA,"L2: Cancer",NA,"PA",105412
"female","15-19","sc_cycle_ylls_pa_total_cancer",1.6028,"bogota","Cycling",NA,"L2: Cancer",NA,"PA",279280
"female","20-24","sc_cycle_ylls_pa_total_cancer",3.81418,"bogota","Cycling",NA,"L2: Cancer",NA,"PA",360197
"female","25-29","sc_cycle_ylls_pa_total_cancer",5.40591,"bogota","Cycling",NA,"L2: Cancer",NA,"PA",364423
"female","30-34","sc_cycle_ylls_pa_total_cancer",11.83039,"bogota","Cycling",NA,"L2: Cancer",NA,"PA",330341
"female","35-39","sc_cycle_ylls_pa_total_cancer",19.13258,"bogota","Cycling",NA,"L2: Cancer",NA,"PA",309304
"female","40-44","sc_cycle_ylls_pa_total_cancer",20.88664,"bogota","Cycling",NA,"L2: Cancer",NA,"PA",275440
"female","45-49","sc_cycle_ylls_pa_total_cancer",24.48839,"bogota","Cycling",NA,"L2: Cancer",NA,"PA",254843
"female","50-54","sc_cycle_ylls_pa_total_cancer",28.99447,"bogota","Cycling",NA,"L2: Cancer",NA,"PA",256059
"female","55-59","sc_cycle_ylls_pa_total_cancer",26.96238,"bogota","Cycling",NA,"L2: Cancer",NA,"PA",235548
"female","60-64","sc_cycle_ylls_pa_total_cancer",26.41116,"bogota","Cycling",NA,"L2: Cancer",NA,"PA",189600
"female","65-69","sc_cycle_ylls_pa_total_cancer",40.53924,"bogota","Cycling",NA,"L2: Cancer",NA,"PA",141409
"male","15-19","sc_car_ylls_pa_total_cancer",-3.40316,"bogota","Car",NA,"L2: Cancer",NA,"PA",282736
"male","20-24","sc_car_ylls_pa_total_cancer",-5.71907,"bogota","Car",NA,"L2: Cancer",NA,"PA",357934
"male","25-29","sc_car_ylls_pa_total_cancer",-8.1186,"bogota","Car",NA,"L2: Cancer",NA,"PA",360031
"male","30-34","sc_car_ylls_pa_total_cancer",-6.79604,"bogota","Car",NA,"L2: Cancer",NA,"PA",321492
"male","35-39","sc_car_ylls_pa_total_cancer",-10.00781,"bogota","Car",NA,"L2: Cancer",NA,"PA",289808
"male","40-44","sc_car_ylls_pa_total_cancer",-7.33628,"bogota","Car",NA,"L2: Cancer",NA,"PA",244543
"male","45-49","sc_car_ylls_pa_total_cancer",-13.65214,"bogota","Car",NA,"L2: Cancer",NA,"PA",215491
"male","50-54","sc_car_ylls_pa_total_cancer",-20.01346,"bogota","Car",NA,"L2: Cancer",NA,"PA",209137
"male","55-59","sc_car_ylls_pa_total_cancer",-31.36265,"bogota","Car",NA,"L2: Cancer",NA,"PA",187551
"male","60-64","sc_car_ylls_pa_total_cancer",-16.47495,"bogota","Car",NA,"L2: Cancer",NA,"PA",146500
"male","65-69","sc_car_ylls_pa_total_cancer",-40.49425,"bogota","Car",NA,"L2: Cancer",NA,"PA",105412
"female","15-19","sc_car_ylls_pa_total_cancer",-3.27706,"bogota","Car",NA,"L2: Cancer",NA,"PA",279280
"female","20-24","sc_car_ylls_pa_total_cancer",-6.66586,"bogota","Car",NA,"L2: Cancer",NA,"PA",360197
"female","25-29","sc_car_ylls_pa_total_cancer",-8.21113,"bogota","Car",NA,"L2: Cancer",NA,"PA",364423
"female","30-34","sc_car_ylls_pa_total_cancer",-12.83288,"bogota","Car",NA,"L2: Cancer",NA,"PA",330341
"female","35-39","sc_car_ylls_pa_total_cancer",-16.93349,"bogota","Car",NA,"L2: Cancer",NA,"PA",309304
"female","40-44","sc_car_ylls_pa_total_cancer",-21.81338,"bogota","Car",NA,"L2: Cancer",NA,"PA",275440
"female","45-49","sc_car_ylls_pa_total_cancer",-31.24509,"bogota","Car",NA,"L2: Cancer",NA,"PA",254843
"female","50-54","sc_car_ylls_pa_total_cancer",-38.51795,"bogota","Car",NA,"L2: Cancer",NA,"PA",256059
"female","55-59","sc_car_ylls_pa_total_cancer",-36.34469,"bogota","Car",NA,"L2: Cancer",NA,"PA",235548
"female","60-64","sc_car_ylls_pa_total_cancer",-30.34699,"bogota","Car",NA,"L2: Cancer",NA,"PA",189600
"female","65-69","sc_car_ylls_pa_total_cancer",-29.38102,"bogota","Car",NA,"L2: Cancer",NA,"PA",141409
"male","15-19","sc_bus_ylls_pa_total_cancer",1.78144,"bogota","Bus",NA,"L2: Cancer",NA,"PA",282736
"male","20-24","sc_bus_ylls_pa_total_cancer",5.30227,"bogota","Bus",NA,"L2: Cancer",NA,"PA",357934
"male","25-29","sc_bus_ylls_pa_total_cancer",11.85286,"bogota","Bus",NA,"L2: Cancer",NA,"PA",360031
"male","30-34","sc_bus_ylls_pa_total_cancer",13.38862,"bogota","Bus",NA,"L2: Cancer",NA,"PA",321492
"male","35-39","sc_bus_ylls_pa_total_cancer",23.39496,"bogota","Bus",NA,"L2: Cancer",NA,"PA",289808
"male","40-44","sc_bus_ylls_pa_total_cancer",18.13061,"bogota","Bus",NA,"L2: Cancer",NA,"PA",244543
"male","45-49","sc_bus_ylls_pa_total_cancer",29.95115,"bogota","Bus",NA,"L2: Cancer",NA,"PA",215491
"male","50-54","sc_bus_ylls_pa_total_cancer",35.97285,"bogota","Bus",NA,"L2: Cancer",NA,"PA",209137
"male","55-59","sc_bus_ylls_pa_total_cancer",50.45421,"bogota","Bus",NA,"L2: Cancer",NA,"PA",187551
"male","60-64","sc_bus_ylls_pa_total_cancer",47.1444,"bogota","Bus",NA,"L2: Cancer",NA,"PA",146500
"male","65-69","sc_bus_ylls_pa_total_cancer",53.43172,"bogota","Bus",NA,"L2: Cancer",NA,"PA",105412
"female","15-19","sc_bus_ylls_pa_total_cancer",2.03644,"bogota","Bus",NA,"L2: Cancer",NA,"PA",279280
"female","20-24","sc_bus_ylls_pa_total_cancer",3.11223,"bogota","Bus",NA,"L2: Cancer",NA,"PA",360197
"female","25-29","sc_bus_ylls_pa_total_cancer",6.38642,"bogota","Bus",NA,"L2: Cancer",NA,"PA",364423
"female","30-34","sc_bus_ylls_pa_total_cancer",11.69331,"bogota","Bus",NA,"L2: Cancer",NA,"PA",330341
"female","35-39","sc_bus_ylls_pa_total_cancer",21.142,"bogota","Bus",NA,"L2: Cancer",NA,"PA",309304
"female","40-44","sc_bus_ylls_pa_total_cancer",23.24543,"bogota","Bus",NA,"L2: Cancer",NA,"PA",275440
"female","45-49","sc_bus_ylls_pa_total_cancer",24.80145,"bogota","Bus",NA,"L2: Cancer",NA,"PA",254843
"female","50-54","sc_bus_ylls_pa_total_cancer",28.1591,"bogota","Bus",NA,"L2: Cancer",NA,"PA",256059
"female","55-59","sc_bus_ylls_pa_total_cancer",38.49601,"bogota","Bus",NA,"L2: Cancer",NA,"PA",235548
"female","60-64","sc_bus_ylls_pa_total_cancer",25.77389,"bogota","Bus",NA,"L2: Cancer",NA,"PA",189600
"female","65-69","sc_bus_ylls_pa_total_cancer",29.95615,"bogota","Bus",NA,"L2: Cancer",NA,"PA",141409
"male","15-19","sc_cycle_ylls_pa_total_cancer_lb",2.43648,"bogota","Cycling",NA,"L2: Cancer",NA,"PA",282736
"male","20-24","sc_cycle_ylls_pa_total_cancer_lb",3.80276,"bogota","Cycling",NA,"L2: Cancer",NA,"PA",357934
"male","25-29","sc_cycle_ylls_pa_total_cancer_lb",11.31838,"bogota","Cycling",NA,"L2: Cancer",NA,"PA",360031
"male","30-34","sc_cycle_ylls_pa_total_cancer_lb",12.72997,"bogota","Cycling",NA,"L2: Cancer",NA,"PA",321492
"male","35-39","sc_cycle_ylls_pa_total_cancer_lb",21.52248,"bogota","Cycling",NA,"L2: Cancer",NA,"PA",289808
"male","40-44","sc_cycle_ylls_pa_total_cancer_lb",13.88965,"bogota","Cycling",NA,"L2: Cancer",NA,"PA",244543
"male","45-49","sc_cycle_ylls_pa_total_cancer_lb",26.2337,"bogota","Cycling",NA,"L2: Cancer",NA,"PA",215491
"male","50-54","sc_cycle_ylls_pa_total_cancer_lb",28.72647,"bogota","Cycling",NA,"L2: Cancer",NA,"PA",209137
"male","55-59","sc_cycle_ylls_pa_total_cancer_lb",32.49505,"bogota","Cycling",NA,"L2: Cancer",NA,"PA",187551
"male","60-64","sc_cycle_ylls_pa_total_cancer_lb",38.94169,"bogota","Cycling",NA,"L2: Cancer",NA,"PA",146500
"male","65-69","sc_cycle_ylls_pa_total_cancer_lb",59.2519,"bogota","Cycling",NA,"L2: Cancer",NA,"PA",105412
"female","15-19","sc_cycle_ylls_pa_total_cancer_lb",1.85569,"bogota","Cycling",NA,"L2: Cancer",NA,"PA",279280
"female","20-24","sc_cycle_ylls_pa_total_cancer_lb",4.44207,"bogota","Cycling",NA,"L2: Cancer",NA,"PA",360197
"female","25-29","sc_cycle_ylls_pa_total_cancer_lb",6.18574,"bogota","Cycling",NA,"L2: Cancer",NA,"PA",364423
"female","30-34","sc_cycle_ylls_pa_total_cancer_lb",14.14286,"bogota","Cycling",NA,"L2: Cancer",NA,"PA",330341
"female","35-39","sc_cycle_ylls_pa_total_cancer_lb",22.65954,"bogota","Cycling",NA,"L2: Cancer",NA,"PA",309304
"female","40-44","sc_cycle_ylls_pa_total_cancer_lb",24.79213,"bogota","Cycling",NA,"L2: Cancer",NA,"PA",275440
"female","45-49","sc_cycle_ylls_pa_total_cancer_lb",29.18506,"bogota","Cycling",NA,"L2: Cancer",NA,"PA",254843
"female","50-54","sc_cycle_ylls_pa_total_cancer_lb",34.30709,"bogota","Cycling",NA,"L2: Cancer",NA,"PA",256059
"female","55-59","sc_cycle_ylls_pa_total_cancer_lb",32.08553,"bogota","Cycling",NA,"L2: Cancer",NA,"PA",235548
"female","60-64","sc_cycle_ylls_pa_total_cancer_lb",31.90389,"bogota","Cycling",NA,"L2: Cancer",NA,"PA",189600
"female","65-69","sc_cycle_ylls_pa_total_cancer_lb",48.29521,"bogota","Cycling",NA,"L2: Cancer",NA,"PA",141409
"male","15-19","sc_car_ylls_pa_total_cancer_lb",-4.17712,"bogota","Car",NA,"L2: Cancer",NA,"PA",282736
"male","20-24","sc_car_ylls_pa_total_cancer_lb",-7.03597,"bogota","Car",NA,"L2: Cancer",NA,"PA",357934
"male","25-29","sc_car_ylls_pa_total_cancer_lb",-10.07007,"bogota","Car",NA,"L2: Cancer",NA,"PA",360031
"male","30-34","sc_car_ylls_pa_total_cancer_lb",-8.42879,"bogota","Car",NA,"L2: Cancer",NA,"PA",321492
"male","35-39","sc_car_ylls_pa_total_cancer_lb",-12.42056,"bogota","Car",NA,"L2: Cancer",NA,"PA",289808
"male","40-44","sc_car_ylls_pa_total_cancer_lb",-8.9178,"bogota","Car",NA,"L2: Cancer",NA,"PA",244543
"male","45-49","sc_car_ylls_pa_total_cancer_lb",-16.95663,"bogota","Car",NA,"L2: Cancer",NA,"PA",215491
"male","50-54","sc_car_ylls_pa_total_cancer_lb",-24.84471,"bogota","Car",NA,"L2: Cancer",NA,"PA",209137
"male","55-59","sc_car_ylls_pa_total_cancer_lb",-38.75898,"bogota","Car",NA,"L2: Cancer",NA,"PA",187551
"male","60-64","sc_car_ylls_pa_total_cancer_lb",-19.76196,"bogota","Car",NA,"L2: Cancer",NA,"PA",146500
"male","65-69","sc_car_ylls_pa_total_cancer_lb",-49.92698,"bogota","Car",NA,"L2: Cancer",NA,"PA",105412
"female","15-19","sc_car_ylls_pa_total_cancer_lb",-4.07315,"bogota","Car",NA,"L2: Cancer",NA,"PA",279280
"female","20-24","sc_car_ylls_pa_total_cancer_lb",-8.20291,"bogota","Car",NA,"L2: Cancer",NA,"PA",360197
"female","25-29","sc_car_ylls_pa_total_cancer_lb",-9.95064,"bogota","Car",NA,"L2: Cancer",NA,"PA",364423
"female","30-34","sc_car_ylls_pa_total_cancer_lb",-15.82528,"bogota","Car",NA,"L2: Cancer",NA,"PA",330341
"female","35-39","sc_car_ylls_pa_total_cancer_lb",-20.77858,"bogota","Car",NA,"L2: Cancer",NA,"PA",309304
"female","40-44","sc_car_ylls_pa_total_cancer_lb",-26.89124,"bogota","Car",NA,"L2: Cancer",NA,"PA",275440
"female","45-49","sc_car_ylls_pa_total_cancer_lb",-38.50319,"bogota","Car",NA,"L2: Cancer",NA,"PA",254843
"female","50-54","sc_car_ylls_pa_total_cancer_lb",-47.11864,"bogota","Car",NA,"L2: Cancer",NA,"PA",256059
"female","55-59","sc_car_ylls_pa_total_cancer_lb",-44.36699,"bogota","Car",NA,"L2: Cancer",NA,"PA",235548
"female","60-64","sc_car_ylls_pa_total_cancer_lb",-36.85073,"bogota","Car",NA,"L2: Cancer",NA,"PA",189600
"female","65-69","sc_car_ylls_pa_total_cancer_lb",-35.84201,"bogota","Car",NA,"L2: Cancer",NA,"PA",141409
"male","15-19","sc_bus_ylls_pa_total_cancer_lb",2.34788,"bogota","Bus",NA,"L2: Cancer",NA,"PA",282736
"male","20-24","sc_bus_ylls_pa_total_cancer_lb",6.90759,"bogota","Bus",NA,"L2: Cancer",NA,"PA",357934
"male","25-29","sc_bus_ylls_pa_total_cancer_lb",15.3992,"bogota","Bus",NA,"L2: Cancer",NA,"PA",360031
"male","30-34","sc_bus_ylls_pa_total_cancer_lb",17.37603,"bogota","Bus",NA,"L2: Cancer",NA,"PA",321492
"male","35-39","sc_bus_ylls_pa_total_cancer_lb",30.52519,"bogota","Bus",NA,"L2: Cancer",NA,"PA",289808
"male","40-44","sc_bus_ylls_pa_total_cancer_lb",23.65289,"bogota","Bus",NA,"L2: Cancer",NA,"PA",244543
"male","45-49","sc_bus_ylls_pa_total_cancer_lb",38.92058,"bogota","Bus",NA,"L2: Cancer",NA,"PA",215491
"male","50-54","sc_bus_ylls_pa_total_cancer_lb",46.6338,"bogota","Bus",NA,"L2: Cancer",NA,"PA",209137
"male","55-59","sc_bus_ylls_pa_total_cancer_lb",66.04462,"bogota","Bus",NA,"L2: Cancer",NA,"PA",187551
"male","60-64","sc_bus_ylls_pa_total_cancer_lb",61.17518,"bogota","Bus",NA,"L2: Cancer",NA,"PA",146500
"male","65-69","sc_bus_ylls_pa_total_cancer_lb",69.82561,"bogota","Bus",NA,"L2: Cancer",NA,"PA",105412
"female","15-19","sc_bus_ylls_pa_total_cancer_lb",2.66788,"bogota","Bus",NA,"L2: Cancer",NA,"PA",279280
"female","20-24","sc_bus_ylls_pa_total_cancer_lb",4.09921,"bogota","Bus",NA,"L2: Cancer",NA,"PA",360197
"female","25-29","sc_bus_ylls_pa_total_cancer_lb",8.26516,"bogota","Bus",NA,"L2: Cancer",NA,"PA",364423
"female","30-34","sc_bus_ylls_pa_total_cancer_lb",15.24576,"bogota","Bus",NA,"L2: Cancer",NA,"PA",330341
"female","35-39","sc_bus_ylls_pa_total_cancer_lb",27.5601,"bogota","Bus",NA,"L2: Cancer",NA,"PA",309304
"female","40-44","sc_bus_ylls_pa_total_cancer_lb",30.29984,"bogota","Bus",NA,"L2: Cancer",NA,"PA",275440
"female","45-49","sc_bus_ylls_pa_total_cancer_lb",32.58883,"bogota","Bus",NA,"L2: Cancer",NA,"PA",254843
"female","50-54","sc_bus_ylls_pa_total_cancer_lb",36.64372,"bogota","Bus",NA,"L2: Cancer",NA,"PA",256059
"female","55-59","sc_bus_ylls_pa_total_cancer_lb",50.07488,"bogota","Bus",NA,"L2: Cancer",NA,"PA",235548
"female","60-64","sc_bus_ylls_pa_total_cancer_lb",33.35378,"bogota","Bus",NA,"L2: Cancer",NA,"PA",189600
"female","65-69","sc_bus_ylls_pa_total_cancer_lb",39.20471,"bogota","Bus",NA,"L2: Cancer",NA,"PA",141409
"male","15-19","sc_cycle_ylls_pa_total_cancer_ub",1.69696,"bogota","Cycling",NA,"L2: Cancer",NA,"PA",282736
"male","20-24","sc_cycle_ylls_pa_total_cancer_ub",2.70357,"bogota","Cycling",NA,"L2: Cancer",NA,"PA",357934
"male","25-29","sc_cycle_ylls_pa_total_cancer_ub",7.54335,"bogota","Cycling",NA,"L2: Cancer",NA,"PA",360031
"male","30-34","sc_cycle_ylls_pa_total_cancer_ub",8.3257,"bogota","Cycling",NA,"L2: Cancer",NA,"PA",321492
"male","35-39","sc_cycle_ylls_pa_total_cancer_ub",14.15334,"bogota","Cycling",NA,"L2: Cancer",NA,"PA",289808
"male","40-44","sc_cycle_ylls_pa_total_cancer_ub",9.00869,"bogota","Cycling",NA,"L2: Cancer",NA,"PA",244543
"male","45-49","sc_cycle_ylls_pa_total_cancer_ub",17.65866,"bogota","Cycling",NA,"L2: Cancer",NA,"PA",215491
"male","50-54","sc_cycle_ylls_pa_total_cancer_ub",18.55617,"bogota","Cycling",NA,"L2: Cancer",NA,"PA",209137
"male","55-59","sc_cycle_ylls_pa_total_cancer_ub",22.80143,"bogota","Cycling",NA,"L2: Cancer",NA,"PA",187551
"male","60-64","sc_cycle_ylls_pa_total_cancer_ub",26.92811,"bogota","Cycling",NA,"L2: Cancer",NA,"PA",146500
"male","65-69","sc_cycle_ylls_pa_total_cancer_ub",39.11558,"bogota","Cycling",NA,"L2: Cancer",NA,"PA",105412
"female","15-19","sc_cycle_ylls_pa_total_cancer_ub",1.35271,"bogota","Cycling",NA,"L2: Cancer",NA,"PA",279280
"female","20-24","sc_cycle_ylls_pa_total_cancer_ub",3.19354,"bogota","Cycling",NA,"L2: Cancer",NA,"PA",360197
"female","25-29","sc_cycle_ylls_pa_total_cancer_ub",4.63384,"bogota","Cycling",NA,"L2: Cancer",NA,"PA",364423
"female","30-34","sc_cycle_ylls_pa_total_cancer_ub",9.5452,"bogota","Cycling",NA,"L2: Cancer",NA,"PA",330341
"female","35-39","sc_cycle_ylls_pa_total_cancer_ub",15.63548,"bogota","Cycling",NA,"L2: Cancer",NA,"PA",309304
"female","40-44","sc_cycle_ylls_pa_total_cancer_ub",17.02841,"bogota","Cycling",NA,"L2: Cancer",NA,"PA",275440
"female","45-49","sc_cycle_ylls_pa_total_cancer_ub",19.8531,"bogota","Cycling",NA,"L2: Cancer",NA,"PA",254843
"female","50-54","sc_cycle_ylls_pa_total_cancer_ub",23.73715,"bogota","Cycling",NA,"L2: Cancer",NA,"PA",256059
"female","55-59","sc_cycle_ylls_pa_total_cancer_ub",21.91329,"bogota","Cycling",NA,"L2: Cancer",NA,"PA",235548
"female","60-64","sc_cycle_ylls_pa_total_cancer_ub",20.9901,"bogota","Cycling",NA,"L2: Cancer",NA,"PA",189600
"female","65-69","sc_cycle_ylls_pa_total_cancer_ub",32.74353,"bogota","Cycling",NA,"L2: Cancer",NA,"PA",141409
"male","15-19","sc_car_ylls_pa_total_cancer_ub",-2.64525,"bogota","Car",NA,"L2: Cancer",NA,"PA",282736
"male","20-24","sc_car_ylls_pa_total_cancer_ub",-4.42289,"bogota","Car",NA,"L2: Cancer",NA,"PA",357934
"male","25-29","sc_car_ylls_pa_total_cancer_ub",-6.20268,"bogota","Car",NA,"L2: Cancer",NA,"PA",360031
"male","30-34","sc_car_ylls_pa_total_cancer_ub",-5.18301,"bogota","Car",NA,"L2: Cancer",NA,"PA",321492
"male","35-39","sc_car_ylls_pa_total_cancer_ub",-7.60846,"bogota","Car",NA,"L2: Cancer",NA,"PA",289808
"male","40-44","sc_car_ylls_pa_total_cancer_ub",-5.77241,"bogota","Car",NA,"L2: Cancer",NA,"PA",244543
"male","45-49","sc_car_ylls_pa_total_cancer_ub",-10.37829,"bogota","Car",NA,"L2: Cancer",NA,"PA",215491
"male","50-54","sc_car_ylls_pa_total_cancer_ub",-15.22829,"bogota","Car",NA,"L2: Cancer",NA,"PA",209137
"male","55-59","sc_car_ylls_pa_total_cancer_ub",-24.00013,"bogota","Car",NA,"L2: Cancer",NA,"PA",187551
"male","60-64","sc_car_ylls_pa_total_cancer_ub",-13.18053,"bogota","Car",NA,"L2: Cancer",NA,"PA",146500
"male","65-69","sc_car_ylls_pa_total_cancer_ub",-30.99417,"bogota","Car",NA,"L2: Cancer",NA,"PA",105412
"female","15-19","sc_car_ylls_pa_total_cancer_ub",-2.49106,"bogota","Car",NA,"L2: Cancer",NA,"PA",279280
"female","20-24","sc_car_ylls_pa_total_cancer_ub",-5.14539,"bogota","Car",NA,"L2: Cancer",NA,"PA",360197
"female","25-29","sc_car_ylls_pa_total_cancer_ub",-6.48708,"bogota","Car",NA,"L2: Cancer",NA,"PA",364423
"female","30-34","sc_car_ylls_pa_total_cancer_ub",-9.86255,"bogota","Car",NA,"L2: Cancer",NA,"PA",330341
"female","35-39","sc_car_ylls_pa_total_cancer_ub",-13.11733,"bogota","Car",NA,"L2: Cancer",NA,"PA",309304
"female","40-44","sc_car_ylls_pa_total_cancer_ub",-16.79135,"bogota","Car",NA,"L2: Cancer",NA,"PA",275440
"female","45-49","sc_car_ylls_pa_total_cancer_ub",-24.0298,"bogota","Car",NA,"L2: Cancer",NA,"PA",254843
"female","50-54","sc_car_ylls_pa_total_cancer_ub",-29.96812,"bogota","Car",NA,"L2: Cancer",NA,"PA",256059
"female","55-59","sc_car_ylls_pa_total_cancer_ub",-28.37184,"bogota","Car",NA,"L2: Cancer",NA,"PA",235548
"female","60-64","sc_car_ylls_pa_total_cancer_ub",-23.84322,"bogota","Car",NA,"L2: Cancer",NA,"PA",189600
"female","65-69","sc_car_ylls_pa_total_cancer_ub",-22.85769,"bogota","Car",NA,"L2: Cancer",NA,"PA",141409
"male","15-19","sc_bus_ylls_pa_total_cancer_ub",1.23419,"bogota","Bus",NA,"L2: Cancer",NA,"PA",282736
"male","20-24","sc_bus_ylls_pa_total_cancer_ub",3.74565,"bogota","Bus",NA,"L2: Cancer",NA,"PA",357934
"male","25-29","sc_bus_ylls_pa_total_cancer_ub",8.3947,"bogota","Bus",NA,"L2: Cancer",NA,"PA",360031
"male","30-34","sc_bus_ylls_pa_total_cancer_ub",9.49564,"bogota","Bus",NA,"L2: Cancer",NA,"PA",321492
"male","35-39","sc_bus_ylls_pa_total_cancer_ub",16.40761,"bogota","Bus",NA,"L2: Cancer",NA,"PA",289808
"male","40-44","sc_bus_ylls_pa_total_cancer_ub",12.72597,"bogota","Bus",NA,"L2: Cancer",NA,"PA",244543
"male","45-49","sc_bus_ylls_pa_total_cancer_ub",21.10943,"bogota","Bus",NA,"L2: Cancer",NA,"PA",215491
"male","50-54","sc_bus_ylls_pa_total_cancer_ub",25.54286,"bogota","Bus",NA,"L2: Cancer",NA,"PA",209137
"male","55-59","sc_bus_ylls_pa_total_cancer_ub",35.17818,"bogota","Bus",NA,"L2: Cancer",NA,"PA",187551
"male","60-64","sc_bus_ylls_pa_total_cancer_ub",33.41574,"bogota","Bus",NA,"L2: Cancer",NA,"PA",146500
"male","65-69","sc_bus_ylls_pa_total_cancer_ub",37.18096,"bogota","Bus",NA,"L2: Cancer",NA,"PA",105412
"female","15-19","sc_bus_ylls_pa_total_cancer_ub",1.42095,"bogota","Bus",NA,"L2: Cancer",NA,"PA",279280
"female","20-24","sc_bus_ylls_pa_total_cancer_ub",2.14968,"bogota","Bus",NA,"L2: Cancer",NA,"PA",360197
"female","25-29","sc_bus_ylls_pa_total_cancer_ub",4.5484,"bogota","Bus",NA,"L2: Cancer",NA,"PA",364423
"female","30-34","sc_bus_ylls_pa_total_cancer_ub",8.21464,"bogota","Bus",NA,"L2: Cancer",NA,"PA",330341
"female","35-39","sc_bus_ylls_pa_total_cancer_ub",14.86583,"bogota","Bus",NA,"L2: Cancer",NA,"PA",309304
"female","40-44","sc_bus_ylls_pa_total_cancer_ub",16.35871,"bogota","Bus",NA,"L2: Cancer",NA,"PA",275440
"female","45-49","sc_bus_ylls_pa_total_cancer_ub",17.18069,"bogota","Bus",NA,"L2: Cancer",NA,"PA",254843
"female","50-54","sc_bus_ylls_pa_total_cancer_ub",19.83458,"bogota","Bus",NA,"L2: Cancer",NA,"PA",256059
"female","55-59","sc_bus_ylls_pa_total_cancer_ub",27.16194,"bogota","Bus",NA,"L2: Cancer",NA,"PA",235548
"female","60-64","sc_bus_ylls_pa_total_cancer_ub",18.31249,"bogota","Bus",NA,"L2: Cancer",NA,"PA",189600
"female","65-69","sc_bus_ylls_pa_total_cancer_ub",20.77941,"bogota","Bus",NA,"L2: Cancer",NA,"PA",141409
"male","15-19","sc_cycle_ylls_pa_lung_cancer",0.04697,"bogota","Cycling",NA,NA,"L3: lung_cancer","PA",282736
"male","20-24","sc_cycle_ylls_pa_lung_cancer",0.1023,"bogota","Cycling",NA,NA,"L3: lung_cancer","PA",357934
"male","25-29","sc_cycle_ylls_pa_lung_cancer",0.33806,"bogota","Cycling",NA,NA,"L3: lung_cancer","PA",360031
"male","30-34","sc_cycle_ylls_pa_lung_cancer",0.59311,"bogota","Cycling",NA,NA,"L3: lung_cancer","PA",321492
"male","35-39","sc_cycle_ylls_pa_lung_cancer",1.17377,"bogota","Cycling",NA,NA,"L3: lung_cancer","PA",289808
"male","40-44","sc_cycle_ylls_pa_lung_cancer",0.87811,"bogota","Cycling",NA,NA,"L3: lung_cancer","PA",244543
"male","45-49","sc_cycle_ylls_pa_lung_cancer",2.34302,"bogota","Cycling",NA,NA,"L3: lung_cancer","PA",215491
"male","50-54","sc_cycle_ylls_pa_lung_cancer",3.19893,"bogota","Cycling",NA,NA,"L3: lung_cancer","PA",209137
"male","55-59","sc_cycle_ylls_pa_lung_cancer",4.68119,"bogota","Cycling",NA,NA,"L3: lung_cancer","PA",187551
"male","60-64","sc_cycle_ylls_pa_lung_cancer",6.08705,"bogota","Cycling",NA,NA,"L3: lung_cancer","PA",146500
"male","65-69","sc_cycle_ylls_pa_lung_cancer",8.97777,"bogota","Cycling",NA,NA,"L3: lung_cancer","PA",105412
"female","15-19","sc_cycle_ylls_pa_lung_cancer",0.04154,"bogota","Cycling",NA,NA,"L3: lung_cancer","PA",279280
"female","20-24","sc_cycle_ylls_pa_lung_cancer",0.11545,"bogota","Cycling",NA,NA,"L3: lung_cancer","PA",360197
"female","25-29","sc_cycle_ylls_pa_lung_cancer",0.18255,"bogota","Cycling",NA,NA,"L3: lung_cancer","PA",364423
"female","30-34","sc_cycle_ylls_pa_lung_cancer",0.47322,"bogota","Cycling",NA,NA,"L3: lung_cancer","PA",330341
"female","35-39","sc_cycle_ylls_pa_lung_cancer",0.79823,"bogota","Cycling",NA,NA,"L3: lung_cancer","PA",309304
"female","40-44","sc_cycle_ylls_pa_lung_cancer",1.06954,"bogota","Cycling",NA,NA,"L3: lung_cancer","PA",275440
"female","45-49","sc_cycle_ylls_pa_lung_cancer",1.7211,"bogota","Cycling",NA,NA,"L3: lung_cancer","PA",254843
"female","50-54","sc_cycle_ylls_pa_lung_cancer",2.58767,"bogota","Cycling",NA,NA,"L3: lung_cancer","PA",256059
"female","55-59","sc_cycle_ylls_pa_lung_cancer",2.81298,"bogota","Cycling",NA,NA,"L3: lung_cancer","PA",235548
"female","60-64","sc_cycle_ylls_pa_lung_cancer",3.41943,"bogota","Cycling",NA,NA,"L3: lung_cancer","PA",189600
"female","65-69","sc_cycle_ylls_pa_lung_cancer",5.9277,"bogota","Cycling",NA,NA,"L3: lung_cancer","PA",141409
"male","15-19","sc_car_ylls_pa_lung_cancer",-0.07561,"bogota","Car",NA,NA,"L3: lung_cancer","PA",282736
"male","20-24","sc_car_ylls_pa_lung_cancer",-0.17421,"bogota","Car",NA,NA,"L3: lung_cancer","PA",357934
"male","25-29","sc_car_ylls_pa_lung_cancer",-0.28581,"bogota","Car",NA,NA,"L3: lung_cancer","PA",360031
"male","30-34","sc_car_ylls_pa_lung_cancer",-0.37683,"bogota","Car",NA,NA,"L3: lung_cancer","PA",321492
"male","35-39","sc_car_ylls_pa_lung_cancer",-0.64595,"bogota","Car",NA,NA,"L3: lung_cancer","PA",289808
"male","40-44","sc_car_ylls_pa_lung_cancer",-0.5625,"bogota","Car",NA,NA,"L3: lung_cancer","PA",244543
"male","45-49","sc_car_ylls_pa_lung_cancer",-1.42325,"bogota","Car",NA,NA,"L3: lung_cancer","PA",215491
"male","50-54","sc_car_ylls_pa_lung_cancer",-2.67192,"bogota","Car",NA,NA,"L3: lung_cancer","PA",209137
"male","55-59","sc_car_ylls_pa_lung_cancer",-5.13966,"bogota","Car",NA,NA,"L3: lung_cancer","PA",187551
"male","60-64","sc_car_ylls_pa_lung_cancer",-3.00707,"bogota","Car",NA,NA,"L3: lung_cancer","PA",146500
"male","65-69","sc_car_ylls_pa_lung_cancer",-7.26213,"bogota","Car",NA,NA,"L3: lung_cancer","PA",105412
"female","15-19","sc_car_ylls_pa_lung_cancer",-0.08107,"bogota","Car",NA,NA,"L3: lung_cancer","PA",279280
"female","20-24","sc_car_ylls_pa_lung_cancer",-0.19471,"bogota","Car",NA,NA,"L3: lung_cancer","PA",360197
"female","25-29","sc_car_ylls_pa_lung_cancer",-0.26737,"bogota","Car",NA,NA,"L3: lung_cancer","PA",364423
"female","30-34","sc_car_ylls_pa_lung_cancer",-0.50207,"bogota","Car",NA,NA,"L3: lung_cancer","PA",330341
"female","35-39","sc_car_ylls_pa_lung_cancer",-0.6897,"bogota","Car",NA,NA,"L3: lung_cancer","PA",309304
"female","40-44","sc_car_ylls_pa_lung_cancer",-1.08911,"bogota","Car",NA,NA,"L3: lung_cancer","PA",275440
"female","45-49","sc_car_ylls_pa_lung_cancer",-2.14166,"bogota","Car",NA,NA,"L3: lung_cancer","PA",254843
"female","50-54","sc_car_ylls_pa_lung_cancer",-3.36035,"bogota","Car",NA,NA,"L3: lung_cancer","PA",256059
"female","55-59","sc_car_ylls_pa_lung_cancer",-3.71832,"bogota","Car",NA,NA,"L3: lung_cancer","PA",235548
"female","60-64","sc_car_ylls_pa_lung_cancer",-3.89643,"bogota","Car",NA,NA,"L3: lung_cancer","PA",189600
"female","65-69","sc_car_ylls_pa_lung_cancer",-4.22087,"bogota","Car",NA,NA,"L3: lung_cancer","PA",141409
"male","15-19","sc_bus_ylls_pa_lung_cancer",0.03781,"bogota","Bus",NA,NA,"L3: lung_cancer","PA",282736
"male","20-24","sc_bus_ylls_pa_lung_cancer",0.15604,"bogota","Bus",NA,NA,"L3: lung_cancer","PA",357934
"male","25-29","sc_bus_ylls_pa_lung_cancer",0.40467,"bogota","Bus",NA,NA,"L3: lung_cancer","PA",360031
"male","30-34","sc_bus_ylls_pa_lung_cancer",0.72246,"bogota","Bus",NA,NA,"L3: lung_cancer","PA",321492
"male","35-39","sc_bus_ylls_pa_lung_cancer",1.46693,"bogota","Bus",NA,NA,"L3: lung_cancer","PA",289808
"male","40-44","sc_bus_ylls_pa_lung_cancer",1.32872,"bogota","Bus",NA,NA,"L3: lung_cancer","PA",244543
"male","45-49","sc_bus_ylls_pa_lung_cancer",3.02894,"bogota","Bus",NA,NA,"L3: lung_cancer","PA",215491
"male","50-54","sc_bus_ylls_pa_lung_cancer",4.67808,"bogota","Bus",NA,NA,"L3: lung_cancer","PA",209137
"male","55-59","sc_bus_ylls_pa_lung_cancer",7.98799,"bogota","Bus",NA,NA,"L3: lung_cancer","PA",187551
"male","60-64","sc_bus_ylls_pa_lung_cancer",8.23492,"bogota","Bus",NA,NA,"L3: lung_cancer","PA",146500
"male","65-69","sc_bus_ylls_pa_lung_cancer",9.24934,"bogota","Bus",NA,NA,"L3: lung_cancer","PA",105412
"female","15-19","sc_bus_ylls_pa_lung_cancer",0.04875,"bogota","Bus",NA,NA,"L3: lung_cancer","PA",279280
"female","20-24","sc_bus_ylls_pa_lung_cancer",0.08711,"bogota","Bus",NA,NA,"L3: lung_cancer","PA",360197
"female","25-29","sc_bus_ylls_pa_lung_cancer",0.19938,"bogota","Bus",NA,NA,"L3: lung_cancer","PA",364423
"female","30-34","sc_bus_ylls_pa_lung_cancer",0.44145,"bogota","Bus",NA,NA,"L3: lung_cancer","PA",330341
"female","35-39","sc_bus_ylls_pa_lung_cancer",0.83008,"bogota","Bus",NA,NA,"L3: lung_cancer","PA",309304
"female","40-44","sc_bus_ylls_pa_lung_cancer",1.12271,"bogota","Bus",NA,NA,"L3: lung_cancer","PA",275440
"female","45-49","sc_bus_ylls_pa_lung_cancer",1.63569,"bogota","Bus",NA,NA,"L3: lung_cancer","PA",254843
"female","50-54","sc_bus_ylls_pa_lung_cancer",2.36238,"bogota","Bus",NA,NA,"L3: lung_cancer","PA",256059
"female","55-59","sc_bus_ylls_pa_lung_cancer",3.789,"bogota","Bus",NA,NA,"L3: lung_cancer","PA",235548
"female","60-64","sc_bus_ylls_pa_lung_cancer",3.18303,"bogota","Bus",NA,NA,"L3: lung_cancer","PA",189600
"female","65-69","sc_bus_ylls_pa_lung_cancer",4.12211,"bogota","Bus",NA,NA,"L3: lung_cancer","PA",141409
"male","15-19","sc_cycle_ylls_pa_lung_cancer_lb",0.08303,"bogota","Cycling",NA,NA,"L3: lung_cancer","PA",282736
"male","20-24","sc_cycle_ylls_pa_lung_cancer_lb",0.17922,"bogota","Cycling",NA,NA,"L3: lung_cancer","PA",357934
"male","25-29","sc_cycle_ylls_pa_lung_cancer_lb",0.60528,"bogota","Cycling",NA,NA,"L3: lung_cancer","PA",360031
"male","30-34","sc_cycle_ylls_pa_lung_cancer_lb",1.06749,"bogota","Cycling",NA,NA,"L3: lung_cancer","PA",321492
"male","35-39","sc_cycle_ylls_pa_lung_cancer_lb",2.08825,"bogota","Cycling",NA,NA,"L3: lung_cancer","PA",289808
"male","40-44","sc_cycle_ylls_pa_lung_cancer_lb",1.58269,"bogota","Cycling",NA,NA,"L3: lung_cancer","PA",244543
"male","45-49","sc_cycle_ylls_pa_lung_cancer_lb",4.11626,"bogota","Cycling",NA,NA,"L3: lung_cancer","PA",215491
"male","50-54","sc_cycle_ylls_pa_lung_cancer_lb",5.77897,"bogota","Cycling",NA,NA,"L3: lung_cancer","PA",209137
"male","55-59","sc_cycle_ylls_pa_lung_cancer_lb",8.09296,"bogota","Cycling",NA,NA,"L3: lung_cancer","PA",187551
"male","60-64","sc_cycle_ylls_pa_lung_cancer_lb",10.60578,"bogota","Cycling",NA,NA,"L3: lung_cancer","PA",146500
"male","65-69","sc_cycle_ylls_pa_lung_cancer_lb",15.73358,"bogota","Cycling",NA,NA,"L3: lung_cancer","PA",105412
"female","15-19","sc_cycle_ylls_pa_lung_cancer_lb",0.07127,"bogota","Cycling",NA,NA,"L3: lung_cancer","PA",279280
"female","20-24","sc_cycle_ylls_pa_lung_cancer_lb",0.19872,"bogota","Cycling",NA,NA,"L3: lung_cancer","PA",360197
"female","25-29","sc_cycle_ylls_pa_lung_cancer_lb",0.30922,"bogota","Cycling",NA,NA,"L3: lung_cancer","PA",364423
"female","30-34","sc_cycle_ylls_pa_lung_cancer_lb",0.83789,"bogota","Cycling",NA,NA,"L3: lung_cancer","PA",330341
"female","35-39","sc_cycle_ylls_pa_lung_cancer_lb",1.39561,"bogota","Cycling",NA,NA,"L3: lung_cancer","PA",309304
"female","40-44","sc_cycle_ylls_pa_lung_cancer_lb",1.87508,"bogota","Cycling",NA,NA,"L3: lung_cancer","PA",275440
"female","45-49","sc_cycle_ylls_pa_lung_cancer_lb",3.0337,"bogota","Cycling",NA,NA,"L3: lung_cancer","PA",254843
"female","50-54","sc_cycle_ylls_pa_lung_cancer_lb",4.51485,"bogota","Cycling",NA,NA,"L3: lung_cancer","PA",256059
"female","55-59","sc_cycle_ylls_pa_lung_cancer_lb",4.95425,"bogota","Cycling",NA,NA,"L3: lung_cancer","PA",235548
"female","60-64","sc_cycle_ylls_pa_lung_cancer_lb",6.10525,"bogota","Cycling",NA,NA,"L3: lung_cancer","PA",189600
"female","65-69","sc_cycle_ylls_pa_lung_cancer_lb",10.24953,"bogota","Cycling",NA,NA,"L3: lung_cancer","PA",141409
"male","15-19","sc_car_ylls_pa_lung_cancer_lb",-0.13936,"bogota","Car",NA,NA,"L3: lung_cancer","PA",282736
"male","20-24","sc_car_ylls_pa_lung_cancer_lb",-0.32081,"bogota","Car",NA,NA,"L3: lung_cancer","PA",357934
"male","25-29","sc_car_ylls_pa_lung_cancer_lb",-0.53016,"bogota","Car",NA,NA,"L3: lung_cancer","PA",360031
"male","30-34","sc_car_ylls_pa_lung_cancer_lb",-0.69491,"bogota","Car",NA,NA,"L3: lung_cancer","PA",321492
"male","35-39","sc_car_ylls_pa_lung_cancer_lb",-1.18235,"bogota","Car",NA,NA,"L3: lung_cancer","PA",289808
"male","40-44","sc_car_ylls_pa_lung_cancer_lb",-1.01233,"bogota","Car",NA,NA,"L3: lung_cancer","PA",244543
"male","45-49","sc_car_ylls_pa_lung_cancer_lb",-2.61042,"bogota","Car",NA,NA,"L3: lung_cancer","PA",215491
"male","50-54","sc_car_ylls_pa_lung_cancer_lb",-4.92337,"bogota","Car",NA,NA,"L3: lung_cancer","PA",209137
"male","55-59","sc_car_ylls_pa_lung_cancer_lb",-9.37228,"bogota","Car",NA,NA,"L3: lung_cancer","PA",187551
"male","60-64","sc_car_ylls_pa_lung_cancer_lb",-5.29167,"bogota","Car",NA,NA,"L3: lung_cancer","PA",146500
"male","65-69","sc_car_ylls_pa_lung_cancer_lb",-13.04038,"bogota","Car",NA,NA,"L3: lung_cancer","PA",105412
"female","15-19","sc_car_ylls_pa_lung_cancer_lb",-0.15006,"bogota","Car",NA,NA,"L3: lung_cancer","PA",279280
"female","20-24","sc_car_ylls_pa_lung_cancer_lb",-0.35541,"bogota","Car",NA,NA,"L3: lung_cancer","PA",360197
"female","25-29","sc_car_ylls_pa_lung_cancer_lb",-0.48065,"bogota","Car",NA,NA,"L3: lung_cancer","PA",364423
"female","30-34","sc_car_ylls_pa_lung_cancer_lb",-0.91771,"bogota","Car",NA,NA,"L3: lung_cancer","PA",330341
"female","35-39","sc_car_ylls_pa_lung_cancer_lb",-1.25201,"bogota","Car",NA,NA,"L3: lung_cancer","PA",309304
"female","40-44","sc_car_ylls_pa_lung_cancer_lb",-1.98871,"bogota","Car",NA,NA,"L3: lung_cancer","PA",275440
"female","45-49","sc_car_ylls_pa_lung_cancer_lb",-3.90163,"bogota","Car",NA,NA,"L3: lung_cancer","PA",254843
"female","50-54","sc_car_ylls_pa_lung_cancer_lb",-6.06914,"bogota","Car",NA,NA,"L3: lung_cancer","PA",256059
"female","55-59","sc_car_ylls_pa_lung_cancer_lb",-6.70934,"bogota","Car",NA,NA,"L3: lung_cancer","PA",235548
"female","60-64","sc_car_ylls_pa_lung_cancer_lb",-6.9589,"bogota","Car",NA,NA,"L3: lung_cancer","PA",189600
"female","65-69","sc_car_ylls_pa_lung_cancer_lb",-7.47337,"bogota","Car",NA,NA,"L3: lung_cancer","PA",141409
"male","15-19","sc_bus_ylls_pa_lung_cancer_lb",0.07606,"bogota","Bus",NA,NA,"L3: lung_cancer","PA",282736
"male","20-24","sc_bus_ylls_pa_lung_cancer_lb",0.30883,"bogota","Bus",NA,NA,"L3: lung_cancer","PA",357934
"male","25-29","sc_bus_ylls_pa_lung_cancer_lb",0.79392,"bogota","Bus",NA,NA,"L3: lung_cancer","PA",360031
"male","30-34","sc_bus_ylls_pa_lung_cancer_lb",1.41159,"bogota","Bus",NA,NA,"L3: lung_cancer","PA",321492
"male","35-39","sc_bus_ylls_pa_lung_cancer_lb",2.86658,"bogota","Bus",NA,NA,"L3: lung_cancer","PA",289808
"male","40-44","sc_bus_ylls_pa_lung_cancer_lb",2.60506,"bogota","Bus",NA,NA,"L3: lung_cancer","PA",244543
"male","45-49","sc_bus_ylls_pa_lung_cancer_lb",5.86676,"bogota","Bus",NA,NA,"L3: lung_cancer","PA",215491
"male","50-54","sc_bus_ylls_pa_lung_cancer_lb",9.1097,"bogota","Bus",NA,NA,"L3: lung_cancer","PA",209137
"male","55-59","sc_bus_ylls_pa_lung_cancer_lb",15.68492,"bogota","Bus",NA,NA,"L3: lung_cancer","PA",187551
"male","60-64","sc_bus_ylls_pa_lung_cancer_lb",16.02239,"bogota","Bus",NA,NA,"L3: lung_cancer","PA",146500
"male","65-69","sc_bus_ylls_pa_lung_cancer_lb",17.90039,"bogota","Bus",NA,NA,"L3: lung_cancer","PA",105412
"female","15-19","sc_bus_ylls_pa_lung_cancer_lb",0.09643,"bogota","Bus",NA,NA,"L3: lung_cancer","PA",279280
"female","20-24","sc_bus_ylls_pa_lung_cancer_lb",0.17311,"bogota","Bus",NA,NA,"L3: lung_cancer","PA",360197
"female","25-29","sc_bus_ylls_pa_lung_cancer_lb",0.38793,"bogota","Bus",NA,NA,"L3: lung_cancer","PA",364423
"female","30-34","sc_bus_ylls_pa_lung_cancer_lb",0.86476,"bogota","Bus",NA,NA,"L3: lung_cancer","PA",330341
"female","35-39","sc_bus_ylls_pa_lung_cancer_lb",1.62606,"bogota","Bus",NA,NA,"L3: lung_cancer","PA",309304
"female","40-44","sc_bus_ylls_pa_lung_cancer_lb",2.20061,"bogota","Bus",NA,NA,"L3: lung_cancer","PA",275440
"female","45-49","sc_bus_ylls_pa_lung_cancer_lb",3.23468,"bogota","Bus",NA,NA,"L3: lung_cancer","PA",254843
"female","50-54","sc_bus_ylls_pa_lung_cancer_lb",4.60412,"bogota","Bus",NA,NA,"L3: lung_cancer","PA",256059
"female","55-59","sc_bus_ylls_pa_lung_cancer_lb",7.4014,"bogota","Bus",NA,NA,"L3: lung_cancer","PA",235548
"female","60-64","sc_bus_ylls_pa_lung_cancer_lb",6.15276,"bogota","Bus",NA,NA,"L3: lung_cancer","PA",189600
"female","65-69","sc_bus_ylls_pa_lung_cancer_lb",7.98028,"bogota","Bus",NA,NA,"L3: lung_cancer","PA",141409
"male","15-19","sc_cycle_ylls_pa_lung_cancer_ub",0.01245,"bogota","Cycling",NA,NA,"L3: lung_cancer","PA",282736
"male","20-24","sc_cycle_ylls_pa_lung_cancer_ub",0.02869,"bogota","Cycling",NA,NA,"L3: lung_cancer","PA",357934
"male","25-29","sc_cycle_ylls_pa_lung_cancer_ub",0.08049,"bogota","Cycling",NA,NA,"L3: lung_cancer","PA",360031
"male","30-34","sc_cycle_ylls_pa_lung_cancer_ub",0.1346,"bogota","Cycling",NA,NA,"L3: lung_cancer","PA",321492
"male","35-39","sc_cycle_ylls_pa_lung_cancer_ub",0.26785,"bogota","Cycling",NA,NA,"L3: lung_cancer","PA",289808
"male","40-44","sc_cycle_ylls_pa_lung_cancer_ub",0.19486,"bogota","Cycling",NA,NA,"L3: lung_cancer","PA",244543
"male","45-49","sc_cycle_ylls_pa_lung_cancer_ub",0.56357,"bogota","Cycling",NA,NA,"L3: lung_cancer","PA",215491
"male","50-54","sc_cycle_ylls_pa_lung_cancer_ub",0.69959,"bogota","Cycling",NA,NA,"L3: lung_cancer","PA",209137
"male","55-59","sc_cycle_ylls_pa_lung_cancer_ub",1.24977,"bogota","Cycling",NA,NA,"L3: lung_cancer","PA",187551
"male","60-64","sc_cycle_ylls_pa_lung_cancer_ub",1.5749,"bogota","Cycling",NA,NA,"L3: lung_cancer","PA",146500
"male","65-69","sc_cycle_ylls_pa_lung_cancer_ub",2.0379,"bogota","Cycling",NA,NA,"L3: lung_cancer","PA",105412
"female","15-19","sc_cycle_ylls_pa_lung_cancer_ub",0.01209,"bogota","Cycling",NA,NA,"L3: lung_cancer","PA",279280
"female","20-24","sc_cycle_ylls_pa_lung_cancer_ub",0.03285,"bogota","Cycling",NA,NA,"L3: lung_cancer","PA",360197
"female","25-29","sc_cycle_ylls_pa_lung_cancer_ub",0.05626,"bogota","Cycling",NA,NA,"L3: lung_cancer","PA",364423
"female","30-34","sc_cycle_ylls_pa_lung_cancer_ub",0.11563,"bogota","Cycling",NA,NA,"L3: lung_cancer","PA",330341
"female","35-39","sc_cycle_ylls_pa_lung_cancer_ub",0.20507,"bogota","Cycling",NA,NA,"L3: lung_cancer","PA",309304
"female","40-44","sc_cycle_ylls_pa_lung_cancer_ub",0.27572,"bogota","Cycling",NA,NA,"L3: lung_cancer","PA",275440
"female","45-49","sc_cycle_ylls_pa_lung_cancer_ub",0.43224,"bogota","Cycling",NA,NA,"L3: lung_cancer","PA",254843
"female","50-54","sc_cycle_ylls_pa_lung_cancer_ub",0.67509,"bogota","Cycling",NA,NA,"L3: lung_cancer","PA",256059
"female","55-59","sc_cycle_ylls_pa_lung_cancer_ub",0.71598,"bogota","Cycling",NA,NA,"L3: lung_cancer","PA",235548
"female","60-64","sc_cycle_ylls_pa_lung_cancer_ub",0.79166,"bogota","Cycling",NA,NA,"L3: lung_cancer","PA",189600
"female","65-69","sc_cycle_ylls_pa_lung_cancer_ub",1.44688,"bogota","Cycling",NA,NA,"L3: lung_cancer","PA",141409
"male","15-19","sc_car_ylls_pa_lung_cancer_ub",-0.01561,"bogota","Car",NA,NA,"L3: lung_cancer","PA",282736
"male","20-24","sc_car_ylls_pa_lung_cancer_ub",-0.03462,"bogota","Car",NA,NA,"L3: lung_cancer","PA",357934
"male","25-29","sc_car_ylls_pa_lung_cancer_ub",-0.05393,"bogota","Car",NA,NA,"L3: lung_cancer","PA",360031
"male","30-34","sc_car_ylls_pa_lung_cancer_ub",-0.06997,"bogota","Car",NA,NA,"L3: lung_cancer","PA",321492
"male","35-39","sc_car_ylls_pa_lung_cancer_ub",-0.11718,"bogota","Car",NA,NA,"L3: lung_cancer","PA",289808
"male","40-44","sc_car_ylls_pa_lung_cancer_ub",-0.12331,"bogota","Car",NA,NA,"L3: lung_cancer","PA",244543
"male","45-49","sc_car_ylls_pa_lung_cancer_ub",-0.26088,"bogota","Car",NA,NA,"L3: lung_cancer","PA",215491
"male","50-54","sc_car_ylls_pa_lung_cancer_ub",-0.48327,"bogota","Car",NA,NA,"L3: lung_cancer","PA",209137
"male","55-59","sc_car_ylls_pa_lung_cancer_ub",-0.95683,"bogota","Car",NA,NA,"L3: lung_cancer","PA",187551
"male","60-64","sc_car_ylls_pa_lung_cancer_ub",-0.70046,"bogota","Car",NA,NA,"L3: lung_cancer","PA",146500
"male","65-69","sc_car_ylls_pa_lung_cancer_ub",-1.33418,"bogota","Car",NA,NA,"L3: lung_cancer","PA",105412
"female","15-19","sc_car_ylls_pa_lung_cancer_ub",-0.01472,"bogota","Car",NA,NA,"L3: lung_cancer","PA",279280
"female","20-24","sc_car_ylls_pa_lung_cancer_ub",-0.03831,"bogota","Car",NA,NA,"L3: lung_cancer","PA",360197
"female","25-29","sc_car_ylls_pa_lung_cancer_ub",-0.05849,"bogota","Car",NA,NA,"L3: lung_cancer","PA",364423
"female","30-34","sc_car_ylls_pa_lung_cancer_ub",-0.09537,"bogota","Car",NA,NA,"L3: lung_cancer","PA",330341
"female","35-39","sc_car_ylls_pa_lung_cancer_ub",-0.13752,"bogota","Car",NA,NA,"L3: lung_cancer","PA",309304
"female","40-44","sc_car_ylls_pa_lung_cancer_ub",-0.21383,"bogota","Car",NA,NA,"L3: lung_cancer","PA",275440
"female","45-49","sc_car_ylls_pa_lung_cancer_ub",-0.41057,"bogota","Car",NA,NA,"L3: lung_cancer","PA",254843
"female","50-54","sc_car_ylls_pa_lung_cancer_ub",-0.68106,"bogota","Car",NA,NA,"L3: lung_cancer","PA",256059
"female","55-59","sc_car_ylls_pa_lung_cancer_ub",-0.76985,"bogota","Car",NA,NA,"L3: lung_cancer","PA",235548
"female","60-64","sc_car_ylls_pa_lung_cancer_ub",-0.82731,"bogota","Car",NA,NA,"L3: lung_cancer","PA",189600
"female","65-69","sc_car_ylls_pa_lung_cancer_ub",-0.84918,"bogota","Car",NA,NA,"L3: lung_cancer","PA",141409
"male","15-19","sc_bus_ylls_pa_lung_cancer_ub",0.00389,"bogota","Bus",NA,NA,"L3: lung_cancer","PA",282736
"male","20-24","sc_bus_ylls_pa_lung_cancer_ub",0.01847,"bogota","Bus",NA,NA,"L3: lung_cancer","PA",357934
"male","25-29","sc_bus_ylls_pa_lung_cancer_ub",0.0478,"bogota","Bus",NA,NA,"L3: lung_cancer","PA",360031
"male","30-34","sc_bus_ylls_pa_lung_cancer_ub",0.0867,"bogota","Bus",NA,NA,"L3: lung_cancer","PA",321492
"male","35-39","sc_bus_ylls_pa_lung_cancer_ub",0.15895,"bogota","Bus",NA,NA,"L3: lung_cancer","PA",289808
"male","40-44","sc_bus_ylls_pa_lung_cancer_ub",0.14415,"bogota","Bus",NA,NA,"L3: lung_cancer","PA",244543
"male","45-49","sc_bus_ylls_pa_lung_cancer_ub",0.33295,"bogota","Bus",NA,NA,"L3: lung_cancer","PA",215491
"male","50-54","sc_bus_ylls_pa_lung_cancer_ub",0.56231,"bogota","Bus",NA,NA,"L3: lung_cancer","PA",209137
"male","55-59","sc_bus_ylls_pa_lung_cancer_ub",0.81698,"bogota","Bus",NA,NA,"L3: lung_cancer","PA",187551
"male","60-64","sc_bus_ylls_pa_lung_cancer_ub",0.98349,"bogota","Bus",NA,NA,"L3: lung_cancer","PA",146500
"male","65-69","sc_bus_ylls_pa_lung_cancer_ub",0.89344,"bogota","Bus",NA,NA,"L3: lung_cancer","PA",105412
"female","15-19","sc_bus_ylls_pa_lung_cancer_ub",0.00513,"bogota","Bus",NA,NA,"L3: lung_cancer","PA",279280
"female","20-24","sc_bus_ylls_pa_lung_cancer_ub",0.00823,"bogota","Bus",NA,NA,"L3: lung_cancer","PA",360197
"female","25-29","sc_bus_ylls_pa_lung_cancer_ub",0.0243,"bogota","Bus",NA,NA,"L3: lung_cancer","PA",364423
"female","30-34","sc_bus_ylls_pa_lung_cancer_ub",0.04847,"bogota","Bus",NA,NA,"L3: lung_cancer","PA",330341
"female","35-39","sc_bus_ylls_pa_lung_cancer_ub",0.09191,"bogota","Bus",NA,NA,"L3: lung_cancer","PA",309304
"female","40-44","sc_bus_ylls_pa_lung_cancer_ub",0.12693,"bogota","Bus",NA,NA,"L3: lung_cancer","PA",275440
"female","45-49","sc_bus_ylls_pa_lung_cancer_ub",0.15449,"bogota","Bus",NA,NA,"L3: lung_cancer","PA",254843
"female","50-54","sc_bus_ylls_pa_lung_cancer_ub",0.26243,"bogota","Bus",NA,NA,"L3: lung_cancer","PA",256059
"female","55-59","sc_bus_ylls_pa_lung_cancer_ub",0.42985,"bogota","Bus",NA,NA,"L3: lung_cancer","PA",235548
"female","60-64","sc_bus_ylls_pa_lung_cancer_ub",0.37554,"bogota","Bus",NA,NA,"L3: lung_cancer","PA",189600
"female","65-69","sc_bus_ylls_pa_lung_cancer_ub",0.38668,"bogota","Bus",NA,NA,"L3: lung_cancer","PA",141409
"male","15-19","sc_cycle_ylls_ap_lung_cancer",-0.01467,"bogota","Cycling",NA,NA,"L3: lung_cancer","AP",282736
"male","20-24","sc_cycle_ylls_ap_lung_cancer",-0.03718,"bogota","Cycling",NA,NA,"L3: lung_cancer","AP",357934
"male","25-29","sc_cycle_ylls_ap_lung_cancer",-0.05993,"bogota","Cycling",NA,NA,"L3: lung_cancer","AP",360031
"male","30-34","sc_cycle_ylls_ap_lung_cancer",-0.09711,"bogota","Cycling",NA,NA,"L3: lung_cancer","AP",321492
"male","35-39","sc_cycle_ylls_ap_lung_cancer",-0.17555,"bogota","Cycling",NA,NA,"L3: lung_cancer","AP",289808
"male","40-44","sc_cycle_ylls_ap_lung_cancer",-0.14356,"bogota","Cycling",NA,NA,"L3: lung_cancer","AP",244543
"male","45-49","sc_cycle_ylls_ap_lung_cancer",-0.29042,"bogota","Cycling",NA,NA,"L3: lung_cancer","AP",215491
"male","50-54","sc_cycle_ylls_ap_lung_cancer",-0.38378,"bogota","Cycling",NA,NA,"L3: lung_cancer","AP",209137
"male","55-59","sc_cycle_ylls_ap_lung_cancer",-0.50321,"bogota","Cycling",NA,NA,"L3: lung_cancer","AP",187551
"male","60-64","sc_cycle_ylls_ap_lung_cancer",-0.87249,"bogota","Cycling",NA,NA,"L3: lung_cancer","AP",146500
"male","65-69","sc_cycle_ylls_ap_lung_cancer",-0.6795,"bogota","Cycling",NA,NA,"L3: lung_cancer","AP",105412
"female","15-19","sc_cycle_ylls_ap_lung_cancer",-0.01397,"bogota","Cycling",NA,NA,"L3: lung_cancer","AP",279280
"female","20-24","sc_cycle_ylls_ap_lung_cancer",-0.03547,"bogota","Cycling",NA,NA,"L3: lung_cancer","AP",360197
"female","25-29","sc_cycle_ylls_ap_lung_cancer",-0.05669,"bogota","Cycling",NA,NA,"L3: lung_cancer","AP",364423
"female","30-34","sc_cycle_ylls_ap_lung_cancer",-0.07835,"bogota","Cycling",NA,NA,"L3: lung_cancer","AP",330341
"female","35-39","sc_cycle_ylls_ap_lung_cancer",-0.16544,"bogota","Cycling",NA,NA,"L3: lung_cancer","AP",309304
"female","40-44","sc_cycle_ylls_ap_lung_cancer",-0.26658,"bogota","Cycling",NA,NA,"L3: lung_cancer","AP",275440
"female","45-49","sc_cycle_ylls_ap_lung_cancer",-0.18792,"bogota","Cycling",NA,NA,"L3: lung_cancer","AP",254843
"female","50-54","sc_cycle_ylls_ap_lung_cancer",-0.24046,"bogota","Cycling",NA,NA,"L3: lung_cancer","AP",256059
"female","55-59","sc_cycle_ylls_ap_lung_cancer",-0.1833,"bogota","Cycling",NA,NA,"L3: lung_cancer","AP",235548
"female","60-64","sc_cycle_ylls_ap_lung_cancer",-0.17455,"bogota","Cycling",NA,NA,"L3: lung_cancer","AP",189600
"female","65-69","sc_cycle_ylls_ap_lung_cancer",-0.28753,"bogota","Cycling",NA,NA,"L3: lung_cancer","AP",141409
"male","15-19","sc_car_ylls_ap_lung_cancer",-0.01115,"bogota","Car",NA,NA,"L3: lung_cancer","AP",282736
"male","20-24","sc_car_ylls_ap_lung_cancer",-0.03542,"bogota","Car",NA,NA,"L3: lung_cancer","AP",357934
"male","25-29","sc_car_ylls_ap_lung_cancer",-0.02839,"bogota","Car",NA,NA,"L3: lung_cancer","AP",360031
"male","30-34","sc_car_ylls_ap_lung_cancer",-0.06596,"bogota","Car",NA,NA,"L3: lung_cancer","AP",321492
"male","35-39","sc_car_ylls_ap_lung_cancer",-0.08428,"bogota","Car",NA,NA,"L3: lung_cancer","AP",289808
"male","40-44","sc_car_ylls_ap_lung_cancer",-0.08233,"bogota","Car",NA,NA,"L3: lung_cancer","AP",244543
"male","45-49","sc_car_ylls_ap_lung_cancer",-0.1755,"bogota","Car",NA,NA,"L3: lung_cancer","AP",215491
"male","50-54","sc_car_ylls_ap_lung_cancer",-0.24125,"bogota","Car",NA,NA,"L3: lung_cancer","AP",209137
"male","55-59","sc_car_ylls_ap_lung_cancer",-0.60196,"bogota","Car",NA,NA,"L3: lung_cancer","AP",187551
"male","60-64","sc_car_ylls_ap_lung_cancer",-0.51459,"bogota","Car",NA,NA,"L3: lung_cancer","AP",146500
"male","65-69","sc_car_ylls_ap_lung_cancer",-0.93453,"bogota","Car",NA,NA,"L3: lung_cancer","AP",105412
"female","15-19","sc_car_ylls_ap_lung_cancer",-0.00974,"bogota","Car",NA,NA,"L3: lung_cancer","AP",279280
"female","20-24","sc_car_ylls_ap_lung_cancer",-0.02098,"bogota","Car",NA,NA,"L3: lung_cancer","AP",360197
"female","25-29","sc_car_ylls_ap_lung_cancer",-0.03284,"bogota","Car",NA,NA,"L3: lung_cancer","AP",364423
"female","30-34","sc_car_ylls_ap_lung_cancer",-0.06797,"bogota","Car",NA,NA,"L3: lung_cancer","AP",330341
"female","35-39","sc_car_ylls_ap_lung_cancer",-0.09207,"bogota","Car",NA,NA,"L3: lung_cancer","AP",309304
"female","40-44","sc_car_ylls_ap_lung_cancer",-0.0969,"bogota","Car",NA,NA,"L3: lung_cancer","AP",275440
"female","45-49","sc_car_ylls_ap_lung_cancer",-0.23289,"bogota","Car",NA,NA,"L3: lung_cancer","AP",254843
"female","50-54","sc_car_ylls_ap_lung_cancer",-0.4249,"bogota","Car",NA,NA,"L3: lung_cancer","AP",256059
"female","55-59","sc_car_ylls_ap_lung_cancer",-0.43894,"bogota","Car",NA,NA,"L3: lung_cancer","AP",235548
"female","60-64","sc_car_ylls_ap_lung_cancer",-0.64643,"bogota","Car",NA,NA,"L3: lung_cancer","AP",189600
"female","65-69","sc_car_ylls_ap_lung_cancer",-0.3898,"bogota","Car",NA,NA,"L3: lung_cancer","AP",141409
"male","15-19","sc_bus_ylls_ap_lung_cancer",0.00912,"bogota","Bus",NA,NA,"L3: lung_cancer","AP",282736
"male","20-24","sc_bus_ylls_ap_lung_cancer",0.02315,"bogota","Bus",NA,NA,"L3: lung_cancer","AP",357934
"male","25-29","sc_bus_ylls_ap_lung_cancer",0.04617,"bogota","Bus",NA,NA,"L3: lung_cancer","AP",360031
"male","30-34","sc_bus_ylls_ap_lung_cancer",0.0514,"bogota","Bus",NA,NA,"L3: lung_cancer","AP",321492
"male","35-39","sc_bus_ylls_ap_lung_cancer",0.12793,"bogota","Bus",NA,NA,"L3: lung_cancer","AP",289808
"male","40-44","sc_bus_ylls_ap_lung_cancer",0.17493,"bogota","Bus",NA,NA,"L3: lung_cancer","AP",244543
"male","45-49","sc_bus_ylls_ap_lung_cancer",0.25875,"bogota","Bus",NA,NA,"L3: lung_cancer","AP",215491
"male","50-54","sc_bus_ylls_ap_lung_cancer",0.43065,"bogota","Bus",NA,NA,"L3: lung_cancer","AP",209137
"male","55-59","sc_bus_ylls_ap_lung_cancer",0.68593,"bogota","Bus",NA,NA,"L3: lung_cancer","AP",187551
"male","60-64","sc_bus_ylls_ap_lung_cancer",0.70051,"bogota","Bus",NA,NA,"L3: lung_cancer","AP",146500
"male","65-69","sc_bus_ylls_ap_lung_cancer",0.54415,"bogota","Bus",NA,NA,"L3: lung_cancer","AP",105412
"female","15-19","sc_bus_ylls_ap_lung_cancer",0.00275,"bogota","Bus",NA,NA,"L3: lung_cancer","AP",279280
"female","20-24","sc_bus_ylls_ap_lung_cancer",0.00326,"bogota","Bus",NA,NA,"L3: lung_cancer","AP",360197
"female","25-29","sc_bus_ylls_ap_lung_cancer",0.00943,"bogota","Bus",NA,NA,"L3: lung_cancer","AP",364423
"female","30-34","sc_bus_ylls_ap_lung_cancer",0.04429,"bogota","Bus",NA,NA,"L3: lung_cancer","AP",330341
"female","35-39","sc_bus_ylls_ap_lung_cancer",0.06632,"bogota","Bus",NA,NA,"L3: lung_cancer","AP",309304
"female","40-44","sc_bus_ylls_ap_lung_cancer",0.05376,"bogota","Bus",NA,NA,"L3: lung_cancer","AP",275440
"female","45-49","sc_bus_ylls_ap_lung_cancer",0.04946,"bogota","Bus",NA,NA,"L3: lung_cancer","AP",254843
"female","50-54","sc_bus_ylls_ap_lung_cancer",0.07059,"bogota","Bus",NA,NA,"L3: lung_cancer","AP",256059
"female","55-59","sc_bus_ylls_ap_lung_cancer",0.18631,"bogota","Bus",NA,NA,"L3: lung_cancer","AP",235548
"female","60-64","sc_bus_ylls_ap_lung_cancer",-0.0054,"bogota","Bus",NA,NA,"L3: lung_cancer","AP",189600
"female","65-69","sc_bus_ylls_ap_lung_cancer",0.04278,"bogota","Bus",NA,NA,"L3: lung_cancer","AP",141409
"male","15-19","sc_cycle_ylls_ap_lung_cancer_lb",-0.01467,"bogota","Cycling",NA,NA,"L3: lung_cancer","AP",282736
"male","20-24","sc_cycle_ylls_ap_lung_cancer_lb",-0.03718,"bogota","Cycling",NA,NA,"L3: lung_cancer","AP",357934
"male","25-29","sc_cycle_ylls_ap_lung_cancer_lb",-0.05993,"bogota","Cycling",NA,NA,"L3: lung_cancer","AP",360031
"male","30-34","sc_cycle_ylls_ap_lung_cancer_lb",-0.09711,"bogota","Cycling",NA,NA,"L3: lung_cancer","AP",321492
"male","35-39","sc_cycle_ylls_ap_lung_cancer_lb",-0.17555,"bogota","Cycling",NA,NA,"L3: lung_cancer","AP",289808
"male","40-44","sc_cycle_ylls_ap_lung_cancer_lb",-0.14356,"bogota","Cycling",NA,NA,"L3: lung_cancer","AP",244543
"male","45-49","sc_cycle_ylls_ap_lung_cancer_lb",-0.29042,"bogota","Cycling",NA,NA,"L3: lung_cancer","AP",215491
"male","50-54","sc_cycle_ylls_ap_lung_cancer_lb",-0.38378,"bogota","Cycling",NA,NA,"L3: lung_cancer","AP",209137
"male","55-59","sc_cycle_ylls_ap_lung_cancer_lb",-0.50321,"bogota","Cycling",NA,NA,"L3: lung_cancer","AP",187551
"male","60-64","sc_cycle_ylls_ap_lung_cancer_lb",-0.87249,"bogota","Cycling",NA,NA,"L3: lung_cancer","AP",146500
"male","65-69","sc_cycle_ylls_ap_lung_cancer_lb",-0.6795,"bogota","Cycling",NA,NA,"L3: lung_cancer","AP",105412
"female","15-19","sc_cycle_ylls_ap_lung_cancer_lb",-0.01397,"bogota","Cycling",NA,NA,"L3: lung_cancer","AP",279280
"female","20-24","sc_cycle_ylls_ap_lung_cancer_lb",-0.03547,"bogota","Cycling",NA,NA,"L3: lung_cancer","AP",360197
"female","25-29","sc_cycle_ylls_ap_lung_cancer_lb",-0.05669,"bogota","Cycling",NA,NA,"L3: lung_cancer","AP",364423
"female","30-34","sc_cycle_ylls_ap_lung_cancer_lb",-0.07835,"bogota","Cycling",NA,NA,"L3: lung_cancer","AP",330341
"female","35-39","sc_cycle_ylls_ap_lung_cancer_lb",-0.16544,"bogota","Cycling",NA,NA,"L3: lung_cancer","AP",309304
"female","40-44","sc_cycle_ylls_ap_lung_cancer_lb",-0.26658,"bogota","Cycling",NA,NA,"L3: lung_cancer","AP",275440
"female","45-49","sc_cycle_ylls_ap_lung_cancer_lb",-0.18792,"bogota","Cycling",NA,NA,"L3: lung_cancer","AP",254843
"female","50-54","sc_cycle_ylls_ap_lung_cancer_lb",-0.24046,"bogota","Cycling",NA,NA,"L3: lung_cancer","AP",256059
"female","55-59","sc_cycle_ylls_ap_lung_cancer_lb",-0.1833,"bogota","Cycling",NA,NA,"L3: lung_cancer","AP",235548
"female","60-64","sc_cycle_ylls_ap_lung_cancer_lb",-0.17455,"bogota","Cycling",NA,NA,"L3: lung_cancer","AP",189600
"female","65-69","sc_cycle_ylls_ap_lung_cancer_lb",-0.28753,"bogota","Cycling",NA,NA,"L3: lung_cancer","AP",141409
"male","15-19","sc_car_ylls_ap_lung_cancer_lb",-0.01115,"bogota","Car",NA,NA,"L3: lung_cancer","AP",282736
"male","20-24","sc_car_ylls_ap_lung_cancer_lb",-0.03542,"bogota","Car",NA,NA,"L3: lung_cancer","AP",357934
"male","25-29","sc_car_ylls_ap_lung_cancer_lb",-0.02839,"bogota","Car",NA,NA,"L3: lung_cancer","AP",360031
"male","30-34","sc_car_ylls_ap_lung_cancer_lb",-0.06596,"bogota","Car",NA,NA,"L3: lung_cancer","AP",321492
"male","35-39","sc_car_ylls_ap_lung_cancer_lb",-0.08428,"bogota","Car",NA,NA,"L3: lung_cancer","AP",289808
"male","40-44","sc_car_ylls_ap_lung_cancer_lb",-0.08233,"bogota","Car",NA,NA,"L3: lung_cancer","AP",244543
"male","45-49","sc_car_ylls_ap_lung_cancer_lb",-0.1755,"bogota","Car",NA,NA,"L3: lung_cancer","AP",215491
"male","50-54","sc_car_ylls_ap_lung_cancer_lb",-0.24125,"bogota","Car",NA,NA,"L3: lung_cancer","AP",209137
"male","55-59","sc_car_ylls_ap_lung_cancer_lb",-0.60196,"bogota","Car",NA,NA,"L3: lung_cancer","AP",187551
"male","60-64","sc_car_ylls_ap_lung_cancer_lb",-0.51459,"bogota","Car",NA,NA,"L3: lung_cancer","AP",146500
"male","65-69","sc_car_ylls_ap_lung_cancer_lb",-0.93453,"bogota","Car",NA,NA,"L3: lung_cancer","AP",105412
"female","15-19","sc_car_ylls_ap_lung_cancer_lb",-0.00974,"bogota","Car",NA,NA,"L3: lung_cancer","AP",279280
"female","20-24","sc_car_ylls_ap_lung_cancer_lb",-0.02098,"bogota","Car",NA,NA,"L3: lung_cancer","AP",360197
"female","25-29","sc_car_ylls_ap_lung_cancer_lb",-0.03284,"bogota","Car",NA,NA,"L3: lung_cancer","AP",364423
"female","30-34","sc_car_ylls_ap_lung_cancer_lb",-0.06797,"bogota","Car",NA,NA,"L3: lung_cancer","AP",330341
"female","35-39","sc_car_ylls_ap_lung_cancer_lb",-0.09207,"bogota","Car",NA,NA,"L3: lung_cancer","AP",309304
"female","40-44","sc_car_ylls_ap_lung_cancer_lb",-0.0969,"bogota","Car",NA,NA,"L3: lung_cancer","AP",275440
"female","45-49","sc_car_ylls_ap_lung_cancer_lb",-0.23289,"bogota","Car",NA,NA,"L3: lung_cancer","AP",254843
"female","50-54","sc_car_ylls_ap_lung_cancer_lb",-0.4249,"bogota","Car",NA,NA,"L3: lung_cancer","AP",256059
"female","55-59","sc_car_ylls_ap_lung_cancer_lb",-0.43894,"bogota","Car",NA,NA,"L3: lung_cancer","AP",235548
"female","60-64","sc_car_ylls_ap_lung_cancer_lb",-0.64643,"bogota","Car",NA,NA,"L3: lung_cancer","AP",189600
"female","65-69","sc_car_ylls_ap_lung_cancer_lb",-0.3898,"bogota","Car",NA,NA,"L3: lung_cancer","AP",141409
"male","15-19","sc_bus_ylls_ap_lung_cancer_lb",0.00912,"bogota","Bus",NA,NA,"L3: lung_cancer","AP",282736
"male","20-24","sc_bus_ylls_ap_lung_cancer_lb",0.02315,"bogota","Bus",NA,NA,"L3: lung_cancer","AP",357934
"male","25-29","sc_bus_ylls_ap_lung_cancer_lb",0.04617,"bogota","Bus",NA,NA,"L3: lung_cancer","AP",360031
"male","30-34","sc_bus_ylls_ap_lung_cancer_lb",0.0514,"bogota","Bus",NA,NA,"L3: lung_cancer","AP",321492
"male","35-39","sc_bus_ylls_ap_lung_cancer_lb",0.12793,"bogota","Bus",NA,NA,"L3: lung_cancer","AP",289808
"male","40-44","sc_bus_ylls_ap_lung_cancer_lb",0.17493,"bogota","Bus",NA,NA,"L3: lung_cancer","AP",244543
"male","45-49","sc_bus_ylls_ap_lung_cancer_lb",0.25875,"bogota","Bus",NA,NA,"L3: lung_cancer","AP",215491
"male","50-54","sc_bus_ylls_ap_lung_cancer_lb",0.43065,"bogota","Bus",NA,NA,"L3: lung_cancer","AP",209137
"male","55-59","sc_bus_ylls_ap_lung_cancer_lb",0.68593,"bogota","Bus",NA,NA,"L3: lung_cancer","AP",187551
"male","60-64","sc_bus_ylls_ap_lung_cancer_lb",0.70051,"bogota","Bus",NA,NA,"L3: lung_cancer","AP",146500
"male","65-69","sc_bus_ylls_ap_lung_cancer_lb",0.54415,"bogota","Bus",NA,NA,"L3: lung_cancer","AP",105412
"female","15-19","sc_bus_ylls_ap_lung_cancer_lb",0.00275,"bogota","Bus",NA,NA,"L3: lung_cancer","AP",279280
"female","20-24","sc_bus_ylls_ap_lung_cancer_lb",0.00326,"bogota","Bus",NA,NA,"L3: lung_cancer","AP",360197
"female","25-29","sc_bus_ylls_ap_lung_cancer_lb",0.00943,"bogota","Bus",NA,NA,"L3: lung_cancer","AP",364423
"female","30-34","sc_bus_ylls_ap_lung_cancer_lb",0.04429,"bogota","Bus",NA,NA,"L3: lung_cancer","AP",330341
"female","35-39","sc_bus_ylls_ap_lung_cancer_lb",0.06632,"bogota","Bus",NA,NA,"L3: lung_cancer","AP",309304
"female","40-44","sc_bus_ylls_ap_lung_cancer_lb",0.05376,"bogota","Bus",NA,NA,"L3: lung_cancer","AP",275440
"female","45-49","sc_bus_ylls_ap_lung_cancer_lb",0.04946,"bogota","Bus",NA,NA,"L3: lung_cancer","AP",254843
"female","50-54","sc_bus_ylls_ap_lung_cancer_lb",0.07059,"bogota","Bus",NA,NA,"L3: lung_cancer","AP",256059
"female","55-59","sc_bus_ylls_ap_lung_cancer_lb",0.18631,"bogota","Bus",NA,NA,"L3: lung_cancer","AP",235548
"female","60-64","sc_bus_ylls_ap_lung_cancer_lb",-0.0054,"bogota","Bus",NA,NA,"L3: lung_cancer","AP",189600
"female","65-69","sc_bus_ylls_ap_lung_cancer_lb",0.04278,"bogota","Bus",NA,NA,"L3: lung_cancer","AP",141409
"male","15-19","sc_cycle_ylls_ap_lung_cancer_ub",-0.01467,"bogota","Cycling",NA,NA,"L3: lung_cancer","AP",282736
"male","20-24","sc_cycle_ylls_ap_lung_cancer_ub",-0.03718,"bogota","Cycling",NA,NA,"L3: lung_cancer","AP",357934
"male","25-29","sc_cycle_ylls_ap_lung_cancer_ub",-0.05993,"bogota","Cycling",NA,NA,"L3: lung_cancer","AP",360031
"male","30-34","sc_cycle_ylls_ap_lung_cancer_ub",-0.09711,"bogota","Cycling",NA,NA,"L3: lung_cancer","AP",321492
"male","35-39","sc_cycle_ylls_ap_lung_cancer_ub",-0.17555,"bogota","Cycling",NA,NA,"L3: lung_cancer","AP",289808
"male","40-44","sc_cycle_ylls_ap_lung_cancer_ub",-0.14356,"bogota","Cycling",NA,NA,"L3: lung_cancer","AP",244543
"male","45-49","sc_cycle_ylls_ap_lung_cancer_ub",-0.29042,"bogota","Cycling",NA,NA,"L3: lung_cancer","AP",215491
"male","50-54","sc_cycle_ylls_ap_lung_cancer_ub",-0.38378,"bogota","Cycling",NA,NA,"L3: lung_cancer","AP",209137
"male","55-59","sc_cycle_ylls_ap_lung_cancer_ub",-0.50321,"bogota","Cycling",NA,NA,"L3: lung_cancer","AP",187551
"male","60-64","sc_cycle_ylls_ap_lung_cancer_ub",-0.87249,"bogota","Cycling",NA,NA,"L3: lung_cancer","AP",146500
"male","65-69","sc_cycle_ylls_ap_lung_cancer_ub",-0.6795,"bogota","Cycling",NA,NA,"L3: lung_cancer","AP",105412
"female","15-19","sc_cycle_ylls_ap_lung_cancer_ub",-0.01397,"bogota","Cycling",NA,NA,"L3: lung_cancer","AP",279280
"female","20-24","sc_cycle_ylls_ap_lung_cancer_ub",-0.03547,"bogota","Cycling",NA,NA,"L3: lung_cancer","AP",360197
"female","25-29","sc_cycle_ylls_ap_lung_cancer_ub",-0.05669,"bogota","Cycling",NA,NA,"L3: lung_cancer","AP",364423
"female","30-34","sc_cycle_ylls_ap_lung_cancer_ub",-0.07835,"bogota","Cycling",NA,NA,"L3: lung_cancer","AP",330341
"female","35-39","sc_cycle_ylls_ap_lung_cancer_ub",-0.16544,"bogota","Cycling",NA,NA,"L3: lung_cancer","AP",309304
"female","40-44","sc_cycle_ylls_ap_lung_cancer_ub",-0.26658,"bogota","Cycling",NA,NA,"L3: lung_cancer","AP",275440
"female","45-49","sc_cycle_ylls_ap_lung_cancer_ub",-0.18792,"bogota","Cycling",NA,NA,"L3: lung_cancer","AP",254843
"female","50-54","sc_cycle_ylls_ap_lung_cancer_ub",-0.24046,"bogota","Cycling",NA,NA,"L3: lung_cancer","AP",256059
"female","55-59","sc_cycle_ylls_ap_lung_cancer_ub",-0.1833,"bogota","Cycling",NA,NA,"L3: lung_cancer","AP",235548
"female","60-64","sc_cycle_ylls_ap_lung_cancer_ub",-0.17455,"bogota","Cycling",NA,NA,"L3: lung_cancer","AP",189600
"female","65-69","sc_cycle_ylls_ap_lung_cancer_ub",-0.28753,"bogota","Cycling",NA,NA,"L3: lung_cancer","AP",141409
"male","15-19","sc_car_ylls_ap_lung_cancer_ub",-0.01115,"bogota","Car",NA,NA,"L3: lung_cancer","AP",282736
"male","20-24","sc_car_ylls_ap_lung_cancer_ub",-0.03542,"bogota","Car",NA,NA,"L3: lung_cancer","AP",357934
"male","25-29","sc_car_ylls_ap_lung_cancer_ub",-0.02839,"bogota","Car",NA,NA,"L3: lung_cancer","AP",360031
"male","30-34","sc_car_ylls_ap_lung_cancer_ub",-0.06596,"bogota","Car",NA,NA,"L3: lung_cancer","AP",321492
"male","35-39","sc_car_ylls_ap_lung_cancer_ub",-0.08428,"bogota","Car",NA,NA,"L3: lung_cancer","AP",289808
"male","40-44","sc_car_ylls_ap_lung_cancer_ub",-0.08233,"bogota","Car",NA,NA,"L3: lung_cancer","AP",244543
"male","45-49","sc_car_ylls_ap_lung_cancer_ub",-0.1755,"bogota","Car",NA,NA,"L3: lung_cancer","AP",215491
"male","50-54","sc_car_ylls_ap_lung_cancer_ub",-0.24125,"bogota","Car",NA,NA,"L3: lung_cancer","AP",209137
"male","55-59","sc_car_ylls_ap_lung_cancer_ub",-0.60196,"bogota","Car",NA,NA,"L3: lung_cancer","AP",187551
"male","60-64","sc_car_ylls_ap_lung_cancer_ub",-0.51459,"bogota","Car",NA,NA,"L3: lung_cancer","AP",146500
"male","65-69","sc_car_ylls_ap_lung_cancer_ub",-0.93453,"bogota","Car",NA,NA,"L3: lung_cancer","AP",105412
"female","15-19","sc_car_ylls_ap_lung_cancer_ub",-0.00974,"bogota","Car",NA,NA,"L3: lung_cancer","AP",279280
"female","20-24","sc_car_ylls_ap_lung_cancer_ub",-0.02098,"bogota","Car",NA,NA,"L3: lung_cancer","AP",360197
"female","25-29","sc_car_ylls_ap_lung_cancer_ub",-0.03284,"bogota","Car",NA,NA,"L3: lung_cancer","AP",364423
"female","30-34","sc_car_ylls_ap_lung_cancer_ub",-0.06797,"bogota","Car",NA,NA,"L3: lung_cancer","AP",330341
"female","35-39","sc_car_ylls_ap_lung_cancer_ub",-0.09207,"bogota","Car",NA,NA,"L3: lung_cancer","AP",309304
"female","40-44","sc_car_ylls_ap_lung_cancer_ub",-0.0969,"bogota","Car",NA,NA,"L3: lung_cancer","AP",275440
"female","45-49","sc_car_ylls_ap_lung_cancer_ub",-0.23289,"bogota","Car",NA,NA,"L3: lung_cancer","AP",254843
"female","50-54","sc_car_ylls_ap_lung_cancer_ub",-0.4249,"bogota","Car",NA,NA,"L3: lung_cancer","AP",256059
"female","55-59","sc_car_ylls_ap_lung_cancer_ub",-0.43894,"bogota","Car",NA,NA,"L3: lung_cancer","AP",235548
"female","60-64","sc_car_ylls_ap_lung_cancer_ub",-0.64643,"bogota","Car",NA,NA,"L3: lung_cancer","AP",189600
"female","65-69","sc_car_ylls_ap_lung_cancer_ub",-0.3898,"bogota","Car",NA,NA,"L3: lung_cancer","AP",141409
"male","15-19","sc_bus_ylls_ap_lung_cancer_ub",0.00912,"bogota","Bus",NA,NA,"L3: lung_cancer","AP",282736
"male","20-24","sc_bus_ylls_ap_lung_cancer_ub",0.02315,"bogota","Bus",NA,NA,"L3: lung_cancer","AP",357934
"male","25-29","sc_bus_ylls_ap_lung_cancer_ub",0.04617,"bogota","Bus",NA,NA,"L3: lung_cancer","AP",360031
"male","30-34","sc_bus_ylls_ap_lung_cancer_ub",0.0514,"bogota","Bus",NA,NA,"L3: lung_cancer","AP",321492
"male","35-39","sc_bus_ylls_ap_lung_cancer_ub",0.12793,"bogota","Bus",NA,NA,"L3: lung_cancer","AP",289808
"male","40-44","sc_bus_ylls_ap_lung_cancer_ub",0.17493,"bogota","Bus",NA,NA,"L3: lung_cancer","AP",244543
"male","45-49","sc_bus_ylls_ap_lung_cancer_ub",0.25875,"bogota","Bus",NA,NA,"L3: lung_cancer","AP",215491
"male","50-54","sc_bus_ylls_ap_lung_cancer_ub",0.43065,"bogota","Bus",NA,NA,"L3: lung_cancer","AP",209137
"male","55-59","sc_bus_ylls_ap_lung_cancer_ub",0.68593,"bogota","Bus",NA,NA,"L3: lung_cancer","AP",187551
"male","60-64","sc_bus_ylls_ap_lung_cancer_ub",0.70051,"bogota","Bus",NA,NA,"L3: lung_cancer","AP",146500
"male","65-69","sc_bus_ylls_ap_lung_cancer_ub",0.54415,"bogota","Bus",NA,NA,"L3: lung_cancer","AP",105412
"female","15-19","sc_bus_ylls_ap_lung_cancer_ub",0.00275,"bogota","Bus",NA,NA,"L3: lung_cancer","AP",279280
"female","20-24","sc_bus_ylls_ap_lung_cancer_ub",0.00326,"bogota","Bus",NA,NA,"L3: lung_cancer","AP",360197
"female","25-29","sc_bus_ylls_ap_lung_cancer_ub",0.00943,"bogota","Bus",NA,NA,"L3: lung_cancer","AP",364423
"female","30-34","sc_bus_ylls_ap_lung_cancer_ub",0.04429,"bogota","Bus",NA,NA,"L3: lung_cancer","AP",330341
"female","35-39","sc_bus_ylls_ap_lung_cancer_ub",0.06632,"bogota","Bus",NA,NA,"L3: lung_cancer","AP",309304
"female","40-44","sc_bus_ylls_ap_lung_cancer_ub",0.05376,"bogota","Bus",NA,NA,"L3: lung_cancer","AP",275440
"female","45-49","sc_bus_ylls_ap_lung_cancer_ub",0.04946,"bogota","Bus",NA,NA,"L3: lung_cancer","AP",254843
"female","50-54","sc_bus_ylls_ap_lung_cancer_ub",0.07059,"bogota","Bus",NA,NA,"L3: lung_cancer","AP",256059
"female","55-59","sc_bus_ylls_ap_lung_cancer_ub",0.18631,"bogota","Bus",NA,NA,"L3: lung_cancer","AP",235548
"female","60-64","sc_bus_ylls_ap_lung_cancer_ub",-0.0054,"bogota","Bus",NA,NA,"L3: lung_cancer","AP",189600
"female","65-69","sc_bus_ylls_ap_lung_cancer_ub",0.04278,"bogota","Bus",NA,NA,"L3: lung_cancer","AP",141409
"male","15-19","sc_cycle_ylls_ap_COPD",-0.01742,"bogota","Cycling",NA,NA,"L3: COPD","AP",282736
"male","20-24","sc_cycle_ylls_ap_COPD",-0.03941,"bogota","Cycling",NA,NA,"L3: COPD","AP",357934
"male","25-29","sc_cycle_ylls_ap_COPD",-0.05266,"bogota","Cycling",NA,NA,"L3: COPD","AP",360031
"male","30-34","sc_cycle_ylls_ap_COPD",-0.08172,"bogota","Cycling",NA,NA,"L3: COPD","AP",321492
"male","35-39","sc_cycle_ylls_ap_COPD",-0.12493,"bogota","Cycling",NA,NA,"L3: COPD","AP",289808
"male","40-44","sc_cycle_ylls_ap_COPD",-0.10273,"bogota","Cycling",NA,NA,"L3: COPD","AP",244543
"male","45-49","sc_cycle_ylls_ap_COPD",-0.20423,"bogota","Cycling",NA,NA,"L3: COPD","AP",215491
"male","50-54","sc_cycle_ylls_ap_COPD",-0.2987,"bogota","Cycling",NA,NA,"L3: COPD","AP",209137
"male","55-59","sc_cycle_ylls_ap_COPD",-0.40983,"bogota","Cycling",NA,NA,"L3: COPD","AP",187551
"male","60-64","sc_cycle_ylls_ap_COPD",-0.8505,"bogota","Cycling",NA,NA,"L3: COPD","AP",146500
"male","65-69","sc_cycle_ylls_ap_COPD",-0.87067,"bogota","Cycling",NA,NA,"L3: COPD","AP",105412
"female","15-19","sc_cycle_ylls_ap_COPD",-0.01394,"bogota","Cycling",NA,NA,"L3: COPD","AP",279280
"female","20-24","sc_cycle_ylls_ap_COPD",-0.03926,"bogota","Cycling",NA,NA,"L3: COPD","AP",360197
"female","25-29","sc_cycle_ylls_ap_COPD",-0.04226,"bogota","Cycling",NA,NA,"L3: COPD","AP",364423
"female","30-34","sc_cycle_ylls_ap_COPD",-0.04046,"bogota","Cycling",NA,NA,"L3: COPD","AP",330341
"female","35-39","sc_cycle_ylls_ap_COPD",-0.07489,"bogota","Cycling",NA,NA,"L3: COPD","AP",309304
"female","40-44","sc_cycle_ylls_ap_COPD",-0.11886,"bogota","Cycling",NA,NA,"L3: COPD","AP",275440
"female","45-49","sc_cycle_ylls_ap_COPD",-0.08441,"bogota","Cycling",NA,NA,"L3: COPD","AP",254843
"female","50-54","sc_cycle_ylls_ap_COPD",-0.13953,"bogota","Cycling",NA,NA,"L3: COPD","AP",256059
"female","55-59","sc_cycle_ylls_ap_COPD",-0.13227,"bogota","Cycling",NA,NA,"L3: COPD","AP",235548
"female","60-64","sc_cycle_ylls_ap_COPD",-0.16549,"bogota","Cycling",NA,NA,"L3: COPD","AP",189600
"female","65-69","sc_cycle_ylls_ap_COPD",-0.34724,"bogota","Cycling",NA,NA,"L3: COPD","AP",141409
"male","15-19","sc_car_ylls_ap_COPD",-0.01298,"bogota","Car",NA,NA,"L3: COPD","AP",282736
"male","20-24","sc_car_ylls_ap_COPD",-0.03653,"bogota","Car",NA,NA,"L3: COPD","AP",357934
"male","25-29","sc_car_ylls_ap_COPD",-0.02358,"bogota","Car",NA,NA,"L3: COPD","AP",360031
"male","30-34","sc_car_ylls_ap_COPD",-0.05388,"bogota","Car",NA,NA,"L3: COPD","AP",321492
"male","35-39","sc_car_ylls_ap_COPD",-0.05902,"bogota","Car",NA,NA,"L3: COPD","AP",289808
"male","40-44","sc_car_ylls_ap_COPD",-0.05663,"bogota","Car",NA,NA,"L3: COPD","AP",244543
"male","45-49","sc_car_ylls_ap_COPD",-0.11966,"bogota","Car",NA,NA,"L3: COPD","AP",215491
"male","50-54","sc_car_ylls_ap_COPD",-0.18287,"bogota","Car",NA,NA,"L3: COPD","AP",209137
"male","55-59","sc_car_ylls_ap_COPD",-0.47391,"bogota","Car",NA,NA,"L3: COPD","AP",187551
"male","60-64","sc_car_ylls_ap_COPD",-0.47837,"bogota","Car",NA,NA,"L3: COPD","AP",146500
"male","65-69","sc_car_ylls_ap_COPD",-1.14729,"bogota","Car",NA,NA,"L3: COPD","AP",105412
"female","15-19","sc_car_ylls_ap_COPD",-0.0094,"bogota","Car",NA,NA,"L3: COPD","AP",279280
"female","20-24","sc_car_ylls_ap_COPD",-0.02279,"bogota","Car",NA,NA,"L3: COPD","AP",360197
"female","25-29","sc_car_ylls_ap_COPD",-0.0239,"bogota","Car",NA,NA,"L3: COPD","AP",364423
"female","30-34","sc_car_ylls_ap_COPD",-0.03427,"bogota","Car",NA,NA,"L3: COPD","AP",330341
"female","35-39","sc_car_ylls_ap_COPD",-0.04079,"bogota","Car",NA,NA,"L3: COPD","AP",309304
"female","40-44","sc_car_ylls_ap_COPD",-0.04163,"bogota","Car",NA,NA,"L3: COPD","AP",275440
"female","45-49","sc_car_ylls_ap_COPD",-0.10109,"bogota","Car",NA,NA,"L3: COPD","AP",254843
"female","50-54","sc_car_ylls_ap_COPD",-0.23763,"bogota","Car",NA,NA,"L3: COPD","AP",256059
"female","55-59","sc_car_ylls_ap_COPD",-0.30001,"bogota","Car",NA,NA,"L3: COPD","AP",235548
"female","60-64","sc_car_ylls_ap_COPD",-0.56041,"bogota","Car",NA,NA,"L3: COPD","AP",189600
"female","65-69","sc_car_ylls_ap_COPD",-0.44001,"bogota","Car",NA,NA,"L3: COPD","AP",141409
"male","15-19","sc_bus_ylls_ap_COPD",0.01099,"bogota","Bus",NA,NA,"L3: COPD","AP",282736
"male","20-24","sc_bus_ylls_ap_COPD",0.02512,"bogota","Bus",NA,NA,"L3: COPD","AP",357934
"male","25-29","sc_bus_ylls_ap_COPD",0.04042,"bogota","Bus",NA,NA,"L3: COPD","AP",360031
"male","30-34","sc_bus_ylls_ap_COPD",0.0437,"bogota","Bus",NA,NA,"L3: COPD","AP",321492
"male","35-39","sc_bus_ylls_ap_COPD",0.09201,"bogota","Bus",NA,NA,"L3: COPD","AP",289808
"male","40-44","sc_bus_ylls_ap_COPD",0.12624,"bogota","Bus",NA,NA,"L3: COPD","AP",244543
"male","45-49","sc_bus_ylls_ap_COPD",0.18573,"bogota","Bus",NA,NA,"L3: COPD","AP",215491
"male","50-54","sc_bus_ylls_ap_COPD",0.33469,"bogota","Bus",NA,NA,"L3: COPD","AP",209137
"male","55-59","sc_bus_ylls_ap_COPD",0.55039,"bogota","Bus",NA,NA,"L3: COPD","AP",187551
"male","60-64","sc_bus_ylls_ap_COPD",0.6976,"bogota","Bus",NA,NA,"L3: COPD","AP",146500
"male","65-69","sc_bus_ylls_ap_COPD",0.6936,"bogota","Bus",NA,NA,"L3: COPD","AP",105412
"female","15-19","sc_bus_ylls_ap_COPD",0.00287,"bogota","Bus",NA,NA,"L3: COPD","AP",279280
"female","20-24","sc_bus_ylls_ap_COPD",0.00396,"bogota","Bus",NA,NA,"L3: COPD","AP",360197
"female","25-29","sc_bus_ylls_ap_COPD",0.0075,"bogota","Bus",NA,NA,"L3: COPD","AP",364423
"female","30-34","sc_bus_ylls_ap_COPD",0.02331,"bogota","Bus",NA,NA,"L3: COPD","AP",330341
"female","35-39","sc_bus_ylls_ap_COPD",0.03091,"bogota","Bus",NA,NA,"L3: COPD","AP",309304
"female","40-44","sc_bus_ylls_ap_COPD",0.02508,"bogota","Bus",NA,NA,"L3: COPD","AP",275440
"female","45-49","sc_bus_ylls_ap_COPD",0.02304,"bogota","Bus",NA,NA,"L3: COPD","AP",254843
"female","50-54","sc_bus_ylls_ap_COPD",0.04306,"bogota","Bus",NA,NA,"L3: COPD","AP",256059
"female","55-59","sc_bus_ylls_ap_COPD",0.13452,"bogota","Bus",NA,NA,"L3: COPD","AP",235548
"female","60-64","sc_bus_ylls_ap_COPD",0.00319,"bogota","Bus",NA,NA,"L3: COPD","AP",189600
"female","65-69","sc_bus_ylls_ap_COPD",0.06115,"bogota","Bus",NA,NA,"L3: COPD","AP",141409
"male","15-19","sc_cycle_ylls_ap_COPD_lb",-0.01742,"bogota","Cycling",NA,NA,"L3: COPD","AP",282736
"male","20-24","sc_cycle_ylls_ap_COPD_lb",-0.03941,"bogota","Cycling",NA,NA,"L3: COPD","AP",357934
"male","25-29","sc_cycle_ylls_ap_COPD_lb",-0.05266,"bogota","Cycling",NA,NA,"L3: COPD","AP",360031
"male","30-34","sc_cycle_ylls_ap_COPD_lb",-0.08172,"bogota","Cycling",NA,NA,"L3: COPD","AP",321492
"male","35-39","sc_cycle_ylls_ap_COPD_lb",-0.12493,"bogota","Cycling",NA,NA,"L3: COPD","AP",289808
"male","40-44","sc_cycle_ylls_ap_COPD_lb",-0.10273,"bogota","Cycling",NA,NA,"L3: COPD","AP",244543
"male","45-49","sc_cycle_ylls_ap_COPD_lb",-0.20423,"bogota","Cycling",NA,NA,"L3: COPD","AP",215491
"male","50-54","sc_cycle_ylls_ap_COPD_lb",-0.2987,"bogota","Cycling",NA,NA,"L3: COPD","AP",209137
"male","55-59","sc_cycle_ylls_ap_COPD_lb",-0.40983,"bogota","Cycling",NA,NA,"L3: COPD","AP",187551
"male","60-64","sc_cycle_ylls_ap_COPD_lb",-0.8505,"bogota","Cycling",NA,NA,"L3: COPD","AP",146500
"male","65-69","sc_cycle_ylls_ap_COPD_lb",-0.87067,"bogota","Cycling",NA,NA,"L3: COPD","AP",105412
"female","15-19","sc_cycle_ylls_ap_COPD_lb",-0.01394,"bogota","Cycling",NA,NA,"L3: COPD","AP",279280
"female","20-24","sc_cycle_ylls_ap_COPD_lb",-0.03926,"bogota","Cycling",NA,NA,"L3: COPD","AP",360197
"female","25-29","sc_cycle_ylls_ap_COPD_lb",-0.04226,"bogota","Cycling",NA,NA,"L3: COPD","AP",364423
"female","30-34","sc_cycle_ylls_ap_COPD_lb",-0.04046,"bogota","Cycling",NA,NA,"L3: COPD","AP",330341
"female","35-39","sc_cycle_ylls_ap_COPD_lb",-0.07489,"bogota","Cycling",NA,NA,"L3: COPD","AP",309304
"female","40-44","sc_cycle_ylls_ap_COPD_lb",-0.11886,"bogota","Cycling",NA,NA,"L3: COPD","AP",275440
"female","45-49","sc_cycle_ylls_ap_COPD_lb",-0.08441,"bogota","Cycling",NA,NA,"L3: COPD","AP",254843
"female","50-54","sc_cycle_ylls_ap_COPD_lb",-0.13953,"bogota","Cycling",NA,NA,"L3: COPD","AP",256059
"female","55-59","sc_cycle_ylls_ap_COPD_lb",-0.13227,"bogota","Cycling",NA,NA,"L3: COPD","AP",235548
"female","60-64","sc_cycle_ylls_ap_COPD_lb",-0.16549,"bogota","Cycling",NA,NA,"L3: COPD","AP",189600
"female","65-69","sc_cycle_ylls_ap_COPD_lb",-0.34724,"bogota","Cycling",NA,NA,"L3: COPD","AP",141409
"male","15-19","sc_car_ylls_ap_COPD_lb",-0.01298,"bogota","Car",NA,NA,"L3: COPD","AP",282736
"male","20-24","sc_car_ylls_ap_COPD_lb",-0.03653,"bogota","Car",NA,NA,"L3: COPD","AP",357934
"male","25-29","sc_car_ylls_ap_COPD_lb",-0.02358,"bogota","Car",NA,NA,"L3: COPD","AP",360031
"male","30-34","sc_car_ylls_ap_COPD_lb",-0.05388,"bogota","Car",NA,NA,"L3: COPD","AP",321492
"male","35-39","sc_car_ylls_ap_COPD_lb",-0.05902,"bogota","Car",NA,NA,"L3: COPD","AP",289808
"male","40-44","sc_car_ylls_ap_COPD_lb",-0.05663,"bogota","Car",NA,NA,"L3: COPD","AP",244543
"male","45-49","sc_car_ylls_ap_COPD_lb",-0.11966,"bogota","Car",NA,NA,"L3: COPD","AP",215491
"male","50-54","sc_car_ylls_ap_COPD_lb",-0.18287,"bogota","Car",NA,NA,"L3: COPD","AP",209137
"male","55-59","sc_car_ylls_ap_COPD_lb",-0.47391,"bogota","Car",NA,NA,"L3: COPD","AP",187551
"male","60-64","sc_car_ylls_ap_COPD_lb",-0.47837,"bogota","Car",NA,NA,"L3: COPD","AP",146500
"male","65-69","sc_car_ylls_ap_COPD_lb",-1.14729,"bogota","Car",NA,NA,"L3: COPD","AP",105412
"female","15-19","sc_car_ylls_ap_COPD_lb",-0.0094,"bogota","Car",NA,NA,"L3: COPD","AP",279280
"female","20-24","sc_car_ylls_ap_COPD_lb",-0.02279,"bogota","Car",NA,NA,"L3: COPD","AP",360197
"female","25-29","sc_car_ylls_ap_COPD_lb",-0.0239,"bogota","Car",NA,NA,"L3: COPD","AP",364423
"female","30-34","sc_car_ylls_ap_COPD_lb",-0.03427,"bogota","Car",NA,NA,"L3: COPD","AP",330341
"female","35-39","sc_car_ylls_ap_COPD_lb",-0.04079,"bogota","Car",NA,NA,"L3: COPD","AP",309304
"female","40-44","sc_car_ylls_ap_COPD_lb",-0.04163,"bogota","Car",NA,NA,"L3: COPD","AP",275440
"female","45-49","sc_car_ylls_ap_COPD_lb",-0.10109,"bogota","Car",NA,NA,"L3: COPD","AP",254843
"female","50-54","sc_car_ylls_ap_COPD_lb",-0.23763,"bogota","Car",NA,NA,"L3: COPD","AP",256059
"female","55-59","sc_car_ylls_ap_COPD_lb",-0.30001,"bogota","Car",NA,NA,"L3: COPD","AP",235548
"female","60-64","sc_car_ylls_ap_COPD_lb",-0.56041,"bogota","Car",NA,NA,"L3: COPD","AP",189600
"female","65-69","sc_car_ylls_ap_COPD_lb",-0.44001,"bogota","Car",NA,NA,"L3: COPD","AP",141409
"male","15-19","sc_bus_ylls_ap_COPD_lb",0.01099,"bogota","Bus",NA,NA,"L3: COPD","AP",282736
"male","20-24","sc_bus_ylls_ap_COPD_lb",0.02512,"bogota","Bus",NA,NA,"L3: COPD","AP",357934
"male","25-29","sc_bus_ylls_ap_COPD_lb",0.04042,"bogota","Bus",NA,NA,"L3: COPD","AP",360031
"male","30-34","sc_bus_ylls_ap_COPD_lb",0.0437,"bogota","Bus",NA,NA,"L3: COPD","AP",321492
"male","35-39","sc_bus_ylls_ap_COPD_lb",0.09201,"bogota","Bus",NA,NA,"L3: COPD","AP",289808
"male","40-44","sc_bus_ylls_ap_COPD_lb",0.12624,"bogota","Bus",NA,NA,"L3: COPD","AP",244543
"male","45-49","sc_bus_ylls_ap_COPD_lb",0.18573,"bogota","Bus",NA,NA,"L3: COPD","AP",215491
"male","50-54","sc_bus_ylls_ap_COPD_lb",0.33469,"bogota","Bus",NA,NA,"L3: COPD","AP",209137
"male","55-59","sc_bus_ylls_ap_COPD_lb",0.55039,"bogota","Bus",NA,NA,"L3: COPD","AP",187551
"male","60-64","sc_bus_ylls_ap_COPD_lb",0.6976,"bogota","Bus",NA,NA,"L3: COPD","AP",146500
"male","65-69","sc_bus_ylls_ap_COPD_lb",0.6936,"bogota","Bus",NA,NA,"L3: COPD","AP",105412
"female","15-19","sc_bus_ylls_ap_COPD_lb",0.00287,"bogota","Bus",NA,NA,"L3: COPD","AP",279280
"female","20-24","sc_bus_ylls_ap_COPD_lb",0.00396,"bogota","Bus",NA,NA,"L3: COPD","AP",360197
"female","25-29","sc_bus_ylls_ap_COPD_lb",0.0075,"bogota","Bus",NA,NA,"L3: COPD","AP",364423
"female","30-34","sc_bus_ylls_ap_COPD_lb",0.02331,"bogota","Bus",NA,NA,"L3: COPD","AP",330341
"female","35-39","sc_bus_ylls_ap_COPD_lb",0.03091,"bogota","Bus",NA,NA,"L3: COPD","AP",309304
"female","40-44","sc_bus_ylls_ap_COPD_lb",0.02508,"bogota","Bus",NA,NA,"L3: COPD","AP",275440
"female","45-49","sc_bus_ylls_ap_COPD_lb",0.02304,"bogota","Bus",NA,NA,"L3: COPD","AP",254843
"female","50-54","sc_bus_ylls_ap_COPD_lb",0.04306,"bogota","Bus",NA,NA,"L3: COPD","AP",256059
"female","55-59","sc_bus_ylls_ap_COPD_lb",0.13452,"bogota","Bus",NA,NA,"L3: COPD","AP",235548
"female","60-64","sc_bus_ylls_ap_COPD_lb",0.00319,"bogota","Bus",NA,NA,"L3: COPD","AP",189600
"female","65-69","sc_bus_ylls_ap_COPD_lb",0.06115,"bogota","Bus",NA,NA,"L3: COPD","AP",141409
"male","15-19","sc_cycle_ylls_ap_COPD_ub",-0.01742,"bogota","Cycling",NA,NA,"L3: COPD","AP",282736
"male","20-24","sc_cycle_ylls_ap_COPD_ub",-0.03941,"bogota","Cycling",NA,NA,"L3: COPD","AP",357934
"male","25-29","sc_cycle_ylls_ap_COPD_ub",-0.05266,"bogota","Cycling",NA,NA,"L3: COPD","AP",360031
"male","30-34","sc_cycle_ylls_ap_COPD_ub",-0.08172,"bogota","Cycling",NA,NA,"L3: COPD","AP",321492
"male","35-39","sc_cycle_ylls_ap_COPD_ub",-0.12493,"bogota","Cycling",NA,NA,"L3: COPD","AP",289808
"male","40-44","sc_cycle_ylls_ap_COPD_ub",-0.10273,"bogota","Cycling",NA,NA,"L3: COPD","AP",244543
"male","45-49","sc_cycle_ylls_ap_COPD_ub",-0.20423,"bogota","Cycling",NA,NA,"L3: COPD","AP",215491
"male","50-54","sc_cycle_ylls_ap_COPD_ub",-0.2987,"bogota","Cycling",NA,NA,"L3: COPD","AP",209137
"male","55-59","sc_cycle_ylls_ap_COPD_ub",-0.40983,"bogota","Cycling",NA,NA,"L3: COPD","AP",187551
"male","60-64","sc_cycle_ylls_ap_COPD_ub",-0.8505,"bogota","Cycling",NA,NA,"L3: COPD","AP",146500
"male","65-69","sc_cycle_ylls_ap_COPD_ub",-0.87067,"bogota","Cycling",NA,NA,"L3: COPD","AP",105412
"female","15-19","sc_cycle_ylls_ap_COPD_ub",-0.01394,"bogota","Cycling",NA,NA,"L3: COPD","AP",279280
"female","20-24","sc_cycle_ylls_ap_COPD_ub",-0.03926,"bogota","Cycling",NA,NA,"L3: COPD","AP",360197
"female","25-29","sc_cycle_ylls_ap_COPD_ub",-0.04226,"bogota","Cycling",NA,NA,"L3: COPD","AP",364423
"female","30-34","sc_cycle_ylls_ap_COPD_ub",-0.04046,"bogota","Cycling",NA,NA,"L3: COPD","AP",330341
"female","35-39","sc_cycle_ylls_ap_COPD_ub",-0.07489,"bogota","Cycling",NA,NA,"L3: COPD","AP",309304
"female","40-44","sc_cycle_ylls_ap_COPD_ub",-0.11886,"bogota","Cycling",NA,NA,"L3: COPD","AP",275440
"female","45-49","sc_cycle_ylls_ap_COPD_ub",-0.08441,"bogota","Cycling",NA,NA,"L3: COPD","AP",254843
"female","50-54","sc_cycle_ylls_ap_COPD_ub",-0.13953,"bogota","Cycling",NA,NA,"L3: COPD","AP",256059
"female","55-59","sc_cycle_ylls_ap_COPD_ub",-0.13227,"bogota","Cycling",NA,NA,"L3: COPD","AP",235548
"female","60-64","sc_cycle_ylls_ap_COPD_ub",-0.16549,"bogota","Cycling",NA,NA,"L3: COPD","AP",189600
"female","65-69","sc_cycle_ylls_ap_COPD_ub",-0.34724,"bogota","Cycling",NA,NA,"L3: COPD","AP",141409
"male","15-19","sc_car_ylls_ap_COPD_ub",-0.01298,"bogota","Car",NA,NA,"L3: COPD","AP",282736
"male","20-24","sc_car_ylls_ap_COPD_ub",-0.03653,"bogota","Car",NA,NA,"L3: COPD","AP",357934
"male","25-29","sc_car_ylls_ap_COPD_ub",-0.02358,"bogota","Car",NA,NA,"L3: COPD","AP",360031
"male","30-34","sc_car_ylls_ap_COPD_ub",-0.05388,"bogota","Car",NA,NA,"L3: COPD","AP",321492
"male","35-39","sc_car_ylls_ap_COPD_ub",-0.05902,"bogota","Car",NA,NA,"L3: COPD","AP",289808
"male","40-44","sc_car_ylls_ap_COPD_ub",-0.05663,"bogota","Car",NA,NA,"L3: COPD","AP",244543
"male","45-49","sc_car_ylls_ap_COPD_ub",-0.11966,"bogota","Car",NA,NA,"L3: COPD","AP",215491
"male","50-54","sc_car_ylls_ap_COPD_ub",-0.18287,"bogota","Car",NA,NA,"L3: COPD","AP",209137
"male","55-59","sc_car_ylls_ap_COPD_ub",-0.47391,"bogota","Car",NA,NA,"L3: COPD","AP",187551
"male","60-64","sc_car_ylls_ap_COPD_ub",-0.47837,"bogota","Car",NA,NA,"L3: COPD","AP",146500
"male","65-69","sc_car_ylls_ap_COPD_ub",-1.14729,"bogota","Car",NA,NA,"L3: COPD","AP",105412
"female","15-19","sc_car_ylls_ap_COPD_ub",-0.0094,"bogota","Car",NA,NA,"L3: COPD","AP",279280
"female","20-24","sc_car_ylls_ap_COPD_ub",-0.02279,"bogota","Car",NA,NA,"L3: COPD","AP",360197
"female","25-29","sc_car_ylls_ap_COPD_ub",-0.0239,"bogota","Car",NA,NA,"L3: COPD","AP",364423
"female","30-34","sc_car_ylls_ap_COPD_ub",-0.03427,"bogota","Car",NA,NA,"L3: COPD","AP",330341
"female","35-39","sc_car_ylls_ap_COPD_ub",-0.04079,"bogota","Car",NA,NA,"L3: COPD","AP",309304
"female","40-44","sc_car_ylls_ap_COPD_ub",-0.04163,"bogota","Car",NA,NA,"L3: COPD","AP",275440
"female","45-49","sc_car_ylls_ap_COPD_ub",-0.10109,"bogota","Car",NA,NA,"L3: COPD","AP",254843
"female","50-54","sc_car_ylls_ap_COPD_ub",-0.23763,"bogota","Car",NA,NA,"L3: COPD","AP",256059
"female","55-59","sc_car_ylls_ap_COPD_ub",-0.30001,"bogota","Car",NA,NA,"L3: COPD","AP",235548
"female","60-64","sc_car_ylls_ap_COPD_ub",-0.56041,"bogota","Car",NA,NA,"L3: COPD","AP",189600
"female","65-69","sc_car_ylls_ap_COPD_ub",-0.44001,"bogota","Car",NA,NA,"L3: COPD","AP",141409
"male","15-19","sc_bus_ylls_ap_COPD_ub",0.01099,"bogota","Bus",NA,NA,"L3: COPD","AP",282736
"male","20-24","sc_bus_ylls_ap_COPD_ub",0.02512,"bogota","Bus",NA,NA,"L3: COPD","AP",357934
"male","25-29","sc_bus_ylls_ap_COPD_ub",0.04042,"bogota","Bus",NA,NA,"L3: COPD","AP",360031
"male","30-34","sc_bus_ylls_ap_COPD_ub",0.0437,"bogota","Bus",NA,NA,"L3: COPD","AP",321492
"male","35-39","sc_bus_ylls_ap_COPD_ub",0.09201,"bogota","Bus",NA,NA,"L3: COPD","AP",289808
"male","40-44","sc_bus_ylls_ap_COPD_ub",0.12624,"bogota","Bus",NA,NA,"L3: COPD","AP",244543
"male","45-49","sc_bus_ylls_ap_COPD_ub",0.18573,"bogota","Bus",NA,NA,"L3: COPD","AP",215491
"male","50-54","sc_bus_ylls_ap_COPD_ub",0.33469,"bogota","Bus",NA,NA,"L3: COPD","AP",209137
"male","55-59","sc_bus_ylls_ap_COPD_ub",0.55039,"bogota","Bus",NA,NA,"L3: COPD","AP",187551
"male","60-64","sc_bus_ylls_ap_COPD_ub",0.6976,"bogota","Bus",NA,NA,"L3: COPD","AP",146500
"male","65-69","sc_bus_ylls_ap_COPD_ub",0.6936,"bogota","Bus",NA,NA,"L3: COPD","AP",105412
"female","15-19","sc_bus_ylls_ap_COPD_ub",0.00287,"bogota","Bus",NA,NA,"L3: COPD","AP",279280
"female","20-24","sc_bus_ylls_ap_COPD_ub",0.00396,"bogota","Bus",NA,NA,"L3: COPD","AP",360197
"female","25-29","sc_bus_ylls_ap_COPD_ub",0.0075,"bogota","Bus",NA,NA,"L3: COPD","AP",364423
"female","30-34","sc_bus_ylls_ap_COPD_ub",0.02331,"bogota","Bus",NA,NA,"L3: COPD","AP",330341
"female","35-39","sc_bus_ylls_ap_COPD_ub",0.03091,"bogota","Bus",NA,NA,"L3: COPD","AP",309304
"female","40-44","sc_bus_ylls_ap_COPD_ub",0.02508,"bogota","Bus",NA,NA,"L3: COPD","AP",275440
"female","45-49","sc_bus_ylls_ap_COPD_ub",0.02304,"bogota","Bus",NA,NA,"L3: COPD","AP",254843
"female","50-54","sc_bus_ylls_ap_COPD_ub",0.04306,"bogota","Bus",NA,NA,"L3: COPD","AP",256059
"female","55-59","sc_bus_ylls_ap_COPD_ub",0.13452,"bogota","Bus",NA,NA,"L3: COPD","AP",235548
"female","60-64","sc_bus_ylls_ap_COPD_ub",0.00319,"bogota","Bus",NA,NA,"L3: COPD","AP",189600
"female","65-69","sc_bus_ylls_ap_COPD_ub",0.06115,"bogota","Bus",NA,NA,"L3: COPD","AP",141409
"male","15-19","sc_cycle_ylls_pa_stroke",0.37927,"bogota","Cycling",NA,NA,"L3: stroke","PA",282736
"male","20-24","sc_cycle_ylls_pa_stroke",0.69292,"bogota","Cycling",NA,NA,"L3: stroke","PA",357934
"male","25-29","sc_cycle_ylls_pa_stroke",2.57091,"bogota","Cycling",NA,NA,"L3: stroke","PA",360031
"male","30-34","sc_cycle_ylls_pa_stroke",2.9861,"bogota","Cycling",NA,NA,"L3: stroke","PA",321492
"male","35-39","sc_cycle_ylls_pa_stroke",5.80232,"bogota","Cycling",NA,NA,"L3: stroke","PA",289808
"male","40-44","sc_cycle_ylls_pa_stroke",4.16826,"bogota","Cycling",NA,NA,"L3: stroke","PA",244543
"male","45-49","sc_cycle_ylls_pa_stroke",7.20735,"bogota","Cycling",NA,NA,"L3: stroke","PA",215491
"male","50-54","sc_cycle_ylls_pa_stroke",8.55288,"bogota","Cycling",NA,NA,"L3: stroke","PA",209137
"male","55-59","sc_cycle_ylls_pa_stroke",8.6808,"bogota","Cycling",NA,NA,"L3: stroke","PA",187551
"male","60-64","sc_cycle_ylls_pa_stroke",10.97901,"bogota","Cycling",NA,NA,"L3: stroke","PA",146500
"male","65-69","sc_cycle_ylls_pa_stroke",17.02092,"bogota","Cycling",NA,NA,"L3: stroke","PA",105412
"female","15-19","sc_cycle_ylls_pa_stroke",0.33246,"bogota","Cycling",NA,NA,"L3: stroke","PA",279280
"female","20-24","sc_cycle_ylls_pa_stroke",0.93778,"bogota","Cycling",NA,NA,"L3: stroke","PA",360197
"female","25-29","sc_cycle_ylls_pa_stroke",1.07803,"bogota","Cycling",NA,NA,"L3: stroke","PA",364423
"female","30-34","sc_cycle_ylls_pa_stroke",2.09319,"bogota","Cycling",NA,NA,"L3: stroke","PA",330341
"female","35-39","sc_cycle_ylls_pa_stroke",3.58855,"bogota","Cycling",NA,NA,"L3: stroke","PA",309304
"female","40-44","sc_cycle_ylls_pa_stroke",4.74014,"bogota","Cycling",NA,NA,"L3: stroke","PA",275440
"female","45-49","sc_cycle_ylls_pa_stroke",6.01364,"bogota","Cycling",NA,NA,"L3: stroke","PA",254843
"female","50-54","sc_cycle_ylls_pa_stroke",7.42872,"bogota","Cycling",NA,NA,"L3: stroke","PA",256059
"female","55-59","sc_cycle_ylls_pa_stroke",7.76015,"bogota","Cycling",NA,NA,"L3: stroke","PA",235548
"female","60-64","sc_cycle_ylls_pa_stroke",8.28194,"bogota","Cycling",NA,NA,"L3: stroke","PA",189600
"female","65-69","sc_cycle_ylls_pa_stroke",14.0253,"bogota","Cycling",NA,NA,"L3: stroke","PA",141409
"male","15-19","sc_car_ylls_pa_stroke",-0.64601,"bogota","Car",NA,NA,"L3: stroke","PA",282736
"male","20-24","sc_car_ylls_pa_stroke",-1.15171,"bogota","Car",NA,NA,"L3: stroke","PA",357934
"male","25-29","sc_car_ylls_pa_stroke",-2.29595,"bogota","Car",NA,NA,"L3: stroke","PA",360031
"male","30-34","sc_car_ylls_pa_stroke",-1.88556,"bogota","Car",NA,NA,"L3: stroke","PA",321492
"male","35-39","sc_car_ylls_pa_stroke",-3.22307,"bogota","Car",NA,NA,"L3: stroke","PA",289808
"male","40-44","sc_car_ylls_pa_stroke",-2.59082,"bogota","Car",NA,NA,"L3: stroke","PA",244543
"male","45-49","sc_car_ylls_pa_stroke",-4.87157,"bogota","Car",NA,NA,"L3: stroke","PA",215491
"male","50-54","sc_car_ylls_pa_stroke",-6.87903,"bogota","Car",NA,NA,"L3: stroke","PA",209137
"male","55-59","sc_car_ylls_pa_stroke",-9.9392,"bogota","Car",NA,NA,"L3: stroke","PA",187551
"male","60-64","sc_car_ylls_pa_stroke",-5.09446,"bogota","Car",NA,NA,"L3: stroke","PA",146500
"male","65-69","sc_car_ylls_pa_stroke",-13.53257,"bogota","Car",NA,NA,"L3: stroke","PA",105412
"female","15-19","sc_car_ylls_pa_stroke",-0.70752,"bogota","Car",NA,NA,"L3: stroke","PA",279280
"female","20-24","sc_car_ylls_pa_stroke",-1.64934,"bogota","Car",NA,NA,"L3: stroke","PA",360197
"female","25-29","sc_car_ylls_pa_stroke",-1.61323,"bogota","Car",NA,NA,"L3: stroke","PA",364423
"female","30-34","sc_car_ylls_pa_stroke",-2.17067,"bogota","Car",NA,NA,"L3: stroke","PA",330341
"female","35-39","sc_car_ylls_pa_stroke",-3.18101,"bogota","Car",NA,NA,"L3: stroke","PA",309304
"female","40-44","sc_car_ylls_pa_stroke",-4.98958,"bogota","Car",NA,NA,"L3: stroke","PA",275440
"female","45-49","sc_car_ylls_pa_stroke",-7.19611,"bogota","Car",NA,NA,"L3: stroke","PA",254843
"female","50-54","sc_car_ylls_pa_stroke",-9.42415,"bogota","Car",NA,NA,"L3: stroke","PA",256059
"female","55-59","sc_car_ylls_pa_stroke",-9.67864,"bogota","Car",NA,NA,"L3: stroke","PA",235548
"female","60-64","sc_car_ylls_pa_stroke",-8.26842,"bogota","Car",NA,NA,"L3: stroke","PA",189600
"female","65-69","sc_car_ylls_pa_stroke",-9.78279,"bogota","Car",NA,NA,"L3: stroke","PA",141409
"male","15-19","sc_bus_ylls_pa_stroke",0.43006,"bogota","Bus",NA,NA,"L3: stroke","PA",282736
"male","20-24","sc_bus_ylls_pa_stroke",1.35191,"bogota","Bus",NA,NA,"L3: stroke","PA",357934
"male","25-29","sc_bus_ylls_pa_stroke",3.82687,"bogota","Bus",NA,NA,"L3: stroke","PA",360031
"male","30-34","sc_bus_ylls_pa_stroke",4.46776,"bogota","Bus",NA,NA,"L3: stroke","PA",321492
"male","35-39","sc_bus_ylls_pa_stroke",9.36984,"bogota","Bus",NA,NA,"L3: stroke","PA",289808
"male","40-44","sc_bus_ylls_pa_stroke",7.65357,"bogota","Bus",NA,NA,"L3: stroke","PA",244543
"male","45-49","sc_bus_ylls_pa_stroke",11.8626,"bogota","Bus",NA,NA,"L3: stroke","PA",215491
"male","50-54","sc_bus_ylls_pa_stroke",15.10235,"bogota","Bus",NA,NA,"L3: stroke","PA",209137
"male","55-59","sc_bus_ylls_pa_stroke",20.51765,"bogota","Bus",NA,NA,"L3: stroke","PA",187551
"male","60-64","sc_bus_ylls_pa_stroke",20.03526,"bogota","Bus",NA,NA,"L3: stroke","PA",146500
"male","65-69","sc_bus_ylls_pa_stroke",23.01969,"bogota","Bus",NA,NA,"L3: stroke","PA",105412
"female","15-19","sc_bus_ylls_pa_stroke",0.5444,"bogota","Bus",NA,NA,"L3: stroke","PA",279280
"female","20-24","sc_bus_ylls_pa_stroke",0.97953,"bogota","Bus",NA,NA,"L3: stroke","PA",360197
"female","25-29","sc_bus_ylls_pa_stroke",1.5567,"bogota","Bus",NA,NA,"L3: stroke","PA",364423
"female","30-34","sc_bus_ylls_pa_stroke",2.49783,"bogota","Bus",NA,NA,"L3: stroke","PA",330341
"female","35-39","sc_bus_ylls_pa_stroke",5.02206,"bogota","Bus",NA,NA,"L3: stroke","PA",309304
"female","40-44","sc_bus_ylls_pa_stroke",6.51637,"bogota","Bus",NA,NA,"L3: stroke","PA",275440
"female","45-49","sc_bus_ylls_pa_stroke",7.272,"bogota","Bus",NA,NA,"L3: stroke","PA",254843
"female","50-54","sc_bus_ylls_pa_stroke",8.62266,"bogota","Bus",NA,NA,"L3: stroke","PA",256059
"female","55-59","sc_bus_ylls_pa_stroke",12.96131,"bogota","Bus",NA,NA,"L3: stroke","PA",235548
"female","60-64","sc_bus_ylls_pa_stroke",8.88238,"bogota","Bus",NA,NA,"L3: stroke","PA",189600
"female","65-69","sc_bus_ylls_pa_stroke",13.07729,"bogota","Bus",NA,NA,"L3: stroke","PA",141409
"male","15-19","sc_cycle_ylls_pa_stroke_lb",0.60037,"bogota","Cycling",NA,NA,"L3: stroke","PA",282736
"male","20-24","sc_cycle_ylls_pa_stroke_lb",1.10008,"bogota","Cycling",NA,NA,"L3: stroke","PA",357934
"male","25-29","sc_cycle_ylls_pa_stroke_lb",4.12799,"bogota","Cycling",NA,NA,"L3: stroke","PA",360031
"male","30-34","sc_cycle_ylls_pa_stroke_lb",4.83554,"bogota","Cycling",NA,NA,"L3: stroke","PA",321492
"male","35-39","sc_cycle_ylls_pa_stroke_lb",9.23769,"bogota","Cycling",NA,NA,"L3: stroke","PA",289808
"male","40-44","sc_cycle_ylls_pa_stroke_lb",6.7621,"bogota","Cycling",NA,NA,"L3: stroke","PA",244543
"male","45-49","sc_cycle_ylls_pa_stroke_lb",11.2832,"bogota","Cycling",NA,NA,"L3: stroke","PA",215491
"male","50-54","sc_cycle_ylls_pa_stroke_lb",13.90848,"bogota","Cycling",NA,NA,"L3: stroke","PA",209137
"male","55-59","sc_cycle_ylls_pa_stroke_lb",13.30751,"bogota","Cycling",NA,NA,"L3: stroke","PA",187551
"male","60-64","sc_cycle_ylls_pa_stroke_lb",17.02377,"bogota","Cycling",NA,NA,"L3: stroke","PA",146500
"male","65-69","sc_cycle_ylls_pa_stroke_lb",26.4223,"bogota","Cycling",NA,NA,"L3: stroke","PA",105412
"female","15-19","sc_cycle_ylls_pa_stroke_lb",0.50671,"bogota","Cycling",NA,NA,"L3: stroke","PA",279280
"female","20-24","sc_cycle_ylls_pa_stroke_lb",1.44348,"bogota","Cycling",NA,NA,"L3: stroke","PA",360197
"female","25-29","sc_cycle_ylls_pa_stroke_lb",1.61959,"bogota","Cycling",NA,NA,"L3: stroke","PA",364423
"female","30-34","sc_cycle_ylls_pa_stroke_lb",3.30994,"bogota","Cycling",NA,NA,"L3: stroke","PA",330341
"female","35-39","sc_cycle_ylls_pa_stroke_lb",5.57728,"bogota","Cycling",NA,NA,"L3: stroke","PA",309304
"female","40-44","sc_cycle_ylls_pa_stroke_lb",7.46096,"bogota","Cycling",NA,NA,"L3: stroke","PA",275440
"female","45-49","sc_cycle_ylls_pa_stroke_lb",9.53092,"bogota","Cycling",NA,NA,"L3: stroke","PA",254843
"female","50-54","sc_cycle_ylls_pa_stroke_lb",11.61303,"bogota","Cycling",NA,NA,"L3: stroke","PA",256059
"female","55-59","sc_cycle_ylls_pa_stroke_lb",12.32688,"bogota","Cycling",NA,NA,"L3: stroke","PA",235548
"female","60-64","sc_cycle_ylls_pa_stroke_lb",13.33284,"bogota","Cycling",NA,NA,"L3: stroke","PA",189600
"female","65-69","sc_cycle_ylls_pa_stroke_lb",21.49982,"bogota","Cycling",NA,NA,"L3: stroke","PA",141409
"male","15-19","sc_car_ylls_pa_stroke_lb",-1.0647,"bogota","Car",NA,NA,"L3: stroke","PA",282736
"male","20-24","sc_car_ylls_pa_stroke_lb",-1.87672,"bogota","Car",NA,NA,"L3: stroke","PA",357934
"male","25-29","sc_car_ylls_pa_stroke_lb",-3.81882,"bogota","Car",NA,NA,"L3: stroke","PA",360031
"male","30-34","sc_car_ylls_pa_stroke_lb",-3.08743,"bogota","Car",NA,NA,"L3: stroke","PA",321492
"male","35-39","sc_car_ylls_pa_stroke_lb",-5.21265,"bogota","Car",NA,NA,"L3: stroke","PA",289808
"male","40-44","sc_car_ylls_pa_stroke_lb",-4.155,"bogota","Car",NA,NA,"L3: stroke","PA",244543
"male","45-49","sc_car_ylls_pa_stroke_lb",-7.98377,"bogota","Car",NA,NA,"L3: stroke","PA",215491
"male","50-54","sc_car_ylls_pa_stroke_lb",-11.22331,"bogota","Car",NA,NA,"L3: stroke","PA",209137
"male","55-59","sc_car_ylls_pa_stroke_lb",-15.96951,"bogota","Car",NA,NA,"L3: stroke","PA",187551
"male","60-64","sc_car_ylls_pa_stroke_lb",-7.75453,"bogota","Car",NA,NA,"L3: stroke","PA",146500
"male","65-69","sc_car_ylls_pa_stroke_lb",-21.27867,"bogota","Car",NA,NA,"L3: stroke","PA",105412
"female","15-19","sc_car_ylls_pa_stroke_lb",-1.15755,"bogota","Car",NA,NA,"L3: stroke","PA",279280
"female","20-24","sc_car_ylls_pa_stroke_lb",-2.67247,"bogota","Car",NA,NA,"L3: stroke","PA",360197
"female","25-29","sc_car_ylls_pa_stroke_lb",-2.55119,"bogota","Car",NA,NA,"L3: stroke","PA",364423
"female","30-34","sc_car_ylls_pa_stroke_lb",-3.48667,"bogota","Car",NA,NA,"L3: stroke","PA",330341
"female","35-39","sc_car_ylls_pa_stroke_lb",-5.09163,"bogota","Car",NA,NA,"L3: stroke","PA",309304
"female","40-44","sc_car_ylls_pa_stroke_lb",-8.11278,"bogota","Car",NA,NA,"L3: stroke","PA",275440
"female","45-49","sc_car_ylls_pa_stroke_lb",-11.4901,"bogota","Car",NA,NA,"L3: stroke","PA",254843
"female","50-54","sc_car_ylls_pa_stroke_lb",-15.0262,"bogota","Car",NA,NA,"L3: stroke","PA",256059
"female","55-59","sc_car_ylls_pa_stroke_lb",-15.34916,"bogota","Car",NA,NA,"L3: stroke","PA",235548
"female","60-64","sc_car_ylls_pa_stroke_lb",-12.8425,"bogota","Car",NA,NA,"L3: stroke","PA",189600
"female","65-69","sc_car_ylls_pa_stroke_lb",-15.10719,"bogota","Car",NA,NA,"L3: stroke","PA",141409
"male","15-19","sc_bus_ylls_pa_stroke_lb",0.77558,"bogota","Bus",NA,NA,"L3: stroke","PA",282736
"male","20-24","sc_bus_ylls_pa_stroke_lb",2.40813,"bogota","Bus",NA,NA,"L3: stroke","PA",357934
"male","25-29","sc_bus_ylls_pa_stroke_lb",6.72529,"bogota","Bus",NA,NA,"L3: stroke","PA",360031
"male","30-34","sc_bus_ylls_pa_stroke_lb",7.83405,"bogota","Bus",NA,NA,"L3: stroke","PA",321492
"male","35-39","sc_bus_ylls_pa_stroke_lb",16.39335,"bogota","Bus",NA,NA,"L3: stroke","PA",289808
"male","40-44","sc_bus_ylls_pa_stroke_lb",13.38823,"bogota","Bus",NA,NA,"L3: stroke","PA",244543
"male","45-49","sc_bus_ylls_pa_stroke_lb",20.45468,"bogota","Bus",NA,NA,"L3: stroke","PA",215491
"male","50-54","sc_bus_ylls_pa_stroke_lb",26.35185,"bogota","Bus",NA,NA,"L3: stroke","PA",209137
"male","55-59","sc_bus_ylls_pa_stroke_lb",35.99759,"bogota","Bus",NA,NA,"L3: stroke","PA",187551
"male","60-64","sc_bus_ylls_pa_stroke_lb",34.95418,"bogota","Bus",NA,NA,"L3: stroke","PA",146500
"male","65-69","sc_bus_ylls_pa_stroke_lb",39.42939,"bogota","Bus",NA,NA,"L3: stroke","PA",105412
"female","15-19","sc_bus_ylls_pa_stroke_lb",0.96194,"bogota","Bus",NA,NA,"L3: stroke","PA",279280
"female","20-24","sc_bus_ylls_pa_stroke_lb",1.73954,"bogota","Bus",NA,NA,"L3: stroke","PA",360197
"female","25-29","sc_bus_ylls_pa_stroke_lb",2.70381,"bogota","Bus",NA,NA,"L3: stroke","PA",364423
"female","30-34","sc_bus_ylls_pa_stroke_lb",4.34987,"bogota","Bus",NA,NA,"L3: stroke","PA",330341
"female","35-39","sc_bus_ylls_pa_stroke_lb",8.80538,"bogota","Bus",NA,NA,"L3: stroke","PA",309304
"female","40-44","sc_bus_ylls_pa_stroke_lb",11.46542,"bogota","Bus",NA,NA,"L3: stroke","PA",275440
"female","45-49","sc_bus_ylls_pa_stroke_lb",12.83899,"bogota","Bus",NA,NA,"L3: stroke","PA",254843
"female","50-54","sc_bus_ylls_pa_stroke_lb",14.98942,"bogota","Bus",NA,NA,"L3: stroke","PA",256059
"female","55-59","sc_bus_ylls_pa_stroke_lb",22.6296,"bogota","Bus",NA,NA,"L3: stroke","PA",235548
"female","60-64","sc_bus_ylls_pa_stroke_lb",15.26177,"bogota","Bus",NA,NA,"L3: stroke","PA",189600
"female","65-69","sc_bus_ylls_pa_stroke_lb",22.38484,"bogota","Bus",NA,NA,"L3: stroke","PA",141409
"male","15-19","sc_cycle_ylls_pa_stroke_ub",0.17153,"bogota","Cycling",NA,NA,"L3: stroke","PA",282736
"male","20-24","sc_cycle_ylls_pa_stroke_ub",0.31133,"bogota","Cycling",NA,NA,"L3: stroke","PA",357934
"male","25-29","sc_cycle_ylls_pa_stroke_ub",1.09553,"bogota","Cycling",NA,NA,"L3: stroke","PA",360031
"male","30-34","sc_cycle_ylls_pa_stroke_ub",1.23425,"bogota","Cycling",NA,NA,"L3: stroke","PA",321492
"male","35-39","sc_cycle_ylls_pa_stroke_ub",2.44274,"bogota","Cycling",NA,NA,"L3: stroke","PA",289808
"male","40-44","sc_cycle_ylls_pa_stroke_ub",1.69985,"bogota","Cycling",NA,NA,"L3: stroke","PA",244543
"male","45-49","sc_cycle_ylls_pa_stroke_ub",3.17267,"bogota","Cycling",NA,NA,"L3: stroke","PA",215491
"male","50-54","sc_cycle_ylls_pa_stroke_ub",3.4763,"bogota","Cycling",NA,NA,"L3: stroke","PA",209137
"male","55-59","sc_cycle_ylls_pa_stroke_ub",4.0358,"bogota","Cycling",NA,NA,"L3: stroke","PA",187551
"male","60-64","sc_cycle_ylls_pa_stroke_ub",4.96519,"bogota","Cycling",NA,NA,"L3: stroke","PA",146500
"male","65-69","sc_cycle_ylls_pa_stroke_ub",7.32551,"bogota","Cycling",NA,NA,"L3: stroke","PA",105412
"female","15-19","sc_cycle_ylls_pa_stroke_ub",0.16103,"bogota","Cycling",NA,NA,"L3: stroke","PA",279280
"female","20-24","sc_cycle_ylls_pa_stroke_ub",0.44144,"bogota","Cycling",NA,NA,"L3: stroke","PA",360197
"female","25-29","sc_cycle_ylls_pa_stroke_ub",0.53993,"bogota","Cycling",NA,NA,"L3: stroke","PA",364423
"female","30-34","sc_cycle_ylls_pa_stroke_ub",0.91807,"bogota","Cycling",NA,NA,"L3: stroke","PA",330341
"female","35-39","sc_cycle_ylls_pa_stroke_ub",1.63193,"bogota","Cycling",NA,NA,"L3: stroke","PA",309304
"female","40-44","sc_cycle_ylls_pa_stroke_ub",2.08385,"bogota","Cycling",NA,NA,"L3: stroke","PA",275440
"female","45-49","sc_cycle_ylls_pa_stroke_ub",2.61279,"bogota","Cycling",NA,NA,"L3: stroke","PA",254843
"female","50-54","sc_cycle_ylls_pa_stroke_ub",3.31809,"bogota","Cycling",NA,NA,"L3: stroke","PA",256059
"female","55-59","sc_cycle_ylls_pa_stroke_ub",3.36545,"bogota","Cycling",NA,NA,"L3: stroke","PA",235548
"female","60-64","sc_cycle_ylls_pa_stroke_ub",3.41212,"bogota","Cycling",NA,NA,"L3: stroke","PA",189600
"female","65-69","sc_cycle_ylls_pa_stroke_ub",6.23432,"bogota","Cycling",NA,NA,"L3: stroke","PA",141409
"male","15-19","sc_car_ylls_pa_stroke_ub",-0.25986,"bogota","Car",NA,NA,"L3: stroke","PA",282736
"male","20-24","sc_car_ylls_pa_stroke_ub",-0.47052,"bogota","Car",NA,NA,"L3: stroke","PA",357934
"male","25-29","sc_car_ylls_pa_stroke_ub",-0.8822,"bogota","Car",NA,NA,"L3: stroke","PA",360031
"male","30-34","sc_car_ylls_pa_stroke_ub",-0.73951,"bogota","Car",NA,NA,"L3: stroke","PA",321492
"male","35-39","sc_car_ylls_pa_stroke_ub",-1.26632,"bogota","Car",NA,NA,"L3: stroke","PA",289808
"male","40-44","sc_car_ylls_pa_stroke_ub",-1.0746,"bogota","Car",NA,NA,"L3: stroke","PA",244543
"male","45-49","sc_car_ylls_pa_stroke_ub",-1.85689,"bogota","Car",NA,NA,"L3: stroke","PA",215491
"male","50-54","sc_car_ylls_pa_stroke_ub",-2.71589,"bogota","Car",NA,NA,"L3: stroke","PA",209137
"male","55-59","sc_car_ylls_pa_stroke_ub",-4.02177,"bogota","Car",NA,NA,"L3: stroke","PA",187551
"male","60-64","sc_car_ylls_pa_stroke_ub",-2.32694,"bogota","Car",NA,NA,"L3: stroke","PA",146500
"male","65-69","sc_car_ylls_pa_stroke_ub",-5.54643,"bogota","Car",NA,NA,"L3: stroke","PA",105412
"female","15-19","sc_car_ylls_pa_stroke_ub",-0.27868,"bogota","Car",NA,NA,"L3: stroke","PA",279280
"female","20-24","sc_car_ylls_pa_stroke_ub",-0.67027,"bogota","Car",NA,NA,"L3: stroke","PA",360197
"female","25-29","sc_car_ylls_pa_stroke_ub",-0.70559,"bogota","Car",NA,NA,"L3: stroke","PA",364423
"female","30-34","sc_car_ylls_pa_stroke_ub",-0.89542,"bogota","Car",NA,NA,"L3: stroke","PA",330341
"female","35-39","sc_car_ylls_pa_stroke_ub",-1.31514,"bogota","Car",NA,NA,"L3: stroke","PA",309304
"female","40-44","sc_car_ylls_pa_stroke_ub",-1.97675,"bogota","Car",NA,NA,"L3: stroke","PA",275440
"female","45-49","sc_car_ylls_pa_stroke_ub",-2.95856,"bogota","Car",NA,NA,"L3: stroke","PA",254843
"female","50-54","sc_car_ylls_pa_stroke_ub",-3.94536,"bogota","Car",NA,NA,"L3: stroke","PA",256059
"female","55-59","sc_car_ylls_pa_stroke_ub",-4.09256,"bogota","Car",NA,NA,"L3: stroke","PA",235548
"female","60-64","sc_car_ylls_pa_stroke_ub",-3.6209,"bogota","Car",NA,NA,"L3: stroke","PA",189600
"female","65-69","sc_car_ylls_pa_stroke_ub",-4.16203,"bogota","Car",NA,NA,"L3: stroke","PA",141409
"male","15-19","sc_bus_ylls_pa_stroke_ub",0.12666,"bogota","Bus",NA,NA,"L3: stroke","PA",282736
"male","20-24","sc_bus_ylls_pa_stroke_ub",0.41909,"bogota","Bus",NA,NA,"L3: stroke","PA",357934
"male","25-29","sc_bus_ylls_pa_stroke_ub",1.21012,"bogota","Bus",NA,NA,"L3: stroke","PA",360031
"male","30-34","sc_bus_ylls_pa_stroke_ub",1.40983,"bogota","Bus",NA,NA,"L3: stroke","PA",321492
"male","35-39","sc_bus_ylls_pa_stroke_ub",2.87794,"bogota","Bus",NA,NA,"L3: stroke","PA",289808
"male","40-44","sc_bus_ylls_pa_stroke_ub",2.38119,"bogota","Bus",NA,NA,"L3: stroke","PA",244543
"male","45-49","sc_bus_ylls_pa_stroke_ub",3.77228,"bogota","Bus",NA,NA,"L3: stroke","PA",215491
"male","50-54","sc_bus_ylls_pa_stroke_ub",4.79433,"bogota","Bus",NA,NA,"L3: stroke","PA",209137
"male","55-59","sc_bus_ylls_pa_stroke_ub",6.25105,"bogota","Bus",NA,NA,"L3: stroke","PA",187551
"male","60-64","sc_bus_ylls_pa_stroke_ub",6.26283,"bogota","Bus",NA,NA,"L3: stroke","PA",146500
"male","65-69","sc_bus_ylls_pa_stroke_ub",7.07962,"bogota","Bus",NA,NA,"L3: stroke","PA",105412
"female","15-19","sc_bus_ylls_pa_stroke_ub",0.16654,"bogota","Bus",NA,NA,"L3: stroke","PA",279280
"female","20-24","sc_bus_ylls_pa_stroke_ub",0.29197,"bogota","Bus",NA,NA,"L3: stroke","PA",360197
"female","25-29","sc_bus_ylls_pa_stroke_ub",0.50687,"bogota","Bus",NA,NA,"L3: stroke","PA",364423
"female","30-34","sc_bus_ylls_pa_stroke_ub",0.78478,"bogota","Bus",NA,NA,"L3: stroke","PA",330341
"female","35-39","sc_bus_ylls_pa_stroke_ub",1.55971,"bogota","Bus",NA,NA,"L3: stroke","PA",309304
"female","40-44","sc_bus_ylls_pa_stroke_ub",2.00272,"bogota","Bus",NA,NA,"L3: stroke","PA",275440
"female","45-49","sc_bus_ylls_pa_stroke_ub",2.20123,"bogota","Bus",NA,NA,"L3: stroke","PA",254843
"female","50-54","sc_bus_ylls_pa_stroke_ub",2.71455,"bogota","Bus",NA,NA,"L3: stroke","PA",256059
"female","55-59","sc_bus_ylls_pa_stroke_ub",4.07471,"bogota","Bus",NA,NA,"L3: stroke","PA",235548
"female","60-64","sc_bus_ylls_pa_stroke_ub",2.87985,"bogota","Bus",NA,NA,"L3: stroke","PA",189600
"female","65-69","sc_bus_ylls_pa_stroke_ub",3.99518,"bogota","Bus",NA,NA,"L3: stroke","PA",141409
"male","15-19","sc_cycle_ylls_ap_stroke",0,"bogota","Cycling",NA,NA,"L3: stroke","AP",282736
"male","20-24","sc_cycle_ylls_ap_stroke",0,"bogota","Cycling",NA,NA,"L3: stroke","AP",357934
"male","25-29","sc_cycle_ylls_ap_stroke",-0.80342,"bogota","Cycling",NA,NA,"L3: stroke","AP",360031
"male","30-34","sc_cycle_ylls_ap_stroke",-0.77942,"bogota","Cycling",NA,NA,"L3: stroke","AP",321492
"male","35-39","sc_cycle_ylls_ap_stroke",-1.31324,"bogota","Cycling",NA,NA,"L3: stroke","AP",289808
"male","40-44","sc_cycle_ylls_ap_stroke",-0.93275,"bogota","Cycling",NA,NA,"L3: stroke","AP",244543
"male","45-49","sc_cycle_ylls_ap_stroke",-1.21938,"bogota","Cycling",NA,NA,"L3: stroke","AP",215491
"male","50-54","sc_cycle_ylls_ap_stroke",-1.20169,"bogota","Cycling",NA,NA,"L3: stroke","AP",209137
"male","55-59","sc_cycle_ylls_ap_stroke",-1.12904,"bogota","Cycling",NA,NA,"L3: stroke","AP",187551
"male","60-64","sc_cycle_ylls_ap_stroke",-1.64716,"bogota","Cycling",NA,NA,"L3: stroke","AP",146500
"male","65-69","sc_cycle_ylls_ap_stroke",-1.20602,"bogota","Cycling",NA,NA,"L3: stroke","AP",105412
"female","15-19","sc_cycle_ylls_ap_stroke",0,"bogota","Cycling",NA,NA,"L3: stroke","AP",279280
"female","20-24","sc_cycle_ylls_ap_stroke",0,"bogota","Cycling",NA,NA,"L3: stroke","AP",360197
"female","25-29","sc_cycle_ylls_ap_stroke",-0.6479,"bogota","Cycling",NA,NA,"L3: stroke","AP",364423
"female","30-34","sc_cycle_ylls_ap_stroke",-0.5842,"bogota","Cycling",NA,NA,"L3: stroke","AP",330341
"female","35-39","sc_cycle_ylls_ap_stroke",-1.1999,"bogota","Cycling",NA,NA,"L3: stroke","AP",309304
"female","40-44","sc_cycle_ylls_ap_stroke",-1.69491,"bogota","Cycling",NA,NA,"L3: stroke","AP",275440
"female","45-49","sc_cycle_ylls_ap_stroke",-0.87215,"bogota","Cycling",NA,NA,"L3: stroke","AP",254843
"female","50-54","sc_cycle_ylls_ap_stroke",-0.86016,"bogota","Cycling",NA,NA,"L3: stroke","AP",256059
"female","55-59","sc_cycle_ylls_ap_stroke",-0.57376,"bogota","Cycling",NA,NA,"L3: stroke","AP",235548
"female","60-64","sc_cycle_ylls_ap_stroke",-0.42228,"bogota","Cycling",NA,NA,"L3: stroke","AP",189600
"female","65-69","sc_cycle_ylls_ap_stroke",-0.65008,"bogota","Cycling",NA,NA,"L3: stroke","AP",141409
"male","15-19","sc_car_ylls_ap_stroke",0,"bogota","Car",NA,NA,"L3: stroke","AP",282736
"male","20-24","sc_car_ylls_ap_stroke",0,"bogota","Car",NA,NA,"L3: stroke","AP",357934
"male","25-29","sc_car_ylls_ap_stroke",-0.36402,"bogota","Car",NA,NA,"L3: stroke","AP",360031
"male","30-34","sc_car_ylls_ap_stroke",-0.51743,"bogota","Car",NA,NA,"L3: stroke","AP",321492
"male","35-39","sc_car_ylls_ap_stroke",-0.6233,"bogota","Car",NA,NA,"L3: stroke","AP",289808
"male","40-44","sc_car_ylls_ap_stroke",-0.51931,"bogota","Car",NA,NA,"L3: stroke","AP",244543
"male","45-49","sc_car_ylls_ap_stroke",-0.72152,"bogota","Car",NA,NA,"L3: stroke","AP",215491
"male","50-54","sc_car_ylls_ap_stroke",-0.74315,"bogota","Car",NA,NA,"L3: stroke","AP",209137
"male","55-59","sc_car_ylls_ap_stroke",-1.32102,"bogota","Car",NA,NA,"L3: stroke","AP",187551
"male","60-64","sc_car_ylls_ap_stroke",-0.94416,"bogota","Car",NA,NA,"L3: stroke","AP",146500
"male","65-69","sc_car_ylls_ap_stroke",-1.62071,"bogota","Car",NA,NA,"L3: stroke","AP",105412
"female","15-19","sc_car_ylls_ap_stroke",0,"bogota","Car",NA,NA,"L3: stroke","AP",279280
"female","20-24","sc_car_ylls_ap_stroke",0,"bogota","Car",NA,NA,"L3: stroke","AP",360197
"female","25-29","sc_car_ylls_ap_stroke",-0.36864,"bogota","Car",NA,NA,"L3: stroke","AP",364423
"female","30-34","sc_car_ylls_ap_stroke",-0.49781,"bogota","Car",NA,NA,"L3: stroke","AP",330341
"female","35-39","sc_car_ylls_ap_stroke",-0.65724,"bogota","Car",NA,NA,"L3: stroke","AP",309304
"female","40-44","sc_car_ylls_ap_stroke",-0.59926,"bogota","Car",NA,NA,"L3: stroke","AP",275440
"female","45-49","sc_car_ylls_ap_stroke",-1.05615,"bogota","Car",NA,NA,"L3: stroke","AP",254843
"female","50-54","sc_car_ylls_ap_stroke",-1.48496,"bogota","Car",NA,NA,"L3: stroke","AP",256059
"female","55-59","sc_car_ylls_ap_stroke",-1.32606,"bogota","Car",NA,NA,"L3: stroke","AP",235548
"female","60-64","sc_car_ylls_ap_stroke",-1.48175,"bogota","Car",NA,NA,"L3: stroke","AP",189600
"female","65-69","sc_car_ylls_ap_stroke",-0.8499,"bogota","Car",NA,NA,"L3: stroke","AP",141409
"male","15-19","sc_bus_ylls_ap_stroke",0,"bogota","Bus",NA,NA,"L3: stroke","AP",282736
"male","20-24","sc_bus_ylls_ap_stroke",0,"bogota","Bus",NA,NA,"L3: stroke","AP",357934
"male","25-29","sc_bus_ylls_ap_stroke",0.61718,"bogota","Bus",NA,NA,"L3: stroke","AP",360031
"male","30-34","sc_bus_ylls_ap_stroke",0.41603,"bogota","Bus",NA,NA,"L3: stroke","AP",321492
"male","35-39","sc_bus_ylls_ap_stroke",0.9651,"bogota","Bus",NA,NA,"L3: stroke","AP",289808
"male","40-44","sc_bus_ylls_ap_stroke",1.14451,"bogota","Bus",NA,NA,"L3: stroke","AP",244543
"male","45-49","sc_bus_ylls_ap_stroke",1.10263,"bogota","Bus",NA,NA,"L3: stroke","AP",215491
"male","50-54","sc_bus_ylls_ap_stroke",1.34735,"bogota","Bus",NA,NA,"L3: stroke","AP",209137
"male","55-59","sc_bus_ylls_ap_stroke",1.52383,"bogota","Bus",NA,NA,"L3: stroke","AP",187551
"male","60-64","sc_bus_ylls_ap_stroke",1.34038,"bogota","Bus",NA,NA,"L3: stroke","AP",146500
"male","65-69","sc_bus_ylls_ap_stroke",0.96303,"bogota","Bus",NA,NA,"L3: stroke","AP",105412
"female","15-19","sc_bus_ylls_ap_stroke",0,"bogota","Bus",NA,NA,"L3: stroke","AP",279280
"female","20-24","sc_bus_ylls_ap_stroke",0,"bogota","Bus",NA,NA,"L3: stroke","AP",360197
"female","25-29","sc_bus_ylls_ap_stroke",0.11359,"bogota","Bus",NA,NA,"L3: stroke","AP",364423
"female","30-34","sc_bus_ylls_ap_stroke",0.33549,"bogota","Bus",NA,NA,"L3: stroke","AP",330341
"female","35-39","sc_bus_ylls_ap_stroke",0.49197,"bogota","Bus",NA,NA,"L3: stroke","AP",309304
"female","40-44","sc_bus_ylls_ap_stroke",0.35374,"bogota","Bus",NA,NA,"L3: stroke","AP",275440
"female","45-49","sc_bus_ylls_ap_stroke",0.23535,"bogota","Bus",NA,NA,"L3: stroke","AP",254843
"female","50-54","sc_bus_ylls_ap_stroke",0.26084,"bogota","Bus",NA,NA,"L3: stroke","AP",256059
"female","55-59","sc_bus_ylls_ap_stroke",0.58344,"bogota","Bus",NA,NA,"L3: stroke","AP",235548
"female","60-64","sc_bus_ylls_ap_stroke",-0.00009,"bogota","Bus",NA,NA,"L3: stroke","AP",189600
"female","65-69","sc_bus_ylls_ap_stroke",0.10651,"bogota","Bus",NA,NA,"L3: stroke","AP",141409
"male","15-19","sc_cycle_ylls_ap_stroke_lb",0,"bogota","Cycling",NA,NA,"L3: stroke","AP",282736
"male","20-24","sc_cycle_ylls_ap_stroke_lb",0,"bogota","Cycling",NA,NA,"L3: stroke","AP",357934
"male","25-29","sc_cycle_ylls_ap_stroke_lb",-0.80342,"bogota","Cycling",NA,NA,"L3: stroke","AP",360031
"male","30-34","sc_cycle_ylls_ap_stroke_lb",-0.77942,"bogota","Cycling",NA,NA,"L3: stroke","AP",321492
"male","35-39","sc_cycle_ylls_ap_stroke_lb",-1.31324,"bogota","Cycling",NA,NA,"L3: stroke","AP",289808
"male","40-44","sc_cycle_ylls_ap_stroke_lb",-0.93275,"bogota","Cycling",NA,NA,"L3: stroke","AP",244543
"male","45-49","sc_cycle_ylls_ap_stroke_lb",-1.21938,"bogota","Cycling",NA,NA,"L3: stroke","AP",215491
"male","50-54","sc_cycle_ylls_ap_stroke_lb",-1.20169,"bogota","Cycling",NA,NA,"L3: stroke","AP",209137
"male","55-59","sc_cycle_ylls_ap_stroke_lb",-1.12904,"bogota","Cycling",NA,NA,"L3: stroke","AP",187551
"male","60-64","sc_cycle_ylls_ap_stroke_lb",-1.64716,"bogota","Cycling",NA,NA,"L3: stroke","AP",146500
"male","65-69","sc_cycle_ylls_ap_stroke_lb",-1.20602,"bogota","Cycling",NA,NA,"L3: stroke","AP",105412
"female","15-19","sc_cycle_ylls_ap_stroke_lb",0,"bogota","Cycling",NA,NA,"L3: stroke","AP",279280
"female","20-24","sc_cycle_ylls_ap_stroke_lb",0,"bogota","Cycling",NA,NA,"L3: stroke","AP",360197
"female","25-29","sc_cycle_ylls_ap_stroke_lb",-0.6479,"bogota","Cycling",NA,NA,"L3: stroke","AP",364423
"female","30-34","sc_cycle_ylls_ap_stroke_lb",-0.5842,"bogota","Cycling",NA,NA,"L3: stroke","AP",330341
"female","35-39","sc_cycle_ylls_ap_stroke_lb",-1.1999,"bogota","Cycling",NA,NA,"L3: stroke","AP",309304
"female","40-44","sc_cycle_ylls_ap_stroke_lb",-1.69491,"bogota","Cycling",NA,NA,"L3: stroke","AP",275440
"female","45-49","sc_cycle_ylls_ap_stroke_lb",-0.87215,"bogota","Cycling",NA,NA,"L3: stroke","AP",254843
"female","50-54","sc_cycle_ylls_ap_stroke_lb",-0.86016,"bogota","Cycling",NA,NA,"L3: stroke","AP",256059
"female","55-59","sc_cycle_ylls_ap_stroke_lb",-0.57376,"bogota","Cycling",NA,NA,"L3: stroke","AP",235548
"female","60-64","sc_cycle_ylls_ap_stroke_lb",-0.42228,"bogota","Cycling",NA,NA,"L3: stroke","AP",189600
"female","65-69","sc_cycle_ylls_ap_stroke_lb",-0.65008,"bogota","Cycling",NA,NA,"L3: stroke","AP",141409
"male","15-19","sc_car_ylls_ap_stroke_lb",0,"bogota","Car",NA,NA,"L3: stroke","AP",282736
"male","20-24","sc_car_ylls_ap_stroke_lb",0,"bogota","Car",NA,NA,"L3: stroke","AP",357934
"male","25-29","sc_car_ylls_ap_stroke_lb",-0.36402,"bogota","Car",NA,NA,"L3: stroke","AP",360031
"male","30-34","sc_car_ylls_ap_stroke_lb",-0.51743,"bogota","Car",NA,NA,"L3: stroke","AP",321492
"male","35-39","sc_car_ylls_ap_stroke_lb",-0.6233,"bogota","Car",NA,NA,"L3: stroke","AP",289808
"male","40-44","sc_car_ylls_ap_stroke_lb",-0.51931,"bogota","Car",NA,NA,"L3: stroke","AP",244543
"male","45-49","sc_car_ylls_ap_stroke_lb",-0.72152,"bogota","Car",NA,NA,"L3: stroke","AP",215491
"male","50-54","sc_car_ylls_ap_stroke_lb",-0.74315,"bogota","Car",NA,NA,"L3: stroke","AP",209137
"male","55-59","sc_car_ylls_ap_stroke_lb",-1.32102,"bogota","Car",NA,NA,"L3: stroke","AP",187551
"male","60-64","sc_car_ylls_ap_stroke_lb",-0.94416,"bogota","Car",NA,NA,"L3: stroke","AP",146500
"male","65-69","sc_car_ylls_ap_stroke_lb",-1.62071,"bogota","Car",NA,NA,"L3: stroke","AP",105412
"female","15-19","sc_car_ylls_ap_stroke_lb",0,"bogota","Car",NA,NA,"L3: stroke","AP",279280
"female","20-24","sc_car_ylls_ap_stroke_lb",0,"bogota","Car",NA,NA,"L3: stroke","AP",360197
"female","25-29","sc_car_ylls_ap_stroke_lb",-0.36864,"bogota","Car",NA,NA,"L3: stroke","AP",364423
"female","30-34","sc_car_ylls_ap_stroke_lb",-0.49781,"bogota","Car",NA,NA,"L3: stroke","AP",330341
"female","35-39","sc_car_ylls_ap_stroke_lb",-0.65724,"bogota","Car",NA,NA,"L3: stroke","AP",309304
"female","40-44","sc_car_ylls_ap_stroke_lb",-0.59926,"bogota","Car",NA,NA,"L3: stroke","AP",275440
"female","45-49","sc_car_ylls_ap_stroke_lb",-1.05615,"bogota","Car",NA,NA,"L3: stroke","AP",254843
"female","50-54","sc_car_ylls_ap_stroke_lb",-1.48496,"bogota","Car",NA,NA,"L3: stroke","AP",256059
"female","55-59","sc_car_ylls_ap_stroke_lb",-1.32606,"bogota","Car",NA,NA,"L3: stroke","AP",235548
"female","60-64","sc_car_ylls_ap_stroke_lb",-1.48175,"bogota","Car",NA,NA,"L3: stroke","AP",189600
"female","65-69","sc_car_ylls_ap_stroke_lb",-0.8499,"bogota","Car",NA,NA,"L3: stroke","AP",141409
"male","15-19","sc_bus_ylls_ap_stroke_lb",0,"bogota","Bus",NA,NA,"L3: stroke","AP",282736
"male","20-24","sc_bus_ylls_ap_stroke_lb",0,"bogota","Bus",NA,NA,"L3: stroke","AP",357934
"male","25-29","sc_bus_ylls_ap_stroke_lb",0.61718,"bogota","Bus",NA,NA,"L3: stroke","AP",360031
"male","30-34","sc_bus_ylls_ap_stroke_lb",0.41603,"bogota","Bus",NA,NA,"L3: stroke","AP",321492
"male","35-39","sc_bus_ylls_ap_stroke_lb",0.9651,"bogota","Bus",NA,NA,"L3: stroke","AP",289808
"male","40-44","sc_bus_ylls_ap_stroke_lb",1.14451,"bogota","Bus",NA,NA,"L3: stroke","AP",244543
"male","45-49","sc_bus_ylls_ap_stroke_lb",1.10263,"bogota","Bus",NA,NA,"L3: stroke","AP",215491
"male","50-54","sc_bus_ylls_ap_stroke_lb",1.34735,"bogota","Bus",NA,NA,"L3: stroke","AP",209137
"male","55-59","sc_bus_ylls_ap_stroke_lb",1.52383,"bogota","Bus",NA,NA,"L3: stroke","AP",187551
"male","60-64","sc_bus_ylls_ap_stroke_lb",1.34038,"bogota","Bus",NA,NA,"L3: stroke","AP",146500
"male","65-69","sc_bus_ylls_ap_stroke_lb",0.96303,"bogota","Bus",NA,NA,"L3: stroke","AP",105412
"female","15-19","sc_bus_ylls_ap_stroke_lb",0,"bogota","Bus",NA,NA,"L3: stroke","AP",279280
"female","20-24","sc_bus_ylls_ap_stroke_lb",0,"bogota","Bus",NA,NA,"L3: stroke","AP",360197
"female","25-29","sc_bus_ylls_ap_stroke_lb",0.11359,"bogota","Bus",NA,NA,"L3: stroke","AP",364423
"female","30-34","sc_bus_ylls_ap_stroke_lb",0.33549,"bogota","Bus",NA,NA,"L3: stroke","AP",330341
"female","35-39","sc_bus_ylls_ap_stroke_lb",0.49197,"bogota","Bus",NA,NA,"L3: stroke","AP",309304
"female","40-44","sc_bus_ylls_ap_stroke_lb",0.35374,"bogota","Bus",NA,NA,"L3: stroke","AP",275440
"female","45-49","sc_bus_ylls_ap_stroke_lb",0.23535,"bogota","Bus",NA,NA,"L3: stroke","AP",254843
"female","50-54","sc_bus_ylls_ap_stroke_lb",0.26084,"bogota","Bus",NA,NA,"L3: stroke","AP",256059
"female","55-59","sc_bus_ylls_ap_stroke_lb",0.58344,"bogota","Bus",NA,NA,"L3: stroke","AP",235548
"female","60-64","sc_bus_ylls_ap_stroke_lb",-0.00009,"bogota","Bus",NA,NA,"L3: stroke","AP",189600
"female","65-69","sc_bus_ylls_ap_stroke_lb",0.10651,"bogota","Bus",NA,NA,"L3: stroke","AP",141409
"male","15-19","sc_cycle_ylls_ap_stroke_ub",0,"bogota","Cycling",NA,NA,"L3: stroke","AP",282736
"male","20-24","sc_cycle_ylls_ap_stroke_ub",0,"bogota","Cycling",NA,NA,"L3: stroke","AP",357934
"male","25-29","sc_cycle_ylls_ap_stroke_ub",-0.80342,"bogota","Cycling",NA,NA,"L3: stroke","AP",360031
"male","30-34","sc_cycle_ylls_ap_stroke_ub",-0.77942,"bogota","Cycling",NA,NA,"L3: stroke","AP",321492
"male","35-39","sc_cycle_ylls_ap_stroke_ub",-1.31324,"bogota","Cycling",NA,NA,"L3: stroke","AP",289808
"male","40-44","sc_cycle_ylls_ap_stroke_ub",-0.93275,"bogota","Cycling",NA,NA,"L3: stroke","AP",244543
"male","45-49","sc_cycle_ylls_ap_stroke_ub",-1.21938,"bogota","Cycling",NA,NA,"L3: stroke","AP",215491
"male","50-54","sc_cycle_ylls_ap_stroke_ub",-1.20169,"bogota","Cycling",NA,NA,"L3: stroke","AP",209137
"male","55-59","sc_cycle_ylls_ap_stroke_ub",-1.12904,"bogota","Cycling",NA,NA,"L3: stroke","AP",187551
"male","60-64","sc_cycle_ylls_ap_stroke_ub",-1.64716,"bogota","Cycling",NA,NA,"L3: stroke","AP",146500
"male","65-69","sc_cycle_ylls_ap_stroke_ub",-1.20602,"bogota","Cycling",NA,NA,"L3: stroke","AP",105412
"female","15-19","sc_cycle_ylls_ap_stroke_ub",0,"bogota","Cycling",NA,NA,"L3: stroke","AP",279280
"female","20-24","sc_cycle_ylls_ap_stroke_ub",0,"bogota","Cycling",NA,NA,"L3: stroke","AP",360197
"female","25-29","sc_cycle_ylls_ap_stroke_ub",-0.6479,"bogota","Cycling",NA,NA,"L3: stroke","AP",364423
"female","30-34","sc_cycle_ylls_ap_stroke_ub",-0.5842,"bogota","Cycling",NA,NA,"L3: stroke","AP",330341
"female","35-39","sc_cycle_ylls_ap_stroke_ub",-1.1999,"bogota","Cycling",NA,NA,"L3: stroke","AP",309304
"female","40-44","sc_cycle_ylls_ap_stroke_ub",-1.69491,"bogota","Cycling",NA,NA,"L3: stroke","AP",275440
"female","45-49","sc_cycle_ylls_ap_stroke_ub",-0.87215,"bogota","Cycling",NA,NA,"L3: stroke","AP",254843
"female","50-54","sc_cycle_ylls_ap_stroke_ub",-0.86016,"bogota","Cycling",NA,NA,"L3: stroke","AP",256059
"female","55-59","sc_cycle_ylls_ap_stroke_ub",-0.57376,"bogota","Cycling",NA,NA,"L3: stroke","AP",235548
"female","60-64","sc_cycle_ylls_ap_stroke_ub",-0.42228,"bogota","Cycling",NA,NA,"L3: stroke","AP",189600
"female","65-69","sc_cycle_ylls_ap_stroke_ub",-0.65008,"bogota","Cycling",NA,NA,"L3: stroke","AP",141409
"male","15-19","sc_car_ylls_ap_stroke_ub",0,"bogota","Car",NA,NA,"L3: stroke","AP",282736
"male","20-24","sc_car_ylls_ap_stroke_ub",0,"bogota","Car",NA,NA,"L3: stroke","AP",357934
"male","25-29","sc_car_ylls_ap_stroke_ub",-0.36402,"bogota","Car",NA,NA,"L3: stroke","AP",360031
"male","30-34","sc_car_ylls_ap_stroke_ub",-0.51743,"bogota","Car",NA,NA,"L3: stroke","AP",321492
"male","35-39","sc_car_ylls_ap_stroke_ub",-0.6233,"bogota","Car",NA,NA,"L3: stroke","AP",289808
"male","40-44","sc_car_ylls_ap_stroke_ub",-0.51931,"bogota","Car",NA,NA,"L3: stroke","AP",244543
"male","45-49","sc_car_ylls_ap_stroke_ub",-0.72152,"bogota","Car",NA,NA,"L3: stroke","AP",215491
"male","50-54","sc_car_ylls_ap_stroke_ub",-0.74315,"bogota","Car",NA,NA,"L3: stroke","AP",209137
"male","55-59","sc_car_ylls_ap_stroke_ub",-1.32102,"bogota","Car",NA,NA,"L3: stroke","AP",187551
"male","60-64","sc_car_ylls_ap_stroke_ub",-0.94416,"bogota","Car",NA,NA,"L3: stroke","AP",146500
"male","65-69","sc_car_ylls_ap_stroke_ub",-1.62071,"bogota","Car",NA,NA,"L3: stroke","AP",105412
"female","15-19","sc_car_ylls_ap_stroke_ub",0,"bogota","Car",NA,NA,"L3: stroke","AP",279280
"female","20-24","sc_car_ylls_ap_stroke_ub",0,"bogota","Car",NA,NA,"L3: stroke","AP",360197
"female","25-29","sc_car_ylls_ap_stroke_ub",-0.36864,"bogota","Car",NA,NA,"L3: stroke","AP",364423
"female","30-34","sc_car_ylls_ap_stroke_ub",-0.49781,"bogota","Car",NA,NA,"L3: stroke","AP",330341
"female","35-39","sc_car_ylls_ap_stroke_ub",-0.65724,"bogota","Car",NA,NA,"L3: stroke","AP",309304
"female","40-44","sc_car_ylls_ap_stroke_ub",-0.59926,"bogota","Car",NA,NA,"L3: stroke","AP",275440
"female","45-49","sc_car_ylls_ap_stroke_ub",-1.05615,"bogota","Car",NA,NA,"L3: stroke","AP",254843
"female","50-54","sc_car_ylls_ap_stroke_ub",-1.48496,"bogota","Car",NA,NA,"L3: stroke","AP",256059
"female","55-59","sc_car_ylls_ap_stroke_ub",-1.32606,"bogota","Car",NA,NA,"L3: stroke","AP",235548
"female","60-64","sc_car_ylls_ap_stroke_ub",-1.48175,"bogota","Car",NA,NA,"L3: stroke","AP",189600
"female","65-69","sc_car_ylls_ap_stroke_ub",-0.8499,"bogota","Car",NA,NA,"L3: stroke","AP",141409
"male","15-19","sc_bus_ylls_ap_stroke_ub",0,"bogota","Bus",NA,NA,"L3: stroke","AP",282736
"male","20-24","sc_bus_ylls_ap_stroke_ub",0,"bogota","Bus",NA,NA,"L3: stroke","AP",357934
"male","25-29","sc_bus_ylls_ap_stroke_ub",0.61718,"bogota","Bus",NA,NA,"L3: stroke","AP",360031
"male","30-34","sc_bus_ylls_ap_stroke_ub",0.41603,"bogota","Bus",NA,NA,"L3: stroke","AP",321492
"male","35-39","sc_bus_ylls_ap_stroke_ub",0.9651,"bogota","Bus",NA,NA,"L3: stroke","AP",289808
"male","40-44","sc_bus_ylls_ap_stroke_ub",1.14451,"bogota","Bus",NA,NA,"L3: stroke","AP",244543
"male","45-49","sc_bus_ylls_ap_stroke_ub",1.10263,"bogota","Bus",NA,NA,"L3: stroke","AP",215491
"male","50-54","sc_bus_ylls_ap_stroke_ub",1.34735,"bogota","Bus",NA,NA,"L3: stroke","AP",209137
"male","55-59","sc_bus_ylls_ap_stroke_ub",1.52383,"bogota","Bus",NA,NA,"L3: stroke","AP",187551
"male","60-64","sc_bus_ylls_ap_stroke_ub",1.34038,"bogota","Bus",NA,NA,"L3: stroke","AP",146500
"male","65-69","sc_bus_ylls_ap_stroke_ub",0.96303,"bogota","Bus",NA,NA,"L3: stroke","AP",105412
"female","15-19","sc_bus_ylls_ap_stroke_ub",0,"bogota","Bus",NA,NA,"L3: stroke","AP",279280
"female","20-24","sc_bus_ylls_ap_stroke_ub",0,"bogota","Bus",NA,NA,"L3: stroke","AP",360197
"female","25-29","sc_bus_ylls_ap_stroke_ub",0.11359,"bogota","Bus",NA,NA,"L3: stroke","AP",364423
"female","30-34","sc_bus_ylls_ap_stroke_ub",0.33549,"bogota","Bus",NA,NA,"L3: stroke","AP",330341
"female","35-39","sc_bus_ylls_ap_stroke_ub",0.49197,"bogota","Bus",NA,NA,"L3: stroke","AP",309304
"female","40-44","sc_bus_ylls_ap_stroke_ub",0.35374,"bogota","Bus",NA,NA,"L3: stroke","AP",275440
"female","45-49","sc_bus_ylls_ap_stroke_ub",0.23535,"bogota","Bus",NA,NA,"L3: stroke","AP",254843
"female","50-54","sc_bus_ylls_ap_stroke_ub",0.26084,"bogota","Bus",NA,NA,"L3: stroke","AP",256059
"female","55-59","sc_bus_ylls_ap_stroke_ub",0.58344,"bogota","Bus",NA,NA,"L3: stroke","AP",235548
"female","60-64","sc_bus_ylls_ap_stroke_ub",-0.00009,"bogota","Bus",NA,NA,"L3: stroke","AP",189600
"female","65-69","sc_bus_ylls_ap_stroke_ub",0.10651,"bogota","Bus",NA,NA,"L3: stroke","AP",141409
"male","15-19","sc_cycle_ylls_pa_T2D",0.09065,"bogota","Cycling",NA,"L2: Other","L3: T2D","PA",282736
"male","20-24","sc_cycle_ylls_pa_T2D",0.23695,"bogota","Cycling",NA,"L2: Other","L3: T2D","PA",357934
"male","25-29","sc_cycle_ylls_pa_T2D",0.93487,"bogota","Cycling",NA,"L2: Other","L3: T2D","PA",360031
"male","30-34","sc_cycle_ylls_pa_T2D",2.09468,"bogota","Cycling",NA,"L2: Other","L3: T2D","PA",321492
"male","35-39","sc_cycle_ylls_pa_T2D",3.58845,"bogota","Cycling",NA,"L2: Other","L3: T2D","PA",289808
"male","40-44","sc_cycle_ylls_pa_T2D",2.63865,"bogota","Cycling",NA,"L2: Other","L3: T2D","PA",244543
"male","45-49","sc_cycle_ylls_pa_T2D",6.7753,"bogota","Cycling",NA,"L2: Other","L3: T2D","PA",215491
"male","50-54","sc_cycle_ylls_pa_T2D",7.44242,"bogota","Cycling",NA,"L2: Other","L3: T2D","PA",209137
"male","55-59","sc_cycle_ylls_pa_T2D",10.11437,"bogota","Cycling",NA,"L2: Other","L3: T2D","PA",187551
"male","60-64","sc_cycle_ylls_pa_T2D",11.63313,"bogota","Cycling",NA,"L2: Other","L3: T2D","PA",146500
"male","65-69","sc_cycle_ylls_pa_T2D",16.14903,"bogota","Cycling",NA,"L2: Other","L3: T2D","PA",105412
"female","15-19","sc_cycle_ylls_pa_T2D",0.20259,"bogota","Cycling",NA,"L2: Other","L3: T2D","PA",279280
"female","20-24","sc_cycle_ylls_pa_T2D",0.58367,"bogota","Cycling",NA,"L2: Other","L3: T2D","PA",360197
"female","25-29","sc_cycle_ylls_pa_T2D",0.79282,"bogota","Cycling",NA,"L2: Other","L3: T2D","PA",364423
"female","30-34","sc_cycle_ylls_pa_T2D",1.38332,"bogota","Cycling",NA,"L2: Other","L3: T2D","PA",330341
"female","35-39","sc_cycle_ylls_pa_T2D",2.08818,"bogota","Cycling",NA,"L2: Other","L3: T2D","PA",309304
"female","40-44","sc_cycle_ylls_pa_T2D",2.64518,"bogota","Cycling",NA,"L2: Other","L3: T2D","PA",275440
"female","45-49","sc_cycle_ylls_pa_T2D",4.124,"bogota","Cycling",NA,"L2: Other","L3: T2D","PA",254843
"female","50-54","sc_cycle_ylls_pa_T2D",6.96741,"bogota","Cycling",NA,"L2: Other","L3: T2D","PA",256059
"female","55-59","sc_cycle_ylls_pa_T2D",8.59449,"bogota","Cycling",NA,"L2: Other","L3: T2D","PA",235548
"female","60-64","sc_cycle_ylls_pa_T2D",10.10614,"bogota","Cycling",NA,"L2: Other","L3: T2D","PA",189600
"female","65-69","sc_cycle_ylls_pa_T2D",16.64062,"bogota","Cycling",NA,"L2: Other","L3: T2D","PA",141409
"male","15-19","sc_car_ylls_pa_T2D",-0.13303,"bogota","Car",NA,"L2: Other","L3: T2D","PA",282736
"male","20-24","sc_car_ylls_pa_T2D",-0.35559,"bogota","Car",NA,"L2: Other","L3: T2D","PA",357934
"male","25-29","sc_car_ylls_pa_T2D",-0.72993,"bogota","Car",NA,"L2: Other","L3: T2D","PA",360031
"male","30-34","sc_car_ylls_pa_T2D",-1.24508,"bogota","Car",NA,"L2: Other","L3: T2D","PA",321492
"male","35-39","sc_car_ylls_pa_T2D",-1.83235,"bogota","Car",NA,"L2: Other","L3: T2D","PA",289808
"male","40-44","sc_car_ylls_pa_T2D",-1.68233,"bogota","Car",NA,"L2: Other","L3: T2D","PA",244543
"male","45-49","sc_car_ylls_pa_T2D",-3.757,"bogota","Car",NA,"L2: Other","L3: T2D","PA",215491
"male","50-54","sc_car_ylls_pa_T2D",-5.84182,"bogota","Car",NA,"L2: Other","L3: T2D","PA",209137
"male","55-59","sc_car_ylls_pa_T2D",-9.79067,"bogota","Car",NA,"L2: Other","L3: T2D","PA",187551
"male","60-64","sc_car_ylls_pa_T2D",-5.53194,"bogota","Car",NA,"L2: Other","L3: T2D","PA",146500
"male","65-69","sc_car_ylls_pa_T2D",-12.1975,"bogota","Car",NA,"L2: Other","L3: T2D","PA",105412
"female","15-19","sc_car_ylls_pa_T2D",-0.33384,"bogota","Car",NA,"L2: Other","L3: T2D","PA",279280
"female","20-24","sc_car_ylls_pa_T2D",-0.86032,"bogota","Car",NA,"L2: Other","L3: T2D","PA",360197
"female","25-29","sc_car_ylls_pa_T2D",-1.01711,"bogota","Car",NA,"L2: Other","L3: T2D","PA",364423
"female","30-34","sc_car_ylls_pa_T2D",-1.34647,"bogota","Car",NA,"L2: Other","L3: T2D","PA",330341
"female","35-39","sc_car_ylls_pa_T2D",-1.64976,"bogota","Car",NA,"L2: Other","L3: T2D","PA",309304
"female","40-44","sc_car_ylls_pa_T2D",-2.44719,"bogota","Car",NA,"L2: Other","L3: T2D","PA",275440
"female","45-49","sc_car_ylls_pa_T2D",-4.67393,"bogota","Car",NA,"L2: Other","L3: T2D","PA",254843
"female","50-54","sc_car_ylls_pa_T2D",-8.27139,"bogota","Car",NA,"L2: Other","L3: T2D","PA",256059
"female","55-59","sc_car_ylls_pa_T2D",-10.55713,"bogota","Car",NA,"L2: Other","L3: T2D","PA",235548
"female","60-64","sc_car_ylls_pa_T2D",-11.1837,"bogota","Car",NA,"L2: Other","L3: T2D","PA",189600
"female","65-69","sc_car_ylls_pa_T2D",-11.09767,"bogota","Car",NA,"L2: Other","L3: T2D","PA",141409
"male","15-19","sc_bus_ylls_pa_T2D",0.05538,"bogota","Bus",NA,"L2: Other","L3: T2D","PA",282736
"male","20-24","sc_bus_ylls_pa_T2D",0.27628,"bogota","Bus",NA,"L2: Other","L3: T2D","PA",357934
"male","25-29","sc_bus_ylls_pa_T2D",0.91198,"bogota","Bus",NA,"L2: Other","L3: T2D","PA",360031
"male","30-34","sc_bus_ylls_pa_T2D",2.12429,"bogota","Bus",NA,"L2: Other","L3: T2D","PA",321492
"male","35-39","sc_bus_ylls_pa_T2D",3.65123,"bogota","Bus",NA,"L2: Other","L3: T2D","PA",289808
"male","40-44","sc_bus_ylls_pa_T2D",3.27689,"bogota","Bus",NA,"L2: Other","L3: T2D","PA",244543
"male","45-49","sc_bus_ylls_pa_T2D",7.01826,"bogota","Bus",NA,"L2: Other","L3: T2D","PA",215491
"male","50-54","sc_bus_ylls_pa_T2D",9.18559,"bogota","Bus",NA,"L2: Other","L3: T2D","PA",209137
"male","55-59","sc_bus_ylls_pa_T2D",13.09177,"bogota","Bus",NA,"L2: Other","L3: T2D","PA",187551
"male","60-64","sc_bus_ylls_pa_T2D",12.48188,"bogota","Bus",NA,"L2: Other","L3: T2D","PA",146500
"male","65-69","sc_bus_ylls_pa_T2D",13.2979,"bogota","Bus",NA,"L2: Other","L3: T2D","PA",105412
"female","15-19","sc_bus_ylls_pa_T2D",0.17507,"bogota","Bus",NA,"L2: Other","L3: T2D","PA",279280
"female","20-24","sc_bus_ylls_pa_T2D",0.32015,"bogota","Bus",NA,"L2: Other","L3: T2D","PA",360197
"female","25-29","sc_bus_ylls_pa_T2D",0.64204,"bogota","Bus",NA,"L2: Other","L3: T2D","PA",364423
"female","30-34","sc_bus_ylls_pa_T2D",1.0263,"bogota","Bus",NA,"L2: Other","L3: T2D","PA",330341
"female","35-39","sc_bus_ylls_pa_T2D",1.69799,"bogota","Bus",NA,"L2: Other","L3: T2D","PA",309304
"female","40-44","sc_bus_ylls_pa_T2D",2.17719,"bogota","Bus",NA,"L2: Other","L3: T2D","PA",275440
"female","45-49","sc_bus_ylls_pa_T2D",2.99702,"bogota","Bus",NA,"L2: Other","L3: T2D","PA",254843
"female","50-54","sc_bus_ylls_pa_T2D",4.95161,"bogota","Bus",NA,"L2: Other","L3: T2D","PA",256059
"female","55-59","sc_bus_ylls_pa_T2D",9.12923,"bogota","Bus",NA,"L2: Other","L3: T2D","PA",235548
"female","60-64","sc_bus_ylls_pa_T2D",7.76559,"bogota","Bus",NA,"L2: Other","L3: T2D","PA",189600
"female","65-69","sc_bus_ylls_pa_T2D",8.97313,"bogota","Bus",NA,"L2: Other","L3: T2D","PA",141409
"male","15-19","sc_cycle_ylls_pa_T2D_lb",0.11867,"bogota","Cycling",NA,"L2: Other","L3: T2D","PA",282736
"male","20-24","sc_cycle_ylls_pa_T2D_lb",0.31012,"bogota","Cycling",NA,"L2: Other","L3: T2D","PA",357934
"male","25-29","sc_cycle_ylls_pa_T2D_lb",1.21405,"bogota","Cycling",NA,"L2: Other","L3: T2D","PA",360031
"male","30-34","sc_cycle_ylls_pa_T2D_lb",2.70889,"bogota","Cycling",NA,"L2: Other","L3: T2D","PA",321492
"male","35-39","sc_cycle_ylls_pa_T2D_lb",4.58964,"bogota","Cycling",NA,"L2: Other","L3: T2D","PA",289808
"male","40-44","sc_cycle_ylls_pa_T2D_lb",3.40218,"bogota","Cycling",NA,"L2: Other","L3: T2D","PA",244543
"male","45-49","sc_cycle_ylls_pa_T2D_lb",8.63968,"bogota","Cycling",NA,"L2: Other","L3: T2D","PA",215491
"male","50-54","sc_cycle_ylls_pa_T2D_lb",9.60313,"bogota","Cycling",NA,"L2: Other","L3: T2D","PA",209137
"male","55-59","sc_cycle_ylls_pa_T2D_lb",12.94304,"bogota","Cycling",NA,"L2: Other","L3: T2D","PA",187551
"male","60-64","sc_cycle_ylls_pa_T2D_lb",14.90909,"bogota","Cycling",NA,"L2: Other","L3: T2D","PA",146500
"male","65-69","sc_cycle_ylls_pa_T2D_lb",20.37676,"bogota","Cycling",NA,"L2: Other","L3: T2D","PA",105412
"female","15-19","sc_cycle_ylls_pa_T2D_lb",0.26186,"bogota","Cycling",NA,"L2: Other","L3: T2D","PA",279280
"female","20-24","sc_cycle_ylls_pa_T2D_lb",0.75153,"bogota","Cycling",NA,"L2: Other","L3: T2D","PA",360197
"female","25-29","sc_cycle_ylls_pa_T2D_lb",1.0238,"bogota","Cycling",NA,"L2: Other","L3: T2D","PA",364423
"female","30-34","sc_cycle_ylls_pa_T2D_lb",1.78246,"bogota","Cycling",NA,"L2: Other","L3: T2D","PA",330341
"female","35-39","sc_cycle_ylls_pa_T2D_lb",2.68158,"bogota","Cycling",NA,"L2: Other","L3: T2D","PA",309304
"female","40-44","sc_cycle_ylls_pa_T2D_lb",3.40357,"bogota","Cycling",NA,"L2: Other","L3: T2D","PA",275440
"female","45-49","sc_cycle_ylls_pa_T2D_lb",5.30784,"bogota","Cycling",NA,"L2: Other","L3: T2D","PA",254843
"female","50-54","sc_cycle_ylls_pa_T2D_lb",8.9381,"bogota","Cycling",NA,"L2: Other","L3: T2D","PA",256059
"female","55-59","sc_cycle_ylls_pa_T2D_lb",11.07408,"bogota","Cycling",NA,"L2: Other","L3: T2D","PA",235548
"female","60-64","sc_cycle_ylls_pa_T2D_lb",12.99371,"bogota","Cycling",NA,"L2: Other","L3: T2D","PA",189600
"female","65-69","sc_cycle_ylls_pa_T2D_lb",20.96107,"bogota","Cycling",NA,"L2: Other","L3: T2D","PA",141409
"male","15-19","sc_car_ylls_pa_T2D_lb",-0.17417,"bogota","Car",NA,"L2: Other","L3: T2D","PA",282736
"male","20-24","sc_car_ylls_pa_T2D_lb",-0.46338,"bogota","Car",NA,"L2: Other","L3: T2D","PA",357934
"male","25-29","sc_car_ylls_pa_T2D_lb",-0.94837,"bogota","Car",NA,"L2: Other","L3: T2D","PA",360031
"male","30-34","sc_car_ylls_pa_T2D_lb",-1.6075,"bogota","Car",NA,"L2: Other","L3: T2D","PA",321492
"male","35-39","sc_car_ylls_pa_T2D_lb",-2.34081,"bogota","Car",NA,"L2: Other","L3: T2D","PA",289808
"male","40-44","sc_car_ylls_pa_T2D_lb",-2.16627,"bogota","Car",NA,"L2: Other","L3: T2D","PA",244543
"male","45-49","sc_car_ylls_pa_T2D_lb",-4.80552,"bogota","Car",NA,"L2: Other","L3: T2D","PA",215491
"male","50-54","sc_car_ylls_pa_T2D_lb",-7.5128,"bogota","Car",NA,"L2: Other","L3: T2D","PA",209137
"male","55-59","sc_car_ylls_pa_T2D_lb",-12.50987,"bogota","Car",NA,"L2: Other","L3: T2D","PA",187551
"male","60-64","sc_car_ylls_pa_T2D_lb",-7.06821,"bogota","Car",NA,"L2: Other","L3: T2D","PA",146500
"male","65-69","sc_car_ylls_pa_T2D_lb",-15.35278,"bogota","Car",NA,"L2: Other","L3: T2D","PA",105412
"female","15-19","sc_car_ylls_pa_T2D_lb",-0.43121,"bogota","Car",NA,"L2: Other","L3: T2D","PA",279280
"female","20-24","sc_car_ylls_pa_T2D_lb",-1.1057,"bogota","Car",NA,"L2: Other","L3: T2D","PA",360197
"female","25-29","sc_car_ylls_pa_T2D_lb",-1.30945,"bogota","Car",NA,"L2: Other","L3: T2D","PA",364423
"female","30-34","sc_car_ylls_pa_T2D_lb",-1.72911,"bogota","Car",NA,"L2: Other","L3: T2D","PA",330341
"female","35-39","sc_car_ylls_pa_T2D_lb",-2.11587,"bogota","Car",NA,"L2: Other","L3: T2D","PA",309304
"female","40-44","sc_car_ylls_pa_T2D_lb",-3.14636,"bogota","Car",NA,"L2: Other","L3: T2D","PA",275440
"female","45-49","sc_car_ylls_pa_T2D_lb",-5.99175,"bogota","Car",NA,"L2: Other","L3: T2D","PA",254843
"female","50-54","sc_car_ylls_pa_T2D_lb",-10.57319,"bogota","Car",NA,"L2: Other","L3: T2D","PA",256059
"female","55-59","sc_car_ylls_pa_T2D_lb",-13.54263,"bogota","Car",NA,"L2: Other","L3: T2D","PA",235548
"female","60-64","sc_car_ylls_pa_T2D_lb",-14.28376,"bogota","Car",NA,"L2: Other","L3: T2D","PA",189600
"female","65-69","sc_car_ylls_pa_T2D_lb",-13.94436,"bogota","Car",NA,"L2: Other","L3: T2D","PA",141409
"male","15-19","sc_bus_ylls_pa_T2D_lb",0.07353,"bogota","Bus",NA,"L2: Other","L3: T2D","PA",282736
"male","20-24","sc_bus_ylls_pa_T2D_lb",0.36456,"bogota","Bus",NA,"L2: Other","L3: T2D","PA",357934
"male","25-29","sc_bus_ylls_pa_T2D_lb",1.19362,"bogota","Bus",NA,"L2: Other","L3: T2D","PA",360031
"male","30-34","sc_bus_ylls_pa_T2D_lb",2.76972,"bogota","Bus",NA,"L2: Other","L3: T2D","PA",321492
"male","35-39","sc_bus_ylls_pa_T2D_lb",4.72175,"bogota","Bus",NA,"L2: Other","L3: T2D","PA",289808
"male","40-44","sc_bus_ylls_pa_T2D_lb",4.25684,"bogota","Bus",NA,"L2: Other","L3: T2D","PA",244543
"male","45-49","sc_bus_ylls_pa_T2D_lb",9.02933,"bogota","Bus",NA,"L2: Other","L3: T2D","PA",215491
"male","50-54","sc_bus_ylls_pa_T2D_lb",11.94308,"bogota","Bus",NA,"L2: Other","L3: T2D","PA",209137
"male","55-59","sc_bus_ylls_pa_T2D_lb",16.9594,"bogota","Bus",NA,"L2: Other","L3: T2D","PA",187551
"male","60-64","sc_bus_ylls_pa_T2D_lb",16.18734,"bogota","Bus",NA,"L2: Other","L3: T2D","PA",146500
"male","65-69","sc_bus_ylls_pa_T2D_lb",16.98005,"bogota","Bus",NA,"L2: Other","L3: T2D","PA",105412
"female","15-19","sc_bus_ylls_pa_T2D_lb",0.22889,"bogota","Bus",NA,"L2: Other","L3: T2D","PA",279280
"female","20-24","sc_bus_ylls_pa_T2D_lb",0.41697,"bogota","Bus",NA,"L2: Other","L3: T2D","PA",360197
"female","25-29","sc_bus_ylls_pa_T2D_lb",0.83483,"bogota","Bus",NA,"L2: Other","L3: T2D","PA",364423
"female","30-34","sc_bus_ylls_pa_T2D_lb",1.33445,"bogota","Bus",NA,"L2: Other","L3: T2D","PA",330341
"female","35-39","sc_bus_ylls_pa_T2D_lb",2.20474,"bogota","Bus",NA,"L2: Other","L3: T2D","PA",309304
"female","40-44","sc_bus_ylls_pa_T2D_lb",2.83071,"bogota","Bus",NA,"L2: Other","L3: T2D","PA",275440
"female","45-49","sc_bus_ylls_pa_T2D_lb",3.88921,"bogota","Bus",NA,"L2: Other","L3: T2D","PA",254843
"female","50-54","sc_bus_ylls_pa_T2D_lb",6.4037,"bogota","Bus",NA,"L2: Other","L3: T2D","PA",256059
"female","55-59","sc_bus_ylls_pa_T2D_lb",11.84906,"bogota","Bus",NA,"L2: Other","L3: T2D","PA",235548
"female","60-64","sc_bus_ylls_pa_T2D_lb",10.02697,"bogota","Bus",NA,"L2: Other","L3: T2D","PA",189600
"female","65-69","sc_bus_ylls_pa_T2D_lb",11.44698,"bogota","Bus",NA,"L2: Other","L3: T2D","PA",141409
"male","15-19","sc_cycle_ylls_pa_T2D_ub",0.06296,"bogota","Cycling",NA,"L2: Other","L3: T2D","PA",282736
"male","20-24","sc_cycle_ylls_pa_T2D_ub",0.16414,"bogota","Cycling",NA,"L2: Other","L3: T2D","PA",357934
"male","25-29","sc_cycle_ylls_pa_T2D_ub",0.65684,"bogota","Cycling",NA,"L2: Other","L3: T2D","PA",360031
"male","30-34","sc_cycle_ylls_pa_T2D_ub",1.48,"bogota","Cycling",NA,"L2: Other","L3: T2D","PA",321492
"male","35-39","sc_cycle_ylls_pa_T2D_ub",2.56457,"bogota","Cycling",NA,"L2: Other","L3: T2D","PA",289808
"male","40-44","sc_cycle_ylls_pa_T2D_ub",1.87123,"bogota","Cycling",NA,"L2: Other","L3: T2D","PA",244543
"male","45-49","sc_cycle_ylls_pa_T2D_ub",4.85225,"bogota","Cycling",NA,"L2: Other","L3: T2D","PA",215491
"male","50-54","sc_cycle_ylls_pa_T2D_ub",5.27706,"bogota","Cycling",NA,"L2: Other","L3: T2D","PA",209137
"male","55-59","sc_cycle_ylls_pa_T2D_ub",7.19098,"bogota","Cycling",NA,"L2: Other","L3: T2D","PA",187551
"male","60-64","sc_cycle_ylls_pa_T2D_ub",8.26146,"bogota","Cycling",NA,"L2: Other","L3: T2D","PA",146500
"male","65-69","sc_cycle_ylls_pa_T2D_ub",11.70935,"bogota","Cycling",NA,"L2: Other","L3: T2D","PA",105412
"female","15-19","sc_cycle_ylls_pa_T2D_ub",0.14214,"bogota","Cycling",NA,"L2: Other","L3: T2D","PA",279280
"female","20-24","sc_cycle_ylls_pa_T2D_ub",0.41126,"bogota","Cycling",NA,"L2: Other","L3: T2D","PA",360197
"female","25-29","sc_cycle_ylls_pa_T2D_ub",0.55556,"bogota","Cycling",NA,"L2: Other","L3: T2D","PA",364423
"female","30-34","sc_cycle_ylls_pa_T2D_ub",0.97934,"bogota","Cycling",NA,"L2: Other","L3: T2D","PA",330341
"female","35-39","sc_cycle_ylls_pa_T2D_ub",1.48133,"bogota","Cycling",NA,"L2: Other","L3: T2D","PA",309304
"female","40-44","sc_cycle_ylls_pa_T2D_ub",1.87,"bogota","Cycling",NA,"L2: Other","L3: T2D","PA",275440
"female","45-49","sc_cycle_ylls_pa_T2D_ub",2.9184,"bogota","Cycling",NA,"L2: Other","L3: T2D","PA",254843
"female","50-54","sc_cycle_ylls_pa_T2D_ub",4.94094,"bogota","Cycling",NA,"L2: Other","L3: T2D","PA",256059
"female","55-59","sc_cycle_ylls_pa_T2D_ub",6.06908,"bogota","Cycling",NA,"L2: Other","L3: T2D","PA",235548
"female","60-64","sc_cycle_ylls_pa_T2D_ub",7.17219,"bogota","Cycling",NA,"L2: Other","L3: T2D","PA",189600
"female","65-69","sc_cycle_ylls_pa_T2D_ub",12.05747,"bogota","Cycling",NA,"L2: Other","L3: T2D","PA",141409
"male","15-19","sc_car_ylls_pa_T2D_ub",-0.09318,"bogota","Car",NA,"L2: Other","L3: T2D","PA",282736
"male","20-24","sc_car_ylls_pa_T2D_ub",-0.25074,"bogota","Car",NA,"L2: Other","L3: T2D","PA",357934
"male","25-29","sc_car_ylls_pa_T2D_ub",-0.51651,"bogota","Car",NA,"L2: Other","L3: T2D","PA",360031
"male","30-34","sc_car_ylls_pa_T2D_ub",-0.88749,"bogota","Car",NA,"L2: Other","L3: T2D","PA",321492
"male","35-39","sc_car_ylls_pa_T2D_ub",-1.32095,"bogota","Car",NA,"L2: Other","L3: T2D","PA",289808
"male","40-44","sc_car_ylls_pa_T2D_ub",-1.19546,"bogota","Car",NA,"L2: Other","L3: T2D","PA",244543
"male","45-49","sc_car_ylls_pa_T2D_ub",-2.70262,"bogota","Car",NA,"L2: Other","L3: T2D","PA",215491
"male","50-54","sc_car_ylls_pa_T2D_ub",-4.18687,"bogota","Car",NA,"L2: Other","L3: T2D","PA",209137
"male","55-59","sc_car_ylls_pa_T2D_ub",-7.05665,"bogota","Car",NA,"L2: Other","L3: T2D","PA",187551
"male","60-64","sc_car_ylls_pa_T2D_ub",-3.95785,"bogota","Car",NA,"L2: Other","L3: T2D","PA",146500
"male","65-69","sc_car_ylls_pa_T2D_ub",-8.93486,"bogota","Car",NA,"L2: Other","L3: T2D","PA",105412
"female","15-19","sc_car_ylls_pa_T2D_ub",-0.23813,"bogota","Car",NA,"L2: Other","L3: T2D","PA",279280
"female","20-24","sc_car_ylls_pa_T2D_ub",-0.61542,"bogota","Car",NA,"L2: Other","L3: T2D","PA",360197
"female","25-29","sc_car_ylls_pa_T2D_ub",-0.72449,"bogota","Car",NA,"L2: Other","L3: T2D","PA",364423
"female","30-34","sc_car_ylls_pa_T2D_ub",-0.96563,"bogota","Car",NA,"L2: Other","L3: T2D","PA",330341
"female","35-39","sc_car_ylls_pa_T2D_ub",-1.18222,"bogota","Car",NA,"L2: Other","L3: T2D","PA",309304
"female","40-44","sc_car_ylls_pa_T2D_ub",-1.74755,"bogota","Car",NA,"L2: Other","L3: T2D","PA",275440
"female","45-49","sc_car_ylls_pa_T2D_ub",-3.35513,"bogota","Car",NA,"L2: Other","L3: T2D","PA",254843
"female","50-54","sc_car_ylls_pa_T2D_ub",-5.94698,"bogota","Car",NA,"L2: Other","L3: T2D","PA",256059
"female","55-59","sc_car_ylls_pa_T2D_ub",-7.55593,"bogota","Car",NA,"L2: Other","L3: T2D","PA",235548
"female","60-64","sc_car_ylls_pa_T2D_ub",-8.03401,"bogota","Car",NA,"L2: Other","L3: T2D","PA",189600
"female","65-69","sc_car_ylls_pa_T2D_ub",-8.12025,"bogota","Car",NA,"L2: Other","L3: T2D","PA",141409
"male","15-19","sc_bus_ylls_pa_T2D_ub",0.03876,"bogota","Bus",NA,"L2: Other","L3: T2D","PA",282736
"male","20-24","sc_bus_ylls_pa_T2D_ub",0.19428,"bogota","Bus",NA,"L2: Other","L3: T2D","PA",357934
"male","25-29","sc_bus_ylls_pa_T2D_ub",0.64701,"bogota","Bus",NA,"L2: Other","L3: T2D","PA",360031
"male","30-34","sc_bus_ylls_pa_T2D_ub",1.51175,"bogota","Bus",NA,"L2: Other","L3: T2D","PA",321492
"male","35-39","sc_bus_ylls_pa_T2D_ub",2.62462,"bogota","Bus",NA,"L2: Other","L3: T2D","PA",289808
"male","40-44","sc_bus_ylls_pa_T2D_ub",2.34622,"bogota","Bus",NA,"L2: Other","L3: T2D","PA",244543
"male","45-49","sc_bus_ylls_pa_T2D_ub",5.07596,"bogota","Bus",NA,"L2: Other","L3: T2D","PA",215491
"male","50-54","sc_bus_ylls_pa_T2D_ub",6.55588,"bogota","Bus",NA,"L2: Other","L3: T2D","PA",209137
"male","55-59","sc_bus_ylls_pa_T2D_ub",9.40782,"bogota","Bus",NA,"L2: Other","L3: T2D","PA",187551
"male","60-64","sc_bus_ylls_pa_T2D_ub",8.92464,"bogota","Bus",NA,"L2: Other","L3: T2D","PA",146500
"male","65-69","sc_bus_ylls_pa_T2D_ub",9.70772,"bogota","Bus",NA,"L2: Other","L3: T2D","PA",105412
"female","15-19","sc_bus_ylls_pa_T2D_ub",0.12457,"bogota","Bus",NA,"L2: Other","L3: T2D","PA",279280
"female","20-24","sc_bus_ylls_pa_T2D_ub",0.22922,"bogota","Bus",NA,"L2: Other","L3: T2D","PA",360197
"female","25-29","sc_bus_ylls_pa_T2D_ub",0.45871,"bogota","Bus",NA,"L2: Other","L3: T2D","PA",364423
"female","30-34","sc_bus_ylls_pa_T2D_ub",0.73393,"bogota","Bus",NA,"L2: Other","L3: T2D","PA",330341
"female","35-39","sc_bus_ylls_pa_T2D_ub",1.21579,"bogota","Bus",NA,"L2: Other","L3: T2D","PA",309304
"female","40-44","sc_bus_ylls_pa_T2D_ub",1.555,"bogota","Bus",NA,"L2: Other","L3: T2D","PA",275440
"female","45-49","sc_bus_ylls_pa_T2D_ub",2.15558,"bogota","Bus",NA,"L2: Other","L3: T2D","PA",254843
"female","50-54","sc_bus_ylls_pa_T2D_ub",3.56067,"bogota","Bus",NA,"L2: Other","L3: T2D","PA",256059
"female","55-59","sc_bus_ylls_pa_T2D_ub",6.53697,"bogota","Bus",NA,"L2: Other","L3: T2D","PA",235548
"female","60-64","sc_bus_ylls_pa_T2D_ub",5.58742,"bogota","Bus",NA,"L2: Other","L3: T2D","PA",189600
"female","65-69","sc_bus_ylls_pa_T2D_ub",6.55789,"bogota","Bus",NA,"L2: Other","L3: T2D","PA",141409
"male","15-19","sc_cycle_ylls_ap_T2D",-0.00977,"bogota","Cycling",NA,"L2: Other","L3: T2D","AP",282736
"male","20-24","sc_cycle_ylls_ap_T2D",-0.02923,"bogota","Cycling",NA,"L2: Other","L3: T2D","AP",357934
"male","25-29","sc_cycle_ylls_ap_T2D",-0.05917,"bogota","Cycling",NA,"L2: Other","L3: T2D","AP",360031
"male","30-34","sc_cycle_ylls_ap_T2D",-0.1275,"bogota","Cycling",NA,"L2: Other","L3: T2D","AP",321492
"male","35-39","sc_cycle_ylls_ap_T2D",-0.20858,"bogota","Cycling",NA,"L2: Other","L3: T2D","AP",289808
"male","40-44","sc_cycle_ylls_ap_T2D",-0.16339,"bogota","Cycling",NA,"L2: Other","L3: T2D","AP",244543
"male","45-49","sc_cycle_ylls_ap_T2D",-0.31995,"bogota","Cycling",NA,"L2: Other","L3: T2D","AP",215491
"male","50-54","sc_cycle_ylls_ap_T2D",-0.33613,"bogota","Cycling",NA,"L2: Other","L3: T2D","AP",209137
"male","55-59","sc_cycle_ylls_ap_T2D",-0.3752,"bogota","Cycling",NA,"L2: Other","L3: T2D","AP",187551
"male","60-64","sc_cycle_ylls_ap_T2D",-0.60865,"bogota","Cycling",NA,"L2: Other","L3: T2D","AP",146500
"male","65-69","sc_cycle_ylls_ap_T2D",-0.46512,"bogota","Cycling",NA,"L2: Other","L3: T2D","AP",105412
"female","15-19","sc_cycle_ylls_ap_T2D",-0.02295,"bogota","Cycling",NA,"L2: Other","L3: T2D","AP",279280
"female","20-24","sc_cycle_ylls_ap_T2D",-0.06313,"bogota","Cycling",NA,"L2: Other","L3: T2D","AP",360197
"female","25-29","sc_cycle_ylls_ap_T2D",-0.08277,"bogota","Cycling",NA,"L2: Other","L3: T2D","AP",364423
"female","30-34","sc_cycle_ylls_ap_T2D",-0.08371,"bogota","Cycling",NA,"L2: Other","L3: T2D","AP",330341
"female","35-39","sc_cycle_ylls_ap_T2D",-0.16006,"bogota","Cycling",NA,"L2: Other","L3: T2D","AP",309304
"female","40-44","sc_cycle_ylls_ap_T2D",-0.23484,"bogota","Cycling",NA,"L2: Other","L3: T2D","AP",275440
"female","45-49","sc_cycle_ylls_ap_T2D",-0.16235,"bogota","Cycling",NA,"L2: Other","L3: T2D","AP",254843
"female","50-54","sc_cycle_ylls_ap_T2D",-0.22777,"bogota","Cycling",NA,"L2: Other","L3: T2D","AP",256059
"female","55-59","sc_cycle_ylls_ap_T2D",-0.18762,"bogota","Cycling",NA,"L2: Other","L3: T2D","AP",235548
"female","60-64","sc_cycle_ylls_ap_T2D",-0.16394,"bogota","Cycling",NA,"L2: Other","L3: T2D","AP",189600
"female","65-69","sc_cycle_ylls_ap_T2D",-0.28962,"bogota","Cycling",NA,"L2: Other","L3: T2D","AP",141409
"male","15-19","sc_car_ylls_ap_T2D",-0.00782,"bogota","Car",NA,"L2: Other","L3: T2D","AP",282736
"male","20-24","sc_car_ylls_ap_T2D",-0.02969,"bogota","Car",NA,"L2: Other","L3: T2D","AP",357934
"male","25-29","sc_car_ylls_ap_T2D",-0.03185,"bogota","Car",NA,"L2: Other","L3: T2D","AP",360031
"male","30-34","sc_car_ylls_ap_T2D",-0.09286,"bogota","Car",NA,"L2: Other","L3: T2D","AP",321492
"male","35-39","sc_car_ylls_ap_T2D",-0.10436,"bogota","Car",NA,"L2: Other","L3: T2D","AP",289808
"male","40-44","sc_car_ylls_ap_T2D",-0.10268,"bogota","Car",NA,"L2: Other","L3: T2D","AP",244543
"male","45-49","sc_car_ylls_ap_T2D",-0.20777,"bogota","Car",NA,"L2: Other","L3: T2D","AP",215491
"male","50-54","sc_car_ylls_ap_T2D",-0.22655,"bogota","Car",NA,"L2: Other","L3: T2D","AP",209137
"male","55-59","sc_car_ylls_ap_T2D",-0.48944,"bogota","Car",NA,"L2: Other","L3: T2D","AP",187551
"male","60-64","sc_car_ylls_ap_T2D",-0.39955,"bogota","Car",NA,"L2: Other","L3: T2D","AP",146500
"male","65-69","sc_car_ylls_ap_T2D",-0.71124,"bogota","Car",NA,"L2: Other","L3: T2D","AP",105412
"female","15-19","sc_car_ylls_ap_T2D",-0.01737,"bogota","Car",NA,"L2: Other","L3: T2D","AP",279280
"female","20-24","sc_car_ylls_ap_T2D",-0.03912,"bogota","Car",NA,"L2: Other","L3: T2D","AP",360197
"female","25-29","sc_car_ylls_ap_T2D",-0.05082,"bogota","Car",NA,"L2: Other","L3: T2D","AP",364423
"female","30-34","sc_car_ylls_ap_T2D",-0.0769,"bogota","Car",NA,"L2: Other","L3: T2D","AP",330341
"female","35-39","sc_car_ylls_ap_T2D",-0.09373,"bogota","Car",NA,"L2: Other","L3: T2D","AP",309304
"female","40-44","sc_car_ylls_ap_T2D",-0.09322,"bogota","Car",NA,"L2: Other","L3: T2D","AP",275440
"female","45-49","sc_car_ylls_ap_T2D",-0.21862,"bogota","Car",NA,"L2: Other","L3: T2D","AP",254843
"female","50-54","sc_car_ylls_ap_T2D",-0.44132,"bogota","Car",NA,"L2: Other","L3: T2D","AP",256059
"female","55-59","sc_car_ylls_ap_T2D",-0.51689,"bogota","Car",NA,"L2: Other","L3: T2D","AP",235548
"female","60-64","sc_car_ylls_ap_T2D",-0.77493,"bogota","Car",NA,"L2: Other","L3: T2D","AP",189600
"female","65-69","sc_car_ylls_ap_T2D",-0.46605,"bogota","Car",NA,"L2: Other","L3: T2D","AP",141409
"male","15-19","sc_bus_ylls_ap_T2D",0.00587,"bogota","Bus",NA,"L2: Other","L3: T2D","AP",282736
"male","20-24","sc_bus_ylls_ap_T2D",0.01717,"bogota","Bus",NA,"L2: Other","L3: T2D","AP",357934
"male","25-29","sc_bus_ylls_ap_T2D",0.04602,"bogota","Bus",NA,"L2: Other","L3: T2D","AP",360031
"male","30-34","sc_bus_ylls_ap_T2D",0.06589,"bogota","Bus",NA,"L2: Other","L3: T2D","AP",321492
"male","35-39","sc_bus_ylls_ap_T2D",0.14844,"bogota","Bus",NA,"L2: Other","L3: T2D","AP",289808
"male","40-44","sc_bus_ylls_ap_T2D",0.19579,"bogota","Bus",NA,"L2: Other","L3: T2D","AP",244543
"male","45-49","sc_bus_ylls_ap_T2D",0.27207,"bogota","Bus",NA,"L2: Other","L3: T2D","AP",215491
"male","50-54","sc_bus_ylls_ap_T2D",0.37919,"bogota","Bus",NA,"L2: Other","L3: T2D","AP",209137
"male","55-59","sc_bus_ylls_ap_T2D",0.53116,"bogota","Bus",NA,"L2: Other","L3: T2D","AP",187551
"male","60-64","sc_bus_ylls_ap_T2D",0.46541,"bogota","Bus",NA,"L2: Other","L3: T2D","AP",146500
"male","65-69","sc_bus_ylls_ap_T2D",0.37761,"bogota","Bus",NA,"L2: Other","L3: T2D","AP",105412
"female","15-19","sc_bus_ylls_ap_T2D",0.00397,"bogota","Bus",NA,"L2: Other","L3: T2D","AP",279280
"female","20-24","sc_bus_ylls_ap_T2D",0.00451,"bogota","Bus",NA,"L2: Other","L3: T2D","AP",360197
"female","25-29","sc_bus_ylls_ap_T2D",0.01156,"bogota","Bus",NA,"L2: Other","L3: T2D","AP",364423
"female","30-34","sc_bus_ylls_ap_T2D",0.04529,"bogota","Bus",NA,"L2: Other","L3: T2D","AP",330341
"female","35-39","sc_bus_ylls_ap_T2D",0.0598,"bogota","Bus",NA,"L2: Other","L3: T2D","AP",309304
"female","40-44","sc_bus_ylls_ap_T2D",0.04189,"bogota","Bus",NA,"L2: Other","L3: T2D","AP",275440
"female","45-49","sc_bus_ylls_ap_T2D",0.03863,"bogota","Bus",NA,"L2: Other","L3: T2D","AP",254843
"female","50-54","sc_bus_ylls_ap_T2D",0.05812,"bogota","Bus",NA,"L2: Other","L3: T2D","AP",256059
"female","55-59","sc_bus_ylls_ap_T2D",0.19061,"bogota","Bus",NA,"L2: Other","L3: T2D","AP",235548
"female","60-64","sc_bus_ylls_ap_T2D",-0.03196,"bogota","Bus",NA,"L2: Other","L3: T2D","AP",189600
"female","65-69","sc_bus_ylls_ap_T2D",0.02112,"bogota","Bus",NA,"L2: Other","L3: T2D","AP",141409
"male","15-19","sc_cycle_ylls_ap_T2D_lb",-0.00977,"bogota","Cycling",NA,"L2: Other","L3: T2D","AP",282736
"male","20-24","sc_cycle_ylls_ap_T2D_lb",-0.02923,"bogota","Cycling",NA,"L2: Other","L3: T2D","AP",357934
"male","25-29","sc_cycle_ylls_ap_T2D_lb",-0.05917,"bogota","Cycling",NA,"L2: Other","L3: T2D","AP",360031
"male","30-34","sc_cycle_ylls_ap_T2D_lb",-0.1275,"bogota","Cycling",NA,"L2: Other","L3: T2D","AP",321492
"male","35-39","sc_cycle_ylls_ap_T2D_lb",-0.20858,"bogota","Cycling",NA,"L2: Other","L3: T2D","AP",289808
"male","40-44","sc_cycle_ylls_ap_T2D_lb",-0.16339,"bogota","Cycling",NA,"L2: Other","L3: T2D","AP",244543
"male","45-49","sc_cycle_ylls_ap_T2D_lb",-0.31995,"bogota","Cycling",NA,"L2: Other","L3: T2D","AP",215491
"male","50-54","sc_cycle_ylls_ap_T2D_lb",-0.33613,"bogota","Cycling",NA,"L2: Other","L3: T2D","AP",209137
"male","55-59","sc_cycle_ylls_ap_T2D_lb",-0.3752,"bogota","Cycling",NA,"L2: Other","L3: T2D","AP",187551
"male","60-64","sc_cycle_ylls_ap_T2D_lb",-0.60865,"bogota","Cycling",NA,"L2: Other","L3: T2D","AP",146500
"male","65-69","sc_cycle_ylls_ap_T2D_lb",-0.46512,"bogota","Cycling",NA,"L2: Other","L3: T2D","AP",105412
"female","15-19","sc_cycle_ylls_ap_T2D_lb",-0.02295,"bogota","Cycling",NA,"L2: Other","L3: T2D","AP",279280
"female","20-24","sc_cycle_ylls_ap_T2D_lb",-0.06313,"bogota","Cycling",NA,"L2: Other","L3: T2D","AP",360197
"female","25-29","sc_cycle_ylls_ap_T2D_lb",-0.08277,"bogota","Cycling",NA,"L2: Other","L3: T2D","AP",364423
"female","30-34","sc_cycle_ylls_ap_T2D_lb",-0.08371,"bogota","Cycling",NA,"L2: Other","L3: T2D","AP",330341
"female","35-39","sc_cycle_ylls_ap_T2D_lb",-0.16006,"bogota","Cycling",NA,"L2: Other","L3: T2D","AP",309304
"female","40-44","sc_cycle_ylls_ap_T2D_lb",-0.23484,"bogota","Cycling",NA,"L2: Other","L3: T2D","AP",275440
"female","45-49","sc_cycle_ylls_ap_T2D_lb",-0.16235,"bogota","Cycling",NA,"L2: Other","L3: T2D","AP",254843
"female","50-54","sc_cycle_ylls_ap_T2D_lb",-0.22777,"bogota","Cycling",NA,"L2: Other","L3: T2D","AP",256059
"female","55-59","sc_cycle_ylls_ap_T2D_lb",-0.18762,"bogota","Cycling",NA,"L2: Other","L3: T2D","AP",235548
"female","60-64","sc_cycle_ylls_ap_T2D_lb",-0.16394,"bogota","Cycling",NA,"L2: Other","L3: T2D","AP",189600
"female","65-69","sc_cycle_ylls_ap_T2D_lb",-0.28962,"bogota","Cycling",NA,"L2: Other","L3: T2D","AP",141409
"male","15-19","sc_car_ylls_ap_T2D_lb",-0.00782,"bogota","Car",NA,"L2: Other","L3: T2D","AP",282736
"male","20-24","sc_car_ylls_ap_T2D_lb",-0.02969,"bogota","Car",NA,"L2: Other","L3: T2D","AP",357934
"male","25-29","sc_car_ylls_ap_T2D_lb",-0.03185,"bogota","Car",NA,"L2: Other","L3: T2D","AP",360031
"male","30-34","sc_car_ylls_ap_T2D_lb",-0.09286,"bogota","Car",NA,"L2: Other","L3: T2D","AP",321492
"male","35-39","sc_car_ylls_ap_T2D_lb",-0.10436,"bogota","Car",NA,"L2: Other","L3: T2D","AP",289808
"male","40-44","sc_car_ylls_ap_T2D_lb",-0.10268,"bogota","Car",NA,"L2: Other","L3: T2D","AP",244543
"male","45-49","sc_car_ylls_ap_T2D_lb",-0.20777,"bogota","Car",NA,"L2: Other","L3: T2D","AP",215491
"male","50-54","sc_car_ylls_ap_T2D_lb",-0.22655,"bogota","Car",NA,"L2: Other","L3: T2D","AP",209137
"male","55-59","sc_car_ylls_ap_T2D_lb",-0.48944,"bogota","Car",NA,"L2: Other","L3: T2D","AP",187551
"male","60-64","sc_car_ylls_ap_T2D_lb",-0.39955,"bogota","Car",NA,"L2: Other","L3: T2D","AP",146500
"male","65-69","sc_car_ylls_ap_T2D_lb",-0.71124,"bogota","Car",NA,"L2: Other","L3: T2D","AP",105412
"female","15-19","sc_car_ylls_ap_T2D_lb",-0.01737,"bogota","Car",NA,"L2: Other","L3: T2D","AP",279280
"female","20-24","sc_car_ylls_ap_T2D_lb",-0.03912,"bogota","Car",NA,"L2: Other","L3: T2D","AP",360197
"female","25-29","sc_car_ylls_ap_T2D_lb",-0.05082,"bogota","Car",NA,"L2: Other","L3: T2D","AP",364423
"female","30-34","sc_car_ylls_ap_T2D_lb",-0.0769,"bogota","Car",NA,"L2: Other","L3: T2D","AP",330341
"female","35-39","sc_car_ylls_ap_T2D_lb",-0.09373,"bogota","Car",NA,"L2: Other","L3: T2D","AP",309304
"female","40-44","sc_car_ylls_ap_T2D_lb",-0.09322,"bogota","Car",NA,"L2: Other","L3: T2D","AP",275440
"female","45-49","sc_car_ylls_ap_T2D_lb",-0.21862,"bogota","Car",NA,"L2: Other","L3: T2D","AP",254843
"female","50-54","sc_car_ylls_ap_T2D_lb",-0.44132,"bogota","Car",NA,"L2: Other","L3: T2D","AP",256059
"female","55-59","sc_car_ylls_ap_T2D_lb",-0.51689,"bogota","Car",NA,"L2: Other","L3: T2D","AP",235548
"female","60-64","sc_car_ylls_ap_T2D_lb",-0.77493,"bogota","Car",NA,"L2: Other","L3: T2D","AP",189600
"female","65-69","sc_car_ylls_ap_T2D_lb",-0.46605,"bogota","Car",NA,"L2: Other","L3: T2D","AP",141409
"male","15-19","sc_bus_ylls_ap_T2D_lb",0.00587,"bogota","Bus",NA,"L2: Other","L3: T2D","AP",282736
"male","20-24","sc_bus_ylls_ap_T2D_lb",0.01717,"bogota","Bus",NA,"L2: Other","L3: T2D","AP",357934
"male","25-29","sc_bus_ylls_ap_T2D_lb",0.04602,"bogota","Bus",NA,"L2: Other","L3: T2D","AP",360031
"male","30-34","sc_bus_ylls_ap_T2D_lb",0.06589,"bogota","Bus",NA,"L2: Other","L3: T2D","AP",321492
"male","35-39","sc_bus_ylls_ap_T2D_lb",0.14844,"bogota","Bus",NA,"L2: Other","L3: T2D","AP",289808
"male","40-44","sc_bus_ylls_ap_T2D_lb",0.19579,"bogota","Bus",NA,"L2: Other","L3: T2D","AP",244543
"male","45-49","sc_bus_ylls_ap_T2D_lb",0.27207,"bogota","Bus",NA,"L2: Other","L3: T2D","AP",215491
"male","50-54","sc_bus_ylls_ap_T2D_lb",0.37919,"bogota","Bus",NA,"L2: Other","L3: T2D","AP",209137
"male","55-59","sc_bus_ylls_ap_T2D_lb",0.53116,"bogota","Bus",NA,"L2: Other","L3: T2D","AP",187551
"male","60-64","sc_bus_ylls_ap_T2D_lb",0.46541,"bogota","Bus",NA,"L2: Other","L3: T2D","AP",146500
"male","65-69","sc_bus_ylls_ap_T2D_lb",0.37761,"bogota","Bus",NA,"L2: Other","L3: T2D","AP",105412
"female","15-19","sc_bus_ylls_ap_T2D_lb",0.00397,"bogota","Bus",NA,"L2: Other","L3: T2D","AP",279280
"female","20-24","sc_bus_ylls_ap_T2D_lb",0.00451,"bogota","Bus",NA,"L2: Other","L3: T2D","AP",360197
"female","25-29","sc_bus_ylls_ap_T2D_lb",0.01156,"bogota","Bus",NA,"L2: Other","L3: T2D","AP",364423
"female","30-34","sc_bus_ylls_ap_T2D_lb",0.04529,"bogota","Bus",NA,"L2: Other","L3: T2D","AP",330341
"female","35-39","sc_bus_ylls_ap_T2D_lb",0.0598,"bogota","Bus",NA,"L2: Other","L3: T2D","AP",309304
"female","40-44","sc_bus_ylls_ap_T2D_lb",0.04189,"bogota","Bus",NA,"L2: Other","L3: T2D","AP",275440
"female","45-49","sc_bus_ylls_ap_T2D_lb",0.03863,"bogota","Bus",NA,"L2: Other","L3: T2D","AP",254843
"female","50-54","sc_bus_ylls_ap_T2D_lb",0.05812,"bogota","Bus",NA,"L2: Other","L3: T2D","AP",256059
"female","55-59","sc_bus_ylls_ap_T2D_lb",0.19061,"bogota","Bus",NA,"L2: Other","L3: T2D","AP",235548
"female","60-64","sc_bus_ylls_ap_T2D_lb",-0.03196,"bogota","Bus",NA,"L2: Other","L3: T2D","AP",189600
"female","65-69","sc_bus_ylls_ap_T2D_lb",0.02112,"bogota","Bus",NA,"L2: Other","L3: T2D","AP",141409
"male","15-19","sc_cycle_ylls_ap_T2D_ub",-0.00977,"bogota","Cycling",NA,"L2: Other","L3: T2D","AP",282736
"male","20-24","sc_cycle_ylls_ap_T2D_ub",-0.02923,"bogota","Cycling",NA,"L2: Other","L3: T2D","AP",357934
"male","25-29","sc_cycle_ylls_ap_T2D_ub",-0.05917,"bogota","Cycling",NA,"L2: Other","L3: T2D","AP",360031
"male","30-34","sc_cycle_ylls_ap_T2D_ub",-0.1275,"bogota","Cycling",NA,"L2: Other","L3: T2D","AP",321492
"male","35-39","sc_cycle_ylls_ap_T2D_ub",-0.20858,"bogota","Cycling",NA,"L2: Other","L3: T2D","AP",289808
"male","40-44","sc_cycle_ylls_ap_T2D_ub",-0.16339,"bogota","Cycling",NA,"L2: Other","L3: T2D","AP",244543
"male","45-49","sc_cycle_ylls_ap_T2D_ub",-0.31995,"bogota","Cycling",NA,"L2: Other","L3: T2D","AP",215491
"male","50-54","sc_cycle_ylls_ap_T2D_ub",-0.33613,"bogota","Cycling",NA,"L2: Other","L3: T2D","AP",209137
"male","55-59","sc_cycle_ylls_ap_T2D_ub",-0.3752,"bogota","Cycling",NA,"L2: Other","L3: T2D","AP",187551
"male","60-64","sc_cycle_ylls_ap_T2D_ub",-0.60865,"bogota","Cycling",NA,"L2: Other","L3: T2D","AP",146500
"male","65-69","sc_cycle_ylls_ap_T2D_ub",-0.46512,"bogota","Cycling",NA,"L2: Other","L3: T2D","AP",105412
"female","15-19","sc_cycle_ylls_ap_T2D_ub",-0.02295,"bogota","Cycling",NA,"L2: Other","L3: T2D","AP",279280
"female","20-24","sc_cycle_ylls_ap_T2D_ub",-0.06313,"bogota","Cycling",NA,"L2: Other","L3: T2D","AP",360197
"female","25-29","sc_cycle_ylls_ap_T2D_ub",-0.08277,"bogota","Cycling",NA,"L2: Other","L3: T2D","AP",364423
"female","30-34","sc_cycle_ylls_ap_T2D_ub",-0.08371,"bogota","Cycling",NA,"L2: Other","L3: T2D","AP",330341
"female","35-39","sc_cycle_ylls_ap_T2D_ub",-0.16006,"bogota","Cycling",NA,"L2: Other","L3: T2D","AP",309304
"female","40-44","sc_cycle_ylls_ap_T2D_ub",-0.23484,"bogota","Cycling",NA,"L2: Other","L3: T2D","AP",275440
"female","45-49","sc_cycle_ylls_ap_T2D_ub",-0.16235,"bogota","Cycling",NA,"L2: Other","L3: T2D","AP",254843
"female","50-54","sc_cycle_ylls_ap_T2D_ub",-0.22777,"bogota","Cycling",NA,"L2: Other","L3: T2D","AP",256059
"female","55-59","sc_cycle_ylls_ap_T2D_ub",-0.18762,"bogota","Cycling",NA,"L2: Other","L3: T2D","AP",235548
"female","60-64","sc_cycle_ylls_ap_T2D_ub",-0.16394,"bogota","Cycling",NA,"L2: Other","L3: T2D","AP",189600
"female","65-69","sc_cycle_ylls_ap_T2D_ub",-0.28962,"bogota","Cycling",NA,"L2: Other","L3: T2D","AP",141409
"male","15-19","sc_car_ylls_ap_T2D_ub",-0.00782,"bogota","Car",NA,"L2: Other","L3: T2D","AP",282736
"male","20-24","sc_car_ylls_ap_T2D_ub",-0.02969,"bogota","Car",NA,"L2: Other","L3: T2D","AP",357934
"male","25-29","sc_car_ylls_ap_T2D_ub",-0.03185,"bogota","Car",NA,"L2: Other","L3: T2D","AP",360031
"male","30-34","sc_car_ylls_ap_T2D_ub",-0.09286,"bogota","Car",NA,"L2: Other","L3: T2D","AP",321492
"male","35-39","sc_car_ylls_ap_T2D_ub",-0.10436,"bogota","Car",NA,"L2: Other","L3: T2D","AP",289808
"male","40-44","sc_car_ylls_ap_T2D_ub",-0.10268,"bogota","Car",NA,"L2: Other","L3: T2D","AP",244543
"male","45-49","sc_car_ylls_ap_T2D_ub",-0.20777,"bogota","Car",NA,"L2: Other","L3: T2D","AP",215491
"male","50-54","sc_car_ylls_ap_T2D_ub",-0.22655,"bogota","Car",NA,"L2: Other","L3: T2D","AP",209137
"male","55-59","sc_car_ylls_ap_T2D_ub",-0.48944,"bogota","Car",NA,"L2: Other","L3: T2D","AP",187551
"male","60-64","sc_car_ylls_ap_T2D_ub",-0.39955,"bogota","Car",NA,"L2: Other","L3: T2D","AP",146500
"male","65-69","sc_car_ylls_ap_T2D_ub",-0.71124,"bogota","Car",NA,"L2: Other","L3: T2D","AP",105412
"female","15-19","sc_car_ylls_ap_T2D_ub",-0.01737,"bogota","Car",NA,"L2: Other","L3: T2D","AP",279280
"female","20-24","sc_car_ylls_ap_T2D_ub",-0.03912,"bogota","Car",NA,"L2: Other","L3: T2D","AP",360197
"female","25-29","sc_car_ylls_ap_T2D_ub",-0.05082,"bogota","Car",NA,"L2: Other","L3: T2D","AP",364423
"female","30-34","sc_car_ylls_ap_T2D_ub",-0.0769,"bogota","Car",NA,"L2: Other","L3: T2D","AP",330341
"female","35-39","sc_car_ylls_ap_T2D_ub",-0.09373,"bogota","Car",NA,"L2: Other","L3: T2D","AP",309304
"female","40-44","sc_car_ylls_ap_T2D_ub",-0.09322,"bogota","Car",NA,"L2: Other","L3: T2D","AP",275440
"female","45-49","sc_car_ylls_ap_T2D_ub",-0.21862,"bogota","Car",NA,"L2: Other","L3: T2D","AP",254843
"female","50-54","sc_car_ylls_ap_T2D_ub",-0.44132,"bogota","Car",NA,"L2: Other","L3: T2D","AP",256059
"female","55-59","sc_car_ylls_ap_T2D_ub",-0.51689,"bogota","Car",NA,"L2: Other","L3: T2D","AP",235548
"female","60-64","sc_car_ylls_ap_T2D_ub",-0.77493,"bogota","Car",NA,"L2: Other","L3: T2D","AP",189600
"female","65-69","sc_car_ylls_ap_T2D_ub",-0.46605,"bogota","Car",NA,"L2: Other","L3: T2D","AP",141409
"male","15-19","sc_bus_ylls_ap_T2D_ub",0.00587,"bogota","Bus",NA,"L2: Other","L3: T2D","AP",282736
"male","20-24","sc_bus_ylls_ap_T2D_ub",0.01717,"bogota","Bus",NA,"L2: Other","L3: T2D","AP",357934
"male","25-29","sc_bus_ylls_ap_T2D_ub",0.04602,"bogota","Bus",NA,"L2: Other","L3: T2D","AP",360031
"male","30-34","sc_bus_ylls_ap_T2D_ub",0.06589,"bogota","Bus",NA,"L2: Other","L3: T2D","AP",321492
"male","35-39","sc_bus_ylls_ap_T2D_ub",0.14844,"bogota","Bus",NA,"L2: Other","L3: T2D","AP",289808
"male","40-44","sc_bus_ylls_ap_T2D_ub",0.19579,"bogota","Bus",NA,"L2: Other","L3: T2D","AP",244543
"male","45-49","sc_bus_ylls_ap_T2D_ub",0.27207,"bogota","Bus",NA,"L2: Other","L3: T2D","AP",215491
"male","50-54","sc_bus_ylls_ap_T2D_ub",0.37919,"bogota","Bus",NA,"L2: Other","L3: T2D","AP",209137
"male","55-59","sc_bus_ylls_ap_T2D_ub",0.53116,"bogota","Bus",NA,"L2: Other","L3: T2D","AP",187551
"male","60-64","sc_bus_ylls_ap_T2D_ub",0.46541,"bogota","Bus",NA,"L2: Other","L3: T2D","AP",146500
"male","65-69","sc_bus_ylls_ap_T2D_ub",0.37761,"bogota","Bus",NA,"L2: Other","L3: T2D","AP",105412
"female","15-19","sc_bus_ylls_ap_T2D_ub",0.00397,"bogota","Bus",NA,"L2: Other","L3: T2D","AP",279280
"female","20-24","sc_bus_ylls_ap_T2D_ub",0.00451,"bogota","Bus",NA,"L2: Other","L3: T2D","AP",360197
"female","25-29","sc_bus_ylls_ap_T2D_ub",0.01156,"bogota","Bus",NA,"L2: Other","L3: T2D","AP",364423
"female","30-34","sc_bus_ylls_ap_T2D_ub",0.04529,"bogota","Bus",NA,"L2: Other","L3: T2D","AP",330341
"female","35-39","sc_bus_ylls_ap_T2D_ub",0.0598,"bogota","Bus",NA,"L2: Other","L3: T2D","AP",309304
"female","40-44","sc_bus_ylls_ap_T2D_ub",0.04189,"bogota","Bus",NA,"L2: Other","L3: T2D","AP",275440
"female","45-49","sc_bus_ylls_ap_T2D_ub",0.03863,"bogota","Bus",NA,"L2: Other","L3: T2D","AP",254843
"female","50-54","sc_bus_ylls_ap_T2D_ub",0.05812,"bogota","Bus",NA,"L2: Other","L3: T2D","AP",256059
"female","55-59","sc_bus_ylls_ap_T2D_ub",0.19061,"bogota","Bus",NA,"L2: Other","L3: T2D","AP",235548
"female","60-64","sc_bus_ylls_ap_T2D_ub",-0.03196,"bogota","Bus",NA,"L2: Other","L3: T2D","AP",189600
"female","65-69","sc_bus_ylls_ap_T2D_ub",0.02112,"bogota","Bus",NA,"L2: Other","L3: T2D","AP",141409
"male","15-19","sc_cycle_ylls_ap_LRI",-0.11093,"bogota","Cycling",NA,NA,"L3: LRI","AP",282736
"male","20-24","sc_cycle_ylls_ap_LRI",-0.20294,"bogota","Cycling",NA,NA,"L3: LRI","AP",357934
"male","25-29","sc_cycle_ylls_ap_LRI",-0.30267,"bogota","Cycling",NA,NA,"L3: LRI","AP",360031
"male","30-34","sc_cycle_ylls_ap_LRI",-0.25857,"bogota","Cycling",NA,NA,"L3: LRI","AP",321492
"male","35-39","sc_cycle_ylls_ap_LRI",-0.38118,"bogota","Cycling",NA,NA,"L3: LRI","AP",289808
"male","40-44","sc_cycle_ylls_ap_LRI",-0.22418,"bogota","Cycling",NA,NA,"L3: LRI","AP",244543
"male","45-49","sc_cycle_ylls_ap_LRI",-0.27691,"bogota","Cycling",NA,NA,"L3: LRI","AP",215491
"male","50-54","sc_cycle_ylls_ap_LRI",-0.23344,"bogota","Cycling",NA,NA,"L3: LRI","AP",209137
"male","55-59","sc_cycle_ylls_ap_LRI",-0.23221,"bogota","Cycling",NA,NA,"L3: LRI","AP",187551
"male","60-64","sc_cycle_ylls_ap_LRI",-0.33545,"bogota","Cycling",NA,NA,"L3: LRI","AP",146500
"male","65-69","sc_cycle_ylls_ap_LRI",-0.26533,"bogota","Cycling",NA,NA,"L3: LRI","AP",105412
"female","15-19","sc_cycle_ylls_ap_LRI",-0.08251,"bogota","Cycling",NA,NA,"L3: LRI","AP",279280
"female","20-24","sc_cycle_ylls_ap_LRI",-0.17814,"bogota","Cycling",NA,NA,"L3: LRI","AP",360197
"female","25-29","sc_cycle_ylls_ap_LRI",-0.20102,"bogota","Cycling",NA,NA,"L3: LRI","AP",364423
"female","30-34","sc_cycle_ylls_ap_LRI",-0.15391,"bogota","Cycling",NA,NA,"L3: LRI","AP",330341
"female","35-39","sc_cycle_ylls_ap_LRI",-0.2237,"bogota","Cycling",NA,NA,"L3: LRI","AP",309304
"female","40-44","sc_cycle_ylls_ap_LRI",-0.26156,"bogota","Cycling",NA,NA,"L3: LRI","AP",275440
"female","45-49","sc_cycle_ylls_ap_LRI",-0.1188,"bogota","Cycling",NA,NA,"L3: LRI","AP",254843
"female","50-54","sc_cycle_ylls_ap_LRI",-0.11293,"bogota","Cycling",NA,NA,"L3: LRI","AP",256059
"female","55-59","sc_cycle_ylls_ap_LRI",-0.08338,"bogota","Cycling",NA,NA,"L3: LRI","AP",235548
"female","60-64","sc_cycle_ylls_ap_LRI",-0.06839,"bogota","Cycling",NA,NA,"L3: LRI","AP",189600
"female","65-69","sc_cycle_ylls_ap_LRI",-0.11447,"bogota","Cycling",NA,NA,"L3: LRI","AP",141409
"male","15-19","sc_car_ylls_ap_LRI",-0.08251,"bogota","Car",NA,NA,"L3: LRI","AP",282736
"male","20-24","sc_car_ylls_ap_LRI",-0.18771,"bogota","Car",NA,NA,"L3: LRI","AP",357934
"male","25-29","sc_car_ylls_ap_LRI",-0.13498,"bogota","Car",NA,NA,"L3: LRI","AP",360031
"male","30-34","sc_car_ylls_ap_LRI",-0.17011,"bogota","Car",NA,NA,"L3: LRI","AP",321492
"male","35-39","sc_car_ylls_ap_LRI",-0.17984,"bogota","Car",NA,NA,"L3: LRI","AP",289808
"male","40-44","sc_car_ylls_ap_LRI",-0.12321,"bogota","Car",NA,NA,"L3: LRI","AP",244543
"male","45-49","sc_car_ylls_ap_LRI",-0.16187,"bogota","Car",NA,NA,"L3: LRI","AP",215491
"male","50-54","sc_car_ylls_ap_LRI",-0.14261,"bogota","Car",NA,NA,"L3: LRI","AP",209137
"male","55-59","sc_car_ylls_ap_LRI",-0.26783,"bogota","Car",NA,NA,"L3: LRI","AP",187551
"male","60-64","sc_car_ylls_ap_LRI",-0.18801,"bogota","Car",NA,NA,"L3: LRI","AP",146500
"male","65-69","sc_car_ylls_ap_LRI",-0.34851,"bogota","Car",NA,NA,"L3: LRI","AP",105412
"female","15-19","sc_car_ylls_ap_LRI",-0.0555,"bogota","Car",NA,NA,"L3: LRI","AP",279280
"female","20-24","sc_car_ylls_ap_LRI",-0.10323,"bogota","Car",NA,NA,"L3: LRI","AP",360197
"female","25-29","sc_car_ylls_ap_LRI",-0.1135,"bogota","Car",NA,NA,"L3: LRI","AP",364423
"female","30-34","sc_car_ylls_ap_LRI",-0.13014,"bogota","Car",NA,NA,"L3: LRI","AP",330341
"female","35-39","sc_car_ylls_ap_LRI",-0.12164,"bogota","Car",NA,NA,"L3: LRI","AP",309304
"female","40-44","sc_car_ylls_ap_LRI",-0.09136,"bogota","Car",NA,NA,"L3: LRI","AP",275440
"female","45-49","sc_car_ylls_ap_LRI",-0.14191,"bogota","Car",NA,NA,"L3: LRI","AP",254843
"female","50-54","sc_car_ylls_ap_LRI",-0.19178,"bogota","Car",NA,NA,"L3: LRI","AP",256059
"female","55-59","sc_car_ylls_ap_LRI",-0.18835,"bogota","Car",NA,NA,"L3: LRI","AP",235548
"female","60-64","sc_car_ylls_ap_LRI",-0.23006,"bogota","Car",NA,NA,"L3: LRI","AP",189600
"female","65-69","sc_car_ylls_ap_LRI",-0.14431,"bogota","Car",NA,NA,"L3: LRI","AP",141409
"male","15-19","sc_bus_ylls_ap_LRI",0.07007,"bogota","Bus",NA,NA,"L3: LRI","AP",282736
"male","20-24","sc_bus_ylls_ap_LRI",0.12959,"bogota","Bus",NA,NA,"L3: LRI","AP",357934
"male","25-29","sc_bus_ylls_ap_LRI",0.23225,"bogota","Bus",NA,NA,"L3: LRI","AP",360031
"male","30-34","sc_bus_ylls_ap_LRI",0.13837,"bogota","Bus",NA,NA,"L3: LRI","AP",321492
"male","35-39","sc_bus_ylls_ap_LRI",0.28093,"bogota","Bus",NA,NA,"L3: LRI","AP",289808
"male","40-44","sc_bus_ylls_ap_LRI",0.2756,"bogota","Bus",NA,NA,"L3: LRI","AP",244543
"male","45-49","sc_bus_ylls_ap_LRI",0.25217,"bogota","Bus",NA,NA,"L3: LRI","AP",215491
"male","50-54","sc_bus_ylls_ap_LRI",0.26153,"bogota","Bus",NA,NA,"L3: LRI","AP",209137
"male","55-59","sc_bus_ylls_ap_LRI",0.31151,"bogota","Bus",NA,NA,"L3: LRI","AP",187551
"male","60-64","sc_bus_ylls_ap_LRI",0.27552,"bogota","Bus",NA,NA,"L3: LRI","AP",146500
"male","65-69","sc_bus_ylls_ap_LRI",0.21129,"bogota","Bus",NA,NA,"L3: LRI","AP",105412
"female","15-19","sc_bus_ylls_ap_LRI",0.01707,"bogota","Bus",NA,NA,"L3: LRI","AP",279280
"female","20-24","sc_bus_ylls_ap_LRI",0.01806,"bogota","Bus",NA,NA,"L3: LRI","AP",360197
"female","25-29","sc_bus_ylls_ap_LRI",0.03586,"bogota","Bus",NA,NA,"L3: LRI","AP",364423
"female","30-34","sc_bus_ylls_ap_LRI",0.08877,"bogota","Bus",NA,NA,"L3: LRI","AP",330341
"female","35-39","sc_bus_ylls_ap_LRI",0.09252,"bogota","Bus",NA,NA,"L3: LRI","AP",309304
"female","40-44","sc_bus_ylls_ap_LRI",0.05536,"bogota","Bus",NA,NA,"L3: LRI","AP",275440
"female","45-49","sc_bus_ylls_ap_LRI",0.03252,"bogota","Bus",NA,NA,"L3: LRI","AP",254843
"female","50-54","sc_bus_ylls_ap_LRI",0.03497,"bogota","Bus",NA,NA,"L3: LRI","AP",256059
"female","55-59","sc_bus_ylls_ap_LRI",0.0848,"bogota","Bus",NA,NA,"L3: LRI","AP",235548
"female","60-64","sc_bus_ylls_ap_LRI",0.00157,"bogota","Bus",NA,NA,"L3: LRI","AP",189600
"female","65-69","sc_bus_ylls_ap_LRI",0.02038,"bogota","Bus",NA,NA,"L3: LRI","AP",141409
"male","15-19","sc_cycle_ylls_ap_LRI_lb",-0.11093,"bogota","Cycling",NA,NA,"L3: LRI","AP",282736
"male","20-24","sc_cycle_ylls_ap_LRI_lb",-0.20294,"bogota","Cycling",NA,NA,"L3: LRI","AP",357934
"male","25-29","sc_cycle_ylls_ap_LRI_lb",-0.30267,"bogota","Cycling",NA,NA,"L3: LRI","AP",360031
"male","30-34","sc_cycle_ylls_ap_LRI_lb",-0.25857,"bogota","Cycling",NA,NA,"L3: LRI","AP",321492
"male","35-39","sc_cycle_ylls_ap_LRI_lb",-0.38118,"bogota","Cycling",NA,NA,"L3: LRI","AP",289808
"male","40-44","sc_cycle_ylls_ap_LRI_lb",-0.22418,"bogota","Cycling",NA,NA,"L3: LRI","AP",244543
"male","45-49","sc_cycle_ylls_ap_LRI_lb",-0.27691,"bogota","Cycling",NA,NA,"L3: LRI","AP",215491
"male","50-54","sc_cycle_ylls_ap_LRI_lb",-0.23344,"bogota","Cycling",NA,NA,"L3: LRI","AP",209137
"male","55-59","sc_cycle_ylls_ap_LRI_lb",-0.23221,"bogota","Cycling",NA,NA,"L3: LRI","AP",187551
"male","60-64","sc_cycle_ylls_ap_LRI_lb",-0.33545,"bogota","Cycling",NA,NA,"L3: LRI","AP",146500
"male","65-69","sc_cycle_ylls_ap_LRI_lb",-0.26533,"bogota","Cycling",NA,NA,"L3: LRI","AP",105412
"female","15-19","sc_cycle_ylls_ap_LRI_lb",-0.08251,"bogota","Cycling",NA,NA,"L3: LRI","AP",279280
"female","20-24","sc_cycle_ylls_ap_LRI_lb",-0.17814,"bogota","Cycling",NA,NA,"L3: LRI","AP",360197
"female","25-29","sc_cycle_ylls_ap_LRI_lb",-0.20102,"bogota","Cycling",NA,NA,"L3: LRI","AP",364423
"female","30-34","sc_cycle_ylls_ap_LRI_lb",-0.15391,"bogota","Cycling",NA,NA,"L3: LRI","AP",330341
"female","35-39","sc_cycle_ylls_ap_LRI_lb",-0.2237,"bogota","Cycling",NA,NA,"L3: LRI","AP",309304
"female","40-44","sc_cycle_ylls_ap_LRI_lb",-0.26156,"bogota","Cycling",NA,NA,"L3: LRI","AP",275440
"female","45-49","sc_cycle_ylls_ap_LRI_lb",-0.1188,"bogota","Cycling",NA,NA,"L3: LRI","AP",254843
"female","50-54","sc_cycle_ylls_ap_LRI_lb",-0.11293,"bogota","Cycling",NA,NA,"L3: LRI","AP",256059
"female","55-59","sc_cycle_ylls_ap_LRI_lb",-0.08338,"bogota","Cycling",NA,NA,"L3: LRI","AP",235548
"female","60-64","sc_cycle_ylls_ap_LRI_lb",-0.06839,"bogota","Cycling",NA,NA,"L3: LRI","AP",189600
"female","65-69","sc_cycle_ylls_ap_LRI_lb",-0.11447,"bogota","Cycling",NA,NA,"L3: LRI","AP",141409
"male","15-19","sc_car_ylls_ap_LRI_lb",-0.08251,"bogota","Car",NA,NA,"L3: LRI","AP",282736
"male","20-24","sc_car_ylls_ap_LRI_lb",-0.18771,"bogota","Car",NA,NA,"L3: LRI","AP",357934
"male","25-29","sc_car_ylls_ap_LRI_lb",-0.13498,"bogota","Car",NA,NA,"L3: LRI","AP",360031
"male","30-34","sc_car_ylls_ap_LRI_lb",-0.17011,"bogota","Car",NA,NA,"L3: LRI","AP",321492
"male","35-39","sc_car_ylls_ap_LRI_lb",-0.17984,"bogota","Car",NA,NA,"L3: LRI","AP",289808
"male","40-44","sc_car_ylls_ap_LRI_lb",-0.12321,"bogota","Car",NA,NA,"L3: LRI","AP",244543
"male","45-49","sc_car_ylls_ap_LRI_lb",-0.16187,"bogota","Car",NA,NA,"L3: LRI","AP",215491
"male","50-54","sc_car_ylls_ap_LRI_lb",-0.14261,"bogota","Car",NA,NA,"L3: LRI","AP",209137
"male","55-59","sc_car_ylls_ap_LRI_lb",-0.26783,"bogota","Car",NA,NA,"L3: LRI","AP",187551
"male","60-64","sc_car_ylls_ap_LRI_lb",-0.18801,"bogota","Car",NA,NA,"L3: LRI","AP",146500
"male","65-69","sc_car_ylls_ap_LRI_lb",-0.34851,"bogota","Car",NA,NA,"L3: LRI","AP",105412
"female","15-19","sc_car_ylls_ap_LRI_lb",-0.0555,"bogota","Car",NA,NA,"L3: LRI","AP",279280
"female","20-24","sc_car_ylls_ap_LRI_lb",-0.10323,"bogota","Car",NA,NA,"L3: LRI","AP",360197
"female","25-29","sc_car_ylls_ap_LRI_lb",-0.1135,"bogota","Car",NA,NA,"L3: LRI","AP",364423
"female","30-34","sc_car_ylls_ap_LRI_lb",-0.13014,"bogota","Car",NA,NA,"L3: LRI","AP",330341
"female","35-39","sc_car_ylls_ap_LRI_lb",-0.12164,"bogota","Car",NA,NA,"L3: LRI","AP",309304
"female","40-44","sc_car_ylls_ap_LRI_lb",-0.09136,"bogota","Car",NA,NA,"L3: LRI","AP",275440
"female","45-49","sc_car_ylls_ap_LRI_lb",-0.14191,"bogota","Car",NA,NA,"L3: LRI","AP",254843
"female","50-54","sc_car_ylls_ap_LRI_lb",-0.19178,"bogota","Car",NA,NA,"L3: LRI","AP",256059
"female","55-59","sc_car_ylls_ap_LRI_lb",-0.18835,"bogota","Car",NA,NA,"L3: LRI","AP",235548
"female","60-64","sc_car_ylls_ap_LRI_lb",-0.23006,"bogota","Car",NA,NA,"L3: LRI","AP",189600
"female","65-69","sc_car_ylls_ap_LRI_lb",-0.14431,"bogota","Car",NA,NA,"L3: LRI","AP",141409
"male","15-19","sc_bus_ylls_ap_LRI_lb",0.07007,"bogota","Bus",NA,NA,"L3: LRI","AP",282736
"male","20-24","sc_bus_ylls_ap_LRI_lb",0.12959,"bogota","Bus",NA,NA,"L3: LRI","AP",357934
"male","25-29","sc_bus_ylls_ap_LRI_lb",0.23225,"bogota","Bus",NA,NA,"L3: LRI","AP",360031
"male","30-34","sc_bus_ylls_ap_LRI_lb",0.13837,"bogota","Bus",NA,NA,"L3: LRI","AP",321492
"male","35-39","sc_bus_ylls_ap_LRI_lb",0.28093,"bogota","Bus",NA,NA,"L3: LRI","AP",289808
"male","40-44","sc_bus_ylls_ap_LRI_lb",0.2756,"bogota","Bus",NA,NA,"L3: LRI","AP",244543
"male","45-49","sc_bus_ylls_ap_LRI_lb",0.25217,"bogota","Bus",NA,NA,"L3: LRI","AP",215491
"male","50-54","sc_bus_ylls_ap_LRI_lb",0.26153,"bogota","Bus",NA,NA,"L3: LRI","AP",209137
"male","55-59","sc_bus_ylls_ap_LRI_lb",0.31151,"bogota","Bus",NA,NA,"L3: LRI","AP",187551
"male","60-64","sc_bus_ylls_ap_LRI_lb",0.27552,"bogota","Bus",NA,NA,"L3: LRI","AP",146500
"male","65-69","sc_bus_ylls_ap_LRI_lb",0.21129,"bogota","Bus",NA,NA,"L3: LRI","AP",105412
"female","15-19","sc_bus_ylls_ap_LRI_lb",0.01707,"bogota","Bus",NA,NA,"L3: LRI","AP",279280
"female","20-24","sc_bus_ylls_ap_LRI_lb",0.01806,"bogota","Bus",NA,NA,"L3: LRI","AP",360197
"female","25-29","sc_bus_ylls_ap_LRI_lb",0.03586,"bogota","Bus",NA,NA,"L3: LRI","AP",364423
"female","30-34","sc_bus_ylls_ap_LRI_lb",0.08877,"bogota","Bus",NA,NA,"L3: LRI","AP",330341
"female","35-39","sc_bus_ylls_ap_LRI_lb",0.09252,"bogota","Bus",NA,NA,"L3: LRI","AP",309304
"female","40-44","sc_bus_ylls_ap_LRI_lb",0.05536,"bogota","Bus",NA,NA,"L3: LRI","AP",275440
"female","45-49","sc_bus_ylls_ap_LRI_lb",0.03252,"bogota","Bus",NA,NA,"L3: LRI","AP",254843
"female","50-54","sc_bus_ylls_ap_LRI_lb",0.03497,"bogota","Bus",NA,NA,"L3: LRI","AP",256059
"female","55-59","sc_bus_ylls_ap_LRI_lb",0.0848,"bogota","Bus",NA,NA,"L3: LRI","AP",235548
"female","60-64","sc_bus_ylls_ap_LRI_lb",0.00157,"bogota","Bus",NA,NA,"L3: LRI","AP",189600
"female","65-69","sc_bus_ylls_ap_LRI_lb",0.02038,"bogota","Bus",NA,NA,"L3: LRI","AP",141409
"male","15-19","sc_cycle_ylls_ap_LRI_ub",-0.11093,"bogota","Cycling",NA,NA,"L3: LRI","AP",282736
"male","20-24","sc_cycle_ylls_ap_LRI_ub",-0.20294,"bogota","Cycling",NA,NA,"L3: LRI","AP",357934
"male","25-29","sc_cycle_ylls_ap_LRI_ub",-0.30267,"bogota","Cycling",NA,NA,"L3: LRI","AP",360031
"male","30-34","sc_cycle_ylls_ap_LRI_ub",-0.25857,"bogota","Cycling",NA,NA,"L3: LRI","AP",321492
"male","35-39","sc_cycle_ylls_ap_LRI_ub",-0.38118,"bogota","Cycling",NA,NA,"L3: LRI","AP",289808
"male","40-44","sc_cycle_ylls_ap_LRI_ub",-0.22418,"bogota","Cycling",NA,NA,"L3: LRI","AP",244543
"male","45-49","sc_cycle_ylls_ap_LRI_ub",-0.27691,"bogota","Cycling",NA,NA,"L3: LRI","AP",215491
"male","50-54","sc_cycle_ylls_ap_LRI_ub",-0.23344,"bogota","Cycling",NA,NA,"L3: LRI","AP",209137
"male","55-59","sc_cycle_ylls_ap_LRI_ub",-0.23221,"bogota","Cycling",NA,NA,"L3: LRI","AP",187551
"male","60-64","sc_cycle_ylls_ap_LRI_ub",-0.33545,"bogota","Cycling",NA,NA,"L3: LRI","AP",146500
"male","65-69","sc_cycle_ylls_ap_LRI_ub",-0.26533,"bogota","Cycling",NA,NA,"L3: LRI","AP",105412
"female","15-19","sc_cycle_ylls_ap_LRI_ub",-0.08251,"bogota","Cycling",NA,NA,"L3: LRI","AP",279280
"female","20-24","sc_cycle_ylls_ap_LRI_ub",-0.17814,"bogota","Cycling",NA,NA,"L3: LRI","AP",360197
"female","25-29","sc_cycle_ylls_ap_LRI_ub",-0.20102,"bogota","Cycling",NA,NA,"L3: LRI","AP",364423
"female","30-34","sc_cycle_ylls_ap_LRI_ub",-0.15391,"bogota","Cycling",NA,NA,"L3: LRI","AP",330341
"female","35-39","sc_cycle_ylls_ap_LRI_ub",-0.2237,"bogota","Cycling",NA,NA,"L3: LRI","AP",309304
"female","40-44","sc_cycle_ylls_ap_LRI_ub",-0.26156,"bogota","Cycling",NA,NA,"L3: LRI","AP",275440
"female","45-49","sc_cycle_ylls_ap_LRI_ub",-0.1188,"bogota","Cycling",NA,NA,"L3: LRI","AP",254843
"female","50-54","sc_cycle_ylls_ap_LRI_ub",-0.11293,"bogota","Cycling",NA,NA,"L3: LRI","AP",256059
"female","55-59","sc_cycle_ylls_ap_LRI_ub",-0.08338,"bogota","Cycling",NA,NA,"L3: LRI","AP",235548
"female","60-64","sc_cycle_ylls_ap_LRI_ub",-0.06839,"bogota","Cycling",NA,NA,"L3: LRI","AP",189600
"female","65-69","sc_cycle_ylls_ap_LRI_ub",-0.11447,"bogota","Cycling",NA,NA,"L3: LRI","AP",141409
"male","15-19","sc_car_ylls_ap_LRI_ub",-0.08251,"bogota","Car",NA,NA,"L3: LRI","AP",282736
"male","20-24","sc_car_ylls_ap_LRI_ub",-0.18771,"bogota","Car",NA,NA,"L3: LRI","AP",357934
"male","25-29","sc_car_ylls_ap_LRI_ub",-0.13498,"bogota","Car",NA,NA,"L3: LRI","AP",360031
"male","30-34","sc_car_ylls_ap_LRI_ub",-0.17011,"bogota","Car",NA,NA,"L3: LRI","AP",321492
"male","35-39","sc_car_ylls_ap_LRI_ub",-0.17984,"bogota","Car",NA,NA,"L3: LRI","AP",289808
"male","40-44","sc_car_ylls_ap_LRI_ub",-0.12321,"bogota","Car",NA,NA,"L3: LRI","AP",244543
"male","45-49","sc_car_ylls_ap_LRI_ub",-0.16187,"bogota","Car",NA,NA,"L3: LRI","AP",215491
"male","50-54","sc_car_ylls_ap_LRI_ub",-0.14261,"bogota","Car",NA,NA,"L3: LRI","AP",209137
"male","55-59","sc_car_ylls_ap_LRI_ub",-0.26783,"bogota","Car",NA,NA,"L3: LRI","AP",187551
"male","60-64","sc_car_ylls_ap_LRI_ub",-0.18801,"bogota","Car",NA,NA,"L3: LRI","AP",146500
"male","65-69","sc_car_ylls_ap_LRI_ub",-0.34851,"bogota","Car",NA,NA,"L3: LRI","AP",105412
"female","15-19","sc_car_ylls_ap_LRI_ub",-0.0555,"bogota","Car",NA,NA,"L3: LRI","AP",279280
"female","20-24","sc_car_ylls_ap_LRI_ub",-0.10323,"bogota","Car",NA,NA,"L3: LRI","AP",360197
"female","25-29","sc_car_ylls_ap_LRI_ub",-0.1135,"bogota","Car",NA,NA,"L3: LRI","AP",364423
"female","30-34","sc_car_ylls_ap_LRI_ub",-0.13014,"bogota","Car",NA,NA,"L3: LRI","AP",330341
"female","35-39","sc_car_ylls_ap_LRI_ub",-0.12164,"bogota","Car",NA,NA,"L3: LRI","AP",309304
"female","40-44","sc_car_ylls_ap_LRI_ub",-0.09136,"bogota","Car",NA,NA,"L3: LRI","AP",275440
"female","45-49","sc_car_ylls_ap_LRI_ub",-0.14191,"bogota","Car",NA,NA,"L3: LRI","AP",254843
"female","50-54","sc_car_ylls_ap_LRI_ub",-0.19178,"bogota","Car",NA,NA,"L3: LRI","AP",256059
"female","55-59","sc_car_ylls_ap_LRI_ub",-0.18835,"bogota","Car",NA,NA,"L3: LRI","AP",235548
"female","60-64","sc_car_ylls_ap_LRI_ub",-0.23006,"bogota","Car",NA,NA,"L3: LRI","AP",189600
"female","65-69","sc_car_ylls_ap_LRI_ub",-0.14431,"bogota","Car",NA,NA,"L3: LRI","AP",141409
"male","15-19","sc_bus_ylls_ap_LRI_ub",0.07007,"bogota","Bus",NA,NA,"L3: LRI","AP",282736
"male","20-24","sc_bus_ylls_ap_LRI_ub",0.12959,"bogota","Bus",NA,NA,"L3: LRI","AP",357934
"male","25-29","sc_bus_ylls_ap_LRI_ub",0.23225,"bogota","Bus",NA,NA,"L3: LRI","AP",360031
"male","30-34","sc_bus_ylls_ap_LRI_ub",0.13837,"bogota","Bus",NA,NA,"L3: LRI","AP",321492
"male","35-39","sc_bus_ylls_ap_LRI_ub",0.28093,"bogota","Bus",NA,NA,"L3: LRI","AP",289808
"male","40-44","sc_bus_ylls_ap_LRI_ub",0.2756,"bogota","Bus",NA,NA,"L3: LRI","AP",244543
"male","45-49","sc_bus_ylls_ap_LRI_ub",0.25217,"bogota","Bus",NA,NA,"L3: LRI","AP",215491
"male","50-54","sc_bus_ylls_ap_LRI_ub",0.26153,"bogota","Bus",NA,NA,"L3: LRI","AP",209137
"male","55-59","sc_bus_ylls_ap_LRI_ub",0.31151,"bogota","Bus",NA,NA,"L3: LRI","AP",187551
"male","60-64","sc_bus_ylls_ap_LRI_ub",0.27552,"bogota","Bus",NA,NA,"L3: LRI","AP",146500
"male","65-69","sc_bus_ylls_ap_LRI_ub",0.21129,"bogota","Bus",NA,NA,"L3: LRI","AP",105412
"female","15-19","sc_bus_ylls_ap_LRI_ub",0.01707,"bogota","Bus",NA,NA,"L3: LRI","AP",279280
"female","20-24","sc_bus_ylls_ap_LRI_ub",0.01806,"bogota","Bus",NA,NA,"L3: LRI","AP",360197
"female","25-29","sc_bus_ylls_ap_LRI_ub",0.03586,"bogota","Bus",NA,NA,"L3: LRI","AP",364423
"female","30-34","sc_bus_ylls_ap_LRI_ub",0.08877,"bogota","Bus",NA,NA,"L3: LRI","AP",330341
"female","35-39","sc_bus_ylls_ap_LRI_ub",0.09252,"bogota","Bus",NA,NA,"L3: LRI","AP",309304
"female","40-44","sc_bus_ylls_ap_LRI_ub",0.05536,"bogota","Bus",NA,NA,"L3: LRI","AP",275440
"female","45-49","sc_bus_ylls_ap_LRI_ub",0.03252,"bogota","Bus",NA,NA,"L3: LRI","AP",254843
"female","50-54","sc_bus_ylls_ap_LRI_ub",0.03497,"bogota","Bus",NA,NA,"L3: LRI","AP",256059
"female","55-59","sc_bus_ylls_ap_LRI_ub",0.0848,"bogota","Bus",NA,NA,"L3: LRI","AP",235548
"female","60-64","sc_bus_ylls_ap_LRI_ub",0.00157,"bogota","Bus",NA,NA,"L3: LRI","AP",189600
"female","65-69","sc_bus_ylls_ap_LRI_ub",0.02038,"bogota","Bus",NA,NA,"L3: LRI","AP",141409
"male","15-19","sc_cycle_ylls_pa_breast_cancer",0.00272,"bogota","Cycling",NA,NA,"L3: breast_cancer","PA",282736
"male","20-24","sc_cycle_ylls_pa_breast_cancer",0.00385,"bogota","Cycling",NA,NA,"L3: breast_cancer","PA",357934
"male","25-29","sc_cycle_ylls_pa_breast_cancer",0.00955,"bogota","Cycling",NA,NA,"L3: breast_cancer","PA",360031
"male","30-34","sc_cycle_ylls_pa_breast_cancer",0.00817,"bogota","Cycling",NA,NA,"L3: breast_cancer","PA",321492
"male","35-39","sc_cycle_ylls_pa_breast_cancer",0.0131,"bogota","Cycling",NA,NA,"L3: breast_cancer","PA",289808
"male","40-44","sc_cycle_ylls_pa_breast_cancer",0.01237,"bogota","Cycling",NA,NA,"L3: breast_cancer","PA",244543
"male","45-49","sc_cycle_ylls_pa_breast_cancer",0.02477,"bogota","Cycling",NA,NA,"L3: breast_cancer","PA",215491
"male","50-54","sc_cycle_ylls_pa_breast_cancer",0.03231,"bogota","Cycling",NA,NA,"L3: breast_cancer","PA",209137
"male","55-59","sc_cycle_ylls_pa_breast_cancer",0.0337,"bogota","Cycling",NA,NA,"L3: breast_cancer","PA",187551
"male","60-64","sc_cycle_ylls_pa_breast_cancer",0.04093,"bogota","Cycling",NA,NA,"L3: breast_cancer","PA",146500
"male","65-69","sc_cycle_ylls_pa_breast_cancer",0.06131,"bogota","Cycling",NA,NA,"L3: breast_cancer","PA",105412
"female","15-19","sc_cycle_ylls_pa_breast_cancer",0.02801,"bogota","Cycling",NA,NA,"L3: breast_cancer","PA",279280
"female","20-24","sc_cycle_ylls_pa_breast_cancer",0.13877,"bogota","Cycling",NA,NA,"L3: breast_cancer","PA",360197
"female","25-29","sc_cycle_ylls_pa_breast_cancer",0.44323,"bogota","Cycling",NA,NA,"L3: breast_cancer","PA",364423
"female","30-34","sc_cycle_ylls_pa_breast_cancer",2.0563,"bogota","Cycling",NA,NA,"L3: breast_cancer","PA",330341
"female","35-39","sc_cycle_ylls_pa_breast_cancer",3.70064,"bogota","Cycling",NA,NA,"L3: breast_cancer","PA",309304
"female","40-44","sc_cycle_ylls_pa_breast_cancer",4.88233,"bogota","Cycling",NA,NA,"L3: breast_cancer","PA",275440
"female","45-49","sc_cycle_ylls_pa_breast_cancer",5.78994,"bogota","Cycling",NA,NA,"L3: breast_cancer","PA",254843
"female","50-54","sc_cycle_ylls_pa_breast_cancer",6.16653,"bogota","Cycling",NA,NA,"L3: breast_cancer","PA",256059
"female","55-59","sc_cycle_ylls_pa_breast_cancer",5.20681,"bogota","Cycling",NA,NA,"L3: breast_cancer","PA",235548
"female","60-64","sc_cycle_ylls_pa_breast_cancer",3.98349,"bogota","Cycling",NA,NA,"L3: breast_cancer","PA",189600
"female","65-69","sc_cycle_ylls_pa_breast_cancer",5.10677,"bogota","Cycling",NA,NA,"L3: breast_cancer","PA",141409
"male","15-19","sc_car_ylls_pa_breast_cancer",-0.00462,"bogota","Car",NA,NA,"L3: breast_cancer","PA",282736
"male","20-24","sc_car_ylls_pa_breast_cancer",-0.00694,"bogota","Car",NA,NA,"L3: breast_cancer","PA",357934
"male","25-29","sc_car_ylls_pa_breast_cancer",-0.00841,"bogota","Car",NA,NA,"L3: breast_cancer","PA",360031
"male","30-34","sc_car_ylls_pa_breast_cancer",-0.00537,"bogota","Car",NA,NA,"L3: breast_cancer","PA",321492
"male","35-39","sc_car_ylls_pa_breast_cancer",-0.00753,"bogota","Car",NA,NA,"L3: breast_cancer","PA",289808
"male","40-44","sc_car_ylls_pa_breast_cancer",-0.00794,"bogota","Car",NA,NA,"L3: breast_cancer","PA",244543
"male","45-49","sc_car_ylls_pa_breast_cancer",-0.01603,"bogota","Car",NA,NA,"L3: breast_cancer","PA",215491
"male","50-54","sc_car_ylls_pa_breast_cancer",-0.02756,"bogota","Car",NA,NA,"L3: breast_cancer","PA",209137
"male","55-59","sc_car_ylls_pa_breast_cancer",-0.03961,"bogota","Car",NA,NA,"L3: breast_cancer","PA",187551
"male","60-64","sc_car_ylls_pa_breast_cancer",-0.02075,"bogota","Car",NA,NA,"L3: breast_cancer","PA",146500
"male","65-69","sc_car_ylls_pa_breast_cancer",-0.05112,"bogota","Car",NA,NA,"L3: breast_cancer","PA",105412
"female","15-19","sc_car_ylls_pa_breast_cancer",-0.06047,"bogota","Car",NA,NA,"L3: breast_cancer","PA",279280
"female","20-24","sc_car_ylls_pa_breast_cancer",-0.25083,"bogota","Car",NA,NA,"L3: breast_cancer","PA",360197
"female","25-29","sc_car_ylls_pa_breast_cancer",-0.69414,"bogota","Car",NA,NA,"L3: breast_cancer","PA",364423
"female","30-34","sc_car_ylls_pa_breast_cancer",-2.26476,"bogota","Car",NA,NA,"L3: breast_cancer","PA",330341
"female","35-39","sc_car_ylls_pa_breast_cancer",-3.35662,"bogota","Car",NA,NA,"L3: breast_cancer","PA",309304
"female","40-44","sc_car_ylls_pa_breast_cancer",-5.23083,"bogota","Car",NA,NA,"L3: breast_cancer","PA",275440
"female","45-49","sc_car_ylls_pa_breast_cancer",-7.51745,"bogota","Car",NA,NA,"L3: breast_cancer","PA",254843
"female","50-54","sc_car_ylls_pa_breast_cancer",-8.28593,"bogota","Car",NA,NA,"L3: breast_cancer","PA",256059
"female","55-59","sc_car_ylls_pa_breast_cancer",-7.07043,"bogota","Car",NA,NA,"L3: breast_cancer","PA",235548
"female","60-64","sc_car_ylls_pa_breast_cancer",-4.52859,"bogota","Car",NA,NA,"L3: breast_cancer","PA",189600
"female","65-69","sc_car_ylls_pa_breast_cancer",-3.75224,"bogota","Car",NA,NA,"L3: breast_cancer","PA",141409
"male","15-19","sc_bus_ylls_pa_breast_cancer",0.00264,"bogota","Bus",NA,NA,"L3: breast_cancer","PA",282736
"male","20-24","sc_bus_ylls_pa_breast_cancer",0.00692,"bogota","Bus",NA,NA,"L3: breast_cancer","PA",357934
"male","25-29","sc_bus_ylls_pa_breast_cancer",0.01297,"bogota","Bus",NA,NA,"L3: breast_cancer","PA",360031
"male","30-34","sc_bus_ylls_pa_breast_cancer",0.01116,"bogota","Bus",NA,NA,"L3: breast_cancer","PA",321492
"male","35-39","sc_bus_ylls_pa_breast_cancer",0.01863,"bogota","Bus",NA,NA,"L3: breast_cancer","PA",289808
"male","40-44","sc_bus_ylls_pa_breast_cancer",0.02103,"bogota","Bus",NA,NA,"L3: breast_cancer","PA",244543
"male","45-49","sc_bus_ylls_pa_breast_cancer",0.03689,"bogota","Bus",NA,NA,"L3: breast_cancer","PA",215491
"male","50-54","sc_bus_ylls_pa_breast_cancer",0.05257,"bogota","Bus",NA,NA,"L3: breast_cancer","PA",209137
"male","55-59","sc_bus_ylls_pa_breast_cancer",0.0684,"bogota","Bus",NA,NA,"L3: breast_cancer","PA",187551
"male","60-64","sc_bus_ylls_pa_breast_cancer",0.06429,"bogota","Bus",NA,NA,"L3: breast_cancer","PA",146500
"male","65-69","sc_bus_ylls_pa_breast_cancer",0.07258,"bogota","Bus",NA,NA,"L3: breast_cancer","PA",105412
"female","15-19","sc_bus_ylls_pa_breast_cancer",0.04024,"bogota","Bus",NA,NA,"L3: breast_cancer","PA",279280
"female","20-24","sc_bus_ylls_pa_breast_cancer",0.1268,"bogota","Bus",NA,NA,"L3: breast_cancer","PA",360197
"female","25-29","sc_bus_ylls_pa_breast_cancer",0.58395,"bogota","Bus",NA,NA,"L3: breast_cancer","PA",364423
"female","30-34","sc_bus_ylls_pa_breast_cancer",2.2277,"bogota","Bus",NA,NA,"L3: breast_cancer","PA",330341
"female","35-39","sc_bus_ylls_pa_breast_cancer",4.50376,"bogota","Bus",NA,NA,"L3: breast_cancer","PA",309304
"female","40-44","sc_bus_ylls_pa_breast_cancer",5.9173,"bogota","Bus",NA,NA,"L3: breast_cancer","PA",275440
"female","45-49","sc_bus_ylls_pa_breast_cancer",6.39467,"bogota","Bus",NA,NA,"L3: breast_cancer","PA",254843
"female","50-54","sc_bus_ylls_pa_breast_cancer",6.54556,"bogota","Bus",NA,NA,"L3: breast_cancer","PA",256059
"female","55-59","sc_bus_ylls_pa_breast_cancer",8.05616,"bogota","Bus",NA,NA,"L3: breast_cancer","PA",235548
"female","60-64","sc_bus_ylls_pa_breast_cancer",4.13357,"bogota","Bus",NA,NA,"L3: breast_cancer","PA",189600
"female","65-69","sc_bus_ylls_pa_breast_cancer",4.15808,"bogota","Bus",NA,NA,"L3: breast_cancer","PA",141409
"male","15-19","sc_cycle_ylls_pa_breast_cancer_lb",0.00419,"bogota","Cycling",NA,NA,"L3: breast_cancer","PA",282736
"male","20-24","sc_cycle_ylls_pa_breast_cancer_lb",0.00571,"bogota","Cycling",NA,NA,"L3: breast_cancer","PA",357934
"male","25-29","sc_cycle_ylls_pa_breast_cancer_lb",0.01643,"bogota","Cycling",NA,NA,"L3: breast_cancer","PA",360031
"male","30-34","sc_cycle_ylls_pa_breast_cancer_lb",0.0147,"bogota","Cycling",NA,NA,"L3: breast_cancer","PA",321492
"male","35-39","sc_cycle_ylls_pa_breast_cancer_lb",0.02324,"bogota","Cycling",NA,NA,"L3: breast_cancer","PA",289808
"male","40-44","sc_cycle_ylls_pa_breast_cancer_lb",0.02268,"bogota","Cycling",NA,NA,"L3: breast_cancer","PA",244543
"male","45-49","sc_cycle_ylls_pa_breast_cancer_lb",0.04151,"bogota","Cycling",NA,NA,"L3: breast_cancer","PA",215491
"male","50-54","sc_cycle_ylls_pa_breast_cancer_lb",0.05963,"bogota","Cycling",NA,NA,"L3: breast_cancer","PA",209137
"male","55-59","sc_cycle_ylls_pa_breast_cancer_lb",0.051,"bogota","Cycling",NA,NA,"L3: breast_cancer","PA",187551
"male","60-64","sc_cycle_ylls_pa_breast_cancer_lb",0.06446,"bogota","Cycling",NA,NA,"L3: breast_cancer","PA",146500
"male","65-69","sc_cycle_ylls_pa_breast_cancer_lb",0.10711,"bogota","Cycling",NA,NA,"L3: breast_cancer","PA",105412
"female","15-19","sc_cycle_ylls_pa_breast_cancer_lb",0.03796,"bogota","Cycling",NA,NA,"L3: breast_cancer","PA",279280
"female","20-24","sc_cycle_ylls_pa_breast_cancer_lb",0.19812,"bogota","Cycling",NA,NA,"L3: breast_cancer","PA",360197
"female","25-29","sc_cycle_ylls_pa_breast_cancer_lb",0.55209,"bogota","Cycling",NA,NA,"L3: breast_cancer","PA",364423
"female","30-34","sc_cycle_ylls_pa_breast_cancer_lb",3.42942,"bogota","Cycling",NA,NA,"L3: breast_cancer","PA",330341
"female","35-39","sc_cycle_ylls_pa_breast_cancer_lb",5.83621,"bogota","Cycling",NA,NA,"L3: breast_cancer","PA",309304
"female","40-44","sc_cycle_ylls_pa_breast_cancer_lb",7.89843,"bogota","Cycling",NA,NA,"L3: breast_cancer","PA",275440
"female","45-49","sc_cycle_ylls_pa_breast_cancer_lb",9.56846,"bogota","Cycling",NA,NA,"L3: breast_cancer","PA",254843
"female","50-54","sc_cycle_ylls_pa_breast_cancer_lb",9.76819,"bogota","Cycling",NA,NA,"L3: breast_cancer","PA",256059
"female","55-59","sc_cycle_ylls_pa_breast_cancer_lb",8.55249,"bogota","Cycling",NA,NA,"L3: breast_cancer","PA",235548
"female","60-64","sc_cycle_ylls_pa_breast_cancer_lb",7.11481,"bogota","Cycling",NA,NA,"L3: breast_cancer","PA",189600
"female","65-69","sc_cycle_ylls_pa_breast_cancer_lb",8.43652,"bogota","Cycling",NA,NA,"L3: breast_cancer","PA",141409
"male","15-19","sc_car_ylls_pa_breast_cancer_lb",-0.0088,"bogota","Car",NA,NA,"L3: breast_cancer","PA",282736
"male","20-24","sc_car_ylls_pa_breast_cancer_lb",-0.01331,"bogota","Car",NA,NA,"L3: breast_cancer","PA",357934
"male","25-29","sc_car_ylls_pa_breast_cancer_lb",-0.01694,"bogota","Car",NA,NA,"L3: breast_cancer","PA",360031
"male","30-34","sc_car_ylls_pa_breast_cancer_lb",-0.01077,"bogota","Car",NA,NA,"L3: breast_cancer","PA",321492
"male","35-39","sc_car_ylls_pa_breast_cancer_lb",-0.01515,"bogota","Car",NA,NA,"L3: breast_cancer","PA",289808
"male","40-44","sc_car_ylls_pa_breast_cancer_lb",-0.01452,"bogota","Car",NA,NA,"L3: breast_cancer","PA",244543
"male","45-49","sc_car_ylls_pa_breast_cancer_lb",-0.03262,"bogota","Car",NA,NA,"L3: breast_cancer","PA",215491
"male","50-54","sc_car_ylls_pa_breast_cancer_lb",-0.05535,"bogota","Car",NA,NA,"L3: breast_cancer","PA",209137
"male","55-59","sc_car_ylls_pa_breast_cancer_lb",-0.07787,"bogota","Car",NA,NA,"L3: breast_cancer","PA",187551
"male","60-64","sc_car_ylls_pa_breast_cancer_lb",-0.03487,"bogota","Car",NA,NA,"L3: breast_cancer","PA",146500
"male","65-69","sc_car_ylls_pa_breast_cancer_lb",-0.09931,"bogota","Car",NA,NA,"L3: breast_cancer","PA",105412
"female","15-19","sc_car_ylls_pa_breast_cancer_lb",-0.12226,"bogota","Car",NA,NA,"L3: breast_cancer","PA",279280
"female","20-24","sc_car_ylls_pa_breast_cancer_lb",-0.4847,"bogota","Car",NA,NA,"L3: breast_cancer","PA",360197
"female","25-29","sc_car_ylls_pa_breast_cancer_lb",-1.23031,"bogota","Car",NA,NA,"L3: breast_cancer","PA",364423
"female","30-34","sc_car_ylls_pa_breast_cancer_lb",-4.38906,"bogota","Car",NA,NA,"L3: breast_cancer","PA",330341
"female","35-39","sc_car_ylls_pa_breast_cancer_lb",-6.37807,"bogota","Car",NA,NA,"L3: breast_cancer","PA",309304
"female","40-44","sc_car_ylls_pa_breast_cancer_lb",-10.24785,"bogota","Car",NA,NA,"L3: breast_cancer","PA",275440
"female","45-49","sc_car_ylls_pa_breast_cancer_lb",-14.55042,"bogota","Car",NA,NA,"L3: breast_cancer","PA",254843
"female","50-54","sc_car_ylls_pa_breast_cancer_lb",-15.49685,"bogota","Car",NA,NA,"L3: breast_cancer","PA",256059
"female","55-59","sc_car_ylls_pa_breast_cancer_lb",-13.06522,"bogota","Car",NA,NA,"L3: breast_cancer","PA",235548
"female","60-64","sc_car_ylls_pa_breast_cancer_lb",-8.11103,"bogota","Car",NA,NA,"L3: breast_cancer","PA",189600
"female","65-69","sc_car_ylls_pa_breast_cancer_lb",-6.93235,"bogota","Car",NA,NA,"L3: breast_cancer","PA",141409
"male","15-19","sc_bus_ylls_pa_breast_cancer_lb",0.00688,"bogota","Bus",NA,NA,"L3: breast_cancer","PA",282736
"male","20-24","sc_bus_ylls_pa_breast_cancer_lb",0.01726,"bogota","Bus",NA,NA,"L3: breast_cancer","PA",357934
"male","25-29","sc_bus_ylls_pa_breast_cancer_lb",0.0319,"bogota","Bus",NA,NA,"L3: breast_cancer","PA",360031
"male","30-34","sc_bus_ylls_pa_breast_cancer_lb",0.02739,"bogota","Bus",NA,NA,"L3: breast_cancer","PA",321492
"male","35-39","sc_bus_ylls_pa_breast_cancer_lb",0.04665,"bogota","Bus",NA,NA,"L3: breast_cancer","PA",289808
"male","40-44","sc_bus_ylls_pa_breast_cancer_lb",0.05251,"bogota","Bus",NA,NA,"L3: breast_cancer","PA",244543
"male","45-49","sc_bus_ylls_pa_breast_cancer_lb",0.09044,"bogota","Bus",NA,NA,"L3: breast_cancer","PA",215491
"male","50-54","sc_bus_ylls_pa_breast_cancer_lb",0.12829,"bogota","Bus",NA,NA,"L3: breast_cancer","PA",209137
"male","55-59","sc_bus_ylls_pa_breast_cancer_lb",0.17302,"bogota","Bus",NA,NA,"L3: breast_cancer","PA",187551
"male","60-64","sc_bus_ylls_pa_breast_cancer_lb",0.15776,"bogota","Bus",NA,NA,"L3: breast_cancer","PA",146500
"male","65-69","sc_bus_ylls_pa_breast_cancer_lb",0.18105,"bogota","Bus",NA,NA,"L3: breast_cancer","PA",105412
"female","15-19","sc_bus_ylls_pa_breast_cancer_lb",0.10225,"bogota","Bus",NA,NA,"L3: breast_cancer","PA",279280
"female","20-24","sc_bus_ylls_pa_breast_cancer_lb",0.32895,"bogota","Bus",NA,NA,"L3: breast_cancer","PA",360197
"female","25-29","sc_bus_ylls_pa_breast_cancer_lb",1.41441,"bogota","Bus",NA,NA,"L3: breast_cancer","PA",364423
"female","30-34","sc_bus_ylls_pa_breast_cancer_lb",5.54185,"bogota","Bus",NA,NA,"L3: breast_cancer","PA",330341
"female","35-39","sc_bus_ylls_pa_breast_cancer_lb",11.23651,"bogota","Bus",NA,NA,"L3: breast_cancer","PA",309304
"female","40-44","sc_bus_ylls_pa_breast_cancer_lb",14.7946,"bogota","Bus",NA,NA,"L3: breast_cancer","PA",275440
"female","45-49","sc_bus_ylls_pa_breast_cancer_lb",16.38992,"bogota","Bus",NA,NA,"L3: breast_cancer","PA",254843
"female","50-54","sc_bus_ylls_pa_breast_cancer_lb",16.18111,"bogota","Bus",NA,NA,"L3: breast_cancer","PA",256059
"female","55-59","sc_bus_ylls_pa_breast_cancer_lb",19.90795,"bogota","Bus",NA,NA,"L3: breast_cancer","PA",235548
"female","60-64","sc_bus_ylls_pa_breast_cancer_lb",9.96538,"bogota","Bus",NA,NA,"L3: breast_cancer","PA",189600
"female","65-69","sc_bus_ylls_pa_breast_cancer_lb",10.41781,"bogota","Bus",NA,NA,"L3: breast_cancer","PA",141409
"male","15-19","sc_cycle_ylls_pa_breast_cancer_ub",0.00149,"bogota","Cycling",NA,NA,"L3: breast_cancer","PA",282736
"male","20-24","sc_cycle_ylls_pa_breast_cancer_ub",0.00241,"bogota","Cycling",NA,NA,"L3: breast_cancer","PA",357934
"male","25-29","sc_cycle_ylls_pa_breast_cancer_ub",0.00351,"bogota","Cycling",NA,NA,"L3: breast_cancer","PA",360031
"male","30-34","sc_cycle_ylls_pa_breast_cancer_ub",0.00238,"bogota","Cycling",NA,NA,"L3: breast_cancer","PA",321492
"male","35-39","sc_cycle_ylls_pa_breast_cancer_ub",0.00382,"bogota","Cycling",NA,NA,"L3: breast_cancer","PA",289808
"male","40-44","sc_cycle_ylls_pa_breast_cancer_ub",0.00317,"bogota","Cycling",NA,NA,"L3: breast_cancer","PA",244543
"male","45-49","sc_cycle_ylls_pa_breast_cancer_ub",0.00936,"bogota","Cycling",NA,NA,"L3: breast_cancer","PA",215491
"male","50-54","sc_cycle_ylls_pa_breast_cancer_ub",0.00788,"bogota","Cycling",NA,NA,"L3: breast_cancer","PA",209137
"male","55-59","sc_cycle_ylls_pa_breast_cancer_ub",0.01817,"bogota","Cycling",NA,NA,"L3: breast_cancer","PA",187551
"male","60-64","sc_cycle_ylls_pa_breast_cancer_ub",0.0199,"bogota","Cycling",NA,NA,"L3: breast_cancer","PA",146500
"male","65-69","sc_cycle_ylls_pa_breast_cancer_ub",0.01663,"bogota","Cycling",NA,NA,"L3: breast_cancer","PA",105412
"female","15-19","sc_cycle_ylls_pa_breast_cancer_ub",0.01996,"bogota","Cycling",NA,NA,"L3: breast_cancer","PA",279280
"female","20-24","sc_cycle_ylls_pa_breast_cancer_ub",0.08974,"bogota","Cycling",NA,NA,"L3: breast_cancer","PA",360197
"female","25-29","sc_cycle_ylls_pa_breast_cancer_ub",0.36231,"bogota","Cycling",NA,NA,"L3: breast_cancer","PA",364423
"female","30-34","sc_cycle_ylls_pa_breast_cancer_ub",0.83364,"bogota","Cycling",NA,NA,"L3: breast_cancer","PA",330341
"female","35-39","sc_cycle_ylls_pa_breast_cancer_ub",1.79494,"bogota","Cycling",NA,NA,"L3: breast_cancer","PA",309304
"female","40-44","sc_cycle_ylls_pa_breast_cancer_ub",2.24418,"bogota","Cycling",NA,NA,"L3: breast_cancer","PA",275440
"female","45-49","sc_cycle_ylls_pa_breast_cancer_ub",2.4962,"bogota","Cycling",NA,NA,"L3: breast_cancer","PA",254843
"female","50-54","sc_cycle_ylls_pa_breast_cancer_ub",3.03304,"bogota","Cycling",NA,NA,"L3: breast_cancer","PA",256059
"female","55-59","sc_cycle_ylls_pa_breast_cancer_ub",2.33336,"bogota","Cycling",NA,NA,"L3: breast_cancer","PA",235548
"female","60-64","sc_cycle_ylls_pa_breast_cancer_ub",1.19001,"bogota","Cycling",NA,NA,"L3: breast_cancer","PA",189600
"female","65-69","sc_cycle_ylls_pa_breast_cancer_ub",1.87907,"bogota","Cycling",NA,NA,"L3: breast_cancer","PA",141409
"male","15-19","sc_car_ylls_pa_breast_cancer_ub",-0.0009,"bogota","Car",NA,NA,"L3: breast_cancer","PA",282736
"male","20-24","sc_car_ylls_pa_breast_cancer_ub",-0.0011,"bogota","Car",NA,NA,"L3: breast_cancer","PA",357934
"male","25-29","sc_car_ylls_pa_breast_cancer_ub",-0.00073,"bogota","Car",NA,NA,"L3: breast_cancer","PA",360031
"male","30-34","sc_car_ylls_pa_breast_cancer_ub",-0.0003,"bogota","Car",NA,NA,"L3: breast_cancer","PA",321492
"male","35-39","sc_car_ylls_pa_breast_cancer_ub",-0.00014,"bogota","Car",NA,NA,"L3: breast_cancer","PA",289808
"male","40-44","sc_car_ylls_pa_breast_cancer_ub",-0.00188,"bogota","Car",NA,NA,"L3: breast_cancer","PA",244543
"male","45-49","sc_car_ylls_pa_breast_cancer_ub",-0.00041,"bogota","Car",NA,NA,"L3: breast_cancer","PA",215491
"male","50-54","sc_car_ylls_pa_breast_cancer_ub",-0.00126,"bogota","Car",NA,NA,"L3: breast_cancer","PA",209137
"male","55-59","sc_car_ylls_pa_breast_cancer_ub",-0.00247,"bogota","Car",NA,NA,"L3: breast_cancer","PA",187551
"male","60-64","sc_car_ylls_pa_breast_cancer_ub",-0.00648,"bogota","Car",NA,NA,"L3: breast_cancer","PA",146500
"male","65-69","sc_car_ylls_pa_breast_cancer_ub",-0.00161,"bogota","Car",NA,NA,"L3: breast_cancer","PA",105412
"female","15-19","sc_car_ylls_pa_breast_cancer_ub",-0.00259,"bogota","Car",NA,NA,"L3: breast_cancer","PA",279280
"female","20-24","sc_car_ylls_pa_breast_cancer_ub",-0.03302,"bogota","Car",NA,NA,"L3: breast_cancer","PA",360197
"female","25-29","sc_car_ylls_pa_breast_cancer_ub",-0.19325,"bogota","Car",NA,NA,"L3: breast_cancer","PA",364423
"female","30-34","sc_car_ylls_pa_breast_cancer_ub",-0.23067,"bogota","Car",NA,NA,"L3: breast_cancer","PA",330341
"female","35-39","sc_car_ylls_pa_breast_cancer_ub",-0.4861,"bogota","Car",NA,NA,"L3: breast_cancer","PA",309304
"female","40-44","sc_car_ylls_pa_breast_cancer_ub",-0.54587,"bogota","Car",NA,NA,"L3: breast_cancer","PA",275440
"female","45-49","sc_car_ylls_pa_breast_cancer_ub",-0.71305,"bogota","Car",NA,NA,"L3: breast_cancer","PA",254843
"female","50-54","sc_car_ylls_pa_breast_cancer_ub",-1.44391,"bogota","Car",NA,NA,"L3: breast_cancer","PA",256059
"female","55-59","sc_car_ylls_pa_breast_cancer_ub",-1.33214,"bogota","Car",NA,NA,"L3: breast_cancer","PA",235548
"female","60-64","sc_car_ylls_pa_breast_cancer_ub",-0.96272,"bogota","Car",NA,NA,"L3: breast_cancer","PA",189600
"female","65-69","sc_car_ylls_pa_breast_cancer_ub",-0.45714,"bogota","Car",NA,NA,"L3: breast_cancer","PA",141409
"male","15-19","sc_bus_ylls_pa_breast_cancer_ub",-0.00104,"bogota","Bus",NA,NA,"L3: breast_cancer","PA",282736
"male","20-24","sc_bus_ylls_pa_breast_cancer_ub",-0.00214,"bogota","Bus",NA,NA,"L3: breast_cancer","PA",357934
"male","25-29","sc_bus_ylls_pa_breast_cancer_ub",-0.00404,"bogota","Bus",NA,NA,"L3: breast_cancer","PA",360031
"male","30-34","sc_bus_ylls_pa_breast_cancer_ub",-0.00346,"bogota","Bus",NA,NA,"L3: breast_cancer","PA",321492
"male","35-39","sc_bus_ylls_pa_breast_cancer_ub",-0.00699,"bogota","Bus",NA,NA,"L3: breast_cancer","PA",289808
"male","40-44","sc_bus_ylls_pa_breast_cancer_ub",-0.00771,"bogota","Bus",NA,NA,"L3: breast_cancer","PA",244543
"male","45-49","sc_bus_ylls_pa_breast_cancer_ub",-0.01365,"bogota","Bus",NA,NA,"L3: breast_cancer","PA",215491
"male","50-54","sc_bus_ylls_pa_breast_cancer_ub",-0.01629,"bogota","Bus",NA,NA,"L3: breast_cancer","PA",209137
"male","55-59","sc_bus_ylls_pa_breast_cancer_ub",-0.02758,"bogota","Bus",NA,NA,"L3: breast_cancer","PA",187551
"male","60-64","sc_bus_ylls_pa_breast_cancer_ub",-0.02052,"bogota","Bus",NA,NA,"L3: breast_cancer","PA",146500
"male","65-69","sc_bus_ylls_pa_breast_cancer_ub",-0.03282,"bogota","Bus",NA,NA,"L3: breast_cancer","PA",105412
"female","15-19","sc_bus_ylls_pa_breast_cancer_ub",-0.01553,"bogota","Bus",NA,NA,"L3: breast_cancer","PA",279280
"female","20-24","sc_bus_ylls_pa_breast_cancer_ub",-0.05466,"bogota","Bus",NA,NA,"L3: breast_cancer","PA",360197
"female","25-29","sc_bus_ylls_pa_breast_cancer_ub",-0.17114,"bogota","Bus",NA,NA,"L3: breast_cancer","PA",364423
"female","30-34","sc_bus_ylls_pa_breast_cancer_ub",-0.81993,"bogota","Bus",NA,NA,"L3: breast_cancer","PA",330341
"female","35-39","sc_bus_ylls_pa_breast_cancer_ub",-1.60017,"bogota","Bus",NA,NA,"L3: breast_cancer","PA",309304
"female","40-44","sc_bus_ylls_pa_breast_cancer_ub",-2.05041,"bogota","Bus",NA,NA,"L3: breast_cancer","PA",275440
"female","45-49","sc_bus_ylls_pa_breast_cancer_ub",-2.72253,"bogota","Bus",NA,NA,"L3: breast_cancer","PA",254843
"female","50-54","sc_bus_ylls_pa_breast_cancer_ub",-2.33636,"bogota","Bus",NA,NA,"L3: breast_cancer","PA",256059
"female","55-59","sc_bus_ylls_pa_breast_cancer_ub",-2.74802,"bogota","Bus",NA,NA,"L3: breast_cancer","PA",235548
"female","60-64","sc_bus_ylls_pa_breast_cancer_ub",-1.34494,"bogota","Bus",NA,NA,"L3: breast_cancer","PA",189600
"female","65-69","sc_bus_ylls_pa_breast_cancer_ub",-1.96193,"bogota","Bus",NA,NA,"L3: breast_cancer","PA",141409
"male","15-19","sc_cycle_ylls_pa_colon_cancer",0.02899,"bogota","Cycling",NA,NA,"L3: colon_cancer","PA",282736
"male","20-24","sc_cycle_ylls_pa_colon_cancer",0.07663,"bogota","Cycling",NA,NA,"L3: colon_cancer","PA",357934
"male","25-29","sc_cycle_ylls_pa_colon_cancer",0.31647,"bogota","Cycling",NA,NA,"L3: colon_cancer","PA",360031
"male","30-34","sc_cycle_ylls_pa_colon_cancer",0.43979,"bogota","Cycling",NA,NA,"L3: colon_cancer","PA",321492
"male","35-39","sc_cycle_ylls_pa_colon_cancer",0.73829,"bogota","Cycling",NA,NA,"L3: colon_cancer","PA",289808
"male","40-44","sc_cycle_ylls_pa_colon_cancer",0.51921,"bogota","Cycling",NA,NA,"L3: colon_cancer","PA",244543
"male","45-49","sc_cycle_ylls_pa_colon_cancer",1.0357,"bogota","Cycling",NA,NA,"L3: colon_cancer","PA",215491
"male","50-54","sc_cycle_ylls_pa_colon_cancer",1.01508,"bogota","Cycling",NA,NA,"L3: colon_cancer","PA",209137
"male","55-59","sc_cycle_ylls_pa_colon_cancer",1.247,"bogota","Cycling",NA,NA,"L3: colon_cancer","PA",187551
"male","60-64","sc_cycle_ylls_pa_colon_cancer",1.42811,"bogota","Cycling",NA,NA,"L3: colon_cancer","PA",146500
"male","65-69","sc_cycle_ylls_pa_colon_cancer",2.0071,"bogota","Cycling",NA,NA,"L3: colon_cancer","PA",105412
"female","15-19","sc_cycle_ylls_pa_colon_cancer",0.01772,"bogota","Cycling",NA,NA,"L3: colon_cancer","PA",279280
"female","20-24","sc_cycle_ylls_pa_colon_cancer",0.09914,"bogota","Cycling",NA,NA,"L3: colon_cancer","PA",360197
"female","25-29","sc_cycle_ylls_pa_colon_cancer",0.18299,"bogota","Cycling",NA,NA,"L3: colon_cancer","PA",364423
"female","30-34","sc_cycle_ylls_pa_colon_cancer",0.34415,"bogota","Cycling",NA,NA,"L3: colon_cancer","PA",330341
"female","35-39","sc_cycle_ylls_pa_colon_cancer",0.58613,"bogota","Cycling",NA,NA,"L3: colon_cancer","PA",309304
"female","40-44","sc_cycle_ylls_pa_colon_cancer",0.62542,"bogota","Cycling",NA,NA,"L3: colon_cancer","PA",275440
"female","45-49","sc_cycle_ylls_pa_colon_cancer",0.81324,"bogota","Cycling",NA,NA,"L3: colon_cancer","PA",254843
"female","50-54","sc_cycle_ylls_pa_colon_cancer",1.02195,"bogota","Cycling",NA,NA,"L3: colon_cancer","PA",256059
"female","55-59","sc_cycle_ylls_pa_colon_cancer",1.02682,"bogota","Cycling",NA,NA,"L3: colon_cancer","PA",235548
"female","60-64","sc_cycle_ylls_pa_colon_cancer",1.07161,"bogota","Cycling",NA,NA,"L3: colon_cancer","PA",189600
"female","65-69","sc_cycle_ylls_pa_colon_cancer",1.70714,"bogota","Cycling",NA,NA,"L3: colon_cancer","PA",141409
"male","15-19","sc_car_ylls_pa_colon_cancer",-0.0449,"bogota","Car",NA,NA,"L3: colon_cancer","PA",282736
"male","20-24","sc_car_ylls_pa_colon_cancer",-0.12535,"bogota","Car",NA,NA,"L3: colon_cancer","PA",357934
"male","25-29","sc_car_ylls_pa_colon_cancer",-0.25847,"bogota","Car",NA,NA,"L3: colon_cancer","PA",360031
"male","30-34","sc_car_ylls_pa_colon_cancer",-0.27398,"bogota","Car",NA,NA,"L3: colon_cancer","PA",321492
"male","35-39","sc_car_ylls_pa_colon_cancer",-0.39689,"bogota","Car",NA,NA,"L3: colon_cancer","PA",289808
"male","40-44","sc_car_ylls_pa_colon_cancer",-0.33388,"bogota","Car",NA,NA,"L3: colon_cancer","PA",244543
"male","45-49","sc_car_ylls_pa_colon_cancer",-0.60266,"bogota","Car",NA,NA,"L3: colon_cancer","PA",215491
"male","50-54","sc_car_ylls_pa_colon_cancer",-0.83453,"bogota","Car",NA,NA,"L3: colon_cancer","PA",209137
"male","55-59","sc_car_ylls_pa_colon_cancer",-1.30679,"bogota","Car",NA,NA,"L3: colon_cancer","PA",187551
"male","60-64","sc_car_ylls_pa_colon_cancer",-0.70486,"bogota","Car",NA,NA,"L3: colon_cancer","PA",146500
"male","65-69","sc_car_ylls_pa_colon_cancer",-1.59347,"bogota","Car",NA,NA,"L3: colon_cancer","PA",105412
"female","15-19","sc_car_ylls_pa_colon_cancer",-0.03236,"bogota","Car",NA,NA,"L3: colon_cancer","PA",279280
"female","20-24","sc_car_ylls_pa_colon_cancer",-0.15883,"bogota","Car",NA,NA,"L3: colon_cancer","PA",360197
"female","25-29","sc_car_ylls_pa_colon_cancer",-0.25515,"bogota","Car",NA,NA,"L3: colon_cancer","PA",364423
"female","30-34","sc_car_ylls_pa_colon_cancer",-0.35594,"bogota","Car",NA,NA,"L3: colon_cancer","PA",330341
"female","35-39","sc_car_ylls_pa_colon_cancer",-0.4902,"bogota","Car",NA,NA,"L3: colon_cancer","PA",309304
"female","40-44","sc_car_ylls_pa_colon_cancer",-0.61401,"bogota","Car",NA,NA,"L3: colon_cancer","PA",275440
"female","45-49","sc_car_ylls_pa_colon_cancer",-0.98652,"bogota","Car",NA,NA,"L3: colon_cancer","PA",254843
"female","50-54","sc_car_ylls_pa_colon_cancer",-1.28982,"bogota","Car",NA,NA,"L3: colon_cancer","PA",256059
"female","55-59","sc_car_ylls_pa_colon_cancer",-1.33504,"bogota","Car",NA,NA,"L3: colon_cancer","PA",235548
"female","60-64","sc_car_ylls_pa_colon_cancer",-1.23182,"bogota","Car",NA,NA,"L3: colon_cancer","PA",189600
"female","65-69","sc_car_ylls_pa_colon_cancer",-1.19331,"bogota","Car",NA,NA,"L3: colon_cancer","PA",141409
"male","15-19","sc_bus_ylls_pa_colon_cancer",0.02025,"bogota","Bus",NA,NA,"L3: colon_cancer","PA",282736
"male","20-24","sc_bus_ylls_pa_colon_cancer",0.10305,"bogota","Bus",NA,NA,"L3: colon_cancer","PA",357934
"male","25-29","sc_bus_ylls_pa_colon_cancer",0.34347,"bogota","Bus",NA,NA,"L3: colon_cancer","PA",360031
"male","30-34","sc_bus_ylls_pa_colon_cancer",0.48954,"bogota","Bus",NA,NA,"L3: colon_cancer","PA",321492
"male","35-39","sc_bus_ylls_pa_colon_cancer",0.82936,"bogota","Bus",NA,NA,"L3: colon_cancer","PA",289808
"male","40-44","sc_bus_ylls_pa_colon_cancer",0.7157,"bogota","Bus",NA,NA,"L3: colon_cancer","PA",244543
"male","45-49","sc_bus_ylls_pa_colon_cancer",1.20628,"bogota","Bus",NA,NA,"L3: colon_cancer","PA",215491
"male","50-54","sc_bus_ylls_pa_colon_cancer",1.36632,"bogota","Bus",NA,NA,"L3: colon_cancer","PA",209137
"male","55-59","sc_bus_ylls_pa_colon_cancer",1.85273,"bogota","Bus",NA,NA,"L3: colon_cancer","PA",187551
"male","60-64","sc_bus_ylls_pa_colon_cancer",1.71167,"bogota","Bus",NA,NA,"L3: colon_cancer","PA",146500
"male","65-69","sc_bus_ylls_pa_colon_cancer",1.84707,"bogota","Bus",NA,NA,"L3: colon_cancer","PA",105412
"female","15-19","sc_bus_ylls_pa_colon_cancer",0.01796,"bogota","Bus",NA,NA,"L3: colon_cancer","PA",279280
"female","20-24","sc_bus_ylls_pa_colon_cancer",0.06414,"bogota","Bus",NA,NA,"L3: colon_cancer","PA",360197
"female","25-29","sc_bus_ylls_pa_colon_cancer",0.17448,"bogota","Bus",NA,NA,"L3: colon_cancer","PA",364423
"female","30-34","sc_bus_ylls_pa_colon_cancer",0.28836,"bogota","Bus",NA,NA,"L3: colon_cancer","PA",330341
"female","35-39","sc_bus_ylls_pa_colon_cancer",0.53893,"bogota","Bus",NA,NA,"L3: colon_cancer","PA",309304
"female","40-44","sc_bus_ylls_pa_colon_cancer",0.58036,"bogota","Bus",NA,NA,"L3: colon_cancer","PA",275440
"female","45-49","sc_bus_ylls_pa_colon_cancer",0.68266,"bogota","Bus",NA,NA,"L3: colon_cancer","PA",254843
"female","50-54","sc_bus_ylls_pa_colon_cancer",0.83031,"bogota","Bus",NA,NA,"L3: colon_cancer","PA",256059
"female","55-59","sc_bus_ylls_pa_colon_cancer",1.23932,"bogota","Bus",NA,NA,"L3: colon_cancer","PA",235548
"female","60-64","sc_bus_ylls_pa_colon_cancer",0.91906,"bogota","Bus",NA,NA,"L3: colon_cancer","PA",189600
"female","65-69","sc_bus_ylls_pa_colon_cancer",1.04521,"bogota","Bus",NA,NA,"L3: colon_cancer","PA",141409
"male","15-19","sc_cycle_ylls_pa_colon_cancer_lb",0.0491,"bogota","Cycling",NA,NA,"L3: colon_cancer","PA",282736
"male","20-24","sc_cycle_ylls_pa_colon_cancer_lb",0.12874,"bogota","Cycling",NA,NA,"L3: colon_cancer","PA",357934
"male","25-29","sc_cycle_ylls_pa_colon_cancer_lb",0.54225,"bogota","Cycling",NA,NA,"L3: colon_cancer","PA",360031
"male","30-34","sc_cycle_ylls_pa_colon_cancer_lb",0.75696,"bogota","Cycling",NA,NA,"L3: colon_cancer","PA",321492
"male","35-39","sc_cycle_ylls_pa_colon_cancer_lb",1.26385,"bogota","Cycling",NA,NA,"L3: colon_cancer","PA",289808
"male","40-44","sc_cycle_ylls_pa_colon_cancer_lb",0.89514,"bogota","Cycling",NA,NA,"L3: colon_cancer","PA",244543
"male","45-49","sc_cycle_ylls_pa_colon_cancer_lb",1.75838,"bogota","Cycling",NA,NA,"L3: colon_cancer","PA",215491
"male","50-54","sc_cycle_ylls_pa_colon_cancer_lb",1.75322,"bogota","Cycling",NA,NA,"L3: colon_cancer","PA",209137
"male","55-59","sc_cycle_ylls_pa_colon_cancer_lb",2.09119,"bogota","Cycling",NA,NA,"L3: colon_cancer","PA",187551
"male","60-64","sc_cycle_ylls_pa_colon_cancer_lb",2.40667,"bogota","Cycling",NA,NA,"L3: colon_cancer","PA",146500
"male","65-69","sc_cycle_ylls_pa_colon_cancer_lb",3.41529,"bogota","Cycling",NA,NA,"L3: colon_cancer","PA",105412
"female","15-19","sc_cycle_ylls_pa_colon_cancer_lb",0.02947,"bogota","Cycling",NA,NA,"L3: colon_cancer","PA",279280
"female","20-24","sc_cycle_ylls_pa_colon_cancer_lb",0.16523,"bogota","Cycling",NA,NA,"L3: colon_cancer","PA",360197
"female","25-29","sc_cycle_ylls_pa_colon_cancer_lb",0.30158,"bogota","Cycling",NA,NA,"L3: colon_cancer","PA",364423
"female","30-34","sc_cycle_ylls_pa_colon_cancer_lb",0.58592,"bogota","Cycling",NA,NA,"L3: colon_cancer","PA",330341
"female","35-39","sc_cycle_ylls_pa_colon_cancer_lb",0.98977,"bogota","Cycling",NA,NA,"L3: colon_cancer","PA",309304
"female","40-44","sc_cycle_ylls_pa_colon_cancer_lb",1.05675,"bogota","Cycling",NA,NA,"L3: colon_cancer","PA",275440
"female","45-49","sc_cycle_ylls_pa_colon_cancer_lb",1.37899,"bogota","Cycling",NA,NA,"L3: colon_cancer","PA",254843
"female","50-54","sc_cycle_ylls_pa_colon_cancer_lb",1.72142,"bogota","Cycling",NA,NA,"L3: colon_cancer","PA",256059
"female","55-59","sc_cycle_ylls_pa_colon_cancer_lb",1.73886,"bogota","Cycling",NA,NA,"L3: colon_cancer","PA",235548
"female","60-64","sc_cycle_ylls_pa_colon_cancer_lb",1.83548,"bogota","Cycling",NA,NA,"L3: colon_cancer","PA",189600
"female","65-69","sc_cycle_ylls_pa_colon_cancer_lb",2.87641,"bogota","Cycling",NA,NA,"L3: colon_cancer","PA",141409
"male","15-19","sc_car_ylls_pa_colon_cancer_lb",-0.07855,"bogota","Car",NA,NA,"L3: colon_cancer","PA",282736
"male","20-24","sc_car_ylls_pa_colon_cancer_lb",-0.21977,"bogota","Car",NA,NA,"L3: colon_cancer","PA",357934
"male","25-29","sc_car_ylls_pa_colon_cancer_lb",-0.45524,"bogota","Car",NA,NA,"L3: colon_cancer","PA",360031
"male","30-34","sc_car_ylls_pa_colon_cancer_lb",-0.48219,"bogota","Car",NA,NA,"L3: colon_cancer","PA",321492
"male","35-39","sc_car_ylls_pa_colon_cancer_lb",-0.69699,"bogota","Car",NA,NA,"L3: colon_cancer","PA",289808
"male","40-44","sc_car_ylls_pa_colon_cancer_lb",-0.5762,"bogota","Car",NA,NA,"L3: colon_cancer","PA",244543
"male","45-49","sc_car_ylls_pa_colon_cancer_lb",-1.05755,"bogota","Car",NA,NA,"L3: colon_cancer","PA",215491
"male","50-54","sc_car_ylls_pa_colon_cancer_lb",-1.46949,"bogota","Car",NA,NA,"L3: colon_cancer","PA",209137
"male","55-59","sc_car_ylls_pa_colon_cancer_lb",-2.2883,"bogota","Car",NA,NA,"L3: colon_cancer","PA",187551
"male","60-64","sc_car_ylls_pa_colon_cancer_lb",-1.2036,"bogota","Car",NA,NA,"L3: colon_cancer","PA",146500
"male","65-69","sc_car_ylls_pa_colon_cancer_lb",-2.77293,"bogota","Car",NA,NA,"L3: colon_cancer","PA",105412
"female","15-19","sc_car_ylls_pa_colon_cancer_lb",-0.05712,"bogota","Car",NA,NA,"L3: colon_cancer","PA",279280
"female","20-24","sc_car_ylls_pa_colon_cancer_lb",-0.27731,"bogota","Car",NA,NA,"L3: colon_cancer","PA",360197
"female","25-29","sc_car_ylls_pa_colon_cancer_lb",-0.44033,"bogota","Car",NA,NA,"L3: colon_cancer","PA",364423
"female","30-34","sc_car_ylls_pa_colon_cancer_lb",-0.6234,"bogota","Car",NA,NA,"L3: colon_cancer","PA",330341
"female","35-39","sc_car_ylls_pa_colon_cancer_lb",-0.85366,"bogota","Car",NA,NA,"L3: colon_cancer","PA",309304
"female","40-44","sc_car_ylls_pa_colon_cancer_lb",-1.07247,"bogota","Car",NA,NA,"L3: colon_cancer","PA",275440
"female","45-49","sc_car_ylls_pa_colon_cancer_lb",-1.72502,"bogota","Car",NA,NA,"L3: colon_cancer","PA",254843
"female","50-54","sc_car_ylls_pa_colon_cancer_lb",-2.23813,"bogota","Car",NA,NA,"L3: colon_cancer","PA",256059
"female","55-59","sc_car_ylls_pa_colon_cancer_lb",-2.31522,"bogota","Car",NA,NA,"L3: colon_cancer","PA",235548
"female","60-64","sc_car_ylls_pa_colon_cancer_lb",-2.1258,"bogota","Car",NA,NA,"L3: colon_cancer","PA",189600
"female","65-69","sc_car_ylls_pa_colon_cancer_lb",-2.05512,"bogota","Car",NA,NA,"L3: colon_cancer","PA",141409
"male","15-19","sc_bus_ylls_pa_colon_cancer_lb",0.03796,"bogota","Bus",NA,NA,"L3: colon_cancer","PA",282736
"male","20-24","sc_bus_ylls_pa_colon_cancer_lb",0.19067,"bogota","Bus",NA,NA,"L3: colon_cancer","PA",357934
"male","25-29","sc_bus_ylls_pa_colon_cancer_lb",0.63311,"bogota","Bus",NA,NA,"L3: colon_cancer","PA",360031
"male","30-34","sc_bus_ylls_pa_colon_cancer_lb",0.89989,"bogota","Bus",NA,NA,"L3: colon_cancer","PA",321492
"male","35-39","sc_bus_ylls_pa_colon_cancer_lb",1.52957,"bogota","Bus",NA,NA,"L3: colon_cancer","PA",289808
"male","40-44","sc_bus_ylls_pa_colon_cancer_lb",1.32256,"bogota","Bus",NA,NA,"L3: colon_cancer","PA",244543
"male","45-49","sc_bus_ylls_pa_colon_cancer_lb",2.21585,"bogota","Bus",NA,NA,"L3: colon_cancer","PA",215491
"male","50-54","sc_bus_ylls_pa_colon_cancer_lb",2.50765,"bogota","Bus",NA,NA,"L3: colon_cancer","PA",209137
"male","55-59","sc_bus_ylls_pa_colon_cancer_lb",3.43204,"bogota","Bus",NA,NA,"L3: colon_cancer","PA",187551
"male","60-64","sc_bus_ylls_pa_colon_cancer_lb",3.13984,"bogota","Bus",NA,NA,"L3: colon_cancer","PA",146500
"male","65-69","sc_bus_ylls_pa_colon_cancer_lb",3.40563,"bogota","Bus",NA,NA,"L3: colon_cancer","PA",105412
"female","15-19","sc_bus_ylls_pa_colon_cancer_lb",0.03337,"bogota","Bus",NA,NA,"L3: colon_cancer","PA",279280
"female","20-24","sc_bus_ylls_pa_colon_cancer_lb",0.11977,"bogota","Bus",NA,NA,"L3: colon_cancer","PA",360197
"female","25-29","sc_bus_ylls_pa_colon_cancer_lb",0.32004,"bogota","Bus",NA,NA,"L3: colon_cancer","PA",364423
"female","30-34","sc_bus_ylls_pa_colon_cancer_lb",0.5328,"bogota","Bus",NA,NA,"L3: colon_cancer","PA",330341
"female","35-39","sc_bus_ylls_pa_colon_cancer_lb",0.99453,"bogota","Bus",NA,NA,"L3: colon_cancer","PA",309304
"female","40-44","sc_bus_ylls_pa_colon_cancer_lb",1.07017,"bogota","Bus",NA,NA,"L3: colon_cancer","PA",275440
"female","45-49","sc_bus_ylls_pa_colon_cancer_lb",1.27172,"bogota","Bus",NA,NA,"L3: colon_cancer","PA",254843
"female","50-54","sc_bus_ylls_pa_colon_cancer_lb",1.52877,"bogota","Bus",NA,NA,"L3: colon_cancer","PA",256059
"female","55-59","sc_bus_ylls_pa_colon_cancer_lb",2.2825,"bogota","Bus",NA,NA,"L3: colon_cancer","PA",235548
"female","60-64","sc_bus_ylls_pa_colon_cancer_lb",1.68328,"bogota","Bus",NA,NA,"L3: colon_cancer","PA",189600
"female","65-69","sc_bus_ylls_pa_colon_cancer_lb",1.92939,"bogota","Bus",NA,NA,"L3: colon_cancer","PA",141409
"male","15-19","sc_cycle_ylls_pa_colon_cancer_ub",0.00929,"bogota","Cycling",NA,NA,"L3: colon_cancer","PA",282736
"male","20-24","sc_cycle_ylls_pa_colon_cancer_ub",0.02554,"bogota","Cycling",NA,NA,"L3: colon_cancer","PA",357934
"male","25-29","sc_cycle_ylls_pa_colon_cancer_ub",0.09468,"bogota","Cycling",NA,NA,"L3: colon_cancer","PA",360031
"male","30-34","sc_cycle_ylls_pa_colon_cancer_ub",0.12765,"bogota","Cycling",NA,NA,"L3: colon_cancer","PA",321492
"male","35-39","sc_cycle_ylls_pa_colon_cancer_ub",0.2147,"bogota","Cycling",NA,NA,"L3: colon_cancer","PA",289808
"male","40-44","sc_cycle_ylls_pa_colon_cancer_ub",0.14861,"bogota","Cycling",NA,NA,"L3: colon_cancer","PA",244543
"male","45-49","sc_cycle_ylls_pa_colon_cancer_ub",0.3111,"bogota","Cycling",NA,NA,"L3: colon_cancer","PA",215491
"male","50-54","sc_cycle_ylls_pa_colon_cancer_ub",0.28792,"bogota","Cycling",NA,NA,"L3: colon_cancer","PA",209137
"male","55-59","sc_cycle_ylls_pa_colon_cancer_ub",0.39996,"bogota","Cycling",NA,NA,"L3: colon_cancer","PA",187551
"male","60-64","sc_cycle_ylls_pa_colon_cancer_ub",0.44983,"bogota","Cycling",NA,NA,"L3: colon_cancer","PA",146500
"male","65-69","sc_cycle_ylls_pa_colon_cancer_ub",0.57989,"bogota","Cycling",NA,NA,"L3: colon_cancer","PA",105412
"female","15-19","sc_cycle_ylls_pa_colon_cancer_ub",0.00602,"bogota","Cycling",NA,NA,"L3: colon_cancer","PA",279280
"female","20-24","sc_cycle_ylls_pa_colon_cancer_ub",0.0332,"bogota","Cycling",NA,NA,"L3: colon_cancer","PA",360197
"female","25-29","sc_cycle_ylls_pa_colon_cancer_ub",0.06444,"bogota","Cycling",NA,NA,"L3: colon_cancer","PA",364423
"female","30-34","sc_cycle_ylls_pa_colon_cancer_ub",0.10453,"bogota","Cycling",NA,NA,"L3: colon_cancer","PA",330341
"female","35-39","sc_cycle_ylls_pa_colon_cancer_ub",0.18365,"bogota","Cycling",NA,NA,"L3: colon_cancer","PA",309304
"female","40-44","sc_cycle_ylls_pa_colon_cancer_ub",0.19662,"bogota","Cycling",NA,NA,"L3: colon_cancer","PA",275440
"female","45-49","sc_cycle_ylls_pa_colon_cancer_ub",0.25173,"bogota","Cycling",NA,NA,"L3: colon_cancer","PA",254843
"female","50-54","sc_cycle_ylls_pa_colon_cancer_ub",0.32405,"bogota","Cycling",NA,NA,"L3: colon_cancer","PA",256059
"female","55-59","sc_cycle_ylls_pa_colon_cancer_ub",0.32083,"bogota","Cycling",NA,NA,"L3: colon_cancer","PA",235548
"female","60-64","sc_cycle_ylls_pa_colon_cancer_ub",0.31506,"bogota","Cycling",NA,NA,"L3: colon_cancer","PA",189600
"female","65-69","sc_cycle_ylls_pa_colon_cancer_ub",0.51617,"bogota","Cycling",NA,NA,"L3: colon_cancer","PA",141409
"male","15-19","sc_car_ylls_pa_colon_cancer_ub",-0.01227,"bogota","Car",NA,NA,"L3: colon_cancer","PA",282736
"male","20-24","sc_car_ylls_pa_colon_cancer_ub",-0.03334,"bogota","Car",NA,NA,"L3: colon_cancer","PA",357934
"male","25-29","sc_car_ylls_pa_colon_cancer_ub",-0.06685,"bogota","Car",NA,NA,"L3: colon_cancer","PA",360031
"male","30-34","sc_car_ylls_pa_colon_cancer_ub",-0.06972,"bogota","Car",NA,NA,"L3: colon_cancer","PA",321492
"male","35-39","sc_car_ylls_pa_colon_cancer_ub",-0.09933,"bogota","Car",NA,NA,"L3: colon_cancer","PA",289808
"male","40-44","sc_car_ylls_pa_colon_cancer_ub",-0.09444,"bogota","Car",NA,NA,"L3: colon_cancer","PA",244543
"male","45-49","sc_car_ylls_pa_colon_cancer_ub",-0.15262,"bogota","Car",NA,NA,"L3: colon_cancer","PA",215491
"male","50-54","sc_car_ylls_pa_colon_cancer_ub",-0.20933,"bogota","Car",NA,NA,"L3: colon_cancer","PA",209137
"male","55-59","sc_car_ylls_pa_colon_cancer_ub",-0.33247,"bogota","Car",NA,NA,"L3: colon_cancer","PA",187551
"male","60-64","sc_car_ylls_pa_colon_cancer_ub",-0.20518,"bogota","Car",NA,NA,"L3: colon_cancer","PA",146500
"male","65-69","sc_car_ylls_pa_colon_cancer_ub",-0.40111,"bogota","Car",NA,NA,"L3: colon_cancer","PA",105412
"female","15-19","sc_car_ylls_pa_colon_cancer_ub",-0.00812,"bogota","Car",NA,NA,"L3: colon_cancer","PA",279280
"female","20-24","sc_car_ylls_pa_colon_cancer_ub",-0.04197,"bogota","Car",NA,NA,"L3: colon_cancer","PA",360197
"female","25-29","sc_car_ylls_pa_colon_cancer_ub",-0.072,"bogota","Car",NA,NA,"L3: colon_cancer","PA",364423
"female","30-34","sc_car_ylls_pa_colon_cancer_ub",-0.09177,"bogota","Car",NA,NA,"L3: colon_cancer","PA",330341
"female","35-39","sc_car_ylls_pa_colon_cancer_ub",-0.13043,"bogota","Car",NA,NA,"L3: colon_cancer","PA",309304
"female","40-44","sc_car_ylls_pa_colon_cancer_ub",-0.16201,"bogota","Car",NA,NA,"L3: colon_cancer","PA",275440
"female","45-49","sc_car_ylls_pa_colon_cancer_ub",-0.25551,"bogota","Car",NA,NA,"L3: colon_cancer","PA",254843
"female","50-54","sc_car_ylls_pa_colon_cancer_ub",-0.34737,"bogota","Car",NA,NA,"L3: colon_cancer","PA",256059
"female","55-59","sc_car_ylls_pa_colon_cancer_ub",-0.36326,"bogota","Car",NA,NA,"L3: colon_cancer","PA",235548
"female","60-64","sc_car_ylls_pa_colon_cancer_ub",-0.33914,"bogota","Car",NA,NA,"L3: colon_cancer","PA",189600
"female","65-69","sc_car_ylls_pa_colon_cancer_ub",-0.31767,"bogota","Car",NA,NA,"L3: colon_cancer","PA",141409
"male","15-19","sc_bus_ylls_pa_colon_cancer_ub",0.00364,"bogota","Bus",NA,NA,"L3: colon_cancer","PA",282736
"male","20-24","sc_bus_ylls_pa_colon_cancer_ub",0.02013,"bogota","Bus",NA,NA,"L3: colon_cancer","PA",357934
"male","25-29","sc_bus_ylls_pa_colon_cancer_ub",0.06693,"bogota","Bus",NA,NA,"L3: colon_cancer","PA",360031
"male","30-34","sc_bus_ylls_pa_colon_cancer_ub",0.09632,"bogota","Bus",NA,NA,"L3: colon_cancer","PA",321492
"male","35-39","sc_bus_ylls_pa_colon_cancer_ub",0.15415,"bogota","Bus",NA,NA,"L3: colon_cancer","PA",289808
"male","40-44","sc_bus_ylls_pa_colon_cancer_ub",0.13286,"bogota","Bus",NA,NA,"L3: colon_cancer","PA",244543
"male","45-49","sc_bus_ylls_pa_colon_cancer_ub",0.22488,"bogota","Bus",NA,NA,"L3: colon_cancer","PA",215491
"male","50-54","sc_bus_ylls_pa_colon_cancer_ub",0.26909,"bogota","Bus",NA,NA,"L3: colon_cancer","PA",209137
"male","55-59","sc_bus_ylls_pa_colon_cancer_ub",0.33283,"bogota","Bus",NA,NA,"L3: colon_cancer","PA",187551
"male","60-64","sc_bus_ylls_pa_colon_cancer_ub",0.3369,"bogota","Bus",NA,NA,"L3: colon_cancer","PA",146500
"male","65-69","sc_bus_ylls_pa_colon_cancer_ub",0.3209,"bogota","Bus",NA,NA,"L3: colon_cancer","PA",105412
"female","15-19","sc_bus_ylls_pa_colon_cancer_ub",0.00327,"bogota","Bus",NA,NA,"L3: colon_cancer","PA",279280
"female","20-24","sc_bus_ylls_pa_colon_cancer_ub",0.01103,"bogota","Bus",NA,NA,"L3: colon_cancer","PA",360197
"female","25-29","sc_bus_ylls_pa_colon_cancer_ub",0.03453,"bogota","Bus",NA,NA,"L3: colon_cancer","PA",364423
"female","30-34","sc_bus_ylls_pa_colon_cancer_ub",0.05364,"bogota","Bus",NA,NA,"L3: colon_cancer","PA",330341
"female","35-39","sc_bus_ylls_pa_colon_cancer_ub",0.10129,"bogota","Bus",NA,NA,"L3: colon_cancer","PA",309304
"female","40-44","sc_bus_ylls_pa_colon_cancer_ub",0.1107,"bogota","Bus",NA,NA,"L3: colon_cancer","PA",275440
"female","45-49","sc_bus_ylls_pa_colon_cancer_ub",0.11751,"bogota","Bus",NA,NA,"L3: colon_cancer","PA",254843
"female","50-54","sc_bus_ylls_pa_colon_cancer_ub",0.15613,"bogota","Bus",NA,NA,"L3: colon_cancer","PA",256059
"female","55-59","sc_bus_ylls_pa_colon_cancer_ub",0.23608,"bogota","Bus",NA,NA,"L3: colon_cancer","PA",235548
"female","60-64","sc_bus_ylls_pa_colon_cancer_ub",0.17837,"bogota","Bus",NA,NA,"L3: colon_cancer","PA",189600
"female","65-69","sc_bus_ylls_pa_colon_cancer_ub",0.17852,"bogota","Bus",NA,NA,"L3: colon_cancer","PA",141409
"male","15-19","sc_cycle_ylls_pa_endo_cancer",0,"bogota","Cycling",NA,NA,"L3: endo_cancer","PA",282736
"male","20-24","sc_cycle_ylls_pa_endo_cancer",0,"bogota","Cycling",NA,NA,"L3: endo_cancer","PA",357934
"male","25-29","sc_cycle_ylls_pa_endo_cancer",0,"bogota","Cycling",NA,NA,"L3: endo_cancer","PA",360031
"male","30-34","sc_cycle_ylls_pa_endo_cancer",0,"bogota","Cycling",NA,NA,"L3: endo_cancer","PA",321492
"male","35-39","sc_cycle_ylls_pa_endo_cancer",0,"bogota","Cycling",NA,NA,"L3: endo_cancer","PA",289808
"male","40-44","sc_cycle_ylls_pa_endo_cancer",0,"bogota","Cycling",NA,NA,"L3: endo_cancer","PA",244543
"male","45-49","sc_cycle_ylls_pa_endo_cancer",0,"bogota","Cycling",NA,NA,"L3: endo_cancer","PA",215491
"male","50-54","sc_cycle_ylls_pa_endo_cancer",0,"bogota","Cycling",NA,NA,"L3: endo_cancer","PA",209137
"male","55-59","sc_cycle_ylls_pa_endo_cancer",0,"bogota","Cycling",NA,NA,"L3: endo_cancer","PA",187551
"male","60-64","sc_cycle_ylls_pa_endo_cancer",0,"bogota","Cycling",NA,NA,"L3: endo_cancer","PA",146500
"male","65-69","sc_cycle_ylls_pa_endo_cancer",0,"bogota","Cycling",NA,NA,"L3: endo_cancer","PA",105412
"female","15-19","sc_cycle_ylls_pa_endo_cancer",0,"bogota","Cycling",NA,NA,"L3: endo_cancer","PA",279280
"female","20-24","sc_cycle_ylls_pa_endo_cancer",0.01114,"bogota","Cycling",NA,NA,"L3: endo_cancer","PA",360197
"female","25-29","sc_cycle_ylls_pa_endo_cancer",0.03298,"bogota","Cycling",NA,NA,"L3: endo_cancer","PA",364423
"female","30-34","sc_cycle_ylls_pa_endo_cancer",0.05458,"bogota","Cycling",NA,NA,"L3: endo_cancer","PA",330341
"female","35-39","sc_cycle_ylls_pa_endo_cancer",0.11383,"bogota","Cycling",NA,NA,"L3: endo_cancer","PA",309304
"female","40-44","sc_cycle_ylls_pa_endo_cancer",0.1421,"bogota","Cycling",NA,NA,"L3: endo_cancer","PA",275440
"female","45-49","sc_cycle_ylls_pa_endo_cancer",0.28375,"bogota","Cycling",NA,NA,"L3: endo_cancer","PA",254843
"female","50-54","sc_cycle_ylls_pa_endo_cancer",0.38095,"bogota","Cycling",NA,NA,"L3: endo_cancer","PA",256059
"female","55-59","sc_cycle_ylls_pa_endo_cancer",0.44009,"bogota","Cycling",NA,NA,"L3: endo_cancer","PA",235548
"female","60-64","sc_cycle_ylls_pa_endo_cancer",0.56214,"bogota","Cycling",NA,NA,"L3: endo_cancer","PA",189600
"female","65-69","sc_cycle_ylls_pa_endo_cancer",0.87256,"bogota","Cycling",NA,NA,"L3: endo_cancer","PA",141409
"male","15-19","sc_car_ylls_pa_endo_cancer",0,"bogota","Car",NA,NA,"L3: endo_cancer","PA",282736
"male","20-24","sc_car_ylls_pa_endo_cancer",0,"bogota","Car",NA,NA,"L3: endo_cancer","PA",357934
"male","25-29","sc_car_ylls_pa_endo_cancer",0,"bogota","Car",NA,NA,"L3: endo_cancer","PA",360031
"male","30-34","sc_car_ylls_pa_endo_cancer",0,"bogota","Car",NA,NA,"L3: endo_cancer","PA",321492
"male","35-39","sc_car_ylls_pa_endo_cancer",0,"bogota","Car",NA,NA,"L3: endo_cancer","PA",289808
"male","40-44","sc_car_ylls_pa_endo_cancer",0,"bogota","Car",NA,NA,"L3: endo_cancer","PA",244543
"male","45-49","sc_car_ylls_pa_endo_cancer",0,"bogota","Car",NA,NA,"L3: endo_cancer","PA",215491
"male","50-54","sc_car_ylls_pa_endo_cancer",0,"bogota","Car",NA,NA,"L3: endo_cancer","PA",209137
"male","55-59","sc_car_ylls_pa_endo_cancer",0,"bogota","Car",NA,NA,"L3: endo_cancer","PA",187551
"male","60-64","sc_car_ylls_pa_endo_cancer",0,"bogota","Car",NA,NA,"L3: endo_cancer","PA",146500
"male","65-69","sc_car_ylls_pa_endo_cancer",0,"bogota","Car",NA,NA,"L3: endo_cancer","PA",105412
"female","15-19","sc_car_ylls_pa_endo_cancer",0,"bogota","Car",NA,NA,"L3: endo_cancer","PA",279280
"female","20-24","sc_car_ylls_pa_endo_cancer",-0.01735,"bogota","Car",NA,NA,"L3: endo_cancer","PA",360197
"female","25-29","sc_car_ylls_pa_endo_cancer",-0.04474,"bogota","Car",NA,NA,"L3: endo_cancer","PA",364423
"female","30-34","sc_car_ylls_pa_endo_cancer",-0.05539,"bogota","Car",NA,NA,"L3: endo_cancer","PA",330341
"female","35-39","sc_car_ylls_pa_endo_cancer",-0.09343,"bogota","Car",NA,NA,"L3: endo_cancer","PA",309304
"female","40-44","sc_car_ylls_pa_endo_cancer",-0.13676,"bogota","Car",NA,NA,"L3: endo_cancer","PA",275440
"female","45-49","sc_car_ylls_pa_endo_cancer",-0.33709,"bogota","Car",NA,NA,"L3: endo_cancer","PA",254843
"female","50-54","sc_car_ylls_pa_endo_cancer",-0.47175,"bogota","Car",NA,NA,"L3: endo_cancer","PA",256059
"female","55-59","sc_car_ylls_pa_endo_cancer",-0.56266,"bogota","Car",NA,NA,"L3: endo_cancer","PA",235548
"female","60-64","sc_car_ylls_pa_endo_cancer",-0.64034,"bogota","Car",NA,NA,"L3: endo_cancer","PA",189600
"female","65-69","sc_car_ylls_pa_endo_cancer",-0.60099,"bogota","Car",NA,NA,"L3: endo_cancer","PA",141409
"male","15-19","sc_bus_ylls_pa_endo_cancer",0,"bogota","Bus",NA,NA,"L3: endo_cancer","PA",282736
"male","20-24","sc_bus_ylls_pa_endo_cancer",0,"bogota","Bus",NA,NA,"L3: endo_cancer","PA",357934
"male","25-29","sc_bus_ylls_pa_endo_cancer",0,"bogota","Bus",NA,NA,"L3: endo_cancer","PA",360031
"male","30-34","sc_bus_ylls_pa_endo_cancer",0,"bogota","Bus",NA,NA,"L3: endo_cancer","PA",321492
"male","35-39","sc_bus_ylls_pa_endo_cancer",0,"bogota","Bus",NA,NA,"L3: endo_cancer","PA",289808
"male","40-44","sc_bus_ylls_pa_endo_cancer",0,"bogota","Bus",NA,NA,"L3: endo_cancer","PA",244543
"male","45-49","sc_bus_ylls_pa_endo_cancer",0,"bogota","Bus",NA,NA,"L3: endo_cancer","PA",215491
"male","50-54","sc_bus_ylls_pa_endo_cancer",0,"bogota","Bus",NA,NA,"L3: endo_cancer","PA",209137
"male","55-59","sc_bus_ylls_pa_endo_cancer",0,"bogota","Bus",NA,NA,"L3: endo_cancer","PA",187551
"male","60-64","sc_bus_ylls_pa_endo_cancer",0,"bogota","Bus",NA,NA,"L3: endo_cancer","PA",146500
"male","65-69","sc_bus_ylls_pa_endo_cancer",0,"bogota","Bus",NA,NA,"L3: endo_cancer","PA",105412
"female","15-19","sc_bus_ylls_pa_endo_cancer",0,"bogota","Bus",NA,NA,"L3: endo_cancer","PA",279280
"female","20-24","sc_bus_ylls_pa_endo_cancer",0.00677,"bogota","Bus",NA,NA,"L3: endo_cancer","PA",360197
"female","25-29","sc_bus_ylls_pa_endo_cancer",0.02964,"bogota","Bus",NA,NA,"L3: endo_cancer","PA",364423
"female","30-34","sc_bus_ylls_pa_endo_cancer",0.0437,"bogota","Bus",NA,NA,"L3: endo_cancer","PA",330341
"female","35-39","sc_bus_ylls_pa_endo_cancer",0.09985,"bogota","Bus",NA,NA,"L3: endo_cancer","PA",309304
"female","40-44","sc_bus_ylls_pa_endo_cancer",0.12596,"bogota","Bus",NA,NA,"L3: endo_cancer","PA",275440
"female","45-49","sc_bus_ylls_pa_endo_cancer",0.22601,"bogota","Bus",NA,NA,"L3: endo_cancer","PA",254843
"female","50-54","sc_bus_ylls_pa_endo_cancer",0.29464,"bogota","Bus",NA,NA,"L3: endo_cancer","PA",256059
"female","55-59","sc_bus_ylls_pa_endo_cancer",0.50706,"bogota","Bus",NA,NA,"L3: endo_cancer","PA",235548
"female","60-64","sc_bus_ylls_pa_endo_cancer",0.46378,"bogota","Bus",NA,NA,"L3: endo_cancer","PA",189600
"female","65-69","sc_bus_ylls_pa_endo_cancer",0.50868,"bogota","Bus",NA,NA,"L3: endo_cancer","PA",141409
"male","15-19","sc_cycle_ylls_pa_endo_cancer_lb",0,"bogota","Cycling",NA,NA,"L3: endo_cancer","PA",282736
"male","20-24","sc_cycle_ylls_pa_endo_cancer_lb",0,"bogota","Cycling",NA,NA,"L3: endo_cancer","PA",357934
"male","25-29","sc_cycle_ylls_pa_endo_cancer_lb",0,"bogota","Cycling",NA,NA,"L3: endo_cancer","PA",360031
"male","30-34","sc_cycle_ylls_pa_endo_cancer_lb",0,"bogota","Cycling",NA,NA,"L3: endo_cancer","PA",321492
"male","35-39","sc_cycle_ylls_pa_endo_cancer_lb",0,"bogota","Cycling",NA,NA,"L3: endo_cancer","PA",289808
"male","40-44","sc_cycle_ylls_pa_endo_cancer_lb",0,"bogota","Cycling",NA,NA,"L3: endo_cancer","PA",244543
"male","45-49","sc_cycle_ylls_pa_endo_cancer_lb",0,"bogota","Cycling",NA,NA,"L3: endo_cancer","PA",215491
"male","50-54","sc_cycle_ylls_pa_endo_cancer_lb",0,"bogota","Cycling",NA,NA,"L3: endo_cancer","PA",209137
"male","55-59","sc_cycle_ylls_pa_endo_cancer_lb",0,"bogota","Cycling",NA,NA,"L3: endo_cancer","PA",187551
"male","60-64","sc_cycle_ylls_pa_endo_cancer_lb",0,"bogota","Cycling",NA,NA,"L3: endo_cancer","PA",146500
"male","65-69","sc_cycle_ylls_pa_endo_cancer_lb",0,"bogota","Cycling",NA,NA,"L3: endo_cancer","PA",105412
"female","15-19","sc_cycle_ylls_pa_endo_cancer_lb",0,"bogota","Cycling",NA,NA,"L3: endo_cancer","PA",279280
"female","20-24","sc_cycle_ylls_pa_endo_cancer_lb",0.0169,"bogota","Cycling",NA,NA,"L3: endo_cancer","PA",360197
"female","25-29","sc_cycle_ylls_pa_endo_cancer_lb",0.04934,"bogota","Cycling",NA,NA,"L3: endo_cancer","PA",364423
"female","30-34","sc_cycle_ylls_pa_endo_cancer_lb",0.08494,"bogota","Cycling",NA,NA,"L3: endo_cancer","PA",330341
"female","35-39","sc_cycle_ylls_pa_endo_cancer_lb",0.17533,"bogota","Cycling",NA,NA,"L3: endo_cancer","PA",309304
"female","40-44","sc_cycle_ylls_pa_endo_cancer_lb",0.2195,"bogota","Cycling",NA,NA,"L3: endo_cancer","PA",275440
"female","45-49","sc_cycle_ylls_pa_endo_cancer_lb",0.43992,"bogota","Cycling",NA,NA,"L3: endo_cancer","PA",254843
"female","50-54","sc_cycle_ylls_pa_endo_cancer_lb",0.58579,"bogota","Cycling",NA,NA,"L3: endo_cancer","PA",256059
"female","55-59","sc_cycle_ylls_pa_endo_cancer_lb",0.68148,"bogota","Cycling",NA,NA,"L3: endo_cancer","PA",235548
"female","60-64","sc_cycle_ylls_pa_endo_cancer_lb",0.88348,"bogota","Cycling",NA,NA,"L3: endo_cancer","PA",189600
"female","65-69","sc_cycle_ylls_pa_endo_cancer_lb",1.3435,"bogota","Cycling",NA,NA,"L3: endo_cancer","PA",141409
"male","15-19","sc_car_ylls_pa_endo_cancer_lb",0,"bogota","Car",NA,NA,"L3: endo_cancer","PA",282736
"male","20-24","sc_car_ylls_pa_endo_cancer_lb",0,"bogota","Car",NA,NA,"L3: endo_cancer","PA",357934
"male","25-29","sc_car_ylls_pa_endo_cancer_lb",0,"bogota","Car",NA,NA,"L3: endo_cancer","PA",360031
"male","30-34","sc_car_ylls_pa_endo_cancer_lb",0,"bogota","Car",NA,NA,"L3: endo_cancer","PA",321492
"male","35-39","sc_car_ylls_pa_endo_cancer_lb",0,"bogota","Car",NA,NA,"L3: endo_cancer","PA",289808
"male","40-44","sc_car_ylls_pa_endo_cancer_lb",0,"bogota","Car",NA,NA,"L3: endo_cancer","PA",244543
"male","45-49","sc_car_ylls_pa_endo_cancer_lb",0,"bogota","Car",NA,NA,"L3: endo_cancer","PA",215491
"male","50-54","sc_car_ylls_pa_endo_cancer_lb",0,"bogota","Car",NA,NA,"L3: endo_cancer","PA",209137
"male","55-59","sc_car_ylls_pa_endo_cancer_lb",0,"bogota","Car",NA,NA,"L3: endo_cancer","PA",187551
"male","60-64","sc_car_ylls_pa_endo_cancer_lb",0,"bogota","Car",NA,NA,"L3: endo_cancer","PA",146500
"male","65-69","sc_car_ylls_pa_endo_cancer_lb",0,"bogota","Car",NA,NA,"L3: endo_cancer","PA",105412
"female","15-19","sc_car_ylls_pa_endo_cancer_lb",0,"bogota","Car",NA,NA,"L3: endo_cancer","PA",279280
"female","20-24","sc_car_ylls_pa_endo_cancer_lb",-0.02785,"bogota","Car",NA,NA,"L3: endo_cancer","PA",360197
"female","25-29","sc_car_ylls_pa_endo_cancer_lb",-0.07066,"bogota","Car",NA,NA,"L3: endo_cancer","PA",364423
"female","30-34","sc_car_ylls_pa_endo_cancer_lb",-0.08918,"bogota","Car",NA,NA,"L3: endo_cancer","PA",330341
"female","35-39","sc_car_ylls_pa_endo_cancer_lb",-0.14945,"bogota","Car",NA,NA,"L3: endo_cancer","PA",309304
"female","40-44","sc_car_ylls_pa_endo_cancer_lb",-0.22006,"bogota","Car",NA,NA,"L3: endo_cancer","PA",275440
"female","45-49","sc_car_ylls_pa_endo_cancer_lb",-0.54215,"bogota","Car",NA,NA,"L3: endo_cancer","PA",254843
"female","50-54","sc_car_ylls_pa_endo_cancer_lb",-0.75077,"bogota","Car",NA,NA,"L3: endo_cancer","PA",256059
"female","55-59","sc_car_ylls_pa_endo_cancer_lb",-0.89518,"bogota","Car",NA,NA,"L3: endo_cancer","PA",235548
"female","60-64","sc_car_ylls_pa_endo_cancer_lb",-1.01261,"bogota","Car",NA,NA,"L3: endo_cancer","PA",189600
"female","65-69","sc_car_ylls_pa_endo_cancer_lb",-0.95014,"bogota","Car",NA,NA,"L3: endo_cancer","PA",141409
"male","15-19","sc_bus_ylls_pa_endo_cancer_lb",0,"bogota","Bus",NA,NA,"L3: endo_cancer","PA",282736
"male","20-24","sc_bus_ylls_pa_endo_cancer_lb",0,"bogota","Bus",NA,NA,"L3: endo_cancer","PA",357934
"male","25-29","sc_bus_ylls_pa_endo_cancer_lb",0,"bogota","Bus",NA,NA,"L3: endo_cancer","PA",360031
"male","30-34","sc_bus_ylls_pa_endo_cancer_lb",0,"bogota","Bus",NA,NA,"L3: endo_cancer","PA",321492
"male","35-39","sc_bus_ylls_pa_endo_cancer_lb",0,"bogota","Bus",NA,NA,"L3: endo_cancer","PA",289808
"male","40-44","sc_bus_ylls_pa_endo_cancer_lb",0,"bogota","Bus",NA,NA,"L3: endo_cancer","PA",244543
"male","45-49","sc_bus_ylls_pa_endo_cancer_lb",0,"bogota","Bus",NA,NA,"L3: endo_cancer","PA",215491
"male","50-54","sc_bus_ylls_pa_endo_cancer_lb",0,"bogota","Bus",NA,NA,"L3: endo_cancer","PA",209137
"male","55-59","sc_bus_ylls_pa_endo_cancer_lb",0,"bogota","Bus",NA,NA,"L3: endo_cancer","PA",187551
"male","60-64","sc_bus_ylls_pa_endo_cancer_lb",0,"bogota","Bus",NA,NA,"L3: endo_cancer","PA",146500
"male","65-69","sc_bus_ylls_pa_endo_cancer_lb",0,"bogota","Bus",NA,NA,"L3: endo_cancer","PA",105412
"female","15-19","sc_bus_ylls_pa_endo_cancer_lb",0,"bogota","Bus",NA,NA,"L3: endo_cancer","PA",279280
"female","20-24","sc_bus_ylls_pa_endo_cancer_lb",0.01194,"bogota","Bus",NA,NA,"L3: endo_cancer","PA",360197
"female","25-29","sc_bus_ylls_pa_endo_cancer_lb",0.05089,"bogota","Bus",NA,NA,"L3: endo_cancer","PA",364423
"female","30-34","sc_bus_ylls_pa_endo_cancer_lb",0.07592,"bogota","Bus",NA,NA,"L3: endo_cancer","PA",330341
"female","35-39","sc_bus_ylls_pa_endo_cancer_lb",0.1731,"bogota","Bus",NA,NA,"L3: endo_cancer","PA",309304
"female","40-44","sc_bus_ylls_pa_endo_cancer_lb",0.21828,"bogota","Bus",NA,NA,"L3: endo_cancer","PA",275440
"female","45-49","sc_bus_ylls_pa_endo_cancer_lb",0.39656,"bogota","Bus",NA,NA,"L3: endo_cancer","PA",254843
"female","50-54","sc_bus_ylls_pa_endo_cancer_lb",0.50935,"bogota","Bus",NA,NA,"L3: endo_cancer","PA",256059
"female","55-59","sc_bus_ylls_pa_endo_cancer_lb",0.87643,"bogota","Bus",NA,NA,"L3: endo_cancer","PA",235548
"female","60-64","sc_bus_ylls_pa_endo_cancer_lb",0.79571,"bogota","Bus",NA,NA,"L3: endo_cancer","PA",189600
"female","65-69","sc_bus_ylls_pa_endo_cancer_lb",0.88605,"bogota","Bus",NA,NA,"L3: endo_cancer","PA",141409
"male","15-19","sc_cycle_ylls_pa_endo_cancer_ub",0,"bogota","Cycling",NA,NA,"L3: endo_cancer","PA",282736
"male","20-24","sc_cycle_ylls_pa_endo_cancer_ub",0,"bogota","Cycling",NA,NA,"L3: endo_cancer","PA",357934
"male","25-29","sc_cycle_ylls_pa_endo_cancer_ub",0,"bogota","Cycling",NA,NA,"L3: endo_cancer","PA",360031
"male","30-34","sc_cycle_ylls_pa_endo_cancer_ub",0,"bogota","Cycling",NA,NA,"L3: endo_cancer","PA",321492
"male","35-39","sc_cycle_ylls_pa_endo_cancer_ub",0,"bogota","Cycling",NA,NA,"L3: endo_cancer","PA",289808
"male","40-44","sc_cycle_ylls_pa_endo_cancer_ub",0,"bogota","Cycling",NA,NA,"L3: endo_cancer","PA",244543
"male","45-49","sc_cycle_ylls_pa_endo_cancer_ub",0,"bogota","Cycling",NA,NA,"L3: endo_cancer","PA",215491
"male","50-54","sc_cycle_ylls_pa_endo_cancer_ub",0,"bogota","Cycling",NA,NA,"L3: endo_cancer","PA",209137
"male","55-59","sc_cycle_ylls_pa_endo_cancer_ub",0,"bogota","Cycling",NA,NA,"L3: endo_cancer","PA",187551
"male","60-64","sc_cycle_ylls_pa_endo_cancer_ub",0,"bogota","Cycling",NA,NA,"L3: endo_cancer","PA",146500
"male","65-69","sc_cycle_ylls_pa_endo_cancer_ub",0,"bogota","Cycling",NA,NA,"L3: endo_cancer","PA",105412
"female","15-19","sc_cycle_ylls_pa_endo_cancer_ub",0,"bogota","Cycling",NA,NA,"L3: endo_cancer","PA",279280
"female","20-24","sc_cycle_ylls_pa_endo_cancer_ub",0.00539,"bogota","Cycling",NA,NA,"L3: endo_cancer","PA",360197
"female","25-29","sc_cycle_ylls_pa_endo_cancer_ub",0.01662,"bogota","Cycling",NA,NA,"L3: endo_cancer","PA",364423
"female","30-34","sc_cycle_ylls_pa_endo_cancer_ub",0.02451,"bogota","Cycling",NA,NA,"L3: endo_cancer","PA",330341
"female","35-39","sc_cycle_ylls_pa_endo_cancer_ub",0.0525,"bogota","Cycling",NA,NA,"L3: endo_cancer","PA",309304
"female","40-44","sc_cycle_ylls_pa_endo_cancer_ub",0.06519,"bogota","Cycling",NA,NA,"L3: endo_cancer","PA",275440
"female","45-49","sc_cycle_ylls_pa_endo_cancer_ub",0.12889,"bogota","Cycling",NA,NA,"L3: endo_cancer","PA",254843
"female","50-54","sc_cycle_ylls_pa_endo_cancer_ub",0.17662,"bogota","Cycling",NA,NA,"L3: endo_cancer","PA",256059
"female","55-59","sc_cycle_ylls_pa_endo_cancer_ub",0.201,"bogota","Cycling",NA,NA,"L3: endo_cancer","PA",235548
"female","60-64","sc_cycle_ylls_pa_endo_cancer_ub",0.2442,"bogota","Cycling",NA,NA,"L3: endo_cancer","PA",189600
"female","65-69","sc_cycle_ylls_pa_endo_cancer_ub",0.39156,"bogota","Cycling",NA,NA,"L3: endo_cancer","PA",141409
"male","15-19","sc_car_ylls_pa_endo_cancer_ub",0,"bogota","Car",NA,NA,"L3: endo_cancer","PA",282736
"male","20-24","sc_car_ylls_pa_endo_cancer_ub",0,"bogota","Car",NA,NA,"L3: endo_cancer","PA",357934
"male","25-29","sc_car_ylls_pa_endo_cancer_ub",0,"bogota","Car",NA,NA,"L3: endo_cancer","PA",360031
"male","30-34","sc_car_ylls_pa_endo_cancer_ub",0,"bogota","Car",NA,NA,"L3: endo_cancer","PA",321492
"male","35-39","sc_car_ylls_pa_endo_cancer_ub",0,"bogota","Car",NA,NA,"L3: endo_cancer","PA",289808
"male","40-44","sc_car_ylls_pa_endo_cancer_ub",0,"bogota","Car",NA,NA,"L3: endo_cancer","PA",244543
"male","45-49","sc_car_ylls_pa_endo_cancer_ub",0,"bogota","Car",NA,NA,"L3: endo_cancer","PA",215491
"male","50-54","sc_car_ylls_pa_endo_cancer_ub",0,"bogota","Car",NA,NA,"L3: endo_cancer","PA",209137
"male","55-59","sc_car_ylls_pa_endo_cancer_ub",0,"bogota","Car",NA,NA,"L3: endo_cancer","PA",187551
"male","60-64","sc_car_ylls_pa_endo_cancer_ub",0,"bogota","Car",NA,NA,"L3: endo_cancer","PA",146500
"male","65-69","sc_car_ylls_pa_endo_cancer_ub",0,"bogota","Car",NA,NA,"L3: endo_cancer","PA",105412
"female","15-19","sc_car_ylls_pa_endo_cancer_ub",0,"bogota","Car",NA,NA,"L3: endo_cancer","PA",279280
"female","20-24","sc_car_ylls_pa_endo_cancer_ub",-0.00701,"bogota","Car",NA,NA,"L3: endo_cancer","PA",360197
"female","25-29","sc_car_ylls_pa_endo_cancer_ub",-0.01914,"bogota","Car",NA,NA,"L3: endo_cancer","PA",364423
"female","30-34","sc_car_ylls_pa_endo_cancer_ub",-0.02206,"bogota","Car",NA,NA,"L3: endo_cancer","PA",330341
"female","35-39","sc_car_ylls_pa_endo_cancer_ub",-0.03802,"bogota","Car",NA,NA,"L3: endo_cancer","PA",309304
"female","40-44","sc_car_ylls_pa_endo_cancer_ub",-0.05474,"bogota","Car",NA,NA,"L3: endo_cancer","PA",275440
"female","45-49","sc_car_ylls_pa_endo_cancer_ub",-0.13419,"bogota","Car",NA,NA,"L3: endo_cancer","PA",254843
"female","50-54","sc_car_ylls_pa_endo_cancer_ub",-0.19457,"bogota","Car",NA,NA,"L3: endo_cancer","PA",256059
"female","55-59","sc_car_ylls_pa_endo_cancer_ub",-0.2331,"bogota","Car",NA,NA,"L3: endo_cancer","PA",235548
"female","60-64","sc_car_ylls_pa_endo_cancer_ub",-0.26821,"bogota","Car",NA,NA,"L3: endo_cancer","PA",189600
"female","65-69","sc_car_ylls_pa_endo_cancer_ub",-0.24517,"bogota","Car",NA,NA,"L3: endo_cancer","PA",141409
"male","15-19","sc_bus_ylls_pa_endo_cancer_ub",0,"bogota","Bus",NA,NA,"L3: endo_cancer","PA",282736
"male","20-24","sc_bus_ylls_pa_endo_cancer_ub",0,"bogota","Bus",NA,NA,"L3: endo_cancer","PA",357934
"male","25-29","sc_bus_ylls_pa_endo_cancer_ub",0,"bogota","Bus",NA,NA,"L3: endo_cancer","PA",360031
"male","30-34","sc_bus_ylls_pa_endo_cancer_ub",0,"bogota","Bus",NA,NA,"L3: endo_cancer","PA",321492
"male","35-39","sc_bus_ylls_pa_endo_cancer_ub",0,"bogota","Bus",NA,NA,"L3: endo_cancer","PA",289808
"male","40-44","sc_bus_ylls_pa_endo_cancer_ub",0,"bogota","Bus",NA,NA,"L3: endo_cancer","PA",244543
"male","45-49","sc_bus_ylls_pa_endo_cancer_ub",0,"bogota","Bus",NA,NA,"L3: endo_cancer","PA",215491
"male","50-54","sc_bus_ylls_pa_endo_cancer_ub",0,"bogota","Bus",NA,NA,"L3: endo_cancer","PA",209137
"male","55-59","sc_bus_ylls_pa_endo_cancer_ub",0,"bogota","Bus",NA,NA,"L3: endo_cancer","PA",187551
"male","60-64","sc_bus_ylls_pa_endo_cancer_ub",0,"bogota","Bus",NA,NA,"L3: endo_cancer","PA",146500
"male","65-69","sc_bus_ylls_pa_endo_cancer_ub",0,"bogota","Bus",NA,NA,"L3: endo_cancer","PA",105412
"female","15-19","sc_bus_ylls_pa_endo_cancer_ub",0,"bogota","Bus",NA,NA,"L3: endo_cancer","PA",279280
"female","20-24","sc_bus_ylls_pa_endo_cancer_ub",0.00187,"bogota","Bus",NA,NA,"L3: endo_cancer","PA",360197
"female","25-29","sc_bus_ylls_pa_endo_cancer_ub",0.00929,"bogota","Bus",NA,NA,"L3: endo_cancer","PA",364423
"female","30-34","sc_bus_ylls_pa_endo_cancer_ub",0.01288,"bogota","Bus",NA,NA,"L3: endo_cancer","PA",330341
"female","35-39","sc_bus_ylls_pa_endo_cancer_ub",0.02976,"bogota","Bus",NA,NA,"L3: endo_cancer","PA",309304
"female","40-44","sc_bus_ylls_pa_endo_cancer_ub",0.03781,"bogota","Bus",NA,NA,"L3: endo_cancer","PA",275440
"female","45-49","sc_bus_ylls_pa_endo_cancer_ub",0.06305,"bogota","Bus",NA,NA,"L3: endo_cancer","PA",254843
"female","50-54","sc_bus_ylls_pa_endo_cancer_ub",0.08806,"bogota","Bus",NA,NA,"L3: endo_cancer","PA",256059
"female","55-59","sc_bus_ylls_pa_endo_cancer_ub",0.15317,"bogota","Bus",NA,NA,"L3: endo_cancer","PA",235548
"female","60-64","sc_bus_ylls_pa_endo_cancer_ub",0.14288,"bogota","Bus",NA,NA,"L3: endo_cancer","PA",189600
"female","65-69","sc_bus_ylls_pa_endo_cancer_ub",0.13906,"bogota","Bus",NA,NA,"L3: endo_cancer","PA",141409
"male","15-19","sc_cycle_ylls_pa_liver_cancer",0.0257,"bogota","Cycling",NA,NA,"L3: liver_cancer","PA",282736
"male","20-24","sc_cycle_ylls_pa_liver_cancer",0.05449,"bogota","Cycling",NA,NA,"L3: liver_cancer","PA",357934
"male","25-29","sc_cycle_ylls_pa_liver_cancer",0.16496,"bogota","Cycling",NA,NA,"L3: liver_cancer","PA",360031
"male","30-34","sc_cycle_ylls_pa_liver_cancer",0.21781,"bogota","Cycling",NA,NA,"L3: liver_cancer","PA",321492
"male","35-39","sc_cycle_ylls_pa_liver_cancer",0.4609,"bogota","Cycling",NA,NA,"L3: liver_cancer","PA",289808
"male","40-44","sc_cycle_ylls_pa_liver_cancer",0.36333,"bogota","Cycling",NA,NA,"L3: liver_cancer","PA",244543
"male","45-49","sc_cycle_ylls_pa_liver_cancer",0.90826,"bogota","Cycling",NA,NA,"L3: liver_cancer","PA",215491
"male","50-54","sc_cycle_ylls_pa_liver_cancer",1.09402,"bogota","Cycling",NA,NA,"L3: liver_cancer","PA",209137
"male","55-59","sc_cycle_ylls_pa_liver_cancer",1.59267,"bogota","Cycling",NA,NA,"L3: liver_cancer","PA",187551
"male","60-64","sc_cycle_ylls_pa_liver_cancer",1.89064,"bogota","Cycling",NA,NA,"L3: liver_cancer","PA",146500
"male","65-69","sc_cycle_ylls_pa_liver_cancer",2.73401,"bogota","Cycling",NA,NA,"L3: liver_cancer","PA",105412
"female","15-19","sc_cycle_ylls_pa_liver_cancer",0.02646,"bogota","Cycling",NA,NA,"L3: liver_cancer","PA",279280
"female","20-24","sc_cycle_ylls_pa_liver_cancer",0.05767,"bogota","Cycling",NA,NA,"L3: liver_cancer","PA",360197
"female","25-29","sc_cycle_ylls_pa_liver_cancer",0.08747,"bogota","Cycling",NA,NA,"L3: liver_cancer","PA",364423
"female","30-34","sc_cycle_ylls_pa_liver_cancer",0.1318,"bogota","Cycling",NA,NA,"L3: liver_cancer","PA",330341
"female","35-39","sc_cycle_ylls_pa_liver_cancer",0.26805,"bogota","Cycling",NA,NA,"L3: liver_cancer","PA",309304
"female","40-44","sc_cycle_ylls_pa_liver_cancer",0.29435,"bogota","Cycling",NA,NA,"L3: liver_cancer","PA",275440
"female","45-49","sc_cycle_ylls_pa_liver_cancer",0.42176,"bogota","Cycling",NA,NA,"L3: liver_cancer","PA",254843
"female","50-54","sc_cycle_ylls_pa_liver_cancer",0.77324,"bogota","Cycling",NA,NA,"L3: liver_cancer","PA",256059
"female","55-59","sc_cycle_ylls_pa_liver_cancer",0.82291,"bogota","Cycling",NA,NA,"L3: liver_cancer","PA",235548
"female","60-64","sc_cycle_ylls_pa_liver_cancer",0.8829,"bogota","Cycling",NA,NA,"L3: liver_cancer","PA",189600
"female","65-69","sc_cycle_ylls_pa_liver_cancer",1.52045,"bogota","Cycling",NA,NA,"L3: liver_cancer","PA",141409
"male","15-19","sc_car_ylls_pa_liver_cancer",-0.03916,"bogota","Car",NA,NA,"L3: liver_cancer","PA",282736
"male","20-24","sc_car_ylls_pa_liver_cancer",-0.0866,"bogota","Car",NA,NA,"L3: liver_cancer","PA",357934
"male","25-29","sc_car_ylls_pa_liver_cancer",-0.13295,"bogota","Car",NA,NA,"L3: liver_cancer","PA",360031
"male","30-34","sc_car_ylls_pa_liver_cancer",-0.13357,"bogota","Car",NA,NA,"L3: liver_cancer","PA",321492
"male","35-39","sc_car_ylls_pa_liver_cancer",-0.24354,"bogota","Car",NA,NA,"L3: liver_cancer","PA",289808
"male","40-44","sc_car_ylls_pa_liver_cancer",-0.23277,"bogota","Car",NA,NA,"L3: liver_cancer","PA",244543
"male","45-49","sc_car_ylls_pa_liver_cancer",-0.5212,"bogota","Car",NA,NA,"L3: liver_cancer","PA",215491
"male","50-54","sc_car_ylls_pa_liver_cancer",-0.88559,"bogota","Car",NA,NA,"L3: liver_cancer","PA",209137
"male","55-59","sc_car_ylls_pa_liver_cancer",-1.62677,"bogota","Car",NA,NA,"L3: liver_cancer","PA",187551
"male","60-64","sc_car_ylls_pa_liver_cancer",-0.91935,"bogota","Car",NA,NA,"L3: liver_cancer","PA",146500
"male","65-69","sc_car_ylls_pa_liver_cancer",-2.1343,"bogota","Car",NA,NA,"L3: liver_cancer","PA",105412
"female","15-19","sc_car_ylls_pa_liver_cancer",-0.04676,"bogota","Car",NA,NA,"L3: liver_cancer","PA",279280
"female","20-24","sc_car_ylls_pa_liver_cancer",-0.08996,"bogota","Car",NA,NA,"L3: liver_cancer","PA",360197
"female","25-29","sc_car_ylls_pa_liver_cancer",-0.11867,"bogota","Car",NA,NA,"L3: liver_cancer","PA",364423
"female","30-34","sc_car_ylls_pa_liver_cancer",-0.13356,"bogota","Car",NA,NA,"L3: liver_cancer","PA",330341
"female","35-39","sc_car_ylls_pa_liver_cancer",-0.22012,"bogota","Car",NA,NA,"L3: liver_cancer","PA",309304
"female","40-44","sc_car_ylls_pa_liver_cancer",-0.28357,"bogota","Car",NA,NA,"L3: liver_cancer","PA",275440
"female","45-49","sc_car_ylls_pa_liver_cancer",-0.49991,"bogota","Car",NA,NA,"L3: liver_cancer","PA",254843
"female","50-54","sc_car_ylls_pa_liver_cancer",-0.9564,"bogota","Car",NA,NA,"L3: liver_cancer","PA",256059
"female","55-59","sc_car_ylls_pa_liver_cancer",-1.04903,"bogota","Car",NA,NA,"L3: liver_cancer","PA",235548
"female","60-64","sc_car_ylls_pa_liver_cancer",-0.99967,"bogota","Car",NA,NA,"L3: liver_cancer","PA",189600
"female","65-69","sc_car_ylls_pa_liver_cancer",-1.04581,"bogota","Car",NA,NA,"L3: liver_cancer","PA",141409
"male","15-19","sc_bus_ylls_pa_liver_cancer",0.01732,"bogota","Bus",NA,NA,"L3: liver_cancer","PA",282736
"male","20-24","sc_bus_ylls_pa_liver_cancer",0.07034,"bogota","Bus",NA,NA,"L3: liver_cancer","PA",357934
"male","25-29","sc_bus_ylls_pa_liver_cancer",0.17384,"bogota","Bus",NA,NA,"L3: liver_cancer","PA",360031
"male","30-34","sc_bus_ylls_pa_liver_cancer",0.23642,"bogota","Bus",NA,NA,"L3: liver_cancer","PA",321492
"male","35-39","sc_bus_ylls_pa_liver_cancer",0.50482,"bogota","Bus",NA,NA,"L3: liver_cancer","PA",289808
"male","40-44","sc_bus_ylls_pa_liver_cancer",0.48683,"bogota","Bus",NA,NA,"L3: liver_cancer","PA",244543
"male","45-49","sc_bus_ylls_pa_liver_cancer",1.02378,"bogota","Bus",NA,NA,"L3: liver_cancer","PA",215491
"male","50-54","sc_bus_ylls_pa_liver_cancer",1.43841,"bogota","Bus",NA,NA,"L3: liver_cancer","PA",209137
"male","55-59","sc_bus_ylls_pa_liver_cancer",2.28007,"bogota","Bus",NA,NA,"L3: liver_cancer","PA",187551
"male","60-64","sc_bus_ylls_pa_liver_cancer",2.2017,"bogota","Bus",NA,NA,"L3: liver_cancer","PA",146500
"male","65-69","sc_bus_ylls_pa_liver_cancer",2.44435,"bogota","Bus",NA,NA,"L3: liver_cancer","PA",105412
"female","15-19","sc_bus_ylls_pa_liver_cancer",0.02562,"bogota","Bus",NA,NA,"L3: liver_cancer","PA",279280
"female","20-24","sc_bus_ylls_pa_liver_cancer",0.03565,"bogota","Bus",NA,NA,"L3: liver_cancer","PA",360197
"female","25-29","sc_bus_ylls_pa_liver_cancer",0.07947,"bogota","Bus",NA,NA,"L3: liver_cancer","PA",364423
"female","30-34","sc_bus_ylls_pa_liver_cancer",0.10672,"bogota","Bus",NA,NA,"L3: liver_cancer","PA",330341
"female","35-39","sc_bus_ylls_pa_liver_cancer",0.23846,"bogota","Bus",NA,NA,"L3: liver_cancer","PA",309304
"female","40-44","sc_bus_ylls_pa_liver_cancer",0.26466,"bogota","Bus",NA,NA,"L3: liver_cancer","PA",275440
"female","45-49","sc_bus_ylls_pa_liver_cancer",0.34008,"bogota","Bus",NA,NA,"L3: liver_cancer","PA",254843
"female","50-54","sc_bus_ylls_pa_liver_cancer",0.60482,"bogota","Bus",NA,NA,"L3: liver_cancer","PA",256059
"female","55-59","sc_bus_ylls_pa_liver_cancer",0.95824,"bogota","Bus",NA,NA,"L3: liver_cancer","PA",235548
"female","60-64","sc_bus_ylls_pa_liver_cancer",0.7333,"bogota","Bus",NA,NA,"L3: liver_cancer","PA",189600
"female","65-69","sc_bus_ylls_pa_liver_cancer",0.90004,"bogota","Bus",NA,NA,"L3: liver_cancer","PA",141409
"male","15-19","sc_cycle_ylls_pa_liver_cancer_lb",0.0425,"bogota","Cycling",NA,NA,"L3: liver_cancer","PA",282736
"male","20-24","sc_cycle_ylls_pa_liver_cancer_lb",0.08931,"bogota","Cycling",NA,NA,"L3: liver_cancer","PA",357934
"male","25-29","sc_cycle_ylls_pa_liver_cancer_lb",0.27555,"bogota","Cycling",NA,NA,"L3: liver_cancer","PA",360031
"male","30-34","sc_cycle_ylls_pa_liver_cancer_lb",0.36538,"bogota","Cycling",NA,NA,"L3: liver_cancer","PA",321492
"male","35-39","sc_cycle_ylls_pa_liver_cancer_lb",0.76282,"bogota","Cycling",NA,NA,"L3: liver_cancer","PA",289808
"male","40-44","sc_cycle_ylls_pa_liver_cancer_lb",0.61001,"bogota","Cycling",NA,NA,"L3: liver_cancer","PA",244543
"male","45-49","sc_cycle_ylls_pa_liver_cancer_lb",1.4834,"bogota","Cycling",NA,NA,"L3: liver_cancer","PA",215491
"male","50-54","sc_cycle_ylls_pa_liver_cancer_lb",1.84098,"bogota","Cycling",NA,NA,"L3: liver_cancer","PA",209137
"male","55-59","sc_cycle_ylls_pa_liver_cancer_lb",2.5652,"bogota","Cycling",NA,NA,"L3: liver_cancer","PA",187551
"male","60-64","sc_cycle_ylls_pa_liver_cancer_lb",3.06769,"bogota","Cycling",NA,NA,"L3: liver_cancer","PA",146500
"male","65-69","sc_cycle_ylls_pa_liver_cancer_lb",4.45021,"bogota","Cycling",NA,NA,"L3: liver_cancer","PA",105412
"female","15-19","sc_cycle_ylls_pa_liver_cancer_lb",0.04244,"bogota","Cycling",NA,NA,"L3: liver_cancer","PA",279280
"female","20-24","sc_cycle_ylls_pa_liver_cancer_lb",0.09266,"bogota","Cycling",NA,NA,"L3: liver_cancer","PA",360197
"female","25-29","sc_cycle_ylls_pa_liver_cancer_lb",0.13871,"bogota","Cycling",NA,NA,"L3: liver_cancer","PA",364423
"female","30-34","sc_cycle_ylls_pa_liver_cancer_lb",0.21741,"bogota","Cycling",NA,NA,"L3: liver_cancer","PA",330341
"female","35-39","sc_cycle_ylls_pa_liver_cancer_lb",0.43655,"bogota","Cycling",NA,NA,"L3: liver_cancer","PA",309304
"female","40-44","sc_cycle_ylls_pa_liver_cancer_lb",0.48107,"bogota","Cycling",NA,NA,"L3: liver_cancer","PA",275440
"female","45-49","sc_cycle_ylls_pa_liver_cancer_lb",0.69246,"bogota","Cycling",NA,NA,"L3: liver_cancer","PA",254843
"female","50-54","sc_cycle_ylls_pa_liver_cancer_lb",1.25634,"bogota","Cycling",NA,NA,"L3: liver_cancer","PA",256059
"female","55-59","sc_cycle_ylls_pa_liver_cancer_lb",1.35031,"bogota","Cycling",NA,NA,"L3: liver_cancer","PA",235548
"female","60-64","sc_cycle_ylls_pa_liver_cancer_lb",1.46802,"bogota","Cycling",NA,NA,"L3: liver_cancer","PA",189600
"female","65-69","sc_cycle_ylls_pa_liver_cancer_lb",2.44141,"bogota","Cycling",NA,NA,"L3: liver_cancer","PA",141409
"male","15-19","sc_car_ylls_pa_liver_cancer_lb",-0.06746,"bogota","Car",NA,NA,"L3: liver_cancer","PA",282736
"male","20-24","sc_car_ylls_pa_liver_cancer_lb",-0.14899,"bogota","Car",NA,NA,"L3: liver_cancer","PA",357934
"male","25-29","sc_car_ylls_pa_liver_cancer_lb",-0.2302,"bogota","Car",NA,NA,"L3: liver_cancer","PA",360031
"male","30-34","sc_car_ylls_pa_liver_cancer_lb",-0.23003,"bogota","Car",NA,NA,"L3: liver_cancer","PA",321492
"male","35-39","sc_car_ylls_pa_liver_cancer_lb",-0.41588,"bogota","Car",NA,NA,"L3: liver_cancer","PA",289808
"male","40-44","sc_car_ylls_pa_liver_cancer_lb",-0.39059,"bogota","Car",NA,NA,"L3: liver_cancer","PA",244543
"male","45-49","sc_car_ylls_pa_liver_cancer_lb",-0.89108,"bogota","Car",NA,NA,"L3: liver_cancer","PA",215491
"male","50-54","sc_car_ylls_pa_liver_cancer_lb",-1.5218,"bogota","Car",NA,NA,"L3: liver_cancer","PA",209137
"male","55-59","sc_car_ylls_pa_liver_cancer_lb",-2.76491,"bogota","Car",NA,NA,"L3: liver_cancer","PA",187551
"male","60-64","sc_car_ylls_pa_liver_cancer_lb",-1.51009,"bogota","Car",NA,NA,"L3: liver_cancer","PA",146500
"male","65-69","sc_car_ylls_pa_liver_cancer_lb",-3.56557,"bogota","Car",NA,NA,"L3: liver_cancer","PA",105412
"female","15-19","sc_car_ylls_pa_liver_cancer_lb",-0.08083,"bogota","Car",NA,NA,"L3: liver_cancer","PA",279280
"female","20-24","sc_car_ylls_pa_liver_cancer_lb",-0.153,"bogota","Car",NA,NA,"L3: liver_cancer","PA",360197
"female","25-29","sc_car_ylls_pa_liver_cancer_lb",-0.1987,"bogota","Car",NA,NA,"L3: liver_cancer","PA",364423
"female","30-34","sc_car_ylls_pa_liver_cancer_lb",-0.22758,"bogota","Car",NA,NA,"L3: liver_cancer","PA",330341
"female","35-39","sc_car_ylls_pa_liver_cancer_lb",-0.37231,"bogota","Car",NA,NA,"L3: liver_cancer","PA",309304
"female","40-44","sc_car_ylls_pa_liver_cancer_lb",-0.48298,"bogota","Car",NA,NA,"L3: liver_cancer","PA",275440
"female","45-49","sc_car_ylls_pa_liver_cancer_lb",-0.84946,"bogota","Car",NA,NA,"L3: liver_cancer","PA",254843
"female","50-54","sc_car_ylls_pa_liver_cancer_lb",-1.60692,"bogota","Car",NA,NA,"L3: liver_cancer","PA",256059
"female","55-59","sc_car_ylls_pa_liver_cancer_lb",-1.76392,"bogota","Car",NA,NA,"L3: liver_cancer","PA",235548
"female","60-64","sc_car_ylls_pa_liver_cancer_lb",-1.66402,"bogota","Car",NA,NA,"L3: liver_cancer","PA",189600
"female","65-69","sc_car_ylls_pa_liver_cancer_lb",-1.72168,"bogota","Car",NA,NA,"L3: liver_cancer","PA",141409
"male","15-19","sc_bus_ylls_pa_liver_cancer_lb",0.03312,"bogota","Bus",NA,NA,"L3: liver_cancer","PA",282736
"male","20-24","sc_bus_ylls_pa_liver_cancer_lb",0.13155,"bogota","Bus",NA,NA,"L3: liver_cancer","PA",357934
"male","25-29","sc_bus_ylls_pa_liver_cancer_lb",0.32182,"bogota","Bus",NA,NA,"L3: liver_cancer","PA",360031
"male","30-34","sc_bus_ylls_pa_liver_cancer_lb",0.43552,"bogota","Bus",NA,NA,"L3: liver_cancer","PA",321492
"male","35-39","sc_bus_ylls_pa_liver_cancer_lb",0.93084,"bogota","Bus",NA,NA,"L3: liver_cancer","PA",289808
"male","40-44","sc_bus_ylls_pa_liver_cancer_lb",0.90125,"bogota","Bus",NA,NA,"L3: liver_cancer","PA",244543
"male","45-49","sc_bus_ylls_pa_liver_cancer_lb",1.86945,"bogota","Bus",NA,NA,"L3: liver_cancer","PA",215491
"male","50-54","sc_bus_ylls_pa_liver_cancer_lb",2.63937,"bogota","Bus",NA,NA,"L3: liver_cancer","PA",209137
"male","55-59","sc_bus_ylls_pa_liver_cancer_lb",4.23127,"bogota","Bus",NA,NA,"L3: liver_cancer","PA",187551
"male","60-64","sc_bus_ylls_pa_liver_cancer_lb",4.03507,"bogota","Bus",NA,NA,"L3: liver_cancer","PA",146500
"male","65-69","sc_bus_ylls_pa_liver_cancer_lb",4.47017,"bogota","Bus",NA,NA,"L3: liver_cancer","PA",105412
"female","15-19","sc_bus_ylls_pa_liver_cancer_lb",0.04798,"bogota","Bus",NA,NA,"L3: liver_cancer","PA",279280
"female","20-24","sc_bus_ylls_pa_liver_cancer_lb",0.06711,"bogota","Bus",NA,NA,"L3: liver_cancer","PA",360197
"female","25-29","sc_bus_ylls_pa_liver_cancer_lb",0.14564,"bogota","Bus",NA,NA,"L3: liver_cancer","PA",364423
"female","30-34","sc_bus_ylls_pa_liver_cancer_lb",0.19758,"bogota","Bus",NA,NA,"L3: liver_cancer","PA",330341
"female","35-39","sc_bus_ylls_pa_liver_cancer_lb",0.44074,"bogota","Bus",NA,NA,"L3: liver_cancer","PA",309304
"female","40-44","sc_bus_ylls_pa_liver_cancer_lb",0.48936,"bogota","Bus",NA,NA,"L3: liver_cancer","PA",275440
"female","45-49","sc_bus_ylls_pa_liver_cancer_lb",0.63613,"bogota","Bus",NA,NA,"L3: liver_cancer","PA",254843
"female","50-54","sc_bus_ylls_pa_liver_cancer_lb",1.11159,"bogota","Bus",NA,NA,"L3: liver_cancer","PA",256059
"female","55-59","sc_bus_ylls_pa_liver_cancer_lb",1.76513,"bogota","Bus",NA,NA,"L3: liver_cancer","PA",235548
"female","60-64","sc_bus_ylls_pa_liver_cancer_lb",1.33518,"bogota","Bus",NA,NA,"L3: liver_cancer","PA",189600
"female","65-69","sc_bus_ylls_pa_liver_cancer_lb",1.64815,"bogota","Bus",NA,NA,"L3: liver_cancer","PA",141409
"male","15-19","sc_cycle_ylls_pa_liver_cancer_ub",0.00957,"bogota","Cycling",NA,NA,"L3: liver_cancer","PA",282736
"male","20-24","sc_cycle_ylls_pa_liver_cancer_ub",0.02092,"bogota","Cycling",NA,NA,"L3: liver_cancer","PA",357934
"male","25-29","sc_cycle_ylls_pa_liver_cancer_ub",0.05786,"bogota","Cycling",NA,NA,"L3: liver_cancer","PA",360031
"male","30-34","sc_cycle_ylls_pa_liver_cancer_ub",0.07434,"bogota","Cycling",NA,NA,"L3: liver_cancer","PA",321492
"male","35-39","sc_cycle_ylls_pa_liver_cancer_ub",0.15905,"bogota","Cycling",NA,NA,"L3: liver_cancer","PA",289808
"male","40-44","sc_cycle_ylls_pa_liver_cancer_ub",0.12251,"bogota","Cycling",NA,NA,"L3: liver_cancer","PA",244543
"male","45-49","sc_cycle_ylls_pa_liver_cancer_ub",0.32506,"bogota","Cycling",NA,NA,"L3: liver_cancer","PA",215491
"male","50-54","sc_cycle_ylls_pa_liver_cancer_ub",0.36611,"bogota","Cycling",NA,NA,"L3: liver_cancer","PA",209137
"male","55-59","sc_cycle_ylls_pa_liver_cancer_ub",0.60374,"bogota","Cycling",NA,NA,"L3: liver_cancer","PA",187551
"male","60-64","sc_cycle_ylls_pa_liver_cancer_ub",0.70283,"bogota","Cycling",NA,NA,"L3: liver_cancer","PA",146500
"male","65-69","sc_cycle_ylls_pa_liver_cancer_ub",0.94937,"bogota","Cycling",NA,NA,"L3: liver_cancer","PA",105412
"female","15-19","sc_cycle_ylls_pa_liver_cancer_ub",0.0105,"bogota","Cycling",NA,NA,"L3: liver_cancer","PA",279280
"female","20-24","sc_cycle_ylls_pa_liver_cancer_ub",0.02256,"bogota","Cycling",NA,NA,"L3: liver_cancer","PA",360197
"female","25-29","sc_cycle_ylls_pa_liver_cancer_ub",0.03582,"bogota","Cycling",NA,NA,"L3: liver_cancer","PA",364423
"female","30-34","sc_cycle_ylls_pa_liver_cancer_ub",0.04722,"bogota","Cycling",NA,NA,"L3: liver_cancer","PA",330341
"female","35-39","sc_cycle_ylls_pa_liver_cancer_ub",0.09921,"bogota","Cycling",NA,NA,"L3: liver_cancer","PA",309304
"female","40-44","sc_cycle_ylls_pa_liver_cancer_ub",0.1084,"bogota","Cycling",NA,NA,"L3: liver_cancer","PA",275440
"female","45-49","sc_cycle_ylls_pa_liver_cancer_ub",0.15332,"bogota","Cycling",NA,NA,"L3: liver_cancer","PA",254843
"female","50-54","sc_cycle_ylls_pa_liver_cancer_ub",0.28829,"bogota","Cycling",NA,NA,"L3: liver_cancer","PA",256059
"female","55-59","sc_cycle_ylls_pa_liver_cancer_ub",0.30102,"bogota","Cycling",NA,NA,"L3: liver_cancer","PA",235548
"female","60-64","sc_cycle_ylls_pa_liver_cancer_ub",0.30509,"bogota","Cycling",NA,NA,"L3: liver_cancer","PA",189600
"female","65-69","sc_cycle_ylls_pa_liver_cancer_ub",0.55141,"bogota","Cycling",NA,NA,"L3: liver_cancer","PA",141409
"male","15-19","sc_car_ylls_pa_liver_cancer_ub",-0.01258,"bogota","Car",NA,NA,"L3: liver_cancer","PA",282736
"male","20-24","sc_car_ylls_pa_liver_cancer_ub",-0.02734,"bogota","Car",NA,NA,"L3: liver_cancer","PA",357934
"male","25-29","sc_car_ylls_pa_liver_cancer_ub",-0.04067,"bogota","Car",NA,NA,"L3: liver_cancer","PA",360031
"male","30-34","sc_car_ylls_pa_liver_cancer_ub",-0.04047,"bogota","Car",NA,NA,"L3: liver_cancer","PA",321492
"male","35-39","sc_car_ylls_pa_liver_cancer_ub",-0.07311,"bogota","Car",NA,NA,"L3: liver_cancer","PA",289808
"male","40-44","sc_car_ylls_pa_liver_cancer_ub",-0.07785,"bogota","Car",NA,NA,"L3: liver_cancer","PA",244543
"male","45-49","sc_car_ylls_pa_liver_cancer_ub",-0.15734,"bogota","Car",NA,NA,"L3: liver_cancer","PA",215491
"male","50-54","sc_car_ylls_pa_liver_cancer_ub",-0.26678,"bogota","Car",NA,NA,"L3: liver_cancer","PA",209137
"male","55-59","sc_car_ylls_pa_liver_cancer_ub",-0.49884,"bogota","Car",NA,NA,"L3: liver_cancer","PA",187551
"male","60-64","sc_car_ylls_pa_liver_cancer_ub",-0.31969,"bogota","Car",NA,NA,"L3: liver_cancer","PA",146500
"male","65-69","sc_car_ylls_pa_liver_cancer_ub",-0.6559,"bogota","Car",NA,NA,"L3: liver_cancer","PA",105412
"female","15-19","sc_car_ylls_pa_liver_cancer_ub",-0.01401,"bogota","Car",NA,NA,"L3: liver_cancer","PA",279280
"female","20-24","sc_car_ylls_pa_liver_cancer_ub",-0.02843,"bogota","Car",NA,NA,"L3: liver_cancer","PA",360197
"female","25-29","sc_car_ylls_pa_liver_cancer_ub",-0.04005,"bogota","Car",NA,NA,"L3: liver_cancer","PA",364423
"female","30-34","sc_car_ylls_pa_liver_cancer_ub",-0.04148,"bogota","Car",NA,NA,"L3: liver_cancer","PA",330341
"female","35-39","sc_car_ylls_pa_liver_cancer_ub",-0.07024,"bogota","Car",NA,NA,"L3: liver_cancer","PA",309304
"female","40-44","sc_car_ylls_pa_liver_cancer_ub",-0.08884,"bogota","Car",NA,NA,"L3: liver_cancer","PA",275440
"female","45-49","sc_car_ylls_pa_liver_cancer_ub",-0.15555,"bogota","Car",NA,NA,"L3: liver_cancer","PA",254843
"female","50-54","sc_car_ylls_pa_liver_cancer_ub",-0.31011,"bogota","Car",NA,NA,"L3: liver_cancer","PA",256059
"female","55-59","sc_car_ylls_pa_liver_cancer_ub",-0.34206,"bogota","Car",NA,NA,"L3: liver_cancer","PA",235548
"female","60-64","sc_car_ylls_pa_liver_cancer_ub",-0.33133,"bogota","Car",NA,NA,"L3: liver_cancer","PA",189600
"female","65-69","sc_car_ylls_pa_liver_cancer_ub",-0.33895,"bogota","Car",NA,NA,"L3: liver_cancer","PA",141409
"male","15-19","sc_bus_ylls_pa_liver_cancer_ub",0.0035,"bogota","Bus",NA,NA,"L3: liver_cancer","PA",282736
"male","20-24","sc_bus_ylls_pa_liver_cancer_ub",0.01576,"bogota","Bus",NA,NA,"L3: liver_cancer","PA",357934
"male","25-29","sc_bus_ylls_pa_liver_cancer_ub",0.03928,"bogota","Bus",NA,NA,"L3: liver_cancer","PA",360031
"male","30-34","sc_bus_ylls_pa_liver_cancer_ub",0.05386,"bogota","Bus",NA,NA,"L3: liver_cancer","PA",321492
"male","35-39","sc_bus_ylls_pa_liver_cancer_ub",0.10852,"bogota","Bus",NA,NA,"L3: liver_cancer","PA",289808
"male","40-44","sc_bus_ylls_pa_liver_cancer_ub",0.10486,"bogota","Bus",NA,NA,"L3: liver_cancer","PA",244543
"male","45-49","sc_bus_ylls_pa_liver_cancer_ub",0.22367,"bogota","Bus",NA,NA,"L3: liver_cancer","PA",215491
"male","50-54","sc_bus_ylls_pa_liver_cancer_ub",0.32917,"bogota","Bus",NA,NA,"L3: liver_cancer","PA",209137
"male","55-59","sc_bus_ylls_pa_liver_cancer_ub",0.47319,"bogota","Bus",NA,NA,"L3: liver_cancer","PA",187551
"male","60-64","sc_bus_ylls_pa_liver_cancer_ub",0.50134,"bogota","Bus",NA,NA,"L3: liver_cancer","PA",146500
"male","65-69","sc_bus_ylls_pa_liver_cancer_ub",0.49418,"bogota","Bus",NA,NA,"L3: liver_cancer","PA",105412
"female","15-19","sc_bus_ylls_pa_liver_cancer_ub",0.00534,"bogota","Bus",NA,NA,"L3: liver_cancer","PA",279280
"female","20-24","sc_bus_ylls_pa_liver_cancer_ub",0.00704,"bogota","Bus",NA,NA,"L3: liver_cancer","PA",360197
"female","25-29","sc_bus_ylls_pa_liver_cancer_ub",0.01841,"bogota","Bus",NA,NA,"L3: liver_cancer","PA",364423
"female","30-34","sc_bus_ylls_pa_liver_cancer_ub",0.02298,"bogota","Bus",NA,NA,"L3: liver_cancer","PA",330341
"female","35-39","sc_bus_ylls_pa_liver_cancer_ub",0.05198,"bogota","Bus",NA,NA,"L3: liver_cancer","PA",309304
"female","40-44","sc_bus_ylls_pa_liver_cancer_ub",0.0582,"bogota","Bus",NA,NA,"L3: liver_cancer","PA",275440
"female","45-49","sc_bus_ylls_pa_liver_cancer_ub",0.06805,"bogota","Bus",NA,NA,"L3: liver_cancer","PA",254843
"female","50-54","sc_bus_ylls_pa_liver_cancer_ub",0.13255,"bogota","Bus",NA,NA,"L3: liver_cancer","PA",256059
"female","55-59","sc_bus_ylls_pa_liver_cancer_ub",0.21236,"bogota","Bus",NA,NA,"L3: liver_cancer","PA",235548
"female","60-64","sc_bus_ylls_pa_liver_cancer_ub",0.16704,"bogota","Bus",NA,NA,"L3: liver_cancer","PA",189600
"female","65-69","sc_bus_ylls_pa_liver_cancer_ub",0.17805,"bogota","Bus",NA,NA,"L3: liver_cancer","PA",141409
"male","15-19","sc_cycle_ylls_pa_CVD",1.97952,"bogota","Cycling",NA,"L2: CVD",NA,"PA",282736
"male","20-24","sc_cycle_ylls_pa_CVD",3.85235,"bogota","Cycling",NA,"L2: CVD",NA,"PA",357934
"male","25-29","sc_cycle_ylls_pa_CVD",13.78228,"bogota","Cycling",NA,"L2: CVD",NA,"PA",360031
"male","30-34","sc_cycle_ylls_pa_CVD",19.2923,"bogota","Cycling",NA,"L2: CVD",NA,"PA",321492
"male","35-39","sc_cycle_ylls_pa_CVD",36.87136,"bogota","Cycling",NA,"L2: CVD",NA,"PA",289808
"male","40-44","sc_cycle_ylls_pa_CVD",26.53636,"bogota","Cycling",NA,"L2: CVD",NA,"PA",244543
"male","45-49","sc_cycle_ylls_pa_CVD",53.66786,"bogota","Cycling",NA,"L2: CVD",NA,"PA",215491
"male","50-54","sc_cycle_ylls_pa_CVD",63.41289,"bogota","Cycling",NA,"L2: CVD",NA,"PA",209137
"male","55-59","sc_cycle_ylls_pa_CVD",73.18373,"bogota","Cycling",NA,"L2: CVD",NA,"PA",187551
"male","60-64","sc_cycle_ylls_pa_CVD",89.09783,"bogota","Cycling",NA,"L2: CVD",NA,"PA",146500
"male","65-69","sc_cycle_ylls_pa_CVD",135.08181,"bogota","Cycling",NA,"L2: CVD",NA,"PA",105412
"female","15-19","sc_cycle_ylls_pa_CVD",1.47053,"bogota","Cycling",NA,"L2: CVD",NA,"PA",279280
"female","20-24","sc_cycle_ylls_pa_CVD",4.12699,"bogota","Cycling",NA,"L2: CVD",NA,"PA",360197
"female","25-29","sc_cycle_ylls_pa_CVD",5.01211,"bogota","Cycling",NA,"L2: CVD",NA,"PA",364423
"female","30-34","sc_cycle_ylls_pa_CVD",9.22512,"bogota","Cycling",NA,"L2: CVD",NA,"PA",330341
"female","35-39","sc_cycle_ylls_pa_CVD",15.50494,"bogota","Cycling",NA,"L2: CVD",NA,"PA",309304
"female","40-44","sc_cycle_ylls_pa_CVD",19.54633,"bogota","Cycling",NA,"L2: CVD",NA,"PA",275440
"female","45-49","sc_cycle_ylls_pa_CVD",25.92122,"bogota","Cycling",NA,"L2: CVD",NA,"PA",254843
"female","50-54","sc_cycle_ylls_pa_CVD",34.77594,"bogota","Cycling",NA,"L2: CVD",NA,"PA",256059
"female","55-59","sc_cycle_ylls_pa_CVD",39.06107,"bogota","Cycling",NA,"L2: CVD",NA,"PA",235548
"female","60-64","sc_cycle_ylls_pa_CVD",45.93275,"bogota","Cycling",NA,"L2: CVD",NA,"PA",189600
"female","65-69","sc_cycle_ylls_pa_CVD",83.62278,"bogota","Cycling",NA,"L2: CVD",NA,"PA",141409
"male","15-19","sc_car_ylls_pa_CVD",-3.26548,"bogota","Car",NA,"L2: CVD",NA,"PA",282736
"male","20-24","sc_car_ylls_pa_CVD",-6.73489,"bogota","Car",NA,"L2: CVD",NA,"PA",357934
"male","25-29","sc_car_ylls_pa_CVD",-11.90457,"bogota","Car",NA,"L2: CVD",NA,"PA",360031
"male","30-34","sc_car_ylls_pa_CVD",-12.41418,"bogota","Car",NA,"L2: CVD",NA,"PA",321492
"male","35-39","sc_car_ylls_pa_CVD",-20.60565,"bogota","Car",NA,"L2: CVD",NA,"PA",289808
"male","40-44","sc_car_ylls_pa_CVD",-16.95709,"bogota","Car",NA,"L2: CVD",NA,"PA",244543
"male","45-49","sc_car_ylls_pa_CVD",-33.49018,"bogota","Car",NA,"L2: CVD",NA,"PA",215491
"male","50-54","sc_car_ylls_pa_CVD",-53.46653,"bogota","Car",NA,"L2: CVD",NA,"PA",209137
"male","55-59","sc_car_ylls_pa_CVD",-82.81787,"bogota","Car",NA,"L2: CVD",NA,"PA",187551
"male","60-64","sc_car_ylls_pa_CVD",-44.11322,"bogota","Car",NA,"L2: CVD",NA,"PA",146500
"male","65-69","sc_car_ylls_pa_CVD",-110.66362,"bogota","Car",NA,"L2: CVD",NA,"PA",105412
"female","15-19","sc_car_ylls_pa_CVD",-2.99844,"bogota","Car",NA,"L2: CVD",NA,"PA",279280
"female","20-24","sc_car_ylls_pa_CVD",-7.19627,"bogota","Car",NA,"L2: CVD",NA,"PA",360197
"female","25-29","sc_car_ylls_pa_CVD",-7.58731,"bogota","Car",NA,"L2: CVD",NA,"PA",364423
"female","30-34","sc_car_ylls_pa_CVD",-9.9503,"bogota","Car",NA,"L2: CVD",NA,"PA",330341
"female","35-39","sc_car_ylls_pa_CVD",-13.68488,"bogota","Car",NA,"L2: CVD",NA,"PA",309304
"female","40-44","sc_car_ylls_pa_CVD",-20.37355,"bogota","Car",NA,"L2: CVD",NA,"PA",275440
"female","45-49","sc_car_ylls_pa_CVD",-32.78517,"bogota","Car",NA,"L2: CVD",NA,"PA",254843
"female","50-54","sc_car_ylls_pa_CVD",-46.00064,"bogota","Car",NA,"L2: CVD",NA,"PA",256059
"female","55-59","sc_car_ylls_pa_CVD",-52.21012,"bogota","Car",NA,"L2: CVD",NA,"PA",235548
"female","60-64","sc_car_ylls_pa_CVD",-52.10342,"bogota","Car",NA,"L2: CVD",NA,"PA",189600
"female","65-69","sc_car_ylls_pa_CVD",-60.25987,"bogota","Car",NA,"L2: CVD",NA,"PA",141409
"male","15-19","sc_bus_ylls_pa_CVD",1.73269,"bogota","Bus",NA,"L2: CVD",NA,"PA",282736
"male","20-24","sc_bus_ylls_pa_CVD",6.34176,"bogota","Bus",NA,"L2: CVD",NA,"PA",357934
"male","25-29","sc_bus_ylls_pa_CVD",17.49217,"bogota","Bus",NA,"L2: CVD",NA,"PA",360031
"male","30-34","sc_bus_ylls_pa_CVD",24.77984,"bogota","Bus",NA,"L2: CVD",NA,"PA",321492
"male","35-39","sc_bus_ylls_pa_CVD",49.02876,"bogota","Bus",NA,"L2: CVD",NA,"PA",289808
"male","40-44","sc_bus_ylls_pa_CVD",42.36663,"bogota","Bus",NA,"L2: CVD",NA,"PA",244543
"male","45-49","sc_bus_ylls_pa_CVD",73.83182,"bogota","Bus",NA,"L2: CVD",NA,"PA",215491
"male","50-54","sc_bus_ylls_pa_CVD",97.3318,"bogota","Bus",NA,"L2: CVD",NA,"PA",209137
"male","55-59","sc_bus_ylls_pa_CVD",135.59059,"bogota","Bus",NA,"L2: CVD",NA,"PA",187551
"male","60-64","sc_bus_ylls_pa_CVD",129.58317,"bogota","Bus",NA,"L2: CVD",NA,"PA",146500
"male","65-69","sc_bus_ylls_pa_CVD",148.54991,"bogota","Bus",NA,"L2: CVD",NA,"PA",105412
"female","15-19","sc_bus_ylls_pa_CVD",1.88778,"bogota","Bus",NA,"L2: CVD",NA,"PA",279280
"female","20-24","sc_bus_ylls_pa_CVD",3.41148,"bogota","Bus",NA,"L2: CVD",NA,"PA",360197
"female","25-29","sc_bus_ylls_pa_CVD",5.96214,"bogota","Bus",NA,"L2: CVD",NA,"PA",364423
"female","30-34","sc_bus_ylls_pa_CVD",9.17485,"bogota","Bus",NA,"L2: CVD",NA,"PA",330341
"female","35-39","sc_bus_ylls_pa_CVD",17.3558,"bogota","Bus",NA,"L2: CVD",NA,"PA",309304
"female","40-44","sc_bus_ylls_pa_CVD",22.05659,"bogota","Bus",NA,"L2: CVD",NA,"PA",275440
"female","45-49","sc_bus_ylls_pa_CVD",26.49997,"bogota","Bus",NA,"L2: CVD",NA,"PA",254843
"female","50-54","sc_bus_ylls_pa_CVD",34.0417,"bogota","Bus",NA,"L2: CVD",NA,"PA",256059
"female","55-59","sc_bus_ylls_pa_CVD",56.16305,"bogota","Bus",NA,"L2: CVD",NA,"PA",235548
"female","60-64","sc_bus_ylls_pa_CVD",44.91473,"bogota","Bus",NA,"L2: CVD",NA,"PA",189600
"female","65-69","sc_bus_ylls_pa_CVD",62.59503,"bogota","Bus",NA,"L2: CVD",NA,"PA",141409
"male","15-19","sc_cycle_ylls_pa_CVD_lb",2.31513,"bogota","Cycling",NA,"L2: CVD",NA,"PA",282736
"male","20-24","sc_cycle_ylls_pa_CVD_lb",4.48759,"bogota","Cycling",NA,"L2: CVD",NA,"PA",357934
"male","25-29","sc_cycle_ylls_pa_CVD_lb",16.25091,"bogota","Cycling",NA,"L2: CVD",NA,"PA",360031
"male","30-34","sc_cycle_ylls_pa_CVD_lb",22.8356,"bogota","Cycling",NA,"L2: CVD",NA,"PA",321492
"male","35-39","sc_cycle_ylls_pa_CVD_lb",43.34654,"bogota","Cycling",NA,"L2: CVD",NA,"PA",289808
"male","40-44","sc_cycle_ylls_pa_CVD_lb",31.4475,"bogota","Cycling",NA,"L2: CVD",NA,"PA",244543
"male","45-49","sc_cycle_ylls_pa_CVD_lb",62.57602,"bogota","Cycling",NA,"L2: CVD",NA,"PA",215491
"male","50-54","sc_cycle_ylls_pa_CVD_lb",75.22267,"bogota","Cycling",NA,"L2: CVD",NA,"PA",209137
"male","55-59","sc_cycle_ylls_pa_CVD_lb",84.48246,"bogota","Cycling",NA,"L2: CVD",NA,"PA",187551
"male","60-64","sc_cycle_ylls_pa_CVD_lb",103.34674,"bogota","Cycling",NA,"L2: CVD",NA,"PA",146500
"male","65-69","sc_cycle_ylls_pa_CVD_lb",157.36364,"bogota","Cycling",NA,"L2: CVD",NA,"PA",105412
"female","15-19","sc_cycle_ylls_pa_CVD_lb",1.68926,"bogota","Cycling",NA,"L2: CVD",NA,"PA",279280
"female","20-24","sc_cycle_ylls_pa_CVD_lb",4.75582,"bogota","Cycling",NA,"L2: CVD",NA,"PA",360197
"female","25-29","sc_cycle_ylls_pa_CVD_lb",5.71434,"bogota","Cycling",NA,"L2: CVD",NA,"PA",364423
"female","30-34","sc_cycle_ylls_pa_CVD_lb",10.80564,"bogota","Cycling",NA,"L2: CVD",NA,"PA",330341
"female","35-39","sc_cycle_ylls_pa_CVD_lb",18.01809,"bogota","Cycling",NA,"L2: CVD",NA,"PA",309304
"female","40-44","sc_cycle_ylls_pa_CVD_lb",22.78928,"bogota","Cycling",NA,"L2: CVD",NA,"PA",275440
"female","45-49","sc_cycle_ylls_pa_CVD_lb",30.3117,"bogota","Cycling",NA,"L2: CVD",NA,"PA",254843
"female","50-54","sc_cycle_ylls_pa_CVD_lb",40.4122,"bogota","Cycling",NA,"L2: CVD",NA,"PA",256059
"female","55-59","sc_cycle_ylls_pa_CVD_lb",45.66943,"bogota","Cycling",NA,"L2: CVD",NA,"PA",235548
"female","60-64","sc_cycle_ylls_pa_CVD_lb",54.15633,"bogota","Cycling",NA,"L2: CVD",NA,"PA",189600
"female","65-69","sc_cycle_ylls_pa_CVD_lb",96.66198,"bogota","Cycling",NA,"L2: CVD",NA,"PA",141409
"male","15-19","sc_car_ylls_pa_CVD_lb",-3.91483,"bogota","Car",NA,"L2: CVD",NA,"PA",282736
"male","20-24","sc_car_ylls_pa_CVD_lb",-8.05996,"bogota","Car",NA,"L2: CVD",NA,"PA",357934
"male","25-29","sc_car_ylls_pa_CVD_lb",-14.33117,"bogota","Car",NA,"L2: CVD",NA,"PA",360031
"male","30-34","sc_car_ylls_pa_CVD_lb",-14.88935,"bogota","Car",NA,"L2: CVD",NA,"PA",321492
"male","35-39","sc_car_ylls_pa_CVD_lb",-24.61351,"bogota","Car",NA,"L2: CVD",NA,"PA",289808
"male","40-44","sc_car_ylls_pa_CVD_lb",-20.06381,"bogota","Car",NA,"L2: CVD",NA,"PA",244543
"male","45-49","sc_car_ylls_pa_CVD_lb",-40.10075,"bogota","Car",NA,"L2: CVD",NA,"PA",215491
"male","50-54","sc_car_ylls_pa_CVD_lb",-64.03847,"bogota","Car",NA,"L2: CVD",NA,"PA",209137
"male","55-59","sc_car_ylls_pa_CVD_lb",-98.60535,"bogota","Car",NA,"L2: CVD",NA,"PA",187551
"male","60-64","sc_car_ylls_pa_CVD_lb",-51.3877,"bogota","Car",NA,"L2: CVD",NA,"PA",146500
"male","65-69","sc_car_ylls_pa_CVD_lb",-130.59691,"bogota","Car",NA,"L2: CVD",NA,"PA",105412
"female","15-19","sc_car_ylls_pa_CVD_lb",-3.60249,"bogota","Car",NA,"L2: CVD",NA,"PA",279280
"female","20-24","sc_car_ylls_pa_CVD_lb",-8.57802,"bogota","Car",NA,"L2: CVD",NA,"PA",360197
"female","25-29","sc_car_ylls_pa_CVD_lb",-8.95096,"bogota","Car",NA,"L2: CVD",NA,"PA",364423
"female","30-34","sc_car_ylls_pa_CVD_lb",-11.85462,"bogota","Car",NA,"L2: CVD",NA,"PA",330341
"female","35-39","sc_car_ylls_pa_CVD_lb",-16.24905,"bogota","Car",NA,"L2: CVD",NA,"PA",309304
"female","40-44","sc_car_ylls_pa_CVD_lb",-24.31497,"bogota","Car",NA,"L2: CVD",NA,"PA",275440
"female","45-49","sc_car_ylls_pa_CVD_lb",-39.00175,"bogota","Car",NA,"L2: CVD",NA,"PA",254843
"female","50-54","sc_car_ylls_pa_CVD_lb",-54.44229,"bogota","Car",NA,"L2: CVD",NA,"PA",256059
"female","55-59","sc_car_ylls_pa_CVD_lb",-61.75077,"bogota","Car",NA,"L2: CVD",NA,"PA",235548
"female","60-64","sc_car_ylls_pa_CVD_lb",-61.20525,"bogota","Car",NA,"L2: CVD",NA,"PA",189600
"female","65-69","sc_car_ylls_pa_CVD_lb",-70.53581,"bogota","Car",NA,"L2: CVD",NA,"PA",141409
"male","15-19","sc_bus_ylls_pa_CVD_lb",2.19488,"bogota","Bus",NA,"L2: CVD",NA,"PA",282736
"male","20-24","sc_bus_ylls_pa_CVD_lb",7.95002,"bogota","Bus",NA,"L2: CVD",NA,"PA",357934
"male","25-29","sc_bus_ylls_pa_CVD_lb",21.80108,"bogota","Bus",NA,"L2: CVD",NA,"PA",360031
"male","30-34","sc_bus_ylls_pa_CVD_lb",30.83272,"bogota","Bus",NA,"L2: CVD",NA,"PA",321492
"male","35-39","sc_bus_ylls_pa_CVD_lb",61.04468,"bogota","Bus",NA,"L2: CVD",NA,"PA",289808
"male","40-44","sc_bus_ylls_pa_CVD_lb",52.80094,"bogota","Bus",NA,"L2: CVD",NA,"PA",244543
"male","45-49","sc_bus_ylls_pa_CVD_lb",91.36483,"bogota","Bus",NA,"L2: CVD",NA,"PA",215491
"male","50-54","sc_bus_ylls_pa_CVD_lb",120.83859,"bogota","Bus",NA,"L2: CVD",NA,"PA",209137
"male","55-59","sc_bus_ylls_pa_CVD_lb",169.22995,"bogota","Bus",NA,"L2: CVD",NA,"PA",187551
"male","60-64","sc_bus_ylls_pa_CVD_lb",160.88769,"bogota","Bus",NA,"L2: CVD",NA,"PA",146500
"male","65-69","sc_bus_ylls_pa_CVD_lb",183.85216,"bogota","Bus",NA,"L2: CVD",NA,"PA",105412
"female","15-19","sc_bus_ylls_pa_CVD_lb",2.36659,"bogota","Bus",NA,"L2: CVD",NA,"PA",279280
"female","20-24","sc_bus_ylls_pa_CVD_lb",4.28826,"bogota","Bus",NA,"L2: CVD",NA,"PA",360197
"female","25-29","sc_bus_ylls_pa_CVD_lb",7.39457,"bogota","Bus",NA,"L2: CVD",NA,"PA",364423
"female","30-34","sc_bus_ylls_pa_CVD_lb",11.42983,"bogota","Bus",NA,"L2: CVD",NA,"PA",330341
"female","35-39","sc_bus_ylls_pa_CVD_lb",21.6277,"bogota","Bus",NA,"L2: CVD",NA,"PA",309304
"female","40-44","sc_bus_ylls_pa_CVD_lb",27.51137,"bogota","Bus",NA,"L2: CVD",NA,"PA",275440
"female","45-49","sc_bus_ylls_pa_CVD_lb",33.18118,"bogota","Bus",NA,"L2: CVD",NA,"PA",254843
"female","50-54","sc_bus_ylls_pa_CVD_lb",42.28183,"bogota","Bus",NA,"L2: CVD",NA,"PA",256059
"female","55-59","sc_bus_ylls_pa_CVD_lb",69.84517,"bogota","Bus",NA,"L2: CVD",NA,"PA",235548
"female","60-64","sc_bus_ylls_pa_CVD_lb",55.47197,"bogota","Bus",NA,"L2: CVD",NA,"PA",189600
"female","65-69","sc_bus_ylls_pa_CVD_lb",77.50958,"bogota","Bus",NA,"L2: CVD",NA,"PA",141409
"male","15-19","sc_cycle_ylls_pa_CVD_ub",1.65236,"bogota","Cycling",NA,"L2: CVD",NA,"PA",282736
"male","20-24","sc_cycle_ylls_pa_CVD_ub",3.23456,"bogota","Cycling",NA,"L2: CVD",NA,"PA",357934
"male","25-29","sc_cycle_ylls_pa_CVD_ub",11.36251,"bogota","Cycling",NA,"L2: CVD",NA,"PA",360031
"male","30-34","sc_cycle_ylls_pa_CVD_ub",15.81488,"bogota","Cycling",NA,"L2: CVD",NA,"PA",321492
"male","35-39","sc_cycle_ylls_pa_CVD_ub",30.4231,"bogota","Cycling",NA,"L2: CVD",NA,"PA",289808
"male","40-44","sc_cycle_ylls_pa_CVD_ub",21.7068,"bogota","Cycling",NA,"L2: CVD",NA,"PA",244543
"male","45-49","sc_cycle_ylls_pa_CVD_ub",44.73304,"bogota","Cycling",NA,"L2: CVD",NA,"PA",215491
"male","50-54","sc_cycle_ylls_pa_CVD_ub",51.80238,"bogota","Cycling",NA,"L2: CVD",NA,"PA",209137
"male","55-59","sc_cycle_ylls_pa_CVD_ub",61.83024,"bogota","Cycling",NA,"L2: CVD",NA,"PA",187551
"male","60-64","sc_cycle_ylls_pa_CVD_ub",74.83168,"bogota","Cycling",NA,"L2: CVD",NA,"PA",146500
"male","65-69","sc_cycle_ylls_pa_CVD_ub",112.37743,"bogota","Cycling",NA,"L2: CVD",NA,"PA",105412
"female","15-19","sc_cycle_ylls_pa_CVD_ub",1.25313,"bogota","Cycling",NA,"L2: CVD",NA,"PA",279280
"female","20-24","sc_cycle_ylls_pa_CVD_ub",3.50203,"bogota","Cycling",NA,"L2: CVD",NA,"PA",360197
"female","25-29","sc_cycle_ylls_pa_CVD_ub",4.31154,"bogota","Cycling",NA,"L2: CVD",NA,"PA",364423
"female","30-34","sc_cycle_ylls_pa_CVD_ub",7.66129,"bogota","Cycling",NA,"L2: CVD",NA,"PA",330341
"female","35-39","sc_cycle_ylls_pa_CVD_ub",12.99945,"bogota","Cycling",NA,"L2: CVD",NA,"PA",309304
"female","40-44","sc_cycle_ylls_pa_CVD_ub",16.33069,"bogota","Cycling",NA,"L2: CVD",NA,"PA",275440
"female","45-49","sc_cycle_ylls_pa_CVD_ub",21.57862,"bogota","Cycling",NA,"L2: CVD",NA,"PA",254843
"female","50-54","sc_cycle_ylls_pa_CVD_ub",29.16622,"bogota","Cycling",NA,"L2: CVD",NA,"PA",256059
"female","55-59","sc_cycle_ylls_pa_CVD_ub",32.53725,"bogota","Cycling",NA,"L2: CVD",NA,"PA",235548
"female","60-64","sc_cycle_ylls_pa_CVD_ub",37.8032,"bogota","Cycling",NA,"L2: CVD",NA,"PA",189600
"female","65-69","sc_cycle_ylls_pa_CVD_ub",70.27191,"bogota","Cycling",NA,"L2: CVD",NA,"PA",141409
"male","15-19","sc_car_ylls_pa_CVD_ub",-2.6368,"bogota","Car",NA,"L2: CVD",NA,"PA",282736
"male","20-24","sc_car_ylls_pa_CVD_ub",-5.44088,"bogota","Car",NA,"L2: CVD",NA,"PA",357934
"male","25-29","sc_car_ylls_pa_CVD_ub",-9.54197,"bogota","Car",NA,"L2: CVD",NA,"PA",360031
"male","30-34","sc_car_ylls_pa_CVD_ub",-9.97791,"bogota","Car",NA,"L2: CVD",NA,"PA",321492
"male","35-39","sc_car_ylls_pa_CVD_ub",-16.60815,"bogota","Car",NA,"L2: CVD",NA,"PA",289808
"male","40-44","sc_car_ylls_pa_CVD_ub",-13.88378,"bogota","Car",NA,"L2: CVD",NA,"PA",244543
"male","45-49","sc_car_ylls_pa_CVD_ub",-26.9363,"bogota","Car",NA,"L2: CVD",NA,"PA",215491
"male","50-54","sc_car_ylls_pa_CVD_ub",-43.01137,"bogota","Car",NA,"L2: CVD",NA,"PA",209137
"male","55-59","sc_car_ylls_pa_CVD_ub",-67.04931,"bogota","Car",NA,"L2: CVD",NA,"PA",187551
"male","60-64","sc_car_ylls_pa_CVD_ub",-36.73195,"bogota","Car",NA,"L2: CVD",NA,"PA",146500
"male","65-69","sc_car_ylls_pa_CVD_ub",-90.29353,"bogota","Car",NA,"L2: CVD",NA,"PA",105412
"female","15-19","sc_car_ylls_pa_CVD_ub",-2.40489,"bogota","Car",NA,"L2: CVD",NA,"PA",279280
"female","20-24","sc_car_ylls_pa_CVD_ub",-5.83181,"bogota","Car",NA,"L2: CVD",NA,"PA",360197
"female","25-29","sc_car_ylls_pa_CVD_ub",-6.23572,"bogota","Car",NA,"L2: CVD",NA,"PA",364423
"female","30-34","sc_car_ylls_pa_CVD_ub",-8.05982,"bogota","Car",NA,"L2: CVD",NA,"PA",330341
"female","35-39","sc_car_ylls_pa_CVD_ub",-11.13573,"bogota","Car",NA,"L2: CVD",NA,"PA",309304
"female","40-44","sc_car_ylls_pa_CVD_ub",-16.47826,"bogota","Car",NA,"L2: CVD",NA,"PA",275440
"female","45-49","sc_car_ylls_pa_CVD_ub",-26.59005,"bogota","Car",NA,"L2: CVD",NA,"PA",254843
"female","50-54","sc_car_ylls_pa_CVD_ub",-37.57857,"bogota","Car",NA,"L2: CVD",NA,"PA",256059
"female","55-59","sc_car_ylls_pa_CVD_ub",-42.69825,"bogota","Car",NA,"L2: CVD",NA,"PA",235548
"female","60-64","sc_car_ylls_pa_CVD_ub",-42.91971,"bogota","Car",NA,"L2: CVD",NA,"PA",189600
"female","65-69","sc_car_ylls_pa_CVD_ub",-49.69094,"bogota","Car",NA,"L2: CVD",NA,"PA",141409
"male","15-19","sc_bus_ylls_pa_CVD_ub",1.29708,"bogota","Bus",NA,"L2: CVD",NA,"PA",282736
"male","20-24","sc_bus_ylls_pa_CVD_ub",4.81546,"bogota","Bus",NA,"L2: CVD",NA,"PA",357934
"male","25-29","sc_bus_ylls_pa_CVD_ub",13.3591,"bogota","Bus",NA,"L2: CVD",NA,"PA",360031
"male","30-34","sc_bus_ylls_pa_CVD_ub",18.95668,"bogota","Bus",NA,"L2: CVD",NA,"PA",321492
"male","35-39","sc_bus_ylls_pa_CVD_ub",37.37778,"bogota","Bus",NA,"L2: CVD",NA,"PA",289808
"male","40-44","sc_bus_ylls_pa_CVD_ub",32.28315,"bogota","Bus",NA,"L2: CVD",NA,"PA",244543
"male","45-49","sc_bus_ylls_pa_CVD_ub",56.66697,"bogota","Bus",NA,"L2: CVD",NA,"PA",215491
"male","50-54","sc_bus_ylls_pa_CVD_ub",74.62415,"bogota","Bus",NA,"L2: CVD",NA,"PA",209137
"male","55-59","sc_bus_ylls_pa_CVD_ub",103.00496,"bogota","Bus",NA,"L2: CVD",NA,"PA",187551
"male","60-64","sc_bus_ylls_pa_CVD_ub",99.28108,"bogota","Bus",NA,"L2: CVD",NA,"PA",146500
"male","65-69","sc_bus_ylls_pa_CVD_ub",113.59968,"bogota","Bus",NA,"L2: CVD",NA,"PA",105412
"female","15-19","sc_bus_ylls_pa_CVD_ub",1.42889,"bogota","Bus",NA,"L2: CVD",NA,"PA",279280
"female","20-24","sc_bus_ylls_pa_CVD_ub",2.56998,"bogota","Bus",NA,"L2: CVD",NA,"PA",360197
"female","25-29","sc_bus_ylls_pa_CVD_ub",4.5799,"bogota","Bus",NA,"L2: CVD",NA,"PA",364423
"female","30-34","sc_bus_ylls_pa_CVD_ub",6.99455,"bogota","Bus",NA,"L2: CVD",NA,"PA",330341
"female","35-39","sc_bus_ylls_pa_CVD_ub",13.2323,"bogota","Bus",NA,"L2: CVD",NA,"PA",309304
"female","40-44","sc_bus_ylls_pa_CVD_ub",16.80338,"bogota","Bus",NA,"L2: CVD",NA,"PA",275440
"female","45-49","sc_bus_ylls_pa_CVD_ub",20.04954,"bogota","Bus",NA,"L2: CVD",NA,"PA",254843
"female","50-54","sc_bus_ylls_pa_CVD_ub",26.03913,"bogota","Bus",NA,"L2: CVD",NA,"PA",256059
"female","55-59","sc_bus_ylls_pa_CVD_ub",42.93255,"bogota","Bus",NA,"L2: CVD",NA,"PA",235548
"female","60-64","sc_bus_ylls_pa_CVD_ub",34.59954,"bogota","Bus",NA,"L2: CVD",NA,"PA",189600
"female","65-69","sc_bus_ylls_pa_CVD_ub",47.80197,"bogota","Bus",NA,"L2: CVD",NA,"PA",141409
"male","15-19","sc_cycle_ylls_ap_CVD",-0.23268,"bogota","Cycling",NA,"L2: CVD",NA,"AP",282736
"male","20-24","sc_cycle_ylls_ap_CVD",-0.55897,"bogota","Cycling",NA,"L2: CVD",NA,"AP",357934
"male","25-29","sc_cycle_ylls_ap_CVD",-1.09557,"bogota","Cycling",NA,"L2: CVD",NA,"AP",360031
"male","30-34","sc_cycle_ylls_ap_CVD",-1.46072,"bogota","Cycling",NA,"L2: CVD",NA,"AP",321492
"male","35-39","sc_cycle_ylls_ap_CVD",-2.56144,"bogota","Cycling",NA,"L2: CVD",NA,"AP",289808
"male","40-44","sc_cycle_ylls_ap_CVD",-2.04887,"bogota","Cycling",NA,"L2: CVD",NA,"AP",244543
"male","45-49","sc_cycle_ylls_ap_CVD",-3.04472,"bogota","Cycling",NA,"L2: CVD",NA,"AP",215491
"male","50-54","sc_cycle_ylls_ap_CVD",-3.22422,"bogota","Cycling",NA,"L2: CVD",NA,"AP",209137
"male","55-59","sc_cycle_ylls_ap_CVD",-3.78005,"bogota","Cycling",NA,"L2: CVD",NA,"AP",187551
"male","60-64","sc_cycle_ylls_ap_CVD",-5.13449,"bogota","Cycling",NA,"L2: CVD",NA,"AP",146500
"male","65-69","sc_cycle_ylls_ap_CVD",-4.37548,"bogota","Cycling",NA,"L2: CVD",NA,"AP",105412
"female","15-19","sc_cycle_ylls_ap_CVD",-0.22134,"bogota","Cycling",NA,"L2: CVD",NA,"AP",279280
"female","20-24","sc_cycle_ylls_ap_CVD",-0.5573,"bogota","Cycling",NA,"L2: CVD",NA,"AP",360197
"female","25-29","sc_cycle_ylls_ap_CVD",-0.68636,"bogota","Cycling",NA,"L2: CVD",NA,"AP",364423
"female","30-34","sc_cycle_ylls_ap_CVD",-0.67145,"bogota","Cycling",NA,"L2: CVD",NA,"AP",330341
"female","35-39","sc_cycle_ylls_ap_CVD",-1.36147,"bogota","Cycling",NA,"L2: CVD",NA,"AP",309304
"female","40-44","sc_cycle_ylls_ap_CVD",-2.34986,"bogota","Cycling",NA,"L2: CVD",NA,"AP",275440
"female","45-49","sc_cycle_ylls_ap_CVD",-1.05549,"bogota","Cycling",NA,"L2: CVD",NA,"AP",254843
"female","50-54","sc_cycle_ylls_ap_CVD",-1.21047,"bogota","Cycling",NA,"L2: CVD",NA,"AP",256059
"female","55-59","sc_cycle_ylls_ap_CVD",-0.71812,"bogota","Cycling",NA,"L2: CVD",NA,"AP",235548
"female","60-64","sc_cycle_ylls_ap_CVD",-0.34662,"bogota","Cycling",NA,"L2: CVD",NA,"AP",189600
"female","65-69","sc_cycle_ylls_ap_CVD",-0.96748,"bogota","Cycling",NA,"L2: CVD",NA,"AP",141409
"male","15-19","sc_car_ylls_ap_CVD",-0.22608,"bogota","Car",NA,"L2: CVD",NA,"AP",282736
"male","20-24","sc_car_ylls_ap_CVD",-0.55759,"bogota","Car",NA,"L2: CVD",NA,"AP",357934
"male","25-29","sc_car_ylls_ap_CVD",-0.45264,"bogota","Car",NA,"L2: CVD",NA,"AP",360031
"male","30-34","sc_car_ylls_ap_CVD",-0.97403,"bogota","Car",NA,"L2: CVD",NA,"AP",321492
"male","35-39","sc_car_ylls_ap_CVD",-1.28032,"bogota","Car",NA,"L2: CVD",NA,"AP",289808
"male","40-44","sc_car_ylls_ap_CVD",-1.07787,"bogota","Car",NA,"L2: CVD",NA,"AP",244543
"male","45-49","sc_car_ylls_ap_CVD",-1.86421,"bogota","Car",NA,"L2: CVD",NA,"AP",215491
"male","50-54","sc_car_ylls_ap_CVD",-2.1918,"bogota","Car",NA,"L2: CVD",NA,"AP",209137
"male","55-59","sc_car_ylls_ap_CVD",-4.67242,"bogota","Car",NA,"L2: CVD",NA,"AP",187551
"male","60-64","sc_car_ylls_ap_CVD",-3.23556,"bogota","Car",NA,"L2: CVD",NA,"AP",146500
"male","65-69","sc_car_ylls_ap_CVD",-7.17317,"bogota","Car",NA,"L2: CVD",NA,"AP",105412
"female","15-19","sc_car_ylls_ap_CVD",-0.16076,"bogota","Car",NA,"L2: CVD",NA,"AP",279280
"female","20-24","sc_car_ylls_ap_CVD",-0.35694,"bogota","Car",NA,"L2: CVD",NA,"AP",360197
"female","25-29","sc_car_ylls_ap_CVD",-0.42518,"bogota","Car",NA,"L2: CVD",NA,"AP",364423
"female","30-34","sc_car_ylls_ap_CVD",-0.61959,"bogota","Car",NA,"L2: CVD",NA,"AP",330341
"female","35-39","sc_car_ylls_ap_CVD",-0.79118,"bogota","Car",NA,"L2: CVD",NA,"AP",309304
"female","40-44","sc_car_ylls_ap_CVD",-0.82219,"bogota","Car",NA,"L2: CVD",NA,"AP",275440
"female","45-49","sc_car_ylls_ap_CVD",-1.62683,"bogota","Car",NA,"L2: CVD",NA,"AP",254843
"female","50-54","sc_car_ylls_ap_CVD",-2.82811,"bogota","Car",NA,"L2: CVD",NA,"AP",256059
"female","55-59","sc_car_ylls_ap_CVD",-3.00866,"bogota","Car",NA,"L2: CVD",NA,"AP",235548
"female","60-64","sc_car_ylls_ap_CVD",-4.21865,"bogota","Car",NA,"L2: CVD",NA,"AP",189600
"female","65-69","sc_car_ylls_ap_CVD",-2.96088,"bogota","Car",NA,"L2: CVD",NA,"AP",141409
"male","15-19","sc_bus_ylls_ap_CVD",0.15999,"bogota","Bus",NA,"L2: CVD",NA,"AP",282736
"male","20-24","sc_bus_ylls_ap_CVD",0.40927,"bogota","Bus",NA,"L2: CVD",NA,"AP",357934
"male","25-29","sc_bus_ylls_ap_CVD",0.89657,"bogota","Bus",NA,"L2: CVD",NA,"AP",360031
"male","30-34","sc_bus_ylls_ap_CVD",0.75426,"bogota","Bus",NA,"L2: CVD",NA,"AP",321492
"male","35-39","sc_bus_ylls_ap_CVD",1.90791,"bogota","Bus",NA,"L2: CVD",NA,"AP",289808
"male","40-44","sc_bus_ylls_ap_CVD",2.40541,"bogota","Bus",NA,"L2: CVD",NA,"AP",244543
"male","45-49","sc_bus_ylls_ap_CVD",3.00744,"bogota","Bus",NA,"L2: CVD",NA,"AP",215491
"male","50-54","sc_bus_ylls_ap_CVD",3.8358,"bogota","Bus",NA,"L2: CVD",NA,"AP",209137
"male","55-59","sc_bus_ylls_ap_CVD",4.75475,"bogota","Bus",NA,"L2: CVD",NA,"AP",187551
"male","60-64","sc_bus_ylls_ap_CVD",4.6595,"bogota","Bus",NA,"L2: CVD",NA,"AP",146500
"male","65-69","sc_bus_ylls_ap_CVD",3.67813,"bogota","Bus",NA,"L2: CVD",NA,"AP",105412
"female","15-19","sc_bus_ylls_ap_CVD",0.03734,"bogota","Bus",NA,"L2: CVD",NA,"AP",279280
"female","20-24","sc_bus_ylls_ap_CVD",0.04361,"bogota","Bus",NA,"L2: CVD",NA,"AP",360197
"female","25-29","sc_bus_ylls_ap_CVD",0.1198,"bogota","Bus",NA,"L2: CVD",NA,"AP",364423
"female","30-34","sc_bus_ylls_ap_CVD",0.4148,"bogota","Bus",NA,"L2: CVD",NA,"AP",330341
"female","35-39","sc_bus_ylls_ap_CVD",0.62082,"bogota","Bus",NA,"L2: CVD",NA,"AP",309304
"female","40-44","sc_bus_ylls_ap_CVD",0.46562,"bogota","Bus",NA,"L2: CVD",NA,"AP",275440
"female","45-49","sc_bus_ylls_ap_CVD",0.24453,"bogota","Bus",NA,"L2: CVD",NA,"AP",254843
"female","50-54","sc_bus_ylls_ap_CVD",0.23555,"bogota","Bus",NA,"L2: CVD",NA,"AP",256059
"female","55-59","sc_bus_ylls_ap_CVD",0.96469,"bogota","Bus",NA,"L2: CVD",NA,"AP",235548
"female","60-64","sc_bus_ylls_ap_CVD",-0.51162,"bogota","Bus",NA,"L2: CVD",NA,"AP",189600
"female","65-69","sc_bus_ylls_ap_CVD",-0.12568,"bogota","Bus",NA,"L2: CVD",NA,"AP",141409
"male","15-19","sc_cycle_ylls_ap_CVD_lb",-0.23268,"bogota","Cycling",NA,"L2: CVD",NA,"AP",282736
"male","20-24","sc_cycle_ylls_ap_CVD_lb",-0.55897,"bogota","Cycling",NA,"L2: CVD",NA,"AP",357934
"male","25-29","sc_cycle_ylls_ap_CVD_lb",-1.09557,"bogota","Cycling",NA,"L2: CVD",NA,"AP",360031
"male","30-34","sc_cycle_ylls_ap_CVD_lb",-1.46072,"bogota","Cycling",NA,"L2: CVD",NA,"AP",321492
"male","35-39","sc_cycle_ylls_ap_CVD_lb",-2.56144,"bogota","Cycling",NA,"L2: CVD",NA,"AP",289808
"male","40-44","sc_cycle_ylls_ap_CVD_lb",-2.04887,"bogota","Cycling",NA,"L2: CVD",NA,"AP",244543
"male","45-49","sc_cycle_ylls_ap_CVD_lb",-3.04472,"bogota","Cycling",NA,"L2: CVD",NA,"AP",215491
"male","50-54","sc_cycle_ylls_ap_CVD_lb",-3.22422,"bogota","Cycling",NA,"L2: CVD",NA,"AP",209137
"male","55-59","sc_cycle_ylls_ap_CVD_lb",-3.78005,"bogota","Cycling",NA,"L2: CVD",NA,"AP",187551
"male","60-64","sc_cycle_ylls_ap_CVD_lb",-5.13449,"bogota","Cycling",NA,"L2: CVD",NA,"AP",146500
"male","65-69","sc_cycle_ylls_ap_CVD_lb",-4.37548,"bogota","Cycling",NA,"L2: CVD",NA,"AP",105412
"female","15-19","sc_cycle_ylls_ap_CVD_lb",-0.22134,"bogota","Cycling",NA,"L2: CVD",NA,"AP",279280
"female","20-24","sc_cycle_ylls_ap_CVD_lb",-0.5573,"bogota","Cycling",NA,"L2: CVD",NA,"AP",360197
"female","25-29","sc_cycle_ylls_ap_CVD_lb",-0.68636,"bogota","Cycling",NA,"L2: CVD",NA,"AP",364423
"female","30-34","sc_cycle_ylls_ap_CVD_lb",-0.67145,"bogota","Cycling",NA,"L2: CVD",NA,"AP",330341
"female","35-39","sc_cycle_ylls_ap_CVD_lb",-1.36147,"bogota","Cycling",NA,"L2: CVD",NA,"AP",309304
"female","40-44","sc_cycle_ylls_ap_CVD_lb",-2.34986,"bogota","Cycling",NA,"L2: CVD",NA,"AP",275440
"female","45-49","sc_cycle_ylls_ap_CVD_lb",-1.05549,"bogota","Cycling",NA,"L2: CVD",NA,"AP",254843
"female","50-54","sc_cycle_ylls_ap_CVD_lb",-1.21047,"bogota","Cycling",NA,"L2: CVD",NA,"AP",256059
"female","55-59","sc_cycle_ylls_ap_CVD_lb",-0.71812,"bogota","Cycling",NA,"L2: CVD",NA,"AP",235548
"female","60-64","sc_cycle_ylls_ap_CVD_lb",-0.34662,"bogota","Cycling",NA,"L2: CVD",NA,"AP",189600
"female","65-69","sc_cycle_ylls_ap_CVD_lb",-0.96748,"bogota","Cycling",NA,"L2: CVD",NA,"AP",141409
"male","15-19","sc_car_ylls_ap_CVD_lb",-0.22608,"bogota","Car",NA,"L2: CVD",NA,"AP",282736
"male","20-24","sc_car_ylls_ap_CVD_lb",-0.55759,"bogota","Car",NA,"L2: CVD",NA,"AP",357934
"male","25-29","sc_car_ylls_ap_CVD_lb",-0.45264,"bogota","Car",NA,"L2: CVD",NA,"AP",360031
"male","30-34","sc_car_ylls_ap_CVD_lb",-0.97403,"bogota","Car",NA,"L2: CVD",NA,"AP",321492
"male","35-39","sc_car_ylls_ap_CVD_lb",-1.28032,"bogota","Car",NA,"L2: CVD",NA,"AP",289808
"male","40-44","sc_car_ylls_ap_CVD_lb",-1.07787,"bogota","Car",NA,"L2: CVD",NA,"AP",244543
"male","45-49","sc_car_ylls_ap_CVD_lb",-1.86421,"bogota","Car",NA,"L2: CVD",NA,"AP",215491
"male","50-54","sc_car_ylls_ap_CVD_lb",-2.1918,"bogota","Car",NA,"L2: CVD",NA,"AP",209137
"male","55-59","sc_car_ylls_ap_CVD_lb",-4.67242,"bogota","Car",NA,"L2: CVD",NA,"AP",187551
"male","60-64","sc_car_ylls_ap_CVD_lb",-3.23556,"bogota","Car",NA,"L2: CVD",NA,"AP",146500
"male","65-69","sc_car_ylls_ap_CVD_lb",-7.17317,"bogota","Car",NA,"L2: CVD",NA,"AP",105412
"female","15-19","sc_car_ylls_ap_CVD_lb",-0.16076,"bogota","Car",NA,"L2: CVD",NA,"AP",279280
"female","20-24","sc_car_ylls_ap_CVD_lb",-0.35694,"bogota","Car",NA,"L2: CVD",NA,"AP",360197
"female","25-29","sc_car_ylls_ap_CVD_lb",-0.42518,"bogota","Car",NA,"L2: CVD",NA,"AP",364423
"female","30-34","sc_car_ylls_ap_CVD_lb",-0.61959,"bogota","Car",NA,"L2: CVD",NA,"AP",330341
"female","35-39","sc_car_ylls_ap_CVD_lb",-0.79118,"bogota","Car",NA,"L2: CVD",NA,"AP",309304
"female","40-44","sc_car_ylls_ap_CVD_lb",-0.82219,"bogota","Car",NA,"L2: CVD",NA,"AP",275440
"female","45-49","sc_car_ylls_ap_CVD_lb",-1.62683,"bogota","Car",NA,"L2: CVD",NA,"AP",254843
"female","50-54","sc_car_ylls_ap_CVD_lb",-2.82811,"bogota","Car",NA,"L2: CVD",NA,"AP",256059
"female","55-59","sc_car_ylls_ap_CVD_lb",-3.00866,"bogota","Car",NA,"L2: CVD",NA,"AP",235548
"female","60-64","sc_car_ylls_ap_CVD_lb",-4.21865,"bogota","Car",NA,"L2: CVD",NA,"AP",189600
"female","65-69","sc_car_ylls_ap_CVD_lb",-2.96088,"bogota","Car",NA,"L2: CVD",NA,"AP",141409
"male","15-19","sc_bus_ylls_ap_CVD_lb",0.15999,"bogota","Bus",NA,"L2: CVD",NA,"AP",282736
"male","20-24","sc_bus_ylls_ap_CVD_lb",0.40927,"bogota","Bus",NA,"L2: CVD",NA,"AP",357934
"male","25-29","sc_bus_ylls_ap_CVD_lb",0.89657,"bogota","Bus",NA,"L2: CVD",NA,"AP",360031
"male","30-34","sc_bus_ylls_ap_CVD_lb",0.75426,"bogota","Bus",NA,"L2: CVD",NA,"AP",321492
"male","35-39","sc_bus_ylls_ap_CVD_lb",1.90791,"bogota","Bus",NA,"L2: CVD",NA,"AP",289808
"male","40-44","sc_bus_ylls_ap_CVD_lb",2.40541,"bogota","Bus",NA,"L2: CVD",NA,"AP",244543
"male","45-49","sc_bus_ylls_ap_CVD_lb",3.00744,"bogota","Bus",NA,"L2: CVD",NA,"AP",215491
"male","50-54","sc_bus_ylls_ap_CVD_lb",3.8358,"bogota","Bus",NA,"L2: CVD",NA,"AP",209137
"male","55-59","sc_bus_ylls_ap_CVD_lb",4.75475,"bogota","Bus",NA,"L2: CVD",NA,"AP",187551
"male","60-64","sc_bus_ylls_ap_CVD_lb",4.6595,"bogota","Bus",NA,"L2: CVD",NA,"AP",146500
"male","65-69","sc_bus_ylls_ap_CVD_lb",3.67813,"bogota","Bus",NA,"L2: CVD",NA,"AP",105412
"female","15-19","sc_bus_ylls_ap_CVD_lb",0.03734,"bogota","Bus",NA,"L2: CVD",NA,"AP",279280
"female","20-24","sc_bus_ylls_ap_CVD_lb",0.04361,"bogota","Bus",NA,"L2: CVD",NA,"AP",360197
"female","25-29","sc_bus_ylls_ap_CVD_lb",0.1198,"bogota","Bus",NA,"L2: CVD",NA,"AP",364423
"female","30-34","sc_bus_ylls_ap_CVD_lb",0.4148,"bogota","Bus",NA,"L2: CVD",NA,"AP",330341
"female","35-39","sc_bus_ylls_ap_CVD_lb",0.62082,"bogota","Bus",NA,"L2: CVD",NA,"AP",309304
"female","40-44","sc_bus_ylls_ap_CVD_lb",0.46562,"bogota","Bus",NA,"L2: CVD",NA,"AP",275440
"female","45-49","sc_bus_ylls_ap_CVD_lb",0.24453,"bogota","Bus",NA,"L2: CVD",NA,"AP",254843
"female","50-54","sc_bus_ylls_ap_CVD_lb",0.23555,"bogota","Bus",NA,"L2: CVD",NA,"AP",256059
"female","55-59","sc_bus_ylls_ap_CVD_lb",0.96469,"bogota","Bus",NA,"L2: CVD",NA,"AP",235548
"female","60-64","sc_bus_ylls_ap_CVD_lb",-0.51162,"bogota","Bus",NA,"L2: CVD",NA,"AP",189600
"female","65-69","sc_bus_ylls_ap_CVD_lb",-0.12568,"bogota","Bus",NA,"L2: CVD",NA,"AP",141409
"male","15-19","sc_cycle_ylls_ap_CVD_ub",-0.23268,"bogota","Cycling",NA,"L2: CVD",NA,"AP",282736
"male","20-24","sc_cycle_ylls_ap_CVD_ub",-0.55897,"bogota","Cycling",NA,"L2: CVD",NA,"AP",357934
"male","25-29","sc_cycle_ylls_ap_CVD_ub",-1.09557,"bogota","Cycling",NA,"L2: CVD",NA,"AP",360031
"male","30-34","sc_cycle_ylls_ap_CVD_ub",-1.46072,"bogota","Cycling",NA,"L2: CVD",NA,"AP",321492
"male","35-39","sc_cycle_ylls_ap_CVD_ub",-2.56144,"bogota","Cycling",NA,"L2: CVD",NA,"AP",289808
"male","40-44","sc_cycle_ylls_ap_CVD_ub",-2.04887,"bogota","Cycling",NA,"L2: CVD",NA,"AP",244543
"male","45-49","sc_cycle_ylls_ap_CVD_ub",-3.04472,"bogota","Cycling",NA,"L2: CVD",NA,"AP",215491
"male","50-54","sc_cycle_ylls_ap_CVD_ub",-3.22422,"bogota","Cycling",NA,"L2: CVD",NA,"AP",209137
"male","55-59","sc_cycle_ylls_ap_CVD_ub",-3.78005,"bogota","Cycling",NA,"L2: CVD",NA,"AP",187551
"male","60-64","sc_cycle_ylls_ap_CVD_ub",-5.13449,"bogota","Cycling",NA,"L2: CVD",NA,"AP",146500
"male","65-69","sc_cycle_ylls_ap_CVD_ub",-4.37548,"bogota","Cycling",NA,"L2: CVD",NA,"AP",105412
"female","15-19","sc_cycle_ylls_ap_CVD_ub",-0.22134,"bogota","Cycling",NA,"L2: CVD",NA,"AP",279280
"female","20-24","sc_cycle_ylls_ap_CVD_ub",-0.5573,"bogota","Cycling",NA,"L2: CVD",NA,"AP",360197
"female","25-29","sc_cycle_ylls_ap_CVD_ub",-0.68636,"bogota","Cycling",NA,"L2: CVD",NA,"AP",364423
"female","30-34","sc_cycle_ylls_ap_CVD_ub",-0.67145,"bogota","Cycling",NA,"L2: CVD",NA,"AP",330341
"female","35-39","sc_cycle_ylls_ap_CVD_ub",-1.36147,"bogota","Cycling",NA,"L2: CVD",NA,"AP",309304
"female","40-44","sc_cycle_ylls_ap_CVD_ub",-2.34986,"bogota","Cycling",NA,"L2: CVD",NA,"AP",275440
"female","45-49","sc_cycle_ylls_ap_CVD_ub",-1.05549,"bogota","Cycling",NA,"L2: CVD",NA,"AP",254843
"female","50-54","sc_cycle_ylls_ap_CVD_ub",-1.21047,"bogota","Cycling",NA,"L2: CVD",NA,"AP",256059
"female","55-59","sc_cycle_ylls_ap_CVD_ub",-0.71812,"bogota","Cycling",NA,"L2: CVD",NA,"AP",235548
"female","60-64","sc_cycle_ylls_ap_CVD_ub",-0.34662,"bogota","Cycling",NA,"L2: CVD",NA,"AP",189600
"female","65-69","sc_cycle_ylls_ap_CVD_ub",-0.96748,"bogota","Cycling",NA,"L2: CVD",NA,"AP",141409
"male","15-19","sc_car_ylls_ap_CVD_ub",-0.22608,"bogota","Car",NA,"L2: CVD",NA,"AP",282736
"male","20-24","sc_car_ylls_ap_CVD_ub",-0.55759,"bogota","Car",NA,"L2: CVD",NA,"AP",357934
"male","25-29","sc_car_ylls_ap_CVD_ub",-0.45264,"bogota","Car",NA,"L2: CVD",NA,"AP",360031
"male","30-34","sc_car_ylls_ap_CVD_ub",-0.97403,"bogota","Car",NA,"L2: CVD",NA,"AP",321492
"male","35-39","sc_car_ylls_ap_CVD_ub",-1.28032,"bogota","Car",NA,"L2: CVD",NA,"AP",289808
"male","40-44","sc_car_ylls_ap_CVD_ub",-1.07787,"bogota","Car",NA,"L2: CVD",NA,"AP",244543
"male","45-49","sc_car_ylls_ap_CVD_ub",-1.86421,"bogota","Car",NA,"L2: CVD",NA,"AP",215491
"male","50-54","sc_car_ylls_ap_CVD_ub",-2.1918,"bogota","Car",NA,"L2: CVD",NA,"AP",209137
"male","55-59","sc_car_ylls_ap_CVD_ub",-4.67242,"bogota","Car",NA,"L2: CVD",NA,"AP",187551
"male","60-64","sc_car_ylls_ap_CVD_ub",-3.23556,"bogota","Car",NA,"L2: CVD",NA,"AP",146500
"male","65-69","sc_car_ylls_ap_CVD_ub",-7.17317,"bogota","Car",NA,"L2: CVD",NA,"AP",105412
"female","15-19","sc_car_ylls_ap_CVD_ub",-0.16076,"bogota","Car",NA,"L2: CVD",NA,"AP",279280
"female","20-24","sc_car_ylls_ap_CVD_ub",-0.35694,"bogota","Car",NA,"L2: CVD",NA,"AP",360197
"female","25-29","sc_car_ylls_ap_CVD_ub",-0.42518,"bogota","Car",NA,"L2: CVD",NA,"AP",364423
"female","30-34","sc_car_ylls_ap_CVD_ub",-0.61959,"bogota","Car",NA,"L2: CVD",NA,"AP",330341
"female","35-39","sc_car_ylls_ap_CVD_ub",-0.79118,"bogota","Car",NA,"L2: CVD",NA,"AP",309304
"female","40-44","sc_car_ylls_ap_CVD_ub",-0.82219,"bogota","Car",NA,"L2: CVD",NA,"AP",275440
"female","45-49","sc_car_ylls_ap_CVD_ub",-1.62683,"bogota","Car",NA,"L2: CVD",NA,"AP",254843
"female","50-54","sc_car_ylls_ap_CVD_ub",-2.82811,"bogota","Car",NA,"L2: CVD",NA,"AP",256059
"female","55-59","sc_car_ylls_ap_CVD_ub",-3.00866,"bogota","Car",NA,"L2: CVD",NA,"AP",235548
"female","60-64","sc_car_ylls_ap_CVD_ub",-4.21865,"bogota","Car",NA,"L2: CVD",NA,"AP",189600
"female","65-69","sc_car_ylls_ap_CVD_ub",-2.96088,"bogota","Car",NA,"L2: CVD",NA,"AP",141409
"male","15-19","sc_bus_ylls_ap_CVD_ub",0.15999,"bogota","Bus",NA,"L2: CVD",NA,"AP",282736
"male","20-24","sc_bus_ylls_ap_CVD_ub",0.40927,"bogota","Bus",NA,"L2: CVD",NA,"AP",357934
"male","25-29","sc_bus_ylls_ap_CVD_ub",0.89657,"bogota","Bus",NA,"L2: CVD",NA,"AP",360031
"male","30-34","sc_bus_ylls_ap_CVD_ub",0.75426,"bogota","Bus",NA,"L2: CVD",NA,"AP",321492
"male","35-39","sc_bus_ylls_ap_CVD_ub",1.90791,"bogota","Bus",NA,"L2: CVD",NA,"AP",289808
"male","40-44","sc_bus_ylls_ap_CVD_ub",2.40541,"bogota","Bus",NA,"L2: CVD",NA,"AP",244543
"male","45-49","sc_bus_ylls_ap_CVD_ub",3.00744,"bogota","Bus",NA,"L2: CVD",NA,"AP",215491
"male","50-54","sc_bus_ylls_ap_CVD_ub",3.8358,"bogota","Bus",NA,"L2: CVD",NA,"AP",209137
"male","55-59","sc_bus_ylls_ap_CVD_ub",4.75475,"bogota","Bus",NA,"L2: CVD",NA,"AP",187551
"male","60-64","sc_bus_ylls_ap_CVD_ub",4.6595,"bogota","Bus",NA,"L2: CVD",NA,"AP",146500
"male","65-69","sc_bus_ylls_ap_CVD_ub",3.67813,"bogota","Bus",NA,"L2: CVD",NA,"AP",105412
"female","15-19","sc_bus_ylls_ap_CVD_ub",0.03734,"bogota","Bus",NA,"L2: CVD",NA,"AP",279280
"female","20-24","sc_bus_ylls_ap_CVD_ub",0.04361,"bogota","Bus",NA,"L2: CVD",NA,"AP",360197
"female","25-29","sc_bus_ylls_ap_CVD_ub",0.1198,"bogota","Bus",NA,"L2: CVD",NA,"AP",364423
"female","30-34","sc_bus_ylls_ap_CVD_ub",0.4148,"bogota","Bus",NA,"L2: CVD",NA,"AP",330341
"female","35-39","sc_bus_ylls_ap_CVD_ub",0.62082,"bogota","Bus",NA,"L2: CVD",NA,"AP",309304
"female","40-44","sc_bus_ylls_ap_CVD_ub",0.46562,"bogota","Bus",NA,"L2: CVD",NA,"AP",275440
"female","45-49","sc_bus_ylls_ap_CVD_ub",0.24453,"bogota","Bus",NA,"L2: CVD",NA,"AP",254843
"female","50-54","sc_bus_ylls_ap_CVD_ub",0.23555,"bogota","Bus",NA,"L2: CVD",NA,"AP",256059
"female","55-59","sc_bus_ylls_ap_CVD_ub",0.96469,"bogota","Bus",NA,"L2: CVD",NA,"AP",235548
"female","60-64","sc_bus_ylls_ap_CVD_ub",-0.51162,"bogota","Bus",NA,"L2: CVD",NA,"AP",189600
"female","65-69","sc_bus_ylls_ap_CVD_ub",-0.12568,"bogota","Bus",NA,"L2: CVD",NA,"AP",141409
"male","15-19","sc_cycle_ylls_pa_total_dementia",0,"bogota","Cycling",NA,"L2: Other","L3: total_dementia","PA",282736
"male","20-24","sc_cycle_ylls_pa_total_dementia",0,"bogota","Cycling",NA,"L2: Other","L3: total_dementia","PA",357934
"male","25-29","sc_cycle_ylls_pa_total_dementia",0,"bogota","Cycling",NA,"L2: Other","L3: total_dementia","PA",360031
"male","30-34","sc_cycle_ylls_pa_total_dementia",0,"bogota","Cycling",NA,"L2: Other","L3: total_dementia","PA",321492
"male","35-39","sc_cycle_ylls_pa_total_dementia",0,"bogota","Cycling",NA,"L2: Other","L3: total_dementia","PA",289808
"male","40-44","sc_cycle_ylls_pa_total_dementia",0.05357,"bogota","Cycling",NA,"L2: Other","L3: total_dementia","PA",244543
"male","45-49","sc_cycle_ylls_pa_total_dementia",0.34547,"bogota","Cycling",NA,"L2: Other","L3: total_dementia","PA",215491
"male","50-54","sc_cycle_ylls_pa_total_dementia",0.55608,"bogota","Cycling",NA,"L2: Other","L3: total_dementia","PA",209137
"male","55-59","sc_cycle_ylls_pa_total_dementia",0.63168,"bogota","Cycling",NA,"L2: Other","L3: total_dementia","PA",187551
"male","60-64","sc_cycle_ylls_pa_total_dementia",1.0681,"bogota","Cycling",NA,"L2: Other","L3: total_dementia","PA",146500
"male","65-69","sc_cycle_ylls_pa_total_dementia",3.02288,"bogota","Cycling",NA,"L2: Other","L3: total_dementia","PA",105412
"female","15-19","sc_cycle_ylls_pa_total_dementia",0,"bogota","Cycling",NA,"L2: Other","L3: total_dementia","PA",279280
"female","20-24","sc_cycle_ylls_pa_total_dementia",0,"bogota","Cycling",NA,"L2: Other","L3: total_dementia","PA",360197
"female","25-29","sc_cycle_ylls_pa_total_dementia",0,"bogota","Cycling",NA,"L2: Other","L3: total_dementia","PA",364423
"female","30-34","sc_cycle_ylls_pa_total_dementia",0,"bogota","Cycling",NA,"L2: Other","L3: total_dementia","PA",330341
"female","35-39","sc_cycle_ylls_pa_total_dementia",0,"bogota","Cycling",NA,"L2: Other","L3: total_dementia","PA",309304
"female","40-44","sc_cycle_ylls_pa_total_dementia",0.05152,"bogota","Cycling",NA,"L2: Other","L3: total_dementia","PA",275440
"female","45-49","sc_cycle_ylls_pa_total_dementia",0.25296,"bogota","Cycling",NA,"L2: Other","L3: total_dementia","PA",254843
"female","50-54","sc_cycle_ylls_pa_total_dementia",0.41919,"bogota","Cycling",NA,"L2: Other","L3: total_dementia","PA",256059
"female","55-59","sc_cycle_ylls_pa_total_dementia",0.64312,"bogota","Cycling",NA,"L2: Other","L3: total_dementia","PA",235548
"female","60-64","sc_cycle_ylls_pa_total_dementia",1.15132,"bogota","Cycling",NA,"L2: Other","L3: total_dementia","PA",189600
"female","65-69","sc_cycle_ylls_pa_total_dementia",2.78016,"bogota","Cycling",NA,"L2: Other","L3: total_dementia","PA",141409
"male","15-19","sc_car_ylls_pa_total_dementia",0,"bogota","Car",NA,"L2: Other","L3: total_dementia","PA",282736
"male","20-24","sc_car_ylls_pa_total_dementia",0,"bogota","Car",NA,"L2: Other","L3: total_dementia","PA",357934
"male","25-29","sc_car_ylls_pa_total_dementia",0,"bogota","Car",NA,"L2: Other","L3: total_dementia","PA",360031
"male","30-34","sc_car_ylls_pa_total_dementia",0,"bogota","Car",NA,"L2: Other","L3: total_dementia","PA",321492
"male","35-39","sc_car_ylls_pa_total_dementia",0,"bogota","Car",NA,"L2: Other","L3: total_dementia","PA",289808
"male","40-44","sc_car_ylls_pa_total_dementia",-0.03324,"bogota","Car",NA,"L2: Other","L3: total_dementia","PA",244543
"male","45-49","sc_car_ylls_pa_total_dementia",-0.29466,"bogota","Car",NA,"L2: Other","L3: total_dementia","PA",215491
"male","50-54","sc_car_ylls_pa_total_dementia",-0.49494,"bogota","Car",NA,"L2: Other","L3: total_dementia","PA",209137
"male","55-59","sc_car_ylls_pa_total_dementia",-0.99369,"bogota","Car",NA,"L2: Other","L3: total_dementia","PA",187551
"male","60-64","sc_car_ylls_pa_total_dementia",-0.5313,"bogota","Car",NA,"L2: Other","L3: total_dementia","PA",146500
"male","65-69","sc_car_ylls_pa_total_dementia",-2.72054,"bogota","Car",NA,"L2: Other","L3: total_dementia","PA",105412
"female","15-19","sc_car_ylls_pa_total_dementia",0,"bogota","Car",NA,"L2: Other","L3: total_dementia","PA",279280
"female","20-24","sc_car_ylls_pa_total_dementia",0,"bogota","Car",NA,"L2: Other","L3: total_dementia","PA",360197
"female","25-29","sc_car_ylls_pa_total_dementia",0,"bogota","Car",NA,"L2: Other","L3: total_dementia","PA",364423
"female","30-34","sc_car_ylls_pa_total_dementia",0,"bogota","Car",NA,"L2: Other","L3: total_dementia","PA",330341
"female","35-39","sc_car_ylls_pa_total_dementia",0,"bogota","Car",NA,"L2: Other","L3: total_dementia","PA",309304
"female","40-44","sc_car_ylls_pa_total_dementia",-0.06773,"bogota","Car",NA,"L2: Other","L3: total_dementia","PA",275440
"female","45-49","sc_car_ylls_pa_total_dementia",-0.3651,"bogota","Car",NA,"L2: Other","L3: total_dementia","PA",254843
"female","50-54","sc_car_ylls_pa_total_dementia",-0.6434,"bogota","Car",NA,"L2: Other","L3: total_dementia","PA",256059
"female","55-59","sc_car_ylls_pa_total_dementia",-0.91841,"bogota","Car",NA,"L2: Other","L3: total_dementia","PA",235548
"female","60-64","sc_car_ylls_pa_total_dementia",-1.14689,"bogota","Car",NA,"L2: Other","L3: total_dementia","PA",189600
"female","65-69","sc_car_ylls_pa_total_dementia",-2.21569,"bogota","Car",NA,"L2: Other","L3: total_dementia","PA",141409
"male","15-19","sc_bus_ylls_pa_total_dementia",0,"bogota","Bus",NA,"L2: Other","L3: total_dementia","PA",282736
"male","20-24","sc_bus_ylls_pa_total_dementia",0,"bogota","Bus",NA,"L2: Other","L3: total_dementia","PA",357934
"male","25-29","sc_bus_ylls_pa_total_dementia",0,"bogota","Bus",NA,"L2: Other","L3: total_dementia","PA",360031
"male","30-34","sc_bus_ylls_pa_total_dementia",0,"bogota","Bus",NA,"L2: Other","L3: total_dementia","PA",321492
"male","35-39","sc_bus_ylls_pa_total_dementia",0,"bogota","Bus",NA,"L2: Other","L3: total_dementia","PA",289808
"male","40-44","sc_bus_ylls_pa_total_dementia",0.13664,"bogota","Bus",NA,"L2: Other","L3: total_dementia","PA",244543
"male","45-49","sc_bus_ylls_pa_total_dementia",0.86823,"bogota","Bus",NA,"L2: Other","L3: total_dementia","PA",215491
"male","50-54","sc_bus_ylls_pa_total_dementia",1.32249,"bogota","Bus",NA,"L2: Other","L3: total_dementia","PA",209137
"male","55-59","sc_bus_ylls_pa_total_dementia",2.63927,"bogota","Bus",NA,"L2: Other","L3: total_dementia","PA",187551
"male","60-64","sc_bus_ylls_pa_total_dementia",3.15614,"bogota","Bus",NA,"L2: Other","L3: total_dementia","PA",146500
"male","65-69","sc_bus_ylls_pa_total_dementia",5.93424,"bogota","Bus",NA,"L2: Other","L3: total_dementia","PA",105412
"female","15-19","sc_bus_ylls_pa_total_dementia",0,"bogota","Bus",NA,"L2: Other","L3: total_dementia","PA",279280
"female","20-24","sc_bus_ylls_pa_total_dementia",0,"bogota","Bus",NA,"L2: Other","L3: total_dementia","PA",360197
"female","25-29","sc_bus_ylls_pa_total_dementia",0,"bogota","Bus",NA,"L2: Other","L3: total_dementia","PA",364423
"female","30-34","sc_bus_ylls_pa_total_dementia",0,"bogota","Bus",NA,"L2: Other","L3: total_dementia","PA",330341
"female","35-39","sc_bus_ylls_pa_total_dementia",0,"bogota","Bus",NA,"L2: Other","L3: total_dementia","PA",309304
"female","40-44","sc_bus_ylls_pa_total_dementia",0.11253,"bogota","Bus",NA,"L2: Other","L3: total_dementia","PA",275440
"female","45-49","sc_bus_ylls_pa_total_dementia",0.4899,"bogota","Bus",NA,"L2: Other","L3: total_dementia","PA",254843
"female","50-54","sc_bus_ylls_pa_total_dementia",0.79375,"bogota","Bus",NA,"L2: Other","L3: total_dementia","PA",256059
"female","55-59","sc_bus_ylls_pa_total_dementia",1.67487,"bogota","Bus",NA,"L2: Other","L3: total_dementia","PA",235548
"female","60-64","sc_bus_ylls_pa_total_dementia",1.71267,"bogota","Bus",NA,"L2: Other","L3: total_dementia","PA",189600
"female","65-69","sc_bus_ylls_pa_total_dementia",4.02811,"bogota","Bus",NA,"L2: Other","L3: total_dementia","PA",141409
"male","15-19","sc_cycle_ylls_pa_total_dementia_lb",0,"bogota","Cycling",NA,"L2: Other","L3: total_dementia","PA",282736
"male","20-24","sc_cycle_ylls_pa_total_dementia_lb",0,"bogota","Cycling",NA,"L2: Other","L3: total_dementia","PA",357934
"male","25-29","sc_cycle_ylls_pa_total_dementia_lb",0,"bogota","Cycling",NA,"L2: Other","L3: total_dementia","PA",360031
"male","30-34","sc_cycle_ylls_pa_total_dementia_lb",0,"bogota","Cycling",NA,"L2: Other","L3: total_dementia","PA",321492
"male","35-39","sc_cycle_ylls_pa_total_dementia_lb",0,"bogota","Cycling",NA,"L2: Other","L3: total_dementia","PA",289808
"male","40-44","sc_cycle_ylls_pa_total_dementia_lb",0.08005,"bogota","Cycling",NA,"L2: Other","L3: total_dementia","PA",244543
"male","45-49","sc_cycle_ylls_pa_total_dementia_lb",0.50958,"bogota","Cycling",NA,"L2: Other","L3: total_dementia","PA",215491
"male","50-54","sc_cycle_ylls_pa_total_dementia_lb",0.83097,"bogota","Cycling",NA,"L2: Other","L3: total_dementia","PA",209137
"male","55-59","sc_cycle_ylls_pa_total_dementia_lb",0.93412,"bogota","Cycling",NA,"L2: Other","L3: total_dementia","PA",187551
"male","60-64","sc_cycle_ylls_pa_total_dementia_lb",1.58366,"bogota","Cycling",NA,"L2: Other","L3: total_dementia","PA",146500
"male","65-69","sc_cycle_ylls_pa_total_dementia_lb",4.38312,"bogota","Cycling",NA,"L2: Other","L3: total_dementia","PA",105412
"female","15-19","sc_cycle_ylls_pa_total_dementia_lb",0,"bogota","Cycling",NA,"L2: Other","L3: total_dementia","PA",279280
"female","20-24","sc_cycle_ylls_pa_total_dementia_lb",0,"bogota","Cycling",NA,"L2: Other","L3: total_dementia","PA",360197
"female","25-29","sc_cycle_ylls_pa_total_dementia_lb",0,"bogota","Cycling",NA,"L2: Other","L3: total_dementia","PA",364423
"female","30-34","sc_cycle_ylls_pa_total_dementia_lb",0,"bogota","Cycling",NA,"L2: Other","L3: total_dementia","PA",330341
"female","35-39","sc_cycle_ylls_pa_total_dementia_lb",0,"bogota","Cycling",NA,"L2: Other","L3: total_dementia","PA",309304
"female","40-44","sc_cycle_ylls_pa_total_dementia_lb",0.07706,"bogota","Cycling",NA,"L2: Other","L3: total_dementia","PA",275440
"female","45-49","sc_cycle_ylls_pa_total_dementia_lb",0.37881,"bogota","Cycling",NA,"L2: Other","L3: total_dementia","PA",254843
"female","50-54","sc_cycle_ylls_pa_total_dementia_lb",0.62589,"bogota","Cycling",NA,"L2: Other","L3: total_dementia","PA",256059
"female","55-59","sc_cycle_ylls_pa_total_dementia_lb",0.96703,"bogota","Cycling",NA,"L2: Other","L3: total_dementia","PA",235548
"female","60-64","sc_cycle_ylls_pa_total_dementia_lb",1.71929,"bogota","Cycling",NA,"L2: Other","L3: total_dementia","PA",189600
"female","65-69","sc_cycle_ylls_pa_total_dementia_lb",4.03616,"bogota","Cycling",NA,"L2: Other","L3: total_dementia","PA",141409
"male","15-19","sc_car_ylls_pa_total_dementia_lb",0,"bogota","Car",NA,"L2: Other","L3: total_dementia","PA",282736
"male","20-24","sc_car_ylls_pa_total_dementia_lb",0,"bogota","Car",NA,"L2: Other","L3: total_dementia","PA",357934
"male","25-29","sc_car_ylls_pa_total_dementia_lb",0,"bogota","Car",NA,"L2: Other","L3: total_dementia","PA",360031
"male","30-34","sc_car_ylls_pa_total_dementia_lb",0,"bogota","Car",NA,"L2: Other","L3: total_dementia","PA",321492
"male","35-39","sc_car_ylls_pa_total_dementia_lb",0,"bogota","Car",NA,"L2: Other","L3: total_dementia","PA",289808
"male","40-44","sc_car_ylls_pa_total_dementia_lb",-0.04918,"bogota","Car",NA,"L2: Other","L3: total_dementia","PA",244543
"male","45-49","sc_car_ylls_pa_total_dementia_lb",-0.43366,"bogota","Car",NA,"L2: Other","L3: total_dementia","PA",215491
"male","50-54","sc_car_ylls_pa_total_dementia_lb",-0.7263,"bogota","Car",NA,"L2: Other","L3: total_dementia","PA",209137
"male","55-59","sc_car_ylls_pa_total_dementia_lb",-1.44618,"bogota","Car",NA,"L2: Other","L3: total_dementia","PA",187551
"male","60-64","sc_car_ylls_pa_total_dementia_lb",-0.76233,"bogota","Car",NA,"L2: Other","L3: total_dementia","PA",146500
"male","65-69","sc_car_ylls_pa_total_dementia_lb",-3.88976,"bogota","Car",NA,"L2: Other","L3: total_dementia","PA",105412
"female","15-19","sc_car_ylls_pa_total_dementia_lb",0,"bogota","Car",NA,"L2: Other","L3: total_dementia","PA",279280
"female","20-24","sc_car_ylls_pa_total_dementia_lb",0,"bogota","Car",NA,"L2: Other","L3: total_dementia","PA",360197
"female","25-29","sc_car_ylls_pa_total_dementia_lb",0,"bogota","Car",NA,"L2: Other","L3: total_dementia","PA",364423
"female","30-34","sc_car_ylls_pa_total_dementia_lb",0,"bogota","Car",NA,"L2: Other","L3: total_dementia","PA",330341
"female","35-39","sc_car_ylls_pa_total_dementia_lb",0,"bogota","Car",NA,"L2: Other","L3: total_dementia","PA",309304
"female","40-44","sc_car_ylls_pa_total_dementia_lb",-0.09988,"bogota","Car",NA,"L2: Other","L3: total_dementia","PA",275440
"female","45-49","sc_car_ylls_pa_total_dementia_lb",-0.53033,"bogota","Car",NA,"L2: Other","L3: total_dementia","PA",254843
"female","50-54","sc_car_ylls_pa_total_dementia_lb",-0.94054,"bogota","Car",NA,"L2: Other","L3: total_dementia","PA",256059
"female","55-59","sc_car_ylls_pa_total_dementia_lb",-1.33915,"bogota","Car",NA,"L2: Other","L3: total_dementia","PA",235548
"female","60-64","sc_car_ylls_pa_total_dementia_lb",-1.65107,"bogota","Car",NA,"L2: Other","L3: total_dementia","PA",189600
"female","65-69","sc_car_ylls_pa_total_dementia_lb",-3.15418,"bogota","Car",NA,"L2: Other","L3: total_dementia","PA",141409
"male","15-19","sc_bus_ylls_pa_total_dementia_lb",0,"bogota","Bus",NA,"L2: Other","L3: total_dementia","PA",282736
"male","20-24","sc_bus_ylls_pa_total_dementia_lb",0,"bogota","Bus",NA,"L2: Other","L3: total_dementia","PA",357934
"male","25-29","sc_bus_ylls_pa_total_dementia_lb",0,"bogota","Bus",NA,"L2: Other","L3: total_dementia","PA",360031
"male","30-34","sc_bus_ylls_pa_total_dementia_lb",0,"bogota","Bus",NA,"L2: Other","L3: total_dementia","PA",321492
"male","35-39","sc_bus_ylls_pa_total_dementia_lb",0,"bogota","Bus",NA,"L2: Other","L3: total_dementia","PA",289808
"male","40-44","sc_bus_ylls_pa_total_dementia_lb",0.20368,"bogota","Bus",NA,"L2: Other","L3: total_dementia","PA",244543
"male","45-49","sc_bus_ylls_pa_total_dementia_lb",1.28193,"bogota","Bus",NA,"L2: Other","L3: total_dementia","PA",215491
"male","50-54","sc_bus_ylls_pa_total_dementia_lb",1.97633,"bogota","Bus",NA,"L2: Other","L3: total_dementia","PA",209137
"male","55-59","sc_bus_ylls_pa_total_dementia_lb",3.93363,"bogota","Bus",NA,"L2: Other","L3: total_dementia","PA",187551
"male","60-64","sc_bus_ylls_pa_total_dementia_lb",4.71486,"bogota","Bus",NA,"L2: Other","L3: total_dementia","PA",146500
"male","65-69","sc_bus_ylls_pa_total_dementia_lb",8.67684,"bogota","Bus",NA,"L2: Other","L3: total_dementia","PA",105412
"female","15-19","sc_bus_ylls_pa_total_dementia_lb",0,"bogota","Bus",NA,"L2: Other","L3: total_dementia","PA",279280
"female","20-24","sc_bus_ylls_pa_total_dementia_lb",0,"bogota","Bus",NA,"L2: Other","L3: total_dementia","PA",360197
"female","25-29","sc_bus_ylls_pa_total_dementia_lb",0,"bogota","Bus",NA,"L2: Other","L3: total_dementia","PA",364423
"female","30-34","sc_bus_ylls_pa_total_dementia_lb",0,"bogota","Bus",NA,"L2: Other","L3: total_dementia","PA",330341
"female","35-39","sc_bus_ylls_pa_total_dementia_lb",0,"bogota","Bus",NA,"L2: Other","L3: total_dementia","PA",309304
"female","40-44","sc_bus_ylls_pa_total_dementia_lb",0.16875,"bogota","Bus",NA,"L2: Other","L3: total_dementia","PA",275440
"female","45-49","sc_bus_ylls_pa_total_dementia_lb",0.73123,"bogota","Bus",NA,"L2: Other","L3: total_dementia","PA",254843
"female","50-54","sc_bus_ylls_pa_total_dementia_lb",1.1794,"bogota","Bus",NA,"L2: Other","L3: total_dementia","PA",256059
"female","55-59","sc_bus_ylls_pa_total_dementia_lb",2.49797,"bogota","Bus",NA,"L2: Other","L3: total_dementia","PA",235548
"female","60-64","sc_bus_ylls_pa_total_dementia_lb",2.52917,"bogota","Bus",NA,"L2: Other","L3: total_dementia","PA",189600
"female","65-69","sc_bus_ylls_pa_total_dementia_lb",5.88171,"bogota","Bus",NA,"L2: Other","L3: total_dementia","PA",141409
"male","15-19","sc_cycle_ylls_pa_total_dementia_ub",0,"bogota","Cycling",NA,"L2: Other","L3: total_dementia","PA",282736
"male","20-24","sc_cycle_ylls_pa_total_dementia_ub",0,"bogota","Cycling",NA,"L2: Other","L3: total_dementia","PA",357934
"male","25-29","sc_cycle_ylls_pa_total_dementia_ub",0,"bogota","Cycling",NA,"L2: Other","L3: total_dementia","PA",360031
"male","30-34","sc_cycle_ylls_pa_total_dementia_ub",0,"bogota","Cycling",NA,"L2: Other","L3: total_dementia","PA",321492
"male","35-39","sc_cycle_ylls_pa_total_dementia_ub",0,"bogota","Cycling",NA,"L2: Other","L3: total_dementia","PA",289808
"male","40-44","sc_cycle_ylls_pa_total_dementia_ub",0.02832,"bogota","Cycling",NA,"L2: Other","L3: total_dementia","PA",244543
"male","45-49","sc_cycle_ylls_pa_total_dementia_ub",0.18541,"bogota","Cycling",NA,"L2: Other","L3: total_dementia","PA",215491
"male","50-54","sc_cycle_ylls_pa_total_dementia_ub",0.29463,"bogota","Cycling",NA,"L2: Other","L3: total_dementia","PA",209137
"male","55-59","sc_cycle_ylls_pa_total_dementia_ub",0.3345,"bogota","Cycling",NA,"L2: Other","L3: total_dementia","PA",187551
"male","60-64","sc_cycle_ylls_pa_total_dementia_ub",0.56458,"bogota","Cycling",NA,"L2: Other","L3: total_dementia","PA",146500
"male","65-69","sc_cycle_ylls_pa_total_dementia_ub",1.65213,"bogota","Cycling",NA,"L2: Other","L3: total_dementia","PA",105412
"female","15-19","sc_cycle_ylls_pa_total_dementia_ub",0,"bogota","Cycling",NA,"L2: Other","L3: total_dementia","PA",279280
"female","20-24","sc_cycle_ylls_pa_total_dementia_ub",0,"bogota","Cycling",NA,"L2: Other","L3: total_dementia","PA",360197
"female","25-29","sc_cycle_ylls_pa_total_dementia_ub",0,"bogota","Cycling",NA,"L2: Other","L3: total_dementia","PA",364423
"female","30-34","sc_cycle_ylls_pa_total_dementia_ub",0,"bogota","Cycling",NA,"L2: Other","L3: total_dementia","PA",330341
"female","35-39","sc_cycle_ylls_pa_total_dementia_ub",0,"bogota","Cycling",NA,"L2: Other","L3: total_dementia","PA",309304
"female","40-44","sc_cycle_ylls_pa_total_dementia_ub",0.02687,"bogota","Cycling",NA,"L2: Other","L3: total_dementia","PA",275440
"female","45-49","sc_cycle_ylls_pa_total_dementia_ub",0.13232,"bogota","Cycling",NA,"L2: Other","L3: total_dementia","PA",254843
"female","50-54","sc_cycle_ylls_pa_total_dementia_ub",0.21925,"bogota","Cycling",NA,"L2: Other","L3: total_dementia","PA",256059
"female","55-59","sc_cycle_ylls_pa_total_dementia_ub",0.33401,"bogota","Cycling",NA,"L2: Other","L3: total_dementia","PA",235548
"female","60-64","sc_cycle_ylls_pa_total_dementia_ub",0.60573,"bogota","Cycling",NA,"L2: Other","L3: total_dementia","PA",189600
"female","65-69","sc_cycle_ylls_pa_total_dementia_ub",1.50974,"bogota","Cycling",NA,"L2: Other","L3: total_dementia","PA",141409
"male","15-19","sc_car_ylls_pa_total_dementia_ub",0,"bogota","Car",NA,"L2: Other","L3: total_dementia","PA",282736
"male","20-24","sc_car_ylls_pa_total_dementia_ub",0,"bogota","Car",NA,"L2: Other","L3: total_dementia","PA",357934
"male","25-29","sc_car_ylls_pa_total_dementia_ub",0,"bogota","Car",NA,"L2: Other","L3: total_dementia","PA",360031
"male","30-34","sc_car_ylls_pa_total_dementia_ub",0,"bogota","Car",NA,"L2: Other","L3: total_dementia","PA",321492
"male","35-39","sc_car_ylls_pa_total_dementia_ub",0,"bogota","Car",NA,"L2: Other","L3: total_dementia","PA",289808
"male","40-44","sc_car_ylls_pa_total_dementia_ub",-0.01781,"bogota","Car",NA,"L2: Other","L3: total_dementia","PA",244543
"male","45-49","sc_car_ylls_pa_total_dementia_ub",-0.15953,"bogota","Car",NA,"L2: Other","L3: total_dementia","PA",215491
"male","50-54","sc_car_ylls_pa_total_dementia_ub",-0.27153,"bogota","Car",NA,"L2: Other","L3: total_dementia","PA",209137
"male","55-59","sc_car_ylls_pa_total_dementia_ub",-0.54965,"bogota","Car",NA,"L2: Other","L3: total_dementia","PA",187551
"male","60-64","sc_car_ylls_pa_total_dementia_ub",-0.29502,"bogota","Car",NA,"L2: Other","L3: total_dementia","PA",146500
"male","65-69","sc_car_ylls_pa_total_dementia_ub",-1.53271,"bogota","Car",NA,"L2: Other","L3: total_dementia","PA",105412
"female","15-19","sc_car_ylls_pa_total_dementia_ub",0,"bogota","Car",NA,"L2: Other","L3: total_dementia","PA",279280
"female","20-24","sc_car_ylls_pa_total_dementia_ub",0,"bogota","Car",NA,"L2: Other","L3: total_dementia","PA",360197
"female","25-29","sc_car_ylls_pa_total_dementia_ub",0,"bogota","Car",NA,"L2: Other","L3: total_dementia","PA",364423
"female","30-34","sc_car_ylls_pa_total_dementia_ub",0,"bogota","Car",NA,"L2: Other","L3: total_dementia","PA",330341
"female","35-39","sc_car_ylls_pa_total_dementia_ub",0,"bogota","Car",NA,"L2: Other","L3: total_dementia","PA",309304
"female","40-44","sc_car_ylls_pa_total_dementia_ub",-0.03659,"bogota","Car",NA,"L2: Other","L3: total_dementia","PA",275440
"female","45-49","sc_car_ylls_pa_total_dementia_ub",-0.20209,"bogota","Car",NA,"L2: Other","L3: total_dementia","PA",254843
"female","50-54","sc_car_ylls_pa_total_dementia_ub",-0.35381,"bogota","Car",NA,"L2: Other","L3: total_dementia","PA",256059
"female","55-59","sc_car_ylls_pa_total_dementia_ub",-0.50516,"bogota","Car",NA,"L2: Other","L3: total_dementia","PA",235548
"female","60-64","sc_car_ylls_pa_total_dementia_ub",-0.63997,"bogota","Car",NA,"L2: Other","L3: total_dementia","PA",189600
"female","65-69","sc_car_ylls_pa_total_dementia_ub",-1.24782,"bogota","Car",NA,"L2: Other","L3: total_dementia","PA",141409
"male","15-19","sc_bus_ylls_pa_total_dementia_ub",0,"bogota","Bus",NA,"L2: Other","L3: total_dementia","PA",282736
"male","20-24","sc_bus_ylls_pa_total_dementia_ub",0,"bogota","Bus",NA,"L2: Other","L3: total_dementia","PA",357934
"male","25-29","sc_bus_ylls_pa_total_dementia_ub",0,"bogota","Bus",NA,"L2: Other","L3: total_dementia","PA",360031
"male","30-34","sc_bus_ylls_pa_total_dementia_ub",0,"bogota","Bus",NA,"L2: Other","L3: total_dementia","PA",321492
"male","35-39","sc_bus_ylls_pa_total_dementia_ub",0,"bogota","Bus",NA,"L2: Other","L3: total_dementia","PA",289808
"male","40-44","sc_bus_ylls_pa_total_dementia_ub",0.07317,"bogota","Bus",NA,"L2: Other","L3: total_dementia","PA",244543
"male","45-49","sc_bus_ylls_pa_total_dementia_ub",0.47012,"bogota","Bus",NA,"L2: Other","L3: total_dementia","PA",215491
"male","50-54","sc_bus_ylls_pa_total_dementia_ub",0.70546,"bogota","Bus",NA,"L2: Other","L3: total_dementia","PA",209137
"male","55-59","sc_bus_ylls_pa_total_dementia_ub",1.41161,"bogota","Bus",NA,"L2: Other","L3: total_dementia","PA",187551
"male","60-64","sc_bus_ylls_pa_total_dementia_ub",1.67836,"bogota","Bus",NA,"L2: Other","L3: total_dementia","PA",146500
"male","65-69","sc_bus_ylls_pa_total_dementia_ub",3.23351,"bogota","Bus",NA,"L2: Other","L3: total_dementia","PA",105412
"female","15-19","sc_bus_ylls_pa_total_dementia_ub",0,"bogota","Bus",NA,"L2: Other","L3: total_dementia","PA",279280
"female","20-24","sc_bus_ylls_pa_total_dementia_ub",0,"bogota","Bus",NA,"L2: Other","L3: total_dementia","PA",360197
"female","25-29","sc_bus_ylls_pa_total_dementia_ub",0,"bogota","Bus",NA,"L2: Other","L3: total_dementia","PA",364423
"female","30-34","sc_bus_ylls_pa_total_dementia_ub",0,"bogota","Bus",NA,"L2: Other","L3: total_dementia","PA",330341
"female","35-39","sc_bus_ylls_pa_total_dementia_ub",0,"bogota","Bus",NA,"L2: Other","L3: total_dementia","PA",309304
"female","40-44","sc_bus_ylls_pa_total_dementia_ub",0.05967,"bogota","Bus",NA,"L2: Other","L3: total_dementia","PA",275440
"female","45-49","sc_bus_ylls_pa_total_dementia_ub",0.26272,"bogota","Bus",NA,"L2: Other","L3: total_dementia","PA",254843
"female","50-54","sc_bus_ylls_pa_total_dementia_ub",0.42651,"bogota","Bus",NA,"L2: Other","L3: total_dementia","PA",256059
"female","55-59","sc_bus_ylls_pa_total_dementia_ub",0.89617,"bogota","Bus",NA,"L2: Other","L3: total_dementia","PA",235548
"female","60-64","sc_bus_ylls_pa_total_dementia_ub",0.92704,"bogota","Bus",NA,"L2: Other","L3: total_dementia","PA",189600
"female","65-69","sc_bus_ylls_pa_total_dementia_ub",2.19636,"bogota","Bus",NA,"L2: Other","L3: total_dementia","PA",141409
"male","15-19","sc_cycle_ylls_pa_myeloma",0,"bogota","Cycling",NA,NA,"L3: myeloma","PA",282736
"male","20-24","sc_cycle_ylls_pa_myeloma",0.01312,"bogota","Cycling",NA,NA,"L3: myeloma","PA",357934
"male","25-29","sc_cycle_ylls_pa_myeloma",0.05774,"bogota","Cycling",NA,NA,"L3: myeloma","PA",360031
"male","30-34","sc_cycle_ylls_pa_myeloma",0.09803,"bogota","Cycling",NA,NA,"L3: myeloma","PA",321492
"male","35-39","sc_cycle_ylls_pa_myeloma",0.25107,"bogota","Cycling",NA,NA,"L3: myeloma","PA",289808
"male","40-44","sc_cycle_ylls_pa_myeloma",0.24606,"bogota","Cycling",NA,NA,"L3: myeloma","PA",244543
"male","45-49","sc_cycle_ylls_pa_myeloma",0.65486,"bogota","Cycling",NA,NA,"L3: myeloma","PA",215491
"male","50-54","sc_cycle_ylls_pa_myeloma",0.94463,"bogota","Cycling",NA,NA,"L3: myeloma","PA",209137
"male","55-59","sc_cycle_ylls_pa_myeloma",0.9681,"bogota","Cycling",NA,NA,"L3: myeloma","PA",187551
"male","60-64","sc_cycle_ylls_pa_myeloma",1.10238,"bogota","Cycling",NA,NA,"L3: myeloma","PA",146500
"male","65-69","sc_cycle_ylls_pa_myeloma",1.62386,"bogota","Cycling",NA,NA,"L3: myeloma","PA",105412
"female","15-19","sc_cycle_ylls_pa_myeloma",0,"bogota","Cycling",NA,NA,"L3: myeloma","PA",279280
"female","20-24","sc_cycle_ylls_pa_myeloma",0.01522,"bogota","Cycling",NA,NA,"L3: myeloma","PA",360197
"female","25-29","sc_cycle_ylls_pa_myeloma",0.02199,"bogota","Cycling",NA,NA,"L3: myeloma","PA",364423
"female","30-34","sc_cycle_ylls_pa_myeloma",0.0825,"bogota","Cycling",NA,NA,"L3: myeloma","PA",330341
"female","35-39","sc_cycle_ylls_pa_myeloma",0.15195,"bogota","Cycling",NA,NA,"L3: myeloma","PA",309304
"female","40-44","sc_cycle_ylls_pa_myeloma",0.21322,"bogota","Cycling",NA,NA,"L3: myeloma","PA",275440
"female","45-49","sc_cycle_ylls_pa_myeloma",0.38876,"bogota","Cycling",NA,NA,"L3: myeloma","PA",254843
"female","50-54","sc_cycle_ylls_pa_myeloma",0.62707,"bogota","Cycling",NA,NA,"L3: myeloma","PA",256059
"female","55-59","sc_cycle_ylls_pa_myeloma",0.71806,"bogota","Cycling",NA,NA,"L3: myeloma","PA",235548
"female","60-64","sc_cycle_ylls_pa_myeloma",0.82457,"bogota","Cycling",NA,NA,"L3: myeloma","PA",189600
"female","65-69","sc_cycle_ylls_pa_myeloma",1.29737,"bogota","Cycling",NA,NA,"L3: myeloma","PA",141409
"male","15-19","sc_car_ylls_pa_myeloma",0,"bogota","Car",NA,NA,"L3: myeloma","PA",282736
"male","20-24","sc_car_ylls_pa_myeloma",-0.02774,"bogota","Car",NA,NA,"L3: myeloma","PA",357934
"male","25-29","sc_car_ylls_pa_myeloma",-0.05443,"bogota","Car",NA,NA,"L3: myeloma","PA",360031
"male","30-34","sc_car_ylls_pa_myeloma",-0.06881,"bogota","Car",NA,NA,"L3: myeloma","PA",321492
"male","35-39","sc_car_ylls_pa_myeloma",-0.15402,"bogota","Car",NA,NA,"L3: myeloma","PA",289808
"male","40-44","sc_car_ylls_pa_myeloma",-0.15964,"bogota","Car",NA,NA,"L3: myeloma","PA",244543
"male","45-49","sc_car_ylls_pa_myeloma",-0.44672,"bogota","Car",NA,NA,"L3: myeloma","PA",215491
"male","50-54","sc_car_ylls_pa_myeloma",-0.86598,"bogota","Car",NA,NA,"L3: myeloma","PA",209137
"male","55-59","sc_car_ylls_pa_myeloma",-1.28433,"bogota","Car",NA,NA,"L3: myeloma","PA",187551
"male","60-64","sc_car_ylls_pa_myeloma",-0.59053,"bogota","Car",NA,NA,"L3: myeloma","PA",146500
"male","65-69","sc_car_ylls_pa_myeloma",-1.45591,"bogota","Car",NA,NA,"L3: myeloma","PA",105412
"female","15-19","sc_car_ylls_pa_myeloma",0,"bogota","Car",NA,NA,"L3: myeloma","PA",279280
"female","20-24","sc_car_ylls_pa_myeloma",-0.03184,"bogota","Car",NA,NA,"L3: myeloma","PA",360197
"female","25-29","sc_car_ylls_pa_myeloma",-0.0408,"bogota","Car",NA,NA,"L3: myeloma","PA",364423
"female","30-34","sc_car_ylls_pa_myeloma",-0.10012,"bogota","Car",NA,NA,"L3: myeloma","PA",330341
"female","35-39","sc_car_ylls_pa_myeloma",-0.1505,"bogota","Car",NA,NA,"L3: myeloma","PA",309304
"female","40-44","sc_car_ylls_pa_myeloma",-0.25097,"bogota","Car",NA,NA,"L3: myeloma","PA",275440
"female","45-49","sc_car_ylls_pa_myeloma",-0.56204,"bogota","Car",NA,NA,"L3: myeloma","PA",254843
"female","50-54","sc_car_ylls_pa_myeloma",-0.94369,"bogota","Car",NA,NA,"L3: myeloma","PA",256059
"female","55-59","sc_car_ylls_pa_myeloma",-1.07988,"bogota","Car",NA,NA,"L3: myeloma","PA",235548
"female","60-64","sc_car_ylls_pa_myeloma",-1.00929,"bogota","Car",NA,NA,"L3: myeloma","PA",189600
"female","65-69","sc_car_ylls_pa_myeloma",-1.02432,"bogota","Car",NA,NA,"L3: myeloma","PA",141409
"male","15-19","sc_bus_ylls_pa_myeloma",0,"bogota","Bus",NA,NA,"L3: myeloma","PA",282736
"male","20-24","sc_bus_ylls_pa_myeloma",0.0282,"bogota","Bus",NA,NA,"L3: myeloma","PA",357934
"male","25-29","sc_bus_ylls_pa_myeloma",0.0871,"bogota","Bus",NA,NA,"L3: myeloma","PA",360031
"male","30-34","sc_bus_ylls_pa_myeloma",0.1458,"bogota","Bus",NA,NA,"L3: myeloma","PA",321492
"male","35-39","sc_bus_ylls_pa_myeloma",0.388,"bogota","Bus",NA,NA,"L3: myeloma","PA",289808
"male","40-44","sc_bus_ylls_pa_myeloma",0.45934,"bogota","Bus",NA,NA,"L3: myeloma","PA",244543
"male","45-49","sc_bus_ylls_pa_myeloma",1.0801,"bogota","Bus",NA,NA,"L3: myeloma","PA",215491
"male","50-54","sc_bus_ylls_pa_myeloma",1.65604,"bogota","Bus",NA,NA,"L3: myeloma","PA",209137
"male","55-59","sc_bus_ylls_pa_myeloma",2.25493,"bogota","Bus",NA,NA,"L3: myeloma","PA",187551
"male","60-64","sc_bus_ylls_pa_myeloma",1.93828,"bogota","Bus",NA,NA,"L3: myeloma","PA",146500
"male","65-69","sc_bus_ylls_pa_myeloma",2.09444,"bogota","Bus",NA,NA,"L3: myeloma","PA",105412
"female","15-19","sc_bus_ylls_pa_myeloma",0,"bogota","Bus",NA,NA,"L3: myeloma","PA",279280
"female","20-24","sc_bus_ylls_pa_myeloma",0.01675,"bogota","Bus",NA,NA,"L3: myeloma","PA",360197
"female","25-29","sc_bus_ylls_pa_myeloma",0.03604,"bogota","Bus",NA,NA,"L3: myeloma","PA",364423
"female","30-34","sc_bus_ylls_pa_myeloma",0.09943,"bogota","Bus",NA,NA,"L3: myeloma","PA",330341
"female","35-39","sc_bus_ylls_pa_myeloma",0.20832,"bogota","Bus",NA,NA,"L3: myeloma","PA",309304
"female","40-44","sc_bus_ylls_pa_myeloma",0.29512,"bogota","Bus",NA,NA,"L3: myeloma","PA",275440
"female","45-49","sc_bus_ylls_pa_myeloma",0.50012,"bogota","Bus",NA,NA,"L3: myeloma","PA",254843
"female","50-54","sc_bus_ylls_pa_myeloma",0.76964,"bogota","Bus",NA,NA,"L3: myeloma","PA",256059
"female","55-59","sc_bus_ylls_pa_myeloma",1.2794,"bogota","Bus",NA,NA,"L3: myeloma","PA",235548
"female","60-64","sc_bus_ylls_pa_myeloma",0.96188,"bogota","Bus",NA,NA,"L3: myeloma","PA",189600
"female","65-69","sc_bus_ylls_pa_myeloma",1.17493,"bogota","Bus",NA,NA,"L3: myeloma","PA",141409
"male","15-19","sc_cycle_ylls_pa_myeloma_lb",0,"bogota","Cycling",NA,NA,"L3: myeloma","PA",282736
"male","20-24","sc_cycle_ylls_pa_myeloma_lb",0.02467,"bogota","Cycling",NA,NA,"L3: myeloma","PA",357934
"male","25-29","sc_cycle_ylls_pa_myeloma_lb",0.10533,"bogota","Cycling",NA,NA,"L3: myeloma","PA",360031
"male","30-34","sc_cycle_ylls_pa_myeloma_lb",0.17755,"bogota","Cycling",NA,NA,"L3: myeloma","PA",321492
"male","35-39","sc_cycle_ylls_pa_myeloma_lb",0.44517,"bogota","Cycling",NA,NA,"L3: myeloma","PA",289808
"male","40-44","sc_cycle_ylls_pa_myeloma_lb",0.4435,"bogota","Cycling",NA,NA,"L3: myeloma","PA",244543
"male","45-49","sc_cycle_ylls_pa_myeloma_lb",1.15319,"bogota","Cycling",NA,NA,"L3: myeloma","PA",215491
"male","50-54","sc_cycle_ylls_pa_myeloma_lb",1.70077,"bogota","Cycling",NA,NA,"L3: myeloma","PA",209137
"male","55-59","sc_cycle_ylls_pa_myeloma_lb",1.72378,"bogota","Cycling",NA,NA,"L3: myeloma","PA",187551
"male","60-64","sc_cycle_ylls_pa_myeloma_lb",1.96782,"bogota","Cycling",NA,NA,"L3: myeloma","PA",146500
"male","65-69","sc_cycle_ylls_pa_myeloma_lb",2.79117,"bogota","Cycling",NA,NA,"L3: myeloma","PA",105412
"female","15-19","sc_cycle_ylls_pa_myeloma_lb",0,"bogota","Cycling",NA,NA,"L3: myeloma","PA",279280
"female","20-24","sc_cycle_ylls_pa_myeloma_lb",0.02772,"bogota","Cycling",NA,NA,"L3: myeloma","PA",360197
"female","25-29","sc_cycle_ylls_pa_myeloma_lb",0.04039,"bogota","Cycling",NA,NA,"L3: myeloma","PA",364423
"female","30-34","sc_cycle_ylls_pa_myeloma_lb",0.14856,"bogota","Cycling",NA,NA,"L3: myeloma","PA",330341
"female","35-39","sc_cycle_ylls_pa_myeloma_lb",0.27214,"bogota","Cycling",NA,NA,"L3: myeloma","PA",309304
"female","40-44","sc_cycle_ylls_pa_myeloma_lb",0.3856,"bogota","Cycling",NA,NA,"L3: myeloma","PA",275440
"female","45-49","sc_cycle_ylls_pa_myeloma_lb",0.70237,"bogota","Cycling",NA,NA,"L3: myeloma","PA",254843
"female","50-54","sc_cycle_ylls_pa_myeloma_lb",1.12764,"bogota","Cycling",NA,NA,"L3: myeloma","PA",256059
"female","55-59","sc_cycle_ylls_pa_myeloma_lb",1.3031,"bogota","Cycling",NA,NA,"L3: myeloma","PA",235548
"female","60-64","sc_cycle_ylls_pa_myeloma_lb",1.48205,"bogota","Cycling",NA,NA,"L3: myeloma","PA",189600
"female","65-69","sc_cycle_ylls_pa_myeloma_lb",2.22949,"bogota","Cycling",NA,NA,"L3: myeloma","PA",141409
"male","15-19","sc_car_ylls_pa_myeloma_lb",0,"bogota","Car",NA,NA,"L3: myeloma","PA",282736
"male","20-24","sc_car_ylls_pa_myeloma_lb",-0.05023,"bogota","Car",NA,NA,"L3: myeloma","PA",357934
"male","25-29","sc_car_ylls_pa_myeloma_lb",-0.09852,"bogota","Car",NA,NA,"L3: myeloma","PA",360031
"male","30-34","sc_car_ylls_pa_myeloma_lb",-0.12267,"bogota","Car",NA,NA,"L3: myeloma","PA",321492
"male","35-39","sc_car_ylls_pa_myeloma_lb",-0.2692,"bogota","Car",NA,NA,"L3: myeloma","PA",289808
"male","40-44","sc_car_ylls_pa_myeloma_lb",-0.28568,"bogota","Car",NA,NA,"L3: myeloma","PA",244543
"male","45-49","sc_car_ylls_pa_myeloma_lb",-0.7864,"bogota","Car",NA,NA,"L3: myeloma","PA",215491
"male","50-54","sc_car_ylls_pa_myeloma_lb",-1.52862,"bogota","Car",NA,NA,"L3: myeloma","PA",209137
"male","55-59","sc_car_ylls_pa_myeloma_lb",-2.2406,"bogota","Car",NA,NA,"L3: myeloma","PA",187551
"male","60-64","sc_car_ylls_pa_myeloma_lb",-1.0318,"bogota","Car",NA,NA,"L3: myeloma","PA",146500
"male","65-69","sc_car_ylls_pa_myeloma_lb",-2.46042,"bogota","Car",NA,NA,"L3: myeloma","PA",105412
"female","15-19","sc_car_ylls_pa_myeloma_lb",0,"bogota","Car",NA,NA,"L3: myeloma","PA",279280
"female","20-24","sc_car_ylls_pa_myeloma_lb",-0.05651,"bogota","Car",NA,NA,"L3: myeloma","PA",360197
"female","25-29","sc_car_ylls_pa_myeloma_lb",-0.07257,"bogota","Car",NA,NA,"L3: myeloma","PA",364423
"female","30-34","sc_car_ylls_pa_myeloma_lb",-0.17626,"bogota","Car",NA,NA,"L3: myeloma","PA",330341
"female","35-39","sc_car_ylls_pa_myeloma_lb",-0.26532,"bogota","Car",NA,NA,"L3: myeloma","PA",309304
"female","40-44","sc_car_ylls_pa_myeloma_lb",-0.44631,"bogota","Car",NA,NA,"L3: myeloma","PA",275440
"female","45-49","sc_car_ylls_pa_myeloma_lb",-0.98705,"bogota","Car",NA,NA,"L3: myeloma","PA",254843
"female","50-54","sc_car_ylls_pa_myeloma_lb",-1.65381,"bogota","Car",NA,NA,"L3: myeloma","PA",256059
"female","55-59","sc_car_ylls_pa_myeloma_lb",-1.90299,"bogota","Car",NA,NA,"L3: myeloma","PA",235548
"female","60-64","sc_car_ylls_pa_myeloma_lb",-1.75708,"bogota","Car",NA,NA,"L3: myeloma","PA",189600
"female","65-69","sc_car_ylls_pa_myeloma_lb",-1.7285,"bogota","Car",NA,NA,"L3: myeloma","PA",141409
"male","15-19","sc_bus_ylls_pa_myeloma_lb",0,"bogota","Bus",NA,NA,"L3: myeloma","PA",282736
"male","20-24","sc_bus_ylls_pa_myeloma_lb",0.05236,"bogota","Bus",NA,NA,"L3: myeloma","PA",357934
"male","25-29","sc_bus_ylls_pa_myeloma_lb",0.15903,"bogota","Bus",NA,NA,"L3: myeloma","PA",360031
"male","30-34","sc_bus_ylls_pa_myeloma_lb",0.26504,"bogota","Bus",NA,NA,"L3: myeloma","PA",321492
"male","35-39","sc_bus_ylls_pa_myeloma_lb",0.69521,"bogota","Bus",NA,NA,"L3: myeloma","PA",289808
"male","40-44","sc_bus_ylls_pa_myeloma_lb",0.82765,"bogota","Bus",NA,NA,"L3: myeloma","PA",244543
"male","45-49","sc_bus_ylls_pa_myeloma_lb",1.90768,"bogota","Bus",NA,NA,"L3: myeloma","PA",215491
"male","50-54","sc_bus_ylls_pa_myeloma_lb",2.99211,"bogota","Bus",NA,NA,"L3: myeloma","PA",209137
"male","55-59","sc_bus_ylls_pa_myeloma_lb",4.04263,"bogota","Bus",NA,NA,"L3: myeloma","PA",187551
"male","60-64","sc_bus_ylls_pa_myeloma_lb",3.49455,"bogota","Bus",NA,NA,"L3: myeloma","PA",146500
"male","65-69","sc_bus_ylls_pa_myeloma_lb",3.63877,"bogota","Bus",NA,NA,"L3: myeloma","PA",105412
"female","15-19","sc_bus_ylls_pa_myeloma_lb",0,"bogota","Bus",NA,NA,"L3: myeloma","PA",279280
"female","20-24","sc_bus_ylls_pa_myeloma_lb",0.03038,"bogota","Bus",NA,NA,"L3: myeloma","PA",360197
"female","25-29","sc_bus_ylls_pa_myeloma_lb",0.06515,"bogota","Bus",NA,NA,"L3: myeloma","PA",364423
"female","30-34","sc_bus_ylls_pa_myeloma_lb",0.17935,"bogota","Bus",NA,NA,"L3: myeloma","PA",330341
"female","35-39","sc_bus_ylls_pa_myeloma_lb",0.37581,"bogota","Bus",NA,NA,"L3: myeloma","PA",309304
"female","40-44","sc_bus_ylls_pa_myeloma_lb",0.53488,"bogota","Bus",NA,NA,"L3: myeloma","PA",275440
"female","45-49","sc_bus_ylls_pa_myeloma_lb",0.89791,"bogota","Bus",NA,NA,"L3: myeloma","PA",254843
"female","50-54","sc_bus_ylls_pa_myeloma_lb",1.3764,"bogota","Bus",NA,NA,"L3: myeloma","PA",256059
"female","55-59","sc_bus_ylls_pa_myeloma_lb",2.30414,"bogota","Bus",NA,NA,"L3: myeloma","PA",235548
"female","60-64","sc_bus_ylls_pa_myeloma_lb",1.70949,"bogota","Bus",NA,NA,"L3: myeloma","PA",189600
"female","65-69","sc_bus_ylls_pa_myeloma_lb",2.03663,"bogota","Bus",NA,NA,"L3: myeloma","PA",141409
"male","15-19","sc_cycle_ylls_pa_myeloma_ub",0,"bogota","Cycling",NA,NA,"L3: myeloma","PA",282736
"male","20-24","sc_cycle_ylls_pa_myeloma_ub",0.00231,"bogota","Cycling",NA,NA,"L3: myeloma","PA",357934
"male","25-29","sc_cycle_ylls_pa_myeloma_ub",0.01252,"bogota","Cycling",NA,NA,"L3: myeloma","PA",360031
"male","30-34","sc_cycle_ylls_pa_myeloma_ub",0.02205,"bogota","Cycling",NA,NA,"L3: myeloma","PA",321492
"male","35-39","sc_cycle_ylls_pa_myeloma_ub",0.05802,"bogota","Cycling",NA,NA,"L3: myeloma","PA",289808
"male","40-44","sc_cycle_ylls_pa_myeloma_ub",0.0563,"bogota","Cycling",NA,NA,"L3: myeloma","PA",244543
"male","45-49","sc_cycle_ylls_pa_myeloma_ub",0.14916,"bogota","Cycling",NA,NA,"L3: myeloma","PA",215491
"male","50-54","sc_cycle_ylls_pa_myeloma_ub",0.21873,"bogota","Cycling",NA,NA,"L3: myeloma","PA",209137
"male","55-59","sc_cycle_ylls_pa_myeloma_ub",0.19996,"bogota","Cycling",NA,NA,"L3: myeloma","PA",187551
"male","60-64","sc_cycle_ylls_pa_myeloma_ub",0.23158,"bogota","Cycling",NA,NA,"L3: myeloma","PA",146500
"male","65-69","sc_cycle_ylls_pa_myeloma_ub",0.39293,"bogota","Cycling",NA,NA,"L3: myeloma","PA",105412
"female","15-19","sc_cycle_ylls_pa_myeloma_ub",0,"bogota","Cycling",NA,NA,"L3: myeloma","PA",279280
"female","20-24","sc_cycle_ylls_pa_myeloma_ub",0.00282,"bogota","Cycling",NA,NA,"L3: myeloma","PA",360197
"female","25-29","sc_cycle_ylls_pa_myeloma_ub",0.00361,"bogota","Cycling",NA,NA,"L3: myeloma","PA",364423
"female","30-34","sc_cycle_ylls_pa_myeloma_ub",0.01798,"bogota","Cycling",NA,NA,"L3: myeloma","PA",330341
"female","35-39","sc_cycle_ylls_pa_myeloma_ub",0.03222,"bogota","Cycling",NA,NA,"L3: myeloma","PA",309304
"female","40-44","sc_cycle_ylls_pa_myeloma_ub",0.04358,"bogota","Cycling",NA,NA,"L3: myeloma","PA",275440
"female","45-49","sc_cycle_ylls_pa_myeloma_ub",0.08176,"bogota","Cycling",NA,NA,"L3: myeloma","PA",254843
"female","50-54","sc_cycle_ylls_pa_myeloma_ub",0.12879,"bogota","Cycling",NA,NA,"L3: myeloma","PA",256059
"female","55-59","sc_cycle_ylls_pa_myeloma_ub",0.14768,"bogota","Cycling",NA,NA,"L3: myeloma","PA",235548
"female","60-64","sc_cycle_ylls_pa_myeloma_ub",0.1832,"bogota","Cycling",NA,NA,"L3: myeloma","PA",189600
"female","65-69","sc_cycle_ylls_pa_myeloma_ub",0.30025,"bogota","Cycling",NA,NA,"L3: myeloma","PA",141409
"male","15-19","sc_car_ylls_pa_myeloma_ub",0,"bogota","Car",NA,NA,"L3: myeloma","PA",282736
"male","20-24","sc_car_ylls_pa_myeloma_ub",-0.00678,"bogota","Car",NA,NA,"L3: myeloma","PA",357934
"male","25-29","sc_car_ylls_pa_myeloma_ub",-0.01345,"bogota","Car",NA,NA,"L3: myeloma","PA",360031
"male","30-34","sc_car_ylls_pa_myeloma_ub",-0.01743,"bogota","Car",NA,NA,"L3: myeloma","PA",321492
"male","35-39","sc_car_ylls_pa_myeloma_ub",-0.04018,"bogota","Car",NA,NA,"L3: myeloma","PA",289808
"male","40-44","sc_car_ylls_pa_myeloma_ub",-0.03722,"bogota","Car",NA,NA,"L3: myeloma","PA",244543
"male","45-49","sc_car_ylls_pa_myeloma_ub",-0.11455,"bogota","Car",NA,NA,"L3: myeloma","PA",215491
"male","50-54","sc_car_ylls_pa_myeloma_ub",-0.22542,"bogota","Car",NA,NA,"L3: myeloma","PA",209137
"male","55-59","sc_car_ylls_pa_myeloma_ub",-0.33544,"bogota","Car",NA,NA,"L3: myeloma","PA",187551
"male","60-64","sc_car_ylls_pa_myeloma_ub",-0.13868,"bogota","Car",NA,NA,"L3: myeloma","PA",146500
"male","65-69","sc_car_ylls_pa_myeloma_ub",-0.39648,"bogota","Car",NA,NA,"L3: myeloma","PA",105412
"female","15-19","sc_car_ylls_pa_myeloma_ub",0,"bogota","Car",NA,NA,"L3: myeloma","PA",279280
"female","20-24","sc_car_ylls_pa_myeloma_ub",-0.00798,"bogota","Car",NA,NA,"L3: myeloma","PA",360197
"female","25-29","sc_car_ylls_pa_myeloma_ub",-0.00982,"bogota","Car",NA,NA,"L3: myeloma","PA",364423
"female","30-34","sc_car_ylls_pa_myeloma_ub",-0.02584,"bogota","Car",NA,NA,"L3: myeloma","PA",330341
"female","35-39","sc_car_ylls_pa_myeloma_ub",-0.03789,"bogota","Car",NA,NA,"L3: myeloma","PA",309304
"female","40-44","sc_car_ylls_pa_myeloma_ub",-0.06207,"bogota","Car",NA,NA,"L3: myeloma","PA",275440
"female","45-49","sc_car_ylls_pa_myeloma_ub",-0.14419,"bogota","Car",NA,NA,"L3: myeloma","PA",254843
"female","50-54","sc_car_ylls_pa_myeloma_ub",-0.23861,"bogota","Car",NA,NA,"L3: myeloma","PA",256059
"female","55-59","sc_car_ylls_pa_myeloma_ub",-0.26791,"bogota","Car",NA,NA,"L3: myeloma","PA",235548
"female","60-64","sc_car_ylls_pa_myeloma_ub",-0.25174,"bogota","Car",NA,NA,"L3: myeloma","PA",189600
"female","65-69","sc_car_ylls_pa_myeloma_ub",-0.27008,"bogota","Car",NA,NA,"L3: myeloma","PA",141409
"male","15-19","sc_bus_ylls_pa_myeloma_ub",0,"bogota","Bus",NA,NA,"L3: myeloma","PA",282736
"male","20-24","sc_bus_ylls_pa_myeloma_ub",0.00745,"bogota","Bus",NA,NA,"L3: myeloma","PA",357934
"male","25-29","sc_bus_ylls_pa_myeloma_ub",0.02354,"bogota","Bus",NA,NA,"L3: myeloma","PA",360031
"male","30-34","sc_bus_ylls_pa_myeloma_ub",0.03936,"bogota","Bus",NA,NA,"L3: myeloma","PA",321492
"male","35-39","sc_bus_ylls_pa_myeloma_ub",0.10777,"bogota","Bus",NA,NA,"L3: myeloma","PA",289808
"male","40-44","sc_bus_ylls_pa_myeloma_ub",0.12733,"bogota","Bus",NA,NA,"L3: myeloma","PA",244543
"male","45-49","sc_bus_ylls_pa_myeloma_ub",0.30572,"bogota","Bus",NA,NA,"L3: myeloma","PA",215491
"male","50-54","sc_bus_ylls_pa_myeloma_ub",0.4503,"bogota","Bus",NA,NA,"L3: myeloma","PA",209137
"male","55-59","sc_bus_ylls_pa_myeloma_ub",0.63149,"bogota","Bus",NA,NA,"L3: myeloma","PA",187551
"male","60-64","sc_bus_ylls_pa_myeloma_ub",0.52609,"bogota","Bus",NA,NA,"L3: myeloma","PA",146500
"male","65-69","sc_bus_ylls_pa_myeloma_ub",0.60976,"bogota","Bus",NA,NA,"L3: myeloma","PA",105412
"female","15-19","sc_bus_ylls_pa_myeloma_ub",0,"bogota","Bus",NA,NA,"L3: myeloma","PA",279280
"female","20-24","sc_bus_ylls_pa_myeloma_ub",0.00469,"bogota","Bus",NA,NA,"L3: myeloma","PA",360197
"female","25-29","sc_bus_ylls_pa_myeloma_ub",0.00984,"bogota","Bus",NA,NA,"L3: myeloma","PA",364423
"female","30-34","sc_bus_ylls_pa_myeloma_ub",0.02744,"bogota","Bus",NA,NA,"L3: myeloma","PA",330341
"female","35-39","sc_bus_ylls_pa_myeloma_ub",0.05747,"bogota","Bus",NA,NA,"L3: myeloma","PA",309304
"female","40-44","sc_bus_ylls_pa_myeloma_ub",0.08044,"bogota","Bus",NA,NA,"L3: myeloma","PA",275440
"female","45-49","sc_bus_ylls_pa_myeloma_ub",0.14212,"bogota","Bus",NA,NA,"L3: myeloma","PA",254843
"female","50-54","sc_bus_ylls_pa_myeloma_ub",0.21442,"bogota","Bus",NA,NA,"L3: myeloma","PA",256059
"female","55-59","sc_bus_ylls_pa_myeloma_ub",0.35274,"bogota","Bus",NA,NA,"L3: myeloma","PA",235548
"female","60-64","sc_bus_ylls_pa_myeloma_ub",0.26789,"bogota","Bus",NA,NA,"L3: myeloma","PA",189600
"female","65-69","sc_bus_ylls_pa_myeloma_ub",0.34314,"bogota","Bus",NA,NA,"L3: myeloma","PA",141409
"male","15-19","sc_cycle_ylls_pa_Parkinson",0,"bogota","Cycling",NA,"L2: Other","L3: Parkinson","PA",282736
"male","20-24","sc_cycle_ylls_pa_Parkinson",0.00224,"bogota","Cycling",NA,"L2: Other","L3: Parkinson","PA",357934
"male","25-29","sc_cycle_ylls_pa_Parkinson",0.00873,"bogota","Cycling",NA,"L2: Other","L3: Parkinson","PA",360031
"male","30-34","sc_cycle_ylls_pa_Parkinson",0.0047,"bogota","Cycling",NA,"L2: Other","L3: Parkinson","PA",321492
"male","35-39","sc_cycle_ylls_pa_Parkinson",0.02261,"bogota","Cycling",NA,"L2: Other","L3: Parkinson","PA",289808
"male","40-44","sc_cycle_ylls_pa_Parkinson",0.06012,"bogota","Cycling",NA,"L2: Other","L3: Parkinson","PA",244543
"male","45-49","sc_cycle_ylls_pa_Parkinson",0.21146,"bogota","Cycling",NA,"L2: Other","L3: Parkinson","PA",215491
"male","50-54","sc_cycle_ylls_pa_Parkinson",0.276,"bogota","Cycling",NA,"L2: Other","L3: Parkinson","PA",209137
"male","55-59","sc_cycle_ylls_pa_Parkinson",0.39702,"bogota","Cycling",NA,"L2: Other","L3: Parkinson","PA",187551
"male","60-64","sc_cycle_ylls_pa_Parkinson",0.71866,"bogota","Cycling",NA,"L2: Other","L3: Parkinson","PA",146500
"male","65-69","sc_cycle_ylls_pa_Parkinson",1.79729,"bogota","Cycling",NA,"L2: Other","L3: Parkinson","PA",105412
"female","15-19","sc_cycle_ylls_pa_Parkinson",0,"bogota","Cycling",NA,"L2: Other","L3: Parkinson","PA",279280
"female","20-24","sc_cycle_ylls_pa_Parkinson",0.00149,"bogota","Cycling",NA,"L2: Other","L3: Parkinson","PA",360197
"female","25-29","sc_cycle_ylls_pa_Parkinson",0.00138,"bogota","Cycling",NA,"L2: Other","L3: Parkinson","PA",364423
"female","30-34","sc_cycle_ylls_pa_Parkinson",0.00025,"bogota","Cycling",NA,"L2: Other","L3: Parkinson","PA",330341
"female","35-39","sc_cycle_ylls_pa_Parkinson",0.00142,"bogota","Cycling",NA,"L2: Other","L3: Parkinson","PA",309304
"female","40-44","sc_cycle_ylls_pa_Parkinson",0.02824,"bogota","Cycling",NA,"L2: Other","L3: Parkinson","PA",275440
"female","45-49","sc_cycle_ylls_pa_Parkinson",0.07933,"bogota","Cycling",NA,"L2: Other","L3: Parkinson","PA",254843
"female","50-54","sc_cycle_ylls_pa_Parkinson",0.14632,"bogota","Cycling",NA,"L2: Other","L3: Parkinson","PA",256059
"female","55-59","sc_cycle_ylls_pa_Parkinson",0.1866,"bogota","Cycling",NA,"L2: Other","L3: Parkinson","PA",235548
"female","60-64","sc_cycle_ylls_pa_Parkinson",0.31691,"bogota","Cycling",NA,"L2: Other","L3: Parkinson","PA",189600
"female","65-69","sc_cycle_ylls_pa_Parkinson",1.00347,"bogota","Cycling",NA,"L2: Other","L3: Parkinson","PA",141409
"male","15-19","sc_car_ylls_pa_Parkinson",0,"bogota","Car",NA,"L2: Other","L3: Parkinson","PA",282736
"male","20-24","sc_car_ylls_pa_Parkinson",-0.00323,"bogota","Car",NA,"L2: Other","L3: Parkinson","PA",357934
"male","25-29","sc_car_ylls_pa_Parkinson",-0.00668,"bogota","Car",NA,"L2: Other","L3: Parkinson","PA",360031
"male","30-34","sc_car_ylls_pa_Parkinson",-0.00274,"bogota","Car",NA,"L2: Other","L3: Parkinson","PA",321492
"male","35-39","sc_car_ylls_pa_Parkinson",-0.01132,"bogota","Car",NA,"L2: Other","L3: Parkinson","PA",289808
"male","40-44","sc_car_ylls_pa_Parkinson",-0.03827,"bogota","Car",NA,"L2: Other","L3: Parkinson","PA",244543
"male","45-49","sc_car_ylls_pa_Parkinson",-0.11554,"bogota","Car",NA,"L2: Other","L3: Parkinson","PA",215491
"male","50-54","sc_car_ylls_pa_Parkinson",-0.21182,"bogota","Car",NA,"L2: Other","L3: Parkinson","PA",209137
"male","55-59","sc_car_ylls_pa_Parkinson",-0.37177,"bogota","Car",NA,"L2: Other","L3: Parkinson","PA",187551
"male","60-64","sc_car_ylls_pa_Parkinson",-0.33789,"bogota","Car",NA,"L2: Other","L3: Parkinson","PA",146500
"male","65-69","sc_car_ylls_pa_Parkinson",-1.3274,"bogota","Car",NA,"L2: Other","L3: Parkinson","PA",105412
"female","15-19","sc_car_ylls_pa_Parkinson",0,"bogota","Car",NA,"L2: Other","L3: Parkinson","PA",279280
"female","20-24","sc_car_ylls_pa_Parkinson",-0.00212,"bogota","Car",NA,"L2: Other","L3: Parkinson","PA",360197
"female","25-29","sc_car_ylls_pa_Parkinson",-0.0017,"bogota","Car",NA,"L2: Other","L3: Parkinson","PA",364423
"female","30-34","sc_car_ylls_pa_Parkinson",-0.00024,"bogota","Car",NA,"L2: Other","L3: Parkinson","PA",330341
"female","35-39","sc_car_ylls_pa_Parkinson",-0.0011,"bogota","Car",NA,"L2: Other","L3: Parkinson","PA",309304
"female","40-44","sc_car_ylls_pa_Parkinson",-0.0255,"bogota","Car",NA,"L2: Other","L3: Parkinson","PA",275440
"female","45-49","sc_car_ylls_pa_Parkinson",-0.08727,"bogota","Car",NA,"L2: Other","L3: Parkinson","PA",254843
"female","50-54","sc_car_ylls_pa_Parkinson",-0.16836,"bogota","Car",NA,"L2: Other","L3: Parkinson","PA",256059
"female","55-59","sc_car_ylls_pa_Parkinson",-0.22312,"bogota","Car",NA,"L2: Other","L3: Parkinson","PA",235548
"female","60-64","sc_car_ylls_pa_Parkinson",-0.34362,"bogota","Car",NA,"L2: Other","L3: Parkinson","PA",189600
"female","65-69","sc_car_ylls_pa_Parkinson",-0.65525,"bogota","Car",NA,"L2: Other","L3: Parkinson","PA",141409
"male","15-19","sc_bus_ylls_pa_Parkinson",0,"bogota","Bus",NA,"L2: Other","L3: Parkinson","PA",282736
"male","20-24","sc_bus_ylls_pa_Parkinson",0.00248,"bogota","Bus",NA,"L2: Other","L3: Parkinson","PA",357934
"male","25-29","sc_bus_ylls_pa_Parkinson",0.00821,"bogota","Bus",NA,"L2: Other","L3: Parkinson","PA",360031
"male","30-34","sc_bus_ylls_pa_Parkinson",0.00462,"bogota","Bus",NA,"L2: Other","L3: Parkinson","PA",321492
"male","35-39","sc_bus_ylls_pa_Parkinson",0.02228,"bogota","Bus",NA,"L2: Other","L3: Parkinson","PA",289808
"male","40-44","sc_bus_ylls_pa_Parkinson",0.0721,"bogota","Bus",NA,"L2: Other","L3: Parkinson","PA",244543
"male","45-49","sc_bus_ylls_pa_Parkinson",0.21112,"bogota","Bus",NA,"L2: Other","L3: Parkinson","PA",215491
"male","50-54","sc_bus_ylls_pa_Parkinson",0.33144,"bogota","Bus",NA,"L2: Other","L3: Parkinson","PA",209137
"male","55-59","sc_bus_ylls_pa_Parkinson",0.49073,"bogota","Bus",NA,"L2: Other","L3: Parkinson","PA",187551
"male","60-64","sc_bus_ylls_pa_Parkinson",0.7441,"bogota","Bus",NA,"L2: Other","L3: Parkinson","PA",146500
"male","65-69","sc_bus_ylls_pa_Parkinson",1.42943,"bogota","Bus",NA,"L2: Other","L3: Parkinson","PA",105412
"female","15-19","sc_bus_ylls_pa_Parkinson",0,"bogota","Bus",NA,"L2: Other","L3: Parkinson","PA",279280
"female","20-24","sc_bus_ylls_pa_Parkinson",0.00077,"bogota","Bus",NA,"L2: Other","L3: Parkinson","PA",360197
"female","25-29","sc_bus_ylls_pa_Parkinson",0.00105,"bogota","Bus",NA,"L2: Other","L3: Parkinson","PA",364423
"female","30-34","sc_bus_ylls_pa_Parkinson",0.00018,"bogota","Bus",NA,"L2: Other","L3: Parkinson","PA",330341
"female","35-39","sc_bus_ylls_pa_Parkinson",0.00111,"bogota","Bus",NA,"L2: Other","L3: Parkinson","PA",309304
"female","40-44","sc_bus_ylls_pa_Parkinson",0.02227,"bogota","Bus",NA,"L2: Other","L3: Parkinson","PA",275440
"female","45-49","sc_bus_ylls_pa_Parkinson",0.0545,"bogota","Bus",NA,"L2: Other","L3: Parkinson","PA",254843
"female","50-54","sc_bus_ylls_pa_Parkinson",0.09918,"bogota","Bus",NA,"L2: Other","L3: Parkinson","PA",256059
"female","55-59","sc_bus_ylls_pa_Parkinson",0.1893,"bogota","Bus",NA,"L2: Other","L3: Parkinson","PA",235548
"female","60-64","sc_bus_ylls_pa_Parkinson",0.23363,"bogota","Bus",NA,"L2: Other","L3: Parkinson","PA",189600
"female","65-69","sc_bus_ylls_pa_Parkinson",0.51945,"bogota","Bus",NA,"L2: Other","L3: Parkinson","PA",141409
"male","15-19","sc_cycle_ylls_pa_Parkinson_lb",0,"bogota","Cycling",NA,"L2: Other","L3: Parkinson","PA",282736
"male","20-24","sc_cycle_ylls_pa_Parkinson_lb",0.00324,"bogota","Cycling",NA,"L2: Other","L3: Parkinson","PA",357934
"male","25-29","sc_cycle_ylls_pa_Parkinson_lb",0.01353,"bogota","Cycling",NA,"L2: Other","L3: Parkinson","PA",360031
"male","30-34","sc_cycle_ylls_pa_Parkinson_lb",0.00745,"bogota","Cycling",NA,"L2: Other","L3: Parkinson","PA",321492
"male","35-39","sc_cycle_ylls_pa_Parkinson_lb",0.03526,"bogota","Cycling",NA,"L2: Other","L3: Parkinson","PA",289808
"male","40-44","sc_cycle_ylls_pa_Parkinson_lb",0.09628,"bogota","Cycling",NA,"L2: Other","L3: Parkinson","PA",244543
"male","45-49","sc_cycle_ylls_pa_Parkinson_lb",0.3183,"bogota","Cycling",NA,"L2: Other","L3: Parkinson","PA",215491
"male","50-54","sc_cycle_ylls_pa_Parkinson_lb",0.44413,"bogota","Cycling",NA,"L2: Other","L3: Parkinson","PA",209137
"male","55-59","sc_cycle_ylls_pa_Parkinson_lb",0.5689,"bogota","Cycling",NA,"L2: Other","L3: Parkinson","PA",187551
"male","60-64","sc_cycle_ylls_pa_Parkinson_lb",1.04974,"bogota","Cycling",NA,"L2: Other","L3: Parkinson","PA",146500
"male","65-69","sc_cycle_ylls_pa_Parkinson_lb",2.74745,"bogota","Cycling",NA,"L2: Other","L3: Parkinson","PA",105412
"female","15-19","sc_cycle_ylls_pa_Parkinson_lb",0,"bogota","Cycling",NA,"L2: Other","L3: Parkinson","PA",279280
"female","20-24","sc_cycle_ylls_pa_Parkinson_lb",0.0021,"bogota","Cycling",NA,"L2: Other","L3: Parkinson","PA",360197
"female","25-29","sc_cycle_ylls_pa_Parkinson_lb",0.00185,"bogota","Cycling",NA,"L2: Other","L3: Parkinson","PA",364423
"female","30-34","sc_cycle_ylls_pa_Parkinson_lb",0.00038,"bogota","Cycling",NA,"L2: Other","L3: Parkinson","PA",330341
"female","35-39","sc_cycle_ylls_pa_Parkinson_lb",0.00209,"bogota","Cycling",NA,"L2: Other","L3: Parkinson","PA",309304
"female","40-44","sc_cycle_ylls_pa_Parkinson_lb",0.04197,"bogota","Cycling",NA,"L2: Other","L3: Parkinson","PA",275440
"female","45-49","sc_cycle_ylls_pa_Parkinson_lb",0.11931,"bogota","Cycling",NA,"L2: Other","L3: Parkinson","PA",254843
"female","50-54","sc_cycle_ylls_pa_Parkinson_lb",0.21471,"bogota","Cycling",NA,"L2: Other","L3: Parkinson","PA",256059
"female","55-59","sc_cycle_ylls_pa_Parkinson_lb",0.27978,"bogota","Cycling",NA,"L2: Other","L3: Parkinson","PA",235548
"female","60-64","sc_cycle_ylls_pa_Parkinson_lb",0.49707,"bogota","Cycling",NA,"L2: Other","L3: Parkinson","PA",189600
"female","65-69","sc_cycle_ylls_pa_Parkinson_lb",1.47961,"bogota","Cycling",NA,"L2: Other","L3: Parkinson","PA",141409
"male","15-19","sc_car_ylls_pa_Parkinson_lb",0,"bogota","Car",NA,"L2: Other","L3: Parkinson","PA",282736
"male","20-24","sc_car_ylls_pa_Parkinson_lb",-0.00539,"bogota","Car",NA,"L2: Other","L3: Parkinson","PA",357934
"male","25-29","sc_car_ylls_pa_Parkinson_lb",-0.01153,"bogota","Car",NA,"L2: Other","L3: Parkinson","PA",360031
"male","30-34","sc_car_ylls_pa_Parkinson_lb",-0.0047,"bogota","Car",NA,"L2: Other","L3: Parkinson","PA",321492
"male","35-39","sc_car_ylls_pa_Parkinson_lb",-0.0194,"bogota","Car",NA,"L2: Other","L3: Parkinson","PA",289808
"male","40-44","sc_car_ylls_pa_Parkinson_lb",-0.0612,"bogota","Car",NA,"L2: Other","L3: Parkinson","PA",244543
"male","45-49","sc_car_ylls_pa_Parkinson_lb",-0.19924,"bogota","Car",NA,"L2: Other","L3: Parkinson","PA",215491
"male","50-54","sc_car_ylls_pa_Parkinson_lb",-0.36368,"bogota","Car",NA,"L2: Other","L3: Parkinson","PA",209137
"male","55-59","sc_car_ylls_pa_Parkinson_lb",-0.62551,"bogota","Car",NA,"L2: Other","L3: Parkinson","PA",187551
"male","60-64","sc_car_ylls_pa_Parkinson_lb",-0.5109,"bogota","Car",NA,"L2: Other","L3: Parkinson","PA",146500
"male","65-69","sc_car_ylls_pa_Parkinson_lb",-2.1965,"bogota","Car",NA,"L2: Other","L3: Parkinson","PA",105412
"female","15-19","sc_car_ylls_pa_Parkinson_lb",0,"bogota","Car",NA,"L2: Other","L3: Parkinson","PA",279280
"female","20-24","sc_car_ylls_pa_Parkinson_lb",-0.00353,"bogota","Car",NA,"L2: Other","L3: Parkinson","PA",360197
"female","25-29","sc_car_ylls_pa_Parkinson_lb",-0.00268,"bogota","Car",NA,"L2: Other","L3: Parkinson","PA",364423
"female","30-34","sc_car_ylls_pa_Parkinson_lb",-0.0004,"bogota","Car",NA,"L2: Other","L3: Parkinson","PA",330341
"female","35-39","sc_car_ylls_pa_Parkinson_lb",-0.00181,"bogota","Car",NA,"L2: Other","L3: Parkinson","PA",309304
"female","40-44","sc_car_ylls_pa_Parkinson_lb",-0.04279,"bogota","Car",NA,"L2: Other","L3: Parkinson","PA",275440
"female","45-49","sc_car_ylls_pa_Parkinson_lb",-0.14545,"bogota","Car",NA,"L2: Other","L3: Parkinson","PA",254843
"female","50-54","sc_car_ylls_pa_Parkinson_lb",-0.27289,"bogota","Car",NA,"L2: Other","L3: Parkinson","PA",256059
"female","55-59","sc_car_ylls_pa_Parkinson_lb",-0.35954,"bogota","Car",NA,"L2: Other","L3: Parkinson","PA",235548
"female","60-64","sc_car_ylls_pa_Parkinson_lb",-0.54092,"bogota","Car",NA,"L2: Other","L3: Parkinson","PA",189600
"female","65-69","sc_car_ylls_pa_Parkinson_lb",-1.04119,"bogota","Car",NA,"L2: Other","L3: Parkinson","PA",141409
"male","15-19","sc_bus_ylls_pa_Parkinson_lb",0,"bogota","Bus",NA,"L2: Other","L3: Parkinson","PA",282736
"male","20-24","sc_bus_ylls_pa_Parkinson_lb",0.00529,"bogota","Bus",NA,"L2: Other","L3: Parkinson","PA",357934
"male","25-29","sc_bus_ylls_pa_Parkinson_lb",0.01726,"bogota","Bus",NA,"L2: Other","L3: Parkinson","PA",360031
"male","30-34","sc_bus_ylls_pa_Parkinson_lb",0.00966,"bogota","Bus",NA,"L2: Other","L3: Parkinson","PA",321492
"male","35-39","sc_bus_ylls_pa_Parkinson_lb",0.04773,"bogota","Bus",NA,"L2: Other","L3: Parkinson","PA",289808
"male","40-44","sc_bus_ylls_pa_Parkinson_lb",0.15441,"bogota","Bus",NA,"L2: Other","L3: Parkinson","PA",244543
"male","45-49","sc_bus_ylls_pa_Parkinson_lb",0.44319,"bogota","Bus",NA,"L2: Other","L3: Parkinson","PA",215491
"male","50-54","sc_bus_ylls_pa_Parkinson_lb",0.68888,"bogota","Bus",NA,"L2: Other","L3: Parkinson","PA",209137
"male","55-59","sc_bus_ylls_pa_Parkinson_lb",1.06817,"bogota","Bus",NA,"L2: Other","L3: Parkinson","PA",187551
"male","60-64","sc_bus_ylls_pa_Parkinson_lb",1.55205,"bogota","Bus",NA,"L2: Other","L3: Parkinson","PA",146500
"male","65-69","sc_bus_ylls_pa_Parkinson_lb",3.08335,"bogota","Bus",NA,"L2: Other","L3: Parkinson","PA",105412
"female","15-19","sc_bus_ylls_pa_Parkinson_lb",0,"bogota","Bus",NA,"L2: Other","L3: Parkinson","PA",279280
"female","20-24","sc_bus_ylls_pa_Parkinson_lb",0.00174,"bogota","Bus",NA,"L2: Other","L3: Parkinson","PA",360197
"female","25-29","sc_bus_ylls_pa_Parkinson_lb",0.00217,"bogota","Bus",NA,"L2: Other","L3: Parkinson","PA",364423
"female","30-34","sc_bus_ylls_pa_Parkinson_lb",0.00038,"bogota","Bus",NA,"L2: Other","L3: Parkinson","PA",330341
"female","35-39","sc_bus_ylls_pa_Parkinson_lb",0.00237,"bogota","Bus",NA,"L2: Other","L3: Parkinson","PA",309304
"female","40-44","sc_bus_ylls_pa_Parkinson_lb",0.04751,"bogota","Bus",NA,"L2: Other","L3: Parkinson","PA",275440
"female","45-49","sc_bus_ylls_pa_Parkinson_lb",0.121,"bogota","Bus",NA,"L2: Other","L3: Parkinson","PA",254843
"female","50-54","sc_bus_ylls_pa_Parkinson_lb",0.20967,"bogota","Bus",NA,"L2: Other","L3: Parkinson","PA",256059
"female","55-59","sc_bus_ylls_pa_Parkinson_lb",0.39966,"bogota","Bus",NA,"L2: Other","L3: Parkinson","PA",235548
"female","60-64","sc_bus_ylls_pa_Parkinson_lb",0.48068,"bogota","Bus",NA,"L2: Other","L3: Parkinson","PA",189600
"female","65-69","sc_bus_ylls_pa_Parkinson_lb",1.12826,"bogota","Bus",NA,"L2: Other","L3: Parkinson","PA",141409
"male","15-19","sc_cycle_ylls_pa_Parkinson_ub",0,"bogota","Cycling",NA,"L2: Other","L3: Parkinson","PA",282736
"male","20-24","sc_cycle_ylls_pa_Parkinson_ub",0.00132,"bogota","Cycling",NA,"L2: Other","L3: Parkinson","PA",357934
"male","25-29","sc_cycle_ylls_pa_Parkinson_ub",0.00424,"bogota","Cycling",NA,"L2: Other","L3: Parkinson","PA",360031
"male","30-34","sc_cycle_ylls_pa_Parkinson_ub",0.00212,"bogota","Cycling",NA,"L2: Other","L3: Parkinson","PA",321492
"male","35-39","sc_cycle_ylls_pa_Parkinson_ub",0.01031,"bogota","Cycling",NA,"L2: Other","L3: Parkinson","PA",289808
"male","40-44","sc_cycle_ylls_pa_Parkinson_ub",0.02608,"bogota","Cycling",NA,"L2: Other","L3: Parkinson","PA",244543
"male","45-49","sc_cycle_ylls_pa_Parkinson_ub",0.10566,"bogota","Cycling",NA,"L2: Other","L3: Parkinson","PA",215491
"male","50-54","sc_cycle_ylls_pa_Parkinson_ub",0.11784,"bogota","Cycling",NA,"L2: Other","L3: Parkinson","PA",209137
"male","55-59","sc_cycle_ylls_pa_Parkinson_ub",0.22571,"bogota","Cycling",NA,"L2: Other","L3: Parkinson","PA",187551
"male","60-64","sc_cycle_ylls_pa_Parkinson_ub",0.3922,"bogota","Cycling",NA,"L2: Other","L3: Parkinson","PA",146500
"male","65-69","sc_cycle_ylls_pa_Parkinson_ub",0.81605,"bogota","Cycling",NA,"L2: Other","L3: Parkinson","PA",105412
"female","15-19","sc_cycle_ylls_pa_Parkinson_ub",0,"bogota","Cycling",NA,"L2: Other","L3: Parkinson","PA",279280
"female","20-24","sc_cycle_ylls_pa_Parkinson_ub",0.0009,"bogota","Cycling",NA,"L2: Other","L3: Parkinson","PA",360197
"female","25-29","sc_cycle_ylls_pa_Parkinson_ub",0.00091,"bogota","Cycling",NA,"L2: Other","L3: Parkinson","PA",364423
"female","30-34","sc_cycle_ylls_pa_Parkinson_ub",0.00013,"bogota","Cycling",NA,"L2: Other","L3: Parkinson","PA",330341
"female","35-39","sc_cycle_ylls_pa_Parkinson_ub",0.00077,"bogota","Cycling",NA,"L2: Other","L3: Parkinson","PA",309304
"female","40-44","sc_cycle_ylls_pa_Parkinson_ub",0.01503,"bogota","Cycling",NA,"L2: Other","L3: Parkinson","PA",275440
"female","45-49","sc_cycle_ylls_pa_Parkinson_ub",0.04114,"bogota","Cycling",NA,"L2: Other","L3: Parkinson","PA",254843
"female","50-54","sc_cycle_ylls_pa_Parkinson_ub",0.07998,"bogota","Cycling",NA,"L2: Other","L3: Parkinson","PA",256059
"female","55-59","sc_cycle_ylls_pa_Parkinson_ub",0.09809,"bogota","Cycling",NA,"L2: Other","L3: Parkinson","PA",235548
"female","60-64","sc_cycle_ylls_pa_Parkinson_ub",0.14501,"bogota","Cycling",NA,"L2: Other","L3: Parkinson","PA",189600
"female","65-69","sc_cycle_ylls_pa_Parkinson_ub",0.50543,"bogota","Cycling",NA,"L2: Other","L3: Parkinson","PA",141409
"male","15-19","sc_car_ylls_pa_Parkinson_ub",0,"bogota","Car",NA,"L2: Other","L3: Parkinson","PA",282736
"male","20-24","sc_car_ylls_pa_Parkinson_ub",-0.00122,"bogota","Car",NA,"L2: Other","L3: Parkinson","PA",357934
"male","25-29","sc_car_ylls_pa_Parkinson_ub",-0.00223,"bogota","Car",NA,"L2: Other","L3: Parkinson","PA",360031
"male","30-34","sc_car_ylls_pa_Parkinson_ub",-0.00088,"bogota","Car",NA,"L2: Other","L3: Parkinson","PA",321492
"male","35-39","sc_car_ylls_pa_Parkinson_ub",-0.0034,"bogota","Car",NA,"L2: Other","L3: Parkinson","PA",289808
"male","40-44","sc_car_ylls_pa_Parkinson_ub",-0.01628,"bogota","Car",NA,"L2: Other","L3: Parkinson","PA",244543
"male","45-49","sc_car_ylls_pa_Parkinson_ub",-0.03489,"bogota","Car",NA,"L2: Other","L3: Parkinson","PA",215491
"male","50-54","sc_car_ylls_pa_Parkinson_ub",-0.06628,"bogota","Car",NA,"L2: Other","L3: Parkinson","PA",209137
"male","55-59","sc_car_ylls_pa_Parkinson_ub",-0.12195,"bogota","Car",NA,"L2: Other","L3: Parkinson","PA",187551
"male","60-64","sc_car_ylls_pa_Parkinson_ub",-0.1594,"bogota","Car",NA,"L2: Other","L3: Parkinson","PA",146500
"male","65-69","sc_car_ylls_pa_Parkinson_ub",-0.41969,"bogota","Car",NA,"L2: Other","L3: Parkinson","PA",105412
"female","15-19","sc_car_ylls_pa_Parkinson_ub",0,"bogota","Car",NA,"L2: Other","L3: Parkinson","PA",279280
"female","20-24","sc_car_ylls_pa_Parkinson_ub",-0.00078,"bogota","Car",NA,"L2: Other","L3: Parkinson","PA",360197
"female","25-29","sc_car_ylls_pa_Parkinson_ub",-0.00076,"bogota","Car",NA,"L2: Other","L3: Parkinson","PA",364423
"female","30-34","sc_car_ylls_pa_Parkinson_ub",-0.00008,"bogota","Car",NA,"L2: Other","L3: Parkinson","PA",330341
"female","35-39","sc_car_ylls_pa_Parkinson_ub",-0.00041,"bogota","Car",NA,"L2: Other","L3: Parkinson","PA",309304
"female","40-44","sc_car_ylls_pa_Parkinson_ub",-0.00895,"bogota","Car",NA,"L2: Other","L3: Parkinson","PA",275440
"female","45-49","sc_car_ylls_pa_Parkinson_ub",-0.03027,"bogota","Car",NA,"L2: Other","L3: Parkinson","PA",254843
"female","50-54","sc_car_ylls_pa_Parkinson_ub",-0.0661,"bogota","Car",NA,"L2: Other","L3: Parkinson","PA",256059
"female","55-59","sc_car_ylls_pa_Parkinson_ub",-0.08943,"bogota","Car",NA,"L2: Other","L3: Parkinson","PA",235548
"female","60-64","sc_car_ylls_pa_Parkinson_ub",-0.14371,"bogota","Car",NA,"L2: Other","L3: Parkinson","PA",189600
"female","65-69","sc_car_ylls_pa_Parkinson_ub",-0.24541,"bogota","Car",NA,"L2: Other","L3: Parkinson","PA",141409
"male","15-19","sc_bus_ylls_pa_Parkinson_ub",0,"bogota","Bus",NA,"L2: Other","L3: Parkinson","PA",282736
"male","20-24","sc_bus_ylls_pa_Parkinson_ub",0.00006,"bogota","Bus",NA,"L2: Other","L3: Parkinson","PA",357934
"male","25-29","sc_bus_ylls_pa_Parkinson_ub",0.00018,"bogota","Bus",NA,"L2: Other","L3: Parkinson","PA",360031
"male","30-34","sc_bus_ylls_pa_Parkinson_ub",0.00012,"bogota","Bus",NA,"L2: Other","L3: Parkinson","PA",321492
"male","35-39","sc_bus_ylls_pa_Parkinson_ub",-0.00089,"bogota","Bus",NA,"L2: Other","L3: Parkinson","PA",289808
"male","40-44","sc_bus_ylls_pa_Parkinson_ub",-0.00227,"bogota","Bus",NA,"L2: Other","L3: Parkinson","PA",244543
"male","45-49","sc_bus_ylls_pa_Parkinson_ub",-0.00608,"bogota","Bus",NA,"L2: Other","L3: Parkinson","PA",215491
"male","50-54","sc_bus_ylls_pa_Parkinson_ub",0.00881,"bogota","Bus",NA,"L2: Other","L3: Parkinson","PA",209137
"male","55-59","sc_bus_ylls_pa_Parkinson_ub",-0.03411,"bogota","Bus",NA,"L2: Other","L3: Parkinson","PA",187551
"male","60-64","sc_bus_ylls_pa_Parkinson_ub",0.01267,"bogota","Bus",NA,"L2: Other","L3: Parkinson","PA",146500
"male","65-69","sc_bus_ylls_pa_Parkinson_ub",-0.16396,"bogota","Bus",NA,"L2: Other","L3: Parkinson","PA",105412
"female","15-19","sc_bus_ylls_pa_Parkinson_ub",0,"bogota","Bus",NA,"L2: Other","L3: Parkinson","PA",279280
"female","20-24","sc_bus_ylls_pa_Parkinson_ub",-0.00008,"bogota","Bus",NA,"L2: Other","L3: Parkinson","PA",360197
"female","25-29","sc_bus_ylls_pa_Parkinson_ub",0.00004,"bogota","Bus",NA,"L2: Other","L3: Parkinson","PA",364423
"female","30-34","sc_bus_ylls_pa_Parkinson_ub",-0.00001,"bogota","Bus",NA,"L2: Other","L3: Parkinson","PA",330341
"female","35-39","sc_bus_ylls_pa_Parkinson_ub",-0.00002,"bogota","Bus",NA,"L2: Other","L3: Parkinson","PA",309304
"female","40-44","sc_bus_ylls_pa_Parkinson_ub",-0.00028,"bogota","Bus",NA,"L2: Other","L3: Parkinson","PA",275440
"female","45-49","sc_bus_ylls_pa_Parkinson_ub",-0.0054,"bogota","Bus",NA,"L2: Other","L3: Parkinson","PA",254843
"female","50-54","sc_bus_ylls_pa_Parkinson_ub",-0.00194,"bogota","Bus",NA,"L2: Other","L3: Parkinson","PA",256059
"female","55-59","sc_bus_ylls_pa_Parkinson_ub",-0.00099,"bogota","Bus",NA,"L2: Other","L3: Parkinson","PA",235548
"female","60-64","sc_bus_ylls_pa_Parkinson_ub",0.00367,"bogota","Bus",NA,"L2: Other","L3: Parkinson","PA",189600
"female","65-69","sc_bus_ylls_pa_Parkinson_ub",-0.07029,"bogota","Bus",NA,"L2: Other","L3: Parkinson","PA",141409
"male","15-19","sc_cycle_ylls_pa_head_neck_cancer",0.02482,"bogota","Cycling",NA,NA,"L3: head_neck_cancer","PA",282736
"male","20-24","sc_cycle_ylls_pa_head_neck_cancer",0.09072,"bogota","Cycling",NA,NA,"L3: head_neck_cancer","PA",357934
"male","25-29","sc_cycle_ylls_pa_head_neck_cancer",0.34861,"bogota","Cycling",NA,NA,"L3: head_neck_cancer","PA",360031
"male","30-34","sc_cycle_ylls_pa_head_neck_cancer",0.6756,"bogota","Cycling",NA,NA,"L3: head_neck_cancer","PA",321492
"male","35-39","sc_cycle_ylls_pa_head_neck_cancer",1.41363,"bogota","Cycling",NA,NA,"L3: head_neck_cancer","PA",289808
"male","40-44","sc_cycle_ylls_pa_head_neck_cancer",1.18223,"bogota","Cycling",NA,NA,"L3: head_neck_cancer","PA",244543
"male","45-49","sc_cycle_ylls_pa_head_neck_cancer",2.80105,"bogota","Cycling",NA,NA,"L3: head_neck_cancer","PA",215491
"male","50-54","sc_cycle_ylls_pa_head_neck_cancer",3.8115,"bogota","Cycling",NA,NA,"L3: head_neck_cancer","PA",209137
"male","55-59","sc_cycle_ylls_pa_head_neck_cancer",4.33236,"bogota","Cycling",NA,NA,"L3: head_neck_cancer","PA",187551
"male","60-64","sc_cycle_ylls_pa_head_neck_cancer",5.15297,"bogota","Cycling",NA,NA,"L3: head_neck_cancer","PA",146500
"male","65-69","sc_cycle_ylls_pa_head_neck_cancer",8.12921,"bogota","Cycling",NA,NA,"L3: head_neck_cancer","PA",105412
"female","15-19","sc_cycle_ylls_pa_head_neck_cancer",0.01508,"bogota","Cycling",NA,NA,"L3: head_neck_cancer","PA",279280
"female","20-24","sc_cycle_ylls_pa_head_neck_cancer",0.0928,"bogota","Cycling",NA,NA,"L3: head_neck_cancer","PA",360197
"female","25-29","sc_cycle_ylls_pa_head_neck_cancer",0.13229,"bogota","Cycling",NA,NA,"L3: head_neck_cancer","PA",364423
"female","30-34","sc_cycle_ylls_pa_head_neck_cancer",0.29635,"bogota","Cycling",NA,NA,"L3: head_neck_cancer","PA",330341
"female","35-39","sc_cycle_ylls_pa_head_neck_cancer",0.48188,"bogota","Cycling",NA,NA,"L3: head_neck_cancer","PA",309304
"female","40-44","sc_cycle_ylls_pa_head_neck_cancer",0.61657,"bogota","Cycling",NA,NA,"L3: head_neck_cancer","PA",275440
"female","45-49","sc_cycle_ylls_pa_head_neck_cancer",0.94784,"bogota","Cycling",NA,NA,"L3: head_neck_cancer","PA",254843
"female","50-54","sc_cycle_ylls_pa_head_neck_cancer",1.26358,"bogota","Cycling",NA,NA,"L3: head_neck_cancer","PA",256059
"female","55-59","sc_cycle_ylls_pa_head_neck_cancer",1.44333,"bogota","Cycling",NA,NA,"L3: head_neck_cancer","PA",235548
"female","60-64","sc_cycle_ylls_pa_head_neck_cancer",1.57966,"bogota","Cycling",NA,NA,"L3: head_neck_cancer","PA",189600
"female","65-69","sc_cycle_ylls_pa_head_neck_cancer",2.59416,"bogota","Cycling",NA,NA,"L3: head_neck_cancer","PA",141409
"male","15-19","sc_car_ylls_pa_head_neck_cancer",-0.04638,"bogota","Car",NA,NA,"L3: head_neck_cancer","PA",282736
"male","20-24","sc_car_ylls_pa_head_neck_cancer",-0.17612,"bogota","Car",NA,NA,"L3: head_neck_cancer","PA",357934
"male","25-29","sc_car_ylls_pa_head_neck_cancer",-0.33215,"bogota","Car",NA,NA,"L3: head_neck_cancer","PA",360031
"male","30-34","sc_car_ylls_pa_head_neck_cancer",-0.459,"bogota","Car",NA,NA,"L3: head_neck_cancer","PA",321492
"male","35-39","sc_car_ylls_pa_head_neck_cancer",-0.84963,"bogota","Car",NA,NA,"L3: head_neck_cancer","PA",289808
"male","40-44","sc_car_ylls_pa_head_neck_cancer",-0.74763,"bogota","Car",NA,NA,"L3: head_neck_cancer","PA",244543
"male","45-49","sc_car_ylls_pa_head_neck_cancer",-2.02644,"bogota","Car",NA,NA,"L3: head_neck_cancer","PA",215491
"male","50-54","sc_car_ylls_pa_head_neck_cancer",-3.30121,"bogota","Car",NA,NA,"L3: head_neck_cancer","PA",209137
"male","55-59","sc_car_ylls_pa_head_neck_cancer",-5.67323,"bogota","Car",NA,NA,"L3: head_neck_cancer","PA",187551
"male","60-64","sc_car_ylls_pa_head_neck_cancer",-2.58402,"bogota","Car",NA,NA,"L3: head_neck_cancer","PA",146500
"male","65-69","sc_car_ylls_pa_head_neck_cancer",-6.98048,"bogota","Car",NA,NA,"L3: head_neck_cancer","PA",105412
"female","15-19","sc_car_ylls_pa_head_neck_cancer",-0.0386,"bogota","Car",NA,NA,"L3: head_neck_cancer","PA",279280
"female","20-24","sc_car_ylls_pa_head_neck_cancer",-0.18921,"bogota","Car",NA,NA,"L3: head_neck_cancer","PA",360197
"female","25-29","sc_car_ylls_pa_head_neck_cancer",-0.23458,"bogota","Car",NA,NA,"L3: head_neck_cancer","PA",364423
"female","30-34","sc_car_ylls_pa_head_neck_cancer",-0.34063,"bogota","Car",NA,NA,"L3: head_neck_cancer","PA",330341
"female","35-39","sc_car_ylls_pa_head_neck_cancer",-0.47106,"bogota","Car",NA,NA,"L3: head_neck_cancer","PA",309304
"female","40-44","sc_car_ylls_pa_head_neck_cancer",-0.71456,"bogota","Car",NA,NA,"L3: head_neck_cancer","PA",275440
"female","45-49","sc_car_ylls_pa_head_neck_cancer",-1.27624,"bogota","Car",NA,NA,"L3: head_neck_cancer","PA",254843
"female","50-54","sc_car_ylls_pa_head_neck_cancer",-1.7807,"bogota","Car",NA,NA,"L3: head_neck_cancer","PA",256059
"female","55-59","sc_car_ylls_pa_head_neck_cancer",-1.98665,"bogota","Car",NA,NA,"L3: head_neck_cancer","PA",235548
"female","60-64","sc_car_ylls_pa_head_neck_cancer",-1.69505,"bogota","Car",NA,NA,"L3: head_neck_cancer","PA",189600
"female","65-69","sc_car_ylls_pa_head_neck_cancer",-1.9617,"bogota","Car",NA,NA,"L3: head_neck_cancer","PA",141409
"male","15-19","sc_bus_ylls_pa_head_neck_cancer",0.03308,"bogota","Bus",NA,NA,"L3: head_neck_cancer","PA",282736
"male","20-24","sc_bus_ylls_pa_head_neck_cancer",0.21481,"bogota","Bus",NA,NA,"L3: head_neck_cancer","PA",357934
"male","25-29","sc_bus_ylls_pa_head_neck_cancer",0.5857,"bogota","Bus",NA,NA,"L3: head_neck_cancer","PA",360031
"male","30-34","sc_bus_ylls_pa_head_neck_cancer",1.11699,"bogota","Bus",NA,NA,"L3: head_neck_cancer","PA",321492
"male","35-39","sc_bus_ylls_pa_head_neck_cancer",2.51418,"bogota","Bus",NA,NA,"L3: head_neck_cancer","PA",289808
"male","40-44","sc_bus_ylls_pa_head_neck_cancer",2.4202,"bogota","Bus",NA,NA,"L3: head_neck_cancer","PA",244543
"male","45-49","sc_bus_ylls_pa_head_neck_cancer",5.24905,"bogota","Bus",NA,NA,"L3: head_neck_cancer","PA",215491
"male","50-54","sc_bus_ylls_pa_head_neck_cancer",7.37483,"bogota","Bus",NA,NA,"L3: head_neck_cancer","PA",209137
"male","55-59","sc_bus_ylls_pa_head_neck_cancer",12.00874,"bogota","Bus",NA,NA,"L3: head_neck_cancer","PA",187551
"male","60-64","sc_bus_ylls_pa_head_neck_cancer",10.67093,"bogota","Bus",NA,NA,"L3: head_neck_cancer","PA",146500
"male","65-69","sc_bus_ylls_pa_head_neck_cancer",12.15379,"bogota","Bus",NA,NA,"L3: head_neck_cancer","PA",105412
"female","15-19","sc_bus_ylls_pa_head_neck_cancer",0.03068,"bogota","Bus",NA,NA,"L3: head_neck_cancer","PA",279280
"female","20-24","sc_bus_ylls_pa_head_neck_cancer",0.11886,"bogota","Bus",NA,NA,"L3: head_neck_cancer","PA",360197
"female","25-29","sc_bus_ylls_pa_head_neck_cancer",0.24455,"bogota","Bus",NA,NA,"L3: head_neck_cancer","PA",364423
"female","30-34","sc_bus_ylls_pa_head_neck_cancer",0.40681,"bogota","Bus",NA,NA,"L3: head_neck_cancer","PA",330341
"female","35-39","sc_bus_ylls_pa_head_neck_cancer",0.77649,"bogota","Bus",NA,NA,"L3: head_neck_cancer","PA",309304
"female","40-44","sc_bus_ylls_pa_head_neck_cancer",0.97064,"bogota","Bus",NA,NA,"L3: head_neck_cancer","PA",275440
"female","45-49","sc_bus_ylls_pa_head_neck_cancer",1.34488,"bogota","Bus",NA,NA,"L3: head_neck_cancer","PA",254843
"female","50-54","sc_bus_ylls_pa_head_neck_cancer",1.72409,"bogota","Bus",NA,NA,"L3: head_neck_cancer","PA",256059
"female","55-59","sc_bus_ylls_pa_head_neck_cancer",2.80529,"bogota","Bus",NA,NA,"L3: head_neck_cancer","PA",235548
"female","60-64","sc_bus_ylls_pa_head_neck_cancer",1.92389,"bogota","Bus",NA,NA,"L3: head_neck_cancer","PA",189600
"female","65-69","sc_bus_ylls_pa_head_neck_cancer",2.74744,"bogota","Bus",NA,NA,"L3: head_neck_cancer","PA",141409
"male","15-19","sc_cycle_ylls_pa_head_neck_cancer_lb",0.05291,"bogota","Cycling",NA,NA,"L3: head_neck_cancer","PA",282736
"male","20-24","sc_cycle_ylls_pa_head_neck_cancer_lb",0.19602,"bogota","Cycling",NA,NA,"L3: head_neck_cancer","PA",357934
"male","25-29","sc_cycle_ylls_pa_head_neck_cancer_lb",0.7136,"bogota","Cycling",NA,NA,"L3: head_neck_cancer","PA",360031
"male","30-34","sc_cycle_ylls_pa_head_neck_cancer_lb",1.36427,"bogota","Cycling",NA,NA,"L3: head_neck_cancer","PA",321492
"male","35-39","sc_cycle_ylls_pa_head_neck_cancer_lb",2.75147,"bogota","Cycling",NA,NA,"L3: head_neck_cancer","PA",289808
"male","40-44","sc_cycle_ylls_pa_head_neck_cancer_lb",2.36169,"bogota","Cycling",NA,NA,"L3: head_neck_cancer","PA",244543
"male","45-49","sc_cycle_ylls_pa_head_neck_cancer_lb",5.42986,"bogota","Cycling",NA,NA,"L3: head_neck_cancer","PA",215491
"male","50-54","sc_cycle_ylls_pa_head_neck_cancer_lb",7.6189,"bogota","Cycling",NA,NA,"L3: head_neck_cancer","PA",209137
"male","55-59","sc_cycle_ylls_pa_head_neck_cancer_lb",8.55079,"bogota","Cycling",NA,NA,"L3: head_neck_cancer","PA",187551
"male","60-64","sc_cycle_ylls_pa_head_neck_cancer_lb",10.16474,"bogota","Cycling",NA,NA,"L3: head_neck_cancer","PA",146500
"male","65-69","sc_cycle_ylls_pa_head_neck_cancer_lb",14.97841,"bogota","Cycling",NA,NA,"L3: head_neck_cancer","PA",105412
"female","15-19","sc_cycle_ylls_pa_head_neck_cancer_lb",0.03136,"bogota","Cycling",NA,NA,"L3: head_neck_cancer","PA",279280
"female","20-24","sc_cycle_ylls_pa_head_neck_cancer_lb",0.19065,"bogota","Cycling",NA,NA,"L3: head_neck_cancer","PA",360197
"female","25-29","sc_cycle_ylls_pa_head_neck_cancer_lb",0.27768,"bogota","Cycling",NA,NA,"L3: head_neck_cancer","PA",364423
"female","30-34","sc_cycle_ylls_pa_head_neck_cancer_lb",0.59518,"bogota","Cycling",NA,NA,"L3: head_neck_cancer","PA",330341
"female","35-39","sc_cycle_ylls_pa_head_neck_cancer_lb",0.96073,"bogota","Cycling",NA,NA,"L3: head_neck_cancer","PA",309304
"female","40-44","sc_cycle_ylls_pa_head_neck_cancer_lb",1.23881,"bogota","Cycling",NA,NA,"L3: head_neck_cancer","PA",275440
"female","45-49","sc_cycle_ylls_pa_head_neck_cancer_lb",1.90807,"bogota","Cycling",NA,NA,"L3: head_neck_cancer","PA",254843
"female","50-54","sc_cycle_ylls_pa_head_neck_cancer_lb",2.5255,"bogota","Cycling",NA,NA,"L3: head_neck_cancer","PA",256059
"female","55-59","sc_cycle_ylls_pa_head_neck_cancer_lb",2.92478,"bogota","Cycling",NA,NA,"L3: head_neck_cancer","PA",235548
"female","60-64","sc_cycle_ylls_pa_head_neck_cancer_lb",3.13026,"bogota","Cycling",NA,NA,"L3: head_neck_cancer","PA",189600
"female","65-69","sc_cycle_ylls_pa_head_neck_cancer_lb",4.78602,"bogota","Cycling",NA,NA,"L3: head_neck_cancer","PA",141409
"male","15-19","sc_car_ylls_pa_head_neck_cancer_lb",-0.09588,"bogota","Car",NA,NA,"L3: head_neck_cancer","PA",282736
"male","20-24","sc_car_ylls_pa_head_neck_cancer_lb",-0.35468,"bogota","Car",NA,NA,"L3: head_neck_cancer","PA",357934
"male","25-29","sc_car_ylls_pa_head_neck_cancer_lb",-0.66811,"bogota","Car",NA,NA,"L3: head_neck_cancer","PA",360031
"male","30-34","sc_car_ylls_pa_head_neck_cancer_lb",-0.89565,"bogota","Car",NA,NA,"L3: head_neck_cancer","PA",321492
"male","35-39","sc_car_ylls_pa_head_neck_cancer_lb",-1.59628,"bogota","Car",NA,NA,"L3: head_neck_cancer","PA",289808
"male","40-44","sc_car_ylls_pa_head_neck_cancer_lb",-1.46964,"bogota","Car",NA,NA,"L3: head_neck_cancer","PA",244543
"male","45-49","sc_car_ylls_pa_head_neck_cancer_lb",-3.8664,"bogota","Car",NA,NA,"L3: head_neck_cancer","PA",215491
"male","50-54","sc_car_ylls_pa_head_neck_cancer_lb",-6.3591,"bogota","Car",NA,NA,"L3: head_neck_cancer","PA",209137
"male","55-59","sc_car_ylls_pa_head_neck_cancer_lb",-10.68574,"bogota","Car",NA,NA,"L3: head_neck_cancer","PA",187551
"male","60-64","sc_car_ylls_pa_head_neck_cancer_lb",-4.83851,"bogota","Car",NA,NA,"L3: head_neck_cancer","PA",146500
"male","65-69","sc_car_ylls_pa_head_neck_cancer_lb",-12.4399,"bogota","Car",NA,NA,"L3: head_neck_cancer","PA",105412
"female","15-19","sc_car_ylls_pa_head_neck_cancer_lb",-0.07533,"bogota","Car",NA,NA,"L3: head_neck_cancer","PA",279280
"female","20-24","sc_car_ylls_pa_head_neck_cancer_lb",-0.36857,"bogota","Car",NA,NA,"L3: head_neck_cancer","PA",360197
"female","25-29","sc_car_ylls_pa_head_neck_cancer_lb",-0.46127,"bogota","Car",NA,NA,"L3: head_neck_cancer","PA",364423
"female","30-34","sc_car_ylls_pa_head_neck_cancer_lb",-0.65329,"bogota","Car",NA,NA,"L3: head_neck_cancer","PA",330341
"female","35-39","sc_car_ylls_pa_head_neck_cancer_lb",-0.9042,"bogota","Car",NA,NA,"L3: head_neck_cancer","PA",309304
"female","40-44","sc_car_ylls_pa_head_neck_cancer_lb",-1.38574,"bogota","Car",NA,NA,"L3: head_neck_cancer","PA",275440
"female","45-49","sc_car_ylls_pa_head_neck_cancer_lb",-2.42088,"bogota","Car",NA,NA,"L3: head_neck_cancer","PA",254843
"female","50-54","sc_car_ylls_pa_head_neck_cancer_lb",-3.40196,"bogota","Car",NA,NA,"L3: head_neck_cancer","PA",256059
"female","55-59","sc_car_ylls_pa_head_neck_cancer_lb",-3.80932,"bogota","Car",NA,NA,"L3: head_neck_cancer","PA",235548
"female","60-64","sc_car_ylls_pa_head_neck_cancer_lb",-3.17211,"bogota","Car",NA,NA,"L3: head_neck_cancer","PA",189600
"female","65-69","sc_car_ylls_pa_head_neck_cancer_lb",-3.47853,"bogota","Car",NA,NA,"L3: head_neck_cancer","PA",141409
"male","15-19","sc_bus_ylls_pa_head_neck_cancer_lb",0.06887,"bogota","Bus",NA,NA,"L3: head_neck_cancer","PA",282736
"male","20-24","sc_bus_ylls_pa_head_neck_cancer_lb",0.44312,"bogota","Bus",NA,NA,"L3: head_neck_cancer","PA",357934
"male","25-29","sc_bus_ylls_pa_head_neck_cancer_lb",1.17486,"bogota","Bus",NA,NA,"L3: head_neck_cancer","PA",360031
"male","30-34","sc_bus_ylls_pa_head_neck_cancer_lb",2.22337,"bogota","Bus",NA,NA,"L3: head_neck_cancer","PA",321492
"male","35-39","sc_bus_ylls_pa_head_neck_cancer_lb",4.87171,"bogota","Bus",NA,NA,"L3: head_neck_cancer","PA",289808
"male","40-44","sc_bus_ylls_pa_head_neck_cancer_lb",4.73151,"bogota","Bus",NA,NA,"L3: head_neck_cancer","PA",244543
"male","45-49","sc_bus_ylls_pa_head_neck_cancer_lb",9.94882,"bogota","Bus",NA,NA,"L3: head_neck_cancer","PA",215491
"male","50-54","sc_bus_ylls_pa_head_neck_cancer_lb",14.52625,"bogota","Bus",NA,NA,"L3: head_neck_cancer","PA",209137
"male","55-59","sc_bus_ylls_pa_head_neck_cancer_lb",23.28893,"bogota","Bus",NA,NA,"L3: head_neck_cancer","PA",187551
"male","60-64","sc_bus_ylls_pa_head_neck_cancer_lb",20.8496,"bogota","Bus",NA,NA,"L3: head_neck_cancer","PA",146500
"male","65-69","sc_bus_ylls_pa_head_neck_cancer_lb",22.26564,"bogota","Bus",NA,NA,"L3: head_neck_cancer","PA",105412
"female","15-19","sc_bus_ylls_pa_head_neck_cancer_lb",0.06113,"bogota","Bus",NA,NA,"L3: head_neck_cancer","PA",279280
"female","20-24","sc_bus_ylls_pa_head_neck_cancer_lb",0.23493,"bogota","Bus",NA,NA,"L3: head_neck_cancer","PA",360197
"female","25-29","sc_bus_ylls_pa_head_neck_cancer_lb",0.48239,"bogota","Bus",NA,NA,"L3: head_neck_cancer","PA",364423
"female","30-34","sc_bus_ylls_pa_head_neck_cancer_lb",0.79337,"bogota","Bus",NA,NA,"L3: head_neck_cancer","PA",330341
"female","35-39","sc_bus_ylls_pa_head_neck_cancer_lb",1.52347,"bogota","Bus",NA,NA,"L3: head_neck_cancer","PA",309304
"female","40-44","sc_bus_ylls_pa_head_neck_cancer_lb",1.91712,"bogota","Bus",NA,NA,"L3: head_neck_cancer","PA",275440
"female","45-49","sc_bus_ylls_pa_head_neck_cancer_lb",2.62487,"bogota","Bus",NA,NA,"L3: head_neck_cancer","PA",254843
"female","50-54","sc_bus_ylls_pa_head_neck_cancer_lb",3.32993,"bogota","Bus",NA,NA,"L3: head_neck_cancer","PA",256059
"female","55-59","sc_bus_ylls_pa_head_neck_cancer_lb",5.48757,"bogota","Bus",NA,NA,"L3: head_neck_cancer","PA",235548
"female","60-64","sc_bus_ylls_pa_head_neck_cancer_lb",3.67443,"bogota","Bus",NA,NA,"L3: head_neck_cancer","PA",189600
"female","65-69","sc_bus_ylls_pa_head_neck_cancer_lb",5.00338,"bogota","Bus",NA,NA,"L3: head_neck_cancer","PA",141409
"male","15-19","sc_cycle_ylls_pa_head_neck_cancer_ub",-0.00101,"bogota","Cycling",NA,NA,"L3: head_neck_cancer","PA",282736
"male","20-24","sc_cycle_ylls_pa_head_neck_cancer_ub",-0.00666,"bogota","Cycling",NA,NA,"L3: head_neck_cancer","PA",357934
"male","25-29","sc_cycle_ylls_pa_head_neck_cancer_ub",0.00594,"bogota","Cycling",NA,NA,"L3: head_neck_cancer","PA",360031
"male","30-34","sc_cycle_ylls_pa_head_neck_cancer_ub",0.02592,"bogota","Cycling",NA,NA,"L3: head_neck_cancer","PA",321492
"male","35-39","sc_cycle_ylls_pa_head_neck_cancer_ub",0.06027,"bogota","Cycling",NA,NA,"L3: head_neck_cancer","PA",289808
"male","40-44","sc_cycle_ylls_pa_head_neck_cancer_ub",0.05658,"bogota","Cycling",NA,NA,"L3: head_neck_cancer","PA",244543
"male","45-49","sc_cycle_ylls_pa_head_neck_cancer_ub",0.06377,"bogota","Cycling",NA,NA,"L3: head_neck_cancer","PA",215491
"male","50-54","sc_cycle_ylls_pa_head_neck_cancer_ub",0.2039,"bogota","Cycling",NA,NA,"L3: head_neck_cancer","PA",209137
"male","55-59","sc_cycle_ylls_pa_head_neck_cancer_ub",-0.14623,"bogota","Cycling",NA,NA,"L3: head_neck_cancer","PA",187551
"male","60-64","sc_cycle_ylls_pa_head_neck_cancer_ub",-0.08651,"bogota","Cycling",NA,NA,"L3: head_neck_cancer","PA",146500
"male","65-69","sc_cycle_ylls_pa_head_neck_cancer_ub",0.44487,"bogota","Cycling",NA,NA,"L3: head_neck_cancer","PA",105412
"female","15-19","sc_cycle_ylls_pa_head_neck_cancer_ub",-0.00146,"bogota","Cycling",NA,NA,"L3: head_neck_cancer","PA",279280
"female","20-24","sc_cycle_ylls_pa_head_neck_cancer_ub",-0.00719,"bogota","Cycling",NA,NA,"L3: head_neck_cancer","PA",360197
"female","25-29","sc_cycle_ylls_pa_head_neck_cancer_ub",-0.01873,"bogota","Cycling",NA,NA,"L3: head_neck_cancer","PA",364423
"female","30-34","sc_cycle_ylls_pa_head_neck_cancer_ub",0.00272,"bogota","Cycling",NA,NA,"L3: head_neck_cancer","PA",330341
"female","35-39","sc_cycle_ylls_pa_head_neck_cancer_ub",-0.00691,"bogota","Cycling",NA,NA,"L3: head_neck_cancer","PA",309304
"female","40-44","sc_cycle_ylls_pa_head_neck_cancer_ub",-0.01051,"bogota","Cycling",NA,NA,"L3: head_neck_cancer","PA",275440
"female","45-49","sc_cycle_ylls_pa_head_neck_cancer_ub",-0.00411,"bogota","Cycling",NA,NA,"L3: head_neck_cancer","PA",254843
"female","50-54","sc_cycle_ylls_pa_head_neck_cancer_ub",-0.02853,"bogota","Cycling",NA,NA,"L3: head_neck_cancer","PA",256059
"female","55-59","sc_cycle_ylls_pa_head_neck_cancer_ub",-0.01705,"bogota","Cycling",NA,NA,"L3: head_neck_cancer","PA",235548
"female","60-64","sc_cycle_ylls_pa_head_neck_cancer_ub",0.05112,"bogota","Cycling",NA,NA,"L3: head_neck_cancer","PA",189600
"female","65-69","sc_cycle_ylls_pa_head_neck_cancer_ub",0.06229,"bogota","Cycling",NA,NA,"L3: head_neck_cancer","PA",141409
"male","15-19","sc_car_ylls_pa_head_neck_cancer_ub",-0.00318,"bogota","Car",NA,NA,"L3: head_neck_cancer","PA",282736
"male","20-24","sc_car_ylls_pa_head_neck_cancer_ub",-0.01524,"bogota","Car",NA,NA,"L3: head_neck_cancer","PA",357934
"male","25-29","sc_car_ylls_pa_head_neck_cancer_ub",-0.0325,"bogota","Car",NA,NA,"L3: head_neck_cancer","PA",360031
"male","30-34","sc_car_ylls_pa_head_neck_cancer_ub",-0.04992,"bogota","Car",NA,NA,"L3: head_neck_cancer","PA",321492
"male","35-39","sc_car_ylls_pa_head_neck_cancer_ub",-0.10327,"bogota","Car",NA,NA,"L3: head_neck_cancer","PA",289808
"male","40-44","sc_car_ylls_pa_head_neck_cancer_ub",-0.04134,"bogota","Car",NA,NA,"L3: head_neck_cancer","PA",244543
"male","45-49","sc_car_ylls_pa_head_neck_cancer_ub",-0.22905,"bogota","Car",NA,NA,"L3: head_neck_cancer","PA",215491
"male","50-54","sc_car_ylls_pa_head_neck_cancer_ub",-0.39776,"bogota","Car",NA,NA,"L3: head_neck_cancer","PA",209137
"male","55-59","sc_car_ylls_pa_head_neck_cancer_ub",-0.66825,"bogota","Car",NA,NA,"L3: head_neck_cancer","PA",187551
"male","60-64","sc_car_ylls_pa_head_neck_cancer_ub",-0.1059,"bogota","Car",NA,NA,"L3: head_neck_cancer","PA",146500
"male","65-69","sc_car_ylls_pa_head_neck_cancer_ub",-0.93015,"bogota","Car",NA,NA,"L3: head_neck_cancer","PA",105412
"female","15-19","sc_car_ylls_pa_head_neck_cancer_ub",-0.00448,"bogota","Car",NA,NA,"L3: head_neck_cancer","PA",279280
"female","20-24","sc_car_ylls_pa_head_neck_cancer_ub",-0.01806,"bogota","Car",NA,NA,"L3: head_neck_cancer","PA",360197
"female","25-29","sc_car_ylls_pa_head_neck_cancer_ub",-0.01426,"bogota","Car",NA,NA,"L3: head_neck_cancer","PA",364423
"female","30-34","sc_car_ylls_pa_head_neck_cancer_ub",-0.03777,"bogota","Car",NA,NA,"L3: head_neck_cancer","PA",330341
"female","35-39","sc_car_ylls_pa_head_neck_cancer_ub",-0.04428,"bogota","Car",NA,NA,"L3: head_neck_cancer","PA",309304
"female","40-44","sc_car_ylls_pa_head_neck_cancer_ub",-0.06627,"bogota","Car",NA,NA,"L3: head_neck_cancer","PA",275440
"female","45-49","sc_car_ylls_pa_head_neck_cancer_ub",-0.13725,"bogota","Car",NA,NA,"L3: head_neck_cancer","PA",254843
"female","50-54","sc_car_ylls_pa_head_neck_cancer_ub",-0.16237,"bogota","Car",NA,NA,"L3: head_neck_cancer","PA",256059
"female","55-59","sc_car_ylls_pa_head_neck_cancer_ub",-0.16352,"bogota","Car",NA,NA,"L3: head_neck_cancer","PA",235548
"female","60-64","sc_car_ylls_pa_head_neck_cancer_ub",-0.13356,"bogota","Car",NA,NA,"L3: head_neck_cancer","PA",189600
"female","65-69","sc_car_ylls_pa_head_neck_cancer_ub",-0.20915,"bogota","Car",NA,NA,"L3: head_neck_cancer","PA",141409
"male","15-19","sc_bus_ylls_pa_head_neck_cancer_ub",0.00561,"bogota","Bus",NA,NA,"L3: head_neck_cancer","PA",282736
"male","20-24","sc_bus_ylls_pa_head_neck_cancer_ub",0.03498,"bogota","Bus",NA,NA,"L3: head_neck_cancer","PA",357934
"male","25-29","sc_bus_ylls_pa_head_neck_cancer_ub",0.09991,"bogota","Bus",NA,NA,"L3: head_neck_cancer","PA",360031
"male","30-34","sc_bus_ylls_pa_head_neck_cancer_ub",0.18835,"bogota","Bus",NA,NA,"L3: head_neck_cancer","PA",321492
"male","35-39","sc_bus_ylls_pa_head_neck_cancer_ub",0.45888,"bogota","Bus",NA,NA,"L3: head_neck_cancer","PA",289808
"male","40-44","sc_bus_ylls_pa_head_neck_cancer_ub",0.44394,"bogota","Bus",NA,NA,"L3: head_neck_cancer","PA",244543
"male","45-49","sc_bus_ylls_pa_head_neck_cancer_ub",1.00235,"bogota","Bus",NA,NA,"L3: head_neck_cancer","PA",215491
"male","50-54","sc_bus_ylls_pa_head_neck_cancer_ub",1.26062,"bogota","Bus",NA,NA,"L3: head_neck_cancer","PA",209137
"male","55-59","sc_bus_ylls_pa_head_neck_cancer_ub",2.26624,"bogota","Bus",NA,NA,"L3: head_neck_cancer","PA",187551
"male","60-64","sc_bus_ylls_pa_head_neck_cancer_ub",1.80918,"bogota","Bus",NA,NA,"L3: head_neck_cancer","PA",146500
"male","65-69","sc_bus_ylls_pa_head_neck_cancer_ub",2.49486,"bogota","Bus",NA,NA,"L3: head_neck_cancer","PA",105412
"female","15-19","sc_bus_ylls_pa_head_neck_cancer_ub",0.00555,"bogota","Bus",NA,NA,"L3: head_neck_cancer","PA",279280
"female","20-24","sc_bus_ylls_pa_head_neck_cancer_ub",0.02283,"bogota","Bus",NA,NA,"L3: head_neck_cancer","PA",360197
"female","25-29","sc_bus_ylls_pa_head_neck_cancer_ub",0.04247,"bogota","Bus",NA,NA,"L3: head_neck_cancer","PA",364423
"female","30-34","sc_bus_ylls_pa_head_neck_cancer_ub",0.0743,"bogota","Bus",NA,NA,"L3: head_neck_cancer","PA",330341
"female","35-39","sc_bus_ylls_pa_head_neck_cancer_ub",0.13991,"bogota","Bus",NA,NA,"L3: head_neck_cancer","PA",309304
"female","40-44","sc_bus_ylls_pa_head_neck_cancer_ub",0.16861,"bogota","Bus",NA,NA,"L3: head_neck_cancer","PA",275440
"female","45-49","sc_bus_ylls_pa_head_neck_cancer_ub",0.26689,"bogota","Bus",NA,NA,"L3: head_neck_cancer","PA",254843
"female","50-54","sc_bus_ylls_pa_head_neck_cancer_ub",0.31784,"bogota","Bus",NA,NA,"L3: head_neck_cancer","PA",256059
"female","55-59","sc_bus_ylls_pa_head_neck_cancer_ub",0.50263,"bogota","Bus",NA,NA,"L3: head_neck_cancer","PA",235548
"female","60-64","sc_bus_ylls_pa_head_neck_cancer_ub",0.34988,"bogota","Bus",NA,NA,"L3: head_neck_cancer","PA",189600
"female","65-69","sc_bus_ylls_pa_head_neck_cancer_ub",0.57115,"bogota","Bus",NA,NA,"L3: head_neck_cancer","PA",141409
"male","15-19","sc_cycle_ylls_pa_stomach_cancer",0.06928,"bogota","Cycling",NA,NA,"L3: stomach_cancer","PA",282736
"male","20-24","sc_cycle_ylls_pa_stomach_cancer",0.20858,"bogota","Cycling",NA,NA,"L3: stomach_cancer","PA",357934
"male","25-29","sc_cycle_ylls_pa_stomach_cancer",1.28507,"bogota","Cycling",NA,NA,"L3: stomach_cancer","PA",360031
"male","30-34","sc_cycle_ylls_pa_stomach_cancer",2.59149,"bogota","Cycling",NA,NA,"L3: stomach_cancer","PA",321492
"male","35-39","sc_cycle_ylls_pa_stomach_cancer",6.3135,"bogota","Cycling",NA,NA,"L3: stomach_cancer","PA",289808
"male","40-44","sc_cycle_ylls_pa_stomach_cancer",4.38512,"bogota","Cycling",NA,NA,"L3: stomach_cancer","PA",244543
"male","45-49","sc_cycle_ylls_pa_stomach_cancer",8.92238,"bogota","Cycling",NA,NA,"L3: stomach_cancer","PA",215491
"male","50-54","sc_cycle_ylls_pa_stomach_cancer",9.05784,"bogota","Cycling",NA,NA,"L3: stomach_cancer","PA",209137
"male","55-59","sc_cycle_ylls_pa_stomach_cancer",9.65704,"bogota","Cycling",NA,NA,"L3: stomach_cancer","PA",187551
"male","60-64","sc_cycle_ylls_pa_stomach_cancer",10.71225,"bogota","Cycling",NA,NA,"L3: stomach_cancer","PA",146500
"male","65-69","sc_cycle_ylls_pa_stomach_cancer",14.79558,"bogota","Cycling",NA,NA,"L3: stomach_cancer","PA",105412
"female","15-19","sc_cycle_ylls_pa_stomach_cancer",0.05508,"bogota","Cycling",NA,NA,"L3: stomach_cancer","PA",279280
"female","20-24","sc_cycle_ylls_pa_stomach_cancer",0.3075,"bogota","Cycling",NA,NA,"L3: stomach_cancer","PA",360197
"female","25-29","sc_cycle_ylls_pa_stomach_cancer",0.74069,"bogota","Cycling",NA,NA,"L3: stomach_cancer","PA",364423
"female","30-34","sc_cycle_ylls_pa_stomach_cancer",2.00146,"bogota","Cycling",NA,NA,"L3: stomach_cancer","PA",330341
"female","35-39","sc_cycle_ylls_pa_stomach_cancer",3.80828,"bogota","Cycling",NA,NA,"L3: stomach_cancer","PA",309304
"female","40-44","sc_cycle_ylls_pa_stomach_cancer",3.76965,"bogota","Cycling",NA,NA,"L3: stomach_cancer","PA",275440
"female","45-49","sc_cycle_ylls_pa_stomach_cancer",3.95998,"bogota","Cycling",NA,NA,"L3: stomach_cancer","PA",254843
"female","50-54","sc_cycle_ylls_pa_stomach_cancer",4.64136,"bogota","Cycling",NA,NA,"L3: stomach_cancer","PA",256059
"female","55-59","sc_cycle_ylls_pa_stomach_cancer",4.00236,"bogota","Cycling",NA,NA,"L3: stomach_cancer","PA",235548
"female","60-64","sc_cycle_ylls_pa_stomach_cancer",4.4627,"bogota","Cycling",NA,NA,"L3: stomach_cancer","PA",189600
"female","65-69","sc_cycle_ylls_pa_stomach_cancer",7.01153,"bogota","Cycling",NA,NA,"L3: stomach_cancer","PA",141409
"male","15-19","sc_car_ylls_pa_stomach_cancer",-0.11369,"bogota","Car",NA,NA,"L3: stomach_cancer","PA",282736
"male","20-24","sc_car_ylls_pa_stomach_cancer",-0.36722,"bogota","Car",NA,NA,"L3: stomach_cancer","PA",357934
"male","25-29","sc_car_ylls_pa_stomach_cancer",-1.10323,"bogota","Car",NA,NA,"L3: stomach_cancer","PA",360031
"male","30-34","sc_car_ylls_pa_stomach_cancer",-1.67378,"bogota","Car",NA,NA,"L3: stomach_cancer","PA",321492
"male","35-39","sc_car_ylls_pa_stomach_cancer",-3.53671,"bogota","Car",NA,NA,"L3: stomach_cancer","PA",289808
"male","40-44","sc_car_ylls_pa_stomach_cancer",-2.81713,"bogota","Car",NA,NA,"L3: stomach_cancer","PA",244543
"male","45-49","sc_car_ylls_pa_stomach_cancer",-5.50267,"bogota","Car",NA,NA,"L3: stomach_cancer","PA",215491
"male","50-54","sc_car_ylls_pa_stomach_cancer",-7.68829,"bogota","Car",NA,NA,"L3: stomach_cancer","PA",209137
"male","55-59","sc_car_ylls_pa_stomach_cancer",-10.9016,"bogota","Car",NA,NA,"L3: stomach_cancer","PA",187551
"male","60-64","sc_car_ylls_pa_stomach_cancer",-5.37128,"bogota","Car",NA,NA,"L3: stomach_cancer","PA",146500
"male","65-69","sc_car_ylls_pa_stomach_cancer",-12.18017,"bogota","Car",NA,NA,"L3: stomach_cancer","PA",105412
"female","15-19","sc_car_ylls_pa_stomach_cancer",-0.11156,"bogota","Car",NA,NA,"L3: stomach_cancer","PA",279280
"female","20-24","sc_car_ylls_pa_stomach_cancer",-0.53485,"bogota","Car",NA,NA,"L3: stomach_cancer","PA",360197
"female","25-29","sc_car_ylls_pa_stomach_cancer",-1.12148,"bogota","Car",NA,NA,"L3: stomach_cancer","PA",364423
"female","30-34","sc_car_ylls_pa_stomach_cancer",-2.1706,"bogota","Car",NA,NA,"L3: stomach_cancer","PA",330341
"female","35-39","sc_car_ylls_pa_stomach_cancer",-3.35948,"bogota","Car",NA,NA,"L3: stomach_cancer","PA",309304
"female","40-44","sc_car_ylls_pa_stomach_cancer",-3.92132,"bogota","Car",NA,NA,"L3: stomach_cancer","PA",275440
"female","45-49","sc_car_ylls_pa_stomach_cancer",-5.05248,"bogota","Car",NA,NA,"L3: stomach_cancer","PA",254843
"female","50-54","sc_car_ylls_pa_stomach_cancer",-6.17086,"bogota","Car",NA,NA,"L3: stomach_cancer","PA",256059
"female","55-59","sc_car_ylls_pa_stomach_cancer",-5.41102,"bogota","Car",NA,NA,"L3: stomach_cancer","PA",235548
"female","60-64","sc_car_ylls_pa_stomach_cancer",-5.17066,"bogota","Car",NA,NA,"L3: stomach_cancer","PA",189600
"female","65-69","sc_car_ylls_pa_stomach_cancer",-5.07991,"bogota","Car",NA,NA,"L3: stomach_cancer","PA",141409
"male","15-19","sc_bus_ylls_pa_stomach_cancer",0.05795,"bogota","Bus",NA,NA,"L3: stomach_cancer","PA",282736
"male","20-24","sc_bus_ylls_pa_stomach_cancer",0.33284,"bogota","Bus",NA,NA,"L3: stomach_cancer","PA",357934
"male","25-29","sc_bus_ylls_pa_stomach_cancer",1.58643,"bogota","Bus",NA,NA,"L3: stomach_cancer","PA",360031
"male","30-34","sc_bus_ylls_pa_stomach_cancer",3.23947,"bogota","Bus",NA,NA,"L3: stomach_cancer","PA",321492
"male","35-39","sc_bus_ylls_pa_stomach_cancer",8.10159,"bogota","Bus",NA,NA,"L3: stomach_cancer","PA",289808
"male","40-44","sc_bus_ylls_pa_stomach_cancer",6.82638,"bogota","Bus",NA,NA,"L3: stomach_cancer","PA",244543
"male","45-49","sc_bus_ylls_pa_stomach_cancer",11.91406,"bogota","Bus",NA,NA,"L3: stomach_cancer","PA",215491
"male","50-54","sc_bus_ylls_pa_stomach_cancer",13.56298,"bogota","Bus",NA,NA,"L3: stomach_cancer","PA",209137
"male","55-59","sc_bus_ylls_pa_stomach_cancer",17.12985,"bogota","Bus",NA,NA,"L3: stomach_cancer","PA",187551
"male","60-64","sc_bus_ylls_pa_stomach_cancer",14.95931,"bogota","Bus",NA,NA,"L3: stomach_cancer","PA",146500
"male","65-69","sc_bus_ylls_pa_stomach_cancer",15.68197,"bogota","Bus",NA,NA,"L3: stomach_cancer","PA",105412
"female","15-19","sc_bus_ylls_pa_stomach_cancer",0.06785,"bogota","Bus",NA,NA,"L3: stomach_cancer","PA",279280
"female","20-24","sc_bus_ylls_pa_stomach_cancer",0.24361,"bogota","Bus",NA,NA,"L3: stomach_cancer","PA",360197
"female","25-29","sc_bus_ylls_pa_stomach_cancer",0.85372,"bogota","Bus",NA,NA,"L3: stomach_cancer","PA",364423
"female","30-34","sc_bus_ylls_pa_stomach_cancer",1.9325,"bogota","Bus",NA,NA,"L3: stomach_cancer","PA",330341
"female","35-39","sc_bus_ylls_pa_stomach_cancer",4.10106,"bogota","Bus",NA,NA,"L3: stomach_cancer","PA",309304
"female","40-44","sc_bus_ylls_pa_stomach_cancer",4.09713,"bogota","Bus",NA,NA,"L3: stomach_cancer","PA",275440
"female","45-49","sc_bus_ylls_pa_stomach_cancer",3.92375,"bogota","Bus",NA,NA,"L3: stomach_cancer","PA",254843
"female","50-54","sc_bus_ylls_pa_stomach_cancer",4.40889,"bogota","Bus",NA,NA,"L3: stomach_cancer","PA",256059
"female","55-59","sc_bus_ylls_pa_stomach_cancer",5.6023,"bogota","Bus",NA,NA,"L3: stomach_cancer","PA",235548
"female","60-64","sc_bus_ylls_pa_stomach_cancer",4.29732,"bogota","Bus",NA,NA,"L3: stomach_cancer","PA",189600
"female","65-69","sc_bus_ylls_pa_stomach_cancer",5.04162,"bogota","Bus",NA,NA,"L3: stomach_cancer","PA",141409
"male","15-19","sc_cycle_ylls_pa_stomach_cancer_lb",0.11153,"bogota","Cycling",NA,NA,"L3: stomach_cancer","PA",282736
"male","20-24","sc_cycle_ylls_pa_stomach_cancer_lb",0.33457,"bogota","Cycling",NA,NA,"L3: stomach_cancer","PA",357934
"male","25-29","sc_cycle_ylls_pa_stomach_cancer_lb",2.07266,"bogota","Cycling",NA,NA,"L3: stomach_cancer","PA",360031
"male","30-34","sc_cycle_ylls_pa_stomach_cancer_lb",4.18352,"bogota","Cycling",NA,NA,"L3: stomach_cancer","PA",321492
"male","35-39","sc_cycle_ylls_pa_stomach_cancer_lb",10.03067,"bogota","Cycling",NA,NA,"L3: stomach_cancer","PA",289808
"male","40-44","sc_cycle_ylls_pa_stomach_cancer_lb",7.07263,"bogota","Cycling",NA,NA,"L3: stomach_cancer","PA",244543
"male","45-49","sc_cycle_ylls_pa_stomach_cancer_lb",14.01521,"bogota","Cycling",NA,NA,"L3: stomach_cancer","PA",215491
"male","50-54","sc_cycle_ylls_pa_stomach_cancer_lb",14.62622,"bogota","Cycling",NA,NA,"L3: stomach_cancer","PA",209137
"male","55-59","sc_cycle_ylls_pa_stomach_cancer_lb",15.06188,"bogota","Cycling",NA,NA,"L3: stomach_cancer","PA",187551
"male","60-64","sc_cycle_ylls_pa_stomach_cancer_lb",16.81038,"bogota","Cycling",NA,NA,"L3: stomach_cancer","PA",146500
"male","65-69","sc_cycle_ylls_pa_stomach_cancer_lb",23.00692,"bogota","Cycling",NA,NA,"L3: stomach_cancer","PA",105412
"female","15-19","sc_cycle_ylls_pa_stomach_cancer_lb",0.08622,"bogota","Cycling",NA,NA,"L3: stomach_cancer","PA",279280
"female","20-24","sc_cycle_ylls_pa_stomach_cancer_lb",0.48174,"bogota","Cycling",NA,NA,"L3: stomach_cancer","PA",360197
"female","25-29","sc_cycle_ylls_pa_stomach_cancer_lb",1.15045,"bogota","Cycling",NA,NA,"L3: stomach_cancer","PA",364423
"female","30-34","sc_cycle_ylls_pa_stomach_cancer_lb",3.18735,"bogota","Cycling",NA,NA,"L3: stomach_cancer","PA",330341
"female","35-39","sc_cycle_ylls_pa_stomach_cancer_lb",5.99887,"bogota","Cycling",NA,NA,"L3: stomach_cancer","PA",309304
"female","40-44","sc_cycle_ylls_pa_stomach_cancer_lb",5.97088,"bogota","Cycling",NA,NA,"L3: stomach_cancer","PA",275440
"female","45-49","sc_cycle_ylls_pa_stomach_cancer_lb",6.29215,"bogota","Cycling",NA,NA,"L3: stomach_cancer","PA",254843
"female","50-54","sc_cycle_ylls_pa_stomach_cancer_lb",7.30851,"bogota","Cycling",NA,NA,"L3: stomach_cancer","PA",256059
"female","55-59","sc_cycle_ylls_pa_stomach_cancer_lb",6.36535,"bogota","Cycling",NA,NA,"L3: stomach_cancer","PA",235548
"female","60-64","sc_cycle_ylls_pa_stomach_cancer_lb",7.14338,"bogota","Cycling",NA,NA,"L3: stomach_cancer","PA",189600
"female","65-69","sc_cycle_ylls_pa_stomach_cancer_lb",10.80071,"bogota","Cycling",NA,NA,"L3: stomach_cancer","PA",141409
"male","15-19","sc_car_ylls_pa_stomach_cancer_lb",-0.18765,"bogota","Car",NA,NA,"L3: stomach_cancer","PA",282736
"male","20-24","sc_car_ylls_pa_stomach_cancer_lb",-0.60256,"bogota","Car",NA,NA,"L3: stomach_cancer","PA",357934
"male","25-29","sc_car_ylls_pa_stomach_cancer_lb",-1.81799,"bogota","Car",NA,NA,"L3: stomach_cancer","PA",360031
"male","30-34","sc_car_ylls_pa_stomach_cancer_lb",-2.73357,"bogota","Car",NA,NA,"L3: stomach_cancer","PA",321492
"male","35-39","sc_car_ylls_pa_stomach_cancer_lb",-5.7044,"bogota","Car",NA,NA,"L3: stomach_cancer","PA",289808
"male","40-44","sc_car_ylls_pa_stomach_cancer_lb",-4.5302,"bogota","Car",NA,NA,"L3: stomach_cancer","PA",244543
"male","45-49","sc_car_ylls_pa_stomach_cancer_lb",-8.9073,"bogota","Car",NA,NA,"L3: stomach_cancer","PA",215491
"male","50-54","sc_car_ylls_pa_stomach_cancer_lb",-12.49417,"bogota","Car",NA,NA,"L3: stomach_cancer","PA",209137
"male","55-59","sc_car_ylls_pa_stomach_cancer_lb",-17.52022,"bogota","Car",NA,NA,"L3: stomach_cancer","PA",187551
"male","60-64","sc_car_ylls_pa_stomach_cancer_lb",-8.44083,"bogota","Car",NA,NA,"L3: stomach_cancer","PA",146500
"male","65-69","sc_car_ylls_pa_stomach_cancer_lb",-19.14394,"bogota","Car",NA,NA,"L3: stomach_cancer","PA",105412
"female","15-19","sc_car_ylls_pa_stomach_cancer_lb",-0.18267,"bogota","Car",NA,NA,"L3: stomach_cancer","PA",279280
"female","20-24","sc_car_ylls_pa_stomach_cancer_lb",-0.8654,"bogota","Car",NA,NA,"L3: stomach_cancer","PA",360197
"female","25-29","sc_car_ylls_pa_stomach_cancer_lb",-1.7972,"bogota","Car",NA,NA,"L3: stomach_cancer","PA",364423
"female","30-34","sc_car_ylls_pa_stomach_cancer_lb",-3.50528,"bogota","Car",NA,NA,"L3: stomach_cancer","PA",330341
"female","35-39","sc_car_ylls_pa_stomach_cancer_lb",-5.4024,"bogota","Car",NA,NA,"L3: stomach_cancer","PA",309304
"female","40-44","sc_car_ylls_pa_stomach_cancer_lb",-6.35427,"bogota","Car",NA,NA,"L3: stomach_cancer","PA",275440
"female","45-49","sc_car_ylls_pa_stomach_cancer_lb",-8.13643,"bogota","Car",NA,NA,"L3: stomach_cancer","PA",254843
"female","50-54","sc_car_ylls_pa_stomach_cancer_lb",-9.86179,"bogota","Car",NA,NA,"L3: stomach_cancer","PA",256059
"female","55-59","sc_car_ylls_pa_stomach_cancer_lb",-8.66616,"bogota","Car",NA,NA,"L3: stomach_cancer","PA",235548
"female","60-64","sc_car_ylls_pa_stomach_cancer_lb",-8.19022,"bogota","Car",NA,NA,"L3: stomach_cancer","PA",189600
"female","65-69","sc_car_ylls_pa_stomach_cancer_lb",-7.90609,"bogota","Car",NA,NA,"L3: stomach_cancer","PA",141409
"male","15-19","sc_bus_ylls_pa_stomach_cancer_lb",0.10255,"bogota","Bus",NA,NA,"L3: stomach_cancer","PA",282736
"male","20-24","sc_bus_ylls_pa_stomach_cancer_lb",0.57954,"bogota","Bus",NA,NA,"L3: stomach_cancer","PA",357934
"male","25-29","sc_bus_ylls_pa_stomach_cancer_lb",2.72756,"bogota","Bus",NA,NA,"L3: stomach_cancer","PA",360031
"male","30-34","sc_bus_ylls_pa_stomach_cancer_lb",5.54496,"bogota","Bus",NA,NA,"L3: stomach_cancer","PA",321492
"male","35-39","sc_bus_ylls_pa_stomach_cancer_lb",13.79039,"bogota","Bus",NA,NA,"L3: stomach_cancer","PA",289808
"male","40-44","sc_bus_ylls_pa_stomach_cancer_lb",11.6705,"bogota","Bus",NA,NA,"L3: stomach_cancer","PA",244543
"male","45-49","sc_bus_ylls_pa_stomach_cancer_lb",20.05215,"bogota","Bus",NA,NA,"L3: stomach_cancer","PA",215491
"male","50-54","sc_bus_ylls_pa_stomach_cancer_lb",23.10658,"bogota","Bus",NA,NA,"L3: stomach_cancer","PA",209137
"male","55-59","sc_bus_ylls_pa_stomach_cancer_lb",29.2631,"bogota","Bus",NA,NA,"L3: stomach_cancer","PA",187551
"male","60-64","sc_bus_ylls_pa_stomach_cancer_lb",25.44485,"bogota","Bus",NA,NA,"L3: stomach_cancer","PA",146500
"male","65-69","sc_bus_ylls_pa_stomach_cancer_lb",26.22334,"bogota","Bus",NA,NA,"L3: stomach_cancer","PA",105412
"female","15-19","sc_bus_ylls_pa_stomach_cancer_lb",0.11735,"bogota","Bus",NA,NA,"L3: stomach_cancer","PA",279280
"female","20-24","sc_bus_ylls_pa_stomach_cancer_lb",0.42134,"bogota","Bus",NA,NA,"L3: stomach_cancer","PA",360197
"female","25-29","sc_bus_ylls_pa_stomach_cancer_lb",1.45369,"bogota","Bus",NA,NA,"L3: stomach_cancer","PA",364423
"female","30-34","sc_bus_ylls_pa_stomach_cancer_lb",3.30521,"bogota","Bus",NA,NA,"L3: stomach_cancer","PA",330341
"female","35-39","sc_bus_ylls_pa_stomach_cancer_lb",7.00959,"bogota","Bus",NA,NA,"L3: stomach_cancer","PA",309304
"female","40-44","sc_bus_ylls_pa_stomach_cancer_lb",7.0182,"bogota","Bus",NA,NA,"L3: stomach_cancer","PA",275440
"female","45-49","sc_bus_ylls_pa_stomach_cancer_lb",6.73472,"bogota","Bus",NA,NA,"L3: stomach_cancer","PA",254843
"female","50-54","sc_bus_ylls_pa_stomach_cancer_lb",7.48523,"bogota","Bus",NA,NA,"L3: stomach_cancer","PA",256059
"female","55-59","sc_bus_ylls_pa_stomach_cancer_lb",9.55082,"bogota","Bus",NA,NA,"L3: stomach_cancer","PA",235548
"female","60-64","sc_bus_ylls_pa_stomach_cancer_lb",7.23901,"bogota","Bus",NA,NA,"L3: stomach_cancer","PA",189600
"female","65-69","sc_bus_ylls_pa_stomach_cancer_lb",8.42812,"bogota","Bus",NA,NA,"L3: stomach_cancer","PA",141409
"male","15-19","sc_cycle_ylls_pa_stomach_cancer_ub",0.02898,"bogota","Cycling",NA,NA,"L3: stomach_cancer","PA",282736
"male","20-24","sc_cycle_ylls_pa_stomach_cancer_ub",0.08817,"bogota","Cycling",NA,NA,"L3: stomach_cancer","PA",357934
"male","25-29","sc_cycle_ylls_pa_stomach_cancer_ub",0.5262,"bogota","Cycling",NA,NA,"L3: stomach_cancer","PA",360031
"male","30-34","sc_cycle_ylls_pa_stomach_cancer_ub",1.05122,"bogota","Cycling",NA,NA,"L3: stomach_cancer","PA",321492
"male","35-39","sc_cycle_ylls_pa_stomach_cancer_ub",2.60015,"bogota","Cycling",NA,NA,"L3: stomach_cancer","PA",289808
"male","40-44","sc_cycle_ylls_pa_stomach_cancer_ub",1.77287,"bogota","Cycling",NA,NA,"L3: stomach_cancer","PA",244543
"male","45-49","sc_cycle_ylls_pa_stomach_cancer_ub",3.75207,"bogota","Cycling",NA,NA,"L3: stomach_cancer","PA",215491
"male","50-54","sc_cycle_ylls_pa_stomach_cancer_ub",3.65364,"bogota","Cycling",NA,NA,"L3: stomach_cancer","PA",209137
"male","55-59","sc_cycle_ylls_pa_stomach_cancer_ub",4.15298,"bogota","Cycling",NA,NA,"L3: stomach_cancer","PA",187551
"male","60-64","sc_cycle_ylls_pa_stomach_cancer_ub",4.55384,"bogota","Cycling",NA,NA,"L3: stomach_cancer","PA",146500
"male","65-69","sc_cycle_ylls_pa_stomach_cancer_ub",6.204,"bogota","Cycling",NA,NA,"L3: stomach_cancer","PA",105412
"female","15-19","sc_cycle_ylls_pa_stomach_cancer_ub",0.02401,"bogota","Cycling",NA,NA,"L3: stomach_cancer","PA",279280
"female","20-24","sc_cycle_ylls_pa_stomach_cancer_ub",0.13311,"bogota","Cycling",NA,NA,"L3: stomach_cancer","PA",360197
"female","25-29","sc_cycle_ylls_pa_stomach_cancer_ub",0.32823,"bogota","Cycling",NA,NA,"L3: stomach_cancer","PA",364423
"female","30-34","sc_cycle_ylls_pa_stomach_cancer_ub",0.83311,"bogota","Cycling",NA,NA,"L3: stomach_cancer","PA",330341
"female","35-39","sc_cycle_ylls_pa_stomach_cancer_ub",1.61467,"bogota","Cycling",NA,NA,"L3: stomach_cancer","PA",309304
"female","40-44","sc_cycle_ylls_pa_stomach_cancer_ub",1.58386,"bogota","Cycling",NA,NA,"L3: stomach_cancer","PA",275440
"female","45-49","sc_cycle_ylls_pa_stomach_cancer_ub",1.65537,"bogota","Cycling",NA,NA,"L3: stomach_cancer","PA",254843
"female","50-54","sc_cycle_ylls_pa_stomach_cancer_ub",1.9689,"bogota","Cycling",NA,NA,"L3: stomach_cancer","PA",256059
"female","55-59","sc_cycle_ylls_pa_stomach_cancer_ub",1.67389,"bogota","Cycling",NA,NA,"L3: stomach_cancer","PA",235548
"female","60-64","sc_cycle_ylls_pa_stomach_cancer_ub",1.82368,"bogota","Cycling",NA,NA,"L3: stomach_cancer","PA",189600
"female","65-69","sc_cycle_ylls_pa_stomach_cancer_ub",2.99632,"bogota","Cycling",NA,NA,"L3: stomach_cancer","PA",141409
"male","15-19","sc_car_ylls_pa_stomach_cancer_ub",-0.04472,"bogota","Car",NA,NA,"L3: stomach_cancer","PA",282736
"male","20-24","sc_car_ylls_pa_stomach_cancer_ub",-0.14466,"bogota","Car",NA,NA,"L3: stomach_cancer","PA",357934
"male","25-29","sc_car_ylls_pa_stomach_cancer_ub",-0.4287,"bogota","Car",NA,NA,"L3: stomach_cancer","PA",360031
"male","30-34","sc_car_ylls_pa_stomach_cancer_ub",-0.65303,"bogota","Car",NA,NA,"L3: stomach_cancer","PA",321492
"male","35-39","sc_car_ylls_pa_stomach_cancer_ub",-1.38917,"bogota","Car",NA,NA,"L3: stomach_cancer","PA",289808
"male","40-44","sc_car_ylls_pa_stomach_cancer_ub",-1.13899,"bogota","Car",NA,NA,"L3: stomach_cancer","PA",244543
"male","45-49","sc_car_ylls_pa_stomach_cancer_ub",-2.15588,"bogota","Car",NA,NA,"L3: stomach_cancer","PA",215491
"male","50-54","sc_car_ylls_pa_stomach_cancer_ub",-3.01483,"bogota","Car",NA,NA,"L3: stomach_cancer","PA",209137
"male","55-59","sc_car_ylls_pa_stomach_cancer_ub",-4.32687,"bogota","Car",NA,NA,"L3: stomach_cancer","PA",187551
"male","60-64","sc_car_ylls_pa_stomach_cancer_ub",-2.23519,"bogota","Car",NA,NA,"L3: stomach_cancer","PA",146500
"male","65-69","sc_car_ylls_pa_stomach_cancer_ub",-4.92112,"bogota","Car",NA,NA,"L3: stomach_cancer","PA",105412
"female","15-19","sc_car_ylls_pa_stomach_cancer_ub",-0.04339,"bogota","Car",NA,NA,"L3: stomach_cancer","PA",279280
"female","20-24","sc_car_ylls_pa_stomach_cancer_ub",-0.21283,"bogota","Car",NA,NA,"L3: stomach_cancer","PA",360197
"female","25-29","sc_car_ylls_pa_stomach_cancer_ub",-0.45844,"bogota","Car",NA,NA,"L3: stomach_cancer","PA",364423
"female","30-34","sc_car_ylls_pa_stomach_cancer_ub",-0.8626,"bogota","Car",NA,NA,"L3: stomach_cancer","PA",330341
"female","35-39","sc_car_ylls_pa_stomach_cancer_ub",-1.34665,"bogota","Car",NA,NA,"L3: stomach_cancer","PA",309304
"female","40-44","sc_car_ylls_pa_stomach_cancer_ub",-1.54939,"bogota","Car",NA,NA,"L3: stomach_cancer","PA",275440
"female","45-49","sc_car_ylls_pa_stomach_cancer_ub",-2.00929,"bogota","Car",NA,NA,"L3: stomach_cancer","PA",254843
"female","50-54","sc_car_ylls_pa_stomach_cancer_ub",-2.49894,"bogota","Car",NA,NA,"L3: stomach_cancer","PA",256059
"female","55-59","sc_car_ylls_pa_stomach_cancer_ub",-2.18773,"bogota","Car",NA,NA,"L3: stomach_cancer","PA",235548
"female","60-64","sc_car_ylls_pa_stomach_cancer_ub",-2.11683,"bogota","Car",NA,NA,"L3: stomach_cancer","PA",189600
"female","65-69","sc_car_ylls_pa_stomach_cancer_ub",-2.09306,"bogota","Car",NA,NA,"L3: stomach_cancer","PA",141409
"male","15-19","sc_bus_ylls_pa_stomach_cancer_ub",0.01933,"bogota","Bus",NA,NA,"L3: stomach_cancer","PA",282736
"male","20-24","sc_bus_ylls_pa_stomach_cancer_ub",0.11499,"bogota","Bus",NA,NA,"L3: stomach_cancer","PA",357934
"male","25-29","sc_bus_ylls_pa_stomach_cancer_ub",0.55555,"bogota","Bus",NA,NA,"L3: stomach_cancer","PA",360031
"male","30-34","sc_bus_ylls_pa_stomach_cancer_ub",1.13862,"bogota","Bus",NA,NA,"L3: stomach_cancer","PA",321492
"male","35-39","sc_bus_ylls_pa_stomach_cancer_ub",2.82918,"bogota","Bus",NA,NA,"L3: stomach_cancer","PA",289808
"male","40-44","sc_bus_ylls_pa_stomach_cancer_ub",2.38048,"bogota","Bus",NA,NA,"L3: stomach_cancer","PA",244543
"male","45-49","sc_bus_ylls_pa_stomach_cancer_ub",4.22175,"bogota","Bus",NA,NA,"L3: stomach_cancer","PA",215491
"male","50-54","sc_bus_ylls_pa_stomach_cancer_ub",4.79172,"bogota","Bus",NA,NA,"L3: stomach_cancer","PA",209137
"male","55-59","sc_bus_ylls_pa_stomach_cancer_ub",5.93234,"bogota","Bus",NA,NA,"L3: stomach_cancer","PA",187551
"male","60-64","sc_bus_ylls_pa_stomach_cancer_ub",5.27622,"bogota","Bus",NA,NA,"L3: stomach_cancer","PA",146500
"male","65-69","sc_bus_ylls_pa_stomach_cancer_ub",5.50424,"bogota","Bus",NA,NA,"L3: stomach_cancer","PA",105412
"female","15-19","sc_bus_ylls_pa_stomach_cancer_ub",0.02325,"bogota","Bus",NA,NA,"L3: stomach_cancer","PA",279280
"female","20-24","sc_bus_ylls_pa_stomach_cancer_ub",0.08291,"bogota","Bus",NA,NA,"L3: stomach_cancer","PA",360197
"female","25-29","sc_bus_ylls_pa_stomach_cancer_ub",0.30325,"bogota","Bus",NA,NA,"L3: stomach_cancer","PA",364423
"female","30-34","sc_bus_ylls_pa_stomach_cancer_ub",0.67283,"bogota","Bus",NA,NA,"L3: stomach_cancer","PA",330341
"female","35-39","sc_bus_ylls_pa_stomach_cancer_ub",1.43295,"bogota","Bus",NA,NA,"L3: stomach_cancer","PA",309304
"female","40-44","sc_bus_ylls_pa_stomach_cancer_ub",1.42855,"bogota","Bus",NA,NA,"L3: stomach_cancer","PA",275440
"female","45-49","sc_bus_ylls_pa_stomach_cancer_ub",1.35069,"bogota","Bus",NA,NA,"L3: stomach_cancer","PA",254843
"female","50-54","sc_bus_ylls_pa_stomach_cancer_ub",1.55118,"bogota","Bus",NA,NA,"L3: stomach_cancer","PA",256059
"female","55-59","sc_bus_ylls_pa_stomach_cancer_ub",1.9683,"bogota","Bus",NA,NA,"L3: stomach_cancer","PA",235548
"female","60-64","sc_bus_ylls_pa_stomach_cancer_ub",1.53324,"bogota","Bus",NA,NA,"L3: stomach_cancer","PA",189600
"female","65-69","sc_bus_ylls_pa_stomach_cancer_ub",1.76161,"bogota","Bus",NA,NA,"L3: stomach_cancer","PA",141409
"male","15-19","sc_cycle_ylls_pa_myeloid_leukemia",0.20312,"bogota","Cycling",NA,NA,"L3: Myeloid Leukemia","PA",282736
"male","20-24","sc_cycle_ylls_pa_myeloid_leukemia",0.28671,"bogota","Cycling",NA,NA,"L3: Myeloid Leukemia","PA",357934
"male","25-29","sc_cycle_ylls_pa_myeloid_leukemia",0.8717,"bogota","Cycling",NA,NA,"L3: Myeloid Leukemia","PA",360031
"male","30-34","sc_cycle_ylls_pa_myeloid_leukemia",0.8706,"bogota","Cycling",NA,NA,"L3: Myeloid Leukemia","PA",321492
"male","35-39","sc_cycle_ylls_pa_myeloid_leukemia",1.10258,"bogota","Cycling",NA,NA,"L3: Myeloid Leukemia","PA",289808
"male","40-44","sc_cycle_ylls_pa_myeloid_leukemia",0.58394,"bogota","Cycling",NA,NA,"L3: Myeloid Leukemia","PA",244543
"male","45-49","sc_cycle_ylls_pa_myeloid_leukemia",0.63981,"bogota","Cycling",NA,NA,"L3: Myeloid Leukemia","PA",215491
"male","50-54","sc_cycle_ylls_pa_myeloid_leukemia",0.61619,"bogota","Cycling",NA,NA,"L3: Myeloid Leukemia","PA",209137
"male","55-59","sc_cycle_ylls_pa_myeloid_leukemia",0.44591,"bogota","Cycling",NA,NA,"L3: Myeloid Leukemia","PA",187551
"male","60-64","sc_cycle_ylls_pa_myeloid_leukemia",0.44815,"bogota","Cycling",NA,NA,"L3: Myeloid Leukemia","PA",146500
"male","65-69","sc_cycle_ylls_pa_myeloid_leukemia",0.67397,"bogota","Cycling",NA,NA,"L3: Myeloid Leukemia","PA",105412
"female","15-19","sc_cycle_ylls_pa_myeloid_leukemia",0.14554,"bogota","Cycling",NA,NA,"L3: Myeloid Leukemia","PA",279280
"female","20-24","sc_cycle_ylls_pa_myeloid_leukemia",0.30953,"bogota","Cycling",NA,NA,"L3: Myeloid Leukemia","PA",360197
"female","25-29","sc_cycle_ylls_pa_myeloid_leukemia",0.23659,"bogota","Cycling",NA,NA,"L3: Myeloid Leukemia","PA",364423
"female","30-34","sc_cycle_ylls_pa_myeloid_leukemia",0.4773,"bogota","Cycling",NA,NA,"L3: Myeloid Leukemia","PA",330341
"female","35-39","sc_cycle_ylls_pa_myeloid_leukemia",0.54988,"bogota","Cycling",NA,NA,"L3: Myeloid Leukemia","PA",309304
"female","40-44","sc_cycle_ylls_pa_myeloid_leukemia",0.50435,"bogota","Cycling",NA,NA,"L3: Myeloid Leukemia","PA",275440
"female","45-49","sc_cycle_ylls_pa_myeloid_leukemia",0.43956,"bogota","Cycling",NA,NA,"L3: Myeloid Leukemia","PA",254843
"female","50-54","sc_cycle_ylls_pa_myeloid_leukemia",0.39731,"bogota","Cycling",NA,NA,"L3: Myeloid Leukemia","PA",256059
"female","55-59","sc_cycle_ylls_pa_myeloid_leukemia",0.41218,"bogota","Cycling",NA,NA,"L3: Myeloid Leukemia","PA",235548
"female","60-64","sc_cycle_ylls_pa_myeloid_leukemia",0.41309,"bogota","Cycling",NA,NA,"L3: Myeloid Leukemia","PA",189600
"female","65-69","sc_cycle_ylls_pa_myeloid_leukemia",0.57434,"bogota","Cycling",NA,NA,"L3: Myeloid Leukemia","PA",141409
"male","15-19","sc_car_ylls_pa_myeloid_leukemia",-0.40887,"bogota","Car",NA,NA,"L3: Myeloid Leukemia","PA",282736
"male","20-24","sc_car_ylls_pa_myeloid_leukemia",-0.55365,"bogota","Car",NA,NA,"L3: Myeloid Leukemia","PA",357934
"male","25-29","sc_car_ylls_pa_myeloid_leukemia",-0.88265,"bogota","Car",NA,NA,"L3: Myeloid Leukemia","PA",360031
"male","30-34","sc_car_ylls_pa_myeloid_leukemia",-0.5882,"bogota","Car",NA,NA,"L3: Myeloid Leukemia","PA",321492
"male","35-39","sc_car_ylls_pa_myeloid_leukemia",-0.66666,"bogota","Car",NA,NA,"L3: Myeloid Leukemia","PA",289808
"male","40-44","sc_car_ylls_pa_myeloid_leukemia",-0.3571,"bogota","Car",NA,NA,"L3: Myeloid Leukemia","PA",244543
"male","45-49","sc_car_ylls_pa_myeloid_leukemia",-0.5115,"bogota","Car",NA,NA,"L3: Myeloid Leukemia","PA",215491
"male","50-54","sc_car_ylls_pa_myeloid_leukemia",-0.51855,"bogota","Car",NA,NA,"L3: Myeloid Leukemia","PA",209137
"male","55-59","sc_car_ylls_pa_myeloid_leukemia",-0.61612,"bogota","Car",NA,NA,"L3: Myeloid Leukemia","PA",187551
"male","60-64","sc_car_ylls_pa_myeloid_leukemia",-0.20603,"bogota","Car",NA,NA,"L3: Myeloid Leukemia","PA",146500
"male","65-69","sc_car_ylls_pa_myeloid_leukemia",-0.56796,"bogota","Car",NA,NA,"L3: Myeloid Leukemia","PA",105412
"female","15-19","sc_car_ylls_pa_myeloid_leukemia",-0.42021,"bogota","Car",NA,NA,"L3: Myeloid Leukemia","PA",279280
"female","20-24","sc_car_ylls_pa_myeloid_leukemia",-0.67466,"bogota","Car",NA,NA,"L3: Myeloid Leukemia","PA",360197
"female","25-29","sc_car_ylls_pa_myeloid_leukemia",-0.45226,"bogota","Car",NA,NA,"L3: Myeloid Leukemia","PA",364423
"female","30-34","sc_car_ylls_pa_myeloid_leukemia",-0.54137,"bogota","Car",NA,NA,"L3: Myeloid Leukemia","PA",330341
"female","35-39","sc_car_ylls_pa_myeloid_leukemia",-0.55981,"bogota","Car",NA,NA,"L3: Myeloid Leukemia","PA",309304
"female","40-44","sc_car_ylls_pa_myeloid_leukemia",-0.60849,"bogota","Car",NA,NA,"L3: Myeloid Leukemia","PA",275440
"female","45-49","sc_car_ylls_pa_myeloid_leukemia",-0.57653,"bogota","Car",NA,NA,"L3: Myeloid Leukemia","PA",254843
"female","50-54","sc_car_ylls_pa_myeloid_leukemia",-0.5564,"bogota","Car",NA,NA,"L3: Myeloid Leukemia","PA",256059
"female","55-59","sc_car_ylls_pa_myeloid_leukemia",-0.54172,"bogota","Car",NA,NA,"L3: Myeloid Leukemia","PA",235548
"female","60-64","sc_car_ylls_pa_myeloid_leukemia",-0.39042,"bogota","Car",NA,NA,"L3: Myeloid Leukemia","PA",189600
"female","65-69","sc_car_ylls_pa_myeloid_leukemia",-0.42918,"bogota","Car",NA,NA,"L3: Myeloid Leukemia","PA",141409
"male","15-19","sc_bus_ylls_pa_myeloid_leukemia",0.35787,"bogota","Bus",NA,NA,"L3: Myeloid Leukemia","PA",282736
"male","20-24","sc_bus_ylls_pa_myeloid_leukemia",0.82901,"bogota","Bus",NA,NA,"L3: Myeloid Leukemia","PA",357934
"male","25-29","sc_bus_ylls_pa_myeloid_leukemia",1.73911,"bogota","Bus",NA,NA,"L3: Myeloid Leukemia","PA",360031
"male","30-34","sc_bus_ylls_pa_myeloid_leukemia",1.67685,"bogota","Bus",NA,NA,"L3: Myeloid Leukemia","PA",321492
"male","35-39","sc_bus_ylls_pa_myeloid_leukemia",2.36583,"bogota","Bus",NA,NA,"L3: Myeloid Leukemia","PA",289808
"male","40-44","sc_bus_ylls_pa_myeloid_leukemia",1.37538,"bogota","Bus",NA,NA,"L3: Myeloid Leukemia","PA",244543
"male","45-49","sc_bus_ylls_pa_myeloid_leukemia",1.44427,"bogota","Bus",NA,NA,"L3: Myeloid Leukemia","PA",215491
"male","50-54","sc_bus_ylls_pa_myeloid_leukemia",1.36628,"bogota","Bus",NA,NA,"L3: Myeloid Leukemia","PA",209137
"male","55-59","sc_bus_ylls_pa_myeloid_leukemia",1.61116,"bogota","Bus",NA,NA,"L3: Myeloid Leukemia","PA",187551
"male","60-64","sc_bus_ylls_pa_myeloid_leukemia",1.17804,"bogota","Bus",NA,NA,"L3: Myeloid Leukemia","PA",146500
"male","65-69","sc_bus_ylls_pa_myeloid_leukemia",1.2231,"bogota","Bus",NA,NA,"L3: Myeloid Leukemia","PA",105412
"female","15-19","sc_bus_ylls_pa_myeloid_leukemia",0.39886,"bogota","Bus",NA,NA,"L3: Myeloid Leukemia","PA",279280
"female","20-24","sc_bus_ylls_pa_myeloid_leukemia",0.52293,"bogota","Bus",NA,NA,"L3: Myeloid Leukemia","PA",360197
"female","25-29","sc_bus_ylls_pa_myeloid_leukemia",0.58738,"bogota","Bus",NA,NA,"L3: Myeloid Leukemia","PA",364423
"female","30-34","sc_bus_ylls_pa_myeloid_leukemia",0.79739,"bogota","Bus",NA,NA,"L3: Myeloid Leukemia","PA",330341
"female","35-39","sc_bus_ylls_pa_myeloid_leukemia",1.13169,"bogota","Bus",NA,NA,"L3: Myeloid Leukemia","PA",309304
"female","40-44","sc_bus_ylls_pa_myeloid_leukemia",0.98253,"bogota","Bus",NA,NA,"L3: Myeloid Leukemia","PA",275440
"female","45-49","sc_bus_ylls_pa_myeloid_leukemia",0.75045,"bogota","Bus",NA,NA,"L3: Myeloid Leukemia","PA",254843
"female","50-54","sc_bus_ylls_pa_myeloid_leukemia",0.65532,"bogota","Bus",NA,NA,"L3: Myeloid Leukemia","PA",256059
"female","55-59","sc_bus_ylls_pa_myeloid_leukemia",0.94911,"bogota","Bus",NA,NA,"L3: Myeloid Leukemia","PA",235548
"female","60-64","sc_bus_ylls_pa_myeloid_leukemia",0.55979,"bogota","Bus",NA,NA,"L3: Myeloid Leukemia","PA",189600
"female","65-69","sc_bus_ylls_pa_myeloid_leukemia",0.75386,"bogota","Bus",NA,NA,"L3: Myeloid Leukemia","PA",141409
"male","15-19","sc_cycle_ylls_pa_myeloid_leukemia_lb",0.35621,"bogota","Cycling",NA,NA,"L3: Myeloid Leukemia","PA",282736
"male","20-24","sc_cycle_ylls_pa_myeloid_leukemia_lb",0.51456,"bogota","Cycling",NA,NA,"L3: Myeloid Leukemia","PA",357934
"male","25-29","sc_cycle_ylls_pa_myeloid_leukemia_lb",1.54608,"bogota","Cycling",NA,NA,"L3: Myeloid Leukemia","PA",360031
"male","30-34","sc_cycle_ylls_pa_myeloid_leukemia_lb",1.55931,"bogota","Cycling",NA,NA,"L3: Myeloid Leukemia","PA",321492
"male","35-39","sc_cycle_ylls_pa_myeloid_leukemia_lb",1.9328,"bogota","Cycling",NA,NA,"L3: Myeloid Leukemia","PA",289808
"male","40-44","sc_cycle_ylls_pa_myeloid_leukemia_lb",1.04771,"bogota","Cycling",NA,NA,"L3: Myeloid Leukemia","PA",244543
"male","45-49","sc_cycle_ylls_pa_myeloid_leukemia_lb",1.09924,"bogota","Cycling",NA,NA,"L3: Myeloid Leukemia","PA",215491
"male","50-54","sc_cycle_ylls_pa_myeloid_leukemia_lb",1.10669,"bogota","Cycling",NA,NA,"L3: Myeloid Leukemia","PA",209137
"male","55-59","sc_cycle_ylls_pa_myeloid_leukemia_lb",0.75003,"bogota","Cycling",NA,NA,"L3: Myeloid Leukemia","PA",187551
"male","60-64","sc_cycle_ylls_pa_myeloid_leukemia_lb",0.7665,"bogota","Cycling",NA,NA,"L3: Myeloid Leukemia","PA",146500
"male","65-69","sc_cycle_ylls_pa_myeloid_leukemia_lb",1.14046,"bogota","Cycling",NA,NA,"L3: Myeloid Leukemia","PA",105412
"female","15-19","sc_cycle_ylls_pa_myeloid_leukemia_lb",0.24435,"bogota","Cycling",NA,NA,"L3: Myeloid Leukemia","PA",279280
"female","20-24","sc_cycle_ylls_pa_myeloid_leukemia_lb",0.53045,"bogota","Cycling",NA,NA,"L3: Myeloid Leukemia","PA",360197
"female","25-29","sc_cycle_ylls_pa_myeloid_leukemia_lb",0.39163,"bogota","Cycling",NA,NA,"L3: Myeloid Leukemia","PA",364423
"female","30-34","sc_cycle_ylls_pa_myeloid_leukemia_lb",0.831,"bogota","Cycling",NA,NA,"L3: Myeloid Leukemia","PA",330341
"female","35-39","sc_cycle_ylls_pa_myeloid_leukemia_lb",0.93825,"bogota","Cycling",NA,NA,"L3: Myeloid Leukemia","PA",309304
"female","40-44","sc_cycle_ylls_pa_myeloid_leukemia_lb",0.88428,"bogota","Cycling",NA,NA,"L3: Myeloid Leukemia","PA",275440
"female","45-49","sc_cycle_ylls_pa_myeloid_leukemia_lb",0.77529,"bogota","Cycling",NA,NA,"L3: Myeloid Leukemia","PA",254843
"female","50-54","sc_cycle_ylls_pa_myeloid_leukemia_lb",0.69064,"bogota","Cycling",NA,NA,"L3: Myeloid Leukemia","PA",256059
"female","55-59","sc_cycle_ylls_pa_myeloid_leukemia_lb",0.7324,"bogota","Cycling",NA,NA,"L3: Myeloid Leukemia","PA",235548
"female","60-64","sc_cycle_ylls_pa_myeloid_leukemia_lb",0.73962,"bogota","Cycling",NA,NA,"L3: Myeloid Leukemia","PA",189600
"female","65-69","sc_cycle_ylls_pa_myeloid_leukemia_lb",0.96489,"bogota","Cycling",NA,NA,"L3: Myeloid Leukemia","PA",141409
"male","15-19","sc_car_ylls_pa_myeloid_leukemia_lb",-0.73508,"bogota","Car",NA,NA,"L3: Myeloid Leukemia","PA",282736
"male","20-24","sc_car_ylls_pa_myeloid_leukemia_lb",-0.96957,"bogota","Car",NA,NA,"L3: Myeloid Leukemia","PA",357934
"male","25-29","sc_car_ylls_pa_myeloid_leukemia_lb",-1.60156,"bogota","Car",NA,NA,"L3: Myeloid Leukemia","PA",360031
"male","30-34","sc_car_ylls_pa_myeloid_leukemia_lb",-1.0395,"bogota","Car",NA,NA,"L3: Myeloid Leukemia","PA",321492
"male","35-39","sc_car_ylls_pa_myeloid_leukemia_lb",-1.15862,"bogota","Car",NA,NA,"L3: Myeloid Leukemia","PA",289808
"male","40-44","sc_car_ylls_pa_myeloid_leukemia_lb",-0.62635,"bogota","Car",NA,NA,"L3: Myeloid Leukemia","PA",244543
"male","45-49","sc_car_ylls_pa_myeloid_leukemia_lb",-0.91252,"bogota","Car",NA,NA,"L3: Myeloid Leukemia","PA",215491
"male","50-54","sc_car_ylls_pa_myeloid_leukemia_lb",-0.90833,"bogota","Car",NA,NA,"L3: Myeloid Leukemia","PA",209137
"male","55-59","sc_car_ylls_pa_myeloid_leukemia_lb",-1.0587,"bogota","Car",NA,NA,"L3: Myeloid Leukemia","PA",187551
"male","60-64","sc_car_ylls_pa_myeloid_leukemia_lb",-0.3306,"bogota","Car",NA,NA,"L3: Myeloid Leukemia","PA",146500
"male","65-69","sc_car_ylls_pa_myeloid_leukemia_lb",-0.94977,"bogota","Car",NA,NA,"L3: Myeloid Leukemia","PA",105412
"female","15-19","sc_car_ylls_pa_myeloid_leukemia_lb",-0.73701,"bogota","Car",NA,NA,"L3: Myeloid Leukemia","PA",279280
"female","20-24","sc_car_ylls_pa_myeloid_leukemia_lb",-1.18085,"bogota","Car",NA,NA,"L3: Myeloid Leukemia","PA",360197
"female","25-29","sc_car_ylls_pa_myeloid_leukemia_lb",-0.76504,"bogota","Car",NA,NA,"L3: Myeloid Leukemia","PA",364423
"female","30-34","sc_car_ylls_pa_myeloid_leukemia_lb",-0.92525,"bogota","Car",NA,NA,"L3: Myeloid Leukemia","PA",330341
"female","35-39","sc_car_ylls_pa_myeloid_leukemia_lb",-0.96146,"bogota","Car",NA,NA,"L3: Myeloid Leukemia","PA",309304
"female","40-44","sc_car_ylls_pa_myeloid_leukemia_lb",-1.07593,"bogota","Car",NA,NA,"L3: Myeloid Leukemia","PA",275440
"female","45-49","sc_car_ylls_pa_myeloid_leukemia_lb",-0.97983,"bogota","Car",NA,NA,"L3: Myeloid Leukemia","PA",254843
"female","50-54","sc_car_ylls_pa_myeloid_leukemia_lb",-0.95336,"bogota","Car",NA,NA,"L3: Myeloid Leukemia","PA",256059
"female","55-59","sc_car_ylls_pa_myeloid_leukemia_lb",-0.91945,"bogota","Car",NA,NA,"L3: Myeloid Leukemia","PA",235548
"female","60-64","sc_car_ylls_pa_myeloid_leukemia_lb",-0.6408,"bogota","Car",NA,NA,"L3: Myeloid Leukemia","PA",189600
"female","65-69","sc_car_ylls_pa_myeloid_leukemia_lb",-0.70535,"bogota","Car",NA,NA,"L3: Myeloid Leukemia","PA",141409
"male","15-19","sc_bus_ylls_pa_myeloid_leukemia_lb",0.69795,"bogota","Bus",NA,NA,"L3: Myeloid Leukemia","PA",282736
"male","20-24","sc_bus_ylls_pa_myeloid_leukemia_lb",1.60131,"bogota","Bus",NA,NA,"L3: Myeloid Leukemia","PA",357934
"male","25-29","sc_bus_ylls_pa_myeloid_leukemia_lb",3.29945,"bogota","Bus",NA,NA,"L3: Myeloid Leukemia","PA",360031
"male","30-34","sc_bus_ylls_pa_myeloid_leukemia_lb",3.18397,"bogota","Bus",NA,NA,"L3: Myeloid Leukemia","PA",321492
"male","35-39","sc_bus_ylls_pa_myeloid_leukemia_lb",4.47335,"bogota","Bus",NA,NA,"L3: Myeloid Leukemia","PA",289808
"male","40-44","sc_bus_ylls_pa_myeloid_leukemia_lb",2.58943,"bogota","Bus",NA,NA,"L3: Myeloid Leukemia","PA",244543
"male","45-49","sc_bus_ylls_pa_myeloid_leukemia_lb",2.67452,"bogota","Bus",NA,NA,"L3: Myeloid Leukemia","PA",215491
"male","50-54","sc_bus_ylls_pa_myeloid_leukemia_lb",2.57828,"bogota","Bus",NA,NA,"L3: Myeloid Leukemia","PA",209137
"male","55-59","sc_bus_ylls_pa_myeloid_leukemia_lb",3.04641,"bogota","Bus",NA,NA,"L3: Myeloid Leukemia","PA",187551
"male","60-64","sc_bus_ylls_pa_myeloid_leukemia_lb",2.2276,"bogota","Bus",NA,NA,"L3: Myeloid Leukemia","PA",146500
"male","65-69","sc_bus_ylls_pa_myeloid_leukemia_lb",2.24164,"bogota","Bus",NA,NA,"L3: Myeloid Leukemia","PA",105412
"female","15-19","sc_bus_ylls_pa_myeloid_leukemia_lb",0.75946,"bogota","Bus",NA,NA,"L3: Myeloid Leukemia","PA",279280
"female","20-24","sc_bus_ylls_pa_myeloid_leukemia_lb",0.99971,"bogota","Bus",NA,NA,"L3: Myeloid Leukemia","PA",360197
"female","25-29","sc_bus_ylls_pa_myeloid_leukemia_lb",1.09828,"bogota","Bus",NA,NA,"L3: Myeloid Leukemia","PA",364423
"female","30-34","sc_bus_ylls_pa_myeloid_leukemia_lb",1.49111,"bogota","Bus",NA,NA,"L3: Myeloid Leukemia","PA",330341
"female","35-39","sc_bus_ylls_pa_myeloid_leukemia_lb",2.1421,"bogota","Bus",NA,NA,"L3: Myeloid Leukemia","PA",309304
"female","40-44","sc_bus_ylls_pa_myeloid_leukemia_lb",1.87337,"bogota","Bus",NA,NA,"L3: Myeloid Leukemia","PA",275440
"female","45-49","sc_bus_ylls_pa_myeloid_leukemia_lb",1.422,"bogota","Bus",NA,NA,"L3: Myeloid Leukemia","PA",254843
"female","50-54","sc_bus_ylls_pa_myeloid_leukemia_lb",1.22628,"bogota","Bus",NA,NA,"L3: Myeloid Leukemia","PA",256059
"female","55-59","sc_bus_ylls_pa_myeloid_leukemia_lb",1.78659,"bogota","Bus",NA,NA,"L3: Myeloid Leukemia","PA",235548
"female","60-64","sc_bus_ylls_pa_myeloid_leukemia_lb",1.03215,"bogota","Bus",NA,NA,"L3: Myeloid Leukemia","PA",189600
"female","65-69","sc_bus_ylls_pa_myeloid_leukemia_lb",1.38033,"bogota","Bus",NA,NA,"L3: Myeloid Leukemia","PA",141409
"male","15-19","sc_cycle_ylls_pa_myeloid_leukemia_ub",0.06593,"bogota","Cycling",NA,NA,"L3: Myeloid Leukemia","PA",282736
"male","20-24","sc_cycle_ylls_pa_myeloid_leukemia_ub",0.08344,"bogota","Cycling",NA,NA,"L3: Myeloid Leukemia","PA",357934
"male","25-29","sc_cycle_ylls_pa_myeloid_leukemia_ub",0.25651,"bogota","Cycling",NA,NA,"L3: Myeloid Leukemia","PA",360031
"male","30-34","sc_cycle_ylls_pa_myeloid_leukemia_ub",0.24206,"bogota","Cycling",NA,NA,"L3: Myeloid Leukemia","PA",321492
"male","35-39","sc_cycle_ylls_pa_myeloid_leukemia_ub",0.31844,"bogota","Cycling",NA,NA,"L3: Myeloid Leukemia","PA",289808
"male","40-44","sc_cycle_ylls_pa_myeloid_leukemia_ub",0.15803,"bogota","Cycling",NA,NA,"L3: Myeloid Leukemia","PA",244543
"male","45-49","sc_cycle_ylls_pa_myeloid_leukemia_ub",0.20337,"bogota","Cycling",NA,NA,"L3: Myeloid Leukemia","PA",215491
"male","50-54","sc_cycle_ylls_pa_myeloid_leukemia_ub",0.16845,"bogota","Cycling",NA,NA,"L3: Myeloid Leukemia","PA",209137
"male","55-59","sc_cycle_ylls_pa_myeloid_leukemia_ub",0.15137,"bogota","Cycling",NA,NA,"L3: Myeloid Leukemia","PA",187551
"male","60-64","sc_cycle_ylls_pa_myeloid_leukemia_ub",0.14295,"bogota","Cycling",NA,NA,"L3: Myeloid Leukemia","PA",146500
"male","65-69","sc_cycle_ylls_pa_myeloid_leukemia_ub",0.20341,"bogota","Cycling",NA,NA,"L3: Myeloid Leukemia","PA",105412
"female","15-19","sc_cycle_ylls_pa_myeloid_leukemia_ub",0.05275,"bogota","Cycling",NA,NA,"L3: Myeloid Leukemia","PA",279280
"female","20-24","sc_cycle_ylls_pa_myeloid_leukemia_ub",0.10278,"bogota","Cycling",NA,NA,"L3: Myeloid Leukemia","PA",360197
"female","25-29","sc_cycle_ylls_pa_myeloid_leukemia_ub",0.09016,"bogota","Cycling",NA,NA,"L3: Myeloid Leukemia","PA",364423
"female","30-34","sc_cycle_ylls_pa_myeloid_leukemia_ub",0.14962,"bogota","Cycling",NA,NA,"L3: Myeloid Leukemia","PA",330341
"female","35-39","sc_cycle_ylls_pa_myeloid_leukemia_ub",0.18337,"bogota","Cycling",NA,NA,"L3: Myeloid Leukemia","PA",309304
"female","40-44","sc_cycle_ylls_pa_myeloid_leukemia_ub",0.14669,"bogota","Cycling",NA,NA,"L3: Myeloid Leukemia","PA",275440
"female","45-49","sc_cycle_ylls_pa_myeloid_leukemia_ub",0.12799,"bogota","Cycling",NA,NA,"L3: Myeloid Leukemia","PA",254843
"female","50-54","sc_cycle_ylls_pa_myeloid_leukemia_ub",0.12037,"bogota","Cycling",NA,NA,"L3: Myeloid Leukemia","PA",256059
"female","55-59","sc_cycle_ylls_pa_myeloid_leukemia_ub",0.11712,"bogota","Cycling",NA,NA,"L3: Myeloid Leukemia","PA",235548
"female","60-64","sc_cycle_ylls_pa_myeloid_leukemia_ub",0.10915,"bogota","Cycling",NA,NA,"L3: Myeloid Leukemia","PA",189600
"female","65-69","sc_cycle_ylls_pa_myeloid_leukemia_ub",0.17869,"bogota","Cycling",NA,NA,"L3: Myeloid Leukemia","PA",141409
"male","15-19","sc_car_ylls_pa_myeloid_leukemia_ub",-0.11755,"bogota","Car",NA,NA,"L3: Myeloid Leukemia","PA",282736
"male","20-24","sc_car_ylls_pa_myeloid_leukemia_ub",-0.17324,"bogota","Car",NA,NA,"L3: Myeloid Leukemia","PA",357934
"male","25-29","sc_car_ylls_pa_myeloid_leukemia_ub",-0.235,"bogota","Car",NA,NA,"L3: Myeloid Leukemia","PA",360031
"male","30-34","sc_car_ylls_pa_myeloid_leukemia_ub",-0.16765,"bogota","Car",NA,NA,"L3: Myeloid Leukemia","PA",321492
"male","35-39","sc_car_ylls_pa_myeloid_leukemia_ub",-0.19089,"bogota","Car",NA,NA,"L3: Myeloid Leukemia","PA",289808
"male","40-44","sc_car_ylls_pa_myeloid_leukemia_ub",-0.10298,"bogota","Car",NA,NA,"L3: Myeloid Leukemia","PA",244543
"male","45-49","sc_car_ylls_pa_myeloid_leukemia_ub",-0.13101,"bogota","Car",NA,NA,"L3: Myeloid Leukemia","PA",215491
"male","50-54","sc_car_ylls_pa_myeloid_leukemia_ub",-0.15503,"bogota","Car",NA,NA,"L3: Myeloid Leukemia","PA",209137
"male","55-59","sc_car_ylls_pa_myeloid_leukemia_ub",-0.19229,"bogota","Car",NA,NA,"L3: Myeloid Leukemia","PA",187551
"male","60-64","sc_car_ylls_pa_myeloid_leukemia_ub",-0.07609,"bogota","Car",NA,NA,"L3: Myeloid Leukemia","PA",146500
"male","65-69","sc_car_ylls_pa_myeloid_leukemia_ub",-0.18079,"bogota","Car",NA,NA,"L3: Myeloid Leukemia","PA",105412
"female","15-19","sc_car_ylls_pa_myeloid_leukemia_ub",-0.12437,"bogota","Car",NA,NA,"L3: Myeloid Leukemia","PA",279280
"female","20-24","sc_car_ylls_pa_myeloid_leukemia_ub",-0.20619,"bogota","Car",NA,NA,"L3: Myeloid Leukemia","PA",360197
"female","25-29","sc_car_ylls_pa_myeloid_leukemia_ub",-0.16067,"bogota","Car",NA,NA,"L3: Myeloid Leukemia","PA",364423
"female","30-34","sc_car_ylls_pa_myeloid_leukemia_ub",-0.1796,"bogota","Car",NA,NA,"L3: Myeloid Leukemia","PA",330341
"female","35-39","sc_car_ylls_pa_myeloid_leukemia_ub",-0.17644,"bogota","Car",NA,NA,"L3: Myeloid Leukemia","PA",309304
"female","40-44","sc_car_ylls_pa_myeloid_leukemia_ub",-0.16761,"bogota","Car",NA,NA,"L3: Myeloid Leukemia","PA",275440
"female","45-49","sc_car_ylls_pa_myeloid_leukemia_ub",-0.18332,"bogota","Car",NA,NA,"L3: Myeloid Leukemia","PA",254843
"female","50-54","sc_car_ylls_pa_myeloid_leukemia_ub",-0.18022,"bogota","Car",NA,NA,"L3: Myeloid Leukemia","PA",256059
"female","55-59","sc_car_ylls_pa_myeloid_leukemia_ub",-0.17719,"bogota","Car",NA,NA,"L3: Myeloid Leukemia","PA",235548
"female","60-64","sc_car_ylls_pa_myeloid_leukemia_ub",-0.13861,"bogota","Car",NA,NA,"L3: Myeloid Leukemia","PA",189600
"female","65-69","sc_car_ylls_pa_myeloid_leukemia_ub",-0.13969,"bogota","Car",NA,NA,"L3: Myeloid Leukemia","PA",141409
"male","15-19","sc_bus_ylls_pa_myeloid_leukemia_ub",0.06043,"bogota","Bus",NA,NA,"L3: Myeloid Leukemia","PA",282736
"male","20-24","sc_bus_ylls_pa_myeloid_leukemia_ub",0.15592,"bogota","Bus",NA,NA,"L3: Myeloid Leukemia","PA",357934
"male","25-29","sc_bus_ylls_pa_myeloid_leukemia_ub",0.3459,"bogota","Bus",NA,NA,"L3: Myeloid Leukemia","PA",360031
"male","30-34","sc_bus_ylls_pa_myeloid_leukemia_ub",0.32415,"bogota","Bus",NA,NA,"L3: Myeloid Leukemia","PA",321492
"male","35-39","sc_bus_ylls_pa_myeloid_leukemia_ub",0.43456,"bogota","Bus",NA,NA,"L3: Myeloid Leukemia","PA",289808
"male","40-44","sc_bus_ylls_pa_myeloid_leukemia_ub",0.26707,"bogota","Bus",NA,NA,"L3: Myeloid Leukemia","PA",244543
"male","45-49","sc_bus_ylls_pa_myeloid_leukemia_ub",0.29543,"bogota","Bus",NA,NA,"L3: Myeloid Leukemia","PA",215491
"male","50-54","sc_bus_ylls_pa_myeloid_leukemia_ub",0.26806,"bogota","Bus",NA,NA,"L3: Myeloid Leukemia","PA",209137
"male","55-59","sc_bus_ylls_pa_myeloid_leukemia_ub",0.29943,"bogota","Bus",NA,NA,"L3: Myeloid Leukemia","PA",187551
"male","60-64","sc_bus_ylls_pa_myeloid_leukemia_ub",0.21704,"bogota","Bus",NA,NA,"L3: Myeloid Leukemia","PA",146500
"male","65-69","sc_bus_ylls_pa_myeloid_leukemia_ub",0.22999,"bogota","Bus",NA,NA,"L3: Myeloid Leukemia","PA",105412
"female","15-19","sc_bus_ylls_pa_myeloid_leukemia_ub",0.07489,"bogota","Bus",NA,NA,"L3: Myeloid Leukemia","PA",279280
"female","20-24","sc_bus_ylls_pa_myeloid_leukemia_ub",0.09545,"bogota","Bus",NA,NA,"L3: Myeloid Leukemia","PA",360197
"female","25-29","sc_bus_ylls_pa_myeloid_leukemia_ub",0.12573,"bogota","Bus",NA,NA,"L3: Myeloid Leukemia","PA",364423
"female","30-34","sc_bus_ylls_pa_myeloid_leukemia_ub",0.15772,"bogota","Bus",NA,NA,"L3: Myeloid Leukemia","PA",330341
"female","35-39","sc_bus_ylls_pa_myeloid_leukemia_ub",0.21678,"bogota","Bus",NA,NA,"L3: Myeloid Leukemia","PA",309304
"female","40-44","sc_bus_ylls_pa_myeloid_leukemia_ub",0.17819,"bogota","Bus",NA,NA,"L3: Myeloid Leukemia","PA",275440
"female","45-49","sc_bus_ylls_pa_myeloid_leukemia_ub",0.14568,"bogota","Bus",NA,NA,"L3: Myeloid Leukemia","PA",254843
"female","50-54","sc_bus_ylls_pa_myeloid_leukemia_ub",0.12993,"bogota","Bus",NA,NA,"L3: Myeloid Leukemia","PA",256059
"female","55-59","sc_bus_ylls_pa_myeloid_leukemia_ub",0.18626,"bogota","Bus",NA,NA,"L3: Myeloid Leukemia","PA",235548
"female","60-64","sc_bus_ylls_pa_myeloid_leukemia_ub",0.11759,"bogota","Bus",NA,NA,"L3: Myeloid Leukemia","PA",189600
"female","65-69","sc_bus_ylls_pa_myeloid_leukemia_ub",0.13961,"bogota","Bus",NA,NA,"L3: Myeloid Leukemia","PA",141409
"male","15-19","sc_cycle_ylls_ap_respiratory",-0.22698,"bogota","Cycling",NA,"L2: Respiratory",NA,"AP",282736
"male","20-24","sc_cycle_ylls_ap_respiratory",-0.46765,"bogota","Cycling",NA,"L2: Respiratory",NA,"AP",357934
"male","25-29","sc_cycle_ylls_ap_respiratory",-0.67211,"bogota","Cycling",NA,"L2: Respiratory",NA,"AP",360031
"male","30-34","sc_cycle_ylls_ap_respiratory",-0.60273,"bogota","Cycling",NA,"L2: Respiratory",NA,"AP",321492
"male","35-39","sc_cycle_ylls_ap_respiratory",-0.87759,"bogota","Cycling",NA,"L2: Respiratory",NA,"AP",289808
"male","40-44","sc_cycle_ylls_ap_respiratory",-0.59563,"bogota","Cycling",NA,"L2: Respiratory",NA,"AP",244543
"male","45-49","sc_cycle_ylls_ap_respiratory",-0.78249,"bogota","Cycling",NA,"L2: Respiratory",NA,"AP",215491
"male","50-54","sc_cycle_ylls_ap_respiratory",-0.77691,"bogota","Cycling",NA,"L2: Respiratory",NA,"AP",209137
"male","55-59","sc_cycle_ylls_ap_respiratory",-0.98062,"bogota","Cycling",NA,"L2: Respiratory",NA,"AP",187551
"male","60-64","sc_cycle_ylls_ap_respiratory",-1.72434,"bogota","Cycling",NA,"L2: Respiratory",NA,"AP",146500
"male","65-69","sc_cycle_ylls_ap_respiratory",-1.62202,"bogota","Cycling",NA,"L2: Respiratory",NA,"AP",105412
"female","15-19","sc_cycle_ylls_ap_respiratory",-0.18484,"bogota","Cycling",NA,"L2: Respiratory",NA,"AP",279280
"female","20-24","sc_cycle_ylls_ap_respiratory",-0.42633,"bogota","Cycling",NA,"L2: Respiratory",NA,"AP",360197
"female","25-29","sc_cycle_ylls_ap_respiratory",-0.51167,"bogota","Cycling",NA,"L2: Respiratory",NA,"AP",364423
"female","30-34","sc_cycle_ylls_ap_respiratory",-0.40104,"bogota","Cycling",NA,"L2: Respiratory",NA,"AP",330341
"female","35-39","sc_cycle_ylls_ap_respiratory",-0.57261,"bogota","Cycling",NA,"L2: Respiratory",NA,"AP",309304
"female","40-44","sc_cycle_ylls_ap_respiratory",-0.69083,"bogota","Cycling",NA,"L2: Respiratory",NA,"AP",275440
"female","45-49","sc_cycle_ylls_ap_respiratory",-0.36328,"bogota","Cycling",NA,"L2: Respiratory",NA,"AP",254843
"female","50-54","sc_cycle_ylls_ap_respiratory",-0.42914,"bogota","Cycling",NA,"L2: Respiratory",NA,"AP",256059
"female","55-59","sc_cycle_ylls_ap_respiratory",-0.40461,"bogota","Cycling",NA,"L2: Respiratory",NA,"AP",235548
"female","60-64","sc_cycle_ylls_ap_respiratory",-0.42333,"bogota","Cycling",NA,"L2: Respiratory",NA,"AP",189600
"female","65-69","sc_cycle_ylls_ap_respiratory",-0.71396,"bogota","Cycling",NA,"L2: Respiratory",NA,"AP",141409
"male","15-19","sc_car_ylls_ap_respiratory",-0.13864,"bogota","Car",NA,"L2: Respiratory",NA,"AP",282736
"male","20-24","sc_car_ylls_ap_respiratory",-0.33915,"bogota","Car",NA,"L2: Respiratory",NA,"AP",357934
"male","25-29","sc_car_ylls_ap_respiratory",-0.24648,"bogota","Car",NA,"L2: Respiratory",NA,"AP",360031
"male","30-34","sc_car_ylls_ap_respiratory",-0.34792,"bogota","Car",NA,"L2: Respiratory",NA,"AP",321492
"male","35-39","sc_car_ylls_ap_respiratory",-0.33386,"bogota","Car",NA,"L2: Respiratory",NA,"AP",289808
"male","40-44","sc_car_ylls_ap_respiratory",-0.24629,"bogota","Car",NA,"L2: Respiratory",NA,"AP",244543
"male","45-49","sc_car_ylls_ap_respiratory",-0.38121,"bogota","Car",NA,"L2: Respiratory",NA,"AP",215491
"male","50-54","sc_car_ylls_ap_respiratory",-0.4133,"bogota","Car",NA,"L2: Respiratory",NA,"AP",209137
"male","55-59","sc_car_ylls_ap_respiratory",-0.82259,"bogota","Car",NA,"L2: Respiratory",NA,"AP",187551
"male","60-64","sc_car_ylls_ap_respiratory",-0.74275,"bogota","Car",NA,"L2: Respiratory",NA,"AP",146500
"male","65-69","sc_car_ylls_ap_respiratory",-1.79716,"bogota","Car",NA,"L2: Respiratory",NA,"AP",105412
"female","15-19","sc_car_ylls_ap_respiratory",-0.10499,"bogota","Car",NA,"L2: Respiratory",NA,"AP",279280
"female","20-24","sc_car_ylls_ap_respiratory",-0.20593,"bogota","Car",NA,"L2: Respiratory",NA,"AP",360197
"female","25-29","sc_car_ylls_ap_respiratory",-0.23077,"bogota","Car",NA,"L2: Respiratory",NA,"AP",364423
"female","30-34","sc_car_ylls_ap_respiratory",-0.28437,"bogota","Car",NA,"L2: Respiratory",NA,"AP",330341
"female","35-39","sc_car_ylls_ap_respiratory",-0.27286,"bogota","Car",NA,"L2: Respiratory",NA,"AP",309304
"female","40-44","sc_car_ylls_ap_respiratory",-0.18692,"bogota","Car",NA,"L2: Respiratory",NA,"AP",275440
"female","45-49","sc_car_ylls_ap_respiratory",-0.35796,"bogota","Car",NA,"L2: Respiratory",NA,"AP",254843
"female","50-54","sc_car_ylls_ap_respiratory",-0.60388,"bogota","Car",NA,"L2: Respiratory",NA,"AP",256059
"female","55-59","sc_car_ylls_ap_respiratory",-0.63282,"bogota","Car",NA,"L2: Respiratory",NA,"AP",235548
"female","60-64","sc_car_ylls_ap_respiratory",-1.00962,"bogota","Car",NA,"L2: Respiratory",NA,"AP",189600
"female","65-69","sc_car_ylls_ap_respiratory",-0.66671,"bogota","Car",NA,"L2: Respiratory",NA,"AP",141409
"male","15-19","sc_bus_ylls_ap_respiratory",0.14485,"bogota","Bus",NA,"L2: Respiratory",NA,"AP",282736
"male","20-24","sc_bus_ylls_ap_respiratory",0.29156,"bogota","Bus",NA,"L2: Respiratory",NA,"AP",357934
"male","25-29","sc_bus_ylls_ap_respiratory",0.47514,"bogota","Bus",NA,"L2: Respiratory",NA,"AP",360031
"male","30-34","sc_bus_ylls_ap_respiratory",0.40526,"bogota","Bus",NA,"L2: Respiratory",NA,"AP",321492
"male","35-39","sc_bus_ylls_ap_respiratory",0.70351,"bogota","Bus",NA,"L2: Respiratory",NA,"AP",289808
"male","40-44","sc_bus_ylls_ap_respiratory",0.67482,"bogota","Bus",NA,"L2: Respiratory",NA,"AP",244543
"male","45-49","sc_bus_ylls_ap_respiratory",0.79663,"bogota","Bus",NA,"L2: Respiratory",NA,"AP",215491
"male","50-54","sc_bus_ylls_ap_respiratory",0.97934,"bogota","Bus",NA,"L2: Respiratory",NA,"AP",209137
"male","55-59","sc_bus_ylls_ap_respiratory",1.343,"bogota","Bus",NA,"L2: Respiratory",NA,"AP",187551
"male","60-64","sc_bus_ylls_ap_respiratory",1.39093,"bogota","Bus",NA,"L2: Respiratory",NA,"AP",146500
"male","65-69","sc_bus_ylls_ap_respiratory",1.35382,"bogota","Bus",NA,"L2: Respiratory",NA,"AP",105412
"female","15-19","sc_bus_ylls_ap_respiratory",0.04893,"bogota","Bus",NA,"L2: Respiratory",NA,"AP",279280
"female","20-24","sc_bus_ylls_ap_respiratory",0.05473,"bogota","Bus",NA,"L2: Respiratory",NA,"AP",360197
"female","25-29","sc_bus_ylls_ap_respiratory",0.09925,"bogota","Bus",NA,"L2: Respiratory",NA,"AP",364423
"female","30-34","sc_bus_ylls_ap_respiratory",0.23403,"bogota","Bus",NA,"L2: Respiratory",NA,"AP",330341
"female","35-39","sc_bus_ylls_ap_respiratory",0.25829,"bogota","Bus",NA,"L2: Respiratory",NA,"AP",309304
"female","40-44","sc_bus_ylls_ap_respiratory",0.18311,"bogota","Bus",NA,"L2: Respiratory",NA,"AP",275440
"female","45-49","sc_bus_ylls_ap_respiratory",0.10259,"bogota","Bus",NA,"L2: Respiratory",NA,"AP",254843
"female","50-54","sc_bus_ylls_ap_respiratory",0.16337,"bogota","Bus",NA,"L2: Respiratory",NA,"AP",256059
"female","55-59","sc_bus_ylls_ap_respiratory",0.42,"bogota","Bus",NA,"L2: Respiratory",NA,"AP",235548
"female","60-64","sc_bus_ylls_ap_respiratory",0.08773,"bogota","Bus",NA,"L2: Respiratory",NA,"AP",189600
"female","65-69","sc_bus_ylls_ap_respiratory",0.16564,"bogota","Bus",NA,"L2: Respiratory",NA,"AP",141409
"male","15-19","sc_cycle_ylls_ap_respiratory_lb",-0.22698,"bogota","Cycling",NA,"L2: Respiratory",NA,"AP",282736
"male","20-24","sc_cycle_ylls_ap_respiratory_lb",-0.46765,"bogota","Cycling",NA,"L2: Respiratory",NA,"AP",357934
"male","25-29","sc_cycle_ylls_ap_respiratory_lb",-0.67211,"bogota","Cycling",NA,"L2: Respiratory",NA,"AP",360031
"male","30-34","sc_cycle_ylls_ap_respiratory_lb",-0.60273,"bogota","Cycling",NA,"L2: Respiratory",NA,"AP",321492
"male","35-39","sc_cycle_ylls_ap_respiratory_lb",-0.87759,"bogota","Cycling",NA,"L2: Respiratory",NA,"AP",289808
"male","40-44","sc_cycle_ylls_ap_respiratory_lb",-0.59563,"bogota","Cycling",NA,"L2: Respiratory",NA,"AP",244543
"male","45-49","sc_cycle_ylls_ap_respiratory_lb",-0.78249,"bogota","Cycling",NA,"L2: Respiratory",NA,"AP",215491
"male","50-54","sc_cycle_ylls_ap_respiratory_lb",-0.77691,"bogota","Cycling",NA,"L2: Respiratory",NA,"AP",209137
"male","55-59","sc_cycle_ylls_ap_respiratory_lb",-0.98062,"bogota","Cycling",NA,"L2: Respiratory",NA,"AP",187551
"male","60-64","sc_cycle_ylls_ap_respiratory_lb",-1.72434,"bogota","Cycling",NA,"L2: Respiratory",NA,"AP",146500
"male","65-69","sc_cycle_ylls_ap_respiratory_lb",-1.62202,"bogota","Cycling",NA,"L2: Respiratory",NA,"AP",105412
"female","15-19","sc_cycle_ylls_ap_respiratory_lb",-0.18484,"bogota","Cycling",NA,"L2: Respiratory",NA,"AP",279280
"female","20-24","sc_cycle_ylls_ap_respiratory_lb",-0.42633,"bogota","Cycling",NA,"L2: Respiratory",NA,"AP",360197
"female","25-29","sc_cycle_ylls_ap_respiratory_lb",-0.51167,"bogota","Cycling",NA,"L2: Respiratory",NA,"AP",364423
"female","30-34","sc_cycle_ylls_ap_respiratory_lb",-0.40104,"bogota","Cycling",NA,"L2: Respiratory",NA,"AP",330341
"female","35-39","sc_cycle_ylls_ap_respiratory_lb",-0.57261,"bogota","Cycling",NA,"L2: Respiratory",NA,"AP",309304
"female","40-44","sc_cycle_ylls_ap_respiratory_lb",-0.69083,"bogota","Cycling",NA,"L2: Respiratory",NA,"AP",275440
"female","45-49","sc_cycle_ylls_ap_respiratory_lb",-0.36328,"bogota","Cycling",NA,"L2: Respiratory",NA,"AP",254843
"female","50-54","sc_cycle_ylls_ap_respiratory_lb",-0.42914,"bogota","Cycling",NA,"L2: Respiratory",NA,"AP",256059
"female","55-59","sc_cycle_ylls_ap_respiratory_lb",-0.40461,"bogota","Cycling",NA,"L2: Respiratory",NA,"AP",235548
"female","60-64","sc_cycle_ylls_ap_respiratory_lb",-0.42333,"bogota","Cycling",NA,"L2: Respiratory",NA,"AP",189600
"female","65-69","sc_cycle_ylls_ap_respiratory_lb",-0.71396,"bogota","Cycling",NA,"L2: Respiratory",NA,"AP",141409
"male","15-19","sc_car_ylls_ap_respiratory_lb",-0.13864,"bogota","Car",NA,"L2: Respiratory",NA,"AP",282736
"male","20-24","sc_car_ylls_ap_respiratory_lb",-0.33915,"bogota","Car",NA,"L2: Respiratory",NA,"AP",357934
"male","25-29","sc_car_ylls_ap_respiratory_lb",-0.24648,"bogota","Car",NA,"L2: Respiratory",NA,"AP",360031
"male","30-34","sc_car_ylls_ap_respiratory_lb",-0.34792,"bogota","Car",NA,"L2: Respiratory",NA,"AP",321492
"male","35-39","sc_car_ylls_ap_respiratory_lb",-0.33386,"bogota","Car",NA,"L2: Respiratory",NA,"AP",289808
"male","40-44","sc_car_ylls_ap_respiratory_lb",-0.24629,"bogota","Car",NA,"L2: Respiratory",NA,"AP",244543
"male","45-49","sc_car_ylls_ap_respiratory_lb",-0.38121,"bogota","Car",NA,"L2: Respiratory",NA,"AP",215491
"male","50-54","sc_car_ylls_ap_respiratory_lb",-0.4133,"bogota","Car",NA,"L2: Respiratory",NA,"AP",209137
"male","55-59","sc_car_ylls_ap_respiratory_lb",-0.82259,"bogota","Car",NA,"L2: Respiratory",NA,"AP",187551
"male","60-64","sc_car_ylls_ap_respiratory_lb",-0.74275,"bogota","Car",NA,"L2: Respiratory",NA,"AP",146500
"male","65-69","sc_car_ylls_ap_respiratory_lb",-1.79716,"bogota","Car",NA,"L2: Respiratory",NA,"AP",105412
"female","15-19","sc_car_ylls_ap_respiratory_lb",-0.10499,"bogota","Car",NA,"L2: Respiratory",NA,"AP",279280
"female","20-24","sc_car_ylls_ap_respiratory_lb",-0.20593,"bogota","Car",NA,"L2: Respiratory",NA,"AP",360197
"female","25-29","sc_car_ylls_ap_respiratory_lb",-0.23077,"bogota","Car",NA,"L2: Respiratory",NA,"AP",364423
"female","30-34","sc_car_ylls_ap_respiratory_lb",-0.28437,"bogota","Car",NA,"L2: Respiratory",NA,"AP",330341
"female","35-39","sc_car_ylls_ap_respiratory_lb",-0.27286,"bogota","Car",NA,"L2: Respiratory",NA,"AP",309304
"female","40-44","sc_car_ylls_ap_respiratory_lb",-0.18692,"bogota","Car",NA,"L2: Respiratory",NA,"AP",275440
"female","45-49","sc_car_ylls_ap_respiratory_lb",-0.35796,"bogota","Car",NA,"L2: Respiratory",NA,"AP",254843
"female","50-54","sc_car_ylls_ap_respiratory_lb",-0.60388,"bogota","Car",NA,"L2: Respiratory",NA,"AP",256059
"female","55-59","sc_car_ylls_ap_respiratory_lb",-0.63282,"bogota","Car",NA,"L2: Respiratory",NA,"AP",235548
"female","60-64","sc_car_ylls_ap_respiratory_lb",-1.00962,"bogota","Car",NA,"L2: Respiratory",NA,"AP",189600
"female","65-69","sc_car_ylls_ap_respiratory_lb",-0.66671,"bogota","Car",NA,"L2: Respiratory",NA,"AP",141409
"male","15-19","sc_bus_ylls_ap_respiratory_lb",0.14485,"bogota","Bus",NA,"L2: Respiratory",NA,"AP",282736
"male","20-24","sc_bus_ylls_ap_respiratory_lb",0.29156,"bogota","Bus",NA,"L2: Respiratory",NA,"AP",357934
"male","25-29","sc_bus_ylls_ap_respiratory_lb",0.47514,"bogota","Bus",NA,"L2: Respiratory",NA,"AP",360031
"male","30-34","sc_bus_ylls_ap_respiratory_lb",0.40526,"bogota","Bus",NA,"L2: Respiratory",NA,"AP",321492
"male","35-39","sc_bus_ylls_ap_respiratory_lb",0.70351,"bogota","Bus",NA,"L2: Respiratory",NA,"AP",289808
"male","40-44","sc_bus_ylls_ap_respiratory_lb",0.67482,"bogota","Bus",NA,"L2: Respiratory",NA,"AP",244543
"male","45-49","sc_bus_ylls_ap_respiratory_lb",0.79663,"bogota","Bus",NA,"L2: Respiratory",NA,"AP",215491
"male","50-54","sc_bus_ylls_ap_respiratory_lb",0.97934,"bogota","Bus",NA,"L2: Respiratory",NA,"AP",209137
"male","55-59","sc_bus_ylls_ap_respiratory_lb",1.343,"bogota","Bus",NA,"L2: Respiratory",NA,"AP",187551
"male","60-64","sc_bus_ylls_ap_respiratory_lb",1.39093,"bogota","Bus",NA,"L2: Respiratory",NA,"AP",146500
"male","65-69","sc_bus_ylls_ap_respiratory_lb",1.35382,"bogota","Bus",NA,"L2: Respiratory",NA,"AP",105412
"female","15-19","sc_bus_ylls_ap_respiratory_lb",0.04893,"bogota","Bus",NA,"L2: Respiratory",NA,"AP",279280
"female","20-24","sc_bus_ylls_ap_respiratory_lb",0.05473,"bogota","Bus",NA,"L2: Respiratory",NA,"AP",360197
"female","25-29","sc_bus_ylls_ap_respiratory_lb",0.09925,"bogota","Bus",NA,"L2: Respiratory",NA,"AP",364423
"female","30-34","sc_bus_ylls_ap_respiratory_lb",0.23403,"bogota","Bus",NA,"L2: Respiratory",NA,"AP",330341
"female","35-39","sc_bus_ylls_ap_respiratory_lb",0.25829,"bogota","Bus",NA,"L2: Respiratory",NA,"AP",309304
"female","40-44","sc_bus_ylls_ap_respiratory_lb",0.18311,"bogota","Bus",NA,"L2: Respiratory",NA,"AP",275440
"female","45-49","sc_bus_ylls_ap_respiratory_lb",0.10259,"bogota","Bus",NA,"L2: Respiratory",NA,"AP",254843
"female","50-54","sc_bus_ylls_ap_respiratory_lb",0.16337,"bogota","Bus",NA,"L2: Respiratory",NA,"AP",256059
"female","55-59","sc_bus_ylls_ap_respiratory_lb",0.42,"bogota","Bus",NA,"L2: Respiratory",NA,"AP",235548
"female","60-64","sc_bus_ylls_ap_respiratory_lb",0.08773,"bogota","Bus",NA,"L2: Respiratory",NA,"AP",189600
"female","65-69","sc_bus_ylls_ap_respiratory_lb",0.16564,"bogota","Bus",NA,"L2: Respiratory",NA,"AP",141409
"male","15-19","sc_cycle_ylls_ap_respiratory_ub",-0.22698,"bogota","Cycling",NA,"L2: Respiratory",NA,"AP",282736
"male","20-24","sc_cycle_ylls_ap_respiratory_ub",-0.46765,"bogota","Cycling",NA,"L2: Respiratory",NA,"AP",357934
"male","25-29","sc_cycle_ylls_ap_respiratory_ub",-0.67211,"bogota","Cycling",NA,"L2: Respiratory",NA,"AP",360031
"male","30-34","sc_cycle_ylls_ap_respiratory_ub",-0.60273,"bogota","Cycling",NA,"L2: Respiratory",NA,"AP",321492
"male","35-39","sc_cycle_ylls_ap_respiratory_ub",-0.87759,"bogota","Cycling",NA,"L2: Respiratory",NA,"AP",289808
"male","40-44","sc_cycle_ylls_ap_respiratory_ub",-0.59563,"bogota","Cycling",NA,"L2: Respiratory",NA,"AP",244543
"male","45-49","sc_cycle_ylls_ap_respiratory_ub",-0.78249,"bogota","Cycling",NA,"L2: Respiratory",NA,"AP",215491
"male","50-54","sc_cycle_ylls_ap_respiratory_ub",-0.77691,"bogota","Cycling",NA,"L2: Respiratory",NA,"AP",209137
"male","55-59","sc_cycle_ylls_ap_respiratory_ub",-0.98062,"bogota","Cycling",NA,"L2: Respiratory",NA,"AP",187551
"male","60-64","sc_cycle_ylls_ap_respiratory_ub",-1.72434,"bogota","Cycling",NA,"L2: Respiratory",NA,"AP",146500
"male","65-69","sc_cycle_ylls_ap_respiratory_ub",-1.62202,"bogota","Cycling",NA,"L2: Respiratory",NA,"AP",105412
"female","15-19","sc_cycle_ylls_ap_respiratory_ub",-0.18484,"bogota","Cycling",NA,"L2: Respiratory",NA,"AP",279280
"female","20-24","sc_cycle_ylls_ap_respiratory_ub",-0.42633,"bogota","Cycling",NA,"L2: Respiratory",NA,"AP",360197
"female","25-29","sc_cycle_ylls_ap_respiratory_ub",-0.51167,"bogota","Cycling",NA,"L2: Respiratory",NA,"AP",364423
"female","30-34","sc_cycle_ylls_ap_respiratory_ub",-0.40104,"bogota","Cycling",NA,"L2: Respiratory",NA,"AP",330341
"female","35-39","sc_cycle_ylls_ap_respiratory_ub",-0.57261,"bogota","Cycling",NA,"L2: Respiratory",NA,"AP",309304
"female","40-44","sc_cycle_ylls_ap_respiratory_ub",-0.69083,"bogota","Cycling",NA,"L2: Respiratory",NA,"AP",275440
"female","45-49","sc_cycle_ylls_ap_respiratory_ub",-0.36328,"bogota","Cycling",NA,"L2: Respiratory",NA,"AP",254843
"female","50-54","sc_cycle_ylls_ap_respiratory_ub",-0.42914,"bogota","Cycling",NA,"L2: Respiratory",NA,"AP",256059
"female","55-59","sc_cycle_ylls_ap_respiratory_ub",-0.40461,"bogota","Cycling",NA,"L2: Respiratory",NA,"AP",235548
"female","60-64","sc_cycle_ylls_ap_respiratory_ub",-0.42333,"bogota","Cycling",NA,"L2: Respiratory",NA,"AP",189600
"female","65-69","sc_cycle_ylls_ap_respiratory_ub",-0.71396,"bogota","Cycling",NA,"L2: Respiratory",NA,"AP",141409
"male","15-19","sc_car_ylls_ap_respiratory_ub",-0.13864,"bogota","Car",NA,"L2: Respiratory",NA,"AP",282736
"male","20-24","sc_car_ylls_ap_respiratory_ub",-0.33915,"bogota","Car",NA,"L2: Respiratory",NA,"AP",357934
"male","25-29","sc_car_ylls_ap_respiratory_ub",-0.24648,"bogota","Car",NA,"L2: Respiratory",NA,"AP",360031
"male","30-34","sc_car_ylls_ap_respiratory_ub",-0.34792,"bogota","Car",NA,"L2: Respiratory",NA,"AP",321492
"male","35-39","sc_car_ylls_ap_respiratory_ub",-0.33386,"bogota","Car",NA,"L2: Respiratory",NA,"AP",289808
"male","40-44","sc_car_ylls_ap_respiratory_ub",-0.24629,"bogota","Car",NA,"L2: Respiratory",NA,"AP",244543
"male","45-49","sc_car_ylls_ap_respiratory_ub",-0.38121,"bogota","Car",NA,"L2: Respiratory",NA,"AP",215491
"male","50-54","sc_car_ylls_ap_respiratory_ub",-0.4133,"bogota","Car",NA,"L2: Respiratory",NA,"AP",209137
"male","55-59","sc_car_ylls_ap_respiratory_ub",-0.82259,"bogota","Car",NA,"L2: Respiratory",NA,"AP",187551
"male","60-64","sc_car_ylls_ap_respiratory_ub",-0.74275,"bogota","Car",NA,"L2: Respiratory",NA,"AP",146500
"male","65-69","sc_car_ylls_ap_respiratory_ub",-1.79716,"bogota","Car",NA,"L2: Respiratory",NA,"AP",105412
"female","15-19","sc_car_ylls_ap_respiratory_ub",-0.10499,"bogota","Car",NA,"L2: Respiratory",NA,"AP",279280
"female","20-24","sc_car_ylls_ap_respiratory_ub",-0.20593,"bogota","Car",NA,"L2: Respiratory",NA,"AP",360197
"female","25-29","sc_car_ylls_ap_respiratory_ub",-0.23077,"bogota","Car",NA,"L2: Respiratory",NA,"AP",364423
"female","30-34","sc_car_ylls_ap_respiratory_ub",-0.28437,"bogota","Car",NA,"L2: Respiratory",NA,"AP",330341
"female","35-39","sc_car_ylls_ap_respiratory_ub",-0.27286,"bogota","Car",NA,"L2: Respiratory",NA,"AP",309304
"female","40-44","sc_car_ylls_ap_respiratory_ub",-0.18692,"bogota","Car",NA,"L2: Respiratory",NA,"AP",275440
"female","45-49","sc_car_ylls_ap_respiratory_ub",-0.35796,"bogota","Car",NA,"L2: Respiratory",NA,"AP",254843
"female","50-54","sc_car_ylls_ap_respiratory_ub",-0.60388,"bogota","Car",NA,"L2: Respiratory",NA,"AP",256059
"female","55-59","sc_car_ylls_ap_respiratory_ub",-0.63282,"bogota","Car",NA,"L2: Respiratory",NA,"AP",235548
"female","60-64","sc_car_ylls_ap_respiratory_ub",-1.00962,"bogota","Car",NA,"L2: Respiratory",NA,"AP",189600
"female","65-69","sc_car_ylls_ap_respiratory_ub",-0.66671,"bogota","Car",NA,"L2: Respiratory",NA,"AP",141409
"male","15-19","sc_bus_ylls_ap_respiratory_ub",0.14485,"bogota","Bus",NA,"L2: Respiratory",NA,"AP",282736
"male","20-24","sc_bus_ylls_ap_respiratory_ub",0.29156,"bogota","Bus",NA,"L2: Respiratory",NA,"AP",357934
"male","25-29","sc_bus_ylls_ap_respiratory_ub",0.47514,"bogota","Bus",NA,"L2: Respiratory",NA,"AP",360031
"male","30-34","sc_bus_ylls_ap_respiratory_ub",0.40526,"bogota","Bus",NA,"L2: Respiratory",NA,"AP",321492
"male","35-39","sc_bus_ylls_ap_respiratory_ub",0.70351,"bogota","Bus",NA,"L2: Respiratory",NA,"AP",289808
"male","40-44","sc_bus_ylls_ap_respiratory_ub",0.67482,"bogota","Bus",NA,"L2: Respiratory",NA,"AP",244543
"male","45-49","sc_bus_ylls_ap_respiratory_ub",0.79663,"bogota","Bus",NA,"L2: Respiratory",NA,"AP",215491
"male","50-54","sc_bus_ylls_ap_respiratory_ub",0.97934,"bogota","Bus",NA,"L2: Respiratory",NA,"AP",209137
"male","55-59","sc_bus_ylls_ap_respiratory_ub",1.343,"bogota","Bus",NA,"L2: Respiratory",NA,"AP",187551
"male","60-64","sc_bus_ylls_ap_respiratory_ub",1.39093,"bogota","Bus",NA,"L2: Respiratory",NA,"AP",146500
"male","65-69","sc_bus_ylls_ap_respiratory_ub",1.35382,"bogota","Bus",NA,"L2: Respiratory",NA,"AP",105412
"female","15-19","sc_bus_ylls_ap_respiratory_ub",0.04893,"bogota","Bus",NA,"L2: Respiratory",NA,"AP",279280
"female","20-24","sc_bus_ylls_ap_respiratory_ub",0.05473,"bogota","Bus",NA,"L2: Respiratory",NA,"AP",360197
"female","25-29","sc_bus_ylls_ap_respiratory_ub",0.09925,"bogota","Bus",NA,"L2: Respiratory",NA,"AP",364423
"female","30-34","sc_bus_ylls_ap_respiratory_ub",0.23403,"bogota","Bus",NA,"L2: Respiratory",NA,"AP",330341
"female","35-39","sc_bus_ylls_ap_respiratory_ub",0.25829,"bogota","Bus",NA,"L2: Respiratory",NA,"AP",309304
"female","40-44","sc_bus_ylls_ap_respiratory_ub",0.18311,"bogota","Bus",NA,"L2: Respiratory",NA,"AP",275440
"female","45-49","sc_bus_ylls_ap_respiratory_ub",0.10259,"bogota","Bus",NA,"L2: Respiratory",NA,"AP",254843
"female","50-54","sc_bus_ylls_ap_respiratory_ub",0.16337,"bogota","Bus",NA,"L2: Respiratory",NA,"AP",256059
"female","55-59","sc_bus_ylls_ap_respiratory_ub",0.42,"bogota","Bus",NA,"L2: Respiratory",NA,"AP",235548
"female","60-64","sc_bus_ylls_ap_respiratory_ub",0.08773,"bogota","Bus",NA,"L2: Respiratory",NA,"AP",189600
"female","65-69","sc_bus_ylls_ap_respiratory_ub",0.16564,"bogota","Bus",NA,"L2: Respiratory",NA,"AP",141409
"male","15-19","sc_cycle_yll_inj",37.9606104599534,"bogota","Cycling","L1: RTI","L2: RTI","L3: RTI","RTI",282736
"male","20-24","sc_cycle_yll_inj",101.538544629789,"bogota","Cycling","L1: RTI","L2: RTI","L3: RTI","RTI",357934
"male","25-29","sc_cycle_yll_inj",63.0805485965998,"bogota","Cycling","L1: RTI","L2: RTI","L3: RTI","RTI",360031
"male","30-34","sc_cycle_yll_inj",34.6686137136976,"bogota","Cycling","L1: RTI","L2: RTI","L3: RTI","RTI",321492
"male","35-39","sc_cycle_yll_inj",-13.2069368373925,"bogota","Cycling","L1: RTI","L2: RTI","L3: RTI","RTI",289808
"male","40-44","sc_cycle_yll_inj",-6.52562605738513,"bogota","Cycling","L1: RTI","L2: RTI","L3: RTI","RTI",244543
"male","45-49","sc_cycle_yll_inj",-13.3866797241261,"bogota","Cycling","L1: RTI","L2: RTI","L3: RTI","RTI",215491
"male","50-54","sc_cycle_yll_inj",-4.00656218929942,"bogota","Cycling","L1: RTI","L2: RTI","L3: RTI","RTI",209137
"male","55-59","sc_cycle_yll_inj",-7.98535245670348,"bogota","Cycling","L1: RTI","L2: RTI","L3: RTI","RTI",187551
"male","60-64","sc_cycle_yll_inj",-14.813698613674,"bogota","Cycling","L1: RTI","L2: RTI","L3: RTI","RTI",146500
"male","65-69","sc_cycle_yll_inj",-28.6374393297282,"bogota","Cycling","L1: RTI","L2: RTI","L3: RTI","RTI",105412
"female","15-19","sc_cycle_yll_inj",-42.6236160014236,"bogota","Cycling","L1: RTI","L2: RTI","L3: RTI","RTI",279280
"female","20-24","sc_cycle_yll_inj",-55.7562097233117,"bogota","Cycling","L1: RTI","L2: RTI","L3: RTI","RTI",360197
"female","25-29","sc_cycle_yll_inj",-44.4755514881859,"bogota","Cycling","L1: RTI","L2: RTI","L3: RTI","RTI",364423
"female","30-34","sc_cycle_yll_inj",-25.8592436532442,"bogota","Cycling","L1: RTI","L2: RTI","L3: RTI","RTI",330341
"female","35-39","sc_cycle_yll_inj",-29.4716683068651,"bogota","Cycling","L1: RTI","L2: RTI","L3: RTI","RTI",309304
"female","40-44","sc_cycle_yll_inj",-27.513172766037,"bogota","Cycling","L1: RTI","L2: RTI","L3: RTI","RTI",275440
"female","45-49","sc_cycle_yll_inj",-20.236697398939,"bogota","Cycling","L1: RTI","L2: RTI","L3: RTI","RTI",254843
"female","50-54","sc_cycle_yll_inj",-22.4934390380234,"bogota","Cycling","L1: RTI","L2: RTI","L3: RTI","RTI",256059
"female","55-59","sc_cycle_yll_inj",-13.5582127844705,"bogota","Cycling","L1: RTI","L2: RTI","L3: RTI","RTI",235548
"female","60-64","sc_cycle_yll_inj",-13.7372060462596,"bogota","Cycling","L1: RTI","L2: RTI","L3: RTI","RTI",189600
"female","65-69","sc_cycle_yll_inj",-15.4226232739461,"bogota","Cycling","L1: RTI","L2: RTI","L3: RTI","RTI",141409
"male","15-19","sc_car_yll_inj",50.6396217995498,"bogota","Car","L1: RTI","L2: RTI","L3: RTI","RTI",282736
"male","20-24","sc_car_yll_inj",112.061089481512,"bogota","Car","L1: RTI","L2: RTI","L3: RTI","RTI",357934
"male","25-29","sc_car_yll_inj",105.617212902229,"bogota","Car","L1: RTI","L2: RTI","L3: RTI","RTI",360031
"male","30-34","sc_car_yll_inj",85.1000119171808,"bogota","Car","L1: RTI","L2: RTI","L3: RTI","RTI",321492
"male","35-39","sc_car_yll_inj",74.4652023553735,"bogota","Car","L1: RTI","L2: RTI","L3: RTI","RTI",289808
"male","40-44","sc_car_yll_inj",14.6576830501658,"bogota","Car","L1: RTI","L2: RTI","L3: RTI","RTI",244543
"male","45-49","sc_car_yll_inj",10.8474917652746,"bogota","Car","L1: RTI","L2: RTI","L3: RTI","RTI",215491
"male","50-54","sc_car_yll_inj",23.2709670664068,"bogota","Car","L1: RTI","L2: RTI","L3: RTI","RTI",209137
"male","55-59","sc_car_yll_inj",2.13929052520939,"bogota","Car","L1: RTI","L2: RTI","L3: RTI","RTI",187551
"male","60-64","sc_car_yll_inj",1.93876910128239,"bogota","Car","L1: RTI","L2: RTI","L3: RTI","RTI",146500
"male","65-69","sc_car_yll_inj",13.4185411045227,"bogota","Car","L1: RTI","L2: RTI","L3: RTI","RTI",105412
"female","15-19","sc_car_yll_inj",3.15534157326613,"bogota","Car","L1: RTI","L2: RTI","L3: RTI","RTI",279280
"female","20-24","sc_car_yll_inj",34.2095401707256,"bogota","Car","L1: RTI","L2: RTI","L3: RTI","RTI",360197
"female","25-29","sc_car_yll_inj",27.7565588489636,"bogota","Car","L1: RTI","L2: RTI","L3: RTI","RTI",364423
"female","30-34","sc_car_yll_inj",11.3039731864265,"bogota","Car","L1: RTI","L2: RTI","L3: RTI","RTI",330341
"female","35-39","sc_car_yll_inj",2.75749008417972,"bogota","Car","L1: RTI","L2: RTI","L3: RTI","RTI",309304
"female","40-44","sc_car_yll_inj",12.7013156292998,"bogota","Car","L1: RTI","L2: RTI","L3: RTI","RTI",275440
"female","45-49","sc_car_yll_inj",4.45036843333122,"bogota","Car","L1: RTI","L2: RTI","L3: RTI","RTI",254843
"female","50-54","sc_car_yll_inj",7.51969263976315,"bogota","Car","L1: RTI","L2: RTI","L3: RTI","RTI",256059
"female","55-59","sc_car_yll_inj",4.71320862527693,"bogota","Car","L1: RTI","L2: RTI","L3: RTI","RTI",235548
"female","60-64","sc_car_yll_inj",4.32617962347683,"bogota","Car","L1: RTI","L2: RTI","L3: RTI","RTI",189600
"female","65-69","sc_car_yll_inj",3.36686817069557,"bogota","Car","L1: RTI","L2: RTI","L3: RTI","RTI",141409
"male","15-19","sc_bus_yll_inj",74.4798468066249,"bogota","Bus","L1: RTI","L2: RTI","L3: RTI","RTI",282736
"male","20-24","sc_bus_yll_inj",326.42841196967,"bogota","Bus","L1: RTI","L2: RTI","L3: RTI","RTI",357934
"male","25-29","sc_bus_yll_inj",232.267578197328,"bogota","Bus","L1: RTI","L2: RTI","L3: RTI","RTI",360031
"male","30-34","sc_bus_yll_inj",111.268875125628,"bogota","Bus","L1: RTI","L2: RTI","L3: RTI","RTI",321492
"male","35-39","sc_bus_yll_inj",87.5020890733729,"bogota","Bus","L1: RTI","L2: RTI","L3: RTI","RTI",289808
"male","40-44","sc_bus_yll_inj",23.657486302669,"bogota","Bus","L1: RTI","L2: RTI","L3: RTI","RTI",244543
"male","45-49","sc_bus_yll_inj",11.6566297333618,"bogota","Bus","L1: RTI","L2: RTI","L3: RTI","RTI",215491
"male","50-54","sc_bus_yll_inj",19.2960842818745,"bogota","Bus","L1: RTI","L2: RTI","L3: RTI","RTI",209137
"male","55-59","sc_bus_yll_inj",28.3142146145258,"bogota","Bus","L1: RTI","L2: RTI","L3: RTI","RTI",187551
"male","60-64","sc_bus_yll_inj",1.85585701622546,"bogota","Bus","L1: RTI","L2: RTI","L3: RTI","RTI",146500
"male","65-69","sc_bus_yll_inj",15.6532690740016,"bogota","Bus","L1: RTI","L2: RTI","L3: RTI","RTI",105412
"female","15-19","sc_bus_yll_inj",22.526228299503,"bogota","Bus","L1: RTI","L2: RTI","L3: RTI","RTI",279280
"female","20-24","sc_bus_yll_inj",63.1194887694699,"bogota","Bus","L1: RTI","L2: RTI","L3: RTI","RTI",360197
"female","25-29","sc_bus_yll_inj",56.0958395931276,"bogota","Bus","L1: RTI","L2: RTI","L3: RTI","RTI",364423
"female","30-34","sc_bus_yll_inj",30.4810475308335,"bogota","Bus","L1: RTI","L2: RTI","L3: RTI","RTI",330341
"female","35-39","sc_bus_yll_inj",12.1349123690678,"bogota","Bus","L1: RTI","L2: RTI","L3: RTI","RTI",309304
"female","40-44","sc_bus_yll_inj",7.36480460575061,"bogota","Bus","L1: RTI","L2: RTI","L3: RTI","RTI",275440
"female","45-49","sc_bus_yll_inj",9.38864199627355,"bogota","Bus","L1: RTI","L2: RTI","L3: RTI","RTI",254843
"female","50-54","sc_bus_yll_inj",6.03289410177391,"bogota","Bus","L1: RTI","L2: RTI","L3: RTI","RTI",256059
"female","55-59","sc_bus_yll_inj",7.34177564100892,"bogota","Bus","L1: RTI","L2: RTI","L3: RTI","RTI",235548
"female","60-64","sc_bus_yll_inj",5.31112004164058,"bogota","Bus","L1: RTI","L2: RTI","L3: RTI","RTI",189600
"female","65-69","sc_bus_yll_inj",4.08212366507186,"bogota","Bus","L1: RTI","L2: RTI","L3: RTI","RTI",141409
"male","15-19","sc_cycle_yll_inj_ub",38.8783006530093,"bogota","Cycling","L1: RTI","L2: RTI","L3: RTI","RTI",282736
"male","20-24","sc_cycle_yll_inj_ub",109.016703627384,"bogota","Cycling","L1: RTI","L2: RTI","L3: RTI","RTI",357934
"male","25-29","sc_cycle_yll_inj_ub",63.0661246943146,"bogota","Cycling","L1: RTI","L2: RTI","L3: RTI","RTI",360031
"male","30-34","sc_cycle_yll_inj_ub",35.2806847742163,"bogota","Cycling","L1: RTI","L2: RTI","L3: RTI","RTI",321492
"male","35-39","sc_cycle_yll_inj_ub",-22.9713178816348,"bogota","Cycling","L1: RTI","L2: RTI","L3: RTI","RTI",289808
"male","40-44","sc_cycle_yll_inj_ub",-12.3740453967309,"bogota","Cycling","L1: RTI","L2: RTI","L3: RTI","RTI",244543
"male","45-49","sc_cycle_yll_inj_ub",-21.2963705124821,"bogota","Cycling","L1: RTI","L2: RTI","L3: RTI","RTI",215491
"male","50-54","sc_cycle_yll_inj_ub",-8.23174302490361,"bogota","Cycling","L1: RTI","L2: RTI","L3: RTI","RTI",209137
"male","55-59","sc_cycle_yll_inj_ub",-12.5699571632078,"bogota","Cycling","L1: RTI","L2: RTI","L3: RTI","RTI",187551
"male","60-64","sc_cycle_yll_inj_ub",-21.9538741594844,"bogota","Cycling","L1: RTI","L2: RTI","L3: RTI","RTI",146500
"male","65-69","sc_cycle_yll_inj_ub",-42.0912731123429,"bogota","Cycling","L1: RTI","L2: RTI","L3: RTI","RTI",105412
"female","15-19","sc_cycle_yll_inj_ub",-63.6199417225747,"bogota","Cycling","L1: RTI","L2: RTI","L3: RTI","RTI",279280
"female","20-24","sc_cycle_yll_inj_ub",-80.2215744662965,"bogota","Cycling","L1: RTI","L2: RTI","L3: RTI","RTI",360197
"female","25-29","sc_cycle_yll_inj_ub",-64.328463984308,"bogota","Cycling","L1: RTI","L2: RTI","L3: RTI","RTI",364423
"female","30-34","sc_cycle_yll_inj_ub",-37.235813113957,"bogota","Cycling","L1: RTI","L2: RTI","L3: RTI","RTI",330341
"female","35-39","sc_cycle_yll_inj_ub",-42.6632599765549,"bogota","Cycling","L1: RTI","L2: RTI","L3: RTI","RTI",309304
"female","40-44","sc_cycle_yll_inj_ub",-39.5519277286039,"bogota","Cycling","L1: RTI","L2: RTI","L3: RTI","RTI",275440
"female","45-49","sc_cycle_yll_inj_ub",-29.8823558139715,"bogota","Cycling","L1: RTI","L2: RTI","L3: RTI","RTI",254843
"female","50-54","sc_cycle_yll_inj_ub",-32.5417521139717,"bogota","Cycling","L1: RTI","L2: RTI","L3: RTI","RTI",256059
"female","55-59","sc_cycle_yll_inj_ub",-19.8624981358323,"bogota","Cycling","L1: RTI","L2: RTI","L3: RTI","RTI",235548
"female","60-64","sc_cycle_yll_inj_ub",-20.5179068488207,"bogota","Cycling","L1: RTI","L2: RTI","L3: RTI","RTI",189600
"female","65-69","sc_cycle_yll_inj_ub",-24.2302836168701,"bogota","Cycling","L1: RTI","L2: RTI","L3: RTI","RTI",141409
"male","15-19","sc_car_yll_inj_ub",64.8722368039739,"bogota","Car","L1: RTI","L2: RTI","L3: RTI","RTI",282736
"male","20-24","sc_car_yll_inj_ub",133.54417155322,"bogota","Car","L1: RTI","L2: RTI","L3: RTI","RTI",357934
"male","25-29","sc_car_yll_inj_ub",129.380445429387,"bogota","Car","L1: RTI","L2: RTI","L3: RTI","RTI",360031
"male","30-34","sc_car_yll_inj_ub",106.513226411451,"bogota","Car","L1: RTI","L2: RTI","L3: RTI","RTI",321492
"male","35-39","sc_car_yll_inj_ub",95.0953789484295,"bogota","Car","L1: RTI","L2: RTI","L3: RTI","RTI",289808
"male","40-44","sc_car_yll_inj_ub",19.362251249127,"bogota","Car","L1: RTI","L2: RTI","L3: RTI","RTI",244543
"male","45-49","sc_car_yll_inj_ub",14.5448636409226,"bogota","Car","L1: RTI","L2: RTI","L3: RTI","RTI",215491
"male","50-54","sc_car_yll_inj_ub",30.9453037245057,"bogota","Car","L1: RTI","L2: RTI","L3: RTI","RTI",209137
"male","55-59","sc_car_yll_inj_ub",3.65920964442728,"bogota","Car","L1: RTI","L2: RTI","L3: RTI","RTI",187551
"male","60-64","sc_car_yll_inj_ub",3.02652807393417,"bogota","Car","L1: RTI","L2: RTI","L3: RTI","RTI",146500
"male","65-69","sc_car_yll_inj_ub",17.4250709188379,"bogota","Car","L1: RTI","L2: RTI","L3: RTI","RTI",105412
"female","15-19","sc_car_yll_inj_ub",3.55186696577312,"bogota","Car","L1: RTI","L2: RTI","L3: RTI","RTI",279280
"female","20-24","sc_car_yll_inj_ub",42.220329423016,"bogota","Car","L1: RTI","L2: RTI","L3: RTI","RTI",360197
"female","25-29","sc_car_yll_inj_ub",34.261209417368,"bogota","Car","L1: RTI","L2: RTI","L3: RTI","RTI",364423
"female","30-34","sc_car_yll_inj_ub",14.1873893425235,"bogota","Car","L1: RTI","L2: RTI","L3: RTI","RTI",330341
"female","35-39","sc_car_yll_inj_ub",3.44752460520658,"bogota","Car","L1: RTI","L2: RTI","L3: RTI","RTI",309304
"female","40-44","sc_car_yll_inj_ub",16.319762865258,"bogota","Car","L1: RTI","L2: RTI","L3: RTI","RTI",275440
"female","45-49","sc_car_yll_inj_ub",5.36325364976659,"bogota","Car","L1: RTI","L2: RTI","L3: RTI","RTI",254843
"female","50-54","sc_car_yll_inj_ub",9.46321235936449,"bogota","Car","L1: RTI","L2: RTI","L3: RTI","RTI",256059
"female","55-59","sc_car_yll_inj_ub",5.88326190128697,"bogota","Car","L1: RTI","L2: RTI","L3: RTI","RTI",235548
"female","60-64","sc_car_yll_inj_ub",5.28311176724389,"bogota","Car","L1: RTI","L2: RTI","L3: RTI","RTI",189600
"female","65-69","sc_car_yll_inj_ub",4.23924726108197,"bogota","Car","L1: RTI","L2: RTI","L3: RTI","RTI",141409
"male","15-19","sc_bus_yll_inj_ub",99.6178653293064,"bogota","Bus","L1: RTI","L2: RTI","L3: RTI","RTI",282736
"male","20-24","sc_bus_yll_inj_ub",395.936927275393,"bogota","Bus","L1: RTI","L2: RTI","L3: RTI","RTI",357934
"male","25-29","sc_bus_yll_inj_ub",285.814064422297,"bogota","Bus","L1: RTI","L2: RTI","L3: RTI","RTI",360031
"male","30-34","sc_bus_yll_inj_ub",139.92661922916,"bogota","Bus","L1: RTI","L2: RTI","L3: RTI","RTI",321492
"male","35-39","sc_bus_yll_inj_ub",114.101047267603,"bogota","Bus","L1: RTI","L2: RTI","L3: RTI","RTI",289808
"male","40-44","sc_bus_yll_inj_ub",33.1090861151392,"bogota","Bus","L1: RTI","L2: RTI","L3: RTI","RTI",244543
"male","45-49","sc_bus_yll_inj_ub",17.4843285420106,"bogota","Bus","L1: RTI","L2: RTI","L3: RTI","RTI",215491
"male","50-54","sc_bus_yll_inj_ub",27.0616875689257,"bogota","Bus","L1: RTI","L2: RTI","L3: RTI","RTI",209137
"male","55-59","sc_bus_yll_inj_ub",38.9241752968886,"bogota","Bus","L1: RTI","L2: RTI","L3: RTI","RTI",187551
"male","60-64","sc_bus_yll_inj_ub",3.86240140973155,"bogota","Bus","L1: RTI","L2: RTI","L3: RTI","RTI",146500
"male","65-69","sc_bus_yll_inj_ub",22.6303717706099,"bogota","Bus","L1: RTI","L2: RTI","L3: RTI","RTI",105412
"female","15-19","sc_bus_yll_inj_ub",31.4335714221992,"bogota","Bus","L1: RTI","L2: RTI","L3: RTI","RTI",279280
"female","20-24","sc_bus_yll_inj_ub",82.3603612145614,"bogota","Bus","L1: RTI","L2: RTI","L3: RTI","RTI",360197
"female","25-29","sc_bus_yll_inj_ub",73.1501844165196,"bogota","Bus","L1: RTI","L2: RTI","L3: RTI","RTI",364423
"female","30-34","sc_bus_yll_inj_ub",40.6124299077139,"bogota","Bus","L1: RTI","L2: RTI","L3: RTI","RTI",330341
"female","35-39","sc_bus_yll_inj_ub",17.0737638152914,"bogota","Bus","L1: RTI","L2: RTI","L3: RTI","RTI",309304
"female","40-44","sc_bus_yll_inj_ub",10.3675810396705,"bogota","Bus","L1: RTI","L2: RTI","L3: RTI","RTI",275440
"female","45-49","sc_bus_yll_inj_ub",12.9053070305728,"bogota","Bus","L1: RTI","L2: RTI","L3: RTI","RTI",254843
"female","50-54","sc_bus_yll_inj_ub",8.41733733315363,"bogota","Bus","L1: RTI","L2: RTI","L3: RTI","RTI",256059
"female","55-59","sc_bus_yll_inj_ub",9.91577172557987,"bogota","Bus","L1: RTI","L2: RTI","L3: RTI","RTI",235548
"female","60-64","sc_bus_yll_inj_ub",7.19213657976442,"bogota","Bus","L1: RTI","L2: RTI","L3: RTI","RTI",189600
"female","65-69","sc_bus_yll_inj_ub",6.10514025363659,"bogota","Bus","L1: RTI","L2: RTI","L3: RTI","RTI",141409
"male","15-19","sc_cycle_yll_inj_lb",34.6983883375599,"bogota","Cycling","L1: RTI","L2: RTI","L3: RTI","RTI",282736
"male","20-24","sc_cycle_yll_inj_lb",91.9621596717093,"bogota","Cycling","L1: RTI","L2: RTI","L3: RTI","RTI",357934
"male","25-29","sc_cycle_yll_inj_lb",59.6076677835845,"bogota","Cycling","L1: RTI","L2: RTI","L3: RTI","RTI",360031
"male","30-34","sc_cycle_yll_inj_lb",32.0879179127867,"bogota","Cycling","L1: RTI","L2: RTI","L3: RTI","RTI",321492
"male","35-39","sc_cycle_yll_inj_lb",-7.30051674369656,"bogota","Cycling","L1: RTI","L2: RTI","L3: RTI","RTI",289808
"male","40-44","sc_cycle_yll_inj_lb",-3.14099886805855,"bogota","Cycling","L1: RTI","L2: RTI","L3: RTI","RTI",244543
"male","45-49","sc_cycle_yll_inj_lb",-8.51726958884262,"bogota","Cycling","L1: RTI","L2: RTI","L3: RTI","RTI",215491
"male","50-54","sc_cycle_yll_inj_lb",-1.65981292173251,"bogota","Cycling","L1: RTI","L2: RTI","L3: RTI","RTI",209137
"male","55-59","sc_cycle_yll_inj_lb",-5.25969295483827,"bogota","Cycling","L1: RTI","L2: RTI","L3: RTI","RTI",187551
"male","60-64","sc_cycle_yll_inj_lb",-10.3008947660927,"bogota","Cycling","L1: RTI","L2: RTI","L3: RTI","RTI",146500
"male","65-69","sc_cycle_yll_inj_lb",-20.260908701031,"bogota","Cycling","L1: RTI","L2: RTI","L3: RTI","RTI",105412
"female","15-19","sc_cycle_yll_inj_lb",-28.9830992970445,"bogota","Cycling","L1: RTI","L2: RTI","L3: RTI","RTI",279280
"female","20-24","sc_cycle_yll_inj_lb",-39.0240933965398,"bogota","Cycling","L1: RTI","L2: RTI","L3: RTI","RTI",360197
"female","25-29","sc_cycle_yll_inj_lb",-30.9979371007513,"bogota","Cycling","L1: RTI","L2: RTI","L3: RTI","RTI",364423
"female","30-34","sc_cycle_yll_inj_lb",-18.2036397112424,"bogota","Cycling","L1: RTI","L2: RTI","L3: RTI","RTI",330341
"female","35-39","sc_cycle_yll_inj_lb",-20.6578329557683,"bogota","Cycling","L1: RTI","L2: RTI","L3: RTI","RTI",309304
"female","40-44","sc_cycle_yll_inj_lb",-19.4816339866161,"bogota","Cycling","L1: RTI","L2: RTI","L3: RTI","RTI",275440
"female","45-49","sc_cycle_yll_inj_lb",-13.967720208889,"bogota","Cycling","L1: RTI","L2: RTI","L3: RTI","RTI",254843
"female","50-54","sc_cycle_yll_inj_lb",-15.8654399562874,"bogota","Cycling","L1: RTI","L2: RTI","L3: RTI","RTI",256059
"female","55-59","sc_cycle_yll_inj_lb",-9.54730321023689,"bogota","Cycling","L1: RTI","L2: RTI","L3: RTI","RTI",235548
"female","60-64","sc_cycle_yll_inj_lb",-9.50313555048675,"bogota","Cycling","L1: RTI","L2: RTI","L3: RTI","RTI",189600
"female","65-69","sc_cycle_yll_inj_lb",-10.2843428307451,"bogota","Cycling","L1: RTI","L2: RTI","L3: RTI","RTI",141409
"male","15-19","sc_car_yll_inj_lb",39.7899868576765,"bogota","Car","L1: RTI","L2: RTI","L3: RTI","RTI",282736
"male","20-24","sc_car_yll_inj_lb",94.3276012678584,"bogota","Car","L1: RTI","L2: RTI","L3: RTI","RTI",357934
"male","25-29","sc_car_yll_inj_lb",86.5161657656654,"bogota","Car","L1: RTI","L2: RTI","L3: RTI","RTI",360031
"male","30-34","sc_car_yll_inj_lb",68.2213583824912,"bogota","Car","L1: RTI","L2: RTI","L3: RTI","RTI",321492
"male","35-39","sc_car_yll_inj_lb",58.6436058024328,"bogota","Car","L1: RTI","L2: RTI","L3: RTI","RTI",289808
"male","40-44","sc_car_yll_inj_lb",11.1654752883755,"bogota","Car","L1: RTI","L2: RTI","L3: RTI","RTI",244543
"male","45-49","sc_car_yll_inj_lb",8.17048392877916,"bogota","Car","L1: RTI","L2: RTI","L3: RTI","RTI",215491
"male","50-54","sc_car_yll_inj_lb",17.7450677524232,"bogota","Car","L1: RTI","L2: RTI","L3: RTI","RTI",209137
"male","55-59","sc_car_yll_inj_lb",1.26827696141231,"bogota","Car","L1: RTI","L2: RTI","L3: RTI","RTI",187551
"male","60-64","sc_car_yll_inj_lb",1.29005428356703,"bogota","Car","L1: RTI","L2: RTI","L3: RTI","RTI",146500
"male","65-69","sc_car_yll_inj_lb",10.4325107222662,"bogota","Car","L1: RTI","L2: RTI","L3: RTI","RTI",105412
"female","15-19","sc_car_yll_inj_lb",2.74807774238485,"bogota","Car","L1: RTI","L2: RTI","L3: RTI","RTI",279280
"female","20-24","sc_car_yll_inj_lb",27.8876999581478,"bogota","Car","L1: RTI","L2: RTI","L3: RTI","RTI",360197
"female","25-29","sc_car_yll_inj_lb",22.6296414219654,"bogota","Car","L1: RTI","L2: RTI","L3: RTI","RTI",364423
"female","30-34","sc_car_yll_inj_lb",9.08536967339376,"bogota","Car","L1: RTI","L2: RTI","L3: RTI","RTI",330341
"female","35-39","sc_car_yll_inj_lb",2.24312321398463,"bogota","Car","L1: RTI","L2: RTI","L3: RTI","RTI",309304
"female","40-44","sc_car_yll_inj_lb",9.93753888698907,"bogota","Car","L1: RTI","L2: RTI","L3: RTI","RTI",275440
"female","45-49","sc_car_yll_inj_lb",3.66154317608374,"bogota","Car","L1: RTI","L2: RTI","L3: RTI","RTI",254843
"female","50-54","sc_car_yll_inj_lb",5.98741964662921,"bogota","Car","L1: RTI","L2: RTI","L3: RTI","RTI",256059
"female","55-59","sc_car_yll_inj_lb",3.74103178880796,"bogota","Car","L1: RTI","L2: RTI","L3: RTI","RTI",235548
"female","60-64","sc_car_yll_inj_lb",3.48660776478374,"bogota","Car","L1: RTI","L2: RTI","L3: RTI","RTI",189600
"female","65-69","sc_car_yll_inj_lb",2.64623434062378,"bogota","Car","L1: RTI","L2: RTI","L3: RTI","RTI",141409
"male","15-19","sc_bus_yll_inj_lb",56.3573806453896,"bogota","Bus","L1: RTI","L2: RTI","L3: RTI","RTI",282736
"male","20-24","sc_bus_yll_inj_lb",270.072255423444,"bogota","Bus","L1: RTI","L2: RTI","L3: RTI","RTI",357934
"male","25-29","sc_bus_yll_inj_lb",189.324799838606,"bogota","Bus","L1: RTI","L2: RTI","L3: RTI","RTI",360031
"male","30-34","sc_bus_yll_inj_lb",88.7676968327939,"bogota","Bus","L1: RTI","L2: RTI","L3: RTI","RTI",321492
"male","35-39","sc_bus_yll_inj_lb",67.626250094736,"bogota","Bus","L1: RTI","L2: RTI","L3: RTI","RTI",289808
"male","40-44","sc_bus_yll_inj_lb",17.1804739733775,"bogota","Bus","L1: RTI","L2: RTI","L3: RTI","RTI",244543
"male","45-49","sc_bus_yll_inj_lb",7.83510685674003,"bogota","Bus","L1: RTI","L2: RTI","L3: RTI","RTI",215491
"male","50-54","sc_bus_yll_inj_lb",14.055815228806,"bogota","Bus","L1: RTI","L2: RTI","L3: RTI","RTI",209137
"male","55-59","sc_bus_yll_inj_lb",21.2139206585392,"bogota","Bus","L1: RTI","L2: RTI","L3: RTI","RTI",187551
"male","60-64","sc_bus_yll_inj_lb",0.84270056856775,"bogota","Bus","L1: RTI","L2: RTI","L3: RTI","RTI",146500
"male","65-69","sc_bus_yll_inj_lb",11.2209810841989,"bogota","Bus","L1: RTI","L2: RTI","L3: RTI","RTI",105412
"female","15-19","sc_bus_yll_inj_lb",16.3928932123247,"bogota","Bus","L1: RTI","L2: RTI","L3: RTI","RTI",279280
"female","20-24","sc_bus_yll_inj_lb",48.7198582058141,"bogota","Bus","L1: RTI","L2: RTI","L3: RTI","RTI",360197
"female","25-29","sc_bus_yll_inj_lb",43.2944502801251,"bogota","Bus","L1: RTI","L2: RTI","L3: RTI","RTI",364423
"female","30-34","sc_bus_yll_inj_lb",23.0659906273254,"bogota","Bus","L1: RTI","L2: RTI","L3: RTI","RTI",330341
"female","35-39","sc_bus_yll_inj_lb",8.71717371600351,"bogota","Bus","L1: RTI","L2: RTI","L3: RTI","RTI",309304
"female","40-44","sc_bus_yll_inj_lb",5.32303158302636,"bogota","Bus","L1: RTI","L2: RTI","L3: RTI","RTI",275440
"female","45-49","sc_bus_yll_inj_lb",6.94080750834686,"bogota","Bus","L1: RTI","L2: RTI","L3: RTI","RTI",254843
"female","50-54","sc_bus_yll_inj_lb",4.40811919511123,"bogota","Bus","L1: RTI","L2: RTI","L3: RTI","RTI",256059
"female","55-59","sc_bus_yll_inj_lb",5.55450985720842,"bogota","Bus","L1: RTI","L2: RTI","L3: RTI","RTI",235548
"female","60-64","sc_bus_yll_inj_lb",4.00452365823352,"bogota","Bus","L1: RTI","L2: RTI","L3: RTI","RTI",189600
"female","65-69","sc_bus_yll_inj_lb",2.85034478625974,"bogota","Bus","L1: RTI","L2: RTI","L3: RTI","RTI",141409
