"sex","age_cat","cause","measure","city","scenario","level1","level2","level3","dose","pop_age_sex"
"male","15-19","sc_cycle_ylls_pa_ap_all_cause",63.22339,"bogota","Cycling","L1: All Cause",NA,NA,"PA and AP",282736
"male","20-24","sc_cycle_ylls_pa_ap_all_cause",367.91088,"bogota","Cycling","L1: All Cause",NA,NA,"PA and AP",357934
"male","25-29","sc_cycle_ylls_pa_ap_all_cause",326.19861,"bogota","Cycling","L1: All Cause",NA,NA,"PA and AP",360031
"male","30-34","sc_cycle_ylls_pa_ap_all_cause",303.04384,"bogota","Cycling","L1: All Cause",NA,NA,"PA and AP",321492
"male","35-39","sc_cycle_ylls_pa_ap_all_cause",216.1519,"bogota","Cycling","L1: All Cause",NA,NA,"PA and AP",289808
"male","40-44","sc_cycle_ylls_pa_ap_all_cause",157.84156,"bogota","Cycling","L1: All Cause",NA,NA,"PA and AP",244543
"male","45-49","sc_cycle_ylls_pa_ap_all_cause",149.0997,"bogota","Cycling","L1: All Cause",NA,NA,"PA and AP",215491
"male","50-54","sc_cycle_ylls_pa_ap_all_cause",117.59979,"bogota","Cycling","L1: All Cause",NA,NA,"PA and AP",209137
"male","55-59","sc_cycle_ylls_pa_ap_all_cause",134.18111,"bogota","Cycling","L1: All Cause",NA,NA,"PA and AP",187551
"male","60-64","sc_cycle_ylls_pa_ap_all_cause",215.725,"bogota","Cycling","L1: All Cause",NA,NA,"PA and AP",146500
"male","65-69","sc_cycle_ylls_pa_ap_all_cause",192.55281,"bogota","Cycling","L1: All Cause",NA,NA,"PA and AP",105412
"female","15-19","sc_cycle_ylls_pa_ap_all_cause",42.98531,"bogota","Cycling","L1: All Cause",NA,NA,"PA and AP",279280
"female","20-24","sc_cycle_ylls_pa_ap_all_cause",115.92562,"bogota","Cycling","L1: All Cause",NA,NA,"PA and AP",360197
"female","25-29","sc_cycle_ylls_pa_ap_all_cause",122.67788,"bogota","Cycling","L1: All Cause",NA,NA,"PA and AP",364423
"female","30-34","sc_cycle_ylls_pa_ap_all_cause",134.95669,"bogota","Cycling","L1: All Cause",NA,NA,"PA and AP",330341
"female","35-39","sc_cycle_ylls_pa_ap_all_cause",134.83563,"bogota","Cycling","L1: All Cause",NA,NA,"PA and AP",309304
"female","40-44","sc_cycle_ylls_pa_ap_all_cause",151.92224,"bogota","Cycling","L1: All Cause",NA,NA,"PA and AP",275440
"female","45-49","sc_cycle_ylls_pa_ap_all_cause",206.6027,"bogota","Cycling","L1: All Cause",NA,NA,"PA and AP",254843
"female","50-54","sc_cycle_ylls_pa_ap_all_cause",293.48826,"bogota","Cycling","L1: All Cause",NA,NA,"PA and AP",256059
"female","55-59","sc_cycle_ylls_pa_ap_all_cause",374.24245,"bogota","Cycling","L1: All Cause",NA,NA,"PA and AP",235548
"female","60-64","sc_cycle_ylls_pa_ap_all_cause",369.96027,"bogota","Cycling","L1: All Cause",NA,NA,"PA and AP",189600
"female","65-69","sc_cycle_ylls_pa_ap_all_cause",329.52122,"bogota","Cycling","L1: All Cause",NA,NA,"PA and AP",141409
"male","15-19","sc_car_ylls_pa_ap_all_cause",-66.62421,"bogota","Car","L1: All Cause",NA,NA,"PA and AP",282736
"male","20-24","sc_car_ylls_pa_ap_all_cause",-217.75068,"bogota","Car","L1: All Cause",NA,NA,"PA and AP",357934
"male","25-29","sc_car_ylls_pa_ap_all_cause",-260.90818,"bogota","Car","L1: All Cause",NA,NA,"PA and AP",360031
"male","30-34","sc_car_ylls_pa_ap_all_cause",-183.88254,"bogota","Car","L1: All Cause",NA,NA,"PA and AP",321492
"male","35-39","sc_car_ylls_pa_ap_all_cause",-127.39399,"bogota","Car","L1: All Cause",NA,NA,"PA and AP",289808
"male","40-44","sc_car_ylls_pa_ap_all_cause",-122.5179,"bogota","Car","L1: All Cause",NA,NA,"PA and AP",244543
"male","45-49","sc_car_ylls_pa_ap_all_cause",-110.23937,"bogota","Car","L1: All Cause",NA,NA,"PA and AP",215491
"male","50-54","sc_car_ylls_pa_ap_all_cause",-79.57119,"bogota","Car","L1: All Cause",NA,NA,"PA and AP",209137
"male","55-59","sc_car_ylls_pa_ap_all_cause",-110.57296,"bogota","Car","L1: All Cause",NA,NA,"PA and AP",187551
"male","60-64","sc_car_ylls_pa_ap_all_cause",-101.88179,"bogota","Car","L1: All Cause",NA,NA,"PA and AP",146500
"male","65-69","sc_car_ylls_pa_ap_all_cause",-115.77311,"bogota","Car","L1: All Cause",NA,NA,"PA and AP",105412
"female","15-19","sc_car_ylls_pa_ap_all_cause",-15.48274,"bogota","Car","L1: All Cause",NA,NA,"PA and AP",279280
"female","20-24","sc_car_ylls_pa_ap_all_cause",-46.87469,"bogota","Car","L1: All Cause",NA,NA,"PA and AP",360197
"female","25-29","sc_car_ylls_pa_ap_all_cause",-50.10667,"bogota","Car","L1: All Cause",NA,NA,"PA and AP",364423
"female","30-34","sc_car_ylls_pa_ap_all_cause",-53.37881,"bogota","Car","L1: All Cause",NA,NA,"PA and AP",330341
"female","35-39","sc_car_ylls_pa_ap_all_cause",-54.29757,"bogota","Car","L1: All Cause",NA,NA,"PA and AP",309304
"female","40-44","sc_car_ylls_pa_ap_all_cause",-65.56754,"bogota","Car","L1: All Cause",NA,NA,"PA and AP",275440
"female","45-49","sc_car_ylls_pa_ap_all_cause",-75.8974,"bogota","Car","L1: All Cause",NA,NA,"PA and AP",254843
"female","50-54","sc_car_ylls_pa_ap_all_cause",-54.98847,"bogota","Car","L1: All Cause",NA,NA,"PA and AP",256059
"female","55-59","sc_car_ylls_pa_ap_all_cause",-68.66687,"bogota","Car","L1: All Cause",NA,NA,"PA and AP",235548
"female","60-64","sc_car_ylls_pa_ap_all_cause",-77.08882,"bogota","Car","L1: All Cause",NA,NA,"PA and AP",189600
"female","65-69","sc_car_ylls_pa_ap_all_cause",-70.84708,"bogota","Car","L1: All Cause",NA,NA,"PA and AP",141409
"male","15-19","sc_bus_ylls_pa_ap_all_cause",-52.44731,"bogota","Bus","L1: All Cause",NA,NA,"PA and AP",282736
"male","20-24","sc_bus_ylls_pa_ap_all_cause",-191.19375,"bogota","Bus","L1: All Cause",NA,NA,"PA and AP",357934
"male","25-29","sc_bus_ylls_pa_ap_all_cause",-223.83589,"bogota","Bus","L1: All Cause",NA,NA,"PA and AP",360031
"male","30-34","sc_bus_ylls_pa_ap_all_cause",-202.56654,"bogota","Bus","L1: All Cause",NA,NA,"PA and AP",321492
"male","35-39","sc_bus_ylls_pa_ap_all_cause",-111.94999,"bogota","Bus","L1: All Cause",NA,NA,"PA and AP",289808
"male","40-44","sc_bus_ylls_pa_ap_all_cause",-79.19997,"bogota","Bus","L1: All Cause",NA,NA,"PA and AP",244543
"male","45-49","sc_bus_ylls_pa_ap_all_cause",-75.47057,"bogota","Bus","L1: All Cause",NA,NA,"PA and AP",215491
"male","50-54","sc_bus_ylls_pa_ap_all_cause",-63.19899,"bogota","Bus","L1: All Cause",NA,NA,"PA and AP",209137
"male","55-59","sc_bus_ylls_pa_ap_all_cause",-96.70479,"bogota","Bus","L1: All Cause",NA,NA,"PA and AP",187551
"male","60-64","sc_bus_ylls_pa_ap_all_cause",-120.02117,"bogota","Bus","L1: All Cause",NA,NA,"PA and AP",146500
"male","65-69","sc_bus_ylls_pa_ap_all_cause",-56.97932,"bogota","Bus","L1: All Cause",NA,NA,"PA and AP",105412
"female","15-19","sc_bus_ylls_pa_ap_all_cause",-5.75312,"bogota","Bus","L1: All Cause",NA,NA,"PA and AP",279280
"female","20-24","sc_bus_ylls_pa_ap_all_cause",-27.63198,"bogota","Bus","L1: All Cause",NA,NA,"PA and AP",360197
"female","25-29","sc_bus_ylls_pa_ap_all_cause",-29.41341,"bogota","Bus","L1: All Cause",NA,NA,"PA and AP",364423
"female","30-34","sc_bus_ylls_pa_ap_all_cause",-23.32921,"bogota","Bus","L1: All Cause",NA,NA,"PA and AP",330341
"female","35-39","sc_bus_ylls_pa_ap_all_cause",-24.29377,"bogota","Bus","L1: All Cause",NA,NA,"PA and AP",309304
"female","40-44","sc_bus_ylls_pa_ap_all_cause",-31.132,"bogota","Bus","L1: All Cause",NA,NA,"PA and AP",275440
"female","45-49","sc_bus_ylls_pa_ap_all_cause",-36.11475,"bogota","Bus","L1: All Cause",NA,NA,"PA and AP",254843
"female","50-54","sc_bus_ylls_pa_ap_all_cause",-20.69964,"bogota","Bus","L1: All Cause",NA,NA,"PA and AP",256059
"female","55-59","sc_bus_ylls_pa_ap_all_cause",-29.20029,"bogota","Bus","L1: All Cause",NA,NA,"PA and AP",235548
"female","60-64","sc_bus_ylls_pa_ap_all_cause",-28.11739,"bogota","Bus","L1: All Cause",NA,NA,"PA and AP",189600
"female","65-69","sc_bus_ylls_pa_ap_all_cause",-28.63894,"bogota","Bus","L1: All Cause",NA,NA,"PA and AP",141409
"male","15-19","sc_cycle_ylls_pa_ap_all_cause_lb",76.1335,"bogota","Cycling","L1: All Cause",NA,NA,"PA and AP",282736
"male","20-24","sc_cycle_ylls_pa_ap_all_cause_lb",432.36128,"bogota","Cycling","L1: All Cause",NA,NA,"PA and AP",357934
"male","25-29","sc_cycle_ylls_pa_ap_all_cause_lb",380.87045,"bogota","Cycling","L1: All Cause",NA,NA,"PA and AP",360031
"male","30-34","sc_cycle_ylls_pa_ap_all_cause_lb",352.59735,"bogota","Cycling","L1: All Cause",NA,NA,"PA and AP",321492
"male","35-39","sc_cycle_ylls_pa_ap_all_cause_lb",250.58883,"bogota","Cycling","L1: All Cause",NA,NA,"PA and AP",289808
"male","40-44","sc_cycle_ylls_pa_ap_all_cause_lb",183.33385,"bogota","Cycling","L1: All Cause",NA,NA,"PA and AP",244543
"male","45-49","sc_cycle_ylls_pa_ap_all_cause_lb",172.35724,"bogota","Cycling","L1: All Cause",NA,NA,"PA and AP",215491
"male","50-54","sc_cycle_ylls_pa_ap_all_cause_lb",137.91639,"bogota","Cycling","L1: All Cause",NA,NA,"PA and AP",209137
"male","55-59","sc_cycle_ylls_pa_ap_all_cause_lb",157.03661,"bogota","Cycling","L1: All Cause",NA,NA,"PA and AP",187551
"male","60-64","sc_cycle_ylls_pa_ap_all_cause_lb",251.93613,"bogota","Cycling","L1: All Cause",NA,NA,"PA and AP",146500
"male","65-69","sc_cycle_ylls_pa_ap_all_cause_lb",222.89208,"bogota","Cycling","L1: All Cause",NA,NA,"PA and AP",105412
"female","15-19","sc_cycle_ylls_pa_ap_all_cause_lb",50.71829,"bogota","Cycling","L1: All Cause",NA,NA,"PA and AP",279280
"female","20-24","sc_cycle_ylls_pa_ap_all_cause_lb",134.14484,"bogota","Cycling","L1: All Cause",NA,NA,"PA and AP",360197
"female","25-29","sc_cycle_ylls_pa_ap_all_cause_lb",142.10632,"bogota","Cycling","L1: All Cause",NA,NA,"PA and AP",364423
"female","30-34","sc_cycle_ylls_pa_ap_all_cause_lb",156.28406,"bogota","Cycling","L1: All Cause",NA,NA,"PA and AP",330341
"female","35-39","sc_cycle_ylls_pa_ap_all_cause_lb",155.29492,"bogota","Cycling","L1: All Cause",NA,NA,"PA and AP",309304
"female","40-44","sc_cycle_ylls_pa_ap_all_cause_lb",175.43885,"bogota","Cycling","L1: All Cause",NA,NA,"PA and AP",275440
"female","45-49","sc_cycle_ylls_pa_ap_all_cause_lb",236.69613,"bogota","Cycling","L1: All Cause",NA,NA,"PA and AP",254843
"female","50-54","sc_cycle_ylls_pa_ap_all_cause_lb",335.55361,"bogota","Cycling","L1: All Cause",NA,NA,"PA and AP",256059
"female","55-59","sc_cycle_ylls_pa_ap_all_cause_lb",428.28048,"bogota","Cycling","L1: All Cause",NA,NA,"PA and AP",235548
"female","60-64","sc_cycle_ylls_pa_ap_all_cause_lb",425.30811,"bogota","Cycling","L1: All Cause",NA,NA,"PA and AP",189600
"female","65-69","sc_cycle_ylls_pa_ap_all_cause_lb",377.51678,"bogota","Cycling","L1: All Cause",NA,NA,"PA and AP",141409
"male","15-19","sc_car_ylls_pa_ap_all_cause_lb",-75.03551,"bogota","Car","L1: All Cause",NA,NA,"PA and AP",282736
"male","20-24","sc_car_ylls_pa_ap_all_cause_lb",-237.55354,"bogota","Car","L1: All Cause",NA,NA,"PA and AP",357934
"male","25-29","sc_car_ylls_pa_ap_all_cause_lb",-286.19626,"bogota","Car","L1: All Cause",NA,NA,"PA and AP",360031
"male","30-34","sc_car_ylls_pa_ap_all_cause_lb",-199.36662,"bogota","Car","L1: All Cause",NA,NA,"PA and AP",321492
"male","35-39","sc_car_ylls_pa_ap_all_cause_lb",-136.13811,"bogota","Car","L1: All Cause",NA,NA,"PA and AP",289808
"male","40-44","sc_car_ylls_pa_ap_all_cause_lb",-134.33489,"bogota","Car","L1: All Cause",NA,NA,"PA and AP",244543
"male","45-49","sc_car_ylls_pa_ap_all_cause_lb",-120.67195,"bogota","Car","L1: All Cause",NA,NA,"PA and AP",215491
"male","50-54","sc_car_ylls_pa_ap_all_cause_lb",-86.97089,"bogota","Car","L1: All Cause",NA,NA,"PA and AP",209137
"male","55-59","sc_car_ylls_pa_ap_all_cause_lb",-122.91048,"bogota","Car","L1: All Cause",NA,NA,"PA and AP",187551
"male","60-64","sc_car_ylls_pa_ap_all_cause_lb",-111.47301,"bogota","Car","L1: All Cause",NA,NA,"PA and AP",146500
"male","65-69","sc_car_ylls_pa_ap_all_cause_lb",-127.24816,"bogota","Car","L1: All Cause",NA,NA,"PA and AP",105412
"female","15-19","sc_car_ylls_pa_ap_all_cause_lb",-16.84328,"bogota","Car","L1: All Cause",NA,NA,"PA and AP",279280
"female","20-24","sc_car_ylls_pa_ap_all_cause_lb",-50.56232,"bogota","Car","L1: All Cause",NA,NA,"PA and AP",360197
"female","25-29","sc_car_ylls_pa_ap_all_cause_lb",-53.56703,"bogota","Car","L1: All Cause",NA,NA,"PA and AP",364423
"female","30-34","sc_car_ylls_pa_ap_all_cause_lb",-57.10013,"bogota","Car","L1: All Cause",NA,NA,"PA and AP",330341
"female","35-39","sc_car_ylls_pa_ap_all_cause_lb",-57.62856,"bogota","Car","L1: All Cause",NA,NA,"PA and AP",309304
"female","40-44","sc_car_ylls_pa_ap_all_cause_lb",-69.96841,"bogota","Car","L1: All Cause",NA,NA,"PA and AP",275440
"female","45-49","sc_car_ylls_pa_ap_all_cause_lb",-81.13192,"bogota","Car","L1: All Cause",NA,NA,"PA and AP",254843
"female","50-54","sc_car_ylls_pa_ap_all_cause_lb",-59.01595,"bogota","Car","L1: All Cause",NA,NA,"PA and AP",256059
"female","55-59","sc_car_ylls_pa_ap_all_cause_lb",-73.84746,"bogota","Car","L1: All Cause",NA,NA,"PA and AP",235548
"female","60-64","sc_car_ylls_pa_ap_all_cause_lb",-83.11109,"bogota","Car","L1: All Cause",NA,NA,"PA and AP",189600
"female","65-69","sc_car_ylls_pa_ap_all_cause_lb",-77.00878,"bogota","Car","L1: All Cause",NA,NA,"PA and AP",141409
"male","15-19","sc_bus_ylls_pa_ap_all_cause_lb",-62.28016,"bogota","Bus","L1: All Cause",NA,NA,"PA and AP",282736
"male","20-24","sc_bus_ylls_pa_ap_all_cause_lb",-222.43154,"bogota","Bus","L1: All Cause",NA,NA,"PA and AP",357934
"male","25-29","sc_bus_ylls_pa_ap_all_cause_lb",-260.05467,"bogota","Bus","L1: All Cause",NA,NA,"PA and AP",360031
"male","30-34","sc_bus_ylls_pa_ap_all_cause_lb",-237.68427,"bogota","Bus","L1: All Cause",NA,NA,"PA and AP",321492
"male","35-39","sc_bus_ylls_pa_ap_all_cause_lb",-131.65385,"bogota","Bus","L1: All Cause",NA,NA,"PA and AP",289808
"male","40-44","sc_bus_ylls_pa_ap_all_cause_lb",-93.04917,"bogota","Bus","L1: All Cause",NA,NA,"PA and AP",244543
"male","45-49","sc_bus_ylls_pa_ap_all_cause_lb",-88.26501,"bogota","Bus","L1: All Cause",NA,NA,"PA and AP",215491
"male","50-54","sc_bus_ylls_pa_ap_all_cause_lb",-75.02126,"bogota","Bus","L1: All Cause",NA,NA,"PA and AP",209137
"male","55-59","sc_bus_ylls_pa_ap_all_cause_lb",-115.70986,"bogota","Bus","L1: All Cause",NA,NA,"PA and AP",187551
"male","60-64","sc_bus_ylls_pa_ap_all_cause_lb",-143.16874,"bogota","Bus","L1: All Cause",NA,NA,"PA and AP",146500
"male","65-69","sc_bus_ylls_pa_ap_all_cause_lb",-69.8609,"bogota","Bus","L1: All Cause",NA,NA,"PA and AP",105412
"female","15-19","sc_bus_ylls_pa_ap_all_cause_lb",-6.75774,"bogota","Bus","L1: All Cause",NA,NA,"PA and AP",279280
"female","20-24","sc_bus_ylls_pa_ap_all_cause_lb",-32.12608,"bogota","Bus","L1: All Cause",NA,NA,"PA and AP",360197
"female","25-29","sc_bus_ylls_pa_ap_all_cause_lb",-34.08253,"bogota","Bus","L1: All Cause",NA,NA,"PA and AP",364423
"female","30-34","sc_bus_ylls_pa_ap_all_cause_lb",-27.5712,"bogota","Bus","L1: All Cause",NA,NA,"PA and AP",330341
"female","35-39","sc_bus_ylls_pa_ap_all_cause_lb",-28.97521,"bogota","Bus","L1: All Cause",NA,NA,"PA and AP",309304
"female","40-44","sc_bus_ylls_pa_ap_all_cause_lb",-36.85248,"bogota","Bus","L1: All Cause",NA,NA,"PA and AP",275440
"female","45-49","sc_bus_ylls_pa_ap_all_cause_lb",-42.18166,"bogota","Bus","L1: All Cause",NA,NA,"PA and AP",254843
"female","50-54","sc_bus_ylls_pa_ap_all_cause_lb",-24.97216,"bogota","Bus","L1: All Cause",NA,NA,"PA and AP",256059
"female","55-59","sc_bus_ylls_pa_ap_all_cause_lb",-35.99088,"bogota","Bus","L1: All Cause",NA,NA,"PA and AP",235548
"female","60-64","sc_bus_ylls_pa_ap_all_cause_lb",-34.2553,"bogota","Bus","L1: All Cause",NA,NA,"PA and AP",189600
"female","65-69","sc_bus_ylls_pa_ap_all_cause_lb",-34.88259,"bogota","Bus","L1: All Cause",NA,NA,"PA and AP",141409
"male","15-19","sc_cycle_ylls_pa_ap_all_cause_ub",50.49102,"bogota","Cycling","L1: All Cause",NA,NA,"PA and AP",282736
"male","20-24","sc_cycle_ylls_pa_ap_all_cause_ub",304.58517,"bogota","Cycling","L1: All Cause",NA,NA,"PA and AP",357934
"male","25-29","sc_cycle_ylls_pa_ap_all_cause_ub",272.18724,"bogota","Cycling","L1: All Cause",NA,NA,"PA and AP",360031
"male","30-34","sc_cycle_ylls_pa_ap_all_cause_ub",254.43546,"bogota","Cycling","L1: All Cause",NA,NA,"PA and AP",321492
"male","35-39","sc_cycle_ylls_pa_ap_all_cause_ub",182.3556,"bogota","Cycling","L1: All Cause",NA,NA,"PA and AP",289808
"male","40-44","sc_cycle_ylls_pa_ap_all_cause_ub",132.77151,"bogota","Cycling","L1: All Cause",NA,NA,"PA and AP",244543
"male","45-49","sc_cycle_ylls_pa_ap_all_cause_ub",126.26237,"bogota","Cycling","L1: All Cause",NA,NA,"PA and AP",215491
"male","50-54","sc_cycle_ylls_pa_ap_all_cause_ub",97.64893,"bogota","Cycling","L1: All Cause",NA,NA,"PA and AP",209137
"male","55-59","sc_cycle_ylls_pa_ap_all_cause_ub",111.69029,"bogota","Cycling","L1: All Cause",NA,NA,"PA and AP",187551
"male","60-64","sc_cycle_ylls_pa_ap_all_cause_ub",180.23781,"bogota","Cycling","L1: All Cause",NA,NA,"PA and AP",146500
"male","65-69","sc_cycle_ylls_pa_ap_all_cause_ub",162.60674,"bogota","Cycling","L1: All Cause",NA,NA,"PA and AP",105412
"female","15-19","sc_cycle_ylls_pa_ap_all_cause_ub",35.3006,"bogota","Cycling","L1: All Cause",NA,NA,"PA and AP",279280
"female","20-24","sc_cycle_ylls_pa_ap_all_cause_ub",97.85464,"bogota","Cycling","L1: All Cause",NA,NA,"PA and AP",360197
"female","25-29","sc_cycle_ylls_pa_ap_all_cause_ub",103.4078,"bogota","Cycling","L1: All Cause",NA,NA,"PA and AP",364423
"female","30-34","sc_cycle_ylls_pa_ap_all_cause_ub",113.91176,"bogota","Cycling","L1: All Cause",NA,NA,"PA and AP",330341
"female","35-39","sc_cycle_ylls_pa_ap_all_cause_ub",114.55218,"bogota","Cycling","L1: All Cause",NA,NA,"PA and AP",309304
"female","40-44","sc_cycle_ylls_pa_ap_all_cause_ub",128.69084,"bogota","Cycling","L1: All Cause",NA,NA,"PA and AP",275440
"female","45-49","sc_cycle_ylls_pa_ap_all_cause_ub",176.84766,"bogota","Cycling","L1: All Cause",NA,NA,"PA and AP",254843
"female","50-54","sc_cycle_ylls_pa_ap_all_cause_ub",251.71492,"bogota","Cycling","L1: All Cause",NA,NA,"PA and AP",256059
"female","55-59","sc_cycle_ylls_pa_ap_all_cause_ub",320.63652,"bogota","Cycling","L1: All Cause",NA,NA,"PA and AP",235548
"female","60-64","sc_cycle_ylls_pa_ap_all_cause_ub",315.23338,"bogota","Cycling","L1: All Cause",NA,NA,"PA and AP",189600
"female","65-69","sc_cycle_ylls_pa_ap_all_cause_ub",281.9906,"bogota","Cycling","L1: All Cause",NA,NA,"PA and AP",141409
"male","15-19","sc_car_ylls_pa_ap_all_cause_ub",-58.33465,"bogota","Car","L1: All Cause",NA,NA,"PA and AP",282736
"male","20-24","sc_car_ylls_pa_ap_all_cause_ub",-198.20979,"bogota","Car","L1: All Cause",NA,NA,"PA and AP",357934
"male","25-29","sc_car_ylls_pa_ap_all_cause_ub",-235.93422,"bogota","Car","L1: All Cause",NA,NA,"PA and AP",360031
"male","30-34","sc_car_ylls_pa_ap_all_cause_ub",-168.7588,"bogota","Car","L1: All Cause",NA,NA,"PA and AP",321492
"male","35-39","sc_car_ylls_pa_ap_all_cause_ub",-118.68538,"bogota","Car","L1: All Cause",NA,NA,"PA and AP",289808
"male","40-44","sc_car_ylls_pa_ap_all_cause_ub",-110.92567,"bogota","Car","L1: All Cause",NA,NA,"PA and AP",244543
"male","45-49","sc_car_ylls_pa_ap_all_cause_ub",-100.01518,"bogota","Car","L1: All Cause",NA,NA,"PA and AP",215491
"male","50-54","sc_car_ylls_pa_ap_all_cause_ub",-72.29222,"bogota","Car","L1: All Cause",NA,NA,"PA and AP",209137
"male","55-59","sc_car_ylls_pa_ap_all_cause_ub",-98.4679,"bogota","Car","L1: All Cause",NA,NA,"PA and AP",187551
"male","60-64","sc_car_ylls_pa_ap_all_cause_ub",-92.39507,"bogota","Car","L1: All Cause",NA,NA,"PA and AP",146500
"male","65-69","sc_car_ylls_pa_ap_all_cause_ub",-104.52591,"bogota","Car","L1: All Cause",NA,NA,"PA and AP",105412
"female","15-19","sc_car_ylls_pa_ap_all_cause_ub",-14.1422,"bogota","Car","L1: All Cause",NA,NA,"PA and AP",279280
"female","20-24","sc_car_ylls_pa_ap_all_cause_ub",-43.22514,"bogota","Car","L1: All Cause",NA,NA,"PA and AP",360197
"female","25-29","sc_car_ylls_pa_ap_all_cause_ub",-46.66248,"bogota","Car","L1: All Cause",NA,NA,"PA and AP",364423
"female","30-34","sc_car_ylls_pa_ap_all_cause_ub",-49.70466,"bogota","Car","L1: All Cause",NA,NA,"PA and AP",330341
"female","35-39","sc_car_ylls_pa_ap_all_cause_ub",-50.97441,"bogota","Car","L1: All Cause",NA,NA,"PA and AP",309304
"female","40-44","sc_car_ylls_pa_ap_all_cause_ub",-61.22614,"bogota","Car","L1: All Cause",NA,NA,"PA and AP",275440
"female","45-49","sc_car_ylls_pa_ap_all_cause_ub",-70.74956,"bogota","Car","L1: All Cause",NA,NA,"PA and AP",254843
"female","50-54","sc_car_ylls_pa_ap_all_cause_ub",-51.00001,"bogota","Car","L1: All Cause",NA,NA,"PA and AP",256059
"female","55-59","sc_car_ylls_pa_ap_all_cause_ub",-63.55987,"bogota","Car","L1: All Cause",NA,NA,"PA and AP",235548
"female","60-64","sc_car_ylls_pa_ap_all_cause_ub",-71.13352,"bogota","Car","L1: All Cause",NA,NA,"PA and AP",189600
"female","65-69","sc_car_ylls_pa_ap_all_cause_ub",-64.81147,"bogota","Car","L1: All Cause",NA,NA,"PA and AP",141409
"male","15-19","sc_bus_ylls_pa_ap_all_cause_ub",-42.71976,"bogota","Bus","L1: All Cause",NA,NA,"PA and AP",282736
"male","20-24","sc_bus_ylls_pa_ap_all_cause_ub",-160.43813,"bogota","Bus","L1: All Cause",NA,NA,"PA and AP",357934
"male","25-29","sc_bus_ylls_pa_ap_all_cause_ub",-188.13677,"bogota","Bus","L1: All Cause",NA,NA,"PA and AP",360031
"male","30-34","sc_bus_ylls_pa_ap_all_cause_ub",-168.24083,"bogota","Bus","L1: All Cause",NA,NA,"PA and AP",321492
"male","35-39","sc_bus_ylls_pa_ap_all_cause_ub",-92.57574,"bogota","Bus","L1: All Cause",NA,NA,"PA and AP",289808
"male","40-44","sc_bus_ylls_pa_ap_all_cause_ub",-65.52288,"bogota","Bus","L1: All Cause",NA,NA,"PA and AP",244543
"male","45-49","sc_bus_ylls_pa_ap_all_cause_ub",-62.78976,"bogota","Bus","L1: All Cause",NA,NA,"PA and AP",215491
"male","50-54","sc_bus_ylls_pa_ap_all_cause_ub",-51.50669,"bogota","Bus","L1: All Cause",NA,NA,"PA and AP",209137
"male","55-59","sc_bus_ylls_pa_ap_all_cause_ub",-78.16138,"bogota","Bus","L1: All Cause",NA,NA,"PA and AP",187551
"male","60-64","sc_bus_ylls_pa_ap_all_cause_ub",-97.32885,"bogota","Bus","L1: All Cause",NA,NA,"PA and AP",146500
"male","65-69","sc_bus_ylls_pa_ap_all_cause_ub",-44.26346,"bogota","Bus","L1: All Cause",NA,NA,"PA and AP",105412
"female","15-19","sc_bus_ylls_pa_ap_all_cause_ub",-4.74549,"bogota","Bus","L1: All Cause",NA,NA,"PA and AP",279280
"female","20-24","sc_bus_ylls_pa_ap_all_cause_ub",-23.15564,"bogota","Bus","L1: All Cause",NA,NA,"PA and AP",360197
"female","25-29","sc_bus_ylls_pa_ap_all_cause_ub",-24.77417,"bogota","Bus","L1: All Cause",NA,NA,"PA and AP",364423
"female","30-34","sc_bus_ylls_pa_ap_all_cause_ub",-19.11986,"bogota","Bus","L1: All Cause",NA,NA,"PA and AP",330341
"female","35-39","sc_bus_ylls_pa_ap_all_cause_ub",-19.62761,"bogota","Bus","L1: All Cause",NA,NA,"PA and AP",309304
"female","40-44","sc_bus_ylls_pa_ap_all_cause_ub",-25.48594,"bogota","Bus","L1: All Cause",NA,NA,"PA and AP",275440
"female","45-49","sc_bus_ylls_pa_ap_all_cause_ub",-30.11416,"bogota","Bus","L1: All Cause",NA,NA,"PA and AP",254843
"female","50-54","sc_bus_ylls_pa_ap_all_cause_ub",-16.47435,"bogota","Bus","L1: All Cause",NA,NA,"PA and AP",256059
"female","55-59","sc_bus_ylls_pa_ap_all_cause_ub",-22.51976,"bogota","Bus","L1: All Cause",NA,NA,"PA and AP",235548
"female","60-64","sc_bus_ylls_pa_ap_all_cause_ub",-21.99433,"bogota","Bus","L1: All Cause",NA,NA,"PA and AP",189600
"female","65-69","sc_bus_ylls_pa_ap_all_cause_ub",-22.44026,"bogota","Bus","L1: All Cause",NA,NA,"PA and AP",141409
"male","15-19","sc_cycle_ylls_pa_ap_IHD",0.65631,"bogota","Cycling",NA,NA,"L3: IHD","PA and AP",282736
"male","20-24","sc_cycle_ylls_pa_ap_IHD",3.34339,"bogota","Cycling",NA,NA,"L3: IHD","PA and AP",357934
"male","25-29","sc_cycle_ylls_pa_ap_IHD",2.01785,"bogota","Cycling",NA,NA,"L3: IHD","PA and AP",360031
"male","30-34","sc_cycle_ylls_pa_ap_IHD",4.90116,"bogota","Cycling",NA,NA,"L3: IHD","PA and AP",321492
"male","35-39","sc_cycle_ylls_pa_ap_IHD",6.74781,"bogota","Cycling",NA,NA,"L3: IHD","PA and AP",289808
"male","40-44","sc_cycle_ylls_pa_ap_IHD",8.3134,"bogota","Cycling",NA,NA,"L3: IHD","PA and AP",244543
"male","45-49","sc_cycle_ylls_pa_ap_IHD",13.68105,"bogota","Cycling",NA,NA,"L3: IHD","PA and AP",215491
"male","50-54","sc_cycle_ylls_pa_ap_IHD",14.41178,"bogota","Cycling",NA,NA,"L3: IHD","PA and AP",209137
"male","55-59","sc_cycle_ylls_pa_ap_IHD",20.7022,"bogota","Cycling",NA,NA,"L3: IHD","PA and AP",187551
"male","60-64","sc_cycle_ylls_pa_ap_IHD",38.68385,"bogota","Cycling",NA,NA,"L3: IHD","PA and AP",146500
"male","65-69","sc_cycle_ylls_pa_ap_IHD",36.09376,"bogota","Cycling",NA,NA,"L3: IHD","PA and AP",105412
"female","15-19","sc_cycle_ylls_pa_ap_IHD",0.68467,"bogota","Cycling",NA,NA,"L3: IHD","PA and AP",279280
"female","20-24","sc_cycle_ylls_pa_ap_IHD",2.32359,"bogota","Cycling",NA,NA,"L3: IHD","PA and AP",360197
"female","25-29","sc_cycle_ylls_pa_ap_IHD",1.57278,"bogota","Cycling",NA,NA,"L3: IHD","PA and AP",364423
"female","30-34","sc_cycle_ylls_pa_ap_IHD",2.56934,"bogota","Cycling",NA,NA,"L3: IHD","PA and AP",330341
"female","35-39","sc_cycle_ylls_pa_ap_IHD",3.94907,"bogota","Cycling",NA,NA,"L3: IHD","PA and AP",309304
"female","40-44","sc_cycle_ylls_pa_ap_IHD",7.53861,"bogota","Cycling",NA,NA,"L3: IHD","PA and AP",275440
"female","45-49","sc_cycle_ylls_pa_ap_IHD",14.56926,"bogota","Cycling",NA,NA,"L3: IHD","PA and AP",254843
"female","50-54","sc_cycle_ylls_pa_ap_IHD",25.55038,"bogota","Cycling",NA,NA,"L3: IHD","PA and AP",256059
"female","55-59","sc_cycle_ylls_pa_ap_IHD",40.08684,"bogota","Cycling",NA,NA,"L3: IHD","PA and AP",235548
"female","60-64","sc_cycle_ylls_pa_ap_IHD",49.26537,"bogota","Cycling",NA,NA,"L3: IHD","PA and AP",189600
"female","65-69","sc_cycle_ylls_pa_ap_IHD",49.9788,"bogota","Cycling",NA,NA,"L3: IHD","PA and AP",141409
"male","15-19","sc_car_ylls_pa_ap_IHD",-0.41384,"bogota","Car",NA,NA,"L3: IHD","PA and AP",282736
"male","20-24","sc_car_ylls_pa_ap_IHD",-1.06664,"bogota","Car",NA,NA,"L3: IHD","PA and AP",357934
"male","25-29","sc_car_ylls_pa_ap_IHD",-3.47707,"bogota","Car",NA,NA,"L3: IHD","PA and AP",360031
"male","30-34","sc_car_ylls_pa_ap_IHD",-5.23041,"bogota","Car",NA,NA,"L3: IHD","PA and AP",321492
"male","35-39","sc_car_ylls_pa_ap_IHD",-6.37685,"bogota","Car",NA,NA,"L3: IHD","PA and AP",289808
"male","40-44","sc_car_ylls_pa_ap_IHD",-9.18513,"bogota","Car",NA,NA,"L3: IHD","PA and AP",244543
"male","45-49","sc_car_ylls_pa_ap_IHD",-13.20004,"bogota","Car",NA,NA,"L3: IHD","PA and AP",215491
"male","50-54","sc_car_ylls_pa_ap_IHD",-12.9839,"bogota","Car",NA,NA,"L3: IHD","PA and AP",209137
"male","55-59","sc_car_ylls_pa_ap_IHD",-20.13547,"bogota","Car",NA,NA,"L3: IHD","PA and AP",187551
"male","60-64","sc_car_ylls_pa_ap_IHD",-20.56833,"bogota","Car",NA,NA,"L3: IHD","PA and AP",146500
"male","65-69","sc_car_ylls_pa_ap_IHD",-24.0955,"bogota","Car",NA,NA,"L3: IHD","PA and AP",105412
"female","15-19","sc_car_ylls_pa_ap_IHD",-0.12092,"bogota","Car",NA,NA,"L3: IHD","PA and AP",279280
"female","20-24","sc_car_ylls_pa_ap_IHD",-0.43198,"bogota","Car",NA,NA,"L3: IHD","PA and AP",360197
"female","25-29","sc_car_ylls_pa_ap_IHD",-1.42546,"bogota","Car",NA,NA,"L3: IHD","PA and AP",364423
"female","30-34","sc_car_ylls_pa_ap_IHD",-1.9239,"bogota","Car",NA,NA,"L3: IHD","PA and AP",330341
"female","35-39","sc_car_ylls_pa_ap_IHD",-2.82302,"bogota","Car",NA,NA,"L3: IHD","PA and AP",309304
"female","40-44","sc_car_ylls_pa_ap_IHD",-5.17086,"bogota","Car",NA,NA,"L3: IHD","PA and AP",275440
"female","45-49","sc_car_ylls_pa_ap_IHD",-7.66777,"bogota","Car",NA,NA,"L3: IHD","PA and AP",254843
"female","50-54","sc_car_ylls_pa_ap_IHD",-6.61547,"bogota","Car",NA,NA,"L3: IHD","PA and AP",256059
"female","55-59","sc_car_ylls_pa_ap_IHD",-9.60678,"bogota","Car",NA,NA,"L3: IHD","PA and AP",235548
"female","60-64","sc_car_ylls_pa_ap_IHD",-11.76361,"bogota","Car",NA,NA,"L3: IHD","PA and AP",189600
"female","65-69","sc_car_ylls_pa_ap_IHD",-11.70236,"bogota","Car",NA,NA,"L3: IHD","PA and AP",141409
"male","15-19","sc_bus_ylls_pa_ap_IHD",-0.52725,"bogota","Bus",NA,NA,"L3: IHD","PA and AP",282736
"male","20-24","sc_bus_ylls_pa_ap_IHD",-1.64038,"bogota","Bus",NA,NA,"L3: IHD","PA and AP",357934
"male","25-29","sc_bus_ylls_pa_ap_IHD",-1.63589,"bogota","Bus",NA,NA,"L3: IHD","PA and AP",360031
"male","30-34","sc_bus_ylls_pa_ap_IHD",-3.16159,"bogota","Bus",NA,NA,"L3: IHD","PA and AP",321492
"male","35-39","sc_bus_ylls_pa_ap_IHD",-2.99239,"bogota","Bus",NA,NA,"L3: IHD","PA and AP",289808
"male","40-44","sc_bus_ylls_pa_ap_IHD",-3.56808,"bogota","Bus",NA,NA,"L3: IHD","PA and AP",244543
"male","45-49","sc_bus_ylls_pa_ap_IHD",-6.19688,"bogota","Bus",NA,NA,"L3: IHD","PA and AP",215491
"male","50-54","sc_bus_ylls_pa_ap_IHD",-6.86463,"bogota","Bus",NA,NA,"L3: IHD","PA and AP",209137
"male","55-59","sc_bus_ylls_pa_ap_IHD",-13.72173,"bogota","Bus",NA,NA,"L3: IHD","PA and AP",187551
"male","60-64","sc_bus_ylls_pa_ap_IHD",-20.18184,"bogota","Bus",NA,NA,"L3: IHD","PA and AP",146500
"male","65-69","sc_bus_ylls_pa_ap_IHD",-10.93195,"bogota","Bus",NA,NA,"L3: IHD","PA and AP",105412
"female","15-19","sc_bus_ylls_pa_ap_IHD",-0.10571,"bogota","Bus",NA,NA,"L3: IHD","PA and AP",279280
"female","20-24","sc_bus_ylls_pa_ap_IHD",-0.56436,"bogota","Bus",NA,NA,"L3: IHD","PA and AP",360197
"female","25-29","sc_bus_ylls_pa_ap_IHD",-0.36198,"bogota","Bus",NA,NA,"L3: IHD","PA and AP",364423
"female","30-34","sc_bus_ylls_pa_ap_IHD",-0.29953,"bogota","Bus",NA,NA,"L3: IHD","PA and AP",330341
"female","35-39","sc_bus_ylls_pa_ap_IHD",-0.37884,"bogota","Bus",NA,NA,"L3: IHD","PA and AP",309304
"female","40-44","sc_bus_ylls_pa_ap_IHD",-1.23197,"bogota","Bus",NA,NA,"L3: IHD","PA and AP",275440
"female","45-49","sc_bus_ylls_pa_ap_IHD",-2.24345,"bogota","Bus",NA,NA,"L3: IHD","PA and AP",254843
"female","50-54","sc_bus_ylls_pa_ap_IHD",-1.27725,"bogota","Bus",NA,NA,"L3: IHD","PA and AP",256059
"female","55-59","sc_bus_ylls_pa_ap_IHD",-2.08769,"bogota","Bus",NA,NA,"L3: IHD","PA and AP",235548
"female","60-64","sc_bus_ylls_pa_ap_IHD",-2.76599,"bogota","Bus",NA,NA,"L3: IHD","PA and AP",189600
"female","65-69","sc_bus_ylls_pa_ap_IHD",-3.68843,"bogota","Bus",NA,NA,"L3: IHD","PA and AP",141409
"male","15-19","sc_cycle_ylls_pa_ap_IHD_lb",0.80579,"bogota","Cycling",NA,NA,"L3: IHD","PA and AP",282736
"male","20-24","sc_cycle_ylls_pa_ap_IHD_lb",4.12549,"bogota","Cycling",NA,NA,"L3: IHD","PA and AP",357934
"male","25-29","sc_cycle_ylls_pa_ap_IHD_lb",2.96826,"bogota","Cycling",NA,NA,"L3: IHD","PA and AP",360031
"male","30-34","sc_cycle_ylls_pa_ap_IHD_lb",6.7103,"bogota","Cycling",NA,NA,"L3: IHD","PA and AP",321492
"male","35-39","sc_cycle_ylls_pa_ap_IHD_lb",9.00725,"bogota","Cycling",NA,NA,"L3: IHD","PA and AP",289808
"male","40-44","sc_cycle_ylls_pa_ap_IHD_lb",11.09514,"bogota","Cycling",NA,NA,"L3: IHD","PA and AP",244543
"male","45-49","sc_cycle_ylls_pa_ap_IHD_lb",17.8072,"bogota","Cycling",NA,NA,"L3: IHD","PA and AP",215491
"male","50-54","sc_cycle_ylls_pa_ap_IHD_lb",19.48596,"bogota","Cycling",NA,NA,"L3: IHD","PA and AP",209137
"male","55-59","sc_cycle_ylls_pa_ap_IHD_lb",27.43687,"bogota","Cycling",NA,NA,"L3: IHD","PA and AP",187551
"male","60-64","sc_cycle_ylls_pa_ap_IHD_lb",50.71067,"bogota","Cycling",NA,NA,"L3: IHD","PA and AP",146500
"male","65-69","sc_cycle_ylls_pa_ap_IHD_lb",45.79748,"bogota","Cycling",NA,NA,"L3: IHD","PA and AP",105412
"female","15-19","sc_cycle_ylls_pa_ap_IHD_lb",0.83256,"bogota","Cycling",NA,NA,"L3: IHD","PA and AP",279280
"female","20-24","sc_cycle_ylls_pa_ap_IHD_lb",2.80325,"bogota","Cycling",NA,NA,"L3: IHD","PA and AP",360197
"female","25-29","sc_cycle_ylls_pa_ap_IHD_lb",2.18597,"bogota","Cycling",NA,NA,"L3: IHD","PA and AP",364423
"female","30-34","sc_cycle_ylls_pa_ap_IHD_lb",3.48416,"bogota","Cycling",NA,NA,"L3: IHD","PA and AP",330341
"female","35-39","sc_cycle_ylls_pa_ap_IHD_lb",5.20261,"bogota","Cycling",NA,NA,"L3: IHD","PA and AP",309304
"female","40-44","sc_cycle_ylls_pa_ap_IHD_lb",9.90952,"bogota","Cycling",NA,NA,"L3: IHD","PA and AP",275440
"female","45-49","sc_cycle_ylls_pa_ap_IHD_lb",18.50667,"bogota","Cycling",NA,NA,"L3: IHD","PA and AP",254843
"female","50-54","sc_cycle_ylls_pa_ap_IHD_lb",32.21705,"bogota","Cycling",NA,NA,"L3: IHD","PA and AP",256059
"female","55-59","sc_cycle_ylls_pa_ap_IHD_lb",50.43446,"bogota","Cycling",NA,NA,"L3: IHD","PA and AP",235548
"female","60-64","sc_cycle_ylls_pa_ap_IHD_lb",62.3083,"bogota","Cycling",NA,NA,"L3: IHD","PA and AP",189600
"female","65-69","sc_cycle_ylls_pa_ap_IHD_lb",62.37572,"bogota","Cycling",NA,NA,"L3: IHD","PA and AP",141409
"male","15-19","sc_car_ylls_pa_ap_IHD_lb",-0.513,"bogota","Car",NA,NA,"L3: IHD","PA and AP",282736
"male","20-24","sc_car_ylls_pa_ap_IHD_lb",-1.30175,"bogota","Car",NA,NA,"L3: IHD","PA and AP",357934
"male","25-29","sc_car_ylls_pa_ap_IHD_lb",-3.91349,"bogota","Car",NA,NA,"L3: IHD","PA and AP",360031
"male","30-34","sc_car_ylls_pa_ap_IHD_lb",-5.82162,"bogota","Car",NA,NA,"L3: IHD","PA and AP",321492
"male","35-39","sc_car_ylls_pa_ap_IHD_lb",-6.89537,"bogota","Car",NA,NA,"L3: IHD","PA and AP",289808
"male","40-44","sc_car_ylls_pa_ap_IHD_lb",-10.47331,"bogota","Car",NA,NA,"L3: IHD","PA and AP",244543
"male","45-49","sc_car_ylls_pa_ap_IHD_lb",-15.07917,"bogota","Car",NA,NA,"L3: IHD","PA and AP",215491
"male","50-54","sc_car_ylls_pa_ap_IHD_lb",-14.76589,"bogota","Car",NA,NA,"L3: IHD","PA and AP",209137
"male","55-59","sc_car_ylls_pa_ap_IHD_lb",-23.80458,"bogota","Car",NA,NA,"L3: IHD","PA and AP",187551
"male","60-64","sc_car_ylls_pa_ap_IHD_lb",-23.56868,"bogota","Car",NA,NA,"L3: IHD","PA and AP",146500
"male","65-69","sc_car_ylls_pa_ap_IHD_lb",-28.03311,"bogota","Car",NA,NA,"L3: IHD","PA and AP",105412
"female","15-19","sc_car_ylls_pa_ap_IHD_lb",-0.14917,"bogota","Car",NA,NA,"L3: IHD","PA and AP",279280
"female","20-24","sc_car_ylls_pa_ap_IHD_lb",-0.53163,"bogota","Car",NA,NA,"L3: IHD","PA and AP",360197
"female","25-29","sc_car_ylls_pa_ap_IHD_lb",-1.52916,"bogota","Car",NA,NA,"L3: IHD","PA and AP",364423
"female","30-34","sc_car_ylls_pa_ap_IHD_lb",-2.0782,"bogota","Car",NA,NA,"L3: IHD","PA and AP",330341
"female","35-39","sc_car_ylls_pa_ap_IHD_lb",-3.00579,"bogota","Car",NA,NA,"L3: IHD","PA and AP",309304
"female","40-44","sc_car_ylls_pa_ap_IHD_lb",-5.599,"bogota","Car",NA,NA,"L3: IHD","PA and AP",275440
"female","45-49","sc_car_ylls_pa_ap_IHD_lb",-8.37184,"bogota","Car",NA,NA,"L3: IHD","PA and AP",254843
"female","50-54","sc_car_ylls_pa_ap_IHD_lb",-7.24964,"bogota","Car",NA,NA,"L3: IHD","PA and AP",256059
"female","55-59","sc_car_ylls_pa_ap_IHD_lb",-10.61128,"bogota","Car",NA,NA,"L3: IHD","PA and AP",235548
"female","60-64","sc_car_ylls_pa_ap_IHD_lb",-13.17295,"bogota","Car",NA,NA,"L3: IHD","PA and AP",189600
"female","65-69","sc_car_ylls_pa_ap_IHD_lb",-13.44962,"bogota","Car",NA,NA,"L3: IHD","PA and AP",141409
"male","15-19","sc_bus_ylls_pa_ap_IHD_lb",-0.63887,"bogota","Bus",NA,NA,"L3: IHD","PA and AP",282736
"male","20-24","sc_bus_ylls_pa_ap_IHD_lb",-2.01388,"bogota","Bus",NA,NA,"L3: IHD","PA and AP",357934
"male","25-29","sc_bus_ylls_pa_ap_IHD_lb",-2.27015,"bogota","Bus",NA,NA,"L3: IHD","PA and AP",360031
"male","30-34","sc_bus_ylls_pa_ap_IHD_lb",-4.45446,"bogota","Bus",NA,NA,"L3: IHD","PA and AP",321492
"male","35-39","sc_bus_ylls_pa_ap_IHD_lb",-4.26114,"bogota","Bus",NA,NA,"L3: IHD","PA and AP",289808
"male","40-44","sc_bus_ylls_pa_ap_IHD_lb",-5.01703,"bogota","Bus",NA,NA,"L3: IHD","PA and AP",244543
"male","45-49","sc_bus_ylls_pa_ap_IHD_lb",-8.34993,"bogota","Bus",NA,NA,"L3: IHD","PA and AP",215491
"male","50-54","sc_bus_ylls_pa_ap_IHD_lb",-9.63695,"bogota","Bus",NA,NA,"L3: IHD","PA and AP",209137
"male","55-59","sc_bus_ylls_pa_ap_IHD_lb",-19.55217,"bogota","Bus",NA,NA,"L3: IHD","PA and AP",187551
"male","60-64","sc_bus_ylls_pa_ap_IHD_lb",-27.7723,"bogota","Bus",NA,NA,"L3: IHD","PA and AP",146500
"male","65-69","sc_bus_ylls_pa_ap_IHD_lb",-15.26865,"bogota","Bus",NA,NA,"L3: IHD","PA and AP",105412
"female","15-19","sc_bus_ylls_pa_ap_IHD_lb",-0.12315,"bogota","Bus",NA,NA,"L3: IHD","PA and AP",279280
"female","20-24","sc_bus_ylls_pa_ap_IHD_lb",-0.67635,"bogota","Bus",NA,NA,"L3: IHD","PA and AP",360197
"female","25-29","sc_bus_ylls_pa_ap_IHD_lb",-0.50627,"bogota","Bus",NA,NA,"L3: IHD","PA and AP",364423
"female","30-34","sc_bus_ylls_pa_ap_IHD_lb",-0.4744,"bogota","Bus",NA,NA,"L3: IHD","PA and AP",330341
"female","35-39","sc_bus_ylls_pa_ap_IHD_lb",-0.64654,"bogota","Bus",NA,NA,"L3: IHD","PA and AP",309304
"female","40-44","sc_bus_ylls_pa_ap_IHD_lb",-1.80205,"bogota","Bus",NA,NA,"L3: IHD","PA and AP",275440
"female","45-49","sc_bus_ylls_pa_ap_IHD_lb",-3.03013,"bogota","Bus",NA,NA,"L3: IHD","PA and AP",254843
"female","50-54","sc_bus_ylls_pa_ap_IHD_lb",-1.98079,"bogota","Bus",NA,NA,"L3: IHD","PA and AP",256059
"female","55-59","sc_bus_ylls_pa_ap_IHD_lb",-3.45114,"bogota","Bus",NA,NA,"L3: IHD","PA and AP",235548
"female","60-64","sc_bus_ylls_pa_ap_IHD_lb",-4.10208,"bogota","Bus",NA,NA,"L3: IHD","PA and AP",189600
"female","65-69","sc_bus_ylls_pa_ap_IHD_lb",-5.25174,"bogota","Bus",NA,NA,"L3: IHD","PA and AP",141409
"male","15-19","sc_cycle_ylls_pa_ap_IHD_ub",0.51196,"bogota","Cycling",NA,NA,"L3: IHD","PA and AP",282736
"male","20-24","sc_cycle_ylls_pa_ap_IHD_ub",2.59235,"bogota","Cycling",NA,NA,"L3: IHD","PA and AP",357934
"male","25-29","sc_cycle_ylls_pa_ap_IHD_ub",1.09394,"bogota","Cycling",NA,NA,"L3: IHD","PA and AP",360031
"male","30-34","sc_cycle_ylls_pa_ap_IHD_ub",3.1675,"bogota","Cycling",NA,NA,"L3: IHD","PA and AP",321492
"male","35-39","sc_cycle_ylls_pa_ap_IHD_ub",4.58053,"bogota","Cycling",NA,NA,"L3: IHD","PA and AP",289808
"male","40-44","sc_cycle_ylls_pa_ap_IHD_ub",5.63267,"bogota","Cycling",NA,NA,"L3: IHD","PA and AP",244543
"male","45-49","sc_cycle_ylls_pa_ap_IHD_ub",9.71901,"bogota","Cycling",NA,NA,"L3: IHD","PA and AP",215491
"male","50-54","sc_cycle_ylls_pa_ap_IHD_ub",9.53761,"bogota","Cycling",NA,NA,"L3: IHD","PA and AP",209137
"male","55-59","sc_cycle_ylls_pa_ap_IHD_ub",14.21162,"bogota","Cycling",NA,NA,"L3: IHD","PA and AP",187551
"male","60-64","sc_cycle_ylls_pa_ap_IHD_ub",27.19586,"bogota","Cycling",NA,NA,"L3: IHD","PA and AP",146500
"male","65-69","sc_cycle_ylls_pa_ap_IHD_ub",26.67121,"bogota","Cycling",NA,NA,"L3: IHD","PA and AP",105412
"female","15-19","sc_cycle_ylls_pa_ap_IHD_ub",0.53959,"bogota","Cycling",NA,NA,"L3: IHD","PA and AP",279280
"female","20-24","sc_cycle_ylls_pa_ap_IHD_ub",1.85436,"bogota","Cycling",NA,NA,"L3: IHD","PA and AP",360197
"female","25-29","sc_cycle_ylls_pa_ap_IHD_ub",0.9734,"bogota","Cycling",NA,NA,"L3: IHD","PA and AP",364423
"female","30-34","sc_cycle_ylls_pa_ap_IHD_ub",1.68405,"bogota","Cycling",NA,NA,"L3: IHD","PA and AP",330341
"female","35-39","sc_cycle_ylls_pa_ap_IHD_ub",2.72256,"bogota","Cycling",NA,NA,"L3: IHD","PA and AP",309304
"female","40-44","sc_cycle_ylls_pa_ap_IHD_ub",5.2358,"bogota","Cycling",NA,NA,"L3: IHD","PA and AP",275440
"female","45-49","sc_cycle_ylls_pa_ap_IHD_ub",10.74129,"bogota","Cycling",NA,NA,"L3: IHD","PA and AP",254843
"female","50-54","sc_cycle_ylls_pa_ap_IHD_ub",19.01842,"bogota","Cycling",NA,NA,"L3: IHD","PA and AP",256059
"female","55-59","sc_cycle_ylls_pa_ap_IHD_ub",29.97332,"bogota","Cycling",NA,NA,"L3: IHD","PA and AP",235548
"female","60-64","sc_cycle_ylls_pa_ap_IHD_ub",36.59633,"bogota","Cycling",NA,NA,"L3: IHD","PA and AP",189600
"female","65-69","sc_cycle_ylls_pa_ap_IHD_ub",37.89172,"bogota","Cycling",NA,NA,"L3: IHD","PA and AP",141409
"male","15-19","sc_car_ylls_pa_ap_IHD_ub",-0.31816,"bogota","Car",NA,NA,"L3: IHD","PA and AP",282736
"male","20-24","sc_car_ylls_pa_ap_IHD_ub",-0.83837,"bogota","Car",NA,NA,"L3: IHD","PA and AP",357934
"male","25-29","sc_car_ylls_pa_ap_IHD_ub",-3.05234,"bogota","Car",NA,NA,"L3: IHD","PA and AP",360031
"male","30-34","sc_car_ylls_pa_ap_IHD_ub",-4.67059,"bogota","Car",NA,NA,"L3: IHD","PA and AP",321492
"male","35-39","sc_car_ylls_pa_ap_IHD_ub",-5.8614,"bogota","Car",NA,NA,"L3: IHD","PA and AP",289808
"male","40-44","sc_car_ylls_pa_ap_IHD_ub",-7.94957,"bogota","Car",NA,NA,"L3: IHD","PA and AP",244543
"male","45-49","sc_car_ylls_pa_ap_IHD_ub",-11.40074,"bogota","Car",NA,NA,"L3: IHD","PA and AP",215491
"male","50-54","sc_car_ylls_pa_ap_IHD_ub",-11.26569,"bogota","Car",NA,NA,"L3: IHD","PA and AP",209137
"male","55-59","sc_car_ylls_pa_ap_IHD_ub",-16.61574,"bogota","Car",NA,NA,"L3: IHD","PA and AP",187551
"male","60-64","sc_car_ylls_pa_ap_IHD_ub",-17.63463,"bogota","Car",NA,NA,"L3: IHD","PA and AP",146500
"male","65-69","sc_car_ylls_pa_ap_IHD_ub",-20.34319,"bogota","Car",NA,NA,"L3: IHD","PA and AP",105412
"female","15-19","sc_car_ylls_pa_ap_IHD_ub",-0.09388,"bogota","Car",NA,NA,"L3: IHD","PA and AP",279280
"female","20-24","sc_car_ylls_pa_ap_IHD_ub",-0.33493,"bogota","Car",NA,NA,"L3: IHD","PA and AP",360197
"female","25-29","sc_car_ylls_pa_ap_IHD_ub",-1.3233,"bogota","Car",NA,NA,"L3: IHD","PA and AP",364423
"female","30-34","sc_car_ylls_pa_ap_IHD_ub",-1.77496,"bogota","Car",NA,NA,"L3: IHD","PA and AP",330341
"female","35-39","sc_car_ylls_pa_ap_IHD_ub",-2.6414,"bogota","Car",NA,NA,"L3: IHD","PA and AP",309304
"female","40-44","sc_car_ylls_pa_ap_IHD_ub",-4.7572,"bogota","Car",NA,NA,"L3: IHD","PA and AP",275440
"female","45-49","sc_car_ylls_pa_ap_IHD_ub",-6.99293,"bogota","Car",NA,NA,"L3: IHD","PA and AP",254843
"female","50-54","sc_car_ylls_pa_ap_IHD_ub",-5.99657,"bogota","Car",NA,NA,"L3: IHD","PA and AP",256059
"female","55-59","sc_car_ylls_pa_ap_IHD_ub",-8.64245,"bogota","Car",NA,NA,"L3: IHD","PA and AP",235548
"female","60-64","sc_car_ylls_pa_ap_IHD_ub",-10.38798,"bogota","Car",NA,NA,"L3: IHD","PA and AP",189600
"female","65-69","sc_car_ylls_pa_ap_IHD_ub",-10.03533,"bogota","Car",NA,NA,"L3: IHD","PA and AP",141409
"male","15-19","sc_bus_ylls_pa_ap_IHD_ub",-0.41865,"bogota","Bus",NA,NA,"L3: IHD","PA and AP",282736
"male","20-24","sc_bus_ylls_pa_ap_IHD_ub",-1.27945,"bogota","Bus",NA,NA,"L3: IHD","PA and AP",357934
"male","25-29","sc_bus_ylls_pa_ap_IHD_ub",-1.02195,"bogota","Bus",NA,NA,"L3: IHD","PA and AP",360031
"male","30-34","sc_bus_ylls_pa_ap_IHD_ub",-1.93157,"bogota","Bus",NA,NA,"L3: IHD","PA and AP",321492
"male","35-39","sc_bus_ylls_pa_ap_IHD_ub",-1.76946,"bogota","Bus",NA,NA,"L3: IHD","PA and AP",289808
"male","40-44","sc_bus_ylls_pa_ap_IHD_ub",-2.15742,"bogota","Bus",NA,NA,"L3: IHD","PA and AP",244543
"male","45-49","sc_bus_ylls_pa_ap_IHD_ub",-4.07694,"bogota","Bus",NA,NA,"L3: IHD","PA and AP",215491
"male","50-54","sc_bus_ylls_pa_ap_IHD_ub",-4.15219,"bogota","Bus",NA,NA,"L3: IHD","PA and AP",209137
"male","55-59","sc_bus_ylls_pa_ap_IHD_ub",-8.20689,"bogota","Bus",NA,NA,"L3: IHD","PA and AP",187551
"male","60-64","sc_bus_ylls_pa_ap_IHD_ub",-12.91786,"bogota","Bus",NA,NA,"L3: IHD","PA and AP",146500
"male","65-69","sc_bus_ylls_pa_ap_IHD_ub",-6.71985,"bogota","Bus",NA,NA,"L3: IHD","PA and AP",105412
"female","15-19","sc_bus_ylls_pa_ap_IHD_ub",-0.08827,"bogota","Bus",NA,NA,"L3: IHD","PA and AP",279280
"female","20-24","sc_bus_ylls_pa_ap_IHD_ub",-0.45356,"bogota","Bus",NA,NA,"L3: IHD","PA and AP",360197
"female","25-29","sc_bus_ylls_pa_ap_IHD_ub",-0.22022,"bogota","Bus",NA,NA,"L3: IHD","PA and AP",364423
"female","30-34","sc_bus_ylls_pa_ap_IHD_ub",-0.12783,"bogota","Bus",NA,NA,"L3: IHD","PA and AP",330341
"female","35-39","sc_bus_ylls_pa_ap_IHD_ub",-0.11305,"bogota","Bus",NA,NA,"L3: IHD","PA and AP",309304
"female","40-44","sc_bus_ylls_pa_ap_IHD_ub",-0.67889,"bogota","Bus",NA,NA,"L3: IHD","PA and AP",275440
"female","45-49","sc_bus_ylls_pa_ap_IHD_ub",-1.47877,"bogota","Bus",NA,NA,"L3: IHD","PA and AP",254843
"female","50-54","sc_bus_ylls_pa_ap_IHD_ub",-0.59442,"bogota","Bus",NA,NA,"L3: IHD","PA and AP",256059
"female","55-59","sc_bus_ylls_pa_ap_IHD_ub",-0.78026,"bogota","Bus",NA,NA,"L3: IHD","PA and AP",235548
"female","60-64","sc_bus_ylls_pa_ap_IHD_ub",-1.43687,"bogota","Bus",NA,NA,"L3: IHD","PA and AP",189600
"female","65-69","sc_bus_ylls_pa_ap_IHD_ub",-2.1524,"bogota","Bus",NA,NA,"L3: IHD","PA and AP",141409
"male","15-19","sc_cycle_ylls_pa_total_cancer",3.49021,"bogota","Cycling",NA,"L2: Cancer",NA,"PA",282736
"male","20-24","sc_cycle_ylls_pa_total_cancer",11.63516,"bogota","Cycling",NA,"L2: Cancer",NA,"PA",357934
"male","25-29","sc_cycle_ylls_pa_total_cancer",12.94489,"bogota","Cycling",NA,"L2: Cancer",NA,"PA",360031
"male","30-34","sc_cycle_ylls_pa_total_cancer",13.71995,"bogota","Cycling",NA,"L2: Cancer",NA,"PA",321492
"male","35-39","sc_cycle_ylls_pa_total_cancer",14.20505,"bogota","Cycling",NA,"L2: Cancer",NA,"PA",289808
"male","40-44","sc_cycle_ylls_pa_total_cancer",16.09508,"bogota","Cycling",NA,"L2: Cancer",NA,"PA",244543
"male","45-49","sc_cycle_ylls_pa_total_cancer",19.97201,"bogota","Cycling",NA,"L2: Cancer",NA,"PA",215491
"male","50-54","sc_cycle_ylls_pa_total_cancer",23.67462,"bogota","Cycling",NA,"L2: Cancer",NA,"PA",209137
"male","55-59","sc_cycle_ylls_pa_total_cancer",31.97719,"bogota","Cycling",NA,"L2: Cancer",NA,"PA",187551
"male","60-64","sc_cycle_ylls_pa_total_cancer",49.47094,"bogota","Cycling",NA,"L2: Cancer",NA,"PA",146500
"male","65-69","sc_cycle_ylls_pa_total_cancer",46.31286,"bogota","Cycling",NA,"L2: Cancer",NA,"PA",105412
"female","15-19","sc_cycle_ylls_pa_total_cancer",5.50834,"bogota","Cycling",NA,"L2: Cancer",NA,"PA",279280
"female","20-24","sc_cycle_ylls_pa_total_cancer",13.4771,"bogota","Cycling",NA,"L2: Cancer",NA,"PA",360197
"female","25-29","sc_cycle_ylls_pa_total_cancer",19.36838,"bogota","Cycling",NA,"L2: Cancer",NA,"PA",364423
"female","30-34","sc_cycle_ylls_pa_total_cancer",29.70026,"bogota","Cycling",NA,"L2: Cancer",NA,"PA",330341
"female","35-39","sc_cycle_ylls_pa_total_cancer",40.62503,"bogota","Cycling",NA,"L2: Cancer",NA,"PA",309304
"female","40-44","sc_cycle_ylls_pa_total_cancer",50.87793,"bogota","Cycling",NA,"L2: Cancer",NA,"PA",275440
"female","45-49","sc_cycle_ylls_pa_total_cancer",70.27973,"bogota","Cycling",NA,"L2: Cancer",NA,"PA",254843
"female","50-54","sc_cycle_ylls_pa_total_cancer",105.73599,"bogota","Cycling",NA,"L2: Cancer",NA,"PA",256059
"female","55-59","sc_cycle_ylls_pa_total_cancer",125.57236,"bogota","Cycling",NA,"L2: Cancer",NA,"PA",235548
"female","60-64","sc_cycle_ylls_pa_total_cancer",112.56372,"bogota","Cycling",NA,"L2: Cancer",NA,"PA",189600
"female","65-69","sc_cycle_ylls_pa_total_cancer",88.63993,"bogota","Cycling",NA,"L2: Cancer",NA,"PA",141409
"male","15-19","sc_car_ylls_pa_total_cancer",-2.18253,"bogota","Car",NA,"L2: Cancer",NA,"PA",282736
"male","20-24","sc_car_ylls_pa_total_cancer",-3.75254,"bogota","Car",NA,"L2: Cancer",NA,"PA",357934
"male","25-29","sc_car_ylls_pa_total_cancer",-5.55431,"bogota","Car",NA,"L2: Cancer",NA,"PA",360031
"male","30-34","sc_car_ylls_pa_total_cancer",-4.106,"bogota","Car",NA,"L2: Cancer",NA,"PA",321492
"male","35-39","sc_car_ylls_pa_total_cancer",-4.66464,"bogota","Car",NA,"L2: Cancer",NA,"PA",289808
"male","40-44","sc_car_ylls_pa_total_cancer",-6.76893,"bogota","Car",NA,"L2: Cancer",NA,"PA",244543
"male","45-49","sc_car_ylls_pa_total_cancer",-8.3374,"bogota","Car",NA,"L2: Cancer",NA,"PA",215491
"male","50-54","sc_car_ylls_pa_total_cancer",-8.5549,"bogota","Car",NA,"L2: Cancer",NA,"PA",209137
"male","55-59","sc_car_ylls_pa_total_cancer",-15.4122,"bogota","Car",NA,"L2: Cancer",NA,"PA",187551
"male","60-64","sc_car_ylls_pa_total_cancer",-14.25089,"bogota","Car",NA,"L2: Cancer",NA,"PA",146500
"male","65-69","sc_car_ylls_pa_total_cancer",-16.85619,"bogota","Car",NA,"L2: Cancer",NA,"PA",105412
"female","15-19","sc_car_ylls_pa_total_cancer",-0.93979,"bogota","Car",NA,"L2: Cancer",NA,"PA",279280
"female","20-24","sc_car_ylls_pa_total_cancer",-2.47162,"bogota","Car",NA,"L2: Cancer",NA,"PA",360197
"female","25-29","sc_car_ylls_pa_total_cancer",-3.58296,"bogota","Car",NA,"L2: Cancer",NA,"PA",364423
"female","30-34","sc_car_ylls_pa_total_cancer",-5.49442,"bogota","Car",NA,"L2: Cancer",NA,"PA",330341
"female","35-39","sc_car_ylls_pa_total_cancer",-7.29779,"bogota","Car",NA,"L2: Cancer",NA,"PA",309304
"female","40-44","sc_car_ylls_pa_total_cancer",-9.73351,"bogota","Car",NA,"L2: Cancer",NA,"PA",275440
"female","45-49","sc_car_ylls_pa_total_cancer",-11.78786,"bogota","Car",NA,"L2: Cancer",NA,"PA",254843
"female","50-54","sc_car_ylls_pa_total_cancer",-8.94884,"bogota","Car",NA,"L2: Cancer",NA,"PA",256059
"female","55-59","sc_car_ylls_pa_total_cancer",-10.9395,"bogota","Car",NA,"L2: Cancer",NA,"PA",235548
"female","60-64","sc_car_ylls_pa_total_cancer",-10.76412,"bogota","Car",NA,"L2: Cancer",NA,"PA",189600
"female","65-69","sc_car_ylls_pa_total_cancer",-9.31585,"bogota","Car",NA,"L2: Cancer",NA,"PA",141409
"male","15-19","sc_bus_ylls_pa_total_cancer",-2.85369,"bogota","Bus",NA,"L2: Cancer",NA,"PA",282736
"male","20-24","sc_bus_ylls_pa_total_cancer",-5.73697,"bogota","Bus",NA,"L2: Cancer",NA,"PA",357934
"male","25-29","sc_bus_ylls_pa_total_cancer",-8.07988,"bogota","Bus",NA,"L2: Cancer",NA,"PA",360031
"male","30-34","sc_bus_ylls_pa_total_cancer",-9.16255,"bogota","Bus",NA,"L2: Cancer",NA,"PA",321492
"male","35-39","sc_bus_ylls_pa_total_cancer",-8.64461,"bogota","Bus",NA,"L2: Cancer",NA,"PA",289808
"male","40-44","sc_bus_ylls_pa_total_cancer",-9.32784,"bogota","Bus",NA,"L2: Cancer",NA,"PA",244543
"male","45-49","sc_bus_ylls_pa_total_cancer",-12.0369,"bogota","Bus",NA,"L2: Cancer",NA,"PA",215491
"male","50-54","sc_bus_ylls_pa_total_cancer",-14.77498,"bogota","Bus",NA,"L2: Cancer",NA,"PA",209137
"male","55-59","sc_bus_ylls_pa_total_cancer",-22.31685,"bogota","Bus",NA,"L2: Cancer",NA,"PA",187551
"male","60-64","sc_bus_ylls_pa_total_cancer",-30.25168,"bogota","Bus",NA,"L2: Cancer",NA,"PA",146500
"male","65-69","sc_bus_ylls_pa_total_cancer",-20.28944,"bogota","Bus",NA,"L2: Cancer",NA,"PA",105412
"female","15-19","sc_bus_ylls_pa_total_cancer",-0.91255,"bogota","Bus",NA,"L2: Cancer",NA,"PA",279280
"female","20-24","sc_bus_ylls_pa_total_cancer",-3.43195,"bogota","Bus",NA,"L2: Cancer",NA,"PA",360197
"female","25-29","sc_bus_ylls_pa_total_cancer",-4.84332,"bogota","Bus",NA,"L2: Cancer",NA,"PA",364423
"female","30-34","sc_bus_ylls_pa_total_cancer",-6.54266,"bogota","Bus",NA,"L2: Cancer",NA,"PA",330341
"female","35-39","sc_bus_ylls_pa_total_cancer",-9.82098,"bogota","Bus",NA,"L2: Cancer",NA,"PA",309304
"female","40-44","sc_bus_ylls_pa_total_cancer",-12.20753,"bogota","Bus",NA,"L2: Cancer",NA,"PA",275440
"female","45-49","sc_bus_ylls_pa_total_cancer",-14.66428,"bogota","Bus",NA,"L2: Cancer",NA,"PA",254843
"female","50-54","sc_bus_ylls_pa_total_cancer",-9.95869,"bogota","Bus",NA,"L2: Cancer",NA,"PA",256059
"female","55-59","sc_bus_ylls_pa_total_cancer",-12.62351,"bogota","Bus",NA,"L2: Cancer",NA,"PA",235548
"female","60-64","sc_bus_ylls_pa_total_cancer",-13.54431,"bogota","Bus",NA,"L2: Cancer",NA,"PA",189600
"female","65-69","sc_bus_ylls_pa_total_cancer",-11.07821,"bogota","Bus",NA,"L2: Cancer",NA,"PA",141409
"male","15-19","sc_cycle_ylls_pa_total_cancer_lb",4.00734,"bogota","Cycling",NA,"L2: Cancer",NA,"PA",282736
"male","20-24","sc_cycle_ylls_pa_total_cancer_lb",13.42615,"bogota","Cycling",NA,"L2: Cancer",NA,"PA",357934
"male","25-29","sc_cycle_ylls_pa_total_cancer_lb",14.60895,"bogota","Cycling",NA,"L2: Cancer",NA,"PA",360031
"male","30-34","sc_cycle_ylls_pa_total_cancer_lb",15.62712,"bogota","Cycling",NA,"L2: Cancer",NA,"PA",321492
"male","35-39","sc_cycle_ylls_pa_total_cancer_lb",16.13446,"bogota","Cycling",NA,"L2: Cancer",NA,"PA",289808
"male","40-44","sc_cycle_ylls_pa_total_cancer_lb",18.21874,"bogota","Cycling",NA,"L2: Cancer",NA,"PA",244543
"male","45-49","sc_cycle_ylls_pa_total_cancer_lb",22.61924,"bogota","Cycling",NA,"L2: Cancer",NA,"PA",215491
"male","50-54","sc_cycle_ylls_pa_total_cancer_lb",26.16278,"bogota","Cycling",NA,"L2: Cancer",NA,"PA",209137
"male","55-59","sc_cycle_ylls_pa_total_cancer_lb",35.32781,"bogota","Cycling",NA,"L2: Cancer",NA,"PA",187551
"male","60-64","sc_cycle_ylls_pa_total_cancer_lb",55.82218,"bogota","Cycling",NA,"L2: Cancer",NA,"PA",146500
"male","65-69","sc_cycle_ylls_pa_total_cancer_lb",52.62537,"bogota","Cycling",NA,"L2: Cancer",NA,"PA",105412
"female","15-19","sc_cycle_ylls_pa_total_cancer_lb",6.34506,"bogota","Cycling",NA,"L2: Cancer",NA,"PA",279280
"female","20-24","sc_cycle_ylls_pa_total_cancer_lb",15.45207,"bogota","Cycling",NA,"L2: Cancer",NA,"PA",360197
"female","25-29","sc_cycle_ylls_pa_total_cancer_lb",22.23401,"bogota","Cycling",NA,"L2: Cancer",NA,"PA",364423
"female","30-34","sc_cycle_ylls_pa_total_cancer_lb",33.8083,"bogota","Cycling",NA,"L2: Cancer",NA,"PA",330341
"female","35-39","sc_cycle_ylls_pa_total_cancer_lb",45.75149,"bogota","Cycling",NA,"L2: Cancer",NA,"PA",309304
"female","40-44","sc_cycle_ylls_pa_total_cancer_lb",57.36555,"bogota","Cycling",NA,"L2: Cancer",NA,"PA",275440
"female","45-49","sc_cycle_ylls_pa_total_cancer_lb",79.52186,"bogota","Cycling",NA,"L2: Cancer",NA,"PA",254843
"female","50-54","sc_cycle_ylls_pa_total_cancer_lb",119.97381,"bogota","Cycling",NA,"L2: Cancer",NA,"PA",256059
"female","55-59","sc_cycle_ylls_pa_total_cancer_lb",142.69223,"bogota","Cycling",NA,"L2: Cancer",NA,"PA",235548
"female","60-64","sc_cycle_ylls_pa_total_cancer_lb",127.27026,"bogota","Cycling",NA,"L2: Cancer",NA,"PA",189600
"female","65-69","sc_cycle_ylls_pa_total_cancer_lb",100.28807,"bogota","Cycling",NA,"L2: Cancer",NA,"PA",141409
"male","15-19","sc_car_ylls_pa_total_cancer_lb",-2.53766,"bogota","Car",NA,"L2: Cancer",NA,"PA",282736
"male","20-24","sc_car_ylls_pa_total_cancer_lb",-4.29011,"bogota","Car",NA,"L2: Cancer",NA,"PA",357934
"male","25-29","sc_car_ylls_pa_total_cancer_lb",-6.44971,"bogota","Car",NA,"L2: Cancer",NA,"PA",360031
"male","30-34","sc_car_ylls_pa_total_cancer_lb",-4.68122,"bogota","Car",NA,"L2: Cancer",NA,"PA",321492
"male","35-39","sc_car_ylls_pa_total_cancer_lb",-5.12025,"bogota","Car",NA,"L2: Cancer",NA,"PA",289808
"male","40-44","sc_car_ylls_pa_total_cancer_lb",-7.90928,"bogota","Car",NA,"L2: Cancer",NA,"PA",244543
"male","45-49","sc_car_ylls_pa_total_cancer_lb",-9.6231,"bogota","Car",NA,"L2: Cancer",NA,"PA",215491
"male","50-54","sc_car_ylls_pa_total_cancer_lb",-9.70506,"bogota","Car",NA,"L2: Cancer",NA,"PA",209137
"male","55-59","sc_car_ylls_pa_total_cancer_lb",-17.58715,"bogota","Car",NA,"L2: Cancer",NA,"PA",187551
"male","60-64","sc_car_ylls_pa_total_cancer_lb",-16.00634,"bogota","Car",NA,"L2: Cancer",NA,"PA",146500
"male","65-69","sc_car_ylls_pa_total_cancer_lb",-18.88898,"bogota","Car",NA,"L2: Cancer",NA,"PA",105412
"female","15-19","sc_car_ylls_pa_total_cancer_lb",-1.08403,"bogota","Car",NA,"L2: Cancer",NA,"PA",279280
"female","20-24","sc_car_ylls_pa_total_cancer_lb",-2.90336,"bogota","Car",NA,"L2: Cancer",NA,"PA",360197
"female","25-29","sc_car_ylls_pa_total_cancer_lb",-4.15875,"bogota","Car",NA,"L2: Cancer",NA,"PA",364423
"female","30-34","sc_car_ylls_pa_total_cancer_lb",-6.29114,"bogota","Car",NA,"L2: Cancer",NA,"PA",330341
"female","35-39","sc_car_ylls_pa_total_cancer_lb",-8.31198,"bogota","Car",NA,"L2: Cancer",NA,"PA",309304
"female","40-44","sc_car_ylls_pa_total_cancer_lb",-11.13183,"bogota","Car",NA,"L2: Cancer",NA,"PA",275440
"female","45-49","sc_car_ylls_pa_total_cancer_lb",-13.42479,"bogota","Car",NA,"L2: Cancer",NA,"PA",254843
"female","50-54","sc_car_ylls_pa_total_cancer_lb",-10.571,"bogota","Car",NA,"L2: Cancer",NA,"PA",256059
"female","55-59","sc_car_ylls_pa_total_cancer_lb",-12.8162,"bogota","Car",NA,"L2: Cancer",NA,"PA",235548
"female","60-64","sc_car_ylls_pa_total_cancer_lb",-12.71398,"bogota","Car",NA,"L2: Cancer",NA,"PA",189600
"female","65-69","sc_car_ylls_pa_total_cancer_lb",-10.91201,"bogota","Car",NA,"L2: Cancer",NA,"PA",141409
"male","15-19","sc_bus_ylls_pa_total_cancer_lb",-3.23657,"bogota","Bus",NA,"L2: Cancer",NA,"PA",282736
"male","20-24","sc_bus_ylls_pa_total_cancer_lb",-6.59545,"bogota","Bus",NA,"L2: Cancer",NA,"PA",357934
"male","25-29","sc_bus_ylls_pa_total_cancer_lb",-9.24812,"bogota","Bus",NA,"L2: Cancer",NA,"PA",360031
"male","30-34","sc_bus_ylls_pa_total_cancer_lb",-10.59512,"bogota","Bus",NA,"L2: Cancer",NA,"PA",321492
"male","35-39","sc_bus_ylls_pa_total_cancer_lb",-9.71552,"bogota","Bus",NA,"L2: Cancer",NA,"PA",289808
"male","40-44","sc_bus_ylls_pa_total_cancer_lb",-10.52078,"bogota","Bus",NA,"L2: Cancer",NA,"PA",244543
"male","45-49","sc_bus_ylls_pa_total_cancer_lb",-13.5271,"bogota","Bus",NA,"L2: Cancer",NA,"PA",215491
"male","50-54","sc_bus_ylls_pa_total_cancer_lb",-16.44736,"bogota","Bus",NA,"L2: Cancer",NA,"PA",209137
"male","55-59","sc_bus_ylls_pa_total_cancer_lb",-25.62074,"bogota","Bus",NA,"L2: Cancer",NA,"PA",187551
"male","60-64","sc_bus_ylls_pa_total_cancer_lb",-34.86813,"bogota","Bus",NA,"L2: Cancer",NA,"PA",146500
"male","65-69","sc_bus_ylls_pa_total_cancer_lb",-22.18548,"bogota","Bus",NA,"L2: Cancer",NA,"PA",105412
"female","15-19","sc_bus_ylls_pa_total_cancer_lb",-1.01517,"bogota","Bus",NA,"L2: Cancer",NA,"PA",279280
"female","20-24","sc_bus_ylls_pa_total_cancer_lb",-3.97026,"bogota","Bus",NA,"L2: Cancer",NA,"PA",360197
"female","25-29","sc_bus_ylls_pa_total_cancer_lb",-5.53303,"bogota","Bus",NA,"L2: Cancer",NA,"PA",364423
"female","30-34","sc_bus_ylls_pa_total_cancer_lb",-7.36056,"bogota","Bus",NA,"L2: Cancer",NA,"PA",330341
"female","35-39","sc_bus_ylls_pa_total_cancer_lb",-11.13042,"bogota","Bus",NA,"L2: Cancer",NA,"PA",309304
"female","40-44","sc_bus_ylls_pa_total_cancer_lb",-13.95914,"bogota","Bus",NA,"L2: Cancer",NA,"PA",275440
"female","45-49","sc_bus_ylls_pa_total_cancer_lb",-16.54993,"bogota","Bus",NA,"L2: Cancer",NA,"PA",254843
"female","50-54","sc_bus_ylls_pa_total_cancer_lb",-11.32465,"bogota","Bus",NA,"L2: Cancer",NA,"PA",256059
"female","55-59","sc_bus_ylls_pa_total_cancer_lb",-15.04728,"bogota","Bus",NA,"L2: Cancer",NA,"PA",235548
"female","60-64","sc_bus_ylls_pa_total_cancer_lb",-15.35196,"bogota","Bus",NA,"L2: Cancer",NA,"PA",189600
"female","65-69","sc_bus_ylls_pa_total_cancer_lb",-12.76839,"bogota","Bus",NA,"L2: Cancer",NA,"PA",141409
"male","15-19","sc_cycle_ylls_pa_total_cancer_ub",2.97958,"bogota","Cycling",NA,"L2: Cancer",NA,"PA",282736
"male","20-24","sc_cycle_ylls_pa_total_cancer_ub",9.87172,"bogota","Cycling",NA,"L2: Cancer",NA,"PA",357934
"male","25-29","sc_cycle_ylls_pa_total_cancer_ub",11.30247,"bogota","Cycling",NA,"L2: Cancer",NA,"PA",360031
"male","30-34","sc_cycle_ylls_pa_total_cancer_ub",11.84771,"bogota","Cycling",NA,"L2: Cancer",NA,"PA",321492
"male","35-39","sc_cycle_ylls_pa_total_cancer_ub",12.31043,"bogota","Cycling",NA,"L2: Cancer",NA,"PA",289808
"male","40-44","sc_cycle_ylls_pa_total_cancer_ub",14.00716,"bogota","Cycling",NA,"L2: Cancer",NA,"PA",244543
"male","45-49","sc_cycle_ylls_pa_total_cancer_ub",17.3716,"bogota","Cycling",NA,"L2: Cancer",NA,"PA",215491
"male","50-54","sc_cycle_ylls_pa_total_cancer_ub",21.23906,"bogota","Cycling",NA,"L2: Cancer",NA,"PA",209137
"male","55-59","sc_cycle_ylls_pa_total_cancer_ub",28.68728,"bogota","Cycling",NA,"L2: Cancer",NA,"PA",187551
"male","60-64","sc_cycle_ylls_pa_total_cancer_ub",43.24422,"bogota","Cycling",NA,"L2: Cancer",NA,"PA",146500
"male","65-69","sc_cycle_ylls_pa_total_cancer_ub",40.07715,"bogota","Cycling",NA,"L2: Cancer",NA,"PA",105412
"female","15-19","sc_cycle_ylls_pa_total_cancer_ub",4.67722,"bogota","Cycling",NA,"L2: Cancer",NA,"PA",279280
"female","20-24","sc_cycle_ylls_pa_total_cancer_ub",11.51831,"bogota","Cycling",NA,"L2: Cancer",NA,"PA",360197
"female","25-29","sc_cycle_ylls_pa_total_cancer_ub",16.52604,"bogota","Cycling",NA,"L2: Cancer",NA,"PA",364423
"female","30-34","sc_cycle_ylls_pa_total_cancer_ub",25.64565,"bogota","Cycling",NA,"L2: Cancer",NA,"PA",330341
"female","35-39","sc_cycle_ylls_pa_total_cancer_ub",35.55112,"bogota","Cycling",NA,"L2: Cancer",NA,"PA",309304
"female","40-44","sc_cycle_ylls_pa_total_cancer_ub",44.4804,"bogota","Cycling",NA,"L2: Cancer",NA,"PA",275440
"female","45-49","sc_cycle_ylls_pa_total_cancer_ub",61.14746,"bogota","Cycling",NA,"L2: Cancer",NA,"PA",254843
"female","50-54","sc_cycle_ylls_pa_total_cancer_ub",91.6089,"bogota","Cycling",NA,"L2: Cancer",NA,"PA",256059
"female","55-59","sc_cycle_ylls_pa_total_cancer_ub",108.59682,"bogota","Cycling",NA,"L2: Cancer",NA,"PA",235548
"female","60-64","sc_cycle_ylls_pa_total_cancer_ub",98.03741,"bogota","Cycling",NA,"L2: Cancer",NA,"PA",189600
"female","65-69","sc_cycle_ylls_pa_total_cancer_ub",77.11897,"bogota","Cycling",NA,"L2: Cancer",NA,"PA",141409
"male","15-19","sc_car_ylls_pa_total_cancer_ub",-1.83183,"bogota","Car",NA,"L2: Cancer",NA,"PA",282736
"male","20-24","sc_car_ylls_pa_total_cancer_ub",-3.2224,"bogota","Car",NA,"L2: Cancer",NA,"PA",357934
"male","25-29","sc_car_ylls_pa_total_cancer_ub",-4.66918,"bogota","Car",NA,"L2: Cancer",NA,"PA",360031
"male","30-34","sc_car_ylls_pa_total_cancer_ub",-3.54259,"bogota","Car",NA,"L2: Cancer",NA,"PA",321492
"male","35-39","sc_car_ylls_pa_total_cancer_ub",-4.21347,"bogota","Car",NA,"L2: Cancer",NA,"PA",289808
"male","40-44","sc_car_ylls_pa_total_cancer_ub",-5.64685,"bogota","Car",NA,"L2: Cancer",NA,"PA",244543
"male","45-49","sc_car_ylls_pa_total_cancer_ub",-7.07466,"bogota","Car",NA,"L2: Cancer",NA,"PA",215491
"male","50-54","sc_car_ylls_pa_total_cancer_ub",-7.4224,"bogota","Car",NA,"L2: Cancer",NA,"PA",209137
"male","55-59","sc_car_ylls_pa_total_cancer_ub",-13.27468,"bogota","Car",NA,"L2: Cancer",NA,"PA",187551
"male","60-64","sc_car_ylls_pa_total_cancer_ub",-12.51938,"bogota","Car",NA,"L2: Cancer",NA,"PA",146500
"male","65-69","sc_car_ylls_pa_total_cancer_ub",-14.8607,"bogota","Car",NA,"L2: Cancer",NA,"PA",105412
"female","15-19","sc_car_ylls_pa_total_cancer_ub",-0.79713,"bogota","Car",NA,"L2: Cancer",NA,"PA",279280
"female","20-24","sc_car_ylls_pa_total_cancer_ub",-2.04368,"bogota","Car",NA,"L2: Cancer",NA,"PA",360197
"female","25-29","sc_car_ylls_pa_total_cancer_ub",-3.00975,"bogota","Car",NA,"L2: Cancer",NA,"PA",364423
"female","30-34","sc_car_ylls_pa_total_cancer_ub",-4.70547,"bogota","Car",NA,"L2: Cancer",NA,"PA",330341
"female","35-39","sc_car_ylls_pa_total_cancer_ub",-6.28772,"bogota","Car",NA,"L2: Cancer",NA,"PA",309304
"female","40-44","sc_car_ylls_pa_total_cancer_ub",-8.35158,"bogota","Car",NA,"L2: Cancer",NA,"PA",275440
"female","45-49","sc_car_ylls_pa_total_cancer_ub",-10.17396,"bogota","Car",NA,"L2: Cancer",NA,"PA",254843
"female","50-54","sc_car_ylls_pa_total_cancer_ub",-7.33946,"bogota","Car",NA,"L2: Cancer",NA,"PA",256059
"female","55-59","sc_car_ylls_pa_total_cancer_ub",-9.07888,"bogota","Car",NA,"L2: Cancer",NA,"PA",235548
"female","60-64","sc_car_ylls_pa_total_cancer_ub",-8.83524,"bogota","Car",NA,"L2: Cancer",NA,"PA",189600
"female","65-69","sc_car_ylls_pa_total_cancer_ub",-7.7466,"bogota","Car",NA,"L2: Cancer",NA,"PA",141409
"male","15-19","sc_bus_ylls_pa_total_cancer_ub",-2.47517,"bogota","Bus",NA,"L2: Cancer",NA,"PA",282736
"male","20-24","sc_bus_ylls_pa_total_cancer_ub",-4.89105,"bogota","Bus",NA,"L2: Cancer",NA,"PA",357934
"male","25-29","sc_bus_ylls_pa_total_cancer_ub",-6.92752,"bogota","Bus",NA,"L2: Cancer",NA,"PA",360031
"male","30-34","sc_bus_ylls_pa_total_cancer_ub",-7.7581,"bogota","Bus",NA,"L2: Cancer",NA,"PA",321492
"male","35-39","sc_bus_ylls_pa_total_cancer_ub",-7.59272,"bogota","Bus",NA,"L2: Cancer",NA,"PA",289808
"male","40-44","sc_bus_ylls_pa_total_cancer_ub",-8.15137,"bogota","Bus",NA,"L2: Cancer",NA,"PA",244543
"male","45-49","sc_bus_ylls_pa_total_cancer_ub",-10.56574,"bogota","Bus",NA,"L2: Cancer",NA,"PA",215491
"male","50-54","sc_bus_ylls_pa_total_cancer_ub",-13.12589,"bogota","Bus",NA,"L2: Cancer",NA,"PA",209137
"male","55-59","sc_bus_ylls_pa_total_cancer_ub",-19.07985,"bogota","Bus",NA,"L2: Cancer",NA,"PA",187551
"male","60-64","sc_bus_ylls_pa_total_cancer_ub",-25.71514,"bogota","Bus",NA,"L2: Cancer",NA,"PA",146500
"male","65-69","sc_bus_ylls_pa_total_cancer_ub",-18.42811,"bogota","Bus",NA,"L2: Cancer",NA,"PA",105412
"female","15-19","sc_bus_ylls_pa_total_cancer_ub",-0.81001,"bogota","Bus",NA,"L2: Cancer",NA,"PA",279280
"female","20-24","sc_bus_ylls_pa_total_cancer_ub",-2.89615,"bogota","Bus",NA,"L2: Cancer",NA,"PA",360197
"female","25-29","sc_bus_ylls_pa_total_cancer_ub",-4.15872,"bogota","Bus",NA,"L2: Cancer",NA,"PA",364423
"female","30-34","sc_bus_ylls_pa_total_cancer_ub",-5.73322,"bogota","Bus",NA,"L2: Cancer",NA,"PA",330341
"female","35-39","sc_bus_ylls_pa_total_cancer_ub",-8.51949,"bogota","Bus",NA,"L2: Cancer",NA,"PA",309304
"female","40-44","sc_bus_ylls_pa_total_cancer_ub",-10.47878,"bogota","Bus",NA,"L2: Cancer",NA,"PA",275440
"female","45-49","sc_bus_ylls_pa_total_cancer_ub",-12.79942,"bogota","Bus",NA,"L2: Cancer",NA,"PA",254843
"female","50-54","sc_bus_ylls_pa_total_cancer_ub",-8.60822,"bogota","Bus",NA,"L2: Cancer",NA,"PA",256059
"female","55-59","sc_bus_ylls_pa_total_cancer_ub",-10.22624,"bogota","Bus",NA,"L2: Cancer",NA,"PA",235548
"female","60-64","sc_bus_ylls_pa_total_cancer_ub",-11.74796,"bogota","Bus",NA,"L2: Cancer",NA,"PA",189600
"female","65-69","sc_bus_ylls_pa_total_cancer_ub",-9.40205,"bogota","Bus",NA,"L2: Cancer",NA,"PA",141409
"male","15-19","sc_cycle_ylls_pa_ap_lung_cancer",0.03567,"bogota","Cycling",NA,NA,"L3: lung_cancer","PA and AP",282736
"male","20-24","sc_cycle_ylls_pa_ap_lung_cancer",0.23706,"bogota","Cycling",NA,NA,"L3: lung_cancer","PA and AP",357934
"male","25-29","sc_cycle_ylls_pa_ap_lung_cancer",0.3038,"bogota","Cycling",NA,NA,"L3: lung_cancer","PA and AP",360031
"male","30-34","sc_cycle_ylls_pa_ap_lung_cancer",0.57551,"bogota","Cycling",NA,NA,"L3: lung_cancer","PA and AP",321492
"male","35-39","sc_cycle_ylls_pa_ap_lung_cancer",0.72049,"bogota","Cycling",NA,NA,"L3: lung_cancer","PA and AP",289808
"male","40-44","sc_cycle_ylls_pa_ap_lung_cancer",0.91206,"bogota","Cycling",NA,NA,"L3: lung_cancer","PA and AP",244543
"male","45-49","sc_cycle_ylls_pa_ap_lung_cancer",1.66913,"bogota","Cycling",NA,NA,"L3: lung_cancer","PA and AP",215491
"male","50-54","sc_cycle_ylls_pa_ap_lung_cancer",2.00532,"bogota","Cycling",NA,NA,"L3: lung_cancer","PA and AP",209137
"male","55-59","sc_cycle_ylls_pa_ap_lung_cancer",3.37945,"bogota","Cycling",NA,NA,"L3: lung_cancer","PA and AP",187551
"male","60-64","sc_cycle_ylls_pa_ap_lung_cancer",6.24527,"bogota","Cycling",NA,NA,"L3: lung_cancer","PA and AP",146500
"male","65-69","sc_cycle_ylls_pa_ap_lung_cancer",6.08994,"bogota","Cycling",NA,NA,"L3: lung_cancer","PA and AP",105412
"female","15-19","sc_cycle_ylls_pa_ap_lung_cancer",0.07879,"bogota","Cycling",NA,NA,"L3: lung_cancer","PA and AP",279280
"female","20-24","sc_cycle_ylls_pa_ap_lung_cancer",0.29265,"bogota","Cycling",NA,NA,"L3: lung_cancer","PA and AP",360197
"female","25-29","sc_cycle_ylls_pa_ap_lung_cancer",0.46063,"bogota","Cycling",NA,NA,"L3: lung_cancer","PA and AP",364423
"female","30-34","sc_cycle_ylls_pa_ap_lung_cancer",0.88114,"bogota","Cycling",NA,NA,"L3: lung_cancer","PA and AP",330341
"female","35-39","sc_cycle_ylls_pa_ap_lung_cancer",1.26022,"bogota","Cycling",NA,NA,"L3: lung_cancer","PA and AP",309304
"female","40-44","sc_cycle_ylls_pa_ap_lung_cancer",1.95583,"bogota","Cycling",NA,NA,"L3: lung_cancer","PA and AP",275440
"female","45-49","sc_cycle_ylls_pa_ap_lung_cancer",4.04477,"bogota","Cycling",NA,NA,"L3: lung_cancer","PA and AP",254843
"female","50-54","sc_cycle_ylls_pa_ap_lung_cancer",7.51606,"bogota","Cycling",NA,NA,"L3: lung_cancer","PA and AP",256059
"female","55-59","sc_cycle_ylls_pa_ap_lung_cancer",10.40796,"bogota","Cycling",NA,NA,"L3: lung_cancer","PA and AP",235548
"female","60-64","sc_cycle_ylls_pa_ap_lung_cancer",11.39987,"bogota","Cycling",NA,NA,"L3: lung_cancer","PA and AP",189600
"female","65-69","sc_cycle_ylls_pa_ap_lung_cancer",10.38152,"bogota","Cycling",NA,NA,"L3: lung_cancer","PA and AP",141409
"male","15-19","sc_car_ylls_pa_ap_lung_cancer",-0.05454,"bogota","Car",NA,NA,"L3: lung_cancer","PA and AP",282736
"male","20-24","sc_car_ylls_pa_ap_lung_cancer",-0.19275,"bogota","Car",NA,NA,"L3: lung_cancer","PA and AP",357934
"male","25-29","sc_car_ylls_pa_ap_lung_cancer",-0.30322,"bogota","Car",NA,NA,"L3: lung_cancer","PA and AP",360031
"male","30-34","sc_car_ylls_pa_ap_lung_cancer",-0.44743,"bogota","Car",NA,NA,"L3: lung_cancer","PA and AP",321492
"male","35-39","sc_car_ylls_pa_ap_lung_cancer",-0.57197,"bogota","Car",NA,NA,"L3: lung_cancer","PA and AP",289808
"male","40-44","sc_car_ylls_pa_ap_lung_cancer",-0.84635,"bogota","Car",NA,NA,"L3: lung_cancer","PA and AP",244543
"male","45-49","sc_car_ylls_pa_ap_lung_cancer",-1.46,"bogota","Car",NA,NA,"L3: lung_cancer","PA and AP",215491
"male","50-54","sc_car_ylls_pa_ap_lung_cancer",-1.78618,"bogota","Car",NA,NA,"L3: lung_cancer","PA and AP",209137
"male","55-59","sc_car_ylls_pa_ap_lung_cancer",-3.27625,"bogota","Car",NA,NA,"L3: lung_cancer","PA and AP",187551
"male","60-64","sc_car_ylls_pa_ap_lung_cancer",-3.84866,"bogota","Car",NA,NA,"L3: lung_cancer","PA and AP",146500
"male","65-69","sc_car_ylls_pa_ap_lung_cancer",-4.35674,"bogota","Car",NA,NA,"L3: lung_cancer","PA and AP",105412
"female","15-19","sc_car_ylls_pa_ap_lung_cancer",-0.04306,"bogota","Car",NA,NA,"L3: lung_cancer","PA and AP",279280
"female","20-24","sc_car_ylls_pa_ap_lung_cancer",-0.14948,"bogota","Car",NA,NA,"L3: lung_cancer","PA and AP",360197
"female","25-29","sc_car_ylls_pa_ap_lung_cancer",-0.25192,"bogota","Car",NA,NA,"L3: lung_cancer","PA and AP",364423
"female","30-34","sc_car_ylls_pa_ap_lung_cancer",-0.46211,"bogota","Car",NA,NA,"L3: lung_cancer","PA and AP",330341
"female","35-39","sc_car_ylls_pa_ap_lung_cancer",-0.65934,"bogota","Car",NA,NA,"L3: lung_cancer","PA and AP",309304
"female","40-44","sc_car_ylls_pa_ap_lung_cancer",-1.10443,"bogota","Car",NA,NA,"L3: lung_cancer","PA and AP",275440
"female","45-49","sc_car_ylls_pa_ap_lung_cancer",-1.84078,"bogota","Car",NA,NA,"L3: lung_cancer","PA and AP",254843
"female","50-54","sc_car_ylls_pa_ap_lung_cancer",-1.74731,"bogota","Car",NA,NA,"L3: lung_cancer","PA and AP",256059
"female","55-59","sc_car_ylls_pa_ap_lung_cancer",-2.40022,"bogota","Car",NA,NA,"L3: lung_cancer","PA and AP",235548
"female","60-64","sc_car_ylls_pa_ap_lung_cancer",-2.93675,"bogota","Car",NA,NA,"L3: lung_cancer","PA and AP",189600
"female","65-69","sc_car_ylls_pa_ap_lung_cancer",-2.62725,"bogota","Car",NA,NA,"L3: lung_cancer","PA and AP",141409
"male","15-19","sc_bus_ylls_pa_ap_lung_cancer",-0.03324,"bogota","Bus",NA,NA,"L3: lung_cancer","PA and AP",282736
"male","20-24","sc_bus_ylls_pa_ap_lung_cancer",-0.12985,"bogota","Bus",NA,NA,"L3: lung_cancer","PA and AP",357934
"male","25-29","sc_bus_ylls_pa_ap_lung_cancer",-0.21168,"bogota","Bus",NA,NA,"L3: lung_cancer","PA and AP",360031
"male","30-34","sc_bus_ylls_pa_ap_lung_cancer",-0.36839,"bogota","Bus",NA,NA,"L3: lung_cancer","PA and AP",321492
"male","35-39","sc_bus_ylls_pa_ap_lung_cancer",-0.36561,"bogota","Bus",NA,NA,"L3: lung_cancer","PA and AP",289808
"male","40-44","sc_bus_ylls_pa_ap_lung_cancer",-0.44713,"bogota","Bus",NA,NA,"L3: lung_cancer","PA and AP",244543
"male","45-49","sc_bus_ylls_pa_ap_lung_cancer",-0.83866,"bogota","Bus",NA,NA,"L3: lung_cancer","PA and AP",215491
"male","50-54","sc_bus_ylls_pa_ap_lung_cancer",-1.07627,"bogota","Bus",NA,NA,"L3: lung_cancer","PA and AP",209137
"male","55-59","sc_bus_ylls_pa_ap_lung_cancer",-2.04517,"bogota","Bus",NA,NA,"L3: lung_cancer","PA and AP",187551
"male","60-64","sc_bus_ylls_pa_ap_lung_cancer",-3.1462,"bogota","Bus",NA,NA,"L3: lung_cancer","PA and AP",146500
"male","65-69","sc_bus_ylls_pa_ap_lung_cancer",-1.37262,"bogota","Bus",NA,NA,"L3: lung_cancer","PA and AP",105412
"female","15-19","sc_bus_ylls_pa_ap_lung_cancer",-0.01207,"bogota","Bus",NA,NA,"L3: lung_cancer","PA and AP",279280
"female","20-24","sc_bus_ylls_pa_ap_lung_cancer",-0.06999,"bogota","Bus",NA,NA,"L3: lung_cancer","PA and AP",360197
"female","25-29","sc_bus_ylls_pa_ap_lung_cancer",-0.11274,"bogota","Bus",NA,NA,"L3: lung_cancer","PA and AP",364423
"female","30-34","sc_bus_ylls_pa_ap_lung_cancer",-0.14838,"bogota","Bus",NA,NA,"L3: lung_cancer","PA and AP",330341
"female","35-39","sc_bus_ylls_pa_ap_lung_cancer",-0.20576,"bogota","Bus",NA,NA,"L3: lung_cancer","PA and AP",309304
"female","40-44","sc_bus_ylls_pa_ap_lung_cancer",-0.36344,"bogota","Bus",NA,NA,"L3: lung_cancer","PA and AP",275440
"female","45-49","sc_bus_ylls_pa_ap_lung_cancer",-0.6798,"bogota","Bus",NA,NA,"L3: lung_cancer","PA and AP",254843
"female","50-54","sc_bus_ylls_pa_ap_lung_cancer",-0.38881,"bogota","Bus",NA,NA,"L3: lung_cancer","PA and AP",256059
"female","55-59","sc_bus_ylls_pa_ap_lung_cancer",-0.48929,"bogota","Bus",NA,NA,"L3: lung_cancer","PA and AP",235548
"female","60-64","sc_bus_ylls_pa_ap_lung_cancer",-0.64946,"bogota","Bus",NA,NA,"L3: lung_cancer","PA and AP",189600
"female","65-69","sc_bus_ylls_pa_ap_lung_cancer",-0.65696,"bogota","Bus",NA,NA,"L3: lung_cancer","PA and AP",141409
"male","15-19","sc_cycle_ylls_pa_ap_lung_cancer_lb",0.09373,"bogota","Cycling",NA,NA,"L3: lung_cancer","PA and AP",282736
"male","20-24","sc_cycle_ylls_pa_ap_lung_cancer_lb",0.5059,"bogota","Cycling",NA,NA,"L3: lung_cancer","PA and AP",357934
"male","25-29","sc_cycle_ylls_pa_ap_lung_cancer_lb",0.63821,"bogota","Cycling",NA,NA,"L3: lung_cancer","PA and AP",360031
"male","30-34","sc_cycle_ylls_pa_ap_lung_cancer_lb",1.14858,"bogota","Cycling",NA,NA,"L3: lung_cancer","PA and AP",321492
"male","35-39","sc_cycle_ylls_pa_ap_lung_cancer_lb",1.41112,"bogota","Cycling",NA,NA,"L3: lung_cancer","PA and AP",289808
"male","40-44","sc_cycle_ylls_pa_ap_lung_cancer_lb",1.8156,"bogota","Cycling",NA,NA,"L3: lung_cancer","PA and AP",244543
"male","45-49","sc_cycle_ylls_pa_ap_lung_cancer_lb",3.22573,"bogota","Cycling",NA,NA,"L3: lung_cancer","PA and AP",215491
"male","50-54","sc_cycle_ylls_pa_ap_lung_cancer_lb",4.26152,"bogota","Cycling",NA,NA,"L3: lung_cancer","PA and AP",209137
"male","55-59","sc_cycle_ylls_pa_ap_lung_cancer_lb",7.14749,"bogota","Cycling",NA,NA,"L3: lung_cancer","PA and AP",187551
"male","60-64","sc_cycle_ylls_pa_ap_lung_cancer_lb",12.81323,"bogota","Cycling",NA,NA,"L3: lung_cancer","PA and AP",146500
"male","65-69","sc_cycle_ylls_pa_ap_lung_cancer_lb",12.27501,"bogota","Cycling",NA,NA,"L3: lung_cancer","PA and AP",105412
"female","15-19","sc_cycle_ylls_pa_ap_lung_cancer_lb",0.1822,"bogota","Cycling",NA,NA,"L3: lung_cancer","PA and AP",279280
"female","20-24","sc_cycle_ylls_pa_ap_lung_cancer_lb",0.58591,"bogota","Cycling",NA,NA,"L3: lung_cancer","PA and AP",360197
"female","25-29","sc_cycle_ylls_pa_ap_lung_cancer_lb",0.92661,"bogota","Cycling",NA,NA,"L3: lung_cancer","PA and AP",364423
"female","30-34","sc_cycle_ylls_pa_ap_lung_cancer_lb",1.74293,"bogota","Cycling",NA,NA,"L3: lung_cancer","PA and AP",330341
"female","35-39","sc_cycle_ylls_pa_ap_lung_cancer_lb",2.46057,"bogota","Cycling",NA,NA,"L3: lung_cancer","PA and AP",309304
"female","40-44","sc_cycle_ylls_pa_ap_lung_cancer_lb",3.81339,"bogota","Cycling",NA,NA,"L3: lung_cancer","PA and AP",275440
"female","45-49","sc_cycle_ylls_pa_ap_lung_cancer_lb",7.59517,"bogota","Cycling",NA,NA,"L3: lung_cancer","PA and AP",254843
"female","50-54","sc_cycle_ylls_pa_ap_lung_cancer_lb",14.23825,"bogota","Cycling",NA,NA,"L3: lung_cancer","PA and AP",256059
"female","55-59","sc_cycle_ylls_pa_ap_lung_cancer_lb",19.77817,"bogota","Cycling",NA,NA,"L3: lung_cancer","PA and AP",235548
"female","60-64","sc_cycle_ylls_pa_ap_lung_cancer_lb",21.89153,"bogota","Cycling",NA,NA,"L3: lung_cancer","PA and AP",189600
"female","65-69","sc_cycle_ylls_pa_ap_lung_cancer_lb",19.66853,"bogota","Cycling",NA,NA,"L3: lung_cancer","PA and AP",141409
"male","15-19","sc_car_ylls_pa_ap_lung_cancer_lb",-0.09118,"bogota","Car",NA,NA,"L3: lung_cancer","PA and AP",282736
"male","20-24","sc_car_ylls_pa_ap_lung_cancer_lb",-0.27817,"bogota","Car",NA,NA,"L3: lung_cancer","PA and AP",357934
"male","25-29","sc_car_ylls_pa_ap_lung_cancer_lb",-0.45407,"bogota","Car",NA,NA,"L3: lung_cancer","PA and AP",360031
"male","30-34","sc_car_ylls_pa_ap_lung_cancer_lb",-0.62093,"bogota","Car",NA,NA,"L3: lung_cancer","PA and AP",321492
"male","35-39","sc_car_ylls_pa_ap_lung_cancer_lb",-0.78376,"bogota","Car",NA,NA,"L3: lung_cancer","PA and AP",289808
"male","40-44","sc_car_ylls_pa_ap_lung_cancer_lb",-1.24483,"bogota","Car",NA,NA,"L3: lung_cancer","PA and AP",244543
"male","45-49","sc_car_ylls_pa_ap_lung_cancer_lb",-2.13173,"bogota","Car",NA,NA,"L3: lung_cancer","PA and AP",215491
"male","50-54","sc_car_ylls_pa_ap_lung_cancer_lb",-2.63695,"bogota","Car",NA,NA,"L3: lung_cancer","PA and AP",209137
"male","55-59","sc_car_ylls_pa_ap_lung_cancer_lb",-5.19486,"bogota","Car",NA,NA,"L3: lung_cancer","PA and AP",187551
"male","60-64","sc_car_ylls_pa_ap_lung_cancer_lb",-5.7265,"bogota","Car",NA,NA,"L3: lung_cancer","PA and AP",146500
"male","65-69","sc_car_ylls_pa_ap_lung_cancer_lb",-6.56372,"bogota","Car",NA,NA,"L3: lung_cancer","PA and AP",105412
"female","15-19","sc_car_ylls_pa_ap_lung_cancer_lb",-0.06047,"bogota","Car",NA,NA,"L3: lung_cancer","PA and AP",279280
"female","20-24","sc_car_ylls_pa_ap_lung_cancer_lb",-0.20529,"bogota","Car",NA,NA,"L3: lung_cancer","PA and AP",360197
"female","25-29","sc_car_ylls_pa_ap_lung_cancer_lb",-0.33952,"bogota","Car",NA,NA,"L3: lung_cancer","PA and AP",364423
"female","30-34","sc_car_ylls_pa_ap_lung_cancer_lb",-0.62288,"bogota","Car",NA,NA,"L3: lung_cancer","PA and AP",330341
"female","35-39","sc_car_ylls_pa_ap_lung_cancer_lb",-0.87808,"bogota","Car",NA,NA,"L3: lung_cancer","PA and AP",309304
"female","40-44","sc_car_ylls_pa_ap_lung_cancer_lb",-1.46507,"bogota","Car",NA,NA,"L3: lung_cancer","PA and AP",275440
"female","45-49","sc_car_ylls_pa_ap_lung_cancer_lb",-2.44042,"bogota","Car",NA,NA,"L3: lung_cancer","PA and AP",254843
"female","50-54","sc_car_ylls_pa_ap_lung_cancer_lb",-2.35149,"bogota","Car",NA,NA,"L3: lung_cancer","PA and AP",256059
"female","55-59","sc_car_ylls_pa_ap_lung_cancer_lb",-3.26152,"bogota","Car",NA,NA,"L3: lung_cancer","PA and AP",235548
"female","60-64","sc_car_ylls_pa_ap_lung_cancer_lb",-4.00318,"bogota","Car",NA,NA,"L3: lung_cancer","PA and AP",189600
"female","65-69","sc_car_ylls_pa_ap_lung_cancer_lb",-3.65321,"bogota","Car",NA,NA,"L3: lung_cancer","PA and AP",141409
"male","15-19","sc_bus_ylls_pa_ap_lung_cancer_lb",-0.07957,"bogota","Bus",NA,NA,"L3: lung_cancer","PA and AP",282736
"male","20-24","sc_bus_ylls_pa_ap_lung_cancer_lb",-0.26186,"bogota","Bus",NA,NA,"L3: lung_cancer","PA and AP",357934
"male","25-29","sc_bus_ylls_pa_ap_lung_cancer_lb",-0.42599,"bogota","Bus",NA,NA,"L3: lung_cancer","PA and AP",360031
"male","30-34","sc_bus_ylls_pa_ap_lung_cancer_lb",-0.75928,"bogota","Bus",NA,NA,"L3: lung_cancer","PA and AP",321492
"male","35-39","sc_bus_ylls_pa_ap_lung_cancer_lb",-0.77666,"bogota","Bus",NA,NA,"L3: lung_cancer","PA and AP",289808
"male","40-44","sc_bus_ylls_pa_ap_lung_cancer_lb",-0.96482,"bogota","Bus",NA,NA,"L3: lung_cancer","PA and AP",244543
"male","45-49","sc_bus_ylls_pa_ap_lung_cancer_lb",-1.76226,"bogota","Bus",NA,NA,"L3: lung_cancer","PA and AP",215491
"male","50-54","sc_bus_ylls_pa_ap_lung_cancer_lb",-2.50434,"bogota","Bus",NA,NA,"L3: lung_cancer","PA and AP",209137
"male","55-59","sc_bus_ylls_pa_ap_lung_cancer_lb",-4.83798,"bogota","Bus",NA,NA,"L3: lung_cancer","PA and AP",187551
"male","60-64","sc_bus_ylls_pa_ap_lung_cancer_lb",-7.29433,"bogota","Bus",NA,NA,"L3: lung_cancer","PA and AP",146500
"male","65-69","sc_bus_ylls_pa_ap_lung_cancer_lb",-3.91372,"bogota","Bus",NA,NA,"L3: lung_cancer","PA and AP",105412
"female","15-19","sc_bus_ylls_pa_ap_lung_cancer_lb",-0.02811,"bogota","Bus",NA,NA,"L3: lung_cancer","PA and AP",279280
"female","20-24","sc_bus_ylls_pa_ap_lung_cancer_lb",-0.14552,"bogota","Bus",NA,NA,"L3: lung_cancer","PA and AP",360197
"female","25-29","sc_bus_ylls_pa_ap_lung_cancer_lb",-0.22816,"bogota","Bus",NA,NA,"L3: lung_cancer","PA and AP",364423
"female","30-34","sc_bus_ylls_pa_ap_lung_cancer_lb",-0.33374,"bogota","Bus",NA,NA,"L3: lung_cancer","PA and AP",330341
"female","35-39","sc_bus_ylls_pa_ap_lung_cancer_lb",-0.4979,"bogota","Bus",NA,NA,"L3: lung_cancer","PA and AP",309304
"female","40-44","sc_bus_ylls_pa_ap_lung_cancer_lb",-0.81582,"bogota","Bus",NA,NA,"L3: lung_cancer","PA and AP",275440
"female","45-49","sc_bus_ylls_pa_ap_lung_cancer_lb",-1.41729,"bogota","Bus",NA,NA,"L3: lung_cancer","PA and AP",254843
"female","50-54","sc_bus_ylls_pa_ap_lung_cancer_lb",-1.02305,"bogota","Bus",NA,NA,"L3: lung_cancer","PA and AP",256059
"female","55-59","sc_bus_ylls_pa_ap_lung_cancer_lb",-1.51114,"bogota","Bus",NA,NA,"L3: lung_cancer","PA and AP",235548
"female","60-64","sc_bus_ylls_pa_ap_lung_cancer_lb",-1.91528,"bogota","Bus",NA,NA,"L3: lung_cancer","PA and AP",189600
"female","65-69","sc_bus_ylls_pa_ap_lung_cancer_lb",-1.86105,"bogota","Bus",NA,NA,"L3: lung_cancer","PA and AP",141409
"male","15-19","sc_cycle_ylls_pa_ap_lung_cancer_ub",-0.02135,"bogota","Cycling",NA,NA,"L3: lung_cancer","PA and AP",282736
"male","20-24","sc_cycle_ylls_pa_ap_lung_cancer_ub",-0.02372,"bogota","Cycling",NA,NA,"L3: lung_cancer","PA and AP",357934
"male","25-29","sc_cycle_ylls_pa_ap_lung_cancer_ub",-0.02361,"bogota","Cycling",NA,NA,"L3: lung_cancer","PA and AP",360031
"male","30-34","sc_cycle_ylls_pa_ap_lung_cancer_ub",0.02408,"bogota","Cycling",NA,NA,"L3: lung_cancer","PA and AP",321492
"male","35-39","sc_cycle_ylls_pa_ap_lung_cancer_ub",0.055,"bogota","Cycling",NA,NA,"L3: lung_cancer","PA and AP",289808
"male","40-44","sc_cycle_ylls_pa_ap_lung_cancer_ub",0.03845,"bogota","Cycling",NA,NA,"L3: lung_cancer","PA and AP",244543
"male","45-49","sc_cycle_ylls_pa_ap_lung_cancer_ub",0.16672,"bogota","Cycling",NA,NA,"L3: lung_cancer","PA and AP",215491
"male","50-54","sc_cycle_ylls_pa_ap_lung_cancer_ub",-0.17404,"bogota","Cycling",NA,NA,"L3: lung_cancer","PA and AP",209137
"male","55-59","sc_cycle_ylls_pa_ap_lung_cancer_ub",-0.27857,"bogota","Cycling",NA,NA,"L3: lung_cancer","PA and AP",187551
"male","60-64","sc_cycle_ylls_pa_ap_lung_cancer_ub",-0.09778,"bogota","Cycling",NA,NA,"L3: lung_cancer","PA and AP",146500
"male","65-69","sc_cycle_ylls_pa_ap_lung_cancer_ub",0.06827,"bogota","Cycling",NA,NA,"L3: lung_cancer","PA and AP",105412
"female","15-19","sc_cycle_ylls_pa_ap_lung_cancer_ub",-0.02486,"bogota","Cycling",NA,NA,"L3: lung_cancer","PA and AP",279280
"female","20-24","sc_cycle_ylls_pa_ap_lung_cancer_ub",0.00091,"bogota","Cycling",NA,NA,"L3: lung_cancer","PA and AP",360197
"female","25-29","sc_cycle_ylls_pa_ap_lung_cancer_ub",-0.00262,"bogota","Cycling",NA,NA,"L3: lung_cancer","PA and AP",364423
"female","30-34","sc_cycle_ylls_pa_ap_lung_cancer_ub",0.03345,"bogota","Cycling",NA,NA,"L3: lung_cancer","PA and AP",330341
"female","35-39","sc_cycle_ylls_pa_ap_lung_cancer_ub",0.07197,"bogota","Cycling",NA,NA,"L3: lung_cancer","PA and AP",309304
"female","40-44","sc_cycle_ylls_pa_ap_lung_cancer_ub",0.12912,"bogota","Cycling",NA,NA,"L3: lung_cancer","PA and AP",275440
"female","45-49","sc_cycle_ylls_pa_ap_lung_cancer_ub",0.54421,"bogota","Cycling",NA,NA,"L3: lung_cancer","PA and AP",254843
"female","50-54","sc_cycle_ylls_pa_ap_lung_cancer_ub",0.79564,"bogota","Cycling",NA,NA,"L3: lung_cancer","PA and AP",256059
"female","55-59","sc_cycle_ylls_pa_ap_lung_cancer_ub",1.05298,"bogota","Cycling",NA,NA,"L3: lung_cancer","PA and AP",235548
"female","60-64","sc_cycle_ylls_pa_ap_lung_cancer_ub",0.9985,"bogota","Cycling",NA,NA,"L3: lung_cancer","PA and AP",189600
"female","65-69","sc_cycle_ylls_pa_ap_lung_cancer_ub",1.16379,"bogota","Cycling",NA,NA,"L3: lung_cancer","PA and AP",141409
"male","15-19","sc_car_ylls_pa_ap_lung_cancer_ub",-0.01871,"bogota","Car",NA,NA,"L3: lung_cancer","PA and AP",282736
"male","20-24","sc_car_ylls_pa_ap_lung_cancer_ub",-0.1095,"bogota","Car",NA,NA,"L3: lung_cancer","PA and AP",357934
"male","25-29","sc_car_ylls_pa_ap_lung_cancer_ub",-0.15635,"bogota","Car",NA,NA,"L3: lung_cancer","PA and AP",360031
"male","30-34","sc_car_ylls_pa_ap_lung_cancer_ub",-0.28112,"bogota","Car",NA,NA,"L3: lung_cancer","PA and AP",321492
"male","35-39","sc_car_ylls_pa_ap_lung_cancer_ub",-0.36372,"bogota","Car",NA,NA,"L3: lung_cancer","PA and AP",289808
"male","40-44","sc_car_ylls_pa_ap_lung_cancer_ub",-0.46423,"bogota","Car",NA,NA,"L3: lung_cancer","PA and AP",244543
"male","45-49","sc_car_ylls_pa_ap_lung_cancer_ub",-0.81572,"bogota","Car",NA,NA,"L3: lung_cancer","PA and AP",215491
"male","50-54","sc_car_ylls_pa_ap_lung_cancer_ub",-0.96506,"bogota","Car",NA,NA,"L3: lung_cancer","PA and AP",209137
"male","55-59","sc_car_ylls_pa_ap_lung_cancer_ub",-1.43095,"bogota","Car",NA,NA,"L3: lung_cancer","PA and AP",187551
"male","60-64","sc_car_ylls_pa_ap_lung_cancer_ub",-2.01982,"bogota","Car",NA,NA,"L3: lung_cancer","PA and AP",146500
"male","65-69","sc_car_ylls_pa_ap_lung_cancer_ub",-2.21579,"bogota","Car",NA,NA,"L3: lung_cancer","PA and AP",105412
"female","15-19","sc_car_ylls_pa_ap_lung_cancer_ub",-0.02571,"bogota","Car",NA,NA,"L3: lung_cancer","PA and AP",279280
"female","20-24","sc_car_ylls_pa_ap_lung_cancer_ub",-0.09439,"bogota","Car",NA,NA,"L3: lung_cancer","PA and AP",360197
"female","25-29","sc_car_ylls_pa_ap_lung_cancer_ub",-0.16458,"bogota","Car",NA,NA,"L3: lung_cancer","PA and AP",364423
"female","30-34","sc_car_ylls_pa_ap_lung_cancer_ub",-0.30334,"bogota","Car",NA,NA,"L3: lung_cancer","PA and AP",330341
"female","35-39","sc_car_ylls_pa_ap_lung_cancer_ub",-0.44132,"bogota","Car",NA,NA,"L3: lung_cancer","PA and AP",309304
"female","40-44","sc_car_ylls_pa_ap_lung_cancer_ub",-0.74965,"bogota","Car",NA,NA,"L3: lung_cancer","PA and AP",275440
"female","45-49","sc_car_ylls_pa_ap_lung_cancer_ub",-1.2521,"bogota","Car",NA,NA,"L3: lung_cancer","PA and AP",254843
"female","50-54","sc_car_ylls_pa_ap_lung_cancer_ub",-1.14936,"bogota","Car",NA,NA,"L3: lung_cancer","PA and AP",256059
"female","55-59","sc_car_ylls_pa_ap_lung_cancer_ub",-1.54709,"bogota","Car",NA,NA,"L3: lung_cancer","PA and AP",235548
"female","60-64","sc_car_ylls_pa_ap_lung_cancer_ub",-1.89068,"bogota","Car",NA,NA,"L3: lung_cancer","PA and AP",189600
"female","65-69","sc_car_ylls_pa_ap_lung_cancer_ub",-1.62834,"bogota","Car",NA,NA,"L3: lung_cancer","PA and AP",141409
"male","15-19","sc_bus_ylls_pa_ap_lung_cancer_ub",0.0125,"bogota","Bus",NA,NA,"L3: lung_cancer","PA and AP",282736
"male","20-24","sc_bus_ylls_pa_ap_lung_cancer_ub",-0.00156,"bogota","Bus",NA,NA,"L3: lung_cancer","PA and AP",357934
"male","25-29","sc_bus_ylls_pa_ap_lung_cancer_ub",-0.00281,"bogota","Bus",NA,NA,"L3: lung_cancer","PA and AP",360031
"male","30-34","sc_bus_ylls_pa_ap_lung_cancer_ub",0.00547,"bogota","Bus",NA,NA,"L3: lung_cancer","PA and AP",321492
"male","35-39","sc_bus_ylls_pa_ap_lung_cancer_ub",0.03226,"bogota","Bus",NA,NA,"L3: lung_cancer","PA and AP",289808
"male","40-44","sc_bus_ylls_pa_ap_lung_cancer_ub",0.05616,"bogota","Bus",NA,NA,"L3: lung_cancer","PA and AP",244543
"male","45-49","sc_bus_ylls_pa_ap_lung_cancer_ub",0.06023,"bogota","Bus",NA,NA,"L3: lung_cancer","PA and AP",215491
"male","50-54","sc_bus_ylls_pa_ap_lung_cancer_ub",0.31138,"bogota","Bus",NA,NA,"L3: lung_cancer","PA and AP",209137
"male","55-59","sc_bus_ylls_pa_ap_lung_cancer_ub",0.62446,"bogota","Bus",NA,NA,"L3: lung_cancer","PA and AP",187551
"male","60-64","sc_bus_ylls_pa_ap_lung_cancer_ub",0.84575,"bogota","Bus",NA,NA,"L3: lung_cancer","PA and AP",146500
"male","65-69","sc_bus_ylls_pa_ap_lung_cancer_ub",1.10937,"bogota","Bus",NA,NA,"L3: lung_cancer","PA and AP",105412
"female","15-19","sc_bus_ylls_pa_ap_lung_cancer_ub",0.00432,"bogota","Bus",NA,NA,"L3: lung_cancer","PA and AP",279280
"female","20-24","sc_bus_ylls_pa_ap_lung_cancer_ub",0.00537,"bogota","Bus",NA,NA,"L3: lung_cancer","PA and AP",360197
"female","25-29","sc_bus_ylls_pa_ap_lung_cancer_ub",0.00233,"bogota","Bus",NA,NA,"L3: lung_cancer","PA and AP",364423
"female","30-34","sc_bus_ylls_pa_ap_lung_cancer_ub",0.03533,"bogota","Bus",NA,NA,"L3: lung_cancer","PA and AP",330341
"female","35-39","sc_bus_ylls_pa_ap_lung_cancer_ub",0.08469,"bogota","Bus",NA,NA,"L3: lung_cancer","PA and AP",309304
"female","40-44","sc_bus_ylls_pa_ap_lung_cancer_ub",0.0804,"bogota","Bus",NA,NA,"L3: lung_cancer","PA and AP",275440
"female","45-49","sc_bus_ylls_pa_ap_lung_cancer_ub",0.04903,"bogota","Bus",NA,NA,"L3: lung_cancer","PA and AP",254843
"female","50-54","sc_bus_ylls_pa_ap_lung_cancer_ub",0.24154,"bogota","Bus",NA,NA,"L3: lung_cancer","PA and AP",256059
"female","55-59","sc_bus_ylls_pa_ap_lung_cancer_ub",0.51337,"bogota","Bus",NA,NA,"L3: lung_cancer","PA and AP",235548
"female","60-64","sc_bus_ylls_pa_ap_lung_cancer_ub",0.61442,"bogota","Bus",NA,NA,"L3: lung_cancer","PA and AP",189600
"female","65-69","sc_bus_ylls_pa_ap_lung_cancer_ub",0.53601,"bogota","Bus",NA,NA,"L3: lung_cancer","PA and AP",141409
"male","15-19","sc_cycle_ylls_ap_COPD",-0.05682,"bogota","Cycling",NA,NA,"L3: COPD","AP",282736
"male","20-24","sc_cycle_ylls_ap_COPD",-0.14902,"bogota","Cycling",NA,NA,"L3: COPD","AP",357934
"male","25-29","sc_cycle_ylls_ap_COPD",-0.16602,"bogota","Cycling",NA,NA,"L3: COPD","AP",360031
"male","30-34","sc_cycle_ylls_ap_COPD",-0.20315,"bogota","Cycling",NA,NA,"L3: COPD","AP",321492
"male","35-39","sc_cycle_ylls_ap_COPD",-0.19373,"bogota","Cycling",NA,NA,"L3: COPD","AP",289808
"male","40-44","sc_cycle_ylls_ap_COPD",-0.28731,"bogota","Cycling",NA,NA,"L3: COPD","AP",244543
"male","45-49","sc_cycle_ylls_ap_COPD",-0.4094,"bogota","Cycling",NA,NA,"L3: COPD","AP",215491
"male","50-54","sc_cycle_ylls_ap_COPD",-1.12533,"bogota","Cycling",NA,NA,"L3: COPD","AP",209137
"male","55-59","sc_cycle_ylls_ap_COPD",-1.92551,"bogota","Cycling",NA,NA,"L3: COPD","AP",187551
"male","60-64","sc_cycle_ylls_ap_COPD",-3.27372,"bogota","Cycling",NA,NA,"L3: COPD","AP",146500
"male","65-69","sc_cycle_ylls_ap_COPD",-3.50822,"bogota","Cycling",NA,NA,"L3: COPD","AP",105412
"female","15-19","sc_cycle_ylls_ap_COPD",-0.06923,"bogota","Cycling",NA,NA,"L3: COPD","AP",279280
"female","20-24","sc_cycle_ylls_ap_COPD",-0.14523,"bogota","Cycling",NA,NA,"L3: COPD","AP",360197
"female","25-29","sc_cycle_ylls_ap_COPD",-0.15718,"bogota","Cycling",NA,NA,"L3: COPD","AP",364423
"female","30-34","sc_cycle_ylls_ap_COPD",-0.19226,"bogota","Cycling",NA,NA,"L3: COPD","AP",330341
"female","35-39","sc_cycle_ylls_ap_COPD",-0.24316,"bogota","Cycling",NA,NA,"L3: COPD","AP",309304
"female","40-44","sc_cycle_ylls_ap_COPD",-0.3554,"bogota","Cycling",NA,NA,"L3: COPD","AP",275440
"female","45-49","sc_cycle_ylls_ap_COPD",-0.5209,"bogota","Cycling",NA,NA,"L3: COPD","AP",254843
"female","50-54","sc_cycle_ylls_ap_COPD",-1.35172,"bogota","Cycling",NA,NA,"L3: COPD","AP",256059
"female","55-59","sc_cycle_ylls_ap_COPD",-2.30677,"bogota","Cycling",NA,NA,"L3: COPD","AP",235548
"female","60-64","sc_cycle_ylls_ap_COPD",-3.65456,"bogota","Cycling",NA,NA,"L3: COPD","AP",189600
"female","65-69","sc_cycle_ylls_ap_COPD",-3.86952,"bogota","Cycling",NA,NA,"L3: COPD","AP",141409
"male","15-19","sc_car_ylls_ap_COPD",-0.00633,"bogota","Car",NA,NA,"L3: COPD","AP",282736
"male","20-24","sc_car_ylls_ap_COPD",-0.08345,"bogota","Car",NA,NA,"L3: COPD","AP",357934
"male","25-29","sc_car_ylls_ap_COPD",-0.09382,"bogota","Car",NA,NA,"L3: COPD","AP",360031
"male","30-34","sc_car_ylls_ap_COPD",-0.19164,"bogota","Car",NA,NA,"L3: COPD","AP",321492
"male","35-39","sc_car_ylls_ap_COPD",-0.19691,"bogota","Car",NA,NA,"L3: COPD","AP",289808
"male","40-44","sc_car_ylls_ap_COPD",-0.25395,"bogota","Car",NA,NA,"L3: COPD","AP",244543
"male","45-49","sc_car_ylls_ap_COPD",-0.43071,"bogota","Car",NA,NA,"L3: COPD","AP",215491
"male","50-54","sc_car_ylls_ap_COPD",-0.49679,"bogota","Car",NA,NA,"L3: COPD","AP",209137
"male","55-59","sc_car_ylls_ap_COPD",-0.55134,"bogota","Car",NA,NA,"L3: COPD","AP",187551
"male","60-64","sc_car_ylls_ap_COPD",-1.19304,"bogota","Car",NA,NA,"L3: COPD","AP",146500
"male","65-69","sc_car_ylls_ap_COPD",-1.58597,"bogota","Car",NA,NA,"L3: COPD","AP",105412
"female","15-19","sc_car_ylls_ap_COPD",-0.01929,"bogota","Car",NA,NA,"L3: COPD","AP",279280
"female","20-24","sc_car_ylls_ap_COPD",-0.08974,"bogota","Car",NA,NA,"L3: COPD","AP",360197
"female","25-29","sc_car_ylls_ap_COPD",-0.10576,"bogota","Car",NA,NA,"L3: COPD","AP",364423
"female","30-34","sc_car_ylls_ap_COPD",-0.13259,"bogota","Car",NA,NA,"L3: COPD","AP",330341
"female","35-39","sc_car_ylls_ap_COPD",-0.17247,"bogota","Car",NA,NA,"L3: COPD","AP",309304
"female","40-44","sc_car_ylls_ap_COPD",-0.28776,"bogota","Car",NA,NA,"L3: COPD","AP",275440
"female","45-49","sc_car_ylls_ap_COPD",-0.4799,"bogota","Car",NA,NA,"L3: COPD","AP",254843
"female","50-54","sc_car_ylls_ap_COPD",-0.57206,"bogota","Car",NA,NA,"L3: COPD","AP",256059
"female","55-59","sc_car_ylls_ap_COPD",-0.91174,"bogota","Car",NA,NA,"L3: COPD","AP",235548
"female","60-64","sc_car_ylls_ap_COPD",-1.45933,"bogota","Car",NA,NA,"L3: COPD","AP",189600
"female","65-69","sc_car_ylls_ap_COPD",-1.57383,"bogota","Car",NA,NA,"L3: COPD","AP",141409
"male","15-19","sc_bus_ylls_ap_COPD",0.04161,"bogota","Bus",NA,NA,"L3: COPD","AP",282736
"male","20-24","sc_bus_ylls_ap_COPD",0.05969,"bogota","Bus",NA,NA,"L3: COPD","AP",357934
"male","25-29","sc_bus_ylls_ap_COPD",0.08218,"bogota","Bus",NA,NA,"L3: COPD","AP",360031
"male","30-34","sc_bus_ylls_ap_COPD",0.14579,"bogota","Bus",NA,NA,"L3: COPD","AP",321492
"male","35-39","sc_bus_ylls_ap_COPD",0.17849,"bogota","Bus",NA,NA,"L3: COPD","AP",289808
"male","40-44","sc_bus_ylls_ap_COPD",0.22938,"bogota","Bus",NA,NA,"L3: COPD","AP",244543
"male","45-49","sc_bus_ylls_ap_COPD",0.38605,"bogota","Bus",NA,NA,"L3: COPD","AP",215491
"male","50-54","sc_bus_ylls_ap_COPD",0.85273,"bogota","Bus",NA,NA,"L3: COPD","AP",209137
"male","55-59","sc_bus_ylls_ap_COPD",1.51096,"bogota","Bus",NA,NA,"L3: COPD","AP",187551
"male","60-64","sc_bus_ylls_ap_COPD",2.65118,"bogota","Bus",NA,NA,"L3: COPD","AP",146500
"male","65-69","sc_bus_ylls_ap_COPD",3.44986,"bogota","Bus",NA,NA,"L3: COPD","AP",105412
"female","15-19","sc_bus_ylls_ap_COPD",0.01301,"bogota","Bus",NA,NA,"L3: COPD","AP",279280
"female","20-24","sc_bus_ylls_ap_COPD",0.04177,"bogota","Bus",NA,NA,"L3: COPD","AP",360197
"female","25-29","sc_bus_ylls_ap_COPD",0.04191,"bogota","Bus",NA,NA,"L3: COPD","AP",364423
"female","30-34","sc_bus_ylls_ap_COPD",0.06924,"bogota","Bus",NA,NA,"L3: COPD","AP",330341
"female","35-39","sc_bus_ylls_ap_COPD",0.10663,"bogota","Bus",NA,NA,"L3: COPD","AP",309304
"female","40-44","sc_bus_ylls_ap_COPD",0.13118,"bogota","Bus",NA,NA,"L3: COPD","AP",275440
"female","45-49","sc_bus_ylls_ap_COPD",0.19045,"bogota","Bus",NA,NA,"L3: COPD","AP",254843
"female","50-54","sc_bus_ylls_ap_COPD",0.31871,"bogota","Bus",NA,NA,"L3: COPD","AP",256059
"female","55-59","sc_bus_ylls_ap_COPD",0.61556,"bogota","Bus",NA,NA,"L3: COPD","AP",235548
"female","60-64","sc_bus_ylls_ap_COPD",1.10732,"bogota","Bus",NA,NA,"L3: COPD","AP",189600
"female","65-69","sc_bus_ylls_ap_COPD",1.27376,"bogota","Bus",NA,NA,"L3: COPD","AP",141409
"male","15-19","sc_cycle_ylls_ap_COPD_lb",-0.05682,"bogota","Cycling",NA,NA,"L3: COPD","AP",282736
"male","20-24","sc_cycle_ylls_ap_COPD_lb",-0.14902,"bogota","Cycling",NA,NA,"L3: COPD","AP",357934
"male","25-29","sc_cycle_ylls_ap_COPD_lb",-0.16602,"bogota","Cycling",NA,NA,"L3: COPD","AP",360031
"male","30-34","sc_cycle_ylls_ap_COPD_lb",-0.20315,"bogota","Cycling",NA,NA,"L3: COPD","AP",321492
"male","35-39","sc_cycle_ylls_ap_COPD_lb",-0.19373,"bogota","Cycling",NA,NA,"L3: COPD","AP",289808
"male","40-44","sc_cycle_ylls_ap_COPD_lb",-0.28731,"bogota","Cycling",NA,NA,"L3: COPD","AP",244543
"male","45-49","sc_cycle_ylls_ap_COPD_lb",-0.4094,"bogota","Cycling",NA,NA,"L3: COPD","AP",215491
"male","50-54","sc_cycle_ylls_ap_COPD_lb",-1.12533,"bogota","Cycling",NA,NA,"L3: COPD","AP",209137
"male","55-59","sc_cycle_ylls_ap_COPD_lb",-1.92551,"bogota","Cycling",NA,NA,"L3: COPD","AP",187551
"male","60-64","sc_cycle_ylls_ap_COPD_lb",-3.27372,"bogota","Cycling",NA,NA,"L3: COPD","AP",146500
"male","65-69","sc_cycle_ylls_ap_COPD_lb",-3.50822,"bogota","Cycling",NA,NA,"L3: COPD","AP",105412
"female","15-19","sc_cycle_ylls_ap_COPD_lb",-0.06923,"bogota","Cycling",NA,NA,"L3: COPD","AP",279280
"female","20-24","sc_cycle_ylls_ap_COPD_lb",-0.14523,"bogota","Cycling",NA,NA,"L3: COPD","AP",360197
"female","25-29","sc_cycle_ylls_ap_COPD_lb",-0.15718,"bogota","Cycling",NA,NA,"L3: COPD","AP",364423
"female","30-34","sc_cycle_ylls_ap_COPD_lb",-0.19226,"bogota","Cycling",NA,NA,"L3: COPD","AP",330341
"female","35-39","sc_cycle_ylls_ap_COPD_lb",-0.24316,"bogota","Cycling",NA,NA,"L3: COPD","AP",309304
"female","40-44","sc_cycle_ylls_ap_COPD_lb",-0.3554,"bogota","Cycling",NA,NA,"L3: COPD","AP",275440
"female","45-49","sc_cycle_ylls_ap_COPD_lb",-0.5209,"bogota","Cycling",NA,NA,"L3: COPD","AP",254843
"female","50-54","sc_cycle_ylls_ap_COPD_lb",-1.35172,"bogota","Cycling",NA,NA,"L3: COPD","AP",256059
"female","55-59","sc_cycle_ylls_ap_COPD_lb",-2.30677,"bogota","Cycling",NA,NA,"L3: COPD","AP",235548
"female","60-64","sc_cycle_ylls_ap_COPD_lb",-3.65456,"bogota","Cycling",NA,NA,"L3: COPD","AP",189600
"female","65-69","sc_cycle_ylls_ap_COPD_lb",-3.86952,"bogota","Cycling",NA,NA,"L3: COPD","AP",141409
"male","15-19","sc_car_ylls_ap_COPD_lb",-0.00633,"bogota","Car",NA,NA,"L3: COPD","AP",282736
"male","20-24","sc_car_ylls_ap_COPD_lb",-0.08345,"bogota","Car",NA,NA,"L3: COPD","AP",357934
"male","25-29","sc_car_ylls_ap_COPD_lb",-0.09382,"bogota","Car",NA,NA,"L3: COPD","AP",360031
"male","30-34","sc_car_ylls_ap_COPD_lb",-0.19164,"bogota","Car",NA,NA,"L3: COPD","AP",321492
"male","35-39","sc_car_ylls_ap_COPD_lb",-0.19691,"bogota","Car",NA,NA,"L3: COPD","AP",289808
"male","40-44","sc_car_ylls_ap_COPD_lb",-0.25395,"bogota","Car",NA,NA,"L3: COPD","AP",244543
"male","45-49","sc_car_ylls_ap_COPD_lb",-0.43071,"bogota","Car",NA,NA,"L3: COPD","AP",215491
"male","50-54","sc_car_ylls_ap_COPD_lb",-0.49679,"bogota","Car",NA,NA,"L3: COPD","AP",209137
"male","55-59","sc_car_ylls_ap_COPD_lb",-0.55134,"bogota","Car",NA,NA,"L3: COPD","AP",187551
"male","60-64","sc_car_ylls_ap_COPD_lb",-1.19304,"bogota","Car",NA,NA,"L3: COPD","AP",146500
"male","65-69","sc_car_ylls_ap_COPD_lb",-1.58597,"bogota","Car",NA,NA,"L3: COPD","AP",105412
"female","15-19","sc_car_ylls_ap_COPD_lb",-0.01929,"bogota","Car",NA,NA,"L3: COPD","AP",279280
"female","20-24","sc_car_ylls_ap_COPD_lb",-0.08974,"bogota","Car",NA,NA,"L3: COPD","AP",360197
"female","25-29","sc_car_ylls_ap_COPD_lb",-0.10576,"bogota","Car",NA,NA,"L3: COPD","AP",364423
"female","30-34","sc_car_ylls_ap_COPD_lb",-0.13259,"bogota","Car",NA,NA,"L3: COPD","AP",330341
"female","35-39","sc_car_ylls_ap_COPD_lb",-0.17247,"bogota","Car",NA,NA,"L3: COPD","AP",309304
"female","40-44","sc_car_ylls_ap_COPD_lb",-0.28776,"bogota","Car",NA,NA,"L3: COPD","AP",275440
"female","45-49","sc_car_ylls_ap_COPD_lb",-0.4799,"bogota","Car",NA,NA,"L3: COPD","AP",254843
"female","50-54","sc_car_ylls_ap_COPD_lb",-0.57206,"bogota","Car",NA,NA,"L3: COPD","AP",256059
"female","55-59","sc_car_ylls_ap_COPD_lb",-0.91174,"bogota","Car",NA,NA,"L3: COPD","AP",235548
"female","60-64","sc_car_ylls_ap_COPD_lb",-1.45933,"bogota","Car",NA,NA,"L3: COPD","AP",189600
"female","65-69","sc_car_ylls_ap_COPD_lb",-1.57383,"bogota","Car",NA,NA,"L3: COPD","AP",141409
"male","15-19","sc_bus_ylls_ap_COPD_lb",0.04161,"bogota","Bus",NA,NA,"L3: COPD","AP",282736
"male","20-24","sc_bus_ylls_ap_COPD_lb",0.05969,"bogota","Bus",NA,NA,"L3: COPD","AP",357934
"male","25-29","sc_bus_ylls_ap_COPD_lb",0.08218,"bogota","Bus",NA,NA,"L3: COPD","AP",360031
"male","30-34","sc_bus_ylls_ap_COPD_lb",0.14579,"bogota","Bus",NA,NA,"L3: COPD","AP",321492
"male","35-39","sc_bus_ylls_ap_COPD_lb",0.17849,"bogota","Bus",NA,NA,"L3: COPD","AP",289808
"male","40-44","sc_bus_ylls_ap_COPD_lb",0.22938,"bogota","Bus",NA,NA,"L3: COPD","AP",244543
"male","45-49","sc_bus_ylls_ap_COPD_lb",0.38605,"bogota","Bus",NA,NA,"L3: COPD","AP",215491
"male","50-54","sc_bus_ylls_ap_COPD_lb",0.85273,"bogota","Bus",NA,NA,"L3: COPD","AP",209137
"male","55-59","sc_bus_ylls_ap_COPD_lb",1.51096,"bogota","Bus",NA,NA,"L3: COPD","AP",187551
"male","60-64","sc_bus_ylls_ap_COPD_lb",2.65118,"bogota","Bus",NA,NA,"L3: COPD","AP",146500
"male","65-69","sc_bus_ylls_ap_COPD_lb",3.44986,"bogota","Bus",NA,NA,"L3: COPD","AP",105412
"female","15-19","sc_bus_ylls_ap_COPD_lb",0.01301,"bogota","Bus",NA,NA,"L3: COPD","AP",279280
"female","20-24","sc_bus_ylls_ap_COPD_lb",0.04177,"bogota","Bus",NA,NA,"L3: COPD","AP",360197
"female","25-29","sc_bus_ylls_ap_COPD_lb",0.04191,"bogota","Bus",NA,NA,"L3: COPD","AP",364423
"female","30-34","sc_bus_ylls_ap_COPD_lb",0.06924,"bogota","Bus",NA,NA,"L3: COPD","AP",330341
"female","35-39","sc_bus_ylls_ap_COPD_lb",0.10663,"bogota","Bus",NA,NA,"L3: COPD","AP",309304
"female","40-44","sc_bus_ylls_ap_COPD_lb",0.13118,"bogota","Bus",NA,NA,"L3: COPD","AP",275440
"female","45-49","sc_bus_ylls_ap_COPD_lb",0.19045,"bogota","Bus",NA,NA,"L3: COPD","AP",254843
"female","50-54","sc_bus_ylls_ap_COPD_lb",0.31871,"bogota","Bus",NA,NA,"L3: COPD","AP",256059
"female","55-59","sc_bus_ylls_ap_COPD_lb",0.61556,"bogota","Bus",NA,NA,"L3: COPD","AP",235548
"female","60-64","sc_bus_ylls_ap_COPD_lb",1.10732,"bogota","Bus",NA,NA,"L3: COPD","AP",189600
"female","65-69","sc_bus_ylls_ap_COPD_lb",1.27376,"bogota","Bus",NA,NA,"L3: COPD","AP",141409
"male","15-19","sc_cycle_ylls_ap_COPD_ub",-0.05682,"bogota","Cycling",NA,NA,"L3: COPD","AP",282736
"male","20-24","sc_cycle_ylls_ap_COPD_ub",-0.14902,"bogota","Cycling",NA,NA,"L3: COPD","AP",357934
"male","25-29","sc_cycle_ylls_ap_COPD_ub",-0.16602,"bogota","Cycling",NA,NA,"L3: COPD","AP",360031
"male","30-34","sc_cycle_ylls_ap_COPD_ub",-0.20315,"bogota","Cycling",NA,NA,"L3: COPD","AP",321492
"male","35-39","sc_cycle_ylls_ap_COPD_ub",-0.19373,"bogota","Cycling",NA,NA,"L3: COPD","AP",289808
"male","40-44","sc_cycle_ylls_ap_COPD_ub",-0.28731,"bogota","Cycling",NA,NA,"L3: COPD","AP",244543
"male","45-49","sc_cycle_ylls_ap_COPD_ub",-0.4094,"bogota","Cycling",NA,NA,"L3: COPD","AP",215491
"male","50-54","sc_cycle_ylls_ap_COPD_ub",-1.12533,"bogota","Cycling",NA,NA,"L3: COPD","AP",209137
"male","55-59","sc_cycle_ylls_ap_COPD_ub",-1.92551,"bogota","Cycling",NA,NA,"L3: COPD","AP",187551
"male","60-64","sc_cycle_ylls_ap_COPD_ub",-3.27372,"bogota","Cycling",NA,NA,"L3: COPD","AP",146500
"male","65-69","sc_cycle_ylls_ap_COPD_ub",-3.50822,"bogota","Cycling",NA,NA,"L3: COPD","AP",105412
"female","15-19","sc_cycle_ylls_ap_COPD_ub",-0.06923,"bogota","Cycling",NA,NA,"L3: COPD","AP",279280
"female","20-24","sc_cycle_ylls_ap_COPD_ub",-0.14523,"bogota","Cycling",NA,NA,"L3: COPD","AP",360197
"female","25-29","sc_cycle_ylls_ap_COPD_ub",-0.15718,"bogota","Cycling",NA,NA,"L3: COPD","AP",364423
"female","30-34","sc_cycle_ylls_ap_COPD_ub",-0.19226,"bogota","Cycling",NA,NA,"L3: COPD","AP",330341
"female","35-39","sc_cycle_ylls_ap_COPD_ub",-0.24316,"bogota","Cycling",NA,NA,"L3: COPD","AP",309304
"female","40-44","sc_cycle_ylls_ap_COPD_ub",-0.3554,"bogota","Cycling",NA,NA,"L3: COPD","AP",275440
"female","45-49","sc_cycle_ylls_ap_COPD_ub",-0.5209,"bogota","Cycling",NA,NA,"L3: COPD","AP",254843
"female","50-54","sc_cycle_ylls_ap_COPD_ub",-1.35172,"bogota","Cycling",NA,NA,"L3: COPD","AP",256059
"female","55-59","sc_cycle_ylls_ap_COPD_ub",-2.30677,"bogota","Cycling",NA,NA,"L3: COPD","AP",235548
"female","60-64","sc_cycle_ylls_ap_COPD_ub",-3.65456,"bogota","Cycling",NA,NA,"L3: COPD","AP",189600
"female","65-69","sc_cycle_ylls_ap_COPD_ub",-3.86952,"bogota","Cycling",NA,NA,"L3: COPD","AP",141409
"male","15-19","sc_car_ylls_ap_COPD_ub",-0.00633,"bogota","Car",NA,NA,"L3: COPD","AP",282736
"male","20-24","sc_car_ylls_ap_COPD_ub",-0.08345,"bogota","Car",NA,NA,"L3: COPD","AP",357934
"male","25-29","sc_car_ylls_ap_COPD_ub",-0.09382,"bogota","Car",NA,NA,"L3: COPD","AP",360031
"male","30-34","sc_car_ylls_ap_COPD_ub",-0.19164,"bogota","Car",NA,NA,"L3: COPD","AP",321492
"male","35-39","sc_car_ylls_ap_COPD_ub",-0.19691,"bogota","Car",NA,NA,"L3: COPD","AP",289808
"male","40-44","sc_car_ylls_ap_COPD_ub",-0.25395,"bogota","Car",NA,NA,"L3: COPD","AP",244543
"male","45-49","sc_car_ylls_ap_COPD_ub",-0.43071,"bogota","Car",NA,NA,"L3: COPD","AP",215491
"male","50-54","sc_car_ylls_ap_COPD_ub",-0.49679,"bogota","Car",NA,NA,"L3: COPD","AP",209137
"male","55-59","sc_car_ylls_ap_COPD_ub",-0.55134,"bogota","Car",NA,NA,"L3: COPD","AP",187551
"male","60-64","sc_car_ylls_ap_COPD_ub",-1.19304,"bogota","Car",NA,NA,"L3: COPD","AP",146500
"male","65-69","sc_car_ylls_ap_COPD_ub",-1.58597,"bogota","Car",NA,NA,"L3: COPD","AP",105412
"female","15-19","sc_car_ylls_ap_COPD_ub",-0.01929,"bogota","Car",NA,NA,"L3: COPD","AP",279280
"female","20-24","sc_car_ylls_ap_COPD_ub",-0.08974,"bogota","Car",NA,NA,"L3: COPD","AP",360197
"female","25-29","sc_car_ylls_ap_COPD_ub",-0.10576,"bogota","Car",NA,NA,"L3: COPD","AP",364423
"female","30-34","sc_car_ylls_ap_COPD_ub",-0.13259,"bogota","Car",NA,NA,"L3: COPD","AP",330341
"female","35-39","sc_car_ylls_ap_COPD_ub",-0.17247,"bogota","Car",NA,NA,"L3: COPD","AP",309304
"female","40-44","sc_car_ylls_ap_COPD_ub",-0.28776,"bogota","Car",NA,NA,"L3: COPD","AP",275440
"female","45-49","sc_car_ylls_ap_COPD_ub",-0.4799,"bogota","Car",NA,NA,"L3: COPD","AP",254843
"female","50-54","sc_car_ylls_ap_COPD_ub",-0.57206,"bogota","Car",NA,NA,"L3: COPD","AP",256059
"female","55-59","sc_car_ylls_ap_COPD_ub",-0.91174,"bogota","Car",NA,NA,"L3: COPD","AP",235548
"female","60-64","sc_car_ylls_ap_COPD_ub",-1.45933,"bogota","Car",NA,NA,"L3: COPD","AP",189600
"female","65-69","sc_car_ylls_ap_COPD_ub",-1.57383,"bogota","Car",NA,NA,"L3: COPD","AP",141409
"male","15-19","sc_bus_ylls_ap_COPD_ub",0.04161,"bogota","Bus",NA,NA,"L3: COPD","AP",282736
"male","20-24","sc_bus_ylls_ap_COPD_ub",0.05969,"bogota","Bus",NA,NA,"L3: COPD","AP",357934
"male","25-29","sc_bus_ylls_ap_COPD_ub",0.08218,"bogota","Bus",NA,NA,"L3: COPD","AP",360031
"male","30-34","sc_bus_ylls_ap_COPD_ub",0.14579,"bogota","Bus",NA,NA,"L3: COPD","AP",321492
"male","35-39","sc_bus_ylls_ap_COPD_ub",0.17849,"bogota","Bus",NA,NA,"L3: COPD","AP",289808
"male","40-44","sc_bus_ylls_ap_COPD_ub",0.22938,"bogota","Bus",NA,NA,"L3: COPD","AP",244543
"male","45-49","sc_bus_ylls_ap_COPD_ub",0.38605,"bogota","Bus",NA,NA,"L3: COPD","AP",215491
"male","50-54","sc_bus_ylls_ap_COPD_ub",0.85273,"bogota","Bus",NA,NA,"L3: COPD","AP",209137
"male","55-59","sc_bus_ylls_ap_COPD_ub",1.51096,"bogota","Bus",NA,NA,"L3: COPD","AP",187551
"male","60-64","sc_bus_ylls_ap_COPD_ub",2.65118,"bogota","Bus",NA,NA,"L3: COPD","AP",146500
"male","65-69","sc_bus_ylls_ap_COPD_ub",3.44986,"bogota","Bus",NA,NA,"L3: COPD","AP",105412
"female","15-19","sc_bus_ylls_ap_COPD_ub",0.01301,"bogota","Bus",NA,NA,"L3: COPD","AP",279280
"female","20-24","sc_bus_ylls_ap_COPD_ub",0.04177,"bogota","Bus",NA,NA,"L3: COPD","AP",360197
"female","25-29","sc_bus_ylls_ap_COPD_ub",0.04191,"bogota","Bus",NA,NA,"L3: COPD","AP",364423
"female","30-34","sc_bus_ylls_ap_COPD_ub",0.06924,"bogota","Bus",NA,NA,"L3: COPD","AP",330341
"female","35-39","sc_bus_ylls_ap_COPD_ub",0.10663,"bogota","Bus",NA,NA,"L3: COPD","AP",309304
"female","40-44","sc_bus_ylls_ap_COPD_ub",0.13118,"bogota","Bus",NA,NA,"L3: COPD","AP",275440
"female","45-49","sc_bus_ylls_ap_COPD_ub",0.19045,"bogota","Bus",NA,NA,"L3: COPD","AP",254843
"female","50-54","sc_bus_ylls_ap_COPD_ub",0.31871,"bogota","Bus",NA,NA,"L3: COPD","AP",256059
"female","55-59","sc_bus_ylls_ap_COPD_ub",0.61556,"bogota","Bus",NA,NA,"L3: COPD","AP",235548
"female","60-64","sc_bus_ylls_ap_COPD_ub",1.10732,"bogota","Bus",NA,NA,"L3: COPD","AP",189600
"female","65-69","sc_bus_ylls_ap_COPD_ub",1.27376,"bogota","Bus",NA,NA,"L3: COPD","AP",141409
"male","15-19","sc_cycle_ylls_pa_ap_stroke",0.57436,"bogota","Cycling",NA,NA,"L3: stroke","PA and AP",282736
"male","20-24","sc_cycle_ylls_pa_ap_stroke",2.11683,"bogota","Cycling",NA,NA,"L3: stroke","PA and AP",357934
"male","25-29","sc_cycle_ylls_pa_ap_stroke",0.66734,"bogota","Cycling",NA,NA,"L3: stroke","PA and AP",360031
"male","30-34","sc_cycle_ylls_pa_ap_stroke",1.57996,"bogota","Cycling",NA,NA,"L3: stroke","PA and AP",321492
"male","35-39","sc_cycle_ylls_pa_ap_stroke",2.18127,"bogota","Cycling",NA,NA,"L3: stroke","PA and AP",289808
"male","40-44","sc_cycle_ylls_pa_ap_stroke",2.50906,"bogota","Cycling",NA,NA,"L3: stroke","PA and AP",244543
"male","45-49","sc_cycle_ylls_pa_ap_stroke",3.65905,"bogota","Cycling",NA,NA,"L3: stroke","PA and AP",215491
"male","50-54","sc_cycle_ylls_pa_ap_stroke",3.12835,"bogota","Cycling",NA,NA,"L3: stroke","PA and AP",209137
"male","55-59","sc_cycle_ylls_pa_ap_stroke",4.26154,"bogota","Cycling",NA,NA,"L3: stroke","PA and AP",187551
"male","60-64","sc_cycle_ylls_pa_ap_stroke",9.04606,"bogota","Cycling",NA,NA,"L3: stroke","PA and AP",146500
"male","65-69","sc_cycle_ylls_pa_ap_stroke",8.65943,"bogota","Cycling",NA,NA,"L3: stroke","PA and AP",105412
"female","15-19","sc_cycle_ylls_pa_ap_stroke",1.02034,"bogota","Cycling",NA,NA,"L3: stroke","PA and AP",279280
"female","20-24","sc_cycle_ylls_pa_ap_stroke",2.82105,"bogota","Cycling",NA,NA,"L3: stroke","PA and AP",360197
"female","25-29","sc_cycle_ylls_pa_ap_stroke",1.26522,"bogota","Cycling",NA,NA,"L3: stroke","PA and AP",364423
"female","30-34","sc_cycle_ylls_pa_ap_stroke",2.07721,"bogota","Cycling",NA,NA,"L3: stroke","PA and AP",330341
"female","35-39","sc_cycle_ylls_pa_ap_stroke",3.15325,"bogota","Cycling",NA,NA,"L3: stroke","PA and AP",309304
"female","40-44","sc_cycle_ylls_pa_ap_stroke",5.32429,"bogota","Cycling",NA,NA,"L3: stroke","PA and AP",275440
"female","45-49","sc_cycle_ylls_pa_ap_stroke",9.58963,"bogota","Cycling",NA,NA,"L3: stroke","PA and AP",254843
"female","50-54","sc_cycle_ylls_pa_ap_stroke",14.64472,"bogota","Cycling",NA,NA,"L3: stroke","PA and AP",256059
"female","55-59","sc_cycle_ylls_pa_ap_stroke",19.5924,"bogota","Cycling",NA,NA,"L3: stroke","PA and AP",235548
"female","60-64","sc_cycle_ylls_pa_ap_stroke",19.80223,"bogota","Cycling",NA,NA,"L3: stroke","PA and AP",189600
"female","65-69","sc_cycle_ylls_pa_ap_stroke",19.62262,"bogota","Cycling",NA,NA,"L3: stroke","PA and AP",141409
"male","15-19","sc_car_ylls_pa_ap_stroke",-0.35901,"bogota","Car",NA,NA,"L3: stroke","PA and AP",282736
"male","20-24","sc_car_ylls_pa_ap_stroke",-0.68107,"bogota","Car",NA,NA,"L3: stroke","PA and AP",357934
"male","25-29","sc_car_ylls_pa_ap_stroke",-2.58045,"bogota","Car",NA,NA,"L3: stroke","PA and AP",360031
"male","30-34","sc_car_ylls_pa_ap_stroke",-2.72284,"bogota","Car",NA,NA,"L3: stroke","PA and AP",321492
"male","35-39","sc_car_ylls_pa_ap_stroke",-3.18133,"bogota","Car",NA,NA,"L3: stroke","PA and AP",289808
"male","40-44","sc_car_ylls_pa_ap_stroke",-4.14644,"bogota","Car",NA,NA,"L3: stroke","PA and AP",244543
"male","45-49","sc_car_ylls_pa_ap_stroke",-4.85384,"bogota","Car",NA,NA,"L3: stroke","PA and AP",215491
"male","50-54","sc_car_ylls_pa_ap_stroke",-4.39447,"bogota","Car",NA,NA,"L3: stroke","PA and AP",209137
"male","55-59","sc_car_ylls_pa_ap_stroke",-5.83849,"bogota","Car",NA,NA,"L3: stroke","PA and AP",187551
"male","60-64","sc_car_ylls_pa_ap_stroke",-6.44005,"bogota","Car",NA,NA,"L3: stroke","PA and AP",146500
"male","65-69","sc_car_ylls_pa_ap_stroke",-7.26288,"bogota","Car",NA,NA,"L3: stroke","PA and AP",105412
"female","15-19","sc_car_ylls_pa_ap_stroke",-0.17886,"bogota","Car",NA,NA,"L3: stroke","PA and AP",279280
"female","20-24","sc_car_ylls_pa_ap_stroke",-0.51512,"bogota","Car",NA,NA,"L3: stroke","PA and AP",360197
"female","25-29","sc_car_ylls_pa_ap_stroke",-2.11826,"bogota","Car",NA,NA,"L3: stroke","PA and AP",364423
"female","30-34","sc_car_ylls_pa_ap_stroke",-2.59215,"bogota","Car",NA,NA,"L3: stroke","PA and AP",330341
"female","35-39","sc_car_ylls_pa_ap_stroke",-3.67019,"bogota","Car",NA,NA,"L3: stroke","PA and AP",309304
"female","40-44","sc_car_ylls_pa_ap_stroke",-5.63837,"bogota","Car",NA,NA,"L3: stroke","PA and AP",275440
"female","45-49","sc_car_ylls_pa_ap_stroke",-7.09757,"bogota","Car",NA,NA,"L3: stroke","PA and AP",254843
"female","50-54","sc_car_ylls_pa_ap_stroke",-5.20609,"bogota","Car",NA,NA,"L3: stroke","PA and AP",256059
"female","55-59","sc_car_ylls_pa_ap_stroke",-6.30095,"bogota","Car",NA,NA,"L3: stroke","PA and AP",235548
"female","60-64","sc_car_ylls_pa_ap_stroke",-6.29594,"bogota","Car",NA,NA,"L3: stroke","PA and AP",189600
"female","65-69","sc_car_ylls_pa_ap_stroke",-5.74425,"bogota","Car",NA,NA,"L3: stroke","PA and AP",141409
"male","15-19","sc_bus_ylls_pa_ap_stroke",-0.46619,"bogota","Bus",NA,NA,"L3: stroke","PA and AP",282736
"male","20-24","sc_bus_ylls_pa_ap_stroke",-1.0423,"bogota","Bus",NA,NA,"L3: stroke","PA and AP",357934
"male","25-29","sc_bus_ylls_pa_ap_stroke",-0.71193,"bogota","Bus",NA,NA,"L3: stroke","PA and AP",360031
"male","30-34","sc_bus_ylls_pa_ap_stroke",-0.94076,"bogota","Bus",NA,NA,"L3: stroke","PA and AP",321492
"male","35-39","sc_bus_ylls_pa_ap_stroke",-0.71534,"bogota","Bus",NA,NA,"L3: stroke","PA and AP",289808
"male","40-44","sc_bus_ylls_pa_ap_stroke",-0.8403,"bogota","Bus",NA,NA,"L3: stroke","PA and AP",244543
"male","45-49","sc_bus_ylls_pa_ap_stroke",-1.3625,"bogota","Bus",NA,NA,"L3: stroke","PA and AP",215491
"male","50-54","sc_bus_ylls_pa_ap_stroke",-1.16485,"bogota","Bus",NA,NA,"L3: stroke","PA and AP",209137
"male","55-59","sc_bus_ylls_pa_ap_stroke",-2.45827,"bogota","Bus",NA,NA,"L3: stroke","PA and AP",187551
"male","60-64","sc_bus_ylls_pa_ap_stroke",-4.06722,"bogota","Bus",NA,NA,"L3: stroke","PA and AP",146500
"male","65-69","sc_bus_ylls_pa_ap_stroke",-1.81145,"bogota","Bus",NA,NA,"L3: stroke","PA and AP",105412
"female","15-19","sc_bus_ylls_pa_ap_stroke",-0.16271,"bogota","Bus",NA,NA,"L3: stroke","PA and AP",279280
"female","20-24","sc_bus_ylls_pa_ap_stroke",-0.68539,"bogota","Bus",NA,NA,"L3: stroke","PA and AP",360197
"female","25-29","sc_bus_ylls_pa_ap_stroke",-0.27078,"bogota","Bus",NA,NA,"L3: stroke","PA and AP",364423
"female","30-34","sc_bus_ylls_pa_ap_stroke",-0.07359,"bogota","Bus",NA,NA,"L3: stroke","PA and AP",330341
"female","35-39","sc_bus_ylls_pa_ap_stroke",0.03339,"bogota","Bus",NA,NA,"L3: stroke","PA and AP",309304
"female","40-44","sc_bus_ylls_pa_ap_stroke",-0.56735,"bogota","Bus",NA,NA,"L3: stroke","PA and AP",275440
"female","45-49","sc_bus_ylls_pa_ap_stroke",-1.16877,"bogota","Bus",NA,NA,"L3: stroke","PA and AP",254843
"female","50-54","sc_bus_ylls_pa_ap_stroke",-0.31178,"bogota","Bus",NA,NA,"L3: stroke","PA and AP",256059
"female","55-59","sc_bus_ylls_pa_ap_stroke",-0.33149,"bogota","Bus",NA,NA,"L3: stroke","PA and AP",235548
"female","60-64","sc_bus_ylls_pa_ap_stroke",-0.52259,"bogota","Bus",NA,NA,"L3: stroke","PA and AP",189600
"female","65-69","sc_bus_ylls_pa_ap_stroke",-0.92417,"bogota","Bus",NA,NA,"L3: stroke","PA and AP",141409
"male","15-19","sc_cycle_ylls_pa_ap_stroke_lb",0.8628,"bogota","Cycling",NA,NA,"L3: stroke","PA and AP",282736
"male","20-24","sc_cycle_ylls_pa_ap_stroke_lb",3.20472,"bogota","Cycling",NA,NA,"L3: stroke","PA and AP",357934
"male","25-29","sc_cycle_ylls_pa_ap_stroke_lb",2.08355,"bogota","Cycling",NA,NA,"L3: stroke","PA and AP",360031
"male","30-34","sc_cycle_ylls_pa_ap_stroke_lb",3.28496,"bogota","Cycling",NA,NA,"L3: stroke","PA and AP",321492
"male","35-39","sc_cycle_ylls_pa_ap_stroke_lb",4.21374,"bogota","Cycling",NA,NA,"L3: stroke","PA and AP",289808
"male","40-44","sc_cycle_ylls_pa_ap_stroke_lb",4.9335,"bogota","Cycling",NA,NA,"L3: stroke","PA and AP",244543
"male","45-49","sc_cycle_ylls_pa_ap_stroke_lb",6.59348,"bogota","Cycling",NA,NA,"L3: stroke","PA and AP",215491
"male","50-54","sc_cycle_ylls_pa_ap_stroke_lb",6.64147,"bogota","Cycling",NA,NA,"L3: stroke","PA and AP",209137
"male","55-59","sc_cycle_ylls_pa_ap_stroke_lb",8.59683,"bogota","Cycling",NA,NA,"L3: stroke","PA and AP",187551
"male","60-64","sc_cycle_ylls_pa_ap_stroke_lb",16.56272,"bogota","Cycling",NA,NA,"L3: stroke","PA and AP",146500
"male","65-69","sc_cycle_ylls_pa_ap_stroke_lb",14.94358,"bogota","Cycling",NA,NA,"L3: stroke","PA and AP",105412
"female","15-19","sc_cycle_ylls_pa_ap_stroke_lb",1.51247,"bogota","Cycling",NA,NA,"L3: stroke","PA and AP",279280
"female","20-24","sc_cycle_ylls_pa_ap_stroke_lb",4.15405,"bogota","Cycling",NA,NA,"L3: stroke","PA and AP",360197
"female","25-29","sc_cycle_ylls_pa_ap_stroke_lb",2.92821,"bogota","Cycling",NA,NA,"L3: stroke","PA and AP",364423
"female","30-34","sc_cycle_ylls_pa_ap_stroke_lb",4.3195,"bogota","Cycling",NA,NA,"L3: stroke","PA and AP",330341
"female","35-39","sc_cycle_ylls_pa_ap_stroke_lb",6.23965,"bogota","Cycling",NA,NA,"L3: stroke","PA and AP",309304
"female","40-44","sc_cycle_ylls_pa_ap_stroke_lb",10.09538,"bogota","Cycling",NA,NA,"L3: stroke","PA and AP",275440
"female","45-49","sc_cycle_ylls_pa_ap_stroke_lb",16.45714,"bogota","Cycling",NA,NA,"L3: stroke","PA and AP",254843
"female","50-54","sc_cycle_ylls_pa_ap_stroke_lb",24.93674,"bogota","Cycling",NA,NA,"L3: stroke","PA and AP",256059
"female","55-59","sc_cycle_ylls_pa_ap_stroke_lb",33.00182,"bogota","Cycling",NA,NA,"L3: stroke","PA and AP",235548
"female","60-64","sc_cycle_ylls_pa_ap_stroke_lb",33.39833,"bogota","Cycling",NA,NA,"L3: stroke","PA and AP",189600
"female","65-69","sc_cycle_ylls_pa_ap_stroke_lb",32.01253,"bogota","Cycling",NA,NA,"L3: stroke","PA and AP",141409
"male","15-19","sc_car_ylls_pa_ap_stroke_lb",-0.54541,"bogota","Car",NA,NA,"L3: stroke","PA and AP",282736
"male","20-24","sc_car_ylls_pa_ap_stroke_lb",-1.01758,"bogota","Car",NA,NA,"L3: stroke","PA and AP",357934
"male","25-29","sc_car_ylls_pa_ap_stroke_lb",-3.20066,"bogota","Car",NA,NA,"L3: stroke","PA and AP",360031
"male","30-34","sc_car_ylls_pa_ap_stroke_lb",-3.26909,"bogota","Car",NA,NA,"L3: stroke","PA and AP",321492
"male","35-39","sc_car_ylls_pa_ap_stroke_lb",-3.72485,"bogota","Car",NA,NA,"L3: stroke","PA and AP",289808
"male","40-44","sc_car_ylls_pa_ap_stroke_lb",-5.2031,"bogota","Car",NA,NA,"L3: stroke","PA and AP",244543
"male","45-49","sc_car_ylls_pa_ap_stroke_lb",-6.13677,"bogota","Car",NA,NA,"L3: stroke","PA and AP",215491
"male","50-54","sc_car_ylls_pa_ap_stroke_lb",-5.60754,"bogota","Car",NA,NA,"L3: stroke","PA and AP",209137
"male","55-59","sc_car_ylls_pa_ap_stroke_lb",-8.04604,"bogota","Car",NA,NA,"L3: stroke","PA and AP",187551
"male","60-64","sc_car_ylls_pa_ap_stroke_lb",-8.4199,"bogota","Car",NA,NA,"L3: stroke","PA and AP",146500
"male","65-69","sc_car_ylls_pa_ap_stroke_lb",-9.7521,"bogota","Car",NA,NA,"L3: stroke","PA and AP",105412
"female","15-19","sc_car_ylls_pa_ap_stroke_lb",-0.26969,"bogota","Car",NA,NA,"L3: stroke","PA and AP",279280
"female","20-24","sc_car_ylls_pa_ap_stroke_lb",-0.77636,"bogota","Car",NA,NA,"L3: stroke","PA and AP",360197
"female","25-29","sc_car_ylls_pa_ap_stroke_lb",-2.40395,"bogota","Car",NA,NA,"L3: stroke","PA and AP",364423
"female","30-34","sc_car_ylls_pa_ap_stroke_lb",-2.97767,"bogota","Car",NA,NA,"L3: stroke","PA and AP",330341
"female","35-39","sc_car_ylls_pa_ap_stroke_lb",-4.14682,"bogota","Car",NA,NA,"L3: stroke","PA and AP",309304
"female","40-44","sc_car_ylls_pa_ap_stroke_lb",-6.49391,"bogota","Car",NA,NA,"L3: stroke","PA and AP",275440
"female","45-49","sc_car_ylls_pa_ap_stroke_lb",-8.28682,"bogota","Car",NA,NA,"L3: stroke","PA and AP",254843
"female","50-54","sc_car_ylls_pa_ap_stroke_lb",-6.10646,"bogota","Car",NA,NA,"L3: stroke","PA and AP",256059
"female","55-59","sc_car_ylls_pa_ap_stroke_lb",-7.51749,"bogota","Car",NA,NA,"L3: stroke","PA and AP",235548
"female","60-64","sc_car_ylls_pa_ap_stroke_lb",-7.6495,"bogota","Car",NA,NA,"L3: stroke","PA and AP",189600
"female","65-69","sc_car_ylls_pa_ap_stroke_lb",-7.29077,"bogota","Car",NA,NA,"L3: stroke","PA and AP",141409
"male","15-19","sc_bus_ylls_pa_ap_stroke_lb",-0.68973,"bogota","Bus",NA,NA,"L3: stroke","PA and AP",282736
"male","20-24","sc_bus_ylls_pa_ap_stroke_lb",-1.5684,"bogota","Bus",NA,NA,"L3: stroke","PA and AP",357934
"male","25-29","sc_bus_ylls_pa_ap_stroke_lb",-1.62515,"bogota","Bus",NA,NA,"L3: stroke","PA and AP",360031
"male","30-34","sc_bus_ylls_pa_ap_stroke_lb",-2.11554,"bogota","Bus",NA,NA,"L3: stroke","PA and AP",321492
"male","35-39","sc_bus_ylls_pa_ap_stroke_lb",-1.89159,"bogota","Bus",NA,NA,"L3: stroke","PA and AP",289808
"male","40-44","sc_bus_ylls_pa_ap_stroke_lb",-2.14945,"bogota","Bus",NA,NA,"L3: stroke","PA and AP",244543
"male","45-49","sc_bus_ylls_pa_ap_stroke_lb",-2.98399,"bogota","Bus",NA,NA,"L3: stroke","PA and AP",215491
"male","50-54","sc_bus_ylls_pa_ap_stroke_lb",-3.16672,"bogota","Bus",NA,NA,"L3: stroke","PA and AP",209137
"male","55-59","sc_bus_ylls_pa_ap_stroke_lb",-5.84006,"bogota","Bus",NA,NA,"L3: stroke","PA and AP",187551
"male","60-64","sc_bus_ylls_pa_ap_stroke_lb",-8.67605,"bogota","Bus",NA,NA,"L3: stroke","PA and AP",146500
"male","65-69","sc_bus_ylls_pa_ap_stroke_lb",-4.71459,"bogota","Bus",NA,NA,"L3: stroke","PA and AP",105412
"female","15-19","sc_bus_ylls_pa_ap_stroke_lb",-0.22998,"bogota","Bus",NA,NA,"L3: stroke","PA and AP",279280
"female","20-24","sc_bus_ylls_pa_ap_stroke_lb",-1.00241,"bogota","Bus",NA,NA,"L3: stroke","PA and AP",360197
"female","25-29","sc_bus_ylls_pa_ap_stroke_lb",-0.67132,"bogota","Bus",NA,NA,"L3: stroke","PA and AP",364423
"female","30-34","sc_bus_ylls_pa_ap_stroke_lb",-0.52643,"bogota","Bus",NA,NA,"L3: stroke","PA and AP",330341
"female","35-39","sc_bus_ylls_pa_ap_stroke_lb",-0.64891,"bogota","Bus",NA,NA,"L3: stroke","PA and AP",309304
"female","40-44","sc_bus_ylls_pa_ap_stroke_lb",-1.69008,"bogota","Bus",NA,NA,"L3: stroke","PA and AP",275440
"female","45-49","sc_bus_ylls_pa_ap_stroke_lb",-2.561,"bogota","Bus",NA,NA,"L3: stroke","PA and AP",254843
"female","50-54","sc_bus_ylls_pa_ap_stroke_lb",-1.35406,"bogota","Bus",NA,NA,"L3: stroke","PA and AP",256059
"female","55-59","sc_bus_ylls_pa_ap_stroke_lb",-1.89121,"bogota","Bus",NA,NA,"L3: stroke","PA and AP",235548
"female","60-64","sc_bus_ylls_pa_ap_stroke_lb",-1.99329,"bogota","Bus",NA,NA,"L3: stroke","PA and AP",189600
"female","65-69","sc_bus_ylls_pa_ap_stroke_lb",-2.4615,"bogota","Bus",NA,NA,"L3: stroke","PA and AP",141409
"male","15-19","sc_cycle_ylls_pa_ap_stroke_ub",0.29658,"bogota","Cycling",NA,NA,"L3: stroke","PA and AP",282736
"male","20-24","sc_cycle_ylls_pa_ap_stroke_ub",1.0805,"bogota","Cycling",NA,NA,"L3: stroke","PA and AP",357934
"male","25-29","sc_cycle_ylls_pa_ap_stroke_ub",-0.70529,"bogota","Cycling",NA,NA,"L3: stroke","PA and AP",360031
"male","30-34","sc_cycle_ylls_pa_ap_stroke_ub",-0.03776,"bogota","Cycling",NA,NA,"L3: stroke","PA and AP",321492
"male","35-39","sc_cycle_ylls_pa_ap_stroke_ub",0.24941,"bogota","Cycling",NA,NA,"L3: stroke","PA and AP",289808
"male","40-44","sc_cycle_ylls_pa_ap_stroke_ub",0.19016,"bogota","Cycling",NA,NA,"L3: stroke","PA and AP",244543
"male","45-49","sc_cycle_ylls_pa_ap_stroke_ub",0.86407,"bogota","Cycling",NA,NA,"L3: stroke","PA and AP",215491
"male","50-54","sc_cycle_ylls_pa_ap_stroke_ub",-0.22751,"bogota","Cycling",NA,NA,"L3: stroke","PA and AP",209137
"male","55-59","sc_cycle_ylls_pa_ap_stroke_ub",0.09999,"bogota","Cycling",NA,NA,"L3: stroke","PA and AP",187551
"male","60-64","sc_cycle_ylls_pa_ap_stroke_ub",1.92141,"bogota","Cycling",NA,NA,"L3: stroke","PA and AP",146500
"male","65-69","sc_cycle_ylls_pa_ap_stroke_ub",2.58884,"bogota","Cycling",NA,NA,"L3: stroke","PA and AP",105412
"female","15-19","sc_cycle_ylls_pa_ap_stroke_ub",0.53531,"bogota","Cycling",NA,NA,"L3: stroke","PA and AP",279280
"female","20-24","sc_cycle_ylls_pa_ap_stroke_ub",1.51414,"bogota","Cycling",NA,NA,"L3: stroke","PA and AP",360197
"female","25-29","sc_cycle_ylls_pa_ap_stroke_ub",-0.36296,"bogota","Cycling",NA,NA,"L3: stroke","PA and AP",364423
"female","30-34","sc_cycle_ylls_pa_ap_stroke_ub",-0.08983,"bogota","Cycling",NA,NA,"L3: stroke","PA and AP",330341
"female","35-39","sc_cycle_ylls_pa_ap_stroke_ub",0.12901,"bogota","Cycling",NA,NA,"L3: stroke","PA and AP",309304
"female","40-44","sc_cycle_ylls_pa_ap_stroke_ub",0.693,"bogota","Cycling",NA,NA,"L3: stroke","PA and AP",275440
"female","45-49","sc_cycle_ylls_pa_ap_stroke_ub",2.91239,"bogota","Cycling",NA,NA,"L3: stroke","PA and AP",254843
"female","50-54","sc_cycle_ylls_pa_ap_stroke_ub",4.51073,"bogota","Cycling",NA,NA,"L3: stroke","PA and AP",256059
"female","55-59","sc_cycle_ylls_pa_ap_stroke_ub",6.42628,"bogota","Cycling",NA,NA,"L3: stroke","PA and AP",235548
"female","60-64","sc_cycle_ylls_pa_ap_stroke_ub",6.56323,"bogota","Cycling",NA,NA,"L3: stroke","PA and AP",189600
"female","65-69","sc_cycle_ylls_pa_ap_stroke_ub",7.5078,"bogota","Cycling",NA,NA,"L3: stroke","PA and AP",141409
"male","15-19","sc_car_ylls_pa_ap_stroke_ub",-0.18011,"bogota","Car",NA,NA,"L3: stroke","PA and AP",282736
"male","20-24","sc_car_ylls_pa_ap_stroke_ub",-0.35603,"bogota","Car",NA,NA,"L3: stroke","PA and AP",357934
"male","25-29","sc_car_ylls_pa_ap_stroke_ub",-1.98119,"bogota","Car",NA,NA,"L3: stroke","PA and AP",360031
"male","30-34","sc_car_ylls_pa_ap_stroke_ub",-2.21217,"bogota","Car",NA,NA,"L3: stroke","PA and AP",321492
"male","35-39","sc_car_ylls_pa_ap_stroke_ub",-2.642,"bogota","Car",NA,NA,"L3: stroke","PA and AP",289808
"male","40-44","sc_car_ylls_pa_ap_stroke_ub",-3.14591,"bogota","Car",NA,NA,"L3: stroke","PA and AP",244543
"male","45-49","sc_car_ylls_pa_ap_stroke_ub",-3.64086,"bogota","Car",NA,NA,"L3: stroke","PA and AP",215491
"male","50-54","sc_car_ylls_pa_ap_stroke_ub",-3.2343,"bogota","Car",NA,NA,"L3: stroke","PA and AP",209137
"male","55-59","sc_car_ylls_pa_ap_stroke_ub",-3.74258,"bogota","Car",NA,NA,"L3: stroke","PA and AP",187551
"male","60-64","sc_car_ylls_pa_ap_stroke_ub",-4.51291,"bogota","Car",NA,NA,"L3: stroke","PA and AP",146500
"male","65-69","sc_car_ylls_pa_ap_stroke_ub",-4.90247,"bogota","Car",NA,NA,"L3: stroke","PA and AP",105412
"female","15-19","sc_car_ylls_pa_ap_stroke_ub",-0.09181,"bogota","Car",NA,NA,"L3: stroke","PA and AP",279280
"female","20-24","sc_car_ylls_pa_ap_stroke_ub",-0.26138,"bogota","Car",NA,NA,"L3: stroke","PA and AP",360197
"female","25-29","sc_car_ylls_pa_ap_stroke_ub",-1.83632,"bogota","Car",NA,NA,"L3: stroke","PA and AP",364423
"female","30-34","sc_car_ylls_pa_ap_stroke_ub",-2.22009,"bogota","Car",NA,NA,"L3: stroke","PA and AP",330341
"female","35-39","sc_car_ylls_pa_ap_stroke_ub",-3.19539,"bogota","Car",NA,NA,"L3: stroke","PA and AP",309304
"female","40-44","sc_car_ylls_pa_ap_stroke_ub",-4.81248,"bogota","Car",NA,NA,"L3: stroke","PA and AP",275440
"female","45-49","sc_car_ylls_pa_ap_stroke_ub",-5.9599,"bogota","Car",NA,NA,"L3: stroke","PA and AP",254843
"female","50-54","sc_car_ylls_pa_ap_stroke_ub",-4.3292,"bogota","Car",NA,NA,"L3: stroke","PA and AP",256059
"female","55-59","sc_car_ylls_pa_ap_stroke_ub",-5.13463,"bogota","Car",NA,NA,"L3: stroke","PA and AP",235548
"female","60-64","sc_car_ylls_pa_ap_stroke_ub",-4.98135,"bogota","Car",NA,NA,"L3: stroke","PA and AP",189600
"female","65-69","sc_car_ylls_pa_ap_stroke_ub",-4.28178,"bogota","Car",NA,NA,"L3: stroke","PA and AP",141409
"male","15-19","sc_bus_ylls_pa_ap_stroke_ub",-0.24863,"bogota","Bus",NA,NA,"L3: stroke","PA and AP",282736
"male","20-24","sc_bus_ylls_pa_ap_stroke_ub",-0.53736,"bogota","Bus",NA,NA,"L3: stroke","PA and AP",357934
"male","25-29","sc_bus_ylls_pa_ap_stroke_ub",0.16729,"bogota","Bus",NA,NA,"L3: stroke","PA and AP",360031
"male","30-34","sc_bus_ylls_pa_ap_stroke_ub",0.16199,"bogota","Bus",NA,NA,"L3: stroke","PA and AP",321492
"male","35-39","sc_bus_ylls_pa_ap_stroke_ub",0.4113,"bogota","Bus",NA,NA,"L3: stroke","PA and AP",289808
"male","40-44","sc_bus_ylls_pa_ap_stroke_ub",0.42764,"bogota","Bus",NA,NA,"L3: stroke","PA and AP",244543
"male","45-49","sc_bus_ylls_pa_ap_stroke_ub",0.22498,"bogota","Bus",NA,NA,"L3: stroke","PA and AP",215491
"male","50-54","sc_bus_ylls_pa_ap_stroke_ub",0.78348,"bogota","Bus",NA,NA,"L3: stroke","PA and AP",209137
"male","55-59","sc_bus_ylls_pa_ap_stroke_ub",0.69725,"bogota","Bus",NA,NA,"L3: stroke","PA and AP",187551
"male","60-64","sc_bus_ylls_pa_ap_stroke_ub",0.29592,"bogota","Bus",NA,NA,"L3: stroke","PA and AP",146500
"male","65-69","sc_bus_ylls_pa_ap_stroke_ub",1.00424,"bogota","Bus",NA,NA,"L3: stroke","PA and AP",105412
"female","15-19","sc_bus_ylls_pa_ap_stroke_ub",-0.09453,"bogota","Bus",NA,NA,"L3: stroke","PA and AP",279280
"female","20-24","sc_bus_ylls_pa_ap_stroke_ub",-0.3709,"bogota","Bus",NA,NA,"L3: stroke","PA and AP",360197
"female","25-29","sc_bus_ylls_pa_ap_stroke_ub",0.12391,"bogota","Bus",NA,NA,"L3: stroke","PA and AP",364423
"female","30-34","sc_bus_ylls_pa_ap_stroke_ub",0.37178,"bogota","Bus",NA,NA,"L3: stroke","PA and AP",330341
"female","35-39","sc_bus_ylls_pa_ap_stroke_ub",0.71194,"bogota","Bus",NA,NA,"L3: stroke","PA and AP",309304
"female","40-44","sc_bus_ylls_pa_ap_stroke_ub",0.51904,"bogota","Bus",NA,NA,"L3: stroke","PA and AP",275440
"female","45-49","sc_bus_ylls_pa_ap_stroke_ub",0.18604,"bogota","Bus",NA,NA,"L3: stroke","PA and AP",254843
"female","50-54","sc_bus_ylls_pa_ap_stroke_ub",0.70279,"bogota","Bus",NA,NA,"L3: stroke","PA and AP",256059
"female","55-59","sc_bus_ylls_pa_ap_stroke_ub",1.15443,"bogota","Bus",NA,NA,"L3: stroke","PA and AP",235548
"female","60-64","sc_bus_ylls_pa_ap_stroke_ub",0.94569,"bogota","Bus",NA,NA,"L3: stroke","PA and AP",189600
"female","65-69","sc_bus_ylls_pa_ap_stroke_ub",0.5873,"bogota","Bus",NA,NA,"L3: stroke","PA and AP",141409
"male","15-19","sc_cycle_ylls_pa_ap_T2D",0.13526,"bogota","Cycling",NA,"L2: Other","L3: T2D","PA and AP",282736
"male","20-24","sc_cycle_ylls_pa_ap_T2D",0.78755,"bogota","Cycling",NA,"L2: Other","L3: T2D","PA and AP",357934
"male","25-29","sc_cycle_ylls_pa_ap_T2D",1.39186,"bogota","Cycling",NA,"L2: Other","L3: T2D","PA and AP",360031
"male","30-34","sc_cycle_ylls_pa_ap_T2D",3.13733,"bogota","Cycling",NA,"L2: Other","L3: T2D","PA and AP",321492
"male","35-39","sc_cycle_ylls_pa_ap_T2D",3.41987,"bogota","Cycling",NA,"L2: Other","L3: T2D","PA and AP",289808
"male","40-44","sc_cycle_ylls_pa_ap_T2D",4.39522,"bogota","Cycling",NA,"L2: Other","L3: T2D","PA and AP",244543
"male","45-49","sc_cycle_ylls_pa_ap_T2D",7.30847,"bogota","Cycling",NA,"L2: Other","L3: T2D","PA and AP",215491
"male","50-54","sc_cycle_ylls_pa_ap_T2D",9.17113,"bogota","Cycling",NA,"L2: Other","L3: T2D","PA and AP",209137
"male","55-59","sc_cycle_ylls_pa_ap_T2D",13.32839,"bogota","Cycling",NA,"L2: Other","L3: T2D","PA and AP",187551
"male","60-64","sc_cycle_ylls_pa_ap_T2D",19.27946,"bogota","Cycling",NA,"L2: Other","L3: T2D","PA and AP",146500
"male","65-69","sc_cycle_ylls_pa_ap_T2D",18.17571,"bogota","Cycling",NA,"L2: Other","L3: T2D","PA and AP",105412
"female","15-19","sc_cycle_ylls_pa_ap_T2D",0.59934,"bogota","Cycling",NA,"L2: Other","L3: T2D","PA and AP",279280
"female","20-24","sc_cycle_ylls_pa_ap_T2D",1.98238,"bogota","Cycling",NA,"L2: Other","L3: T2D","PA and AP",360197
"female","25-29","sc_cycle_ylls_pa_ap_T2D",2.57728,"bogota","Cycling",NA,"L2: Other","L3: T2D","PA and AP",364423
"female","30-34","sc_cycle_ylls_pa_ap_T2D",3.73923,"bogota","Cycling",NA,"L2: Other","L3: T2D","PA and AP",330341
"female","35-39","sc_cycle_ylls_pa_ap_T2D",4.83131,"bogota","Cycling",NA,"L2: Other","L3: T2D","PA and AP",309304
"female","40-44","sc_cycle_ylls_pa_ap_T2D",7.06604,"bogota","Cycling",NA,"L2: Other","L3: T2D","PA and AP",275440
"female","45-49","sc_cycle_ylls_pa_ap_T2D",13.20132,"bogota","Cycling",NA,"L2: Other","L3: T2D","PA and AP",254843
"female","50-54","sc_cycle_ylls_pa_ap_T2D",26.8881,"bogota","Cycling",NA,"L2: Other","L3: T2D","PA and AP",256059
"female","55-59","sc_cycle_ylls_pa_ap_T2D",42.20924,"bogota","Cycling",NA,"L2: Other","L3: T2D","PA and AP",235548
"female","60-64","sc_cycle_ylls_pa_ap_T2D",48.89393,"bogota","Cycling",NA,"L2: Other","L3: T2D","PA and AP",189600
"female","65-69","sc_cycle_ylls_pa_ap_T2D",42.41274,"bogota","Cycling",NA,"L2: Other","L3: T2D","PA and AP",141409
"male","15-19","sc_car_ylls_pa_ap_T2D",-0.0997,"bogota","Car",NA,"L2: Other","L3: T2D","PA and AP",282736
"male","20-24","sc_car_ylls_pa_ap_T2D",-0.33809,"bogota","Car",NA,"L2: Other","L3: T2D","PA and AP",357934
"male","25-29","sc_car_ylls_pa_ap_T2D",-0.69785,"bogota","Car",NA,"L2: Other","L3: T2D","PA and AP",360031
"male","30-34","sc_car_ylls_pa_ap_T2D",-1.22873,"bogota","Car",NA,"L2: Other","L3: T2D","PA and AP",321492
"male","35-39","sc_car_ylls_pa_ap_T2D",-1.52022,"bogota","Car",NA,"L2: Other","L3: T2D","PA and AP",289808
"male","40-44","sc_car_ylls_pa_ap_T2D",-2.10493,"bogota","Car",NA,"L2: Other","L3: T2D","PA and AP",244543
"male","45-49","sc_car_ylls_pa_ap_T2D",-3.55801,"bogota","Car",NA,"L2: Other","L3: T2D","PA and AP",215491
"male","50-54","sc_car_ylls_pa_ap_T2D",-3.86515,"bogota","Car",NA,"L2: Other","L3: T2D","PA and AP",209137
"male","55-59","sc_car_ylls_pa_ap_T2D",-6.95535,"bogota","Car",NA,"L2: Other","L3: T2D","PA and AP",187551
"male","60-64","sc_car_ylls_pa_ap_T2D",-6.82056,"bogota","Car",NA,"L2: Other","L3: T2D","PA and AP",146500
"male","65-69","sc_car_ylls_pa_ap_T2D",-8.16885,"bogota","Car",NA,"L2: Other","L3: T2D","PA and AP",105412
"female","15-19","sc_car_ylls_pa_ap_T2D",-0.1461,"bogota","Car",NA,"L2: Other","L3: T2D","PA and AP",279280
"female","20-24","sc_car_ylls_pa_ap_T2D",-0.48067,"bogota","Car",NA,"L2: Other","L3: T2D","PA and AP",360197
"female","25-29","sc_car_ylls_pa_ap_T2D",-0.66295,"bogota","Car",NA,"L2: Other","L3: T2D","PA and AP",364423
"female","30-34","sc_car_ylls_pa_ap_T2D",-0.93839,"bogota","Car",NA,"L2: Other","L3: T2D","PA and AP",330341
"female","35-39","sc_car_ylls_pa_ap_T2D",-1.16988,"bogota","Car",NA,"L2: Other","L3: T2D","PA and AP",309304
"female","40-44","sc_car_ylls_pa_ap_T2D",-1.82307,"bogota","Car",NA,"L2: Other","L3: T2D","PA and AP",275440
"female","45-49","sc_car_ylls_pa_ap_T2D",-3.00723,"bogota","Car",NA,"L2: Other","L3: T2D","PA and AP",254843
"female","50-54","sc_car_ylls_pa_ap_T2D",-2.99065,"bogota","Car",NA,"L2: Other","L3: T2D","PA and AP",256059
"female","55-59","sc_car_ylls_pa_ap_T2D",-4.85654,"bogota","Car",NA,"L2: Other","L3: T2D","PA and AP",235548
"female","60-64","sc_car_ylls_pa_ap_T2D",-5.88389,"bogota","Car",NA,"L2: Other","L3: T2D","PA and AP",189600
"female","65-69","sc_car_ylls_pa_ap_T2D",-5.49909,"bogota","Car",NA,"L2: Other","L3: T2D","PA and AP",141409
"male","15-19","sc_bus_ylls_pa_ap_T2D",-0.11642,"bogota","Bus",NA,"L2: Other","L3: T2D","PA and AP",282736
"male","20-24","sc_bus_ylls_pa_ap_T2D",-0.40096,"bogota","Bus",NA,"L2: Other","L3: T2D","PA and AP",357934
"male","25-29","sc_bus_ylls_pa_ap_T2D",-0.85875,"bogota","Bus",NA,"L2: Other","L3: T2D","PA and AP",360031
"male","30-34","sc_bus_ylls_pa_ap_T2D",-1.99916,"bogota","Bus",NA,"L2: Other","L3: T2D","PA and AP",321492
"male","35-39","sc_bus_ylls_pa_ap_T2D",-2.07065,"bogota","Bus",NA,"L2: Other","L3: T2D","PA and AP",289808
"male","40-44","sc_bus_ylls_pa_ap_T2D",-2.48279,"bogota","Bus",NA,"L2: Other","L3: T2D","PA and AP",244543
"male","45-49","sc_bus_ylls_pa_ap_T2D",-4.34821,"bogota","Bus",NA,"L2: Other","L3: T2D","PA and AP",215491
"male","50-54","sc_bus_ylls_pa_ap_T2D",-5.48875,"bogota","Bus",NA,"L2: Other","L3: T2D","PA and AP",209137
"male","55-59","sc_bus_ylls_pa_ap_T2D",-8.19612,"bogota","Bus",NA,"L2: Other","L3: T2D","PA and AP",187551
"male","60-64","sc_bus_ylls_pa_ap_T2D",-10.74955,"bogota","Bus",NA,"L2: Other","L3: T2D","PA and AP",146500
"male","65-69","sc_bus_ylls_pa_ap_T2D",-8.0814,"bogota","Bus",NA,"L2: Other","L3: T2D","PA and AP",105412
"female","15-19","sc_bus_ylls_pa_ap_T2D",-0.10706,"bogota","Bus",NA,"L2: Other","L3: T2D","PA and AP",279280
"female","20-24","sc_bus_ylls_pa_ap_T2D",-0.48407,"bogota","Bus",NA,"L2: Other","L3: T2D","PA and AP",360197
"female","25-29","sc_bus_ylls_pa_ap_T2D",-0.6504,"bogota","Bus",NA,"L2: Other","L3: T2D","PA and AP",364423
"female","30-34","sc_bus_ylls_pa_ap_T2D",-0.80782,"bogota","Bus",NA,"L2: Other","L3: T2D","PA and AP",330341
"female","35-39","sc_bus_ylls_pa_ap_T2D",-1.06605,"bogota","Bus",NA,"L2: Other","L3: T2D","PA and AP",309304
"female","40-44","sc_bus_ylls_pa_ap_T2D",-1.54678,"bogota","Bus",NA,"L2: Other","L3: T2D","PA and AP",275440
"female","45-49","sc_bus_ylls_pa_ap_T2D",-2.65231,"bogota","Bus",NA,"L2: Other","L3: T2D","PA and AP",254843
"female","50-54","sc_bus_ylls_pa_ap_T2D",-2.25366,"bogota","Bus",NA,"L2: Other","L3: T2D","PA and AP",256059
"female","55-59","sc_bus_ylls_pa_ap_T2D",-3.18231,"bogota","Bus",NA,"L2: Other","L3: T2D","PA and AP",235548
"female","60-64","sc_bus_ylls_pa_ap_T2D",-5.07585,"bogota","Bus",NA,"L2: Other","L3: T2D","PA and AP",189600
"female","65-69","sc_bus_ylls_pa_ap_T2D",-4.45852,"bogota","Bus",NA,"L2: Other","L3: T2D","PA and AP",141409
"male","15-19","sc_cycle_ylls_pa_ap_T2D_lb",0.1838,"bogota","Cycling",NA,"L2: Other","L3: T2D","PA and AP",282736
"male","20-24","sc_cycle_ylls_pa_ap_T2D_lb",1.0552,"bogota","Cycling",NA,"L2: Other","L3: T2D","PA and AP",357934
"male","25-29","sc_cycle_ylls_pa_ap_T2D_lb",1.86676,"bogota","Cycling",NA,"L2: Other","L3: T2D","PA and AP",360031
"male","30-34","sc_cycle_ylls_pa_ap_T2D_lb",4.2123,"bogota","Cycling",NA,"L2: Other","L3: T2D","PA and AP",321492
"male","35-39","sc_cycle_ylls_pa_ap_T2D_lb",4.58298,"bogota","Cycling",NA,"L2: Other","L3: T2D","PA and AP",289808
"male","40-44","sc_cycle_ylls_pa_ap_T2D_lb",5.89655,"bogota","Cycling",NA,"L2: Other","L3: T2D","PA and AP",244543
"male","45-49","sc_cycle_ylls_pa_ap_T2D_lb",9.78026,"bogota","Cycling",NA,"L2: Other","L3: T2D","PA and AP",215491
"male","50-54","sc_cycle_ylls_pa_ap_T2D_lb",12.47388,"bogota","Cycling",NA,"L2: Other","L3: T2D","PA and AP",209137
"male","55-59","sc_cycle_ylls_pa_ap_T2D_lb",18.07289,"bogota","Cycling",NA,"L2: Other","L3: T2D","PA and AP",187551
"male","60-64","sc_cycle_ylls_pa_ap_T2D_lb",25.95874,"bogota","Cycling",NA,"L2: Other","L3: T2D","PA and AP",146500
"male","65-69","sc_cycle_ylls_pa_ap_T2D_lb",24.36038,"bogota","Cycling",NA,"L2: Other","L3: T2D","PA and AP",105412
"female","15-19","sc_cycle_ylls_pa_ap_T2D_lb",0.79746,"bogota","Cycling",NA,"L2: Other","L3: T2D","PA and AP",279280
"female","20-24","sc_cycle_ylls_pa_ap_T2D_lb",2.60707,"bogota","Cycling",NA,"L2: Other","L3: T2D","PA and AP",360197
"female","25-29","sc_cycle_ylls_pa_ap_T2D_lb",3.39234,"bogota","Cycling",NA,"L2: Other","L3: T2D","PA and AP",364423
"female","30-34","sc_cycle_ylls_pa_ap_T2D_lb",4.94563,"bogota","Cycling",NA,"L2: Other","L3: T2D","PA and AP",330341
"female","35-39","sc_cycle_ylls_pa_ap_T2D_lb",6.38853,"bogota","Cycling",NA,"L2: Other","L3: T2D","PA and AP",309304
"female","40-44","sc_cycle_ylls_pa_ap_T2D_lb",9.3603,"bogota","Cycling",NA,"L2: Other","L3: T2D","PA and AP",275440
"female","45-49","sc_cycle_ylls_pa_ap_T2D_lb",17.37972,"bogota","Cycling",NA,"L2: Other","L3: T2D","PA and AP",254843
"female","50-54","sc_cycle_ylls_pa_ap_T2D_lb",35.14387,"bogota","Cycling",NA,"L2: Other","L3: T2D","PA and AP",256059
"female","55-59","sc_cycle_ylls_pa_ap_T2D_lb",55.18542,"bogota","Cycling",NA,"L2: Other","L3: T2D","PA and AP",235548
"female","60-64","sc_cycle_ylls_pa_ap_T2D_lb",64.26696,"bogota","Cycling",NA,"L2: Other","L3: T2D","PA and AP",189600
"female","65-69","sc_cycle_ylls_pa_ap_T2D_lb",55.6675,"bogota","Cycling",NA,"L2: Other","L3: T2D","PA and AP",141409
"male","15-19","sc_car_ylls_pa_ap_T2D_lb",-0.12881,"bogota","Car",NA,"L2: Other","L3: T2D","PA and AP",282736
"male","20-24","sc_car_ylls_pa_ap_T2D_lb",-0.42723,"bogota","Car",NA,"L2: Other","L3: T2D","PA and AP",357934
"male","25-29","sc_car_ylls_pa_ap_T2D_lb",-0.88484,"bogota","Car",NA,"L2: Other","L3: T2D","PA and AP",360031
"male","30-34","sc_car_ylls_pa_ap_T2D_lb",-1.55251,"bogota","Car",NA,"L2: Other","L3: T2D","PA and AP",321492
"male","35-39","sc_car_ylls_pa_ap_T2D_lb",-1.93256,"bogota","Car",NA,"L2: Other","L3: T2D","PA and AP",289808
"male","40-44","sc_car_ylls_pa_ap_T2D_lb",-2.67852,"bogota","Car",NA,"L2: Other","L3: T2D","PA and AP",244543
"male","45-49","sc_car_ylls_pa_ap_T2D_lb",-4.53713,"bogota","Car",NA,"L2: Other","L3: T2D","PA and AP",215491
"male","50-54","sc_car_ylls_pa_ap_T2D_lb",-4.96376,"bogota","Car",NA,"L2: Other","L3: T2D","PA and AP",209137
"male","55-59","sc_car_ylls_pa_ap_T2D_lb",-9.05223,"bogota","Car",NA,"L2: Other","L3: T2D","PA and AP",187551
"male","60-64","sc_car_ylls_pa_ap_T2D_lb",-8.76742,"bogota","Car",NA,"L2: Other","L3: T2D","PA and AP",146500
"male","65-69","sc_car_ylls_pa_ap_T2D_lb",-10.53486,"bogota","Car",NA,"L2: Other","L3: T2D","PA and AP",105412
"female","15-19","sc_car_ylls_pa_ap_T2D_lb",-0.1795,"bogota","Car",NA,"L2: Other","L3: T2D","PA and AP",279280
"female","20-24","sc_car_ylls_pa_ap_T2D_lb",-0.5873,"bogota","Car",NA,"L2: Other","L3: T2D","PA and AP",360197
"female","25-29","sc_car_ylls_pa_ap_T2D_lb",-0.80713,"bogota","Car",NA,"L2: Other","L3: T2D","PA and AP",364423
"female","30-34","sc_car_ylls_pa_ap_T2D_lb",-1.15461,"bogota","Car",NA,"L2: Other","L3: T2D","PA and AP",330341
"female","35-39","sc_car_ylls_pa_ap_T2D_lb",-1.43529,"bogota","Car",NA,"L2: Other","L3: T2D","PA and AP",309304
"female","40-44","sc_car_ylls_pa_ap_T2D_lb",-2.23784,"bogota","Car",NA,"L2: Other","L3: T2D","PA and AP",275440
"female","45-49","sc_car_ylls_pa_ap_T2D_lb",-3.69456,"bogota","Car",NA,"L2: Other","L3: T2D","PA and AP",254843
"female","50-54","sc_car_ylls_pa_ap_T2D_lb",-3.60284,"bogota","Car",NA,"L2: Other","L3: T2D","PA and AP",256059
"female","55-59","sc_car_ylls_pa_ap_T2D_lb",-5.8787,"bogota","Car",NA,"L2: Other","L3: T2D","PA and AP",235548
"female","60-64","sc_car_ylls_pa_ap_T2D_lb",-7.15864,"bogota","Car",NA,"L2: Other","L3: T2D","PA and AP",189600
"female","65-69","sc_car_ylls_pa_ap_T2D_lb",-6.76157,"bogota","Car",NA,"L2: Other","L3: T2D","PA and AP",141409
"male","15-19","sc_bus_ylls_pa_ap_T2D_lb",-0.15727,"bogota","Bus",NA,"L2: Other","L3: T2D","PA and AP",282736
"male","20-24","sc_bus_ylls_pa_ap_T2D_lb",-0.53453,"bogota","Bus",NA,"L2: Other","L3: T2D","PA and AP",357934
"male","25-29","sc_bus_ylls_pa_ap_T2D_lb",-1.14387,"bogota","Bus",NA,"L2: Other","L3: T2D","PA and AP",360031
"male","30-34","sc_bus_ylls_pa_ap_T2D_lb",-2.68553,"bogota","Bus",NA,"L2: Other","L3: T2D","PA and AP",321492
"male","35-39","sc_bus_ylls_pa_ap_T2D_lb",-2.79589,"bogota","Bus",NA,"L2: Other","L3: T2D","PA and AP",289808
"male","40-44","sc_bus_ylls_pa_ap_T2D_lb",-3.35421,"bogota","Bus",NA,"L2: Other","L3: T2D","PA and AP",244543
"male","45-49","sc_bus_ylls_pa_ap_T2D_lb",-5.86054,"bogota","Bus",NA,"L2: Other","L3: T2D","PA and AP",215491
"male","50-54","sc_bus_ylls_pa_ap_T2D_lb",-7.49199,"bogota","Bus",NA,"L2: Other","L3: T2D","PA and AP",209137
"male","55-59","sc_bus_ylls_pa_ap_T2D_lb",-11.1815,"bogota","Bus",NA,"L2: Other","L3: T2D","PA and AP",187551
"male","60-64","sc_bus_ylls_pa_ap_T2D_lb",-14.5645,"bogota","Bus",NA,"L2: Other","L3: T2D","PA and AP",146500
"male","65-69","sc_bus_ylls_pa_ap_T2D_lb",-11.13611,"bogota","Bus",NA,"L2: Other","L3: T2D","PA and AP",105412
"female","15-19","sc_bus_ylls_pa_ap_T2D_lb",-0.14262,"bogota","Bus",NA,"L2: Other","L3: T2D","PA and AP",279280
"female","20-24","sc_bus_ylls_pa_ap_T2D_lb",-0.63708,"bogota","Bus",NA,"L2: Other","L3: T2D","PA and AP",360197
"female","25-29","sc_bus_ylls_pa_ap_T2D_lb",-0.85643,"bogota","Bus",NA,"L2: Other","L3: T2D","PA and AP",364423
"female","30-34","sc_bus_ylls_pa_ap_T2D_lb",-1.07997,"bogota","Bus",NA,"L2: Other","L3: T2D","PA and AP",330341
"female","35-39","sc_bus_ylls_pa_ap_T2D_lb",-1.43122,"bogota","Bus",NA,"L2: Other","L3: T2D","PA and AP",309304
"female","40-44","sc_bus_ylls_pa_ap_T2D_lb",-2.06934,"bogota","Bus",NA,"L2: Other","L3: T2D","PA and AP",275440
"female","45-49","sc_bus_ylls_pa_ap_T2D_lb",-3.52396,"bogota","Bus",NA,"L2: Other","L3: T2D","PA and AP",254843
"female","50-54","sc_bus_ylls_pa_ap_T2D_lb",-3.0332,"bogota","Bus",NA,"L2: Other","L3: T2D","PA and AP",256059
"female","55-59","sc_bus_ylls_pa_ap_T2D_lb",-4.3122,"bogota","Bus",NA,"L2: Other","L3: T2D","PA and AP",235548
"female","60-64","sc_bus_ylls_pa_ap_T2D_lb",-6.89259,"bogota","Bus",NA,"L2: Other","L3: T2D","PA and AP",189600
"female","65-69","sc_bus_ylls_pa_ap_T2D_lb",-6.02983,"bogota","Bus",NA,"L2: Other","L3: T2D","PA and AP",141409
"male","15-19","sc_cycle_ylls_pa_ap_T2D_ub",0.08619,"bogota","Cycling",NA,"L2: Other","L3: T2D","PA and AP",282736
"male","20-24","sc_cycle_ylls_pa_ap_T2D_ub",0.52086,"bogota","Cycling",NA,"L2: Other","L3: T2D","PA and AP",357934
"male","25-29","sc_cycle_ylls_pa_ap_T2D_ub",0.916,"bogota","Cycling",NA,"L2: Other","L3: T2D","PA and AP",360031
"male","30-34","sc_cycle_ylls_pa_ap_T2D_ub",2.07674,"bogota","Cycling",NA,"L2: Other","L3: T2D","PA and AP",321492
"male","35-39","sc_cycle_ylls_pa_ap_T2D_ub",2.27191,"bogota","Cycling",NA,"L2: Other","L3: T2D","PA and AP",289808
"male","40-44","sc_cycle_ylls_pa_ap_T2D_ub",2.9092,"bogota","Cycling",NA,"L2: Other","L3: T2D","PA and AP",244543
"male","45-49","sc_cycle_ylls_pa_ap_T2D_ub",4.86554,"bogota","Cycling",NA,"L2: Other","L3: T2D","PA and AP",215491
"male","50-54","sc_cycle_ylls_pa_ap_T2D_ub",5.90356,"bogota","Cycling",NA,"L2: Other","L3: T2D","PA and AP",209137
"male","55-59","sc_cycle_ylls_pa_ap_T2D_ub",8.62344,"bogota","Cycling",NA,"L2: Other","L3: T2D","PA and AP",187551
"male","60-64","sc_cycle_ylls_pa_ap_T2D_ub",12.65124,"bogota","Cycling",NA,"L2: Other","L3: T2D","PA and AP",146500
"male","65-69","sc_cycle_ylls_pa_ap_T2D_ub",12.04842,"bogota","Cycling",NA,"L2: Other","L3: T2D","PA and AP",105412
"female","15-19","sc_cycle_ylls_pa_ap_T2D_ub",0.39475,"bogota","Cycling",NA,"L2: Other","L3: T2D","PA and AP",279280
"female","20-24","sc_cycle_ylls_pa_ap_T2D_ub",1.34393,"bogota","Cycling",NA,"L2: Other","L3: T2D","PA and AP",360197
"female","25-29","sc_cycle_ylls_pa_ap_T2D_ub",1.74522,"bogota","Cycling",NA,"L2: Other","L3: T2D","PA and AP",364423
"female","30-34","sc_cycle_ylls_pa_ap_T2D_ub",2.51694,"bogota","Cycling",NA,"L2: Other","L3: T2D","PA and AP",330341
"female","35-39","sc_cycle_ylls_pa_ap_T2D_ub",3.25001,"bogota","Cycling",NA,"L2: Other","L3: T2D","PA and AP",309304
"female","40-44","sc_cycle_ylls_pa_ap_T2D_ub",4.74153,"bogota","Cycling",NA,"L2: Other","L3: T2D","PA and AP",275440
"female","45-49","sc_cycle_ylls_pa_ap_T2D_ub",8.96694,"bogota","Cycling",NA,"L2: Other","L3: T2D","PA and AP",254843
"female","50-54","sc_cycle_ylls_pa_ap_T2D_ub",18.39551,"bogota","Cycling",NA,"L2: Other","L3: T2D","PA and AP",256059
"female","55-59","sc_cycle_ylls_pa_ap_T2D_ub",28.87211,"bogota","Cycling",NA,"L2: Other","L3: T2D","PA and AP",235548
"female","60-64","sc_cycle_ylls_pa_ap_T2D_ub",33.16241,"bogota","Cycling",NA,"L2: Other","L3: T2D","PA and AP",189600
"female","65-69","sc_cycle_ylls_pa_ap_T2D_ub",28.85239,"bogota","Cycling",NA,"L2: Other","L3: T2D","PA and AP",141409
"male","15-19","sc_car_ylls_pa_ap_T2D_ub",-0.0704,"bogota","Car",NA,"L2: Other","L3: T2D","PA and AP",282736
"male","20-24","sc_car_ylls_pa_ap_T2D_ub",-0.24898,"bogota","Car",NA,"L2: Other","L3: T2D","PA and AP",357934
"male","25-29","sc_car_ylls_pa_ap_T2D_ub",-0.51217,"bogota","Car",NA,"L2: Other","L3: T2D","PA and AP",360031
"male","30-34","sc_car_ylls_pa_ap_T2D_ub",-0.90953,"bogota","Car",NA,"L2: Other","L3: T2D","PA and AP",321492
"male","35-39","sc_car_ylls_pa_ap_T2D_ub",-1.1092,"bogota","Car",NA,"L2: Other","L3: T2D","PA and AP",289808
"male","40-44","sc_car_ylls_pa_ap_T2D_ub",-1.54288,"bogota","Car",NA,"L2: Other","L3: T2D","PA and AP",244543
"male","45-49","sc_car_ylls_pa_ap_T2D_ub",-2.59582,"bogota","Car",NA,"L2: Other","L3: T2D","PA and AP",215491
"male","50-54","sc_car_ylls_pa_ap_T2D_ub",-2.7862,"bogota","Car",NA,"L2: Other","L3: T2D","PA and AP",209137
"male","55-59","sc_car_ylls_pa_ap_T2D_ub",-4.89352,"bogota","Car",NA,"L2: Other","L3: T2D","PA and AP",187551
"male","60-64","sc_car_ylls_pa_ap_T2D_ub",-4.88423,"bogota","Car",NA,"L2: Other","L3: T2D","PA and AP",146500
"male","65-69","sc_car_ylls_pa_ap_T2D_ub",-5.81698,"bogota","Car",NA,"L2: Other","L3: T2D","PA and AP",105412
"female","15-19","sc_car_ylls_pa_ap_T2D_ub",-0.11166,"bogota","Car",NA,"L2: Other","L3: T2D","PA and AP",279280
"female","20-24","sc_car_ylls_pa_ap_T2D_ub",-0.37271,"bogota","Car",NA,"L2: Other","L3: T2D","PA and AP",360197
"female","25-29","sc_car_ylls_pa_ap_T2D_ub",-0.51607,"bogota","Car",NA,"L2: Other","L3: T2D","PA and AP",364423
"female","30-34","sc_car_ylls_pa_ap_T2D_ub",-0.71959,"bogota","Car",NA,"L2: Other","L3: T2D","PA and AP",330341
"female","35-39","sc_car_ylls_pa_ap_T2D_ub",-0.90082,"bogota","Car",NA,"L2: Other","L3: T2D","PA and AP",309304
"female","40-44","sc_car_ylls_pa_ap_T2D_ub",-1.40449,"bogota","Car",NA,"L2: Other","L3: T2D","PA and AP",275440
"female","45-49","sc_car_ylls_pa_ap_T2D_ub",-2.31246,"bogota","Car",NA,"L2: Other","L3: T2D","PA and AP",254843
"female","50-54","sc_car_ylls_pa_ap_T2D_ub",-2.36927,"bogota","Car",NA,"L2: Other","L3: T2D","PA and AP",256059
"female","55-59","sc_car_ylls_pa_ap_T2D_ub",-3.81726,"bogota","Car",NA,"L2: Other","L3: T2D","PA and AP",235548
"female","60-64","sc_car_ylls_pa_ap_T2D_ub",-4.5989,"bogota","Car",NA,"L2: Other","L3: T2D","PA and AP",189600
"female","65-69","sc_car_ylls_pa_ap_T2D_ub",-4.22616,"bogota","Car",NA,"L2: Other","L3: T2D","PA and AP",141409
"male","15-19","sc_bus_ylls_pa_ap_T2D_ub",-0.07496,"bogota","Bus",NA,"L2: Other","L3: T2D","PA and AP",282736
"male","20-24","sc_bus_ylls_pa_ap_T2D_ub",-0.26773,"bogota","Bus",NA,"L2: Other","L3: T2D","PA and AP",357934
"male","25-29","sc_bus_ylls_pa_ap_T2D_ub",-0.57431,"bogota","Bus",NA,"L2: Other","L3: T2D","PA and AP",360031
"male","30-34","sc_bus_ylls_pa_ap_T2D_ub",-1.3255,"bogota","Bus",NA,"L2: Other","L3: T2D","PA and AP",321492
"male","35-39","sc_bus_ylls_pa_ap_T2D_ub",-1.35281,"bogota","Bus",NA,"L2: Other","L3: T2D","PA and AP",289808
"male","40-44","sc_bus_ylls_pa_ap_T2D_ub",-1.61856,"bogota","Bus",NA,"L2: Other","L3: T2D","PA and AP",244543
"male","45-49","sc_bus_ylls_pa_ap_T2D_ub",-2.84894,"bogota","Bus",NA,"L2: Other","L3: T2D","PA and AP",215491
"male","50-54","sc_bus_ylls_pa_ap_T2D_ub",-3.509,"bogota","Bus",NA,"L2: Other","L3: T2D","PA and AP",209137
"male","55-59","sc_bus_ylls_pa_ap_T2D_ub",-5.26595,"bogota","Bus",NA,"L2: Other","L3: T2D","PA and AP",187551
"male","60-64","sc_bus_ylls_pa_ap_T2D_ub",-6.99016,"bogota","Bus",NA,"L2: Other","L3: T2D","PA and AP",146500
"male","65-69","sc_bus_ylls_pa_ap_T2D_ub",-5.02576,"bogota","Bus",NA,"L2: Other","L3: T2D","PA and AP",105412
"female","15-19","sc_bus_ylls_pa_ap_T2D_ub",-0.06991,"bogota","Bus",NA,"L2: Other","L3: T2D","PA and AP",279280
"female","20-24","sc_bus_ylls_pa_ap_T2D_ub",-0.32811,"bogota","Bus",NA,"L2: Other","L3: T2D","PA and AP",360197
"female","25-29","sc_bus_ylls_pa_ap_T2D_ub",-0.43967,"bogota","Bus",NA,"L2: Other","L3: T2D","PA and AP",364423
"female","30-34","sc_bus_ylls_pa_ap_T2D_ub",-0.53117,"bogota","Bus",NA,"L2: Other","L3: T2D","PA and AP",330341
"female","35-39","sc_bus_ylls_pa_ap_T2D_ub",-0.69565,"bogota","Bus",NA,"L2: Other","L3: T2D","PA and AP",309304
"female","40-44","sc_bus_ylls_pa_ap_T2D_ub",-1.01962,"bogota","Bus",NA,"L2: Other","L3: T2D","PA and AP",275440
"female","45-49","sc_bus_ylls_pa_ap_T2D_ub",-1.76871,"bogota","Bus",NA,"L2: Other","L3: T2D","PA and AP",254843
"female","50-54","sc_bus_ylls_pa_ap_T2D_ub",-1.45173,"bogota","Bus",NA,"L2: Other","L3: T2D","PA and AP",256059
"female","55-59","sc_bus_ylls_pa_ap_T2D_ub",-2.04191,"bogota","Bus",NA,"L2: Other","L3: T2D","PA and AP",235548
"female","60-64","sc_bus_ylls_pa_ap_T2D_ub",-3.21693,"bogota","Bus",NA,"L2: Other","L3: T2D","PA and AP",189600
"female","65-69","sc_bus_ylls_pa_ap_T2D_ub",-2.86116,"bogota","Bus",NA,"L2: Other","L3: T2D","PA and AP",141409
"male","15-19","sc_cycle_ylls_ap_LRI",-0.36531,"bogota","Cycling",NA,NA,"L3: LRI","AP",282736
"male","20-24","sc_cycle_ylls_ap_LRI",-0.77979,"bogota","Cycling",NA,NA,"L3: LRI","AP",357934
"male","25-29","sc_cycle_ylls_ap_LRI",-0.96866,"bogota","Cycling",NA,NA,"L3: LRI","AP",360031
"male","30-34","sc_cycle_ylls_ap_LRI",-0.6547,"bogota","Cycling",NA,NA,"L3: LRI","AP",321492
"male","35-39","sc_cycle_ylls_ap_LRI",-0.60256,"bogota","Cycling",NA,NA,"L3: LRI","AP",289808
"male","40-44","sc_cycle_ylls_ap_LRI",-0.63867,"bogota","Cycling",NA,NA,"L3: LRI","AP",244543
"male","45-49","sc_cycle_ylls_ap_LRI",-0.56566,"bogota","Cycling",NA,NA,"L3: LRI","AP",215491
"male","50-54","sc_cycle_ylls_ap_LRI",-0.89327,"bogota","Cycling",NA,NA,"L3: LRI","AP",209137
"male","55-59","sc_cycle_ylls_ap_LRI",-1.10712,"bogota","Cycling",NA,NA,"L3: LRI","AP",187551
"male","60-64","sc_cycle_ylls_ap_LRI",-1.3123,"bogota","Cycling",NA,NA,"L3: LRI","AP",146500
"male","65-69","sc_cycle_ylls_ap_LRI",-1.08464,"bogota","Cycling",NA,NA,"L3: LRI","AP",105412
"female","15-19","sc_cycle_ylls_ap_LRI",-0.41226,"bogota","Cycling",NA,NA,"L3: LRI","AP",279280
"female","20-24","sc_cycle_ylls_ap_LRI",-0.66918,"bogota","Cycling",NA,NA,"L3: LRI","AP",360197
"female","25-29","sc_cycle_ylls_ap_LRI",-0.75916,"bogota","Cycling",NA,NA,"L3: LRI","AP",364423
"female","30-34","sc_cycle_ylls_ap_LRI",-0.74369,"bogota","Cycling",NA,NA,"L3: LRI","AP",330341
"female","35-39","sc_cycle_ylls_ap_LRI",-0.73926,"bogota","Cycling",NA,NA,"L3: LRI","AP",309304
"female","40-44","sc_cycle_ylls_ap_LRI",-0.79531,"bogota","Cycling",NA,NA,"L3: LRI","AP",275440
"female","45-49","sc_cycle_ylls_ap_LRI",-0.74544,"bogota","Cycling",NA,NA,"L3: LRI","AP",254843
"female","50-54","sc_cycle_ylls_ap_LRI",-1.10567,"bogota","Cycling",NA,NA,"L3: LRI","AP",256059
"female","55-59","sc_cycle_ylls_ap_LRI",-1.46768,"bogota","Cycling",NA,NA,"L3: LRI","AP",235548
"female","60-64","sc_cycle_ylls_ap_LRI",-1.52352,"bogota","Cycling",NA,NA,"L3: LRI","AP",189600
"female","65-69","sc_cycle_ylls_ap_LRI",-1.28924,"bogota","Cycling",NA,NA,"L3: LRI","AP",141409
"male","15-19","sc_car_ylls_ap_LRI",-0.041,"bogota","Car",NA,NA,"L3: LRI","AP",282736
"male","20-24","sc_car_ylls_ap_LRI",-0.43723,"bogota","Car",NA,NA,"L3: LRI","AP",357934
"male","25-29","sc_car_ylls_ap_LRI",-0.54829,"bogota","Car",NA,NA,"L3: LRI","AP",360031
"male","30-34","sc_car_ylls_ap_LRI",-0.61913,"bogota","Car",NA,NA,"L3: LRI","AP",321492
"male","35-39","sc_car_ylls_ap_LRI",-0.61396,"bogota","Car",NA,NA,"L3: LRI","AP",289808
"male","40-44","sc_car_ylls_ap_LRI",-0.56588,"bogota","Car",NA,NA,"L3: LRI","AP",244543
"male","45-49","sc_car_ylls_ap_LRI",-0.59654,"bogota","Car",NA,NA,"L3: LRI","AP",215491
"male","50-54","sc_car_ylls_ap_LRI",-0.39521,"bogota","Car",NA,NA,"L3: LRI","AP",209137
"male","55-59","sc_car_ylls_ap_LRI",-0.31819,"bogota","Car",NA,NA,"L3: LRI","AP",187551
"male","60-64","sc_car_ylls_ap_LRI",-0.47935,"bogota","Car",NA,NA,"L3: LRI","AP",146500
"male","65-69","sc_car_ylls_ap_LRI",-0.49192,"bogota","Car",NA,NA,"L3: LRI","AP",105412
"female","15-19","sc_car_ylls_ap_LRI",-0.11503,"bogota","Car",NA,NA,"L3: LRI","AP",279280
"female","20-24","sc_car_ylls_ap_LRI",-0.41408,"bogota","Car",NA,NA,"L3: LRI","AP",360197
"female","25-29","sc_car_ylls_ap_LRI",-0.5115,"bogota","Car",NA,NA,"L3: LRI","AP",364423
"female","30-34","sc_car_ylls_ap_LRI",-0.51377,"bogota","Car",NA,NA,"L3: LRI","AP",330341
"female","35-39","sc_car_ylls_ap_LRI",-0.52519,"bogota","Car",NA,NA,"L3: LRI","AP",309304
"female","40-44","sc_car_ylls_ap_LRI",-0.64504,"bogota","Car",NA,NA,"L3: LRI","AP",275440
"female","45-49","sc_car_ylls_ap_LRI",-0.6878,"bogota","Car",NA,NA,"L3: LRI","AP",254843
"female","50-54","sc_car_ylls_ap_LRI",-0.46844,"bogota","Car",NA,NA,"L3: LRI","AP",256059
"female","55-59","sc_car_ylls_ap_LRI",-0.58063,"bogota","Car",NA,NA,"L3: LRI","AP",235548
"female","60-64","sc_car_ylls_ap_LRI",-0.60929,"bogota","Car",NA,NA,"L3: LRI","AP",189600
"female","65-69","sc_car_ylls_ap_LRI",-0.5253,"bogota","Car",NA,NA,"L3: LRI","AP",141409
"male","15-19","sc_bus_ylls_ap_LRI",0.26746,"bogota","Bus",NA,NA,"L3: LRI","AP",282736
"male","20-24","sc_bus_ylls_ap_LRI",0.31223,"bogota","Bus",NA,NA,"L3: LRI","AP",357934
"male","25-29","sc_bus_ylls_ap_LRI",0.47978,"bogota","Bus",NA,NA,"L3: LRI","AP",360031
"male","30-34","sc_bus_ylls_ap_LRI",0.47029,"bogota","Bus",NA,NA,"L3: LRI","AP",321492
"male","35-39","sc_bus_ylls_ap_LRI",0.55573,"bogota","Bus",NA,NA,"L3: LRI","AP",289808
"male","40-44","sc_bus_ylls_ap_LRI",0.50994,"bogota","Bus",NA,NA,"L3: LRI","AP",244543
"male","45-49","sc_bus_ylls_ap_LRI",0.53394,"bogota","Bus",NA,NA,"L3: LRI","AP",215491
"male","50-54","sc_bus_ylls_ap_LRI",0.67733,"bogota","Bus",NA,NA,"L3: LRI","AP",209137
"male","55-59","sc_bus_ylls_ap_LRI",0.86871,"bogota","Bus",NA,NA,"L3: LRI","AP",187551
"male","60-64","sc_bus_ylls_ap_LRI",1.06397,"bogota","Bus",NA,NA,"L3: LRI","AP",146500
"male","65-69","sc_bus_ylls_ap_LRI",1.068,"bogota","Bus",NA,NA,"L3: LRI","AP",105412
"female","15-19","sc_bus_ylls_ap_LRI",0.0775,"bogota","Bus",NA,NA,"L3: LRI","AP",279280
"female","20-24","sc_bus_ylls_ap_LRI",0.19259,"bogota","Bus",NA,NA,"L3: LRI","AP",360197
"female","25-29","sc_bus_ylls_ap_LRI",0.20251,"bogota","Bus",NA,NA,"L3: LRI","AP",364423
"female","30-34","sc_bus_ylls_ap_LRI",0.2681,"bogota","Bus",NA,NA,"L3: LRI","AP",330341
"female","35-39","sc_bus_ylls_ap_LRI",0.32435,"bogota","Bus",NA,NA,"L3: LRI","AP",309304
"female","40-44","sc_bus_ylls_ap_LRI",0.29373,"bogota","Bus",NA,NA,"L3: LRI","AP",275440
"female","45-49","sc_bus_ylls_ap_LRI",0.27285,"bogota","Bus",NA,NA,"L3: LRI","AP",254843
"female","50-54","sc_bus_ylls_ap_LRI",0.26088,"bogota","Bus",NA,NA,"L3: LRI","AP",256059
"female","55-59","sc_bus_ylls_ap_LRI",0.39206,"bogota","Bus",NA,NA,"L3: LRI","AP",235548
"female","60-64","sc_bus_ylls_ap_LRI",0.4615,"bogota","Bus",NA,NA,"L3: LRI","AP",189600
"female","65-69","sc_bus_ylls_ap_LRI",0.42479,"bogota","Bus",NA,NA,"L3: LRI","AP",141409
"male","15-19","sc_cycle_ylls_ap_LRI_lb",-0.36531,"bogota","Cycling",NA,NA,"L3: LRI","AP",282736
"male","20-24","sc_cycle_ylls_ap_LRI_lb",-0.77979,"bogota","Cycling",NA,NA,"L3: LRI","AP",357934
"male","25-29","sc_cycle_ylls_ap_LRI_lb",-0.96866,"bogota","Cycling",NA,NA,"L3: LRI","AP",360031
"male","30-34","sc_cycle_ylls_ap_LRI_lb",-0.6547,"bogota","Cycling",NA,NA,"L3: LRI","AP",321492
"male","35-39","sc_cycle_ylls_ap_LRI_lb",-0.60256,"bogota","Cycling",NA,NA,"L3: LRI","AP",289808
"male","40-44","sc_cycle_ylls_ap_LRI_lb",-0.63867,"bogota","Cycling",NA,NA,"L3: LRI","AP",244543
"male","45-49","sc_cycle_ylls_ap_LRI_lb",-0.56566,"bogota","Cycling",NA,NA,"L3: LRI","AP",215491
"male","50-54","sc_cycle_ylls_ap_LRI_lb",-0.89327,"bogota","Cycling",NA,NA,"L3: LRI","AP",209137
"male","55-59","sc_cycle_ylls_ap_LRI_lb",-1.10712,"bogota","Cycling",NA,NA,"L3: LRI","AP",187551
"male","60-64","sc_cycle_ylls_ap_LRI_lb",-1.3123,"bogota","Cycling",NA,NA,"L3: LRI","AP",146500
"male","65-69","sc_cycle_ylls_ap_LRI_lb",-1.08464,"bogota","Cycling",NA,NA,"L3: LRI","AP",105412
"female","15-19","sc_cycle_ylls_ap_LRI_lb",-0.41226,"bogota","Cycling",NA,NA,"L3: LRI","AP",279280
"female","20-24","sc_cycle_ylls_ap_LRI_lb",-0.66918,"bogota","Cycling",NA,NA,"L3: LRI","AP",360197
"female","25-29","sc_cycle_ylls_ap_LRI_lb",-0.75916,"bogota","Cycling",NA,NA,"L3: LRI","AP",364423
"female","30-34","sc_cycle_ylls_ap_LRI_lb",-0.74369,"bogota","Cycling",NA,NA,"L3: LRI","AP",330341
"female","35-39","sc_cycle_ylls_ap_LRI_lb",-0.73926,"bogota","Cycling",NA,NA,"L3: LRI","AP",309304
"female","40-44","sc_cycle_ylls_ap_LRI_lb",-0.79531,"bogota","Cycling",NA,NA,"L3: LRI","AP",275440
"female","45-49","sc_cycle_ylls_ap_LRI_lb",-0.74544,"bogota","Cycling",NA,NA,"L3: LRI","AP",254843
"female","50-54","sc_cycle_ylls_ap_LRI_lb",-1.10567,"bogota","Cycling",NA,NA,"L3: LRI","AP",256059
"female","55-59","sc_cycle_ylls_ap_LRI_lb",-1.46768,"bogota","Cycling",NA,NA,"L3: LRI","AP",235548
"female","60-64","sc_cycle_ylls_ap_LRI_lb",-1.52352,"bogota","Cycling",NA,NA,"L3: LRI","AP",189600
"female","65-69","sc_cycle_ylls_ap_LRI_lb",-1.28924,"bogota","Cycling",NA,NA,"L3: LRI","AP",141409
"male","15-19","sc_car_ylls_ap_LRI_lb",-0.041,"bogota","Car",NA,NA,"L3: LRI","AP",282736
"male","20-24","sc_car_ylls_ap_LRI_lb",-0.43723,"bogota","Car",NA,NA,"L3: LRI","AP",357934
"male","25-29","sc_car_ylls_ap_LRI_lb",-0.54829,"bogota","Car",NA,NA,"L3: LRI","AP",360031
"male","30-34","sc_car_ylls_ap_LRI_lb",-0.61913,"bogota","Car",NA,NA,"L3: LRI","AP",321492
"male","35-39","sc_car_ylls_ap_LRI_lb",-0.61396,"bogota","Car",NA,NA,"L3: LRI","AP",289808
"male","40-44","sc_car_ylls_ap_LRI_lb",-0.56588,"bogota","Car",NA,NA,"L3: LRI","AP",244543
"male","45-49","sc_car_ylls_ap_LRI_lb",-0.59654,"bogota","Car",NA,NA,"L3: LRI","AP",215491
"male","50-54","sc_car_ylls_ap_LRI_lb",-0.39521,"bogota","Car",NA,NA,"L3: LRI","AP",209137
"male","55-59","sc_car_ylls_ap_LRI_lb",-0.31819,"bogota","Car",NA,NA,"L3: LRI","AP",187551
"male","60-64","sc_car_ylls_ap_LRI_lb",-0.47935,"bogota","Car",NA,NA,"L3: LRI","AP",146500
"male","65-69","sc_car_ylls_ap_LRI_lb",-0.49192,"bogota","Car",NA,NA,"L3: LRI","AP",105412
"female","15-19","sc_car_ylls_ap_LRI_lb",-0.11503,"bogota","Car",NA,NA,"L3: LRI","AP",279280
"female","20-24","sc_car_ylls_ap_LRI_lb",-0.41408,"bogota","Car",NA,NA,"L3: LRI","AP",360197
"female","25-29","sc_car_ylls_ap_LRI_lb",-0.5115,"bogota","Car",NA,NA,"L3: LRI","AP",364423
"female","30-34","sc_car_ylls_ap_LRI_lb",-0.51377,"bogota","Car",NA,NA,"L3: LRI","AP",330341
"female","35-39","sc_car_ylls_ap_LRI_lb",-0.52519,"bogota","Car",NA,NA,"L3: LRI","AP",309304
"female","40-44","sc_car_ylls_ap_LRI_lb",-0.64504,"bogota","Car",NA,NA,"L3: LRI","AP",275440
"female","45-49","sc_car_ylls_ap_LRI_lb",-0.6878,"bogota","Car",NA,NA,"L3: LRI","AP",254843
"female","50-54","sc_car_ylls_ap_LRI_lb",-0.46844,"bogota","Car",NA,NA,"L3: LRI","AP",256059
"female","55-59","sc_car_ylls_ap_LRI_lb",-0.58063,"bogota","Car",NA,NA,"L3: LRI","AP",235548
"female","60-64","sc_car_ylls_ap_LRI_lb",-0.60929,"bogota","Car",NA,NA,"L3: LRI","AP",189600
"female","65-69","sc_car_ylls_ap_LRI_lb",-0.5253,"bogota","Car",NA,NA,"L3: LRI","AP",141409
"male","15-19","sc_bus_ylls_ap_LRI_lb",0.26746,"bogota","Bus",NA,NA,"L3: LRI","AP",282736
"male","20-24","sc_bus_ylls_ap_LRI_lb",0.31223,"bogota","Bus",NA,NA,"L3: LRI","AP",357934
"male","25-29","sc_bus_ylls_ap_LRI_lb",0.47978,"bogota","Bus",NA,NA,"L3: LRI","AP",360031
"male","30-34","sc_bus_ylls_ap_LRI_lb",0.47029,"bogota","Bus",NA,NA,"L3: LRI","AP",321492
"male","35-39","sc_bus_ylls_ap_LRI_lb",0.55573,"bogota","Bus",NA,NA,"L3: LRI","AP",289808
"male","40-44","sc_bus_ylls_ap_LRI_lb",0.50994,"bogota","Bus",NA,NA,"L3: LRI","AP",244543
"male","45-49","sc_bus_ylls_ap_LRI_lb",0.53394,"bogota","Bus",NA,NA,"L3: LRI","AP",215491
"male","50-54","sc_bus_ylls_ap_LRI_lb",0.67733,"bogota","Bus",NA,NA,"L3: LRI","AP",209137
"male","55-59","sc_bus_ylls_ap_LRI_lb",0.86871,"bogota","Bus",NA,NA,"L3: LRI","AP",187551
"male","60-64","sc_bus_ylls_ap_LRI_lb",1.06397,"bogota","Bus",NA,NA,"L3: LRI","AP",146500
"male","65-69","sc_bus_ylls_ap_LRI_lb",1.068,"bogota","Bus",NA,NA,"L3: LRI","AP",105412
"female","15-19","sc_bus_ylls_ap_LRI_lb",0.0775,"bogota","Bus",NA,NA,"L3: LRI","AP",279280
"female","20-24","sc_bus_ylls_ap_LRI_lb",0.19259,"bogota","Bus",NA,NA,"L3: LRI","AP",360197
"female","25-29","sc_bus_ylls_ap_LRI_lb",0.20251,"bogota","Bus",NA,NA,"L3: LRI","AP",364423
"female","30-34","sc_bus_ylls_ap_LRI_lb",0.2681,"bogota","Bus",NA,NA,"L3: LRI","AP",330341
"female","35-39","sc_bus_ylls_ap_LRI_lb",0.32435,"bogota","Bus",NA,NA,"L3: LRI","AP",309304
"female","40-44","sc_bus_ylls_ap_LRI_lb",0.29373,"bogota","Bus",NA,NA,"L3: LRI","AP",275440
"female","45-49","sc_bus_ylls_ap_LRI_lb",0.27285,"bogota","Bus",NA,NA,"L3: LRI","AP",254843
"female","50-54","sc_bus_ylls_ap_LRI_lb",0.26088,"bogota","Bus",NA,NA,"L3: LRI","AP",256059
"female","55-59","sc_bus_ylls_ap_LRI_lb",0.39206,"bogota","Bus",NA,NA,"L3: LRI","AP",235548
"female","60-64","sc_bus_ylls_ap_LRI_lb",0.4615,"bogota","Bus",NA,NA,"L3: LRI","AP",189600
"female","65-69","sc_bus_ylls_ap_LRI_lb",0.42479,"bogota","Bus",NA,NA,"L3: LRI","AP",141409
"male","15-19","sc_cycle_ylls_ap_LRI_ub",-0.36531,"bogota","Cycling",NA,NA,"L3: LRI","AP",282736
"male","20-24","sc_cycle_ylls_ap_LRI_ub",-0.77979,"bogota","Cycling",NA,NA,"L3: LRI","AP",357934
"male","25-29","sc_cycle_ylls_ap_LRI_ub",-0.96866,"bogota","Cycling",NA,NA,"L3: LRI","AP",360031
"male","30-34","sc_cycle_ylls_ap_LRI_ub",-0.6547,"bogota","Cycling",NA,NA,"L3: LRI","AP",321492
"male","35-39","sc_cycle_ylls_ap_LRI_ub",-0.60256,"bogota","Cycling",NA,NA,"L3: LRI","AP",289808
"male","40-44","sc_cycle_ylls_ap_LRI_ub",-0.63867,"bogota","Cycling",NA,NA,"L3: LRI","AP",244543
"male","45-49","sc_cycle_ylls_ap_LRI_ub",-0.56566,"bogota","Cycling",NA,NA,"L3: LRI","AP",215491
"male","50-54","sc_cycle_ylls_ap_LRI_ub",-0.89327,"bogota","Cycling",NA,NA,"L3: LRI","AP",209137
"male","55-59","sc_cycle_ylls_ap_LRI_ub",-1.10712,"bogota","Cycling",NA,NA,"L3: LRI","AP",187551
"male","60-64","sc_cycle_ylls_ap_LRI_ub",-1.3123,"bogota","Cycling",NA,NA,"L3: LRI","AP",146500
"male","65-69","sc_cycle_ylls_ap_LRI_ub",-1.08464,"bogota","Cycling",NA,NA,"L3: LRI","AP",105412
"female","15-19","sc_cycle_ylls_ap_LRI_ub",-0.41226,"bogota","Cycling",NA,NA,"L3: LRI","AP",279280
"female","20-24","sc_cycle_ylls_ap_LRI_ub",-0.66918,"bogota","Cycling",NA,NA,"L3: LRI","AP",360197
"female","25-29","sc_cycle_ylls_ap_LRI_ub",-0.75916,"bogota","Cycling",NA,NA,"L3: LRI","AP",364423
"female","30-34","sc_cycle_ylls_ap_LRI_ub",-0.74369,"bogota","Cycling",NA,NA,"L3: LRI","AP",330341
"female","35-39","sc_cycle_ylls_ap_LRI_ub",-0.73926,"bogota","Cycling",NA,NA,"L3: LRI","AP",309304
"female","40-44","sc_cycle_ylls_ap_LRI_ub",-0.79531,"bogota","Cycling",NA,NA,"L3: LRI","AP",275440
"female","45-49","sc_cycle_ylls_ap_LRI_ub",-0.74544,"bogota","Cycling",NA,NA,"L3: LRI","AP",254843
"female","50-54","sc_cycle_ylls_ap_LRI_ub",-1.10567,"bogota","Cycling",NA,NA,"L3: LRI","AP",256059
"female","55-59","sc_cycle_ylls_ap_LRI_ub",-1.46768,"bogota","Cycling",NA,NA,"L3: LRI","AP",235548
"female","60-64","sc_cycle_ylls_ap_LRI_ub",-1.52352,"bogota","Cycling",NA,NA,"L3: LRI","AP",189600
"female","65-69","sc_cycle_ylls_ap_LRI_ub",-1.28924,"bogota","Cycling",NA,NA,"L3: LRI","AP",141409
"male","15-19","sc_car_ylls_ap_LRI_ub",-0.041,"bogota","Car",NA,NA,"L3: LRI","AP",282736
"male","20-24","sc_car_ylls_ap_LRI_ub",-0.43723,"bogota","Car",NA,NA,"L3: LRI","AP",357934
"male","25-29","sc_car_ylls_ap_LRI_ub",-0.54829,"bogota","Car",NA,NA,"L3: LRI","AP",360031
"male","30-34","sc_car_ylls_ap_LRI_ub",-0.61913,"bogota","Car",NA,NA,"L3: LRI","AP",321492
"male","35-39","sc_car_ylls_ap_LRI_ub",-0.61396,"bogota","Car",NA,NA,"L3: LRI","AP",289808
"male","40-44","sc_car_ylls_ap_LRI_ub",-0.56588,"bogota","Car",NA,NA,"L3: LRI","AP",244543
"male","45-49","sc_car_ylls_ap_LRI_ub",-0.59654,"bogota","Car",NA,NA,"L3: LRI","AP",215491
"male","50-54","sc_car_ylls_ap_LRI_ub",-0.39521,"bogota","Car",NA,NA,"L3: LRI","AP",209137
"male","55-59","sc_car_ylls_ap_LRI_ub",-0.31819,"bogota","Car",NA,NA,"L3: LRI","AP",187551
"male","60-64","sc_car_ylls_ap_LRI_ub",-0.47935,"bogota","Car",NA,NA,"L3: LRI","AP",146500
"male","65-69","sc_car_ylls_ap_LRI_ub",-0.49192,"bogota","Car",NA,NA,"L3: LRI","AP",105412
"female","15-19","sc_car_ylls_ap_LRI_ub",-0.11503,"bogota","Car",NA,NA,"L3: LRI","AP",279280
"female","20-24","sc_car_ylls_ap_LRI_ub",-0.41408,"bogota","Car",NA,NA,"L3: LRI","AP",360197
"female","25-29","sc_car_ylls_ap_LRI_ub",-0.5115,"bogota","Car",NA,NA,"L3: LRI","AP",364423
"female","30-34","sc_car_ylls_ap_LRI_ub",-0.51377,"bogota","Car",NA,NA,"L3: LRI","AP",330341
"female","35-39","sc_car_ylls_ap_LRI_ub",-0.52519,"bogota","Car",NA,NA,"L3: LRI","AP",309304
"female","40-44","sc_car_ylls_ap_LRI_ub",-0.64504,"bogota","Car",NA,NA,"L3: LRI","AP",275440
"female","45-49","sc_car_ylls_ap_LRI_ub",-0.6878,"bogota","Car",NA,NA,"L3: LRI","AP",254843
"female","50-54","sc_car_ylls_ap_LRI_ub",-0.46844,"bogota","Car",NA,NA,"L3: LRI","AP",256059
"female","55-59","sc_car_ylls_ap_LRI_ub",-0.58063,"bogota","Car",NA,NA,"L3: LRI","AP",235548
"female","60-64","sc_car_ylls_ap_LRI_ub",-0.60929,"bogota","Car",NA,NA,"L3: LRI","AP",189600
"female","65-69","sc_car_ylls_ap_LRI_ub",-0.5253,"bogota","Car",NA,NA,"L3: LRI","AP",141409
"male","15-19","sc_bus_ylls_ap_LRI_ub",0.26746,"bogota","Bus",NA,NA,"L3: LRI","AP",282736
"male","20-24","sc_bus_ylls_ap_LRI_ub",0.31223,"bogota","Bus",NA,NA,"L3: LRI","AP",357934
"male","25-29","sc_bus_ylls_ap_LRI_ub",0.47978,"bogota","Bus",NA,NA,"L3: LRI","AP",360031
"male","30-34","sc_bus_ylls_ap_LRI_ub",0.47029,"bogota","Bus",NA,NA,"L3: LRI","AP",321492
"male","35-39","sc_bus_ylls_ap_LRI_ub",0.55573,"bogota","Bus",NA,NA,"L3: LRI","AP",289808
"male","40-44","sc_bus_ylls_ap_LRI_ub",0.50994,"bogota","Bus",NA,NA,"L3: LRI","AP",244543
"male","45-49","sc_bus_ylls_ap_LRI_ub",0.53394,"bogota","Bus",NA,NA,"L3: LRI","AP",215491
"male","50-54","sc_bus_ylls_ap_LRI_ub",0.67733,"bogota","Bus",NA,NA,"L3: LRI","AP",209137
"male","55-59","sc_bus_ylls_ap_LRI_ub",0.86871,"bogota","Bus",NA,NA,"L3: LRI","AP",187551
"male","60-64","sc_bus_ylls_ap_LRI_ub",1.06397,"bogota","Bus",NA,NA,"L3: LRI","AP",146500
"male","65-69","sc_bus_ylls_ap_LRI_ub",1.068,"bogota","Bus",NA,NA,"L3: LRI","AP",105412
"female","15-19","sc_bus_ylls_ap_LRI_ub",0.0775,"bogota","Bus",NA,NA,"L3: LRI","AP",279280
"female","20-24","sc_bus_ylls_ap_LRI_ub",0.19259,"bogota","Bus",NA,NA,"L3: LRI","AP",360197
"female","25-29","sc_bus_ylls_ap_LRI_ub",0.20251,"bogota","Bus",NA,NA,"L3: LRI","AP",364423
"female","30-34","sc_bus_ylls_ap_LRI_ub",0.2681,"bogota","Bus",NA,NA,"L3: LRI","AP",330341
"female","35-39","sc_bus_ylls_ap_LRI_ub",0.32435,"bogota","Bus",NA,NA,"L3: LRI","AP",309304
"female","40-44","sc_bus_ylls_ap_LRI_ub",0.29373,"bogota","Bus",NA,NA,"L3: LRI","AP",275440
"female","45-49","sc_bus_ylls_ap_LRI_ub",0.27285,"bogota","Bus",NA,NA,"L3: LRI","AP",254843
"female","50-54","sc_bus_ylls_ap_LRI_ub",0.26088,"bogota","Bus",NA,NA,"L3: LRI","AP",256059
"female","55-59","sc_bus_ylls_ap_LRI_ub",0.39206,"bogota","Bus",NA,NA,"L3: LRI","AP",235548
"female","60-64","sc_bus_ylls_ap_LRI_ub",0.4615,"bogota","Bus",NA,NA,"L3: LRI","AP",189600
"female","65-69","sc_bus_ylls_ap_LRI_ub",0.42479,"bogota","Bus",NA,NA,"L3: LRI","AP",141409
"male","15-19","sc_cycle_ylls_pa_breast_cancer",0.00443,"bogota","Cycling",NA,NA,"L3: breast_cancer","PA",282736
"male","20-24","sc_cycle_ylls_pa_breast_cancer",0.01326,"bogota","Cycling",NA,NA,"L3: breast_cancer","PA",357934
"male","25-29","sc_cycle_ylls_pa_breast_cancer",0.01218,"bogota","Cycling",NA,NA,"L3: breast_cancer","PA",360031
"male","30-34","sc_cycle_ylls_pa_breast_cancer",0.00997,"bogota","Cycling",NA,NA,"L3: breast_cancer","PA",321492
"male","35-39","sc_cycle_ylls_pa_breast_cancer",0.00975,"bogota","Cycling",NA,NA,"L3: breast_cancer","PA",289808
"male","40-44","sc_cycle_ylls_pa_breast_cancer",0.01613,"bogota","Cycling",NA,NA,"L3: breast_cancer","PA",244543
"male","45-49","sc_cycle_ylls_pa_breast_cancer",0.02127,"bogota","Cycling",NA,NA,"L3: breast_cancer","PA",215491
"male","50-54","sc_cycle_ylls_pa_breast_cancer",0.02969,"bogota","Cycling",NA,NA,"L3: breast_cancer","PA",209137
"male","55-59","sc_cycle_ylls_pa_breast_cancer",0.03648,"bogota","Cycling",NA,NA,"L3: breast_cancer","PA",187551
"male","60-64","sc_cycle_ylls_pa_breast_cancer",0.05815,"bogota","Cycling",NA,NA,"L3: breast_cancer","PA",146500
"male","65-69","sc_cycle_ylls_pa_breast_cancer",0.05307,"bogota","Cycling",NA,NA,"L3: breast_cancer","PA",105412
"female","15-19","sc_cycle_ylls_pa_breast_cancer",0.09376,"bogota","Cycling",NA,NA,"L3: breast_cancer","PA",279280
"female","20-24","sc_cycle_ylls_pa_breast_cancer",0.46646,"bogota","Cycling",NA,NA,"L3: breast_cancer","PA",360197
"female","25-29","sc_cycle_ylls_pa_breast_cancer",1.5401,"bogota","Cycling",NA,NA,"L3: breast_cancer","PA",364423
"female","30-34","sc_cycle_ylls_pa_breast_cancer",4.84778,"bogota","Cycling",NA,NA,"L3: breast_cancer","PA",330341
"female","35-39","sc_cycle_ylls_pa_breast_cancer",7.35911,"bogota","Cycling",NA,NA,"L3: breast_cancer","PA",309304
"female","40-44","sc_cycle_ylls_pa_breast_cancer",11.09263,"bogota","Cycling",NA,NA,"L3: breast_cancer","PA",275440
"female","45-49","sc_cycle_ylls_pa_breast_cancer",15.44671,"bogota","Cycling",NA,NA,"L3: breast_cancer","PA",254843
"female","50-54","sc_cycle_ylls_pa_breast_cancer",20.88549,"bogota","Cycling",NA,NA,"L3: breast_cancer","PA",256059
"female","55-59","sc_cycle_ylls_pa_breast_cancer",22.36731,"bogota","Cycling",NA,NA,"L3: breast_cancer","PA",235548
"female","60-64","sc_cycle_ylls_pa_breast_cancer",15.48094,"bogota","Cycling",NA,NA,"L3: breast_cancer","PA",189600
"female","65-69","sc_cycle_ylls_pa_breast_cancer",10.32536,"bogota","Cycling",NA,NA,"L3: breast_cancer","PA",141409
"male","15-19","sc_car_ylls_pa_breast_cancer",-0.00281,"bogota","Car",NA,NA,"L3: breast_cancer","PA",282736
"male","20-24","sc_car_ylls_pa_breast_cancer",-0.00427,"bogota","Car",NA,NA,"L3: breast_cancer","PA",357934
"male","25-29","sc_car_ylls_pa_breast_cancer",-0.0053,"bogota","Car",NA,NA,"L3: breast_cancer","PA",360031
"male","30-34","sc_car_ylls_pa_breast_cancer",-0.00299,"bogota","Car",NA,NA,"L3: breast_cancer","PA",321492
"male","35-39","sc_car_ylls_pa_breast_cancer",-0.00312,"bogota","Car",NA,NA,"L3: breast_cancer","PA",289808
"male","40-44","sc_car_ylls_pa_breast_cancer",-0.00691,"bogota","Car",NA,NA,"L3: breast_cancer","PA",244543
"male","45-49","sc_car_ylls_pa_breast_cancer",-0.00897,"bogota","Car",NA,NA,"L3: breast_cancer","PA",215491
"male","50-54","sc_car_ylls_pa_breast_cancer",-0.01075,"bogota","Car",NA,NA,"L3: breast_cancer","PA",209137
"male","55-59","sc_car_ylls_pa_breast_cancer",-0.01791,"bogota","Car",NA,NA,"L3: breast_cancer","PA",187551
"male","60-64","sc_car_ylls_pa_breast_cancer",-0.01671,"bogota","Car",NA,NA,"L3: breast_cancer","PA",146500
"male","65-69","sc_car_ylls_pa_breast_cancer",-0.01924,"bogota","Car",NA,NA,"L3: breast_cancer","PA",105412
"female","15-19","sc_car_ylls_pa_breast_cancer",-0.01594,"bogota","Car",NA,NA,"L3: breast_cancer","PA",279280
"female","20-24","sc_car_ylls_pa_breast_cancer",-0.08724,"bogota","Car",NA,NA,"L3: breast_cancer","PA",360197
"female","25-29","sc_car_ylls_pa_breast_cancer",-0.28474,"bogota","Car",NA,NA,"L3: breast_cancer","PA",364423
"female","30-34","sc_car_ylls_pa_breast_cancer",-0.88648,"bogota","Car",NA,NA,"L3: breast_cancer","PA",330341
"female","35-39","sc_car_ylls_pa_breast_cancer",-1.30881,"bogota","Car",NA,NA,"L3: breast_cancer","PA",309304
"female","40-44","sc_car_ylls_pa_breast_cancer",-2.11148,"bogota","Car",NA,NA,"L3: breast_cancer","PA",275440
"female","45-49","sc_car_ylls_pa_breast_cancer",-2.59044,"bogota","Car",NA,NA,"L3: breast_cancer","PA",254843
"female","50-54","sc_car_ylls_pa_breast_cancer",-1.81185,"bogota","Car",NA,NA,"L3: breast_cancer","PA",256059
"female","55-59","sc_car_ylls_pa_breast_cancer",-1.96812,"bogota","Car",NA,NA,"L3: breast_cancer","PA",235548
"female","60-64","sc_car_ylls_pa_breast_cancer",-1.52628,"bogota","Car",NA,NA,"L3: breast_cancer","PA",189600
"female","65-69","sc_car_ylls_pa_breast_cancer",-1.11163,"bogota","Car",NA,NA,"L3: breast_cancer","PA",141409
"male","15-19","sc_bus_ylls_pa_breast_cancer",-0.00359,"bogota","Bus",NA,NA,"L3: breast_cancer","PA",282736
"male","20-24","sc_bus_ylls_pa_breast_cancer",-0.00653,"bogota","Bus",NA,NA,"L3: breast_cancer","PA",357934
"male","25-29","sc_bus_ylls_pa_breast_cancer",-0.00766,"bogota","Bus",NA,NA,"L3: breast_cancer","PA",360031
"male","30-34","sc_bus_ylls_pa_breast_cancer",-0.00671,"bogota","Bus",NA,NA,"L3: breast_cancer","PA",321492
"male","35-39","sc_bus_ylls_pa_breast_cancer",-0.00588,"bogota","Bus",NA,NA,"L3: breast_cancer","PA",289808
"male","40-44","sc_bus_ylls_pa_breast_cancer",-0.0093,"bogota","Bus",NA,NA,"L3: breast_cancer","PA",244543
"male","45-49","sc_bus_ylls_pa_breast_cancer",-0.01276,"bogota","Bus",NA,NA,"L3: breast_cancer","PA",215491
"male","50-54","sc_bus_ylls_pa_breast_cancer",-0.01845,"bogota","Bus",NA,NA,"L3: breast_cancer","PA",209137
"male","55-59","sc_bus_ylls_pa_breast_cancer",-0.0261,"bogota","Bus",NA,NA,"L3: breast_cancer","PA",187551
"male","60-64","sc_bus_ylls_pa_breast_cancer",-0.03587,"bogota","Bus",NA,NA,"L3: breast_cancer","PA",146500
"male","65-69","sc_bus_ylls_pa_breast_cancer",-0.02316,"bogota","Bus",NA,NA,"L3: breast_cancer","PA",105412
"female","15-19","sc_bus_ylls_pa_breast_cancer",-0.01499,"bogota","Bus",NA,NA,"L3: breast_cancer","PA",279280
"female","20-24","sc_bus_ylls_pa_breast_cancer",-0.11888,"bogota","Bus",NA,NA,"L3: breast_cancer","PA",360197
"female","25-29","sc_bus_ylls_pa_breast_cancer",-0.38294,"bogota","Bus",NA,NA,"L3: breast_cancer","PA",364423
"female","30-34","sc_bus_ylls_pa_breast_cancer",-1.05413,"bogota","Bus",NA,NA,"L3: breast_cancer","PA",330341
"female","35-39","sc_bus_ylls_pa_breast_cancer",-1.77437,"bogota","Bus",NA,NA,"L3: breast_cancer","PA",309304
"female","40-44","sc_bus_ylls_pa_breast_cancer",-2.6677,"bogota","Bus",NA,NA,"L3: breast_cancer","PA",275440
"female","45-49","sc_bus_ylls_pa_breast_cancer",-3.19466,"bogota","Bus",NA,NA,"L3: breast_cancer","PA",254843
"female","50-54","sc_bus_ylls_pa_breast_cancer",-1.98841,"bogota","Bus",NA,NA,"L3: breast_cancer","PA",256059
"female","55-59","sc_bus_ylls_pa_breast_cancer",-2.33316,"bogota","Bus",NA,NA,"L3: breast_cancer","PA",235548
"female","60-64","sc_bus_ylls_pa_breast_cancer",-1.85904,"bogota","Bus",NA,NA,"L3: breast_cancer","PA",189600
"female","65-69","sc_bus_ylls_pa_breast_cancer",-1.30615,"bogota","Bus",NA,NA,"L3: breast_cancer","PA",141409
"male","15-19","sc_cycle_ylls_pa_breast_cancer_lb",0.00547,"bogota","Cycling",NA,NA,"L3: breast_cancer","PA",282736
"male","20-24","sc_cycle_ylls_pa_breast_cancer_lb",0.01683,"bogota","Cycling",NA,NA,"L3: breast_cancer","PA",357934
"male","25-29","sc_cycle_ylls_pa_breast_cancer_lb",0.01262,"bogota","Cycling",NA,NA,"L3: breast_cancer","PA",360031
"male","30-34","sc_cycle_ylls_pa_breast_cancer_lb",0.01141,"bogota","Cycling",NA,NA,"L3: breast_cancer","PA",321492
"male","35-39","sc_cycle_ylls_pa_breast_cancer_lb",0.01085,"bogota","Cycling",NA,NA,"L3: breast_cancer","PA",289808
"male","40-44","sc_cycle_ylls_pa_breast_cancer_lb",0.01739,"bogota","Cycling",NA,NA,"L3: breast_cancer","PA",244543
"male","45-49","sc_cycle_ylls_pa_breast_cancer_lb",0.02304,"bogota","Cycling",NA,NA,"L3: breast_cancer","PA",215491
"male","50-54","sc_cycle_ylls_pa_breast_cancer_lb",0.02517,"bogota","Cycling",NA,NA,"L3: breast_cancer","PA",209137
"male","55-59","sc_cycle_ylls_pa_breast_cancer_lb",0.03022,"bogota","Cycling",NA,NA,"L3: breast_cancer","PA",187551
"male","60-64","sc_cycle_ylls_pa_breast_cancer_lb",0.06107,"bogota","Cycling",NA,NA,"L3: breast_cancer","PA",146500
"male","65-69","sc_cycle_ylls_pa_breast_cancer_lb",0.05749,"bogota","Cycling",NA,NA,"L3: breast_cancer","PA",105412
"female","15-19","sc_cycle_ylls_pa_breast_cancer_lb",0.11837,"bogota","Cycling",NA,NA,"L3: breast_cancer","PA",279280
"female","20-24","sc_cycle_ylls_pa_breast_cancer_lb",0.55653,"bogota","Cycling",NA,NA,"L3: breast_cancer","PA",360197
"female","25-29","sc_cycle_ylls_pa_breast_cancer_lb",1.85997,"bogota","Cycling",NA,NA,"L3: breast_cancer","PA",364423
"female","30-34","sc_cycle_ylls_pa_breast_cancer_lb",5.48112,"bogota","Cycling",NA,NA,"L3: breast_cancer","PA",330341
"female","35-39","sc_cycle_ylls_pa_breast_cancer_lb",7.44819,"bogota","Cycling",NA,NA,"L3: breast_cancer","PA",309304
"female","40-44","sc_cycle_ylls_pa_breast_cancer_lb",11.55654,"bogota","Cycling",NA,NA,"L3: breast_cancer","PA",275440
"female","45-49","sc_cycle_ylls_pa_breast_cancer_lb",16.4354,"bogota","Cycling",NA,NA,"L3: breast_cancer","PA",254843
"female","50-54","sc_cycle_ylls_pa_breast_cancer_lb",22.57697,"bogota","Cycling",NA,NA,"L3: breast_cancer","PA",256059
"female","55-59","sc_cycle_ylls_pa_breast_cancer_lb",24.48773,"bogota","Cycling",NA,NA,"L3: breast_cancer","PA",235548
"female","60-64","sc_cycle_ylls_pa_breast_cancer_lb",16.37769,"bogota","Cycling",NA,NA,"L3: breast_cancer","PA",189600
"female","65-69","sc_cycle_ylls_pa_breast_cancer_lb",10.96146,"bogota","Cycling",NA,NA,"L3: breast_cancer","PA",141409
"male","15-19","sc_car_ylls_pa_breast_cancer_lb",-0.00381,"bogota","Car",NA,NA,"L3: breast_cancer","PA",282736
"male","20-24","sc_car_ylls_pa_breast_cancer_lb",-0.00504,"bogota","Car",NA,NA,"L3: breast_cancer","PA",357934
"male","25-29","sc_car_ylls_pa_breast_cancer_lb",-0.00692,"bogota","Car",NA,NA,"L3: breast_cancer","PA",360031
"male","30-34","sc_car_ylls_pa_breast_cancer_lb",-0.00346,"bogota","Car",NA,NA,"L3: breast_cancer","PA",321492
"male","35-39","sc_car_ylls_pa_breast_cancer_lb",-0.00235,"bogota","Car",NA,NA,"L3: breast_cancer","PA",289808
"male","40-44","sc_car_ylls_pa_breast_cancer_lb",-0.00959,"bogota","Car",NA,NA,"L3: breast_cancer","PA",244543
"male","45-49","sc_car_ylls_pa_breast_cancer_lb",-0.01138,"bogota","Car",NA,NA,"L3: breast_cancer","PA",215491
"male","50-54","sc_car_ylls_pa_breast_cancer_lb",-0.01154,"bogota","Car",NA,NA,"L3: breast_cancer","PA",209137
"male","55-59","sc_car_ylls_pa_breast_cancer_lb",-0.02051,"bogota","Car",NA,NA,"L3: breast_cancer","PA",187551
"male","60-64","sc_car_ylls_pa_breast_cancer_lb",-0.01664,"bogota","Car",NA,NA,"L3: breast_cancer","PA",146500
"male","65-69","sc_car_ylls_pa_breast_cancer_lb",-0.01851,"bogota","Car",NA,NA,"L3: breast_cancer","PA",105412
"female","15-19","sc_car_ylls_pa_breast_cancer_lb",-0.0204,"bogota","Car",NA,NA,"L3: breast_cancer","PA",279280
"female","20-24","sc_car_ylls_pa_breast_cancer_lb",-0.12547,"bogota","Car",NA,NA,"L3: breast_cancer","PA",360197
"female","25-29","sc_car_ylls_pa_breast_cancer_lb",-0.37002,"bogota","Car",NA,NA,"L3: breast_cancer","PA",364423
"female","30-34","sc_car_ylls_pa_breast_cancer_lb",-1.02912,"bogota","Car",NA,NA,"L3: breast_cancer","PA",330341
"female","35-39","sc_car_ylls_pa_breast_cancer_lb",-1.42299,"bogota","Car",NA,NA,"L3: breast_cancer","PA",309304
"female","40-44","sc_car_ylls_pa_breast_cancer_lb",-2.44605,"bogota","Car",NA,NA,"L3: breast_cancer","PA",275440
"female","45-49","sc_car_ylls_pa_breast_cancer_lb",-2.91813,"bogota","Car",NA,NA,"L3: breast_cancer","PA",254843
"female","50-54","sc_car_ylls_pa_breast_cancer_lb",-2.68302,"bogota","Car",NA,NA,"L3: breast_cancer","PA",256059
"female","55-59","sc_car_ylls_pa_breast_cancer_lb",-2.73324,"bogota","Car",NA,NA,"L3: breast_cancer","PA",235548
"female","60-64","sc_car_ylls_pa_breast_cancer_lb",-2.27595,"bogota","Car",NA,NA,"L3: breast_cancer","PA",189600
"female","65-69","sc_car_ylls_pa_breast_cancer_lb",-1.57985,"bogota","Car",NA,NA,"L3: breast_cancer","PA",141409
"male","15-19","sc_bus_ylls_pa_breast_cancer_lb",-0.00398,"bogota","Bus",NA,NA,"L3: breast_cancer","PA",282736
"male","20-24","sc_bus_ylls_pa_breast_cancer_lb",-0.00804,"bogota","Bus",NA,NA,"L3: breast_cancer","PA",357934
"male","25-29","sc_bus_ylls_pa_breast_cancer_lb",-0.00898,"bogota","Bus",NA,NA,"L3: breast_cancer","PA",360031
"male","30-34","sc_bus_ylls_pa_breast_cancer_lb",-0.00867,"bogota","Bus",NA,NA,"L3: breast_cancer","PA",321492
"male","35-39","sc_bus_ylls_pa_breast_cancer_lb",-0.00591,"bogota","Bus",NA,NA,"L3: breast_cancer","PA",289808
"male","40-44","sc_bus_ylls_pa_breast_cancer_lb",-0.0096,"bogota","Bus",NA,NA,"L3: breast_cancer","PA",244543
"male","45-49","sc_bus_ylls_pa_breast_cancer_lb",-0.01274,"bogota","Bus",NA,NA,"L3: breast_cancer","PA",215491
"male","50-54","sc_bus_ylls_pa_breast_cancer_lb",-0.0165,"bogota","Bus",NA,NA,"L3: breast_cancer","PA",209137
"male","55-59","sc_bus_ylls_pa_breast_cancer_lb",-0.03168,"bogota","Bus",NA,NA,"L3: breast_cancer","PA",187551
"male","60-64","sc_bus_ylls_pa_breast_cancer_lb",-0.04479,"bogota","Bus",NA,NA,"L3: breast_cancer","PA",146500
"male","65-69","sc_bus_ylls_pa_breast_cancer_lb",-0.01725,"bogota","Bus",NA,NA,"L3: breast_cancer","PA",105412
"female","15-19","sc_bus_ylls_pa_breast_cancer_lb",-0.01333,"bogota","Bus",NA,NA,"L3: breast_cancer","PA",279280
"female","20-24","sc_bus_ylls_pa_breast_cancer_lb",-0.15071,"bogota","Bus",NA,NA,"L3: breast_cancer","PA",360197
"female","25-29","sc_bus_ylls_pa_breast_cancer_lb",-0.44224,"bogota","Bus",NA,NA,"L3: breast_cancer","PA",364423
"female","30-34","sc_bus_ylls_pa_breast_cancer_lb",-1.05467,"bogota","Bus",NA,NA,"L3: breast_cancer","PA",330341
"female","35-39","sc_bus_ylls_pa_breast_cancer_lb",-1.87603,"bogota","Bus",NA,NA,"L3: breast_cancer","PA",309304
"female","40-44","sc_bus_ylls_pa_breast_cancer_lb",-3.12049,"bogota","Bus",NA,NA,"L3: breast_cancer","PA",275440
"female","45-49","sc_bus_ylls_pa_breast_cancer_lb",-3.276,"bogota","Bus",NA,NA,"L3: breast_cancer","PA",254843
"female","50-54","sc_bus_ylls_pa_breast_cancer_lb",-2.23414,"bogota","Bus",NA,NA,"L3: breast_cancer","PA",256059
"female","55-59","sc_bus_ylls_pa_breast_cancer_lb",-3.69536,"bogota","Bus",NA,NA,"L3: breast_cancer","PA",235548
"female","60-64","sc_bus_ylls_pa_breast_cancer_lb",-1.98279,"bogota","Bus",NA,NA,"L3: breast_cancer","PA",189600
"female","65-69","sc_bus_ylls_pa_breast_cancer_lb",-1.62093,"bogota","Bus",NA,NA,"L3: breast_cancer","PA",141409
"male","15-19","sc_cycle_ylls_pa_breast_cancer_ub",0.00363,"bogota","Cycling",NA,NA,"L3: breast_cancer","PA",282736
"male","20-24","sc_cycle_ylls_pa_breast_cancer_ub",0.01044,"bogota","Cycling",NA,NA,"L3: breast_cancer","PA",357934
"male","25-29","sc_cycle_ylls_pa_breast_cancer_ub",0.01225,"bogota","Cycling",NA,NA,"L3: breast_cancer","PA",360031
"male","30-34","sc_cycle_ylls_pa_breast_cancer_ub",0.00909,"bogota","Cycling",NA,NA,"L3: breast_cancer","PA",321492
"male","35-39","sc_cycle_ylls_pa_breast_cancer_ub",0.00918,"bogota","Cycling",NA,NA,"L3: breast_cancer","PA",289808
"male","40-44","sc_cycle_ylls_pa_breast_cancer_ub",0.01566,"bogota","Cycling",NA,NA,"L3: breast_cancer","PA",244543
"male","45-49","sc_cycle_ylls_pa_breast_cancer_ub",0.02064,"bogota","Cycling",NA,NA,"L3: breast_cancer","PA",215491
"male","50-54","sc_cycle_ylls_pa_breast_cancer_ub",0.03575,"bogota","Cycling",NA,NA,"L3: breast_cancer","PA",209137
"male","55-59","sc_cycle_ylls_pa_breast_cancer_ub",0.04441,"bogota","Cycling",NA,NA,"L3: breast_cancer","PA",187551
"male","60-64","sc_cycle_ylls_pa_breast_cancer_ub",0.0588,"bogota","Cycling",NA,NA,"L3: breast_cancer","PA",146500
"male","65-69","sc_cycle_ylls_pa_breast_cancer_ub",0.05049,"bogota","Cycling",NA,NA,"L3: breast_cancer","PA",105412
"female","15-19","sc_cycle_ylls_pa_breast_cancer_ub",0.0731,"bogota","Cycling",NA,NA,"L3: breast_cancer","PA",279280
"female","20-24","sc_cycle_ylls_pa_breast_cancer_ub",0.39537,"bogota","Cycling",NA,NA,"L3: breast_cancer","PA",360197
"female","25-29","sc_cycle_ylls_pa_breast_cancer_ub",1.2814,"bogota","Cycling",NA,NA,"L3: breast_cancer","PA",364423
"female","30-34","sc_cycle_ylls_pa_breast_cancer_ub",4.4554,"bogota","Cycling",NA,NA,"L3: breast_cancer","PA",330341
"female","35-39","sc_cycle_ylls_pa_breast_cancer_ub",7.54088,"bogota","Cycling",NA,NA,"L3: breast_cancer","PA",309304
"female","40-44","sc_cycle_ylls_pa_breast_cancer_ub",11.15326,"bogota","Cycling",NA,NA,"L3: breast_cancer","PA",275440
"female","45-49","sc_cycle_ylls_pa_breast_cancer_ub",15.13092,"bogota","Cycling",NA,NA,"L3: breast_cancer","PA",254843
"female","50-54","sc_cycle_ylls_pa_breast_cancer_ub",19.96734,"bogota","Cycling",NA,NA,"L3: breast_cancer","PA",256059
"female","55-59","sc_cycle_ylls_pa_breast_cancer_ub",21.12139,"bogota","Cycling",NA,NA,"L3: breast_cancer","PA",235548
"female","60-64","sc_cycle_ylls_pa_breast_cancer_ub",15.35768,"bogota","Cycling",NA,NA,"L3: breast_cancer","PA",189600
"female","65-69","sc_cycle_ylls_pa_breast_cancer_ub",10.14327,"bogota","Cycling",NA,NA,"L3: breast_cancer","PA",141409
"male","15-19","sc_car_ylls_pa_breast_cancer_ub",-0.00194,"bogota","Car",NA,NA,"L3: breast_cancer","PA",282736
"male","20-24","sc_car_ylls_pa_breast_cancer_ub",-0.00369,"bogota","Car",NA,NA,"L3: breast_cancer","PA",357934
"male","25-29","sc_car_ylls_pa_breast_cancer_ub",-0.00388,"bogota","Car",NA,NA,"L3: breast_cancer","PA",360031
"male","30-34","sc_car_ylls_pa_breast_cancer_ub",-0.00272,"bogota","Car",NA,NA,"L3: breast_cancer","PA",321492
"male","35-39","sc_car_ylls_pa_breast_cancer_ub",-0.00395,"bogota","Car",NA,NA,"L3: breast_cancer","PA",289808
"male","40-44","sc_car_ylls_pa_breast_cancer_ub",-0.00461,"bogota","Car",NA,NA,"L3: breast_cancer","PA",244543
"male","45-49","sc_car_ylls_pa_breast_cancer_ub",-0.00711,"bogota","Car",NA,NA,"L3: breast_cancer","PA",215491
"male","50-54","sc_car_ylls_pa_breast_cancer_ub",-0.0104,"bogota","Car",NA,NA,"L3: breast_cancer","PA",209137
"male","55-59","sc_car_ylls_pa_breast_cancer_ub",-0.01625,"bogota","Car",NA,NA,"L3: breast_cancer","PA",187551
"male","60-64","sc_car_ylls_pa_breast_cancer_ub",-0.01736,"bogota","Car",NA,NA,"L3: breast_cancer","PA",146500
"male","65-69","sc_car_ylls_pa_breast_cancer_ub",-0.02104,"bogota","Car",NA,NA,"L3: breast_cancer","PA",105412
"female","15-19","sc_car_ylls_pa_breast_cancer_ub",-0.01256,"bogota","Car",NA,NA,"L3: breast_cancer","PA",279280
"female","20-24","sc_car_ylls_pa_breast_cancer_ub",-0.05282,"bogota","Car",NA,NA,"L3: breast_cancer","PA",360197
"female","25-29","sc_car_ylls_pa_breast_cancer_ub",-0.20662,"bogota","Car",NA,NA,"L3: breast_cancer","PA",364423
"female","30-34","sc_car_ylls_pa_breast_cancer_ub",-0.78143,"bogota","Car",NA,NA,"L3: breast_cancer","PA",330341
"female","35-39","sc_car_ylls_pa_breast_cancer_ub",-1.21696,"bogota","Car",NA,NA,"L3: breast_cancer","PA",309304
"female","40-44","sc_car_ylls_pa_breast_cancer_ub",-1.87737,"bogota","Car",NA,NA,"L3: breast_cancer","PA",275440
"female","45-49","sc_car_ylls_pa_breast_cancer_ub",-2.4114,"bogota","Car",NA,NA,"L3: breast_cancer","PA",254843
"female","50-54","sc_car_ylls_pa_breast_cancer_ub",-1.01992,"bogota","Car",NA,NA,"L3: breast_cancer","PA",256059
"female","55-59","sc_car_ylls_pa_breast_cancer_ub",-1.30118,"bogota","Car",NA,NA,"L3: breast_cancer","PA",235548
"female","60-64","sc_car_ylls_pa_breast_cancer_ub",-0.85314,"bogota","Car",NA,NA,"L3: breast_cancer","PA",189600
"female","65-69","sc_car_ylls_pa_breast_cancer_ub",-0.73518,"bogota","Car",NA,NA,"L3: breast_cancer","PA",141409
"male","15-19","sc_bus_ylls_pa_breast_cancer_ub",-0.00337,"bogota","Bus",NA,NA,"L3: breast_cancer","PA",282736
"male","20-24","sc_bus_ylls_pa_breast_cancer_ub",-0.00535,"bogota","Bus",NA,NA,"L3: breast_cancer","PA",357934
"male","25-29","sc_bus_ylls_pa_breast_cancer_ub",-0.00669,"bogota","Bus",NA,NA,"L3: breast_cancer","PA",360031
"male","30-34","sc_bus_ylls_pa_breast_cancer_ub",-0.00521,"bogota","Bus",NA,NA,"L3: breast_cancer","PA",321492
"male","35-39","sc_bus_ylls_pa_breast_cancer_ub",-0.00616,"bogota","Bus",NA,NA,"L3: breast_cancer","PA",289808
"male","40-44","sc_bus_ylls_pa_breast_cancer_ub",-0.00933,"bogota","Bus",NA,NA,"L3: breast_cancer","PA",244543
"male","45-49","sc_bus_ylls_pa_breast_cancer_ub",-0.01316,"bogota","Bus",NA,NA,"L3: breast_cancer","PA",215491
"male","50-54","sc_bus_ylls_pa_breast_cancer_ub",-0.02098,"bogota","Bus",NA,NA,"L3: breast_cancer","PA",209137
"male","55-59","sc_bus_ylls_pa_breast_cancer_ub",-0.02229,"bogota","Bus",NA,NA,"L3: breast_cancer","PA",187551
"male","60-64","sc_bus_ylls_pa_breast_cancer_ub",-0.02904,"bogota","Bus",NA,NA,"L3: breast_cancer","PA",146500
"male","65-69","sc_bus_ylls_pa_breast_cancer_ub",-0.03002,"bogota","Bus",NA,NA,"L3: breast_cancer","PA",105412
"female","15-19","sc_bus_ylls_pa_breast_cancer_ub",-0.01702,"bogota","Bus",NA,NA,"L3: breast_cancer","PA",279280
"female","20-24","sc_bus_ylls_pa_breast_cancer_ub",-0.09001,"bogota","Bus",NA,NA,"L3: breast_cancer","PA",360197
"female","25-29","sc_bus_ylls_pa_breast_cancer_ub",-0.33798,"bogota","Bus",NA,NA,"L3: breast_cancer","PA",364423
"female","30-34","sc_bus_ylls_pa_breast_cancer_ub",-1.09334,"bogota","Bus",NA,NA,"L3: breast_cancer","PA",330341
"female","35-39","sc_bus_ylls_pa_breast_cancer_ub",-1.71089,"bogota","Bus",NA,NA,"L3: breast_cancer","PA",309304
"female","40-44","sc_bus_ylls_pa_breast_cancer_ub",-2.34736,"bogota","Bus",NA,NA,"L3: breast_cancer","PA",275440
"female","45-49","sc_bus_ylls_pa_breast_cancer_ub",-3.24807,"bogota","Bus",NA,NA,"L3: breast_cancer","PA",254843
"female","50-54","sc_bus_ylls_pa_breast_cancer_ub",-1.84174,"bogota","Bus",NA,NA,"L3: breast_cancer","PA",256059
"female","55-59","sc_bus_ylls_pa_breast_cancer_ub",-1.11045,"bogota","Bus",NA,NA,"L3: breast_cancer","PA",235548
"female","60-64","sc_bus_ylls_pa_breast_cancer_ub",-1.78188,"bogota","Bus",NA,NA,"L3: breast_cancer","PA",189600
"female","65-69","sc_bus_ylls_pa_breast_cancer_ub",-1.03606,"bogota","Bus",NA,NA,"L3: breast_cancer","PA",141409
"male","15-19","sc_cycle_ylls_pa_colon_cancer",0.05141,"bogota","Cycling",NA,NA,"L3: colon_cancer","PA",282736
"male","20-24","sc_cycle_ylls_pa_colon_cancer",0.28269,"bogota","Cycling",NA,NA,"L3: colon_cancer","PA",357934
"male","25-29","sc_cycle_ylls_pa_colon_cancer",0.48006,"bogota","Cycling",NA,NA,"L3: colon_cancer","PA",360031
"male","30-34","sc_cycle_ylls_pa_colon_cancer",0.63262,"bogota","Cycling",NA,NA,"L3: colon_cancer","PA",321492
"male","35-39","sc_cycle_ylls_pa_colon_cancer",0.64704,"bogota","Cycling",NA,NA,"L3: colon_cancer","PA",289808
"male","40-44","sc_cycle_ylls_pa_colon_cancer",0.81728,"bogota","Cycling",NA,NA,"L3: colon_cancer","PA",244543
"male","45-49","sc_cycle_ylls_pa_colon_cancer",1.02278,"bogota","Cycling",NA,NA,"L3: colon_cancer","PA",215491
"male","50-54","sc_cycle_ylls_pa_colon_cancer",1.17541,"bogota","Cycling",NA,NA,"L3: colon_cancer","PA",209137
"male","55-59","sc_cycle_ylls_pa_colon_cancer",1.57174,"bogota","Cycling",NA,NA,"L3: colon_cancer","PA",187551
"male","60-64","sc_cycle_ylls_pa_colon_cancer",2.3015,"bogota","Cycling",NA,NA,"L3: colon_cancer","PA",146500
"male","65-69","sc_cycle_ylls_pa_colon_cancer",2.06994,"bogota","Cycling",NA,NA,"L3: colon_cancer","PA",105412
"female","15-19","sc_cycle_ylls_pa_colon_cancer",0.06174,"bogota","Cycling",NA,NA,"L3: colon_cancer","PA",279280
"female","20-24","sc_cycle_ylls_pa_colon_cancer",0.36026,"bogota","Cycling",NA,NA,"L3: colon_cancer","PA",360197
"female","25-29","sc_cycle_ylls_pa_colon_cancer",0.65556,"bogota","Cycling",NA,NA,"L3: colon_cancer","PA",364423
"female","30-34","sc_cycle_ylls_pa_colon_cancer",0.933,"bogota","Cycling",NA,NA,"L3: colon_cancer","PA",330341
"female","35-39","sc_cycle_ylls_pa_colon_cancer",1.34306,"bogota","Cycling",NA,NA,"L3: colon_cancer","PA",309304
"female","40-44","sc_cycle_ylls_pa_colon_cancer",1.64904,"bogota","Cycling",NA,NA,"L3: colon_cancer","PA",275440
"female","45-49","sc_cycle_ylls_pa_colon_cancer",2.53246,"bogota","Cycling",NA,NA,"L3: colon_cancer","PA",254843
"female","50-54","sc_cycle_ylls_pa_colon_cancer",3.99073,"bogota","Cycling",NA,NA,"L3: colon_cancer","PA",256059
"female","55-59","sc_cycle_ylls_pa_colon_cancer",5.16066,"bogota","Cycling",NA,NA,"L3: colon_cancer","PA",235548
"female","60-64","sc_cycle_ylls_pa_colon_cancer",5.07958,"bogota","Cycling",NA,NA,"L3: colon_cancer","PA",189600
"female","65-69","sc_cycle_ylls_pa_colon_cancer",4.04212,"bogota","Cycling",NA,NA,"L3: colon_cancer","PA",141409
"male","15-19","sc_car_ylls_pa_colon_cancer",-0.03161,"bogota","Car",NA,NA,"L3: colon_cancer","PA",282736
"male","20-24","sc_car_ylls_pa_colon_cancer",-0.09245,"bogota","Car",NA,NA,"L3: colon_cancer","PA",357934
"male","25-29","sc_car_ylls_pa_colon_cancer",-0.19842,"bogota","Car",NA,NA,"L3: colon_cancer","PA",360031
"male","30-34","sc_car_ylls_pa_colon_cancer",-0.18889,"bogota","Car",NA,NA,"L3: colon_cancer","PA",321492
"male","35-39","sc_car_ylls_pa_colon_cancer",-0.22246,"bogota","Car",NA,NA,"L3: colon_cancer","PA",289808
"male","40-44","sc_car_ylls_pa_colon_cancer",-0.32946,"bogota","Car",NA,NA,"L3: colon_cancer","PA",244543
"male","45-49","sc_car_ylls_pa_colon_cancer",-0.41599,"bogota","Car",NA,NA,"L3: colon_cancer","PA",215491
"male","50-54","sc_car_ylls_pa_colon_cancer",-0.41157,"bogota","Car",NA,NA,"L3: colon_cancer","PA",209137
"male","55-59","sc_car_ylls_pa_colon_cancer",-0.7267,"bogota","Car",NA,NA,"L3: colon_cancer","PA",187551
"male","60-64","sc_car_ylls_pa_colon_cancer",-0.66863,"bogota","Car",NA,NA,"L3: colon_cancer","PA",146500
"male","65-69","sc_car_ylls_pa_colon_cancer",-0.76537,"bogota","Car",NA,NA,"L3: colon_cancer","PA",105412
"female","15-19","sc_car_ylls_pa_colon_cancer",-0.01049,"bogota","Car",NA,NA,"L3: colon_cancer","PA",279280
"female","20-24","sc_car_ylls_pa_colon_cancer",-0.0639,"bogota","Car",NA,NA,"L3: colon_cancer","PA",360197
"female","25-29","sc_car_ylls_pa_colon_cancer",-0.11964,"bogota","Car",NA,NA,"L3: colon_cancer","PA",364423
"female","30-34","sc_car_ylls_pa_colon_cancer",-0.17141,"bogota","Car",NA,NA,"L3: colon_cancer","PA",330341
"female","35-39","sc_car_ylls_pa_colon_cancer",-0.2381,"bogota","Car",NA,NA,"L3: colon_cancer","PA",309304
"female","40-44","sc_car_ylls_pa_colon_cancer",-0.30964,"bogota","Car",NA,NA,"L3: colon_cancer","PA",275440
"female","45-49","sc_car_ylls_pa_colon_cancer",-0.42066,"bogota","Car",NA,NA,"L3: colon_cancer","PA",254843
"female","50-54","sc_car_ylls_pa_colon_cancer",-0.31941,"bogota","Car",NA,NA,"L3: colon_cancer","PA",256059
"female","55-59","sc_car_ylls_pa_colon_cancer",-0.43109,"bogota","Car",NA,NA,"L3: colon_cancer","PA",235548
"female","60-64","sc_car_ylls_pa_colon_cancer",-0.45762,"bogota","Car",NA,NA,"L3: colon_cancer","PA",189600
"female","65-69","sc_car_ylls_pa_colon_cancer",-0.40406,"bogota","Car",NA,NA,"L3: colon_cancer","PA",141409
"male","15-19","sc_bus_ylls_pa_colon_cancer",-0.04274,"bogota","Bus",NA,NA,"L3: colon_cancer","PA",282736
"male","20-24","sc_bus_ylls_pa_colon_cancer",-0.14017,"bogota","Bus",NA,NA,"L3: colon_cancer","PA",357934
"male","25-29","sc_bus_ylls_pa_colon_cancer",-0.29404,"bogota","Bus",NA,NA,"L3: colon_cancer","PA",360031
"male","30-34","sc_bus_ylls_pa_colon_cancer",-0.41352,"bogota","Bus",NA,NA,"L3: colon_cancer","PA",321492
"male","35-39","sc_bus_ylls_pa_colon_cancer",-0.39923,"bogota","Bus",NA,NA,"L3: colon_cancer","PA",289808
"male","40-44","sc_bus_ylls_pa_colon_cancer",-0.47647,"bogota","Bus",NA,NA,"L3: colon_cancer","PA",244543
"male","45-49","sc_bus_ylls_pa_colon_cancer",-0.62412,"bogota","Bus",NA,NA,"L3: colon_cancer","PA",215491
"male","50-54","sc_bus_ylls_pa_colon_cancer",-0.72843,"bogota","Bus",NA,NA,"L3: colon_cancer","PA",209137
"male","55-59","sc_bus_ylls_pa_colon_cancer",-1.04225,"bogota","Bus",NA,NA,"L3: colon_cancer","PA",187551
"male","60-64","sc_bus_ylls_pa_colon_cancer",-1.3694,"bogota","Bus",NA,NA,"L3: colon_cancer","PA",146500
"male","65-69","sc_bus_ylls_pa_colon_cancer",-0.95044,"bogota","Bus",NA,NA,"L3: colon_cancer","PA",105412
"female","15-19","sc_bus_ylls_pa_colon_cancer",-0.01072,"bogota","Bus",NA,NA,"L3: colon_cancer","PA",279280
"female","20-24","sc_bus_ylls_pa_colon_cancer",-0.0908,"bogota","Bus",NA,NA,"L3: colon_cancer","PA",360197
"female","25-29","sc_bus_ylls_pa_colon_cancer",-0.16498,"bogota","Bus",NA,NA,"L3: colon_cancer","PA",364423
"female","30-34","sc_bus_ylls_pa_colon_cancer",-0.20886,"bogota","Bus",NA,NA,"L3: colon_cancer","PA",330341
"female","35-39","sc_bus_ylls_pa_colon_cancer",-0.32251,"bogota","Bus",NA,NA,"L3: colon_cancer","PA",309304
"female","40-44","sc_bus_ylls_pa_colon_cancer",-0.38843,"bogota","Bus",NA,NA,"L3: colon_cancer","PA",275440
"female","45-49","sc_bus_ylls_pa_colon_cancer",-0.5302,"bogota","Bus",NA,NA,"L3: colon_cancer","PA",254843
"female","50-54","sc_bus_ylls_pa_colon_cancer",-0.37432,"bogota","Bus",NA,NA,"L3: colon_cancer","PA",256059
"female","55-59","sc_bus_ylls_pa_colon_cancer",-0.48498,"bogota","Bus",NA,NA,"L3: colon_cancer","PA",235548
"female","60-64","sc_bus_ylls_pa_colon_cancer",-0.61088,"bogota","Bus",NA,NA,"L3: colon_cancer","PA",189600
"female","65-69","sc_bus_ylls_pa_colon_cancer",-0.49341,"bogota","Bus",NA,NA,"L3: colon_cancer","PA",141409
"male","15-19","sc_cycle_ylls_pa_colon_cancer_lb",0.08523,"bogota","Cycling",NA,NA,"L3: colon_cancer","PA",282736
"male","20-24","sc_cycle_ylls_pa_colon_cancer_lb",0.47137,"bogota","Cycling",NA,NA,"L3: colon_cancer","PA",357934
"male","25-29","sc_cycle_ylls_pa_colon_cancer_lb",0.78851,"bogota","Cycling",NA,NA,"L3: colon_cancer","PA",360031
"male","30-34","sc_cycle_ylls_pa_colon_cancer_lb",1.04707,"bogota","Cycling",NA,NA,"L3: colon_cancer","PA",321492
"male","35-39","sc_cycle_ylls_pa_colon_cancer_lb",1.06902,"bogota","Cycling",NA,NA,"L3: colon_cancer","PA",289808
"male","40-44","sc_cycle_ylls_pa_colon_cancer_lb",1.34682,"bogota","Cycling",NA,NA,"L3: colon_cancer","PA",244543
"male","45-49","sc_cycle_ylls_pa_colon_cancer_lb",1.68624,"bogota","Cycling",NA,NA,"L3: colon_cancer","PA",215491
"male","50-54","sc_cycle_ylls_pa_colon_cancer_lb",1.90751,"bogota","Cycling",NA,NA,"L3: colon_cancer","PA",209137
"male","55-59","sc_cycle_ylls_pa_colon_cancer_lb",2.55043,"bogota","Cycling",NA,NA,"L3: colon_cancer","PA",187551
"male","60-64","sc_cycle_ylls_pa_colon_cancer_lb",3.78209,"bogota","Cycling",NA,NA,"L3: colon_cancer","PA",146500
"male","65-69","sc_cycle_ylls_pa_colon_cancer_lb",3.42307,"bogota","Cycling",NA,NA,"L3: colon_cancer","PA",105412
"female","15-19","sc_cycle_ylls_pa_colon_cancer_lb",0.10227,"bogota","Cycling",NA,NA,"L3: colon_cancer","PA",279280
"female","20-24","sc_cycle_ylls_pa_colon_cancer_lb",0.59622,"bogota","Cycling",NA,NA,"L3: colon_cancer","PA",360197
"female","25-29","sc_cycle_ylls_pa_colon_cancer_lb",1.08603,"bogota","Cycling",NA,NA,"L3: colon_cancer","PA",364423
"female","30-34","sc_cycle_ylls_pa_colon_cancer_lb",1.53811,"bogota","Cycling",NA,NA,"L3: colon_cancer","PA",330341
"female","35-39","sc_cycle_ylls_pa_colon_cancer_lb",2.19911,"bogota","Cycling",NA,NA,"L3: colon_cancer","PA",309304
"female","40-44","sc_cycle_ylls_pa_colon_cancer_lb",2.70143,"bogota","Cycling",NA,NA,"L3: colon_cancer","PA",275440
"female","45-49","sc_cycle_ylls_pa_colon_cancer_lb",4.15956,"bogota","Cycling",NA,NA,"L3: colon_cancer","PA",254843
"female","50-54","sc_cycle_ylls_pa_colon_cancer_lb",6.55426,"bogota","Cycling",NA,NA,"L3: colon_cancer","PA",256059
"female","55-59","sc_cycle_ylls_pa_colon_cancer_lb",8.4848,"bogota","Cycling",NA,NA,"L3: colon_cancer","PA",235548
"female","60-64","sc_cycle_ylls_pa_colon_cancer_lb",8.32522,"bogota","Cycling",NA,NA,"L3: colon_cancer","PA",189600
"female","65-69","sc_cycle_ylls_pa_colon_cancer_lb",6.62945,"bogota","Cycling",NA,NA,"L3: colon_cancer","PA",141409
"male","15-19","sc_car_ylls_pa_colon_cancer_lb",-0.05289,"bogota","Car",NA,NA,"L3: colon_cancer","PA",282736
"male","20-24","sc_car_ylls_pa_colon_cancer_lb",-0.15315,"bogota","Car",NA,NA,"L3: colon_cancer","PA",357934
"male","25-29","sc_car_ylls_pa_colon_cancer_lb",-0.33285,"bogota","Car",NA,NA,"L3: colon_cancer","PA",360031
"male","30-34","sc_car_ylls_pa_colon_cancer_lb",-0.31276,"bogota","Car",NA,NA,"L3: colon_cancer","PA",321492
"male","35-39","sc_car_ylls_pa_colon_cancer_lb",-0.35958,"bogota","Car",NA,NA,"L3: colon_cancer","PA",289808
"male","40-44","sc_car_ylls_pa_colon_cancer_lb",-0.55575,"bogota","Car",NA,NA,"L3: colon_cancer","PA",244543
"male","45-49","sc_car_ylls_pa_colon_cancer_lb",-0.69518,"bogota","Car",NA,NA,"L3: colon_cancer","PA",215491
"male","50-54","sc_car_ylls_pa_colon_cancer_lb",-0.68057,"bogota","Car",NA,NA,"L3: colon_cancer","PA",209137
"male","55-59","sc_car_ylls_pa_colon_cancer_lb",-1.20538,"bogota","Car",NA,NA,"L3: colon_cancer","PA",187551
"male","60-64","sc_car_ylls_pa_colon_cancer_lb",-1.09605,"bogota","Car",NA,NA,"L3: colon_cancer","PA",146500
"male","65-69","sc_car_ylls_pa_colon_cancer_lb",-1.25257,"bogota","Car",NA,NA,"L3: colon_cancer","PA",105412
"female","15-19","sc_car_ylls_pa_colon_cancer_lb",-0.01738,"bogota","Car",NA,NA,"L3: colon_cancer","PA",279280
"female","20-24","sc_car_ylls_pa_colon_cancer_lb",-0.10771,"bogota","Car",NA,NA,"L3: colon_cancer","PA",360197
"female","25-29","sc_car_ylls_pa_colon_cancer_lb",-0.19995,"bogota","Car",NA,NA,"L3: colon_cancer","PA",364423
"female","30-34","sc_car_ylls_pa_colon_cancer_lb",-0.28399,"bogota","Car",NA,NA,"L3: colon_cancer","PA",330341
"female","35-39","sc_car_ylls_pa_colon_cancer_lb",-0.39335,"bogota","Car",NA,NA,"L3: colon_cancer","PA",309304
"female","40-44","sc_car_ylls_pa_colon_cancer_lb",-0.51261,"bogota","Car",NA,NA,"L3: colon_cancer","PA",275440
"female","45-49","sc_car_ylls_pa_colon_cancer_lb",-0.69399,"bogota","Car",NA,NA,"L3: colon_cancer","PA",254843
"female","50-54","sc_car_ylls_pa_colon_cancer_lb",-0.54064,"bogota","Car",NA,NA,"L3: colon_cancer","PA",256059
"female","55-59","sc_car_ylls_pa_colon_cancer_lb",-0.72514,"bogota","Car",NA,NA,"L3: colon_cancer","PA",235548
"female","60-64","sc_car_ylls_pa_colon_cancer_lb",-0.77489,"bogota","Car",NA,NA,"L3: colon_cancer","PA",189600
"female","65-69","sc_car_ylls_pa_colon_cancer_lb",-0.67942,"bogota","Car",NA,NA,"L3: colon_cancer","PA",141409
"male","15-19","sc_bus_ylls_pa_colon_cancer_lb",-0.07025,"bogota","Bus",NA,NA,"L3: colon_cancer","PA",282736
"male","20-24","sc_bus_ylls_pa_colon_cancer_lb",-0.23312,"bogota","Bus",NA,NA,"L3: colon_cancer","PA",357934
"male","25-29","sc_bus_ylls_pa_colon_cancer_lb",-0.48781,"bogota","Bus",NA,NA,"L3: colon_cancer","PA",360031
"male","30-34","sc_bus_ylls_pa_colon_cancer_lb",-0.69186,"bogota","Bus",NA,NA,"L3: colon_cancer","PA",321492
"male","35-39","sc_bus_ylls_pa_colon_cancer_lb",-0.65486,"bogota","Bus",NA,NA,"L3: colon_cancer","PA",289808
"male","40-44","sc_bus_ylls_pa_colon_cancer_lb",-0.7836,"bogota","Bus",NA,NA,"L3: colon_cancer","PA",244543
"male","45-49","sc_bus_ylls_pa_colon_cancer_lb",-1.02431,"bogota","Bus",NA,NA,"L3: colon_cancer","PA",215491
"male","50-54","sc_bus_ylls_pa_colon_cancer_lb",-1.18892,"bogota","Bus",NA,NA,"L3: colon_cancer","PA",209137
"male","55-59","sc_bus_ylls_pa_colon_cancer_lb",-1.73537,"bogota","Bus",NA,NA,"L3: colon_cancer","PA",187551
"male","60-64","sc_bus_ylls_pa_colon_cancer_lb",-2.28581,"bogota","Bus",NA,NA,"L3: colon_cancer","PA",146500
"male","65-69","sc_bus_ylls_pa_colon_cancer_lb",-1.53027,"bogota","Bus",NA,NA,"L3: colon_cancer","PA",105412
"female","15-19","sc_bus_ylls_pa_colon_cancer_lb",-0.01735,"bogota","Bus",NA,NA,"L3: colon_cancer","PA",279280
"female","20-24","sc_bus_ylls_pa_colon_cancer_lb",-0.15136,"bogota","Bus",NA,NA,"L3: colon_cancer","PA",360197
"female","25-29","sc_bus_ylls_pa_colon_cancer_lb",-0.27237,"bogota","Bus",NA,NA,"L3: colon_cancer","PA",364423
"female","30-34","sc_bus_ylls_pa_colon_cancer_lb",-0.34167,"bogota","Bus",NA,NA,"L3: colon_cancer","PA",330341
"female","35-39","sc_bus_ylls_pa_colon_cancer_lb",-0.53075,"bogota","Bus",NA,NA,"L3: colon_cancer","PA",309304
"female","40-44","sc_bus_ylls_pa_colon_cancer_lb",-0.64286,"bogota","Bus",NA,NA,"L3: colon_cancer","PA",275440
"female","45-49","sc_bus_ylls_pa_colon_cancer_lb",-0.86956,"bogota","Bus",NA,NA,"L3: colon_cancer","PA",254843
"female","50-54","sc_bus_ylls_pa_colon_cancer_lb",-0.61528,"bogota","Bus",NA,NA,"L3: colon_cancer","PA",256059
"female","55-59","sc_bus_ylls_pa_colon_cancer_lb",-0.82654,"bogota","Bus",NA,NA,"L3: colon_cancer","PA",235548
"female","60-64","sc_bus_ylls_pa_colon_cancer_lb",-1.00383,"bogota","Bus",NA,NA,"L3: colon_cancer","PA",189600
"female","65-69","sc_bus_ylls_pa_colon_cancer_lb",-0.82025,"bogota","Bus",NA,NA,"L3: colon_cancer","PA",141409
"male","15-19","sc_cycle_ylls_pa_colon_cancer_ub",0.01781,"bogota","Cycling",NA,NA,"L3: colon_cancer","PA",282736
"male","20-24","sc_cycle_ylls_pa_colon_cancer_ub",0.0965,"bogota","Cycling",NA,NA,"L3: colon_cancer","PA",357934
"male","25-29","sc_cycle_ylls_pa_colon_cancer_ub",0.17435,"bogota","Cycling",NA,NA,"L3: colon_cancer","PA",360031
"male","30-34","sc_cycle_ylls_pa_colon_cancer_ub",0.22539,"bogota","Cycling",NA,NA,"L3: colon_cancer","PA",321492
"male","35-39","sc_cycle_ylls_pa_colon_cancer_ub",0.23218,"bogota","Cycling",NA,NA,"L3: colon_cancer","PA",289808
"male","40-44","sc_cycle_ylls_pa_colon_cancer_ub",0.29581,"bogota","Cycling",NA,NA,"L3: colon_cancer","PA",244543
"male","45-49","sc_cycle_ylls_pa_colon_cancer_ub",0.36996,"bogota","Cycling",NA,NA,"L3: colon_cancer","PA",215491
"male","50-54","sc_cycle_ylls_pa_colon_cancer_ub",0.45452,"bogota","Cycling",NA,NA,"L3: colon_cancer","PA",209137
"male","55-59","sc_cycle_ylls_pa_colon_cancer_ub",0.60573,"bogota","Cycling",NA,NA,"L3: colon_cancer","PA",187551
"male","60-64","sc_cycle_ylls_pa_colon_cancer_ub",0.84317,"bogota","Cycling",NA,NA,"L3: colon_cancer","PA",146500
"male","65-69","sc_cycle_ylls_pa_colon_cancer_ub",0.73386,"bogota","Cycling",NA,NA,"L3: colon_cancer","PA",105412
"female","15-19","sc_cycle_ylls_pa_colon_cancer_ub",0.02104,"bogota","Cycling",NA,NA,"L3: colon_cancer","PA",279280
"female","20-24","sc_cycle_ylls_pa_colon_cancer_ub",0.12434,"bogota","Cycling",NA,NA,"L3: colon_cancer","PA",360197
"female","25-29","sc_cycle_ylls_pa_colon_cancer_ub",0.22538,"bogota","Cycling",NA,NA,"L3: colon_cancer","PA",364423
"female","30-34","sc_cycle_ylls_pa_colon_cancer_ub",0.3313,"bogota","Cycling",NA,NA,"L3: colon_cancer","PA",330341
"female","35-39","sc_cycle_ylls_pa_colon_cancer_ub",0.48953,"bogota","Cycling",NA,NA,"L3: colon_cancer","PA",309304
"female","40-44","sc_cycle_ylls_pa_colon_cancer_ub",0.60273,"bogota","Cycling",NA,NA,"L3: colon_cancer","PA",275440
"female","45-49","sc_cycle_ylls_pa_colon_cancer_ub",0.91314,"bogota","Cycling",NA,NA,"L3: colon_cancer","PA",254843
"female","50-54","sc_cycle_ylls_pa_colon_cancer_ub",1.42042,"bogota","Cycling",NA,NA,"L3: colon_cancer","PA",256059
"female","55-59","sc_cycle_ylls_pa_colon_cancer_ub",1.82985,"bogota","Cycling",NA,NA,"L3: colon_cancer","PA",235548
"female","60-64","sc_cycle_ylls_pa_colon_cancer_ub",1.83784,"bogota","Cycling",NA,NA,"L3: colon_cancer","PA",189600
"female","65-69","sc_cycle_ylls_pa_colon_cancer_ub",1.45711,"bogota","Cycling",NA,NA,"L3: colon_cancer","PA",141409
"male","15-19","sc_car_ylls_pa_colon_cancer_ub",-0.01052,"bogota","Car",NA,NA,"L3: colon_cancer","PA",282736
"male","20-24","sc_car_ylls_pa_colon_cancer_ub",-0.03243,"bogota","Car",NA,NA,"L3: colon_cancer","PA",357934
"male","25-29","sc_car_ylls_pa_colon_cancer_ub",-0.06569,"bogota","Car",NA,NA,"L3: colon_cancer","PA",360031
"male","30-34","sc_car_ylls_pa_colon_cancer_ub",-0.06732,"bogota","Car",NA,NA,"L3: colon_cancer","PA",321492
"male","35-39","sc_car_ylls_pa_colon_cancer_ub",-0.08645,"bogota","Car",NA,NA,"L3: colon_cancer","PA",289808
"male","40-44","sc_car_ylls_pa_colon_cancer_ub",-0.10774,"bogota","Car",NA,NA,"L3: colon_cancer","PA",244543
"male","45-49","sc_car_ylls_pa_colon_cancer_ub",-0.14222,"bogota","Car",NA,NA,"L3: colon_cancer","PA",215491
"male","50-54","sc_car_ylls_pa_colon_cancer_ub",-0.14712,"bogota","Car",NA,NA,"L3: colon_cancer","PA",209137
"male","55-59","sc_car_ylls_pa_colon_cancer_ub",-0.2566,"bogota","Car",NA,NA,"L3: colon_cancer","PA",187551
"male","60-64","sc_car_ylls_pa_colon_cancer_ub",-0.24635,"bogota","Car",NA,NA,"L3: colon_cancer","PA",146500
"male","65-69","sc_car_ylls_pa_colon_cancer_ub",-0.28449,"bogota","Car",NA,NA,"L3: colon_cancer","PA",105412
"female","15-19","sc_car_ylls_pa_colon_cancer_ub",-0.00358,"bogota","Car",NA,NA,"L3: colon_cancer","PA",279280
"female","20-24","sc_car_ylls_pa_colon_cancer_ub",-0.02031,"bogota","Car",NA,NA,"L3: colon_cancer","PA",360197
"female","25-29","sc_car_ylls_pa_colon_cancer_ub",-0.03933,"bogota","Car",NA,NA,"L3: colon_cancer","PA",364423
"female","30-34","sc_car_ylls_pa_colon_cancer_ub",-0.0593,"bogota","Car",NA,NA,"L3: colon_cancer","PA",330341
"female","35-39","sc_car_ylls_pa_colon_cancer_ub",-0.083,"bogota","Car",NA,NA,"L3: colon_cancer","PA",309304
"female","40-44","sc_car_ylls_pa_colon_cancer_ub",-0.10795,"bogota","Car",NA,NA,"L3: colon_cancer","PA",275440
"female","45-49","sc_car_ylls_pa_colon_cancer_ub",-0.1491,"bogota","Car",NA,NA,"L3: colon_cancer","PA",254843
"female","50-54","sc_car_ylls_pa_colon_cancer_ub",-0.09899,"bogota","Car",NA,NA,"L3: colon_cancer","PA",256059
"female","55-59","sc_car_ylls_pa_colon_cancer_ub",-0.13768,"bogota","Car",NA,NA,"L3: colon_cancer","PA",235548
"female","60-64","sc_car_ylls_pa_colon_cancer_ub",-0.1429,"bogota","Car",NA,NA,"L3: colon_cancer","PA",189600
"female","65-69","sc_car_ylls_pa_colon_cancer_ub",-0.13151,"bogota","Car",NA,NA,"L3: colon_cancer","PA",141409
"male","15-19","sc_bus_ylls_pa_colon_cancer_ub",-0.01534,"bogota","Bus",NA,NA,"L3: colon_cancer","PA",282736
"male","20-24","sc_bus_ylls_pa_colon_cancer_ub",-0.04837,"bogota","Bus",NA,NA,"L3: colon_cancer","PA",357934
"male","25-29","sc_bus_ylls_pa_colon_cancer_ub",-0.10247,"bogota","Bus",NA,NA,"L3: colon_cancer","PA",360031
"male","30-34","sc_bus_ylls_pa_colon_cancer_ub",-0.14092,"bogota","Bus",NA,NA,"L3: colon_cancer","PA",321492
"male","35-39","sc_bus_ylls_pa_colon_cancer_ub",-0.14738,"bogota","Bus",NA,NA,"L3: colon_cancer","PA",289808
"male","40-44","sc_bus_ylls_pa_colon_cancer_ub",-0.17341,"bogota","Bus",NA,NA,"L3: colon_cancer","PA",244543
"male","45-49","sc_bus_ylls_pa_colon_cancer_ub",-0.22915,"bogota","Bus",NA,NA,"L3: colon_cancer","PA",215491
"male","50-54","sc_bus_ylls_pa_colon_cancer_ub",-0.27423,"bogota","Bus",NA,NA,"L3: colon_cancer","PA",209137
"male","55-59","sc_bus_ylls_pa_colon_cancer_ub",-0.36324,"bogota","Bus",NA,NA,"L3: colon_cancer","PA",187551
"male","60-64","sc_bus_ylls_pa_colon_cancer_ub",-0.46914,"bogota","Bus",NA,NA,"L3: colon_cancer","PA",146500
"male","65-69","sc_bus_ylls_pa_colon_cancer_ub",-0.37619,"bogota","Bus",NA,NA,"L3: colon_cancer","PA",105412
"female","15-19","sc_bus_ylls_pa_colon_cancer_ub",-0.00401,"bogota","Bus",NA,NA,"L3: colon_cancer","PA",279280
"female","20-24","sc_bus_ylls_pa_colon_cancer_ub",-0.03021,"bogota","Bus",NA,NA,"L3: colon_cancer","PA",360197
"female","25-29","sc_bus_ylls_pa_colon_cancer_ub",-0.05752,"bogota","Bus",NA,NA,"L3: colon_cancer","PA",364423
"female","30-34","sc_bus_ylls_pa_colon_cancer_ub",-0.07636,"bogota","Bus",NA,NA,"L3: colon_cancer","PA",330341
"female","35-39","sc_bus_ylls_pa_colon_cancer_ub",-0.11465,"bogota","Bus",NA,NA,"L3: colon_cancer","PA",309304
"female","40-44","sc_bus_ylls_pa_colon_cancer_ub",-0.1359,"bogota","Bus",NA,NA,"L3: colon_cancer","PA",275440
"female","45-49","sc_bus_ylls_pa_colon_cancer_ub",-0.19207,"bogota","Bus",NA,NA,"L3: colon_cancer","PA",254843
"female","50-54","sc_bus_ylls_pa_colon_cancer_ub",-0.13328,"bogota","Bus",NA,NA,"L3: colon_cancer","PA",256059
"female","55-59","sc_bus_ylls_pa_colon_cancer_ub",-0.1459,"bogota","Bus",NA,NA,"L3: colon_cancer","PA",235548
"female","60-64","sc_bus_ylls_pa_colon_cancer_ub",-0.21752,"bogota","Bus",NA,NA,"L3: colon_cancer","PA",189600
"female","65-69","sc_bus_ylls_pa_colon_cancer_ub",-0.16744,"bogota","Bus",NA,NA,"L3: colon_cancer","PA",141409
"male","15-19","sc_cycle_ylls_pa_endo_cancer",0,"bogota","Cycling",NA,NA,"L3: endo_cancer","PA",282736
"male","20-24","sc_cycle_ylls_pa_endo_cancer",0,"bogota","Cycling",NA,NA,"L3: endo_cancer","PA",357934
"male","25-29","sc_cycle_ylls_pa_endo_cancer",0,"bogota","Cycling",NA,NA,"L3: endo_cancer","PA",360031
"male","30-34","sc_cycle_ylls_pa_endo_cancer",0,"bogota","Cycling",NA,NA,"L3: endo_cancer","PA",321492
"male","35-39","sc_cycle_ylls_pa_endo_cancer",0,"bogota","Cycling",NA,NA,"L3: endo_cancer","PA",289808
"male","40-44","sc_cycle_ylls_pa_endo_cancer",0,"bogota","Cycling",NA,NA,"L3: endo_cancer","PA",244543
"male","45-49","sc_cycle_ylls_pa_endo_cancer",0,"bogota","Cycling",NA,NA,"L3: endo_cancer","PA",215491
"male","50-54","sc_cycle_ylls_pa_endo_cancer",0,"bogota","Cycling",NA,NA,"L3: endo_cancer","PA",209137
"male","55-59","sc_cycle_ylls_pa_endo_cancer",0,"bogota","Cycling",NA,NA,"L3: endo_cancer","PA",187551
"male","60-64","sc_cycle_ylls_pa_endo_cancer",0,"bogota","Cycling",NA,NA,"L3: endo_cancer","PA",146500
"male","65-69","sc_cycle_ylls_pa_endo_cancer",0,"bogota","Cycling",NA,NA,"L3: endo_cancer","PA",105412
"female","15-19","sc_cycle_ylls_pa_endo_cancer",0,"bogota","Cycling",NA,NA,"L3: endo_cancer","PA",279280
"female","20-24","sc_cycle_ylls_pa_endo_cancer",0.04068,"bogota","Cycling",NA,NA,"L3: endo_cancer","PA",360197
"female","25-29","sc_cycle_ylls_pa_endo_cancer",0.11782,"bogota","Cycling",NA,NA,"L3: endo_cancer","PA",364423
"female","30-34","sc_cycle_ylls_pa_endo_cancer",0.15136,"bogota","Cycling",NA,NA,"L3: endo_cancer","PA",330341
"female","35-39","sc_cycle_ylls_pa_endo_cancer",0.26711,"bogota","Cycling",NA,NA,"L3: endo_cancer","PA",309304
"female","40-44","sc_cycle_ylls_pa_endo_cancer",0.3838,"bogota","Cycling",NA,NA,"L3: endo_cancer","PA",275440
"female","45-49","sc_cycle_ylls_pa_endo_cancer",0.90462,"bogota","Cycling",NA,NA,"L3: endo_cancer","PA",254843
"female","50-54","sc_cycle_ylls_pa_endo_cancer",1.51334,"bogota","Cycling",NA,NA,"L3: endo_cancer","PA",256059
"female","55-59","sc_cycle_ylls_pa_endo_cancer",2.25023,"bogota","Cycling",NA,NA,"L3: endo_cancer","PA",235548
"female","60-64","sc_cycle_ylls_pa_endo_cancer",2.74369,"bogota","Cycling",NA,NA,"L3: endo_cancer","PA",189600
"female","65-69","sc_cycle_ylls_pa_endo_cancer",2.13403,"bogota","Cycling",NA,NA,"L3: endo_cancer","PA",141409
"male","15-19","sc_car_ylls_pa_endo_cancer",0,"bogota","Car",NA,NA,"L3: endo_cancer","PA",282736
"male","20-24","sc_car_ylls_pa_endo_cancer",0,"bogota","Car",NA,NA,"L3: endo_cancer","PA",357934
"male","25-29","sc_car_ylls_pa_endo_cancer",0,"bogota","Car",NA,NA,"L3: endo_cancer","PA",360031
"male","30-34","sc_car_ylls_pa_endo_cancer",0,"bogota","Car",NA,NA,"L3: endo_cancer","PA",321492
"male","35-39","sc_car_ylls_pa_endo_cancer",0,"bogota","Car",NA,NA,"L3: endo_cancer","PA",289808
"male","40-44","sc_car_ylls_pa_endo_cancer",0,"bogota","Car",NA,NA,"L3: endo_cancer","PA",244543
"male","45-49","sc_car_ylls_pa_endo_cancer",0,"bogota","Car",NA,NA,"L3: endo_cancer","PA",215491
"male","50-54","sc_car_ylls_pa_endo_cancer",0,"bogota","Car",NA,NA,"L3: endo_cancer","PA",209137
"male","55-59","sc_car_ylls_pa_endo_cancer",0,"bogota","Car",NA,NA,"L3: endo_cancer","PA",187551
"male","60-64","sc_car_ylls_pa_endo_cancer",0,"bogota","Car",NA,NA,"L3: endo_cancer","PA",146500
"male","65-69","sc_car_ylls_pa_endo_cancer",0,"bogota","Car",NA,NA,"L3: endo_cancer","PA",105412
"female","15-19","sc_car_ylls_pa_endo_cancer",0,"bogota","Car",NA,NA,"L3: endo_cancer","PA",279280
"female","20-24","sc_car_ylls_pa_endo_cancer",-0.00714,"bogota","Car",NA,NA,"L3: endo_cancer","PA",360197
"female","25-29","sc_car_ylls_pa_endo_cancer",-0.02137,"bogota","Car",NA,NA,"L3: endo_cancer","PA",364423
"female","30-34","sc_car_ylls_pa_endo_cancer",-0.02771,"bogota","Car",NA,NA,"L3: endo_cancer","PA",330341
"female","35-39","sc_car_ylls_pa_endo_cancer",-0.04705,"bogota","Car",NA,NA,"L3: endo_cancer","PA",309304
"female","40-44","sc_car_ylls_pa_endo_cancer",-0.0716,"bogota","Car",NA,NA,"L3: endo_cancer","PA",275440
"female","45-49","sc_car_ylls_pa_endo_cancer",-0.14997,"bogota","Car",NA,NA,"L3: endo_cancer","PA",254843
"female","50-54","sc_car_ylls_pa_endo_cancer",-0.1189,"bogota","Car",NA,NA,"L3: endo_cancer","PA",256059
"female","55-59","sc_car_ylls_pa_endo_cancer",-0.18541,"bogota","Car",NA,NA,"L3: endo_cancer","PA",235548
"female","60-64","sc_car_ylls_pa_endo_cancer",-0.24229,"bogota","Car",NA,NA,"L3: endo_cancer","PA",189600
"female","65-69","sc_car_ylls_pa_endo_cancer",-0.21055,"bogota","Car",NA,NA,"L3: endo_cancer","PA",141409
"male","15-19","sc_bus_ylls_pa_endo_cancer",0,"bogota","Bus",NA,NA,"L3: endo_cancer","PA",282736
"male","20-24","sc_bus_ylls_pa_endo_cancer",0,"bogota","Bus",NA,NA,"L3: endo_cancer","PA",357934
"male","25-29","sc_bus_ylls_pa_endo_cancer",0,"bogota","Bus",NA,NA,"L3: endo_cancer","PA",360031
"male","30-34","sc_bus_ylls_pa_endo_cancer",0,"bogota","Bus",NA,NA,"L3: endo_cancer","PA",321492
"male","35-39","sc_bus_ylls_pa_endo_cancer",0,"bogota","Bus",NA,NA,"L3: endo_cancer","PA",289808
"male","40-44","sc_bus_ylls_pa_endo_cancer",0,"bogota","Bus",NA,NA,"L3: endo_cancer","PA",244543
"male","45-49","sc_bus_ylls_pa_endo_cancer",0,"bogota","Bus",NA,NA,"L3: endo_cancer","PA",215491
"male","50-54","sc_bus_ylls_pa_endo_cancer",0,"bogota","Bus",NA,NA,"L3: endo_cancer","PA",209137
"male","55-59","sc_bus_ylls_pa_endo_cancer",0,"bogota","Bus",NA,NA,"L3: endo_cancer","PA",187551
"male","60-64","sc_bus_ylls_pa_endo_cancer",0,"bogota","Bus",NA,NA,"L3: endo_cancer","PA",146500
"male","65-69","sc_bus_ylls_pa_endo_cancer",0,"bogota","Bus",NA,NA,"L3: endo_cancer","PA",105412
"female","15-19","sc_bus_ylls_pa_endo_cancer",0,"bogota","Bus",NA,NA,"L3: endo_cancer","PA",279280
"female","20-24","sc_bus_ylls_pa_endo_cancer",-0.0102,"bogota","Bus",NA,NA,"L3: endo_cancer","PA",360197
"female","25-29","sc_bus_ylls_pa_endo_cancer",-0.02971,"bogota","Bus",NA,NA,"L3: endo_cancer","PA",364423
"female","30-34","sc_bus_ylls_pa_endo_cancer",-0.03402,"bogota","Bus",NA,NA,"L3: endo_cancer","PA",330341
"female","35-39","sc_bus_ylls_pa_endo_cancer",-0.0639,"bogota","Bus",NA,NA,"L3: endo_cancer","PA",309304
"female","40-44","sc_bus_ylls_pa_endo_cancer",-0.08986,"bogota","Bus",NA,NA,"L3: endo_cancer","PA",275440
"female","45-49","sc_bus_ylls_pa_endo_cancer",-0.18955,"bogota","Bus",NA,NA,"L3: endo_cancer","PA",254843
"female","50-54","sc_bus_ylls_pa_endo_cancer",-0.14196,"bogota","Bus",NA,NA,"L3: endo_cancer","PA",256059
"female","55-59","sc_bus_ylls_pa_endo_cancer",-0.20697,"bogota","Bus",NA,NA,"L3: endo_cancer","PA",235548
"female","60-64","sc_bus_ylls_pa_endo_cancer",-0.32904,"bogota","Bus",NA,NA,"L3: endo_cancer","PA",189600
"female","65-69","sc_bus_ylls_pa_endo_cancer",-0.25822,"bogota","Bus",NA,NA,"L3: endo_cancer","PA",141409
"male","15-19","sc_cycle_ylls_pa_endo_cancer_lb",0,"bogota","Cycling",NA,NA,"L3: endo_cancer","PA",282736
"male","20-24","sc_cycle_ylls_pa_endo_cancer_lb",0,"bogota","Cycling",NA,NA,"L3: endo_cancer","PA",357934
"male","25-29","sc_cycle_ylls_pa_endo_cancer_lb",0,"bogota","Cycling",NA,NA,"L3: endo_cancer","PA",360031
"male","30-34","sc_cycle_ylls_pa_endo_cancer_lb",0,"bogota","Cycling",NA,NA,"L3: endo_cancer","PA",321492
"male","35-39","sc_cycle_ylls_pa_endo_cancer_lb",0,"bogota","Cycling",NA,NA,"L3: endo_cancer","PA",289808
"male","40-44","sc_cycle_ylls_pa_endo_cancer_lb",0,"bogota","Cycling",NA,NA,"L3: endo_cancer","PA",244543
"male","45-49","sc_cycle_ylls_pa_endo_cancer_lb",0,"bogota","Cycling",NA,NA,"L3: endo_cancer","PA",215491
"male","50-54","sc_cycle_ylls_pa_endo_cancer_lb",0,"bogota","Cycling",NA,NA,"L3: endo_cancer","PA",209137
"male","55-59","sc_cycle_ylls_pa_endo_cancer_lb",0,"bogota","Cycling",NA,NA,"L3: endo_cancer","PA",187551
"male","60-64","sc_cycle_ylls_pa_endo_cancer_lb",0,"bogota","Cycling",NA,NA,"L3: endo_cancer","PA",146500
"male","65-69","sc_cycle_ylls_pa_endo_cancer_lb",0,"bogota","Cycling",NA,NA,"L3: endo_cancer","PA",105412
"female","15-19","sc_cycle_ylls_pa_endo_cancer_lb",0,"bogota","Cycling",NA,NA,"L3: endo_cancer","PA",279280
"female","20-24","sc_cycle_ylls_pa_endo_cancer_lb",0.06085,"bogota","Cycling",NA,NA,"L3: endo_cancer","PA",360197
"female","25-29","sc_cycle_ylls_pa_endo_cancer_lb",0.17649,"bogota","Cycling",NA,NA,"L3: endo_cancer","PA",364423
"female","30-34","sc_cycle_ylls_pa_endo_cancer_lb",0.22562,"bogota","Cycling",NA,NA,"L3: endo_cancer","PA",330341
"female","35-39","sc_cycle_ylls_pa_endo_cancer_lb",0.39476,"bogota","Cycling",NA,NA,"L3: endo_cancer","PA",309304
"female","40-44","sc_cycle_ylls_pa_endo_cancer_lb",0.56829,"bogota","Cycling",NA,NA,"L3: endo_cancer","PA",275440
"female","45-49","sc_cycle_ylls_pa_endo_cancer_lb",1.34221,"bogota","Cycling",NA,NA,"L3: endo_cancer","PA",254843
"female","50-54","sc_cycle_ylls_pa_endo_cancer_lb",2.24228,"bogota","Cycling",NA,NA,"L3: endo_cancer","PA",256059
"female","55-59","sc_cycle_ylls_pa_endo_cancer_lb",3.33793,"bogota","Cycling",NA,NA,"L3: endo_cancer","PA",235548
"female","60-64","sc_cycle_ylls_pa_endo_cancer_lb",4.05892,"bogota","Cycling",NA,NA,"L3: endo_cancer","PA",189600
"female","65-69","sc_cycle_ylls_pa_endo_cancer_lb",3.15948,"bogota","Cycling",NA,NA,"L3: endo_cancer","PA",141409
"male","15-19","sc_car_ylls_pa_endo_cancer_lb",0,"bogota","Car",NA,NA,"L3: endo_cancer","PA",282736
"male","20-24","sc_car_ylls_pa_endo_cancer_lb",0,"bogota","Car",NA,NA,"L3: endo_cancer","PA",357934
"male","25-29","sc_car_ylls_pa_endo_cancer_lb",0,"bogota","Car",NA,NA,"L3: endo_cancer","PA",360031
"male","30-34","sc_car_ylls_pa_endo_cancer_lb",0,"bogota","Car",NA,NA,"L3: endo_cancer","PA",321492
"male","35-39","sc_car_ylls_pa_endo_cancer_lb",0,"bogota","Car",NA,NA,"L3: endo_cancer","PA",289808
"male","40-44","sc_car_ylls_pa_endo_cancer_lb",0,"bogota","Car",NA,NA,"L3: endo_cancer","PA",244543
"male","45-49","sc_car_ylls_pa_endo_cancer_lb",0,"bogota","Car",NA,NA,"L3: endo_cancer","PA",215491
"male","50-54","sc_car_ylls_pa_endo_cancer_lb",0,"bogota","Car",NA,NA,"L3: endo_cancer","PA",209137
"male","55-59","sc_car_ylls_pa_endo_cancer_lb",0,"bogota","Car",NA,NA,"L3: endo_cancer","PA",187551
"male","60-64","sc_car_ylls_pa_endo_cancer_lb",0,"bogota","Car",NA,NA,"L3: endo_cancer","PA",146500
"male","65-69","sc_car_ylls_pa_endo_cancer_lb",0,"bogota","Car",NA,NA,"L3: endo_cancer","PA",105412
"female","15-19","sc_car_ylls_pa_endo_cancer_lb",0,"bogota","Car",NA,NA,"L3: endo_cancer","PA",279280
"female","20-24","sc_car_ylls_pa_endo_cancer_lb",-0.01091,"bogota","Car",NA,NA,"L3: endo_cancer","PA",360197
"female","25-29","sc_car_ylls_pa_endo_cancer_lb",-0.0323,"bogota","Car",NA,NA,"L3: endo_cancer","PA",364423
"female","30-34","sc_car_ylls_pa_endo_cancer_lb",-0.04145,"bogota","Car",NA,NA,"L3: endo_cancer","PA",330341
"female","35-39","sc_car_ylls_pa_endo_cancer_lb",-0.07008,"bogota","Car",NA,NA,"L3: endo_cancer","PA",309304
"female","40-44","sc_car_ylls_pa_endo_cancer_lb",-0.10711,"bogota","Car",NA,NA,"L3: endo_cancer","PA",275440
"female","45-49","sc_car_ylls_pa_endo_cancer_lb",-0.22352,"bogota","Car",NA,NA,"L3: endo_cancer","PA",254843
"female","50-54","sc_car_ylls_pa_endo_cancer_lb",-0.18248,"bogota","Car",NA,NA,"L3: endo_cancer","PA",256059
"female","55-59","sc_car_ylls_pa_endo_cancer_lb",-0.28209,"bogota","Car",NA,NA,"L3: endo_cancer","PA",235548
"female","60-64","sc_car_ylls_pa_endo_cancer_lb",-0.37252,"bogota","Car",NA,NA,"L3: endo_cancer","PA",189600
"female","65-69","sc_car_ylls_pa_endo_cancer_lb",-0.32099,"bogota","Car",NA,NA,"L3: endo_cancer","PA",141409
"male","15-19","sc_bus_ylls_pa_endo_cancer_lb",0,"bogota","Bus",NA,NA,"L3: endo_cancer","PA",282736
"male","20-24","sc_bus_ylls_pa_endo_cancer_lb",0,"bogota","Bus",NA,NA,"L3: endo_cancer","PA",357934
"male","25-29","sc_bus_ylls_pa_endo_cancer_lb",0,"bogota","Bus",NA,NA,"L3: endo_cancer","PA",360031
"male","30-34","sc_bus_ylls_pa_endo_cancer_lb",0,"bogota","Bus",NA,NA,"L3: endo_cancer","PA",321492
"male","35-39","sc_bus_ylls_pa_endo_cancer_lb",0,"bogota","Bus",NA,NA,"L3: endo_cancer","PA",289808
"male","40-44","sc_bus_ylls_pa_endo_cancer_lb",0,"bogota","Bus",NA,NA,"L3: endo_cancer","PA",244543
"male","45-49","sc_bus_ylls_pa_endo_cancer_lb",0,"bogota","Bus",NA,NA,"L3: endo_cancer","PA",215491
"male","50-54","sc_bus_ylls_pa_endo_cancer_lb",0,"bogota","Bus",NA,NA,"L3: endo_cancer","PA",209137
"male","55-59","sc_bus_ylls_pa_endo_cancer_lb",0,"bogota","Bus",NA,NA,"L3: endo_cancer","PA",187551
"male","60-64","sc_bus_ylls_pa_endo_cancer_lb",0,"bogota","Bus",NA,NA,"L3: endo_cancer","PA",146500
"male","65-69","sc_bus_ylls_pa_endo_cancer_lb",0,"bogota","Bus",NA,NA,"L3: endo_cancer","PA",105412
"female","15-19","sc_bus_ylls_pa_endo_cancer_lb",0,"bogota","Bus",NA,NA,"L3: endo_cancer","PA",279280
"female","20-24","sc_bus_ylls_pa_endo_cancer_lb",-0.01537,"bogota","Bus",NA,NA,"L3: endo_cancer","PA",360197
"female","25-29","sc_bus_ylls_pa_endo_cancer_lb",-0.04431,"bogota","Bus",NA,NA,"L3: endo_cancer","PA",364423
"female","30-34","sc_bus_ylls_pa_endo_cancer_lb",-0.05022,"bogota","Bus",NA,NA,"L3: endo_cancer","PA",330341
"female","35-39","sc_bus_ylls_pa_endo_cancer_lb",-0.09489,"bogota","Bus",NA,NA,"L3: endo_cancer","PA",309304
"female","40-44","sc_bus_ylls_pa_endo_cancer_lb",-0.1345,"bogota","Bus",NA,NA,"L3: endo_cancer","PA",275440
"female","45-49","sc_bus_ylls_pa_endo_cancer_lb",-0.28046,"bogota","Bus",NA,NA,"L3: endo_cancer","PA",254843
"female","50-54","sc_bus_ylls_pa_endo_cancer_lb",-0.21085,"bogota","Bus",NA,NA,"L3: endo_cancer","PA",256059
"female","55-59","sc_bus_ylls_pa_endo_cancer_lb",-0.32062,"bogota","Bus",NA,NA,"L3: endo_cancer","PA",235548
"female","60-64","sc_bus_ylls_pa_endo_cancer_lb",-0.48792,"bogota","Bus",NA,NA,"L3: endo_cancer","PA",189600
"female","65-69","sc_bus_ylls_pa_endo_cancer_lb",-0.38838,"bogota","Bus",NA,NA,"L3: endo_cancer","PA",141409
"male","15-19","sc_cycle_ylls_pa_endo_cancer_ub",0,"bogota","Cycling",NA,NA,"L3: endo_cancer","PA",282736
"male","20-24","sc_cycle_ylls_pa_endo_cancer_ub",0,"bogota","Cycling",NA,NA,"L3: endo_cancer","PA",357934
"male","25-29","sc_cycle_ylls_pa_endo_cancer_ub",0,"bogota","Cycling",NA,NA,"L3: endo_cancer","PA",360031
"male","30-34","sc_cycle_ylls_pa_endo_cancer_ub",0,"bogota","Cycling",NA,NA,"L3: endo_cancer","PA",321492
"male","35-39","sc_cycle_ylls_pa_endo_cancer_ub",0,"bogota","Cycling",NA,NA,"L3: endo_cancer","PA",289808
"male","40-44","sc_cycle_ylls_pa_endo_cancer_ub",0,"bogota","Cycling",NA,NA,"L3: endo_cancer","PA",244543
"male","45-49","sc_cycle_ylls_pa_endo_cancer_ub",0,"bogota","Cycling",NA,NA,"L3: endo_cancer","PA",215491
"male","50-54","sc_cycle_ylls_pa_endo_cancer_ub",0,"bogota","Cycling",NA,NA,"L3: endo_cancer","PA",209137
"male","55-59","sc_cycle_ylls_pa_endo_cancer_ub",0,"bogota","Cycling",NA,NA,"L3: endo_cancer","PA",187551
"male","60-64","sc_cycle_ylls_pa_endo_cancer_ub",0,"bogota","Cycling",NA,NA,"L3: endo_cancer","PA",146500
"male","65-69","sc_cycle_ylls_pa_endo_cancer_ub",0,"bogota","Cycling",NA,NA,"L3: endo_cancer","PA",105412
"female","15-19","sc_cycle_ylls_pa_endo_cancer_ub",0,"bogota","Cycling",NA,NA,"L3: endo_cancer","PA",279280
"female","20-24","sc_cycle_ylls_pa_endo_cancer_ub",0.02053,"bogota","Cycling",NA,NA,"L3: endo_cancer","PA",360197
"female","25-29","sc_cycle_ylls_pa_endo_cancer_ub",0.05923,"bogota","Cycling",NA,NA,"L3: endo_cancer","PA",364423
"female","30-34","sc_cycle_ylls_pa_endo_cancer_ub",0.0776,"bogota","Cycling",NA,NA,"L3: endo_cancer","PA",330341
"female","35-39","sc_cycle_ylls_pa_endo_cancer_ub",0.13992,"bogota","Cycling",NA,NA,"L3: endo_cancer","PA",309304
"female","40-44","sc_cycle_ylls_pa_endo_cancer_ub",0.20058,"bogota","Cycling",NA,NA,"L3: endo_cancer","PA",275440
"female","45-49","sc_cycle_ylls_pa_endo_cancer_ub",0.46954,"bogota","Cycling",NA,NA,"L3: endo_cancer","PA",254843
"female","50-54","sc_cycle_ylls_pa_endo_cancer_ub",0.78279,"bogota","Cycling",NA,NA,"L3: endo_cancer","PA",256059
"female","55-59","sc_cycle_ylls_pa_endo_cancer_ub",1.16097,"bogota","Cycling",NA,NA,"L3: endo_cancer","PA",235548
"female","60-64","sc_cycle_ylls_pa_endo_cancer_ub",1.43131,"bogota","Cycling",NA,NA,"L3: endo_cancer","PA",189600
"female","65-69","sc_cycle_ylls_pa_endo_cancer_ub",1.1103,"bogota","Cycling",NA,NA,"L3: endo_cancer","PA",141409
"male","15-19","sc_car_ylls_pa_endo_cancer_ub",0,"bogota","Car",NA,NA,"L3: endo_cancer","PA",282736
"male","20-24","sc_car_ylls_pa_endo_cancer_ub",0,"bogota","Car",NA,NA,"L3: endo_cancer","PA",357934
"male","25-29","sc_car_ylls_pa_endo_cancer_ub",0,"bogota","Car",NA,NA,"L3: endo_cancer","PA",360031
"male","30-34","sc_car_ylls_pa_endo_cancer_ub",0,"bogota","Car",NA,NA,"L3: endo_cancer","PA",321492
"male","35-39","sc_car_ylls_pa_endo_cancer_ub",0,"bogota","Car",NA,NA,"L3: endo_cancer","PA",289808
"male","40-44","sc_car_ylls_pa_endo_cancer_ub",0,"bogota","Car",NA,NA,"L3: endo_cancer","PA",244543
"male","45-49","sc_car_ylls_pa_endo_cancer_ub",0,"bogota","Car",NA,NA,"L3: endo_cancer","PA",215491
"male","50-54","sc_car_ylls_pa_endo_cancer_ub",0,"bogota","Car",NA,NA,"L3: endo_cancer","PA",209137
"male","55-59","sc_car_ylls_pa_endo_cancer_ub",0,"bogota","Car",NA,NA,"L3: endo_cancer","PA",187551
"male","60-64","sc_car_ylls_pa_endo_cancer_ub",0,"bogota","Car",NA,NA,"L3: endo_cancer","PA",146500
"male","65-69","sc_car_ylls_pa_endo_cancer_ub",0,"bogota","Car",NA,NA,"L3: endo_cancer","PA",105412
"female","15-19","sc_car_ylls_pa_endo_cancer_ub",0,"bogota","Car",NA,NA,"L3: endo_cancer","PA",279280
"female","20-24","sc_car_ylls_pa_endo_cancer_ub",-0.00338,"bogota","Car",NA,NA,"L3: endo_cancer","PA",360197
"female","25-29","sc_car_ylls_pa_endo_cancer_ub",-0.01044,"bogota","Car",NA,NA,"L3: endo_cancer","PA",364423
"female","30-34","sc_car_ylls_pa_endo_cancer_ub",-0.01404,"bogota","Car",NA,NA,"L3: endo_cancer","PA",330341
"female","35-39","sc_car_ylls_pa_endo_cancer_ub",-0.02405,"bogota","Car",NA,NA,"L3: endo_cancer","PA",309304
"female","40-44","sc_car_ylls_pa_endo_cancer_ub",-0.03637,"bogota","Car",NA,NA,"L3: endo_cancer","PA",275440
"female","45-49","sc_car_ylls_pa_endo_cancer_ub",-0.07701,"bogota","Car",NA,NA,"L3: endo_cancer","PA",254843
"female","50-54","sc_car_ylls_pa_endo_cancer_ub",-0.05563,"bogota","Car",NA,NA,"L3: endo_cancer","PA",256059
"female","55-59","sc_car_ylls_pa_endo_cancer_ub",-0.08906,"bogota","Car",NA,NA,"L3: endo_cancer","PA",235548
"female","60-64","sc_car_ylls_pa_endo_cancer_ub",-0.11331,"bogota","Car",NA,NA,"L3: endo_cancer","PA",189600
"female","65-69","sc_car_ylls_pa_endo_cancer_ub",-0.10151,"bogota","Car",NA,NA,"L3: endo_cancer","PA",141409
"male","15-19","sc_bus_ylls_pa_endo_cancer_ub",0,"bogota","Bus",NA,NA,"L3: endo_cancer","PA",282736
"male","20-24","sc_bus_ylls_pa_endo_cancer_ub",0,"bogota","Bus",NA,NA,"L3: endo_cancer","PA",357934
"male","25-29","sc_bus_ylls_pa_endo_cancer_ub",0,"bogota","Bus",NA,NA,"L3: endo_cancer","PA",360031
"male","30-34","sc_bus_ylls_pa_endo_cancer_ub",0,"bogota","Bus",NA,NA,"L3: endo_cancer","PA",321492
"male","35-39","sc_bus_ylls_pa_endo_cancer_ub",0,"bogota","Bus",NA,NA,"L3: endo_cancer","PA",289808
"male","40-44","sc_bus_ylls_pa_endo_cancer_ub",0,"bogota","Bus",NA,NA,"L3: endo_cancer","PA",244543
"male","45-49","sc_bus_ylls_pa_endo_cancer_ub",0,"bogota","Bus",NA,NA,"L3: endo_cancer","PA",215491
"male","50-54","sc_bus_ylls_pa_endo_cancer_ub",0,"bogota","Bus",NA,NA,"L3: endo_cancer","PA",209137
"male","55-59","sc_bus_ylls_pa_endo_cancer_ub",0,"bogota","Bus",NA,NA,"L3: endo_cancer","PA",187551
"male","60-64","sc_bus_ylls_pa_endo_cancer_ub",0,"bogota","Bus",NA,NA,"L3: endo_cancer","PA",146500
"male","65-69","sc_bus_ylls_pa_endo_cancer_ub",0,"bogota","Bus",NA,NA,"L3: endo_cancer","PA",105412
"female","15-19","sc_bus_ylls_pa_endo_cancer_ub",0,"bogota","Bus",NA,NA,"L3: endo_cancer","PA",279280
"female","20-24","sc_bus_ylls_pa_endo_cancer_ub",-0.00502,"bogota","Bus",NA,NA,"L3: endo_cancer","PA",360197
"female","25-29","sc_bus_ylls_pa_endo_cancer_ub",-0.01511,"bogota","Bus",NA,NA,"L3: endo_cancer","PA",364423
"female","30-34","sc_bus_ylls_pa_endo_cancer_ub",-0.01788,"bogota","Bus",NA,NA,"L3: endo_cancer","PA",330341
"female","35-39","sc_bus_ylls_pa_endo_cancer_ub",-0.03297,"bogota","Bus",NA,NA,"L3: endo_cancer","PA",309304
"female","40-44","sc_bus_ylls_pa_endo_cancer_ub",-0.04561,"bogota","Bus",NA,NA,"L3: endo_cancer","PA",275440
"female","45-49","sc_bus_ylls_pa_endo_cancer_ub",-0.09905,"bogota","Bus",NA,NA,"L3: endo_cancer","PA",254843
"female","50-54","sc_bus_ylls_pa_endo_cancer_ub",-0.07311,"bogota","Bus",NA,NA,"L3: endo_cancer","PA",256059
"female","55-59","sc_bus_ylls_pa_endo_cancer_ub",-0.09436,"bogota","Bus",NA,NA,"L3: endo_cancer","PA",235548
"female","60-64","sc_bus_ylls_pa_endo_cancer_ub",-0.17002,"bogota","Bus",NA,NA,"L3: endo_cancer","PA",189600
"female","65-69","sc_bus_ylls_pa_endo_cancer_ub",-0.12849,"bogota","Bus",NA,NA,"L3: endo_cancer","PA",141409
"male","15-19","sc_cycle_ylls_pa_liver_cancer",0.04556,"bogota","Cycling",NA,NA,"L3: liver_cancer","PA",282736
"male","20-24","sc_cycle_ylls_pa_liver_cancer",0.20102,"bogota","Cycling",NA,NA,"L3: liver_cancer","PA",357934
"male","25-29","sc_cycle_ylls_pa_liver_cancer",0.25766,"bogota","Cycling",NA,NA,"L3: liver_cancer","PA",360031
"male","30-34","sc_cycle_ylls_pa_liver_cancer",0.32652,"bogota","Cycling",NA,NA,"L3: liver_cancer","PA",321492
"male","35-39","sc_cycle_ylls_pa_liver_cancer",0.42655,"bogota","Cycling",NA,NA,"L3: liver_cancer","PA",289808
"male","40-44","sc_cycle_ylls_pa_liver_cancer",0.59951,"bogota","Cycling",NA,NA,"L3: liver_cancer","PA",244543
"male","45-49","sc_cycle_ylls_pa_liver_cancer",0.94794,"bogota","Cycling",NA,NA,"L3: liver_cancer","PA",215491
"male","50-54","sc_cycle_ylls_pa_liver_cancer",1.34684,"bogota","Cycling",NA,NA,"L3: liver_cancer","PA",209137
"male","55-59","sc_cycle_ylls_pa_liver_cancer",2.12228,"bogota","Cycling",NA,NA,"L3: liver_cancer","PA",187551
"male","60-64","sc_cycle_ylls_pa_liver_cancer",3.18755,"bogota","Cycling",NA,NA,"L3: liver_cancer","PA",146500
"male","65-69","sc_cycle_ylls_pa_liver_cancer",3.01166,"bogota","Cycling",NA,NA,"L3: liver_cancer","PA",105412
"female","15-19","sc_cycle_ylls_pa_liver_cancer",0.09135,"bogota","Cycling",NA,NA,"L3: liver_cancer","PA",279280
"female","20-24","sc_cycle_ylls_pa_liver_cancer",0.21076,"bogota","Cycling",NA,NA,"L3: liver_cancer","PA",360197
"female","25-29","sc_cycle_ylls_pa_liver_cancer",0.31216,"bogota","Cycling",NA,NA,"L3: liver_cancer","PA",364423
"female","30-34","sc_cycle_ylls_pa_liver_cancer",0.36678,"bogota","Cycling",NA,NA,"L3: liver_cancer","PA",330341
"female","35-39","sc_cycle_ylls_pa_liver_cancer",0.63298,"bogota","Cycling",NA,NA,"L3: liver_cancer","PA",309304
"female","40-44","sc_cycle_ylls_pa_liver_cancer",0.80009,"bogota","Cycling",NA,NA,"L3: liver_cancer","PA",275440
"female","45-49","sc_cycle_ylls_pa_liver_cancer",1.35112,"bogota","Cycling",NA,NA,"L3: liver_cancer","PA",254843
"female","50-54","sc_cycle_ylls_pa_liver_cancer",3.07496,"bogota","Cycling",NA,NA,"L3: liver_cancer","PA",256059
"female","55-59","sc_cycle_ylls_pa_liver_cancer",4.19797,"bogota","Cycling",NA,NA,"L3: liver_cancer","PA",235548
"female","60-64","sc_cycle_ylls_pa_liver_cancer",4.31693,"bogota","Cycling",NA,NA,"L3: liver_cancer","PA",189600
"female","65-69","sc_cycle_ylls_pa_liver_cancer",3.78982,"bogota","Cycling",NA,NA,"L3: liver_cancer","PA",141409
"male","15-19","sc_car_ylls_pa_liver_cancer",-0.02785,"bogota","Car",NA,NA,"L3: liver_cancer","PA",282736
"male","20-24","sc_car_ylls_pa_liver_cancer",-0.06594,"bogota","Car",NA,NA,"L3: liver_cancer","PA",357934
"male","25-29","sc_car_ylls_pa_liver_cancer",-0.10503,"bogota","Car",NA,NA,"L3: liver_cancer","PA",360031
"male","30-34","sc_car_ylls_pa_liver_cancer",-0.09758,"bogota","Car",NA,NA,"L3: liver_cancer","PA",321492
"male","35-39","sc_car_ylls_pa_liver_cancer",-0.14811,"bogota","Car",NA,NA,"L3: liver_cancer","PA",289808
"male","40-44","sc_car_ylls_pa_liver_cancer",-0.23812,"bogota","Car",NA,NA,"L3: liver_cancer","PA",244543
"male","45-49","sc_car_ylls_pa_liver_cancer",-0.38258,"bogota","Car",NA,NA,"L3: liver_cancer","PA",215491
"male","50-54","sc_car_ylls_pa_liver_cancer",-0.46532,"bogota","Car",NA,NA,"L3: liver_cancer","PA",209137
"male","55-59","sc_car_ylls_pa_liver_cancer",-0.96827,"bogota","Car",NA,NA,"L3: liver_cancer","PA",187551
"male","60-64","sc_car_ylls_pa_liver_cancer",-0.92487,"bogota","Car",NA,NA,"L3: liver_cancer","PA",146500
"male","65-69","sc_car_ylls_pa_liver_cancer",-1.12368,"bogota","Car",NA,NA,"L3: liver_cancer","PA",105412
"female","15-19","sc_car_ylls_pa_liver_cancer",-0.01555,"bogota","Car",NA,NA,"L3: liver_cancer","PA",279280
"female","20-24","sc_car_ylls_pa_liver_cancer",-0.03696,"bogota","Car",NA,NA,"L3: liver_cancer","PA",360197
"female","25-29","sc_car_ylls_pa_liver_cancer",-0.05652,"bogota","Car",NA,NA,"L3: liver_cancer","PA",364423
"female","30-34","sc_car_ylls_pa_liver_cancer",-0.06707,"bogota","Car",NA,NA,"L3: liver_cancer","PA",330341
"female","35-39","sc_car_ylls_pa_liver_cancer",-0.11127,"bogota","Car",NA,NA,"L3: liver_cancer","PA",309304
"female","40-44","sc_car_ylls_pa_liver_cancer",-0.14913,"bogota","Car",NA,NA,"L3: liver_cancer","PA",275440
"female","45-49","sc_car_ylls_pa_liver_cancer",-0.22409,"bogota","Car",NA,NA,"L3: liver_cancer","PA",254843
"female","50-54","sc_car_ylls_pa_liver_cancer",-0.2414,"bogota","Car",NA,NA,"L3: liver_cancer","PA",256059
"female","55-59","sc_car_ylls_pa_liver_cancer",-0.34558,"bogota","Car",NA,NA,"L3: liver_cancer","PA",235548
"female","60-64","sc_car_ylls_pa_liver_cancer",-0.38082,"bogota","Car",NA,NA,"L3: liver_cancer","PA",189600
"female","65-69","sc_car_ylls_pa_liver_cancer",-0.37449,"bogota","Car",NA,NA,"L3: liver_cancer","PA",141409
"male","15-19","sc_bus_ylls_pa_liver_cancer",-0.03806,"bogota","Bus",NA,NA,"L3: liver_cancer","PA",282736
"male","20-24","sc_bus_ylls_pa_liver_cancer",-0.09978,"bogota","Bus",NA,NA,"L3: liver_cancer","PA",357934
"male","25-29","sc_bus_ylls_pa_liver_cancer",-0.1569,"bogota","Bus",NA,NA,"L3: liver_cancer","PA",360031
"male","30-34","sc_bus_ylls_pa_liver_cancer",-0.21226,"bogota","Bus",NA,NA,"L3: liver_cancer","PA",321492
"male","35-39","sc_bus_ylls_pa_liver_cancer",-0.26428,"bogota","Bus",NA,NA,"L3: liver_cancer","PA",289808
"male","40-44","sc_bus_ylls_pa_liver_cancer",-0.34943,"bogota","Bus",NA,NA,"L3: liver_cancer","PA",244543
"male","45-49","sc_bus_ylls_pa_liver_cancer",-0.57877,"bogota","Bus",NA,NA,"L3: liver_cancer","PA",215491
"male","50-54","sc_bus_ylls_pa_liver_cancer",-0.82972,"bogota","Bus",NA,NA,"L3: liver_cancer","PA",209137
"male","55-59","sc_bus_ylls_pa_liver_cancer",-1.38762,"bogota","Bus",NA,NA,"L3: liver_cancer","PA",187551
"male","60-64","sc_bus_ylls_pa_liver_cancer",-1.87711,"bogota","Bus",NA,NA,"L3: liver_cancer","PA",146500
"male","65-69","sc_bus_ylls_pa_liver_cancer",-1.40846,"bogota","Bus",NA,NA,"L3: liver_cancer","PA",105412
"female","15-19","sc_bus_ylls_pa_liver_cancer",-0.01606,"bogota","Bus",NA,NA,"L3: liver_cancer","PA",279280
"female","20-24","sc_bus_ylls_pa_liver_cancer",-0.05276,"bogota","Bus",NA,NA,"L3: liver_cancer","PA",360197
"female","25-29","sc_bus_ylls_pa_liver_cancer",-0.07871,"bogota","Bus",NA,NA,"L3: liver_cancer","PA",364423
"female","30-34","sc_bus_ylls_pa_liver_cancer",-0.08241,"bogota","Bus",NA,NA,"L3: liver_cancer","PA",330341
"female","35-39","sc_bus_ylls_pa_liver_cancer",-0.15123,"bogota","Bus",NA,NA,"L3: liver_cancer","PA",309304
"female","40-44","sc_bus_ylls_pa_liver_cancer",-0.18725,"bogota","Bus",NA,NA,"L3: liver_cancer","PA",275440
"female","45-49","sc_bus_ylls_pa_liver_cancer",-0.28305,"bogota","Bus",NA,NA,"L3: liver_cancer","PA",254843
"female","50-54","sc_bus_ylls_pa_liver_cancer",-0.28873,"bogota","Bus",NA,NA,"L3: liver_cancer","PA",256059
"female","55-59","sc_bus_ylls_pa_liver_cancer",-0.386,"bogota","Bus",NA,NA,"L3: liver_cancer","PA",235548
"female","60-64","sc_bus_ylls_pa_liver_cancer",-0.51684,"bogota","Bus",NA,NA,"L3: liver_cancer","PA",189600
"female","65-69","sc_bus_ylls_pa_liver_cancer",-0.45802,"bogota","Bus",NA,NA,"L3: liver_cancer","PA",141409
"male","15-19","sc_cycle_ylls_pa_liver_cancer_lb",0.07296,"bogota","Cycling",NA,NA,"L3: liver_cancer","PA",282736
"male","20-24","sc_cycle_ylls_pa_liver_cancer_lb",0.32516,"bogota","Cycling",NA,NA,"L3: liver_cancer","PA",357934
"male","25-29","sc_cycle_ylls_pa_liver_cancer_lb",0.40927,"bogota","Cycling",NA,NA,"L3: liver_cancer","PA",360031
"male","30-34","sc_cycle_ylls_pa_liver_cancer_lb",0.52602,"bogota","Cycling",NA,NA,"L3: liver_cancer","PA",321492
"male","35-39","sc_cycle_ylls_pa_liver_cancer_lb",0.6856,"bogota","Cycling",NA,NA,"L3: liver_cancer","PA",289808
"male","40-44","sc_cycle_ylls_pa_liver_cancer_lb",0.96011,"bogota","Cycling",NA,NA,"L3: liver_cancer","PA",244543
"male","45-49","sc_cycle_ylls_pa_liver_cancer_lb",1.5197,"bogota","Cycling",NA,NA,"L3: liver_cancer","PA",215491
"male","50-54","sc_cycle_ylls_pa_liver_cancer_lb",2.12638,"bogota","Cycling",NA,NA,"L3: liver_cancer","PA",209137
"male","55-59","sc_cycle_ylls_pa_liver_cancer_lb",3.34304,"bogota","Cycling",NA,NA,"L3: liver_cancer","PA",187551
"male","60-64","sc_cycle_ylls_pa_liver_cancer_lb",5.09016,"bogota","Cycling",NA,NA,"L3: liver_cancer","PA",146500
"male","65-69","sc_cycle_ylls_pa_liver_cancer_lb",4.82599,"bogota","Cycling",NA,NA,"L3: liver_cancer","PA",105412
"female","15-19","sc_cycle_ylls_pa_liver_cancer_lb",0.1451,"bogota","Cycling",NA,NA,"L3: liver_cancer","PA",279280
"female","20-24","sc_cycle_ylls_pa_liver_cancer_lb",0.3352,"bogota","Cycling",NA,NA,"L3: liver_cancer","PA",360197
"female","25-29","sc_cycle_ylls_pa_liver_cancer_lb",0.49714,"bogota","Cycling",NA,NA,"L3: liver_cancer","PA",364423
"female","30-34","sc_cycle_ylls_pa_liver_cancer_lb",0.58345,"bogota","Cycling",NA,NA,"L3: liver_cancer","PA",330341
"female","35-39","sc_cycle_ylls_pa_liver_cancer_lb",0.9981,"bogota","Cycling",NA,NA,"L3: liver_cancer","PA",309304
"female","40-44","sc_cycle_ylls_pa_liver_cancer_lb",1.26531,"bogota","Cycling",NA,NA,"L3: liver_cancer","PA",275440
"female","45-49","sc_cycle_ylls_pa_liver_cancer_lb",2.13992,"bogota","Cycling",NA,NA,"L3: liver_cancer","PA",254843
"female","50-54","sc_cycle_ylls_pa_liver_cancer_lb",4.84329,"bogota","Cycling",NA,NA,"L3: liver_cancer","PA",256059
"female","55-59","sc_cycle_ylls_pa_liver_cancer_lb",6.6216,"bogota","Cycling",NA,NA,"L3: liver_cancer","PA",235548
"female","60-64","sc_cycle_ylls_pa_liver_cancer_lb",6.80466,"bogota","Cycling",NA,NA,"L3: liver_cancer","PA",189600
"female","65-69","sc_cycle_ylls_pa_liver_cancer_lb",5.97672,"bogota","Cycling",NA,NA,"L3: liver_cancer","PA",141409
"male","15-19","sc_car_ylls_pa_liver_cancer_lb",-0.04509,"bogota","Car",NA,NA,"L3: liver_cancer","PA",282736
"male","20-24","sc_car_ylls_pa_liver_cancer_lb",-0.10583,"bogota","Car",NA,NA,"L3: liver_cancer","PA",357934
"male","25-29","sc_car_ylls_pa_liver_cancer_lb",-0.17069,"bogota","Car",NA,NA,"L3: liver_cancer","PA",360031
"male","30-34","sc_car_ylls_pa_liver_cancer_lb",-0.15739,"bogota","Car",NA,NA,"L3: liver_cancer","PA",321492
"male","35-39","sc_car_ylls_pa_liver_cancer_lb",-0.23164,"bogota","Car",NA,NA,"L3: liver_cancer","PA",289808
"male","40-44","sc_car_ylls_pa_liver_cancer_lb",-0.39158,"bogota","Car",NA,NA,"L3: liver_cancer","PA",244543
"male","45-49","sc_car_ylls_pa_liver_cancer_lb",-0.6229,"bogota","Car",NA,NA,"L3: liver_cancer","PA",215491
"male","50-54","sc_car_ylls_pa_liver_cancer_lb",-0.74799,"bogota","Car",NA,NA,"L3: liver_cancer","PA",209137
"male","55-59","sc_car_ylls_pa_liver_cancer_lb",-1.56306,"bogota","Car",NA,NA,"L3: liver_cancer","PA",187551
"male","60-64","sc_car_ylls_pa_liver_cancer_lb",-1.47024,"bogota","Car",NA,NA,"L3: liver_cancer","PA",146500
"male","65-69","sc_car_ylls_pa_liver_cancer_lb",-1.7838,"bogota","Car",NA,NA,"L3: liver_cancer","PA",105412
"female","15-19","sc_car_ylls_pa_liver_cancer_lb",-0.02475,"bogota","Car",NA,NA,"L3: liver_cancer","PA",279280
"female","20-24","sc_car_ylls_pa_liver_cancer_lb",-0.06007,"bogota","Car",NA,NA,"L3: liver_cancer","PA",360197
"female","25-29","sc_car_ylls_pa_liver_cancer_lb",-0.09074,"bogota","Car",NA,NA,"L3: liver_cancer","PA",364423
"female","30-34","sc_car_ylls_pa_liver_cancer_lb",-0.10701,"bogota","Car",NA,NA,"L3: liver_cancer","PA",330341
"female","35-39","sc_car_ylls_pa_liver_cancer_lb",-0.17656,"bogota","Car",NA,NA,"L3: liver_cancer","PA",309304
"female","40-44","sc_car_ylls_pa_liver_cancer_lb",-0.23818,"bogota","Car",NA,NA,"L3: liver_cancer","PA",275440
"female","45-49","sc_car_ylls_pa_liver_cancer_lb",-0.35679,"bogota","Car",NA,NA,"L3: liver_cancer","PA",254843
"female","50-54","sc_car_ylls_pa_liver_cancer_lb",-0.39353,"bogota","Car",NA,NA,"L3: liver_cancer","PA",256059
"female","55-59","sc_car_ylls_pa_liver_cancer_lb",-0.55893,"bogota","Car",NA,NA,"L3: liver_cancer","PA",235548
"female","60-64","sc_car_ylls_pa_liver_cancer_lb",-0.62313,"bogota","Car",NA,NA,"L3: liver_cancer","PA",189600
"female","65-69","sc_car_ylls_pa_liver_cancer_lb",-0.60921,"bogota","Car",NA,NA,"L3: liver_cancer","PA",141409
"male","15-19","sc_bus_ylls_pa_liver_cancer_lb",-0.06031,"bogota","Bus",NA,NA,"L3: liver_cancer","PA",282736
"male","20-24","sc_bus_ylls_pa_liver_cancer_lb",-0.16089,"bogota","Bus",NA,NA,"L3: liver_cancer","PA",357934
"male","25-29","sc_bus_ylls_pa_liver_cancer_lb",-0.25207,"bogota","Bus",NA,NA,"L3: liver_cancer","PA",360031
"male","30-34","sc_bus_ylls_pa_liver_cancer_lb",-0.34633,"bogota","Bus",NA,NA,"L3: liver_cancer","PA",321492
"male","35-39","sc_bus_ylls_pa_liver_cancer_lb",-0.42117,"bogota","Bus",NA,NA,"L3: liver_cancer","PA",289808
"male","40-44","sc_bus_ylls_pa_liver_cancer_lb",-0.55761,"bogota","Bus",NA,NA,"L3: liver_cancer","PA",244543
"male","45-49","sc_bus_ylls_pa_liver_cancer_lb",-0.92164,"bogota","Bus",NA,NA,"L3: liver_cancer","PA",215491
"male","50-54","sc_bus_ylls_pa_liver_cancer_lb",-1.31474,"bogota","Bus",NA,NA,"L3: liver_cancer","PA",209137
"male","55-59","sc_bus_ylls_pa_liver_cancer_lb",-2.25273,"bogota","Bus",NA,NA,"L3: liver_cancer","PA",187551
"male","60-64","sc_bus_ylls_pa_liver_cancer_lb",-3.04783,"bogota","Bus",NA,NA,"L3: liver_cancer","PA",146500
"male","65-69","sc_bus_ylls_pa_liver_cancer_lb",-2.19854,"bogota","Bus",NA,NA,"L3: liver_cancer","PA",105412
"female","15-19","sc_bus_ylls_pa_liver_cancer_lb",-0.02477,"bogota","Bus",NA,NA,"L3: liver_cancer","PA",279280
"female","20-24","sc_bus_ylls_pa_liver_cancer_lb",-0.08445,"bogota","Bus",NA,NA,"L3: liver_cancer","PA",360197
"female","25-29","sc_bus_ylls_pa_liver_cancer_lb",-0.12481,"bogota","Bus",NA,NA,"L3: liver_cancer","PA",364423
"female","30-34","sc_bus_ylls_pa_liver_cancer_lb",-0.12978,"bogota","Bus",NA,NA,"L3: liver_cancer","PA",330341
"female","35-39","sc_bus_ylls_pa_liver_cancer_lb",-0.23934,"bogota","Bus",NA,NA,"L3: liver_cancer","PA",309304
"female","40-44","sc_bus_ylls_pa_liver_cancer_lb",-0.2993,"bogota","Bus",NA,NA,"L3: liver_cancer","PA",275440
"female","45-49","sc_bus_ylls_pa_liver_cancer_lb",-0.44708,"bogota","Bus",NA,NA,"L3: liver_cancer","PA",254843
"female","50-54","sc_bus_ylls_pa_liver_cancer_lb",-0.45617,"bogota","Bus",NA,NA,"L3: liver_cancer","PA",256059
"female","55-59","sc_bus_ylls_pa_liver_cancer_lb",-0.63568,"bogota","Bus",NA,NA,"L3: liver_cancer","PA",235548
"female","60-64","sc_bus_ylls_pa_liver_cancer_lb",-0.81523,"bogota","Bus",NA,NA,"L3: liver_cancer","PA",189600
"female","65-69","sc_bus_ylls_pa_liver_cancer_lb",-0.7329,"bogota","Bus",NA,NA,"L3: liver_cancer","PA",141409
"male","15-19","sc_cycle_ylls_pa_liver_cancer_ub",0.01845,"bogota","Cycling",NA,NA,"L3: liver_cancer","PA",282736
"male","20-24","sc_cycle_ylls_pa_liver_cancer_ub",0.0801,"bogota","Cycling",NA,NA,"L3: liver_cancer","PA",357934
"male","25-29","sc_cycle_ylls_pa_liver_cancer_ub",0.10849,"bogota","Cycling",NA,NA,"L3: liver_cancer","PA",360031
"male","30-34","sc_cycle_ylls_pa_liver_cancer_ub",0.13403,"bogota","Cycling",NA,NA,"L3: liver_cancer","PA",321492
"male","35-39","sc_cycle_ylls_pa_liver_cancer_ub",0.1763,"bogota","Cycling",NA,NA,"L3: liver_cancer","PA",289808
"male","40-44","sc_cycle_ylls_pa_liver_cancer_ub",0.2498,"bogota","Cycling",NA,NA,"L3: liver_cancer","PA",244543
"male","45-49","sc_cycle_ylls_pa_liver_cancer_ub",0.39458,"bogota","Cycling",NA,NA,"L3: liver_cancer","PA",215491
"male","50-54","sc_cycle_ylls_pa_liver_cancer_ub",0.59114,"bogota","Cycling",NA,NA,"L3: liver_cancer","PA",209137
"male","55-59","sc_cycle_ylls_pa_liver_cancer_ub",0.93265,"bogota","Cycling",NA,NA,"L3: liver_cancer","PA",187551
"male","60-64","sc_cycle_ylls_pa_liver_cancer_ub",1.34214,"bogota","Cycling",NA,NA,"L3: liver_cancer","PA",146500
"male","65-69","sc_cycle_ylls_pa_liver_cancer_ub",1.24279,"bogota","Cycling",NA,NA,"L3: liver_cancer","PA",105412
"female","15-19","sc_cycle_ylls_pa_liver_cancer_ub",0.03688,"bogota","Cycling",NA,NA,"L3: liver_cancer","PA",279280
"female","20-24","sc_cycle_ylls_pa_liver_cancer_ub",0.08594,"bogota","Cycling",NA,NA,"L3: liver_cancer","PA",360197
"female","25-29","sc_cycle_ylls_pa_liver_cancer_ub",0.12677,"bogota","Cycling",NA,NA,"L3: liver_cancer","PA",364423
"female","30-34","sc_cycle_ylls_pa_liver_cancer_ub",0.15206,"bogota","Cycling",NA,NA,"L3: liver_cancer","PA",330341
"female","35-39","sc_cycle_ylls_pa_liver_cancer_ub",0.26889,"bogota","Cycling",NA,NA,"L3: liver_cancer","PA",309304
"female","40-44","sc_cycle_ylls_pa_liver_cancer_ub",0.33904,"bogota","Cycling",NA,NA,"L3: liver_cancer","PA",275440
"female","45-49","sc_cycle_ylls_pa_liver_cancer_ub",0.56783,"bogota","Cycling",NA,NA,"L3: liver_cancer","PA",254843
"female","50-54","sc_cycle_ylls_pa_liver_cancer_ub",1.29007,"bogota","Cycling",NA,NA,"L3: liver_cancer","PA",256059
"female","55-59","sc_cycle_ylls_pa_liver_cancer_ub",1.75546,"bogota","Cycling",NA,NA,"L3: liver_cancer","PA",235548
"female","60-64","sc_cycle_ylls_pa_liver_cancer_ub",1.82661,"bogota","Cycling",NA,NA,"L3: liver_cancer","PA",189600
"female","65-69","sc_cycle_ylls_pa_liver_cancer_ub",1.59915,"bogota","Cycling",NA,NA,"L3: liver_cancer","PA",141409
"male","15-19","sc_car_ylls_pa_liver_cancer_ub",-0.01087,"bogota","Car",NA,NA,"L3: liver_cancer","PA",282736
"male","20-24","sc_car_ylls_pa_liver_cancer_ub",-0.02688,"bogota","Car",NA,NA,"L3: liver_cancer","PA",357934
"male","25-29","sc_car_ylls_pa_liver_cancer_ub",-0.04099,"bogota","Car",NA,NA,"L3: liver_cancer","PA",360031
"male","30-34","sc_car_ylls_pa_liver_cancer_ub",-0.04003,"bogota","Car",NA,NA,"L3: liver_cancer","PA",321492
"male","35-39","sc_car_ylls_pa_liver_cancer_ub",-0.06576,"bogota","Car",NA,NA,"L3: liver_cancer","PA",289808
"male","40-44","sc_car_ylls_pa_liver_cancer_ub",-0.09101,"bogota","Car",NA,NA,"L3: liver_cancer","PA",244543
"male","45-49","sc_car_ylls_pa_liver_cancer_ub",-0.15179,"bogota","Car",NA,NA,"L3: liver_cancer","PA",215491
"male","50-54","sc_car_ylls_pa_liver_cancer_ub",-0.19239,"bogota","Car",NA,NA,"L3: liver_cancer","PA",209137
"male","55-59","sc_car_ylls_pa_liver_cancer_ub",-0.39533,"bogota","Car",NA,NA,"L3: liver_cancer","PA",187551
"male","60-64","sc_car_ylls_pa_liver_cancer_ub",-0.39201,"bogota","Car",NA,NA,"L3: liver_cancer","PA",146500
"male","65-69","sc_car_ylls_pa_liver_cancer_ub",-0.48077,"bogota","Car",NA,NA,"L3: liver_cancer","PA",105412
"female","15-19","sc_car_ylls_pa_liver_cancer_ub",-0.00628,"bogota","Car",NA,NA,"L3: liver_cancer","PA",279280
"female","20-24","sc_car_ylls_pa_liver_cancer_ub",-0.01402,"bogota","Car",NA,NA,"L3: liver_cancer","PA",360197
"female","25-29","sc_car_ylls_pa_liver_cancer_ub",-0.0222,"bogota","Car",NA,NA,"L3: liver_cancer","PA",364423
"female","30-34","sc_car_ylls_pa_liver_cancer_ub",-0.02739,"bogota","Car",NA,NA,"L3: liver_cancer","PA",330341
"female","35-39","sc_car_ylls_pa_liver_cancer_ub",-0.0459,"bogota","Car",NA,NA,"L3: liver_cancer","PA",309304
"female","40-44","sc_car_ylls_pa_liver_cancer_ub",-0.06106,"bogota","Car",NA,NA,"L3: liver_cancer","PA",275440
"female","45-49","sc_car_ylls_pa_liver_cancer_ub",-0.09289,"bogota","Car",NA,NA,"L3: liver_cancer","PA",254843
"female","50-54","sc_car_ylls_pa_liver_cancer_ub",-0.0901,"bogota","Car",NA,NA,"L3: liver_cancer","PA",256059
"female","55-59","sc_car_ylls_pa_liver_cancer_ub",-0.13281,"bogota","Car",NA,NA,"L3: liver_cancer","PA",235548
"female","60-64","sc_car_ylls_pa_liver_cancer_ub",-0.14205,"bogota","Car",NA,NA,"L3: liver_cancer","PA",189600
"female","65-69","sc_car_ylls_pa_liver_cancer_ub",-0.14439,"bogota","Car",NA,NA,"L3: liver_cancer","PA",141409
"male","15-19","sc_bus_ylls_pa_liver_cancer_ub",-0.0159,"bogota","Bus",NA,NA,"L3: liver_cancer","PA",282736
"male","20-24","sc_bus_ylls_pa_liver_cancer_ub",-0.04013,"bogota","Bus",NA,NA,"L3: liver_cancer","PA",357934
"male","25-29","sc_bus_ylls_pa_liver_cancer_ub",-0.06383,"bogota","Bus",NA,NA,"L3: liver_cancer","PA",360031
"male","30-34","sc_bus_ylls_pa_liver_cancer_ub",-0.08387,"bogota","Bus",NA,NA,"L3: liver_cancer","PA",321492
"male","35-39","sc_bus_ylls_pa_liver_cancer_ub",-0.11201,"bogota","Bus",NA,NA,"L3: liver_cancer","PA",289808
"male","40-44","sc_bus_ylls_pa_liver_cancer_ub",-0.14661,"bogota","Bus",NA,NA,"L3: liver_cancer","PA",244543
"male","45-49","sc_bus_ylls_pa_liver_cancer_ub",-0.24448,"bogota","Bus",NA,NA,"L3: liver_cancer","PA",215491
"male","50-54","sc_bus_ylls_pa_liver_cancer_ub",-0.35774,"bogota","Bus",NA,NA,"L3: liver_cancer","PA",209137
"male","55-59","sc_bus_ylls_pa_liver_cancer_ub",-0.55904,"bogota","Bus",NA,NA,"L3: liver_cancer","PA",187551
"male","60-64","sc_bus_ylls_pa_liver_cancer_ub",-0.7485,"bogota","Bus",NA,NA,"L3: liver_cancer","PA",146500
"male","65-69","sc_bus_ylls_pa_liver_cancer_ub",-0.6324,"bogota","Bus",NA,NA,"L3: liver_cancer","PA",105412
"female","15-19","sc_bus_ylls_pa_liver_cancer_ub",-0.00706,"bogota","Bus",NA,NA,"L3: liver_cancer","PA",279280
"female","20-24","sc_bus_ylls_pa_liver_cancer_ub",-0.02093,"bogota","Bus",NA,NA,"L3: liver_cancer","PA",360197
"female","25-29","sc_bus_ylls_pa_liver_cancer_ub",-0.03238,"bogota","Bus",NA,NA,"L3: liver_cancer","PA",364423
"female","30-34","sc_bus_ylls_pa_liver_cancer_ub",-0.03512,"bogota","Bus",NA,NA,"L3: liver_cancer","PA",330341
"female","35-39","sc_bus_ylls_pa_liver_cancer_ub",-0.06315,"bogota","Bus",NA,NA,"L3: liver_cancer","PA",309304
"female","40-44","sc_bus_ylls_pa_liver_cancer_ub",-0.07666,"bogota","Bus",NA,NA,"L3: liver_cancer","PA",275440
"female","45-49","sc_bus_ylls_pa_liver_cancer_ub",-0.11976,"bogota","Bus",NA,NA,"L3: liver_cancer","PA",254843
"female","50-54","sc_bus_ylls_pa_liver_cancer_ub",-0.12061,"bogota","Bus",NA,NA,"L3: liver_cancer","PA",256059
"female","55-59","sc_bus_ylls_pa_liver_cancer_ub",-0.13984,"bogota","Bus",NA,NA,"L3: liver_cancer","PA",235548
"female","60-64","sc_bus_ylls_pa_liver_cancer_ub",-0.21652,"bogota","Bus",NA,NA,"L3: liver_cancer","PA",189600
"female","65-69","sc_bus_ylls_pa_liver_cancer_ub",-0.18377,"bogota","Bus",NA,NA,"L3: liver_cancer","PA",141409
"male","15-19","sc_cycle_ylls_pa_ap_CVD",2.31945,"bogota","Cycling",NA,"L2: CVD",NA,"PA and AP",282736
"male","20-24","sc_cycle_ylls_pa_ap_CVD",11.00125,"bogota","Cycling",NA,"L2: CVD",NA,"PA and AP",357934
"male","25-29","sc_cycle_ylls_pa_ap_CVD",15.26063,"bogota","Cycling",NA,"L2: CVD",NA,"PA and AP",360031
"male","30-34","sc_cycle_ylls_pa_ap_CVD",21.71375,"bogota","Cycling",NA,"L2: CVD",NA,"PA and AP",321492
"male","35-39","sc_cycle_ylls_pa_ap_CVD",26.48587,"bogota","Cycling",NA,"L2: CVD",NA,"PA and AP",289808
"male","40-44","sc_cycle_ylls_pa_ap_CVD",31.95034,"bogota","Cycling",NA,"L2: CVD",NA,"PA and AP",244543
"male","45-49","sc_cycle_ylls_pa_ap_CVD",44.23021,"bogota","Cycling",NA,"L2: CVD",NA,"PA and AP",215491
"male","50-54","sc_cycle_ylls_pa_ap_CVD",50.66901,"bogota","Cycling",NA,"L2: CVD",NA,"PA and AP",209137
"male","55-59","sc_cycle_ylls_pa_ap_CVD",68.76361,"bogota","Cycling",NA,"L2: CVD",NA,"PA and AP",187551
"male","60-64","sc_cycle_ylls_pa_ap_CVD",113.17415,"bogota","Cycling",NA,"L2: CVD",NA,"PA and AP",146500
"male","65-69","sc_cycle_ylls_pa_ap_CVD",113.16304,"bogota","Cycling",NA,"L2: CVD",NA,"PA and AP",105412
"female","15-19","sc_cycle_ylls_pa_ap_CVD",3.89012,"bogota","Cycling",NA,"L2: CVD",NA,"PA and AP",279280
"female","20-24","sc_cycle_ylls_pa_ap_CVD",12.44743,"bogota","Cycling",NA,"L2: CVD",NA,"PA and AP",360197
"female","25-29","sc_cycle_ylls_pa_ap_CVD",15.21731,"bogota","Cycling",NA,"L2: CVD",NA,"PA and AP",364423
"female","30-34","sc_cycle_ylls_pa_ap_CVD",20.02499,"bogota","Cycling",NA,"L2: CVD",NA,"PA and AP",330341
"female","35-39","sc_cycle_ylls_pa_ap_CVD",28.59765,"bogota","Cycling",NA,"L2: CVD",NA,"PA and AP",309304
"female","40-44","sc_cycle_ylls_pa_ap_CVD",41.57901,"bogota","Cycling",NA,"L2: CVD",NA,"PA and AP",275440
"female","45-49","sc_cycle_ylls_pa_ap_CVD",67.99797,"bogota","Cycling",NA,"L2: CVD",NA,"PA and AP",254843
"female","50-54","sc_cycle_ylls_pa_ap_CVD",114.25547,"bogota","Cycling",NA,"L2: CVD",NA,"PA and AP",256059
"female","55-59","sc_cycle_ylls_pa_ap_CVD",162.19416,"bogota","Cycling",NA,"L2: CVD",NA,"PA and AP",235548
"female","60-64","sc_cycle_ylls_pa_ap_CVD",173.25445,"bogota","Cycling",NA,"L2: CVD",NA,"PA and AP",189600
"female","65-69","sc_cycle_ylls_pa_ap_CVD",171.14493,"bogota","Cycling",NA,"L2: CVD",NA,"PA and AP",141409
"male","15-19","sc_car_ylls_pa_ap_CVD",-2.22338,"bogota","Car",NA,"L2: CVD",NA,"PA and AP",282736
"male","20-24","sc_car_ylls_pa_ap_CVD",-6.22212,"bogota","Car",NA,"L2: CVD",NA,"PA and AP",357934
"male","25-29","sc_car_ylls_pa_ap_CVD",-10.74564,"bogota","Car",NA,"L2: CVD",NA,"PA and AP",360031
"male","30-34","sc_car_ylls_pa_ap_CVD",-12.29789,"bogota","Car",NA,"L2: CVD",NA,"PA and AP",321492
"male","35-39","sc_car_ylls_pa_ap_CVD",-15.37788,"bogota","Car",NA,"L2: CVD",NA,"PA and AP",289808
"male","40-44","sc_car_ylls_pa_ap_CVD",-22.56275,"bogota","Car",NA,"L2: CVD",NA,"PA and AP",244543
"male","45-49","sc_car_ylls_pa_ap_CVD",-30.48563,"bogota","Car",NA,"L2: CVD",NA,"PA and AP",215491
"male","50-54","sc_car_ylls_pa_ap_CVD",-30.91211,"bogota","Car",NA,"L2: CVD",NA,"PA and AP",209137
"male","55-59","sc_car_ylls_pa_ap_CVD",-50.22944,"bogota","Car",NA,"L2: CVD",NA,"PA and AP",187551
"male","60-64","sc_car_ylls_pa_ap_CVD",-50.76979,"bogota","Car",NA,"L2: CVD",NA,"PA and AP",146500
"male","65-69","sc_car_ylls_pa_ap_CVD",-61.2031,"bogota","Car",NA,"L2: CVD",NA,"PA and AP",105412
"female","15-19","sc_car_ylls_pa_ap_CVD",-1.23668,"bogota","Car",NA,"L2: CVD",NA,"PA and AP",279280
"female","20-24","sc_car_ylls_pa_ap_CVD",-4.31775,"bogota","Car",NA,"L2: CVD",NA,"PA and AP",360197
"female","25-29","sc_car_ylls_pa_ap_CVD",-5.52613,"bogota","Car",NA,"L2: CVD",NA,"PA and AP",364423
"female","30-34","sc_car_ylls_pa_ap_CVD",-7.19374,"bogota","Car",NA,"L2: CVD",NA,"PA and AP",330341
"female","35-39","sc_car_ylls_pa_ap_CVD",-10.26711,"bogota","Car",NA,"L2: CVD",NA,"PA and AP",309304
"female","40-44","sc_car_ylls_pa_ap_CVD",-16.07279,"bogota","Car",NA,"L2: CVD",NA,"PA and AP",275440
"female","45-49","sc_car_ylls_pa_ap_CVD",-21.75681,"bogota","Car",NA,"L2: CVD",NA,"PA and AP",254843
"female","50-54","sc_car_ylls_pa_ap_CVD",-18.19304,"bogota","Car",NA,"L2: CVD",NA,"PA and AP",256059
"female","55-59","sc_car_ylls_pa_ap_CVD",-25.84476,"bogota","Car",NA,"L2: CVD",NA,"PA and AP",235548
"female","60-64","sc_car_ylls_pa_ap_CVD",-31.02122,"bogota","Car",NA,"L2: CVD",NA,"PA and AP",189600
"female","65-69","sc_car_ylls_pa_ap_CVD",-31.0533,"bogota","Car",NA,"L2: CVD",NA,"PA and AP",141409
"male","15-19","sc_bus_ylls_pa_ap_CVD",-2.00033,"bogota","Bus",NA,"L2: CVD",NA,"PA and AP",282736
"male","20-24","sc_bus_ylls_pa_ap_CVD",-5.7027,"bogota","Bus",NA,"L2: CVD",NA,"PA and AP",357934
"male","25-29","sc_bus_ylls_pa_ap_CVD",-9.93249,"bogota","Bus",NA,"L2: CVD",NA,"PA and AP",360031
"male","30-34","sc_bus_ylls_pa_ap_CVD",-13.81751,"bogota","Bus",NA,"L2: CVD",NA,"PA and AP",321492
"male","35-39","sc_bus_ylls_pa_ap_CVD",-14.09814,"bogota","Bus",NA,"L2: CVD",NA,"PA and AP",289808
"male","40-44","sc_bus_ylls_pa_ap_CVD",-16.64848,"bogota","Bus",NA,"L2: CVD",NA,"PA and AP",244543
"male","45-49","sc_bus_ylls_pa_ap_CVD",-23.79671,"bogota","Bus",NA,"L2: CVD",NA,"PA and AP",215491
"male","50-54","sc_bus_ylls_pa_ap_CVD",-28.71609,"bogota","Bus",NA,"L2: CVD",NA,"PA and AP",209137
"male","55-59","sc_bus_ylls_pa_ap_CVD",-44.70935,"bogota","Bus",NA,"L2: CVD",NA,"PA and AP",187551
"male","60-64","sc_bus_ylls_pa_ap_CVD",-61.78775,"bogota","Bus",NA,"L2: CVD",NA,"PA and AP",146500
"male","65-69","sc_bus_ylls_pa_ap_CVD",-35.69088,"bogota","Bus",NA,"L2: CVD",NA,"PA and AP",105412
"female","15-19","sc_bus_ylls_pa_ap_CVD",-0.61479,"bogota","Bus",NA,"L2: CVD",NA,"PA and AP",279280
"female","20-24","sc_bus_ylls_pa_ap_CVD",-3.05608,"bogota","Bus",NA,"L2: CVD",NA,"PA and AP",360197
"female","25-29","sc_bus_ylls_pa_ap_CVD",-3.74011,"bogota","Bus",NA,"L2: CVD",NA,"PA and AP",364423
"female","30-34","sc_bus_ylls_pa_ap_CVD",-3.77405,"bogota","Bus",NA,"L2: CVD",NA,"PA and AP",330341
"female","35-39","sc_bus_ylls_pa_ap_CVD",-5.74486,"bogota","Bus",NA,"L2: CVD",NA,"PA and AP",309304
"female","40-44","sc_bus_ylls_pa_ap_CVD",-8.74342,"bogota","Bus",NA,"L2: CVD",NA,"PA and AP",275440
"female","45-49","sc_bus_ylls_pa_ap_CVD",-12.55325,"bogota","Bus",NA,"L2: CVD",NA,"PA and AP",254843
"female","50-54","sc_bus_ylls_pa_ap_CVD",-8.20318,"bogota","Bus",NA,"L2: CVD",NA,"PA and AP",256059
"female","55-59","sc_bus_ylls_pa_ap_CVD",-12.09808,"bogota","Bus",NA,"L2: CVD",NA,"PA and AP",235548
"female","60-64","sc_bus_ylls_pa_ap_CVD",-15.77724,"bogota","Bus",NA,"L2: CVD",NA,"PA and AP",189600
"female","65-69","sc_bus_ylls_pa_ap_CVD",-16.31331,"bogota","Bus",NA,"L2: CVD",NA,"PA and AP",141409
"male","15-19","sc_cycle_ylls_pa_ap_CVD_lb",2.81257,"bogota","Cycling",NA,"L2: CVD",NA,"PA and AP",282736
"male","20-24","sc_cycle_ylls_pa_ap_CVD_lb",13.10416,"bogota","Cycling",NA,"L2: CVD",NA,"PA and AP",357934
"male","25-29","sc_cycle_ylls_pa_ap_CVD_lb",17.89443,"bogota","Cycling",NA,"L2: CVD",NA,"PA and AP",360031
"male","30-34","sc_cycle_ylls_pa_ap_CVD_lb",25.51555,"bogota","Cycling",NA,"L2: CVD",NA,"PA and AP",321492
"male","35-39","sc_cycle_ylls_pa_ap_CVD_lb",30.95125,"bogota","Cycling",NA,"L2: CVD",NA,"PA and AP",289808
"male","40-44","sc_cycle_ylls_pa_ap_CVD_lb",37.39683,"bogota","Cycling",NA,"L2: CVD",NA,"PA and AP",244543
"male","45-49","sc_cycle_ylls_pa_ap_CVD_lb",51.57396,"bogota","Cycling",NA,"L2: CVD",NA,"PA and AP",215491
"male","50-54","sc_cycle_ylls_pa_ap_CVD_lb",59.05524,"bogota","Cycling",NA,"L2: CVD",NA,"PA and AP",209137
"male","55-59","sc_cycle_ylls_pa_ap_CVD_lb",80.13879,"bogota","Cycling",NA,"L2: CVD",NA,"PA and AP",187551
"male","60-64","sc_cycle_ylls_pa_ap_CVD_lb",132.76498,"bogota","Cycling",NA,"L2: CVD",NA,"PA and AP",146500
"male","65-69","sc_cycle_ylls_pa_ap_CVD_lb",132.36861,"bogota","Cycling",NA,"L2: CVD",NA,"PA and AP",105412
"female","15-19","sc_cycle_ylls_pa_ap_CVD_lb",4.6358,"bogota","Cycling",NA,"L2: CVD",NA,"PA and AP",279280
"female","20-24","sc_cycle_ylls_pa_ap_CVD_lb",14.57248,"bogota","Cycling",NA,"L2: CVD",NA,"PA and AP",360197
"female","25-29","sc_cycle_ylls_pa_ap_CVD_lb",17.83543,"bogota","Cycling",NA,"L2: CVD",NA,"PA and AP",364423
"female","30-34","sc_cycle_ylls_pa_ap_CVD_lb",23.37394,"bogota","Cycling",NA,"L2: CVD",NA,"PA and AP",330341
"female","35-39","sc_cycle_ylls_pa_ap_CVD_lb",33.11864,"bogota","Cycling",NA,"L2: CVD",NA,"PA and AP",309304
"female","40-44","sc_cycle_ylls_pa_ap_CVD_lb",48.26807,"bogota","Cycling",NA,"L2: CVD",NA,"PA and AP",275440
"female","45-49","sc_cycle_ylls_pa_ap_CVD_lb",78.519,"bogota","Cycling",NA,"L2: CVD",NA,"PA and AP",254843
"female","50-54","sc_cycle_ylls_pa_ap_CVD_lb",131.90975,"bogota","Cycling",NA,"L2: CVD",NA,"PA and AP",256059
"female","55-59","sc_cycle_ylls_pa_ap_CVD_lb",187.49019,"bogota","Cycling",NA,"L2: CVD",NA,"PA and AP",235548
"female","60-64","sc_cycle_ylls_pa_ap_CVD_lb",200.54251,"bogota","Cycling",NA,"L2: CVD",NA,"PA and AP",189600
"female","65-69","sc_cycle_ylls_pa_ap_CVD_lb",197.58551,"bogota","Cycling",NA,"L2: CVD",NA,"PA and AP",141409
"male","15-19","sc_car_ylls_pa_ap_CVD_lb",-2.54291,"bogota","Car",NA,"L2: CVD",NA,"PA and AP",282736
"male","20-24","sc_car_ylls_pa_ap_CVD_lb",-6.87085,"bogota","Car",NA,"L2: CVD",NA,"PA and AP",357934
"male","25-29","sc_car_ylls_pa_ap_CVD_lb",-12.02053,"bogota","Car",NA,"L2: CVD",NA,"PA and AP",360031
"male","30-34","sc_car_ylls_pa_ap_CVD_lb",-13.46068,"bogota","Car",NA,"L2: CVD",NA,"PA and AP",321492
"male","35-39","sc_car_ylls_pa_ap_CVD_lb",-16.57692,"bogota","Car",NA,"L2: CVD",NA,"PA and AP",289808
"male","40-44","sc_car_ylls_pa_ap_CVD_lb",-25.1533,"bogota","Car",NA,"L2: CVD",NA,"PA and AP",244543
"male","45-49","sc_car_ylls_pa_ap_CVD_lb",-33.81425,"bogota","Car",NA,"L2: CVD",NA,"PA and AP",215491
"male","50-54","sc_car_ylls_pa_ap_CVD_lb",-34.26363,"bogota","Car",NA,"L2: CVD",NA,"PA and AP",209137
"male","55-59","sc_car_ylls_pa_ap_CVD_lb",-56.59672,"bogota","Car",NA,"L2: CVD",NA,"PA and AP",187551
"male","60-64","sc_car_ylls_pa_ap_CVD_lb",-56.20388,"bogota","Car",NA,"L2: CVD",NA,"PA and AP",146500
"male","65-69","sc_car_ylls_pa_ap_CVD_lb",-67.87325,"bogota","Car",NA,"L2: CVD",NA,"PA and AP",105412
"female","15-19","sc_car_ylls_pa_ap_CVD_lb",-1.36232,"bogota","Car",NA,"L2: CVD",NA,"PA and AP",279280
"female","20-24","sc_car_ylls_pa_ap_CVD_lb",-4.74757,"bogota","Car",NA,"L2: CVD",NA,"PA and AP",360197
"female","25-29","sc_car_ylls_pa_ap_CVD_lb",-6.02605,"bogota","Car",NA,"L2: CVD",NA,"PA and AP",364423
"female","30-34","sc_car_ylls_pa_ap_CVD_lb",-7.8179,"bogota","Car",NA,"L2: CVD",NA,"PA and AP",330341
"female","35-39","sc_car_ylls_pa_ap_CVD_lb",-11.09479,"bogota","Car",NA,"L2: CVD",NA,"PA and AP",309304
"female","40-44","sc_car_ylls_pa_ap_CVD_lb",-17.39628,"bogota","Car",NA,"L2: CVD",NA,"PA and AP",275440
"female","45-49","sc_car_ylls_pa_ap_CVD_lb",-23.56251,"bogota","Car",NA,"L2: CVD",NA,"PA and AP",254843
"female","50-54","sc_car_ylls_pa_ap_CVD_lb",-19.94784,"bogota","Car",NA,"L2: CVD",NA,"PA and AP",256059
"female","55-59","sc_car_ylls_pa_ap_CVD_lb",-28.3614,"bogota","Car",NA,"L2: CVD",NA,"PA and AP",235548
"female","60-64","sc_car_ylls_pa_ap_CVD_lb",-34.118,"bogota","Car",NA,"L2: CVD",NA,"PA and AP",189600
"female","65-69","sc_car_ylls_pa_ap_CVD_lb",-34.28913,"bogota","Car",NA,"L2: CVD",NA,"PA and AP",141409
"male","15-19","sc_bus_ylls_pa_ap_CVD_lb",-2.37846,"bogota","Bus",NA,"L2: CVD",NA,"PA and AP",282736
"male","20-24","sc_bus_ylls_pa_ap_CVD_lb",-6.72604,"bogota","Bus",NA,"L2: CVD",NA,"PA and AP",357934
"male","25-29","sc_bus_ylls_pa_ap_CVD_lb",-11.68982,"bogota","Bus",NA,"L2: CVD",NA,"PA and AP",360031
"male","30-34","sc_bus_ylls_pa_ap_CVD_lb",-16.50871,"bogota","Bus",NA,"L2: CVD",NA,"PA and AP",321492
"male","35-39","sc_bus_ylls_pa_ap_CVD_lb",-16.66256,"bogota","Bus",NA,"L2: CVD",NA,"PA and AP",289808
"male","40-44","sc_bus_ylls_pa_ap_CVD_lb",-19.70451,"bogota","Bus",NA,"L2: CVD",NA,"PA and AP",244543
"male","45-49","sc_bus_ylls_pa_ap_CVD_lb",-28.02276,"bogota","Bus",NA,"L2: CVD",NA,"PA and AP",215491
"male","50-54","sc_bus_ylls_pa_ap_CVD_lb",-34.07489,"bogota","Bus",NA,"L2: CVD",NA,"PA and AP",209137
"male","55-59","sc_bus_ylls_pa_ap_CVD_lb",-54.16823,"bogota","Bus",NA,"L2: CVD",NA,"PA and AP",187551
"male","60-64","sc_bus_ylls_pa_ap_CVD_lb",-74.80452,"bogota","Bus",NA,"L2: CVD",NA,"PA and AP",146500
"male","65-69","sc_bus_ylls_pa_ap_CVD_lb",-42.86409,"bogota","Bus",NA,"L2: CVD",NA,"PA and AP",105412
"female","15-19","sc_bus_ylls_pa_ap_CVD_lb",-0.71709,"bogota","Bus",NA,"L2: CVD",NA,"PA and AP",279280
"female","20-24","sc_bus_ylls_pa_ap_CVD_lb",-3.61101,"bogota","Bus",NA,"L2: CVD",NA,"PA and AP",360197
"female","25-29","sc_bus_ylls_pa_ap_CVD_lb",-4.37722,"bogota","Bus",NA,"L2: CVD",NA,"PA and AP",364423
"female","30-34","sc_bus_ylls_pa_ap_CVD_lb",-4.46231,"bogota","Bus",NA,"L2: CVD",NA,"PA and AP",330341
"female","35-39","sc_bus_ylls_pa_ap_CVD_lb",-6.8522,"bogota","Bus",NA,"L2: CVD",NA,"PA and AP",309304
"female","40-44","sc_bus_ylls_pa_ap_CVD_lb",-10.42202,"bogota","Bus",NA,"L2: CVD",NA,"PA and AP",275440
"female","45-49","sc_bus_ylls_pa_ap_CVD_lb",-14.71553,"bogota","Bus",NA,"L2: CVD",NA,"PA and AP",254843
"female","50-54","sc_bus_ylls_pa_ap_CVD_lb",-9.89467,"bogota","Bus",NA,"L2: CVD",NA,"PA and AP",256059
"female","55-59","sc_bus_ylls_pa_ap_CVD_lb",-15.2481,"bogota","Bus",NA,"L2: CVD",NA,"PA and AP",235548
"female","60-64","sc_bus_ylls_pa_ap_CVD_lb",-19.05918,"bogota","Bus",NA,"L2: CVD",NA,"PA and AP",189600
"female","65-69","sc_bus_ylls_pa_ap_CVD_lb",-19.91484,"bogota","Bus",NA,"L2: CVD",NA,"PA and AP",141409
"male","15-19","sc_cycle_ylls_pa_ap_CVD_ub",1.8338,"bogota","Cycling",NA,"L2: CVD",NA,"PA and AP",282736
"male","20-24","sc_cycle_ylls_pa_ap_CVD_ub",8.94326,"bogota","Cycling",NA,"L2: CVD",NA,"PA and AP",357934
"male","25-29","sc_cycle_ylls_pa_ap_CVD_ub",12.66856,"bogota","Cycling",NA,"L2: CVD",NA,"PA and AP",360031
"male","30-34","sc_cycle_ylls_pa_ap_CVD_ub",18.00954,"bogota","Cycling",NA,"L2: CVD",NA,"PA and AP",321492
"male","35-39","sc_cycle_ylls_pa_ap_CVD_ub",22.13182,"bogota","Cycling",NA,"L2: CVD",NA,"PA and AP",289808
"male","40-44","sc_cycle_ylls_pa_ap_CVD_ub",26.62813,"bogota","Cycling",NA,"L2: CVD",NA,"PA and AP",244543
"male","45-49","sc_cycle_ylls_pa_ap_CVD_ub",37.06313,"bogota","Cycling",NA,"L2: CVD",NA,"PA and AP",215491
"male","50-54","sc_cycle_ylls_pa_ap_CVD_ub",42.49518,"bogota","Cycling",NA,"L2: CVD",NA,"PA and AP",209137
"male","55-59","sc_cycle_ylls_pa_ap_CVD_ub",57.6352,"bogota","Cycling",NA,"L2: CVD",NA,"PA and AP",187551
"male","60-64","sc_cycle_ylls_pa_ap_CVD_ub",94.08354,"bogota","Cycling",NA,"L2: CVD",NA,"PA and AP",146500
"male","65-69","sc_cycle_ylls_pa_ap_CVD_ub",94.29012,"bogota","Cycling",NA,"L2: CVD",NA,"PA and AP",105412
"female","15-19","sc_cycle_ylls_pa_ap_CVD_ub",3.14742,"bogota","Cycling",NA,"L2: CVD",NA,"PA and AP",279280
"female","20-24","sc_cycle_ylls_pa_ap_CVD_ub",10.33817,"bogota","Cycling",NA,"L2: CVD",NA,"PA and AP",360197
"female","25-29","sc_cycle_ylls_pa_ap_CVD_ub",12.61894,"bogota","Cycling",NA,"L2: CVD",NA,"PA and AP",364423
"female","30-34","sc_cycle_ylls_pa_ap_CVD_ub",16.7262,"bogota","Cycling",NA,"L2: CVD",NA,"PA and AP",330341
"female","35-39","sc_cycle_ylls_pa_ap_CVD_ub",24.1228,"bogota","Cycling",NA,"L2: CVD",NA,"PA and AP",309304
"female","40-44","sc_cycle_ylls_pa_ap_CVD_ub",34.99149,"bogota","Cycling",NA,"L2: CVD",NA,"PA and AP",275440
"female","45-49","sc_cycle_ylls_pa_ap_CVD_ub",57.61281,"bogota","Cycling",NA,"L2: CVD",NA,"PA and AP",254843
"female","50-54","sc_cycle_ylls_pa_ap_CVD_ub",96.70125,"bogota","Cycling",NA,"L2: CVD",NA,"PA and AP",256059
"female","55-59","sc_cycle_ylls_pa_ap_CVD_ub",137.06858,"bogota","Cycling",NA,"L2: CVD",NA,"PA and AP",235548
"female","60-64","sc_cycle_ylls_pa_ap_CVD_ub",146.28598,"bogota","Cycling",NA,"L2: CVD",NA,"PA and AP",189600
"female","65-69","sc_cycle_ylls_pa_ap_CVD_ub",144.9755,"bogota","Cycling",NA,"L2: CVD",NA,"PA and AP",141409
"male","15-19","sc_car_ylls_pa_ap_CVD_ub",-1.90914,"bogota","Car",NA,"L2: CVD",NA,"PA and AP",282736
"male","20-24","sc_car_ylls_pa_ap_CVD_ub",-5.58504,"bogota","Car",NA,"L2: CVD",NA,"PA and AP",357934
"male","25-29","sc_car_ylls_pa_ap_CVD_ub",-9.49214,"bogota","Car",NA,"L2: CVD",NA,"PA and AP",360031
"male","30-34","sc_car_ylls_pa_ap_CVD_ub",-11.16926,"bogota","Car",NA,"L2: CVD",NA,"PA and AP",321492
"male","35-39","sc_car_ylls_pa_ap_CVD_ub",-14.19101,"bogota","Car",NA,"L2: CVD",NA,"PA and AP",289808
"male","40-44","sc_car_ylls_pa_ap_CVD_ub",-20.03784,"bogota","Car",NA,"L2: CVD",NA,"PA and AP",244543
"male","45-49","sc_car_ylls_pa_ap_CVD_ub",-27.24628,"bogota","Car",NA,"L2: CVD",NA,"PA and AP",215491
"male","50-54","sc_car_ylls_pa_ap_CVD_ub",-27.6362,"bogota","Car",NA,"L2: CVD",NA,"PA and AP",209137
"male","55-59","sc_car_ylls_pa_ap_CVD_ub",-44.02411,"bogota","Car",NA,"L2: CVD",NA,"PA and AP",187551
"male","60-64","sc_car_ylls_pa_ap_CVD_ub",-45.4311,"bogota","Car",NA,"L2: CVD",NA,"PA and AP",146500
"male","65-69","sc_car_ylls_pa_ap_CVD_ub",-54.68766,"bogota","Car",NA,"L2: CVD",NA,"PA and AP",105412
"female","15-19","sc_car_ylls_pa_ap_CVD_ub",-1.1123,"bogota","Car",NA,"L2: CVD",NA,"PA and AP",279280
"female","20-24","sc_car_ylls_pa_ap_CVD_ub",-3.89249,"bogota","Car",NA,"L2: CVD",NA,"PA and AP",360197
"female","25-29","sc_car_ylls_pa_ap_CVD_ub",-5.02796,"bogota","Car",NA,"L2: CVD",NA,"PA and AP",364423
"female","30-34","sc_car_ylls_pa_ap_CVD_ub",-6.57679,"bogota","Car",NA,"L2: CVD",NA,"PA and AP",330341
"female","35-39","sc_car_ylls_pa_ap_CVD_ub",-9.44163,"bogota","Car",NA,"L2: CVD",NA,"PA and AP",309304
"female","40-44","sc_car_ylls_pa_ap_CVD_ub",-14.76745,"bogota","Car",NA,"L2: CVD",NA,"PA and AP",275440
"female","45-49","sc_car_ylls_pa_ap_CVD_ub",-19.98149,"bogota","Car",NA,"L2: CVD",NA,"PA and AP",254843
"female","50-54","sc_car_ylls_pa_ap_CVD_ub",-16.45437,"bogota","Car",NA,"L2: CVD",NA,"PA and AP",256059
"female","55-59","sc_car_ylls_pa_ap_CVD_ub",-23.35472,"bogota","Car",NA,"L2: CVD",NA,"PA and AP",235548
"female","60-64","sc_car_ylls_pa_ap_CVD_ub",-27.96841,"bogota","Car",NA,"L2: CVD",NA,"PA and AP",189600
"female","65-69","sc_car_ylls_pa_ap_CVD_ub",-27.89018,"bogota","Car",NA,"L2: CVD",NA,"PA and AP",141409
"male","15-19","sc_bus_ylls_pa_ap_CVD_ub",-1.62673,"bogota","Bus",NA,"L2: CVD",NA,"PA and AP",282736
"male","20-24","sc_bus_ylls_pa_ap_CVD_ub",-4.69984,"bogota","Bus",NA,"L2: CVD",NA,"PA and AP",357934
"male","25-29","sc_bus_ylls_pa_ap_CVD_ub",-8.20689,"bogota","Bus",NA,"L2: CVD",NA,"PA and AP",360031
"male","30-34","sc_bus_ylls_pa_ap_CVD_ub",-11.20427,"bogota","Bus",NA,"L2: CVD",NA,"PA and AP",321492
"male","35-39","sc_bus_ylls_pa_ap_CVD_ub",-11.5916,"bogota","Bus",NA,"L2: CVD",NA,"PA and AP",289808
"male","40-44","sc_bus_ylls_pa_ap_CVD_ub",-13.64833,"bogota","Bus",NA,"L2: CVD",NA,"PA and AP",244543
"male","45-49","sc_bus_ylls_pa_ap_CVD_ub",-19.64155,"bogota","Bus",NA,"L2: CVD",NA,"PA and AP",215491
"male","50-54","sc_bus_ylls_pa_ap_CVD_ub",-23.45544,"bogota","Bus",NA,"L2: CVD",NA,"PA and AP",209137
"male","55-59","sc_bus_ylls_pa_ap_CVD_ub",-35.53666,"bogota","Bus",NA,"L2: CVD",NA,"PA and AP",187551
"male","60-64","sc_bus_ylls_pa_ap_CVD_ub",-49.10189,"bogota","Bus",NA,"L2: CVD",NA,"PA and AP",146500
"male","65-69","sc_bus_ylls_pa_ap_CVD_ub",-28.65457,"bogota","Bus",NA,"L2: CVD",NA,"PA and AP",105412
"female","15-19","sc_bus_ylls_pa_ap_CVD_ub",-0.51167,"bogota","Bus",NA,"L2: CVD",NA,"PA and AP",279280
"female","20-24","sc_bus_ylls_pa_ap_CVD_ub",-2.50308,"bogota","Bus",NA,"L2: CVD",NA,"PA and AP",360197
"female","25-29","sc_bus_ylls_pa_ap_CVD_ub",-3.10662,"bogota","Bus",NA,"L2: CVD",NA,"PA and AP",364423
"female","30-34","sc_bus_ylls_pa_ap_CVD_ub",-3.09243,"bogota","Bus",NA,"L2: CVD",NA,"PA and AP",330341
"female","35-39","sc_bus_ylls_pa_ap_CVD_ub",-4.64318,"bogota","Bus",NA,"L2: CVD",NA,"PA and AP",309304
"female","40-44","sc_bus_ylls_pa_ap_CVD_ub",-7.09096,"bogota","Bus",NA,"L2: CVD",NA,"PA and AP",275440
"female","45-49","sc_bus_ylls_pa_ap_CVD_ub",-10.41604,"bogota","Bus",NA,"L2: CVD",NA,"PA and AP",254843
"female","50-54","sc_bus_ylls_pa_ap_CVD_ub",-6.5296,"bogota","Bus",NA,"L2: CVD",NA,"PA and AP",256059
"female","55-59","sc_bus_ylls_pa_ap_CVD_ub",-8.99609,"bogota","Bus",NA,"L2: CVD",NA,"PA and AP",235548
"female","60-64","sc_bus_ylls_pa_ap_CVD_ub",-12.50857,"bogota","Bus",NA,"L2: CVD",NA,"PA and AP",189600
"female","65-69","sc_bus_ylls_pa_ap_CVD_ub",-12.74355,"bogota","Bus",NA,"L2: CVD",NA,"PA and AP",141409
"male","15-19","sc_cycle_ylls_pa_total_dementia",0,"bogota","Cycling",NA,"L2: Other","L3: total_dementia","PA",282736
"male","20-24","sc_cycle_ylls_pa_total_dementia",0,"bogota","Cycling",NA,"L2: Other","L3: total_dementia","PA",357934
"male","25-29","sc_cycle_ylls_pa_total_dementia",0,"bogota","Cycling",NA,"L2: Other","L3: total_dementia","PA",360031
"male","30-34","sc_cycle_ylls_pa_total_dementia",0,"bogota","Cycling",NA,"L2: Other","L3: total_dementia","PA",321492
"male","35-39","sc_cycle_ylls_pa_total_dementia",0,"bogota","Cycling",NA,"L2: Other","L3: total_dementia","PA",289808
"male","40-44","sc_cycle_ylls_pa_total_dementia",0.02805,"bogota","Cycling",NA,"L2: Other","L3: total_dementia","PA",244543
"male","45-49","sc_cycle_ylls_pa_total_dementia",0.13829,"bogota","Cycling",NA,"L2: Other","L3: total_dementia","PA",215491
"male","50-54","sc_cycle_ylls_pa_total_dementia",0.15424,"bogota","Cycling",NA,"L2: Other","L3: total_dementia","PA",209137
"male","55-59","sc_cycle_ylls_pa_total_dementia",0.24895,"bogota","Cycling",NA,"L2: Other","L3: total_dementia","PA",187551
"male","60-64","sc_cycle_ylls_pa_total_dementia",0.76018,"bogota","Cycling",NA,"L2: Other","L3: total_dementia","PA",146500
"male","65-69","sc_cycle_ylls_pa_total_dementia",0.98923,"bogota","Cycling",NA,"L2: Other","L3: total_dementia","PA",105412
"female","15-19","sc_cycle_ylls_pa_total_dementia",0,"bogota","Cycling",NA,"L2: Other","L3: total_dementia","PA",279280
"female","20-24","sc_cycle_ylls_pa_total_dementia",0,"bogota","Cycling",NA,"L2: Other","L3: total_dementia","PA",360197
"female","25-29","sc_cycle_ylls_pa_total_dementia",0,"bogota","Cycling",NA,"L2: Other","L3: total_dementia","PA",364423
"female","30-34","sc_cycle_ylls_pa_total_dementia",0,"bogota","Cycling",NA,"L2: Other","L3: total_dementia","PA",330341
"female","35-39","sc_cycle_ylls_pa_total_dementia",0,"bogota","Cycling",NA,"L2: Other","L3: total_dementia","PA",309304
"female","40-44","sc_cycle_ylls_pa_total_dementia",0.05176,"bogota","Cycling",NA,"L2: Other","L3: total_dementia","PA",275440
"female","45-49","sc_cycle_ylls_pa_total_dementia",0.28406,"bogota","Cycling",NA,"L2: Other","L3: total_dementia","PA",254843
"female","50-54","sc_cycle_ylls_pa_total_dementia",0.60785,"bogota","Cycling",NA,"L2: Other","L3: total_dementia","PA",256059
"female","55-59","sc_cycle_ylls_pa_total_dementia",1.14793,"bogota","Cycling",NA,"L2: Other","L3: total_dementia","PA",235548
"female","60-64","sc_cycle_ylls_pa_total_dementia",1.71327,"bogota","Cycling",NA,"L2: Other","L3: total_dementia","PA",189600
"female","65-69","sc_cycle_ylls_pa_total_dementia",2.34685,"bogota","Cycling",NA,"L2: Other","L3: total_dementia","PA",141409
"male","15-19","sc_car_ylls_pa_total_dementia",0,"bogota","Car",NA,"L2: Other","L3: total_dementia","PA",282736
"male","20-24","sc_car_ylls_pa_total_dementia",0,"bogota","Car",NA,"L2: Other","L3: total_dementia","PA",357934
"male","25-29","sc_car_ylls_pa_total_dementia",0,"bogota","Car",NA,"L2: Other","L3: total_dementia","PA",360031
"male","30-34","sc_car_ylls_pa_total_dementia",0,"bogota","Car",NA,"L2: Other","L3: total_dementia","PA",321492
"male","35-39","sc_car_ylls_pa_total_dementia",0,"bogota","Car",NA,"L2: Other","L3: total_dementia","PA",289808
"male","40-44","sc_car_ylls_pa_total_dementia",-0.01637,"bogota","Car",NA,"L2: Other","L3: total_dementia","PA",244543
"male","45-49","sc_car_ylls_pa_total_dementia",-0.07227,"bogota","Car",NA,"L2: Other","L3: total_dementia","PA",215491
"male","50-54","sc_car_ylls_pa_total_dementia",-0.06912,"bogota","Car",NA,"L2: Other","L3: total_dementia","PA",209137
"male","55-59","sc_car_ylls_pa_total_dementia",-0.18773,"bogota","Car",NA,"L2: Other","L3: total_dementia","PA",187551
"male","60-64","sc_car_ylls_pa_total_dementia",-0.1828,"bogota","Car",NA,"L2: Other","L3: total_dementia","PA",146500
"male","65-69","sc_car_ylls_pa_total_dementia",-0.35187,"bogota","Car",NA,"L2: Other","L3: total_dementia","PA",105412
"female","15-19","sc_car_ylls_pa_total_dementia",0,"bogota","Car",NA,"L2: Other","L3: total_dementia","PA",279280
"female","20-24","sc_car_ylls_pa_total_dementia",0,"bogota","Car",NA,"L2: Other","L3: total_dementia","PA",360197
"female","25-29","sc_car_ylls_pa_total_dementia",0,"bogota","Car",NA,"L2: Other","L3: total_dementia","PA",364423
"female","30-34","sc_car_ylls_pa_total_dementia",0,"bogota","Car",NA,"L2: Other","L3: total_dementia","PA",330341
"female","35-39","sc_car_ylls_pa_total_dementia",0,"bogota","Car",NA,"L2: Other","L3: total_dementia","PA",309304
"female","40-44","sc_car_ylls_pa_total_dementia",-0.01057,"bogota","Car",NA,"L2: Other","L3: total_dementia","PA",275440
"female","45-49","sc_car_ylls_pa_total_dementia",-0.05308,"bogota","Car",NA,"L2: Other","L3: total_dementia","PA",254843
"female","50-54","sc_car_ylls_pa_total_dementia",-0.07965,"bogota","Car",NA,"L2: Other","L3: total_dementia","PA",256059
"female","55-59","sc_car_ylls_pa_total_dementia",-0.13548,"bogota","Car",NA,"L2: Other","L3: total_dementia","PA",235548
"female","60-64","sc_car_ylls_pa_total_dementia",-0.25988,"bogota","Car",NA,"L2: Other","L3: total_dementia","PA",189600
"female","65-69","sc_car_ylls_pa_total_dementia",-0.41862,"bogota","Car",NA,"L2: Other","L3: total_dementia","PA",141409
"male","15-19","sc_bus_ylls_pa_total_dementia",0,"bogota","Bus",NA,"L2: Other","L3: total_dementia","PA",282736
"male","20-24","sc_bus_ylls_pa_total_dementia",0,"bogota","Bus",NA,"L2: Other","L3: total_dementia","PA",357934
"male","25-29","sc_bus_ylls_pa_total_dementia",0,"bogota","Bus",NA,"L2: Other","L3: total_dementia","PA",360031
"male","30-34","sc_bus_ylls_pa_total_dementia",0,"bogota","Bus",NA,"L2: Other","L3: total_dementia","PA",321492
"male","35-39","sc_bus_ylls_pa_total_dementia",0,"bogota","Bus",NA,"L2: Other","L3: total_dementia","PA",289808
"male","40-44","sc_bus_ylls_pa_total_dementia",-0.01427,"bogota","Bus",NA,"L2: Other","L3: total_dementia","PA",244543
"male","45-49","sc_bus_ylls_pa_total_dementia",-0.0686,"bogota","Bus",NA,"L2: Other","L3: total_dementia","PA",215491
"male","50-54","sc_bus_ylls_pa_total_dementia",-0.087,"bogota","Bus",NA,"L2: Other","L3: total_dementia","PA",209137
"male","55-59","sc_bus_ylls_pa_total_dementia",-0.30996,"bogota","Bus",NA,"L2: Other","L3: total_dementia","PA",187551
"male","60-64","sc_bus_ylls_pa_total_dementia",-0.56931,"bogota","Bus",NA,"L2: Other","L3: total_dementia","PA",146500
"male","65-69","sc_bus_ylls_pa_total_dementia",-0.29438,"bogota","Bus",NA,"L2: Other","L3: total_dementia","PA",105412
"female","15-19","sc_bus_ylls_pa_total_dementia",0,"bogota","Bus",NA,"L2: Other","L3: total_dementia","PA",279280
"female","20-24","sc_bus_ylls_pa_total_dementia",0,"bogota","Bus",NA,"L2: Other","L3: total_dementia","PA",360197
"female","25-29","sc_bus_ylls_pa_total_dementia",0,"bogota","Bus",NA,"L2: Other","L3: total_dementia","PA",364423
"female","30-34","sc_bus_ylls_pa_total_dementia",0,"bogota","Bus",NA,"L2: Other","L3: total_dementia","PA",330341
"female","35-39","sc_bus_ylls_pa_total_dementia",0,"bogota","Bus",NA,"L2: Other","L3: total_dementia","PA",309304
"female","40-44","sc_bus_ylls_pa_total_dementia",-0.01423,"bogota","Bus",NA,"L2: Other","L3: total_dementia","PA",275440
"female","45-49","sc_bus_ylls_pa_total_dementia",-0.05475,"bogota","Bus",NA,"L2: Other","L3: total_dementia","PA",254843
"female","50-54","sc_bus_ylls_pa_total_dementia",-0.06655,"bogota","Bus",NA,"L2: Other","L3: total_dementia","PA",256059
"female","55-59","sc_bus_ylls_pa_total_dementia",-0.20342,"bogota","Bus",NA,"L2: Other","L3: total_dementia","PA",235548
"female","60-64","sc_bus_ylls_pa_total_dementia",-0.18023,"bogota","Bus",NA,"L2: Other","L3: total_dementia","PA",189600
"female","65-69","sc_bus_ylls_pa_total_dementia",-0.34758,"bogota","Bus",NA,"L2: Other","L3: total_dementia","PA",141409
"male","15-19","sc_cycle_ylls_pa_total_dementia_lb",0,"bogota","Cycling",NA,"L2: Other","L3: total_dementia","PA",282736
"male","20-24","sc_cycle_ylls_pa_total_dementia_lb",0,"bogota","Cycling",NA,"L2: Other","L3: total_dementia","PA",357934
"male","25-29","sc_cycle_ylls_pa_total_dementia_lb",0,"bogota","Cycling",NA,"L2: Other","L3: total_dementia","PA",360031
"male","30-34","sc_cycle_ylls_pa_total_dementia_lb",0,"bogota","Cycling",NA,"L2: Other","L3: total_dementia","PA",321492
"male","35-39","sc_cycle_ylls_pa_total_dementia_lb",0,"bogota","Cycling",NA,"L2: Other","L3: total_dementia","PA",289808
"male","40-44","sc_cycle_ylls_pa_total_dementia_lb",0.04328,"bogota","Cycling",NA,"L2: Other","L3: total_dementia","PA",244543
"male","45-49","sc_cycle_ylls_pa_total_dementia_lb",0.214,"bogota","Cycling",NA,"L2: Other","L3: total_dementia","PA",215491
"male","50-54","sc_cycle_ylls_pa_total_dementia_lb",0.25021,"bogota","Cycling",NA,"L2: Other","L3: total_dementia","PA",209137
"male","55-59","sc_cycle_ylls_pa_total_dementia_lb",0.40221,"bogota","Cycling",NA,"L2: Other","L3: total_dementia","PA",187551
"male","60-64","sc_cycle_ylls_pa_total_dementia_lb",1.18765,"bogota","Cycling",NA,"L2: Other","L3: total_dementia","PA",146500
"male","65-69","sc_cycle_ylls_pa_total_dementia_lb",1.4931,"bogota","Cycling",NA,"L2: Other","L3: total_dementia","PA",105412
"female","15-19","sc_cycle_ylls_pa_total_dementia_lb",0,"bogota","Cycling",NA,"L2: Other","L3: total_dementia","PA",279280
"female","20-24","sc_cycle_ylls_pa_total_dementia_lb",0,"bogota","Cycling",NA,"L2: Other","L3: total_dementia","PA",360197
"female","25-29","sc_cycle_ylls_pa_total_dementia_lb",0,"bogota","Cycling",NA,"L2: Other","L3: total_dementia","PA",364423
"female","30-34","sc_cycle_ylls_pa_total_dementia_lb",0,"bogota","Cycling",NA,"L2: Other","L3: total_dementia","PA",330341
"female","35-39","sc_cycle_ylls_pa_total_dementia_lb",0,"bogota","Cycling",NA,"L2: Other","L3: total_dementia","PA",309304
"female","40-44","sc_cycle_ylls_pa_total_dementia_lb",0.07969,"bogota","Cycling",NA,"L2: Other","L3: total_dementia","PA",275440
"female","45-49","sc_cycle_ylls_pa_total_dementia_lb",0.43311,"bogota","Cycling",NA,"L2: Other","L3: total_dementia","PA",254843
"female","50-54","sc_cycle_ylls_pa_total_dementia_lb",0.91114,"bogota","Cycling",NA,"L2: Other","L3: total_dementia","PA",256059
"female","55-59","sc_cycle_ylls_pa_total_dementia_lb",1.72111,"bogota","Cycling",NA,"L2: Other","L3: total_dementia","PA",235548
"female","60-64","sc_cycle_ylls_pa_total_dementia_lb",2.61607,"bogota","Cycling",NA,"L2: Other","L3: total_dementia","PA",189600
"female","65-69","sc_cycle_ylls_pa_total_dementia_lb",3.56539,"bogota","Cycling",NA,"L2: Other","L3: total_dementia","PA",141409
"male","15-19","sc_car_ylls_pa_total_dementia_lb",0,"bogota","Car",NA,"L2: Other","L3: total_dementia","PA",282736
"male","20-24","sc_car_ylls_pa_total_dementia_lb",0,"bogota","Car",NA,"L2: Other","L3: total_dementia","PA",357934
"male","25-29","sc_car_ylls_pa_total_dementia_lb",0,"bogota","Car",NA,"L2: Other","L3: total_dementia","PA",360031
"male","30-34","sc_car_ylls_pa_total_dementia_lb",0,"bogota","Car",NA,"L2: Other","L3: total_dementia","PA",321492
"male","35-39","sc_car_ylls_pa_total_dementia_lb",0,"bogota","Car",NA,"L2: Other","L3: total_dementia","PA",289808
"male","40-44","sc_car_ylls_pa_total_dementia_lb",-0.02451,"bogota","Car",NA,"L2: Other","L3: total_dementia","PA",244543
"male","45-49","sc_car_ylls_pa_total_dementia_lb",-0.1096,"bogota","Car",NA,"L2: Other","L3: total_dementia","PA",215491
"male","50-54","sc_car_ylls_pa_total_dementia_lb",-0.10549,"bogota","Car",NA,"L2: Other","L3: total_dementia","PA",209137
"male","55-59","sc_car_ylls_pa_total_dementia_lb",-0.28705,"bogota","Car",NA,"L2: Other","L3: total_dementia","PA",187551
"male","60-64","sc_car_ylls_pa_total_dementia_lb",-0.28168,"bogota","Car",NA,"L2: Other","L3: total_dementia","PA",146500
"male","65-69","sc_car_ylls_pa_total_dementia_lb",-0.5545,"bogota","Car",NA,"L2: Other","L3: total_dementia","PA",105412
"female","15-19","sc_car_ylls_pa_total_dementia_lb",0,"bogota","Car",NA,"L2: Other","L3: total_dementia","PA",279280
"female","20-24","sc_car_ylls_pa_total_dementia_lb",0,"bogota","Car",NA,"L2: Other","L3: total_dementia","PA",360197
"female","25-29","sc_car_ylls_pa_total_dementia_lb",0,"bogota","Car",NA,"L2: Other","L3: total_dementia","PA",364423
"female","30-34","sc_car_ylls_pa_total_dementia_lb",0,"bogota","Car",NA,"L2: Other","L3: total_dementia","PA",330341
"female","35-39","sc_car_ylls_pa_total_dementia_lb",0,"bogota","Car",NA,"L2: Other","L3: total_dementia","PA",309304
"female","40-44","sc_car_ylls_pa_total_dementia_lb",-0.01593,"bogota","Car",NA,"L2: Other","L3: total_dementia","PA",275440
"female","45-49","sc_car_ylls_pa_total_dementia_lb",-0.08108,"bogota","Car",NA,"L2: Other","L3: total_dementia","PA",254843
"female","50-54","sc_car_ylls_pa_total_dementia_lb",-0.11551,"bogota","Car",NA,"L2: Other","L3: total_dementia","PA",256059
"female","55-59","sc_car_ylls_pa_total_dementia_lb",-0.19847,"bogota","Car",NA,"L2: Other","L3: total_dementia","PA",235548
"female","60-64","sc_car_ylls_pa_total_dementia_lb",-0.38001,"bogota","Car",NA,"L2: Other","L3: total_dementia","PA",189600
"female","65-69","sc_car_ylls_pa_total_dementia_lb",-0.62812,"bogota","Car",NA,"L2: Other","L3: total_dementia","PA",141409
"male","15-19","sc_bus_ylls_pa_total_dementia_lb",0,"bogota","Bus",NA,"L2: Other","L3: total_dementia","PA",282736
"male","20-24","sc_bus_ylls_pa_total_dementia_lb",0,"bogota","Bus",NA,"L2: Other","L3: total_dementia","PA",357934
"male","25-29","sc_bus_ylls_pa_total_dementia_lb",0,"bogota","Bus",NA,"L2: Other","L3: total_dementia","PA",360031
"male","30-34","sc_bus_ylls_pa_total_dementia_lb",0,"bogota","Bus",NA,"L2: Other","L3: total_dementia","PA",321492
"male","35-39","sc_bus_ylls_pa_total_dementia_lb",0,"bogota","Bus",NA,"L2: Other","L3: total_dementia","PA",289808
"male","40-44","sc_bus_ylls_pa_total_dementia_lb",-0.02191,"bogota","Bus",NA,"L2: Other","L3: total_dementia","PA",244543
"male","45-49","sc_bus_ylls_pa_total_dementia_lb",-0.10493,"bogota","Bus",NA,"L2: Other","L3: total_dementia","PA",215491
"male","50-54","sc_bus_ylls_pa_total_dementia_lb",-0.13626,"bogota","Bus",NA,"L2: Other","L3: total_dementia","PA",209137
"male","55-59","sc_bus_ylls_pa_total_dementia_lb",-0.47698,"bogota","Bus",NA,"L2: Other","L3: total_dementia","PA",187551
"male","60-64","sc_bus_ylls_pa_total_dementia_lb",-0.86259,"bogota","Bus",NA,"L2: Other","L3: total_dementia","PA",146500
"male","65-69","sc_bus_ylls_pa_total_dementia_lb",-0.48757,"bogota","Bus",NA,"L2: Other","L3: total_dementia","PA",105412
"female","15-19","sc_bus_ylls_pa_total_dementia_lb",0,"bogota","Bus",NA,"L2: Other","L3: total_dementia","PA",279280
"female","20-24","sc_bus_ylls_pa_total_dementia_lb",0,"bogota","Bus",NA,"L2: Other","L3: total_dementia","PA",360197
"female","25-29","sc_bus_ylls_pa_total_dementia_lb",0,"bogota","Bus",NA,"L2: Other","L3: total_dementia","PA",364423
"female","30-34","sc_bus_ylls_pa_total_dementia_lb",0,"bogota","Bus",NA,"L2: Other","L3: total_dementia","PA",330341
"female","35-39","sc_bus_ylls_pa_total_dementia_lb",0,"bogota","Bus",NA,"L2: Other","L3: total_dementia","PA",309304
"female","40-44","sc_bus_ylls_pa_total_dementia_lb",-0.02147,"bogota","Bus",NA,"L2: Other","L3: total_dementia","PA",275440
"female","45-49","sc_bus_ylls_pa_total_dementia_lb",-0.08346,"bogota","Bus",NA,"L2: Other","L3: total_dementia","PA",254843
"female","50-54","sc_bus_ylls_pa_total_dementia_lb",-0.10105,"bogota","Bus",NA,"L2: Other","L3: total_dementia","PA",256059
"female","55-59","sc_bus_ylls_pa_total_dementia_lb",-0.29837,"bogota","Bus",NA,"L2: Other","L3: total_dementia","PA",235548
"female","60-64","sc_bus_ylls_pa_total_dementia_lb",-0.26716,"bogota","Bus",NA,"L2: Other","L3: total_dementia","PA",189600
"female","65-69","sc_bus_ylls_pa_total_dementia_lb",-0.51267,"bogota","Bus",NA,"L2: Other","L3: total_dementia","PA",141409
"male","15-19","sc_cycle_ylls_pa_total_dementia_ub",0,"bogota","Cycling",NA,"L2: Other","L3: total_dementia","PA",282736
"male","20-24","sc_cycle_ylls_pa_total_dementia_ub",0,"bogota","Cycling",NA,"L2: Other","L3: total_dementia","PA",357934
"male","25-29","sc_cycle_ylls_pa_total_dementia_ub",0,"bogota","Cycling",NA,"L2: Other","L3: total_dementia","PA",360031
"male","30-34","sc_cycle_ylls_pa_total_dementia_ub",0,"bogota","Cycling",NA,"L2: Other","L3: total_dementia","PA",321492
"male","35-39","sc_cycle_ylls_pa_total_dementia_ub",0,"bogota","Cycling",NA,"L2: Other","L3: total_dementia","PA",289808
"male","40-44","sc_cycle_ylls_pa_total_dementia_ub",0.01369,"bogota","Cycling",NA,"L2: Other","L3: total_dementia","PA",244543
"male","45-49","sc_cycle_ylls_pa_total_dementia_ub",0.06732,"bogota","Cycling",NA,"L2: Other","L3: total_dementia","PA",215491
"male","50-54","sc_cycle_ylls_pa_total_dementia_ub",0.06498,"bogota","Cycling",NA,"L2: Other","L3: total_dementia","PA",209137
"male","55-59","sc_cycle_ylls_pa_total_dementia_ub",0.10599,"bogota","Cycling",NA,"L2: Other","L3: total_dementia","PA",187551
"male","60-64","sc_cycle_ylls_pa_total_dementia_ub",0.36301,"bogota","Cycling",NA,"L2: Other","L3: total_dementia","PA",146500
"male","65-69","sc_cycle_ylls_pa_total_dementia_ub",0.5094,"bogota","Cycling",NA,"L2: Other","L3: total_dementia","PA",105412
"female","15-19","sc_cycle_ylls_pa_total_dementia_ub",0,"bogota","Cycling",NA,"L2: Other","L3: total_dementia","PA",279280
"female","20-24","sc_cycle_ylls_pa_total_dementia_ub",0,"bogota","Cycling",NA,"L2: Other","L3: total_dementia","PA",360197
"female","25-29","sc_cycle_ylls_pa_total_dementia_ub",0,"bogota","Cycling",NA,"L2: Other","L3: total_dementia","PA",364423
"female","30-34","sc_cycle_ylls_pa_total_dementia_ub",0,"bogota","Cycling",NA,"L2: Other","L3: total_dementia","PA",330341
"female","35-39","sc_cycle_ylls_pa_total_dementia_ub",0,"bogota","Cycling",NA,"L2: Other","L3: total_dementia","PA",309304
"female","40-44","sc_cycle_ylls_pa_total_dementia_ub",0.02529,"bogota","Cycling",NA,"L2: Other","L3: total_dementia","PA",275440
"female","45-49","sc_cycle_ylls_pa_total_dementia_ub",0.14269,"bogota","Cycling",NA,"L2: Other","L3: total_dementia","PA",254843
"female","50-54","sc_cycle_ylls_pa_total_dementia_ub",0.31785,"bogota","Cycling",NA,"L2: Other","L3: total_dementia","PA",256059
"female","55-59","sc_cycle_ylls_pa_total_dementia_ub",0.60176,"bogota","Cycling",NA,"L2: Other","L3: total_dementia","PA",235548
"female","60-64","sc_cycle_ylls_pa_total_dementia_ub",0.8606,"bogota","Cycling",NA,"L2: Other","L3: total_dementia","PA",189600
"female","65-69","sc_cycle_ylls_pa_total_dementia_ub",1.18915,"bogota","Cycling",NA,"L2: Other","L3: total_dementia","PA",141409
"male","15-19","sc_car_ylls_pa_total_dementia_ub",0,"bogota","Car",NA,"L2: Other","L3: total_dementia","PA",282736
"male","20-24","sc_car_ylls_pa_total_dementia_ub",0,"bogota","Car",NA,"L2: Other","L3: total_dementia","PA",357934
"male","25-29","sc_car_ylls_pa_total_dementia_ub",0,"bogota","Car",NA,"L2: Other","L3: total_dementia","PA",360031
"male","30-34","sc_car_ylls_pa_total_dementia_ub",0,"bogota","Car",NA,"L2: Other","L3: total_dementia","PA",321492
"male","35-39","sc_car_ylls_pa_total_dementia_ub",0,"bogota","Car",NA,"L2: Other","L3: total_dementia","PA",289808
"male","40-44","sc_car_ylls_pa_total_dementia_ub",-0.00868,"bogota","Car",NA,"L2: Other","L3: total_dementia","PA",244543
"male","45-49","sc_car_ylls_pa_total_dementia_ub",-0.03717,"bogota","Car",NA,"L2: Other","L3: total_dementia","PA",215491
"male","50-54","sc_car_ylls_pa_total_dementia_ub",-0.03473,"bogota","Car",NA,"L2: Other","L3: total_dementia","PA",209137
"male","55-59","sc_car_ylls_pa_total_dementia_ub",-0.09448,"bogota","Car",NA,"L2: Other","L3: total_dementia","PA",187551
"male","60-64","sc_car_ylls_pa_total_dementia_ub",-0.08781,"bogota","Car",NA,"L2: Other","L3: total_dementia","PA",146500
"male","65-69","sc_car_ylls_pa_total_dementia_ub",-0.16523,"bogota","Car",NA,"L2: Other","L3: total_dementia","PA",105412
"female","15-19","sc_car_ylls_pa_total_dementia_ub",0,"bogota","Car",NA,"L2: Other","L3: total_dementia","PA",279280
"female","20-24","sc_car_ylls_pa_total_dementia_ub",0,"bogota","Car",NA,"L2: Other","L3: total_dementia","PA",360197
"female","25-29","sc_car_ylls_pa_total_dementia_ub",0,"bogota","Car",NA,"L2: Other","L3: total_dementia","PA",364423
"female","30-34","sc_car_ylls_pa_total_dementia_ub",0,"bogota","Car",NA,"L2: Other","L3: total_dementia","PA",330341
"female","35-39","sc_car_ylls_pa_total_dementia_ub",0,"bogota","Car",NA,"L2: Other","L3: total_dementia","PA",309304
"female","40-44","sc_car_ylls_pa_total_dementia_ub",-0.00553,"bogota","Car",NA,"L2: Other","L3: total_dementia","PA",275440
"female","45-49","sc_car_ylls_pa_total_dementia_ub",-0.02701,"bogota","Car",NA,"L2: Other","L3: total_dementia","PA",254843
"female","50-54","sc_car_ylls_pa_total_dementia_ub",-0.04521,"bogota","Car",NA,"L2: Other","L3: total_dementia","PA",256059
"female","55-59","sc_car_ylls_pa_total_dementia_ub",-0.07635,"bogota","Car",NA,"L2: Other","L3: total_dementia","PA",235548
"female","60-64","sc_car_ylls_pa_total_dementia_ub",-0.14421,"bogota","Car",NA,"L2: Other","L3: total_dementia","PA",189600
"female","65-69","sc_car_ylls_pa_total_dementia_ub",-0.22271,"bogota","Car",NA,"L2: Other","L3: total_dementia","PA",141409
"male","15-19","sc_bus_ylls_pa_total_dementia_ub",0,"bogota","Bus",NA,"L2: Other","L3: total_dementia","PA",282736
"male","20-24","sc_bus_ylls_pa_total_dementia_ub",0,"bogota","Bus",NA,"L2: Other","L3: total_dementia","PA",357934
"male","25-29","sc_bus_ylls_pa_total_dementia_ub",0,"bogota","Bus",NA,"L2: Other","L3: total_dementia","PA",360031
"male","30-34","sc_bus_ylls_pa_total_dementia_ub",0,"bogota","Bus",NA,"L2: Other","L3: total_dementia","PA",321492
"male","35-39","sc_bus_ylls_pa_total_dementia_ub",0,"bogota","Bus",NA,"L2: Other","L3: total_dementia","PA",289808
"male","40-44","sc_bus_ylls_pa_total_dementia_ub",-0.00698,"bogota","Bus",NA,"L2: Other","L3: total_dementia","PA",244543
"male","45-49","sc_bus_ylls_pa_total_dementia_ub",-0.03328,"bogota","Bus",NA,"L2: Other","L3: total_dementia","PA",215491
"male","50-54","sc_bus_ylls_pa_total_dementia_ub",-0.03973,"bogota","Bus",NA,"L2: Other","L3: total_dementia","PA",209137
"male","55-59","sc_bus_ylls_pa_total_dementia_ub",-0.15572,"bogota","Bus",NA,"L2: Other","L3: total_dementia","PA",187551
"male","60-64","sc_bus_ylls_pa_total_dementia_ub",-0.29407,"bogota","Bus",NA,"L2: Other","L3: total_dementia","PA",146500
"male","65-69","sc_bus_ylls_pa_total_dementia_ub",-0.11255,"bogota","Bus",NA,"L2: Other","L3: total_dementia","PA",105412
"female","15-19","sc_bus_ylls_pa_total_dementia_ub",0,"bogota","Bus",NA,"L2: Other","L3: total_dementia","PA",279280
"female","20-24","sc_bus_ylls_pa_total_dementia_ub",0,"bogota","Bus",NA,"L2: Other","L3: total_dementia","PA",360197
"female","25-29","sc_bus_ylls_pa_total_dementia_ub",0,"bogota","Bus",NA,"L2: Other","L3: total_dementia","PA",364423
"female","30-34","sc_bus_ylls_pa_total_dementia_ub",0,"bogota","Bus",NA,"L2: Other","L3: total_dementia","PA",330341
"female","35-39","sc_bus_ylls_pa_total_dementia_ub",0,"bogota","Bus",NA,"L2: Other","L3: total_dementia","PA",309304
"female","40-44","sc_bus_ylls_pa_total_dementia_ub",-0.00736,"bogota","Bus",NA,"L2: Other","L3: total_dementia","PA",275440
"female","45-49","sc_bus_ylls_pa_total_dementia_ub",-0.02759,"bogota","Bus",NA,"L2: Other","L3: total_dementia","PA",254843
"female","50-54","sc_bus_ylls_pa_total_dementia_ub",-0.03396,"bogota","Bus",NA,"L2: Other","L3: total_dementia","PA",256059
"female","55-59","sc_bus_ylls_pa_total_dementia_ub",-0.11379,"bogota","Bus",NA,"L2: Other","L3: total_dementia","PA",235548
"female","60-64","sc_bus_ylls_pa_total_dementia_ub",-0.09502,"bogota","Bus",NA,"L2: Other","L3: total_dementia","PA",189600
"female","65-69","sc_bus_ylls_pa_total_dementia_ub",-0.18798,"bogota","Bus",NA,"L2: Other","L3: total_dementia","PA",141409
"male","15-19","sc_cycle_ylls_pa_myeloma",0,"bogota","Cycling",NA,NA,"L3: myeloma","PA",282736
"male","20-24","sc_cycle_ylls_pa_myeloma",0.04759,"bogota","Cycling",NA,NA,"L3: myeloma","PA",357934
"male","25-29","sc_cycle_ylls_pa_myeloma",0.06811,"bogota","Cycling",NA,NA,"L3: myeloma","PA",360031
"male","30-34","sc_cycle_ylls_pa_myeloma",0.10975,"bogota","Cycling",NA,NA,"L3: myeloma","PA",321492
"male","35-39","sc_cycle_ylls_pa_myeloma",0.1712,"bogota","Cycling",NA,NA,"L3: myeloma","PA",289808
"male","40-44","sc_cycle_ylls_pa_myeloma",0.28956,"bogota","Cycling",NA,NA,"L3: myeloma","PA",244543
"male","45-49","sc_cycle_ylls_pa_myeloma",0.51389,"bogota","Cycling",NA,NA,"L3: myeloma","PA",215491
"male","50-54","sc_cycle_ylls_pa_myeloma",0.70931,"bogota","Cycling",NA,NA,"L3: myeloma","PA",209137
"male","55-59","sc_cycle_ylls_pa_myeloma",0.9264,"bogota","Cycling",NA,NA,"L3: myeloma","PA",187551
"male","60-64","sc_cycle_ylls_pa_myeloma",1.45909,"bogota","Cycling",NA,NA,"L3: myeloma","PA",146500
"male","65-69","sc_cycle_ylls_pa_myeloma",1.35303,"bogota","Cycling",NA,NA,"L3: myeloma","PA",105412
"female","15-19","sc_cycle_ylls_pa_myeloma",0,"bogota","Cycling",NA,NA,"L3: myeloma","PA",279280
"female","20-24","sc_cycle_ylls_pa_myeloma",0.05439,"bogota","Cycling",NA,NA,"L3: myeloma","PA",360197
"female","25-29","sc_cycle_ylls_pa_myeloma",0.08394,"bogota","Cycling",NA,NA,"L3: myeloma","PA",364423
"female","30-34","sc_cycle_ylls_pa_myeloma",0.18498,"bogota","Cycling",NA,NA,"L3: myeloma","PA",330341
"female","35-39","sc_cycle_ylls_pa_myeloma",0.28637,"bogota","Cycling",NA,NA,"L3: myeloma","PA",309304
"female","40-44","sc_cycle_ylls_pa_myeloma",0.46261,"bogota","Cycling",NA,NA,"L3: myeloma","PA",275440
"female","45-49","sc_cycle_ylls_pa_myeloma",1.00058,"bogota","Cycling",NA,NA,"L3: myeloma","PA",254843
"female","50-54","sc_cycle_ylls_pa_myeloma",2.14737,"bogota","Cycling",NA,NA,"L3: myeloma","PA",256059
"female","55-59","sc_cycle_ylls_pa_myeloma",3.12364,"bogota","Cycling",NA,NA,"L3: myeloma","PA",235548
"female","60-64","sc_cycle_ylls_pa_myeloma",3.05777,"bogota","Cycling",NA,NA,"L3: myeloma","PA",189600
"female","65-69","sc_cycle_ylls_pa_myeloma",2.54123,"bogota","Cycling",NA,NA,"L3: myeloma","PA",141409
"male","15-19","sc_car_ylls_pa_myeloma",0,"bogota","Car",NA,NA,"L3: myeloma","PA",282736
"male","20-24","sc_car_ylls_pa_myeloma",-0.01486,"bogota","Car",NA,NA,"L3: myeloma","PA",357934
"male","25-29","sc_car_ylls_pa_myeloma",-0.03272,"bogota","Car",NA,NA,"L3: myeloma","PA",360031
"male","30-34","sc_car_ylls_pa_myeloma",-0.03278,"bogota","Car",NA,NA,"L3: myeloma","PA",321492
"male","35-39","sc_car_ylls_pa_myeloma",-0.05014,"bogota","Car",NA,NA,"L3: myeloma","PA",289808
"male","40-44","sc_car_ylls_pa_myeloma",-0.13715,"bogota","Car",NA,NA,"L3: myeloma","PA",244543
"male","45-49","sc_car_ylls_pa_myeloma",-0.22999,"bogota","Car",NA,NA,"L3: myeloma","PA",215491
"male","50-54","sc_car_ylls_pa_myeloma",-0.29176,"bogota","Car",NA,NA,"L3: myeloma","PA",209137
"male","55-59","sc_car_ylls_pa_myeloma",-0.50667,"bogota","Car",NA,NA,"L3: myeloma","PA",187551
"male","60-64","sc_car_ylls_pa_myeloma",-0.41792,"bogota","Car",NA,NA,"L3: myeloma","PA",146500
"male","65-69","sc_car_ylls_pa_myeloma",-0.45971,"bogota","Car",NA,NA,"L3: myeloma","PA",105412
"female","15-19","sc_car_ylls_pa_myeloma",0,"bogota","Car",NA,NA,"L3: myeloma","PA",279280
"female","20-24","sc_car_ylls_pa_myeloma",-0.01082,"bogota","Car",NA,NA,"L3: myeloma","PA",360197
"female","25-29","sc_car_ylls_pa_myeloma",-0.01637,"bogota","Car",NA,NA,"L3: myeloma","PA",364423
"female","30-34","sc_car_ylls_pa_myeloma",-0.03568,"bogota","Car",NA,NA,"L3: myeloma","PA",330341
"female","35-39","sc_car_ylls_pa_myeloma",-0.05504,"bogota","Car",NA,NA,"L3: myeloma","PA",309304
"female","40-44","sc_car_ylls_pa_myeloma",-0.09477,"bogota","Car",NA,NA,"L3: myeloma","PA",275440
"female","45-49","sc_car_ylls_pa_myeloma",-0.17179,"bogota","Car",NA,NA,"L3: myeloma","PA",254843
"female","50-54","sc_car_ylls_pa_myeloma",-0.20898,"bogota","Car",NA,NA,"L3: myeloma","PA",256059
"female","55-59","sc_car_ylls_pa_myeloma",-0.30518,"bogota","Car",NA,NA,"L3: myeloma","PA",235548
"female","60-64","sc_car_ylls_pa_myeloma",-0.34113,"bogota","Car",NA,NA,"L3: myeloma","PA",189600
"female","65-69","sc_car_ylls_pa_myeloma",-0.29801,"bogota","Car",NA,NA,"L3: myeloma","PA",141409
"male","15-19","sc_bus_ylls_pa_myeloma",0,"bogota","Bus",NA,NA,"L3: myeloma","PA",282736
"male","20-24","sc_bus_ylls_pa_myeloma",-0.02319,"bogota","Bus",NA,NA,"L3: myeloma","PA",357934
"male","25-29","sc_bus_ylls_pa_myeloma",-0.04484,"bogota","Bus",NA,NA,"L3: myeloma","PA",360031
"male","30-34","sc_bus_ylls_pa_myeloma",-0.07731,"bogota","Bus",NA,NA,"L3: myeloma","PA",321492
"male","35-39","sc_bus_ylls_pa_myeloma",-0.10034,"bogota","Bus",NA,NA,"L3: myeloma","PA",289808
"male","40-44","sc_bus_ylls_pa_myeloma",-0.16714,"bogota","Bus",NA,NA,"L3: myeloma","PA",244543
"male","45-49","sc_bus_ylls_pa_myeloma",-0.3044,"bogota","Bus",NA,NA,"L3: myeloma","PA",215491
"male","50-54","sc_bus_ylls_pa_myeloma",-0.46586,"bogota","Bus",NA,NA,"L3: myeloma","PA",209137
"male","55-59","sc_bus_ylls_pa_myeloma",-0.74315,"bogota","Bus",NA,NA,"L3: myeloma","PA",187551
"male","60-64","sc_bus_ylls_pa_myeloma",-0.97566,"bogota","Bus",NA,NA,"L3: myeloma","PA",146500
"male","65-69","sc_bus_ylls_pa_myeloma",-0.49369,"bogota","Bus",NA,NA,"L3: myeloma","PA",105412
"female","15-19","sc_bus_ylls_pa_myeloma",0,"bogota","Bus",NA,NA,"L3: myeloma","PA",279280
"female","20-24","sc_bus_ylls_pa_myeloma",-0.01448,"bogota","Bus",NA,NA,"L3: myeloma","PA",360197
"female","25-29","sc_bus_ylls_pa_myeloma",-0.02067,"bogota","Bus",NA,NA,"L3: myeloma","PA",364423
"female","30-34","sc_bus_ylls_pa_myeloma",-0.0394,"bogota","Bus",NA,NA,"L3: myeloma","PA",330341
"female","35-39","sc_bus_ylls_pa_myeloma",-0.07191,"bogota","Bus",NA,NA,"L3: myeloma","PA",309304
"female","40-44","sc_bus_ylls_pa_myeloma",-0.11784,"bogota","Bus",NA,NA,"L3: myeloma","PA",275440
"female","45-49","sc_bus_ylls_pa_myeloma",-0.20856,"bogota","Bus",NA,NA,"L3: myeloma","PA",254843
"female","50-54","sc_bus_ylls_pa_myeloma",-0.2007,"bogota","Bus",NA,NA,"L3: myeloma","PA",256059
"female","55-59","sc_bus_ylls_pa_myeloma",-0.36685,"bogota","Bus",NA,NA,"L3: myeloma","PA",235548
"female","60-64","sc_bus_ylls_pa_myeloma",-0.37731,"bogota","Bus",NA,NA,"L3: myeloma","PA",189600
"female","65-69","sc_bus_ylls_pa_myeloma",-0.34122,"bogota","Bus",NA,NA,"L3: myeloma","PA",141409
"male","15-19","sc_cycle_ylls_pa_myeloma_lb",0,"bogota","Cycling",NA,NA,"L3: myeloma","PA",282736
"male","20-24","sc_cycle_ylls_pa_myeloma_lb",0.08848,"bogota","Cycling",NA,NA,"L3: myeloma","PA",357934
"male","25-29","sc_cycle_ylls_pa_myeloma_lb",0.12774,"bogota","Cycling",NA,NA,"L3: myeloma","PA",360031
"male","30-34","sc_cycle_ylls_pa_myeloma_lb",0.20842,"bogota","Cycling",NA,NA,"L3: myeloma","PA",321492
"male","35-39","sc_cycle_ylls_pa_myeloma_lb",0.3253,"bogota","Cycling",NA,NA,"L3: myeloma","PA",289808
"male","40-44","sc_cycle_ylls_pa_myeloma_lb",0.55009,"bogota","Cycling",NA,NA,"L3: myeloma","PA",244543
"male","45-49","sc_cycle_ylls_pa_myeloma_lb",0.97757,"bogota","Cycling",NA,NA,"L3: myeloma","PA",215491
"male","50-54","sc_cycle_ylls_pa_myeloma_lb",1.38576,"bogota","Cycling",NA,NA,"L3: myeloma","PA",209137
"male","55-59","sc_cycle_ylls_pa_myeloma_lb",1.79354,"bogota","Cycling",NA,NA,"L3: myeloma","PA",187551
"male","60-64","sc_cycle_ylls_pa_myeloma_lb",2.78501,"bogota","Cycling",NA,NA,"L3: myeloma","PA",146500
"male","65-69","sc_cycle_ylls_pa_myeloma_lb",2.52875,"bogota","Cycling",NA,NA,"L3: myeloma","PA",105412
"female","15-19","sc_cycle_ylls_pa_myeloma_lb",0,"bogota","Cycling",NA,NA,"L3: myeloma","PA",279280
"female","20-24","sc_cycle_ylls_pa_myeloma_lb",0.09884,"bogota","Cycling",NA,NA,"L3: myeloma","PA",360197
"female","25-29","sc_cycle_ylls_pa_myeloma_lb",0.15254,"bogota","Cycling",NA,NA,"L3: myeloma","PA",364423
"female","30-34","sc_cycle_ylls_pa_myeloma_lb",0.34299,"bogota","Cycling",NA,NA,"L3: myeloma","PA",330341
"female","35-39","sc_cycle_ylls_pa_myeloma_lb",0.5317,"bogota","Cycling",NA,NA,"L3: myeloma","PA",309304
"female","40-44","sc_cycle_ylls_pa_myeloma_lb",0.86686,"bogota","Cycling",NA,NA,"L3: myeloma","PA",275440
"female","45-49","sc_cycle_ylls_pa_myeloma_lb",1.85912,"bogota","Cycling",NA,NA,"L3: myeloma","PA",254843
"female","50-54","sc_cycle_ylls_pa_myeloma_lb",3.9155,"bogota","Cycling",NA,NA,"L3: myeloma","PA",256059
"female","55-59","sc_cycle_ylls_pa_myeloma_lb",5.69619,"bogota","Cycling",NA,NA,"L3: myeloma","PA",235548
"female","60-64","sc_cycle_ylls_pa_myeloma_lb",5.65346,"bogota","Cycling",NA,NA,"L3: myeloma","PA",189600
"female","65-69","sc_cycle_ylls_pa_myeloma_lb",4.68855,"bogota","Cycling",NA,NA,"L3: myeloma","PA",141409
"male","15-19","sc_car_ylls_pa_myeloma_lb",0,"bogota","Car",NA,NA,"L3: myeloma","PA",282736
"male","20-24","sc_car_ylls_pa_myeloma_lb",-0.02775,"bogota","Car",NA,NA,"L3: myeloma","PA",357934
"male","25-29","sc_car_ylls_pa_myeloma_lb",-0.06008,"bogota","Car",NA,NA,"L3: myeloma","PA",360031
"male","30-34","sc_car_ylls_pa_myeloma_lb",-0.06244,"bogota","Car",NA,NA,"L3: myeloma","PA",321492
"male","35-39","sc_car_ylls_pa_myeloma_lb",-0.09629,"bogota","Car",NA,NA,"L3: myeloma","PA",289808
"male","40-44","sc_car_ylls_pa_myeloma_lb",-0.25532,"bogota","Car",NA,NA,"L3: myeloma","PA",244543
"male","45-49","sc_car_ylls_pa_myeloma_lb",-0.43248,"bogota","Car",NA,NA,"L3: myeloma","PA",215491
"male","50-54","sc_car_ylls_pa_myeloma_lb",-0.5517,"bogota","Car",NA,NA,"L3: myeloma","PA",209137
"male","55-59","sc_car_ylls_pa_myeloma_lb",-0.95829,"bogota","Car",NA,NA,"L3: myeloma","PA",187551
"male","60-64","sc_car_ylls_pa_myeloma_lb",-0.79347,"bogota","Car",NA,NA,"L3: myeloma","PA",146500
"male","65-69","sc_car_ylls_pa_myeloma_lb",-0.8763,"bogota","Car",NA,NA,"L3: myeloma","PA",105412
"female","15-19","sc_car_ylls_pa_myeloma_lb",0,"bogota","Car",NA,NA,"L3: myeloma","PA",279280
"female","20-24","sc_car_ylls_pa_myeloma_lb",-0.01946,"bogota","Car",NA,NA,"L3: myeloma","PA",360197
"female","25-29","sc_car_ylls_pa_myeloma_lb",-0.02932,"bogota","Car",NA,NA,"L3: myeloma","PA",364423
"female","30-34","sc_car_ylls_pa_myeloma_lb",-0.06521,"bogota","Car",NA,NA,"L3: myeloma","PA",330341
"female","35-39","sc_car_ylls_pa_myeloma_lb",-0.09989,"bogota","Car",NA,NA,"L3: myeloma","PA",309304
"female","40-44","sc_car_ylls_pa_myeloma_lb",-0.17448,"bogota","Car",NA,NA,"L3: myeloma","PA",275440
"female","45-49","sc_car_ylls_pa_myeloma_lb",-0.31837,"bogota","Car",NA,NA,"L3: myeloma","PA",254843
"female","50-54","sc_car_ylls_pa_myeloma_lb",-0.37266,"bogota","Car",NA,NA,"L3: myeloma","PA",256059
"female","55-59","sc_car_ylls_pa_myeloma_lb",-0.54538,"bogota","Car",NA,NA,"L3: myeloma","PA",235548
"female","60-64","sc_car_ylls_pa_myeloma_lb",-0.61496,"bogota","Car",NA,NA,"L3: myeloma","PA",189600
"female","65-69","sc_car_ylls_pa_myeloma_lb",-0.54498,"bogota","Car",NA,NA,"L3: myeloma","PA",141409
"male","15-19","sc_bus_ylls_pa_myeloma_lb",0,"bogota","Bus",NA,NA,"L3: myeloma","PA",282736
"male","20-24","sc_bus_ylls_pa_myeloma_lb",-0.04316,"bogota","Bus",NA,NA,"L3: myeloma","PA",357934
"male","25-29","sc_bus_ylls_pa_myeloma_lb",-0.08338,"bogota","Bus",NA,NA,"L3: myeloma","PA",360031
"male","30-34","sc_bus_ylls_pa_myeloma_lb",-0.14571,"bogota","Bus",NA,NA,"L3: myeloma","PA",321492
"male","35-39","sc_bus_ylls_pa_myeloma_lb",-0.19169,"bogota","Bus",NA,NA,"L3: myeloma","PA",289808
"male","40-44","sc_bus_ylls_pa_myeloma_lb",-0.31639,"bogota","Bus",NA,NA,"L3: myeloma","PA",244543
"male","45-49","sc_bus_ylls_pa_myeloma_lb",-0.57778,"bogota","Bus",NA,NA,"L3: myeloma","PA",215491
"male","50-54","sc_bus_ylls_pa_myeloma_lb",-0.89294,"bogota","Bus",NA,NA,"L3: myeloma","PA",209137
"male","55-59","sc_bus_ylls_pa_myeloma_lb",-1.4085,"bogota","Bus",NA,NA,"L3: myeloma","PA",187551
"male","60-64","sc_bus_ylls_pa_myeloma_lb",-1.82839,"bogota","Bus",NA,NA,"L3: myeloma","PA",146500
"male","65-69","sc_bus_ylls_pa_myeloma_lb",-0.96466,"bogota","Bus",NA,NA,"L3: myeloma","PA",105412
"female","15-19","sc_bus_ylls_pa_myeloma_lb",0,"bogota","Bus",NA,NA,"L3: myeloma","PA",279280
"female","20-24","sc_bus_ylls_pa_myeloma_lb",-0.02599,"bogota","Bus",NA,NA,"L3: myeloma","PA",360197
"female","25-29","sc_bus_ylls_pa_myeloma_lb",-0.0376,"bogota","Bus",NA,NA,"L3: myeloma","PA",364423
"female","30-34","sc_bus_ylls_pa_myeloma_lb",-0.07315,"bogota","Bus",NA,NA,"L3: myeloma","PA",330341
"female","35-39","sc_bus_ylls_pa_myeloma_lb",-0.13182,"bogota","Bus",NA,NA,"L3: myeloma","PA",309304
"female","40-44","sc_bus_ylls_pa_myeloma_lb",-0.21806,"bogota","Bus",NA,NA,"L3: myeloma","PA",275440
"female","45-49","sc_bus_ylls_pa_myeloma_lb",-0.3865,"bogota","Bus",NA,NA,"L3: myeloma","PA",254843
"female","50-54","sc_bus_ylls_pa_myeloma_lb",-0.36875,"bogota","Bus",NA,NA,"L3: myeloma","PA",256059
"female","55-59","sc_bus_ylls_pa_myeloma_lb",-0.65628,"bogota","Bus",NA,NA,"L3: myeloma","PA",235548
"female","60-64","sc_bus_ylls_pa_myeloma_lb",-0.68954,"bogota","Bus",NA,NA,"L3: myeloma","PA",189600
"female","65-69","sc_bus_ylls_pa_myeloma_lb",-0.62033,"bogota","Bus",NA,NA,"L3: myeloma","PA",141409
"male","15-19","sc_cycle_ylls_pa_myeloma_ub",0,"bogota","Cycling",NA,NA,"L3: myeloma","PA",282736
"male","20-24","sc_cycle_ylls_pa_myeloma_ub",0.00864,"bogota","Cycling",NA,NA,"L3: myeloma","PA",357934
"male","25-29","sc_cycle_ylls_pa_myeloma_ub",0.0105,"bogota","Cycling",NA,NA,"L3: myeloma","PA",360031
"male","30-34","sc_cycle_ylls_pa_myeloma_ub",0.01705,"bogota","Cycling",NA,NA,"L3: myeloma","PA",321492
"male","35-39","sc_cycle_ylls_pa_myeloma_ub",0.02615,"bogota","Cycling",NA,NA,"L3: myeloma","PA",289808
"male","40-44","sc_cycle_ylls_pa_myeloma_ub",0.04298,"bogota","Cycling",NA,NA,"L3: myeloma","PA",244543
"male","45-49","sc_cycle_ylls_pa_myeloma_ub",0.07634,"bogota","Cycling",NA,NA,"L3: myeloma","PA",215491
"male","50-54","sc_cycle_ylls_pa_myeloma_ub",0.07136,"bogota","Cycling",NA,NA,"L3: myeloma","PA",209137
"male","55-59","sc_cycle_ylls_pa_myeloma_ub",0.10094,"bogota","Cycling",NA,NA,"L3: myeloma","PA",187551
"male","60-64","sc_cycle_ylls_pa_myeloma_ub",0.20718,"bogota","Cycling",NA,NA,"L3: myeloma","PA",146500
"male","65-69","sc_cycle_ylls_pa_myeloma_ub",0.22759,"bogota","Cycling",NA,NA,"L3: myeloma","PA",105412
"female","15-19","sc_cycle_ylls_pa_myeloma_ub",0,"bogota","Cycling",NA,NA,"L3: myeloma","PA",279280
"female","20-24","sc_cycle_ylls_pa_myeloma_ub",0.01025,"bogota","Cycling",NA,NA,"L3: myeloma","PA",360197
"female","25-29","sc_cycle_ylls_pa_myeloma_ub",0.0159,"bogota","Cycling",NA,NA,"L3: myeloma","PA",364423
"female","30-34","sc_cycle_ylls_pa_myeloma_ub",0.03116,"bogota","Cycling",NA,NA,"L3: myeloma","PA",330341
"female","35-39","sc_cycle_ylls_pa_myeloma_ub",0.04505,"bogota","Cycling",NA,NA,"L3: myeloma","PA",309304
"female","40-44","sc_cycle_ylls_pa_myeloma_ub",0.06946,"bogota","Cycling",NA,NA,"L3: myeloma","PA",275440
"female","45-49","sc_cycle_ylls_pa_myeloma_ub",0.1616,"bogota","Cycling",NA,NA,"L3: myeloma","PA",254843
"female","50-54","sc_cycle_ylls_pa_myeloma_ub",0.37961,"bogota","Cycling",NA,NA,"L3: myeloma","PA",256059
"female","55-59","sc_cycle_ylls_pa_myeloma_ub",0.55819,"bogota","Cycling",NA,NA,"L3: myeloma","PA",235548
"female","60-64","sc_cycle_ylls_pa_myeloma_ub",0.49935,"bogota","Cycling",NA,NA,"L3: myeloma","PA",189600
"female","65-69","sc_cycle_ylls_pa_myeloma_ub",0.42048,"bogota","Cycling",NA,NA,"L3: myeloma","PA",141409
"male","15-19","sc_car_ylls_pa_myeloma_ub",0,"bogota","Car",NA,NA,"L3: myeloma","PA",282736
"male","20-24","sc_car_ylls_pa_myeloma_ub",-0.0025,"bogota","Car",NA,NA,"L3: myeloma","PA",357934
"male","25-29","sc_car_ylls_pa_myeloma_ub",-0.00652,"bogota","Car",NA,NA,"L3: myeloma","PA",360031
"male","30-34","sc_car_ylls_pa_myeloma_ub",-0.00506,"bogota","Car",NA,NA,"L3: myeloma","PA",321492
"male","35-39","sc_car_ylls_pa_myeloma_ub",-0.00528,"bogota","Car",NA,NA,"L3: myeloma","PA",289808
"male","40-44","sc_car_ylls_pa_myeloma_ub",-0.0267,"bogota","Car",NA,NA,"L3: myeloma","PA",244543
"male","45-49","sc_car_ylls_pa_myeloma_ub",-0.04068,"bogota","Car",NA,NA,"L3: myeloma","PA",215491
"male","50-54","sc_car_ylls_pa_myeloma_ub",-0.04653,"bogota","Car",NA,NA,"L3: myeloma","PA",209137
"male","55-59","sc_car_ylls_pa_myeloma_ub",-0.08265,"bogota","Car",NA,NA,"L3: myeloma","PA",187551
"male","60-64","sc_car_ylls_pa_myeloma_ub",-0.05839,"bogota","Car",NA,NA,"L3: myeloma","PA",146500
"male","65-69","sc_car_ylls_pa_myeloma_ub",-0.06361,"bogota","Car",NA,NA,"L3: myeloma","PA",105412
"female","15-19","sc_car_ylls_pa_myeloma_ub",0,"bogota","Car",NA,NA,"L3: myeloma","PA",279280
"female","20-24","sc_car_ylls_pa_myeloma_ub",-0.00236,"bogota","Car",NA,NA,"L3: myeloma","PA",360197
"female","25-29","sc_car_ylls_pa_myeloma_ub",-0.00346,"bogota","Car",NA,NA,"L3: myeloma","PA",364423
"female","30-34","sc_car_ylls_pa_myeloma_ub",-0.00672,"bogota","Car",NA,NA,"L3: myeloma","PA",330341
"female","35-39","sc_car_ylls_pa_myeloma_ub",-0.01038,"bogota","Car",NA,NA,"L3: myeloma","PA",309304
"female","40-44","sc_car_ylls_pa_myeloma_ub",-0.01716,"bogota","Car",NA,NA,"L3: myeloma","PA",275440
"female","45-49","sc_car_ylls_pa_myeloma_ub",-0.0295,"bogota","Car",NA,NA,"L3: myeloma","PA",254843
"female","50-54","sc_car_ylls_pa_myeloma_ub",-0.04794,"bogota","Car",NA,NA,"L3: myeloma","PA",256059
"female","55-59","sc_car_ylls_pa_myeloma_ub",-0.06819,"bogota","Car",NA,NA,"L3: myeloma","PA",235548
"female","60-64","sc_car_ylls_pa_myeloma_ub",-0.07559,"bogota","Car",NA,NA,"L3: myeloma","PA",189600
"female","65-69","sc_car_ylls_pa_myeloma_ub",-0.06155,"bogota","Car",NA,NA,"L3: myeloma","PA",141409
"male","15-19","sc_bus_ylls_pa_myeloma_ub",0,"bogota","Bus",NA,NA,"L3: myeloma","PA",282736
"male","20-24","sc_bus_ylls_pa_myeloma_ub",-0.0041,"bogota","Bus",NA,NA,"L3: myeloma","PA",357934
"male","25-29","sc_bus_ylls_pa_myeloma_ub",-0.00788,"bogota","Bus",NA,NA,"L3: myeloma","PA",360031
"male","30-34","sc_bus_ylls_pa_myeloma_ub",-0.01368,"bogota","Bus",NA,NA,"L3: myeloma","PA",321492
"male","35-39","sc_bus_ylls_pa_myeloma_ub",-0.01382,"bogota","Bus",NA,NA,"L3: myeloma","PA",289808
"male","40-44","sc_bus_ylls_pa_myeloma_ub",-0.02468,"bogota","Bus",NA,NA,"L3: myeloma","PA",244543
"male","45-49","sc_bus_ylls_pa_myeloma_ub",-0.04309,"bogota","Bus",NA,NA,"L3: myeloma","PA",215491
"male","50-54","sc_bus_ylls_pa_myeloma_ub",-0.05874,"bogota","Bus",NA,NA,"L3: myeloma","PA",209137
"male","55-59","sc_bus_ylls_pa_myeloma_ub",-0.12443,"bogota","Bus",NA,NA,"L3: myeloma","PA",187551
"male","60-64","sc_bus_ylls_pa_myeloma_ub",-0.17451,"bogota","Bus",NA,NA,"L3: myeloma","PA",146500
"male","65-69","sc_bus_ylls_pa_myeloma_ub",-0.04132,"bogota","Bus",NA,NA,"L3: myeloma","PA",105412
"female","15-19","sc_bus_ylls_pa_myeloma_ub",0,"bogota","Bus",NA,NA,"L3: myeloma","PA",279280
"female","20-24","sc_bus_ylls_pa_myeloma_ub",-0.00299,"bogota","Bus",NA,NA,"L3: myeloma","PA",360197
"female","25-29","sc_bus_ylls_pa_myeloma_ub",-0.00381,"bogota","Bus",NA,NA,"L3: myeloma","PA",364423
"female","30-34","sc_bus_ylls_pa_myeloma_ub",-0.00616,"bogota","Bus",NA,NA,"L3: myeloma","PA",330341
"female","35-39","sc_bus_ylls_pa_myeloma_ub",-0.01255,"bogota","Bus",NA,NA,"L3: myeloma","PA",309304
"female","40-44","sc_bus_ylls_pa_myeloma_ub",-0.02074,"bogota","Bus",NA,NA,"L3: myeloma","PA",275440
"female","45-49","sc_bus_ylls_pa_myeloma_ub",-0.03393,"bogota","Bus",NA,NA,"L3: myeloma","PA",254843
"female","50-54","sc_bus_ylls_pa_myeloma_ub",-0.03439,"bogota","Bus",NA,NA,"L3: myeloma","PA",256059
"female","55-59","sc_bus_ylls_pa_myeloma_ub",-0.08587,"bogota","Bus",NA,NA,"L3: myeloma","PA",235548
"female","60-64","sc_bus_ylls_pa_myeloma_ub",-0.06588,"bogota","Bus",NA,NA,"L3: myeloma","PA",189600
"female","65-69","sc_bus_ylls_pa_myeloma_ub",-0.06613,"bogota","Bus",NA,NA,"L3: myeloma","PA",141409
"male","15-19","sc_cycle_ylls_pa_Parkinson",0,"bogota","Cycling",NA,"L2: Other","L3: Parkinson","PA",282736
"male","20-24","sc_cycle_ylls_pa_Parkinson",0.00814,"bogota","Cycling",NA,"L2: Other","L3: Parkinson","PA",357934
"male","25-29","sc_cycle_ylls_pa_Parkinson",0.01447,"bogota","Cycling",NA,"L2: Other","L3: Parkinson","PA",360031
"male","30-34","sc_cycle_ylls_pa_Parkinson",0.00759,"bogota","Cycling",NA,"L2: Other","L3: Parkinson","PA",321492
"male","35-39","sc_cycle_ylls_pa_Parkinson",0.0228,"bogota","Cycling",NA,"L2: Other","L3: Parkinson","PA",289808
"male","40-44","sc_cycle_ylls_pa_Parkinson",0.10816,"bogota","Cycling",NA,"L2: Other","L3: Parkinson","PA",244543
"male","45-49","sc_cycle_ylls_pa_Parkinson",0.23994,"bogota","Cycling",NA,"L2: Other","L3: Parkinson","PA",215491
"male","50-54","sc_cycle_ylls_pa_Parkinson",0.38473,"bogota","Cycling",NA,"L2: Other","L3: Parkinson","PA",209137
"male","55-59","sc_cycle_ylls_pa_Parkinson",0.57496,"bogota","Cycling",NA,"L2: Other","L3: Parkinson","PA",187551
"male","60-64","sc_cycle_ylls_pa_Parkinson",1.29115,"bogota","Cycling",NA,"L2: Other","L3: Parkinson","PA",146500
"male","65-69","sc_cycle_ylls_pa_Parkinson",2.14823,"bogota","Cycling",NA,"L2: Other","L3: Parkinson","PA",105412
"female","15-19","sc_cycle_ylls_pa_Parkinson",0,"bogota","Cycling",NA,"L2: Other","L3: Parkinson","PA",279280
"female","20-24","sc_cycle_ylls_pa_Parkinson",0.00539,"bogota","Cycling",NA,"L2: Other","L3: Parkinson","PA",360197
"female","25-29","sc_cycle_ylls_pa_Parkinson",0.00476,"bogota","Cycling",NA,"L2: Other","L3: Parkinson","PA",364423
"female","30-34","sc_cycle_ylls_pa_Parkinson",0.00073,"bogota","Cycling",NA,"L2: Other","L3: Parkinson","PA",330341
"female","35-39","sc_cycle_ylls_pa_Parkinson",0.00353,"bogota","Cycling",NA,"L2: Other","L3: Parkinson","PA",309304
"female","40-44","sc_cycle_ylls_pa_Parkinson",0.08025,"bogota","Cycling",NA,"L2: Other","L3: Parkinson","PA",275440
"female","45-49","sc_cycle_ylls_pa_Parkinson",0.26501,"bogota","Cycling",NA,"L2: Other","L3: Parkinson","PA",254843
"female","50-54","sc_cycle_ylls_pa_Parkinson",0.59213,"bogota","Cycling",NA,"L2: Other","L3: Parkinson","PA",256059
"female","55-59","sc_cycle_ylls_pa_Parkinson",0.96635,"bogota","Cycling",NA,"L2: Other","L3: Parkinson","PA",235548
"female","60-64","sc_cycle_ylls_pa_Parkinson",1.63106,"bogota","Cycling",NA,"L2: Other","L3: Parkinson","PA",189600
"female","65-69","sc_cycle_ylls_pa_Parkinson",2.65642,"bogota","Cycling",NA,"L2: Other","L3: Parkinson","PA",141409
"male","15-19","sc_car_ylls_pa_Parkinson",0,"bogota","Car",NA,"L2: Other","L3: Parkinson","PA",282736
"male","20-24","sc_car_ylls_pa_Parkinson",-0.00271,"bogota","Car",NA,"L2: Other","L3: Parkinson","PA",357934
"male","25-29","sc_car_ylls_pa_Parkinson",-0.00564,"bogota","Car",NA,"L2: Other","L3: Parkinson","PA",360031
"male","30-34","sc_car_ylls_pa_Parkinson",-0.00227,"bogota","Car",NA,"L2: Other","L3: Parkinson","PA",321492
"male","35-39","sc_car_ylls_pa_Parkinson",-0.00817,"bogota","Car",NA,"L2: Other","L3: Parkinson","PA",289808
"male","40-44","sc_car_ylls_pa_Parkinson",-0.04106,"bogota","Car",NA,"L2: Other","L3: Parkinson","PA",244543
"male","45-49","sc_car_ylls_pa_Parkinson",-0.0944,"bogota","Car",NA,"L2: Other","L3: Parkinson","PA",215491
"male","50-54","sc_car_ylls_pa_Parkinson",-0.12723,"bogota","Car",NA,"L2: Other","L3: Parkinson","PA",209137
"male","55-59","sc_car_ylls_pa_Parkinson",-0.25199,"bogota","Car",NA,"L2: Other","L3: Parkinson","PA",187551
"male","60-64","sc_car_ylls_pa_Parkinson",-0.37525,"bogota","Car",NA,"L2: Other","L3: Parkinson","PA",146500
"male","65-69","sc_car_ylls_pa_Parkinson",-0.82204,"bogota","Car",NA,"L2: Other","L3: Parkinson","PA",105412
"female","15-19","sc_car_ylls_pa_Parkinson",0,"bogota","Car",NA,"L2: Other","L3: Parkinson","PA",279280
"female","20-24","sc_car_ylls_pa_Parkinson",-0.00091,"bogota","Car",NA,"L2: Other","L3: Parkinson","PA",360197
"female","25-29","sc_car_ylls_pa_Parkinson",-0.00084,"bogota","Car",NA,"L2: Other","L3: Parkinson","PA",364423
"female","30-34","sc_car_ylls_pa_Parkinson",-0.00013,"bogota","Car",NA,"L2: Other","L3: Parkinson","PA",330341
"female","35-39","sc_car_ylls_pa_Parkinson",-0.0006,"bogota","Car",NA,"L2: Other","L3: Parkinson","PA",309304
"female","40-44","sc_car_ylls_pa_Parkinson",-0.01453,"bogota","Car",NA,"L2: Other","L3: Parkinson","PA",275440
"female","45-49","sc_car_ylls_pa_Parkinson",-0.04354,"bogota","Car",NA,"L2: Other","L3: Parkinson","PA",254843
"female","50-54","sc_car_ylls_pa_Parkinson",-0.04365,"bogota","Car",NA,"L2: Other","L3: Parkinson","PA",256059
"female","55-59","sc_car_ylls_pa_Parkinson",-0.07546,"bogota","Car",NA,"L2: Other","L3: Parkinson","PA",235548
"female","60-64","sc_car_ylls_pa_Parkinson",-0.13491,"bogota","Car",NA,"L2: Other","L3: Parkinson","PA",189600
"female","65-69","sc_car_ylls_pa_Parkinson",-0.25143,"bogota","Car",NA,"L2: Other","L3: Parkinson","PA",141409
"male","15-19","sc_bus_ylls_pa_Parkinson",0,"bogota","Bus",NA,"L2: Other","L3: Parkinson","PA",282736
"male","20-24","sc_bus_ylls_pa_Parkinson",-0.00406,"bogota","Bus",NA,"L2: Other","L3: Parkinson","PA",357934
"male","25-29","sc_bus_ylls_pa_Parkinson",-0.00864,"bogota","Bus",NA,"L2: Other","L3: Parkinson","PA",360031
"male","30-34","sc_bus_ylls_pa_Parkinson",-0.00484,"bogota","Bus",NA,"L2: Other","L3: Parkinson","PA",321492
"male","35-39","sc_bus_ylls_pa_Parkinson",-0.01429,"bogota","Bus",NA,"L2: Other","L3: Parkinson","PA",289808
"male","40-44","sc_bus_ylls_pa_Parkinson",-0.06304,"bogota","Bus",NA,"L2: Other","L3: Parkinson","PA",244543
"male","45-49","sc_bus_ylls_pa_Parkinson",-0.14726,"bogota","Bus",NA,"L2: Other","L3: Parkinson","PA",215491
"male","50-54","sc_bus_ylls_pa_Parkinson",-0.23286,"bogota","Bus",NA,"L2: Other","L3: Parkinson","PA",209137
"male","55-59","sc_bus_ylls_pa_Parkinson",-0.35983,"bogota","Bus",NA,"L2: Other","L3: Parkinson","PA",187551
"male","60-64","sc_bus_ylls_pa_Parkinson",-0.73576,"bogota","Bus",NA,"L2: Other","L3: Parkinson","PA",146500
"male","65-69","sc_bus_ylls_pa_Parkinson",-1.06758,"bogota","Bus",NA,"L2: Other","L3: Parkinson","PA",105412
"female","15-19","sc_bus_ylls_pa_Parkinson",0,"bogota","Bus",NA,"L2: Other","L3: Parkinson","PA",279280
"female","20-24","sc_bus_ylls_pa_Parkinson",-0.00132,"bogota","Bus",NA,"L2: Other","L3: Parkinson","PA",360197
"female","25-29","sc_bus_ylls_pa_Parkinson",-0.00121,"bogota","Bus",NA,"L2: Other","L3: Parkinson","PA",364423
"female","30-34","sc_bus_ylls_pa_Parkinson",-0.00017,"bogota","Bus",NA,"L2: Other","L3: Parkinson","PA",330341
"female","35-39","sc_bus_ylls_pa_Parkinson",-0.00083,"bogota","Bus",NA,"L2: Other","L3: Parkinson","PA",309304
"female","40-44","sc_bus_ylls_pa_Parkinson",-0.01835,"bogota","Bus",NA,"L2: Other","L3: Parkinson","PA",275440
"female","45-49","sc_bus_ylls_pa_Parkinson",-0.05542,"bogota","Bus",NA,"L2: Other","L3: Parkinson","PA",254843
"female","50-54","sc_bus_ylls_pa_Parkinson",-0.05594,"bogota","Bus",NA,"L2: Other","L3: Parkinson","PA",256059
"female","55-59","sc_bus_ylls_pa_Parkinson",-0.08296,"bogota","Bus",NA,"L2: Other","L3: Parkinson","PA",235548
"female","60-64","sc_bus_ylls_pa_Parkinson",-0.19319,"bogota","Bus",NA,"L2: Other","L3: Parkinson","PA",189600
"female","65-69","sc_bus_ylls_pa_Parkinson",-0.31233,"bogota","Bus",NA,"L2: Other","L3: Parkinson","PA",141409
"male","15-19","sc_cycle_ylls_pa_Parkinson_lb",0,"bogota","Cycling",NA,"L2: Other","L3: Parkinson","PA",282736
"male","20-24","sc_cycle_ylls_pa_Parkinson_lb",0.01124,"bogota","Cycling",NA,"L2: Other","L3: Parkinson","PA",357934
"male","25-29","sc_cycle_ylls_pa_Parkinson_lb",0.01891,"bogota","Cycling",NA,"L2: Other","L3: Parkinson","PA",360031
"male","30-34","sc_cycle_ylls_pa_Parkinson_lb",0.01022,"bogota","Cycling",NA,"L2: Other","L3: Parkinson","PA",321492
"male","35-39","sc_cycle_ylls_pa_Parkinson_lb",0.03049,"bogota","Cycling",NA,"L2: Other","L3: Parkinson","PA",289808
"male","40-44","sc_cycle_ylls_pa_Parkinson_lb",0.14341,"bogota","Cycling",NA,"L2: Other","L3: Parkinson","PA",244543
"male","45-49","sc_cycle_ylls_pa_Parkinson_lb",0.31865,"bogota","Cycling",NA,"L2: Other","L3: Parkinson","PA",215491
"male","50-54","sc_cycle_ylls_pa_Parkinson_lb",0.48798,"bogota","Cycling",NA,"L2: Other","L3: Parkinson","PA",209137
"male","55-59","sc_cycle_ylls_pa_Parkinson_lb",0.7249,"bogota","Cycling",NA,"L2: Other","L3: Parkinson","PA",187551
"male","60-64","sc_cycle_ylls_pa_Parkinson_lb",1.70245,"bogota","Cycling",NA,"L2: Other","L3: Parkinson","PA",146500
"male","65-69","sc_cycle_ylls_pa_Parkinson_lb",2.84539,"bogota","Cycling",NA,"L2: Other","L3: Parkinson","PA",105412
"female","15-19","sc_cycle_ylls_pa_Parkinson_lb",0,"bogota","Cycling",NA,"L2: Other","L3: Parkinson","PA",279280
"female","20-24","sc_cycle_ylls_pa_Parkinson_lb",0.00723,"bogota","Cycling",NA,"L2: Other","L3: Parkinson","PA",360197
"female","25-29","sc_cycle_ylls_pa_Parkinson_lb",0.00641,"bogota","Cycling",NA,"L2: Other","L3: Parkinson","PA",364423
"female","30-34","sc_cycle_ylls_pa_Parkinson_lb",0.00097,"bogota","Cycling",NA,"L2: Other","L3: Parkinson","PA",330341
"female","35-39","sc_cycle_ylls_pa_Parkinson_lb",0.00457,"bogota","Cycling",NA,"L2: Other","L3: Parkinson","PA",309304
"female","40-44","sc_cycle_ylls_pa_Parkinson_lb",0.10479,"bogota","Cycling",NA,"L2: Other","L3: Parkinson","PA",275440
"female","45-49","sc_cycle_ylls_pa_Parkinson_lb",0.34724,"bogota","Cycling",NA,"L2: Other","L3: Parkinson","PA",254843
"female","50-54","sc_cycle_ylls_pa_Parkinson_lb",0.77411,"bogota","Cycling",NA,"L2: Other","L3: Parkinson","PA",256059
"female","55-59","sc_cycle_ylls_pa_Parkinson_lb",1.26812,"bogota","Cycling",NA,"L2: Other","L3: Parkinson","PA",235548
"female","60-64","sc_cycle_ylls_pa_Parkinson_lb",2.12893,"bogota","Cycling",NA,"L2: Other","L3: Parkinson","PA",189600
"female","65-69","sc_cycle_ylls_pa_Parkinson_lb",3.46882,"bogota","Cycling",NA,"L2: Other","L3: Parkinson","PA",141409
"male","15-19","sc_car_ylls_pa_Parkinson_lb",0,"bogota","Car",NA,"L2: Other","L3: Parkinson","PA",282736
"male","20-24","sc_car_ylls_pa_Parkinson_lb",-0.00365,"bogota","Car",NA,"L2: Other","L3: Parkinson","PA",357934
"male","25-29","sc_car_ylls_pa_Parkinson_lb",-0.00786,"bogota","Car",NA,"L2: Other","L3: Parkinson","PA",360031
"male","30-34","sc_car_ylls_pa_Parkinson_lb",-0.00307,"bogota","Car",NA,"L2: Other","L3: Parkinson","PA",321492
"male","35-39","sc_car_ylls_pa_Parkinson_lb",-0.01011,"bogota","Car",NA,"L2: Other","L3: Parkinson","PA",289808
"male","40-44","sc_car_ylls_pa_Parkinson_lb",-0.05865,"bogota","Car",NA,"L2: Other","L3: Parkinson","PA",244543
"male","45-49","sc_car_ylls_pa_Parkinson_lb",-0.13097,"bogota","Car",NA,"L2: Other","L3: Parkinson","PA",215491
"male","50-54","sc_car_ylls_pa_Parkinson_lb",-0.16882,"bogota","Car",NA,"L2: Other","L3: Parkinson","PA",209137
"male","55-59","sc_car_ylls_pa_Parkinson_lb",-0.33975,"bogota","Car",NA,"L2: Other","L3: Parkinson","PA",187551
"male","60-64","sc_car_ylls_pa_Parkinson_lb",-0.48787,"bogota","Car",NA,"L2: Other","L3: Parkinson","PA",146500
"male","65-69","sc_car_ylls_pa_Parkinson_lb",-1.06343,"bogota","Car",NA,"L2: Other","L3: Parkinson","PA",105412
"female","15-19","sc_car_ylls_pa_Parkinson_lb",0,"bogota","Car",NA,"L2: Other","L3: Parkinson","PA",279280
"female","20-24","sc_car_ylls_pa_Parkinson_lb",-0.00131,"bogota","Car",NA,"L2: Other","L3: Parkinson","PA",360197
"female","25-29","sc_car_ylls_pa_Parkinson_lb",-0.00116,"bogota","Car",NA,"L2: Other","L3: Parkinson","PA",364423
"female","30-34","sc_car_ylls_pa_Parkinson_lb",-0.00018,"bogota","Car",NA,"L2: Other","L3: Parkinson","PA",330341
"female","35-39","sc_car_ylls_pa_Parkinson_lb",-0.00079,"bogota","Car",NA,"L2: Other","L3: Parkinson","PA",309304
"female","40-44","sc_car_ylls_pa_Parkinson_lb",-0.01945,"bogota","Car",NA,"L2: Other","L3: Parkinson","PA",275440
"female","45-49","sc_car_ylls_pa_Parkinson_lb",-0.05789,"bogota","Car",NA,"L2: Other","L3: Parkinson","PA",254843
"female","50-54","sc_car_ylls_pa_Parkinson_lb",-0.06308,"bogota","Car",NA,"L2: Other","L3: Parkinson","PA",256059
"female","55-59","sc_car_ylls_pa_Parkinson_lb",-0.10636,"bogota","Car",NA,"L2: Other","L3: Parkinson","PA",235548
"female","60-64","sc_car_ylls_pa_Parkinson_lb",-0.19611,"bogota","Car",NA,"L2: Other","L3: Parkinson","PA",189600
"female","65-69","sc_car_ylls_pa_Parkinson_lb",-0.35935,"bogota","Car",NA,"L2: Other","L3: Parkinson","PA",141409
"male","15-19","sc_bus_ylls_pa_Parkinson_lb",0,"bogota","Bus",NA,"L2: Other","L3: Parkinson","PA",282736
"male","20-24","sc_bus_ylls_pa_Parkinson_lb",-0.00555,"bogota","Bus",NA,"L2: Other","L3: Parkinson","PA",357934
"male","25-29","sc_bus_ylls_pa_Parkinson_lb",-0.01166,"bogota","Bus",NA,"L2: Other","L3: Parkinson","PA",360031
"male","30-34","sc_bus_ylls_pa_Parkinson_lb",-0.00675,"bogota","Bus",NA,"L2: Other","L3: Parkinson","PA",321492
"male","35-39","sc_bus_ylls_pa_Parkinson_lb",-0.01865,"bogota","Bus",NA,"L2: Other","L3: Parkinson","PA",289808
"male","40-44","sc_bus_ylls_pa_Parkinson_lb",-0.08264,"bogota","Bus",NA,"L2: Other","L3: Parkinson","PA",244543
"male","45-49","sc_bus_ylls_pa_Parkinson_lb",-0.19165,"bogota","Bus",NA,"L2: Other","L3: Parkinson","PA",215491
"male","50-54","sc_bus_ylls_pa_Parkinson_lb",-0.29722,"bogota","Bus",NA,"L2: Other","L3: Parkinson","PA",209137
"male","55-59","sc_bus_ylls_pa_Parkinson_lb",-0.4936,"bogota","Bus",NA,"L2: Other","L3: Parkinson","PA",187551
"male","60-64","sc_bus_ylls_pa_Parkinson_lb",-1.01518,"bogota","Bus",NA,"L2: Other","L3: Parkinson","PA",146500
"male","65-69","sc_bus_ylls_pa_Parkinson_lb",-1.32295,"bogota","Bus",NA,"L2: Other","L3: Parkinson","PA",105412
"female","15-19","sc_bus_ylls_pa_Parkinson_lb",0,"bogota","Bus",NA,"L2: Other","L3: Parkinson","PA",279280
"female","20-24","sc_bus_ylls_pa_Parkinson_lb",-0.0018,"bogota","Bus",NA,"L2: Other","L3: Parkinson","PA",360197
"female","25-29","sc_bus_ylls_pa_Parkinson_lb",-0.0016,"bogota","Bus",NA,"L2: Other","L3: Parkinson","PA",364423
"female","30-34","sc_bus_ylls_pa_Parkinson_lb",-0.00021,"bogota","Bus",NA,"L2: Other","L3: Parkinson","PA",330341
"female","35-39","sc_bus_ylls_pa_Parkinson_lb",-0.00108,"bogota","Bus",NA,"L2: Other","L3: Parkinson","PA",309304
"female","40-44","sc_bus_ylls_pa_Parkinson_lb",-0.02465,"bogota","Bus",NA,"L2: Other","L3: Parkinson","PA",275440
"female","45-49","sc_bus_ylls_pa_Parkinson_lb",-0.07197,"bogota","Bus",NA,"L2: Other","L3: Parkinson","PA",254843
"female","50-54","sc_bus_ylls_pa_Parkinson_lb",-0.07397,"bogota","Bus",NA,"L2: Other","L3: Parkinson","PA",256059
"female","55-59","sc_bus_ylls_pa_Parkinson_lb",-0.12364,"bogota","Bus",NA,"L2: Other","L3: Parkinson","PA",235548
"female","60-64","sc_bus_ylls_pa_Parkinson_lb",-0.25195,"bogota","Bus",NA,"L2: Other","L3: Parkinson","PA",189600
"female","65-69","sc_bus_ylls_pa_Parkinson_lb",-0.42476,"bogota","Bus",NA,"L2: Other","L3: Parkinson","PA",141409
"male","15-19","sc_cycle_ylls_pa_Parkinson_ub",0,"bogota","Cycling",NA,"L2: Other","L3: Parkinson","PA",282736
"male","20-24","sc_cycle_ylls_pa_Parkinson_ub",0.00524,"bogota","Cycling",NA,"L2: Other","L3: Parkinson","PA",357934
"male","25-29","sc_cycle_ylls_pa_Parkinson_ub",0.01024,"bogota","Cycling",NA,"L2: Other","L3: Parkinson","PA",360031
"male","30-34","sc_cycle_ylls_pa_Parkinson_ub",0.00515,"bogota","Cycling",NA,"L2: Other","L3: Parkinson","PA",321492
"male","35-39","sc_cycle_ylls_pa_Parkinson_ub",0.01565,"bogota","Cycling",NA,"L2: Other","L3: Parkinson","PA",289808
"male","40-44","sc_cycle_ylls_pa_Parkinson_ub",0.07518,"bogota","Cycling",NA,"L2: Other","L3: Parkinson","PA",244543
"male","45-49","sc_cycle_ylls_pa_Parkinson_ub",0.16666,"bogota","Cycling",NA,"L2: Other","L3: Parkinson","PA",215491
"male","50-54","sc_cycle_ylls_pa_Parkinson_ub",0.28903,"bogota","Cycling",NA,"L2: Other","L3: Parkinson","PA",209137
"male","55-59","sc_cycle_ylls_pa_Parkinson_ub",0.4345,"bogota","Cycling",NA,"L2: Other","L3: Parkinson","PA",187551
"male","60-64","sc_cycle_ylls_pa_Parkinson_ub",0.91105,"bogota","Cycling",NA,"L2: Other","L3: Parkinson","PA",146500
"male","65-69","sc_cycle_ylls_pa_Parkinson_ub",1.48549,"bogota","Cycling",NA,"L2: Other","L3: Parkinson","PA",105412
"female","15-19","sc_cycle_ylls_pa_Parkinson_ub",0,"bogota","Cycling",NA,"L2: Other","L3: Parkinson","PA",279280
"female","20-24","sc_cycle_ylls_pa_Parkinson_ub",0.0036,"bogota","Cycling",NA,"L2: Other","L3: Parkinson","PA",360197
"female","25-29","sc_cycle_ylls_pa_Parkinson_ub",0.00316,"bogota","Cycling",NA,"L2: Other","L3: Parkinson","PA",364423
"female","30-34","sc_cycle_ylls_pa_Parkinson_ub",0.0005,"bogota","Cycling",NA,"L2: Other","L3: Parkinson","PA",330341
"female","35-39","sc_cycle_ylls_pa_Parkinson_ub",0.00253,"bogota","Cycling",NA,"L2: Other","L3: Parkinson","PA",309304
"female","40-44","sc_cycle_ylls_pa_Parkinson_ub",0.05694,"bogota","Cycling",NA,"L2: Other","L3: Parkinson","PA",275440
"female","45-49","sc_cycle_ylls_pa_Parkinson_ub",0.18642,"bogota","Cycling",NA,"L2: Other","L3: Parkinson","PA",254843
"female","50-54","sc_cycle_ylls_pa_Parkinson_ub",0.41518,"bogota","Cycling",NA,"L2: Other","L3: Parkinson","PA",256059
"female","55-59","sc_cycle_ylls_pa_Parkinson_ub",0.67399,"bogota","Cycling",NA,"L2: Other","L3: Parkinson","PA",235548
"female","60-64","sc_cycle_ylls_pa_Parkinson_ub",1.1557,"bogota","Cycling",NA,"L2: Other","L3: Parkinson","PA",189600
"female","65-69","sc_cycle_ylls_pa_Parkinson_ub",1.87617,"bogota","Cycling",NA,"L2: Other","L3: Parkinson","PA",141409
"male","15-19","sc_car_ylls_pa_Parkinson_ub",0,"bogota","Car",NA,"L2: Other","L3: Parkinson","PA",282736
"male","20-24","sc_car_ylls_pa_Parkinson_ub",-0.00181,"bogota","Car",NA,"L2: Other","L3: Parkinson","PA",357934
"male","25-29","sc_car_ylls_pa_Parkinson_ub",-0.00353,"bogota","Car",NA,"L2: Other","L3: Parkinson","PA",360031
"male","30-34","sc_car_ylls_pa_Parkinson_ub",-0.00154,"bogota","Car",NA,"L2: Other","L3: Parkinson","PA",321492
"male","35-39","sc_car_ylls_pa_Parkinson_ub",-0.00629,"bogota","Car",NA,"L2: Other","L3: Parkinson","PA",289808
"male","40-44","sc_car_ylls_pa_Parkinson_ub",-0.02468,"bogota","Car",NA,"L2: Other","L3: Parkinson","PA",244543
"male","45-49","sc_car_ylls_pa_Parkinson_ub",-0.06059,"bogota","Car",NA,"L2: Other","L3: Parkinson","PA",215491
"male","50-54","sc_car_ylls_pa_Parkinson_ub",-0.08819,"bogota","Car",NA,"L2: Other","L3: Parkinson","PA",209137
"male","55-59","sc_car_ylls_pa_Parkinson_ub",-0.17043,"bogota","Car",NA,"L2: Other","L3: Parkinson","PA",187551
"male","60-64","sc_car_ylls_pa_Parkinson_ub",-0.26808,"bogota","Car",NA,"L2: Other","L3: Parkinson","PA",146500
"male","65-69","sc_car_ylls_pa_Parkinson_ub",-0.59794,"bogota","Car",NA,"L2: Other","L3: Parkinson","PA",105412
"female","15-19","sc_car_ylls_pa_Parkinson_ub",0,"bogota","Car",NA,"L2: Other","L3: Parkinson","PA",279280
"female","20-24","sc_car_ylls_pa_Parkinson_ub",-0.00054,"bogota","Car",NA,"L2: Other","L3: Parkinson","PA",360197
"female","25-29","sc_car_ylls_pa_Parkinson_ub",-0.00053,"bogota","Car",NA,"L2: Other","L3: Parkinson","PA",364423
"female","30-34","sc_car_ylls_pa_Parkinson_ub",-0.00009,"bogota","Car",NA,"L2: Other","L3: Parkinson","PA",330341
"female","35-39","sc_car_ylls_pa_Parkinson_ub",-0.00042,"bogota","Car",NA,"L2: Other","L3: Parkinson","PA",309304
"female","40-44","sc_car_ylls_pa_Parkinson_ub",-0.00985,"bogota","Car",NA,"L2: Other","L3: Parkinson","PA",275440
"female","45-49","sc_car_ylls_pa_Parkinson_ub",-0.03001,"bogota","Car",NA,"L2: Other","L3: Parkinson","PA",254843
"female","50-54","sc_car_ylls_pa_Parkinson_ub",-0.02493,"bogota","Car",NA,"L2: Other","L3: Parkinson","PA",256059
"female","55-59","sc_car_ylls_pa_Parkinson_ub",-0.04583,"bogota","Car",NA,"L2: Other","L3: Parkinson","PA",235548
"female","60-64","sc_car_ylls_pa_Parkinson_ub",-0.07657,"bogota","Car",NA,"L2: Other","L3: Parkinson","PA",189600
"female","65-69","sc_car_ylls_pa_Parkinson_ub",-0.15158,"bogota","Car",NA,"L2: Other","L3: Parkinson","PA",141409
"male","15-19","sc_bus_ylls_pa_Parkinson_ub",0,"bogota","Bus",NA,"L2: Other","L3: Parkinson","PA",282736
"male","20-24","sc_bus_ylls_pa_Parkinson_ub",-0.00265,"bogota","Bus",NA,"L2: Other","L3: Parkinson","PA",357934
"male","25-29","sc_bus_ylls_pa_Parkinson_ub",-0.00579,"bogota","Bus",NA,"L2: Other","L3: Parkinson","PA",360031
"male","30-34","sc_bus_ylls_pa_Parkinson_ub",-0.00308,"bogota","Bus",NA,"L2: Other","L3: Parkinson","PA",321492
"male","35-39","sc_bus_ylls_pa_Parkinson_ub",-0.01021,"bogota","Bus",NA,"L2: Other","L3: Parkinson","PA",289808
"male","40-44","sc_bus_ylls_pa_Parkinson_ub",-0.04445,"bogota","Bus",NA,"L2: Other","L3: Parkinson","PA",244543
"male","45-49","sc_bus_ylls_pa_Parkinson_ub",-0.10485,"bogota","Bus",NA,"L2: Other","L3: Parkinson","PA",215491
"male","50-54","sc_bus_ylls_pa_Parkinson_ub",-0.17168,"bogota","Bus",NA,"L2: Other","L3: Parkinson","PA",209137
"male","55-59","sc_bus_ylls_pa_Parkinson_ub",-0.23748,"bogota","Bus",NA,"L2: Other","L3: Parkinson","PA",187551
"male","60-64","sc_bus_ylls_pa_Parkinson_ub",-0.47667,"bogota","Bus",NA,"L2: Other","L3: Parkinson","PA",146500
"male","65-69","sc_bus_ylls_pa_Parkinson_ub",-0.8267,"bogota","Bus",NA,"L2: Other","L3: Parkinson","PA",105412
"female","15-19","sc_bus_ylls_pa_Parkinson_ub",0,"bogota","Bus",NA,"L2: Other","L3: Parkinson","PA",279280
"female","20-24","sc_bus_ylls_pa_Parkinson_ub",-0.00085,"bogota","Bus",NA,"L2: Other","L3: Parkinson","PA",360197
"female","25-29","sc_bus_ylls_pa_Parkinson_ub",-0.00082,"bogota","Bus",NA,"L2: Other","L3: Parkinson","PA",364423
"female","30-34","sc_bus_ylls_pa_Parkinson_ub",-0.00012,"bogota","Bus",NA,"L2: Other","L3: Parkinson","PA",330341
"female","35-39","sc_bus_ylls_pa_Parkinson_ub",-0.00058,"bogota","Bus",NA,"L2: Other","L3: Parkinson","PA",309304
"female","40-44","sc_bus_ylls_pa_Parkinson_ub",-0.01237,"bogota","Bus",NA,"L2: Other","L3: Parkinson","PA",275440
"female","45-49","sc_bus_ylls_pa_Parkinson_ub",-0.03956,"bogota","Bus",NA,"L2: Other","L3: Parkinson","PA",254843
"female","50-54","sc_bus_ylls_pa_Parkinson_ub",-0.03868,"bogota","Bus",NA,"L2: Other","L3: Parkinson","PA",256059
"female","55-59","sc_bus_ylls_pa_Parkinson_ub",-0.04436,"bogota","Bus",NA,"L2: Other","L3: Parkinson","PA",235548
"female","60-64","sc_bus_ylls_pa_Parkinson_ub",-0.13548,"bogota","Bus",NA,"L2: Other","L3: Parkinson","PA",189600
"female","65-69","sc_bus_ylls_pa_Parkinson_ub",-0.2034,"bogota","Bus",NA,"L2: Other","L3: Parkinson","PA",141409
"male","15-19","sc_cycle_ylls_pa_head_neck_cancer",0.0358,"bogota","Cycling",NA,NA,"L3: head_neck_cancer","PA",282736
"male","20-24","sc_cycle_ylls_pa_head_neck_cancer",0.27935,"bogota","Cycling",NA,NA,"L3: head_neck_cancer","PA",357934
"male","25-29","sc_cycle_ylls_pa_head_neck_cancer",0.35477,"bogota","Cycling",NA,NA,"L3: head_neck_cancer","PA",360031
"male","30-34","sc_cycle_ylls_pa_head_neck_cancer",0.67915,"bogota","Cycling",NA,NA,"L3: head_neck_cancer","PA",321492
"male","35-39","sc_cycle_ylls_pa_head_neck_cancer",0.87778,"bogota","Cycling",NA,NA,"L3: head_neck_cancer","PA",289808
"male","40-44","sc_cycle_ylls_pa_head_neck_cancer",1.22927,"bogota","Cycling",NA,NA,"L3: head_neck_cancer","PA",244543
"male","45-49","sc_cycle_ylls_pa_head_neck_cancer",2.06413,"bogota","Cycling",NA,NA,"L3: head_neck_cancer","PA",215491
"male","50-54","sc_cycle_ylls_pa_head_neck_cancer",2.65737,"bogota","Cycling",NA,NA,"L3: head_neck_cancer","PA",209137
"male","55-59","sc_cycle_ylls_pa_head_neck_cancer",3.92998,"bogota","Cycling",NA,NA,"L3: head_neck_cancer","PA",187551
"male","60-64","sc_cycle_ylls_pa_head_neck_cancer",6.40066,"bogota","Cycling",NA,NA,"L3: head_neck_cancer","PA",146500
"male","65-69","sc_cycle_ylls_pa_head_neck_cancer",5.82544,"bogota","Cycling",NA,NA,"L3: head_neck_cancer","PA",105412
"female","15-19","sc_cycle_ylls_pa_head_neck_cancer",0.04726,"bogota","Cycling",NA,NA,"L3: head_neck_cancer","PA",279280
"female","20-24","sc_cycle_ylls_pa_head_neck_cancer",0.27857,"bogota","Cycling",NA,NA,"L3: head_neck_cancer","PA",360197
"female","25-29","sc_cycle_ylls_pa_head_neck_cancer",0.43754,"bogota","Cycling",NA,NA,"L3: head_neck_cancer","PA",364423
"female","30-34","sc_cycle_ylls_pa_head_neck_cancer",0.5882,"bogota","Cycling",NA,NA,"L3: head_neck_cancer","PA",330341
"female","35-39","sc_cycle_ylls_pa_head_neck_cancer",0.7992,"bogota","Cycling",NA,NA,"L3: head_neck_cancer","PA",309304
"female","40-44","sc_cycle_ylls_pa_head_neck_cancer",1.16327,"bogota","Cycling",NA,NA,"L3: head_neck_cancer","PA",275440
"female","45-49","sc_cycle_ylls_pa_head_neck_cancer",2.06616,"bogota","Cycling",NA,NA,"L3: head_neck_cancer","PA",254843
"female","50-54","sc_cycle_ylls_pa_head_neck_cancer",3.5334,"bogota","Cycling",NA,NA,"L3: head_neck_cancer","PA",256059
"female","55-59","sc_cycle_ylls_pa_head_neck_cancer",5.0086,"bogota","Cycling",NA,NA,"L3: head_neck_cancer","PA",235548
"female","60-64","sc_cycle_ylls_pa_head_neck_cancer",4.81446,"bogota","Cycling",NA,NA,"L3: head_neck_cancer","PA",189600
"female","65-69","sc_cycle_ylls_pa_head_neck_cancer",4.43552,"bogota","Cycling",NA,NA,"L3: head_neck_cancer","PA",141409
"male","15-19","sc_car_ylls_pa_head_neck_cancer",-0.02338,"bogota","Car",NA,NA,"L3: head_neck_cancer","PA",282736
"male","20-24","sc_car_ylls_pa_head_neck_cancer",-0.08748,"bogota","Car",NA,NA,"L3: head_neck_cancer","PA",357934
"male","25-29","sc_car_ylls_pa_head_neck_cancer",-0.16384,"bogota","Car",NA,NA,"L3: head_neck_cancer","PA",360031
"male","30-34","sc_car_ylls_pa_head_neck_cancer",-0.20547,"bogota","Car",NA,NA,"L3: head_neck_cancer","PA",321492
"male","35-39","sc_car_ylls_pa_head_neck_cancer",-0.24665,"bogota","Car",NA,NA,"L3: head_neck_cancer","PA",289808
"male","40-44","sc_car_ylls_pa_head_neck_cancer",-0.56624,"bogota","Car",NA,NA,"L3: head_neck_cancer","PA",244543
"male","45-49","sc_car_ylls_pa_head_neck_cancer",-0.91394,"bogota","Car",NA,NA,"L3: head_neck_cancer","PA",215491
"male","50-54","sc_car_ylls_pa_head_neck_cancer",-0.99489,"bogota","Car",NA,NA,"L3: head_neck_cancer","PA",209137
"male","55-59","sc_car_ylls_pa_head_neck_cancer",-2.08511,"bogota","Car",NA,NA,"L3: head_neck_cancer","PA",187551
"male","60-64","sc_car_ylls_pa_head_neck_cancer",-1.7757,"bogota","Car",NA,NA,"L3: head_neck_cancer","PA",146500
"male","65-69","sc_car_ylls_pa_head_neck_cancer",-2.10486,"bogota","Car",NA,NA,"L3: head_neck_cancer","PA",105412
"female","15-19","sc_car_ylls_pa_head_neck_cancer",-0.00819,"bogota","Car",NA,NA,"L3: head_neck_cancer","PA",279280
"female","20-24","sc_car_ylls_pa_head_neck_cancer",-0.05554,"bogota","Car",NA,NA,"L3: head_neck_cancer","PA",360197
"female","25-29","sc_car_ylls_pa_head_neck_cancer",-0.08092,"bogota","Car",NA,NA,"L3: head_neck_cancer","PA",364423
"female","30-34","sc_car_ylls_pa_head_neck_cancer",-0.106,"bogota","Car",NA,NA,"L3: head_neck_cancer","PA",330341
"female","35-39","sc_car_ylls_pa_head_neck_cancer",-0.13979,"bogota","Car",NA,NA,"L3: head_neck_cancer","PA",309304
"female","40-44","sc_car_ylls_pa_head_neck_cancer",-0.22431,"bogota","Car",NA,NA,"L3: head_neck_cancer","PA",275440
"female","45-49","sc_car_ylls_pa_head_neck_cancer",-0.35424,"bogota","Car",NA,NA,"L3: head_neck_cancer","PA",254843
"female","50-54","sc_car_ylls_pa_head_neck_cancer",-0.33673,"bogota","Car",NA,NA,"L3: head_neck_cancer","PA",256059
"female","55-59","sc_car_ylls_pa_head_neck_cancer",-0.47017,"bogota","Car",NA,NA,"L3: head_neck_cancer","PA",235548
"female","60-64","sc_car_ylls_pa_head_neck_cancer",-0.52475,"bogota","Car",NA,NA,"L3: head_neck_cancer","PA",189600
"female","65-69","sc_car_ylls_pa_head_neck_cancer",-0.53592,"bogota","Car",NA,NA,"L3: head_neck_cancer","PA",141409
"male","15-19","sc_bus_ylls_pa_head_neck_cancer",-0.02792,"bogota","Bus",NA,NA,"L3: head_neck_cancer","PA",282736
"male","20-24","sc_bus_ylls_pa_head_neck_cancer",-0.136,"bogota","Bus",NA,NA,"L3: head_neck_cancer","PA",357934
"male","25-29","sc_bus_ylls_pa_head_neck_cancer",-0.23163,"bogota","Bus",NA,NA,"L3: head_neck_cancer","PA",360031
"male","30-34","sc_bus_ylls_pa_head_neck_cancer",-0.47627,"bogota","Bus",NA,NA,"L3: head_neck_cancer","PA",321492
"male","35-39","sc_bus_ylls_pa_head_neck_cancer",-0.51312,"bogota","Bus",NA,NA,"L3: head_neck_cancer","PA",289808
"male","40-44","sc_bus_ylls_pa_head_neck_cancer",-0.6904,"bogota","Bus",NA,NA,"L3: head_neck_cancer","PA",244543
"male","45-49","sc_bus_ylls_pa_head_neck_cancer",-1.18986,"bogota","Bus",NA,NA,"L3: head_neck_cancer","PA",215491
"male","50-54","sc_bus_ylls_pa_head_neck_cancer",-1.62098,"bogota","Bus",NA,NA,"L3: head_neck_cancer","PA",209137
"male","55-59","sc_bus_ylls_pa_head_neck_cancer",-3.13106,"bogota","Bus",NA,NA,"L3: head_neck_cancer","PA",187551
"male","60-64","sc_bus_ylls_pa_head_neck_cancer",-4.11869,"bogota","Bus",NA,NA,"L3: head_neck_cancer","PA",146500
"male","65-69","sc_bus_ylls_pa_head_neck_cancer",-2.40068,"bogota","Bus",NA,NA,"L3: head_neck_cancer","PA",105412
"female","15-19","sc_bus_ylls_pa_head_neck_cancer",-0.00667,"bogota","Bus",NA,NA,"L3: head_neck_cancer","PA",279280
"female","20-24","sc_bus_ylls_pa_head_neck_cancer",-0.07096,"bogota","Bus",NA,NA,"L3: head_neck_cancer","PA",360197
"female","25-29","sc_bus_ylls_pa_head_neck_cancer",-0.10689,"bogota","Bus",NA,NA,"L3: head_neck_cancer","PA",364423
"female","30-34","sc_bus_ylls_pa_head_neck_cancer",-0.12214,"bogota","Bus",NA,NA,"L3: head_neck_cancer","PA",330341
"female","35-39","sc_bus_ylls_pa_head_neck_cancer",-0.19098,"bogota","Bus",NA,NA,"L3: head_neck_cancer","PA",309304
"female","40-44","sc_bus_ylls_pa_head_neck_cancer",-0.2867,"bogota","Bus",NA,NA,"L3: head_neck_cancer","PA",275440
"female","45-49","sc_bus_ylls_pa_head_neck_cancer",-0.4207,"bogota","Bus",NA,NA,"L3: head_neck_cancer","PA",254843
"female","50-54","sc_bus_ylls_pa_head_neck_cancer",-0.34702,"bogota","Bus",NA,NA,"L3: head_neck_cancer","PA",256059
"female","55-59","sc_bus_ylls_pa_head_neck_cancer",-0.59396,"bogota","Bus",NA,NA,"L3: head_neck_cancer","PA",235548
"female","60-64","sc_bus_ylls_pa_head_neck_cancer",-0.56289,"bogota","Bus",NA,NA,"L3: head_neck_cancer","PA",189600
"female","65-69","sc_bus_ylls_pa_head_neck_cancer",-0.58014,"bogota","Bus",NA,NA,"L3: head_neck_cancer","PA",141409
"male","15-19","sc_cycle_ylls_pa_head_neck_cancer_lb",0.07766,"bogota","Cycling",NA,NA,"L3: head_neck_cancer","PA",282736
"male","20-24","sc_cycle_ylls_pa_head_neck_cancer_lb",0.61213,"bogota","Cycling",NA,NA,"L3: head_neck_cancer","PA",357934
"male","25-29","sc_cycle_ylls_pa_head_neck_cancer_lb",0.79922,"bogota","Cycling",NA,NA,"L3: head_neck_cancer","PA",360031
"male","30-34","sc_cycle_ylls_pa_head_neck_cancer_lb",1.54204,"bogota","Cycling",NA,NA,"L3: head_neck_cancer","PA",321492
"male","35-39","sc_cycle_ylls_pa_head_neck_cancer_lb",2.00121,"bogota","Cycling",NA,NA,"L3: head_neck_cancer","PA",289808
"male","40-44","sc_cycle_ylls_pa_head_neck_cancer_lb",2.80389,"bogota","Cycling",NA,NA,"L3: head_neck_cancer","PA",244543
"male","45-49","sc_cycle_ylls_pa_head_neck_cancer_lb",4.7241,"bogota","Cycling",NA,NA,"L3: head_neck_cancer","PA",215491
"male","50-54","sc_cycle_ylls_pa_head_neck_cancer_lb",6.38686,"bogota","Cycling",NA,NA,"L3: head_neck_cancer","PA",209137
"male","55-59","sc_cycle_ylls_pa_head_neck_cancer_lb",9.38893,"bogota","Cycling",NA,NA,"L3: head_neck_cancer","PA",187551
"male","60-64","sc_cycle_ylls_pa_head_neck_cancer_lb",14.77167,"bogota","Cycling",NA,NA,"L3: head_neck_cancer","PA",146500
"male","65-69","sc_cycle_ylls_pa_head_neck_cancer_lb",13.0675,"bogota","Cycling",NA,NA,"L3: head_neck_cancer","PA",105412
"female","15-19","sc_cycle_ylls_pa_head_neck_cancer_lb",0.09864,"bogota","Cycling",NA,NA,"L3: head_neck_cancer","PA",279280
"female","20-24","sc_cycle_ylls_pa_head_neck_cancer_lb",0.59373,"bogota","Cycling",NA,NA,"L3: head_neck_cancer","PA",360197
"female","25-29","sc_cycle_ylls_pa_head_neck_cancer_lb",0.93064,"bogota","Cycling",NA,NA,"L3: head_neck_cancer","PA",364423
"female","30-34","sc_cycle_ylls_pa_head_neck_cancer_lb",1.29566,"bogota","Cycling",NA,NA,"L3: head_neck_cancer","PA",330341
"female","35-39","sc_cycle_ylls_pa_head_neck_cancer_lb",1.77844,"bogota","Cycling",NA,NA,"L3: head_neck_cancer","PA",309304
"female","40-44","sc_cycle_ylls_pa_head_neck_cancer_lb",2.60747,"bogota","Cycling",NA,NA,"L3: head_neck_cancer","PA",275440
"female","45-49","sc_cycle_ylls_pa_head_neck_cancer_lb",4.58571,"bogota","Cycling",NA,NA,"L3: head_neck_cancer","PA",254843
"female","50-54","sc_cycle_ylls_pa_head_neck_cancer_lb",7.64087,"bogota","Cycling",NA,NA,"L3: head_neck_cancer","PA",256059
"female","55-59","sc_cycle_ylls_pa_head_neck_cancer_lb",10.82994,"bogota","Cycling",NA,NA,"L3: head_neck_cancer","PA",235548
"female","60-64","sc_cycle_ylls_pa_head_neck_cancer_lb",10.62164,"bogota","Cycling",NA,NA,"L3: head_neck_cancer","PA",189600
"female","65-69","sc_cycle_ylls_pa_head_neck_cancer_lb",9.74917,"bogota","Cycling",NA,NA,"L3: head_neck_cancer","PA",141409
"male","15-19","sc_car_ylls_pa_head_neck_cancer_lb",-0.04982,"bogota","Car",NA,NA,"L3: head_neck_cancer","PA",282736
"male","20-24","sc_car_ylls_pa_head_neck_cancer_lb",-0.19304,"bogota","Car",NA,NA,"L3: head_neck_cancer","PA",357934
"male","25-29","sc_car_ylls_pa_head_neck_cancer_lb",-0.35111,"bogota","Car",NA,NA,"L3: head_neck_cancer","PA",360031
"male","30-34","sc_car_ylls_pa_head_neck_cancer_lb",-0.46954,"bogota","Car",NA,NA,"L3: head_neck_cancer","PA",321492
"male","35-39","sc_car_ylls_pa_head_neck_cancer_lb",-0.58377,"bogota","Car",NA,NA,"L3: head_neck_cancer","PA",289808
"male","40-44","sc_car_ylls_pa_head_neck_cancer_lb",-1.23176,"bogota","Car",NA,NA,"L3: head_neck_cancer","PA",244543
"male","45-49","sc_car_ylls_pa_head_neck_cancer_lb",-2.03493,"bogota","Car",NA,NA,"L3: head_neck_cancer","PA",215491
"male","50-54","sc_car_ylls_pa_head_neck_cancer_lb",-2.26718,"bogota","Car",NA,NA,"L3: head_neck_cancer","PA",209137
"male","55-59","sc_car_ylls_pa_head_neck_cancer_lb",-4.72571,"bogota","Car",NA,NA,"L3: head_neck_cancer","PA",187551
"male","60-64","sc_car_ylls_pa_head_neck_cancer_lb",-4.05728,"bogota","Car",NA,NA,"L3: head_neck_cancer","PA",146500
"male","65-69","sc_car_ylls_pa_head_neck_cancer_lb",-4.91417,"bogota","Car",NA,NA,"L3: head_neck_cancer","PA",105412
"female","15-19","sc_car_ylls_pa_head_neck_cancer_lb",-0.01736,"bogota","Car",NA,NA,"L3: head_neck_cancer","PA",279280
"female","20-24","sc_car_ylls_pa_head_neck_cancer_lb",-0.11433,"bogota","Car",NA,NA,"L3: head_neck_cancer","PA",360197
"female","25-29","sc_car_ylls_pa_head_neck_cancer_lb",-0.16712,"bogota","Car",NA,NA,"L3: head_neck_cancer","PA",364423
"female","30-34","sc_car_ylls_pa_head_neck_cancer_lb",-0.22979,"bogota","Car",NA,NA,"L3: head_neck_cancer","PA",330341
"female","35-39","sc_car_ylls_pa_head_neck_cancer_lb",-0.30013,"bogota","Car",NA,NA,"L3: head_neck_cancer","PA",309304
"female","40-44","sc_car_ylls_pa_head_neck_cancer_lb",-0.49055,"bogota","Car",NA,NA,"L3: head_neck_cancer","PA",275440
"female","45-49","sc_car_ylls_pa_head_neck_cancer_lb",-0.78477,"bogota","Car",NA,NA,"L3: head_neck_cancer","PA",254843
"female","50-54","sc_car_ylls_pa_head_neck_cancer_lb",-0.68367,"bogota","Car",NA,NA,"L3: head_neck_cancer","PA",256059
"female","55-59","sc_car_ylls_pa_head_neck_cancer_lb",-0.97233,"bogota","Car",NA,NA,"L3: head_neck_cancer","PA",235548
"female","60-64","sc_car_ylls_pa_head_neck_cancer_lb",-1.07782,"bogota","Car",NA,NA,"L3: head_neck_cancer","PA",189600
"female","65-69","sc_car_ylls_pa_head_neck_cancer_lb",-1.14126,"bogota","Car",NA,NA,"L3: head_neck_cancer","PA",141409
"male","15-19","sc_bus_ylls_pa_head_neck_cancer_lb",-0.06142,"bogota","Bus",NA,NA,"L3: head_neck_cancer","PA",282736
"male","20-24","sc_bus_ylls_pa_head_neck_cancer_lb",-0.29854,"bogota","Bus",NA,NA,"L3: head_neck_cancer","PA",357934
"male","25-29","sc_bus_ylls_pa_head_neck_cancer_lb",-0.51136,"bogota","Bus",NA,NA,"L3: head_neck_cancer","PA",360031
"male","30-34","sc_bus_ylls_pa_head_neck_cancer_lb",-1.06393,"bogota","Bus",NA,NA,"L3: head_neck_cancer","PA",321492
"male","35-39","sc_bus_ylls_pa_head_neck_cancer_lb",-1.1879,"bogota","Bus",NA,NA,"L3: head_neck_cancer","PA",289808
"male","40-44","sc_bus_ylls_pa_head_neck_cancer_lb",-1.57129,"bogota","Bus",NA,NA,"L3: head_neck_cancer","PA",244543
"male","45-49","sc_bus_ylls_pa_head_neck_cancer_lb",-2.7127,"bogota","Bus",NA,NA,"L3: head_neck_cancer","PA",215491
"male","50-54","sc_bus_ylls_pa_head_neck_cancer_lb",-3.79326,"bogota","Bus",NA,NA,"L3: head_neck_cancer","PA",209137
"male","55-59","sc_bus_ylls_pa_head_neck_cancer_lb",-7.10797,"bogota","Bus",NA,NA,"L3: head_neck_cancer","PA",187551
"male","60-64","sc_bus_ylls_pa_head_neck_cancer_lb",-9.15549,"bogota","Bus",NA,NA,"L3: head_neck_cancer","PA",146500
"male","65-69","sc_bus_ylls_pa_head_neck_cancer_lb",-5.79868,"bogota","Bus",NA,NA,"L3: head_neck_cancer","PA",105412
"female","15-19","sc_bus_ylls_pa_head_neck_cancer_lb",-0.01455,"bogota","Bus",NA,NA,"L3: head_neck_cancer","PA",279280
"female","20-24","sc_bus_ylls_pa_head_neck_cancer_lb",-0.1473,"bogota","Bus",NA,NA,"L3: head_neck_cancer","PA",360197
"female","25-29","sc_bus_ylls_pa_head_neck_cancer_lb",-0.22856,"bogota","Bus",NA,NA,"L3: head_neck_cancer","PA",364423
"female","30-34","sc_bus_ylls_pa_head_neck_cancer_lb",-0.27188,"bogota","Bus",NA,NA,"L3: head_neck_cancer","PA",330341
"female","35-39","sc_bus_ylls_pa_head_neck_cancer_lb",-0.41541,"bogota","Bus",NA,NA,"L3: head_neck_cancer","PA",309304
"female","40-44","sc_bus_ylls_pa_head_neck_cancer_lb",-0.62803,"bogota","Bus",NA,NA,"L3: head_neck_cancer","PA",275440
"female","45-49","sc_bus_ylls_pa_head_neck_cancer_lb",-0.93656,"bogota","Bus",NA,NA,"L3: head_neck_cancer","PA",254843
"female","50-54","sc_bus_ylls_pa_head_neck_cancer_lb",-0.75485,"bogota","Bus",NA,NA,"L3: head_neck_cancer","PA",256059
"female","55-59","sc_bus_ylls_pa_head_neck_cancer_lb",-1.20855,"bogota","Bus",NA,NA,"L3: head_neck_cancer","PA",235548
"female","60-64","sc_bus_ylls_pa_head_neck_cancer_lb",-1.21469,"bogota","Bus",NA,NA,"L3: head_neck_cancer","PA",189600
"female","65-69","sc_bus_ylls_pa_head_neck_cancer_lb",-1.22728,"bogota","Bus",NA,NA,"L3: head_neck_cancer","PA",141409
"male","15-19","sc_cycle_ylls_pa_head_neck_cancer_ub",-0.00473,"bogota","Cycling",NA,NA,"L3: head_neck_cancer","PA",282736
"male","20-24","sc_cycle_ylls_pa_head_neck_cancer_ub",-0.03215,"bogota","Cycling",NA,NA,"L3: head_neck_cancer","PA",357934
"male","25-29","sc_cycle_ylls_pa_head_neck_cancer_ub",-0.07401,"bogota","Cycling",NA,NA,"L3: head_neck_cancer","PA",360031
"male","30-34","sc_cycle_ylls_pa_head_neck_cancer_ub",-0.11704,"bogota","Cycling",NA,NA,"L3: head_neck_cancer","PA",321492
"male","35-39","sc_cycle_ylls_pa_head_neck_cancer_ub",-0.16107,"bogota","Cycling",NA,NA,"L3: head_neck_cancer","PA",289808
"male","40-44","sc_cycle_ylls_pa_head_neck_cancer_ub",-0.24319,"bogota","Cycling",NA,NA,"L3: head_neck_cancer","PA",244543
"male","45-49","sc_cycle_ylls_pa_head_neck_cancer_ub",-0.40581,"bogota","Cycling",NA,NA,"L3: head_neck_cancer","PA",215491
"male","50-54","sc_cycle_ylls_pa_head_neck_cancer_ub",-0.82591,"bogota","Cycling",NA,NA,"L3: head_neck_cancer","PA",209137
"male","55-59","sc_cycle_ylls_pa_head_neck_cancer_ub",-1.22763,"bogota","Cycling",NA,NA,"L3: head_neck_cancer","PA",187551
"male","60-64","sc_cycle_ylls_pa_head_neck_cancer_ub",-1.36503,"bogota","Cycling",NA,NA,"L3: head_neck_cancer","PA",146500
"male","65-69","sc_cycle_ylls_pa_head_neck_cancer_ub",-1.03146,"bogota","Cycling",NA,NA,"L3: head_neck_cancer","PA",105412
"female","15-19","sc_cycle_ylls_pa_head_neck_cancer_ub",-0.00519,"bogota","Cycling",NA,NA,"L3: head_neck_cancer","PA",279280
"female","20-24","sc_cycle_ylls_pa_head_neck_cancer_ub",-0.03653,"bogota","Cycling",NA,NA,"L3: head_neck_cancer","PA",360197
"female","25-29","sc_cycle_ylls_pa_head_neck_cancer_ub",-0.05506,"bogota","Cycling",NA,NA,"L3: head_neck_cancer","PA",364423
"female","30-34","sc_cycle_ylls_pa_head_neck_cancer_ub",-0.09974,"bogota","Cycling",NA,NA,"L3: head_neck_cancer","PA",330341
"female","35-39","sc_cycle_ylls_pa_head_neck_cancer_ub",-0.17278,"bogota","Cycling",NA,NA,"L3: head_neck_cancer","PA",309304
"female","40-44","sc_cycle_ylls_pa_head_neck_cancer_ub",-0.2482,"bogota","Cycling",NA,NA,"L3: head_neck_cancer","PA",275440
"female","45-49","sc_cycle_ylls_pa_head_neck_cancer_ub",-0.40411,"bogota","Cycling",NA,NA,"L3: head_neck_cancer","PA",254843
"female","50-54","sc_cycle_ylls_pa_head_neck_cancer_ub",-0.62962,"bogota","Cycling",NA,NA,"L3: head_neck_cancer","PA",256059
"female","55-59","sc_cycle_ylls_pa_head_neck_cancer_ub",-0.8597,"bogota","Cycling",NA,NA,"L3: head_neck_cancer","PA",235548
"female","60-64","sc_cycle_ylls_pa_head_neck_cancer_ub",-0.95673,"bogota","Cycling",NA,NA,"L3: head_neck_cancer","PA",189600
"female","65-69","sc_cycle_ylls_pa_head_neck_cancer_ub",-0.86645,"bogota","Cycling",NA,NA,"L3: head_neck_cancer","PA",141409
"male","15-19","sc_car_ylls_pa_head_neck_cancer_ub",0.00195,"bogota","Car",NA,NA,"L3: head_neck_cancer","PA",282736
"male","20-24","sc_car_ylls_pa_head_neck_cancer_ub",0.01337,"bogota","Car",NA,NA,"L3: head_neck_cancer","PA",357934
"male","25-29","sc_car_ylls_pa_head_neck_cancer_ub",0.01361,"bogota","Car",NA,NA,"L3: head_neck_cancer","PA",360031
"male","30-34","sc_car_ylls_pa_head_neck_cancer_ub",0.035,"bogota","Car",NA,NA,"L3: head_neck_cancer","PA",321492
"male","35-39","sc_car_ylls_pa_head_neck_cancer_ub",0.08557,"bogota","Car",NA,NA,"L3: head_neck_cancer","PA",289808
"male","40-44","sc_car_ylls_pa_head_neck_cancer_ub",0.03925,"bogota","Car",NA,NA,"L3: head_neck_cancer","PA",244543
"male","45-49","sc_car_ylls_pa_head_neck_cancer_ub",0.10773,"bogota","Car",NA,NA,"L3: head_neck_cancer","PA",215491
"male","50-54","sc_car_ylls_pa_head_neck_cancer_ub",0.18619,"bogota","Car",NA,NA,"L3: head_neck_cancer","PA",209137
"male","55-59","sc_car_ylls_pa_head_neck_cancer_ub",0.34294,"bogota","Car",NA,NA,"L3: head_neck_cancer","PA",187551
"male","60-64","sc_car_ylls_pa_head_neck_cancer_ub",0.41228,"bogota","Car",NA,NA,"L3: head_neck_cancer","PA",146500
"male","65-69","sc_car_ylls_pa_head_neck_cancer_ub",0.51235,"bogota","Car",NA,NA,"L3: head_neck_cancer","PA",105412
"female","15-19","sc_car_ylls_pa_head_neck_cancer_ub",0.00088,"bogota","Car",NA,NA,"L3: head_neck_cancer","PA",279280
"female","20-24","sc_car_ylls_pa_head_neck_cancer_ub",0.00185,"bogota","Car",NA,NA,"L3: head_neck_cancer","PA",360197
"female","25-29","sc_car_ylls_pa_head_neck_cancer_ub",0.00584,"bogota","Car",NA,NA,"L3: head_neck_cancer","PA",364423
"female","30-34","sc_car_ylls_pa_head_neck_cancer_ub",0.01462,"bogota","Car",NA,NA,"L3: head_neck_cancer","PA",330341
"female","35-39","sc_car_ylls_pa_head_neck_cancer_ub",0.02183,"bogota","Car",NA,NA,"L3: head_neck_cancer","PA",309304
"female","40-44","sc_car_ylls_pa_head_neck_cancer_ub",0.03286,"bogota","Car",NA,NA,"L3: head_neck_cancer","PA",275440
"female","45-49","sc_car_ylls_pa_head_neck_cancer_ub",0.05904,"bogota","Car",NA,NA,"L3: head_neck_cancer","PA",254843
"female","50-54","sc_car_ylls_pa_head_neck_cancer_ub",0.00233,"bogota","Car",NA,NA,"L3: head_neck_cancer","PA",256059
"female","55-59","sc_car_ylls_pa_head_neck_cancer_ub",0.01698,"bogota","Car",NA,NA,"L3: head_neck_cancer","PA",235548
"female","60-64","sc_car_ylls_pa_head_neck_cancer_ub",0.00903,"bogota","Car",NA,NA,"L3: head_neck_cancer","PA",189600
"female","65-69","sc_car_ylls_pa_head_neck_cancer_ub",0.03056,"bogota","Car",NA,NA,"L3: head_neck_cancer","PA",141409
"male","15-19","sc_bus_ylls_pa_head_neck_cancer_ub",0.00511,"bogota","Bus",NA,NA,"L3: head_neck_cancer","PA",282736
"male","20-24","sc_bus_ylls_pa_head_neck_cancer_ub",0.01763,"bogota","Bus",NA,NA,"L3: head_neck_cancer","PA",357934
"male","25-29","sc_bus_ylls_pa_head_neck_cancer_ub",0.03378,"bogota","Bus",NA,NA,"L3: head_neck_cancer","PA",360031
"male","30-34","sc_bus_ylls_pa_head_neck_cancer_ub",0.05361,"bogota","Bus",NA,NA,"L3: head_neck_cancer","PA",321492
"male","35-39","sc_bus_ylls_pa_head_neck_cancer_ub",0.11801,"bogota","Bus",NA,NA,"L3: head_neck_cancer","PA",289808
"male","40-44","sc_bus_ylls_pa_head_neck_cancer_ub",0.14672,"bogota","Bus",NA,NA,"L3: head_neck_cancer","PA",244543
"male","45-49","sc_bus_ylls_pa_head_neck_cancer_ub",0.27261,"bogota","Bus",NA,NA,"L3: head_neck_cancer","PA",215491
"male","50-54","sc_bus_ylls_pa_head_neck_cancer_ub",0.4486,"bogota","Bus",NA,NA,"L3: head_neck_cancer","PA",209137
"male","55-59","sc_bus_ylls_pa_head_neck_cancer_ub",0.44469,"bogota","Bus",NA,NA,"L3: head_neck_cancer","PA",187551
"male","60-64","sc_bus_ylls_pa_head_neck_cancer_ub",0.49825,"bogota","Bus",NA,NA,"L3: head_neck_cancer","PA",146500
"male","65-69","sc_bus_ylls_pa_head_neck_cancer_ub",0.87286,"bogota","Bus",NA,NA,"L3: head_neck_cancer","PA",105412
"female","15-19","sc_bus_ylls_pa_head_neck_cancer_ub",0.00179,"bogota","Bus",NA,NA,"L3: head_neck_cancer","PA",279280
"female","20-24","sc_bus_ylls_pa_head_neck_cancer_ub",0.00618,"bogota","Bus",NA,NA,"L3: head_neck_cancer","PA",360197
"female","25-29","sc_bus_ylls_pa_head_neck_cancer_ub",0.01563,"bogota","Bus",NA,NA,"L3: head_neck_cancer","PA",364423
"female","30-34","sc_bus_ylls_pa_head_neck_cancer_ub",0.02703,"bogota","Bus",NA,NA,"L3: head_neck_cancer","PA",330341
"female","35-39","sc_bus_ylls_pa_head_neck_cancer_ub",0.03495,"bogota","Bus",NA,NA,"L3: head_neck_cancer","PA",309304
"female","40-44","sc_bus_ylls_pa_head_neck_cancer_ub",0.04307,"bogota","Bus",NA,NA,"L3: head_neck_cancer","PA",275440
"female","45-49","sc_bus_ylls_pa_head_neck_cancer_ub",0.0866,"bogota","Bus",NA,NA,"L3: head_neck_cancer","PA",254843
"female","50-54","sc_bus_ylls_pa_head_neck_cancer_ub",0.05952,"bogota","Bus",NA,NA,"L3: head_neck_cancer","PA",256059
"female","55-59","sc_bus_ylls_pa_head_neck_cancer_ub",-0.01096,"bogota","Bus",NA,NA,"L3: head_neck_cancer","PA",235548
"female","60-64","sc_bus_ylls_pa_head_neck_cancer_ub",0.10372,"bogota","Bus",NA,NA,"L3: head_neck_cancer","PA",189600
"female","65-69","sc_bus_ylls_pa_head_neck_cancer_ub",0.06452,"bogota","Bus",NA,NA,"L3: head_neck_cancer","PA",141409
"male","15-19","sc_cycle_ylls_pa_stomach_cancer",0.11808,"bogota","Cycling",NA,NA,"L3: stomach_cancer","PA",282736
"male","20-24","sc_cycle_ylls_pa_stomach_cancer",0.76154,"bogota","Cycling",NA,NA,"L3: stomach_cancer","PA",357934
"male","25-29","sc_cycle_ylls_pa_stomach_cancer",1.82153,"bogota","Cycling",NA,NA,"L3: stomach_cancer","PA",360031
"male","30-34","sc_cycle_ylls_pa_stomach_cancer",3.51388,"bogota","Cycling",NA,NA,"L3: stomach_cancer","PA",321492
"male","35-39","sc_cycle_ylls_pa_stomach_cancer",5.28319,"bogota","Cycling",NA,NA,"L3: stomach_cancer","PA",289808
"male","40-44","sc_cycle_ylls_pa_stomach_cancer",6.44495,"bogota","Cycling",NA,NA,"L3: stomach_cancer","PA",244543
"male","45-49","sc_cycle_ylls_pa_stomach_cancer",8.51326,"bogota","Cycling",NA,NA,"L3: stomach_cancer","PA",215491
"male","50-54","sc_cycle_ylls_pa_stomach_cancer",9.50688,"bogota","Cycling",NA,NA,"L3: stomach_cancer","PA",209137
"male","55-59","sc_cycle_ylls_pa_stomach_cancer",11.69053,"bogota","Cycling",NA,NA,"L3: stomach_cancer","PA",187551
"male","60-64","sc_cycle_ylls_pa_stomach_cancer",16.78024,"bogota","Cycling",NA,NA,"L3: stomach_cancer","PA",146500
"male","65-69","sc_cycle_ylls_pa_stomach_cancer",14.8828,"bogota","Cycling",NA,NA,"L3: stomach_cancer","PA",105412
"female","15-19","sc_cycle_ylls_pa_stomach_cancer",0.19071,"bogota","Cycling",NA,NA,"L3: stomach_cancer","PA",279280
"female","20-24","sc_cycle_ylls_pa_stomach_cancer",1.11269,"bogota","Cycling",NA,NA,"L3: stomach_cancer","PA",360197
"female","25-29","sc_cycle_ylls_pa_stomach_cancer",2.69619,"bogota","Cycling",NA,NA,"L3: stomach_cancer","PA",364423
"female","30-34","sc_cycle_ylls_pa_stomach_cancer",5.17032,"bogota","Cycling",NA,NA,"L3: stomach_cancer","PA",330341
"female","35-39","sc_cycle_ylls_pa_stomach_cancer",8.35073,"bogota","Cycling",NA,NA,"L3: stomach_cancer","PA",309304
"female","40-44","sc_cycle_ylls_pa_stomach_cancer",9.51351,"bogota","Cycling",NA,NA,"L3: stomach_cancer","PA",275440
"female","45-49","sc_cycle_ylls_pa_stomach_cancer",11.77304,"bogota","Cycling",NA,NA,"L3: stomach_cancer","PA",254843
"female","50-54","sc_cycle_ylls_pa_stomach_cancer",17.50229,"bogota","Cycling",NA,NA,"L3: stomach_cancer","PA",256059
"female","55-59","sc_cycle_ylls_pa_stomach_cancer",19.25328,"bogota","Cycling",NA,NA,"L3: stomach_cancer","PA",235548
"female","60-64","sc_cycle_ylls_pa_stomach_cancer",19.79472,"bogota","Cycling",NA,NA,"L3: stomach_cancer","PA",189600
"female","65-69","sc_cycle_ylls_pa_stomach_cancer",16.19392,"bogota","Cycling",NA,NA,"L3: stomach_cancer","PA",141409
"male","15-19","sc_car_ylls_pa_stomach_cancer",-0.07371,"bogota","Car",NA,NA,"L3: stomach_cancer","PA",282736
"male","20-24","sc_car_ylls_pa_stomach_cancer",-0.2457,"bogota","Car",NA,NA,"L3: stomach_cancer","PA",357934
"male","25-29","sc_car_ylls_pa_stomach_cancer",-0.78161,"bogota","Car",NA,NA,"L3: stomach_cancer","PA",360031
"male","30-34","sc_car_ylls_pa_stomach_cancer",-1.05096,"bogota","Car",NA,NA,"L3: stomach_cancer","PA",321492
"male","35-39","sc_car_ylls_pa_stomach_cancer",-1.74319,"bogota","Car",NA,NA,"L3: stomach_cancer","PA",289808
"male","40-44","sc_car_ylls_pa_stomach_cancer",-2.70606,"bogota","Car",NA,NA,"L3: stomach_cancer","PA",244543
"male","45-49","sc_car_ylls_pa_stomach_cancer",-3.54963,"bogota","Car",NA,NA,"L3: stomach_cancer","PA",215491
"male","50-54","sc_car_ylls_pa_stomach_cancer",-3.44619,"bogota","Car",NA,NA,"L3: stomach_cancer","PA",209137
"male","55-59","sc_car_ylls_pa_stomach_cancer",-5.62237,"bogota","Car",NA,NA,"L3: stomach_cancer","PA",187551
"male","60-64","sc_car_ylls_pa_stomach_cancer",-4.83908,"bogota","Car",NA,NA,"L3: stomach_cancer","PA",146500
"male","65-69","sc_car_ylls_pa_stomach_cancer",-5.41034,"bogota","Car",NA,NA,"L3: stomach_cancer","PA",105412
"female","15-19","sc_car_ylls_pa_stomach_cancer",-0.03254,"bogota","Car",NA,NA,"L3: stomach_cancer","PA",279280
"female","20-24","sc_car_ylls_pa_stomach_cancer",-0.20358,"bogota","Car",NA,NA,"L3: stomach_cancer","PA",360197
"female","25-29","sc_car_ylls_pa_stomach_cancer",-0.49955,"bogota","Car",NA,NA,"L3: stomach_cancer","PA",364423
"female","30-34","sc_car_ylls_pa_stomach_cancer",-0.9603,"bogota","Car",NA,NA,"L3: stomach_cancer","PA",330341
"female","35-39","sc_car_ylls_pa_stomach_cancer",-1.50548,"bogota","Car",NA,NA,"L3: stomach_cancer","PA",309304
"female","40-44","sc_car_ylls_pa_stomach_cancer",-1.82418,"bogota","Car",NA,NA,"L3: stomach_cancer","PA",275440
"female","45-49","sc_car_ylls_pa_stomach_cancer",-1.97536,"bogota","Car",NA,NA,"L3: stomach_cancer","PA",254843
"female","50-54","sc_car_ylls_pa_stomach_cancer",-1.47675,"bogota","Car",NA,NA,"L3: stomach_cancer","PA",256059
"female","55-59","sc_car_ylls_pa_stomach_cancer",-1.67716,"bogota","Car",NA,NA,"L3: stomach_cancer","PA",235548
"female","60-64","sc_car_ylls_pa_stomach_cancer",-1.88602,"bogota","Car",NA,NA,"L3: stomach_cancer","PA",189600
"female","65-69","sc_car_ylls_pa_stomach_cancer",-1.69656,"bogota","Car",NA,NA,"L3: stomach_cancer","PA",141409
"male","15-19","sc_bus_ylls_pa_stomach_cancer",-0.09671,"bogota","Bus",NA,NA,"L3: stomach_cancer","PA",282736
"male","20-24","sc_bus_ylls_pa_stomach_cancer",-0.37561,"bogota","Bus",NA,NA,"L3: stomach_cancer","PA",357934
"male","25-29","sc_bus_ylls_pa_stomach_cancer",-1.13634,"bogota","Bus",NA,NA,"L3: stomach_cancer","PA",360031
"male","30-34","sc_bus_ylls_pa_stomach_cancer",-2.34481,"bogota","Bus",NA,NA,"L3: stomach_cancer","PA",321492
"male","35-39","sc_bus_ylls_pa_stomach_cancer",-3.21967,"bogota","Bus",NA,NA,"L3: stomach_cancer","PA",289808
"male","40-44","sc_bus_ylls_pa_stomach_cancer",-3.7413,"bogota","Bus",NA,NA,"L3: stomach_cancer","PA",244543
"male","45-49","sc_bus_ylls_pa_stomach_cancer",-5.14235,"bogota","Bus",NA,NA,"L3: stomach_cancer","PA",215491
"male","50-54","sc_bus_ylls_pa_stomach_cancer",-5.9492,"bogota","Bus",NA,NA,"L3: stomach_cancer","PA",209137
"male","55-59","sc_bus_ylls_pa_stomach_cancer",-8.12503,"bogota","Bus",NA,NA,"L3: stomach_cancer","PA",187551
"male","60-64","sc_bus_ylls_pa_stomach_cancer",-10.26783,"bogota","Bus",NA,NA,"L3: stomach_cancer","PA",146500
"male","65-69","sc_bus_ylls_pa_stomach_cancer",-6.50042,"bogota","Bus",NA,NA,"L3: stomach_cancer","PA",105412
"female","15-19","sc_bus_ylls_pa_stomach_cancer",-0.0318,"bogota","Bus",NA,NA,"L3: stomach_cancer","PA",279280
"female","20-24","sc_bus_ylls_pa_stomach_cancer",-0.28373,"bogota","Bus",NA,NA,"L3: stomach_cancer","PA",360197
"female","25-29","sc_bus_ylls_pa_stomach_cancer",-0.67476,"bogota","Bus",NA,NA,"L3: stomach_cancer","PA",364423
"female","30-34","sc_bus_ylls_pa_stomach_cancer",-1.14235,"bogota","Bus",NA,NA,"L3: stomach_cancer","PA",330341
"female","35-39","sc_bus_ylls_pa_stomach_cancer",-2.02252,"bogota","Bus",NA,NA,"L3: stomach_cancer","PA",309304
"female","40-44","sc_bus_ylls_pa_stomach_cancer",-2.28495,"bogota","Bus",NA,NA,"L3: stomach_cancer","PA",275440
"female","45-49","sc_bus_ylls_pa_stomach_cancer",-2.46172,"bogota","Bus",NA,NA,"L3: stomach_cancer","PA",254843
"female","50-54","sc_bus_ylls_pa_stomach_cancer",-1.64299,"bogota","Bus",NA,NA,"L3: stomach_cancer","PA",256059
"female","55-59","sc_bus_ylls_pa_stomach_cancer",-1.92509,"bogota","Bus",NA,NA,"L3: stomach_cancer","PA",235548
"female","60-64","sc_bus_ylls_pa_stomach_cancer",-2.38674,"bogota","Bus",NA,NA,"L3: stomach_cancer","PA",189600
"female","65-69","sc_bus_ylls_pa_stomach_cancer",-2.02092,"bogota","Bus",NA,NA,"L3: stomach_cancer","PA",141409
"male","15-19","sc_cycle_ylls_pa_stomach_cancer_lb",0.18521,"bogota","Cycling",NA,NA,"L3: stomach_cancer","PA",282736
"male","20-24","sc_cycle_ylls_pa_stomach_cancer_lb",1.20584,"bogota","Cycling",NA,NA,"L3: stomach_cancer","PA",357934
"male","25-29","sc_cycle_ylls_pa_stomach_cancer_lb",2.84702,"bogota","Cycling",NA,NA,"L3: stomach_cancer","PA",360031
"male","30-34","sc_cycle_ylls_pa_stomach_cancer_lb",5.57179,"bogota","Cycling",NA,NA,"L3: stomach_cancer","PA",321492
"male","35-39","sc_cycle_ylls_pa_stomach_cancer_lb",8.36229,"bogota","Cycling",NA,NA,"L3: stomach_cancer","PA",289808
"male","40-44","sc_cycle_ylls_pa_stomach_cancer_lb",10.16956,"bogota","Cycling",NA,NA,"L3: stomach_cancer","PA",244543
"male","45-49","sc_cycle_ylls_pa_stomach_cancer_lb",13.44923,"bogota","Cycling",NA,NA,"L3: stomach_cancer","PA",215491
"male","50-54","sc_cycle_ylls_pa_stomach_cancer_lb",14.89743,"bogota","Cycling",NA,NA,"L3: stomach_cancer","PA",209137
"male","55-59","sc_cycle_ylls_pa_stomach_cancer_lb",18.25047,"bogota","Cycling",NA,NA,"L3: stomach_cancer","PA",187551
"male","60-64","sc_cycle_ylls_pa_stomach_cancer_lb",26.44839,"bogota","Cycling",NA,NA,"L3: stomach_cancer","PA",146500
"male","65-69","sc_cycle_ylls_pa_stomach_cancer_lb",23.40611,"bogota","Cycling",NA,NA,"L3: stomach_cancer","PA",105412
"female","15-19","sc_cycle_ylls_pa_stomach_cancer_lb",0.29554,"bogota","Cycling",NA,NA,"L3: stomach_cancer","PA",279280
"female","20-24","sc_cycle_ylls_pa_stomach_cancer_lb",1.7292,"bogota","Cycling",NA,NA,"L3: stomach_cancer","PA",360197
"female","25-29","sc_cycle_ylls_pa_stomach_cancer_lb",4.19435,"bogota","Cycling",NA,NA,"L3: stomach_cancer","PA",364423
"female","30-34","sc_cycle_ylls_pa_stomach_cancer_lb",8.07454,"bogota","Cycling",NA,NA,"L3: stomach_cancer","PA",330341
"female","35-39","sc_cycle_ylls_pa_stomach_cancer_lb",12.9475,"bogota","Cycling",NA,NA,"L3: stomach_cancer","PA",309304
"female","40-44","sc_cycle_ylls_pa_stomach_cancer_lb",14.81829,"bogota","Cycling",NA,NA,"L3: stomach_cancer","PA",275440
"female","45-49","sc_cycle_ylls_pa_stomach_cancer_lb",18.32563,"bogota","Cycling",NA,NA,"L3: stomach_cancer","PA",254843
"female","50-54","sc_cycle_ylls_pa_stomach_cancer_lb",27.01384,"bogota","Cycling",NA,NA,"L3: stomach_cancer","PA",256059
"female","55-59","sc_cycle_ylls_pa_stomach_cancer_lb",29.75351,"bogota","Cycling",NA,NA,"L3: stomach_cancer","PA",235548
"female","60-64","sc_cycle_ylls_pa_stomach_cancer_lb",30.66868,"bogota","Cycling",NA,NA,"L3: stomach_cancer","PA",189600
"female","65-69","sc_cycle_ylls_pa_stomach_cancer_lb",25.08606,"bogota","Cycling",NA,NA,"L3: stomach_cancer","PA",141409
"male","15-19","sc_car_ylls_pa_stomach_cancer_lb",-0.11645,"bogota","Car",NA,NA,"L3: stomach_cancer","PA",282736
"male","20-24","sc_car_ylls_pa_stomach_cancer_lb",-0.38698,"bogota","Car",NA,NA,"L3: stomach_cancer","PA",357934
"male","25-29","sc_car_ylls_pa_stomach_cancer_lb",-1.23771,"bogota","Car",NA,NA,"L3: stomach_cancer","PA",360031
"male","30-34","sc_car_ylls_pa_stomach_cancer_lb",-1.66951,"bogota","Car",NA,NA,"L3: stomach_cancer","PA",321492
"male","35-39","sc_car_ylls_pa_stomach_cancer_lb",-2.69837,"bogota","Car",NA,NA,"L3: stomach_cancer","PA",289808
"male","40-44","sc_car_ylls_pa_stomach_cancer_lb",-4.34002,"bogota","Car",NA,NA,"L3: stomach_cancer","PA",244543
"male","45-49","sc_car_ylls_pa_stomach_cancer_lb",-5.6639,"bogota","Car",NA,NA,"L3: stomach_cancer","PA",215491
"male","50-54","sc_car_ylls_pa_stomach_cancer_lb",-5.44754,"bogota","Car",NA,NA,"L3: stomach_cancer","PA",209137
"male","55-59","sc_car_ylls_pa_stomach_cancer_lb",-8.92096,"bogota","Car",NA,NA,"L3: stomach_cancer","PA",187551
"male","60-64","sc_car_ylls_pa_stomach_cancer_lb",-7.58568,"bogota","Car",NA,NA,"L3: stomach_cancer","PA",146500
"male","65-69","sc_car_ylls_pa_stomach_cancer_lb",-8.48214,"bogota","Car",NA,NA,"L3: stomach_cancer","PA",105412
"female","15-19","sc_car_ylls_pa_stomach_cancer_lb",-0.05056,"bogota","Car",NA,NA,"L3: stomach_cancer","PA",279280
"female","20-24","sc_car_ylls_pa_stomach_cancer_lb",-0.32072,"bogota","Car",NA,NA,"L3: stomach_cancer","PA",360197
"female","25-29","sc_car_ylls_pa_stomach_cancer_lb",-0.77876,"bogota","Car",NA,NA,"L3: stomach_cancer","PA",364423
"female","30-34","sc_car_ylls_pa_stomach_cancer_lb",-1.49796,"bogota","Car",NA,NA,"L3: stomach_cancer","PA",330341
"female","35-39","sc_car_ylls_pa_stomach_cancer_lb",-2.3332,"bogota","Car",NA,NA,"L3: stomach_cancer","PA",309304
"female","40-44","sc_car_ylls_pa_stomach_cancer_lb",-2.8529,"bogota","Car",NA,NA,"L3: stomach_cancer","PA",275440
"female","45-49","sc_car_ylls_pa_stomach_cancer_lb",-3.08705,"bogota","Car",NA,NA,"L3: stomach_cancer","PA",254843
"female","50-54","sc_car_ylls_pa_stomach_cancer_lb",-2.32629,"bogota","Car",NA,NA,"L3: stomach_cancer","PA",256059
"female","55-59","sc_car_ylls_pa_stomach_cancer_lb",-2.62904,"bogota","Car",NA,NA,"L3: stomach_cancer","PA",235548
"female","60-64","sc_car_ylls_pa_stomach_cancer_lb",-2.98815,"bogota","Car",NA,NA,"L3: stomach_cancer","PA",189600
"female","65-69","sc_car_ylls_pa_stomach_cancer_lb",-2.68832,"bogota","Car",NA,NA,"L3: stomach_cancer","PA",141409
"male","15-19","sc_bus_ylls_pa_stomach_cancer_lb",-0.15053,"bogota","Bus",NA,NA,"L3: stomach_cancer","PA",282736
"male","20-24","sc_bus_ylls_pa_stomach_cancer_lb",-0.59335,"bogota","Bus",NA,NA,"L3: stomach_cancer","PA",357934
"male","25-29","sc_bus_ylls_pa_stomach_cancer_lb",-1.78927,"bogota","Bus",NA,NA,"L3: stomach_cancer","PA",360031
"male","30-34","sc_bus_ylls_pa_stomach_cancer_lb",-3.75046,"bogota","Bus",NA,NA,"L3: stomach_cancer","PA",321492
"male","35-39","sc_bus_ylls_pa_stomach_cancer_lb",-5.06505,"bogota","Bus",NA,NA,"L3: stomach_cancer","PA",289808
"male","40-44","sc_bus_ylls_pa_stomach_cancer_lb",-5.87986,"bogota","Bus",NA,NA,"L3: stomach_cancer","PA",244543
"male","45-49","sc_bus_ylls_pa_stomach_cancer_lb",-8.07007,"bogota","Bus",NA,NA,"L3: stomach_cancer","PA",215491
"male","50-54","sc_bus_ylls_pa_stomach_cancer_lb",-9.31478,"bogota","Bus",NA,NA,"L3: stomach_cancer","PA",209137
"male","55-59","sc_bus_ylls_pa_stomach_cancer_lb",-12.96152,"bogota","Bus",NA,NA,"L3: stomach_cancer","PA",187551
"male","60-64","sc_bus_ylls_pa_stomach_cancer_lb",-16.33568,"bogota","Bus",NA,NA,"L3: stomach_cancer","PA",146500
"male","65-69","sc_bus_ylls_pa_stomach_cancer_lb",-10.08253,"bogota","Bus",NA,NA,"L3: stomach_cancer","PA",105412
"female","15-19","sc_bus_ylls_pa_stomach_cancer_lb",-0.04817,"bogota","Bus",NA,NA,"L3: stomach_cancer","PA",279280
"female","20-24","sc_bus_ylls_pa_stomach_cancer_lb",-0.44162,"bogota","Bus",NA,NA,"L3: stomach_cancer","PA",360197
"female","25-29","sc_bus_ylls_pa_stomach_cancer_lb",-1.04622,"bogota","Bus",NA,NA,"L3: stomach_cancer","PA",364423
"female","30-34","sc_bus_ylls_pa_stomach_cancer_lb",-1.76914,"bogota","Bus",NA,NA,"L3: stomach_cancer","PA",330341
"female","35-39","sc_bus_ylls_pa_stomach_cancer_lb",-3.1355,"bogota","Bus",NA,NA,"L3: stomach_cancer","PA",309304
"female","40-44","sc_bus_ylls_pa_stomach_cancer_lb",-3.58022,"bogota","Bus",NA,NA,"L3: stomach_cancer","PA",275440
"female","45-49","sc_bus_ylls_pa_stomach_cancer_lb",-3.82095,"bogota","Bus",NA,NA,"L3: stomach_cancer","PA",254843
"female","50-54","sc_bus_ylls_pa_stomach_cancer_lb",-2.54733,"bogota","Bus",NA,NA,"L3: stomach_cancer","PA",256059
"female","55-59","sc_bus_ylls_pa_stomach_cancer_lb",-3.05806,"bogota","Bus",NA,NA,"L3: stomach_cancer","PA",235548
"female","60-64","sc_bus_ylls_pa_stomach_cancer_lb",-3.68848,"bogota","Bus",NA,NA,"L3: stomach_cancer","PA",189600
"female","65-69","sc_bus_ylls_pa_stomach_cancer_lb",-3.15567,"bogota","Bus",NA,NA,"L3: stomach_cancer","PA",141409
"male","15-19","sc_cycle_ylls_pa_stomach_cancer_ub",0.05206,"bogota","Cycling",NA,NA,"L3: stomach_cancer","PA",282736
"male","20-24","sc_cycle_ylls_pa_stomach_cancer_ub",0.332,"bogota","Cycling",NA,NA,"L3: stomach_cancer","PA",357934
"male","25-29","sc_cycle_ylls_pa_stomach_cancer_ub",0.81842,"bogota","Cycling",NA,NA,"L3: stomach_cancer","PA",360031
"male","30-34","sc_cycle_ylls_pa_stomach_cancer_ub",1.54501,"bogota","Cycling",NA,NA,"L3: stomach_cancer","PA",321492
"male","35-39","sc_cycle_ylls_pa_stomach_cancer_ub",2.33312,"bogota","Cycling",NA,NA,"L3: stomach_cancer","PA",289808
"male","40-44","sc_cycle_ylls_pa_stomach_cancer_ub",2.86044,"bogota","Cycling",NA,NA,"L3: stomach_cancer","PA",244543
"male","45-49","sc_cycle_ylls_pa_stomach_cancer_ub",3.77442,"bogota","Cycling",NA,NA,"L3: stomach_cancer","PA",215491
"male","50-54","sc_cycle_ylls_pa_stomach_cancer_ub",4.32638,"bogota","Cycling",NA,NA,"L3: stomach_cancer","PA",209137
"male","55-59","sc_cycle_ylls_pa_stomach_cancer_ub",5.34436,"bogota","Cycling",NA,NA,"L3: stomach_cancer","PA",187551
"male","60-64","sc_cycle_ylls_pa_stomach_cancer_ub",7.48637,"bogota","Cycling",NA,NA,"L3: stomach_cancer","PA",146500
"male","65-69","sc_cycle_ylls_pa_stomach_cancer_ub",6.6189,"bogota","Cycling",NA,NA,"L3: stomach_cancer","PA",105412
"female","15-19","sc_cycle_ylls_pa_stomach_cancer_ub",0.08483,"bogota","Cycling",NA,NA,"L3: stomach_cancer","PA",279280
"female","20-24","sc_cycle_ylls_pa_stomach_cancer_ub",0.49669,"bogota","Cycling",NA,NA,"L3: stomach_cancer","PA",360197
"female","25-29","sc_cycle_ylls_pa_stomach_cancer_ub",1.20049,"bogota","Cycling",NA,NA,"L3: stomach_cancer","PA",364423
"female","30-34","sc_cycle_ylls_pa_stomach_cancer_ub",2.31042,"bogota","Cycling",NA,NA,"L3: stomach_cancer","PA",330341
"female","35-39","sc_cycle_ylls_pa_stomach_cancer_ub",3.78794,"bogota","Cycling",NA,NA,"L3: stomach_cancer","PA",309304
"female","40-44","sc_cycle_ylls_pa_stomach_cancer_ub",4.29009,"bogota","Cycling",NA,NA,"L3: stomach_cancer","PA",275440
"female","45-49","sc_cycle_ylls_pa_stomach_cancer_ub",5.30195,"bogota","Cycling",NA,NA,"L3: stomach_cancer","PA",254843
"female","50-54","sc_cycle_ylls_pa_stomach_cancer_ub",7.93823,"bogota","Cycling",NA,NA,"L3: stomach_cancer","PA",256059
"female","55-59","sc_cycle_ylls_pa_stomach_cancer_ub",8.71618,"bogota","Cycling",NA,NA,"L3: stomach_cancer","PA",235548
"female","60-64","sc_cycle_ylls_pa_stomach_cancer_ub",8.97259,"bogota","Cycling",NA,NA,"L3: stomach_cancer","PA",189600
"female","65-69","sc_cycle_ylls_pa_stomach_cancer_ub",7.33315,"bogota","Cycling",NA,NA,"L3: stomach_cancer","PA",141409
"male","15-19","sc_car_ylls_pa_stomach_cancer_ub",-0.0319,"bogota","Car",NA,NA,"L3: stomach_cancer","PA",282736
"male","20-24","sc_car_ylls_pa_stomach_cancer_ub",-0.10828,"bogota","Car",NA,NA,"L3: stomach_cancer","PA",357934
"male","25-29","sc_car_ylls_pa_stomach_cancer_ub",-0.33917,"bogota","Car",NA,NA,"L3: stomach_cancer","PA",360031
"male","30-34","sc_car_ylls_pa_stomach_cancer_ub",-0.46139,"bogota","Car",NA,NA,"L3: stomach_cancer","PA",321492
"male","35-39","sc_car_ylls_pa_stomach_cancer_ub",-0.80471,"bogota","Car",NA,NA,"L3: stomach_cancer","PA",289808
"male","40-44","sc_car_ylls_pa_stomach_cancer_ub",-1.15199,"bogota","Car",NA,NA,"L3: stomach_cancer","PA",244543
"male","45-49","sc_car_ylls_pa_stomach_cancer_ub",-1.53649,"bogota","Car",NA,NA,"L3: stomach_cancer","PA",215491
"male","50-54","sc_car_ylls_pa_stomach_cancer_ub",-1.52715,"bogota","Car",NA,NA,"L3: stomach_cancer","PA",209137
"male","55-59","sc_car_ylls_pa_stomach_cancer_ub",-2.47045,"bogota","Car",NA,NA,"L3: stomach_cancer","PA",187551
"male","60-64","sc_car_ylls_pa_stomach_cancer_ub",-2.17168,"bogota","Car",NA,NA,"L3: stomach_cancer","PA",146500
"male","65-69","sc_car_ylls_pa_stomach_cancer_ub",-2.44283,"bogota","Car",NA,NA,"L3: stomach_cancer","PA",105412
"female","15-19","sc_car_ylls_pa_stomach_cancer_ub",-0.01446,"bogota","Car",NA,NA,"L3: stomach_cancer","PA",279280
"female","20-24","sc_car_ylls_pa_stomach_cancer_ub",-0.08783,"bogota","Car",NA,NA,"L3: stomach_cancer","PA",360197
"female","25-29","sc_car_ylls_pa_stomach_cancer_ub",-0.21996,"bogota","Car",NA,NA,"L3: stomach_cancer","PA",364423
"female","30-34","sc_car_ylls_pa_stomach_cancer_ub",-0.42854,"bogota","Car",NA,NA,"L3: stomach_cancer","PA",330341
"female","35-39","sc_car_ylls_pa_stomach_cancer_ub",-0.67794,"bogota","Car",NA,NA,"L3: stomach_cancer","PA",309304
"female","40-44","sc_car_ylls_pa_stomach_cancer_ub",-0.81229,"bogota","Car",NA,NA,"L3: stomach_cancer","PA",275440
"female","45-49","sc_car_ylls_pa_stomach_cancer_ub",-0.88363,"bogota","Car",NA,NA,"L3: stomach_cancer","PA",254843
"female","50-54","sc_car_ylls_pa_stomach_cancer_ub",-0.63532,"bogota","Car",NA,NA,"L3: stomach_cancer","PA",256059
"female","55-59","sc_car_ylls_pa_stomach_cancer_ub",-0.73221,"bogota","Car",NA,NA,"L3: stomach_cancer","PA",235548
"female","60-64","sc_car_ylls_pa_stomach_cancer_ub",-0.80598,"bogota","Car",NA,NA,"L3: stomach_cancer","PA",189600
"female","65-69","sc_car_ylls_pa_stomach_cancer_ub",-0.73295,"bogota","Car",NA,NA,"L3: stomach_cancer","PA",141409
"male","15-19","sc_bus_ylls_pa_stomach_cancer_ub",-0.04337,"bogota","Bus",NA,NA,"L3: stomach_cancer","PA",282736
"male","20-24","sc_bus_ylls_pa_stomach_cancer_ub",-0.16452,"bogota","Bus",NA,NA,"L3: stomach_cancer","PA",357934
"male","25-29","sc_bus_ylls_pa_stomach_cancer_ub",-0.50179,"bogota","Bus",NA,NA,"L3: stomach_cancer","PA",360031
"male","30-34","sc_bus_ylls_pa_stomach_cancer_ub",-1.01145,"bogota","Bus",NA,NA,"L3: stomach_cancer","PA",321492
"male","35-39","sc_bus_ylls_pa_stomach_cancer_ub",-1.44232,"bogota","Bus",NA,NA,"L3: stomach_cancer","PA",289808
"male","40-44","sc_bus_ylls_pa_stomach_cancer_ub",-1.67043,"bogota","Bus",NA,NA,"L3: stomach_cancer","PA",244543
"male","45-49","sc_bus_ylls_pa_stomach_cancer_ub",-2.3034,"bogota","Bus",NA,NA,"L3: stomach_cancer","PA",215491
"male","50-54","sc_bus_ylls_pa_stomach_cancer_ub",-2.69316,"bogota","Bus",NA,NA,"L3: stomach_cancer","PA",209137
"male","55-59","sc_bus_ylls_pa_stomach_cancer_ub",-3.53793,"bogota","Bus",NA,NA,"L3: stomach_cancer","PA",187551
"male","60-64","sc_bus_ylls_pa_stomach_cancer_ub",-4.46682,"bogota","Bus",NA,NA,"L3: stomach_cancer","PA",146500
"male","65-69","sc_bus_ylls_pa_stomach_cancer_ub",-3.00658,"bogota","Bus",NA,NA,"L3: stomach_cancer","PA",105412
"female","15-19","sc_bus_ylls_pa_stomach_cancer_ub",-0.01486,"bogota","Bus",NA,NA,"L3: stomach_cancer","PA",279280
"female","20-24","sc_bus_ylls_pa_stomach_cancer_ub",-0.12545,"bogota","Bus",NA,NA,"L3: stomach_cancer","PA",360197
"female","25-29","sc_bus_ylls_pa_stomach_cancer_ub",-0.30266,"bogota","Bus",NA,NA,"L3: stomach_cancer","PA",364423
"female","30-34","sc_bus_ylls_pa_stomach_cancer_ub",-0.51939,"bogota","Bus",NA,NA,"L3: stomach_cancer","PA",330341
"female","35-39","sc_bus_ylls_pa_stomach_cancer_ub",-0.91277,"bogota","Bus",NA,NA,"L3: stomach_cancer","PA",309304
"female","40-44","sc_bus_ylls_pa_stomach_cancer_ub",-1.01468,"bogota","Bus",NA,NA,"L3: stomach_cancer","PA",275440
"female","45-49","sc_bus_ylls_pa_stomach_cancer_ub",-1.11535,"bogota","Bus",NA,NA,"L3: stomach_cancer","PA",254843
"female","50-54","sc_bus_ylls_pa_stomach_cancer_ub",-0.74028,"bogota","Bus",NA,NA,"L3: stomach_cancer","PA",256059
"female","55-59","sc_bus_ylls_pa_stomach_cancer_ub",-0.81477,"bogota","Bus",NA,NA,"L3: stomach_cancer","PA",235548
"female","60-64","sc_bus_ylls_pa_stomach_cancer_ub",-1.08032,"bogota","Bus",NA,NA,"L3: stomach_cancer","PA",189600
"female","65-69","sc_bus_ylls_pa_stomach_cancer_ub",-0.89356,"bogota","Bus",NA,NA,"L3: stomach_cancer","PA",141409
"male","15-19","sc_cycle_ylls_pa_myeloid_leukemia",0.23886,"bogota","Cycling",NA,NA,"L3: Myeloid Leukemia","PA",282736
"male","20-24","sc_cycle_ylls_pa_myeloid_leukemia",0.68776,"bogota","Cycling",NA,NA,"L3: Myeloid Leukemia","PA",357934
"male","25-29","sc_cycle_ylls_pa_myeloid_leukemia",0.61727,"bogota","Cycling",NA,NA,"L3: Myeloid Leukemia","PA",360031
"male","30-34","sc_cycle_ylls_pa_myeloid_leukemia",0.63095,"bogota","Cycling",NA,NA,"L3: Myeloid Leukemia","PA",321492
"male","35-39","sc_cycle_ylls_pa_myeloid_leukemia",0.48578,"bogota","Cycling",NA,NA,"L3: Myeloid Leukemia","PA",289808
"male","40-44","sc_cycle_ylls_pa_myeloid_leukemia",0.41445,"bogota","Cycling",NA,NA,"L3: Myeloid Leukemia","PA",244543
"male","45-49","sc_cycle_ylls_pa_myeloid_leukemia",0.34194,"bogota","Cycling",NA,NA,"L3: Myeloid Leukemia","PA",215491
"male","50-54","sc_cycle_ylls_pa_myeloid_leukemia",0.28975,"bogota","Cycling",NA,NA,"L3: Myeloid Leukemia","PA",209137
"male","55-59","sc_cycle_ylls_pa_myeloid_leukemia",0.28928,"bogota","Cycling",NA,NA,"L3: Myeloid Leukemia","PA",187551
"male","60-64","sc_cycle_ylls_pa_myeloid_leukemia",0.42319,"bogota","Cycling",NA,NA,"L3: Myeloid Leukemia","PA",146500
"male","65-69","sc_cycle_ylls_pa_myeloid_leukemia",0.30248,"bogota","Cycling",NA,NA,"L3: Myeloid Leukemia","PA",105412
"female","15-19","sc_cycle_ylls_pa_myeloid_leukemia",0.37845,"bogota","Cycling",NA,NA,"L3: Myeloid Leukemia","PA",279280
"female","20-24","sc_cycle_ylls_pa_myeloid_leukemia",0.70022,"bogota","Cycling",NA,NA,"L3: Myeloid Leukemia","PA",360197
"female","25-29","sc_cycle_ylls_pa_myeloid_leukemia",0.64478,"bogota","Cycling",NA,NA,"L3: Myeloid Leukemia","PA",364423
"female","30-34","sc_cycle_ylls_pa_myeloid_leukemia",0.70135,"bogota","Cycling",NA,NA,"L3: Myeloid Leukemia","PA",330341
"female","35-39","sc_cycle_ylls_pa_myeloid_leukemia",0.64632,"bogota","Cycling",NA,NA,"L3: Myeloid Leukemia","PA",309304
"female","40-44","sc_cycle_ylls_pa_myeloid_leukemia",0.67834,"bogota","Cycling",NA,NA,"L3: Myeloid Leukemia","PA",275440
"female","45-49","sc_cycle_ylls_pa_myeloid_leukemia",0.65928,"bogota","Cycling",NA,NA,"L3: Myeloid Leukemia","PA",254843
"female","50-54","sc_cycle_ylls_pa_myeloid_leukemia",0.75079,"bogota","Cycling",NA,NA,"L3: Myeloid Leukemia","PA",256059
"female","55-59","sc_cycle_ylls_pa_myeloid_leukemia",0.95436,"bogota","Cycling",NA,NA,"L3: Myeloid Leukemia","PA",235548
"female","60-64","sc_cycle_ylls_pa_myeloid_leukemia",0.85207,"bogota","Cycling",NA,NA,"L3: Myeloid Leukemia","PA",189600
"female","65-69","sc_cycle_ylls_pa_myeloid_leukemia",0.66625,"bogota","Cycling",NA,NA,"L3: Myeloid Leukemia","PA",141409
"male","15-19","sc_car_ylls_pa_myeloid_leukemia",-0.15907,"bogota","Car",NA,NA,"L3: Myeloid Leukemia","PA",282736
"male","20-24","sc_car_ylls_pa_myeloid_leukemia",-0.20773,"bogota","Car",NA,NA,"L3: Myeloid Leukemia","PA",357934
"male","25-29","sc_car_ylls_pa_myeloid_leukemia",-0.29145,"bogota","Car",NA,NA,"L3: Myeloid Leukemia","PA",360031
"male","30-34","sc_car_ylls_pa_myeloid_leukemia",-0.19726,"bogota","Car",NA,NA,"L3: Myeloid Leukemia","PA",321492
"male","35-39","sc_car_ylls_pa_myeloid_leukemia",-0.11159,"bogota","Car",NA,NA,"L3: Myeloid Leukemia","PA",289808
"male","40-44","sc_car_ylls_pa_myeloid_leukemia",-0.19862,"bogota","Car",NA,NA,"L3: Myeloid Leukemia","PA",244543
"male","45-49","sc_car_ylls_pa_myeloid_leukemia",-0.15812,"bogota","Car",NA,NA,"L3: Myeloid Leukemia","PA",215491
"male","50-54","sc_car_ylls_pa_myeloid_leukemia",-0.10485,"bogota","Car",NA,NA,"L3: Myeloid Leukemia","PA",209137
"male","55-59","sc_car_ylls_pa_myeloid_leukemia",-0.16221,"bogota","Car",NA,NA,"L3: Myeloid Leukemia","PA",187551
"male","60-64","sc_car_ylls_pa_myeloid_leukemia",-0.10592,"bogota","Car",NA,NA,"L3: Myeloid Leukemia","PA",146500
"male","65-69","sc_car_ylls_pa_myeloid_leukemia",-0.11831,"bogota","Car",NA,NA,"L3: Myeloid Leukemia","PA",105412
"female","15-19","sc_car_ylls_pa_myeloid_leukemia",-0.06998,"bogota","Car",NA,NA,"L3: Myeloid Leukemia","PA",279280
"female","20-24","sc_car_ylls_pa_myeloid_leukemia",-0.14642,"bogota","Car",NA,NA,"L3: Myeloid Leukemia","PA",360197
"female","25-29","sc_car_ylls_pa_myeloid_leukemia",-0.11115,"bogota","Car",NA,NA,"L3: Myeloid Leukemia","PA",364423
"female","30-34","sc_car_ylls_pa_myeloid_leukemia",-0.119,"bogota","Car",NA,NA,"L3: Myeloid Leukemia","PA",330341
"female","35-39","sc_car_ylls_pa_myeloid_leukemia",-0.09879,"bogota","Car",NA,NA,"L3: Myeloid Leukemia","PA",309304
"female","40-44","sc_car_ylls_pa_myeloid_leukemia",-0.12798,"bogota","Car",NA,NA,"L3: Myeloid Leukemia","PA",275440
"female","45-49","sc_car_ylls_pa_myeloid_leukemia",-0.1182,"bogota","Car",NA,NA,"L3: Myeloid Leukemia","PA",254843
"female","50-54","sc_car_ylls_pa_myeloid_leukemia",-0.0755,"bogota","Car",NA,NA,"L3: Myeloid Leukemia","PA",256059
"female","55-59","sc_car_ylls_pa_myeloid_leukemia",-0.09228,"bogota","Car",NA,NA,"L3: Myeloid Leukemia","PA",235548
"female","60-64","sc_car_ylls_pa_myeloid_leukemia",-0.09716,"bogota","Car",NA,NA,"L3: Myeloid Leukemia","PA",189600
"female","65-69","sc_car_ylls_pa_myeloid_leukemia",-0.09647,"bogota","Car",NA,NA,"L3: Myeloid Leukemia","PA",141409
"male","15-19","sc_bus_ylls_pa_myeloid_leukemia",-0.17896,"bogota","Bus",NA,NA,"L3: Myeloid Leukemia","PA",282736
"male","20-24","sc_bus_ylls_pa_myeloid_leukemia",-0.33076,"bogota","Bus",NA,NA,"L3: Myeloid Leukemia","PA",357934
"male","25-29","sc_bus_ylls_pa_myeloid_leukemia",-0.418,"bogota","Bus",NA,NA,"L3: Myeloid Leukemia","PA",360031
"male","30-34","sc_bus_ylls_pa_myeloid_leukemia",-0.466,"bogota","Bus",NA,NA,"L3: Myeloid Leukemia","PA",321492
"male","35-39","sc_bus_ylls_pa_myeloid_leukemia",-0.27861,"bogota","Bus",NA,NA,"L3: Myeloid Leukemia","PA",289808
"male","40-44","sc_bus_ylls_pa_myeloid_leukemia",-0.21997,"bogota","Bus",NA,NA,"L3: Myeloid Leukemia","PA",244543
"male","45-49","sc_bus_ylls_pa_myeloid_leukemia",-0.18177,"bogota","Bus",NA,NA,"L3: Myeloid Leukemia","PA",215491
"male","50-54","sc_bus_ylls_pa_myeloid_leukemia",-0.1614,"bogota","Bus",NA,NA,"L3: Myeloid Leukemia","PA",209137
"male","55-59","sc_bus_ylls_pa_myeloid_leukemia",-0.25706,"bogota","Bus",NA,NA,"L3: Myeloid Leukemia","PA",187551
"male","60-64","sc_bus_ylls_pa_myeloid_leukemia",-0.27416,"bogota","Bus",NA,NA,"L3: Myeloid Leukemia","PA",146500
"male","65-69","sc_bus_ylls_pa_myeloid_leukemia",-0.12781,"bogota","Bus",NA,NA,"L3: Myeloid Leukemia","PA",105412
"female","15-19","sc_bus_ylls_pa_myeloid_leukemia",-0.04471,"bogota","Bus",NA,NA,"L3: Myeloid Leukemia","PA",279280
"female","20-24","sc_bus_ylls_pa_myeloid_leukemia",-0.16729,"bogota","Bus",NA,NA,"L3: Myeloid Leukemia","PA",360197
"female","25-29","sc_bus_ylls_pa_myeloid_leukemia",-0.15447,"bogota","Bus",NA,NA,"L3: Myeloid Leukemia","PA",364423
"female","30-34","sc_bus_ylls_pa_myeloid_leukemia",-0.13784,"bogota","Bus",NA,NA,"L3: Myeloid Leukemia","PA",330341
"female","35-39","sc_bus_ylls_pa_myeloid_leukemia",-0.14296,"bogota","Bus",NA,NA,"L3: Myeloid Leukemia","PA",309304
"female","40-44","sc_bus_ylls_pa_myeloid_leukemia",-0.17048,"bogota","Bus",NA,NA,"L3: Myeloid Leukemia","PA",275440
"female","45-49","sc_bus_ylls_pa_myeloid_leukemia",-0.13165,"bogota","Bus",NA,NA,"L3: Myeloid Leukemia","PA",254843
"female","50-54","sc_bus_ylls_pa_myeloid_leukemia",-0.07882,"bogota","Bus",NA,NA,"L3: Myeloid Leukemia","PA",256059
"female","55-59","sc_bus_ylls_pa_myeloid_leukemia",-0.12624,"bogota","Bus",NA,NA,"L3: Myeloid Leukemia","PA",235548
"female","60-64","sc_bus_ylls_pa_myeloid_leukemia",-0.08995,"bogota","Bus",NA,NA,"L3: Myeloid Leukemia","PA",189600
"female","65-69","sc_bus_ylls_pa_myeloid_leukemia",-0.08499,"bogota","Bus",NA,NA,"L3: Myeloid Leukemia","PA",141409
"male","15-19","sc_cycle_ylls_pa_myeloid_leukemia_lb",0.379,"bogota","Cycling",NA,NA,"L3: Myeloid Leukemia","PA",282736
"male","20-24","sc_cycle_ylls_pa_myeloid_leukemia_lb",1.09596,"bogota","Cycling",NA,NA,"L3: Myeloid Leukemia","PA",357934
"male","25-29","sc_cycle_ylls_pa_myeloid_leukemia_lb",0.9262,"bogota","Cycling",NA,NA,"L3: Myeloid Leukemia","PA",360031
"male","30-34","sc_cycle_ylls_pa_myeloid_leukemia_lb",1.01219,"bogota","Cycling",NA,NA,"L3: Myeloid Leukemia","PA",321492
"male","35-39","sc_cycle_ylls_pa_myeloid_leukemia_lb",0.77304,"bogota","Cycling",NA,NA,"L3: Myeloid Leukemia","PA",289808
"male","40-44","sc_cycle_ylls_pa_myeloid_leukemia_lb",0.64986,"bogota","Cycling",NA,NA,"L3: Myeloid Leukemia","PA",244543
"male","45-49","sc_cycle_ylls_pa_myeloid_leukemia_lb",0.54025,"bogota","Cycling",NA,NA,"L3: Myeloid Leukemia","PA",215491
"male","50-54","sc_cycle_ylls_pa_myeloid_leukemia_lb",0.45855,"bogota","Cycling",NA,NA,"L3: Myeloid Leukemia","PA",209137
"male","55-59","sc_cycle_ylls_pa_myeloid_leukemia_lb",0.44236,"bogota","Cycling",NA,NA,"L3: Myeloid Leukemia","PA",187551
"male","60-64","sc_cycle_ylls_pa_myeloid_leukemia_lb",0.67973,"bogota","Cycling",NA,NA,"L3: Myeloid Leukemia","PA",146500
"male","65-69","sc_cycle_ylls_pa_myeloid_leukemia_lb",0.43935,"bogota","Cycling",NA,NA,"L3: Myeloid Leukemia","PA",105412
"female","15-19","sc_cycle_ylls_pa_myeloid_leukemia_lb",0.57719,"bogota","Cycling",NA,NA,"L3: Myeloid Leukemia","PA",279280
"female","20-24","sc_cycle_ylls_pa_myeloid_leukemia_lb",1.03589,"bogota","Cycling",NA,NA,"L3: Myeloid Leukemia","PA",360197
"female","25-29","sc_cycle_ylls_pa_myeloid_leukemia_lb",0.95794,"bogota","Cycling",NA,NA,"L3: Myeloid Leukemia","PA",364423
"female","30-34","sc_cycle_ylls_pa_myeloid_leukemia_lb",1.0792,"bogota","Cycling",NA,NA,"L3: Myeloid Leukemia","PA",330341
"female","35-39","sc_cycle_ylls_pa_myeloid_leukemia_lb",0.94317,"bogota","Cycling",NA,NA,"L3: Myeloid Leukemia","PA",309304
"female","40-44","sc_cycle_ylls_pa_myeloid_leukemia_lb",1.04346,"bogota","Cycling",NA,NA,"L3: Myeloid Leukemia","PA",275440
"female","45-49","sc_cycle_ylls_pa_myeloid_leukemia_lb",0.98915,"bogota","Cycling",NA,NA,"L3: Myeloid Leukemia","PA",254843
"female","50-54","sc_cycle_ylls_pa_myeloid_leukemia_lb",1.07651,"bogota","Cycling",NA,NA,"L3: Myeloid Leukemia","PA",256059
"female","55-59","sc_cycle_ylls_pa_myeloid_leukemia_lb",1.37797,"bogota","Cycling",NA,NA,"L3: Myeloid Leukemia","PA",235548
"female","60-64","sc_cycle_ylls_pa_myeloid_leukemia_lb",1.2903,"bogota","Cycling",NA,NA,"L3: Myeloid Leukemia","PA",189600
"female","65-69","sc_cycle_ylls_pa_myeloid_leukemia_lb",0.99165,"bogota","Cycling",NA,NA,"L3: Myeloid Leukemia","PA",141409
"male","15-19","sc_car_ylls_pa_myeloid_leukemia_lb",-0.2552,"bogota","Car",NA,NA,"L3: Myeloid Leukemia","PA",282736
"male","20-24","sc_car_ylls_pa_myeloid_leukemia_lb",-0.32352,"bogota","Car",NA,NA,"L3: Myeloid Leukemia","PA",357934
"male","25-29","sc_car_ylls_pa_myeloid_leukemia_lb",-0.43603,"bogota","Car",NA,NA,"L3: Myeloid Leukemia","PA",360031
"male","30-34","sc_car_ylls_pa_myeloid_leukemia_lb",-0.32413,"bogota","Car",NA,NA,"L3: Myeloid Leukemia","PA",321492
"male","35-39","sc_car_ylls_pa_myeloid_leukemia_lb",-0.15312,"bogota","Car",NA,NA,"L3: Myeloid Leukemia","PA",289808
"male","40-44","sc_car_ylls_pa_myeloid_leukemia_lb",-0.31632,"bogota","Car",NA,NA,"L3: Myeloid Leukemia","PA",244543
"male","45-49","sc_car_ylls_pa_myeloid_leukemia_lb",-0.25345,"bogota","Car",NA,NA,"L3: Myeloid Leukemia","PA",215491
"male","50-54","sc_car_ylls_pa_myeloid_leukemia_lb",-0.15793,"bogota","Car",NA,NA,"L3: Myeloid Leukemia","PA",209137
"male","55-59","sc_car_ylls_pa_myeloid_leukemia_lb",-0.25322,"bogota","Car",NA,NA,"L3: Myeloid Leukemia","PA",187551
"male","60-64","sc_car_ylls_pa_myeloid_leukemia_lb",-0.15827,"bogota","Car",NA,NA,"L3: Myeloid Leukemia","PA",146500
"male","65-69","sc_car_ylls_pa_myeloid_leukemia_lb",-0.18517,"bogota","Car",NA,NA,"L3: Myeloid Leukemia","PA",105412
"female","15-19","sc_car_ylls_pa_myeloid_leukemia_lb",-0.11237,"bogota","Car",NA,NA,"L3: Myeloid Leukemia","PA",279280
"female","20-24","sc_car_ylls_pa_myeloid_leukemia_lb",-0.22329,"bogota","Car",NA,NA,"L3: Myeloid Leukemia","PA",360197
"female","25-29","sc_car_ylls_pa_myeloid_leukemia_lb",-0.15537,"bogota","Car",NA,NA,"L3: Myeloid Leukemia","PA",364423
"female","30-34","sc_car_ylls_pa_myeloid_leukemia_lb",-0.17385,"bogota","Car",NA,NA,"L3: Myeloid Leukemia","PA",330341
"female","35-39","sc_car_ylls_pa_myeloid_leukemia_lb",-0.12628,"bogota","Car",NA,NA,"L3: Myeloid Leukemia","PA",309304
"female","40-44","sc_car_ylls_pa_myeloid_leukemia_lb",-0.19218,"bogota","Car",NA,NA,"L3: Myeloid Leukemia","PA",275440
"female","45-49","sc_car_ylls_pa_myeloid_leukemia_lb",-0.18301,"bogota","Car",NA,NA,"L3: Myeloid Leukemia","PA",254843
"female","50-54","sc_car_ylls_pa_myeloid_leukemia_lb",-0.11146,"bogota","Car",NA,NA,"L3: Myeloid Leukemia","PA",256059
"female","55-59","sc_car_ylls_pa_myeloid_leukemia_lb",-0.13618,"bogota","Car",NA,NA,"L3: Myeloid Leukemia","PA",235548
"female","60-64","sc_car_ylls_pa_myeloid_leukemia_lb",-0.14906,"bogota","Car",NA,NA,"L3: Myeloid Leukemia","PA",189600
"female","65-69","sc_car_ylls_pa_myeloid_leukemia_lb",-0.15814,"bogota","Car",NA,NA,"L3: Myeloid Leukemia","PA",141409
"male","15-19","sc_bus_ylls_pa_myeloid_leukemia_lb",-0.27649,"bogota","Bus",NA,NA,"L3: Myeloid Leukemia","PA",282736
"male","20-24","sc_bus_ylls_pa_myeloid_leukemia_lb",-0.52108,"bogota","Bus",NA,NA,"L3: Myeloid Leukemia","PA",357934
"male","25-29","sc_bus_ylls_pa_myeloid_leukemia_lb",-0.63954,"bogota","Bus",NA,NA,"L3: Myeloid Leukemia","PA",360031
"male","30-34","sc_bus_ylls_pa_myeloid_leukemia_lb",-0.76501,"bogota","Bus",NA,NA,"L3: Myeloid Leukemia","PA",321492
"male","35-39","sc_bus_ylls_pa_myeloid_leukemia_lb",-0.43674,"bogota","Bus",NA,NA,"L3: Myeloid Leukemia","PA",289808
"male","40-44","sc_bus_ylls_pa_myeloid_leukemia_lb",-0.33071,"bogota","Bus",NA,NA,"L3: Myeloid Leukemia","PA",244543
"male","45-49","sc_bus_ylls_pa_myeloid_leukemia_lb",-0.26757,"bogota","Bus",NA,NA,"L3: Myeloid Leukemia","PA",215491
"male","50-54","sc_bus_ylls_pa_myeloid_leukemia_lb",-0.2349,"bogota","Bus",NA,NA,"L3: Myeloid Leukemia","PA",209137
"male","55-59","sc_bus_ylls_pa_myeloid_leukemia_lb",-0.41862,"bogota","Bus",NA,NA,"L3: Myeloid Leukemia","PA",187551
"male","60-64","sc_bus_ylls_pa_myeloid_leukemia_lb",-0.43605,"bogota","Bus",NA,NA,"L3: Myeloid Leukemia","PA",146500
"male","65-69","sc_bus_ylls_pa_myeloid_leukemia_lb",-0.19583,"bogota","Bus",NA,NA,"L3: Myeloid Leukemia","PA",105412
"female","15-19","sc_bus_ylls_pa_myeloid_leukemia_lb",-0.05951,"bogota","Bus",NA,NA,"L3: Myeloid Leukemia","PA",279280
"female","20-24","sc_bus_ylls_pa_myeloid_leukemia_lb",-0.23374,"bogota","Bus",NA,NA,"L3: Myeloid Leukemia","PA",360197
"female","25-29","sc_bus_ylls_pa_myeloid_leukemia_lb",-0.22524,"bogota","Bus",NA,NA,"L3: Myeloid Leukemia","PA",364423
"female","30-34","sc_bus_ylls_pa_myeloid_leukemia_lb",-0.20088,"bogota","Bus",NA,NA,"L3: Myeloid Leukemia","PA",330341
"female","35-39","sc_bus_ylls_pa_myeloid_leukemia_lb",-0.19362,"bogota","Bus",NA,NA,"L3: Myeloid Leukemia","PA",309304
"female","40-44","sc_bus_ylls_pa_myeloid_leukemia_lb",-0.26127,"bogota","Bus",NA,NA,"L3: Myeloid Leukemia","PA",275440
"female","45-49","sc_bus_ylls_pa_myeloid_leukemia_lb",-0.19359,"bogota","Bus",NA,NA,"L3: Myeloid Leukemia","PA",254843
"female","50-54","sc_bus_ylls_pa_myeloid_leukemia_lb",-0.12027,"bogota","Bus",NA,NA,"L3: Myeloid Leukemia","PA",256059
"female","55-59","sc_bus_ylls_pa_myeloid_leukemia_lb",-0.19769,"bogota","Bus",NA,NA,"L3: Myeloid Leukemia","PA",235548
"female","60-64","sc_bus_ylls_pa_myeloid_leukemia_lb",-0.12405,"bogota","Bus",NA,NA,"L3: Myeloid Leukemia","PA",189600
"female","65-69","sc_bus_ylls_pa_myeloid_leukemia_lb",-0.12362,"bogota","Bus",NA,NA,"L3: Myeloid Leukemia","PA",141409
"male","15-19","sc_cycle_ylls_pa_myeloid_leukemia_ub",0.11301,"bogota","Cycling",NA,NA,"L3: Myeloid Leukemia","PA",282736
"male","20-24","sc_cycle_ylls_pa_myeloid_leukemia_ub",0.32271,"bogota","Cycling",NA,NA,"L3: Myeloid Leukemia","PA",357934
"male","25-29","sc_cycle_ylls_pa_myeloid_leukemia_ub",0.33501,"bogota","Cycling",NA,NA,"L3: Myeloid Leukemia","PA",360031
"male","30-34","sc_cycle_ylls_pa_myeloid_leukemia_ub",0.29112,"bogota","Cycling",NA,NA,"L3: Myeloid Leukemia","PA",321492
"male","35-39","sc_cycle_ylls_pa_myeloid_leukemia_ub",0.22953,"bogota","Cycling",NA,NA,"L3: Myeloid Leukemia","PA",289808
"male","40-44","sc_cycle_ylls_pa_myeloid_leukemia_ub",0.20242,"bogota","Cycling",NA,NA,"L3: Myeloid Leukemia","PA",244543
"male","45-49","sc_cycle_ylls_pa_myeloid_leukemia_ub",0.16512,"bogota","Cycling",NA,NA,"L3: Myeloid Leukemia","PA",215491
"male","50-54","sc_cycle_ylls_pa_myeloid_leukemia_ub",0.13972,"bogota","Cycling",NA,NA,"L3: Myeloid Leukemia","PA",209137
"male","55-59","sc_cycle_ylls_pa_myeloid_leukemia_ub",0.15343,"bogota","Cycling",NA,NA,"L3: Myeloid Leukemia","PA",187551
"male","60-64","sc_cycle_ylls_pa_myeloid_leukemia_ub",0.19738,"bogota","Cycling",NA,NA,"L3: Myeloid Leukemia","PA",146500
"male","65-69","sc_cycle_ylls_pa_myeloid_leukemia_ub",0.17854,"bogota","Cycling",NA,NA,"L3: Myeloid Leukemia","PA",105412
"female","15-19","sc_cycle_ylls_pa_myeloid_leukemia_ub",0.19494,"bogota","Cycling",NA,NA,"L3: Myeloid Leukemia","PA",279280
"female","20-24","sc_cycle_ylls_pa_myeloid_leukemia_ub",0.39275,"bogota","Cycling",NA,NA,"L3: Myeloid Leukemia","PA",360197
"female","25-29","sc_cycle_ylls_pa_myeloid_leukemia_ub",0.35816,"bogota","Cycling",NA,NA,"L3: Myeloid Leukemia","PA",364423
"female","30-34","sc_cycle_ylls_pa_myeloid_leukemia_ub",0.36229,"bogota","Cycling",NA,NA,"L3: Myeloid Leukemia","PA",330341
"female","35-39","sc_cycle_ylls_pa_myeloid_leukemia_ub",0.37353,"bogota","Cycling",NA,NA,"L3: Myeloid Leukemia","PA",309304
"female","40-44","sc_cycle_ylls_pa_myeloid_leukemia_ub",0.34665,"bogota","Cycling",NA,NA,"L3: Myeloid Leukemia","PA",275440
"female","45-49","sc_cycle_ylls_pa_myeloid_leukemia_ub",0.36117,"bogota","Cycling",NA,NA,"L3: Myeloid Leukemia","PA",254843
"female","50-54","sc_cycle_ylls_pa_myeloid_leukemia_ub",0.45431,"bogota","Cycling",NA,NA,"L3: Myeloid Leukemia","PA",256059
"female","55-59","sc_cycle_ylls_pa_myeloid_leukemia_ub",0.57198,"bogota","Cycling",NA,NA,"L3: Myeloid Leukemia","PA",235548
"female","60-64","sc_cycle_ylls_pa_myeloid_leukemia_ub",0.45768,"bogota","Cycling",NA,NA,"L3: Myeloid Leukemia","PA",189600
"female","65-69","sc_cycle_ylls_pa_myeloid_leukemia_ub",0.37105,"bogota","Cycling",NA,NA,"L3: Myeloid Leukemia","PA",141409
"male","15-19","sc_car_ylls_pa_myeloid_leukemia_ub",-0.07243,"bogota","Car",NA,NA,"L3: Myeloid Leukemia","PA",282736
"male","20-24","sc_car_ylls_pa_myeloid_leukemia_ub",-0.10127,"bogota","Car",NA,NA,"L3: Myeloid Leukemia","PA",357934
"male","25-29","sc_car_ylls_pa_myeloid_leukemia_ub",-0.15751,"bogota","Car",NA,NA,"L3: Myeloid Leukemia","PA",360031
"male","30-34","sc_car_ylls_pa_myeloid_leukemia_ub",-0.08673,"bogota","Car",NA,NA,"L3: Myeloid Leukemia","PA",321492
"male","35-39","sc_car_ylls_pa_myeloid_leukemia_ub",-0.0709,"bogota","Car",NA,NA,"L3: Myeloid Leukemia","PA",289808
"male","40-44","sc_car_ylls_pa_myeloid_leukemia_ub",-0.09295,"bogota","Car",NA,NA,"L3: Myeloid Leukemia","PA",244543
"male","45-49","sc_car_ylls_pa_myeloid_leukemia_ub",-0.07262,"bogota","Car",NA,NA,"L3: Myeloid Leukemia","PA",215491
"male","50-54","sc_car_ylls_pa_myeloid_leukemia_ub",-0.05716,"bogota","Car",NA,NA,"L3: Myeloid Leukemia","PA",209137
"male","55-59","sc_car_ylls_pa_myeloid_leukemia_ub",-0.08098,"bogota","Car",NA,NA,"L3: Myeloid Leukemia","PA",187551
"male","60-64","sc_car_ylls_pa_myeloid_leukemia_ub",-0.05699,"bogota","Car",NA,NA,"L3: Myeloid Leukemia","PA",146500
"male","65-69","sc_car_ylls_pa_myeloid_leukemia_ub",-0.06103,"bogota","Car",NA,NA,"L3: Myeloid Leukemia","PA",105412
"female","15-19","sc_car_ylls_pa_myeloid_leukemia_ub",-0.03326,"bogota","Car",NA,NA,"L3: Myeloid Leukemia","PA",279280
"female","20-24","sc_car_ylls_pa_myeloid_leukemia_ub",-0.07587,"bogota","Car",NA,NA,"L3: Myeloid Leukemia","PA",360197
"female","25-29","sc_car_ylls_pa_myeloid_leukemia_ub",-0.06994,"bogota","Car",NA,NA,"L3: Myeloid Leukemia","PA",364423
"female","30-34","sc_car_ylls_pa_myeloid_leukemia_ub",-0.07111,"bogota","Car",NA,NA,"L3: Myeloid Leukemia","PA",330341
"female","35-39","sc_car_ylls_pa_myeloid_leukemia_ub",-0.07282,"bogota","Car",NA,NA,"L3: Myeloid Leukemia","PA",309304
"female","40-44","sc_car_ylls_pa_myeloid_leukemia_ub",-0.07141,"bogota","Car",NA,NA,"L3: Myeloid Leukemia","PA",275440
"female","45-49","sc_car_ylls_pa_myeloid_leukemia_ub",-0.06188,"bogota","Car",NA,NA,"L3: Myeloid Leukemia","PA",254843
"female","50-54","sc_car_ylls_pa_myeloid_leukemia_ub",-0.0425,"bogota","Car",NA,NA,"L3: Myeloid Leukemia","PA",256059
"female","55-59","sc_car_ylls_pa_myeloid_leukemia_ub",-0.0548,"bogota","Car",NA,NA,"L3: Myeloid Leukemia","PA",235548
"female","60-64","sc_car_ylls_pa_myeloid_leukemia_ub",-0.04873,"bogota","Car",NA,NA,"L3: Myeloid Leukemia","PA",189600
"female","65-69","sc_car_ylls_pa_myeloid_leukemia_ub",-0.04167,"bogota","Car",NA,NA,"L3: Myeloid Leukemia","PA",141409
"male","15-19","sc_bus_ylls_pa_myeloid_leukemia_ub",-0.09028,"bogota","Bus",NA,NA,"L3: Myeloid Leukemia","PA",282736
"male","20-24","sc_bus_ylls_pa_myeloid_leukemia_ub",-0.15774,"bogota","Bus",NA,NA,"L3: Myeloid Leukemia","PA",357934
"male","25-29","sc_bus_ylls_pa_myeloid_leukemia_ub",-0.21772,"bogota","Bus",NA,NA,"L3: Myeloid Leukemia","PA",360031
"male","30-34","sc_bus_ylls_pa_myeloid_leukemia_ub",-0.20238,"bogota","Bus",NA,NA,"L3: Myeloid Leukemia","PA",321492
"male","35-39","sc_bus_ylls_pa_myeloid_leukemia_ub",-0.13666,"bogota","Bus",NA,NA,"L3: Myeloid Leukemia","PA",289808
"male","40-44","sc_bus_ylls_pa_myeloid_leukemia_ub",-0.1181,"bogota","Bus",NA,NA,"L3: Myeloid Leukemia","PA",244543
"male","45-49","sc_bus_ylls_pa_myeloid_leukemia_ub",-0.09902,"bogota","Bus",NA,NA,"L3: Myeloid Leukemia","PA",215491
"male","50-54","sc_bus_ylls_pa_myeloid_leukemia_ub",-0.09254,"bogota","Bus",NA,NA,"L3: Myeloid Leukemia","PA",209137
"male","55-59","sc_bus_ylls_pa_myeloid_leukemia_ub",-0.11733,"bogota","Bus",NA,NA,"L3: Myeloid Leukemia","PA",187551
"male","60-64","sc_bus_ylls_pa_myeloid_leukemia_ub",-0.1302,"bogota","Bus",NA,NA,"L3: Myeloid Leukemia","PA",146500
"male","65-69","sc_bus_ylls_pa_myeloid_leukemia_ub",-0.06602,"bogota","Bus",NA,NA,"L3: Myeloid Leukemia","PA",105412
"female","15-19","sc_bus_ylls_pa_myeloid_leukemia_ub",-0.03084,"bogota","Bus",NA,NA,"L3: Myeloid Leukemia","PA",279280
"female","20-24","sc_bus_ylls_pa_myeloid_leukemia_ub",-0.10452,"bogota","Bus",NA,NA,"L3: Myeloid Leukemia","PA",360197
"female","25-29","sc_bus_ylls_pa_myeloid_leukemia_ub",-0.08904,"bogota","Bus",NA,NA,"L3: Myeloid Leukemia","PA",364423
"female","30-34","sc_bus_ylls_pa_myeloid_leukemia_ub",-0.07902,"bogota","Bus",NA,NA,"L3: Myeloid Leukemia","PA",330341
"female","35-39","sc_bus_ylls_pa_myeloid_leukemia_ub",-0.09422,"bogota","Bus",NA,NA,"L3: Myeloid Leukemia","PA",309304
"female","40-44","sc_bus_ylls_pa_myeloid_leukemia_ub",-0.08784,"bogota","Bus",NA,NA,"L3: Myeloid Leukemia","PA",275440
"female","45-49","sc_bus_ylls_pa_myeloid_leukemia_ub",-0.07636,"bogota","Bus",NA,NA,"L3: Myeloid Leukemia","PA",254843
"female","50-54","sc_bus_ylls_pa_myeloid_leukemia_ub",-0.0417,"bogota","Bus",NA,NA,"L3: Myeloid Leukemia","PA",256059
"female","55-59","sc_bus_ylls_pa_myeloid_leukemia_ub",-0.06341,"bogota","Bus",NA,NA,"L3: Myeloid Leukemia","PA",235548
"female","60-64","sc_bus_ylls_pa_myeloid_leukemia_ub",-0.05677,"bogota","Bus",NA,NA,"L3: Myeloid Leukemia","PA",189600
"female","65-69","sc_bus_ylls_pa_myeloid_leukemia_ub",-0.0489,"bogota","Bus",NA,NA,"L3: Myeloid Leukemia","PA",141409
"male","15-19","sc_cycle_ylls_ap_respiratory",-0.72127,"bogota","Cycling",NA,"L2: Respiratory",NA,"AP",282736
"male","20-24","sc_cycle_ylls_ap_respiratory",-1.61288,"bogota","Cycling",NA,"L2: Respiratory",NA,"AP",357934
"male","25-29","sc_cycle_ylls_ap_respiratory",-1.9947,"bogota","Cycling",NA,"L2: Respiratory",NA,"AP",360031
"male","30-34","sc_cycle_ylls_ap_respiratory",-1.47719,"bogota","Cycling",NA,"L2: Respiratory",NA,"AP",321492
"male","35-39","sc_cycle_ylls_ap_respiratory",-1.38026,"bogota","Cycling",NA,"L2: Respiratory",NA,"AP",289808
"male","40-44","sc_cycle_ylls_ap_respiratory",-1.53121,"bogota","Cycling",NA,"L2: Respiratory",NA,"AP",244543
"male","45-49","sc_cycle_ylls_ap_respiratory",-1.53814,"bogota","Cycling",NA,"L2: Respiratory",NA,"AP",215491
"male","50-54","sc_cycle_ylls_ap_respiratory",-3.10065,"bogota","Cycling",NA,"L2: Respiratory",NA,"AP",209137
"male","55-59","sc_cycle_ylls_ap_respiratory",-4.29691,"bogota","Cycling",NA,"L2: Respiratory",NA,"AP",187551
"male","60-64","sc_cycle_ylls_ap_respiratory",-6.24299,"bogota","Cycling",NA,"L2: Respiratory",NA,"AP",146500
"male","65-69","sc_cycle_ylls_ap_respiratory",-6.34334,"bogota","Cycling",NA,"L2: Respiratory",NA,"AP",105412
"female","15-19","sc_cycle_ylls_ap_respiratory",-0.90902,"bogota","Cycling",NA,"L2: Respiratory",NA,"AP",279280
"female","20-24","sc_cycle_ylls_ap_respiratory",-1.59287,"bogota","Cycling",NA,"L2: Respiratory",NA,"AP",360197
"female","25-29","sc_cycle_ylls_ap_respiratory",-1.82486,"bogota","Cycling",NA,"L2: Respiratory",NA,"AP",364423
"female","30-34","sc_cycle_ylls_ap_respiratory",-1.82797,"bogota","Cycling",NA,"L2: Respiratory",NA,"AP",330341
"female","35-39","sc_cycle_ylls_ap_respiratory",-1.89961,"bogota","Cycling",NA,"L2: Respiratory",NA,"AP",309304
"female","40-44","sc_cycle_ylls_ap_respiratory",-2.09947,"bogota","Cycling",NA,"L2: Respiratory",NA,"AP",275440
"female","45-49","sc_cycle_ylls_ap_respiratory",-2.20897,"bogota","Cycling",NA,"L2: Respiratory",NA,"AP",254843
"female","50-54","sc_cycle_ylls_ap_respiratory",-3.98885,"bogota","Cycling",NA,"L2: Respiratory",NA,"AP",256059
"female","55-59","sc_cycle_ylls_ap_respiratory",-5.78419,"bogota","Cycling",NA,"L2: Respiratory",NA,"AP",235548
"female","60-64","sc_cycle_ylls_ap_respiratory",-7.46211,"bogota","Cycling",NA,"L2: Respiratory",NA,"AP",189600
"female","65-69","sc_cycle_ylls_ap_respiratory",-7.13594,"bogota","Cycling",NA,"L2: Respiratory",NA,"AP",141409
"male","15-19","sc_car_ylls_ap_respiratory",-0.08769,"bogota","Car",NA,"L2: Respiratory",NA,"AP",282736
"male","20-24","sc_car_ylls_ap_respiratory",-0.88648,"bogota","Car",NA,"L2: Respiratory",NA,"AP",357934
"male","25-29","sc_car_ylls_ap_respiratory",-1.11601,"bogota","Car",NA,"L2: Respiratory",NA,"AP",360031
"male","30-34","sc_car_ylls_ap_respiratory",-1.32692,"bogota","Car",NA,"L2: Respiratory",NA,"AP",321492
"male","35-39","sc_car_ylls_ap_respiratory",-1.27933,"bogota","Car",NA,"L2: Respiratory",NA,"AP",289808
"male","40-44","sc_car_ylls_ap_respiratory",-1.28194,"bogota","Car",NA,"L2: Respiratory",NA,"AP",244543
"male","45-49","sc_car_ylls_ap_respiratory",-1.4942,"bogota","Car",NA,"L2: Respiratory",NA,"AP",215491
"male","50-54","sc_car_ylls_ap_respiratory",-1.2729,"bogota","Car",NA,"L2: Respiratory",NA,"AP",209137
"male","55-59","sc_car_ylls_ap_respiratory",-1.16225,"bogota","Car",NA,"L2: Respiratory",NA,"AP",187551
"male","60-64","sc_car_ylls_ap_respiratory",-2.00933,"bogota","Car",NA,"L2: Respiratory",NA,"AP",146500
"male","65-69","sc_car_ylls_ap_respiratory",-2.75,"bogota","Car",NA,"L2: Respiratory",NA,"AP",105412
"female","15-19","sc_car_ylls_ap_respiratory",-0.25732,"bogota","Car",NA,"L2: Respiratory",NA,"AP",279280
"female","20-24","sc_car_ylls_ap_respiratory",-1.00139,"bogota","Car",NA,"L2: Respiratory",NA,"AP",360197
"female","25-29","sc_car_ylls_ap_respiratory",-1.24228,"bogota","Car",NA,"L2: Respiratory",NA,"AP",364423
"female","30-34","sc_car_ylls_ap_respiratory",-1.25565,"bogota","Car",NA,"L2: Respiratory",NA,"AP",330341
"female","35-39","sc_car_ylls_ap_respiratory",-1.33077,"bogota","Car",NA,"L2: Respiratory",NA,"AP",309304
"female","40-44","sc_car_ylls_ap_respiratory",-1.67628,"bogota","Car",NA,"L2: Respiratory",NA,"AP",275440
"female","45-49","sc_car_ylls_ap_respiratory",-2.02193,"bogota","Car",NA,"L2: Respiratory",NA,"AP",254843
"female","50-54","sc_car_ylls_ap_respiratory",-1.66847,"bogota","Car",NA,"L2: Respiratory",NA,"AP",256059
"female","55-59","sc_car_ylls_ap_respiratory",-2.30163,"bogota","Car",NA,"L2: Respiratory",NA,"AP",235548
"female","60-64","sc_car_ylls_ap_respiratory",-3.0273,"bogota","Car",NA,"L2: Respiratory",NA,"AP",189600
"female","65-69","sc_car_ylls_ap_respiratory",-2.94438,"bogota","Car",NA,"L2: Respiratory",NA,"AP",141409
"male","15-19","sc_bus_ylls_ap_respiratory",0.52522,"bogota","Bus",NA,"L2: Respiratory",NA,"AP",282736
"male","20-24","sc_bus_ylls_ap_respiratory",0.61426,"bogota","Bus",NA,"L2: Respiratory",NA,"AP",357934
"male","25-29","sc_bus_ylls_ap_respiratory",0.9764,"bogota","Bus",NA,"L2: Respiratory",NA,"AP",360031
"male","30-34","sc_bus_ylls_ap_respiratory",0.9712,"bogota","Bus",NA,"L2: Respiratory",NA,"AP",321492
"male","35-39","sc_bus_ylls_ap_respiratory",1.17302,"bogota","Bus",NA,"L2: Respiratory",NA,"AP",289808
"male","40-44","sc_bus_ylls_ap_respiratory",1.15572,"bogota","Bus",NA,"L2: Respiratory",NA,"AP",244543
"male","45-49","sc_bus_ylls_ap_respiratory",1.42577,"bogota","Bus",NA,"L2: Respiratory",NA,"AP",215491
"male","50-54","sc_bus_ylls_ap_respiratory",2.23643,"bogota","Bus",NA,"L2: Respiratory",NA,"AP",209137
"male","55-59","sc_bus_ylls_ap_respiratory",3.42119,"bogota","Bus",NA,"L2: Respiratory",NA,"AP",187551
"male","60-64","sc_bus_ylls_ap_respiratory",5.16697,"bogota","Bus",NA,"L2: Respiratory",NA,"AP",146500
"male","65-69","sc_bus_ylls_ap_respiratory",6.10581,"bogota","Bus",NA,"L2: Respiratory",NA,"AP",105412
"female","15-19","sc_bus_ylls_ap_respiratory",0.17334,"bogota","Bus",NA,"L2: Respiratory",NA,"AP",279280
"female","20-24","sc_bus_ylls_ap_respiratory",0.44641,"bogota","Bus",NA,"L2: Respiratory",NA,"AP",360197
"female","25-29","sc_bus_ylls_ap_respiratory",0.47785,"bogota","Bus",NA,"L2: Respiratory",NA,"AP",364423
"female","30-34","sc_bus_ylls_ap_respiratory",0.64604,"bogota","Bus",NA,"L2: Respiratory",NA,"AP",330341
"female","35-39","sc_bus_ylls_ap_respiratory",0.82704,"bogota","Bus",NA,"L2: Respiratory",NA,"AP",309304
"female","40-44","sc_bus_ylls_ap_respiratory",0.74406,"bogota","Bus",NA,"L2: Respiratory",NA,"AP",275440
"female","45-49","sc_bus_ylls_ap_respiratory",0.8077,"bogota","Bus",NA,"L2: Respiratory",NA,"AP",254843
"female","50-54","sc_bus_ylls_ap_respiratory",0.95094,"bogota","Bus",NA,"L2: Respiratory",NA,"AP",256059
"female","55-59","sc_bus_ylls_ap_respiratory",1.58157,"bogota","Bus",NA,"L2: Respiratory",NA,"AP",235548
"female","60-64","sc_bus_ylls_ap_respiratory",2.28126,"bogota","Bus",NA,"L2: Respiratory",NA,"AP",189600
"female","65-69","sc_bus_ylls_ap_respiratory",2.49889,"bogota","Bus",NA,"L2: Respiratory",NA,"AP",141409
"male","15-19","sc_cycle_ylls_ap_respiratory_lb",-0.72127,"bogota","Cycling",NA,"L2: Respiratory",NA,"AP",282736
"male","20-24","sc_cycle_ylls_ap_respiratory_lb",-1.61288,"bogota","Cycling",NA,"L2: Respiratory",NA,"AP",357934
"male","25-29","sc_cycle_ylls_ap_respiratory_lb",-1.9947,"bogota","Cycling",NA,"L2: Respiratory",NA,"AP",360031
"male","30-34","sc_cycle_ylls_ap_respiratory_lb",-1.47719,"bogota","Cycling",NA,"L2: Respiratory",NA,"AP",321492
"male","35-39","sc_cycle_ylls_ap_respiratory_lb",-1.38026,"bogota","Cycling",NA,"L2: Respiratory",NA,"AP",289808
"male","40-44","sc_cycle_ylls_ap_respiratory_lb",-1.53121,"bogota","Cycling",NA,"L2: Respiratory",NA,"AP",244543
"male","45-49","sc_cycle_ylls_ap_respiratory_lb",-1.53814,"bogota","Cycling",NA,"L2: Respiratory",NA,"AP",215491
"male","50-54","sc_cycle_ylls_ap_respiratory_lb",-3.10065,"bogota","Cycling",NA,"L2: Respiratory",NA,"AP",209137
"male","55-59","sc_cycle_ylls_ap_respiratory_lb",-4.29691,"bogota","Cycling",NA,"L2: Respiratory",NA,"AP",187551
"male","60-64","sc_cycle_ylls_ap_respiratory_lb",-6.24299,"bogota","Cycling",NA,"L2: Respiratory",NA,"AP",146500
"male","65-69","sc_cycle_ylls_ap_respiratory_lb",-6.34334,"bogota","Cycling",NA,"L2: Respiratory",NA,"AP",105412
"female","15-19","sc_cycle_ylls_ap_respiratory_lb",-0.90902,"bogota","Cycling",NA,"L2: Respiratory",NA,"AP",279280
"female","20-24","sc_cycle_ylls_ap_respiratory_lb",-1.59287,"bogota","Cycling",NA,"L2: Respiratory",NA,"AP",360197
"female","25-29","sc_cycle_ylls_ap_respiratory_lb",-1.82486,"bogota","Cycling",NA,"L2: Respiratory",NA,"AP",364423
"female","30-34","sc_cycle_ylls_ap_respiratory_lb",-1.82797,"bogota","Cycling",NA,"L2: Respiratory",NA,"AP",330341
"female","35-39","sc_cycle_ylls_ap_respiratory_lb",-1.89961,"bogota","Cycling",NA,"L2: Respiratory",NA,"AP",309304
"female","40-44","sc_cycle_ylls_ap_respiratory_lb",-2.09947,"bogota","Cycling",NA,"L2: Respiratory",NA,"AP",275440
"female","45-49","sc_cycle_ylls_ap_respiratory_lb",-2.20897,"bogota","Cycling",NA,"L2: Respiratory",NA,"AP",254843
"female","50-54","sc_cycle_ylls_ap_respiratory_lb",-3.98885,"bogota","Cycling",NA,"L2: Respiratory",NA,"AP",256059
"female","55-59","sc_cycle_ylls_ap_respiratory_lb",-5.78419,"bogota","Cycling",NA,"L2: Respiratory",NA,"AP",235548
"female","60-64","sc_cycle_ylls_ap_respiratory_lb",-7.46211,"bogota","Cycling",NA,"L2: Respiratory",NA,"AP",189600
"female","65-69","sc_cycle_ylls_ap_respiratory_lb",-7.13594,"bogota","Cycling",NA,"L2: Respiratory",NA,"AP",141409
"male","15-19","sc_car_ylls_ap_respiratory_lb",-0.08769,"bogota","Car",NA,"L2: Respiratory",NA,"AP",282736
"male","20-24","sc_car_ylls_ap_respiratory_lb",-0.88648,"bogota","Car",NA,"L2: Respiratory",NA,"AP",357934
"male","25-29","sc_car_ylls_ap_respiratory_lb",-1.11601,"bogota","Car",NA,"L2: Respiratory",NA,"AP",360031
"male","30-34","sc_car_ylls_ap_respiratory_lb",-1.32692,"bogota","Car",NA,"L2: Respiratory",NA,"AP",321492
"male","35-39","sc_car_ylls_ap_respiratory_lb",-1.27933,"bogota","Car",NA,"L2: Respiratory",NA,"AP",289808
"male","40-44","sc_car_ylls_ap_respiratory_lb",-1.28194,"bogota","Car",NA,"L2: Respiratory",NA,"AP",244543
"male","45-49","sc_car_ylls_ap_respiratory_lb",-1.4942,"bogota","Car",NA,"L2: Respiratory",NA,"AP",215491
"male","50-54","sc_car_ylls_ap_respiratory_lb",-1.2729,"bogota","Car",NA,"L2: Respiratory",NA,"AP",209137
"male","55-59","sc_car_ylls_ap_respiratory_lb",-1.16225,"bogota","Car",NA,"L2: Respiratory",NA,"AP",187551
"male","60-64","sc_car_ylls_ap_respiratory_lb",-2.00933,"bogota","Car",NA,"L2: Respiratory",NA,"AP",146500
"male","65-69","sc_car_ylls_ap_respiratory_lb",-2.75,"bogota","Car",NA,"L2: Respiratory",NA,"AP",105412
"female","15-19","sc_car_ylls_ap_respiratory_lb",-0.25732,"bogota","Car",NA,"L2: Respiratory",NA,"AP",279280
"female","20-24","sc_car_ylls_ap_respiratory_lb",-1.00139,"bogota","Car",NA,"L2: Respiratory",NA,"AP",360197
"female","25-29","sc_car_ylls_ap_respiratory_lb",-1.24228,"bogota","Car",NA,"L2: Respiratory",NA,"AP",364423
"female","30-34","sc_car_ylls_ap_respiratory_lb",-1.25565,"bogota","Car",NA,"L2: Respiratory",NA,"AP",330341
"female","35-39","sc_car_ylls_ap_respiratory_lb",-1.33077,"bogota","Car",NA,"L2: Respiratory",NA,"AP",309304
"female","40-44","sc_car_ylls_ap_respiratory_lb",-1.67628,"bogota","Car",NA,"L2: Respiratory",NA,"AP",275440
"female","45-49","sc_car_ylls_ap_respiratory_lb",-2.02193,"bogota","Car",NA,"L2: Respiratory",NA,"AP",254843
"female","50-54","sc_car_ylls_ap_respiratory_lb",-1.66847,"bogota","Car",NA,"L2: Respiratory",NA,"AP",256059
"female","55-59","sc_car_ylls_ap_respiratory_lb",-2.30163,"bogota","Car",NA,"L2: Respiratory",NA,"AP",235548
"female","60-64","sc_car_ylls_ap_respiratory_lb",-3.0273,"bogota","Car",NA,"L2: Respiratory",NA,"AP",189600
"female","65-69","sc_car_ylls_ap_respiratory_lb",-2.94438,"bogota","Car",NA,"L2: Respiratory",NA,"AP",141409
"male","15-19","sc_bus_ylls_ap_respiratory_lb",0.52522,"bogota","Bus",NA,"L2: Respiratory",NA,"AP",282736
"male","20-24","sc_bus_ylls_ap_respiratory_lb",0.61426,"bogota","Bus",NA,"L2: Respiratory",NA,"AP",357934
"male","25-29","sc_bus_ylls_ap_respiratory_lb",0.9764,"bogota","Bus",NA,"L2: Respiratory",NA,"AP",360031
"male","30-34","sc_bus_ylls_ap_respiratory_lb",0.9712,"bogota","Bus",NA,"L2: Respiratory",NA,"AP",321492
"male","35-39","sc_bus_ylls_ap_respiratory_lb",1.17302,"bogota","Bus",NA,"L2: Respiratory",NA,"AP",289808
"male","40-44","sc_bus_ylls_ap_respiratory_lb",1.15572,"bogota","Bus",NA,"L2: Respiratory",NA,"AP",244543
"male","45-49","sc_bus_ylls_ap_respiratory_lb",1.42577,"bogota","Bus",NA,"L2: Respiratory",NA,"AP",215491
"male","50-54","sc_bus_ylls_ap_respiratory_lb",2.23643,"bogota","Bus",NA,"L2: Respiratory",NA,"AP",209137
"male","55-59","sc_bus_ylls_ap_respiratory_lb",3.42119,"bogota","Bus",NA,"L2: Respiratory",NA,"AP",187551
"male","60-64","sc_bus_ylls_ap_respiratory_lb",5.16697,"bogota","Bus",NA,"L2: Respiratory",NA,"AP",146500
"male","65-69","sc_bus_ylls_ap_respiratory_lb",6.10581,"bogota","Bus",NA,"L2: Respiratory",NA,"AP",105412
"female","15-19","sc_bus_ylls_ap_respiratory_lb",0.17334,"bogota","Bus",NA,"L2: Respiratory",NA,"AP",279280
"female","20-24","sc_bus_ylls_ap_respiratory_lb",0.44641,"bogota","Bus",NA,"L2: Respiratory",NA,"AP",360197
"female","25-29","sc_bus_ylls_ap_respiratory_lb",0.47785,"bogota","Bus",NA,"L2: Respiratory",NA,"AP",364423
"female","30-34","sc_bus_ylls_ap_respiratory_lb",0.64604,"bogota","Bus",NA,"L2: Respiratory",NA,"AP",330341
"female","35-39","sc_bus_ylls_ap_respiratory_lb",0.82704,"bogota","Bus",NA,"L2: Respiratory",NA,"AP",309304
"female","40-44","sc_bus_ylls_ap_respiratory_lb",0.74406,"bogota","Bus",NA,"L2: Respiratory",NA,"AP",275440
"female","45-49","sc_bus_ylls_ap_respiratory_lb",0.8077,"bogota","Bus",NA,"L2: Respiratory",NA,"AP",254843
"female","50-54","sc_bus_ylls_ap_respiratory_lb",0.95094,"bogota","Bus",NA,"L2: Respiratory",NA,"AP",256059
"female","55-59","sc_bus_ylls_ap_respiratory_lb",1.58157,"bogota","Bus",NA,"L2: Respiratory",NA,"AP",235548
"female","60-64","sc_bus_ylls_ap_respiratory_lb",2.28126,"bogota","Bus",NA,"L2: Respiratory",NA,"AP",189600
"female","65-69","sc_bus_ylls_ap_respiratory_lb",2.49889,"bogota","Bus",NA,"L2: Respiratory",NA,"AP",141409
"male","15-19","sc_cycle_ylls_ap_respiratory_ub",-0.72127,"bogota","Cycling",NA,"L2: Respiratory",NA,"AP",282736
"male","20-24","sc_cycle_ylls_ap_respiratory_ub",-1.61288,"bogota","Cycling",NA,"L2: Respiratory",NA,"AP",357934
"male","25-29","sc_cycle_ylls_ap_respiratory_ub",-1.9947,"bogota","Cycling",NA,"L2: Respiratory",NA,"AP",360031
"male","30-34","sc_cycle_ylls_ap_respiratory_ub",-1.47719,"bogota","Cycling",NA,"L2: Respiratory",NA,"AP",321492
"male","35-39","sc_cycle_ylls_ap_respiratory_ub",-1.38026,"bogota","Cycling",NA,"L2: Respiratory",NA,"AP",289808
"male","40-44","sc_cycle_ylls_ap_respiratory_ub",-1.53121,"bogota","Cycling",NA,"L2: Respiratory",NA,"AP",244543
"male","45-49","sc_cycle_ylls_ap_respiratory_ub",-1.53814,"bogota","Cycling",NA,"L2: Respiratory",NA,"AP",215491
"male","50-54","sc_cycle_ylls_ap_respiratory_ub",-3.10065,"bogota","Cycling",NA,"L2: Respiratory",NA,"AP",209137
"male","55-59","sc_cycle_ylls_ap_respiratory_ub",-4.29691,"bogota","Cycling",NA,"L2: Respiratory",NA,"AP",187551
"male","60-64","sc_cycle_ylls_ap_respiratory_ub",-6.24299,"bogota","Cycling",NA,"L2: Respiratory",NA,"AP",146500
"male","65-69","sc_cycle_ylls_ap_respiratory_ub",-6.34334,"bogota","Cycling",NA,"L2: Respiratory",NA,"AP",105412
"female","15-19","sc_cycle_ylls_ap_respiratory_ub",-0.90902,"bogota","Cycling",NA,"L2: Respiratory",NA,"AP",279280
"female","20-24","sc_cycle_ylls_ap_respiratory_ub",-1.59287,"bogota","Cycling",NA,"L2: Respiratory",NA,"AP",360197
"female","25-29","sc_cycle_ylls_ap_respiratory_ub",-1.82486,"bogota","Cycling",NA,"L2: Respiratory",NA,"AP",364423
"female","30-34","sc_cycle_ylls_ap_respiratory_ub",-1.82797,"bogota","Cycling",NA,"L2: Respiratory",NA,"AP",330341
"female","35-39","sc_cycle_ylls_ap_respiratory_ub",-1.89961,"bogota","Cycling",NA,"L2: Respiratory",NA,"AP",309304
"female","40-44","sc_cycle_ylls_ap_respiratory_ub",-2.09947,"bogota","Cycling",NA,"L2: Respiratory",NA,"AP",275440
"female","45-49","sc_cycle_ylls_ap_respiratory_ub",-2.20897,"bogota","Cycling",NA,"L2: Respiratory",NA,"AP",254843
"female","50-54","sc_cycle_ylls_ap_respiratory_ub",-3.98885,"bogota","Cycling",NA,"L2: Respiratory",NA,"AP",256059
"female","55-59","sc_cycle_ylls_ap_respiratory_ub",-5.78419,"bogota","Cycling",NA,"L2: Respiratory",NA,"AP",235548
"female","60-64","sc_cycle_ylls_ap_respiratory_ub",-7.46211,"bogota","Cycling",NA,"L2: Respiratory",NA,"AP",189600
"female","65-69","sc_cycle_ylls_ap_respiratory_ub",-7.13594,"bogota","Cycling",NA,"L2: Respiratory",NA,"AP",141409
"male","15-19","sc_car_ylls_ap_respiratory_ub",-0.08769,"bogota","Car",NA,"L2: Respiratory",NA,"AP",282736
"male","20-24","sc_car_ylls_ap_respiratory_ub",-0.88648,"bogota","Car",NA,"L2: Respiratory",NA,"AP",357934
"male","25-29","sc_car_ylls_ap_respiratory_ub",-1.11601,"bogota","Car",NA,"L2: Respiratory",NA,"AP",360031
"male","30-34","sc_car_ylls_ap_respiratory_ub",-1.32692,"bogota","Car",NA,"L2: Respiratory",NA,"AP",321492
"male","35-39","sc_car_ylls_ap_respiratory_ub",-1.27933,"bogota","Car",NA,"L2: Respiratory",NA,"AP",289808
"male","40-44","sc_car_ylls_ap_respiratory_ub",-1.28194,"bogota","Car",NA,"L2: Respiratory",NA,"AP",244543
"male","45-49","sc_car_ylls_ap_respiratory_ub",-1.4942,"bogota","Car",NA,"L2: Respiratory",NA,"AP",215491
"male","50-54","sc_car_ylls_ap_respiratory_ub",-1.2729,"bogota","Car",NA,"L2: Respiratory",NA,"AP",209137
"male","55-59","sc_car_ylls_ap_respiratory_ub",-1.16225,"bogota","Car",NA,"L2: Respiratory",NA,"AP",187551
"male","60-64","sc_car_ylls_ap_respiratory_ub",-2.00933,"bogota","Car",NA,"L2: Respiratory",NA,"AP",146500
"male","65-69","sc_car_ylls_ap_respiratory_ub",-2.75,"bogota","Car",NA,"L2: Respiratory",NA,"AP",105412
"female","15-19","sc_car_ylls_ap_respiratory_ub",-0.25732,"bogota","Car",NA,"L2: Respiratory",NA,"AP",279280
"female","20-24","sc_car_ylls_ap_respiratory_ub",-1.00139,"bogota","Car",NA,"L2: Respiratory",NA,"AP",360197
"female","25-29","sc_car_ylls_ap_respiratory_ub",-1.24228,"bogota","Car",NA,"L2: Respiratory",NA,"AP",364423
"female","30-34","sc_car_ylls_ap_respiratory_ub",-1.25565,"bogota","Car",NA,"L2: Respiratory",NA,"AP",330341
"female","35-39","sc_car_ylls_ap_respiratory_ub",-1.33077,"bogota","Car",NA,"L2: Respiratory",NA,"AP",309304
"female","40-44","sc_car_ylls_ap_respiratory_ub",-1.67628,"bogota","Car",NA,"L2: Respiratory",NA,"AP",275440
"female","45-49","sc_car_ylls_ap_respiratory_ub",-2.02193,"bogota","Car",NA,"L2: Respiratory",NA,"AP",254843
"female","50-54","sc_car_ylls_ap_respiratory_ub",-1.66847,"bogota","Car",NA,"L2: Respiratory",NA,"AP",256059
"female","55-59","sc_car_ylls_ap_respiratory_ub",-2.30163,"bogota","Car",NA,"L2: Respiratory",NA,"AP",235548
"female","60-64","sc_car_ylls_ap_respiratory_ub",-3.0273,"bogota","Car",NA,"L2: Respiratory",NA,"AP",189600
"female","65-69","sc_car_ylls_ap_respiratory_ub",-2.94438,"bogota","Car",NA,"L2: Respiratory",NA,"AP",141409
"male","15-19","sc_bus_ylls_ap_respiratory_ub",0.52522,"bogota","Bus",NA,"L2: Respiratory",NA,"AP",282736
"male","20-24","sc_bus_ylls_ap_respiratory_ub",0.61426,"bogota","Bus",NA,"L2: Respiratory",NA,"AP",357934
"male","25-29","sc_bus_ylls_ap_respiratory_ub",0.9764,"bogota","Bus",NA,"L2: Respiratory",NA,"AP",360031
"male","30-34","sc_bus_ylls_ap_respiratory_ub",0.9712,"bogota","Bus",NA,"L2: Respiratory",NA,"AP",321492
"male","35-39","sc_bus_ylls_ap_respiratory_ub",1.17302,"bogota","Bus",NA,"L2: Respiratory",NA,"AP",289808
"male","40-44","sc_bus_ylls_ap_respiratory_ub",1.15572,"bogota","Bus",NA,"L2: Respiratory",NA,"AP",244543
"male","45-49","sc_bus_ylls_ap_respiratory_ub",1.42577,"bogota","Bus",NA,"L2: Respiratory",NA,"AP",215491
"male","50-54","sc_bus_ylls_ap_respiratory_ub",2.23643,"bogota","Bus",NA,"L2: Respiratory",NA,"AP",209137
"male","55-59","sc_bus_ylls_ap_respiratory_ub",3.42119,"bogota","Bus",NA,"L2: Respiratory",NA,"AP",187551
"male","60-64","sc_bus_ylls_ap_respiratory_ub",5.16697,"bogota","Bus",NA,"L2: Respiratory",NA,"AP",146500
"male","65-69","sc_bus_ylls_ap_respiratory_ub",6.10581,"bogota","Bus",NA,"L2: Respiratory",NA,"AP",105412
"female","15-19","sc_bus_ylls_ap_respiratory_ub",0.17334,"bogota","Bus",NA,"L2: Respiratory",NA,"AP",279280
"female","20-24","sc_bus_ylls_ap_respiratory_ub",0.44641,"bogota","Bus",NA,"L2: Respiratory",NA,"AP",360197
"female","25-29","sc_bus_ylls_ap_respiratory_ub",0.47785,"bogota","Bus",NA,"L2: Respiratory",NA,"AP",364423
"female","30-34","sc_bus_ylls_ap_respiratory_ub",0.64604,"bogota","Bus",NA,"L2: Respiratory",NA,"AP",330341
"female","35-39","sc_bus_ylls_ap_respiratory_ub",0.82704,"bogota","Bus",NA,"L2: Respiratory",NA,"AP",309304
"female","40-44","sc_bus_ylls_ap_respiratory_ub",0.74406,"bogota","Bus",NA,"L2: Respiratory",NA,"AP",275440
"female","45-49","sc_bus_ylls_ap_respiratory_ub",0.8077,"bogota","Bus",NA,"L2: Respiratory",NA,"AP",254843
"female","50-54","sc_bus_ylls_ap_respiratory_ub",0.95094,"bogota","Bus",NA,"L2: Respiratory",NA,"AP",256059
"female","55-59","sc_bus_ylls_ap_respiratory_ub",1.58157,"bogota","Bus",NA,"L2: Respiratory",NA,"AP",235548
"female","60-64","sc_bus_ylls_ap_respiratory_ub",2.28126,"bogota","Bus",NA,"L2: Respiratory",NA,"AP",189600
"female","65-69","sc_bus_ylls_ap_respiratory_ub",2.49889,"bogota","Bus",NA,"L2: Respiratory",NA,"AP",141409
