stage_mode,Baseline,Scenario 1,Scenario 2,Scenario 3
pedestrian,3838.0550000000067,3619.6950000000197,3494.8875000000235,3939.534999999982
car,33985.93333333334,32023.949999999935,38022.97499999988,31169.13333333325
cycle,164.15,4146.741666666672,140.8166666666667,136.73333333333335
taxi,6151.9500000000035,5624.775000000003,5224.35,5490.300000000003
truck,8952,8952,8952,8952
bus,28416.025000000125,27128.29166666662,25643.016666666663,31963.89166666647
bus_driver,28416.025000000125,27128.29166666662,25643.016666666663,31963.89166666647
