,mode_english,dur_weight,sum_weights,n_trips,total_duration,speed,total_distance,dist_per_capita,total_distance_pop,emissions,emission_share1,emission_share2
1,Bus,912766685,27369671,261971,8726787.192,15,2181696.798,10.90210626,96483640.38,78.63416691,0.059285644,0.438620127
2,Car,583946559,15339247,141258,5371365.326,21,1879977.864,9.394393601,83140383.37,1139.023252,0.858758098,0.089615525
3,Motorcycle,21489383,1056680,10163,204809.5246,25,85337.30194,0.426437044,3773967.839,3.713584354,0.002799829,0.038344861
4,ldv,NA,NA,NA,NA,NA,NA,NA,NA,42.72,0.032208426,0.176354453
5,hdv,NA,NA,NA,NA,NA,NA,NA,NA,62.27,0.046948003,0.257065035
