mode,No other/fixed or stationary object,Pedestrian,Pedal cycle,2/3 Wheeled,Car/pick-up/van,Bus,Railway train/railway vehicle,non-motor vehicle,unspecified,Non-collision,Unknown,Trucks
pedestrian,0,0,6.309123043,194.4418027,257.9760141,147.1770746,0,0,0,0,0,32.09598552
cycle,0,0.759259259,0.488095238,2.603174603,15.23941799,16.54100529,0,0,0,0,0,5.369047619
motorcycle,0,2.826086957,1.465378422,33.8953301,44.13405798,30.04227053,0,0,0,0,0,17.63687601
car,0,0,0,5.083333331,301.8822222,44.12333333,0,0,0,0,0,14.91111111
truck,0,0,0,0,2,0,0,0,0,0,0,10
bus,0,0.572173913,0,0,0.56,12.86782609,0,0,0,0,0,0
other,0,0.552685518,0.606660384,15.58783942,24.59552079,15.59830907,0,0,0,0,0,5.058984818
