trip_mode,Baseline,Scenario 1,Scenario 2,Scenario 3,Scenario 4,Scenario 5
Bicycle,222.33333333333331,222.33333333333331,222.33333333333331,222.33333333333331,2291.169443524352,222.33333333333331
Bus,34166.53300542036,18204.204714195177,44747.807136599935,18204.204714195177,18204.204714195177,18204.204714195177
Motorcycle,1623.3333333333335,1623.3333333333335,1623.3333333333335,12394.565853796998,760.4166666666667,1623.3333333333335
Private Car,12665.8,28628.128291225185,4005.400342801539,17856.89577076152,27531.40884770083,26421.54113760088
Taxi,4768.4,4768.4,401.8,4768.4,4659.2,4555.95
Walking,10076.309438265484,8762.959224925407,9545.591393251452,8762.959224925407,8762.959224925407,11181.99637854971
