trip_mode,Baseline,Scenario 1,Scenario 2,Scenario 3,Scenario 4,Scenario 5
Bicycle,222.33333333333331,222.33333333333331,222.33333333333331,222.33333333333331,1672.864569060084,222.33333333333331
Bus,26487.305979649835,13842.40290627537,34426.941185805386,13842.40290627537,13842.40290627537,13842.40290627537
Motorcycle,1623.3333333333335,1623.3333333333335,1623.3333333333335,9990.061253777109,867.9166666666667,1623.3333333333335
Private Car,12665.8,26027.023073374465,5454.977497724027,17660.29515293069,25430.25850431438,24874.778307499662
Taxi,4768.4,4768.4,1116.15,4768.4,4670.05,4561.55
Walking,10611.82352310773,9038.199532882712,11060.225857866266,9038.199532882712,9038.199532882712,10397.294298757515
