trip_mode,Baseline,Scenario 1,Scenario 2,Scenario 3,Scenario 4,Scenario 5
Bicycle,222.33333333333331,222.33333333333331,222.33333333333331,222.33333333333331,2998.6794617324854,222.33333333333331
Bus,26487.305979649835,13842.40290627537,28727.30381731072,13842.40290627537,13842.40290627537,13842.40290627537
Motorcycle,1623.3333333333335,1623.3333333333335,1623.3333333333335,9990.061253777109,1505,1623.3333333333335
Private Car,12665.8,26027.023073374465,10469.718505164687,17660.29515293069,23768.010278308648,22085.951699081088
Taxi,4768.4,4768.4,2241.75,4768.4,4369.4,3992.8
Walking,10611.82352310773,9895.50352310773,10919.200693403547,9895.50352310773,9895.50352310773,14612.174897401106
