trip_mode,Baseline,Scenario 1,Scenario 2,Scenario 3
Bicycle,55.58333333333333,55.58333333333333,372.68333333333334,55.58333333333333
Bus,9524.25,9524.25,9524.25,11405.5
Motorcycle,385.8333333333333,385.8333333333333,385.8333333333333,385.8333333333333
Private Car,3166.45,4284.05,2947.7,1656.2
Taxi,1192.1,1192.1,1093.75,821.1
Walking,55959.47352310773,54841.87352310773,55959.47352310773,55977.29212263173
