trip_mode,Baseline,Scenario 1,Scenario 2,Scenario 3,Scenario 4,Scenario 5
Bicycle,222.33333333333331,222.33333333333331,222.33333333333331,222.33333333333331,1048.3962239283255,222.33333333333331
Bus,26487.305979649835,13842.40290627537,34426.941185805386,13842.40290627537,13842.40290627537,13842.40290627537
Motorcycle,1623.3333333333335,1623.3333333333335,1623.3333333333335,9990.061253777109,1608.75,1623.3333333333335
Private Car,12665.8,26027.023073374465,5454.977497724027,17660.29515293069,25326.143516112807,24874.778307499662
Taxi,4768.4,4768.4,1116.15,4768.4,4657.8,4561.55
Walking,10611.82352310773,9895.50352310773,11060.225857866266,9895.50352310773,9895.50352310773,11254.598288982534
