trip_mode,Baseline,Scenario 1,Scenario 2,Scenario 3
Bicycle,55.58333333333331,55.58333333333331,372.68333333333334,55.58333333333331
Bus,9524.25,9524.25,9524.25,11405.5
Motorcycle,195.8333333333332,195.8333333333332,195.8333333333332,195.8333333333332
Private Car,3166.45,4284.05,2947.7,1656.2
Taxi,1192.1,1192.1,1093.75,821.1
Walking,53014.47352310773,51896.87352310773,53014.47352310773,53032.29212263173
