trip_mode,Baseline,Scenario 1,Scenario 2,Scenario 3,Scenario 4,Scenario 5
Bicycle,222.33333333333331,222.33333333333331,222.33333333333331,222.33333333333331,2044.3239953133457,222.33333333333331
Bus,34166.53300542036,17905.881602244594,44746.16290016559,17905.881602244594,17905.881602244594,17905.881602244594
Motorcycle,1623.3333333333335,1623.3333333333335,1623.3333333333335,11088.625492782114,772.5,1623.3333333333335
Private Car,12665.8,29614.13140317577,4658.981269460662,20148.839243726987,28706.324074529086,27870.64945870689
Taxi,4768.4,4768.4,430.15,4768.4,4705.05,4578.7
Walking,10076.309438265484,8792.13594553255,9577.133972986667,8792.13594553255,8792.13594553255,10725.31789000143
