trip_mode,Baseline,Scenario 1,Scenario 2,Scenario 3
Bicycle,222.33333333333331,222.33333333333331,222.33333333333331,222.33333333333331
Bus,38097,19981.5,44108.25,32242.25
Motorcycle,1623.3333333333335,1623.3333333333335,1623.3333333333335,8212.403333333334
Private Car,12665.8,31497.62,8544.9,12665.8
Taxi,4768.4,4768.4,2878.05,4768.4
Walking,10611.82352310773,9895.50352310773,10611.82352310773,9877.50352310773
