trip_mode,Baseline,Scenario 1,Scenario 2,Scenario 3
Bicycle,55.58333333333331,55.58333333333331,374.0833333333333,55.58333333333331
Bus,9524.25,9524.25,9524.25,11356.5
Motorcycle,195.8333333333332,195.8333333333332,195.8333333333332,195.8333333333332
Private Car,3166.45,4285.89,2926.7,1843.45
Taxi,1192.1,1192.1,1113.35,682.85
Walking,11728.89,10609.45,11728.89,13561.14
