trip_mode,Baseline,Scenario 1,Scenario 2,Scenario 3
Bicycle,55.58333333333331,55.58333333333331,374.0833333333333,55.58333333333331
Bus,9524.25,9524.25,9524.25,11356.5
Motorcycle,195.8333333333332,195.8333333333332,195.8333333333332,195.8333333333332
Private Car,3166.45,4285.89,2926.7,1843.45
Taxi,1192.1,1192.1,1113.35,682.85
Walking,2623.509566715641,1504.0695667156413,2623.509566715641,2641.017107227337
