trip_mode,Baseline,Scenario 1,Scenario 2,Scenario 3
Bicycle,230,230,448.95,230
Bus,26247.84330403104,26247.84330403104,26247.84330403104,27041.89321345849
Motorcycle,470,470,470,470
Private Car,9047,13936.5,8422,4732
Taxi,3406,3406,3125,2346
Walking,256944.17465341493,242974.17465341493,256944.17465341493,257166.90714746487
