trip_mode,Baseline,Scenario 1,Scenario 2,Scenario 3
Bicycle,230,230,448.95,230
Bus,26247.843304031037,26247.843304031037,26247.843304031037,27041.893213458487
Motorcycle,926,926,926,926
Private Car,9047,13936.5,8422,4732
Taxi,3406,3406,3125,2346
Walking,264012.1746534149,250042.17465341493,264012.1746534149,264234.90714746487
