trip_mode,Baseline,Scenario 1,Scenario 2,Scenario 3,Scenario 4,Scenario 5
Bicycle,920,920,920,920,4338.191271427554,920
Bus,105949.22391859934,55369.61162510148,137707.76474322155,55369.61162510148,55369.61162510148,55369.61162510148
Motorcycle,3896,3896,3896,23976.147009065062,3861,3896
Private Car,36188,81270.29449535561,27156.30345567707,55661.73185343105,76122.31311809656,73094.62215589224
Taxi,13624,13624,3189,13624,13308,13033
Walking,132647.79403884662,123693.79403884664,138252.82322332833,123693.79403884664,123693.79403884664,129317.63444936306
