trip_mode,Baseline,Scenario 1,Scenario 2,Scenario 3
Bicycle,920,920,920,920
Bus,105949.22391859934,55369.61162510148,114364.97391859934,89351.43503153247
Motorcycle,3896,3896,3896,17478.5
Private Car,36188,64683.6,24414,36188
Taxi,13624,13624,8223,13624
Walking,132647.79403884662,123693.79403884664,132647.79403884662,123468.79403884664
