trip_mode,Baseline,Scenario 1,Scenario 2,Scenario 3
Bicycle,230,230,449.91666666666663,230
Bus,26702.021431647525,26702.021431647525,26702.021431647525,27495.724257874557
Motorcycle,470,470,470,470
Private Car,9047,13944.55,8362,5267
Taxi,3406,3406,3181,1951
Walking,32793.86958394552,18800.869583945518,32793.86958394552,33012.71384034171
