trip_mode,Baseline,Scenario 1,Scenario 2,Scenario 3,Scenario 4,Scenario 5
Bicycle,920,920,920,920,12408.328807168906,920
Bus,105949.22391859934,55369.61162510148,114909.21526924288,55369.61162510148,55369.61162510148,55369.61162510148
Motorcycle,3896,3896,3896,23976.147009065062,3612,3896
Private Car,36188,81270.29449535561,32981.39494604104,55661.73185343105,73827.57418046097,69541.50124093326
Taxi,13624,13624,6405,13624,12484,11408
Walking,132647.79403884662,123693.79403884664,136490.00866754435,123693.79403884664,123693.79403884664,143211.05489799162
