trip_mode,Baseline,Scenario 1,Scenario 2,Scenario 3,Scenario 4,Scenario 5
Bicycle,920,920,920,920,9480.701145618008,920
Bus,136666.13202168143,72816.81885678071,178991.22854639974,72816.81885678071,72816.81885678071,72816.81885678071
Motorcycle,3896,3896,3896,29746.958049112793,1825,3896
Private Car,36188,100037.31316490073,27694.909289800693,62129.03727737116,92589.63099797217,85006.21543973351
Taxi,13624,13624,1148,13624,13312,13017
Walking,125953.86797831855,109536.9903115676,119319.89241564315,109536.9903115676,109536.9903115676,119546.79922311644
