trip_mode,Baseline,Scenario 1,Scenario 2,Scenario 3
Bicycle,230,230,449.91666666666663,230
Bus,26702.021431647525,26702.021431647525,26702.021431647525,29319.521431647525
Motorcycle,470,470,470,470
Private Car,7786.32520037881,17724.55,12142,5267
Taxi,2904.501197800194,4861,4636,1951
Walking,33746.379903634486,18800.869583945518,32793.86958394552,32793.86958394552
