trip_mode,Baseline,Scenario 1,Scenario 2,Scenario 3,Scenario 4,Scenario 5
Bicycle,920,920,920,920,6922.198216800348,920
Bus,105949.22391859934,55369.61162510148,137707.76474322155,55369.61162510148,55369.61162510148,55369.61162510148
Motorcycle,3896,3896,3896,23976.147009065062,2083,3896
Private Car,36188,81270.29449535561,27156.30345567707,55661.73185343105,77039.71019661901,73094.62215589224
Taxi,13624,13624,3189,13624,13343,13033
Walking,132647.79403884662,112977.4941610339,127536.5233455156,112977.4941610339,112977.4941610339,118601.33457155032
