trip_mode,Baseline,Scenario 1,Scenario 2,Scenario 3,Scenario 4,Scenario 5
Bicycle,920,920,920,920,8459.271704744879,920
Bus,136666.13202168143,71623.52640897837,178984.65160066236,71623.52640897837,71623.52640897837,71623.52640897837
Motorcycle,3896,3896,3896,26612.701182677076,1854,3896
Private Car,36188,NA,NA,NA,NA,NA
Taxi,13624,13624,1229,13624,13443,13082
Walking,125953.86797831855,109901.69931915688,119714.17466233333,109901.69931915688,109901.69931915688,134066.47362501788
