stage_mode,Baseline,Scenario 1,Scenario 2,Scenario 3
pedestrian,3838.0550000000067,3593.34750000002,3493.2800000000216,3931.992499999983
car,33985.93333333334,32075.516666666612,38133.699999999924,31094.233333333275
cycle,164.15,4209.091666666671,146.0666666666667,149.5666666666667
taxi,6151.9500000000035,5628.525000000003,5111.925000000001,5445.9
truck,12801.740000000016,12801.740000000016,12801.740000000016,12801.740000000016
car_driver,30432.609342513017,28721.932059418607,34146.715451429496,27843.24463174797
bus_driver,2283.7527777777736,2172.5388731627118,2060.183066373889,2577.755417102579
bus,28416.025000000125,27032.224999999973,25634.21666666668,32074.208333333165
