year,cas_type,strk_type,cas_mode_original,strike_mode_original,cas_mode,strike_mode,cas_mode_2nd,strike_mode_2nd,cas_mode_3rd,strike_mode_3rd,cas_mode_4th,strike_mode_4th,cas_mode_5th,strike_mode_5th
2012,Pedestrian,2/3 Wheeled,Pedestrian,2/3 Wheeled,pedestrian,motorcycle,pedestrian,motorcycle,pedestrian,motorcycle,pedestrian,motorcycle,pedestrian,motorcycle
2012,Pedestrian,Unknown,Pedestrian,NA,pedestrian,car,pedestrian,bus,pedestrian,bus,pedestrian,car,pedestrian,motorcycle
2012,Car,Car/pick-up/van,Car,Car/pick-up/van,car,car,car,car,car,car,car,car,car,car
2012,Motorcycle,Trucks,Motorcycle,Trucks,motorcycle,truck,motorcycle,truck,motorcycle,truck,motorcycle,truck,motorcycle,truck
2012,Pedestrian,Car/pick-up/van,Pedestrian,Car/pick-up/van,pedestrian,car,pedestrian,car,pedestrian,car,pedestrian,car,pedestrian,car
2012,Pedestrian,Unknown,Pedestrian,NA,pedestrian,motorcycle,pedestrian,truck,pedestrian,truck,pedestrian,car,pedestrian,truck
2012,Motorcycle,Unknown,Motorcycle,NA,motorcycle,truck,motorcycle,bus,motorcycle,car,motorcycle,car,motorcycle,truck
2012,Pedestrian,Unknown,Pedestrian,NA,pedestrian,bus,pedestrian,truck,pedestrian,truck,pedestrian,car,pedestrian,truck
2012,Pedestrian,Unknown,Pedestrian,NA,pedestrian,bus,pedestrian,motorcycle,pedestrian,truck,pedestrian,car,pedestrian,motorcycle
2012,Motorcycle,Unknown,Motorcycle,NA,motorcycle,car,motorcycle,bus,motorcycle,NOV,motorcycle,car,motorcycle,truck
2012,Motorcycle,No other/fixed or stationary object,Motorcycle,No other/fixed or stationary object,motorcycle,NOV,motorcycle,NOV,motorcycle,NOV,motorcycle,NOV,motorcycle,NOV
2012,Pedestrian,2/3 Wheeled,Pedestrian,2/3 Wheeled,pedestrian,motorcycle,pedestrian,motorcycle,pedestrian,motorcycle,pedestrian,motorcycle,pedestrian,motorcycle
2012,3Wheeled,Trucks,3Wheeled,Trucks,motorcycle,truck,motorcycle,truck,motorcycle,truck,motorcycle,truck,motorcycle,truck
2012,Motorcycle,Bus,Motorcycle,Bus,motorcycle,bus,motorcycle,bus,motorcycle,bus,motorcycle,bus,motorcycle,bus
2012,Pedestrian,Car/pick-up/van,Pedestrian,Car/pick-up/van,pedestrian,car,pedestrian,car,pedestrian,car,pedestrian,car,pedestrian,car
2012,Motorcycle,Unknown,Motorcycle,NA,motorcycle,motorcycle,motorcycle,truck,motorcycle,NOV,motorcycle,car,motorcycle,NOV
2012,Pedestrian,Unknown,Pedestrian,NA,pedestrian,truck,pedestrian,motorcycle,pedestrian,bus,pedestrian,truck,pedestrian,car
2012,Pedestrian,Unknown,Pedestrian,NA,pedestrian,car,pedestrian,bus,pedestrian,motorcycle,pedestrian,motorcycle,pedestrian,car
2012,Pedestrian,Car/pick-up/van,Pedestrian,Car/pick-up/van,pedestrian,car,pedestrian,car,pedestrian,car,pedestrian,car,pedestrian,car
2012,Pedestrian,Unknown,Pedestrian,NA,pedestrian,bus,pedestrian,car,pedestrian,car,pedestrian,car,pedestrian,bus
2012,Pedestrian,Unknown,Pedestrian,NA,pedestrian,truck,pedestrian,car,pedestrian,car,pedestrian,bus,pedestrian,bus
2012,Motorcycle,Car/pick-up/van,Motorcycle,Car/pick-up/van,motorcycle,car,motorcycle,car,motorcycle,car,motorcycle,car,motorcycle,car
2012,Pedestrian,Unknown,Pedestrian,NA,pedestrian,car,pedestrian,car,pedestrian,motorcycle,pedestrian,motorcycle,pedestrian,truck
2012,Pedestrian,2/3 Wheeled,Pedestrian,2/3 Wheeled,pedestrian,motorcycle,pedestrian,motorcycle,pedestrian,motorcycle,pedestrian,motorcycle,pedestrian,motorcycle
2012,Car,Unknown,Car,NA,car,truck,car,car,car,car,car,bus,car,car
2012,Pedestrian,Unknown,Pedestrian,NA,pedestrian,car,pedestrian,motorcycle,pedestrian,car,pedestrian,truck,pedestrian,car
2012,Pedestrian,2/3 Wheeled,Pedestrian,2/3 Wheeled,pedestrian,motorcycle,pedestrian,motorcycle,pedestrian,motorcycle,pedestrian,motorcycle,pedestrian,motorcycle
2012,Motorcycle,2/3 Wheeled,Motorcycle,2/3 Wheeled,motorcycle,motorcycle,motorcycle,motorcycle,motorcycle,motorcycle,motorcycle,motorcycle,motorcycle,motorcycle
2012,Other,unspecified,Other,NA,other,car,other,car,other,truck,other,truck,other,truck
2012,Motorcycle,Unknown,Motorcycle,NA,motorcycle,motorcycle,motorcycle,car,motorcycle,truck,motorcycle,truck,motorcycle,truck
2012,Pedestrian,2/3 Wheeled,Pedestrian,2/3 Wheeled,pedestrian,motorcycle,pedestrian,motorcycle,pedestrian,motorcycle,pedestrian,motorcycle,pedestrian,motorcycle
2012,Pedestrian,Unknown,Pedestrian,NA,pedestrian,car,pedestrian,car,pedestrian,motorcycle,pedestrian,truck,pedestrian,car
2012,Pedestrian,2/3 Wheeled,Pedestrian,2/3 Wheeled,pedestrian,motorcycle,pedestrian,motorcycle,pedestrian,motorcycle,pedestrian,motorcycle,pedestrian,motorcycle
2012,Pedestrian,Unknown,Pedestrian,NA,pedestrian,car,pedestrian,car,pedestrian,car,pedestrian,truck,pedestrian,car
2012,Motorcycle,Trucks,Motorcycle,Trucks,motorcycle,truck,motorcycle,truck,motorcycle,truck,motorcycle,truck,motorcycle,truck
2012,Pedestrian,Unknown,Pedestrian,NA,pedestrian,truck,pedestrian,truck,pedestrian,car,pedestrian,car,pedestrian,car
2012,Pedestrian,Car/pick-up/van,Pedestrian,Car/pick-up/van,pedestrian,car,pedestrian,car,pedestrian,car,pedestrian,car,pedestrian,car
2012,Pedestrian,Trucks,Pedestrian,Trucks,pedestrian,truck,pedestrian,truck,pedestrian,truck,pedestrian,truck,pedestrian,truck
2012,Pedestrian,Unknown,Pedestrian,NA,pedestrian,truck,pedestrian,motorcycle,pedestrian,car,pedestrian,bus,pedestrian,motorcycle
2012,Pedestrian,Bus,Pedestrian,Bus,pedestrian,bus,pedestrian,bus,pedestrian,bus,pedestrian,bus,pedestrian,bus
2012,Motorcycle,Car/pick-up/van,Motorcycle,Car/pick-up/van,motorcycle,car,motorcycle,car,motorcycle,car,motorcycle,car,motorcycle,car
2012,Pedestrian,Car/pick-up/van,Pedestrian,Car/pick-up/van,pedestrian,car,pedestrian,car,pedestrian,car,pedestrian,car,pedestrian,car
2012,Heavy transport,Trucks,Heavy transport,Trucks,truck,truck,truck,truck,truck,truck,truck,truck,truck,truck
2012,Heavy transport,No other/fixed or stationary object,Heavy transport,No other/fixed or stationary object,truck,NOV,truck,NOV,truck,NOV,truck,NOV,truck,NOV
2012,Pedestrian,Unknown,Pedestrian,NA,pedestrian,motorcycle,pedestrian,car,pedestrian,truck,pedestrian,truck,pedestrian,motorcycle
2012,Pedestrian,Unknown,Pedestrian,NA,pedestrian,car,pedestrian,motorcycle,pedestrian,bus,pedestrian,car,pedestrian,motorcycle
2012,Car,Unknown,Car,NA,car,car,car,car,car,car,car,car,car,bus
2012,Pedestrian,Unknown,Pedestrian,NA,pedestrian,motorcycle,pedestrian,car,pedestrian,car,pedestrian,car,pedestrian,truck
2012,Pedestrian,2/3 Wheeled,Pedestrian,2/3 Wheeled,pedestrian,motorcycle,pedestrian,motorcycle,pedestrian,motorcycle,pedestrian,motorcycle,pedestrian,motorcycle
2012,Pedestrian,Unknown,Pedestrian,NA,pedestrian,car,pedestrian,motorcycle,pedestrian,bus,pedestrian,car,pedestrian,car
2012,Pedestrian,Unknown,Pedestrian,NA,pedestrian,motorcycle,pedestrian,car,pedestrian,motorcycle,pedestrian,truck,pedestrian,bus
2012,Pedal Cycle,Car/pick-up/van,Pedal Cycle,Car/pick-up/van,cycle,car,cycle,car,cycle,car,cycle,car,cycle,car
2012,Pedestrian,Car/pick-up/van,Pedestrian,Car/pick-up/van,pedestrian,car,pedestrian,car,pedestrian,car,pedestrian,car,pedestrian,car
2012,Motorcycle,Car/pick-up/van,Motorcycle,Car/pick-up/van,motorcycle,car,motorcycle,car,motorcycle,car,motorcycle,car,motorcycle,car
2012,Pedestrian,Trucks,Pedestrian,Trucks,pedestrian,truck,pedestrian,truck,pedestrian,truck,pedestrian,truck,pedestrian,truck
2012,3Wheeled,Trucks,3Wheeled,Trucks,motorcycle,truck,motorcycle,truck,motorcycle,truck,motorcycle,truck,motorcycle,truck
2012,Motorcycle,Car/pick-up/van,Motorcycle,Car/pick-up/van,motorcycle,car,motorcycle,car,motorcycle,car,motorcycle,car,motorcycle,car
2012,Pedestrian,2/3 Wheeled,Pedestrian,2/3 Wheeled,pedestrian,motorcycle,pedestrian,motorcycle,pedestrian,motorcycle,pedestrian,motorcycle,pedestrian,motorcycle
2012,Pedal Cycle,Bus,Pedal Cycle,Bus,cycle,bus,cycle,bus,cycle,bus,cycle,bus,cycle,bus
2012,Motorcycle,Trucks,Motorcycle,Trucks,motorcycle,truck,motorcycle,truck,motorcycle,truck,motorcycle,truck,motorcycle,truck
2012,Car,No other/fixed or stationary object,Car,No other/fixed or stationary object,car,NOV,car,NOV,car,NOV,car,NOV,car,NOV
2012,Pedestrian,Bus,Pedestrian,Bus,pedestrian,bus,pedestrian,bus,pedestrian,bus,pedestrian,bus,pedestrian,bus
2012,Pedestrian,Unknown,Pedestrian,NA,pedestrian,motorcycle,pedestrian,bus,pedestrian,bus,pedestrian,truck,pedestrian,car
2012,Motorcycle,No other/fixed or stationary object,Motorcycle,No other/fixed or stationary object,motorcycle,NOV,motorcycle,NOV,motorcycle,NOV,motorcycle,NOV,motorcycle,NOV
2012,Motorcycle,Bus,Motorcycle,Bus,motorcycle,bus,motorcycle,bus,motorcycle,bus,motorcycle,bus,motorcycle,bus
2012,Motorcycle,Unknown,Motorcycle,NA,motorcycle,truck,motorcycle,NOV,motorcycle,bus,motorcycle,truck,motorcycle,truck
2012,Car,Car/pick-up/van,Car,Car/pick-up/van,car,car,car,car,car,car,car,car,car,car
2012,Motorcycle,Car/pick-up/van,Motorcycle,Car/pick-up/van,motorcycle,car,motorcycle,car,motorcycle,car,motorcycle,car,motorcycle,car
2012,Car,No other/fixed or stationary object,Car,No other/fixed or stationary object,car,NOV,car,NOV,car,NOV,car,NOV,car,NOV
2012,Pedestrian,Car/pick-up/van,Pedestrian,Car/pick-up/van,pedestrian,car,pedestrian,car,pedestrian,car,pedestrian,car,pedestrian,car
2012,Motorcycle,Car/pick-up/van,Motorcycle,Car/pick-up/van,motorcycle,car,motorcycle,car,motorcycle,car,motorcycle,car,motorcycle,car
2012,Car,Unknown,Car,NA,car,car,car,NOV,car,car,car,car,car,motorcycle
2012,Car,No other/fixed or stationary object,Car,No other/fixed or stationary object,car,NOV,car,NOV,car,NOV,car,NOV,car,NOV
2012,3Wheeled,Unknown,3Wheeled,NA,motorcycle,car,motorcycle,car,motorcycle,NOV,motorcycle,car,motorcycle,motorcycle
2012,Motorcycle,No other/fixed or stationary object,Motorcycle,No other/fixed or stationary object,motorcycle,NOV,motorcycle,NOV,motorcycle,NOV,motorcycle,NOV,motorcycle,NOV
2012,Other,unspecified,Other,NA,other,car,other,NOV,other,motorcycle,other,car,other,car
2012,Pedestrian,Car/pick-up/van,Pedestrian,Car/pick-up/van,pedestrian,car,pedestrian,car,pedestrian,car,pedestrian,car,pedestrian,car
2012,Pedestrian,Unknown,Pedestrian,NA,pedestrian,car,pedestrian,motorcycle,pedestrian,truck,pedestrian,bus,pedestrian,truck
2012,Motorcycle,Car/pick-up/van,Motorcycle,Car/pick-up/van,motorcycle,car,motorcycle,car,motorcycle,car,motorcycle,car,motorcycle,car
2012,Car,Trucks,Car,Trucks,car,truck,car,truck,car,truck,car,truck,car,truck
2012,Pedestrian,Unknown,Pedestrian,NA,pedestrian,truck,pedestrian,truck,pedestrian,car,pedestrian,motorcycle,pedestrian,bus
2012,Pedestrian,2/3 Wheeled,Pedestrian,2/3 Wheeled,pedestrian,motorcycle,pedestrian,motorcycle,pedestrian,motorcycle,pedestrian,motorcycle,pedestrian,motorcycle
2012,3Wheeled,Unknown,3Wheeled,NA,motorcycle,car,motorcycle,car,motorcycle,truck,motorcycle,car,motorcycle,NOV
2012,3Wheeled,Car/pick-up/van,3Wheeled,Car/pick-up/van,motorcycle,car,motorcycle,car,motorcycle,car,motorcycle,car,motorcycle,car
2012,Motorcycle,Unknown,Motorcycle,NA,motorcycle,bus,motorcycle,truck,motorcycle,car,motorcycle,truck,motorcycle,truck
2012,Motorcycle,Car/pick-up/van,Motorcycle,Car/pick-up/van,motorcycle,car,motorcycle,car,motorcycle,car,motorcycle,car,motorcycle,car
2012,Motorcycle,Trucks,Motorcycle,Trucks,motorcycle,truck,motorcycle,truck,motorcycle,truck,motorcycle,truck,motorcycle,truck
2012,Motorcycle,Unknown,Motorcycle,NA,motorcycle,truck,motorcycle,bus,motorcycle,truck,motorcycle,bus,motorcycle,NOV
2012,Pedestrian,Car/pick-up/van,Pedestrian,Car/pick-up/van,pedestrian,car,pedestrian,car,pedestrian,car,pedestrian,car,pedestrian,car
2012,Pedestrian,Car/pick-up/van,Pedestrian,Car/pick-up/van,pedestrian,car,pedestrian,car,pedestrian,car,pedestrian,car,pedestrian,car
2012,Motorcycle,Unknown,Motorcycle,NA,motorcycle,bus,motorcycle,truck,motorcycle,truck,motorcycle,car,motorcycle,car
2012,Motorcycle,Unknown,Motorcycle,NA,motorcycle,motorcycle,motorcycle,car,motorcycle,motorcycle,motorcycle,truck,motorcycle,car
2012,Pedestrian,Car/pick-up/van,Pedestrian,Car/pick-up/van,pedestrian,car,pedestrian,car,pedestrian,car,pedestrian,car,pedestrian,car
2012,Pedestrian,Car/pick-up/van,Pedestrian,Car/pick-up/van,pedestrian,car,pedestrian,car,pedestrian,car,pedestrian,car,pedestrian,car
2012,Motorcycle,No other/fixed or stationary object,Motorcycle,No other/fixed or stationary object,motorcycle,NOV,motorcycle,NOV,motorcycle,NOV,motorcycle,NOV,motorcycle,NOV
2012,Motorcycle,No other/fixed or stationary object,Motorcycle,No other/fixed or stationary object,motorcycle,NOV,motorcycle,NOV,motorcycle,NOV,motorcycle,NOV,motorcycle,NOV
2012,Pedestrian,Unknown,Pedestrian,NA,pedestrian,truck,pedestrian,motorcycle,pedestrian,car,pedestrian,car,pedestrian,car
2012,Pedal Cycle,Bus,Pedal Cycle,Bus,cycle,bus,cycle,bus,cycle,bus,cycle,bus,cycle,bus
2012,Pedestrian,2/3 Wheeled,Pedestrian,2/3 Wheeled,pedestrian,motorcycle,pedestrian,motorcycle,pedestrian,motorcycle,pedestrian,motorcycle,pedestrian,motorcycle
2012,Pedal Cycle,Car/pick-up/van,Pedal Cycle,Car/pick-up/van,cycle,car,cycle,car,cycle,car,cycle,car,cycle,car
2012,Pedestrian,Unknown,Pedestrian,NA,pedestrian,motorcycle,pedestrian,motorcycle,pedestrian,motorcycle,pedestrian,truck,pedestrian,bus
2012,Motorcycle,No other/fixed or stationary object,Motorcycle,No other/fixed or stationary object,motorcycle,NOV,motorcycle,NOV,motorcycle,NOV,motorcycle,NOV,motorcycle,NOV
2012,Pedestrian,2/3 Wheeled,Pedestrian,2/3 Wheeled,pedestrian,motorcycle,pedestrian,motorcycle,pedestrian,motorcycle,pedestrian,motorcycle,pedestrian,motorcycle
2012,Pedal Cycle,Unknown,Pedal Cycle,NA,cycle,car,cycle,motorcycle,cycle,bus,cycle,truck,cycle,motorcycle
2012,Motorcycle,Unknown,Motorcycle,NA,motorcycle,car,motorcycle,truck,motorcycle,car,motorcycle,NOV,motorcycle,car
2012,Pedal Cycle,Unknown,Pedal Cycle,NA,cycle,car,cycle,bus,cycle,car,cycle,bus,cycle,truck
2012,Pedal Cycle,2/3 Wheeled,Pedal Cycle,2/3 Wheeled,cycle,motorcycle,cycle,motorcycle,cycle,motorcycle,cycle,motorcycle,cycle,motorcycle
2012,Pedestrian,Car/pick-up/van,Pedestrian,Car/pick-up/van,pedestrian,car,pedestrian,car,pedestrian,car,pedestrian,car,pedestrian,car
2012,Pedestrian,Unknown,Pedestrian,NA,pedestrian,truck,pedestrian,car,pedestrian,car,pedestrian,bus,pedestrian,car
2012,Pedestrian,Unknown,Pedestrian,NA,pedestrian,motorcycle,pedestrian,motorcycle,pedestrian,car,pedestrian,truck,pedestrian,motorcycle
2012,Motorcycle,Car/pick-up/van,Motorcycle,Car/pick-up/van,motorcycle,car,motorcycle,car,motorcycle,car,motorcycle,car,motorcycle,car
2012,Pedestrian,Unknown,Pedestrian,NA,pedestrian,motorcycle,pedestrian,truck,pedestrian,car,pedestrian,motorcycle,pedestrian,car
2012,Motorcycle,Unknown,Motorcycle,NA,motorcycle,truck,motorcycle,bus,motorcycle,truck,motorcycle,car,motorcycle,NOV
2012,Pedestrian,Trucks,Pedestrian,Trucks,pedestrian,truck,pedestrian,truck,pedestrian,truck,pedestrian,truck,pedestrian,truck
2012,Motorcycle,Trucks,Motorcycle,Trucks,motorcycle,truck,motorcycle,truck,motorcycle,truck,motorcycle,truck,motorcycle,truck
2012,Pedestrian,Unknown,Pedestrian,NA,pedestrian,bus,pedestrian,bus,pedestrian,truck,pedestrian,motorcycle,pedestrian,truck
2012,Pedestrian,2/3 Wheeled,Pedestrian,2/3 Wheeled,pedestrian,motorcycle,pedestrian,motorcycle,pedestrian,motorcycle,pedestrian,motorcycle,pedestrian,motorcycle
2012,Pedestrian,2/3 Wheeled,Pedestrian,2/3 Wheeled,pedestrian,motorcycle,pedestrian,motorcycle,pedestrian,motorcycle,pedestrian,motorcycle,pedestrian,motorcycle
2012,Pedestrian,Car/pick-up/van,Pedestrian,Car/pick-up/van,pedestrian,car,pedestrian,car,pedestrian,car,pedestrian,car,pedestrian,car
2012,Motorcycle,Unknown,Motorcycle,NA,motorcycle,truck,motorcycle,truck,motorcycle,car,motorcycle,motorcycle,motorcycle,car
2012,Motorcycle,Unknown,Motorcycle,NA,motorcycle,truck,motorcycle,truck,motorcycle,motorcycle,motorcycle,car,motorcycle,truck
2012,Motorcycle,Car/pick-up/van,Motorcycle,Car/pick-up/van,motorcycle,car,motorcycle,car,motorcycle,car,motorcycle,car,motorcycle,car
2012,Pedal Cycle,Trucks,Pedal Cycle,Trucks,cycle,truck,cycle,truck,cycle,truck,cycle,truck,cycle,truck
2012,Pedestrian,Unknown,Pedestrian,NA,pedestrian,car,pedestrian,car,pedestrian,car,pedestrian,truck,pedestrian,car
2012,Pedestrian,Car/pick-up/van,Pedestrian,Car/pick-up/van,pedestrian,car,pedestrian,car,pedestrian,car,pedestrian,car,pedestrian,car
2012,Motorcycle,Car/pick-up/van,Motorcycle,Car/pick-up/van,motorcycle,car,motorcycle,car,motorcycle,car,motorcycle,car,motorcycle,car
2012,Motorcycle,Unknown,Motorcycle,NA,motorcycle,truck,motorcycle,car,motorcycle,motorcycle,motorcycle,truck,motorcycle,truck
2012,Motorcycle,Car/pick-up/van,Motorcycle,Car/pick-up/van,motorcycle,car,motorcycle,car,motorcycle,car,motorcycle,car,motorcycle,car
2012,Pedestrian,Unknown,Pedestrian,NA,pedestrian,car,pedestrian,truck,pedestrian,bus,pedestrian,bus,pedestrian,truck
2012,Pedestrian,Car/pick-up/van,Pedestrian,Car/pick-up/van,pedestrian,car,pedestrian,car,pedestrian,car,pedestrian,car,pedestrian,car
2012,Motorcycle,No other/fixed or stationary object,Motorcycle,No other/fixed or stationary object,motorcycle,NOV,motorcycle,NOV,motorcycle,NOV,motorcycle,NOV,motorcycle,NOV
2012,Pedestrian,2/3 Wheeled,Pedestrian,2/3 Wheeled,pedestrian,motorcycle,pedestrian,motorcycle,pedestrian,motorcycle,pedestrian,motorcycle,pedestrian,motorcycle
2012,Pedal Cycle,Car/pick-up/van,Pedal Cycle,Car/pick-up/van,cycle,car,cycle,car,cycle,car,cycle,car,cycle,car
2012,Motorcycle,Trucks,Motorcycle,Trucks,motorcycle,truck,motorcycle,truck,motorcycle,truck,motorcycle,truck,motorcycle,truck
2012,Pedal Cycle,Car/pick-up/van,Pedal Cycle,Car/pick-up/van,cycle,car,cycle,car,cycle,car,cycle,car,cycle,car
2012,Motorcycle,Bus,Motorcycle,Bus,motorcycle,bus,motorcycle,bus,motorcycle,bus,motorcycle,bus,motorcycle,bus
2012,Pedestrian,Unknown,Pedestrian,NA,pedestrian,truck,pedestrian,car,pedestrian,truck,pedestrian,truck,pedestrian,truck
2012,Motorcycle,Unknown,Motorcycle,NA,motorcycle,car,motorcycle,motorcycle,motorcycle,truck,motorcycle,car,motorcycle,NOV
2012,Pedestrian,Unknown,Pedestrian,NA,pedestrian,car,pedestrian,car,pedestrian,motorcycle,pedestrian,motorcycle,pedestrian,car
2012,Pedestrian,Unknown,Pedestrian,NA,pedestrian,bus,pedestrian,bus,pedestrian,motorcycle,pedestrian,truck,pedestrian,truck
2012,Pedestrian,Unknown,Pedestrian,NA,pedestrian,car,pedestrian,car,pedestrian,car,pedestrian,car,pedestrian,car
2012,Pedestrian,Bus,Pedestrian,Bus,pedestrian,bus,pedestrian,bus,pedestrian,bus,pedestrian,bus,pedestrian,bus
2012,Motorcycle,Trucks,Motorcycle,Trucks,motorcycle,truck,motorcycle,truck,motorcycle,truck,motorcycle,truck,motorcycle,truck
2012,Pedestrian,Unknown,Pedestrian,NA,pedestrian,truck,pedestrian,motorcycle,pedestrian,car,pedestrian,truck,pedestrian,car
2012,3Wheeled,Unknown,3Wheeled,NA,motorcycle,car,motorcycle,truck,motorcycle,car,motorcycle,car,motorcycle,motorcycle
2012,Motorcycle,Unknown,Motorcycle,NA,motorcycle,truck,motorcycle,truck,motorcycle,bus,motorcycle,bus,motorcycle,car
2012,Pedestrian,Unknown,Pedestrian,NA,pedestrian,car,pedestrian,car,pedestrian,car,pedestrian,bus,pedestrian,car
2012,Car,Unknown,Car,NA,car,car,car,car,car,car,car,truck,car,NOV
2012,Motorcycle,Unknown,Motorcycle,NA,motorcycle,car,motorcycle,bus,motorcycle,car,motorcycle,bus,motorcycle,NOV
2012,Pedestrian,Car/pick-up/van,Pedestrian,Car/pick-up/van,pedestrian,car,pedestrian,car,pedestrian,car,pedestrian,car,pedestrian,car
2012,Motorcycle,Car/pick-up/van,Motorcycle,Car/pick-up/van,motorcycle,car,motorcycle,car,motorcycle,car,motorcycle,car,motorcycle,car
2012,Pedestrian,Unknown,Pedestrian,NA,pedestrian,car,pedestrian,motorcycle,pedestrian,car,pedestrian,truck,pedestrian,car
2012,Pedestrian,Unknown,Pedestrian,NA,pedestrian,car,pedestrian,car,pedestrian,car,pedestrian,motorcycle,pedestrian,truck
2012,Motorcycle,Unknown,Motorcycle,NA,motorcycle,car,motorcycle,bus,motorcycle,NOV,motorcycle,NOV,motorcycle,truck
2012,Pedestrian,Unknown,Pedestrian,NA,pedestrian,car,pedestrian,truck,pedestrian,car,pedestrian,truck,pedestrian,bus
2012,Pedestrian,Unknown,Pedestrian,NA,pedestrian,bus,pedestrian,truck,pedestrian,car,pedestrian,truck,pedestrian,truck
2012,Pedestrian,Unknown,Pedestrian,NA,pedestrian,bus,pedestrian,car,pedestrian,car,pedestrian,car,pedestrian,bus
2012,Pedestrian,2/3 Wheeled,Pedestrian,2/3 Wheeled,pedestrian,motorcycle,pedestrian,motorcycle,pedestrian,motorcycle,pedestrian,motorcycle,pedestrian,motorcycle
2012,Pedestrian,Car/pick-up/van,Pedestrian,Car/pick-up/van,pedestrian,car,pedestrian,car,pedestrian,car,pedestrian,car,pedestrian,car
2012,3Wheeled,Unknown,3Wheeled,NA,motorcycle,NOV,motorcycle,car,motorcycle,NOV,motorcycle,NOV,motorcycle,car
2012,Motorcycle,No other/fixed or stationary object,Motorcycle,No other/fixed or stationary object,motorcycle,NOV,motorcycle,NOV,motorcycle,NOV,motorcycle,NOV,motorcycle,NOV
2012,Pedestrian,Unknown,Pedestrian,NA,pedestrian,car,pedestrian,truck,pedestrian,car,pedestrian,motorcycle,pedestrian,bus
2012,Pedestrian,Unknown,Pedestrian,NA,pedestrian,bus,pedestrian,car,pedestrian,car,pedestrian,car,pedestrian,car
2012,Pedestrian,Unknown,Pedestrian,NA,pedestrian,motorcycle,pedestrian,car,pedestrian,car,pedestrian,car,pedestrian,truck
2012,3Wheeled,Car/pick-up/van,3Wheeled,Car/pick-up/van,motorcycle,car,motorcycle,car,motorcycle,car,motorcycle,car,motorcycle,car
2012,Pedestrian,Unknown,Pedestrian,NA,pedestrian,bus,pedestrian,car,pedestrian,car,pedestrian,bus,pedestrian,car
2012,Motorcycle,Bus,Motorcycle,Bus,motorcycle,bus,motorcycle,bus,motorcycle,bus,motorcycle,bus,motorcycle,bus
2012,Pedestrian,Trucks,Pedestrian,Trucks,pedestrian,truck,pedestrian,truck,pedestrian,truck,pedestrian,truck,pedestrian,truck
2012,Pedestrian,Unknown,Pedestrian,NA,pedestrian,car,pedestrian,bus,pedestrian,truck,pedestrian,car,pedestrian,bus
2012,Pedestrian,Unknown,Pedestrian,NA,pedestrian,truck,pedestrian,truck,pedestrian,motorcycle,pedestrian,truck,pedestrian,motorcycle
2012,Pedestrian,Unknown,Pedestrian,NA,pedestrian,car,pedestrian,bus,pedestrian,bus,pedestrian,car,pedestrian,truck
2012,Pedestrian,Unknown,Pedestrian,NA,pedestrian,truck,pedestrian,car,pedestrian,motorcycle,pedestrian,truck,pedestrian,truck
2012,Pedestrian,Trucks,Pedestrian,Trucks,pedestrian,truck,pedestrian,truck,pedestrian,truck,pedestrian,truck,pedestrian,truck
2012,Pedestrian,Car/pick-up/van,Pedestrian,Car/pick-up/van,pedestrian,car,pedestrian,car,pedestrian,car,pedestrian,car,pedestrian,car
2012,3Wheeled,Unknown,3Wheeled,NA,motorcycle,NOV,motorcycle,car,motorcycle,NOV,motorcycle,NOV,motorcycle,car
2012,Pedestrian,Unknown,Pedestrian,NA,pedestrian,car,pedestrian,car,pedestrian,car,pedestrian,truck,pedestrian,bus
2012,3Wheeled,Trucks,3Wheeled,Trucks,motorcycle,truck,motorcycle,truck,motorcycle,truck,motorcycle,truck,motorcycle,truck
2012,Pedestrian,Unknown,Pedestrian,NA,pedestrian,bus,pedestrian,car,pedestrian,car,pedestrian,car,pedestrian,truck
2012,3Wheeled,Unknown,3Wheeled,NA,motorcycle,car,motorcycle,truck,motorcycle,bus,motorcycle,truck,motorcycle,car
2012,Pick-up truck/van,No other/fixed or stationary object,Pick-up truck/van,No other/fixed or stationary object,car,NOV,car,NOV,car,NOV,car,NOV,car,NOV
2012,Pedestrian,Car/pick-up/van,Pedestrian,Car/pick-up/van,pedestrian,car,pedestrian,car,pedestrian,car,pedestrian,car,pedestrian,car
2012,Motorcycle,Unknown,Motorcycle,NA,motorcycle,truck,motorcycle,NOV,motorcycle,bus,motorcycle,truck,motorcycle,car
2012,Other,unspecified,Other,NA,other,truck,other,NOV,other,truck,other,car,other,car
2012,Pedestrian,2/3 Wheeled,Pedestrian,2/3 Wheeled,pedestrian,motorcycle,pedestrian,motorcycle,pedestrian,motorcycle,pedestrian,motorcycle,pedestrian,motorcycle
2012,Heavy transport,No other/fixed or stationary object,Heavy transport,No other/fixed or stationary object,truck,NOV,truck,NOV,truck,NOV,truck,NOV,truck,NOV
2012,Motorcycle,Bus,Motorcycle,Bus,motorcycle,bus,motorcycle,bus,motorcycle,bus,motorcycle,bus,motorcycle,bus
2012,Motorcycle,Bus,Motorcycle,Bus,motorcycle,bus,motorcycle,bus,motorcycle,bus,motorcycle,bus,motorcycle,bus
2012,Heavy transport,No other/fixed or stationary object,Heavy transport,No other/fixed or stationary object,truck,NOV,truck,NOV,truck,NOV,truck,NOV,truck,NOV
2012,Pedestrian,Car/pick-up/van,Pedestrian,Car/pick-up/van,pedestrian,car,pedestrian,car,pedestrian,car,pedestrian,car,pedestrian,car
2012,Unknown,unspecified,NA,NA,motorcycle,truck,pedestrian,truck,motorcycle,bus,other,car,pedestrian,car
2012,Motorcycle,Car/pick-up/van,Motorcycle,Car/pick-up/van,motorcycle,car,motorcycle,car,motorcycle,car,motorcycle,car,motorcycle,car
2012,Motorcycle,Unknown,Motorcycle,NA,motorcycle,car,motorcycle,truck,motorcycle,car,motorcycle,bus,motorcycle,car
2012,Pedal Cycle,Bus,Pedal Cycle,Bus,cycle,bus,cycle,bus,cycle,bus,cycle,bus,cycle,bus
2012,Motorcycle,Bus,Motorcycle,Bus,motorcycle,bus,motorcycle,bus,motorcycle,bus,motorcycle,bus,motorcycle,bus
2012,Pedestrian,Unknown,Pedestrian,NA,pedestrian,car,pedestrian,car,pedestrian,car,pedestrian,car,pedestrian,motorcycle
2012,Pedestrian,Unknown,Pedestrian,NA,pedestrian,motorcycle,pedestrian,motorcycle,pedestrian,car,pedestrian,motorcycle,pedestrian,car
2012,Pedestrian,Trucks,Pedestrian,Trucks,pedestrian,truck,pedestrian,truck,pedestrian,truck,pedestrian,truck,pedestrian,truck
2012,Pedestrian,2/3 Wheeled,Pedestrian,2/3 Wheeled,pedestrian,motorcycle,pedestrian,motorcycle,pedestrian,motorcycle,pedestrian,motorcycle,pedestrian,motorcycle
2012,Motorcycle,Car/pick-up/van,Motorcycle,Car/pick-up/van,motorcycle,car,motorcycle,car,motorcycle,car,motorcycle,car,motorcycle,car
2012,Motorcycle,No other/fixed or stationary object,Motorcycle,No other/fixed or stationary object,motorcycle,NOV,motorcycle,NOV,motorcycle,NOV,motorcycle,NOV,motorcycle,NOV
2012,Motorcycle,No other/fixed or stationary object,Motorcycle,No other/fixed or stationary object,motorcycle,NOV,motorcycle,NOV,motorcycle,NOV,motorcycle,NOV,motorcycle,NOV
2012,Unknown,unspecified,NA,NA,motorcycle,NOV,pedestrian,truck,cycle,car,pedestrian,car,motorcycle,truck
2012,Pedestrian,Unknown,Pedestrian,NA,pedestrian,motorcycle,pedestrian,car,pedestrian,truck,pedestrian,car,pedestrian,truck
2012,Pedestrian,2/3 Wheeled,Pedestrian,2/3 Wheeled,pedestrian,motorcycle,pedestrian,motorcycle,pedestrian,motorcycle,pedestrian,motorcycle,pedestrian,motorcycle
2012,Motorcycle,Car/pick-up/van,Motorcycle,Car/pick-up/van,motorcycle,car,motorcycle,car,motorcycle,car,motorcycle,car,motorcycle,car
2012,Motorcycle,Car/pick-up/van,Motorcycle,Car/pick-up/van,motorcycle,car,motorcycle,car,motorcycle,car,motorcycle,car,motorcycle,car
2012,Pedestrian,Unknown,Pedestrian,NA,pedestrian,motorcycle,pedestrian,car,pedestrian,motorcycle,pedestrian,car,pedestrian,truck
2012,Pedestrian,2/3 Wheeled,Pedestrian,2/3 Wheeled,pedestrian,motorcycle,pedestrian,motorcycle,pedestrian,motorcycle,pedestrian,motorcycle,pedestrian,motorcycle
2012,Motorcycle,Trucks,Motorcycle,Trucks,motorcycle,truck,motorcycle,truck,motorcycle,truck,motorcycle,truck,motorcycle,truck
2012,Motorcycle,Unknown,Motorcycle,NA,motorcycle,bus,motorcycle,truck,motorcycle,car,motorcycle,car,motorcycle,bus
2012,Pedestrian,Car/pick-up/van,Pedestrian,Car/pick-up/van,pedestrian,car,pedestrian,car,pedestrian,car,pedestrian,car,pedestrian,car
2012,Pedestrian,Car/pick-up/van,Pedestrian,Car/pick-up/van,pedestrian,car,pedestrian,car,pedestrian,car,pedestrian,car,pedestrian,car
2012,Motorcycle,Bus,Motorcycle,Bus,motorcycle,bus,motorcycle,bus,motorcycle,bus,motorcycle,bus,motorcycle,bus
2012,Pedestrian,Unknown,Pedestrian,NA,pedestrian,car,pedestrian,car,pedestrian,truck,pedestrian,motorcycle,pedestrian,car
2012,Motorcycle,Trucks,Motorcycle,Trucks,motorcycle,truck,motorcycle,truck,motorcycle,truck,motorcycle,truck,motorcycle,truck
2012,Motorcycle,Unknown,Motorcycle,NA,motorcycle,car,motorcycle,truck,motorcycle,truck,motorcycle,car,motorcycle,NOV
2012,Motorcycle,Unknown,Motorcycle,NA,motorcycle,NOV,motorcycle,motorcycle,motorcycle,car,motorcycle,truck,motorcycle,truck
2012,Pedestrian,Car/pick-up/van,Pedestrian,Car/pick-up/van,pedestrian,car,pedestrian,car,pedestrian,car,pedestrian,car,pedestrian,car
2012,Pedestrian,Unknown,Pedestrian,NA,pedestrian,car,pedestrian,car,pedestrian,car,pedestrian,car,pedestrian,motorcycle
2012,Motorcycle,Unknown,Motorcycle,NA,motorcycle,car,motorcycle,car,motorcycle,truck,motorcycle,car,motorcycle,NOV
2012,Motorcycle,Car/pick-up/van,Motorcycle,Car/pick-up/van,motorcycle,car,motorcycle,car,motorcycle,car,motorcycle,car,motorcycle,car
2012,Pedestrian,Car/pick-up/van,Pedestrian,Car/pick-up/van,pedestrian,car,pedestrian,car,pedestrian,car,pedestrian,car,pedestrian,car
2012,Pedestrian,Car/pick-up/van,Pedestrian,Car/pick-up/van,pedestrian,car,pedestrian,car,pedestrian,car,pedestrian,car,pedestrian,car
2012,Motorcycle,2/3 Wheeled,Motorcycle,2/3 Wheeled,motorcycle,motorcycle,motorcycle,motorcycle,motorcycle,motorcycle,motorcycle,motorcycle,motorcycle,motorcycle
2012,Pedestrian,Bus,Pedestrian,Bus,pedestrian,bus,pedestrian,bus,pedestrian,bus,pedestrian,bus,pedestrian,bus
2012,Pedestrian,Car/pick-up/van,Pedestrian,Car/pick-up/van,pedestrian,car,pedestrian,car,pedestrian,car,pedestrian,car,pedestrian,car
2012,Pedestrian,Unknown,Pedestrian,NA,pedestrian,motorcycle,pedestrian,car,pedestrian,truck,pedestrian,car,pedestrian,car
2012,Pedestrian,Unknown,Pedestrian,NA,pedestrian,motorcycle,pedestrian,car,pedestrian,motorcycle,pedestrian,bus,pedestrian,motorcycle
2012,Pedestrian,Unknown,Pedestrian,NA,pedestrian,bus,pedestrian,truck,pedestrian,car,pedestrian,car,pedestrian,truck
2012,Pick-up truck/van,Unknown,Pick-up truck/van,NA,car,NOV,car,car,car,car,car,NOV,car,NOV
2012,Pedestrian,Unknown,Pedestrian,NA,pedestrian,truck,pedestrian,car,pedestrian,motorcycle,pedestrian,truck,pedestrian,bus
2012,Pedal Cycle,Unknown,Pedal Cycle,NA,cycle,truck,cycle,bus,cycle,truck,cycle,bus,cycle,truck
2012,Motorcycle,Trucks,Motorcycle,Trucks,motorcycle,truck,motorcycle,truck,motorcycle,truck,motorcycle,truck,motorcycle,truck
2012,Motorcycle,Trucks,Motorcycle,Trucks,motorcycle,truck,motorcycle,truck,motorcycle,truck,motorcycle,truck,motorcycle,truck
2012,Pedestrian,Unknown,Pedestrian,NA,pedestrian,car,pedestrian,motorcycle,pedestrian,bus,pedestrian,bus,pedestrian,truck
2012,Pedestrian,Unknown,Pedestrian,NA,pedestrian,car,pedestrian,car,pedestrian,car,pedestrian,motorcycle,pedestrian,truck
2012,Pedestrian,Unknown,Pedestrian,NA,pedestrian,bus,pedestrian,car,pedestrian,motorcycle,pedestrian,car,pedestrian,bus
2012,3Wheeled,Bus,3Wheeled,Bus,motorcycle,bus,motorcycle,bus,motorcycle,bus,motorcycle,bus,motorcycle,bus
2012,Motorcycle,Car/pick-up/van,Motorcycle,Car/pick-up/van,motorcycle,car,motorcycle,car,motorcycle,car,motorcycle,car,motorcycle,car
2012,Motorcycle,Trucks,Motorcycle,Trucks,motorcycle,truck,motorcycle,truck,motorcycle,truck,motorcycle,truck,motorcycle,truck
2012,Pedestrian,Trucks,Pedestrian,Trucks,pedestrian,truck,pedestrian,truck,pedestrian,truck,pedestrian,truck,pedestrian,truck
2012,Other,unspecified,Other,NA,other,truck,other,truck,other,car,other,car,other,car
2012,Motorcycle,Car/pick-up/van,Motorcycle,Car/pick-up/van,motorcycle,car,motorcycle,car,motorcycle,car,motorcycle,car,motorcycle,car
2012,Motorcycle,Bus,Motorcycle,Bus,motorcycle,bus,motorcycle,bus,motorcycle,bus,motorcycle,bus,motorcycle,bus
2012,Motorcycle,Unknown,Motorcycle,NA,motorcycle,NOV,motorcycle,truck,motorcycle,truck,motorcycle,car,motorcycle,NOV
2012,Pick-up truck/van,No other/fixed or stationary object,Pick-up truck/van,No other/fixed or stationary object,car,NOV,car,NOV,car,NOV,car,NOV,car,NOV
2012,Motorcycle,Unknown,Motorcycle,NA,motorcycle,motorcycle,motorcycle,car,motorcycle,bus,motorcycle,motorcycle,motorcycle,truck
2012,Pedestrian,2/3 Wheeled,Pedestrian,2/3 Wheeled,pedestrian,motorcycle,pedestrian,motorcycle,pedestrian,motorcycle,pedestrian,motorcycle,pedestrian,motorcycle
2012,Motorcycle,2/3 Wheeled,Motorcycle,2/3 Wheeled,motorcycle,motorcycle,motorcycle,motorcycle,motorcycle,motorcycle,motorcycle,motorcycle,motorcycle,motorcycle
2012,Pedestrian,Unknown,Pedestrian,NA,pedestrian,car,pedestrian,car,pedestrian,truck,pedestrian,car,pedestrian,bus
2012,Motorcycle,No other/fixed or stationary object,Motorcycle,No other/fixed or stationary object,motorcycle,NOV,motorcycle,NOV,motorcycle,NOV,motorcycle,NOV,motorcycle,NOV
2012,Motorcycle,Unknown,Motorcycle,NA,motorcycle,truck,motorcycle,bus,motorcycle,car,motorcycle,NOV,motorcycle,truck
2012,Car,No other/fixed or stationary object,Car,No other/fixed or stationary object,car,NOV,car,NOV,car,NOV,car,NOV,car,NOV
2012,Motorcycle,Car/pick-up/van,Motorcycle,Car/pick-up/van,motorcycle,car,motorcycle,car,motorcycle,car,motorcycle,car,motorcycle,car
2012,Pedestrian,Car/pick-up/van,Pedestrian,Car/pick-up/van,pedestrian,car,pedestrian,car,pedestrian,car,pedestrian,car,pedestrian,car
2012,Pedestrian,Unknown,Pedestrian,NA,pedestrian,truck,pedestrian,car,pedestrian,bus,pedestrian,motorcycle,pedestrian,car
2012,Motorcycle,No other/fixed or stationary object,Motorcycle,No other/fixed or stationary object,motorcycle,NOV,motorcycle,NOV,motorcycle,NOV,motorcycle,NOV,motorcycle,NOV
2012,Unknown,unspecified,NA,NA,pedestrian,car,motorcycle,NOV,motorcycle,car,motorcycle,NOV,pedestrian,motorcycle
2012,Pedestrian,2/3 Wheeled,Pedestrian,2/3 Wheeled,pedestrian,motorcycle,pedestrian,motorcycle,pedestrian,motorcycle,pedestrian,motorcycle,pedestrian,motorcycle
2012,Pedestrian,Unknown,Pedestrian,NA,pedestrian,truck,pedestrian,motorcycle,pedestrian,truck,pedestrian,truck,pedestrian,car
2012,Pedestrian,Car/pick-up/van,Pedestrian,Car/pick-up/van,pedestrian,car,pedestrian,car,pedestrian,car,pedestrian,car,pedestrian,car
2012,Pedestrian,Unknown,Pedestrian,NA,pedestrian,car,pedestrian,car,pedestrian,motorcycle,pedestrian,car,pedestrian,car
2012,Pedestrian,Car/pick-up/van,Pedestrian,Car/pick-up/van,pedestrian,car,pedestrian,car,pedestrian,car,pedestrian,car,pedestrian,car
2012,Pedestrian,Unknown,Pedestrian,NA,pedestrian,truck,pedestrian,car,pedestrian,car,pedestrian,bus,pedestrian,car
2012,Pedestrian,Unknown,Pedestrian,NA,pedestrian,truck,pedestrian,car,pedestrian,car,pedestrian,motorcycle,pedestrian,car
2012,Pedestrian,Unknown,Pedestrian,NA,pedestrian,truck,pedestrian,car,pedestrian,truck,pedestrian,bus,pedestrian,car
2012,Pedestrian,Unknown,Pedestrian,NA,pedestrian,car,pedestrian,truck,pedestrian,motorcycle,pedestrian,truck,pedestrian,motorcycle
2012,Motorcycle,Trucks,Motorcycle,Trucks,motorcycle,truck,motorcycle,truck,motorcycle,truck,motorcycle,truck,motorcycle,truck
2012,Pedestrian,Trucks,Pedestrian,Trucks,pedestrian,truck,pedestrian,truck,pedestrian,truck,pedestrian,truck,pedestrian,truck
2012,Pedestrian,Car/pick-up/van,Pedestrian,Car/pick-up/van,pedestrian,car,pedestrian,car,pedestrian,car,pedestrian,car,pedestrian,car
2012,Other,unspecified,Other,NA,other,NOV,other,bus,other,car,other,truck,other,NOV
2012,Motorcycle,Trucks,Motorcycle,Trucks,motorcycle,truck,motorcycle,truck,motorcycle,truck,motorcycle,truck,motorcycle,truck
2012,Pedestrian,Unknown,Pedestrian,NA,pedestrian,motorcycle,pedestrian,car,pedestrian,car,pedestrian,car,pedestrian,motorcycle
2012,Pedestrian,2/3 Wheeled,Pedestrian,2/3 Wheeled,pedestrian,motorcycle,pedestrian,motorcycle,pedestrian,motorcycle,pedestrian,motorcycle,pedestrian,motorcycle
2012,Motorcycle,Unknown,Motorcycle,NA,motorcycle,NOV,motorcycle,car,motorcycle,NOV,motorcycle,car,motorcycle,NOV
2012,Pedestrian,Car/pick-up/van,Pedestrian,Car/pick-up/van,pedestrian,car,pedestrian,car,pedestrian,car,pedestrian,car,pedestrian,car
2012,Pedestrian,Car/pick-up/van,Pedestrian,Car/pick-up/van,pedestrian,car,pedestrian,car,pedestrian,car,pedestrian,car,pedestrian,car
2012,Heavy transport,No other/fixed or stationary object,Heavy transport,No other/fixed or stationary object,truck,NOV,truck,NOV,truck,NOV,truck,NOV,truck,NOV
2012,Pedestrian,2/3 Wheeled,Pedestrian,2/3 Wheeled,pedestrian,motorcycle,pedestrian,motorcycle,pedestrian,motorcycle,pedestrian,motorcycle,pedestrian,motorcycle
2012,Car,Trucks,Car,Trucks,car,truck,car,truck,car,truck,car,truck,car,truck
2012,Pedestrian,2/3 Wheeled,Pedestrian,2/3 Wheeled,pedestrian,motorcycle,pedestrian,motorcycle,pedestrian,motorcycle,pedestrian,motorcycle,pedestrian,motorcycle
2012,Motorcycle,Car/pick-up/van,Motorcycle,Car/pick-up/van,motorcycle,car,motorcycle,car,motorcycle,car,motorcycle,car,motorcycle,car
2012,Motorcycle,Bus,Motorcycle,Bus,motorcycle,bus,motorcycle,bus,motorcycle,bus,motorcycle,bus,motorcycle,bus
2012,Pedal Cycle,Car/pick-up/van,Pedal Cycle,Car/pick-up/van,cycle,car,cycle,car,cycle,car,cycle,car,cycle,car
2012,Pedestrian,Trucks,Pedestrian,Trucks,pedestrian,truck,pedestrian,truck,pedestrian,truck,pedestrian,truck,pedestrian,truck
2012,Pedestrian,Unknown,Pedestrian,NA,pedestrian,truck,pedestrian,car,pedestrian,bus,pedestrian,car,pedestrian,car
2012,Pedestrian,Trucks,Pedestrian,Trucks,pedestrian,truck,pedestrian,truck,pedestrian,truck,pedestrian,truck,pedestrian,truck
2012,Pedestrian,Trucks,Pedestrian,Trucks,pedestrian,truck,pedestrian,truck,pedestrian,truck,pedestrian,truck,pedestrian,truck
2012,Pedestrian,Unknown,Pedestrian,NA,pedestrian,truck,pedestrian,truck,pedestrian,motorcycle,pedestrian,car,pedestrian,bus
2012,Motorcycle,No other/fixed or stationary object,Motorcycle,No other/fixed or stationary object,motorcycle,NOV,motorcycle,NOV,motorcycle,NOV,motorcycle,NOV,motorcycle,NOV
2012,Pedestrian,Unknown,Pedestrian,NA,pedestrian,truck,pedestrian,car,pedestrian,truck,pedestrian,car,pedestrian,motorcycle
2012,Pedestrian,Unknown,Pedestrian,NA,pedestrian,car,pedestrian,car,pedestrian,motorcycle,pedestrian,car,pedestrian,motorcycle
2012,Pedal Cycle,Unknown,Pedal Cycle,NA,cycle,bus,cycle,car,cycle,truck,cycle,motorcycle,cycle,bus
2012,Pedestrian,Trucks,Pedestrian,Trucks,pedestrian,truck,pedestrian,truck,pedestrian,truck,pedestrian,truck,pedestrian,truck
2012,Bus,No other/fixed or stationary object,Bus,No other/fixed or stationary object,bus,NOV,bus,NOV,bus,NOV,bus,NOV,bus,NOV
2012,Pedal Cycle,Bus,Pedal Cycle,Bus,cycle,bus,cycle,bus,cycle,bus,cycle,bus,cycle,bus
2012,Motorcycle,Unknown,Motorcycle,NA,motorcycle,car,motorcycle,bus,motorcycle,car,motorcycle,NOV,motorcycle,car
2012,Motorcycle,2/3 Wheeled,Motorcycle,2/3 Wheeled,motorcycle,motorcycle,motorcycle,motorcycle,motorcycle,motorcycle,motorcycle,motorcycle,motorcycle,motorcycle
2012,Pedestrian,Unknown,Pedestrian,NA,pedestrian,truck,pedestrian,motorcycle,pedestrian,car,pedestrian,truck,pedestrian,truck
2012,Pedestrian,Unknown,Pedestrian,NA,pedestrian,motorcycle,pedestrian,bus,pedestrian,car,pedestrian,truck,pedestrian,truck
2012,Pedestrian,Unknown,Pedestrian,NA,pedestrian,motorcycle,pedestrian,car,pedestrian,car,pedestrian,truck,pedestrian,motorcycle
2012,Pedestrian,Trucks,Pedestrian,Trucks,pedestrian,truck,pedestrian,truck,pedestrian,truck,pedestrian,truck,pedestrian,truck
2012,Pedestrian,Unknown,Pedestrian,NA,pedestrian,truck,pedestrian,truck,pedestrian,car,pedestrian,truck,pedestrian,truck
2012,Motorcycle,Car/pick-up/van,Motorcycle,Car/pick-up/van,motorcycle,car,motorcycle,car,motorcycle,car,motorcycle,car,motorcycle,car
2012,Motorcycle,Car/pick-up/van,Motorcycle,Car/pick-up/van,motorcycle,car,motorcycle,car,motorcycle,car,motorcycle,car,motorcycle,car
2012,Other,Unknown,Other,NA,other,car,other,truck,other,truck,other,car,other,NOV
2012,Pedestrian,Trucks,Pedestrian,Trucks,pedestrian,truck,pedestrian,truck,pedestrian,truck,pedestrian,truck,pedestrian,truck
2012,Pick-up truck/van,Car/pick-up/van,Pick-up truck/van,Car/pick-up/van,car,car,car,car,car,car,car,car,car,car
2012,Heavy transport,Car/pick-up/van,Heavy transport,Car/pick-up/van,truck,car,truck,car,truck,car,truck,car,truck,car
2012,Pedestrian,Car/pick-up/van,Pedestrian,Car/pick-up/van,pedestrian,car,pedestrian,car,pedestrian,car,pedestrian,car,pedestrian,car
2012,Pedestrian,Car/pick-up/van,Pedestrian,Car/pick-up/van,pedestrian,car,pedestrian,car,pedestrian,car,pedestrian,car,pedestrian,car
2012,Pedestrian,Car/pick-up/van,Pedestrian,Car/pick-up/van,pedestrian,car,pedestrian,car,pedestrian,car,pedestrian,car,pedestrian,car
2012,Motorcycle,Unknown,Motorcycle,NA,motorcycle,car,motorcycle,truck,motorcycle,car,motorcycle,truck,motorcycle,car
2012,Pedestrian,Unknown,Pedestrian,NA,pedestrian,car,pedestrian,car,pedestrian,car,pedestrian,car,pedestrian,motorcycle
2012,Motorcycle,Trucks,Motorcycle,Trucks,motorcycle,truck,motorcycle,truck,motorcycle,truck,motorcycle,truck,motorcycle,truck
2012,Pedestrian,Unknown,Pedestrian,NA,pedestrian,motorcycle,pedestrian,car,pedestrian,motorcycle,pedestrian,car,pedestrian,motorcycle
2012,Unknown,unspecified,NA,NA,pedestrian,car,motorcycle,NOV,motorcycle,truck,motorcycle,bus,pedestrian,car
2012,Pedestrian,Car/pick-up/van,Pedestrian,Car/pick-up/van,pedestrian,car,pedestrian,car,pedestrian,car,pedestrian,car,pedestrian,car
2012,Pedestrian,Unknown,Pedestrian,NA,pedestrian,car,pedestrian,truck,pedestrian,car,pedestrian,car,pedestrian,truck
2012,Car,No other/fixed or stationary object,Car,No other/fixed or stationary object,car,NOV,car,NOV,car,NOV,car,NOV,car,NOV
2012,Pick-up truck/van,Unknown,Pick-up truck/van,NA,car,NOV,car,car,car,NOV,car,NOV,car,car
2012,Pedestrian,Unknown,Pedestrian,NA,pedestrian,car,pedestrian,truck,pedestrian,car,pedestrian,car,pedestrian,motorcycle
2012,Pedestrian,Car/pick-up/van,Pedestrian,Car/pick-up/van,pedestrian,car,pedestrian,car,pedestrian,car,pedestrian,car,pedestrian,car
2012,Motorcycle,Trucks,Motorcycle,Trucks,motorcycle,truck,motorcycle,truck,motorcycle,truck,motorcycle,truck,motorcycle,truck
2012,3Wheeled,No other/fixed or stationary object,3Wheeled,No other/fixed or stationary object,motorcycle,NOV,motorcycle,NOV,motorcycle,NOV,motorcycle,NOV,motorcycle,NOV
2012,Pedestrian,Unknown,Pedestrian,NA,pedestrian,car,pedestrian,car,pedestrian,truck,pedestrian,truck,pedestrian,car
2012,Pedestrian,Unknown,Pedestrian,NA,pedestrian,motorcycle,pedestrian,motorcycle,pedestrian,car,pedestrian,bus,pedestrian,car
2012,Motorcycle,Car/pick-up/van,Motorcycle,Car/pick-up/van,motorcycle,car,motorcycle,car,motorcycle,car,motorcycle,car,motorcycle,car
2012,Pedestrian,2/3 Wheeled,Pedestrian,2/3 Wheeled,pedestrian,motorcycle,pedestrian,motorcycle,pedestrian,motorcycle,pedestrian,motorcycle,pedestrian,motorcycle
2012,Motorcycle,Unknown,Motorcycle,NA,motorcycle,truck,motorcycle,truck,motorcycle,truck,motorcycle,car,motorcycle,car
2012,Motorcycle,Car/pick-up/van,Motorcycle,Car/pick-up/van,motorcycle,car,motorcycle,car,motorcycle,car,motorcycle,car,motorcycle,car
2012,Unknown,unspecified,NA,NA,pedestrian,car,cycle,truck,pedestrian,truck,motorcycle,car,pedestrian,motorcycle
2012,Motorcycle,Car/pick-up/van,Motorcycle,Car/pick-up/van,motorcycle,car,motorcycle,car,motorcycle,car,motorcycle,car,motorcycle,car
2012,Motorcycle,Car/pick-up/van,Motorcycle,Car/pick-up/van,motorcycle,car,motorcycle,car,motorcycle,car,motorcycle,car,motorcycle,car
2012,Pedestrian,Unknown,Pedestrian,NA,pedestrian,truck,pedestrian,truck,pedestrian,motorcycle,pedestrian,truck,pedestrian,bus
2012,Pedestrian,Unknown,Pedestrian,NA,pedestrian,motorcycle,pedestrian,truck,pedestrian,car,pedestrian,truck,pedestrian,car
2012,Motorcycle,Car/pick-up/van,Motorcycle,Car/pick-up/van,motorcycle,car,motorcycle,car,motorcycle,car,motorcycle,car,motorcycle,car
2012,Motorcycle,2/3 Wheeled,Motorcycle,2/3 Wheeled,motorcycle,motorcycle,motorcycle,motorcycle,motorcycle,motorcycle,motorcycle,motorcycle,motorcycle,motorcycle
2012,Motorcycle,Unknown,Motorcycle,NA,motorcycle,NOV,motorcycle,NOV,motorcycle,bus,motorcycle,bus,motorcycle,car
2012,Motorcycle,Car/pick-up/van,Motorcycle,Car/pick-up/van,motorcycle,car,motorcycle,car,motorcycle,car,motorcycle,car,motorcycle,car
2012,Motorcycle,Trucks,Motorcycle,Trucks,motorcycle,truck,motorcycle,truck,motorcycle,truck,motorcycle,truck,motorcycle,truck
2012,Motorcycle,Trucks,Motorcycle,Trucks,motorcycle,truck,motorcycle,truck,motorcycle,truck,motorcycle,truck,motorcycle,truck
2012,Other,Unknown,Other,NA,other,car,other,NOV,other,NOV,other,truck,other,car
2012,Motorcycle,Car/pick-up/van,Motorcycle,Car/pick-up/van,motorcycle,car,motorcycle,car,motorcycle,car,motorcycle,car,motorcycle,car
2012,Pedestrian,Unknown,Pedestrian,NA,pedestrian,truck,pedestrian,motorcycle,pedestrian,bus,pedestrian,bus,pedestrian,truck
2012,Pedestrian,Unknown,Pedestrian,NA,pedestrian,motorcycle,pedestrian,car,pedestrian,car,pedestrian,truck,pedestrian,car
2012,Pedestrian,Unknown,Pedestrian,NA,pedestrian,truck,pedestrian,car,pedestrian,truck,pedestrian,car,pedestrian,motorcycle
2012,Motorcycle,Unknown,Motorcycle,NA,motorcycle,car,motorcycle,truck,motorcycle,NOV,motorcycle,bus,motorcycle,car
2012,Pedestrian,Unknown,Pedestrian,NA,pedestrian,car,pedestrian,truck,pedestrian,car,pedestrian,bus,pedestrian,car
2012,Pedestrian,Trucks,Pedestrian,Trucks,pedestrian,truck,pedestrian,truck,pedestrian,truck,pedestrian,truck,pedestrian,truck
2012,Pedestrian,Car/pick-up/van,Pedestrian,Car/pick-up/van,pedestrian,car,pedestrian,car,pedestrian,car,pedestrian,car,pedestrian,car
2012,Pedal Cycle,Bus,Pedal Cycle,Bus,cycle,bus,cycle,bus,cycle,bus,cycle,bus,cycle,bus
2012,Pedestrian,Trucks,Pedestrian,Trucks,pedestrian,truck,pedestrian,truck,pedestrian,truck,pedestrian,truck,pedestrian,truck
2012,Motorcycle,Unknown,Motorcycle,NA,motorcycle,truck,motorcycle,truck,motorcycle,truck,motorcycle,car,motorcycle,bus
2012,Pedestrian,Unknown,Pedestrian,NA,pedestrian,truck,pedestrian,car,pedestrian,motorcycle,pedestrian,motorcycle,pedestrian,car
2012,Car,Trucks,Car,Trucks,car,truck,car,truck,car,truck,car,truck,car,truck
2012,Pedestrian,Unknown,Pedestrian,NA,pedestrian,motorcycle,pedestrian,motorcycle,pedestrian,motorcycle,pedestrian,bus,pedestrian,motorcycle
2012,Motorcycle,Unknown,Motorcycle,NA,motorcycle,truck,motorcycle,car,motorcycle,truck,motorcycle,car,motorcycle,NOV
2012,Motorcycle,Unknown,Motorcycle,NA,motorcycle,NOV,motorcycle,truck,motorcycle,bus,motorcycle,bus,motorcycle,car
2012,Pedestrian,Bus,Pedestrian,Bus,pedestrian,bus,pedestrian,bus,pedestrian,bus,pedestrian,bus,pedestrian,bus
2012,Motorcycle,Car/pick-up/van,Motorcycle,Car/pick-up/van,motorcycle,car,motorcycle,car,motorcycle,car,motorcycle,car,motorcycle,car
2012,Pedestrian,2/3 Wheeled,Pedestrian,2/3 Wheeled,pedestrian,motorcycle,pedestrian,motorcycle,pedestrian,motorcycle,pedestrian,motorcycle,pedestrian,motorcycle
2012,Pedestrian,Unknown,Pedestrian,NA,pedestrian,bus,pedestrian,car,pedestrian,motorcycle,pedestrian,car,pedestrian,car
2012,Motorcycle,No other/fixed or stationary object,Motorcycle,No other/fixed or stationary object,motorcycle,NOV,motorcycle,NOV,motorcycle,NOV,motorcycle,NOV,motorcycle,NOV
2012,Pedestrian,2/3 Wheeled,Pedestrian,2/3 Wheeled,pedestrian,motorcycle,pedestrian,motorcycle,pedestrian,motorcycle,pedestrian,motorcycle,pedestrian,motorcycle
2012,Pedal Cycle,Bus,Pedal Cycle,Bus,cycle,bus,cycle,bus,cycle,bus,cycle,bus,cycle,bus
2012,Pedestrian,Unknown,Pedestrian,NA,pedestrian,truck,pedestrian,motorcycle,pedestrian,truck,pedestrian,car,pedestrian,motorcycle
2012,Heavy transport,Car/pick-up/van,Heavy transport,Car/pick-up/van,truck,car,truck,car,truck,car,truck,car,truck,car
2012,Other,Unknown,Other,NA,other,car,other,car,other,NOV,other,motorcycle,other,truck
2012,Pedestrian,Unknown,Pedestrian,NA,pedestrian,bus,pedestrian,car,pedestrian,truck,pedestrian,motorcycle,pedestrian,truck
2012,3Wheeled,Car/pick-up/van,3Wheeled,Car/pick-up/van,motorcycle,car,motorcycle,car,motorcycle,car,motorcycle,car,motorcycle,car
2012,Pedal Cycle,Unknown,Pedal Cycle,NA,cycle,bus,cycle,car,cycle,car,cycle,car,cycle,bus
2012,Pedestrian,Unknown,Pedestrian,NA,pedestrian,motorcycle,pedestrian,car,pedestrian,bus,pedestrian,car,pedestrian,car
2012,Car,Trucks,Car,Trucks,car,truck,car,truck,car,truck,car,truck,car,truck
2012,Bus,2/3 Wheeled,Bus,2/3 Wheeled,bus,motorcycle,bus,motorcycle,bus,motorcycle,bus,motorcycle,bus,motorcycle
2012,Pedestrian,Bus,Pedestrian,Bus,pedestrian,bus,pedestrian,bus,pedestrian,bus,pedestrian,bus,pedestrian,bus
2012,Pedestrian,Unknown,Pedestrian,NA,pedestrian,car,pedestrian,motorcycle,pedestrian,bus,pedestrian,car,pedestrian,car
2012,Pick-up truck/van,Trucks,Pick-up truck/van,Trucks,car,truck,car,truck,car,truck,car,truck,car,truck
2012,Heavy transport,No other/fixed or stationary object,Heavy transport,No other/fixed or stationary object,truck,NOV,truck,NOV,truck,NOV,truck,NOV,truck,NOV
2012,Motorcycle,Car/pick-up/van,Motorcycle,Car/pick-up/van,motorcycle,car,motorcycle,car,motorcycle,car,motorcycle,car,motorcycle,car
2012,Pedestrian,Unknown,Pedestrian,NA,pedestrian,motorcycle,pedestrian,car,pedestrian,bus,pedestrian,bus,pedestrian,truck
2012,Pedestrian,Car/pick-up/van,Pedestrian,Car/pick-up/van,pedestrian,car,pedestrian,car,pedestrian,car,pedestrian,car,pedestrian,car
2012,Motorcycle,Unknown,Motorcycle,NA,motorcycle,NOV,motorcycle,bus,motorcycle,bus,motorcycle,car,motorcycle,car
2012,Pedestrian,Car/pick-up/van,Pedestrian,Car/pick-up/van,pedestrian,car,pedestrian,car,pedestrian,car,pedestrian,car,pedestrian,car
2012,Pedestrian,Car/pick-up/van,Pedestrian,Car/pick-up/van,pedestrian,car,pedestrian,car,pedestrian,car,pedestrian,car,pedestrian,car
2012,Motorcycle,No other/fixed or stationary object,Motorcycle,No other/fixed or stationary object,motorcycle,NOV,motorcycle,NOV,motorcycle,NOV,motorcycle,NOV,motorcycle,NOV
2012,Pedestrian,Bus,Pedestrian,Bus,pedestrian,bus,pedestrian,bus,pedestrian,bus,pedestrian,bus,pedestrian,bus
2012,Pedestrian,2/3 Wheeled,Pedestrian,2/3 Wheeled,pedestrian,motorcycle,pedestrian,motorcycle,pedestrian,motorcycle,pedestrian,motorcycle,pedestrian,motorcycle
2012,Pedestrian,Unknown,Pedestrian,NA,pedestrian,car,pedestrian,motorcycle,pedestrian,truck,pedestrian,car,pedestrian,car
2012,Pedestrian,Unknown,Pedestrian,NA,pedestrian,motorcycle,pedestrian,bus,pedestrian,car,pedestrian,motorcycle,pedestrian,car
2012,Pedestrian,Unknown,Pedestrian,NA,pedestrian,car,pedestrian,truck,pedestrian,truck,pedestrian,truck,pedestrian,car
2012,Motorcycle,Unknown,Motorcycle,NA,motorcycle,truck,motorcycle,car,motorcycle,bus,motorcycle,car,motorcycle,NOV
2012,Pedestrian,Car/pick-up/van,Pedestrian,Car/pick-up/van,pedestrian,car,pedestrian,car,pedestrian,car,pedestrian,car,pedestrian,car
2012,Car,Car/pick-up/van,Car,Car/pick-up/van,car,car,car,car,car,car,car,car,car,car
2012,Pedestrian,2/3 Wheeled,Pedestrian,2/3 Wheeled,pedestrian,motorcycle,pedestrian,motorcycle,pedestrian,motorcycle,pedestrian,motorcycle,pedestrian,motorcycle
2012,Pedestrian,Unknown,Pedestrian,NA,pedestrian,car,pedestrian,car,pedestrian,motorcycle,pedestrian,car,pedestrian,car
2012,Unknown,unspecified,NA,NA,pedestrian,truck,motorcycle,truck,motorcycle,NOV,motorcycle,truck,pedestrian,car
2012,Pedestrian,Unknown,Pedestrian,NA,pedestrian,car,pedestrian,car,pedestrian,car,pedestrian,car,pedestrian,car
2012,Motorcycle,Bus,Motorcycle,Bus,motorcycle,bus,motorcycle,bus,motorcycle,bus,motorcycle,bus,motorcycle,bus
2012,Car,Car/pick-up/van,Car,Car/pick-up/van,car,car,car,car,car,car,car,car,car,car
2012,Motorcycle,Unknown,Motorcycle,NA,motorcycle,bus,motorcycle,truck,motorcycle,truck,motorcycle,bus,motorcycle,bus
2012,Motorcycle,Unknown,Motorcycle,NA,motorcycle,bus,motorcycle,bus,motorcycle,car,motorcycle,truck,motorcycle,car
2012,Pedestrian,Unknown,Pedestrian,NA,pedestrian,car,pedestrian,car,pedestrian,bus,pedestrian,car,pedestrian,car
2012,Other,Unknown,Other,NA,other,car,other,motorcycle,other,car,other,truck,other,car
2012,Pick-up truck/van,Car/pick-up/van,Pick-up truck/van,Car/pick-up/van,car,car,car,car,car,car,car,car,car,car
2012,Car,Car/pick-up/van,Car,Car/pick-up/van,car,car,car,car,car,car,car,car,car,car
2012,Motorcycle,Car/pick-up/van,Motorcycle,Car/pick-up/van,motorcycle,car,motorcycle,car,motorcycle,car,motorcycle,car,motorcycle,car
2012,Motorcycle,No other/fixed or stationary object,Motorcycle,No other/fixed or stationary object,motorcycle,NOV,motorcycle,NOV,motorcycle,NOV,motorcycle,NOV,motorcycle,NOV
2012,Pedestrian,Unknown,Pedestrian,NA,pedestrian,truck,pedestrian,car,pedestrian,bus,pedestrian,car,pedestrian,truck
2012,Unknown,unspecified,NA,NA,pedestrian,car,motorcycle,bus,other,truck,pedestrian,car,pedestrian,motorcycle
2012,Pedestrian,Car/pick-up/van,Pedestrian,Car/pick-up/van,pedestrian,car,pedestrian,car,pedestrian,car,pedestrian,car,pedestrian,car
2012,Pedestrian,Unknown,Pedestrian,NA,pedestrian,car,pedestrian,truck,pedestrian,motorcycle,pedestrian,car,pedestrian,truck
2012,Pedal Cycle,Car/pick-up/van,Pedal Cycle,Car/pick-up/van,cycle,car,cycle,car,cycle,car,cycle,car,cycle,car
2012,Pedestrian,Unknown,Pedestrian,NA,pedestrian,truck,pedestrian,car,pedestrian,motorcycle,pedestrian,truck,pedestrian,car
2012,Pedestrian,Unknown,Pedestrian,NA,pedestrian,motorcycle,pedestrian,car,pedestrian,car,pedestrian,truck,pedestrian,car
2012,Motorcycle,No other/fixed or stationary object,Motorcycle,No other/fixed or stationary object,motorcycle,NOV,motorcycle,NOV,motorcycle,NOV,motorcycle,NOV,motorcycle,NOV
2012,3Wheeled,Car/pick-up/van,3Wheeled,Car/pick-up/van,motorcycle,car,motorcycle,car,motorcycle,car,motorcycle,car,motorcycle,car
2012,Car,Car/pick-up/van,Car,Car/pick-up/van,car,car,car,car,car,car,car,car,car,car
2012,Pedestrian,Unknown,Pedestrian,NA,pedestrian,car,pedestrian,car,pedestrian,car,pedestrian,motorcycle,pedestrian,truck
2012,Motorcycle,Unknown,Motorcycle,NA,motorcycle,truck,motorcycle,bus,motorcycle,NOV,motorcycle,truck,motorcycle,car
2012,Pedestrian,Car/pick-up/van,Pedestrian,Car/pick-up/van,pedestrian,car,pedestrian,car,pedestrian,car,pedestrian,car,pedestrian,car
2012,Motorcycle,Unknown,Motorcycle,NA,motorcycle,motorcycle,motorcycle,bus,motorcycle,car,motorcycle,truck,motorcycle,car
2012,Motorcycle,Car/pick-up/van,Motorcycle,Car/pick-up/van,motorcycle,car,motorcycle,car,motorcycle,car,motorcycle,car,motorcycle,car
2012,Pedestrian,Car/pick-up/van,Pedestrian,Car/pick-up/van,pedestrian,car,pedestrian,car,pedestrian,car,pedestrian,car,pedestrian,car
2012,Motorcycle,Trucks,Motorcycle,Trucks,motorcycle,truck,motorcycle,truck,motorcycle,truck,motorcycle,truck,motorcycle,truck
2012,Motorcycle,Car/pick-up/van,Motorcycle,Car/pick-up/van,motorcycle,car,motorcycle,car,motorcycle,car,motorcycle,car,motorcycle,car
2012,Pedestrian,Unknown,Pedestrian,NA,pedestrian,motorcycle,pedestrian,car,pedestrian,bus,pedestrian,truck,pedestrian,car
2012,Pedestrian,Unknown,Pedestrian,NA,pedestrian,car,pedestrian,motorcycle,pedestrian,car,pedestrian,motorcycle,pedestrian,bus
2012,Pedestrian,Trucks,Pedestrian,Trucks,pedestrian,truck,pedestrian,truck,pedestrian,truck,pedestrian,truck,pedestrian,truck
2012,Pedestrian,Unknown,Pedestrian,NA,pedestrian,truck,pedestrian,car,pedestrian,bus,pedestrian,car,pedestrian,car
2012,Motorcycle,Car/pick-up/van,Motorcycle,Car/pick-up/van,motorcycle,car,motorcycle,car,motorcycle,car,motorcycle,car,motorcycle,car
2012,Motorcycle,Unknown,Motorcycle,NA,motorcycle,truck,motorcycle,car,motorcycle,truck,motorcycle,truck,motorcycle,bus
2012,Pedal Cycle,Bus,Pedal Cycle,Bus,cycle,bus,cycle,bus,cycle,bus,cycle,bus,cycle,bus
2012,Pedestrian,Unknown,Pedestrian,NA,pedestrian,truck,pedestrian,truck,pedestrian,motorcycle,pedestrian,car,pedestrian,car
2012,Car,No other/fixed or stationary object,Car,No other/fixed or stationary object,car,NOV,car,NOV,car,NOV,car,NOV,car,NOV
2012,Pick-up truck/van,No other/fixed or stationary object,Pick-up truck/van,No other/fixed or stationary object,car,NOV,car,NOV,car,NOV,car,NOV,car,NOV
2012,Motorcycle,2/3 Wheeled,Motorcycle,2/3 Wheeled,motorcycle,motorcycle,motorcycle,motorcycle,motorcycle,motorcycle,motorcycle,motorcycle,motorcycle,motorcycle
2012,Heavy transport,Car/pick-up/van,Heavy transport,Car/pick-up/van,truck,car,truck,car,truck,car,truck,car,truck,car
2012,Pedestrian,Unknown,Pedestrian,NA,pedestrian,motorcycle,pedestrian,truck,pedestrian,car,pedestrian,bus,pedestrian,motorcycle
2012,Pedestrian,2/3 Wheeled,Pedestrian,2/3 Wheeled,pedestrian,motorcycle,pedestrian,motorcycle,pedestrian,motorcycle,pedestrian,motorcycle,pedestrian,motorcycle
2012,Pedestrian,2/3 Wheeled,Pedestrian,2/3 Wheeled,pedestrian,motorcycle,pedestrian,motorcycle,pedestrian,motorcycle,pedestrian,motorcycle,pedestrian,motorcycle
2012,Pedestrian,2/3 Wheeled,Pedestrian,2/3 Wheeled,pedestrian,motorcycle,pedestrian,motorcycle,pedestrian,motorcycle,pedestrian,motorcycle,pedestrian,motorcycle
2012,Pedestrian,2/3 Wheeled,Pedestrian,2/3 Wheeled,pedestrian,motorcycle,pedestrian,motorcycle,pedestrian,motorcycle,pedestrian,motorcycle,pedestrian,motorcycle
2012,Pedestrian,2/3 Wheeled,Pedestrian,2/3 Wheeled,pedestrian,motorcycle,pedestrian,motorcycle,pedestrian,motorcycle,pedestrian,motorcycle,pedestrian,motorcycle
2012,Motorcycle,Trucks,Motorcycle,Trucks,motorcycle,truck,motorcycle,truck,motorcycle,truck,motorcycle,truck,motorcycle,truck
2012,Motorcycle,Bus,Motorcycle,Bus,motorcycle,bus,motorcycle,bus,motorcycle,bus,motorcycle,bus,motorcycle,bus
2012,Pedal Cycle,Car/pick-up/van,Pedal Cycle,Car/pick-up/van,cycle,car,cycle,car,cycle,car,cycle,car,cycle,car
2012,Pedestrian,Unknown,Pedestrian,NA,pedestrian,car,pedestrian,car,pedestrian,truck,pedestrian,bus,pedestrian,car
2012,Pedestrian,Unknown,Pedestrian,NA,pedestrian,car,pedestrian,bus,pedestrian,car,pedestrian,motorcycle,pedestrian,car
2012,Pedestrian,Trucks,Pedestrian,Trucks,pedestrian,truck,pedestrian,truck,pedestrian,truck,pedestrian,truck,pedestrian,truck
2012,Pedestrian,Car/pick-up/van,Pedestrian,Car/pick-up/van,pedestrian,car,pedestrian,car,pedestrian,car,pedestrian,car,pedestrian,car
2012,Pedestrian,Trucks,Pedestrian,Trucks,pedestrian,truck,pedestrian,truck,pedestrian,truck,pedestrian,truck,pedestrian,truck
2012,Pick-up truck/van,No other/fixed or stationary object,Pick-up truck/van,No other/fixed or stationary object,car,NOV,car,NOV,car,NOV,car,NOV,car,NOV
2012,Motorcycle,Unknown,Motorcycle,NA,motorcycle,motorcycle,motorcycle,bus,motorcycle,truck,motorcycle,truck,motorcycle,car
2012,Pedestrian,Unknown,Pedestrian,NA,pedestrian,truck,pedestrian,car,pedestrian,truck,pedestrian,truck,pedestrian,bus
2012,Other,unspecified,Other,NA,other,car,other,car,other,NOV,other,car,other,bus
2012,Motorcycle,Unknown,Motorcycle,NA,motorcycle,car,motorcycle,car,motorcycle,bus,motorcycle,truck,motorcycle,motorcycle
2012,Motorcycle,Trucks,Motorcycle,Trucks,motorcycle,truck,motorcycle,truck,motorcycle,truck,motorcycle,truck,motorcycle,truck
2012,Pedestrian,Unknown,Pedestrian,NA,pedestrian,motorcycle,pedestrian,car,pedestrian,car,pedestrian,motorcycle,pedestrian,car
2012,Motorcycle,Unknown,Motorcycle,NA,motorcycle,NOV,motorcycle,car,motorcycle,bus,motorcycle,car,motorcycle,NOV
2012,Pedal Cycle,Trucks,Pedal Cycle,Trucks,cycle,truck,cycle,truck,cycle,truck,cycle,truck,cycle,truck
2012,Motorcycle,Trucks,Motorcycle,Trucks,motorcycle,truck,motorcycle,truck,motorcycle,truck,motorcycle,truck,motorcycle,truck
2012,Pedestrian,Unknown,Pedestrian,NA,pedestrian,car,pedestrian,car,pedestrian,car,pedestrian,car,pedestrian,truck
2012,Pedestrian,Unknown,Pedestrian,NA,pedestrian,car,pedestrian,car,pedestrian,truck,pedestrian,motorcycle,pedestrian,bus
2012,Motorcycle,Bus,Motorcycle,Bus,motorcycle,bus,motorcycle,bus,motorcycle,bus,motorcycle,bus,motorcycle,bus
2012,Pedal Cycle,Trucks,Pedal Cycle,Trucks,cycle,truck,cycle,truck,cycle,truck,cycle,truck,cycle,truck
2012,Pedestrian,Unknown,Pedestrian,NA,pedestrian,car,pedestrian,car,pedestrian,truck,pedestrian,motorcycle,pedestrian,truck
2012,Other,Unknown,Other,NA,other,car,other,bus,other,truck,other,bus,other,car
2012,Pedestrian,Unknown,Pedestrian,NA,pedestrian,truck,pedestrian,motorcycle,pedestrian,bus,pedestrian,car,pedestrian,car
2012,Pedal Cycle,Unknown,Pedal Cycle,NA,cycle,car,cycle,car,cycle,truck,cycle,truck,cycle,car
2012,Motorcycle,No other/fixed or stationary object,Motorcycle,No other/fixed or stationary object,motorcycle,NOV,motorcycle,NOV,motorcycle,NOV,motorcycle,NOV,motorcycle,NOV
2012,Motorcycle,Unknown,Motorcycle,NA,motorcycle,motorcycle,motorcycle,truck,motorcycle,car,motorcycle,truck,motorcycle,truck
2012,Pedestrian,Unknown,Pedestrian,NA,pedestrian,car,pedestrian,motorcycle,pedestrian,car,pedestrian,truck,pedestrian,car
2012,Pedestrian,Car/pick-up/van,Pedestrian,Car/pick-up/van,pedestrian,car,pedestrian,car,pedestrian,car,pedestrian,car,pedestrian,car
2012,Motorcycle,No other/fixed or stationary object,Motorcycle,No other/fixed or stationary object,motorcycle,NOV,motorcycle,NOV,motorcycle,NOV,motorcycle,NOV,motorcycle,NOV
2012,3Wheeled,Car/pick-up/van,3Wheeled,Car/pick-up/van,motorcycle,car,motorcycle,car,motorcycle,car,motorcycle,car,motorcycle,car
2012,Pedal Cycle,Trucks,Pedal Cycle,Trucks,cycle,truck,cycle,truck,cycle,truck,cycle,truck,cycle,truck
2012,Bus,No other/fixed or stationary object,Bus,No other/fixed or stationary object,bus,NOV,bus,NOV,bus,NOV,bus,NOV,bus,NOV
2012,Car,No other/fixed or stationary object,Car,No other/fixed or stationary object,car,NOV,car,NOV,car,NOV,car,NOV,car,NOV
2012,Pedestrian,Trucks,Pedestrian,Trucks,pedestrian,truck,pedestrian,truck,pedestrian,truck,pedestrian,truck,pedestrian,truck
2012,Pedestrian,Car/pick-up/van,Pedestrian,Car/pick-up/van,pedestrian,car,pedestrian,car,pedestrian,car,pedestrian,car,pedestrian,car
2012,Pedestrian,2/3 Wheeled,Pedestrian,2/3 Wheeled,pedestrian,motorcycle,pedestrian,motorcycle,pedestrian,motorcycle,pedestrian,motorcycle,pedestrian,motorcycle
2012,Motorcycle,Car/pick-up/van,Motorcycle,Car/pick-up/van,motorcycle,car,motorcycle,car,motorcycle,car,motorcycle,car,motorcycle,car
2012,Pedestrian,Unknown,Pedestrian,NA,pedestrian,car,pedestrian,truck,pedestrian,truck,pedestrian,motorcycle,pedestrian,motorcycle
2012,Pedestrian,Unknown,Pedestrian,NA,pedestrian,car,pedestrian,bus,pedestrian,car,pedestrian,motorcycle,pedestrian,bus
2012,Pedestrian,Unknown,Pedestrian,NA,pedestrian,car,pedestrian,car,pedestrian,car,pedestrian,car,pedestrian,truck
2012,Motorcycle,Trucks,Motorcycle,Trucks,motorcycle,truck,motorcycle,truck,motorcycle,truck,motorcycle,truck,motorcycle,truck
2012,Motorcycle,Unknown,Motorcycle,NA,motorcycle,truck,motorcycle,bus,motorcycle,car,motorcycle,motorcycle,motorcycle,truck
2012,Motorcycle,Bus,Motorcycle,Bus,motorcycle,bus,motorcycle,bus,motorcycle,bus,motorcycle,bus,motorcycle,bus
2012,Motorcycle,Car/pick-up/van,Motorcycle,Car/pick-up/van,motorcycle,car,motorcycle,car,motorcycle,car,motorcycle,car,motorcycle,car
2012,Motorcycle,No other/fixed or stationary object,Motorcycle,No other/fixed or stationary object,motorcycle,NOV,motorcycle,NOV,motorcycle,NOV,motorcycle,NOV,motorcycle,NOV
2012,Pedestrian,Unknown,Pedestrian,NA,pedestrian,car,pedestrian,car,pedestrian,motorcycle,pedestrian,bus,pedestrian,car
2012,Pedal Cycle,Trucks,Pedal Cycle,Trucks,cycle,truck,cycle,truck,cycle,truck,cycle,truck,cycle,truck
2012,Pedestrian,Car/pick-up/van,Pedestrian,Car/pick-up/van,pedestrian,car,pedestrian,car,pedestrian,car,pedestrian,car,pedestrian,car
2012,Pedestrian,Car/pick-up/van,Pedestrian,Car/pick-up/van,pedestrian,car,pedestrian,car,pedestrian,car,pedestrian,car,pedestrian,car
2012,Motorcycle,Trucks,Motorcycle,Trucks,motorcycle,truck,motorcycle,truck,motorcycle,truck,motorcycle,truck,motorcycle,truck
2012,Pedestrian,Bus,Pedestrian,Bus,pedestrian,bus,pedestrian,bus,pedestrian,bus,pedestrian,bus,pedestrian,bus
2012,3Wheeled,Trucks,3Wheeled,Trucks,motorcycle,truck,motorcycle,truck,motorcycle,truck,motorcycle,truck,motorcycle,truck
2012,Motorcycle,Bus,Motorcycle,Bus,motorcycle,bus,motorcycle,bus,motorcycle,bus,motorcycle,bus,motorcycle,bus
2012,Motorcycle,Car/pick-up/van,Motorcycle,Car/pick-up/van,motorcycle,car,motorcycle,car,motorcycle,car,motorcycle,car,motorcycle,car
2012,Heavy transport,Car/pick-up/van,Heavy transport,Car/pick-up/van,truck,car,truck,car,truck,car,truck,car,truck,car
2012,Pedestrian,Unknown,Pedestrian,NA,pedestrian,car,pedestrian,car,pedestrian,car,pedestrian,car,pedestrian,truck
2012,Motorcycle,Trucks,Motorcycle,Trucks,motorcycle,truck,motorcycle,truck,motorcycle,truck,motorcycle,truck,motorcycle,truck
2012,Motorcycle,Unknown,Motorcycle,NA,motorcycle,car,motorcycle,car,motorcycle,motorcycle,motorcycle,truck,motorcycle,truck
2012,Pedestrian,Unknown,Pedestrian,NA,pedestrian,car,pedestrian,motorcycle,pedestrian,car,pedestrian,car,pedestrian,motorcycle
2012,Motorcycle,Car/pick-up/van,Motorcycle,Car/pick-up/van,motorcycle,car,motorcycle,car,motorcycle,car,motorcycle,car,motorcycle,car
2012,Pedestrian,Unknown,Pedestrian,NA,pedestrian,bus,pedestrian,car,pedestrian,motorcycle,pedestrian,car,pedestrian,truck
2012,Motorcycle,Trucks,Motorcycle,Trucks,motorcycle,truck,motorcycle,truck,motorcycle,truck,motorcycle,truck,motorcycle,truck
2012,Pedestrian,Unknown,Pedestrian,NA,pedestrian,car,pedestrian,car,pedestrian,car,pedestrian,car,pedestrian,truck
2012,Motorcycle,Unknown,Motorcycle,NA,motorcycle,truck,motorcycle,car,motorcycle,car,motorcycle,NOV,motorcycle,truck
2012,Motorcycle,Unknown,Motorcycle,NA,motorcycle,car,motorcycle,truck,motorcycle,truck,motorcycle,truck,motorcycle,truck
2012,Pedestrian,Car/pick-up/van,Pedestrian,Car/pick-up/van,pedestrian,car,pedestrian,car,pedestrian,car,pedestrian,car,pedestrian,car
2012,Other,unspecified,Other,NA,other,car,other,car,other,car,other,car,other,car
2012,Motorcycle,2/3 Wheeled,Motorcycle,2/3 Wheeled,motorcycle,motorcycle,motorcycle,motorcycle,motorcycle,motorcycle,motorcycle,motorcycle,motorcycle,motorcycle
2012,Pedestrian,Unknown,Pedestrian,NA,pedestrian,car,pedestrian,motorcycle,pedestrian,car,pedestrian,motorcycle,pedestrian,bus
2012,Pedestrian,Unknown,Pedestrian,NA,pedestrian,bus,pedestrian,car,pedestrian,car,pedestrian,car,pedestrian,car
2012,Motorcycle,Car/pick-up/van,Motorcycle,Car/pick-up/van,motorcycle,car,motorcycle,car,motorcycle,car,motorcycle,car,motorcycle,car
2012,Motorcycle,Bus,Motorcycle,Bus,motorcycle,bus,motorcycle,bus,motorcycle,bus,motorcycle,bus,motorcycle,bus
2012,Pedestrian,Unknown,Pedestrian,NA,pedestrian,car,pedestrian,truck,pedestrian,car,pedestrian,truck,pedestrian,truck
2012,Pedestrian,Car/pick-up/van,Pedestrian,Car/pick-up/van,pedestrian,car,pedestrian,car,pedestrian,car,pedestrian,car,pedestrian,car
2012,Pedestrian,Car/pick-up/van,Pedestrian,Car/pick-up/van,pedestrian,car,pedestrian,car,pedestrian,car,pedestrian,car,pedestrian,car
2012,Motorcycle,Trucks,Motorcycle,Trucks,motorcycle,truck,motorcycle,truck,motorcycle,truck,motorcycle,truck,motorcycle,truck
2012,Pedestrian,Unknown,Pedestrian,NA,pedestrian,car,pedestrian,car,pedestrian,car,pedestrian,car,pedestrian,truck
2012,Pedestrian,Car/pick-up/van,Pedestrian,Car/pick-up/van,pedestrian,car,pedestrian,car,pedestrian,car,pedestrian,car,pedestrian,car
2012,Motorcycle,No other/fixed or stationary object,Motorcycle,No other/fixed or stationary object,motorcycle,NOV,motorcycle,NOV,motorcycle,NOV,motorcycle,NOV,motorcycle,NOV
2012,Pedestrian,Unknown,Pedestrian,NA,pedestrian,car,pedestrian,bus,pedestrian,truck,pedestrian,bus,pedestrian,truck
2012,Motorcycle,Trucks,Motorcycle,Trucks,motorcycle,truck,motorcycle,truck,motorcycle,truck,motorcycle,truck,motorcycle,truck
2012,Pedestrian,Unknown,Pedestrian,NA,pedestrian,car,pedestrian,motorcycle,pedestrian,car,pedestrian,car,pedestrian,car
2012,Pedestrian,Bus,Pedestrian,Bus,pedestrian,bus,pedestrian,bus,pedestrian,bus,pedestrian,bus,pedestrian,bus
2012,Pedestrian,2/3 Wheeled,Pedestrian,2/3 Wheeled,pedestrian,motorcycle,pedestrian,motorcycle,pedestrian,motorcycle,pedestrian,motorcycle,pedestrian,motorcycle
2012,Pedestrian,Unknown,Pedestrian,NA,pedestrian,bus,pedestrian,car,pedestrian,car,pedestrian,car,pedestrian,car
2012,Pedestrian,Bus,Pedestrian,Bus,pedestrian,bus,pedestrian,bus,pedestrian,bus,pedestrian,bus,pedestrian,bus
2012,Pedestrian,Unknown,Pedestrian,NA,pedestrian,truck,pedestrian,car,pedestrian,truck,pedestrian,truck,pedestrian,car
2012,Pedestrian,Trucks,Pedestrian,Trucks,pedestrian,truck,pedestrian,truck,pedestrian,truck,pedestrian,truck,pedestrian,truck
2012,Pedestrian,Trucks,Pedestrian,Trucks,pedestrian,truck,pedestrian,truck,pedestrian,truck,pedestrian,truck,pedestrian,truck
2012,Pedestrian,Unknown,Pedestrian,NA,pedestrian,truck,pedestrian,motorcycle,pedestrian,car,pedestrian,car,pedestrian,truck
2012,Pedestrian,2/3 Wheeled,Pedestrian,2/3 Wheeled,pedestrian,motorcycle,pedestrian,motorcycle,pedestrian,motorcycle,pedestrian,motorcycle,pedestrian,motorcycle
2012,Pedestrian,Unknown,Pedestrian,NA,pedestrian,car,pedestrian,car,pedestrian,truck,pedestrian,car,pedestrian,truck
2012,Motorcycle,Car/pick-up/van,Motorcycle,Car/pick-up/van,motorcycle,car,motorcycle,car,motorcycle,car,motorcycle,car,motorcycle,car
2012,3Wheeled,2/3 Wheeled,3Wheeled,2/3 Wheeled,motorcycle,motorcycle,motorcycle,motorcycle,motorcycle,motorcycle,motorcycle,motorcycle,motorcycle,motorcycle
2012,Motorcycle,Bus,Motorcycle,Bus,motorcycle,bus,motorcycle,bus,motorcycle,bus,motorcycle,bus,motorcycle,bus
2012,Motorcycle,Unknown,Motorcycle,NA,motorcycle,truck,motorcycle,car,motorcycle,car,motorcycle,NOV,motorcycle,car
2012,Pedestrian,Unknown,Pedestrian,NA,pedestrian,truck,pedestrian,car,pedestrian,car,pedestrian,bus,pedestrian,motorcycle
2012,Pedestrian,Trucks,Pedestrian,Trucks,pedestrian,truck,pedestrian,truck,pedestrian,truck,pedestrian,truck,pedestrian,truck
2012,Pedestrian,Unknown,Pedestrian,NA,pedestrian,car,pedestrian,motorcycle,pedestrian,motorcycle,pedestrian,car,pedestrian,car
2012,Pedestrian,Unknown,Pedestrian,NA,pedestrian,bus,pedestrian,car,pedestrian,car,pedestrian,car,pedestrian,car
2012,3Wheeled,Unknown,3Wheeled,NA,motorcycle,truck,motorcycle,car,motorcycle,truck,motorcycle,bus,motorcycle,car
2012,Motorcycle,Unknown,Motorcycle,NA,motorcycle,truck,motorcycle,truck,motorcycle,truck,motorcycle,car,motorcycle,car
2012,Pedestrian,Unknown,Pedestrian,NA,pedestrian,truck,pedestrian,car,pedestrian,truck,pedestrian,motorcycle,pedestrian,motorcycle
2012,Pedestrian,Unknown,Pedestrian,NA,pedestrian,car,pedestrian,car,pedestrian,motorcycle,pedestrian,car,pedestrian,car
2012,Pedal Cycle,Bus,Pedal Cycle,Bus,cycle,bus,cycle,bus,cycle,bus,cycle,bus,cycle,bus
2012,Pedestrian,Unknown,Pedestrian,NA,pedestrian,car,pedestrian,truck,pedestrian,bus,pedestrian,car,pedestrian,truck
2012,Pick-up truck/van,2/3 Wheeled,Pick-up truck/van,2/3 Wheeled,car,motorcycle,car,motorcycle,car,motorcycle,car,motorcycle,car,motorcycle
2012,Pedestrian,Unknown,Pedestrian,NA,pedestrian,bus,pedestrian,car,pedestrian,bus,pedestrian,car,pedestrian,bus
2012,Motorcycle,No other/fixed or stationary object,Motorcycle,No other/fixed or stationary object,motorcycle,NOV,motorcycle,NOV,motorcycle,NOV,motorcycle,NOV,motorcycle,NOV
2012,Motorcycle,Car/pick-up/van,Motorcycle,Car/pick-up/van,motorcycle,car,motorcycle,car,motorcycle,car,motorcycle,car,motorcycle,car
2012,Pedal Cycle,Unknown,Pedal Cycle,NA,cycle,car,cycle,car,cycle,truck,cycle,car,cycle,car
2012,Pedal Cycle,Car/pick-up/van,Pedal Cycle,Car/pick-up/van,cycle,car,cycle,car,cycle,car,cycle,car,cycle,car
2012,Motorcycle,No other/fixed or stationary object,Motorcycle,No other/fixed or stationary object,motorcycle,NOV,motorcycle,NOV,motorcycle,NOV,motorcycle,NOV,motorcycle,NOV
2012,Pedal Cycle,2/3 Wheeled,Pedal Cycle,2/3 Wheeled,cycle,motorcycle,cycle,motorcycle,cycle,motorcycle,cycle,motorcycle,cycle,motorcycle
2012,Motorcycle,Trucks,Motorcycle,Trucks,motorcycle,truck,motorcycle,truck,motorcycle,truck,motorcycle,truck,motorcycle,truck
2012,Car,No other/fixed or stationary object,Car,No other/fixed or stationary object,car,NOV,car,NOV,car,NOV,car,NOV,car,NOV
2012,Pedal Cycle,Car/pick-up/van,Pedal Cycle,Car/pick-up/van,cycle,car,cycle,car,cycle,car,cycle,car,cycle,car
2012,Motorcycle,Bus,Motorcycle,Bus,motorcycle,bus,motorcycle,bus,motorcycle,bus,motorcycle,bus,motorcycle,bus
2012,Motorcycle,Trucks,Motorcycle,Trucks,motorcycle,truck,motorcycle,truck,motorcycle,truck,motorcycle,truck,motorcycle,truck
2012,Pedestrian,Unknown,Pedestrian,NA,pedestrian,motorcycle,pedestrian,motorcycle,pedestrian,car,pedestrian,car,pedestrian,car
2012,Heavy transport,No other/fixed or stationary object,Heavy transport,No other/fixed or stationary object,truck,NOV,truck,NOV,truck,NOV,truck,NOV,truck,NOV
2012,Unknown,unspecified,NA,NA,motorcycle,car,motorcycle,truck,pedestrian,car,pedestrian,bus,motorcycle,bus
2012,Pedal Cycle,Car/pick-up/van,Pedal Cycle,Car/pick-up/van,cycle,car,cycle,car,cycle,car,cycle,car,cycle,car
2012,Other,Unknown,Other,NA,other,motorcycle,other,car,other,truck,other,bus,other,truck
2012,Pedestrian,Unknown,Pedestrian,NA,pedestrian,car,pedestrian,motorcycle,pedestrian,car,pedestrian,car,pedestrian,truck
2012,Pedestrian,Unknown,Pedestrian,NA,pedestrian,motorcycle,pedestrian,car,pedestrian,truck,pedestrian,bus,pedestrian,motorcycle
2012,Motorcycle,Unknown,Motorcycle,NA,motorcycle,car,motorcycle,truck,motorcycle,car,motorcycle,truck,motorcycle,car
2012,Motorcycle,Trucks,Motorcycle,Trucks,motorcycle,truck,motorcycle,truck,motorcycle,truck,motorcycle,truck,motorcycle,truck
2012,Motorcycle,Bus,Motorcycle,Bus,motorcycle,bus,motorcycle,bus,motorcycle,bus,motorcycle,bus,motorcycle,bus
2012,Pedestrian,Unknown,Pedestrian,NA,pedestrian,car,pedestrian,motorcycle,pedestrian,truck,pedestrian,car,pedestrian,motorcycle
2012,Pedal Cycle,Trucks,Pedal Cycle,Trucks,cycle,truck,cycle,truck,cycle,truck,cycle,truck,cycle,truck
2012,Motorcycle,Unknown,Motorcycle,NA,motorcycle,truck,motorcycle,bus,motorcycle,bus,motorcycle,truck,motorcycle,truck
2012,Pedestrian,Bus,Pedestrian,Bus,pedestrian,bus,pedestrian,bus,pedestrian,bus,pedestrian,bus,pedestrian,bus
2012,Motorcycle,Unknown,Motorcycle,NA,motorcycle,truck,motorcycle,car,motorcycle,car,motorcycle,motorcycle,motorcycle,truck
2012,Pedestrian,Trucks,Pedestrian,Trucks,pedestrian,truck,pedestrian,truck,pedestrian,truck,pedestrian,truck,pedestrian,truck
2012,Motorcycle,Car/pick-up/van,Motorcycle,Car/pick-up/van,motorcycle,car,motorcycle,car,motorcycle,car,motorcycle,car,motorcycle,car
2012,Pedestrian,Trucks,Pedestrian,Trucks,pedestrian,truck,pedestrian,truck,pedestrian,truck,pedestrian,truck,pedestrian,truck
2012,Motorcycle,Trucks,Motorcycle,Trucks,motorcycle,truck,motorcycle,truck,motorcycle,truck,motorcycle,truck,motorcycle,truck
2012,Pedestrian,Unknown,Pedestrian,NA,pedestrian,bus,pedestrian,truck,pedestrian,truck,pedestrian,car,pedestrian,car
2012,Motorcycle,Unknown,Motorcycle,NA,motorcycle,truck,motorcycle,car,motorcycle,car,motorcycle,truck,motorcycle,truck
2012,Motorcycle,Bus,Motorcycle,Bus,motorcycle,bus,motorcycle,bus,motorcycle,bus,motorcycle,bus,motorcycle,bus
2012,Pedestrian,Bus,Pedestrian,Bus,pedestrian,bus,pedestrian,bus,pedestrian,bus,pedestrian,bus,pedestrian,bus
2012,Pedestrian,Trucks,Pedestrian,Trucks,pedestrian,truck,pedestrian,truck,pedestrian,truck,pedestrian,truck,pedestrian,truck
2012,Motorcycle,Unknown,Motorcycle,NA,motorcycle,car,motorcycle,car,motorcycle,bus,motorcycle,bus,motorcycle,bus
2012,Motorcycle,Bus,Motorcycle,Bus,motorcycle,bus,motorcycle,bus,motorcycle,bus,motorcycle,bus,motorcycle,bus
2012,Motorcycle,Unknown,Motorcycle,NA,motorcycle,NOV,motorcycle,truck,motorcycle,truck,motorcycle,truck,motorcycle,car
2012,Pedestrian,Bus,Pedestrian,Bus,pedestrian,bus,pedestrian,bus,pedestrian,bus,pedestrian,bus,pedestrian,bus
2012,Motorcycle,Unknown,Motorcycle,NA,motorcycle,NOV,motorcycle,truck,motorcycle,truck,motorcycle,NOV,motorcycle,car
2012,Pedestrian,Trucks,Pedestrian,Trucks,pedestrian,truck,pedestrian,truck,pedestrian,truck,pedestrian,truck,pedestrian,truck
2012,Pedestrian,Unknown,Pedestrian,NA,pedestrian,car,pedestrian,bus,pedestrian,car,pedestrian,bus,pedestrian,bus
2012,Pedestrian,Trucks,Pedestrian,Trucks,pedestrian,truck,pedestrian,truck,pedestrian,truck,pedestrian,truck,pedestrian,truck
2012,Motorcycle,Unknown,Motorcycle,NA,motorcycle,car,motorcycle,car,motorcycle,car,motorcycle,truck,motorcycle,car
2012,Motorcycle,Trucks,Motorcycle,Trucks,motorcycle,truck,motorcycle,truck,motorcycle,truck,motorcycle,truck,motorcycle,truck
2012,Pedestrian,Bus,Pedestrian,Bus,pedestrian,bus,pedestrian,bus,pedestrian,bus,pedestrian,bus,pedestrian,bus
2012,Pedestrian,Car/pick-up/van,Pedestrian,Car/pick-up/van,pedestrian,car,pedestrian,car,pedestrian,car,pedestrian,car,pedestrian,car
2012,Pedestrian,Trucks,Pedestrian,Trucks,pedestrian,truck,pedestrian,truck,pedestrian,truck,pedestrian,truck,pedestrian,truck
2012,Pedestrian,Unknown,Pedestrian,NA,pedestrian,car,pedestrian,car,pedestrian,motorcycle,pedestrian,truck,pedestrian,motorcycle
2012,Pedestrian,Bus,Pedestrian,Bus,pedestrian,bus,pedestrian,bus,pedestrian,bus,pedestrian,bus,pedestrian,bus
2012,Motorcycle,Unknown,Motorcycle,NA,motorcycle,bus,motorcycle,truck,motorcycle,car,motorcycle,bus,motorcycle,car
2012,Motorcycle,Trucks,Motorcycle,Trucks,motorcycle,truck,motorcycle,truck,motorcycle,truck,motorcycle,truck,motorcycle,truck
2012,Pedestrian,Trucks,Pedestrian,Trucks,pedestrian,truck,pedestrian,truck,pedestrian,truck,pedestrian,truck,pedestrian,truck
2012,Motorcycle,Trucks,Motorcycle,Trucks,motorcycle,truck,motorcycle,truck,motorcycle,truck,motorcycle,truck,motorcycle,truck
2012,Motorcycle,Unknown,Motorcycle,NA,motorcycle,bus,motorcycle,NOV,motorcycle,car,motorcycle,truck,motorcycle,motorcycle
2012,Motorcycle,Car/pick-up/van,Motorcycle,Car/pick-up/van,motorcycle,car,motorcycle,car,motorcycle,car,motorcycle,car,motorcycle,car
2012,Pedestrian,Unknown,Pedestrian,NA,pedestrian,bus,pedestrian,bus,pedestrian,car,pedestrian,bus,pedestrian,car
2012,Pedestrian,Unknown,Pedestrian,NA,pedestrian,truck,pedestrian,motorcycle,pedestrian,car,pedestrian,car,pedestrian,car
2012,Pedestrian,Unknown,Pedestrian,NA,pedestrian,bus,pedestrian,car,pedestrian,car,pedestrian,motorcycle,pedestrian,motorcycle
2012,Motorcycle,Trucks,Motorcycle,Trucks,motorcycle,truck,motorcycle,truck,motorcycle,truck,motorcycle,truck,motorcycle,truck
2012,Pedestrian,Unknown,Pedestrian,NA,pedestrian,truck,pedestrian,bus,pedestrian,truck,pedestrian,car,pedestrian,car
2012,Pedestrian,Unknown,Pedestrian,NA,pedestrian,car,pedestrian,car,pedestrian,car,pedestrian,truck,pedestrian,bus
2012,Motorcycle,Unknown,Motorcycle,NA,motorcycle,car,motorcycle,truck,motorcycle,car,motorcycle,truck,motorcycle,truck
2012,Pedestrian,2/3 Wheeled,Pedestrian,2/3 Wheeled,pedestrian,motorcycle,pedestrian,motorcycle,pedestrian,motorcycle,pedestrian,motorcycle,pedestrian,motorcycle
2012,Pedestrian,Unknown,Pedestrian,NA,pedestrian,truck,pedestrian,car,pedestrian,motorcycle,pedestrian,bus,pedestrian,truck
2012,Motorcycle,Trucks,Motorcycle,Trucks,motorcycle,truck,motorcycle,truck,motorcycle,truck,motorcycle,truck,motorcycle,truck
2012,Motorcycle,2/3 Wheeled,Motorcycle,2/3 Wheeled,motorcycle,motorcycle,motorcycle,motorcycle,motorcycle,motorcycle,motorcycle,motorcycle,motorcycle,motorcycle
2012,Motorcycle,Trucks,Motorcycle,Trucks,motorcycle,truck,motorcycle,truck,motorcycle,truck,motorcycle,truck,motorcycle,truck
2012,Motorcycle,Car/pick-up/van,Motorcycle,Car/pick-up/van,motorcycle,car,motorcycle,car,motorcycle,car,motorcycle,car,motorcycle,car
2012,Pedestrian,Unknown,Pedestrian,NA,pedestrian,truck,pedestrian,car,pedestrian,car,pedestrian,truck,pedestrian,bus
2012,Pedestrian,Unknown,Pedestrian,NA,pedestrian,truck,pedestrian,truck,pedestrian,car,pedestrian,car,pedestrian,truck
2012,Car,Bus,Car,Bus,car,bus,car,bus,car,bus,car,bus,car,bus
2012,Motorcycle,No other/fixed or stationary object,Motorcycle,No other/fixed or stationary object,motorcycle,NOV,motorcycle,NOV,motorcycle,NOV,motorcycle,NOV,motorcycle,NOV
2012,Pedestrian,Car/pick-up/van,Pedestrian,Car/pick-up/van,pedestrian,car,pedestrian,car,pedestrian,car,pedestrian,car,pedestrian,car
2012,Pedestrian,Unknown,Pedestrian,NA,pedestrian,truck,pedestrian,car,pedestrian,car,pedestrian,car,pedestrian,car
2012,Motorcycle,Unknown,Motorcycle,NA,motorcycle,car,motorcycle,motorcycle,motorcycle,car,motorcycle,car,motorcycle,truck
2012,Pedestrian,Car/pick-up/van,Pedestrian,Car/pick-up/van,pedestrian,car,pedestrian,car,pedestrian,car,pedestrian,car,pedestrian,car
2012,Pedestrian,Unknown,Pedestrian,NA,pedestrian,bus,pedestrian,car,pedestrian,car,pedestrian,bus,pedestrian,car
2012,Pedestrian,Unknown,Pedestrian,NA,pedestrian,car,pedestrian,car,pedestrian,car,pedestrian,truck,pedestrian,truck
2012,Pedestrian,Trucks,Pedestrian,Trucks,pedestrian,truck,pedestrian,truck,pedestrian,truck,pedestrian,truck,pedestrian,truck
2012,Motorcycle,Car/pick-up/van,Motorcycle,Car/pick-up/van,motorcycle,car,motorcycle,car,motorcycle,car,motorcycle,car,motorcycle,car
2012,Pedestrian,2/3 Wheeled,Pedestrian,2/3 Wheeled,pedestrian,motorcycle,pedestrian,motorcycle,pedestrian,motorcycle,pedestrian,motorcycle,pedestrian,motorcycle
2012,Motorcycle,Trucks,Motorcycle,Trucks,motorcycle,truck,motorcycle,truck,motorcycle,truck,motorcycle,truck,motorcycle,truck
2012,Pedestrian,Unknown,Pedestrian,NA,pedestrian,bus,pedestrian,car,pedestrian,car,pedestrian,bus,pedestrian,car
2012,Pedestrian,Unknown,Pedestrian,NA,pedestrian,motorcycle,pedestrian,bus,pedestrian,truck,pedestrian,truck,pedestrian,truck
2012,Motorcycle,Trucks,Motorcycle,Trucks,motorcycle,truck,motorcycle,truck,motorcycle,truck,motorcycle,truck,motorcycle,truck
2012,Pedestrian,Unknown,Pedestrian,NA,pedestrian,truck,pedestrian,truck,pedestrian,car,pedestrian,motorcycle,pedestrian,bus
2012,Motorcycle,Unknown,Motorcycle,NA,motorcycle,truck,motorcycle,NOV,motorcycle,NOV,motorcycle,truck,motorcycle,truck
2012,Motorcycle,Car/pick-up/van,Motorcycle,Car/pick-up/van,motorcycle,car,motorcycle,car,motorcycle,car,motorcycle,car,motorcycle,car
2012,Motorcycle,Car/pick-up/van,Motorcycle,Car/pick-up/van,motorcycle,car,motorcycle,car,motorcycle,car,motorcycle,car,motorcycle,car
2012,Pedestrian,Unknown,Pedestrian,NA,pedestrian,car,pedestrian,car,pedestrian,bus,pedestrian,car,pedestrian,bus
2012,Car,Trucks,Car,Trucks,car,truck,car,truck,car,truck,car,truck,car,truck
2012,Motorcycle,Car/pick-up/van,Motorcycle,Car/pick-up/van,motorcycle,car,motorcycle,car,motorcycle,car,motorcycle,car,motorcycle,car
2012,Motorcycle,No other/fixed or stationary object,Motorcycle,No other/fixed or stationary object,motorcycle,NOV,motorcycle,NOV,motorcycle,NOV,motorcycle,NOV,motorcycle,NOV
2012,Motorcycle,Car/pick-up/van,Motorcycle,Car/pick-up/van,motorcycle,car,motorcycle,car,motorcycle,car,motorcycle,car,motorcycle,car
2012,Motorcycle,Car/pick-up/van,Motorcycle,Car/pick-up/van,motorcycle,car,motorcycle,car,motorcycle,car,motorcycle,car,motorcycle,car
2012,Pedestrian,Car/pick-up/van,Pedestrian,Car/pick-up/van,pedestrian,car,pedestrian,car,pedestrian,car,pedestrian,car,pedestrian,car
2012,Pedestrian,Trucks,Pedestrian,Trucks,pedestrian,truck,pedestrian,truck,pedestrian,truck,pedestrian,truck,pedestrian,truck
2012,Motorcycle,Car/pick-up/van,Motorcycle,Car/pick-up/van,motorcycle,car,motorcycle,car,motorcycle,car,motorcycle,car,motorcycle,car
2012,Pedestrian,Trucks,Pedestrian,Trucks,pedestrian,truck,pedestrian,truck,pedestrian,truck,pedestrian,truck,pedestrian,truck
2012,Pedestrian,Unknown,Pedestrian,NA,pedestrian,truck,pedestrian,motorcycle,pedestrian,car,pedestrian,car,pedestrian,bus
2012,Pedestrian,Trucks,Pedestrian,Trucks,pedestrian,truck,pedestrian,truck,pedestrian,truck,pedestrian,truck,pedestrian,truck
2012,Pedestrian,Unknown,Pedestrian,NA,pedestrian,car,pedestrian,car,pedestrian,car,pedestrian,car,pedestrian,car
2012,Pedestrian,Unknown,Pedestrian,NA,pedestrian,car,pedestrian,truck,pedestrian,bus,pedestrian,motorcycle,pedestrian,motorcycle
2012,Pedestrian,2/3 Wheeled,Pedestrian,2/3 Wheeled,pedestrian,motorcycle,pedestrian,motorcycle,pedestrian,motorcycle,pedestrian,motorcycle,pedestrian,motorcycle
2012,Pedestrian,Car/pick-up/van,Pedestrian,Car/pick-up/van,pedestrian,car,pedestrian,car,pedestrian,car,pedestrian,car,pedestrian,car
2012,Pedestrian,Car/pick-up/van,Pedestrian,Car/pick-up/van,pedestrian,car,pedestrian,car,pedestrian,car,pedestrian,car,pedestrian,car
2012,Motorcycle,Car/pick-up/van,Motorcycle,Car/pick-up/van,motorcycle,car,motorcycle,car,motorcycle,car,motorcycle,car,motorcycle,car
2012,Pedestrian,2/3 Wheeled,Pedestrian,2/3 Wheeled,pedestrian,motorcycle,pedestrian,motorcycle,pedestrian,motorcycle,pedestrian,motorcycle,pedestrian,motorcycle
2012,Pedestrian,2/3 Wheeled,Pedestrian,2/3 Wheeled,pedestrian,motorcycle,pedestrian,motorcycle,pedestrian,motorcycle,pedestrian,motorcycle,pedestrian,motorcycle
2012,Pedestrian,2/3 Wheeled,Pedestrian,2/3 Wheeled,pedestrian,motorcycle,pedestrian,motorcycle,pedestrian,motorcycle,pedestrian,motorcycle,pedestrian,motorcycle
2012,Motorcycle,Car/pick-up/van,Motorcycle,Car/pick-up/van,motorcycle,car,motorcycle,car,motorcycle,car,motorcycle,car,motorcycle,car
2012,Pedestrian,Bus,Pedestrian,Bus,pedestrian,bus,pedestrian,bus,pedestrian,bus,pedestrian,bus,pedestrian,bus
2012,Motorcycle,Trucks,Motorcycle,Trucks,motorcycle,truck,motorcycle,truck,motorcycle,truck,motorcycle,truck,motorcycle,truck
2012,Motorcycle,Car/pick-up/van,Motorcycle,Car/pick-up/van,motorcycle,car,motorcycle,car,motorcycle,car,motorcycle,car,motorcycle,car
2012,Pedestrian,2/3 Wheeled,Pedestrian,2/3 Wheeled,pedestrian,motorcycle,pedestrian,motorcycle,pedestrian,motorcycle,pedestrian,motorcycle,pedestrian,motorcycle
2012,Motorcycle,Bus,Motorcycle,Bus,motorcycle,bus,motorcycle,bus,motorcycle,bus,motorcycle,bus,motorcycle,bus
2012,Motorcycle,Trucks,Motorcycle,Trucks,motorcycle,truck,motorcycle,truck,motorcycle,truck,motorcycle,truck,motorcycle,truck
2012,Pedestrian,Unknown,Pedestrian,NA,pedestrian,car,pedestrian,car,pedestrian,truck,pedestrian,motorcycle,pedestrian,car
2012,Motorcycle,Unknown,Motorcycle,NA,motorcycle,truck,motorcycle,car,motorcycle,car,motorcycle,NOV,motorcycle,bus
2012,Pedestrian,2/3 Wheeled,Pedestrian,2/3 Wheeled,pedestrian,motorcycle,pedestrian,motorcycle,pedestrian,motorcycle,pedestrian,motorcycle,pedestrian,motorcycle
2012,Pedestrian,Trucks,Pedestrian,Trucks,pedestrian,truck,pedestrian,truck,pedestrian,truck,pedestrian,truck,pedestrian,truck
2012,Motorcycle,Trucks,Motorcycle,Trucks,motorcycle,truck,motorcycle,truck,motorcycle,truck,motorcycle,truck,motorcycle,truck
2012,Pedestrian,Bus,Pedestrian,Bus,pedestrian,bus,pedestrian,bus,pedestrian,bus,pedestrian,bus,pedestrian,bus
2012,Motorcycle,Car/pick-up/van,Motorcycle,Car/pick-up/van,motorcycle,car,motorcycle,car,motorcycle,car,motorcycle,car,motorcycle,car
2012,Motorcycle,Bus,Motorcycle,Bus,motorcycle,bus,motorcycle,bus,motorcycle,bus,motorcycle,bus,motorcycle,bus
2012,Pedestrian,Trucks,Pedestrian,Trucks,pedestrian,truck,pedestrian,truck,pedestrian,truck,pedestrian,truck,pedestrian,truck
2012,Unknown,unspecified,NA,NA,motorcycle,NOV,pedestrian,motorcycle,truck,NOV,pedestrian,car,motorcycle,car
2012,Motorcycle,No other/fixed or stationary object,Motorcycle,No other/fixed or stationary object,motorcycle,NOV,motorcycle,NOV,motorcycle,NOV,motorcycle,NOV,motorcycle,NOV
2012,Pedestrian,Unknown,Pedestrian,NA,pedestrian,car,pedestrian,bus,pedestrian,car,pedestrian,car,pedestrian,car
2012,Bus,No other/fixed or stationary object,Bus,No other/fixed or stationary object,bus,NOV,bus,NOV,bus,NOV,bus,NOV,bus,NOV
2012,Pedestrian,Car/pick-up/van,Pedestrian,Car/pick-up/van,pedestrian,car,pedestrian,car,pedestrian,car,pedestrian,car,pedestrian,car
2012,Pedestrian,Car/pick-up/van,Pedestrian,Car/pick-up/van,pedestrian,car,pedestrian,car,pedestrian,car,pedestrian,car,pedestrian,car
2012,Pedestrian,Unknown,Pedestrian,NA,pedestrian,truck,pedestrian,motorcycle,pedestrian,car,pedestrian,car,pedestrian,car
2012,Motorcycle,No other/fixed or stationary object,Motorcycle,No other/fixed or stationary object,motorcycle,NOV,motorcycle,NOV,motorcycle,NOV,motorcycle,NOV,motorcycle,NOV
2012,Pedestrian,Car/pick-up/van,Pedestrian,Car/pick-up/van,pedestrian,car,pedestrian,car,pedestrian,car,pedestrian,car,pedestrian,car
2012,Pedestrian,Bus,Pedestrian,Bus,pedestrian,bus,pedestrian,bus,pedestrian,bus,pedestrian,bus,pedestrian,bus
2012,Motorcycle,2/3 Wheeled,Motorcycle,2/3 Wheeled,motorcycle,motorcycle,motorcycle,motorcycle,motorcycle,motorcycle,motorcycle,motorcycle,motorcycle,motorcycle
2012,Motorcycle,Trucks,Motorcycle,Trucks,motorcycle,truck,motorcycle,truck,motorcycle,truck,motorcycle,truck,motorcycle,truck
2012,Motorcycle,Car/pick-up/van,Motorcycle,Car/pick-up/van,motorcycle,car,motorcycle,car,motorcycle,car,motorcycle,car,motorcycle,car
2012,Pedestrian,Car/pick-up/van,Pedestrian,Car/pick-up/van,pedestrian,car,pedestrian,car,pedestrian,car,pedestrian,car,pedestrian,car
2012,Motorcycle,Trucks,Motorcycle,Trucks,motorcycle,truck,motorcycle,truck,motorcycle,truck,motorcycle,truck,motorcycle,truck
2012,Pedestrian,Bus,Pedestrian,Bus,pedestrian,bus,pedestrian,bus,pedestrian,bus,pedestrian,bus,pedestrian,bus
2012,Motorcycle,Car/pick-up/van,Motorcycle,Car/pick-up/van,motorcycle,car,motorcycle,car,motorcycle,car,motorcycle,car,motorcycle,car
2012,Other,unspecified,Other,NA,other,car,other,truck,other,car,other,NOV,other,car
2012,Pedestrian,Bus,Pedestrian,Bus,pedestrian,bus,pedestrian,bus,pedestrian,bus,pedestrian,bus,pedestrian,bus
2012,Pedestrian,Car/pick-up/van,Pedestrian,Car/pick-up/van,pedestrian,car,pedestrian,car,pedestrian,car,pedestrian,car,pedestrian,car
2012,Pedestrian,Car/pick-up/van,Pedestrian,Car/pick-up/van,pedestrian,car,pedestrian,car,pedestrian,car,pedestrian,car,pedestrian,car
2012,Pedestrian,Car/pick-up/van,Pedestrian,Car/pick-up/van,pedestrian,car,pedestrian,car,pedestrian,car,pedestrian,car,pedestrian,car
2012,Pedestrian,Car/pick-up/van,Pedestrian,Car/pick-up/van,pedestrian,car,pedestrian,car,pedestrian,car,pedestrian,car,pedestrian,car
2012,Pedestrian,Unknown,Pedestrian,NA,pedestrian,truck,pedestrian,motorcycle,pedestrian,truck,pedestrian,truck,pedestrian,motorcycle
2012,Pedestrian,Unknown,Pedestrian,NA,pedestrian,bus,pedestrian,car,pedestrian,car,pedestrian,car,pedestrian,truck
2012,Pedestrian,Unknown,Pedestrian,NA,pedestrian,car,pedestrian,car,pedestrian,bus,pedestrian,motorcycle,pedestrian,motorcycle
2012,Pedestrian,Trucks,Pedestrian,Trucks,pedestrian,truck,pedestrian,truck,pedestrian,truck,pedestrian,truck,pedestrian,truck
2012,Pedestrian,Bus,Pedestrian,Bus,pedestrian,bus,pedestrian,bus,pedestrian,bus,pedestrian,bus,pedestrian,bus
2012,Pedestrian,Car/pick-up/van,Pedestrian,Car/pick-up/van,pedestrian,car,pedestrian,car,pedestrian,car,pedestrian,car,pedestrian,car
2012,Motorcycle,Unknown,Motorcycle,NA,motorcycle,car,motorcycle,car,motorcycle,NOV,motorcycle,truck,motorcycle,car
2012,Pedestrian,Trucks,Pedestrian,Trucks,pedestrian,truck,pedestrian,truck,pedestrian,truck,pedestrian,truck,pedestrian,truck
2012,Car,Car/pick-up/van,Car,Car/pick-up/van,car,car,car,car,car,car,car,car,car,car
2012,Motorcycle,Trucks,Motorcycle,Trucks,motorcycle,truck,motorcycle,truck,motorcycle,truck,motorcycle,truck,motorcycle,truck
2012,Pick-up truck/van,Trucks,Pick-up truck/van,Trucks,car,truck,car,truck,car,truck,car,truck,car,truck
2012,Car,No other/fixed or stationary object,Car,No other/fixed or stationary object,car,NOV,car,NOV,car,NOV,car,NOV,car,NOV
2012,Pedal Cycle,Car/pick-up/van,Pedal Cycle,Car/pick-up/van,cycle,car,cycle,car,cycle,car,cycle,car,cycle,car
2012,Pedal Cycle,Unknown,Pedal Cycle,NA,cycle,truck,cycle,car,cycle,truck,cycle,car,cycle,truck
2012,Pick-up truck/van,Trucks,Pick-up truck/van,Trucks,car,truck,car,truck,car,truck,car,truck,car,truck
2012,Pedestrian,Car/pick-up/van,Pedestrian,Car/pick-up/van,pedestrian,car,pedestrian,car,pedestrian,car,pedestrian,car,pedestrian,car
2012,Heavy transport,Car/pick-up/van,Heavy transport,Car/pick-up/van,truck,car,truck,car,truck,car,truck,car,truck,car
2012,Motorcycle,Trucks,Motorcycle,Trucks,motorcycle,truck,motorcycle,truck,motorcycle,truck,motorcycle,truck,motorcycle,truck
2012,Pedestrian,Unknown,Pedestrian,NA,pedestrian,motorcycle,pedestrian,car,pedestrian,truck,pedestrian,motorcycle,pedestrian,car
2012,Pedestrian,Unknown,Pedestrian,NA,pedestrian,truck,pedestrian,motorcycle,pedestrian,car,pedestrian,car,pedestrian,truck
2012,Motorcycle,Trucks,Motorcycle,Trucks,motorcycle,truck,motorcycle,truck,motorcycle,truck,motorcycle,truck,motorcycle,truck
2012,Motorcycle,Car/pick-up/van,Motorcycle,Car/pick-up/van,motorcycle,car,motorcycle,car,motorcycle,car,motorcycle,car,motorcycle,car
2012,Motorcycle,No other/fixed or stationary object,Motorcycle,No other/fixed or stationary object,motorcycle,NOV,motorcycle,NOV,motorcycle,NOV,motorcycle,NOV,motorcycle,NOV
2012,Motorcycle,Car/pick-up/van,Motorcycle,Car/pick-up/van,motorcycle,car,motorcycle,car,motorcycle,car,motorcycle,car,motorcycle,car
2012,Pedestrian,Unknown,Pedestrian,NA,pedestrian,car,pedestrian,car,pedestrian,car,pedestrian,car,pedestrian,motorcycle
2012,Motorcycle,Unknown,Motorcycle,NA,motorcycle,car,motorcycle,car,motorcycle,NOV,motorcycle,NOV,motorcycle,NOV
2012,Pedestrian,Unknown,Pedestrian,NA,pedestrian,motorcycle,pedestrian,motorcycle,pedestrian,car,pedestrian,motorcycle,pedestrian,truck
2012,Pedestrian,Unknown,Pedestrian,NA,pedestrian,truck,pedestrian,motorcycle,pedestrian,car,pedestrian,car,pedestrian,car
2012,Pedal Cycle,Unknown,Pedal Cycle,NA,cycle,bus,cycle,truck,cycle,bus,cycle,truck,cycle,car
2012,Motorcycle,Car/pick-up/van,Motorcycle,Car/pick-up/van,motorcycle,car,motorcycle,car,motorcycle,car,motorcycle,car,motorcycle,car
2012,Car,No other/fixed or stationary object,Car,No other/fixed or stationary object,car,NOV,car,NOV,car,NOV,car,NOV,car,NOV
2012,Pedal Cycle,Bus,Pedal Cycle,Bus,cycle,bus,cycle,bus,cycle,bus,cycle,bus,cycle,bus
2012,Motorcycle,No other/fixed or stationary object,Motorcycle,No other/fixed or stationary object,motorcycle,NOV,motorcycle,NOV,motorcycle,NOV,motorcycle,NOV,motorcycle,NOV
2012,Motorcycle,2/3 Wheeled,Motorcycle,2/3 Wheeled,motorcycle,motorcycle,motorcycle,motorcycle,motorcycle,motorcycle,motorcycle,motorcycle,motorcycle,motorcycle
2012,Pedal Cycle,Unknown,Pedal Cycle,NA,cycle,truck,cycle,car,cycle,truck,cycle,motorcycle,cycle,bus
2012,Pick-up truck/van,Trucks,Pick-up truck/van,Trucks,car,truck,car,truck,car,truck,car,truck,car,truck
2012,Pedestrian,Unknown,Pedestrian,NA,pedestrian,car,pedestrian,car,pedestrian,truck,pedestrian,bus,pedestrian,motorcycle
2012,Pedestrian,Unknown,Pedestrian,NA,pedestrian,car,pedestrian,motorcycle,pedestrian,truck,pedestrian,motorcycle,pedestrian,car
2012,Motorcycle,Unknown,Motorcycle,NA,motorcycle,NOV,motorcycle,NOV,motorcycle,truck,motorcycle,truck,motorcycle,truck
2012,Pedestrian,Unknown,Pedestrian,NA,pedestrian,truck,pedestrian,car,pedestrian,car,pedestrian,car,pedestrian,truck
2012,Motorcycle,Car/pick-up/van,Motorcycle,Car/pick-up/van,motorcycle,car,motorcycle,car,motorcycle,car,motorcycle,car,motorcycle,car
2012,Motorcycle,Unknown,Motorcycle,NA,motorcycle,bus,motorcycle,car,motorcycle,motorcycle,motorcycle,bus,motorcycle,truck
2012,Pedestrian,Unknown,Pedestrian,NA,pedestrian,bus,pedestrian,truck,pedestrian,car,pedestrian,car,pedestrian,car
2012,Car,No other/fixed or stationary object,Car,No other/fixed or stationary object,car,NOV,car,NOV,car,NOV,car,NOV,car,NOV
2012,Car,Car/pick-up/van,Car,Car/pick-up/van,car,car,car,car,car,car,car,car,car,car
2012,Pedestrian,Unknown,Pedestrian,NA,pedestrian,car,pedestrian,car,pedestrian,car,pedestrian,bus,pedestrian,car
2012,Pedestrian,Unknown,Pedestrian,NA,pedestrian,truck,pedestrian,car,pedestrian,car,pedestrian,car,pedestrian,motorcycle
2012,Pedestrian,Car/pick-up/van,Pedestrian,Car/pick-up/van,pedestrian,car,pedestrian,car,pedestrian,car,pedestrian,car,pedestrian,car
2012,Pedal Cycle,Unknown,Pedal Cycle,NA,cycle,car,cycle,car,cycle,car,cycle,car,cycle,truck
2012,Motorcycle,Unknown,Motorcycle,NA,motorcycle,NOV,motorcycle,bus,motorcycle,truck,motorcycle,car,motorcycle,truck
2012,3Wheeled,Car/pick-up/van,3Wheeled,Car/pick-up/van,motorcycle,car,motorcycle,car,motorcycle,car,motorcycle,car,motorcycle,car
2012,Pedal Cycle,Unknown,Pedal Cycle,NA,cycle,motorcycle,cycle,car,cycle,car,cycle,truck,cycle,truck
2012,Motorcycle,Car/pick-up/van,Motorcycle,Car/pick-up/van,motorcycle,car,motorcycle,car,motorcycle,car,motorcycle,car,motorcycle,car
2012,Pedestrian,Car/pick-up/van,Pedestrian,Car/pick-up/van,pedestrian,car,pedestrian,car,pedestrian,car,pedestrian,car,pedestrian,car
2012,Pedestrian,Car/pick-up/van,Pedestrian,Car/pick-up/van,pedestrian,car,pedestrian,car,pedestrian,car,pedestrian,car,pedestrian,car
2012,Heavy transport,Trucks,Heavy transport,Trucks,truck,truck,truck,truck,truck,truck,truck,truck,truck,truck
2012,Pedestrian,Trucks,Pedestrian,Trucks,pedestrian,truck,pedestrian,truck,pedestrian,truck,pedestrian,truck,pedestrian,truck
2012,Car,No other/fixed or stationary object,Car,No other/fixed or stationary object,car,NOV,car,NOV,car,NOV,car,NOV,car,NOV
2012,Motorcycle,Car/pick-up/van,Motorcycle,Car/pick-up/van,motorcycle,car,motorcycle,car,motorcycle,car,motorcycle,car,motorcycle,car
2012,Unknown,unspecified,NA,NA,motorcycle,motorcycle,motorcycle,NOV,motorcycle,NOV,car,NOV,pedestrian,car
2012,Heavy transport,Trucks,Heavy transport,Trucks,truck,truck,truck,truck,truck,truck,truck,truck,truck,truck
2012,Heavy transport,Trucks,Heavy transport,Trucks,truck,truck,truck,truck,truck,truck,truck,truck,truck,truck
2012,Heavy transport,Car/pick-up/van,Heavy transport,Car/pick-up/van,truck,car,truck,car,truck,car,truck,car,truck,car
2012,Bus,2/3 Wheeled,Bus,2/3 Wheeled,bus,motorcycle,bus,motorcycle,bus,motorcycle,bus,motorcycle,bus,motorcycle
2012,Motorcycle,Unknown,Motorcycle,NA,motorcycle,car,motorcycle,bus,motorcycle,car,motorcycle,NOV,motorcycle,truck
2012,Motorcycle,Unknown,Motorcycle,NA,motorcycle,car,motorcycle,truck,motorcycle,car,motorcycle,bus,motorcycle,truck
2012,Pedal Cycle,Unknown,Pedal Cycle,NA,cycle,truck,cycle,truck,cycle,car,cycle,car,cycle,truck
2012,Pedal Cycle,Unknown,Pedal Cycle,NA,cycle,truck,cycle,truck,cycle,motorcycle,cycle,car,cycle,truck
2012,Motorcycle,Unknown,Motorcycle,NA,motorcycle,bus,motorcycle,bus,motorcycle,car,motorcycle,truck,motorcycle,truck
2012,Pick-up truck/van,Car/pick-up/van,Pick-up truck/van,Car/pick-up/van,car,car,car,car,car,car,car,car,car,car
2012,Motorcycle,Unknown,Motorcycle,NA,motorcycle,truck,motorcycle,truck,motorcycle,car,motorcycle,truck,motorcycle,NOV
2012,Motorcycle,Car/pick-up/van,Motorcycle,Car/pick-up/van,motorcycle,car,motorcycle,car,motorcycle,car,motorcycle,car,motorcycle,car
2012,Pedestrian,Unknown,Pedestrian,NA,pedestrian,car,pedestrian,car,pedestrian,truck,pedestrian,motorcycle,pedestrian,car
2012,Pedestrian,Unknown,Pedestrian,NA,pedestrian,car,pedestrian,truck,pedestrian,truck,pedestrian,car,pedestrian,car
2012,Pedestrian,Unknown,Pedestrian,NA,pedestrian,truck,pedestrian,bus,pedestrian,truck,pedestrian,truck,pedestrian,motorcycle
2012,Pedestrian,2/3 Wheeled,Pedestrian,2/3 Wheeled,pedestrian,motorcycle,pedestrian,motorcycle,pedestrian,motorcycle,pedestrian,motorcycle,pedestrian,motorcycle
2012,Pedestrian,Unknown,Pedestrian,NA,pedestrian,car,pedestrian,car,pedestrian,motorcycle,pedestrian,motorcycle,pedestrian,motorcycle
2012,Pedestrian,Trucks,Pedestrian,Trucks,pedestrian,truck,pedestrian,truck,pedestrian,truck,pedestrian,truck,pedestrian,truck
2012,Motorcycle,Unknown,Motorcycle,NA,motorcycle,truck,motorcycle,car,motorcycle,motorcycle,motorcycle,car,motorcycle,truck
2012,Motorcycle,Unknown,Motorcycle,NA,motorcycle,car,motorcycle,truck,motorcycle,truck,motorcycle,truck,motorcycle,truck
2012,Pedestrian,Unknown,Pedestrian,NA,pedestrian,truck,pedestrian,car,pedestrian,truck,pedestrian,car,pedestrian,car
2012,Heavy transport,Trucks,Heavy transport,Trucks,truck,truck,truck,truck,truck,truck,truck,truck,truck,truck
2012,Pedestrian,2/3 Wheeled,Pedestrian,2/3 Wheeled,pedestrian,motorcycle,pedestrian,motorcycle,pedestrian,motorcycle,pedestrian,motorcycle,pedestrian,motorcycle
2012,Pedestrian,Car/pick-up/van,Pedestrian,Car/pick-up/van,pedestrian,car,pedestrian,car,pedestrian,car,pedestrian,car,pedestrian,car
2012,Heavy transport,No other/fixed or stationary object,Heavy transport,No other/fixed or stationary object,truck,NOV,truck,NOV,truck,NOV,truck,NOV,truck,NOV
2012,Pedal Cycle,Car/pick-up/van,Pedal Cycle,Car/pick-up/van,cycle,car,cycle,car,cycle,car,cycle,car,cycle,car
2012,Pedestrian,Trucks,Pedestrian,Trucks,pedestrian,truck,pedestrian,truck,pedestrian,truck,pedestrian,truck,pedestrian,truck
2012,Pedestrian,Car/pick-up/van,Pedestrian,Car/pick-up/van,pedestrian,car,pedestrian,car,pedestrian,car,pedestrian,car,pedestrian,car
2012,Pedestrian,Trucks,Pedestrian,Trucks,pedestrian,truck,pedestrian,truck,pedestrian,truck,pedestrian,truck,pedestrian,truck
2012,Pedestrian,Car/pick-up/van,Pedestrian,Car/pick-up/van,pedestrian,car,pedestrian,car,pedestrian,car,pedestrian,car,pedestrian,car
2012,Motorcycle,No other/fixed or stationary object,Motorcycle,No other/fixed or stationary object,motorcycle,NOV,motorcycle,NOV,motorcycle,NOV,motorcycle,NOV,motorcycle,NOV
2012,Pedestrian,Unknown,Pedestrian,NA,pedestrian,NOV,pedestrian,car,pedestrian,motorcycle,pedestrian,car,pedestrian,car
2012,Motorcycle,Bus,Motorcycle,Bus,motorcycle,bus,motorcycle,bus,motorcycle,bus,motorcycle,bus,motorcycle,bus
2012,Motorcycle,Trucks,Motorcycle,Trucks,motorcycle,truck,motorcycle,truck,motorcycle,truck,motorcycle,truck,motorcycle,truck
2012,Pedestrian,Bus,Pedestrian,Bus,pedestrian,bus,pedestrian,bus,pedestrian,bus,pedestrian,bus,pedestrian,bus
2012,Pedestrian,Trucks,Pedestrian,Trucks,pedestrian,truck,pedestrian,truck,pedestrian,truck,pedestrian,truck,pedestrian,truck
2012,Pedestrian,Unknown,Pedestrian,NA,pedestrian,bus,pedestrian,car,pedestrian,car,pedestrian,motorcycle,pedestrian,bus
2012,Motorcycle,Car/pick-up/van,Motorcycle,Car/pick-up/van,motorcycle,car,motorcycle,car,motorcycle,car,motorcycle,car,motorcycle,car
2012,Pedestrian,Unknown,Pedestrian,NA,pedestrian,car,pedestrian,car,pedestrian,motorcycle,pedestrian,bus,pedestrian,car
2012,Pedestrian,Unknown,Pedestrian,NA,pedestrian,truck,pedestrian,car,pedestrian,motorcycle,pedestrian,car,pedestrian,car
2012,Pedestrian,Car/pick-up/van,Pedestrian,Car/pick-up/van,pedestrian,car,pedestrian,car,pedestrian,car,pedestrian,car,pedestrian,car
2012,Pedal Cycle,Trucks,Pedal Cycle,Trucks,cycle,truck,cycle,truck,cycle,truck,cycle,truck,cycle,truck
2012,Pedal Cycle,Trucks,Pedal Cycle,Trucks,cycle,truck,cycle,truck,cycle,truck,cycle,truck,cycle,truck
2012,Motorcycle,Trucks,Motorcycle,Trucks,motorcycle,truck,motorcycle,truck,motorcycle,truck,motorcycle,truck,motorcycle,truck
2012,Pedestrian,Bus,Pedestrian,Bus,pedestrian,bus,pedestrian,bus,pedestrian,bus,pedestrian,bus,pedestrian,bus
2012,Pedestrian,Unknown,Pedestrian,NA,pedestrian,car,pedestrian,motorcycle,pedestrian,car,pedestrian,motorcycle,pedestrian,bus
2012,Motorcycle,Trucks,Motorcycle,Trucks,motorcycle,truck,motorcycle,truck,motorcycle,truck,motorcycle,truck,motorcycle,truck
2012,Pedestrian,Trucks,Pedestrian,Trucks,pedestrian,truck,pedestrian,truck,pedestrian,truck,pedestrian,truck,pedestrian,truck
2012,Other,Unknown,Other,NA,other,NOV,other,car,other,motorcycle,other,car,other,truck
2012,Motorcycle,Trucks,Motorcycle,Trucks,motorcycle,truck,motorcycle,truck,motorcycle,truck,motorcycle,truck,motorcycle,truck
2012,Car,Trucks,Car,Trucks,car,truck,car,truck,car,truck,car,truck,car,truck
2012,Motorcycle,Car/pick-up/van,Motorcycle,Car/pick-up/van,motorcycle,car,motorcycle,car,motorcycle,car,motorcycle,car,motorcycle,car
2012,Pedestrian,Unknown,Pedestrian,NA,pedestrian,bus,pedestrian,motorcycle,pedestrian,car,pedestrian,car,pedestrian,car
2012,Motorcycle,Unknown,Motorcycle,NA,motorcycle,car,motorcycle,truck,motorcycle,NOV,motorcycle,NOV,motorcycle,bus
2012,Pedestrian,2/3 Wheeled,Pedestrian,2/3 Wheeled,pedestrian,motorcycle,pedestrian,motorcycle,pedestrian,motorcycle,pedestrian,motorcycle,pedestrian,motorcycle
2012,3Wheeled,No other/fixed or stationary object,3Wheeled,No other/fixed or stationary object,motorcycle,NOV,motorcycle,NOV,motorcycle,NOV,motorcycle,NOV,motorcycle,NOV
2012,Pedestrian,Car/pick-up/van,Pedestrian,Car/pick-up/van,pedestrian,car,pedestrian,car,pedestrian,car,pedestrian,car,pedestrian,car
2012,Motorcycle,No other/fixed or stationary object,Motorcycle,No other/fixed or stationary object,motorcycle,NOV,motorcycle,NOV,motorcycle,NOV,motorcycle,NOV,motorcycle,NOV
2012,Pedestrian,Unknown,Pedestrian,NA,pedestrian,car,pedestrian,truck,pedestrian,motorcycle,pedestrian,truck,pedestrian,truck
2012,Pedestrian,Car/pick-up/van,Pedestrian,Car/pick-up/van,pedestrian,car,pedestrian,car,pedestrian,car,pedestrian,car,pedestrian,car
2012,Pedestrian,Unknown,Pedestrian,NA,pedestrian,car,pedestrian,bus,pedestrian,motorcycle,pedestrian,bus,pedestrian,car
2012,Car,Trucks,Car,Trucks,car,truck,car,truck,car,truck,car,truck,car,truck
2012,Pedestrian,Trucks,Pedestrian,Trucks,pedestrian,truck,pedestrian,truck,pedestrian,truck,pedestrian,truck,pedestrian,truck
2012,Pedestrian,Unknown,Pedestrian,NA,pedestrian,truck,pedestrian,car,pedestrian,motorcycle,pedestrian,motorcycle,pedestrian,car
2012,Car,No other/fixed or stationary object,Car,No other/fixed or stationary object,car,NOV,car,NOV,car,NOV,car,NOV,car,NOV
2012,Motorcycle,Unknown,Motorcycle,NA,motorcycle,truck,motorcycle,NOV,motorcycle,bus,motorcycle,NOV,motorcycle,car
2012,Motorcycle,Trucks,Motorcycle,Trucks,motorcycle,truck,motorcycle,truck,motorcycle,truck,motorcycle,truck,motorcycle,truck
2012,Pedestrian,Unknown,Pedestrian,NA,pedestrian,car,pedestrian,car,pedestrian,truck,pedestrian,motorcycle,pedestrian,car
2012,Motorcycle,Unknown,Motorcycle,NA,motorcycle,car,motorcycle,NOV,motorcycle,car,motorcycle,car,motorcycle,NOV
2012,Pedestrian,Unknown,Pedestrian,NA,pedestrian,car,pedestrian,bus,pedestrian,truck,pedestrian,truck,pedestrian,truck
2012,Pedestrian,Unknown,Pedestrian,NA,pedestrian,motorcycle,pedestrian,car,pedestrian,car,pedestrian,car,pedestrian,truck
2012,Motorcycle,Unknown,Motorcycle,NA,motorcycle,bus,motorcycle,car,motorcycle,car,motorcycle,truck,motorcycle,truck
2012,Car,Car/pick-up/van,Car,Car/pick-up/van,car,car,car,car,car,car,car,car,car,car
2012,Pedestrian,Car/pick-up/van,Pedestrian,Car/pick-up/van,pedestrian,car,pedestrian,car,pedestrian,car,pedestrian,car,pedestrian,car
2012,Pedestrian,Unknown,Pedestrian,NA,pedestrian,car,pedestrian,car,pedestrian,car,pedestrian,car,pedestrian,motorcycle
2012,Motorcycle,Car/pick-up/van,Motorcycle,Car/pick-up/van,motorcycle,car,motorcycle,car,motorcycle,car,motorcycle,car,motorcycle,car
2012,Motorcycle,Car/pick-up/van,Motorcycle,Car/pick-up/van,motorcycle,car,motorcycle,car,motorcycle,car,motorcycle,car,motorcycle,car
2012,Pedal Cycle,Trucks,Pedal Cycle,Trucks,cycle,truck,cycle,truck,cycle,truck,cycle,truck,cycle,truck
2012,Pedestrian,Car/pick-up/van,Pedestrian,Car/pick-up/van,pedestrian,car,pedestrian,car,pedestrian,car,pedestrian,car,pedestrian,car
2012,Pedestrian,Car/pick-up/van,Pedestrian,Car/pick-up/van,pedestrian,car,pedestrian,car,pedestrian,car,pedestrian,car,pedestrian,car
2012,Car,Unknown,Car,NA,car,car,car,NOV,car,truck,car,NOV,car,truck
2012,Pedal Cycle,2/3 Wheeled,Pedal Cycle,2/3 Wheeled,cycle,motorcycle,cycle,motorcycle,cycle,motorcycle,cycle,motorcycle,cycle,motorcycle
2012,Car,Trucks,Car,Trucks,car,truck,car,truck,car,truck,car,truck,car,truck
2012,Pedestrian,Unknown,Pedestrian,NA,pedestrian,car,pedestrian,car,pedestrian,truck,pedestrian,car,pedestrian,car
2012,Pedestrian,Unknown,Pedestrian,NA,pedestrian,motorcycle,pedestrian,motorcycle,pedestrian,car,pedestrian,bus,pedestrian,truck
2012,Motorcycle,Unknown,Motorcycle,NA,motorcycle,car,motorcycle,NOV,motorcycle,bus,motorcycle,truck,motorcycle,NOV
2012,Pedestrian,Unknown,Pedestrian,NA,pedestrian,truck,pedestrian,motorcycle,pedestrian,car,pedestrian,car,pedestrian,car
2012,Pedal Cycle,Car/pick-up/van,Pedal Cycle,Car/pick-up/van,cycle,car,cycle,car,cycle,car,cycle,car,cycle,car
2012,Pedestrian,Unknown,Pedestrian,NA,pedestrian,car,pedestrian,car,pedestrian,car,pedestrian,car,pedestrian,truck
2012,Pedal Cycle,2/3 Wheeled,Pedal Cycle,2/3 Wheeled,cycle,motorcycle,cycle,motorcycle,cycle,motorcycle,cycle,motorcycle,cycle,motorcycle
2012,Pedestrian,Unknown,Pedestrian,NA,pedestrian,car,pedestrian,truck,pedestrian,motorcycle,pedestrian,truck,pedestrian,truck
2012,Pedestrian,Unknown,Pedestrian,NA,pedestrian,truck,pedestrian,car,pedestrian,truck,pedestrian,truck,pedestrian,bus
2012,Motorcycle,No other/fixed or stationary object,Motorcycle,No other/fixed or stationary object,motorcycle,NOV,motorcycle,NOV,motorcycle,NOV,motorcycle,NOV,motorcycle,NOV
2012,Pedestrian,2/3 Wheeled,Pedestrian,2/3 Wheeled,pedestrian,motorcycle,pedestrian,motorcycle,pedestrian,motorcycle,pedestrian,motorcycle,pedestrian,motorcycle
2012,Pedestrian,Unknown,Pedestrian,NA,pedestrian,truck,pedestrian,car,pedestrian,motorcycle,pedestrian,truck,pedestrian,car
2012,Motorcycle,Trucks,Motorcycle,Trucks,motorcycle,truck,motorcycle,truck,motorcycle,truck,motorcycle,truck,motorcycle,truck
2012,Car,Bus,Car,Bus,car,bus,car,bus,car,bus,car,bus,car,bus
2012,Pedestrian,2/3 Wheeled,Pedestrian,2/3 Wheeled,pedestrian,motorcycle,pedestrian,motorcycle,pedestrian,motorcycle,pedestrian,motorcycle,pedestrian,motorcycle
2012,Pedestrian,Unknown,Pedestrian,NA,pedestrian,bus,pedestrian,car,pedestrian,bus,pedestrian,car,pedestrian,bus
2012,Motorcycle,Unknown,Motorcycle,NA,motorcycle,car,motorcycle,truck,motorcycle,truck,motorcycle,car,motorcycle,truck
2012,Pedestrian,Unknown,Pedestrian,NA,pedestrian,car,pedestrian,car,pedestrian,motorcycle,pedestrian,motorcycle,pedestrian,motorcycle
2012,Pedal Cycle,Trucks,Pedal Cycle,Trucks,cycle,truck,cycle,truck,cycle,truck,cycle,truck,cycle,truck
2012,Pedestrian,Unknown,Pedestrian,NA,pedestrian,truck,pedestrian,car,pedestrian,motorcycle,pedestrian,truck,pedestrian,car
2012,Pedestrian,Unknown,Pedestrian,NA,pedestrian,motorcycle,pedestrian,truck,pedestrian,car,pedestrian,truck,pedestrian,truck
2012,Pedestrian,Unknown,Pedestrian,NA,pedestrian,car,pedestrian,truck,pedestrian,bus,pedestrian,bus,pedestrian,car
2012,Motorcycle,No other/fixed or stationary object,Motorcycle,No other/fixed or stationary object,motorcycle,NOV,motorcycle,NOV,motorcycle,NOV,motorcycle,NOV,motorcycle,NOV
2012,Motorcycle,Unknown,Motorcycle,NA,motorcycle,bus,motorcycle,car,motorcycle,bus,motorcycle,truck,motorcycle,NOV
2012,Pedestrian,Unknown,Pedestrian,NA,pedestrian,bus,pedestrian,car,pedestrian,bus,pedestrian,motorcycle,pedestrian,truck
2012,Pedestrian,Bus,Pedestrian,Bus,pedestrian,bus,pedestrian,bus,pedestrian,bus,pedestrian,bus,pedestrian,bus
2012,Pedestrian,Trucks,Pedestrian,Trucks,pedestrian,truck,pedestrian,truck,pedestrian,truck,pedestrian,truck,pedestrian,truck
2012,Pedestrian,Car/pick-up/van,Pedestrian,Car/pick-up/van,pedestrian,car,pedestrian,car,pedestrian,car,pedestrian,car,pedestrian,car
2012,Motorcycle,Bus,Motorcycle,Bus,motorcycle,bus,motorcycle,bus,motorcycle,bus,motorcycle,bus,motorcycle,bus
2012,3Wheeled,Unknown,3Wheeled,NA,motorcycle,car,motorcycle,NOV,motorcycle,bus,motorcycle,car,motorcycle,NOV
2012,Pedestrian,Car/pick-up/van,Pedestrian,Car/pick-up/van,pedestrian,car,pedestrian,car,pedestrian,car,pedestrian,car,pedestrian,car
2012,Pedestrian,Trucks,Pedestrian,Trucks,pedestrian,truck,pedestrian,truck,pedestrian,truck,pedestrian,truck,pedestrian,truck
2012,Pedestrian,Unknown,Pedestrian,NA,pedestrian,motorcycle,pedestrian,bus,pedestrian,car,pedestrian,bus,pedestrian,truck
2012,Motorcycle,Unknown,Motorcycle,NA,motorcycle,NOV,motorcycle,NOV,motorcycle,truck,motorcycle,car,motorcycle,bus
2012,Pedestrian,Unknown,Pedestrian,NA,pedestrian,car,pedestrian,car,pedestrian,car,pedestrian,car,pedestrian,truck
2012,Motorcycle,Bus,Motorcycle,Bus,motorcycle,bus,motorcycle,bus,motorcycle,bus,motorcycle,bus,motorcycle,bus
2012,Motorcycle,No other/fixed or stationary object,Motorcycle,No other/fixed or stationary object,motorcycle,NOV,motorcycle,NOV,motorcycle,NOV,motorcycle,NOV,motorcycle,NOV
2012,Car,2/3 Wheeled,Car,2/3 Wheeled,car,motorcycle,car,motorcycle,car,motorcycle,car,motorcycle,car,motorcycle
2012,Other,Unknown,Other,NA,other,car,other,truck,other,bus,other,truck,other,car
2012,Pedestrian,Car/pick-up/van,Pedestrian,Car/pick-up/van,pedestrian,car,pedestrian,car,pedestrian,car,pedestrian,car,pedestrian,car
2012,Pedestrian,Car/pick-up/van,Pedestrian,Car/pick-up/van,pedestrian,car,pedestrian,car,pedestrian,car,pedestrian,car,pedestrian,car
2012,Pedestrian,Car/pick-up/van,Pedestrian,Car/pick-up/van,pedestrian,car,pedestrian,car,pedestrian,car,pedestrian,car,pedestrian,car
2012,Car,Car/pick-up/van,Car,Car/pick-up/van,car,car,car,car,car,car,car,car,car,car
2012,Motorcycle,No other/fixed or stationary object,Motorcycle,No other/fixed or stationary object,motorcycle,NOV,motorcycle,NOV,motorcycle,NOV,motorcycle,NOV,motorcycle,NOV
2012,Motorcycle,No other/fixed or stationary object,Motorcycle,No other/fixed or stationary object,motorcycle,NOV,motorcycle,NOV,motorcycle,NOV,motorcycle,NOV,motorcycle,NOV
2012,Car,Car/pick-up/van,Car,Car/pick-up/van,car,car,car,car,car,car,car,car,car,car
2012,Motorcycle,Trucks,Motorcycle,Trucks,motorcycle,truck,motorcycle,truck,motorcycle,truck,motorcycle,truck,motorcycle,truck
2012,Pedestrian,Car/pick-up/van,Pedestrian,Car/pick-up/van,pedestrian,car,pedestrian,car,pedestrian,car,pedestrian,car,pedestrian,car
2012,Car,No other/fixed or stationary object,Car,No other/fixed or stationary object,car,NOV,car,NOV,car,NOV,car,NOV,car,NOV
2012,Pedestrian,2/3 Wheeled,Pedestrian,2/3 Wheeled,pedestrian,motorcycle,pedestrian,motorcycle,pedestrian,motorcycle,pedestrian,motorcycle,pedestrian,motorcycle
2012,Pedestrian,2/3 Wheeled,Pedestrian,2/3 Wheeled,pedestrian,motorcycle,pedestrian,motorcycle,pedestrian,motorcycle,pedestrian,motorcycle,pedestrian,motorcycle
2012,Motorcycle,Car/pick-up/van,Motorcycle,Car/pick-up/van,motorcycle,car,motorcycle,car,motorcycle,car,motorcycle,car,motorcycle,car
2012,Motorcycle,Trucks,Motorcycle,Trucks,motorcycle,truck,motorcycle,truck,motorcycle,truck,motorcycle,truck,motorcycle,truck
2012,Motorcycle,Unknown,Motorcycle,NA,motorcycle,bus,motorcycle,car,motorcycle,truck,motorcycle,truck,motorcycle,truck
2012,Pedestrian,Unknown,Pedestrian,NA,pedestrian,car,pedestrian,motorcycle,pedestrian,car,pedestrian,truck,pedestrian,car
2012,Motorcycle,Unknown,Motorcycle,NA,motorcycle,car,motorcycle,car,motorcycle,truck,motorcycle,truck,motorcycle,car
2012,Motorcycle,Unknown,Motorcycle,NA,motorcycle,car,motorcycle,car,motorcycle,truck,motorcycle,truck,motorcycle,bus
2012,Pedestrian,Unknown,Pedestrian,NA,pedestrian,car,pedestrian,car,pedestrian,motorcycle,pedestrian,car,pedestrian,truck
2012,Motorcycle,Unknown,Motorcycle,NA,motorcycle,truck,motorcycle,car,motorcycle,truck,motorcycle,truck,motorcycle,truck
2012,Pedestrian,Unknown,Pedestrian,NA,pedestrian,motorcycle,pedestrian,car,pedestrian,car,pedestrian,car,pedestrian,motorcycle
2012,Motorcycle,Unknown,Motorcycle,NA,motorcycle,NOV,motorcycle,bus,motorcycle,bus,motorcycle,car,motorcycle,bus
2012,Motorcycle,Trucks,Motorcycle,Trucks,motorcycle,truck,motorcycle,truck,motorcycle,truck,motorcycle,truck,motorcycle,truck
2012,Pedestrian,Trucks,Pedestrian,Trucks,pedestrian,truck,pedestrian,truck,pedestrian,truck,pedestrian,truck,pedestrian,truck
2012,Motorcycle,Unknown,Motorcycle,NA,motorcycle,NOV,motorcycle,motorcycle,motorcycle,truck,motorcycle,NOV,motorcycle,truck
2012,Pedestrian,Car/pick-up/van,Pedestrian,Car/pick-up/van,pedestrian,car,pedestrian,car,pedestrian,car,pedestrian,car,pedestrian,car
2012,Pedestrian,Unknown,Pedestrian,NA,pedestrian,car,pedestrian,truck,pedestrian,motorcycle,pedestrian,bus,pedestrian,motorcycle
2012,Motorcycle,2/3 Wheeled,Motorcycle,2/3 Wheeled,motorcycle,motorcycle,motorcycle,motorcycle,motorcycle,motorcycle,motorcycle,motorcycle,motorcycle,motorcycle
2012,Motorcycle,Car/pick-up/van,Motorcycle,Car/pick-up/van,motorcycle,car,motorcycle,car,motorcycle,car,motorcycle,car,motorcycle,car
2012,Motorcycle,Trucks,Motorcycle,Trucks,motorcycle,truck,motorcycle,truck,motorcycle,truck,motorcycle,truck,motorcycle,truck
2012,Pedestrian,Trucks,Pedestrian,Trucks,pedestrian,truck,pedestrian,truck,pedestrian,truck,pedestrian,truck,pedestrian,truck
2012,Pedestrian,Trucks,Pedestrian,Trucks,pedestrian,truck,pedestrian,truck,pedestrian,truck,pedestrian,truck,pedestrian,truck
2012,Motorcycle,Car/pick-up/van,Motorcycle,Car/pick-up/van,motorcycle,car,motorcycle,car,motorcycle,car,motorcycle,car,motorcycle,car
2012,Motorcycle,Car/pick-up/van,Motorcycle,Car/pick-up/van,motorcycle,car,motorcycle,car,motorcycle,car,motorcycle,car,motorcycle,car
2012,Pedal Cycle,2/3 Wheeled,Pedal Cycle,2/3 Wheeled,cycle,motorcycle,cycle,motorcycle,cycle,motorcycle,cycle,motorcycle,cycle,motorcycle
2012,Pedal Cycle,Car/pick-up/van,Pedal Cycle,Car/pick-up/van,cycle,car,cycle,car,cycle,car,cycle,car,cycle,car
2012,Car,No other/fixed or stationary object,Car,No other/fixed or stationary object,car,NOV,car,NOV,car,NOV,car,NOV,car,NOV
2012,Car,No other/fixed or stationary object,Car,No other/fixed or stationary object,car,NOV,car,NOV,car,NOV,car,NOV,car,NOV
2012,Pick-up truck/van,Trucks,Pick-up truck/van,Trucks,car,truck,car,truck,car,truck,car,truck,car,truck
2012,Pedestrian,Trucks,Pedestrian,Trucks,pedestrian,truck,pedestrian,truck,pedestrian,truck,pedestrian,truck,pedestrian,truck
2012,Pedal Cycle,Unknown,Pedal Cycle,NA,cycle,truck,cycle,truck,cycle,car,cycle,car,cycle,bus
2012,Pedestrian,Unknown,Pedestrian,NA,pedestrian,car,pedestrian,truck,pedestrian,bus,pedestrian,car,pedestrian,bus
2012,Motorcycle,Car/pick-up/van,Motorcycle,Car/pick-up/van,motorcycle,car,motorcycle,car,motorcycle,car,motorcycle,car,motorcycle,car
2012,Pedestrian,Unknown,Pedestrian,NA,pedestrian,car,pedestrian,truck,pedestrian,car,pedestrian,car,pedestrian,motorcycle
2012,Motorcycle,Car/pick-up/van,Motorcycle,Car/pick-up/van,motorcycle,car,motorcycle,car,motorcycle,car,motorcycle,car,motorcycle,car
2012,Pedestrian,Bus,Pedestrian,Bus,pedestrian,bus,pedestrian,bus,pedestrian,bus,pedestrian,bus,pedestrian,bus
2012,Motorcycle,Trucks,Motorcycle,Trucks,motorcycle,truck,motorcycle,truck,motorcycle,truck,motorcycle,truck,motorcycle,truck
2012,Motorcycle,Trucks,Motorcycle,Trucks,motorcycle,truck,motorcycle,truck,motorcycle,truck,motorcycle,truck,motorcycle,truck
2012,Motorcycle,No other/fixed or stationary object,Motorcycle,No other/fixed or stationary object,motorcycle,NOV,motorcycle,NOV,motorcycle,NOV,motorcycle,NOV,motorcycle,NOV
2012,Car,Trucks,Car,Trucks,car,truck,car,truck,car,truck,car,truck,car,truck
2012,Pedestrian,Unknown,Pedestrian,NA,pedestrian,truck,pedestrian,truck,pedestrian,truck,pedestrian,bus,pedestrian,motorcycle
2012,Pedestrian,Car/pick-up/van,Pedestrian,Car/pick-up/van,pedestrian,car,pedestrian,car,pedestrian,car,pedestrian,car,pedestrian,car
2012,Pedestrian,Car/pick-up/van,Pedestrian,Car/pick-up/van,pedestrian,car,pedestrian,car,pedestrian,car,pedestrian,car,pedestrian,car
2012,Motorcycle,No other/fixed or stationary object,Motorcycle,No other/fixed or stationary object,motorcycle,NOV,motorcycle,NOV,motorcycle,NOV,motorcycle,NOV,motorcycle,NOV
2012,Car,No other/fixed or stationary object,Car,No other/fixed or stationary object,car,NOV,car,NOV,car,NOV,car,NOV,car,NOV
2012,Pedestrian,Unknown,Pedestrian,NA,pedestrian,car,pedestrian,car,pedestrian,car,pedestrian,motorcycle,pedestrian,truck
2012,Pedestrian,Unknown,Pedestrian,NA,pedestrian,truck,pedestrian,car,pedestrian,bus,pedestrian,car,pedestrian,bus
2012,Pedestrian,Trucks,Pedestrian,Trucks,pedestrian,truck,pedestrian,truck,pedestrian,truck,pedestrian,truck,pedestrian,truck
2012,Motorcycle,Car/pick-up/van,Motorcycle,Car/pick-up/van,motorcycle,car,motorcycle,car,motorcycle,car,motorcycle,car,motorcycle,car
2012,Motorcycle,Bus,Motorcycle,Bus,motorcycle,bus,motorcycle,bus,motorcycle,bus,motorcycle,bus,motorcycle,bus
2012,Motorcycle,Bus,Motorcycle,Bus,motorcycle,bus,motorcycle,bus,motorcycle,bus,motorcycle,bus,motorcycle,bus
2012,Motorcycle,No other/fixed or stationary object,Motorcycle,No other/fixed or stationary object,motorcycle,NOV,motorcycle,NOV,motorcycle,NOV,motorcycle,NOV,motorcycle,NOV
2012,Motorcycle,Unknown,Motorcycle,NA,motorcycle,truck,motorcycle,truck,motorcycle,car,motorcycle,truck,motorcycle,truck
2012,Pedestrian,2/3 Wheeled,Pedestrian,2/3 Wheeled,pedestrian,motorcycle,pedestrian,motorcycle,pedestrian,motorcycle,pedestrian,motorcycle,pedestrian,motorcycle
2012,Motorcycle,Unknown,Motorcycle,NA,motorcycle,truck,motorcycle,car,motorcycle,car,motorcycle,car,motorcycle,truck
2012,Pedestrian,Trucks,Pedestrian,Trucks,pedestrian,truck,pedestrian,truck,pedestrian,truck,pedestrian,truck,pedestrian,truck
2012,Motorcycle,Unknown,Motorcycle,NA,motorcycle,truck,motorcycle,NOV,motorcycle,car,motorcycle,motorcycle,motorcycle,motorcycle
2012,Motorcycle,Unknown,Motorcycle,NA,motorcycle,NOV,motorcycle,truck,motorcycle,truck,motorcycle,truck,motorcycle,car
2012,Pick-up truck/van,No other/fixed or stationary object,Pick-up truck/van,No other/fixed or stationary object,car,NOV,car,NOV,car,NOV,car,NOV,car,NOV
2012,Motorcycle,Trucks,Motorcycle,Trucks,motorcycle,truck,motorcycle,truck,motorcycle,truck,motorcycle,truck,motorcycle,truck
2012,Motorcycle,Trucks,Motorcycle,Trucks,motorcycle,truck,motorcycle,truck,motorcycle,truck,motorcycle,truck,motorcycle,truck
2012,Motorcycle,Unknown,Motorcycle,NA,motorcycle,bus,motorcycle,truck,motorcycle,car,motorcycle,truck,motorcycle,truck
2012,Motorcycle,Trucks,Motorcycle,Trucks,motorcycle,truck,motorcycle,truck,motorcycle,truck,motorcycle,truck,motorcycle,truck
2012,Motorcycle,Bus,Motorcycle,Bus,motorcycle,bus,motorcycle,bus,motorcycle,bus,motorcycle,bus,motorcycle,bus
2012,Heavy transport,No other/fixed or stationary object,Heavy transport,No other/fixed or stationary object,truck,NOV,truck,NOV,truck,NOV,truck,NOV,truck,NOV
2012,Motorcycle,Bus,Motorcycle,Bus,motorcycle,bus,motorcycle,bus,motorcycle,bus,motorcycle,bus,motorcycle,bus
2012,Motorcycle,Unknown,Motorcycle,NA,motorcycle,bus,motorcycle,truck,motorcycle,truck,motorcycle,NOV,motorcycle,car
2012,Car,Car/pick-up/van,Car,Car/pick-up/van,car,car,car,car,car,car,car,car,car,car
2012,Motorcycle,Car/pick-up/van,Motorcycle,Car/pick-up/van,motorcycle,car,motorcycle,car,motorcycle,car,motorcycle,car,motorcycle,car
2012,Motorcycle,Unknown,Motorcycle,NA,motorcycle,car,motorcycle,bus,motorcycle,car,motorcycle,truck,motorcycle,bus
2012,Motorcycle,Car/pick-up/van,Motorcycle,Car/pick-up/van,motorcycle,car,motorcycle,car,motorcycle,car,motorcycle,car,motorcycle,car
2012,Pedestrian,Unknown,Pedestrian,NA,pedestrian,car,pedestrian,car,pedestrian,car,pedestrian,car,pedestrian,car
2012,Pedestrian,2/3 Wheeled,Pedestrian,2/3 Wheeled,pedestrian,motorcycle,pedestrian,motorcycle,pedestrian,motorcycle,pedestrian,motorcycle,pedestrian,motorcycle
2012,Pedestrian,Car/pick-up/van,Pedestrian,Car/pick-up/van,pedestrian,car,pedestrian,car,pedestrian,car,pedestrian,car,pedestrian,car
2012,Motorcycle,Unknown,Motorcycle,NA,motorcycle,truck,motorcycle,NOV,motorcycle,NOV,motorcycle,NOV,motorcycle,car
2012,Motorcycle,Unknown,Motorcycle,NA,motorcycle,NOV,motorcycle,bus,motorcycle,truck,motorcycle,truck,motorcycle,NOV
2012,Motorcycle,Car/pick-up/van,Motorcycle,Car/pick-up/van,motorcycle,car,motorcycle,car,motorcycle,car,motorcycle,car,motorcycle,car
2012,Motorcycle,2/3 Wheeled,Motorcycle,2/3 Wheeled,motorcycle,motorcycle,motorcycle,motorcycle,motorcycle,motorcycle,motorcycle,motorcycle,motorcycle,motorcycle
2012,Pedestrian,Unknown,Pedestrian,NA,pedestrian,car,pedestrian,car,pedestrian,truck,pedestrian,car,pedestrian,car
2012,Motorcycle,Unknown,Motorcycle,NA,motorcycle,car,motorcycle,bus,motorcycle,truck,motorcycle,NOV,motorcycle,truck
2012,Motorcycle,Unknown,Motorcycle,NA,motorcycle,bus,motorcycle,bus,motorcycle,car,motorcycle,motorcycle,motorcycle,truck
2012,Motorcycle,Unknown,Motorcycle,NA,motorcycle,car,motorcycle,car,motorcycle,motorcycle,motorcycle,NOV,motorcycle,truck
2012,Other,unspecified,Other,NA,other,NOV,other,car,other,NOV,other,car,other,car
2012,Motorcycle,Unknown,Motorcycle,NA,motorcycle,truck,motorcycle,car,motorcycle,motorcycle,motorcycle,car,motorcycle,bus
2012,Pedal Cycle,Trucks,Pedal Cycle,Trucks,cycle,truck,cycle,truck,cycle,truck,cycle,truck,cycle,truck
2012,Car,Car/pick-up/van,Car,Car/pick-up/van,car,car,car,car,car,car,car,car,car,car
2012,Pedal Cycle,Car/pick-up/van,Pedal Cycle,Car/pick-up/van,cycle,car,cycle,car,cycle,car,cycle,car,cycle,car
2012,Pedal Cycle,Trucks,Pedal Cycle,Trucks,cycle,truck,cycle,truck,cycle,truck,cycle,truck,cycle,truck
2012,Motorcycle,Unknown,Motorcycle,NA,motorcycle,motorcycle,motorcycle,car,motorcycle,car,motorcycle,car,motorcycle,car
2012,Pedestrian,Car/pick-up/van,Pedestrian,Car/pick-up/van,pedestrian,car,pedestrian,car,pedestrian,car,pedestrian,car,pedestrian,car
2012,Pedestrian,Trucks,Pedestrian,Trucks,pedestrian,truck,pedestrian,truck,pedestrian,truck,pedestrian,truck,pedestrian,truck
2012,Motorcycle,Unknown,Motorcycle,NA,motorcycle,NOV,motorcycle,truck,motorcycle,bus,motorcycle,truck,motorcycle,car
2012,Motorcycle,Unknown,Motorcycle,NA,motorcycle,truck,motorcycle,car,motorcycle,NOV,motorcycle,motorcycle,motorcycle,NOV
2012,Other,unspecified,Other,NA,other,NOV,other,car,other,NOV,other,bus,other,NOV
2012,Pedestrian,Unknown,Pedestrian,NA,pedestrian,bus,pedestrian,car,pedestrian,car,pedestrian,truck,pedestrian,truck
2012,Motorcycle,Unknown,Motorcycle,NA,motorcycle,truck,motorcycle,car,motorcycle,NOV,motorcycle,bus,motorcycle,NOV
2012,Other,unspecified,Other,NA,other,bus,other,car,other,truck,other,car,other,car
2012,Pedal Cycle,Car/pick-up/van,Pedal Cycle,Car/pick-up/van,cycle,car,cycle,car,cycle,car,cycle,car,cycle,car
2012,Pedestrian,Unknown,Pedestrian,NA,pedestrian,truck,pedestrian,motorcycle,pedestrian,truck,pedestrian,car,pedestrian,car
2012,Motorcycle,Trucks,Motorcycle,Trucks,motorcycle,truck,motorcycle,truck,motorcycle,truck,motorcycle,truck,motorcycle,truck
2012,Motorcycle,Unknown,Motorcycle,NA,motorcycle,bus,motorcycle,car,motorcycle,truck,motorcycle,NOV,motorcycle,NOV
2012,Motorcycle,Unknown,Motorcycle,NA,motorcycle,car,motorcycle,car,motorcycle,motorcycle,motorcycle,NOV,motorcycle,car
2012,Motorcycle,Unknown,Motorcycle,NA,motorcycle,truck,motorcycle,bus,motorcycle,car,motorcycle,car,motorcycle,car
2012,Motorcycle,Car/pick-up/van,Motorcycle,Car/pick-up/van,motorcycle,car,motorcycle,car,motorcycle,car,motorcycle,car,motorcycle,car
2012,Motorcycle,Unknown,Motorcycle,NA,motorcycle,car,motorcycle,truck,motorcycle,motorcycle,motorcycle,bus,motorcycle,bus
2012,Pick-up truck/van,Car/pick-up/van,Pick-up truck/van,Car/pick-up/van,car,car,car,car,car,car,car,car,car,car
2012,Car,Trucks,Car,Trucks,car,truck,car,truck,car,truck,car,truck,car,truck
2012,Motorcycle,Bus,Motorcycle,Bus,motorcycle,bus,motorcycle,bus,motorcycle,bus,motorcycle,bus,motorcycle,bus
2012,Motorcycle,Bus,Motorcycle,Bus,motorcycle,bus,motorcycle,bus,motorcycle,bus,motorcycle,bus,motorcycle,bus
2012,Motorcycle,Bus,Motorcycle,Bus,motorcycle,bus,motorcycle,bus,motorcycle,bus,motorcycle,bus,motorcycle,bus
2012,Motorcycle,Unknown,Motorcycle,NA,motorcycle,truck,motorcycle,truck,motorcycle,truck,motorcycle,truck,motorcycle,truck
2012,Pedestrian,Unknown,Pedestrian,NA,pedestrian,car,pedestrian,truck,pedestrian,truck,pedestrian,motorcycle,pedestrian,motorcycle
2012,Pedestrian,Trucks,Pedestrian,Trucks,pedestrian,truck,pedestrian,truck,pedestrian,truck,pedestrian,truck,pedestrian,truck
2012,Motorcycle,Unknown,Motorcycle,NA,motorcycle,car,motorcycle,truck,motorcycle,car,motorcycle,truck,motorcycle,car
2012,Motorcycle,Unknown,Motorcycle,NA,motorcycle,NOV,motorcycle,truck,motorcycle,car,motorcycle,NOV,motorcycle,car
2012,Motorcycle,Unknown,Motorcycle,NA,motorcycle,bus,motorcycle,truck,motorcycle,car,motorcycle,truck,motorcycle,truck
2012,Pedal Cycle,Unknown,Pedal Cycle,NA,cycle,truck,cycle,bus,cycle,truck,cycle,car,cycle,car
2012,Pedestrian,Unknown,Pedestrian,NA,pedestrian,motorcycle,pedestrian,motorcycle,pedestrian,car,pedestrian,truck,pedestrian,NOV
2012,Motorcycle,Unknown,Motorcycle,NA,motorcycle,truck,motorcycle,car,motorcycle,bus,motorcycle,car,motorcycle,truck
2012,Pedestrian,Unknown,Pedestrian,NA,pedestrian,car,pedestrian,motorcycle,pedestrian,truck,pedestrian,truck,pedestrian,bus
2012,Pedestrian,Unknown,Pedestrian,NA,pedestrian,car,pedestrian,bus,pedestrian,car,pedestrian,car,pedestrian,car
2012,Pedestrian,Unknown,Pedestrian,NA,pedestrian,car,pedestrian,motorcycle,pedestrian,bus,pedestrian,bus,pedestrian,car
2012,Motorcycle,2/3 Wheeled,Motorcycle,2/3 Wheeled,motorcycle,motorcycle,motorcycle,motorcycle,motorcycle,motorcycle,motorcycle,motorcycle,motorcycle,motorcycle
2012,Motorcycle,Trucks,Motorcycle,Trucks,motorcycle,truck,motorcycle,truck,motorcycle,truck,motorcycle,truck,motorcycle,truck
2012,Motorcycle,Unknown,Motorcycle,NA,motorcycle,car,motorcycle,truck,motorcycle,truck,motorcycle,truck,motorcycle,car
2012,Motorcycle,Bus,Motorcycle,Bus,motorcycle,bus,motorcycle,bus,motorcycle,bus,motorcycle,bus,motorcycle,bus
2012,Pedestrian,Unknown,Pedestrian,NA,pedestrian,motorcycle,pedestrian,truck,pedestrian,motorcycle,pedestrian,car,pedestrian,car
2012,Motorcycle,Bus,Motorcycle,Bus,motorcycle,bus,motorcycle,bus,motorcycle,bus,motorcycle,bus,motorcycle,bus
2012,Motorcycle,Bus,Motorcycle,Bus,motorcycle,bus,motorcycle,bus,motorcycle,bus,motorcycle,bus,motorcycle,bus
2012,Heavy transport,Trucks,Heavy transport,Trucks,truck,truck,truck,truck,truck,truck,truck,truck,truck,truck
2012,3Wheeled,Unknown,3Wheeled,NA,motorcycle,motorcycle,motorcycle,truck,motorcycle,motorcycle,motorcycle,car,motorcycle,car
2012,Motorcycle,Unknown,Motorcycle,NA,motorcycle,bus,motorcycle,car,motorcycle,car,motorcycle,NOV,motorcycle,car
2012,Motorcycle,Unknown,Motorcycle,NA,motorcycle,bus,motorcycle,truck,motorcycle,car,motorcycle,NOV,motorcycle,truck
2012,Motorcycle,Trucks,Motorcycle,Trucks,motorcycle,truck,motorcycle,truck,motorcycle,truck,motorcycle,truck,motorcycle,truck
2012,Motorcycle,Car/pick-up/van,Motorcycle,Car/pick-up/van,motorcycle,car,motorcycle,car,motorcycle,car,motorcycle,car,motorcycle,car
2012,Pedestrian,Unknown,Pedestrian,NA,pedestrian,truck,pedestrian,truck,pedestrian,car,pedestrian,truck,pedestrian,truck
2012,Car,Trucks,Car,Trucks,car,truck,car,truck,car,truck,car,truck,car,truck
2012,Motorcycle,2/3 Wheeled,Motorcycle,2/3 Wheeled,motorcycle,motorcycle,motorcycle,motorcycle,motorcycle,motorcycle,motorcycle,motorcycle,motorcycle,motorcycle
2012,Motorcycle,Unknown,Motorcycle,NA,motorcycle,car,motorcycle,truck,motorcycle,NOV,motorcycle,truck,motorcycle,NOV
2012,Car,Bus,Car,Bus,car,bus,car,bus,car,bus,car,bus,car,bus
2012,Pedestrian,Unknown,Pedestrian,NA,pedestrian,truck,pedestrian,truck,pedestrian,car,pedestrian,truck,pedestrian,car
2012,Motorcycle,Trucks,Motorcycle,Trucks,motorcycle,truck,motorcycle,truck,motorcycle,truck,motorcycle,truck,motorcycle,truck
2012,Heavy transport,Trucks,Heavy transport,Trucks,truck,truck,truck,truck,truck,truck,truck,truck,truck,truck
2012,Pedestrian,Car/pick-up/van,Pedestrian,Car/pick-up/van,pedestrian,car,pedestrian,car,pedestrian,car,pedestrian,car,pedestrian,car
2012,Motorcycle,Unknown,Motorcycle,NA,motorcycle,bus,motorcycle,NOV,motorcycle,truck,motorcycle,car,motorcycle,car
2012,Motorcycle,Unknown,Motorcycle,NA,motorcycle,truck,motorcycle,truck,motorcycle,car,motorcycle,truck,motorcycle,bus
2012,Pedestrian,Unknown,Pedestrian,NA,pedestrian,car,pedestrian,motorcycle,pedestrian,motorcycle,pedestrian,motorcycle,pedestrian,car
2012,Motorcycle,2/3 Wheeled,Motorcycle,2/3 Wheeled,motorcycle,motorcycle,motorcycle,motorcycle,motorcycle,motorcycle,motorcycle,motorcycle,motorcycle,motorcycle
2012,Motorcycle,Unknown,Motorcycle,NA,motorcycle,motorcycle,motorcycle,motorcycle,motorcycle,truck,motorcycle,truck,motorcycle,car
2012,Motorcycle,Car/pick-up/van,Motorcycle,Car/pick-up/van,motorcycle,car,motorcycle,car,motorcycle,car,motorcycle,car,motorcycle,car
2012,Car,Unknown,Car,NA,car,NOV,car,truck,car,NOV,car,car,car,truck
2012,Pedestrian,Unknown,Pedestrian,NA,pedestrian,car,pedestrian,bus,pedestrian,NOV,pedestrian,car,pedestrian,truck
2012,Pedestrian,Unknown,Pedestrian,NA,pedestrian,truck,pedestrian,truck,pedestrian,motorcycle,pedestrian,motorcycle,pedestrian,bus
2012,Pedestrian,Unknown,Pedestrian,NA,pedestrian,bus,pedestrian,motorcycle,pedestrian,car,pedestrian,motorcycle,pedestrian,car
2012,Pedestrian,Unknown,Pedestrian,NA,pedestrian,car,pedestrian,truck,pedestrian,motorcycle,pedestrian,car,pedestrian,truck
2012,Pedestrian,Unknown,Pedestrian,NA,pedestrian,car,pedestrian,bus,pedestrian,car,pedestrian,car,pedestrian,car
2012,Motorcycle,Unknown,Motorcycle,NA,motorcycle,truck,motorcycle,bus,motorcycle,car,motorcycle,car,motorcycle,motorcycle
2012,Motorcycle,Unknown,Motorcycle,NA,motorcycle,car,motorcycle,bus,motorcycle,NOV,motorcycle,car,motorcycle,NOV
2012,Pedestrian,Unknown,Pedestrian,NA,pedestrian,car,pedestrian,car,pedestrian,car,pedestrian,car,pedestrian,car
2012,Pedestrian,Unknown,Pedestrian,NA,pedestrian,truck,pedestrian,bus,pedestrian,car,pedestrian,car,pedestrian,motorcycle
2012,Pick-up truck/van,Car/pick-up/van,Pick-up truck/van,Car/pick-up/van,car,car,car,car,car,car,car,car,car,car
2012,Pedal Cycle,Car/pick-up/van,Pedal Cycle,Car/pick-up/van,cycle,car,cycle,car,cycle,car,cycle,car,cycle,car
2012,Pedestrian,Car/pick-up/van,Pedestrian,Car/pick-up/van,pedestrian,car,pedestrian,car,pedestrian,car,pedestrian,car,pedestrian,car
2012,Motorcycle,No other/fixed or stationary object,Motorcycle,No other/fixed or stationary object,motorcycle,NOV,motorcycle,NOV,motorcycle,NOV,motorcycle,NOV,motorcycle,NOV
2012,Pedestrian,Unknown,Pedestrian,NA,pedestrian,car,pedestrian,truck,pedestrian,bus,pedestrian,car,pedestrian,truck
2012,Pedestrian,Car/pick-up/van,Pedestrian,Car/pick-up/van,pedestrian,car,pedestrian,car,pedestrian,car,pedestrian,car,pedestrian,car
2012,Motorcycle,No other/fixed or stationary object,Motorcycle,No other/fixed or stationary object,motorcycle,NOV,motorcycle,NOV,motorcycle,NOV,motorcycle,NOV,motorcycle,NOV
2012,Pedestrian,Unknown,Pedestrian,NA,pedestrian,car,pedestrian,car,pedestrian,truck,pedestrian,car,pedestrian,truck
2012,Motorcycle,Unknown,Motorcycle,NA,motorcycle,car,motorcycle,truck,motorcycle,car,motorcycle,truck,motorcycle,bus
2012,Pedestrian,2/3 Wheeled,Pedestrian,2/3 Wheeled,pedestrian,motorcycle,pedestrian,motorcycle,pedestrian,motorcycle,pedestrian,motorcycle,pedestrian,motorcycle
2012,Pedestrian,Trucks,Pedestrian,Trucks,pedestrian,truck,pedestrian,truck,pedestrian,truck,pedestrian,truck,pedestrian,truck
2012,Pedestrian,Unknown,Pedestrian,NA,pedestrian,car,pedestrian,motorcycle,pedestrian,bus,pedestrian,car,pedestrian,car
2012,Motorcycle,Car/pick-up/van,Motorcycle,Car/pick-up/van,motorcycle,car,motorcycle,car,motorcycle,car,motorcycle,car,motorcycle,car
2012,Heavy transport,Unknown,Heavy transport,NA,truck,car,truck,truck,truck,NOV,truck,car,truck,car
2012,3Wheeled,Car/pick-up/van,3Wheeled,Car/pick-up/van,motorcycle,car,motorcycle,car,motorcycle,car,motorcycle,car,motorcycle,car
2012,Pedestrian,Unknown,Pedestrian,NA,pedestrian,car,pedestrian,motorcycle,pedestrian,car,pedestrian,truck,pedestrian,truck
2012,Pedal Cycle,Car/pick-up/van,Pedal Cycle,Car/pick-up/van,cycle,car,cycle,car,cycle,car,cycle,car,cycle,car
2012,3Wheeled,Car/pick-up/van,3Wheeled,Car/pick-up/van,motorcycle,car,motorcycle,car,motorcycle,car,motorcycle,car,motorcycle,car
2012,3Wheeled,Trucks,3Wheeled,Trucks,motorcycle,truck,motorcycle,truck,motorcycle,truck,motorcycle,truck,motorcycle,truck
2012,Pedestrian,Unknown,Pedestrian,NA,pedestrian,car,pedestrian,truck,pedestrian,car,pedestrian,car,pedestrian,truck
2012,Motorcycle,Bus,Motorcycle,Bus,motorcycle,bus,motorcycle,bus,motorcycle,bus,motorcycle,bus,motorcycle,bus
2012,Motorcycle,Car/pick-up/van,Motorcycle,Car/pick-up/van,motorcycle,car,motorcycle,car,motorcycle,car,motorcycle,car,motorcycle,car
2012,Motorcycle,Unknown,Motorcycle,NA,motorcycle,bus,motorcycle,car,motorcycle,car,motorcycle,truck,motorcycle,truck
2012,Pedestrian,Car/pick-up/van,Pedestrian,Car/pick-up/van,pedestrian,car,pedestrian,car,pedestrian,car,pedestrian,car,pedestrian,car
2012,Pedestrian,Unknown,Pedestrian,NA,pedestrian,motorcycle,pedestrian,car,pedestrian,motorcycle,pedestrian,motorcycle,pedestrian,car
2012,Motorcycle,Car/pick-up/van,Motorcycle,Car/pick-up/van,motorcycle,car,motorcycle,car,motorcycle,car,motorcycle,car,motorcycle,car
2012,Pedestrian,Car/pick-up/van,Pedestrian,Car/pick-up/van,pedestrian,car,pedestrian,car,pedestrian,car,pedestrian,car,pedestrian,car
2012,Pedestrian,Bus,Pedestrian,Bus,pedestrian,bus,pedestrian,bus,pedestrian,bus,pedestrian,bus,pedestrian,bus
2012,Motorcycle,Car/pick-up/van,Motorcycle,Car/pick-up/van,motorcycle,car,motorcycle,car,motorcycle,car,motorcycle,car,motorcycle,car
2012,Pedestrian,Unknown,Pedestrian,NA,pedestrian,car,pedestrian,car,pedestrian,bus,pedestrian,bus,pedestrian,bus
2012,Pedestrian,Bus,Pedestrian,Bus,pedestrian,bus,pedestrian,bus,pedestrian,bus,pedestrian,bus,pedestrian,bus
2012,Pedestrian,Car/pick-up/van,Pedestrian,Car/pick-up/van,pedestrian,car,pedestrian,car,pedestrian,car,pedestrian,car,pedestrian,car
2012,Motorcycle,2/3 Wheeled,Motorcycle,2/3 Wheeled,motorcycle,motorcycle,motorcycle,motorcycle,motorcycle,motorcycle,motorcycle,motorcycle,motorcycle,motorcycle
2012,Motorcycle,Car/pick-up/van,Motorcycle,Car/pick-up/van,motorcycle,car,motorcycle,car,motorcycle,car,motorcycle,car,motorcycle,car
2012,Pedestrian,Bus,Pedestrian,Bus,pedestrian,bus,pedestrian,bus,pedestrian,bus,pedestrian,bus,pedestrian,bus
2012,Motorcycle,Trucks,Motorcycle,Trucks,motorcycle,truck,motorcycle,truck,motorcycle,truck,motorcycle,truck,motorcycle,truck
2012,Other,Unknown,Other,NA,other,truck,other,truck,other,truck,other,NOV,other,NOV
2012,Motorcycle,Car/pick-up/van,Motorcycle,Car/pick-up/van,motorcycle,car,motorcycle,car,motorcycle,car,motorcycle,car,motorcycle,car
2012,Pedestrian,Bus,Pedestrian,Bus,pedestrian,bus,pedestrian,bus,pedestrian,bus,pedestrian,bus,pedestrian,bus
2012,Car,No other/fixed or stationary object,Car,No other/fixed or stationary object,car,NOV,car,NOV,car,NOV,car,NOV,car,NOV
2012,Pedal Cycle,Bus,Pedal Cycle,Bus,cycle,bus,cycle,bus,cycle,bus,cycle,bus,cycle,bus
2012,Pedestrian,Car/pick-up/van,Pedestrian,Car/pick-up/van,pedestrian,car,pedestrian,car,pedestrian,car,pedestrian,car,pedestrian,car
2012,Heavy transport,No other/fixed or stationary object,Heavy transport,No other/fixed or stationary object,truck,NOV,truck,NOV,truck,NOV,truck,NOV,truck,NOV
2012,Pedestrian,Unknown,Pedestrian,NA,pedestrian,car,pedestrian,motorcycle,pedestrian,car,pedestrian,car,pedestrian,car
2012,Motorcycle,Bus,Motorcycle,Bus,motorcycle,bus,motorcycle,bus,motorcycle,bus,motorcycle,bus,motorcycle,bus
2012,Heavy transport,Car/pick-up/van,Heavy transport,Car/pick-up/van,truck,car,truck,car,truck,car,truck,car,truck,car
2012,Pedestrian,Car/pick-up/van,Pedestrian,Car/pick-up/van,pedestrian,car,pedestrian,car,pedestrian,car,pedestrian,car,pedestrian,car
2012,Motorcycle,Unknown,Motorcycle,NA,motorcycle,motorcycle,motorcycle,car,motorcycle,NOV,motorcycle,truck,motorcycle,bus
2012,Pedal Cycle,Unknown,Pedal Cycle,NA,cycle,bus,cycle,car,cycle,car,cycle,bus,cycle,car
2012,Pedestrian,Unknown,Pedestrian,NA,pedestrian,motorcycle,pedestrian,car,pedestrian,car,pedestrian,bus,pedestrian,motorcycle
2012,Motorcycle,Unknown,Motorcycle,NA,motorcycle,NOV,motorcycle,car,motorcycle,car,motorcycle,bus,motorcycle,car
2012,Pedestrian,Unknown,Pedestrian,NA,pedestrian,car,pedestrian,motorcycle,pedestrian,car,pedestrian,car,pedestrian,car
2012,Car,No other/fixed or stationary object,Car,No other/fixed or stationary object,car,NOV,car,NOV,car,NOV,car,NOV,car,NOV
2012,Motorcycle,Unknown,Motorcycle,NA,motorcycle,truck,motorcycle,car,motorcycle,truck,motorcycle,NOV,motorcycle,car
2012,Pedestrian,Unknown,Pedestrian,NA,pedestrian,motorcycle,pedestrian,car,pedestrian,car,pedestrian,car,pedestrian,car
2012,Pedestrian,Unknown,Pedestrian,NA,pedestrian,motorcycle,pedestrian,car,pedestrian,bus,pedestrian,bus,pedestrian,motorcycle
2012,Pedestrian,Unknown,Pedestrian,NA,pedestrian,truck,pedestrian,car,pedestrian,car,pedestrian,motorcycle,pedestrian,bus
2012,Pedestrian,Unknown,Pedestrian,NA,pedestrian,car,pedestrian,car,pedestrian,motorcycle,pedestrian,car,pedestrian,car
2012,Pedal Cycle,Unknown,Pedal Cycle,NA,cycle,bus,cycle,bus,cycle,truck,cycle,car,cycle,truck
2012,Car,Car/pick-up/van,Car,Car/pick-up/van,car,car,car,car,car,car,car,car,car,car
2012,Heavy transport,Car/pick-up/van,Heavy transport,Car/pick-up/van,truck,car,truck,car,truck,car,truck,car,truck,car
2012,Motorcycle,Car/pick-up/van,Motorcycle,Car/pick-up/van,motorcycle,car,motorcycle,car,motorcycle,car,motorcycle,car,motorcycle,car
2012,Motorcycle,Unknown,Motorcycle,NA,motorcycle,truck,motorcycle,NOV,motorcycle,bus,motorcycle,truck,motorcycle,truck
2012,3Wheeled,Car/pick-up/van,3Wheeled,Car/pick-up/van,motorcycle,car,motorcycle,car,motorcycle,car,motorcycle,car,motorcycle,car
2012,Motorcycle,Unknown,Motorcycle,NA,motorcycle,NOV,motorcycle,truck,motorcycle,truck,motorcycle,truck,motorcycle,NOV
2012,Pedestrian,Unknown,Pedestrian,NA,pedestrian,car,pedestrian,bus,pedestrian,truck,pedestrian,truck,pedestrian,bus
2012,Pedestrian,Unknown,Pedestrian,NA,pedestrian,car,pedestrian,motorcycle,pedestrian,car,pedestrian,car,pedestrian,truck
2012,Motorcycle,Unknown,Motorcycle,NA,motorcycle,motorcycle,motorcycle,NOV,motorcycle,bus,motorcycle,bus,motorcycle,motorcycle
2012,Motorcycle,Trucks,Motorcycle,Trucks,motorcycle,truck,motorcycle,truck,motorcycle,truck,motorcycle,truck,motorcycle,truck
2012,Car,No other/fixed or stationary object,Car,No other/fixed or stationary object,car,NOV,car,NOV,car,NOV,car,NOV,car,NOV
2012,Car,No other/fixed or stationary object,Car,No other/fixed or stationary object,car,NOV,car,NOV,car,NOV,car,NOV,car,NOV
2012,Pedestrian,Car/pick-up/van,Pedestrian,Car/pick-up/van,pedestrian,car,pedestrian,car,pedestrian,car,pedestrian,car,pedestrian,car
2012,Pedestrian,Car/pick-up/van,Pedestrian,Car/pick-up/van,pedestrian,car,pedestrian,car,pedestrian,car,pedestrian,car,pedestrian,car
2012,Motorcycle,Unknown,Motorcycle,NA,motorcycle,motorcycle,motorcycle,car,motorcycle,truck,motorcycle,NOV,motorcycle,motorcycle
2012,Motorcycle,2/3 Wheeled,Motorcycle,2/3 Wheeled,motorcycle,motorcycle,motorcycle,motorcycle,motorcycle,motorcycle,motorcycle,motorcycle,motorcycle,motorcycle
2012,Pedestrian,Unknown,Pedestrian,NA,pedestrian,motorcycle,pedestrian,car,pedestrian,bus,pedestrian,bus,pedestrian,bus
2012,Motorcycle,No other/fixed or stationary object,Motorcycle,No other/fixed or stationary object,motorcycle,NOV,motorcycle,NOV,motorcycle,NOV,motorcycle,NOV,motorcycle,NOV
2012,Motorcycle,Unknown,Motorcycle,NA,motorcycle,bus,motorcycle,car,motorcycle,car,motorcycle,truck,motorcycle,NOV
2012,Motorcycle,Unknown,Motorcycle,NA,motorcycle,truck,motorcycle,car,motorcycle,truck,motorcycle,car,motorcycle,truck
2012,Car,Unknown,Car,NA,car,car,car,NOV,car,bus,car,car,car,NOV
2012,Motorcycle,Trucks,Motorcycle,Trucks,motorcycle,truck,motorcycle,truck,motorcycle,truck,motorcycle,truck,motorcycle,truck
2012,Pedestrian,Car/pick-up/van,Pedestrian,Car/pick-up/van,pedestrian,car,pedestrian,car,pedestrian,car,pedestrian,car,pedestrian,car
2012,Car,Trucks,Car,Trucks,car,truck,car,truck,car,truck,car,truck,car,truck
2012,Pedestrian,Car/pick-up/van,Pedestrian,Car/pick-up/van,pedestrian,car,pedestrian,car,pedestrian,car,pedestrian,car,pedestrian,car
2012,Pedestrian,Car/pick-up/van,Pedestrian,Car/pick-up/van,pedestrian,car,pedestrian,car,pedestrian,car,pedestrian,car,pedestrian,car
2012,Pedestrian,Unknown,Pedestrian,NA,pedestrian,motorcycle,pedestrian,motorcycle,pedestrian,truck,pedestrian,car,pedestrian,car
2012,Motorcycle,Unknown,Motorcycle,NA,motorcycle,motorcycle,motorcycle,motorcycle,motorcycle,truck,motorcycle,NOV,motorcycle,car
2012,Pedestrian,Car/pick-up/van,Pedestrian,Car/pick-up/van,pedestrian,car,pedestrian,car,pedestrian,car,pedestrian,car,pedestrian,car
2012,Pedestrian,Car/pick-up/van,Pedestrian,Car/pick-up/van,pedestrian,car,pedestrian,car,pedestrian,car,pedestrian,car,pedestrian,car
2012,Pedal Cycle,Car/pick-up/van,Pedal Cycle,Car/pick-up/van,cycle,car,cycle,car,cycle,car,cycle,car,cycle,car
2012,3Wheeled,No other/fixed or stationary object,3Wheeled,No other/fixed or stationary object,motorcycle,NOV,motorcycle,NOV,motorcycle,NOV,motorcycle,NOV,motorcycle,NOV
2012,Motorcycle,Unknown,Motorcycle,NA,motorcycle,truck,motorcycle,motorcycle,motorcycle,motorcycle,motorcycle,car,motorcycle,motorcycle
2012,Pedestrian,Unknown,Pedestrian,NA,pedestrian,car,pedestrian,truck,pedestrian,motorcycle,pedestrian,car,pedestrian,motorcycle
2012,Motorcycle,Trucks,Motorcycle,Trucks,motorcycle,truck,motorcycle,truck,motorcycle,truck,motorcycle,truck,motorcycle,truck
2012,Pedestrian,Unknown,Pedestrian,NA,pedestrian,bus,pedestrian,car,pedestrian,truck,pedestrian,car,pedestrian,car
2012,Pedestrian,Unknown,Pedestrian,NA,pedestrian,bus,pedestrian,bus,pedestrian,bus,pedestrian,truck,pedestrian,truck
2012,Pedal Cycle,Trucks,Pedal Cycle,Trucks,cycle,truck,cycle,truck,cycle,truck,cycle,truck,cycle,truck
2012,Pedestrian,Car/pick-up/van,Pedestrian,Car/pick-up/van,pedestrian,car,pedestrian,car,pedestrian,car,pedestrian,car,pedestrian,car
2012,Pedestrian,Car/pick-up/van,Pedestrian,Car/pick-up/van,pedestrian,car,pedestrian,car,pedestrian,car,pedestrian,car,pedestrian,car
2012,Car,Trucks,Car,Trucks,car,truck,car,truck,car,truck,car,truck,car,truck
2012,Motorcycle,Unknown,Motorcycle,NA,motorcycle,car,motorcycle,car,motorcycle,car,motorcycle,truck,motorcycle,car
2012,Pedestrian,Car/pick-up/van,Pedestrian,Car/pick-up/van,pedestrian,car,pedestrian,car,pedestrian,car,pedestrian,car,pedestrian,car
2012,Pedestrian,Car/pick-up/van,Pedestrian,Car/pick-up/van,pedestrian,car,pedestrian,car,pedestrian,car,pedestrian,car,pedestrian,car
2012,Heavy transport,Car/pick-up/van,Heavy transport,Car/pick-up/van,truck,car,truck,car,truck,car,truck,car,truck,car
2012,Pedal Cycle,Car/pick-up/van,Pedal Cycle,Car/pick-up/van,cycle,car,cycle,car,cycle,car,cycle,car,cycle,car
2012,Pedal Cycle,Car/pick-up/van,Pedal Cycle,Car/pick-up/van,cycle,car,cycle,car,cycle,car,cycle,car,cycle,car
2012,Car,Car/pick-up/van,Car,Car/pick-up/van,car,car,car,car,car,car,car,car,car,car
2012,Pedestrian,Car/pick-up/van,Pedestrian,Car/pick-up/van,pedestrian,car,pedestrian,car,pedestrian,car,pedestrian,car,pedestrian,car
2012,Motorcycle,Car/pick-up/van,Motorcycle,Car/pick-up/van,motorcycle,car,motorcycle,car,motorcycle,car,motorcycle,car,motorcycle,car
2012,Motorcycle,Car/pick-up/van,Motorcycle,Car/pick-up/van,motorcycle,car,motorcycle,car,motorcycle,car,motorcycle,car,motorcycle,car
2012,Motorcycle,Car/pick-up/van,Motorcycle,Car/pick-up/van,motorcycle,car,motorcycle,car,motorcycle,car,motorcycle,car,motorcycle,car
2012,Pick-up truck/van,Car/pick-up/van,Pick-up truck/van,Car/pick-up/van,car,car,car,car,car,car,car,car,car,car
2012,Pedestrian,Unknown,Pedestrian,NA,pedestrian,truck,pedestrian,car,pedestrian,car,pedestrian,bus,pedestrian,bus
2012,Motorcycle,Trucks,Motorcycle,Trucks,motorcycle,truck,motorcycle,truck,motorcycle,truck,motorcycle,truck,motorcycle,truck
2012,Pedestrian,Unknown,Pedestrian,NA,pedestrian,truck,pedestrian,motorcycle,pedestrian,motorcycle,pedestrian,car,pedestrian,motorcycle
2012,Motorcycle,Trucks,Motorcycle,Trucks,motorcycle,truck,motorcycle,truck,motorcycle,truck,motorcycle,truck,motorcycle,truck
2012,Pedestrian,Unknown,Pedestrian,NA,pedestrian,car,pedestrian,car,pedestrian,car,pedestrian,car,pedestrian,car
2012,Motorcycle,Car/pick-up/van,Motorcycle,Car/pick-up/van,motorcycle,car,motorcycle,car,motorcycle,car,motorcycle,car,motorcycle,car
2012,Pick-up truck/van,Trucks,Pick-up truck/van,Trucks,car,truck,car,truck,car,truck,car,truck,car,truck
2012,Pedestrian,Unknown,Pedestrian,NA,pedestrian,car,pedestrian,car,pedestrian,car,pedestrian,motorcycle,pedestrian,car
2012,Pedestrian,Car/pick-up/van,Pedestrian,Car/pick-up/van,pedestrian,car,pedestrian,car,pedestrian,car,pedestrian,car,pedestrian,car
2012,Motorcycle,Trucks,Motorcycle,Trucks,motorcycle,truck,motorcycle,truck,motorcycle,truck,motorcycle,truck,motorcycle,truck
2012,Pedestrian,Trucks,Pedestrian,Trucks,pedestrian,truck,pedestrian,truck,pedestrian,truck,pedestrian,truck,pedestrian,truck
2012,Motorcycle,Car/pick-up/van,Motorcycle,Car/pick-up/van,motorcycle,car,motorcycle,car,motorcycle,car,motorcycle,car,motorcycle,car
2012,Pedestrian,2/3 Wheeled,Pedestrian,2/3 Wheeled,pedestrian,motorcycle,pedestrian,motorcycle,pedestrian,motorcycle,pedestrian,motorcycle,pedestrian,motorcycle
2012,Motorcycle,Trucks,Motorcycle,Trucks,motorcycle,truck,motorcycle,truck,motorcycle,truck,motorcycle,truck,motorcycle,truck
2012,Pedestrian,Unknown,Pedestrian,NA,pedestrian,truck,pedestrian,car,pedestrian,motorcycle,pedestrian,motorcycle,pedestrian,bus
2012,Pedestrian,Unknown,Pedestrian,NA,pedestrian,truck,pedestrian,bus,pedestrian,car,pedestrian,motorcycle,pedestrian,truck
2012,Pedestrian,Bus,Pedestrian,Bus,pedestrian,bus,pedestrian,bus,pedestrian,bus,pedestrian,bus,pedestrian,bus
2012,Pedestrian,Car/pick-up/van,Pedestrian,Car/pick-up/van,pedestrian,car,pedestrian,car,pedestrian,car,pedestrian,car,pedestrian,car
2012,Motorcycle,Trucks,Motorcycle,Trucks,motorcycle,truck,motorcycle,truck,motorcycle,truck,motorcycle,truck,motorcycle,truck
2012,Motorcycle,Unknown,Motorcycle,NA,motorcycle,truck,motorcycle,car,motorcycle,car,motorcycle,truck,motorcycle,truck
2012,Pedestrian,Trucks,Pedestrian,Trucks,pedestrian,truck,pedestrian,truck,pedestrian,truck,pedestrian,truck,pedestrian,truck
2012,Pedestrian,Car/pick-up/van,Pedestrian,Car/pick-up/van,pedestrian,car,pedestrian,car,pedestrian,car,pedestrian,car,pedestrian,car
2012,Motorcycle,Car/pick-up/van,Motorcycle,Car/pick-up/van,motorcycle,car,motorcycle,car,motorcycle,car,motorcycle,car,motorcycle,car
2012,Pedestrian,2/3 Wheeled,Pedestrian,2/3 Wheeled,pedestrian,motorcycle,pedestrian,motorcycle,pedestrian,motorcycle,pedestrian,motorcycle,pedestrian,motorcycle
2012,Pedal Cycle,Car/pick-up/van,Pedal Cycle,Car/pick-up/van,cycle,car,cycle,car,cycle,car,cycle,car,cycle,car
2012,Motorcycle,Bus,Motorcycle,Bus,motorcycle,bus,motorcycle,bus,motorcycle,bus,motorcycle,bus,motorcycle,bus
2012,Pedestrian,Unknown,Pedestrian,NA,pedestrian,truck,pedestrian,bus,pedestrian,car,pedestrian,car,pedestrian,car
2012,Pedestrian,Bus,Pedestrian,Bus,pedestrian,bus,pedestrian,bus,pedestrian,bus,pedestrian,bus,pedestrian,bus
2012,Pedestrian,Unknown,Pedestrian,NA,pedestrian,car,pedestrian,motorcycle,pedestrian,car,pedestrian,car,pedestrian,car
2012,Pedestrian,Unknown,Pedestrian,NA,pedestrian,car,pedestrian,car,pedestrian,truck,pedestrian,car,pedestrian,car
2012,Pedestrian,Unknown,Pedestrian,NA,pedestrian,truck,pedestrian,car,pedestrian,car,pedestrian,motorcycle,pedestrian,truck
2012,Pedestrian,Unknown,Pedestrian,NA,pedestrian,motorcycle,pedestrian,car,pedestrian,motorcycle,pedestrian,truck,pedestrian,bus
2012,Pedestrian,2/3 Wheeled,Pedestrian,2/3 Wheeled,pedestrian,motorcycle,pedestrian,motorcycle,pedestrian,motorcycle,pedestrian,motorcycle,pedestrian,motorcycle
2012,Pedestrian,Unknown,Pedestrian,NA,pedestrian,motorcycle,pedestrian,motorcycle,pedestrian,car,pedestrian,bus,pedestrian,car
2012,Motorcycle,2/3 Wheeled,Motorcycle,2/3 Wheeled,motorcycle,motorcycle,motorcycle,motorcycle,motorcycle,motorcycle,motorcycle,motorcycle,motorcycle,motorcycle
2012,Pedestrian,Unknown,Pedestrian,NA,pedestrian,bus,pedestrian,truck,pedestrian,car,pedestrian,motorcycle,pedestrian,motorcycle
2012,Pedestrian,Unknown,Pedestrian,NA,pedestrian,car,pedestrian,bus,pedestrian,truck,pedestrian,motorcycle,pedestrian,truck
2012,Motorcycle,Unknown,Motorcycle,NA,motorcycle,truck,motorcycle,truck,motorcycle,truck,motorcycle,truck,motorcycle,car
2012,Pedestrian,Car/pick-up/van,Pedestrian,Car/pick-up/van,pedestrian,car,pedestrian,car,pedestrian,car,pedestrian,car,pedestrian,car
2012,Pedal Cycle,Bus,Pedal Cycle,Bus,cycle,bus,cycle,bus,cycle,bus,cycle,bus,cycle,bus
2012,Pedestrian,Car/pick-up/van,Pedestrian,Car/pick-up/van,pedestrian,car,pedestrian,car,pedestrian,car,pedestrian,car,pedestrian,car
2012,Pedestrian,Bus,Pedestrian,Bus,pedestrian,bus,pedestrian,bus,pedestrian,bus,pedestrian,bus,pedestrian,bus
2012,Pedestrian,Bus,Pedestrian,Bus,pedestrian,bus,pedestrian,bus,pedestrian,bus,pedestrian,bus,pedestrian,bus
2012,Pedal Cycle,Bus,Pedal Cycle,Bus,cycle,bus,cycle,bus,cycle,bus,cycle,bus,cycle,bus
2012,Pedestrian,Car/pick-up/van,Pedestrian,Car/pick-up/van,pedestrian,car,pedestrian,car,pedestrian,car,pedestrian,car,pedestrian,car
2012,Pedestrian,Car/pick-up/van,Pedestrian,Car/pick-up/van,pedestrian,car,pedestrian,car,pedestrian,car,pedestrian,car,pedestrian,car
2012,Pedestrian,Unknown,Pedestrian,NA,pedestrian,motorcycle,pedestrian,car,pedestrian,car,pedestrian,car,pedestrian,motorcycle
2012,Pedestrian,Unknown,Pedestrian,NA,pedestrian,car,pedestrian,car,pedestrian,car,pedestrian,bus,pedestrian,bus
2012,Motorcycle,No other/fixed or stationary object,Motorcycle,No other/fixed or stationary object,motorcycle,NOV,motorcycle,NOV,motorcycle,NOV,motorcycle,NOV,motorcycle,NOV
2012,Motorcycle,No other/fixed or stationary object,Motorcycle,No other/fixed or stationary object,motorcycle,NOV,motorcycle,NOV,motorcycle,NOV,motorcycle,NOV,motorcycle,NOV
2012,Motorcycle,No other/fixed or stationary object,Motorcycle,No other/fixed or stationary object,motorcycle,NOV,motorcycle,NOV,motorcycle,NOV,motorcycle,NOV,motorcycle,NOV
2012,Motorcycle,Car/pick-up/van,Motorcycle,Car/pick-up/van,motorcycle,car,motorcycle,car,motorcycle,car,motorcycle,car,motorcycle,car
2012,Car,No other/fixed or stationary object,Car,No other/fixed or stationary object,car,NOV,car,NOV,car,NOV,car,NOV,car,NOV
2012,Car,Car/pick-up/van,Car,Car/pick-up/van,car,car,car,car,car,car,car,car,car,car
2012,Pedestrian,Unknown,Pedestrian,NA,pedestrian,motorcycle,pedestrian,bus,pedestrian,truck,pedestrian,bus,pedestrian,car
2012,Pedestrian,Unknown,Pedestrian,NA,pedestrian,car,pedestrian,car,pedestrian,car,pedestrian,motorcycle,pedestrian,truck
2012,Pedestrian,Unknown,Pedestrian,NA,pedestrian,truck,pedestrian,motorcycle,pedestrian,car,pedestrian,bus,pedestrian,car
2012,Pedestrian,Unknown,Pedestrian,NA,pedestrian,car,pedestrian,car,pedestrian,car,pedestrian,bus,pedestrian,car
2012,Pick-up truck/van,Car/pick-up/van,Pick-up truck/van,Car/pick-up/van,car,car,car,car,car,car,car,car,car,car
2012,Motorcycle,Bus,Motorcycle,Bus,motorcycle,bus,motorcycle,bus,motorcycle,bus,motorcycle,bus,motorcycle,bus
2012,Pedestrian,2/3 Wheeled,Pedestrian,2/3 Wheeled,pedestrian,motorcycle,pedestrian,motorcycle,pedestrian,motorcycle,pedestrian,motorcycle,pedestrian,motorcycle
2012,Motorcycle,Trucks,Motorcycle,Trucks,motorcycle,truck,motorcycle,truck,motorcycle,truck,motorcycle,truck,motorcycle,truck
2012,Pedestrian,Bus,Pedestrian,Bus,pedestrian,bus,pedestrian,bus,pedestrian,bus,pedestrian,bus,pedestrian,bus
2012,Other,unspecified,Other,NA,other,NOV,other,NOV,other,car,other,car,other,car
2012,Motorcycle,Car/pick-up/van,Motorcycle,Car/pick-up/van,motorcycle,car,motorcycle,car,motorcycle,car,motorcycle,car,motorcycle,car
2012,Motorcycle,No other/fixed or stationary object,Motorcycle,No other/fixed or stationary object,motorcycle,NOV,motorcycle,NOV,motorcycle,NOV,motorcycle,NOV,motorcycle,NOV
2012,Pedestrian,Unknown,Pedestrian,NA,pedestrian,car,pedestrian,truck,pedestrian,truck,pedestrian,bus,pedestrian,motorcycle
2012,Pedestrian,Unknown,Pedestrian,NA,pedestrian,car,pedestrian,car,pedestrian,car,pedestrian,car,pedestrian,truck
2012,Other,unspecified,Other,NA,other,car,other,car,other,NOV,other,car,other,NOV
2012,Motorcycle,Bus,Motorcycle,Bus,motorcycle,bus,motorcycle,bus,motorcycle,bus,motorcycle,bus,motorcycle,bus
2012,Pedestrian,Unknown,Pedestrian,NA,pedestrian,car,pedestrian,motorcycle,pedestrian,car,pedestrian,truck,pedestrian,truck
2012,Other,unspecified,Other,NA,other,truck,other,bus,other,car,other,car,other,car
2012,Motorcycle,Trucks,Motorcycle,Trucks,motorcycle,truck,motorcycle,truck,motorcycle,truck,motorcycle,truck,motorcycle,truck
2012,Pedestrian,Bus,Pedestrian,Bus,pedestrian,bus,pedestrian,bus,pedestrian,bus,pedestrian,bus,pedestrian,bus
2012,Pedestrian,Bus,Pedestrian,Bus,pedestrian,bus,pedestrian,bus,pedestrian,bus,pedestrian,bus,pedestrian,bus
2012,Motorcycle,No other/fixed or stationary object,Motorcycle,No other/fixed or stationary object,motorcycle,NOV,motorcycle,NOV,motorcycle,NOV,motorcycle,NOV,motorcycle,NOV
2012,Pedestrian,Car/pick-up/van,Pedestrian,Car/pick-up/van,pedestrian,car,pedestrian,car,pedestrian,car,pedestrian,car,pedestrian,car
2012,Heavy transport,Unknown,Heavy transport,NA,truck,car,truck,truck,truck,NOV,truck,NOV,truck,truck
2012,Pedal Cycle,Car/pick-up/van,Pedal Cycle,Car/pick-up/van,cycle,car,cycle,car,cycle,car,cycle,car,cycle,car
2012,Pedestrian,Car/pick-up/van,Pedestrian,Car/pick-up/van,pedestrian,car,pedestrian,car,pedestrian,car,pedestrian,car,pedestrian,car
2012,Pedestrian,Car/pick-up/van,Pedestrian,Car/pick-up/van,pedestrian,car,pedestrian,car,pedestrian,car,pedestrian,car,pedestrian,car
2012,Motorcycle,Unknown,Motorcycle,NA,motorcycle,car,motorcycle,motorcycle,motorcycle,truck,motorcycle,truck,motorcycle,motorcycle
2012,Pedestrian,2/3 Wheeled,Pedestrian,2/3 Wheeled,pedestrian,motorcycle,pedestrian,motorcycle,pedestrian,motorcycle,pedestrian,motorcycle,pedestrian,motorcycle
2012,Motorcycle,Unknown,Motorcycle,NA,motorcycle,NOV,motorcycle,car,motorcycle,truck,motorcycle,motorcycle,motorcycle,car
2012,Pedestrian,Car/pick-up/van,Pedestrian,Car/pick-up/van,pedestrian,car,pedestrian,car,pedestrian,car,pedestrian,car,pedestrian,car
2012,Bus,Bus,Bus,Bus,bus,bus,bus,bus,bus,bus,bus,bus,bus,bus
2012,Motorcycle,Unknown,Motorcycle,NA,motorcycle,motorcycle,motorcycle,bus,motorcycle,motorcycle,motorcycle,truck,motorcycle,NOV
2012,Pedestrian,Bus,Pedestrian,Bus,pedestrian,bus,pedestrian,bus,pedestrian,bus,pedestrian,bus,pedestrian,bus
2012,Pedestrian,Trucks,Pedestrian,Trucks,pedestrian,truck,pedestrian,truck,pedestrian,truck,pedestrian,truck,pedestrian,truck
2012,3Wheeled,Trucks,3Wheeled,Trucks,motorcycle,truck,motorcycle,truck,motorcycle,truck,motorcycle,truck,motorcycle,truck
2012,Car,Unknown,Car,NA,car,NOV,car,car,car,NOV,car,car,car,truck
2012,Motorcycle,2/3 Wheeled,Motorcycle,2/3 Wheeled,motorcycle,motorcycle,motorcycle,motorcycle,motorcycle,motorcycle,motorcycle,motorcycle,motorcycle,motorcycle
2012,Motorcycle,2/3 Wheeled,Motorcycle,2/3 Wheeled,motorcycle,motorcycle,motorcycle,motorcycle,motorcycle,motorcycle,motorcycle,motorcycle,motorcycle,motorcycle
2012,Motorcycle,No other/fixed or stationary object,Motorcycle,No other/fixed or stationary object,motorcycle,NOV,motorcycle,NOV,motorcycle,NOV,motorcycle,NOV,motorcycle,NOV
2012,Motorcycle,No other/fixed or stationary object,Motorcycle,No other/fixed or stationary object,motorcycle,NOV,motorcycle,NOV,motorcycle,NOV,motorcycle,NOV,motorcycle,NOV
2012,Motorcycle,Unknown,Motorcycle,NA,motorcycle,bus,motorcycle,motorcycle,motorcycle,car,motorcycle,truck,motorcycle,bus
2012,Pedestrian,Trucks,Pedestrian,Trucks,pedestrian,truck,pedestrian,truck,pedestrian,truck,pedestrian,truck,pedestrian,truck
2012,Motorcycle,Trucks,Motorcycle,Trucks,motorcycle,truck,motorcycle,truck,motorcycle,truck,motorcycle,truck,motorcycle,truck
2012,Motorcycle,Car/pick-up/van,Motorcycle,Car/pick-up/van,motorcycle,car,motorcycle,car,motorcycle,car,motorcycle,car,motorcycle,car
2012,3Wheeled,Trucks,3Wheeled,Trucks,motorcycle,truck,motorcycle,truck,motorcycle,truck,motorcycle,truck,motorcycle,truck
2012,Pedestrian,Unknown,Pedestrian,NA,pedestrian,truck,pedestrian,bus,pedestrian,car,pedestrian,bus,pedestrian,motorcycle
2012,Motorcycle,Trucks,Motorcycle,Trucks,motorcycle,truck,motorcycle,truck,motorcycle,truck,motorcycle,truck,motorcycle,truck
2012,Motorcycle,Bus,Motorcycle,Bus,motorcycle,bus,motorcycle,bus,motorcycle,bus,motorcycle,bus,motorcycle,bus
2012,Pedestrian,Unknown,Pedestrian,NA,pedestrian,car,pedestrian,car,pedestrian,motorcycle,pedestrian,car,pedestrian,motorcycle
2012,Pedestrian,Unknown,Pedestrian,NA,pedestrian,car,pedestrian,car,pedestrian,bus,pedestrian,truck,pedestrian,car
2012,Pedestrian,Bus,Pedestrian,Bus,pedestrian,bus,pedestrian,bus,pedestrian,bus,pedestrian,bus,pedestrian,bus
2012,Pedestrian,Car/pick-up/van,Pedestrian,Car/pick-up/van,pedestrian,car,pedestrian,car,pedestrian,car,pedestrian,car,pedestrian,car
2012,Motorcycle,Unknown,Motorcycle,NA,motorcycle,NOV,motorcycle,truck,motorcycle,truck,motorcycle,car,motorcycle,car
2012,Motorcycle,Car/pick-up/van,Motorcycle,Car/pick-up/van,motorcycle,car,motorcycle,car,motorcycle,car,motorcycle,car,motorcycle,car
2012,Pedestrian,Unknown,Pedestrian,NA,pedestrian,motorcycle,pedestrian,truck,pedestrian,car,pedestrian,car,pedestrian,bus
2012,Pedestrian,Car/pick-up/van,Pedestrian,Car/pick-up/van,pedestrian,car,pedestrian,car,pedestrian,car,pedestrian,car,pedestrian,car
2012,Pedestrian,Car/pick-up/van,Pedestrian,Car/pick-up/van,pedestrian,car,pedestrian,car,pedestrian,car,pedestrian,car,pedestrian,car
2012,Motorcycle,Unknown,Motorcycle,NA,motorcycle,bus,motorcycle,NOV,motorcycle,car,motorcycle,truck,motorcycle,car
2012,Pedestrian,Car/pick-up/van,Pedestrian,Car/pick-up/van,pedestrian,car,pedestrian,car,pedestrian,car,pedestrian,car,pedestrian,car
2012,Car,Car/pick-up/van,Car,Car/pick-up/van,car,car,car,car,car,car,car,car,car,car
2012,Motorcycle,2/3 Wheeled,Motorcycle,2/3 Wheeled,motorcycle,motorcycle,motorcycle,motorcycle,motorcycle,motorcycle,motorcycle,motorcycle,motorcycle,motorcycle
2012,Motorcycle,Car/pick-up/van,Motorcycle,Car/pick-up/van,motorcycle,car,motorcycle,car,motorcycle,car,motorcycle,car,motorcycle,car
2012,Car,No other/fixed or stationary object,Car,No other/fixed or stationary object,car,NOV,car,NOV,car,NOV,car,NOV,car,NOV
2012,Pedestrian,Unknown,Pedestrian,NA,pedestrian,car,pedestrian,truck,pedestrian,car,pedestrian,bus,pedestrian,car
2012,Car,Bus,Car,Bus,car,bus,car,bus,car,bus,car,bus,car,bus
2012,Motorcycle,Car/pick-up/van,Motorcycle,Car/pick-up/van,motorcycle,car,motorcycle,car,motorcycle,car,motorcycle,car,motorcycle,car
2012,3Wheeled,No other/fixed or stationary object,3Wheeled,No other/fixed or stationary object,motorcycle,NOV,motorcycle,NOV,motorcycle,NOV,motorcycle,NOV,motorcycle,NOV
2012,Pedestrian,Car/pick-up/van,Pedestrian,Car/pick-up/van,pedestrian,car,pedestrian,car,pedestrian,car,pedestrian,car,pedestrian,car
2012,Bus,Car/pick-up/van,Bus,Car/pick-up/van,bus,car,bus,car,bus,car,bus,car,bus,car
2012,Motorcycle,Car/pick-up/van,Motorcycle,Car/pick-up/van,motorcycle,car,motorcycle,car,motorcycle,car,motorcycle,car,motorcycle,car
2012,Pedestrian,2/3 Wheeled,Pedestrian,2/3 Wheeled,pedestrian,motorcycle,pedestrian,motorcycle,pedestrian,motorcycle,pedestrian,motorcycle,pedestrian,motorcycle
2012,Pedestrian,Unknown,Pedestrian,NA,pedestrian,car,pedestrian,car,pedestrian,car,pedestrian,motorcycle,pedestrian,motorcycle
2012,Motorcycle,Unknown,Motorcycle,NA,motorcycle,truck,motorcycle,car,motorcycle,truck,motorcycle,car,motorcycle,car
2012,Motorcycle,Unknown,Motorcycle,NA,motorcycle,truck,motorcycle,truck,motorcycle,car,motorcycle,NOV,motorcycle,NOV
2012,Pedestrian,Unknown,Pedestrian,NA,pedestrian,truck,pedestrian,car,pedestrian,truck,pedestrian,truck,pedestrian,truck
2012,Motorcycle,Unknown,Motorcycle,NA,motorcycle,truck,motorcycle,car,motorcycle,car,motorcycle,truck,motorcycle,car
2012,Pedestrian,Unknown,Pedestrian,NA,pedestrian,bus,pedestrian,bus,pedestrian,car,pedestrian,motorcycle,pedestrian,motorcycle
2012,Motorcycle,Unknown,Motorcycle,NA,motorcycle,car,motorcycle,motorcycle,motorcycle,NOV,motorcycle,NOV,motorcycle,truck
2012,Other,Unknown,Other,NA,other,car,other,car,other,car,other,car,other,NOV
2012,Pedestrian,Unknown,Pedestrian,NA,pedestrian,truck,pedestrian,truck,pedestrian,car,pedestrian,car,pedestrian,car
2012,Pedestrian,Unknown,Pedestrian,NA,pedestrian,car,pedestrian,car,pedestrian,truck,pedestrian,car,pedestrian,motorcycle
2012,Pedestrian,Car/pick-up/van,Pedestrian,Car/pick-up/van,pedestrian,car,pedestrian,car,pedestrian,car,pedestrian,car,pedestrian,car
2012,Pedestrian,Car/pick-up/van,Pedestrian,Car/pick-up/van,pedestrian,car,pedestrian,car,pedestrian,car,pedestrian,car,pedestrian,car
2012,Heavy transport,Trucks,Heavy transport,Trucks,truck,truck,truck,truck,truck,truck,truck,truck,truck,truck
2012,Pedestrian,Car/pick-up/van,Pedestrian,Car/pick-up/van,pedestrian,car,pedestrian,car,pedestrian,car,pedestrian,car,pedestrian,car
2012,Pedal Cycle,Car/pick-up/van,Pedal Cycle,Car/pick-up/van,cycle,car,cycle,car,cycle,car,cycle,car,cycle,car
2012,Pedestrian,Unknown,Pedestrian,NA,pedestrian,car,pedestrian,car,pedestrian,truck,pedestrian,car,pedestrian,car
2012,Motorcycle,Unknown,Motorcycle,NA,motorcycle,car,motorcycle,NOV,motorcycle,car,motorcycle,NOV,motorcycle,car
2012,Pedestrian,Unknown,Pedestrian,NA,pedestrian,car,pedestrian,car,pedestrian,bus,pedestrian,car,pedestrian,car
2012,Pedestrian,Bus,Pedestrian,Bus,pedestrian,bus,pedestrian,bus,pedestrian,bus,pedestrian,bus,pedestrian,bus
2012,Motorcycle,Unknown,Motorcycle,NA,motorcycle,bus,motorcycle,car,motorcycle,NOV,motorcycle,NOV,motorcycle,truck
2012,Motorcycle,Unknown,Motorcycle,NA,motorcycle,car,motorcycle,bus,motorcycle,car,motorcycle,motorcycle,motorcycle,NOV
2012,Motorcycle,Trucks,Motorcycle,Trucks,motorcycle,truck,motorcycle,truck,motorcycle,truck,motorcycle,truck,motorcycle,truck
2012,Motorcycle,Trucks,Motorcycle,Trucks,motorcycle,truck,motorcycle,truck,motorcycle,truck,motorcycle,truck,motorcycle,truck
2012,Motorcycle,Unknown,Motorcycle,NA,motorcycle,motorcycle,motorcycle,bus,motorcycle,NOV,motorcycle,car,motorcycle,bus
2012,Motorcycle,Bus,Motorcycle,Bus,motorcycle,bus,motorcycle,bus,motorcycle,bus,motorcycle,bus,motorcycle,bus
2012,Motorcycle,Car/pick-up/van,Motorcycle,Car/pick-up/van,motorcycle,car,motorcycle,car,motorcycle,car,motorcycle,car,motorcycle,car
2012,Motorcycle,Trucks,Motorcycle,Trucks,motorcycle,truck,motorcycle,truck,motorcycle,truck,motorcycle,truck,motorcycle,truck
2012,Motorcycle,Trucks,Motorcycle,Trucks,motorcycle,truck,motorcycle,truck,motorcycle,truck,motorcycle,truck,motorcycle,truck
2012,Pedestrian,Car/pick-up/van,Pedestrian,Car/pick-up/van,pedestrian,car,pedestrian,car,pedestrian,car,pedestrian,car,pedestrian,car
2012,Motorcycle,Unknown,Motorcycle,NA,motorcycle,truck,motorcycle,car,motorcycle,bus,motorcycle,truck,motorcycle,truck
2012,Motorcycle,Unknown,Motorcycle,NA,motorcycle,car,motorcycle,truck,motorcycle,NOV,motorcycle,car,motorcycle,car
2012,Pedal Cycle,Unknown,Pedal Cycle,NA,cycle,truck,cycle,car,cycle,car,cycle,car,cycle,motorcycle
2012,Motorcycle,Unknown,Motorcycle,NA,motorcycle,car,motorcycle,car,motorcycle,bus,motorcycle,truck,motorcycle,NOV
2012,Heavy transport,No other/fixed or stationary object,Heavy transport,No other/fixed or stationary object,truck,NOV,truck,NOV,truck,NOV,truck,NOV,truck,NOV
2012,Pedestrian,Trucks,Pedestrian,Trucks,pedestrian,truck,pedestrian,truck,pedestrian,truck,pedestrian,truck,pedestrian,truck
2012,Motorcycle,Car/pick-up/van,Motorcycle,Car/pick-up/van,motorcycle,car,motorcycle,car,motorcycle,car,motorcycle,car,motorcycle,car
2012,Motorcycle,Unknown,Motorcycle,NA,motorcycle,truck,motorcycle,car,motorcycle,truck,motorcycle,bus,motorcycle,truck
2012,Pedestrian,Unknown,Pedestrian,NA,pedestrian,car,pedestrian,car,pedestrian,car,pedestrian,truck,pedestrian,car
2012,Motorcycle,Trucks,Motorcycle,Trucks,motorcycle,truck,motorcycle,truck,motorcycle,truck,motorcycle,truck,motorcycle,truck
2012,Pedestrian,2/3 Wheeled,Pedestrian,2/3 Wheeled,pedestrian,motorcycle,pedestrian,motorcycle,pedestrian,motorcycle,pedestrian,motorcycle,pedestrian,motorcycle
2012,Heavy transport,Unknown,Heavy transport,NA,truck,car,truck,truck,truck,car,truck,truck,truck,NOV
2012,Motorcycle,Trucks,Motorcycle,Trucks,motorcycle,truck,motorcycle,truck,motorcycle,truck,motorcycle,truck,motorcycle,truck
2012,Motorcycle,Trucks,Motorcycle,Trucks,motorcycle,truck,motorcycle,truck,motorcycle,truck,motorcycle,truck,motorcycle,truck
2012,Pedestrian,Car/pick-up/van,Pedestrian,Car/pick-up/van,pedestrian,car,pedestrian,car,pedestrian,car,pedestrian,car,pedestrian,car
2012,Motorcycle,Car/pick-up/van,Motorcycle,Car/pick-up/van,motorcycle,car,motorcycle,car,motorcycle,car,motorcycle,car,motorcycle,car
2012,Pedestrian,2/3 Wheeled,Pedestrian,2/3 Wheeled,pedestrian,motorcycle,pedestrian,motorcycle,pedestrian,motorcycle,pedestrian,motorcycle,pedestrian,motorcycle
2012,Pedestrian,Car/pick-up/van,Pedestrian,Car/pick-up/van,pedestrian,car,pedestrian,car,pedestrian,car,pedestrian,car,pedestrian,car
2012,Pedestrian,Trucks,Pedestrian,Trucks,pedestrian,truck,pedestrian,truck,pedestrian,truck,pedestrian,truck,pedestrian,truck
2012,Pedestrian,2/3 Wheeled,Pedestrian,2/3 Wheeled,pedestrian,motorcycle,pedestrian,motorcycle,pedestrian,motorcycle,pedestrian,motorcycle,pedestrian,motorcycle
2012,Pedestrian,Bus,Pedestrian,Bus,pedestrian,bus,pedestrian,bus,pedestrian,bus,pedestrian,bus,pedestrian,bus
2012,Pedestrian,Bus,Pedestrian,Bus,pedestrian,bus,pedestrian,bus,pedestrian,bus,pedestrian,bus,pedestrian,bus
2012,Pedestrian,2/3 Wheeled,Pedestrian,2/3 Wheeled,pedestrian,motorcycle,pedestrian,motorcycle,pedestrian,motorcycle,pedestrian,motorcycle,pedestrian,motorcycle
2012,Pedestrian,Trucks,Pedestrian,Trucks,pedestrian,truck,pedestrian,truck,pedestrian,truck,pedestrian,truck,pedestrian,truck
2012,Motorcycle,Car/pick-up/van,Motorcycle,Car/pick-up/van,motorcycle,car,motorcycle,car,motorcycle,car,motorcycle,car,motorcycle,car
2012,Motorcycle,Trucks,Motorcycle,Trucks,motorcycle,truck,motorcycle,truck,motorcycle,truck,motorcycle,truck,motorcycle,truck
2012,Motorcycle,Bus,Motorcycle,Bus,motorcycle,bus,motorcycle,bus,motorcycle,bus,motorcycle,bus,motorcycle,bus
2012,Motorcycle,Car/pick-up/van,Motorcycle,Car/pick-up/van,motorcycle,car,motorcycle,car,motorcycle,car,motorcycle,car,motorcycle,car
2012,Pedestrian,Car/pick-up/van,Pedestrian,Car/pick-up/van,pedestrian,car,pedestrian,car,pedestrian,car,pedestrian,car,pedestrian,car
2012,Pedestrian,Trucks,Pedestrian,Trucks,pedestrian,truck,pedestrian,truck,pedestrian,truck,pedestrian,truck,pedestrian,truck
2012,Motorcycle,No other/fixed or stationary object,Motorcycle,No other/fixed or stationary object,motorcycle,NOV,motorcycle,NOV,motorcycle,NOV,motorcycle,NOV,motorcycle,NOV
2012,Pedal Cycle,Trucks,Pedal Cycle,Trucks,cycle,truck,cycle,truck,cycle,truck,cycle,truck,cycle,truck
2012,Pick-up truck/van,No other/fixed or stationary object,Pick-up truck/van,No other/fixed or stationary object,car,NOV,car,NOV,car,NOV,car,NOV,car,NOV
2012,Pedal Cycle,Bus,Pedal Cycle,Bus,cycle,bus,cycle,bus,cycle,bus,cycle,bus,cycle,bus
2012,Heavy transport,Trucks,Heavy transport,Trucks,truck,truck,truck,truck,truck,truck,truck,truck,truck,truck
2012,Pick-up truck/van,Bus,Pick-up truck/van,Bus,car,bus,car,bus,car,bus,car,bus,car,bus
2012,Pedal Cycle,Bus,Pedal Cycle,Bus,cycle,bus,cycle,bus,cycle,bus,cycle,bus,cycle,bus
2012,Car,Trucks,Car,Trucks,car,truck,car,truck,car,truck,car,truck,car,truck
2012,Pedal Cycle,2/3 Wheeled,Pedal Cycle,2/3 Wheeled,cycle,motorcycle,cycle,motorcycle,cycle,motorcycle,cycle,motorcycle,cycle,motorcycle
2012,Motorcycle,Unknown,Motorcycle,NA,motorcycle,NOV,motorcycle,truck,motorcycle,NOV,motorcycle,car,motorcycle,truck
2012,3Wheeled,Unknown,3Wheeled,NA,motorcycle,car,motorcycle,NOV,motorcycle,NOV,motorcycle,car,motorcycle,truck
2012,Pedestrian,Trucks,Pedestrian,Trucks,pedestrian,truck,pedestrian,truck,pedestrian,truck,pedestrian,truck,pedestrian,truck
2012,Pedestrian,Car/pick-up/van,Pedestrian,Car/pick-up/van,pedestrian,car,pedestrian,car,pedestrian,car,pedestrian,car,pedestrian,car
2012,Motorcycle,Unknown,Motorcycle,NA,motorcycle,truck,motorcycle,car,motorcycle,truck,motorcycle,bus,motorcycle,NOV
2012,Motorcycle,Unknown,Motorcycle,NA,motorcycle,truck,motorcycle,NOV,motorcycle,NOV,motorcycle,bus,motorcycle,bus
2012,Pedestrian,Trucks,Pedestrian,Trucks,pedestrian,truck,pedestrian,truck,pedestrian,truck,pedestrian,truck,pedestrian,truck
2012,Car,2/3 Wheeled,Car,2/3 Wheeled,car,motorcycle,car,motorcycle,car,motorcycle,car,motorcycle,car,motorcycle
2012,Pedestrian,Car/pick-up/van,Pedestrian,Car/pick-up/van,pedestrian,car,pedestrian,car,pedestrian,car,pedestrian,car,pedestrian,car
2012,Motorcycle,Bus,Motorcycle,Bus,motorcycle,bus,motorcycle,bus,motorcycle,bus,motorcycle,bus,motorcycle,bus
2012,Pedestrian,Car/pick-up/van,Pedestrian,Car/pick-up/van,pedestrian,car,pedestrian,car,pedestrian,car,pedestrian,car,pedestrian,car
2012,Pedestrian,Car/pick-up/van,Pedestrian,Car/pick-up/van,pedestrian,car,pedestrian,car,pedestrian,car,pedestrian,car,pedestrian,car
2012,Motorcycle,Unknown,Motorcycle,NA,motorcycle,car,motorcycle,NOV,motorcycle,car,motorcycle,truck,motorcycle,NOV
2012,Motorcycle,Unknown,Motorcycle,NA,motorcycle,motorcycle,motorcycle,car,motorcycle,truck,motorcycle,car,motorcycle,bus
2012,Pedestrian,Trucks,Pedestrian,Trucks,pedestrian,truck,pedestrian,truck,pedestrian,truck,pedestrian,truck,pedestrian,truck
2012,Motorcycle,Trucks,Motorcycle,Trucks,motorcycle,truck,motorcycle,truck,motorcycle,truck,motorcycle,truck,motorcycle,truck
2012,Motorcycle,Trucks,Motorcycle,Trucks,motorcycle,truck,motorcycle,truck,motorcycle,truck,motorcycle,truck,motorcycle,truck
2012,Pedestrian,Unknown,Pedestrian,NA,pedestrian,truck,pedestrian,truck,pedestrian,bus,pedestrian,truck,pedestrian,motorcycle
2012,Motorcycle,Trucks,Motorcycle,Trucks,motorcycle,truck,motorcycle,truck,motorcycle,truck,motorcycle,truck,motorcycle,truck
2012,Motorcycle,Trucks,Motorcycle,Trucks,motorcycle,truck,motorcycle,truck,motorcycle,truck,motorcycle,truck,motorcycle,truck
2012,Pedestrian,Unknown,Pedestrian,NA,pedestrian,truck,pedestrian,truck,pedestrian,motorcycle,pedestrian,car,pedestrian,motorcycle
2012,Pedestrian,Unknown,Pedestrian,NA,pedestrian,car,pedestrian,bus,pedestrian,car,pedestrian,motorcycle,pedestrian,truck
2012,Pedestrian,Unknown,Pedestrian,NA,pedestrian,motorcycle,pedestrian,truck,pedestrian,car,pedestrian,motorcycle,pedestrian,car
2012,Pedestrian,Unknown,Pedestrian,NA,pedestrian,car,pedestrian,motorcycle,pedestrian,car,pedestrian,car,pedestrian,motorcycle
2012,Motorcycle,Car/pick-up/van,Motorcycle,Car/pick-up/van,motorcycle,car,motorcycle,car,motorcycle,car,motorcycle,car,motorcycle,car
2012,Motorcycle,Car/pick-up/van,Motorcycle,Car/pick-up/van,motorcycle,car,motorcycle,car,motorcycle,car,motorcycle,car,motorcycle,car
2012,Motorcycle,Trucks,Motorcycle,Trucks,motorcycle,truck,motorcycle,truck,motorcycle,truck,motorcycle,truck,motorcycle,truck
2012,Motorcycle,Trucks,Motorcycle,Trucks,motorcycle,truck,motorcycle,truck,motorcycle,truck,motorcycle,truck,motorcycle,truck
2012,Motorcycle,Trucks,Motorcycle,Trucks,motorcycle,truck,motorcycle,truck,motorcycle,truck,motorcycle,truck,motorcycle,truck
2012,Motorcycle,Trucks,Motorcycle,Trucks,motorcycle,truck,motorcycle,truck,motorcycle,truck,motorcycle,truck,motorcycle,truck
2012,Car,No other/fixed or stationary object,Car,No other/fixed or stationary object,car,NOV,car,NOV,car,NOV,car,NOV,car,NOV
2012,Motorcycle,Unknown,Motorcycle,NA,motorcycle,truck,motorcycle,car,motorcycle,car,motorcycle,truck,motorcycle,car
2012,Pedestrian,Unknown,Pedestrian,NA,pedestrian,car,pedestrian,car,pedestrian,car,pedestrian,motorcycle,pedestrian,car
2012,Pedestrian,Trucks,Pedestrian,Trucks,pedestrian,truck,pedestrian,truck,pedestrian,truck,pedestrian,truck,pedestrian,truck
2012,Pedestrian,Trucks,Pedestrian,Trucks,pedestrian,truck,pedestrian,truck,pedestrian,truck,pedestrian,truck,pedestrian,truck
2012,Pedestrian,Trucks,Pedestrian,Trucks,pedestrian,truck,pedestrian,truck,pedestrian,truck,pedestrian,truck,pedestrian,truck
2012,Pedestrian,Unknown,Pedestrian,NA,pedestrian,car,pedestrian,car,pedestrian,truck,pedestrian,car,pedestrian,bus
2012,Car,Trucks,Car,Trucks,car,truck,car,truck,car,truck,car,truck,car,truck
2012,Car,Trucks,Car,Trucks,car,truck,car,truck,car,truck,car,truck,car,truck
2012,Motorcycle,Unknown,Motorcycle,NA,motorcycle,truck,motorcycle,truck,motorcycle,car,motorcycle,bus,motorcycle,truck
2012,Pedestrian,Unknown,Pedestrian,NA,pedestrian,car,pedestrian,car,pedestrian,bus,pedestrian,car,pedestrian,bus
2012,Pedestrian,Car/pick-up/van,Pedestrian,Car/pick-up/van,pedestrian,car,pedestrian,car,pedestrian,car,pedestrian,car,pedestrian,car
2012,Unknown,unspecified,NA,NA,pedestrian,car,motorcycle,car,motorcycle,NOV,cycle,car,other,car
2012,Motorcycle,Trucks,Motorcycle,Trucks,motorcycle,truck,motorcycle,truck,motorcycle,truck,motorcycle,truck,motorcycle,truck
2012,Pedestrian,Trucks,Pedestrian,Trucks,pedestrian,truck,pedestrian,truck,pedestrian,truck,pedestrian,truck,pedestrian,truck
2012,Pedal Cycle,Trucks,Pedal Cycle,Trucks,cycle,truck,cycle,truck,cycle,truck,cycle,truck,cycle,truck
2012,Pedestrian,Car/pick-up/van,Pedestrian,Car/pick-up/van,pedestrian,car,pedestrian,car,pedestrian,car,pedestrian,car,pedestrian,car
2012,Pedestrian,Unknown,Pedestrian,NA,pedestrian,car,pedestrian,bus,pedestrian,car,pedestrian,car,pedestrian,motorcycle
2012,Motorcycle,Trucks,Motorcycle,Trucks,motorcycle,truck,motorcycle,truck,motorcycle,truck,motorcycle,truck,motorcycle,truck
2012,Heavy transport,No other/fixed or stationary object,Heavy transport,No other/fixed or stationary object,truck,NOV,truck,NOV,truck,NOV,truck,NOV,truck,NOV
2012,Pedal Cycle,Trucks,Pedal Cycle,Trucks,cycle,truck,cycle,truck,cycle,truck,cycle,truck,cycle,truck
2012,Unknown,unspecified,NA,NA,motorcycle,truck,motorcycle,bus,pedestrian,bus,motorcycle,car,motorcycle,truck
2012,Motorcycle,Trucks,Motorcycle,Trucks,motorcycle,truck,motorcycle,truck,motorcycle,truck,motorcycle,truck,motorcycle,truck
2012,Motorcycle,Unknown,Motorcycle,NA,motorcycle,bus,motorcycle,car,motorcycle,truck,motorcycle,car,motorcycle,motorcycle
2012,Motorcycle,Unknown,Motorcycle,NA,motorcycle,car,motorcycle,motorcycle,motorcycle,NOV,motorcycle,car,motorcycle,truck
2012,Motorcycle,Trucks,Motorcycle,Trucks,motorcycle,truck,motorcycle,truck,motorcycle,truck,motorcycle,truck,motorcycle,truck
2012,Car,No other/fixed or stationary object,Car,No other/fixed or stationary object,car,NOV,car,NOV,car,NOV,car,NOV,car,NOV
2012,Pedal Cycle,Trucks,Pedal Cycle,Trucks,cycle,truck,cycle,truck,cycle,truck,cycle,truck,cycle,truck
2012,Motorcycle,Car/pick-up/van,Motorcycle,Car/pick-up/van,motorcycle,car,motorcycle,car,motorcycle,car,motorcycle,car,motorcycle,car
2012,Pedestrian,Unknown,Pedestrian,NA,pedestrian,car,pedestrian,motorcycle,pedestrian,truck,pedestrian,bus,pedestrian,bus
2012,Pedestrian,Unknown,Pedestrian,NA,pedestrian,car,pedestrian,truck,pedestrian,bus,pedestrian,bus,pedestrian,truck
2012,Pedestrian,Unknown,Pedestrian,NA,pedestrian,truck,pedestrian,bus,pedestrian,car,pedestrian,car,pedestrian,car
2012,Pedestrian,Unknown,Pedestrian,NA,pedestrian,car,pedestrian,truck,pedestrian,car,pedestrian,car,pedestrian,truck
2012,Motorcycle,Unknown,Motorcycle,NA,motorcycle,truck,motorcycle,truck,motorcycle,car,motorcycle,NOV,motorcycle,truck
2012,Pedestrian,Unknown,Pedestrian,NA,pedestrian,car,pedestrian,truck,pedestrian,car,pedestrian,motorcycle,pedestrian,truck
2012,Motorcycle,Trucks,Motorcycle,Trucks,motorcycle,truck,motorcycle,truck,motorcycle,truck,motorcycle,truck,motorcycle,truck
2012,Motorcycle,Car/pick-up/van,Motorcycle,Car/pick-up/van,motorcycle,car,motorcycle,car,motorcycle,car,motorcycle,car,motorcycle,car
2012,Pedal Cycle,Bus,Pedal Cycle,Bus,cycle,bus,cycle,bus,cycle,bus,cycle,bus,cycle,bus
2012,Car,Unknown,Car,NA,car,truck,car,car,car,NOV,car,car,car,NOV
2012,Pedestrian,Unknown,Pedestrian,NA,pedestrian,car,pedestrian,car,pedestrian,truck,pedestrian,truck,pedestrian,car
2012,3Wheeled,Car/pick-up/van,3Wheeled,Car/pick-up/van,motorcycle,car,motorcycle,car,motorcycle,car,motorcycle,car,motorcycle,car
2012,Pedestrian,Car/pick-up/van,Pedestrian,Car/pick-up/van,pedestrian,car,pedestrian,car,pedestrian,car,pedestrian,car,pedestrian,car
2012,Car,Unknown,Car,NA,car,NOV,car,car,car,NOV,car,NOV,car,NOV
2012,Pedestrian,Unknown,Pedestrian,NA,pedestrian,car,pedestrian,motorcycle,pedestrian,car,pedestrian,truck,pedestrian,truck
2012,Car,Unknown,Car,NA,car,bus,car,motorcycle,car,truck,car,NOV,car,NOV
2012,Pedestrian,Unknown,Pedestrian,NA,pedestrian,car,pedestrian,motorcycle,pedestrian,car,pedestrian,car,pedestrian,car
2012,Pedestrian,Unknown,Pedestrian,NA,pedestrian,bus,pedestrian,bus,pedestrian,bus,pedestrian,truck,pedestrian,truck
2012,Motorcycle,Trucks,Motorcycle,Trucks,motorcycle,truck,motorcycle,truck,motorcycle,truck,motorcycle,truck,motorcycle,truck
2012,Motorcycle,Car/pick-up/van,Motorcycle,Car/pick-up/van,motorcycle,car,motorcycle,car,motorcycle,car,motorcycle,car,motorcycle,car
2012,Motorcycle,Unknown,Motorcycle,NA,motorcycle,bus,motorcycle,car,motorcycle,truck,motorcycle,car,motorcycle,truck
2012,Pedestrian,Unknown,Pedestrian,NA,pedestrian,car,pedestrian,motorcycle,pedestrian,car,pedestrian,bus,pedestrian,truck
2012,Motorcycle,Car/pick-up/van,Motorcycle,Car/pick-up/van,motorcycle,car,motorcycle,car,motorcycle,car,motorcycle,car,motorcycle,car
2012,Car,No other/fixed or stationary object,Car,No other/fixed or stationary object,car,NOV,car,NOV,car,NOV,car,NOV,car,NOV
2012,Pedestrian,Unknown,Pedestrian,NA,pedestrian,motorcycle,pedestrian,car,pedestrian,car,pedestrian,car,pedestrian,car
2012,Motorcycle,Unknown,Motorcycle,NA,motorcycle,car,motorcycle,truck,motorcycle,car,motorcycle,truck,motorcycle,car
2012,Pedestrian,Unknown,Pedestrian,NA,pedestrian,car,pedestrian,car,pedestrian,truck,pedestrian,bus,pedestrian,car
2012,Pedestrian,Car/pick-up/van,Pedestrian,Car/pick-up/van,pedestrian,car,pedestrian,car,pedestrian,car,pedestrian,car,pedestrian,car
2012,Pedestrian,Car/pick-up/van,Pedestrian,Car/pick-up/van,pedestrian,car,pedestrian,car,pedestrian,car,pedestrian,car,pedestrian,car
2012,Motorcycle,No other/fixed or stationary object,Motorcycle,No other/fixed or stationary object,motorcycle,NOV,motorcycle,NOV,motorcycle,NOV,motorcycle,NOV,motorcycle,NOV
2012,Pedal Cycle,Bus,Pedal Cycle,Bus,cycle,bus,cycle,bus,cycle,bus,cycle,bus,cycle,bus
2012,Motorcycle,Car/pick-up/van,Motorcycle,Car/pick-up/van,motorcycle,car,motorcycle,car,motorcycle,car,motorcycle,car,motorcycle,car
2012,3Wheeled,2/3 Wheeled,3Wheeled,2/3 Wheeled,motorcycle,motorcycle,motorcycle,motorcycle,motorcycle,motorcycle,motorcycle,motorcycle,motorcycle,motorcycle
2012,Pedestrian,Unknown,Pedestrian,NA,pedestrian,motorcycle,pedestrian,motorcycle,pedestrian,car,pedestrian,truck,pedestrian,car
2012,Motorcycle,Car/pick-up/van,Motorcycle,Car/pick-up/van,motorcycle,car,motorcycle,car,motorcycle,car,motorcycle,car,motorcycle,car
2012,Pedestrian,Unknown,Pedestrian,NA,pedestrian,motorcycle,pedestrian,truck,pedestrian,bus,pedestrian,motorcycle,pedestrian,car
2012,Pedal Cycle,Trucks,Pedal Cycle,Trucks,cycle,truck,cycle,truck,cycle,truck,cycle,truck,cycle,truck
2012,Motorcycle,Unknown,Motorcycle,NA,motorcycle,truck,motorcycle,motorcycle,motorcycle,bus,motorcycle,car,motorcycle,NOV
2012,Pedestrian,Unknown,Pedestrian,NA,pedestrian,car,pedestrian,motorcycle,pedestrian,motorcycle,pedestrian,car,pedestrian,motorcycle
2012,Pedestrian,Unknown,Pedestrian,NA,pedestrian,motorcycle,pedestrian,motorcycle,pedestrian,car,pedestrian,car,pedestrian,car
2012,Motorcycle,Unknown,Motorcycle,NA,motorcycle,NOV,motorcycle,car,motorcycle,bus,motorcycle,car,motorcycle,bus
2012,3Wheeled,Car/pick-up/van,3Wheeled,Car/pick-up/van,motorcycle,car,motorcycle,car,motorcycle,car,motorcycle,car,motorcycle,car
2012,3Wheeled,Car/pick-up/van,3Wheeled,Car/pick-up/van,motorcycle,car,motorcycle,car,motorcycle,car,motorcycle,car,motorcycle,car
2012,Other,unspecified,Other,NA,other,NOV,other,car,other,car,other,NOV,other,NOV
2012,Pedestrian,Unknown,Pedestrian,NA,pedestrian,car,pedestrian,motorcycle,pedestrian,car,pedestrian,bus,pedestrian,truck
2012,Pedestrian,2/3 Wheeled,Pedestrian,2/3 Wheeled,pedestrian,motorcycle,pedestrian,motorcycle,pedestrian,motorcycle,pedestrian,motorcycle,pedestrian,motorcycle
2012,Motorcycle,No other/fixed or stationary object,Motorcycle,No other/fixed or stationary object,motorcycle,NOV,motorcycle,NOV,motorcycle,NOV,motorcycle,NOV,motorcycle,NOV
2012,Pedestrian,Unknown,Pedestrian,NA,pedestrian,bus,pedestrian,car,pedestrian,motorcycle,pedestrian,truck,pedestrian,truck
2012,Pedestrian,Unknown,Pedestrian,NA,pedestrian,truck,pedestrian,motorcycle,pedestrian,truck,pedestrian,bus,pedestrian,bus
2012,Motorcycle,Unknown,Motorcycle,NA,motorcycle,car,motorcycle,car,motorcycle,truck,motorcycle,car,motorcycle,bus
2012,Motorcycle,Car/pick-up/van,Motorcycle,Car/pick-up/van,motorcycle,car,motorcycle,car,motorcycle,car,motorcycle,car,motorcycle,car
2012,Pedestrian,Unknown,Pedestrian,NA,pedestrian,car,pedestrian,car,pedestrian,motorcycle,pedestrian,truck,pedestrian,car
2012,Pedestrian,Unknown,Pedestrian,NA,pedestrian,truck,pedestrian,car,pedestrian,car,pedestrian,car,pedestrian,car
2012,Motorcycle,No other/fixed or stationary object,Motorcycle,No other/fixed or stationary object,motorcycle,NOV,motorcycle,NOV,motorcycle,NOV,motorcycle,NOV,motorcycle,NOV
2012,Motorcycle,Unknown,Motorcycle,NA,motorcycle,car,motorcycle,NOV,motorcycle,car,motorcycle,car,motorcycle,truck
2012,Pedestrian,Car/pick-up/van,Pedestrian,Car/pick-up/van,pedestrian,car,pedestrian,car,pedestrian,car,pedestrian,car,pedestrian,car
2012,Pedestrian,Unknown,Pedestrian,NA,pedestrian,car,pedestrian,car,pedestrian,motorcycle,pedestrian,car,pedestrian,car
2012,Pedestrian,2/3 Wheeled,Pedestrian,2/3 Wheeled,pedestrian,motorcycle,pedestrian,motorcycle,pedestrian,motorcycle,pedestrian,motorcycle,pedestrian,motorcycle
2012,Pedestrian,2/3 Wheeled,Pedestrian,2/3 Wheeled,pedestrian,motorcycle,pedestrian,motorcycle,pedestrian,motorcycle,pedestrian,motorcycle,pedestrian,motorcycle
2012,Pedestrian,2/3 Wheeled,Pedestrian,2/3 Wheeled,pedestrian,motorcycle,pedestrian,motorcycle,pedestrian,motorcycle,pedestrian,motorcycle,pedestrian,motorcycle
2012,Motorcycle,Trucks,Motorcycle,Trucks,motorcycle,truck,motorcycle,truck,motorcycle,truck,motorcycle,truck,motorcycle,truck
2012,Pedestrian,Unknown,Pedestrian,NA,pedestrian,bus,pedestrian,car,pedestrian,car,pedestrian,car,pedestrian,car
2012,Pedestrian,Bus,Pedestrian,Bus,pedestrian,bus,pedestrian,bus,pedestrian,bus,pedestrian,bus,pedestrian,bus
2012,Motorcycle,Car/pick-up/van,Motorcycle,Car/pick-up/van,motorcycle,car,motorcycle,car,motorcycle,car,motorcycle,car,motorcycle,car
2012,Motorcycle,No other/fixed or stationary object,Motorcycle,No other/fixed or stationary object,motorcycle,NOV,motorcycle,NOV,motorcycle,NOV,motorcycle,NOV,motorcycle,NOV
2012,Motorcycle,Bus,Motorcycle,Bus,motorcycle,bus,motorcycle,bus,motorcycle,bus,motorcycle,bus,motorcycle,bus
2012,Motorcycle,Unknown,Motorcycle,NA,motorcycle,truck,motorcycle,car,motorcycle,NOV,motorcycle,truck,motorcycle,car
2012,Motorcycle,Trucks,Motorcycle,Trucks,motorcycle,truck,motorcycle,truck,motorcycle,truck,motorcycle,truck,motorcycle,truck
2012,Pedal Cycle,Trucks,Pedal Cycle,Trucks,cycle,truck,cycle,truck,cycle,truck,cycle,truck,cycle,truck
2012,Pedal Cycle,2/3 Wheeled,Pedal Cycle,2/3 Wheeled,cycle,motorcycle,cycle,motorcycle,cycle,motorcycle,cycle,motorcycle,cycle,motorcycle
2012,Pedal Cycle,Unknown,Pedal Cycle,NA,cycle,car,cycle,bus,cycle,car,cycle,truck,cycle,truck
2012,Pedal Cycle,Unknown,Pedal Cycle,NA,cycle,bus,cycle,bus,cycle,truck,cycle,car,cycle,motorcycle
2012,Pedestrian,Unknown,Pedestrian,NA,pedestrian,car,pedestrian,truck,pedestrian,bus,pedestrian,motorcycle,pedestrian,bus
2012,Motorcycle,Trucks,Motorcycle,Trucks,motorcycle,truck,motorcycle,truck,motorcycle,truck,motorcycle,truck,motorcycle,truck
2012,Pedal Cycle,Trucks,Pedal Cycle,Trucks,cycle,truck,cycle,truck,cycle,truck,cycle,truck,cycle,truck
2012,Pedal Cycle,Car/pick-up/van,Pedal Cycle,Car/pick-up/van,cycle,car,cycle,car,cycle,car,cycle,car,cycle,car
2012,Pedestrian,Unknown,Pedestrian,NA,pedestrian,motorcycle,pedestrian,truck,pedestrian,car,pedestrian,truck,pedestrian,truck
2012,Pedal Cycle,Unknown,Pedal Cycle,NA,cycle,bus,cycle,car,cycle,truck,cycle,car,cycle,bus
2012,Pedestrian,Unknown,Pedestrian,NA,pedestrian,motorcycle,pedestrian,car,pedestrian,bus,pedestrian,car,pedestrian,motorcycle
2012,Pedal Cycle,Trucks,Pedal Cycle,Trucks,cycle,truck,cycle,truck,cycle,truck,cycle,truck,cycle,truck
2012,Pedestrian,Unknown,Pedestrian,NA,pedestrian,truck,pedestrian,motorcycle,pedestrian,truck,pedestrian,bus,pedestrian,motorcycle
2012,Motorcycle,Car/pick-up/van,Motorcycle,Car/pick-up/van,motorcycle,car,motorcycle,car,motorcycle,car,motorcycle,car,motorcycle,car
2012,Motorcycle,No other/fixed or stationary object,Motorcycle,No other/fixed or stationary object,motorcycle,NOV,motorcycle,NOV,motorcycle,NOV,motorcycle,NOV,motorcycle,NOV
2012,Pedestrian,Bus,Pedestrian,Bus,pedestrian,bus,pedestrian,bus,pedestrian,bus,pedestrian,bus,pedestrian,bus
2012,Pedestrian,Unknown,Pedestrian,NA,pedestrian,car,pedestrian,car,pedestrian,car,pedestrian,car,pedestrian,car
2012,Motorcycle,Car/pick-up/van,Motorcycle,Car/pick-up/van,motorcycle,car,motorcycle,car,motorcycle,car,motorcycle,car,motorcycle,car
2012,Motorcycle,Unknown,Motorcycle,NA,motorcycle,truck,motorcycle,truck,motorcycle,bus,motorcycle,truck,motorcycle,bus
2012,Pedestrian,Unknown,Pedestrian,NA,pedestrian,car,pedestrian,truck,pedestrian,motorcycle,pedestrian,truck,pedestrian,car
2012,Other,unspecified,Other,NA,other,car,other,car,other,NOV,other,car,other,NOV
2012,Pedestrian,Car/pick-up/van,Pedestrian,Car/pick-up/van,pedestrian,car,pedestrian,car,pedestrian,car,pedestrian,car,pedestrian,car
2012,Motorcycle,Car/pick-up/van,Motorcycle,Car/pick-up/van,motorcycle,car,motorcycle,car,motorcycle,car,motorcycle,car,motorcycle,car
2012,Motorcycle,Unknown,Motorcycle,NA,motorcycle,bus,motorcycle,car,motorcycle,car,motorcycle,truck,motorcycle,NOV
2012,Pedal Cycle,Car/pick-up/van,Pedal Cycle,Car/pick-up/van,cycle,car,cycle,car,cycle,car,cycle,car,cycle,car
2012,Motorcycle,Trucks,Motorcycle,Trucks,motorcycle,truck,motorcycle,truck,motorcycle,truck,motorcycle,truck,motorcycle,truck
2012,Motorcycle,Unknown,Motorcycle,NA,motorcycle,NOV,motorcycle,car,motorcycle,car,motorcycle,NOV,motorcycle,car
2012,Heavy transport,No other/fixed or stationary object,Heavy transport,No other/fixed or stationary object,truck,NOV,truck,NOV,truck,NOV,truck,NOV,truck,NOV
2012,Motorcycle,Car/pick-up/van,Motorcycle,Car/pick-up/van,motorcycle,car,motorcycle,car,motorcycle,car,motorcycle,car,motorcycle,car
2012,Pedestrian,Unknown,Pedestrian,NA,pedestrian,truck,pedestrian,bus,pedestrian,bus,pedestrian,car,pedestrian,car
2012,Motorcycle,Trucks,Motorcycle,Trucks,motorcycle,truck,motorcycle,truck,motorcycle,truck,motorcycle,truck,motorcycle,truck
2012,Pedestrian,Bus,Pedestrian,Bus,pedestrian,bus,pedestrian,bus,pedestrian,bus,pedestrian,bus,pedestrian,bus
2012,Motorcycle,Unknown,Motorcycle,NA,motorcycle,truck,motorcycle,truck,motorcycle,NOV,motorcycle,car,motorcycle,truck
2012,Heavy transport,Car/pick-up/van,Heavy transport,Car/pick-up/van,truck,car,truck,car,truck,car,truck,car,truck,car
2012,Pedal Cycle,Trucks,Pedal Cycle,Trucks,cycle,truck,cycle,truck,cycle,truck,cycle,truck,cycle,truck
2012,Motorcycle,Car/pick-up/van,Motorcycle,Car/pick-up/van,motorcycle,car,motorcycle,car,motorcycle,car,motorcycle,car,motorcycle,car
2012,Motorcycle,Unknown,Motorcycle,NA,motorcycle,car,motorcycle,NOV,motorcycle,car,motorcycle,car,motorcycle,car
2012,3Wheeled,Unknown,3Wheeled,NA,motorcycle,NOV,motorcycle,truck,motorcycle,car,motorcycle,bus,motorcycle,car
2012,3Wheeled,Trucks,3Wheeled,Trucks,motorcycle,truck,motorcycle,truck,motorcycle,truck,motorcycle,truck,motorcycle,truck
2012,Pedestrian,Unknown,Pedestrian,NA,pedestrian,car,pedestrian,car,pedestrian,truck,pedestrian,car,pedestrian,truck
2012,Pedestrian,Unknown,Pedestrian,NA,pedestrian,car,pedestrian,bus,pedestrian,car,pedestrian,bus,pedestrian,car
2012,Pedestrian,Unknown,Pedestrian,NA,pedestrian,car,pedestrian,car,pedestrian,car,pedestrian,bus,pedestrian,motorcycle
2012,Pedestrian,Unknown,Pedestrian,NA,pedestrian,motorcycle,pedestrian,truck,pedestrian,car,pedestrian,car,pedestrian,car
2012,Pedal Cycle,Unknown,Pedal Cycle,NA,cycle,car,cycle,car,cycle,car,cycle,truck,cycle,truck
2012,Motorcycle,2/3 Wheeled,Motorcycle,2/3 Wheeled,motorcycle,motorcycle,motorcycle,motorcycle,motorcycle,motorcycle,motorcycle,motorcycle,motorcycle,motorcycle
2012,Car,Bus,Car,Bus,car,bus,car,bus,car,bus,car,bus,car,bus
2012,Pedestrian,Unknown,Pedestrian,NA,pedestrian,car,pedestrian,bus,pedestrian,car,pedestrian,car,pedestrian,car
2012,Pedestrian,Unknown,Pedestrian,NA,pedestrian,car,pedestrian,truck,pedestrian,car,pedestrian,truck,pedestrian,car
2012,Motorcycle,Trucks,Motorcycle,Trucks,motorcycle,truck,motorcycle,truck,motorcycle,truck,motorcycle,truck,motorcycle,truck
2012,Motorcycle,Car/pick-up/van,Motorcycle,Car/pick-up/van,motorcycle,car,motorcycle,car,motorcycle,car,motorcycle,car,motorcycle,car
2012,Motorcycle,No other/fixed or stationary object,Motorcycle,No other/fixed or stationary object,motorcycle,NOV,motorcycle,NOV,motorcycle,NOV,motorcycle,NOV,motorcycle,NOV
2012,Pedal Cycle,2/3 Wheeled,Pedal Cycle,2/3 Wheeled,cycle,motorcycle,cycle,motorcycle,cycle,motorcycle,cycle,motorcycle,cycle,motorcycle
2012,Pedal Cycle,Bus,Pedal Cycle,Bus,cycle,bus,cycle,bus,cycle,bus,cycle,bus,cycle,bus
2012,Pedestrian,Unknown,Pedestrian,NA,pedestrian,bus,pedestrian,car,pedestrian,car,pedestrian,bus,pedestrian,car
2012,Motorcycle,No other/fixed or stationary object,Motorcycle,No other/fixed or stationary object,motorcycle,NOV,motorcycle,NOV,motorcycle,NOV,motorcycle,NOV,motorcycle,NOV
2012,Motorcycle,No other/fixed or stationary object,Motorcycle,No other/fixed or stationary object,motorcycle,NOV,motorcycle,NOV,motorcycle,NOV,motorcycle,NOV,motorcycle,NOV
2012,Motorcycle,Car/pick-up/van,Motorcycle,Car/pick-up/van,motorcycle,car,motorcycle,car,motorcycle,car,motorcycle,car,motorcycle,car
2012,Pedestrian,Unknown,Pedestrian,NA,pedestrian,motorcycle,pedestrian,bus,pedestrian,bus,pedestrian,motorcycle,pedestrian,bus
2012,Pedestrian,Unknown,Pedestrian,NA,pedestrian,bus,pedestrian,truck,pedestrian,car,pedestrian,bus,pedestrian,car
2012,Pedestrian,Unknown,Pedestrian,NA,pedestrian,truck,pedestrian,motorcycle,pedestrian,car,pedestrian,car,pedestrian,car
2012,Pedestrian,Unknown,Pedestrian,NA,pedestrian,truck,pedestrian,motorcycle,pedestrian,motorcycle,pedestrian,car,pedestrian,bus
2012,Motorcycle,No other/fixed or stationary object,Motorcycle,No other/fixed or stationary object,motorcycle,NOV,motorcycle,NOV,motorcycle,NOV,motorcycle,NOV,motorcycle,NOV
2012,Pedestrian,Car/pick-up/van,Pedestrian,Car/pick-up/van,pedestrian,car,pedestrian,car,pedestrian,car,pedestrian,car,pedestrian,car
2012,Pedestrian,Car/pick-up/van,Pedestrian,Car/pick-up/van,pedestrian,car,pedestrian,car,pedestrian,car,pedestrian,car,pedestrian,car
2012,Pedestrian,2/3 Wheeled,Pedestrian,2/3 Wheeled,pedestrian,motorcycle,pedestrian,motorcycle,pedestrian,motorcycle,pedestrian,motorcycle,pedestrian,motorcycle
2012,Motorcycle,Car/pick-up/van,Motorcycle,Car/pick-up/van,motorcycle,car,motorcycle,car,motorcycle,car,motorcycle,car,motorcycle,car
2012,Pick-up truck/van,Car/pick-up/van,Pick-up truck/van,Car/pick-up/van,car,car,car,car,car,car,car,car,car,car
2012,Pedestrian,Unknown,Pedestrian,NA,pedestrian,bus,pedestrian,motorcycle,pedestrian,motorcycle,pedestrian,motorcycle,pedestrian,truck
2012,Pedestrian,Car/pick-up/van,Pedestrian,Car/pick-up/van,pedestrian,car,pedestrian,car,pedestrian,car,pedestrian,car,pedestrian,car
2012,Car,No other/fixed or stationary object,Car,No other/fixed or stationary object,car,NOV,car,NOV,car,NOV,car,NOV,car,NOV
2012,Pedestrian,Car/pick-up/van,Pedestrian,Car/pick-up/van,pedestrian,car,pedestrian,car,pedestrian,car,pedestrian,car,pedestrian,car
2012,Pedestrian,Car/pick-up/van,Pedestrian,Car/pick-up/van,pedestrian,car,pedestrian,car,pedestrian,car,pedestrian,car,pedestrian,car
2012,Pedestrian,Car/pick-up/van,Pedestrian,Car/pick-up/van,pedestrian,car,pedestrian,car,pedestrian,car,pedestrian,car,pedestrian,car
2012,Pedestrian,2/3 Wheeled,Pedestrian,2/3 Wheeled,pedestrian,motorcycle,pedestrian,motorcycle,pedestrian,motorcycle,pedestrian,motorcycle,pedestrian,motorcycle
2012,Motorcycle,No other/fixed or stationary object,Motorcycle,No other/fixed or stationary object,motorcycle,NOV,motorcycle,NOV,motorcycle,NOV,motorcycle,NOV,motorcycle,NOV
2012,Motorcycle,Unknown,Motorcycle,NA,motorcycle,bus,motorcycle,truck,motorcycle,motorcycle,motorcycle,truck,motorcycle,car
2012,Pedal Cycle,Trucks,Pedal Cycle,Trucks,cycle,truck,cycle,truck,cycle,truck,cycle,truck,cycle,truck
2012,Pedal Cycle,2/3 Wheeled,Pedal Cycle,2/3 Wheeled,cycle,motorcycle,cycle,motorcycle,cycle,motorcycle,cycle,motorcycle,cycle,motorcycle
2012,Motorcycle,Trucks,Motorcycle,Trucks,motorcycle,truck,motorcycle,truck,motorcycle,truck,motorcycle,truck,motorcycle,truck
2012,Pedestrian,Car/pick-up/van,Pedestrian,Car/pick-up/van,pedestrian,car,pedestrian,car,pedestrian,car,pedestrian,car,pedestrian,car
2012,Other,unspecified,Other,NA,other,motorcycle,other,car,other,motorcycle,other,car,other,car
2012,Other,Unknown,Other,NA,other,car,other,car,other,NOV,other,NOV,other,car
2012,Pedestrian,Car/pick-up/van,Pedestrian,Car/pick-up/van,pedestrian,car,pedestrian,car,pedestrian,car,pedestrian,car,pedestrian,car
2012,Motorcycle,Car/pick-up/van,Motorcycle,Car/pick-up/van,motorcycle,car,motorcycle,car,motorcycle,car,motorcycle,car,motorcycle,car
2012,Pedestrian,Unknown,Pedestrian,NA,pedestrian,bus,pedestrian,bus,pedestrian,motorcycle,pedestrian,car,pedestrian,motorcycle
2012,Pedestrian,Car/pick-up/van,Pedestrian,Car/pick-up/van,pedestrian,car,pedestrian,car,pedestrian,car,pedestrian,car,pedestrian,car
2012,Pick-up truck/van,No other/fixed or stationary object,Pick-up truck/van,No other/fixed or stationary object,car,NOV,car,NOV,car,NOV,car,NOV,car,NOV
2012,Car,Car/pick-up/van,Car,Car/pick-up/van,car,car,car,car,car,car,car,car,car,car
2012,Car,Trucks,Car,Trucks,car,truck,car,truck,car,truck,car,truck,car,truck
2012,Unknown,unspecified,NA,NA,motorcycle,truck,truck,car,pedestrian,truck,motorcycle,NOV,pedestrian,bus
2012,Pedal Cycle,Car/pick-up/van,Pedal Cycle,Car/pick-up/van,cycle,car,cycle,car,cycle,car,cycle,car,cycle,car
2012,Pedestrian,Trucks,Pedestrian,Trucks,pedestrian,truck,pedestrian,truck,pedestrian,truck,pedestrian,truck,pedestrian,truck
2012,Pedal Cycle,Car/pick-up/van,Pedal Cycle,Car/pick-up/van,cycle,car,cycle,car,cycle,car,cycle,car,cycle,car
2012,Pedal Cycle,Car/pick-up/van,Pedal Cycle,Car/pick-up/van,cycle,car,cycle,car,cycle,car,cycle,car,cycle,car
2012,Car,Trucks,Car,Trucks,car,truck,car,truck,car,truck,car,truck,car,truck
2012,Pedestrian,Unknown,Pedestrian,NA,pedestrian,truck,pedestrian,car,pedestrian,car,pedestrian,truck,pedestrian,bus
2012,Pedestrian,Trucks,Pedestrian,Trucks,pedestrian,truck,pedestrian,truck,pedestrian,truck,pedestrian,truck,pedestrian,truck
2012,Motorcycle,Unknown,Motorcycle,NA,motorcycle,truck,motorcycle,car,motorcycle,motorcycle,motorcycle,car,motorcycle,bus
2012,Motorcycle,Unknown,Motorcycle,NA,motorcycle,truck,motorcycle,bus,motorcycle,car,motorcycle,truck,motorcycle,motorcycle
2012,Motorcycle,Unknown,Motorcycle,NA,motorcycle,truck,motorcycle,bus,motorcycle,car,motorcycle,truck,motorcycle,car
2012,Motorcycle,Unknown,Motorcycle,NA,motorcycle,car,motorcycle,bus,motorcycle,bus,motorcycle,NOV,motorcycle,motorcycle
2012,Car,2/3 Wheeled,Car,2/3 Wheeled,car,motorcycle,car,motorcycle,car,motorcycle,car,motorcycle,car,motorcycle
2012,Car,Car/pick-up/van,Car,Car/pick-up/van,car,car,car,car,car,car,car,car,car,car
2012,Car,Trucks,Car,Trucks,car,truck,car,truck,car,truck,car,truck,car,truck
2012,Pedestrian,Unknown,Pedestrian,NA,pedestrian,car,pedestrian,truck,pedestrian,car,pedestrian,motorcycle,pedestrian,car
2012,Car,Unknown,Car,NA,car,truck,car,NOV,car,NOV,car,motorcycle,car,truck
2012,Pedestrian,Unknown,Pedestrian,NA,pedestrian,truck,pedestrian,car,pedestrian,motorcycle,pedestrian,motorcycle,pedestrian,car
2012,Motorcycle,Unknown,Motorcycle,NA,motorcycle,truck,motorcycle,car,motorcycle,bus,motorcycle,car,motorcycle,truck
2012,Pedestrian,Unknown,Pedestrian,NA,pedestrian,car,pedestrian,bus,pedestrian,truck,pedestrian,car,pedestrian,truck
2012,Pedestrian,2/3 Wheeled,Pedestrian,2/3 Wheeled,pedestrian,motorcycle,pedestrian,motorcycle,pedestrian,motorcycle,pedestrian,motorcycle,pedestrian,motorcycle
2012,Pedestrian,2/3 Wheeled,Pedestrian,2/3 Wheeled,pedestrian,motorcycle,pedestrian,motorcycle,pedestrian,motorcycle,pedestrian,motorcycle,pedestrian,motorcycle
2012,Pedestrian,2/3 Wheeled,Pedestrian,2/3 Wheeled,pedestrian,motorcycle,pedestrian,motorcycle,pedestrian,motorcycle,pedestrian,motorcycle,pedestrian,motorcycle
2012,Pedestrian,2/3 Wheeled,Pedestrian,2/3 Wheeled,pedestrian,motorcycle,pedestrian,motorcycle,pedestrian,motorcycle,pedestrian,motorcycle,pedestrian,motorcycle
2012,Pedestrian,Unknown,Pedestrian,NA,pedestrian,bus,pedestrian,car,pedestrian,motorcycle,pedestrian,car,pedestrian,car
2012,Pedestrian,Unknown,Pedestrian,NA,pedestrian,bus,pedestrian,motorcycle,pedestrian,car,pedestrian,car,pedestrian,car
2012,Pedestrian,Car/pick-up/van,Pedestrian,Car/pick-up/van,pedestrian,car,pedestrian,car,pedestrian,car,pedestrian,car,pedestrian,car
2012,Pedestrian,Unknown,Pedestrian,NA,pedestrian,car,pedestrian,car,pedestrian,bus,pedestrian,truck,pedestrian,motorcycle
2012,Pedestrian,Unknown,Pedestrian,NA,pedestrian,bus,pedestrian,motorcycle,pedestrian,truck,pedestrian,car,pedestrian,motorcycle
2012,Pedestrian,Unknown,Pedestrian,NA,pedestrian,car,pedestrian,car,pedestrian,truck,pedestrian,motorcycle,pedestrian,motorcycle
2012,Pedestrian,Unknown,Pedestrian,NA,pedestrian,car,pedestrian,bus,pedestrian,motorcycle,pedestrian,car,pedestrian,motorcycle
2012,Pedestrian,Car/pick-up/van,Pedestrian,Car/pick-up/van,pedestrian,car,pedestrian,car,pedestrian,car,pedestrian,car,pedestrian,car
2012,Motorcycle,Unknown,Motorcycle,NA,motorcycle,car,motorcycle,car,motorcycle,car,motorcycle,car,motorcycle,truck
2012,Pedestrian,2/3 Wheeled,Pedestrian,2/3 Wheeled,pedestrian,motorcycle,pedestrian,motorcycle,pedestrian,motorcycle,pedestrian,motorcycle,pedestrian,motorcycle
2012,Heavy transport,No other/fixed or stationary object,Heavy transport,No other/fixed or stationary object,truck,NOV,truck,NOV,truck,NOV,truck,NOV,truck,NOV
2012,Pedestrian,2/3 Wheeled,Pedestrian,2/3 Wheeled,pedestrian,motorcycle,pedestrian,motorcycle,pedestrian,motorcycle,pedestrian,motorcycle,pedestrian,motorcycle
2012,Motorcycle,Unknown,Motorcycle,NA,motorcycle,truck,motorcycle,car,motorcycle,NOV,motorcycle,NOV,motorcycle,truck
2012,Motorcycle,Unknown,Motorcycle,NA,motorcycle,car,motorcycle,bus,motorcycle,truck,motorcycle,bus,motorcycle,car
2012,Pick-up truck/van,No other/fixed or stationary object,Pick-up truck/van,No other/fixed or stationary object,car,NOV,car,NOV,car,NOV,car,NOV,car,NOV
2012,Motorcycle,Car/pick-up/van,Motorcycle,Car/pick-up/van,motorcycle,car,motorcycle,car,motorcycle,car,motorcycle,car,motorcycle,car
2012,Pedestrian,Car/pick-up/van,Pedestrian,Car/pick-up/van,pedestrian,car,pedestrian,car,pedestrian,car,pedestrian,car,pedestrian,car
2012,Pedestrian,Unknown,Pedestrian,NA,pedestrian,motorcycle,pedestrian,truck,pedestrian,bus,pedestrian,car,pedestrian,motorcycle
2012,Car,No other/fixed or stationary object,Car,No other/fixed or stationary object,car,NOV,car,NOV,car,NOV,car,NOV,car,NOV
2012,Pedestrian,Unknown,Pedestrian,NA,pedestrian,car,pedestrian,truck,pedestrian,truck,pedestrian,car,pedestrian,car
2012,Motorcycle,Car/pick-up/van,Motorcycle,Car/pick-up/van,motorcycle,car,motorcycle,car,motorcycle,car,motorcycle,car,motorcycle,car
2012,Motorcycle,Car/pick-up/van,Motorcycle,Car/pick-up/van,motorcycle,car,motorcycle,car,motorcycle,car,motorcycle,car,motorcycle,car
2012,Pedestrian,Unknown,Pedestrian,NA,pedestrian,car,pedestrian,car,pedestrian,car,pedestrian,truck,pedestrian,car
2012,Pedestrian,Unknown,Pedestrian,NA,pedestrian,bus,pedestrian,car,pedestrian,car,pedestrian,truck,pedestrian,car
2012,Heavy transport,Trucks,Heavy transport,Trucks,truck,truck,truck,truck,truck,truck,truck,truck,truck,truck
2012,Motorcycle,Trucks,Motorcycle,Trucks,motorcycle,truck,motorcycle,truck,motorcycle,truck,motorcycle,truck,motorcycle,truck
2012,Other,unspecified,Other,NA,other,car,other,NOV,other,car,other,NOV,other,NOV
2012,Motorcycle,Trucks,Motorcycle,Trucks,motorcycle,truck,motorcycle,truck,motorcycle,truck,motorcycle,truck,motorcycle,truck
2012,Pedestrian,Car/pick-up/van,Pedestrian,Car/pick-up/van,pedestrian,car,pedestrian,car,pedestrian,car,pedestrian,car,pedestrian,car
2012,Pedestrian,Unknown,Pedestrian,NA,pedestrian,bus,pedestrian,car,pedestrian,motorcycle,pedestrian,car,pedestrian,motorcycle
2012,Unknown,unspecified,NA,NA,pedestrian,truck,motorcycle,car,cycle,car,cycle,car,pedestrian,car
2012,Pedestrian,Car/pick-up/van,Pedestrian,Car/pick-up/van,pedestrian,car,pedestrian,car,pedestrian,car,pedestrian,car,pedestrian,car
2012,Motorcycle,Car/pick-up/van,Motorcycle,Car/pick-up/van,motorcycle,car,motorcycle,car,motorcycle,car,motorcycle,car,motorcycle,car
2012,Motorcycle,Car/pick-up/van,Motorcycle,Car/pick-up/van,motorcycle,car,motorcycle,car,motorcycle,car,motorcycle,car,motorcycle,car
2012,Pedestrian,Unknown,Pedestrian,NA,pedestrian,car,pedestrian,truck,pedestrian,car,pedestrian,motorcycle,pedestrian,bus
2012,Pedestrian,Car/pick-up/van,Pedestrian,Car/pick-up/van,pedestrian,car,pedestrian,car,pedestrian,car,pedestrian,car,pedestrian,car
2012,Pedestrian,Unknown,Pedestrian,NA,pedestrian,car,pedestrian,truck,pedestrian,bus,pedestrian,bus,pedestrian,motorcycle
2012,Unknown,unspecified,NA,NA,cycle,car,car,NOV,cycle,motorcycle,pedestrian,car,pedestrian,car
2012,Pedestrian,Unknown,Pedestrian,NA,pedestrian,car,pedestrian,car,pedestrian,car,pedestrian,motorcycle,pedestrian,car
2012,Pedestrian,Unknown,Pedestrian,NA,pedestrian,car,pedestrian,truck,pedestrian,car,pedestrian,motorcycle,pedestrian,car
2012,Pedestrian,Unknown,Pedestrian,NA,pedestrian,truck,pedestrian,car,pedestrian,truck,pedestrian,car,pedestrian,motorcycle
2012,Pedestrian,Unknown,Pedestrian,NA,pedestrian,truck,pedestrian,bus,pedestrian,motorcycle,pedestrian,bus,pedestrian,motorcycle
2012,Pedestrian,Bus,Pedestrian,Bus,pedestrian,bus,pedestrian,bus,pedestrian,bus,pedestrian,bus,pedestrian,bus
2012,Motorcycle,No other/fixed or stationary object,Motorcycle,No other/fixed or stationary object,motorcycle,NOV,motorcycle,NOV,motorcycle,NOV,motorcycle,NOV,motorcycle,NOV
2012,Pedestrian,Bus,Pedestrian,Bus,pedestrian,bus,pedestrian,bus,pedestrian,bus,pedestrian,bus,pedestrian,bus
2012,Motorcycle,No other/fixed or stationary object,Motorcycle,No other/fixed or stationary object,motorcycle,NOV,motorcycle,NOV,motorcycle,NOV,motorcycle,NOV,motorcycle,NOV
2012,Motorcycle,Unknown,Motorcycle,NA,motorcycle,bus,motorcycle,truck,motorcycle,truck,motorcycle,bus,motorcycle,car
2012,Motorcycle,Unknown,Motorcycle,NA,motorcycle,truck,motorcycle,truck,motorcycle,truck,motorcycle,truck,motorcycle,truck
2012,Pedestrian,Car/pick-up/van,Pedestrian,Car/pick-up/van,pedestrian,car,pedestrian,car,pedestrian,car,pedestrian,car,pedestrian,car
2012,Motorcycle,Car/pick-up/van,Motorcycle,Car/pick-up/van,motorcycle,car,motorcycle,car,motorcycle,car,motorcycle,car,motorcycle,car
2012,Motorcycle,Car/pick-up/van,Motorcycle,Car/pick-up/van,motorcycle,car,motorcycle,car,motorcycle,car,motorcycle,car,motorcycle,car
2012,Motorcycle,Unknown,Motorcycle,NA,motorcycle,bus,motorcycle,truck,motorcycle,car,motorcycle,car,motorcycle,car
2012,Motorcycle,Unknown,Motorcycle,NA,motorcycle,car,motorcycle,truck,motorcycle,car,motorcycle,truck,motorcycle,car
2012,Pedestrian,Bus,Pedestrian,Bus,pedestrian,bus,pedestrian,bus,pedestrian,bus,pedestrian,bus,pedestrian,bus
2012,Motorcycle,Car/pick-up/van,Motorcycle,Car/pick-up/van,motorcycle,car,motorcycle,car,motorcycle,car,motorcycle,car,motorcycle,car
2012,Motorcycle,Unknown,Motorcycle,NA,motorcycle,truck,motorcycle,car,motorcycle,NOV,motorcycle,truck,motorcycle,truck
2012,Pedestrian,Car/pick-up/van,Pedestrian,Car/pick-up/van,pedestrian,car,pedestrian,car,pedestrian,car,pedestrian,car,pedestrian,car
2012,Motorcycle,Trucks,Motorcycle,Trucks,motorcycle,truck,motorcycle,truck,motorcycle,truck,motorcycle,truck,motorcycle,truck
2012,Motorcycle,Car/pick-up/van,Motorcycle,Car/pick-up/van,motorcycle,car,motorcycle,car,motorcycle,car,motorcycle,car,motorcycle,car
2012,Motorcycle,2/3 Wheeled,Motorcycle,2/3 Wheeled,motorcycle,motorcycle,motorcycle,motorcycle,motorcycle,motorcycle,motorcycle,motorcycle,motorcycle,motorcycle
2012,Motorcycle,No other/fixed or stationary object,Motorcycle,No other/fixed or stationary object,motorcycle,NOV,motorcycle,NOV,motorcycle,NOV,motorcycle,NOV,motorcycle,NOV
2012,Pedestrian,Car/pick-up/van,Pedestrian,Car/pick-up/van,pedestrian,car,pedestrian,car,pedestrian,car,pedestrian,car,pedestrian,car
2012,Pedestrian,Car/pick-up/van,Pedestrian,Car/pick-up/van,pedestrian,car,pedestrian,car,pedestrian,car,pedestrian,car,pedestrian,car
2012,Pedestrian,Car/pick-up/van,Pedestrian,Car/pick-up/van,pedestrian,car,pedestrian,car,pedestrian,car,pedestrian,car,pedestrian,car
2012,Pedestrian,Car/pick-up/van,Pedestrian,Car/pick-up/van,pedestrian,car,pedestrian,car,pedestrian,car,pedestrian,car,pedestrian,car
2012,Motorcycle,Car/pick-up/van,Motorcycle,Car/pick-up/van,motorcycle,car,motorcycle,car,motorcycle,car,motorcycle,car,motorcycle,car
2012,Pedestrian,Car/pick-up/van,Pedestrian,Car/pick-up/van,pedestrian,car,pedestrian,car,pedestrian,car,pedestrian,car,pedestrian,car
2012,Pedestrian,Car/pick-up/van,Pedestrian,Car/pick-up/van,pedestrian,car,pedestrian,car,pedestrian,car,pedestrian,car,pedestrian,car
2012,Pedestrian,Car/pick-up/van,Pedestrian,Car/pick-up/van,pedestrian,car,pedestrian,car,pedestrian,car,pedestrian,car,pedestrian,car
2012,Pedestrian,Car/pick-up/van,Pedestrian,Car/pick-up/van,pedestrian,car,pedestrian,car,pedestrian,car,pedestrian,car,pedestrian,car
2012,Pedestrian,Car/pick-up/van,Pedestrian,Car/pick-up/van,pedestrian,car,pedestrian,car,pedestrian,car,pedestrian,car,pedestrian,car
2012,Pedestrian,Unknown,Pedestrian,NA,pedestrian,car,pedestrian,bus,pedestrian,car,pedestrian,truck,pedestrian,car
2012,Motorcycle,Car/pick-up/van,Motorcycle,Car/pick-up/van,motorcycle,car,motorcycle,car,motorcycle,car,motorcycle,car,motorcycle,car
2012,Motorcycle,Unknown,Motorcycle,NA,motorcycle,truck,motorcycle,car,motorcycle,truck,motorcycle,motorcycle,motorcycle,truck
2012,Motorcycle,Trucks,Motorcycle,Trucks,motorcycle,truck,motorcycle,truck,motorcycle,truck,motorcycle,truck,motorcycle,truck
2012,Car,Trucks,Car,Trucks,car,truck,car,truck,car,truck,car,truck,car,truck
2012,Pedal Cycle,Trucks,Pedal Cycle,Trucks,cycle,truck,cycle,truck,cycle,truck,cycle,truck,cycle,truck
2012,Motorcycle,Trucks,Motorcycle,Trucks,motorcycle,truck,motorcycle,truck,motorcycle,truck,motorcycle,truck,motorcycle,truck
2012,Motorcycle,Car/pick-up/van,Motorcycle,Car/pick-up/van,motorcycle,car,motorcycle,car,motorcycle,car,motorcycle,car,motorcycle,car
2012,Pedestrian,Unknown,Pedestrian,NA,pedestrian,motorcycle,pedestrian,bus,pedestrian,motorcycle,pedestrian,car,pedestrian,car
2012,Motorcycle,Trucks,Motorcycle,Trucks,motorcycle,truck,motorcycle,truck,motorcycle,truck,motorcycle,truck,motorcycle,truck
2012,Motorcycle,Trucks,Motorcycle,Trucks,motorcycle,truck,motorcycle,truck,motorcycle,truck,motorcycle,truck,motorcycle,truck
2012,Pedestrian,Unknown,Pedestrian,NA,pedestrian,truck,pedestrian,car,pedestrian,truck,pedestrian,car,pedestrian,car
2012,Pedestrian,Unknown,Pedestrian,NA,pedestrian,truck,pedestrian,car,pedestrian,bus,pedestrian,car,pedestrian,car
2012,Pedal Cycle,Unknown,Pedal Cycle,NA,cycle,bus,cycle,bus,cycle,car,cycle,bus,cycle,car
2012,Pedestrian,Trucks,Pedestrian,Trucks,pedestrian,truck,pedestrian,truck,pedestrian,truck,pedestrian,truck,pedestrian,truck
2012,Motorcycle,Unknown,Motorcycle,NA,motorcycle,bus,motorcycle,bus,motorcycle,car,motorcycle,NOV,motorcycle,car
2012,Pedestrian,Unknown,Pedestrian,NA,pedestrian,bus,pedestrian,truck,pedestrian,car,pedestrian,car,pedestrian,car
2012,Pedal Cycle,Car/pick-up/van,Pedal Cycle,Car/pick-up/van,cycle,car,cycle,car,cycle,car,cycle,car,cycle,car
2012,Motorcycle,Trucks,Motorcycle,Trucks,motorcycle,truck,motorcycle,truck,motorcycle,truck,motorcycle,truck,motorcycle,truck
2012,Pedestrian,Unknown,Pedestrian,NA,pedestrian,car,pedestrian,motorcycle,pedestrian,motorcycle,pedestrian,motorcycle,pedestrian,motorcycle
2012,Pedal Cycle,Bus,Pedal Cycle,Bus,cycle,bus,cycle,bus,cycle,bus,cycle,bus,cycle,bus
2012,Motorcycle,Unknown,Motorcycle,NA,motorcycle,bus,motorcycle,truck,motorcycle,NOV,motorcycle,truck,motorcycle,truck
2012,Motorcycle,Trucks,Motorcycle,Trucks,motorcycle,truck,motorcycle,truck,motorcycle,truck,motorcycle,truck,motorcycle,truck
2012,Pedestrian,Trucks,Pedestrian,Trucks,pedestrian,truck,pedestrian,truck,pedestrian,truck,pedestrian,truck,pedestrian,truck
2012,Pedal Cycle,Car/pick-up/van,Pedal Cycle,Car/pick-up/van,cycle,car,cycle,car,cycle,car,cycle,car,cycle,car
2012,3Wheeled,Car/pick-up/van,3Wheeled,Car/pick-up/van,motorcycle,car,motorcycle,car,motorcycle,car,motorcycle,car,motorcycle,car
2012,Pedal Cycle,Bus,Pedal Cycle,Bus,cycle,bus,cycle,bus,cycle,bus,cycle,bus,cycle,bus
2012,Pedestrian,Unknown,Pedestrian,NA,pedestrian,motorcycle,pedestrian,car,pedestrian,car,pedestrian,car,pedestrian,car
2012,Pedestrian,Trucks,Pedestrian,Trucks,pedestrian,truck,pedestrian,truck,pedestrian,truck,pedestrian,truck,pedestrian,truck
2012,Other,unspecified,Other,NA,other,truck,other,car,other,car,other,bus,other,bus
2012,Pedestrian,Unknown,Pedestrian,NA,pedestrian,car,pedestrian,car,pedestrian,motorcycle,pedestrian,truck,pedestrian,car
2012,Motorcycle,Trucks,Motorcycle,Trucks,motorcycle,truck,motorcycle,truck,motorcycle,truck,motorcycle,truck,motorcycle,truck
2012,Other,unspecified,Other,NA,other,car,other,car,other,motorcycle,other,car,other,car
2012,Other,unspecified,Other,NA,other,car,other,truck,other,car,other,car,other,car
2012,Pedal Cycle,Car/pick-up/van,Pedal Cycle,Car/pick-up/van,cycle,car,cycle,car,cycle,car,cycle,car,cycle,car
2012,Motorcycle,Unknown,Motorcycle,NA,motorcycle,NOV,motorcycle,car,motorcycle,truck,motorcycle,car,motorcycle,NOV
2012,Motorcycle,Bus,Motorcycle,Bus,motorcycle,bus,motorcycle,bus,motorcycle,bus,motorcycle,bus,motorcycle,bus
2012,3Wheeled,Bus,3Wheeled,Bus,motorcycle,bus,motorcycle,bus,motorcycle,bus,motorcycle,bus,motorcycle,bus
2012,Car,Car/pick-up/van,Car,Car/pick-up/van,car,car,car,car,car,car,car,car,car,car
2012,Pedestrian,Car/pick-up/van,Pedestrian,Car/pick-up/van,pedestrian,car,pedestrian,car,pedestrian,car,pedestrian,car,pedestrian,car
2012,Pedestrian,Car/pick-up/van,Pedestrian,Car/pick-up/van,pedestrian,car,pedestrian,car,pedestrian,car,pedestrian,car,pedestrian,car
2012,Pedestrian,Unknown,Pedestrian,NA,pedestrian,car,pedestrian,motorcycle,pedestrian,car,pedestrian,car,pedestrian,car
2012,Pedestrian,2/3 Wheeled,Pedestrian,2/3 Wheeled,pedestrian,motorcycle,pedestrian,motorcycle,pedestrian,motorcycle,pedestrian,motorcycle,pedestrian,motorcycle
2012,Motorcycle,Car/pick-up/van,Motorcycle,Car/pick-up/van,motorcycle,car,motorcycle,car,motorcycle,car,motorcycle,car,motorcycle,car
2012,Motorcycle,2/3 Wheeled,Motorcycle,2/3 Wheeled,motorcycle,motorcycle,motorcycle,motorcycle,motorcycle,motorcycle,motorcycle,motorcycle,motorcycle,motorcycle
2012,Pedestrian,Car/pick-up/van,Pedestrian,Car/pick-up/van,pedestrian,car,pedestrian,car,pedestrian,car,pedestrian,car,pedestrian,car
2012,Car,No other/fixed or stationary object,Car,No other/fixed or stationary object,car,NOV,car,NOV,car,NOV,car,NOV,car,NOV
2012,3Wheeled,Car/pick-up/van,3Wheeled,Car/pick-up/van,motorcycle,car,motorcycle,car,motorcycle,car,motorcycle,car,motorcycle,car
2012,Pedestrian,2/3 Wheeled,Pedestrian,2/3 Wheeled,pedestrian,motorcycle,pedestrian,motorcycle,pedestrian,motorcycle,pedestrian,motorcycle,pedestrian,motorcycle
2012,Pedestrian,2/3 Wheeled,Pedestrian,2/3 Wheeled,pedestrian,motorcycle,pedestrian,motorcycle,pedestrian,motorcycle,pedestrian,motorcycle,pedestrian,motorcycle
2012,Pedestrian,Unknown,Pedestrian,NA,pedestrian,truck,pedestrian,truck,pedestrian,car,pedestrian,car,pedestrian,car
2012,Pedestrian,Bus,Pedestrian,Bus,pedestrian,bus,pedestrian,bus,pedestrian,bus,pedestrian,bus,pedestrian,bus
2012,Motorcycle,Unknown,Motorcycle,NA,motorcycle,NOV,motorcycle,car,motorcycle,truck,motorcycle,bus,motorcycle,bus
2012,Heavy transport,Car/pick-up/van,Heavy transport,Car/pick-up/van,truck,car,truck,car,truck,car,truck,car,truck,car
2012,Pedal Cycle,2/3 Wheeled,Pedal Cycle,2/3 Wheeled,cycle,motorcycle,cycle,motorcycle,cycle,motorcycle,cycle,motorcycle,cycle,motorcycle
2012,Motorcycle,No other/fixed or stationary object,Motorcycle,No other/fixed or stationary object,motorcycle,NOV,motorcycle,NOV,motorcycle,NOV,motorcycle,NOV,motorcycle,NOV
2012,Pedestrian,Unknown,Pedestrian,NA,pedestrian,motorcycle,pedestrian,car,pedestrian,car,pedestrian,car,pedestrian,car
2012,Motorcycle,Unknown,Motorcycle,NA,motorcycle,bus,motorcycle,motorcycle,motorcycle,NOV,motorcycle,bus,motorcycle,truck
2012,Pedestrian,Unknown,Pedestrian,NA,pedestrian,bus,pedestrian,car,pedestrian,motorcycle,pedestrian,car,pedestrian,car
2012,Pedestrian,Unknown,Pedestrian,NA,pedestrian,car,pedestrian,truck,pedestrian,motorcycle,pedestrian,car,pedestrian,car
2012,Bus,2/3 Wheeled,Bus,2/3 Wheeled,bus,motorcycle,bus,motorcycle,bus,motorcycle,bus,motorcycle,bus,motorcycle
2012,Motorcycle,Car/pick-up/van,Motorcycle,Car/pick-up/van,motorcycle,car,motorcycle,car,motorcycle,car,motorcycle,car,motorcycle,car
2012,Motorcycle,Trucks,Motorcycle,Trucks,motorcycle,truck,motorcycle,truck,motorcycle,truck,motorcycle,truck,motorcycle,truck
2012,Motorcycle,Bus,Motorcycle,Bus,motorcycle,bus,motorcycle,bus,motorcycle,bus,motorcycle,bus,motorcycle,bus
2012,Motorcycle,Car/pick-up/van,Motorcycle,Car/pick-up/van,motorcycle,car,motorcycle,car,motorcycle,car,motorcycle,car,motorcycle,car
2012,Pedal Cycle,2/3 Wheeled,Pedal Cycle,2/3 Wheeled,cycle,motorcycle,cycle,motorcycle,cycle,motorcycle,cycle,motorcycle,cycle,motorcycle
2012,Pedestrian,Trucks,Pedestrian,Trucks,pedestrian,truck,pedestrian,truck,pedestrian,truck,pedestrian,truck,pedestrian,truck
2012,Pedestrian,Car/pick-up/van,Pedestrian,Car/pick-up/van,pedestrian,car,pedestrian,car,pedestrian,car,pedestrian,car,pedestrian,car
2012,Motorcycle,Unknown,Motorcycle,NA,motorcycle,truck,motorcycle,motorcycle,motorcycle,bus,motorcycle,truck,motorcycle,bus
2012,Pedestrian,Unknown,Pedestrian,NA,pedestrian,car,pedestrian,car,pedestrian,car,pedestrian,truck,pedestrian,bus
2012,Car,No other/fixed or stationary object,Car,No other/fixed or stationary object,car,NOV,car,NOV,car,NOV,car,NOV,car,NOV
2012,Pedestrian,Unknown,Pedestrian,NA,pedestrian,car,pedestrian,motorcycle,pedestrian,car,pedestrian,car,pedestrian,truck
2012,Pedestrian,Bus,Pedestrian,Bus,pedestrian,bus,pedestrian,bus,pedestrian,bus,pedestrian,bus,pedestrian,bus
2012,Pedestrian,Trucks,Pedestrian,Trucks,pedestrian,truck,pedestrian,truck,pedestrian,truck,pedestrian,truck,pedestrian,truck
2012,Pedestrian,2/3 Wheeled,Pedestrian,2/3 Wheeled,pedestrian,motorcycle,pedestrian,motorcycle,pedestrian,motorcycle,pedestrian,motorcycle,pedestrian,motorcycle
2012,3Wheeled,Car/pick-up/van,3Wheeled,Car/pick-up/van,motorcycle,car,motorcycle,car,motorcycle,car,motorcycle,car,motorcycle,car
2012,Motorcycle,Unknown,Motorcycle,NA,motorcycle,motorcycle,motorcycle,car,motorcycle,motorcycle,motorcycle,bus,motorcycle,NOV
2012,Pedestrian,Unknown,Pedestrian,NA,pedestrian,truck,pedestrian,bus,pedestrian,bus,pedestrian,car,pedestrian,motorcycle
2012,Car,Unknown,Car,NA,car,bus,car,car,car,truck,car,car,car,NOV
2012,Heavy transport,Car/pick-up/van,Heavy transport,Car/pick-up/van,truck,car,truck,car,truck,car,truck,car,truck,car
2012,Pedestrian,Unknown,Pedestrian,NA,pedestrian,truck,pedestrian,motorcycle,pedestrian,motorcycle,pedestrian,truck,pedestrian,bus
2012,Pedal Cycle,Trucks,Pedal Cycle,Trucks,cycle,truck,cycle,truck,cycle,truck,cycle,truck,cycle,truck
2012,Pedestrian,Car/pick-up/van,Pedestrian,Car/pick-up/van,pedestrian,car,pedestrian,car,pedestrian,car,pedestrian,car,pedestrian,car
2012,Pedestrian,Unknown,Pedestrian,NA,pedestrian,truck,pedestrian,motorcycle,pedestrian,car,pedestrian,truck,pedestrian,car
2012,Pedestrian,Unknown,Pedestrian,NA,pedestrian,motorcycle,pedestrian,motorcycle,pedestrian,car,pedestrian,truck,pedestrian,car
2012,Heavy transport,Trucks,Heavy transport,Trucks,truck,truck,truck,truck,truck,truck,truck,truck,truck,truck
2012,Heavy transport,Trucks,Heavy transport,Trucks,truck,truck,truck,truck,truck,truck,truck,truck,truck,truck
2012,Pedestrian,Unknown,Pedestrian,NA,pedestrian,car,pedestrian,car,pedestrian,NOV,pedestrian,motorcycle,pedestrian,truck
2012,Motorcycle,Unknown,Motorcycle,NA,motorcycle,truck,motorcycle,NOV,motorcycle,NOV,motorcycle,truck,motorcycle,car
2012,Motorcycle,Trucks,Motorcycle,Trucks,motorcycle,truck,motorcycle,truck,motorcycle,truck,motorcycle,truck,motorcycle,truck
2012,Pedestrian,Trucks,Pedestrian,Trucks,pedestrian,truck,pedestrian,truck,pedestrian,truck,pedestrian,truck,pedestrian,truck
2012,Pedestrian,Trucks,Pedestrian,Trucks,pedestrian,truck,pedestrian,truck,pedestrian,truck,pedestrian,truck,pedestrian,truck
2012,Motorcycle,Trucks,Motorcycle,Trucks,motorcycle,truck,motorcycle,truck,motorcycle,truck,motorcycle,truck,motorcycle,truck
2012,Motorcycle,Unknown,Motorcycle,NA,motorcycle,NOV,motorcycle,bus,motorcycle,car,motorcycle,truck,motorcycle,NOV
2012,Pedestrian,2/3 Wheeled,Pedestrian,2/3 Wheeled,pedestrian,motorcycle,pedestrian,motorcycle,pedestrian,motorcycle,pedestrian,motorcycle,pedestrian,motorcycle
2012,Motorcycle,Unknown,Motorcycle,NA,motorcycle,NOV,motorcycle,motorcycle,motorcycle,bus,motorcycle,NOV,motorcycle,car
2012,Pedestrian,Car/pick-up/van,Pedestrian,Car/pick-up/van,pedestrian,car,pedestrian,car,pedestrian,car,pedestrian,car,pedestrian,car
2012,Other,unspecified,Other,NA,other,car,other,car,other,NOV,other,truck,other,NOV
2012,Motorcycle,Trucks,Motorcycle,Trucks,motorcycle,truck,motorcycle,truck,motorcycle,truck,motorcycle,truck,motorcycle,truck
2012,Pedestrian,2/3 Wheeled,Pedestrian,2/3 Wheeled,pedestrian,motorcycle,pedestrian,motorcycle,pedestrian,motorcycle,pedestrian,motorcycle,pedestrian,motorcycle
2012,Pedestrian,Trucks,Pedestrian,Trucks,pedestrian,truck,pedestrian,truck,pedestrian,truck,pedestrian,truck,pedestrian,truck
2012,Motorcycle,No other/fixed or stationary object,Motorcycle,No other/fixed or stationary object,motorcycle,NOV,motorcycle,NOV,motorcycle,NOV,motorcycle,NOV,motorcycle,NOV
2012,Motorcycle,Unknown,Motorcycle,NA,motorcycle,NOV,motorcycle,truck,motorcycle,truck,motorcycle,truck,motorcycle,truck
2012,Motorcycle,Bus,Motorcycle,Bus,motorcycle,bus,motorcycle,bus,motorcycle,bus,motorcycle,bus,motorcycle,bus
2012,Motorcycle,Trucks,Motorcycle,Trucks,motorcycle,truck,motorcycle,truck,motorcycle,truck,motorcycle,truck,motorcycle,truck
2012,Pedal Cycle,Car/pick-up/van,Pedal Cycle,Car/pick-up/van,cycle,car,cycle,car,cycle,car,cycle,car,cycle,car
2012,Motorcycle,Car/pick-up/van,Motorcycle,Car/pick-up/van,motorcycle,car,motorcycle,car,motorcycle,car,motorcycle,car,motorcycle,car
2012,Motorcycle,Car/pick-up/van,Motorcycle,Car/pick-up/van,motorcycle,car,motorcycle,car,motorcycle,car,motorcycle,car,motorcycle,car
2012,Pick-up truck/van,Unknown,Pick-up truck/van,NA,car,NOV,car,NOV,car,NOV,car,NOV,car,NOV
2012,Pedal Cycle,2/3 Wheeled,Pedal Cycle,2/3 Wheeled,cycle,motorcycle,cycle,motorcycle,cycle,motorcycle,cycle,motorcycle,cycle,motorcycle
2012,Car,No other/fixed or stationary object,Car,No other/fixed or stationary object,car,NOV,car,NOV,car,NOV,car,NOV,car,NOV
2012,Pedestrian,2/3 Wheeled,Pedestrian,2/3 Wheeled,pedestrian,motorcycle,pedestrian,motorcycle,pedestrian,motorcycle,pedestrian,motorcycle,pedestrian,motorcycle
2012,Motorcycle,Car/pick-up/van,Motorcycle,Car/pick-up/van,motorcycle,car,motorcycle,car,motorcycle,car,motorcycle,car,motorcycle,car
2012,Motorcycle,Car/pick-up/van,Motorcycle,Car/pick-up/van,motorcycle,car,motorcycle,car,motorcycle,car,motorcycle,car,motorcycle,car
2012,Motorcycle,Trucks,Motorcycle,Trucks,motorcycle,truck,motorcycle,truck,motorcycle,truck,motorcycle,truck,motorcycle,truck
2012,Pedestrian,Unknown,Pedestrian,NA,pedestrian,motorcycle,pedestrian,truck,pedestrian,truck,pedestrian,car,pedestrian,car
2012,Pedestrian,Unknown,Pedestrian,NA,pedestrian,car,pedestrian,truck,pedestrian,motorcycle,pedestrian,car,pedestrian,bus
2012,Motorcycle,2/3 Wheeled,Motorcycle,2/3 Wheeled,motorcycle,motorcycle,motorcycle,motorcycle,motorcycle,motorcycle,motorcycle,motorcycle,motorcycle,motorcycle
2012,Motorcycle,No other/fixed or stationary object,Motorcycle,No other/fixed or stationary object,motorcycle,NOV,motorcycle,NOV,motorcycle,NOV,motorcycle,NOV,motorcycle,NOV
2012,Pedestrian,Unknown,Pedestrian,NA,pedestrian,car,pedestrian,car,pedestrian,motorcycle,pedestrian,motorcycle,pedestrian,car
2012,Pedestrian,Unknown,Pedestrian,NA,pedestrian,bus,pedestrian,car,pedestrian,motorcycle,pedestrian,truck,pedestrian,car
2012,Pedestrian,Unknown,Pedestrian,NA,pedestrian,car,pedestrian,car,pedestrian,motorcycle,pedestrian,car,pedestrian,car
2012,Motorcycle,Car/pick-up/van,Motorcycle,Car/pick-up/van,motorcycle,car,motorcycle,car,motorcycle,car,motorcycle,car,motorcycle,car
2012,Pedestrian,Trucks,Pedestrian,Trucks,pedestrian,truck,pedestrian,truck,pedestrian,truck,pedestrian,truck,pedestrian,truck
2012,Pedestrian,Car/pick-up/van,Pedestrian,Car/pick-up/van,pedestrian,car,pedestrian,car,pedestrian,car,pedestrian,car,pedestrian,car
2012,Pedestrian,Trucks,Pedestrian,Trucks,pedestrian,truck,pedestrian,truck,pedestrian,truck,pedestrian,truck,pedestrian,truck
2012,Pedestrian,Unknown,Pedestrian,NA,pedestrian,car,pedestrian,car,pedestrian,car,pedestrian,car,pedestrian,car
2012,Motorcycle,Bus,Motorcycle,Bus,motorcycle,bus,motorcycle,bus,motorcycle,bus,motorcycle,bus,motorcycle,bus
2012,Pedestrian,Unknown,Pedestrian,NA,pedestrian,motorcycle,pedestrian,motorcycle,pedestrian,car,pedestrian,truck,pedestrian,bus
2012,Other,unspecified,Other,NA,other,NOV,other,truck,other,truck,other,truck,other,car
2012,Pedestrian,Car/pick-up/van,Pedestrian,Car/pick-up/van,pedestrian,car,pedestrian,car,pedestrian,car,pedestrian,car,pedestrian,car
2012,Pedestrian,Car/pick-up/van,Pedestrian,Car/pick-up/van,pedestrian,car,pedestrian,car,pedestrian,car,pedestrian,car,pedestrian,car
2012,Pedestrian,2/3 Wheeled,Pedestrian,2/3 Wheeled,pedestrian,motorcycle,pedestrian,motorcycle,pedestrian,motorcycle,pedestrian,motorcycle,pedestrian,motorcycle
2012,Pedestrian,Car/pick-up/van,Pedestrian,Car/pick-up/van,pedestrian,car,pedestrian,car,pedestrian,car,pedestrian,car,pedestrian,car
2012,Motorcycle,Unknown,Motorcycle,NA,motorcycle,truck,motorcycle,truck,motorcycle,car,motorcycle,bus,motorcycle,car
2012,Heavy transport,No other/fixed or stationary object,Heavy transport,No other/fixed or stationary object,truck,NOV,truck,NOV,truck,NOV,truck,NOV,truck,NOV
2012,Pedestrian,Unknown,Pedestrian,NA,pedestrian,truck,pedestrian,car,pedestrian,truck,pedestrian,car,pedestrian,bus
2012,Motorcycle,Unknown,Motorcycle,NA,motorcycle,NOV,motorcycle,truck,motorcycle,truck,motorcycle,truck,motorcycle,NOV
2012,Pedestrian,Unknown,Pedestrian,NA,pedestrian,bus,pedestrian,car,pedestrian,car,pedestrian,truck,pedestrian,truck
2012,Pedestrian,Unknown,Pedestrian,NA,pedestrian,truck,pedestrian,bus,pedestrian,motorcycle,pedestrian,bus,pedestrian,truck
2012,Pedestrian,Unknown,Pedestrian,NA,pedestrian,truck,pedestrian,truck,pedestrian,truck,pedestrian,motorcycle,pedestrian,motorcycle
2012,Car,Unknown,Car,NA,car,bus,car,NOV,car,NOV,car,NOV,car,truck
2012,Pedestrian,Unknown,Pedestrian,NA,pedestrian,car,pedestrian,car,pedestrian,car,pedestrian,car,pedestrian,car
2012,Pedestrian,Unknown,Pedestrian,NA,pedestrian,car,pedestrian,bus,pedestrian,bus,pedestrian,truck,pedestrian,truck
2012,Pedestrian,Car/pick-up/van,Pedestrian,Car/pick-up/van,pedestrian,car,pedestrian,car,pedestrian,car,pedestrian,car,pedestrian,car
2012,Pedestrian,Unknown,Pedestrian,NA,pedestrian,car,pedestrian,motorcycle,pedestrian,car,pedestrian,car,pedestrian,motorcycle
2012,Motorcycle,Trucks,Motorcycle,Trucks,motorcycle,truck,motorcycle,truck,motorcycle,truck,motorcycle,truck,motorcycle,truck
2012,Car,No other/fixed or stationary object,Car,No other/fixed or stationary object,car,NOV,car,NOV,car,NOV,car,NOV,car,NOV
2012,3Wheeled,Car/pick-up/van,3Wheeled,Car/pick-up/van,motorcycle,car,motorcycle,car,motorcycle,car,motorcycle,car,motorcycle,car
2013,Pedestrian,Unknown,Pedestrian,NA,pedestrian,truck,pedestrian,car,pedestrian,truck,pedestrian,truck,pedestrian,bus
2013,Motorcycle,Trucks,Motorcycle,Trucks,motorcycle,truck,motorcycle,truck,motorcycle,truck,motorcycle,truck,motorcycle,truck
2013,Motorcycle,Trucks,Motorcycle,Trucks,motorcycle,truck,motorcycle,truck,motorcycle,truck,motorcycle,truck,motorcycle,truck
2013,Motorcycle,Trucks,Motorcycle,Trucks,motorcycle,truck,motorcycle,truck,motorcycle,truck,motorcycle,truck,motorcycle,truck
2013,Motorcycle,Trucks,Motorcycle,Trucks,motorcycle,truck,motorcycle,truck,motorcycle,truck,motorcycle,truck,motorcycle,truck
2013,Car,Car/pick-up/van,Car,Car/pick-up/van,car,car,car,car,car,car,car,car,car,car
2013,Heavy transport,Trucks,Heavy transport,Trucks,truck,truck,truck,truck,truck,truck,truck,truck,truck,truck
2013,Pedal Cycle,Car/pick-up/van,Pedal Cycle,Car/pick-up/van,cycle,car,cycle,car,cycle,car,cycle,car,cycle,car
2013,Motorcycle,Unknown,Motorcycle,NA,motorcycle,motorcycle,motorcycle,bus,motorcycle,truck,motorcycle,NOV,motorcycle,truck
2013,Motorcycle,Trucks,Motorcycle,Trucks,motorcycle,truck,motorcycle,truck,motorcycle,truck,motorcycle,truck,motorcycle,truck
2013,Pedestrian,Car/pick-up/van,Pedestrian,Car/pick-up/van,pedestrian,car,pedestrian,car,pedestrian,car,pedestrian,car,pedestrian,car
2013,Pedestrian,Bus,Pedestrian,Bus,pedestrian,bus,pedestrian,bus,pedestrian,bus,pedestrian,bus,pedestrian,bus
2013,Pedestrian,Trucks,Pedestrian,Trucks,pedestrian,truck,pedestrian,truck,pedestrian,truck,pedestrian,truck,pedestrian,truck
2013,Pedestrian,Car/pick-up/van,Pedestrian,Car/pick-up/van,pedestrian,car,pedestrian,car,pedestrian,car,pedestrian,car,pedestrian,car
2014,Pedal Cycle,Unknown,Pedal Cycle,NA,cycle,car,cycle,bus,cycle,car,cycle,truck,cycle,car
2014,Pedal Cycle,Car/pick-up/van,Pedal Cycle,Car/pick-up/van,cycle,car,cycle,car,cycle,car,cycle,car,cycle,car
2014,Pedestrian,Unknown,Pedestrian,NA,pedestrian,car,pedestrian,motorcycle,pedestrian,truck,pedestrian,car,pedestrian,motorcycle
2014,Other,Unknown,Other,NA,other,motorcycle,other,truck,other,truck,other,NOV,other,car
2014,Pedestrian,Car/pick-up/van,Pedestrian,Car/pick-up/van,pedestrian,car,pedestrian,car,pedestrian,car,pedestrian,car,pedestrian,car
2014,Motorcycle,Car/pick-up/van,Motorcycle,Car/pick-up/van,motorcycle,car,motorcycle,car,motorcycle,car,motorcycle,car,motorcycle,car
2014,Pedestrian,Unknown,Pedestrian,NA,pedestrian,car,pedestrian,car,pedestrian,truck,pedestrian,car,pedestrian,car
2014,Pedal Cycle,Car/pick-up/van,Pedal Cycle,Car/pick-up/van,cycle,car,cycle,car,cycle,car,cycle,car,cycle,car
2014,Motorcycle,unspecified,Motorcycle,NA,motorcycle,bus,motorcycle,bus,motorcycle,truck,motorcycle,truck,motorcycle,car
2014,Motorcycle,Car/pick-up/van,Motorcycle,Car/pick-up/van,motorcycle,car,motorcycle,car,motorcycle,car,motorcycle,car,motorcycle,car
2014,Motorcycle,Car/pick-up/van,Motorcycle,Car/pick-up/van,motorcycle,car,motorcycle,car,motorcycle,car,motorcycle,car,motorcycle,car
2014,Pedestrian,Trucks,Pedestrian,Trucks,pedestrian,truck,pedestrian,truck,pedestrian,truck,pedestrian,truck,pedestrian,truck
2013,Motorcycle,Car/pick-up/van,Motorcycle,Car/pick-up/van,motorcycle,car,motorcycle,car,motorcycle,car,motorcycle,car,motorcycle,car
2013,Pedal Cycle,Unknown,Pedal Cycle,NA,cycle,car,cycle,car,cycle,car,cycle,car,cycle,car
2013,Motorcycle,Trucks,Motorcycle,Trucks,motorcycle,truck,motorcycle,truck,motorcycle,truck,motorcycle,truck,motorcycle,truck
2013,Motorcycle,unspecified,Motorcycle,NA,motorcycle,car,motorcycle,bus,motorcycle,car,motorcycle,bus,motorcycle,car
2013,Motorcycle,Trucks,Motorcycle,Trucks,motorcycle,truck,motorcycle,truck,motorcycle,truck,motorcycle,truck,motorcycle,truck
2013,Heavy transport,unspecified,Heavy transport,NA,truck,car,truck,NOV,truck,truck,truck,car,truck,NOV
2013,Motorcycle,Unknown,Motorcycle,NA,motorcycle,car,motorcycle,car,motorcycle,truck,motorcycle,truck,motorcycle,NOV
2013,Pedestrian,Car/pick-up/van,Pedestrian,Car/pick-up/van,pedestrian,car,pedestrian,car,pedestrian,car,pedestrian,car,pedestrian,car
2013,Motorcycle,Car/pick-up/van,Motorcycle,Car/pick-up/van,motorcycle,car,motorcycle,car,motorcycle,car,motorcycle,car,motorcycle,car
2013,Pedal Cycle,Bus,Pedal Cycle,Bus,cycle,bus,cycle,bus,cycle,bus,cycle,bus,cycle,bus
2013,Pedestrian,Unknown,Pedestrian,NA,pedestrian,motorcycle,pedestrian,motorcycle,pedestrian,bus,pedestrian,truck,pedestrian,truck
2013,Pedal Cycle,Unknown,Pedal Cycle,NA,cycle,truck,cycle,car,cycle,motorcycle,cycle,truck,cycle,car
2013,Car,No other/fixed or stationary object,Car,No other/fixed or stationary object,car,NOV,car,NOV,car,NOV,car,NOV,car,NOV
2013,Motorcycle,Car/pick-up/van,Motorcycle,Car/pick-up/van,motorcycle,car,motorcycle,car,motorcycle,car,motorcycle,car,motorcycle,car
2013,Motorcycle,Unknown,Motorcycle,NA,motorcycle,truck,motorcycle,truck,motorcycle,truck,motorcycle,car,motorcycle,bus
2013,Motorcycle,Unknown,Motorcycle,NA,motorcycle,NOV,motorcycle,car,motorcycle,NOV,motorcycle,truck,motorcycle,NOV
2013,Pedestrian,Unknown,Pedestrian,NA,pedestrian,bus,pedestrian,truck,pedestrian,motorcycle,pedestrian,motorcycle,pedestrian,car
2013,Motorcycle,No other/fixed or stationary object,Motorcycle,No other/fixed or stationary object,motorcycle,NOV,motorcycle,NOV,motorcycle,NOV,motorcycle,NOV,motorcycle,NOV
2013,Motorcycle,Trucks,Motorcycle,Trucks,motorcycle,truck,motorcycle,truck,motorcycle,truck,motorcycle,truck,motorcycle,truck
2013,Motorcycle,No other/fixed or stationary object,Motorcycle,No other/fixed or stationary object,motorcycle,NOV,motorcycle,NOV,motorcycle,NOV,motorcycle,NOV,motorcycle,NOV
2013,Car,Car/pick-up/van,Car,Car/pick-up/van,car,car,car,car,car,car,car,car,car,car
2013,Pedal Cycle,Trucks,Pedal Cycle,Trucks,cycle,truck,cycle,truck,cycle,truck,cycle,truck,cycle,truck
2013,Heavy transport,Car/pick-up/van,Heavy transport,Car/pick-up/van,truck,car,truck,car,truck,car,truck,car,truck,car
2013,Pedestrian,Unknown,Pedestrian,NA,pedestrian,bus,pedestrian,bus,pedestrian,motorcycle,pedestrian,car,pedestrian,motorcycle
2013,Pedestrian,Unknown,Pedestrian,NA,pedestrian,car,pedestrian,car,pedestrian,car,pedestrian,car,pedestrian,car
2013,Pedestrian,Car/pick-up/van,Pedestrian,Car/pick-up/van,pedestrian,car,pedestrian,car,pedestrian,car,pedestrian,car,pedestrian,car
2013,Other,Unknown,Other,NA,other,car,other,car,other,truck,other,car,other,car
2013,Car,Bus,Car,Bus,car,bus,car,bus,car,bus,car,bus,car,bus
2013,Pedestrian,Bus,Pedestrian,Bus,pedestrian,bus,pedestrian,bus,pedestrian,bus,pedestrian,bus,pedestrian,bus
2013,Motorcycle,Car/pick-up/van,Motorcycle,Car/pick-up/van,motorcycle,car,motorcycle,car,motorcycle,car,motorcycle,car,motorcycle,car
2013,Pedestrian,Unknown,Pedestrian,NA,pedestrian,car,pedestrian,car,pedestrian,truck,pedestrian,car,pedestrian,truck
2013,Pedestrian,Unknown,Pedestrian,NA,pedestrian,car,pedestrian,motorcycle,pedestrian,truck,pedestrian,bus,pedestrian,car
2013,Pedestrian,Unknown,Pedestrian,NA,pedestrian,car,pedestrian,truck,pedestrian,car,pedestrian,car,pedestrian,car
2013,Pedal Cycle,Unknown,Pedal Cycle,NA,cycle,motorcycle,cycle,car,cycle,car,cycle,truck,cycle,truck
2013,Heavy transport,Unknown,Heavy transport,NA,truck,car,truck,NOV,truck,truck,truck,NOV,truck,NOV
2013,Pedal Cycle,Trucks,Pedal Cycle,Trucks,cycle,truck,cycle,truck,cycle,truck,cycle,truck,cycle,truck
2013,Motorcycle,Unknown,Motorcycle,NA,motorcycle,truck,motorcycle,truck,motorcycle,NOV,motorcycle,NOV,motorcycle,truck
2013,Pedestrian,Unknown,Pedestrian,NA,pedestrian,truck,pedestrian,car,pedestrian,car,pedestrian,truck,pedestrian,motorcycle
2013,Motorcycle,Car/pick-up/van,Motorcycle,Car/pick-up/van,motorcycle,car,motorcycle,car,motorcycle,car,motorcycle,car,motorcycle,car
2013,Pedestrian,Trucks,Pedestrian,Trucks,pedestrian,truck,pedestrian,truck,pedestrian,truck,pedestrian,truck,pedestrian,truck
2013,Pedestrian,Unknown,Pedestrian,NA,pedestrian,car,pedestrian,car,pedestrian,truck,pedestrian,truck,pedestrian,car
2013,Motorcycle,Unknown,Motorcycle,NA,motorcycle,truck,motorcycle,car,motorcycle,car,motorcycle,truck,motorcycle,car
2013,Car,Trucks,Car,Trucks,car,truck,car,truck,car,truck,car,truck,car,truck
2013,Motorcycle,Unknown,Motorcycle,NA,motorcycle,motorcycle,motorcycle,truck,motorcycle,car,motorcycle,truck,motorcycle,truck
2013,Motorcycle,2/3 Wheeled,Motorcycle,2/3 Wheeled,motorcycle,motorcycle,motorcycle,motorcycle,motorcycle,motorcycle,motorcycle,motorcycle,motorcycle,motorcycle
2013,Pedestrian,Unknown,Pedestrian,NA,pedestrian,motorcycle,pedestrian,car,pedestrian,bus,pedestrian,car,pedestrian,car
2013,Pedestrian,Unknown,Pedestrian,NA,pedestrian,bus,pedestrian,car,pedestrian,car,pedestrian,car,pedestrian,car
2013,Motorcycle,Trucks,Motorcycle,Trucks,motorcycle,truck,motorcycle,truck,motorcycle,truck,motorcycle,truck,motorcycle,truck
2014,Pedestrian,Unknown,Pedestrian,NA,pedestrian,car,pedestrian,bus,pedestrian,car,pedestrian,truck,pedestrian,car
2014,Motorcycle,Trucks,Motorcycle,Trucks,motorcycle,truck,motorcycle,truck,motorcycle,truck,motorcycle,truck,motorcycle,truck
2014,Pedestrian,Unknown,Pedestrian,NA,pedestrian,truck,pedestrian,bus,pedestrian,car,pedestrian,car,pedestrian,truck
2014,3Wheeled,Bus,3Wheeled,Bus,motorcycle,bus,motorcycle,bus,motorcycle,bus,motorcycle,bus,motorcycle,bus
2014,Pedestrian,Car/pick-up/van,Pedestrian,Car/pick-up/van,pedestrian,car,pedestrian,car,pedestrian,car,pedestrian,car,pedestrian,car
2014,Pedestrian,Car/pick-up/van,Pedestrian,Car/pick-up/van,pedestrian,car,pedestrian,car,pedestrian,car,pedestrian,car,pedestrian,car
2014,Pedestrian,Unknown,Pedestrian,NA,pedestrian,bus,pedestrian,truck,pedestrian,truck,pedestrian,car,pedestrian,car
2014,Motorcycle,Car/pick-up/van,Motorcycle,Car/pick-up/van,motorcycle,car,motorcycle,car,motorcycle,car,motorcycle,car,motorcycle,car
2014,Other,Unknown,Other,NA,other,car,other,car,other,truck,other,NOV,other,motorcycle
2014,Car,Unknown,Car,NA,car,NOV,car,truck,car,car,car,car,car,truck
2014,Car,No other/fixed or stationary object,Car,No other/fixed or stationary object,car,NOV,car,NOV,car,NOV,car,NOV,car,NOV
2014,Car,Trucks,Car,Trucks,car,truck,car,truck,car,truck,car,truck,car,truck
2014,Car,Unknown,Car,NA,car,truck,car,NOV,car,bus,car,NOV,car,NOV
2014,Motorcycle,Car/pick-up/van,Motorcycle,Car/pick-up/van,motorcycle,car,motorcycle,car,motorcycle,car,motorcycle,car,motorcycle,car
2014,Pedestrian,Unknown,Pedestrian,NA,pedestrian,bus,pedestrian,car,pedestrian,car,pedestrian,car,pedestrian,car
2014,Pedestrian,Unknown,Pedestrian,NA,pedestrian,motorcycle,pedestrian,car,pedestrian,car,pedestrian,car,pedestrian,motorcycle
2014,Pedestrian,Car/pick-up/van,Pedestrian,Car/pick-up/van,pedestrian,car,pedestrian,car,pedestrian,car,pedestrian,car,pedestrian,car
2014,Car,Unknown,Car,NA,car,car,car,car,car,truck,car,car,car,truck
2014,3Wheeled,Unknown,3Wheeled,NA,motorcycle,NOV,motorcycle,car,motorcycle,car,motorcycle,NOV,motorcycle,car
2014,Pedestrian,Trucks,Pedestrian,Trucks,pedestrian,truck,pedestrian,truck,pedestrian,truck,pedestrian,truck,pedestrian,truck
2014,Pedal Cycle,Trucks,Pedal Cycle,Trucks,cycle,truck,cycle,truck,cycle,truck,cycle,truck,cycle,truck
2014,Heavy transport,unspecified,Heavy transport,NA,truck,car,truck,car,truck,NOV,truck,car,truck,NOV
2014,Pedestrian,Trucks,Pedestrian,Trucks,pedestrian,truck,pedestrian,truck,pedestrian,truck,pedestrian,truck,pedestrian,truck
2014,Pedal Cycle,Bus,Pedal Cycle,Bus,cycle,bus,cycle,bus,cycle,bus,cycle,bus,cycle,bus
2014,Pedestrian,Trucks,Pedestrian,Trucks,pedestrian,truck,pedestrian,truck,pedestrian,truck,pedestrian,truck,pedestrian,truck
2014,Motorcycle,Trucks,Motorcycle,Trucks,motorcycle,truck,motorcycle,truck,motorcycle,truck,motorcycle,truck,motorcycle,truck
2014,Motorcycle,Trucks,Motorcycle,Trucks,motorcycle,truck,motorcycle,truck,motorcycle,truck,motorcycle,truck,motorcycle,truck
2014,Motorcycle,Unknown,Motorcycle,NA,motorcycle,car,motorcycle,truck,motorcycle,car,motorcycle,NOV,motorcycle,car
2014,Car,Unknown,Car,NA,car,truck,car,NOV,car,NOV,car,NOV,car,truck
2014,Pedestrian,Trucks,Pedestrian,Trucks,pedestrian,truck,pedestrian,truck,pedestrian,truck,pedestrian,truck,pedestrian,truck
2014,Pedestrian,Unknown,Pedestrian,NA,pedestrian,car,pedestrian,motorcycle,pedestrian,motorcycle,pedestrian,truck,pedestrian,car
2014,Pedal Cycle,Trucks,Pedal Cycle,Trucks,cycle,truck,cycle,truck,cycle,truck,cycle,truck,cycle,truck
2014,Pedestrian,Unknown,Pedestrian,NA,pedestrian,NOV,pedestrian,truck,pedestrian,truck,pedestrian,bus,pedestrian,car
2014,Motorcycle,Unknown,Motorcycle,NA,motorcycle,truck,motorcycle,car,motorcycle,car,motorcycle,bus,motorcycle,NOV
2014,Motorcycle,Unknown,Motorcycle,NA,motorcycle,truck,motorcycle,truck,motorcycle,motorcycle,motorcycle,bus,motorcycle,car
2014,Pedestrian,Unknown,Pedestrian,NA,pedestrian,truck,pedestrian,car,pedestrian,bus,pedestrian,truck,pedestrian,car
2014,Motorcycle,Unknown,Motorcycle,NA,motorcycle,car,motorcycle,NOV,motorcycle,truck,motorcycle,NOV,motorcycle,bus
2014,Motorcycle,Unknown,Motorcycle,NA,motorcycle,car,motorcycle,motorcycle,motorcycle,car,motorcycle,truck,motorcycle,truck
2014,Pedestrian,Unknown,Pedestrian,NA,pedestrian,truck,pedestrian,bus,pedestrian,motorcycle,pedestrian,car,pedestrian,car
2014,Car,Car/pick-up/van,Car,Car/pick-up/van,car,car,car,car,car,car,car,car,car,car
2014,Motorcycle,Trucks,Motorcycle,Trucks,motorcycle,truck,motorcycle,truck,motorcycle,truck,motorcycle,truck,motorcycle,truck
2014,Heavy transport,Trucks,Heavy transport,Trucks,truck,truck,truck,truck,truck,truck,truck,truck,truck,truck
2014,Pedal Cycle,Unknown,Pedal Cycle,NA,cycle,car,cycle,car,cycle,bus,cycle,bus,cycle,car
2014,Motorcycle,Trucks,Motorcycle,Trucks,motorcycle,truck,motorcycle,truck,motorcycle,truck,motorcycle,truck,motorcycle,truck
2014,Pedal Cycle,Trucks,Pedal Cycle,Trucks,cycle,truck,cycle,truck,cycle,truck,cycle,truck,cycle,truck
2014,Pedestrian,Trucks,Pedestrian,Trucks,pedestrian,truck,pedestrian,truck,pedestrian,truck,pedestrian,truck,pedestrian,truck
2014,Motorcycle,Trucks,Motorcycle,Trucks,motorcycle,truck,motorcycle,truck,motorcycle,truck,motorcycle,truck,motorcycle,truck
2013,Pedestrian,Unknown,Pedestrian,NA,pedestrian,truck,pedestrian,truck,pedestrian,car,pedestrian,car,pedestrian,motorcycle
2013,Motorcycle,Car/pick-up/van,Motorcycle,Car/pick-up/van,motorcycle,car,motorcycle,car,motorcycle,car,motorcycle,car,motorcycle,car
2013,Pedestrian,Car/pick-up/van,Pedestrian,Car/pick-up/van,pedestrian,car,pedestrian,car,pedestrian,car,pedestrian,car,pedestrian,car
2013,Motorcycle,Trucks,Motorcycle,Trucks,motorcycle,truck,motorcycle,truck,motorcycle,truck,motorcycle,truck,motorcycle,truck
2013,Motorcycle,Trucks,Motorcycle,Trucks,motorcycle,truck,motorcycle,truck,motorcycle,truck,motorcycle,truck,motorcycle,truck
2013,Motorcycle,Trucks,Motorcycle,Trucks,motorcycle,truck,motorcycle,truck,motorcycle,truck,motorcycle,truck,motorcycle,truck
2013,Motorcycle,Unknown,Motorcycle,NA,motorcycle,truck,motorcycle,car,motorcycle,bus,motorcycle,car,motorcycle,bus
2014,Pedestrian,Unknown,Pedestrian,NA,pedestrian,truck,pedestrian,car,pedestrian,car,pedestrian,car,pedestrian,bus
2014,Unknown,unspecified,NA,NA,pedestrian,car,motorcycle,truck,pedestrian,car,motorcycle,motorcycle,pedestrian,car
2014,Pedestrian,Car/pick-up/van,Pedestrian,Car/pick-up/van,pedestrian,car,pedestrian,car,pedestrian,car,pedestrian,car,pedestrian,car
2014,Pedal Cycle,Trucks,Pedal Cycle,Trucks,cycle,truck,cycle,truck,cycle,truck,cycle,truck,cycle,truck
2014,Pedestrian,Bus,Pedestrian,Bus,pedestrian,bus,pedestrian,bus,pedestrian,bus,pedestrian,bus,pedestrian,bus
2014,Pedestrian,Car/pick-up/van,Pedestrian,Car/pick-up/van,pedestrian,car,pedestrian,car,pedestrian,car,pedestrian,car,pedestrian,car
2014,Pedestrian,Car/pick-up/van,Pedestrian,Car/pick-up/van,pedestrian,car,pedestrian,car,pedestrian,car,pedestrian,car,pedestrian,car
2013,Car,Car/pick-up/van,Car,Car/pick-up/van,car,car,car,car,car,car,car,car,car,car
2013,Motorcycle,Car/pick-up/van,Motorcycle,Car/pick-up/van,motorcycle,car,motorcycle,car,motorcycle,car,motorcycle,car,motorcycle,car
2014,Motorcycle,Unknown,Motorcycle,NA,motorcycle,car,motorcycle,truck,motorcycle,bus,motorcycle,car,motorcycle,car
2014,Pedestrian,Unknown,Pedestrian,NA,pedestrian,motorcycle,pedestrian,car,pedestrian,car,pedestrian,motorcycle,pedestrian,motorcycle
2014,Pedestrian,Trucks,Pedestrian,Trucks,pedestrian,truck,pedestrian,truck,pedestrian,truck,pedestrian,truck,pedestrian,truck
2014,Motorcycle,Bus,Motorcycle,Bus,motorcycle,bus,motorcycle,bus,motorcycle,bus,motorcycle,bus,motorcycle,bus
2014,Motorcycle,Unknown,Motorcycle,NA,motorcycle,truck,motorcycle,NOV,motorcycle,bus,motorcycle,car,motorcycle,motorcycle
2014,Pedestrian,2/3 Wheeled,Pedestrian,2/3 Wheeled,pedestrian,motorcycle,pedestrian,motorcycle,pedestrian,motorcycle,pedestrian,motorcycle,pedestrian,motorcycle
2013,Pedestrian,Unknown,Pedestrian,NA,pedestrian,car,pedestrian,truck,pedestrian,motorcycle,pedestrian,car,pedestrian,car
2013,Pedestrian,Unknown,Pedestrian,NA,pedestrian,car,pedestrian,motorcycle,pedestrian,bus,pedestrian,bus,pedestrian,motorcycle
2013,Pedestrian,Unknown,Pedestrian,NA,pedestrian,truck,pedestrian,car,pedestrian,motorcycle,pedestrian,motorcycle,pedestrian,motorcycle
2013,Pedestrian,Trucks,Pedestrian,Trucks,pedestrian,truck,pedestrian,truck,pedestrian,truck,pedestrian,truck,pedestrian,truck
2013,Pedestrian,Unknown,Pedestrian,NA,pedestrian,truck,pedestrian,truck,pedestrian,car,pedestrian,car,pedestrian,car
2014,Pedestrian,2/3 Wheeled,Pedestrian,2/3 Wheeled,pedestrian,motorcycle,pedestrian,motorcycle,pedestrian,motorcycle,pedestrian,motorcycle,pedestrian,motorcycle
2014,Pedestrian,Trucks,Pedestrian,Trucks,pedestrian,truck,pedestrian,truck,pedestrian,truck,pedestrian,truck,pedestrian,truck
2014,Car,No other/fixed or stationary object,Car,No other/fixed or stationary object,car,NOV,car,NOV,car,NOV,car,NOV,car,NOV
2013,Motorcycle,2/3 Wheeled,Motorcycle,2/3 Wheeled,motorcycle,motorcycle,motorcycle,motorcycle,motorcycle,motorcycle,motorcycle,motorcycle,motorcycle,motorcycle
2013,Pedal Cycle,2/3 Wheeled,Pedal Cycle,2/3 Wheeled,cycle,motorcycle,cycle,motorcycle,cycle,motorcycle,cycle,motorcycle,cycle,motorcycle
2013,Pedestrian,2/3 Wheeled,Pedestrian,2/3 Wheeled,pedestrian,motorcycle,pedestrian,motorcycle,pedestrian,motorcycle,pedestrian,motorcycle,pedestrian,motorcycle
2013,Pedestrian,Unknown,Pedestrian,NA,pedestrian,car,pedestrian,motorcycle,pedestrian,motorcycle,pedestrian,car,pedestrian,bus
2013,Other,unspecified,Other,NA,other,car,other,NOV,other,car,other,car,other,car
2014,Pedestrian,Car/pick-up/van,Pedestrian,Car/pick-up/van,pedestrian,car,pedestrian,car,pedestrian,car,pedestrian,car,pedestrian,car
2013,Pedestrian,Trucks,Pedestrian,Trucks,pedestrian,truck,pedestrian,truck,pedestrian,truck,pedestrian,truck,pedestrian,truck
2013,Pedestrian,Unknown,Pedestrian,NA,pedestrian,car,pedestrian,motorcycle,pedestrian,car,pedestrian,car,pedestrian,truck
2013,Pedestrian,Car/pick-up/van,Pedestrian,Car/pick-up/van,pedestrian,car,pedestrian,car,pedestrian,car,pedestrian,car,pedestrian,car
2014,Pedestrian,Unknown,Pedestrian,NA,pedestrian,car,pedestrian,car,pedestrian,car,pedestrian,truck,pedestrian,bus
2014,Pedestrian,Unknown,Pedestrian,NA,pedestrian,truck,pedestrian,car,pedestrian,truck,pedestrian,car,pedestrian,car
2014,Pedestrian,Car/pick-up/van,Pedestrian,Car/pick-up/van,pedestrian,car,pedestrian,car,pedestrian,car,pedestrian,car,pedestrian,car
2014,Pedestrian,Car/pick-up/van,Pedestrian,Car/pick-up/van,pedestrian,car,pedestrian,car,pedestrian,car,pedestrian,car,pedestrian,car
2014,Pedestrian,Trucks,Pedestrian,Trucks,pedestrian,truck,pedestrian,truck,pedestrian,truck,pedestrian,truck,pedestrian,truck
2014,Pedestrian,Car/pick-up/van,Pedestrian,Car/pick-up/van,pedestrian,car,pedestrian,car,pedestrian,car,pedestrian,car,pedestrian,car
2013,Pedestrian,Car/pick-up/van,Pedestrian,Car/pick-up/van,pedestrian,car,pedestrian,car,pedestrian,car,pedestrian,car,pedestrian,car
2013,Pedestrian,Unknown,Pedestrian,NA,pedestrian,motorcycle,pedestrian,truck,pedestrian,motorcycle,pedestrian,car,pedestrian,car
2013,Pick-up truck/van,No other/fixed or stationary object,Pick-up truck/van,No other/fixed or stationary object,car,NOV,car,NOV,car,NOV,car,NOV,car,NOV
2013,Motorcycle,Car/pick-up/van,Motorcycle,Car/pick-up/van,motorcycle,car,motorcycle,car,motorcycle,car,motorcycle,car,motorcycle,car
2013,Pedestrian,Unknown,Pedestrian,NA,pedestrian,car,pedestrian,car,pedestrian,car,pedestrian,car,pedestrian,truck
2013,Pedestrian,Unknown,Pedestrian,NA,pedestrian,car,pedestrian,motorcycle,pedestrian,car,pedestrian,motorcycle,pedestrian,car
2013,Pedestrian,Unknown,Pedestrian,NA,pedestrian,bus,pedestrian,car,pedestrian,motorcycle,pedestrian,car,pedestrian,motorcycle
2013,Motorcycle,Unknown,Motorcycle,NA,motorcycle,truck,motorcycle,bus,motorcycle,NOV,motorcycle,truck,motorcycle,NOV
2013,Motorcycle,Trucks,Motorcycle,Trucks,motorcycle,truck,motorcycle,truck,motorcycle,truck,motorcycle,truck,motorcycle,truck
2013,Pedestrian,Unknown,Pedestrian,NA,pedestrian,bus,pedestrian,truck,pedestrian,car,pedestrian,car,pedestrian,car
2013,Pedestrian,2/3 Wheeled,Pedestrian,2/3 Wheeled,pedestrian,motorcycle,pedestrian,motorcycle,pedestrian,motorcycle,pedestrian,motorcycle,pedestrian,motorcycle
2013,Motorcycle,Car/pick-up/van,Motorcycle,Car/pick-up/van,motorcycle,car,motorcycle,car,motorcycle,car,motorcycle,car,motorcycle,car
2013,Pedestrian,Car/pick-up/van,Pedestrian,Car/pick-up/van,pedestrian,car,pedestrian,car,pedestrian,car,pedestrian,car,pedestrian,car
2013,Car,Trucks,Car,Trucks,car,truck,car,truck,car,truck,car,truck,car,truck
2013,Pedal Cycle,Trucks,Pedal Cycle,Trucks,cycle,truck,cycle,truck,cycle,truck,cycle,truck,cycle,truck
2013,Pedestrian,Unknown,Pedestrian,NA,pedestrian,car,pedestrian,motorcycle,pedestrian,car,pedestrian,car,pedestrian,car
2013,Pedestrian,Car/pick-up/van,Pedestrian,Car/pick-up/van,pedestrian,car,pedestrian,car,pedestrian,car,pedestrian,car,pedestrian,car
2013,Motorcycle,2/3 Wheeled,Motorcycle,2/3 Wheeled,motorcycle,motorcycle,motorcycle,motorcycle,motorcycle,motorcycle,motorcycle,motorcycle,motorcycle,motorcycle
2013,Pedestrian,Unknown,Pedestrian,NA,pedestrian,motorcycle,pedestrian,car,pedestrian,truck,pedestrian,motorcycle,pedestrian,bus
2013,Pedestrian,Unknown,Pedestrian,NA,pedestrian,motorcycle,pedestrian,motorcycle,pedestrian,car,pedestrian,car,pedestrian,car
2013,Motorcycle,Trucks,Motorcycle,Trucks,motorcycle,truck,motorcycle,truck,motorcycle,truck,motorcycle,truck,motorcycle,truck
2013,Motorcycle,Car/pick-up/van,Motorcycle,Car/pick-up/van,motorcycle,car,motorcycle,car,motorcycle,car,motorcycle,car,motorcycle,car
2013,Pedal Cycle,Unknown,Pedal Cycle,NA,cycle,car,cycle,car,cycle,bus,cycle,car,cycle,motorcycle
2014,Pedestrian,Unknown,Pedestrian,NA,pedestrian,bus,pedestrian,bus,pedestrian,car,pedestrian,car,pedestrian,car
2014,Pedestrian,Trucks,Pedestrian,Trucks,pedestrian,truck,pedestrian,truck,pedestrian,truck,pedestrian,truck,pedestrian,truck
2014,Car,Car/pick-up/van,Car,Car/pick-up/van,car,car,car,car,car,car,car,car,car,car
2014,Motorcycle,Trucks,Motorcycle,Trucks,motorcycle,truck,motorcycle,truck,motorcycle,truck,motorcycle,truck,motorcycle,truck
2014,Car,No other/fixed or stationary object,Car,No other/fixed or stationary object,car,NOV,car,NOV,car,NOV,car,NOV,car,NOV
2014,Motorcycle,2/3 Wheeled,Motorcycle,2/3 Wheeled,motorcycle,motorcycle,motorcycle,motorcycle,motorcycle,motorcycle,motorcycle,motorcycle,motorcycle,motorcycle
2014,Pedestrian,Car/pick-up/van,Pedestrian,Car/pick-up/van,pedestrian,car,pedestrian,car,pedestrian,car,pedestrian,car,pedestrian,car
2014,Motorcycle,No other/fixed or stationary object,Motorcycle,No other/fixed or stationary object,motorcycle,NOV,motorcycle,NOV,motorcycle,NOV,motorcycle,NOV,motorcycle,NOV
2014,Motorcycle,Unknown,Motorcycle,NA,motorcycle,car,motorcycle,truck,motorcycle,truck,motorcycle,car,motorcycle,truck
2014,Pedestrian,2/3 Wheeled,Pedestrian,2/3 Wheeled,pedestrian,motorcycle,pedestrian,motorcycle,pedestrian,motorcycle,pedestrian,motorcycle,pedestrian,motorcycle
2014,Car,Trucks,Car,Trucks,car,truck,car,truck,car,truck,car,truck,car,truck
2014,Motorcycle,Trucks,Motorcycle,Trucks,motorcycle,truck,motorcycle,truck,motorcycle,truck,motorcycle,truck,motorcycle,truck
2013,Pedestrian,Unknown,Pedestrian,NA,pedestrian,truck,pedestrian,car,pedestrian,truck,pedestrian,car,pedestrian,truck
2013,Motorcycle,Trucks,Motorcycle,Trucks,motorcycle,truck,motorcycle,truck,motorcycle,truck,motorcycle,truck,motorcycle,truck
2013,Unknown,unspecified,NA,NA,pedestrian,car,pedestrian,motorcycle,motorcycle,car,motorcycle,NOV,pedestrian,truck
2013,3Wheeled,Unknown,3Wheeled,NA,motorcycle,NOV,motorcycle,truck,motorcycle,car,motorcycle,car,motorcycle,car
2013,Pedestrian,Trucks,Pedestrian,Trucks,pedestrian,truck,pedestrian,truck,pedestrian,truck,pedestrian,truck,pedestrian,truck
2013,Pedestrian,Trucks,Pedestrian,Trucks,pedestrian,truck,pedestrian,truck,pedestrian,truck,pedestrian,truck,pedestrian,truck
2013,Car,Trucks,Car,Trucks,car,truck,car,truck,car,truck,car,truck,car,truck
2013,Pedestrian,Unknown,Pedestrian,NA,pedestrian,car,pedestrian,motorcycle,pedestrian,car,pedestrian,car,pedestrian,motorcycle
2013,Heavy transport,Trucks,Heavy transport,Trucks,truck,truck,truck,truck,truck,truck,truck,truck,truck,truck
2013,Pedestrian,Unknown,Pedestrian,NA,pedestrian,car,pedestrian,motorcycle,pedestrian,bus,pedestrian,bus,pedestrian,truck
2013,Pedestrian,Trucks,Pedestrian,Trucks,pedestrian,truck,pedestrian,truck,pedestrian,truck,pedestrian,truck,pedestrian,truck
2013,Motorcycle,Trucks,Motorcycle,Trucks,motorcycle,truck,motorcycle,truck,motorcycle,truck,motorcycle,truck,motorcycle,truck
2013,Pedestrian,Car/pick-up/van,Pedestrian,Car/pick-up/van,pedestrian,car,pedestrian,car,pedestrian,car,pedestrian,car,pedestrian,car
2013,Motorcycle,Bus,Motorcycle,Bus,motorcycle,bus,motorcycle,bus,motorcycle,bus,motorcycle,bus,motorcycle,bus
2013,Pedestrian,2/3 Wheeled,Pedestrian,2/3 Wheeled,pedestrian,motorcycle,pedestrian,motorcycle,pedestrian,motorcycle,pedestrian,motorcycle,pedestrian,motorcycle
2013,Pedestrian,Trucks,Pedestrian,Trucks,pedestrian,truck,pedestrian,truck,pedestrian,truck,pedestrian,truck,pedestrian,truck
2013,Pedestrian,Unknown,Pedestrian,NA,pedestrian,car,pedestrian,bus,pedestrian,car,pedestrian,car,pedestrian,car
2014,Car,Unknown,Car,NA,car,truck,car,car,car,NOV,car,motorcycle,car,NOV
2014,Pedestrian,Unknown,Pedestrian,NA,pedestrian,motorcycle,pedestrian,car,pedestrian,truck,pedestrian,car,pedestrian,motorcycle
2014,Pedestrian,Car/pick-up/van,Pedestrian,Car/pick-up/van,pedestrian,car,pedestrian,car,pedestrian,car,pedestrian,car,pedestrian,car
2014,Motorcycle,Trucks,Motorcycle,Trucks,motorcycle,truck,motorcycle,truck,motorcycle,truck,motorcycle,truck,motorcycle,truck
2014,Pedestrian,Unknown,Pedestrian,NA,pedestrian,bus,pedestrian,bus,pedestrian,car,pedestrian,car,pedestrian,car
2014,Motorcycle,Unknown,Motorcycle,NA,motorcycle,truck,motorcycle,NOV,motorcycle,car,motorcycle,car,motorcycle,car
2014,Motorcycle,Unknown,Motorcycle,NA,motorcycle,car,motorcycle,car,motorcycle,truck,motorcycle,car,motorcycle,car
2014,Motorcycle,Trucks,Motorcycle,Trucks,motorcycle,truck,motorcycle,truck,motorcycle,truck,motorcycle,truck,motorcycle,truck
2014,Motorcycle,No other/fixed or stationary object,Motorcycle,No other/fixed or stationary object,motorcycle,NOV,motorcycle,NOV,motorcycle,NOV,motorcycle,NOV,motorcycle,NOV
2014,Pedestrian,Unknown,Pedestrian,NA,pedestrian,car,pedestrian,car,pedestrian,truck,pedestrian,motorcycle,pedestrian,car
2014,Motorcycle,Unknown,Motorcycle,NA,motorcycle,truck,motorcycle,motorcycle,motorcycle,bus,motorcycle,car,motorcycle,car
2014,Motorcycle,Unknown,Motorcycle,NA,motorcycle,truck,motorcycle,bus,motorcycle,motorcycle,motorcycle,bus,motorcycle,car
2014,Pedestrian,Trucks,Pedestrian,Trucks,pedestrian,truck,pedestrian,truck,pedestrian,truck,pedestrian,truck,pedestrian,truck
2014,Pedestrian,Unknown,Pedestrian,NA,pedestrian,motorcycle,pedestrian,motorcycle,pedestrian,car,pedestrian,truck,pedestrian,car
2013,Motorcycle,Bus,Motorcycle,Bus,motorcycle,bus,motorcycle,bus,motorcycle,bus,motorcycle,bus,motorcycle,bus
2013,Motorcycle,Bus,Motorcycle,Bus,motorcycle,bus,motorcycle,bus,motorcycle,bus,motorcycle,bus,motorcycle,bus
2013,Pedestrian,Unknown,Pedestrian,NA,pedestrian,motorcycle,pedestrian,motorcycle,pedestrian,motorcycle,pedestrian,truck,pedestrian,truck
2013,Motorcycle,Unknown,Motorcycle,NA,motorcycle,truck,motorcycle,motorcycle,motorcycle,bus,motorcycle,car,motorcycle,NOV
2014,Pedestrian,Unknown,Pedestrian,NA,pedestrian,truck,pedestrian,car,pedestrian,car,pedestrian,motorcycle,pedestrian,car
2014,3Wheeled,Bus,3Wheeled,Bus,motorcycle,bus,motorcycle,bus,motorcycle,bus,motorcycle,bus,motorcycle,bus
2013,Motorcycle,Car/pick-up/van,Motorcycle,Car/pick-up/van,motorcycle,car,motorcycle,car,motorcycle,car,motorcycle,car,motorcycle,car
2014,Motorcycle,2/3 Wheeled,Motorcycle,2/3 Wheeled,motorcycle,motorcycle,motorcycle,motorcycle,motorcycle,motorcycle,motorcycle,motorcycle,motorcycle,motorcycle
2014,Car,No other/fixed or stationary object,Car,No other/fixed or stationary object,car,NOV,car,NOV,car,NOV,car,NOV,car,NOV
2013,Other,unspecified,Other,NA,other,car,other,car,other,truck,other,car,other,truck
2013,3Wheeled,Trucks,3Wheeled,Trucks,motorcycle,truck,motorcycle,truck,motorcycle,truck,motorcycle,truck,motorcycle,truck
2013,Motorcycle,Unknown,Motorcycle,NA,motorcycle,car,motorcycle,motorcycle,motorcycle,car,motorcycle,car,motorcycle,motorcycle
2013,Pedestrian,2/3 Wheeled,Pedestrian,2/3 Wheeled,pedestrian,motorcycle,pedestrian,motorcycle,pedestrian,motorcycle,pedestrian,motorcycle,pedestrian,motorcycle
2013,Heavy transport,No other/fixed or stationary object,Heavy transport,No other/fixed or stationary object,truck,NOV,truck,NOV,truck,NOV,truck,NOV,truck,NOV
2013,Motorcycle,Unknown,Motorcycle,NA,motorcycle,truck,motorcycle,car,motorcycle,bus,motorcycle,car,motorcycle,truck
2013,Pedestrian,Car/pick-up/van,Pedestrian,Car/pick-up/van,pedestrian,car,pedestrian,car,pedestrian,car,pedestrian,car,pedestrian,car
2013,Car,No other/fixed or stationary object,Car,No other/fixed or stationary object,car,NOV,car,NOV,car,NOV,car,NOV,car,NOV
2013,Pedestrian,Unknown,Pedestrian,NA,pedestrian,motorcycle,pedestrian,car,pedestrian,truck,pedestrian,car,pedestrian,motorcycle
2013,Pedestrian,Bus,Pedestrian,Bus,pedestrian,bus,pedestrian,bus,pedestrian,bus,pedestrian,bus,pedestrian,bus
2013,Motorcycle,Trucks,Motorcycle,Trucks,motorcycle,truck,motorcycle,truck,motorcycle,truck,motorcycle,truck,motorcycle,truck
2013,Pedestrian,Car/pick-up/van,Pedestrian,Car/pick-up/van,pedestrian,car,pedestrian,car,pedestrian,car,pedestrian,car,pedestrian,car
2013,Pedestrian,Car/pick-up/van,Pedestrian,Car/pick-up/van,pedestrian,car,pedestrian,car,pedestrian,car,pedestrian,car,pedestrian,car
2013,Car,Unknown,Car,NA,car,NOV,car,NOV,car,NOV,car,NOV,car,truck
2013,Motorcycle,Unknown,Motorcycle,NA,motorcycle,car,motorcycle,truck,motorcycle,car,motorcycle,car,motorcycle,truck
2013,Motorcycle,Car/pick-up/van,Motorcycle,Car/pick-up/van,motorcycle,car,motorcycle,car,motorcycle,car,motorcycle,car,motorcycle,car
2013,Pedestrian,Car/pick-up/van,Pedestrian,Car/pick-up/van,pedestrian,car,pedestrian,car,pedestrian,car,pedestrian,car,pedestrian,car
2013,Pedestrian,Unknown,Pedestrian,NA,pedestrian,motorcycle,pedestrian,car,pedestrian,car,pedestrian,truck,pedestrian,motorcycle
2013,Motorcycle,No other/fixed or stationary object,Motorcycle,No other/fixed or stationary object,motorcycle,NOV,motorcycle,NOV,motorcycle,NOV,motorcycle,NOV,motorcycle,NOV
2013,Motorcycle,No other/fixed or stationary object,Motorcycle,No other/fixed or stationary object,motorcycle,NOV,motorcycle,NOV,motorcycle,NOV,motorcycle,NOV,motorcycle,NOV
2013,Pedestrian,unspecified,Pedestrian,NA,pedestrian,truck,pedestrian,truck,pedestrian,truck,pedestrian,motorcycle,pedestrian,car
2013,Pedestrian,Unknown,Pedestrian,NA,pedestrian,car,pedestrian,motorcycle,pedestrian,truck,pedestrian,car,pedestrian,car
2013,Car,No other/fixed or stationary object,Car,No other/fixed or stationary object,car,NOV,car,NOV,car,NOV,car,NOV,car,NOV
2013,Motorcycle,Trucks,Motorcycle,Trucks,motorcycle,truck,motorcycle,truck,motorcycle,truck,motorcycle,truck,motorcycle,truck
2014,Motorcycle,Unknown,Motorcycle,NA,motorcycle,car,motorcycle,NOV,motorcycle,truck,motorcycle,car,motorcycle,NOV
2014,3Wheeled,No other/fixed or stationary object,3Wheeled,No other/fixed or stationary object,motorcycle,NOV,motorcycle,NOV,motorcycle,NOV,motorcycle,NOV,motorcycle,NOV
2014,Motorcycle,Trucks,Motorcycle,Trucks,motorcycle,truck,motorcycle,truck,motorcycle,truck,motorcycle,truck,motorcycle,truck
2014,Motorcycle,Car/pick-up/van,Motorcycle,Car/pick-up/van,motorcycle,car,motorcycle,car,motorcycle,car,motorcycle,car,motorcycle,car
2014,Motorcycle,Trucks,Motorcycle,Trucks,motorcycle,truck,motorcycle,truck,motorcycle,truck,motorcycle,truck,motorcycle,truck
2014,Pedestrian,Car/pick-up/van,Pedestrian,Car/pick-up/van,pedestrian,car,pedestrian,car,pedestrian,car,pedestrian,car,pedestrian,car
2014,Motorcycle,Unknown,Motorcycle,NA,motorcycle,car,motorcycle,truck,motorcycle,NOV,motorcycle,NOV,motorcycle,car
2014,Pedestrian,Unknown,Pedestrian,NA,pedestrian,motorcycle,pedestrian,truck,pedestrian,car,pedestrian,truck,pedestrian,car
2014,Car,No other/fixed or stationary object,Car,No other/fixed or stationary object,car,NOV,car,NOV,car,NOV,car,NOV,car,NOV
2014,Motorcycle,2/3 Wheeled,Motorcycle,2/3 Wheeled,motorcycle,motorcycle,motorcycle,motorcycle,motorcycle,motorcycle,motorcycle,motorcycle,motorcycle,motorcycle
2014,Pedestrian,Unknown,Pedestrian,NA,pedestrian,truck,pedestrian,truck,pedestrian,car,pedestrian,truck,pedestrian,bus
2014,Motorcycle,Trucks,Motorcycle,Trucks,motorcycle,truck,motorcycle,truck,motorcycle,truck,motorcycle,truck,motorcycle,truck
2014,Pedestrian,Unknown,Pedestrian,NA,pedestrian,car,pedestrian,car,pedestrian,bus,pedestrian,car,pedestrian,car
2014,Motorcycle,Trucks,Motorcycle,Trucks,motorcycle,truck,motorcycle,truck,motorcycle,truck,motorcycle,truck,motorcycle,truck
2014,Pedestrian,2/3 Wheeled,Pedestrian,2/3 Wheeled,pedestrian,motorcycle,pedestrian,motorcycle,pedestrian,motorcycle,pedestrian,motorcycle,pedestrian,motorcycle
2014,Pedestrian,Unknown,Pedestrian,NA,pedestrian,car,pedestrian,car,pedestrian,truck,pedestrian,car,pedestrian,motorcycle
2014,Motorcycle,Trucks,Motorcycle,Trucks,motorcycle,truck,motorcycle,truck,motorcycle,truck,motorcycle,truck,motorcycle,truck
2014,Motorcycle,Car/pick-up/van,Motorcycle,Car/pick-up/van,motorcycle,car,motorcycle,car,motorcycle,car,motorcycle,car,motorcycle,car
2014,Motorcycle,Unknown,Motorcycle,NA,motorcycle,truck,motorcycle,car,motorcycle,NOV,motorcycle,truck,motorcycle,bus
2014,Motorcycle,Unknown,Motorcycle,NA,motorcycle,truck,motorcycle,NOV,motorcycle,truck,motorcycle,motorcycle,motorcycle,bus
2014,Pedestrian,Unknown,Pedestrian,NA,pedestrian,truck,pedestrian,motorcycle,pedestrian,truck,pedestrian,motorcycle,pedestrian,car
2014,Other,unspecified,Other,NA,other,NOV,other,NOV,other,NOV,other,truck,other,NOV
2014,Pedal Cycle,Car/pick-up/van,Pedal Cycle,Car/pick-up/van,cycle,car,cycle,car,cycle,car,cycle,car,cycle,car
2014,Motorcycle,No other/fixed or stationary object,Motorcycle,No other/fixed or stationary object,motorcycle,NOV,motorcycle,NOV,motorcycle,NOV,motorcycle,NOV,motorcycle,NOV
2014,Pedal Cycle,Car/pick-up/van,Pedal Cycle,Car/pick-up/van,cycle,car,cycle,car,cycle,car,cycle,car,cycle,car
2014,Pedestrian,Car/pick-up/van,Pedestrian,Car/pick-up/van,pedestrian,car,pedestrian,car,pedestrian,car,pedestrian,car,pedestrian,car
2014,Motorcycle,Unknown,Motorcycle,NA,motorcycle,truck,motorcycle,car,motorcycle,truck,motorcycle,truck,motorcycle,truck
2014,Motorcycle,Car/pick-up/van,Motorcycle,Car/pick-up/van,motorcycle,car,motorcycle,car,motorcycle,car,motorcycle,car,motorcycle,car
2014,Motorcycle,Car/pick-up/van,Motorcycle,Car/pick-up/van,motorcycle,car,motorcycle,car,motorcycle,car,motorcycle,car,motorcycle,car
2014,Motorcycle,Unknown,Motorcycle,NA,motorcycle,car,motorcycle,truck,motorcycle,NOV,motorcycle,car,motorcycle,car
2014,Pedal Cycle,Trucks,Pedal Cycle,Trucks,cycle,truck,cycle,truck,cycle,truck,cycle,truck,cycle,truck
2014,Pedestrian,Unknown,Pedestrian,NA,pedestrian,car,pedestrian,motorcycle,pedestrian,motorcycle,pedestrian,car,pedestrian,car
2013,Pedestrian,Unknown,Pedestrian,NA,pedestrian,car,pedestrian,bus,pedestrian,car,pedestrian,car,pedestrian,bus
2013,Pedal Cycle,Unknown,Pedal Cycle,NA,cycle,car,cycle,bus,cycle,truck,cycle,bus,cycle,car
2013,Pedestrian,Car/pick-up/van,Pedestrian,Car/pick-up/van,pedestrian,car,pedestrian,car,pedestrian,car,pedestrian,car,pedestrian,car
2013,Pedestrian,Car/pick-up/van,Pedestrian,Car/pick-up/van,pedestrian,car,pedestrian,car,pedestrian,car,pedestrian,car,pedestrian,car
2013,Motorcycle,Car/pick-up/van,Motorcycle,Car/pick-up/van,motorcycle,car,motorcycle,car,motorcycle,car,motorcycle,car,motorcycle,car
2013,Pedestrian,Unknown,Pedestrian,NA,pedestrian,motorcycle,pedestrian,car,pedestrian,motorcycle,pedestrian,car,pedestrian,motorcycle
2013,Motorcycle,Car/pick-up/van,Motorcycle,Car/pick-up/van,motorcycle,car,motorcycle,car,motorcycle,car,motorcycle,car,motorcycle,car
2013,Motorcycle,Bus,Motorcycle,Bus,motorcycle,bus,motorcycle,bus,motorcycle,bus,motorcycle,bus,motorcycle,bus
2013,Motorcycle,No other/fixed or stationary object,Motorcycle,No other/fixed or stationary object,motorcycle,NOV,motorcycle,NOV,motorcycle,NOV,motorcycle,NOV,motorcycle,NOV
2013,Motorcycle,No other/fixed or stationary object,Motorcycle,No other/fixed or stationary object,motorcycle,NOV,motorcycle,NOV,motorcycle,NOV,motorcycle,NOV,motorcycle,NOV
2013,Motorcycle,Car/pick-up/van,Motorcycle,Car/pick-up/van,motorcycle,car,motorcycle,car,motorcycle,car,motorcycle,car,motorcycle,car
2013,Pedestrian,Unknown,Pedestrian,NA,pedestrian,car,pedestrian,car,pedestrian,car,pedestrian,car,pedestrian,car
2013,Pedestrian,Unknown,Pedestrian,NA,pedestrian,motorcycle,pedestrian,car,pedestrian,car,pedestrian,motorcycle,pedestrian,car
2013,Motorcycle,Car/pick-up/van,Motorcycle,Car/pick-up/van,motorcycle,car,motorcycle,car,motorcycle,car,motorcycle,car,motorcycle,car
2013,Pedestrian,Car/pick-up/van,Pedestrian,Car/pick-up/van,pedestrian,car,pedestrian,car,pedestrian,car,pedestrian,car,pedestrian,car
2013,Pedal Cycle,Trucks,Pedal Cycle,Trucks,cycle,truck,cycle,truck,cycle,truck,cycle,truck,cycle,truck
2013,Car,Trucks,Car,Trucks,car,truck,car,truck,car,truck,car,truck,car,truck
2013,Pedestrian,Unknown,Pedestrian,NA,pedestrian,bus,pedestrian,car,pedestrian,car,pedestrian,car,pedestrian,truck
2013,Motorcycle,No other/fixed or stationary object,Motorcycle,No other/fixed or stationary object,motorcycle,NOV,motorcycle,NOV,motorcycle,NOV,motorcycle,NOV,motorcycle,NOV
2013,Pedestrian,Unknown,Pedestrian,NA,pedestrian,car,pedestrian,car,pedestrian,car,pedestrian,motorcycle,pedestrian,motorcycle
2013,Motorcycle,Car/pick-up/van,Motorcycle,Car/pick-up/van,motorcycle,car,motorcycle,car,motorcycle,car,motorcycle,car,motorcycle,car
2014,Motorcycle,Trucks,Motorcycle,Trucks,motorcycle,truck,motorcycle,truck,motorcycle,truck,motorcycle,truck,motorcycle,truck
2014,Motorcycle,Car/pick-up/van,Motorcycle,Car/pick-up/van,motorcycle,car,motorcycle,car,motorcycle,car,motorcycle,car,motorcycle,car
2014,Motorcycle,No other/fixed or stationary object,Motorcycle,No other/fixed or stationary object,motorcycle,NOV,motorcycle,NOV,motorcycle,NOV,motorcycle,NOV,motorcycle,NOV
2014,Motorcycle,Trucks,Motorcycle,Trucks,motorcycle,truck,motorcycle,truck,motorcycle,truck,motorcycle,truck,motorcycle,truck
2014,Pedal Cycle,Unknown,Pedal Cycle,NA,cycle,truck,cycle,car,cycle,car,cycle,truck,cycle,bus
2014,Pedestrian,Car/pick-up/van,Pedestrian,Car/pick-up/van,pedestrian,car,pedestrian,car,pedestrian,car,pedestrian,car,pedestrian,car
2014,Pedestrian,Car/pick-up/van,Pedestrian,Car/pick-up/van,pedestrian,car,pedestrian,car,pedestrian,car,pedestrian,car,pedestrian,car
2014,Pedestrian,Unknown,Pedestrian,NA,pedestrian,car,pedestrian,car,pedestrian,truck,pedestrian,truck,pedestrian,motorcycle
2014,Pedal Cycle,Trucks,Pedal Cycle,Trucks,cycle,truck,cycle,truck,cycle,truck,cycle,truck,cycle,truck
2014,Pedestrian,2/3 Wheeled,Pedestrian,2/3 Wheeled,pedestrian,motorcycle,pedestrian,motorcycle,pedestrian,motorcycle,pedestrian,motorcycle,pedestrian,motorcycle
2014,Motorcycle,Car/pick-up/van,Motorcycle,Car/pick-up/van,motorcycle,car,motorcycle,car,motorcycle,car,motorcycle,car,motorcycle,car
2014,Motorcycle,Car/pick-up/van,Motorcycle,Car/pick-up/van,motorcycle,car,motorcycle,car,motorcycle,car,motorcycle,car,motorcycle,car
2014,Pedal Cycle,Car/pick-up/van,Pedal Cycle,Car/pick-up/van,cycle,car,cycle,car,cycle,car,cycle,car,cycle,car
2014,Motorcycle,2/3 Wheeled,Motorcycle,2/3 Wheeled,motorcycle,motorcycle,motorcycle,motorcycle,motorcycle,motorcycle,motorcycle,motorcycle,motorcycle,motorcycle
2013,Pedestrian,Car/pick-up/van,Pedestrian,Car/pick-up/van,pedestrian,car,pedestrian,car,pedestrian,car,pedestrian,car,pedestrian,car
2013,Pedestrian,2/3 Wheeled,Pedestrian,2/3 Wheeled,pedestrian,motorcycle,pedestrian,motorcycle,pedestrian,motorcycle,pedestrian,motorcycle,pedestrian,motorcycle
2014,Motorcycle,No other/fixed or stationary object,Motorcycle,No other/fixed or stationary object,motorcycle,NOV,motorcycle,NOV,motorcycle,NOV,motorcycle,NOV,motorcycle,NOV
2013,Motorcycle,Unknown,Motorcycle,NA,motorcycle,truck,motorcycle,motorcycle,motorcycle,car,motorcycle,truck,motorcycle,NOV
2013,Motorcycle,Bus,Motorcycle,Bus,motorcycle,bus,motorcycle,bus,motorcycle,bus,motorcycle,bus,motorcycle,bus
2013,Motorcycle,Unknown,Motorcycle,NA,motorcycle,truck,motorcycle,car,motorcycle,bus,motorcycle,car,motorcycle,truck
2013,Motorcycle,Car/pick-up/van,Motorcycle,Car/pick-up/van,motorcycle,car,motorcycle,car,motorcycle,car,motorcycle,car,motorcycle,car
2013,Pedestrian,Unknown,Pedestrian,NA,pedestrian,car,pedestrian,car,pedestrian,car,pedestrian,car,pedestrian,truck
2013,Pedal Cycle,Trucks,Pedal Cycle,Trucks,cycle,truck,cycle,truck,cycle,truck,cycle,truck,cycle,truck
2013,Pedal Cycle,Unknown,Pedal Cycle,NA,cycle,truck,cycle,car,cycle,truck,cycle,car,cycle,car
2013,Pedestrian,Unknown,Pedestrian,NA,pedestrian,car,pedestrian,car,pedestrian,motorcycle,pedestrian,car,pedestrian,motorcycle
2013,Pedestrian,Trucks,Pedestrian,Trucks,pedestrian,truck,pedestrian,truck,pedestrian,truck,pedestrian,truck,pedestrian,truck
2013,Motorcycle,2/3 Wheeled,Motorcycle,2/3 Wheeled,motorcycle,motorcycle,motorcycle,motorcycle,motorcycle,motorcycle,motorcycle,motorcycle,motorcycle,motorcycle
2013,Pedestrian,2/3 Wheeled,Pedestrian,2/3 Wheeled,pedestrian,motorcycle,pedestrian,motorcycle,pedestrian,motorcycle,pedestrian,motorcycle,pedestrian,motorcycle
2013,Motorcycle,Trucks,Motorcycle,Trucks,motorcycle,truck,motorcycle,truck,motorcycle,truck,motorcycle,truck,motorcycle,truck
2014,Motorcycle,Trucks,Motorcycle,Trucks,motorcycle,truck,motorcycle,truck,motorcycle,truck,motorcycle,truck,motorcycle,truck
2014,Pedestrian,Unknown,Pedestrian,NA,pedestrian,truck,pedestrian,car,pedestrian,car,pedestrian,truck,pedestrian,bus
2014,Pedestrian,Car/pick-up/van,Pedestrian,Car/pick-up/van,pedestrian,car,pedestrian,car,pedestrian,car,pedestrian,car,pedestrian,car
2014,Pedestrian,Trucks,Pedestrian,Trucks,pedestrian,truck,pedestrian,truck,pedestrian,truck,pedestrian,truck,pedestrian,truck
2014,Motorcycle,Trucks,Motorcycle,Trucks,motorcycle,truck,motorcycle,truck,motorcycle,truck,motorcycle,truck,motorcycle,truck
2014,Pedestrian,Unknown,Pedestrian,NA,pedestrian,car,pedestrian,car,pedestrian,motorcycle,pedestrian,truck,pedestrian,bus
2014,Pedestrian,Unknown,Pedestrian,NA,pedestrian,car,pedestrian,bus,pedestrian,car,pedestrian,truck,pedestrian,truck
2014,Motorcycle,Trucks,Motorcycle,Trucks,motorcycle,truck,motorcycle,truck,motorcycle,truck,motorcycle,truck,motorcycle,truck
2014,Motorcycle,Unknown,Motorcycle,NA,motorcycle,car,motorcycle,motorcycle,motorcycle,car,motorcycle,truck,motorcycle,truck
2013,Motorcycle,Car/pick-up/van,Motorcycle,Car/pick-up/van,motorcycle,car,motorcycle,car,motorcycle,car,motorcycle,car,motorcycle,car
2013,Pedestrian,Car/pick-up/van,Pedestrian,Car/pick-up/van,pedestrian,car,pedestrian,car,pedestrian,car,pedestrian,car,pedestrian,car
2013,Pedestrian,Unknown,Pedestrian,NA,pedestrian,truck,pedestrian,truck,pedestrian,truck,pedestrian,car,pedestrian,motorcycle
2013,Motorcycle,Unknown,Motorcycle,NA,motorcycle,NOV,motorcycle,truck,motorcycle,NOV,motorcycle,NOV,motorcycle,car
2013,Other,unspecified,Other,NA,other,car,other,car,other,NOV,other,car,other,car
2013,Motorcycle,Unknown,Motorcycle,NA,motorcycle,truck,motorcycle,NOV,motorcycle,truck,motorcycle,bus,motorcycle,truck
2013,Pedestrian,Bus,Pedestrian,Bus,pedestrian,bus,pedestrian,bus,pedestrian,bus,pedestrian,bus,pedestrian,bus
2014,Pedestrian,Unknown,Pedestrian,NA,pedestrian,car,pedestrian,car,pedestrian,motorcycle,pedestrian,truck,pedestrian,car
2014,3Wheeled,Car/pick-up/van,3Wheeled,Car/pick-up/van,motorcycle,car,motorcycle,car,motorcycle,car,motorcycle,car,motorcycle,car
2014,Pedestrian,2/3 Wheeled,Pedestrian,2/3 Wheeled,pedestrian,motorcycle,pedestrian,motorcycle,pedestrian,motorcycle,pedestrian,motorcycle,pedestrian,motorcycle
2014,Other,Unknown,Other,NA,other,NOV,other,car,other,car,other,car,other,car
2014,Motorcycle,Unknown,Motorcycle,NA,motorcycle,NOV,motorcycle,truck,motorcycle,car,motorcycle,car,motorcycle,bus
2014,3Wheeled,Car/pick-up/van,3Wheeled,Car/pick-up/van,motorcycle,car,motorcycle,car,motorcycle,car,motorcycle,car,motorcycle,car
2013,Pedestrian,Car/pick-up/van,Pedestrian,Car/pick-up/van,pedestrian,car,pedestrian,car,pedestrian,car,pedestrian,car,pedestrian,car
2013,Pedestrian,Unknown,Pedestrian,NA,pedestrian,car,pedestrian,car,pedestrian,car,pedestrian,motorcycle,pedestrian,car
2013,Pedestrian,Bus,Pedestrian,Bus,pedestrian,bus,pedestrian,bus,pedestrian,bus,pedestrian,bus,pedestrian,bus
2013,Motorcycle,Trucks,Motorcycle,Trucks,motorcycle,truck,motorcycle,truck,motorcycle,truck,motorcycle,truck,motorcycle,truck
2014,Motorcycle,Car/pick-up/van,Motorcycle,Car/pick-up/van,motorcycle,car,motorcycle,car,motorcycle,car,motorcycle,car,motorcycle,car
2014,Pedestrian,Car/pick-up/van,Pedestrian,Car/pick-up/van,pedestrian,car,pedestrian,car,pedestrian,car,pedestrian,car,pedestrian,car
2014,Pedestrian,Unknown,Pedestrian,NA,pedestrian,car,pedestrian,car,pedestrian,bus,pedestrian,motorcycle,pedestrian,motorcycle
2014,Motorcycle,Trucks,Motorcycle,Trucks,motorcycle,truck,motorcycle,truck,motorcycle,truck,motorcycle,truck,motorcycle,truck
2014,Pedestrian,Unknown,Pedestrian,NA,pedestrian,car,pedestrian,car,pedestrian,motorcycle,pedestrian,car,pedestrian,truck
2013,Pedestrian,Unknown,Pedestrian,NA,pedestrian,car,pedestrian,bus,pedestrian,bus,pedestrian,motorcycle,pedestrian,truck
2013,Car,No other/fixed or stationary object,Car,No other/fixed or stationary object,car,NOV,car,NOV,car,NOV,car,NOV,car,NOV
2013,Pedal Cycle,Trucks,Pedal Cycle,Trucks,cycle,truck,cycle,truck,cycle,truck,cycle,truck,cycle,truck
2013,Car,Trucks,Car,Trucks,car,truck,car,truck,car,truck,car,truck,car,truck
2013,Motorcycle,Unknown,Motorcycle,NA,motorcycle,bus,motorcycle,truck,motorcycle,truck,motorcycle,car,motorcycle,truck
2013,Pedal Cycle,2/3 Wheeled,Pedal Cycle,2/3 Wheeled,cycle,motorcycle,cycle,motorcycle,cycle,motorcycle,cycle,motorcycle,cycle,motorcycle
2013,Motorcycle,Unknown,Motorcycle,NA,motorcycle,NOV,motorcycle,bus,motorcycle,truck,motorcycle,bus,motorcycle,truck
2013,Pedestrian,Unknown,Pedestrian,NA,pedestrian,car,pedestrian,motorcycle,pedestrian,motorcycle,pedestrian,car,pedestrian,motorcycle
2013,Other,unspecified,Other,NA,other,truck,other,car,other,NOV,other,car,other,NOV
2013,Pedestrian,Unknown,Pedestrian,NA,pedestrian,motorcycle,pedestrian,car,pedestrian,bus,pedestrian,car,pedestrian,car
2013,Motorcycle,2/3 Wheeled,Motorcycle,2/3 Wheeled,motorcycle,motorcycle,motorcycle,motorcycle,motorcycle,motorcycle,motorcycle,motorcycle,motorcycle,motorcycle
2013,Pedal Cycle,Unknown,Pedal Cycle,NA,cycle,bus,cycle,car,cycle,truck,cycle,bus,cycle,car
2013,Motorcycle,Unknown,Motorcycle,NA,motorcycle,car,motorcycle,car,motorcycle,truck,motorcycle,NOV,motorcycle,truck
2013,Pedestrian,Unknown,Pedestrian,NA,pedestrian,car,pedestrian,car,pedestrian,car,pedestrian,motorcycle,pedestrian,truck
2013,Motorcycle,Unknown,Motorcycle,NA,motorcycle,car,motorcycle,NOV,motorcycle,car,motorcycle,truck,motorcycle,truck
2013,Pedestrian,2/3 Wheeled,Pedestrian,2/3 Wheeled,pedestrian,motorcycle,pedestrian,motorcycle,pedestrian,motorcycle,pedestrian,motorcycle,pedestrian,motorcycle
2013,Pedestrian,Unknown,Pedestrian,NA,pedestrian,motorcycle,pedestrian,motorcycle,pedestrian,bus,pedestrian,truck,pedestrian,motorcycle
2013,Pedestrian,Trucks,Pedestrian,Trucks,pedestrian,truck,pedestrian,truck,pedestrian,truck,pedestrian,truck,pedestrian,truck
2014,Unknown,unspecified,NA,NA,car,NOV,motorcycle,car,pedestrian,truck,motorcycle,car,motorcycle,bus
2014,Motorcycle,No other/fixed or stationary object,Motorcycle,No other/fixed or stationary object,motorcycle,NOV,motorcycle,NOV,motorcycle,NOV,motorcycle,NOV,motorcycle,NOV
2014,Motorcycle,Trucks,Motorcycle,Trucks,motorcycle,truck,motorcycle,truck,motorcycle,truck,motorcycle,truck,motorcycle,truck
2014,Motorcycle,Trucks,Motorcycle,Trucks,motorcycle,truck,motorcycle,truck,motorcycle,truck,motorcycle,truck,motorcycle,truck
2014,Motorcycle,Unknown,Motorcycle,NA,motorcycle,bus,motorcycle,car,motorcycle,truck,motorcycle,NOV,motorcycle,truck
2014,Motorcycle,Car/pick-up/van,Motorcycle,Car/pick-up/van,motorcycle,car,motorcycle,car,motorcycle,car,motorcycle,car,motorcycle,car
2014,Pedestrian,Unknown,Pedestrian,NA,pedestrian,motorcycle,pedestrian,truck,pedestrian,car,pedestrian,truck,pedestrian,truck
2014,Pedestrian,Unknown,Pedestrian,NA,pedestrian,motorcycle,pedestrian,car,pedestrian,truck,pedestrian,car,pedestrian,truck
2014,Motorcycle,Unknown,Motorcycle,NA,motorcycle,truck,motorcycle,NOV,motorcycle,truck,motorcycle,car,motorcycle,car
2014,Pedal Cycle,Unknown,Pedal Cycle,NA,cycle,bus,cycle,truck,cycle,bus,cycle,truck,cycle,truck
2014,Pedestrian,Car/pick-up/van,Pedestrian,Car/pick-up/van,pedestrian,car,pedestrian,car,pedestrian,car,pedestrian,car,pedestrian,car
2014,Pedestrian,Car/pick-up/van,Pedestrian,Car/pick-up/van,pedestrian,car,pedestrian,car,pedestrian,car,pedestrian,car,pedestrian,car
2014,Pedestrian,Car/pick-up/van,Pedestrian,Car/pick-up/van,pedestrian,car,pedestrian,car,pedestrian,car,pedestrian,car,pedestrian,car
2014,Motorcycle,Unknown,Motorcycle,NA,motorcycle,NOV,motorcycle,car,motorcycle,bus,motorcycle,truck,motorcycle,car
2014,Motorcycle,Car/pick-up/van,Motorcycle,Car/pick-up/van,motorcycle,car,motorcycle,car,motorcycle,car,motorcycle,car,motorcycle,car
2013,Pedestrian,Unknown,Pedestrian,NA,pedestrian,car,pedestrian,truck,pedestrian,car,pedestrian,car,pedestrian,car
2013,Car,Car/pick-up/van,Car,Car/pick-up/van,car,car,car,car,car,car,car,car,car,car
2013,Pedestrian,Car/pick-up/van,Pedestrian,Car/pick-up/van,pedestrian,car,pedestrian,car,pedestrian,car,pedestrian,car,pedestrian,car
2013,Motorcycle,Unknown,Motorcycle,NA,motorcycle,car,motorcycle,car,motorcycle,bus,motorcycle,truck,motorcycle,truck
2013,Motorcycle,No other/fixed or stationary object,Motorcycle,No other/fixed or stationary object,motorcycle,NOV,motorcycle,NOV,motorcycle,NOV,motorcycle,NOV,motorcycle,NOV
2013,Pedestrian,Unknown,Pedestrian,NA,pedestrian,car,pedestrian,truck,pedestrian,bus,pedestrian,truck,pedestrian,car
2013,Car,No other/fixed or stationary object,Car,No other/fixed or stationary object,car,NOV,car,NOV,car,NOV,car,NOV,car,NOV
2013,Car,Car/pick-up/van,Car,Car/pick-up/van,car,car,car,car,car,car,car,car,car,car
2013,Car,Trucks,Car,Trucks,car,truck,car,truck,car,truck,car,truck,car,truck
2013,Pedal Cycle,Bus,Pedal Cycle,Bus,cycle,bus,cycle,bus,cycle,bus,cycle,bus,cycle,bus
2013,Pedestrian,Car/pick-up/van,Pedestrian,Car/pick-up/van,pedestrian,car,pedestrian,car,pedestrian,car,pedestrian,car,pedestrian,car
2013,Motorcycle,Unknown,Motorcycle,NA,motorcycle,bus,motorcycle,car,motorcycle,truck,motorcycle,car,motorcycle,truck
2013,Pedal Cycle,Car/pick-up/van,Pedal Cycle,Car/pick-up/van,cycle,car,cycle,car,cycle,car,cycle,car,cycle,car
2013,Pedestrian,Unknown,Pedestrian,NA,pedestrian,truck,pedestrian,car,pedestrian,car,pedestrian,car,pedestrian,car
2013,Motorcycle,No other/fixed or stationary object,Motorcycle,No other/fixed or stationary object,motorcycle,NOV,motorcycle,NOV,motorcycle,NOV,motorcycle,NOV,motorcycle,NOV
2014,Pedestrian,2/3 Wheeled,Pedestrian,2/3 Wheeled,pedestrian,motorcycle,pedestrian,motorcycle,pedestrian,motorcycle,pedestrian,motorcycle,pedestrian,motorcycle
2014,Pedestrian,Unknown,Pedestrian,NA,pedestrian,truck,pedestrian,motorcycle,pedestrian,truck,pedestrian,bus,pedestrian,motorcycle
2014,Motorcycle,Unknown,Motorcycle,NA,motorcycle,truck,motorcycle,bus,motorcycle,bus,motorcycle,car,motorcycle,truck
2014,Heavy transport,Unknown,Heavy transport,NA,truck,car,truck,NOV,truck,truck,truck,car,truck,truck
2014,Motorcycle,Unknown,Motorcycle,NA,motorcycle,truck,motorcycle,car,motorcycle,truck,motorcycle,truck,motorcycle,truck
2014,Motorcycle,Trucks,Motorcycle,Trucks,motorcycle,truck,motorcycle,truck,motorcycle,truck,motorcycle,truck,motorcycle,truck
2014,Motorcycle,Unknown,Motorcycle,NA,motorcycle,car,motorcycle,bus,motorcycle,car,motorcycle,truck,motorcycle,NOV
2014,Pedestrian,2/3 Wheeled,Pedestrian,2/3 Wheeled,pedestrian,motorcycle,pedestrian,motorcycle,pedestrian,motorcycle,pedestrian,motorcycle,pedestrian,motorcycle
2014,Motorcycle,Trucks,Motorcycle,Trucks,motorcycle,truck,motorcycle,truck,motorcycle,truck,motorcycle,truck,motorcycle,truck
2014,Car,No other/fixed or stationary object,Car,No other/fixed or stationary object,car,NOV,car,NOV,car,NOV,car,NOV,car,NOV
2014,Pedestrian,Unknown,Pedestrian,NA,pedestrian,motorcycle,pedestrian,bus,pedestrian,car,pedestrian,car,pedestrian,motorcycle
2014,Car,Trucks,Car,Trucks,car,truck,car,truck,car,truck,car,truck,car,truck
2014,Car,Car/pick-up/van,Car,Car/pick-up/van,car,car,car,car,car,car,car,car,car,car
2014,Car,Unknown,Car,NA,car,truck,car,car,car,NOV,car,NOV,car,truck
2013,Motorcycle,Unknown,Motorcycle,NA,motorcycle,truck,motorcycle,truck,motorcycle,NOV,motorcycle,truck,motorcycle,bus
2013,Car,No other/fixed or stationary object,Car,No other/fixed or stationary object,car,NOV,car,NOV,car,NOV,car,NOV,car,NOV
2013,Motorcycle,Unknown,Motorcycle,NA,motorcycle,truck,motorcycle,car,motorcycle,truck,motorcycle,truck,motorcycle,car
2013,Motorcycle,Unknown,Motorcycle,NA,motorcycle,NOV,motorcycle,truck,motorcycle,truck,motorcycle,bus,motorcycle,truck
2013,Motorcycle,Trucks,Motorcycle,Trucks,motorcycle,truck,motorcycle,truck,motorcycle,truck,motorcycle,truck,motorcycle,truck
2013,Car,Unknown,Car,NA,car,bus,car,truck,car,NOV,car,motorcycle,car,car
2013,Car,No other/fixed or stationary object,Car,No other/fixed or stationary object,car,NOV,car,NOV,car,NOV,car,NOV,car,NOV
2013,Car,Bus,Car,Bus,car,bus,car,bus,car,bus,car,bus,car,bus
2013,Pedal Cycle,Trucks,Pedal Cycle,Trucks,cycle,truck,cycle,truck,cycle,truck,cycle,truck,cycle,truck
2013,Motorcycle,Unknown,Motorcycle,NA,motorcycle,NOV,motorcycle,truck,motorcycle,NOV,motorcycle,truck,motorcycle,truck
2013,Motorcycle,Car/pick-up/van,Motorcycle,Car/pick-up/van,motorcycle,car,motorcycle,car,motorcycle,car,motorcycle,car,motorcycle,car
2013,Pedestrian,Trucks,Pedestrian,Trucks,pedestrian,truck,pedestrian,truck,pedestrian,truck,pedestrian,truck,pedestrian,truck
2013,Motorcycle,Unknown,Motorcycle,NA,motorcycle,truck,motorcycle,NOV,motorcycle,bus,motorcycle,truck,motorcycle,motorcycle
2013,Pedestrian,Unknown,Pedestrian,NA,pedestrian,car,pedestrian,truck,pedestrian,motorcycle,pedestrian,bus,pedestrian,car
2013,Car,No other/fixed or stationary object,Car,No other/fixed or stationary object,car,NOV,car,NOV,car,NOV,car,NOV,car,NOV
2013,Pedestrian,Car/pick-up/van,Pedestrian,Car/pick-up/van,pedestrian,car,pedestrian,car,pedestrian,car,pedestrian,car,pedestrian,car
2013,Car,Car/pick-up/van,Car,Car/pick-up/van,car,car,car,car,car,car,car,car,car,car
2013,Pedestrian,Unknown,Pedestrian,NA,pedestrian,car,pedestrian,car,pedestrian,car,pedestrian,truck,pedestrian,motorcycle
2013,Pedestrian,Bus,Pedestrian,Bus,pedestrian,bus,pedestrian,bus,pedestrian,bus,pedestrian,bus,pedestrian,bus
2013,Bus,No other/fixed or stationary object,Bus,No other/fixed or stationary object,bus,NOV,bus,NOV,bus,NOV,bus,NOV,bus,NOV
2014,Motorcycle,Unknown,Motorcycle,NA,motorcycle,motorcycle,motorcycle,truck,motorcycle,car,motorcycle,truck,motorcycle,NOV
2014,Car,Unknown,Car,NA,car,truck,car,truck,car,NOV,car,NOV,car,NOV
2014,Motorcycle,Unknown,Motorcycle,NA,motorcycle,car,motorcycle,truck,motorcycle,truck,motorcycle,NOV,motorcycle,car
2014,Pedestrian,2/3 Wheeled,Pedestrian,2/3 Wheeled,pedestrian,motorcycle,pedestrian,motorcycle,pedestrian,motorcycle,pedestrian,motorcycle,pedestrian,motorcycle
2014,Motorcycle,No other/fixed or stationary object,Motorcycle,No other/fixed or stationary object,motorcycle,NOV,motorcycle,NOV,motorcycle,NOV,motorcycle,NOV,motorcycle,NOV
2014,Motorcycle,Trucks,Motorcycle,Trucks,motorcycle,truck,motorcycle,truck,motorcycle,truck,motorcycle,truck,motorcycle,truck
2014,Motorcycle,Trucks,Motorcycle,Trucks,motorcycle,truck,motorcycle,truck,motorcycle,truck,motorcycle,truck,motorcycle,truck
2014,Motorcycle,Unknown,Motorcycle,NA,motorcycle,car,motorcycle,motorcycle,motorcycle,bus,motorcycle,truck,motorcycle,car
2014,Motorcycle,Unknown,Motorcycle,NA,motorcycle,NOV,motorcycle,truck,motorcycle,car,motorcycle,car,motorcycle,truck
2014,Other,unspecified,Other,NA,other,car,other,truck,other,car,other,truck,other,car
2014,Motorcycle,No other/fixed or stationary object,Motorcycle,No other/fixed or stationary object,motorcycle,NOV,motorcycle,NOV,motorcycle,NOV,motorcycle,NOV,motorcycle,NOV
2014,Motorcycle,Unknown,Motorcycle,NA,motorcycle,car,motorcycle,truck,motorcycle,car,motorcycle,car,motorcycle,car
2014,Pedestrian,Car/pick-up/van,Pedestrian,Car/pick-up/van,pedestrian,car,pedestrian,car,pedestrian,car,pedestrian,car,pedestrian,car
2014,Pedal Cycle,Car/pick-up/van,Pedal Cycle,Car/pick-up/van,cycle,car,cycle,car,cycle,car,cycle,car,cycle,car
2014,Motorcycle,No other/fixed or stationary object,Motorcycle,No other/fixed or stationary object,motorcycle,NOV,motorcycle,NOV,motorcycle,NOV,motorcycle,NOV,motorcycle,NOV
2014,Pedestrian,Unknown,Pedestrian,NA,pedestrian,truck,pedestrian,car,pedestrian,car,pedestrian,motorcycle,pedestrian,truck
2014,Motorcycle,Bus,Motorcycle,Bus,motorcycle,bus,motorcycle,bus,motorcycle,bus,motorcycle,bus,motorcycle,bus
2014,Pedestrian,2/3 Wheeled,Pedestrian,2/3 Wheeled,pedestrian,motorcycle,pedestrian,motorcycle,pedestrian,motorcycle,pedestrian,motorcycle,pedestrian,motorcycle
2014,Car,Unknown,Car,NA,car,NOV,car,car,car,car,car,bus,car,truck
2014,Motorcycle,Car/pick-up/van,Motorcycle,Car/pick-up/van,motorcycle,car,motorcycle,car,motorcycle,car,motorcycle,car,motorcycle,car
2013,Pedestrian,Unknown,Pedestrian,NA,pedestrian,car,pedestrian,bus,pedestrian,truck,pedestrian,bus,pedestrian,truck
2013,Pedal Cycle,Unknown,Pedal Cycle,NA,cycle,car,cycle,bus,cycle,bus,cycle,truck,cycle,bus
2013,Pedestrian,Car/pick-up/van,Pedestrian,Car/pick-up/van,pedestrian,car,pedestrian,car,pedestrian,car,pedestrian,car,pedestrian,car
2013,Pedestrian,Car/pick-up/van,Pedestrian,Car/pick-up/van,pedestrian,car,pedestrian,car,pedestrian,car,pedestrian,car,pedestrian,car
2013,Pedestrian,Car/pick-up/van,Pedestrian,Car/pick-up/van,pedestrian,car,pedestrian,car,pedestrian,car,pedestrian,car,pedestrian,car
2014,Car,No other/fixed or stationary object,Car,No other/fixed or stationary object,car,NOV,car,NOV,car,NOV,car,NOV,car,NOV
2014,Motorcycle,unspecified,Motorcycle,NA,motorcycle,car,motorcycle,bus,motorcycle,truck,motorcycle,car,motorcycle,truck
2014,Heavy transport,Car/pick-up/van,Heavy transport,Car/pick-up/van,truck,car,truck,car,truck,car,truck,car,truck,car
2014,Motorcycle,Unknown,Motorcycle,NA,motorcycle,car,motorcycle,NOV,motorcycle,truck,motorcycle,car,motorcycle,car
2013,Motorcycle,Car/pick-up/van,Motorcycle,Car/pick-up/van,motorcycle,car,motorcycle,car,motorcycle,car,motorcycle,car,motorcycle,car
2013,Pedestrian,Unknown,Pedestrian,NA,pedestrian,motorcycle,pedestrian,motorcycle,pedestrian,motorcycle,pedestrian,car,pedestrian,motorcycle
2013,Pedestrian,2/3 Wheeled,Pedestrian,2/3 Wheeled,pedestrian,motorcycle,pedestrian,motorcycle,pedestrian,motorcycle,pedestrian,motorcycle,pedestrian,motorcycle
2013,Pedestrian,2/3 Wheeled,Pedestrian,2/3 Wheeled,pedestrian,motorcycle,pedestrian,motorcycle,pedestrian,motorcycle,pedestrian,motorcycle,pedestrian,motorcycle
2013,Car,Car/pick-up/van,Car,Car/pick-up/van,car,car,car,car,car,car,car,car,car,car
2013,Motorcycle,Unknown,Motorcycle,NA,motorcycle,truck,motorcycle,car,motorcycle,truck,motorcycle,car,motorcycle,truck
2013,Motorcycle,Trucks,Motorcycle,Trucks,motorcycle,truck,motorcycle,truck,motorcycle,truck,motorcycle,truck,motorcycle,truck
2013,Heavy transport,No other/fixed or stationary object,Heavy transport,No other/fixed or stationary object,truck,NOV,truck,NOV,truck,NOV,truck,NOV,truck,NOV
2013,Motorcycle,Unknown,Motorcycle,NA,motorcycle,NOV,motorcycle,truck,motorcycle,bus,motorcycle,car,motorcycle,bus
2013,Pedestrian,Unknown,Pedestrian,NA,pedestrian,car,pedestrian,bus,pedestrian,motorcycle,pedestrian,car,pedestrian,car
2013,Motorcycle,Unknown,Motorcycle,NA,motorcycle,truck,motorcycle,truck,motorcycle,NOV,motorcycle,motorcycle,motorcycle,truck
2013,Pedestrian,unspecified,Pedestrian,NA,pedestrian,car,pedestrian,car,pedestrian,truck,pedestrian,car,pedestrian,motorcycle
2013,Pedestrian,Unknown,Pedestrian,NA,pedestrian,car,pedestrian,motorcycle,pedestrian,car,pedestrian,car,pedestrian,car
2013,Car,Car/pick-up/van,Car,Car/pick-up/van,car,car,car,car,car,car,car,car,car,car
2013,Pedestrian,Unknown,Pedestrian,NA,pedestrian,car,pedestrian,car,pedestrian,car,pedestrian,car,pedestrian,car
2013,Motorcycle,Unknown,Motorcycle,NA,motorcycle,truck,motorcycle,car,motorcycle,bus,motorcycle,NOV,motorcycle,truck
2013,Pedestrian,Unknown,Pedestrian,NA,pedestrian,car,pedestrian,bus,pedestrian,car,pedestrian,car,pedestrian,truck
2013,Heavy transport,Unknown,Heavy transport,NA,truck,car,truck,truck,truck,NOV,truck,NOV,truck,car
2013,Motorcycle,Trucks,Motorcycle,Trucks,motorcycle,truck,motorcycle,truck,motorcycle,truck,motorcycle,truck,motorcycle,truck
2013,Pedestrian,Bus,Pedestrian,Bus,pedestrian,bus,pedestrian,bus,pedestrian,bus,pedestrian,bus,pedestrian,bus
2013,Pedal Cycle,Unknown,Pedal Cycle,NA,cycle,car,cycle,truck,cycle,truck,cycle,truck,cycle,bus
2013,Pedestrian,Car/pick-up/van,Pedestrian,Car/pick-up/van,pedestrian,car,pedestrian,car,pedestrian,car,pedestrian,car,pedestrian,car
2014,3Wheeled,Car/pick-up/van,3Wheeled,Car/pick-up/van,motorcycle,car,motorcycle,car,motorcycle,car,motorcycle,car,motorcycle,car
2014,Motorcycle,2/3 Wheeled,Motorcycle,2/3 Wheeled,motorcycle,motorcycle,motorcycle,motorcycle,motorcycle,motorcycle,motorcycle,motorcycle,motorcycle,motorcycle
2014,Pedestrian,Unknown,Pedestrian,NA,pedestrian,motorcycle,pedestrian,bus,pedestrian,car,pedestrian,motorcycle,pedestrian,car
2014,Pedestrian,Car/pick-up/van,Pedestrian,Car/pick-up/van,pedestrian,car,pedestrian,car,pedestrian,car,pedestrian,car,pedestrian,car
2014,Pedestrian,Unknown,Pedestrian,NA,pedestrian,truck,pedestrian,car,pedestrian,NOV,pedestrian,truck,pedestrian,truck
2014,Pedestrian,2/3 Wheeled,Pedestrian,2/3 Wheeled,pedestrian,motorcycle,pedestrian,motorcycle,pedestrian,motorcycle,pedestrian,motorcycle,pedestrian,motorcycle
2014,Pedestrian,Car/pick-up/van,Pedestrian,Car/pick-up/van,pedestrian,car,pedestrian,car,pedestrian,car,pedestrian,car,pedestrian,car
2014,Pedestrian,Unknown,Pedestrian,NA,pedestrian,motorcycle,pedestrian,motorcycle,pedestrian,truck,pedestrian,truck,pedestrian,car
2014,Motorcycle,Bus,Motorcycle,Bus,motorcycle,bus,motorcycle,bus,motorcycle,bus,motorcycle,bus,motorcycle,bus
2014,3Wheeled,Trucks,3Wheeled,Trucks,motorcycle,truck,motorcycle,truck,motorcycle,truck,motorcycle,truck,motorcycle,truck
2014,Pedestrian,Unknown,Pedestrian,NA,pedestrian,car,pedestrian,bus,pedestrian,bus,pedestrian,motorcycle,pedestrian,motorcycle
2014,Pedestrian,2/3 Wheeled,Pedestrian,2/3 Wheeled,pedestrian,motorcycle,pedestrian,motorcycle,pedestrian,motorcycle,pedestrian,motorcycle,pedestrian,motorcycle
2014,Pedestrian,Unknown,Pedestrian,NA,pedestrian,car,pedestrian,car,pedestrian,truck,pedestrian,motorcycle,pedestrian,car
2014,Motorcycle,Unknown,Motorcycle,NA,motorcycle,truck,motorcycle,NOV,motorcycle,bus,motorcycle,truck,motorcycle,car
2014,Pedestrian,Unknown,Pedestrian,NA,pedestrian,motorcycle,pedestrian,bus,pedestrian,car,pedestrian,car,pedestrian,bus
2014,Pedestrian,Car/pick-up/van,Pedestrian,Car/pick-up/van,pedestrian,car,pedestrian,car,pedestrian,car,pedestrian,car,pedestrian,car
2014,Motorcycle,Car/pick-up/van,Motorcycle,Car/pick-up/van,motorcycle,car,motorcycle,car,motorcycle,car,motorcycle,car,motorcycle,car
2014,Motorcycle,Unknown,Motorcycle,NA,motorcycle,bus,motorcycle,car,motorcycle,truck,motorcycle,NOV,motorcycle,truck
2014,Bus,Unknown,Bus,NA,bus,NOV,bus,truck,bus,NOV,bus,car,bus,motorcycle
2014,3Wheeled,Trucks,3Wheeled,Trucks,motorcycle,truck,motorcycle,truck,motorcycle,truck,motorcycle,truck,motorcycle,truck
2014,Pedestrian,Bus,Pedestrian,Bus,pedestrian,bus,pedestrian,bus,pedestrian,bus,pedestrian,bus,pedestrian,bus
2013,Pedestrian,Unknown,Pedestrian,NA,pedestrian,truck,pedestrian,car,pedestrian,truck,pedestrian,truck,pedestrian,bus
2013,Pedestrian,Unknown,Pedestrian,NA,pedestrian,car,pedestrian,motorcycle,pedestrian,truck,pedestrian,car,pedestrian,car
2013,Pedestrian,Unknown,Pedestrian,NA,pedestrian,truck,pedestrian,car,pedestrian,car,pedestrian,car,pedestrian,truck
2013,Pedestrian,2/3 Wheeled,Pedestrian,2/3 Wheeled,pedestrian,motorcycle,pedestrian,motorcycle,pedestrian,motorcycle,pedestrian,motorcycle,pedestrian,motorcycle
2013,Pedestrian,Unknown,Pedestrian,NA,pedestrian,car,pedestrian,motorcycle,pedestrian,car,pedestrian,motorcycle,pedestrian,car
2014,Pedestrian,Unknown,Pedestrian,NA,pedestrian,truck,pedestrian,truck,pedestrian,motorcycle,pedestrian,car,pedestrian,truck
2014,Pedestrian,Unknown,Pedestrian,NA,pedestrian,bus,pedestrian,car,pedestrian,truck,pedestrian,bus,pedestrian,truck
2014,Motorcycle,2/3 Wheeled,Motorcycle,2/3 Wheeled,motorcycle,motorcycle,motorcycle,motorcycle,motorcycle,motorcycle,motorcycle,motorcycle,motorcycle,motorcycle
2014,Pedestrian,2/3 Wheeled,Pedestrian,2/3 Wheeled,pedestrian,motorcycle,pedestrian,motorcycle,pedestrian,motorcycle,pedestrian,motorcycle,pedestrian,motorcycle
2014,Pedestrian,Unknown,Pedestrian,NA,pedestrian,truck,pedestrian,truck,pedestrian,car,pedestrian,motorcycle,pedestrian,car
2014,Car,Unknown,Car,NA,car,truck,car,NOV,car,truck,car,NOV,car,car
2013,Pedestrian,Unknown,Pedestrian,NA,pedestrian,motorcycle,pedestrian,bus,pedestrian,bus,pedestrian,truck,pedestrian,truck
2013,Motorcycle,No other/fixed or stationary object,Motorcycle,No other/fixed or stationary object,motorcycle,NOV,motorcycle,NOV,motorcycle,NOV,motorcycle,NOV,motorcycle,NOV
2013,Motorcycle,Bus,Motorcycle,Bus,motorcycle,bus,motorcycle,bus,motorcycle,bus,motorcycle,bus,motorcycle,bus
2013,Pedestrian,Unknown,Pedestrian,NA,pedestrian,car,pedestrian,bus,pedestrian,truck,pedestrian,motorcycle,pedestrian,car
2013,Motorcycle,Unknown,Motorcycle,NA,motorcycle,truck,motorcycle,truck,motorcycle,truck,motorcycle,motorcycle,motorcycle,motorcycle
2013,Motorcycle,Unknown,Motorcycle,NA,motorcycle,truck,motorcycle,car,motorcycle,bus,motorcycle,car,motorcycle,truck
2013,Motorcycle,No other/fixed or stationary object,Motorcycle,No other/fixed or stationary object,motorcycle,NOV,motorcycle,NOV,motorcycle,NOV,motorcycle,NOV,motorcycle,NOV
2013,Pedestrian,Unknown,Pedestrian,NA,pedestrian,bus,pedestrian,truck,pedestrian,motorcycle,pedestrian,car,pedestrian,car
2013,Motorcycle,Trucks,Motorcycle,Trucks,motorcycle,truck,motorcycle,truck,motorcycle,truck,motorcycle,truck,motorcycle,truck
2013,Pedestrian,Car/pick-up/van,Pedestrian,Car/pick-up/van,pedestrian,car,pedestrian,car,pedestrian,car,pedestrian,car,pedestrian,car
2013,Motorcycle,Bus,Motorcycle,Bus,motorcycle,bus,motorcycle,bus,motorcycle,bus,motorcycle,bus,motorcycle,bus
2013,Pedestrian,Trucks,Pedestrian,Trucks,pedestrian,truck,pedestrian,truck,pedestrian,truck,pedestrian,truck,pedestrian,truck
2014,Pedestrian,Unknown,Pedestrian,NA,pedestrian,bus,pedestrian,car,pedestrian,car,pedestrian,truck,pedestrian,car
2014,Pedestrian,Trucks,Pedestrian,Trucks,pedestrian,truck,pedestrian,truck,pedestrian,truck,pedestrian,truck,pedestrian,truck
2014,Pedestrian,Car/pick-up/van,Pedestrian,Car/pick-up/van,pedestrian,car,pedestrian,car,pedestrian,car,pedestrian,car,pedestrian,car
2014,Pedestrian,Bus,Pedestrian,Bus,pedestrian,bus,pedestrian,bus,pedestrian,bus,pedestrian,bus,pedestrian,bus
2014,Pedestrian,Car/pick-up/van,Pedestrian,Car/pick-up/van,pedestrian,car,pedestrian,car,pedestrian,car,pedestrian,car,pedestrian,car
2014,Pedestrian,Car/pick-up/van,Pedestrian,Car/pick-up/van,pedestrian,car,pedestrian,car,pedestrian,car,pedestrian,car,pedestrian,car
2014,Pedestrian,Unknown,Pedestrian,NA,pedestrian,motorcycle,pedestrian,car,pedestrian,car,pedestrian,car,pedestrian,car
2014,Pedestrian,Car/pick-up/van,Pedestrian,Car/pick-up/van,pedestrian,car,pedestrian,car,pedestrian,car,pedestrian,car,pedestrian,car
2013,Motorcycle,Trucks,Motorcycle,Trucks,motorcycle,truck,motorcycle,truck,motorcycle,truck,motorcycle,truck,motorcycle,truck
2013,Pedestrian,Unknown,Pedestrian,NA,pedestrian,car,pedestrian,truck,pedestrian,truck,pedestrian,motorcycle,pedestrian,bus
2013,Pedestrian,Trucks,Pedestrian,Trucks,pedestrian,truck,pedestrian,truck,pedestrian,truck,pedestrian,truck,pedestrian,truck
2013,Motorcycle,2/3 Wheeled,Motorcycle,2/3 Wheeled,motorcycle,motorcycle,motorcycle,motorcycle,motorcycle,motorcycle,motorcycle,motorcycle,motorcycle,motorcycle
2013,Motorcycle,No other/fixed or stationary object,Motorcycle,No other/fixed or stationary object,motorcycle,NOV,motorcycle,NOV,motorcycle,NOV,motorcycle,NOV,motorcycle,NOV
2013,Pedestrian,Unknown,Pedestrian,NA,pedestrian,motorcycle,pedestrian,car,pedestrian,truck,pedestrian,bus,pedestrian,car
2013,Pedestrian,Unknown,Pedestrian,NA,pedestrian,car,pedestrian,car,pedestrian,motorcycle,pedestrian,motorcycle,pedestrian,car
2013,Pedestrian,2/3 Wheeled,Pedestrian,2/3 Wheeled,pedestrian,motorcycle,pedestrian,motorcycle,pedestrian,motorcycle,pedestrian,motorcycle,pedestrian,motorcycle
2013,3Wheeled,Car/pick-up/van,3Wheeled,Car/pick-up/van,motorcycle,car,motorcycle,car,motorcycle,car,motorcycle,car,motorcycle,car
2013,Car,No other/fixed or stationary object,Car,No other/fixed or stationary object,car,NOV,car,NOV,car,NOV,car,NOV,car,NOV
2014,Pedestrian,Unknown,Pedestrian,NA,pedestrian,car,pedestrian,car,pedestrian,truck,pedestrian,truck,pedestrian,bus
2014,Pedestrian,Unknown,Pedestrian,NA,pedestrian,motorcycle,pedestrian,car,pedestrian,car,pedestrian,car,pedestrian,car
2014,Pedestrian,Unknown,Pedestrian,NA,pedestrian,bus,pedestrian,car,pedestrian,car,pedestrian,car,pedestrian,truck
2014,Pedestrian,Car/pick-up/van,Pedestrian,Car/pick-up/van,pedestrian,car,pedestrian,car,pedestrian,car,pedestrian,car,pedestrian,car
2014,Pedestrian,Unknown,Pedestrian,NA,pedestrian,car,pedestrian,car,pedestrian,bus,pedestrian,car,pedestrian,motorcycle
2014,Motorcycle,Car/pick-up/van,Motorcycle,Car/pick-up/van,motorcycle,car,motorcycle,car,motorcycle,car,motorcycle,car,motorcycle,car
2014,Other,Unknown,Other,NA,other,truck,other,bus,other,car,other,NOV,other,truck
2014,Pedestrian,Car/pick-up/van,Pedestrian,Car/pick-up/van,pedestrian,car,pedestrian,car,pedestrian,car,pedestrian,car,pedestrian,car
2014,Pedestrian,Car/pick-up/van,Pedestrian,Car/pick-up/van,pedestrian,car,pedestrian,car,pedestrian,car,pedestrian,car,pedestrian,car
2014,Motorcycle,Unknown,Motorcycle,NA,motorcycle,bus,motorcycle,motorcycle,motorcycle,NOV,motorcycle,bus,motorcycle,truck
2014,Car,Trucks,Car,Trucks,car,truck,car,truck,car,truck,car,truck,car,truck
2014,Pedestrian,Trucks,Pedestrian,Trucks,pedestrian,truck,pedestrian,truck,pedestrian,truck,pedestrian,truck,pedestrian,truck
2014,Pedestrian,Car/pick-up/van,Pedestrian,Car/pick-up/van,pedestrian,car,pedestrian,car,pedestrian,car,pedestrian,car,pedestrian,car
2013,Pedestrian,Car/pick-up/van,Pedestrian,Car/pick-up/van,pedestrian,car,pedestrian,car,pedestrian,car,pedestrian,car,pedestrian,car
2013,Car,Trucks,Car,Trucks,car,truck,car,truck,car,truck,car,truck,car,truck
2013,Motorcycle,Car/pick-up/van,Motorcycle,Car/pick-up/van,motorcycle,car,motorcycle,car,motorcycle,car,motorcycle,car,motorcycle,car
2013,Motorcycle,Unknown,Motorcycle,NA,motorcycle,bus,motorcycle,motorcycle,motorcycle,car,motorcycle,truck,motorcycle,truck
2013,Pedestrian,Unknown,Pedestrian,NA,pedestrian,car,pedestrian,car,pedestrian,motorcycle,pedestrian,car,pedestrian,bus
2013,Pedal Cycle,Car/pick-up/van,Pedal Cycle,Car/pick-up/van,cycle,car,cycle,car,cycle,car,cycle,car,cycle,car
2013,Motorcycle,Bus,Motorcycle,Bus,motorcycle,bus,motorcycle,bus,motorcycle,bus,motorcycle,bus,motorcycle,bus
2014,Pedal Cycle,Unknown,Pedal Cycle,NA,cycle,bus,cycle,car,cycle,truck,cycle,truck,cycle,truck
2014,Car,Unknown,Car,NA,car,motorcycle,car,NOV,car,truck,car,truck,car,truck
2013,Pedestrian,Unknown,Pedestrian,NA,pedestrian,truck,pedestrian,car,pedestrian,bus,pedestrian,car,pedestrian,truck
2013,Pedestrian,Unknown,Pedestrian,NA,pedestrian,car,pedestrian,motorcycle,pedestrian,car,pedestrian,car,pedestrian,car
2013,Car,Car/pick-up/van,Car,Car/pick-up/van,car,car,car,car,car,car,car,car,car,car
2013,Motorcycle,Bus,Motorcycle,Bus,motorcycle,bus,motorcycle,bus,motorcycle,bus,motorcycle,bus,motorcycle,bus
2013,Car,No other/fixed or stationary object,Car,No other/fixed or stationary object,car,NOV,car,NOV,car,NOV,car,NOV,car,NOV
2013,Motorcycle,No other/fixed or stationary object,Motorcycle,No other/fixed or stationary object,motorcycle,NOV,motorcycle,NOV,motorcycle,NOV,motorcycle,NOV,motorcycle,NOV
2013,Motorcycle,Unknown,Motorcycle,NA,motorcycle,truck,motorcycle,truck,motorcycle,car,motorcycle,car,motorcycle,car
2013,Motorcycle,Unknown,Motorcycle,NA,motorcycle,car,motorcycle,car,motorcycle,car,motorcycle,NOV,motorcycle,truck
2013,Motorcycle,Unknown,Motorcycle,NA,motorcycle,truck,motorcycle,truck,motorcycle,truck,motorcycle,truck,motorcycle,motorcycle
2013,Motorcycle,Car/pick-up/van,Motorcycle,Car/pick-up/van,motorcycle,car,motorcycle,car,motorcycle,car,motorcycle,car,motorcycle,car
2013,Pedestrian,Unknown,Pedestrian,NA,pedestrian,car,pedestrian,car,pedestrian,motorcycle,pedestrian,car,pedestrian,truck
2013,Car,Unknown,Car,NA,car,truck,car,NOV,car,truck,car,NOV,car,NOV
2013,Motorcycle,Unknown,Motorcycle,NA,motorcycle,car,motorcycle,truck,motorcycle,car,motorcycle,NOV,motorcycle,truck
2013,Motorcycle,No other/fixed or stationary object,Motorcycle,No other/fixed or stationary object,motorcycle,NOV,motorcycle,NOV,motorcycle,NOV,motorcycle,NOV,motorcycle,NOV
2013,Pedestrian,Unknown,Pedestrian,NA,pedestrian,truck,pedestrian,car,pedestrian,car,pedestrian,truck,pedestrian,car
2013,Motorcycle,Unknown,Motorcycle,NA,motorcycle,motorcycle,motorcycle,NOV,motorcycle,truck,motorcycle,truck,motorcycle,NOV
2013,Motorcycle,Unknown,Motorcycle,NA,motorcycle,car,motorcycle,NOV,motorcycle,NOV,motorcycle,truck,motorcycle,truck
2013,Motorcycle,Unknown,Motorcycle,NA,motorcycle,car,motorcycle,truck,motorcycle,car,motorcycle,NOV,motorcycle,car
2013,Pedestrian,Unknown,Pedestrian,NA,pedestrian,motorcycle,pedestrian,motorcycle,pedestrian,truck,pedestrian,car,pedestrian,motorcycle
2013,Motorcycle,Unknown,Motorcycle,NA,motorcycle,bus,motorcycle,truck,motorcycle,car,motorcycle,car,motorcycle,car
2013,Motorcycle,Unknown,Motorcycle,NA,motorcycle,truck,motorcycle,truck,motorcycle,car,motorcycle,truck,motorcycle,motorcycle
2013,Motorcycle,Unknown,Motorcycle,NA,motorcycle,car,motorcycle,truck,motorcycle,car,motorcycle,truck,motorcycle,car
2013,Motorcycle,Unknown,Motorcycle,NA,motorcycle,car,motorcycle,car,motorcycle,NOV,motorcycle,motorcycle,motorcycle,bus
2013,Pedestrian,Car/pick-up/van,Pedestrian,Car/pick-up/van,pedestrian,car,pedestrian,car,pedestrian,car,pedestrian,car,pedestrian,car
2013,Bus,No other/fixed or stationary object,Bus,No other/fixed or stationary object,bus,NOV,bus,NOV,bus,NOV,bus,NOV,bus,NOV
2013,Motorcycle,Bus,Motorcycle,Bus,motorcycle,bus,motorcycle,bus,motorcycle,bus,motorcycle,bus,motorcycle,bus
2013,Pedestrian,Unknown,Pedestrian,NA,pedestrian,car,pedestrian,truck,pedestrian,car,pedestrian,motorcycle,pedestrian,bus
2013,Motorcycle,Unknown,Motorcycle,NA,motorcycle,bus,motorcycle,car,motorcycle,bus,motorcycle,truck,motorcycle,car
2013,Car,Trucks,Car,Trucks,car,truck,car,truck,car,truck,car,truck,car,truck
2013,Unknown,unspecified,NA,NA,pedestrian,motorcycle,pedestrian,truck,other,truck,pedestrian,truck,pedestrian,motorcycle
2013,Motorcycle,Unknown,Motorcycle,NA,motorcycle,car,motorcycle,motorcycle,motorcycle,truck,motorcycle,bus,motorcycle,car
2013,Other,Unknown,Other,NA,other,car,other,car,other,truck,other,NOV,other,NOV
2013,Motorcycle,2/3 Wheeled,Motorcycle,2/3 Wheeled,motorcycle,motorcycle,motorcycle,motorcycle,motorcycle,motorcycle,motorcycle,motorcycle,motorcycle,motorcycle
2013,Motorcycle,Car/pick-up/van,Motorcycle,Car/pick-up/van,motorcycle,car,motorcycle,car,motorcycle,car,motorcycle,car,motorcycle,car
2013,Pedal Cycle,Unknown,Pedal Cycle,NA,cycle,bus,cycle,truck,cycle,car,cycle,car,cycle,truck
2013,Heavy transport,2/3 Wheeled,Heavy transport,2/3 Wheeled,truck,motorcycle,truck,motorcycle,truck,motorcycle,truck,motorcycle,truck,motorcycle
2013,Motorcycle,Trucks,Motorcycle,Trucks,motorcycle,truck,motorcycle,truck,motorcycle,truck,motorcycle,truck,motorcycle,truck
2013,Car,Trucks,Car,Trucks,car,truck,car,truck,car,truck,car,truck,car,truck
2013,Motorcycle,Unknown,Motorcycle,NA,motorcycle,car,motorcycle,truck,motorcycle,bus,motorcycle,bus,motorcycle,truck
2013,Motorcycle,Unknown,Motorcycle,NA,motorcycle,truck,motorcycle,bus,motorcycle,bus,motorcycle,car,motorcycle,truck
2013,Pedestrian,Unknown,Pedestrian,NA,pedestrian,car,pedestrian,motorcycle,pedestrian,car,pedestrian,car,pedestrian,car
2013,Motorcycle,Unknown,Motorcycle,NA,motorcycle,car,motorcycle,truck,motorcycle,car,motorcycle,car,motorcycle,truck
2013,Car,Trucks,Car,Trucks,car,truck,car,truck,car,truck,car,truck,car,truck
2013,Motorcycle,Bus,Motorcycle,Bus,motorcycle,bus,motorcycle,bus,motorcycle,bus,motorcycle,bus,motorcycle,bus
2013,Motorcycle,Unknown,Motorcycle,NA,motorcycle,car,motorcycle,car,motorcycle,truck,motorcycle,car,motorcycle,truck
2013,Car,Unknown,Car,NA,car,truck,car,NOV,car,car,car,NOV,car,car
2013,Pedestrian,Unknown,Pedestrian,NA,pedestrian,car,pedestrian,motorcycle,pedestrian,car,pedestrian,bus,pedestrian,car
2013,Motorcycle,Trucks,Motorcycle,Trucks,motorcycle,truck,motorcycle,truck,motorcycle,truck,motorcycle,truck,motorcycle,truck
2014,Motorcycle,Car/pick-up/van,Motorcycle,Car/pick-up/van,motorcycle,car,motorcycle,car,motorcycle,car,motorcycle,car,motorcycle,car
2014,Heavy transport,No other/fixed or stationary object,Heavy transport,No other/fixed or stationary object,truck,NOV,truck,NOV,truck,NOV,truck,NOV,truck,NOV
2014,Pedestrian,Unknown,Pedestrian,NA,pedestrian,bus,pedestrian,truck,pedestrian,bus,pedestrian,motorcycle,pedestrian,motorcycle
2014,Heavy transport,No other/fixed or stationary object,Heavy transport,No other/fixed or stationary object,truck,NOV,truck,NOV,truck,NOV,truck,NOV,truck,NOV
2014,Pedestrian,Unknown,Pedestrian,NA,pedestrian,truck,pedestrian,car,pedestrian,motorcycle,pedestrian,car,pedestrian,truck
2014,3Wheeled,Car/pick-up/van,3Wheeled,Car/pick-up/van,motorcycle,car,motorcycle,car,motorcycle,car,motorcycle,car,motorcycle,car
2014,Motorcycle,Trucks,Motorcycle,Trucks,motorcycle,truck,motorcycle,truck,motorcycle,truck,motorcycle,truck,motorcycle,truck
2014,Motorcycle,Trucks,Motorcycle,Trucks,motorcycle,truck,motorcycle,truck,motorcycle,truck,motorcycle,truck,motorcycle,truck
2014,Heavy transport,Trucks,Heavy transport,Trucks,truck,truck,truck,truck,truck,truck,truck,truck,truck,truck
2014,Pedestrian,Unknown,Pedestrian,NA,pedestrian,bus,pedestrian,truck,pedestrian,car,pedestrian,car,pedestrian,car
2014,3Wheeled,Car/pick-up/van,3Wheeled,Car/pick-up/van,motorcycle,car,motorcycle,car,motorcycle,car,motorcycle,car,motorcycle,car
2014,Motorcycle,Car/pick-up/van,Motorcycle,Car/pick-up/van,motorcycle,car,motorcycle,car,motorcycle,car,motorcycle,car,motorcycle,car
2014,Motorcycle,Car/pick-up/van,Motorcycle,Car/pick-up/van,motorcycle,car,motorcycle,car,motorcycle,car,motorcycle,car,motorcycle,car
2014,Pedestrian,Unknown,Pedestrian,NA,pedestrian,car,pedestrian,car,pedestrian,motorcycle,pedestrian,car,pedestrian,car
2014,Motorcycle,Bus,Motorcycle,Bus,motorcycle,bus,motorcycle,bus,motorcycle,bus,motorcycle,bus,motorcycle,bus
2014,Car,Car/pick-up/van,Car,Car/pick-up/van,car,car,car,car,car,car,car,car,car,car
2014,Motorcycle,Unknown,Motorcycle,NA,motorcycle,car,motorcycle,truck,motorcycle,car,motorcycle,truck,motorcycle,truck
2014,Motorcycle,Unknown,Motorcycle,NA,motorcycle,car,motorcycle,truck,motorcycle,car,motorcycle,truck,motorcycle,bus
2014,Motorcycle,Car/pick-up/van,Motorcycle,Car/pick-up/van,motorcycle,car,motorcycle,car,motorcycle,car,motorcycle,car,motorcycle,car
2014,Pedestrian,Unknown,Pedestrian,NA,pedestrian,truck,pedestrian,car,pedestrian,truck,pedestrian,car,pedestrian,car
2014,Motorcycle,Car/pick-up/van,Motorcycle,Car/pick-up/van,motorcycle,car,motorcycle,car,motorcycle,car,motorcycle,car,motorcycle,car
2014,3Wheeled,Car/pick-up/van,3Wheeled,Car/pick-up/van,motorcycle,car,motorcycle,car,motorcycle,car,motorcycle,car,motorcycle,car
2014,Heavy transport,unspecified,Heavy transport,NA,truck,car,truck,NOV,truck,car,truck,truck,truck,NOV
2014,Car,Trucks,Car,Trucks,car,truck,car,truck,car,truck,car,truck,car,truck
2014,Motorcycle,Unknown,Motorcycle,NA,motorcycle,NOV,motorcycle,truck,motorcycle,car,motorcycle,truck,motorcycle,car
2014,Other,Unknown,Other,NA,other,truck,other,car,other,car,other,bus,other,truck
2014,Heavy transport,Trucks,Heavy transport,Trucks,truck,truck,truck,truck,truck,truck,truck,truck,truck,truck
2014,Heavy transport,Trucks,Heavy transport,Trucks,truck,truck,truck,truck,truck,truck,truck,truck,truck,truck
2014,Car,Car/pick-up/van,Car,Car/pick-up/van,car,car,car,car,car,car,car,car,car,car
2014,Pedestrian,Unknown,Pedestrian,NA,pedestrian,bus,pedestrian,bus,pedestrian,motorcycle,pedestrian,car,pedestrian,truck
2014,Pedestrian,Unknown,Pedestrian,NA,pedestrian,car,pedestrian,car,pedestrian,truck,pedestrian,car,pedestrian,truck
2014,Motorcycle,Car/pick-up/van,Motorcycle,Car/pick-up/van,motorcycle,car,motorcycle,car,motorcycle,car,motorcycle,car,motorcycle,car
2014,Motorcycle,Unknown,Motorcycle,NA,motorcycle,truck,motorcycle,NOV,motorcycle,truck,motorcycle,bus,motorcycle,truck
2014,Pedestrian,Unknown,Pedestrian,NA,pedestrian,motorcycle,pedestrian,bus,pedestrian,car,pedestrian,truck,pedestrian,car
2014,Motorcycle,Unknown,Motorcycle,NA,motorcycle,car,motorcycle,truck,motorcycle,truck,motorcycle,car,motorcycle,NOV
2014,Pedal Cycle,2/3 Wheeled,Pedal Cycle,2/3 Wheeled,cycle,motorcycle,cycle,motorcycle,cycle,motorcycle,cycle,motorcycle,cycle,motorcycle
2014,Motorcycle,Car/pick-up/van,Motorcycle,Car/pick-up/van,motorcycle,car,motorcycle,car,motorcycle,car,motorcycle,car,motorcycle,car
2014,Motorcycle,Unknown,Motorcycle,NA,motorcycle,car,motorcycle,bus,motorcycle,truck,motorcycle,car,motorcycle,car
2014,Motorcycle,Unknown,Motorcycle,NA,motorcycle,truck,motorcycle,car,motorcycle,car,motorcycle,truck,motorcycle,truck
2014,Motorcycle,Unknown,Motorcycle,NA,motorcycle,NOV,motorcycle,bus,motorcycle,car,motorcycle,bus,motorcycle,truck
2014,Heavy transport,2/3 Wheeled,Heavy transport,2/3 Wheeled,truck,motorcycle,truck,motorcycle,truck,motorcycle,truck,motorcycle,truck,motorcycle
2014,Motorcycle,Unknown,Motorcycle,NA,motorcycle,car,motorcycle,NOV,motorcycle,car,motorcycle,car,motorcycle,car
2014,Motorcycle,Car/pick-up/van,Motorcycle,Car/pick-up/van,motorcycle,car,motorcycle,car,motorcycle,car,motorcycle,car,motorcycle,car
2014,Motorcycle,Car/pick-up/van,Motorcycle,Car/pick-up/van,motorcycle,car,motorcycle,car,motorcycle,car,motorcycle,car,motorcycle,car
2014,3Wheeled,Car/pick-up/van,3Wheeled,Car/pick-up/van,motorcycle,car,motorcycle,car,motorcycle,car,motorcycle,car,motorcycle,car
2014,Motorcycle,Bus,Motorcycle,Bus,motorcycle,bus,motorcycle,bus,motorcycle,bus,motorcycle,bus,motorcycle,bus
2014,Motorcycle,Car/pick-up/van,Motorcycle,Car/pick-up/van,motorcycle,car,motorcycle,car,motorcycle,car,motorcycle,car,motorcycle,car
2014,Motorcycle,No other/fixed or stationary object,Motorcycle,No other/fixed or stationary object,motorcycle,NOV,motorcycle,NOV,motorcycle,NOV,motorcycle,NOV,motorcycle,NOV
2014,Car,Trucks,Car,Trucks,car,truck,car,truck,car,truck,car,truck,car,truck
2014,Pedestrian,Unknown,Pedestrian,NA,pedestrian,car,pedestrian,motorcycle,pedestrian,motorcycle,pedestrian,motorcycle,pedestrian,bus
2014,Motorcycle,Unknown,Motorcycle,NA,motorcycle,truck,motorcycle,truck,motorcycle,truck,motorcycle,truck,motorcycle,car
2013,Motorcycle,Bus,Motorcycle,Bus,motorcycle,bus,motorcycle,bus,motorcycle,bus,motorcycle,bus,motorcycle,bus
2013,Pedestrian,Unknown,Pedestrian,NA,pedestrian,truck,pedestrian,bus,pedestrian,bus,pedestrian,car,pedestrian,car
2013,Motorcycle,Car/pick-up/van,Motorcycle,Car/pick-up/van,motorcycle,car,motorcycle,car,motorcycle,car,motorcycle,car,motorcycle,car
2013,Pedestrian,Bus,Pedestrian,Bus,pedestrian,bus,pedestrian,bus,pedestrian,bus,pedestrian,bus,pedestrian,bus
2013,Motorcycle,Trucks,Motorcycle,Trucks,motorcycle,truck,motorcycle,truck,motorcycle,truck,motorcycle,truck,motorcycle,truck
2013,Motorcycle,Bus,Motorcycle,Bus,motorcycle,bus,motorcycle,bus,motorcycle,bus,motorcycle,bus,motorcycle,bus
2013,Pedestrian,2/3 Wheeled,Pedestrian,2/3 Wheeled,pedestrian,motorcycle,pedestrian,motorcycle,pedestrian,motorcycle,pedestrian,motorcycle,pedestrian,motorcycle
2013,Pedestrian,Car/pick-up/van,Pedestrian,Car/pick-up/van,pedestrian,car,pedestrian,car,pedestrian,car,pedestrian,car,pedestrian,car
2013,Pedestrian,Unknown,Pedestrian,NA,pedestrian,bus,pedestrian,motorcycle,pedestrian,car,pedestrian,car,pedestrian,truck
2013,Pedestrian,Unknown,Pedestrian,NA,pedestrian,car,pedestrian,bus,pedestrian,car,pedestrian,motorcycle,pedestrian,car
2013,3Wheeled,Trucks,3Wheeled,Trucks,motorcycle,truck,motorcycle,truck,motorcycle,truck,motorcycle,truck,motorcycle,truck
2013,Pedestrian,Unknown,Pedestrian,NA,pedestrian,car,pedestrian,bus,pedestrian,bus,pedestrian,bus,pedestrian,motorcycle
2013,Motorcycle,Car/pick-up/van,Motorcycle,Car/pick-up/van,motorcycle,car,motorcycle,car,motorcycle,car,motorcycle,car,motorcycle,car
2013,Pedestrian,2/3 Wheeled,Pedestrian,2/3 Wheeled,pedestrian,motorcycle,pedestrian,motorcycle,pedestrian,motorcycle,pedestrian,motorcycle,pedestrian,motorcycle
2013,Pedestrian,Bus,Pedestrian,Bus,pedestrian,bus,pedestrian,bus,pedestrian,bus,pedestrian,bus,pedestrian,bus
2014,Motorcycle,Unknown,Motorcycle,NA,motorcycle,car,motorcycle,NOV,motorcycle,truck,motorcycle,bus,motorcycle,bus
2014,Pedestrian,Car/pick-up/van,Pedestrian,Car/pick-up/van,pedestrian,car,pedestrian,car,pedestrian,car,pedestrian,car,pedestrian,car
2014,Pedestrian,Bus,Pedestrian,Bus,pedestrian,bus,pedestrian,bus,pedestrian,bus,pedestrian,bus,pedestrian,bus
2014,Motorcycle,Car/pick-up/van,Motorcycle,Car/pick-up/van,motorcycle,car,motorcycle,car,motorcycle,car,motorcycle,car,motorcycle,car
2014,3Wheeled,Car/pick-up/van,3Wheeled,Car/pick-up/van,motorcycle,car,motorcycle,car,motorcycle,car,motorcycle,car,motorcycle,car
2014,Pedestrian,2/3 Wheeled,Pedestrian,2/3 Wheeled,pedestrian,motorcycle,pedestrian,motorcycle,pedestrian,motorcycle,pedestrian,motorcycle,pedestrian,motorcycle
2014,Pedestrian,Unknown,Pedestrian,NA,pedestrian,car,pedestrian,bus,pedestrian,car,pedestrian,truck,pedestrian,bus
2014,Motorcycle,Bus,Motorcycle,Bus,motorcycle,bus,motorcycle,bus,motorcycle,bus,motorcycle,bus,motorcycle,bus
2013,Car,Trucks,Car,Trucks,car,truck,car,truck,car,truck,car,truck,car,truck
2013,Motorcycle,Unknown,Motorcycle,NA,motorcycle,truck,motorcycle,motorcycle,motorcycle,bus,motorcycle,car,motorcycle,NOV
2013,Pedestrian,Car/pick-up/van,Pedestrian,Car/pick-up/van,pedestrian,car,pedestrian,car,pedestrian,car,pedestrian,car,pedestrian,car
2013,Pedestrian,Car/pick-up/van,Pedestrian,Car/pick-up/van,pedestrian,car,pedestrian,car,pedestrian,car,pedestrian,car,pedestrian,car
2013,Motorcycle,Unknown,Motorcycle,NA,motorcycle,car,motorcycle,truck,motorcycle,bus,motorcycle,NOV,motorcycle,NOV
2013,Pedestrian,Unknown,Pedestrian,NA,pedestrian,truck,pedestrian,car,pedestrian,truck,pedestrian,car,pedestrian,truck
2013,Car,No other/fixed or stationary object,Car,No other/fixed or stationary object,car,NOV,car,NOV,car,NOV,car,NOV,car,NOV
2013,Other,unspecified,Other,NA,other,car,other,car,other,car,other,truck,other,truck
2013,Motorcycle,Trucks,Motorcycle,Trucks,motorcycle,truck,motorcycle,truck,motorcycle,truck,motorcycle,truck,motorcycle,truck
2013,Pedestrian,Unknown,Pedestrian,NA,pedestrian,motorcycle,pedestrian,truck,pedestrian,motorcycle,pedestrian,motorcycle,pedestrian,motorcycle
2013,Motorcycle,Car/pick-up/van,Motorcycle,Car/pick-up/van,motorcycle,car,motorcycle,car,motorcycle,car,motorcycle,car,motorcycle,car
2013,Motorcycle,Unknown,Motorcycle,NA,motorcycle,motorcycle,motorcycle,truck,motorcycle,motorcycle,motorcycle,car,motorcycle,bus
2014,Motorcycle,Unknown,Motorcycle,NA,motorcycle,car,motorcycle,NOV,motorcycle,truck,motorcycle,truck,motorcycle,motorcycle
2014,Motorcycle,Trucks,Motorcycle,Trucks,motorcycle,truck,motorcycle,truck,motorcycle,truck,motorcycle,truck,motorcycle,truck
2014,Pedestrian,Unknown,Pedestrian,NA,pedestrian,motorcycle,pedestrian,car,pedestrian,motorcycle,pedestrian,truck,pedestrian,car
2014,Pedestrian,Car/pick-up/van,Pedestrian,Car/pick-up/van,pedestrian,car,pedestrian,car,pedestrian,car,pedestrian,car,pedestrian,car
2014,Pedestrian,Unknown,Pedestrian,NA,pedestrian,car,pedestrian,motorcycle,pedestrian,car,pedestrian,car,pedestrian,car
2014,Pedestrian,Unknown,Pedestrian,NA,pedestrian,car,pedestrian,truck,pedestrian,motorcycle,pedestrian,car,pedestrian,bus
2014,Pedestrian,Car/pick-up/van,Pedestrian,Car/pick-up/van,pedestrian,car,pedestrian,car,pedestrian,car,pedestrian,car,pedestrian,car
2013,Pedestrian,Car/pick-up/van,Pedestrian,Car/pick-up/van,pedestrian,car,pedestrian,car,pedestrian,car,pedestrian,car,pedestrian,car
2013,Unknown,unspecified,NA,NA,pedestrian,car,pedestrian,motorcycle,other,car,motorcycle,truck,motorcycle,truck
2013,Pedestrian,Unknown,Pedestrian,NA,pedestrian,motorcycle,pedestrian,bus,pedestrian,motorcycle,pedestrian,car,pedestrian,bus
2013,Pedestrian,Unknown,Pedestrian,NA,pedestrian,car,pedestrian,motorcycle,pedestrian,car,pedestrian,bus,pedestrian,car
2013,Pedestrian,Unknown,Pedestrian,NA,pedestrian,truck,pedestrian,motorcycle,pedestrian,truck,pedestrian,car,pedestrian,car
2013,Motorcycle,2/3 Wheeled,Motorcycle,2/3 Wheeled,motorcycle,motorcycle,motorcycle,motorcycle,motorcycle,motorcycle,motorcycle,motorcycle,motorcycle,motorcycle
2013,Motorcycle,No other/fixed or stationary object,Motorcycle,No other/fixed or stationary object,motorcycle,NOV,motorcycle,NOV,motorcycle,NOV,motorcycle,NOV,motorcycle,NOV
2013,Motorcycle,Trucks,Motorcycle,Trucks,motorcycle,truck,motorcycle,truck,motorcycle,truck,motorcycle,truck,motorcycle,truck
2013,Pedestrian,Car/pick-up/van,Pedestrian,Car/pick-up/van,pedestrian,car,pedestrian,car,pedestrian,car,pedestrian,car,pedestrian,car
2014,Motorcycle,Car/pick-up/van,Motorcycle,Car/pick-up/van,motorcycle,car,motorcycle,car,motorcycle,car,motorcycle,car,motorcycle,car
2014,Motorcycle,Car/pick-up/van,Motorcycle,Car/pick-up/van,motorcycle,car,motorcycle,car,motorcycle,car,motorcycle,car,motorcycle,car
2014,3Wheeled,Unknown,3Wheeled,NA,motorcycle,car,motorcycle,bus,motorcycle,NOV,motorcycle,bus,motorcycle,truck
2014,Motorcycle,Bus,Motorcycle,Bus,motorcycle,bus,motorcycle,bus,motorcycle,bus,motorcycle,bus,motorcycle,bus
2014,Pedestrian,Car/pick-up/van,Pedestrian,Car/pick-up/van,pedestrian,car,pedestrian,car,pedestrian,car,pedestrian,car,pedestrian,car
2014,Heavy transport,Trucks,Heavy transport,Trucks,truck,truck,truck,truck,truck,truck,truck,truck,truck,truck
2014,3Wheeled,No other/fixed or stationary object,3Wheeled,No other/fixed or stationary object,motorcycle,NOV,motorcycle,NOV,motorcycle,NOV,motorcycle,NOV,motorcycle,NOV
2014,Heavy transport,Trucks,Heavy transport,Trucks,truck,truck,truck,truck,truck,truck,truck,truck,truck,truck
2014,Pedal Cycle,Unknown,Pedal Cycle,NA,cycle,motorcycle,cycle,motorcycle,cycle,truck,cycle,truck,cycle,truck
2014,Pedestrian,2/3 Wheeled,Pedestrian,2/3 Wheeled,pedestrian,motorcycle,pedestrian,motorcycle,pedestrian,motorcycle,pedestrian,motorcycle,pedestrian,motorcycle
2014,Motorcycle,2/3 Wheeled,Motorcycle,2/3 Wheeled,motorcycle,motorcycle,motorcycle,motorcycle,motorcycle,motorcycle,motorcycle,motorcycle,motorcycle,motorcycle
2014,Pedestrian,Bus,Pedestrian,Bus,pedestrian,bus,pedestrian,bus,pedestrian,bus,pedestrian,bus,pedestrian,bus
2014,Motorcycle,Trucks,Motorcycle,Trucks,motorcycle,truck,motorcycle,truck,motorcycle,truck,motorcycle,truck,motorcycle,truck
2014,Motorcycle,Bus,Motorcycle,Bus,motorcycle,bus,motorcycle,bus,motorcycle,bus,motorcycle,bus,motorcycle,bus
2014,Motorcycle,Trucks,Motorcycle,Trucks,motorcycle,truck,motorcycle,truck,motorcycle,truck,motorcycle,truck,motorcycle,truck
2014,Pedestrian,Unknown,Pedestrian,NA,pedestrian,car,pedestrian,car,pedestrian,car,pedestrian,truck,pedestrian,bus
2014,Pedestrian,Bus,Pedestrian,Bus,pedestrian,bus,pedestrian,bus,pedestrian,bus,pedestrian,bus,pedestrian,bus
2013,Pedestrian,Unknown,Pedestrian,NA,pedestrian,bus,pedestrian,truck,pedestrian,bus,pedestrian,motorcycle,pedestrian,motorcycle
2013,Motorcycle,Unknown,Motorcycle,NA,motorcycle,car,motorcycle,car,motorcycle,bus,motorcycle,NOV,motorcycle,motorcycle
2013,Motorcycle,2/3 Wheeled,Motorcycle,2/3 Wheeled,motorcycle,motorcycle,motorcycle,motorcycle,motorcycle,motorcycle,motorcycle,motorcycle,motorcycle,motorcycle
2013,Motorcycle,Unknown,Motorcycle,NA,motorcycle,NOV,motorcycle,car,motorcycle,truck,motorcycle,car,motorcycle,car
2013,Pedal Cycle,Trucks,Pedal Cycle,Trucks,cycle,truck,cycle,truck,cycle,truck,cycle,truck,cycle,truck
2013,Pedestrian,Car/pick-up/van,Pedestrian,Car/pick-up/van,pedestrian,car,pedestrian,car,pedestrian,car,pedestrian,car,pedestrian,car
2013,Pedestrian,Bus,Pedestrian,Bus,pedestrian,bus,pedestrian,bus,pedestrian,bus,pedestrian,bus,pedestrian,bus
2013,Motorcycle,Unknown,Motorcycle,NA,motorcycle,car,motorcycle,truck,motorcycle,bus,motorcycle,car,motorcycle,car
2013,Pedestrian,Unknown,Pedestrian,NA,pedestrian,bus,pedestrian,car,pedestrian,car,pedestrian,car,pedestrian,motorcycle
2013,Car,Unknown,Car,NA,car,car,car,car,car,NOV,car,NOV,car,truck
2013,Car,Car/pick-up/van,Car,Car/pick-up/van,car,car,car,car,car,car,car,car,car,car
2014,Motorcycle,Car/pick-up/van,Motorcycle,Car/pick-up/van,motorcycle,car,motorcycle,car,motorcycle,car,motorcycle,car,motorcycle,car
2014,Pedestrian,Unknown,Pedestrian,NA,pedestrian,truck,pedestrian,car,pedestrian,bus,pedestrian,truck,pedestrian,car
2014,Pedestrian,Trucks,Pedestrian,Trucks,pedestrian,truck,pedestrian,truck,pedestrian,truck,pedestrian,truck,pedestrian,truck
2014,Car,Trucks,Car,Trucks,car,truck,car,truck,car,truck,car,truck,car,truck
2014,Pedestrian,Unknown,Pedestrian,NA,pedestrian,motorcycle,pedestrian,car,pedestrian,motorcycle,pedestrian,truck,pedestrian,motorcycle
2014,Motorcycle,Car/pick-up/van,Motorcycle,Car/pick-up/van,motorcycle,car,motorcycle,car,motorcycle,car,motorcycle,car,motorcycle,car
2014,Motorcycle,Unknown,Motorcycle,NA,motorcycle,car,motorcycle,car,motorcycle,car,motorcycle,NOV,motorcycle,car
2014,Pedestrian,Bus,Pedestrian,Bus,pedestrian,bus,pedestrian,bus,pedestrian,bus,pedestrian,bus,pedestrian,bus
2014,Motorcycle,Trucks,Motorcycle,Trucks,motorcycle,truck,motorcycle,truck,motorcycle,truck,motorcycle,truck,motorcycle,truck
2014,Pedestrian,Car/pick-up/van,Pedestrian,Car/pick-up/van,pedestrian,car,pedestrian,car,pedestrian,car,pedestrian,car,pedestrian,car
2014,Car,Car/pick-up/van,Car,Car/pick-up/van,car,car,car,car,car,car,car,car,car,car
2014,Motorcycle,Car/pick-up/van,Motorcycle,Car/pick-up/van,motorcycle,car,motorcycle,car,motorcycle,car,motorcycle,car,motorcycle,car
2014,Motorcycle,No other/fixed or stationary object,Motorcycle,No other/fixed or stationary object,motorcycle,NOV,motorcycle,NOV,motorcycle,NOV,motorcycle,NOV,motorcycle,NOV
2014,Motorcycle,Trucks,Motorcycle,Trucks,motorcycle,truck,motorcycle,truck,motorcycle,truck,motorcycle,truck,motorcycle,truck
2013,Motorcycle,Car/pick-up/van,Motorcycle,Car/pick-up/van,motorcycle,car,motorcycle,car,motorcycle,car,motorcycle,car,motorcycle,car
2013,Motorcycle,Unknown,Motorcycle,NA,motorcycle,car,motorcycle,car,motorcycle,truck,motorcycle,car,motorcycle,truck
2013,Car,No other/fixed or stationary object,Car,No other/fixed or stationary object,car,NOV,car,NOV,car,NOV,car,NOV,car,NOV
2013,Other,unspecified,Other,NA,other,truck,other,truck,other,NOV,other,car,other,car
2013,Motorcycle,Car/pick-up/van,Motorcycle,Car/pick-up/van,motorcycle,car,motorcycle,car,motorcycle,car,motorcycle,car,motorcycle,car
2013,Car,Unknown,Car,NA,car,truck,car,NOV,car,truck,car,car,car,car
2013,Motorcycle,Car/pick-up/van,Motorcycle,Car/pick-up/van,motorcycle,car,motorcycle,car,motorcycle,car,motorcycle,car,motorcycle,car
2013,Pedal Cycle,Car/pick-up/van,Pedal Cycle,Car/pick-up/van,cycle,car,cycle,car,cycle,car,cycle,car,cycle,car
2013,Motorcycle,2/3 Wheeled,Motorcycle,2/3 Wheeled,motorcycle,motorcycle,motorcycle,motorcycle,motorcycle,motorcycle,motorcycle,motorcycle,motorcycle,motorcycle
2013,Motorcycle,Car/pick-up/van,Motorcycle,Car/pick-up/van,motorcycle,car,motorcycle,car,motorcycle,car,motorcycle,car,motorcycle,car
2013,Motorcycle,Car/pick-up/van,Motorcycle,Car/pick-up/van,motorcycle,car,motorcycle,car,motorcycle,car,motorcycle,car,motorcycle,car
2013,Motorcycle,Unknown,Motorcycle,NA,motorcycle,car,motorcycle,car,motorcycle,bus,motorcycle,bus,motorcycle,car
2013,Motorcycle,Unknown,Motorcycle,NA,motorcycle,truck,motorcycle,NOV,motorcycle,car,motorcycle,NOV,motorcycle,truck
2014,Pedestrian,Unknown,Pedestrian,NA,pedestrian,bus,pedestrian,motorcycle,pedestrian,bus,pedestrian,car,pedestrian,truck
2014,Pedestrian,2/3 Wheeled,Pedestrian,2/3 Wheeled,pedestrian,motorcycle,pedestrian,motorcycle,pedestrian,motorcycle,pedestrian,motorcycle,pedestrian,motorcycle
2014,Pedestrian,Car/pick-up/van,Pedestrian,Car/pick-up/van,pedestrian,car,pedestrian,car,pedestrian,car,pedestrian,car,pedestrian,car
2014,Motorcycle,Unknown,Motorcycle,NA,motorcycle,truck,motorcycle,truck,motorcycle,car,motorcycle,NOV,motorcycle,car
2014,Car,Trucks,Car,Trucks,car,truck,car,truck,car,truck,car,truck,car,truck
2014,Pedestrian,Unknown,Pedestrian,NA,pedestrian,truck,pedestrian,car,pedestrian,motorcycle,pedestrian,motorcycle,pedestrian,truck
2014,Motorcycle,Car/pick-up/van,Motorcycle,Car/pick-up/van,motorcycle,car,motorcycle,car,motorcycle,car,motorcycle,car,motorcycle,car
2014,Motorcycle,Car/pick-up/van,Motorcycle,Car/pick-up/van,motorcycle,car,motorcycle,car,motorcycle,car,motorcycle,car,motorcycle,car
2014,Pedestrian,Unknown,Pedestrian,NA,pedestrian,bus,pedestrian,car,pedestrian,car,pedestrian,motorcycle,pedestrian,car
2014,Pedal Cycle,Car/pick-up/van,Pedal Cycle,Car/pick-up/van,cycle,car,cycle,car,cycle,car,cycle,car,cycle,car
2014,Pedestrian,Unknown,Pedestrian,NA,pedestrian,bus,pedestrian,car,pedestrian,car,pedestrian,car,pedestrian,motorcycle
2014,Pedestrian,2/3 Wheeled,Pedestrian,2/3 Wheeled,pedestrian,motorcycle,pedestrian,motorcycle,pedestrian,motorcycle,pedestrian,motorcycle,pedestrian,motorcycle
2014,Pedestrian,2/3 Wheeled,Pedestrian,2/3 Wheeled,pedestrian,motorcycle,pedestrian,motorcycle,pedestrian,motorcycle,pedestrian,motorcycle,pedestrian,motorcycle
2014,Motorcycle,Car/pick-up/van,Motorcycle,Car/pick-up/van,motorcycle,car,motorcycle,car,motorcycle,car,motorcycle,car,motorcycle,car
2014,Pedestrian,Unknown,Pedestrian,NA,pedestrian,truck,pedestrian,bus,pedestrian,motorcycle,pedestrian,motorcycle,pedestrian,car
2014,Pedal Cycle,Unknown,Pedal Cycle,NA,cycle,bus,cycle,car,cycle,car,cycle,truck,cycle,car
2014,Motorcycle,Trucks,Motorcycle,Trucks,motorcycle,truck,motorcycle,truck,motorcycle,truck,motorcycle,truck,motorcycle,truck
2014,Pedestrian,Unknown,Pedestrian,NA,pedestrian,motorcycle,pedestrian,motorcycle,pedestrian,car,pedestrian,truck,pedestrian,bus
2013,Motorcycle,2/3 Wheeled,Motorcycle,2/3 Wheeled,motorcycle,motorcycle,motorcycle,motorcycle,motorcycle,motorcycle,motorcycle,motorcycle,motorcycle,motorcycle
2013,Motorcycle,2/3 Wheeled,Motorcycle,2/3 Wheeled,motorcycle,motorcycle,motorcycle,motorcycle,motorcycle,motorcycle,motorcycle,motorcycle,motorcycle,motorcycle
2013,Motorcycle,Unknown,Motorcycle,NA,motorcycle,truck,motorcycle,truck,motorcycle,bus,motorcycle,bus,motorcycle,truck
2013,Pedestrian,Car/pick-up/van,Pedestrian,Car/pick-up/van,pedestrian,car,pedestrian,car,pedestrian,car,pedestrian,car,pedestrian,car
2013,Pedestrian,Car/pick-up/van,Pedestrian,Car/pick-up/van,pedestrian,car,pedestrian,car,pedestrian,car,pedestrian,car,pedestrian,car
2013,Motorcycle,Car/pick-up/van,Motorcycle,Car/pick-up/van,motorcycle,car,motorcycle,car,motorcycle,car,motorcycle,car,motorcycle,car
2013,Pedal Cycle,Car/pick-up/van,Pedal Cycle,Car/pick-up/van,cycle,car,cycle,car,cycle,car,cycle,car,cycle,car
2013,Pedal Cycle,Unknown,Pedal Cycle,NA,cycle,truck,cycle,motorcycle,cycle,car,cycle,bus,cycle,car
2013,Heavy transport,No other/fixed or stationary object,Heavy transport,No other/fixed or stationary object,truck,NOV,truck,NOV,truck,NOV,truck,NOV,truck,NOV
2013,Motorcycle,2/3 Wheeled,Motorcycle,2/3 Wheeled,motorcycle,motorcycle,motorcycle,motorcycle,motorcycle,motorcycle,motorcycle,motorcycle,motorcycle,motorcycle
2013,Car,Car/pick-up/van,Car,Car/pick-up/van,car,car,car,car,car,car,car,car,car,car
2013,Motorcycle,Unknown,Motorcycle,NA,motorcycle,truck,motorcycle,NOV,motorcycle,NOV,motorcycle,NOV,motorcycle,truck
2013,Motorcycle,Trucks,Motorcycle,Trucks,motorcycle,truck,motorcycle,truck,motorcycle,truck,motorcycle,truck,motorcycle,truck
2013,Pedestrian,Unknown,Pedestrian,NA,pedestrian,bus,pedestrian,motorcycle,pedestrian,bus,pedestrian,car,pedestrian,car
2013,Pedestrian,2/3 Wheeled,Pedestrian,2/3 Wheeled,pedestrian,motorcycle,pedestrian,motorcycle,pedestrian,motorcycle,pedestrian,motorcycle,pedestrian,motorcycle
2013,Car,Car/pick-up/van,Car,Car/pick-up/van,car,car,car,car,car,car,car,car,car,car
2013,Pedestrian,2/3 Wheeled,Pedestrian,2/3 Wheeled,pedestrian,motorcycle,pedestrian,motorcycle,pedestrian,motorcycle,pedestrian,motorcycle,pedestrian,motorcycle
2013,Pedestrian,Unknown,Pedestrian,NA,pedestrian,bus,pedestrian,truck,pedestrian,truck,pedestrian,car,pedestrian,car
2014,Car,Trucks,Car,Trucks,car,truck,car,truck,car,truck,car,truck,car,truck
2014,Motorcycle,Unknown,Motorcycle,NA,motorcycle,truck,motorcycle,car,motorcycle,NOV,motorcycle,NOV,motorcycle,car
2014,Motorcycle,Car/pick-up/van,Motorcycle,Car/pick-up/van,motorcycle,car,motorcycle,car,motorcycle,car,motorcycle,car,motorcycle,car
2014,Pedestrian,Car/pick-up/van,Pedestrian,Car/pick-up/van,pedestrian,car,pedestrian,car,pedestrian,car,pedestrian,car,pedestrian,car
2014,Motorcycle,Unknown,Motorcycle,NA,motorcycle,truck,motorcycle,car,motorcycle,NOV,motorcycle,car,motorcycle,truck
2014,Motorcycle,Trucks,Motorcycle,Trucks,motorcycle,truck,motorcycle,truck,motorcycle,truck,motorcycle,truck,motorcycle,truck
2014,Pedal Cycle,Unknown,Pedal Cycle,NA,cycle,car,cycle,bus,cycle,bus,cycle,car,cycle,car
2014,Motorcycle,Car/pick-up/van,Motorcycle,Car/pick-up/van,motorcycle,car,motorcycle,car,motorcycle,car,motorcycle,car,motorcycle,car
2014,Pick-up truck/van,No other/fixed or stationary object,Pick-up truck/van,No other/fixed or stationary object,car,NOV,car,NOV,car,NOV,car,NOV,car,NOV
2014,Other,unspecified,Other,NA,other,car,other,bus,other,truck,other,NOV,other,car
2014,Pedestrian,Car/pick-up/van,Pedestrian,Car/pick-up/van,pedestrian,car,pedestrian,car,pedestrian,car,pedestrian,car,pedestrian,car
2014,Pedestrian,Car/pick-up/van,Pedestrian,Car/pick-up/van,pedestrian,car,pedestrian,car,pedestrian,car,pedestrian,car,pedestrian,car
2014,Pedestrian,2/3 Wheeled,Pedestrian,2/3 Wheeled,pedestrian,motorcycle,pedestrian,motorcycle,pedestrian,motorcycle,pedestrian,motorcycle,pedestrian,motorcycle
2014,Motorcycle,Unknown,Motorcycle,NA,motorcycle,truck,motorcycle,motorcycle,motorcycle,car,motorcycle,NOV,motorcycle,NOV
2014,Motorcycle,Unknown,Motorcycle,NA,motorcycle,truck,motorcycle,car,motorcycle,car,motorcycle,NOV,motorcycle,NOV
2014,Motorcycle,Trucks,Motorcycle,Trucks,motorcycle,truck,motorcycle,truck,motorcycle,truck,motorcycle,truck,motorcycle,truck
2014,Motorcycle,Bus,Motorcycle,Bus,motorcycle,bus,motorcycle,bus,motorcycle,bus,motorcycle,bus,motorcycle,bus
2013,Motorcycle,No other/fixed or stationary object,Motorcycle,No other/fixed or stationary object,motorcycle,NOV,motorcycle,NOV,motorcycle,NOV,motorcycle,NOV,motorcycle,NOV
2013,Motorcycle,Trucks,Motorcycle,Trucks,motorcycle,truck,motorcycle,truck,motorcycle,truck,motorcycle,truck,motorcycle,truck
2014,Pedestrian,Unknown,Pedestrian,NA,pedestrian,car,pedestrian,car,pedestrian,truck,pedestrian,truck,pedestrian,motorcycle
2014,Pedestrian,2/3 Wheeled,Pedestrian,2/3 Wheeled,pedestrian,motorcycle,pedestrian,motorcycle,pedestrian,motorcycle,pedestrian,motorcycle,pedestrian,motorcycle
2013,Motorcycle,Trucks,Motorcycle,Trucks,motorcycle,truck,motorcycle,truck,motorcycle,truck,motorcycle,truck,motorcycle,truck
2013,Pedestrian,Car/pick-up/van,Pedestrian,Car/pick-up/van,pedestrian,car,pedestrian,car,pedestrian,car,pedestrian,car,pedestrian,car
2013,Pedestrian,Car/pick-up/van,Pedestrian,Car/pick-up/van,pedestrian,car,pedestrian,car,pedestrian,car,pedestrian,car,pedestrian,car
2013,Motorcycle,No other/fixed or stationary object,Motorcycle,No other/fixed or stationary object,motorcycle,NOV,motorcycle,NOV,motorcycle,NOV,motorcycle,NOV,motorcycle,NOV
2013,Pedestrian,Unknown,Pedestrian,NA,pedestrian,car,pedestrian,car,pedestrian,motorcycle,pedestrian,car,pedestrian,bus
2013,Motorcycle,No other/fixed or stationary object,Motorcycle,No other/fixed or stationary object,motorcycle,NOV,motorcycle,NOV,motorcycle,NOV,motorcycle,NOV,motorcycle,NOV
2013,Car,Car/pick-up/van,Car,Car/pick-up/van,car,car,car,car,car,car,car,car,car,car
2013,Motorcycle,Car/pick-up/van,Motorcycle,Car/pick-up/van,motorcycle,car,motorcycle,car,motorcycle,car,motorcycle,car,motorcycle,car
2013,Motorcycle,Trucks,Motorcycle,Trucks,motorcycle,truck,motorcycle,truck,motorcycle,truck,motorcycle,truck,motorcycle,truck
2013,Pedestrian,Unknown,Pedestrian,NA,pedestrian,bus,pedestrian,bus,pedestrian,truck,pedestrian,car,pedestrian,car
2013,Pedestrian,Unknown,Pedestrian,NA,pedestrian,motorcycle,pedestrian,motorcycle,pedestrian,motorcycle,pedestrian,car,pedestrian,car
2013,Pedestrian,Trucks,Pedestrian,Trucks,pedestrian,truck,pedestrian,truck,pedestrian,truck,pedestrian,truck,pedestrian,truck
2013,Motorcycle,Trucks,Motorcycle,Trucks,motorcycle,truck,motorcycle,truck,motorcycle,truck,motorcycle,truck,motorcycle,truck
2013,Motorcycle,Car/pick-up/van,Motorcycle,Car/pick-up/van,motorcycle,car,motorcycle,car,motorcycle,car,motorcycle,car,motorcycle,car
2013,Motorcycle,No other/fixed or stationary object,Motorcycle,No other/fixed or stationary object,motorcycle,NOV,motorcycle,NOV,motorcycle,NOV,motorcycle,NOV,motorcycle,NOV
2013,Motorcycle,No other/fixed or stationary object,Motorcycle,No other/fixed or stationary object,motorcycle,NOV,motorcycle,NOV,motorcycle,NOV,motorcycle,NOV,motorcycle,NOV
2013,Motorcycle,No other/fixed or stationary object,Motorcycle,No other/fixed or stationary object,motorcycle,NOV,motorcycle,NOV,motorcycle,NOV,motorcycle,NOV,motorcycle,NOV
2013,Heavy transport,No other/fixed or stationary object,Heavy transport,No other/fixed or stationary object,truck,NOV,truck,NOV,truck,NOV,truck,NOV,truck,NOV
2013,Pedal Cycle,Unknown,Pedal Cycle,NA,cycle,truck,cycle,truck,cycle,bus,cycle,bus,cycle,truck
2013,Pedestrian,Car/pick-up/van,Pedestrian,Car/pick-up/van,pedestrian,car,pedestrian,car,pedestrian,car,pedestrian,car,pedestrian,car
2014,Pedal Cycle,Car/pick-up/van,Pedal Cycle,Car/pick-up/van,cycle,car,cycle,car,cycle,car,cycle,car,cycle,car
2014,Pedestrian,Unknown,Pedestrian,NA,pedestrian,truck,pedestrian,motorcycle,pedestrian,bus,pedestrian,motorcycle,pedestrian,car
2014,Pedestrian,Unknown,Pedestrian,NA,pedestrian,truck,pedestrian,bus,pedestrian,motorcycle,pedestrian,car,pedestrian,car
2014,Motorcycle,Car/pick-up/van,Motorcycle,Car/pick-up/van,motorcycle,car,motorcycle,car,motorcycle,car,motorcycle,car,motorcycle,car
2014,Pedal Cycle,Trucks,Pedal Cycle,Trucks,cycle,truck,cycle,truck,cycle,truck,cycle,truck,cycle,truck
2014,Pedestrian,Car/pick-up/van,Pedestrian,Car/pick-up/van,pedestrian,car,pedestrian,car,pedestrian,car,pedestrian,car,pedestrian,car
2014,Pedestrian,unspecified,Pedestrian,NA,pedestrian,bus,pedestrian,car,pedestrian,car,pedestrian,car,pedestrian,truck
2014,Motorcycle,Trucks,Motorcycle,Trucks,motorcycle,truck,motorcycle,truck,motorcycle,truck,motorcycle,truck,motorcycle,truck
2014,Motorcycle,Car/pick-up/van,Motorcycle,Car/pick-up/van,motorcycle,car,motorcycle,car,motorcycle,car,motorcycle,car,motorcycle,car
2014,Motorcycle,Unknown,Motorcycle,NA,motorcycle,car,motorcycle,car,motorcycle,car,motorcycle,car,motorcycle,bus
2014,Car,Car/pick-up/van,Car,Car/pick-up/van,car,car,car,car,car,car,car,car,car,car
2014,Pedestrian,Unknown,Pedestrian,NA,pedestrian,car,pedestrian,truck,pedestrian,car,pedestrian,car,pedestrian,truck
2014,Motorcycle,Unknown,Motorcycle,NA,motorcycle,car,motorcycle,car,motorcycle,car,motorcycle,NOV,motorcycle,NOV
2014,Motorcycle,Car/pick-up/van,Motorcycle,Car/pick-up/van,motorcycle,car,motorcycle,car,motorcycle,car,motorcycle,car,motorcycle,car
2014,Pedestrian,Car/pick-up/van,Pedestrian,Car/pick-up/van,pedestrian,car,pedestrian,car,pedestrian,car,pedestrian,car,pedestrian,car
2014,Motorcycle,2/3 Wheeled,Motorcycle,2/3 Wheeled,motorcycle,motorcycle,motorcycle,motorcycle,motorcycle,motorcycle,motorcycle,motorcycle,motorcycle,motorcycle
2014,Motorcycle,Unknown,Motorcycle,NA,motorcycle,car,motorcycle,car,motorcycle,bus,motorcycle,car,motorcycle,truck
2014,Pedal Cycle,Car/pick-up/van,Pedal Cycle,Car/pick-up/van,cycle,car,cycle,car,cycle,car,cycle,car,cycle,car
2014,Car,No other/fixed or stationary object,Car,No other/fixed or stationary object,car,NOV,car,NOV,car,NOV,car,NOV,car,NOV
2014,Motorcycle,Car/pick-up/van,Motorcycle,Car/pick-up/van,motorcycle,car,motorcycle,car,motorcycle,car,motorcycle,car,motorcycle,car
2014,Motorcycle,Trucks,Motorcycle,Trucks,motorcycle,truck,motorcycle,truck,motorcycle,truck,motorcycle,truck,motorcycle,truck
2014,Pedal Cycle,Car/pick-up/van,Pedal Cycle,Car/pick-up/van,cycle,car,cycle,car,cycle,car,cycle,car,cycle,car
2014,Pedestrian,Unknown,Pedestrian,NA,pedestrian,car,pedestrian,motorcycle,pedestrian,car,pedestrian,car,pedestrian,bus
2014,Motorcycle,Trucks,Motorcycle,Trucks,motorcycle,truck,motorcycle,truck,motorcycle,truck,motorcycle,truck,motorcycle,truck
2013,Motorcycle,Bus,Motorcycle,Bus,motorcycle,bus,motorcycle,bus,motorcycle,bus,motorcycle,bus,motorcycle,bus
2013,Pedestrian,Car/pick-up/van,Pedestrian,Car/pick-up/van,pedestrian,car,pedestrian,car,pedestrian,car,pedestrian,car,pedestrian,car
2013,Heavy transport,Unknown,Heavy transport,NA,truck,truck,truck,car,truck,truck,truck,NOV,truck,truck
2013,Pedestrian,Unknown,Pedestrian,NA,pedestrian,motorcycle,pedestrian,car,pedestrian,car,pedestrian,bus,pedestrian,truck
2013,Motorcycle,Unknown,Motorcycle,NA,motorcycle,truck,motorcycle,truck,motorcycle,NOV,motorcycle,car,motorcycle,bus
2013,Pedestrian,Trucks,Pedestrian,Trucks,pedestrian,truck,pedestrian,truck,pedestrian,truck,pedestrian,truck,pedestrian,truck
2013,Pedestrian,Unknown,Pedestrian,NA,pedestrian,truck,pedestrian,motorcycle,pedestrian,bus,pedestrian,car,pedestrian,car
2013,Pedestrian,Car/pick-up/van,Pedestrian,Car/pick-up/van,pedestrian,car,pedestrian,car,pedestrian,car,pedestrian,car,pedestrian,car
2013,Motorcycle,Unknown,Motorcycle,NA,motorcycle,car,motorcycle,bus,motorcycle,car,motorcycle,car,motorcycle,car
2013,Motorcycle,Unknown,Motorcycle,NA,motorcycle,car,motorcycle,bus,motorcycle,truck,motorcycle,car,motorcycle,truck
2013,Motorcycle,Bus,Motorcycle,Bus,motorcycle,bus,motorcycle,bus,motorcycle,bus,motorcycle,bus,motorcycle,bus
2013,Motorcycle,Trucks,Motorcycle,Trucks,motorcycle,truck,motorcycle,truck,motorcycle,truck,motorcycle,truck,motorcycle,truck
2013,Other,unspecified,Other,NA,other,NOV,other,NOV,other,NOV,other,truck,other,car
2013,Pedestrian,Trucks,Pedestrian,Trucks,pedestrian,truck,pedestrian,truck,pedestrian,truck,pedestrian,truck,pedestrian,truck
2013,Motorcycle,Car/pick-up/van,Motorcycle,Car/pick-up/van,motorcycle,car,motorcycle,car,motorcycle,car,motorcycle,car,motorcycle,car
2013,Motorcycle,Trucks,Motorcycle,Trucks,motorcycle,truck,motorcycle,truck,motorcycle,truck,motorcycle,truck,motorcycle,truck
2013,Pedestrian,Unknown,Pedestrian,NA,pedestrian,car,pedestrian,motorcycle,pedestrian,car,pedestrian,car,pedestrian,car
2014,Pedal Cycle,Trucks,Pedal Cycle,Trucks,cycle,truck,cycle,truck,cycle,truck,cycle,truck,cycle,truck
2014,Motorcycle,Bus,Motorcycle,Bus,motorcycle,bus,motorcycle,bus,motorcycle,bus,motorcycle,bus,motorcycle,bus
2014,Pedestrian,Car/pick-up/van,Pedestrian,Car/pick-up/van,pedestrian,car,pedestrian,car,pedestrian,car,pedestrian,car,pedestrian,car
2014,Motorcycle,Trucks,Motorcycle,Trucks,motorcycle,truck,motorcycle,truck,motorcycle,truck,motorcycle,truck,motorcycle,truck
2014,Pedestrian,Unknown,Pedestrian,NA,pedestrian,motorcycle,pedestrian,motorcycle,pedestrian,motorcycle,pedestrian,car,pedestrian,car
2014,Heavy transport,Trucks,Heavy transport,Trucks,truck,truck,truck,truck,truck,truck,truck,truck,truck,truck
2014,Pedestrian,Unknown,Pedestrian,NA,pedestrian,truck,pedestrian,truck,pedestrian,car,pedestrian,truck,pedestrian,truck
2014,Motorcycle,Unknown,Motorcycle,NA,motorcycle,NOV,motorcycle,truck,motorcycle,bus,motorcycle,motorcycle,motorcycle,motorcycle
2014,Pedestrian,Trucks,Pedestrian,Trucks,pedestrian,truck,pedestrian,truck,pedestrian,truck,pedestrian,truck,pedestrian,truck
2014,Pedestrian,Unknown,Pedestrian,NA,pedestrian,car,pedestrian,car,pedestrian,car,pedestrian,bus,pedestrian,car
2014,Pedestrian,Car/pick-up/van,Pedestrian,Car/pick-up/van,pedestrian,car,pedestrian,car,pedestrian,car,pedestrian,car,pedestrian,car
2014,Pedestrian,Car/pick-up/van,Pedestrian,Car/pick-up/van,pedestrian,car,pedestrian,car,pedestrian,car,pedestrian,car,pedestrian,car
2014,Pedestrian,Unknown,Pedestrian,NA,pedestrian,car,pedestrian,truck,pedestrian,motorcycle,pedestrian,truck,pedestrian,bus
2014,Pedestrian,Unknown,Pedestrian,NA,pedestrian,motorcycle,pedestrian,truck,pedestrian,car,pedestrian,motorcycle,pedestrian,truck
2013,Pedestrian,Car/pick-up/van,Pedestrian,Car/pick-up/van,pedestrian,car,pedestrian,car,pedestrian,car,pedestrian,car,pedestrian,car
2013,Other,unspecified,Other,NA,other,truck,other,bus,other,car,other,NOV,other,truck
2013,Pedestrian,Trucks,Pedestrian,Trucks,pedestrian,truck,pedestrian,truck,pedestrian,truck,pedestrian,truck,pedestrian,truck
2013,Car,Unknown,Car,NA,car,truck,car,NOV,car,NOV,car,truck,car,NOV
2013,Other,unspecified,Other,NA,other,car,other,motorcycle,other,truck,other,car,other,car
2013,3Wheeled,No other/fixed or stationary object,3Wheeled,No other/fixed or stationary object,motorcycle,NOV,motorcycle,NOV,motorcycle,NOV,motorcycle,NOV,motorcycle,NOV
2013,Motorcycle,Unknown,Motorcycle,NA,motorcycle,car,motorcycle,truck,motorcycle,NOV,motorcycle,truck,motorcycle,motorcycle
2013,Motorcycle,Bus,Motorcycle,Bus,motorcycle,bus,motorcycle,bus,motorcycle,bus,motorcycle,bus,motorcycle,bus
2013,Pedestrian,2/3 Wheeled,Pedestrian,2/3 Wheeled,pedestrian,motorcycle,pedestrian,motorcycle,pedestrian,motorcycle,pedestrian,motorcycle,pedestrian,motorcycle
2013,Motorcycle,2/3 Wheeled,Motorcycle,2/3 Wheeled,motorcycle,motorcycle,motorcycle,motorcycle,motorcycle,motorcycle,motorcycle,motorcycle,motorcycle,motorcycle
2013,Motorcycle,No other/fixed or stationary object,Motorcycle,No other/fixed or stationary object,motorcycle,NOV,motorcycle,NOV,motorcycle,NOV,motorcycle,NOV,motorcycle,NOV
2013,Motorcycle,Unknown,Motorcycle,NA,motorcycle,truck,motorcycle,truck,motorcycle,truck,motorcycle,car,motorcycle,car
2013,Car,No other/fixed or stationary object,Car,No other/fixed or stationary object,car,NOV,car,NOV,car,NOV,car,NOV,car,NOV
2013,Pedestrian,Unknown,Pedestrian,NA,pedestrian,truck,pedestrian,car,pedestrian,car,pedestrian,bus,pedestrian,motorcycle
2013,3Wheeled,Unknown,3Wheeled,NA,motorcycle,truck,motorcycle,car,motorcycle,bus,motorcycle,car,motorcycle,motorcycle
2013,Pedestrian,Unknown,Pedestrian,NA,pedestrian,car,pedestrian,car,pedestrian,truck,pedestrian,car,pedestrian,car
2014,Motorcycle,Unknown,Motorcycle,NA,motorcycle,car,motorcycle,NOV,motorcycle,car,motorcycle,motorcycle,motorcycle,truck
2014,Motorcycle,Unknown,Motorcycle,NA,motorcycle,truck,motorcycle,car,motorcycle,car,motorcycle,truck,motorcycle,truck
2014,Pedal Cycle,Car/pick-up/van,Pedal Cycle,Car/pick-up/van,cycle,car,cycle,car,cycle,car,cycle,car,cycle,car
2014,Other,Unknown,Other,NA,other,car,other,NOV,other,car,other,car,other,NOV
2013,Motorcycle,Unknown,Motorcycle,NA,motorcycle,truck,motorcycle,bus,motorcycle,car,motorcycle,bus,motorcycle,motorcycle
2013,Other,unspecified,Other,NA,other,car,other,car,other,truck,other,bus,other,car
2013,3Wheeled,Trucks,3Wheeled,Trucks,motorcycle,truck,motorcycle,truck,motorcycle,truck,motorcycle,truck,motorcycle,truck
2013,Motorcycle,Trucks,Motorcycle,Trucks,motorcycle,truck,motorcycle,truck,motorcycle,truck,motorcycle,truck,motorcycle,truck
2013,Motorcycle,Bus,Motorcycle,Bus,motorcycle,bus,motorcycle,bus,motorcycle,bus,motorcycle,bus,motorcycle,bus
2014,Motorcycle,Unknown,Motorcycle,NA,motorcycle,truck,motorcycle,NOV,motorcycle,car,motorcycle,truck,motorcycle,truck
2014,Pedestrian,Car/pick-up/van,Pedestrian,Car/pick-up/van,pedestrian,car,pedestrian,car,pedestrian,car,pedestrian,car,pedestrian,car
2014,Pedestrian,2/3 Wheeled,Pedestrian,2/3 Wheeled,pedestrian,motorcycle,pedestrian,motorcycle,pedestrian,motorcycle,pedestrian,motorcycle,pedestrian,motorcycle
2014,Motorcycle,No other/fixed or stationary object,Motorcycle,No other/fixed or stationary object,motorcycle,NOV,motorcycle,NOV,motorcycle,NOV,motorcycle,NOV,motorcycle,NOV
2014,Motorcycle,Trucks,Motorcycle,Trucks,motorcycle,truck,motorcycle,truck,motorcycle,truck,motorcycle,truck,motorcycle,truck
2014,Pedestrian,Unknown,Pedestrian,NA,pedestrian,car,pedestrian,truck,pedestrian,motorcycle,pedestrian,car,pedestrian,truck
2014,Motorcycle,Unknown,Motorcycle,NA,motorcycle,NOV,motorcycle,car,motorcycle,truck,motorcycle,truck,motorcycle,truck
2013,Pedestrian,Car/pick-up/van,Pedestrian,Car/pick-up/van,pedestrian,car,pedestrian,car,pedestrian,car,pedestrian,car,pedestrian,car
2013,Pedestrian,Unknown,Pedestrian,NA,pedestrian,truck,pedestrian,car,pedestrian,car,pedestrian,car,pedestrian,truck
2013,Pedestrian,Unknown,Pedestrian,NA,pedestrian,bus,pedestrian,bus,pedestrian,bus,pedestrian,motorcycle,pedestrian,car
2013,Pedestrian,Unknown,Pedestrian,NA,pedestrian,bus,pedestrian,motorcycle,pedestrian,car,pedestrian,car,pedestrian,car
2013,Pedestrian,Car/pick-up/van,Pedestrian,Car/pick-up/van,pedestrian,car,pedestrian,car,pedestrian,car,pedestrian,car,pedestrian,car
2013,Pedestrian,Bus,Pedestrian,Bus,pedestrian,bus,pedestrian,bus,pedestrian,bus,pedestrian,bus,pedestrian,bus
2013,Car,Car/pick-up/van,Car,Car/pick-up/van,car,car,car,car,car,car,car,car,car,car
2013,Motorcycle,Trucks,Motorcycle,Trucks,motorcycle,truck,motorcycle,truck,motorcycle,truck,motorcycle,truck,motorcycle,truck
2013,Motorcycle,Bus,Motorcycle,Bus,motorcycle,bus,motorcycle,bus,motorcycle,bus,motorcycle,bus,motorcycle,bus
2014,Pedestrian,Unknown,Pedestrian,NA,pedestrian,car,pedestrian,car,pedestrian,car,pedestrian,bus,pedestrian,car
2014,Motorcycle,Car/pick-up/van,Motorcycle,Car/pick-up/van,motorcycle,car,motorcycle,car,motorcycle,car,motorcycle,car,motorcycle,car
2014,Motorcycle,Unknown,Motorcycle,NA,motorcycle,motorcycle,motorcycle,truck,motorcycle,bus,motorcycle,car,motorcycle,truck
2014,Motorcycle,No other/fixed or stationary object,Motorcycle,No other/fixed or stationary object,motorcycle,NOV,motorcycle,NOV,motorcycle,NOV,motorcycle,NOV,motorcycle,NOV
2014,Pedestrian,Car/pick-up/van,Pedestrian,Car/pick-up/van,pedestrian,car,pedestrian,car,pedestrian,car,pedestrian,car,pedestrian,car
2014,Pedestrian,Unknown,Pedestrian,NA,pedestrian,car,pedestrian,bus,pedestrian,car,pedestrian,motorcycle,pedestrian,car
2014,Pedestrian,Unknown,Pedestrian,NA,pedestrian,motorcycle,pedestrian,bus,pedestrian,bus,pedestrian,bus,pedestrian,truck
2014,Motorcycle,Bus,Motorcycle,Bus,motorcycle,bus,motorcycle,bus,motorcycle,bus,motorcycle,bus,motorcycle,bus
2014,Motorcycle,Car/pick-up/van,Motorcycle,Car/pick-up/van,motorcycle,car,motorcycle,car,motorcycle,car,motorcycle,car,motorcycle,car
2014,Pedestrian,Bus,Pedestrian,Bus,pedestrian,bus,pedestrian,bus,pedestrian,bus,pedestrian,bus,pedestrian,bus
2013,Motorcycle,Unknown,Motorcycle,NA,motorcycle,car,motorcycle,car,motorcycle,truck,motorcycle,car,motorcycle,bus
2013,Motorcycle,Car/pick-up/van,Motorcycle,Car/pick-up/van,motorcycle,car,motorcycle,car,motorcycle,car,motorcycle,car,motorcycle,car
2013,Pedestrian,2/3 Wheeled,Pedestrian,2/3 Wheeled,pedestrian,motorcycle,pedestrian,motorcycle,pedestrian,motorcycle,pedestrian,motorcycle,pedestrian,motorcycle
2014,Pedestrian,Unknown,Pedestrian,NA,pedestrian,bus,pedestrian,car,pedestrian,car,pedestrian,car,pedestrian,bus
2014,Motorcycle,Unknown,Motorcycle,NA,motorcycle,car,motorcycle,car,motorcycle,car,motorcycle,NOV,motorcycle,truck
2014,Car,Unknown,Car,NA,car,car,car,NOV,car,car,car,NOV,car,NOV
2013,3Wheeled,Car/pick-up/van,3Wheeled,Car/pick-up/van,motorcycle,car,motorcycle,car,motorcycle,car,motorcycle,car,motorcycle,car
2013,Pedestrian,Unknown,Pedestrian,NA,pedestrian,car,pedestrian,truck,pedestrian,truck,pedestrian,car,pedestrian,car
2013,Motorcycle,Trucks,Motorcycle,Trucks,motorcycle,truck,motorcycle,truck,motorcycle,truck,motorcycle,truck,motorcycle,truck
2013,Pedestrian,Unknown,Pedestrian,NA,pedestrian,motorcycle,pedestrian,car,pedestrian,motorcycle,pedestrian,motorcycle,pedestrian,truck
2013,Car,No other/fixed or stationary object,Car,No other/fixed or stationary object,car,NOV,car,NOV,car,NOV,car,NOV,car,NOV
2013,Pedestrian,Car/pick-up/van,Pedestrian,Car/pick-up/van,pedestrian,car,pedestrian,car,pedestrian,car,pedestrian,car,pedestrian,car
2013,Motorcycle,No other/fixed or stationary object,Motorcycle,No other/fixed or stationary object,motorcycle,NOV,motorcycle,NOV,motorcycle,NOV,motorcycle,NOV,motorcycle,NOV
2013,Pedestrian,Bus,Pedestrian,Bus,pedestrian,bus,pedestrian,bus,pedestrian,bus,pedestrian,bus,pedestrian,bus
2013,Motorcycle,Unknown,Motorcycle,NA,motorcycle,car,motorcycle,truck,motorcycle,NOV,motorcycle,car,motorcycle,car
2014,Pedestrian,Unknown,Pedestrian,NA,pedestrian,car,pedestrian,car,pedestrian,car,pedestrian,car,pedestrian,truck
2014,Pedestrian,Unknown,Pedestrian,NA,pedestrian,car,pedestrian,car,pedestrian,car,pedestrian,motorcycle,pedestrian,car
2014,Motorcycle,Unknown,Motorcycle,NA,motorcycle,car,motorcycle,motorcycle,motorcycle,bus,motorcycle,truck,motorcycle,motorcycle
2014,Pedestrian,Unknown,Pedestrian,NA,pedestrian,car,pedestrian,car,pedestrian,car,pedestrian,car,pedestrian,bus
2013,Other,unspecified,Other,NA,other,truck,other,truck,other,car,other,NOV,other,car
2014,Motorcycle,Unknown,Motorcycle,NA,motorcycle,truck,motorcycle,car,motorcycle,car,motorcycle,truck,motorcycle,NOV
2014,Pedestrian,Unknown,Pedestrian,NA,pedestrian,car,pedestrian,truck,pedestrian,bus,pedestrian,car,pedestrian,car
2013,Motorcycle,Unknown,Motorcycle,NA,motorcycle,NOV,motorcycle,car,motorcycle,NOV,motorcycle,bus,motorcycle,bus
2013,Pedestrian,unspecified,Pedestrian,NA,pedestrian,car,pedestrian,car,pedestrian,bus,pedestrian,motorcycle,pedestrian,motorcycle
2013,Pedestrian,Car/pick-up/van,Pedestrian,Car/pick-up/van,pedestrian,car,pedestrian,car,pedestrian,car,pedestrian,car,pedestrian,car
2013,Pedestrian,Car/pick-up/van,Pedestrian,Car/pick-up/van,pedestrian,car,pedestrian,car,pedestrian,car,pedestrian,car,pedestrian,car
2013,Pedestrian,Unknown,Pedestrian,NA,pedestrian,truck,pedestrian,car,pedestrian,motorcycle,pedestrian,motorcycle,pedestrian,motorcycle
2013,Pedestrian,Trucks,Pedestrian,Trucks,pedestrian,truck,pedestrian,truck,pedestrian,truck,pedestrian,truck,pedestrian,truck
2013,Motorcycle,Unknown,Motorcycle,NA,motorcycle,NOV,motorcycle,car,motorcycle,truck,motorcycle,truck,motorcycle,car
2014,Motorcycle,No other/fixed or stationary object,Motorcycle,No other/fixed or stationary object,motorcycle,NOV,motorcycle,NOV,motorcycle,NOV,motorcycle,NOV,motorcycle,NOV
2014,Motorcycle,Bus,Motorcycle,Bus,motorcycle,bus,motorcycle,bus,motorcycle,bus,motorcycle,bus,motorcycle,bus
2014,Pedal Cycle,Car/pick-up/van,Pedal Cycle,Car/pick-up/van,cycle,car,cycle,car,cycle,car,cycle,car,cycle,car
2014,Pedestrian,Unknown,Pedestrian,NA,pedestrian,motorcycle,pedestrian,truck,pedestrian,truck,pedestrian,car,pedestrian,truck
2014,Pedestrian,Trucks,Pedestrian,Trucks,pedestrian,truck,pedestrian,truck,pedestrian,truck,pedestrian,truck,pedestrian,truck
2014,Bus,Trucks,Bus,Trucks,bus,truck,bus,truck,bus,truck,bus,truck,bus,truck
2013,Pedestrian,Trucks,Pedestrian,Trucks,pedestrian,truck,pedestrian,truck,pedestrian,truck,pedestrian,truck,pedestrian,truck
2013,Pedestrian,2/3 Wheeled,Pedestrian,2/3 Wheeled,pedestrian,motorcycle,pedestrian,motorcycle,pedestrian,motorcycle,pedestrian,motorcycle,pedestrian,motorcycle
2013,Pedestrian,Unknown,Pedestrian,NA,pedestrian,car,pedestrian,car,pedestrian,car,pedestrian,car,pedestrian,motorcycle
2014,Pedal Cycle,Trucks,Pedal Cycle,Trucks,cycle,truck,cycle,truck,cycle,truck,cycle,truck,cycle,truck
2014,Pedestrian,Car/pick-up/van,Pedestrian,Car/pick-up/van,pedestrian,car,pedestrian,car,pedestrian,car,pedestrian,car,pedestrian,car
2014,Pedestrian,2/3 Wheeled,Pedestrian,2/3 Wheeled,pedestrian,motorcycle,pedestrian,motorcycle,pedestrian,motorcycle,pedestrian,motorcycle,pedestrian,motorcycle
2014,Pedestrian,Car/pick-up/van,Pedestrian,Car/pick-up/van,pedestrian,car,pedestrian,car,pedestrian,car,pedestrian,car,pedestrian,car
2014,Motorcycle,Unknown,Motorcycle,NA,motorcycle,NOV,motorcycle,truck,motorcycle,car,motorcycle,truck,motorcycle,motorcycle
2013,Motorcycle,Car/pick-up/van,Motorcycle,Car/pick-up/van,motorcycle,car,motorcycle,car,motorcycle,car,motorcycle,car,motorcycle,car
2013,Motorcycle,2/3 Wheeled,Motorcycle,2/3 Wheeled,motorcycle,motorcycle,motorcycle,motorcycle,motorcycle,motorcycle,motorcycle,motorcycle,motorcycle,motorcycle
2013,Pedal Cycle,Bus,Pedal Cycle,Bus,cycle,bus,cycle,bus,cycle,bus,cycle,bus,cycle,bus
2013,Motorcycle,Car/pick-up/van,Motorcycle,Car/pick-up/van,motorcycle,car,motorcycle,car,motorcycle,car,motorcycle,car,motorcycle,car
2013,Car,Trucks,Car,Trucks,car,truck,car,truck,car,truck,car,truck,car,truck
2013,Pedestrian,Car/pick-up/van,Pedestrian,Car/pick-up/van,pedestrian,car,pedestrian,car,pedestrian,car,pedestrian,car,pedestrian,car
2013,Pedestrian,Unknown,Pedestrian,NA,pedestrian,car,pedestrian,car,pedestrian,bus,pedestrian,motorcycle,pedestrian,car
2013,Pedestrian,Unknown,Pedestrian,NA,pedestrian,bus,pedestrian,truck,pedestrian,car,pedestrian,motorcycle,pedestrian,motorcycle
2013,Motorcycle,Unknown,Motorcycle,NA,motorcycle,car,motorcycle,car,motorcycle,car,motorcycle,truck,motorcycle,truck
2013,Pedestrian,Unknown,Pedestrian,NA,pedestrian,bus,pedestrian,truck,pedestrian,motorcycle,pedestrian,car,pedestrian,motorcycle
2013,Motorcycle,No other/fixed or stationary object,Motorcycle,No other/fixed or stationary object,motorcycle,NOV,motorcycle,NOV,motorcycle,NOV,motorcycle,NOV,motorcycle,NOV
2013,Other,unspecified,Other,NA,other,car,other,NOV,other,truck,other,NOV,other,motorcycle
2013,Pedestrian,Unknown,Pedestrian,NA,pedestrian,motorcycle,pedestrian,motorcycle,pedestrian,truck,pedestrian,car,pedestrian,truck
2013,Motorcycle,Trucks,Motorcycle,Trucks,motorcycle,truck,motorcycle,truck,motorcycle,truck,motorcycle,truck,motorcycle,truck
2014,Pedestrian,Car/pick-up/van,Pedestrian,Car/pick-up/van,pedestrian,car,pedestrian,car,pedestrian,car,pedestrian,car,pedestrian,car
2014,Pedestrian,Unknown,Pedestrian,NA,pedestrian,car,pedestrian,truck,pedestrian,motorcycle,pedestrian,car,pedestrian,car
2014,Motorcycle,Trucks,Motorcycle,Trucks,motorcycle,truck,motorcycle,truck,motorcycle,truck,motorcycle,truck,motorcycle,truck
2014,Motorcycle,Unknown,Motorcycle,NA,motorcycle,NOV,motorcycle,bus,motorcycle,car,motorcycle,truck,motorcycle,car
2014,Pedestrian,Car/pick-up/van,Pedestrian,Car/pick-up/van,pedestrian,car,pedestrian,car,pedestrian,car,pedestrian,car,pedestrian,car
2014,Pedestrian,Unknown,Pedestrian,NA,pedestrian,truck,pedestrian,car,pedestrian,truck,pedestrian,car,pedestrian,motorcycle
2014,Motorcycle,unspecified,Motorcycle,NA,motorcycle,truck,motorcycle,truck,motorcycle,NOV,motorcycle,truck,motorcycle,truck
2014,Motorcycle,No other/fixed or stationary object,Motorcycle,No other/fixed or stationary object,motorcycle,NOV,motorcycle,NOV,motorcycle,NOV,motorcycle,NOV,motorcycle,NOV
2013,Pedestrian,2/3 Wheeled,Pedestrian,2/3 Wheeled,pedestrian,motorcycle,pedestrian,motorcycle,pedestrian,motorcycle,pedestrian,motorcycle,pedestrian,motorcycle
2013,Motorcycle,Unknown,Motorcycle,NA,motorcycle,truck,motorcycle,truck,motorcycle,truck,motorcycle,bus,motorcycle,truck
2013,Car,Car/pick-up/van,Car,Car/pick-up/van,car,car,car,car,car,car,car,car,car,car
2013,Motorcycle,No other/fixed or stationary object,Motorcycle,No other/fixed or stationary object,motorcycle,NOV,motorcycle,NOV,motorcycle,NOV,motorcycle,NOV,motorcycle,NOV
2013,Motorcycle,Trucks,Motorcycle,Trucks,motorcycle,truck,motorcycle,truck,motorcycle,truck,motorcycle,truck,motorcycle,truck
2013,Motorcycle,Car/pick-up/van,Motorcycle,Car/pick-up/van,motorcycle,car,motorcycle,car,motorcycle,car,motorcycle,car,motorcycle,car
2013,Pedestrian,Unknown,Pedestrian,NA,pedestrian,car,pedestrian,bus,pedestrian,car,pedestrian,motorcycle,pedestrian,motorcycle
2014,Pedestrian,Bus,Pedestrian,Bus,pedestrian,bus,pedestrian,bus,pedestrian,bus,pedestrian,bus,pedestrian,bus
2014,Motorcycle,Car/pick-up/van,Motorcycle,Car/pick-up/van,motorcycle,car,motorcycle,car,motorcycle,car,motorcycle,car,motorcycle,car
2014,3Wheeled,Car/pick-up/van,3Wheeled,Car/pick-up/van,motorcycle,car,motorcycle,car,motorcycle,car,motorcycle,car,motorcycle,car
2014,Pedestrian,Unknown,Pedestrian,NA,pedestrian,truck,pedestrian,car,pedestrian,car,pedestrian,motorcycle,pedestrian,bus
2014,Pedestrian,Car/pick-up/van,Pedestrian,Car/pick-up/van,pedestrian,car,pedestrian,car,pedestrian,car,pedestrian,car,pedestrian,car
2014,Motorcycle,Trucks,Motorcycle,Trucks,motorcycle,truck,motorcycle,truck,motorcycle,truck,motorcycle,truck,motorcycle,truck
2014,Pedestrian,Unknown,Pedestrian,NA,pedestrian,truck,pedestrian,car,pedestrian,truck,pedestrian,car,pedestrian,car
2014,Bus,No other/fixed or stationary object,Bus,No other/fixed or stationary object,bus,NOV,bus,NOV,bus,NOV,bus,NOV,bus,NOV
2014,Pedestrian,Unknown,Pedestrian,NA,pedestrian,bus,pedestrian,car,pedestrian,bus,pedestrian,truck,pedestrian,car
2013,Pedestrian,Car/pick-up/van,Pedestrian,Car/pick-up/van,pedestrian,car,pedestrian,car,pedestrian,car,pedestrian,car,pedestrian,car
2013,Pedestrian,Car/pick-up/van,Pedestrian,Car/pick-up/van,pedestrian,car,pedestrian,car,pedestrian,car,pedestrian,car,pedestrian,car
2013,Motorcycle,Unknown,Motorcycle,NA,motorcycle,truck,motorcycle,car,motorcycle,NOV,motorcycle,NOV,motorcycle,motorcycle
2013,Pedestrian,2/3 Wheeled,Pedestrian,2/3 Wheeled,pedestrian,motorcycle,pedestrian,motorcycle,pedestrian,motorcycle,pedestrian,motorcycle,pedestrian,motorcycle
2013,Car,Trucks,Car,Trucks,car,truck,car,truck,car,truck,car,truck,car,truck
2014,Other,Unknown,Other,NA,other,NOV,other,NOV,other,truck,other,car,other,car
2014,Motorcycle,Unknown,Motorcycle,NA,motorcycle,truck,motorcycle,car,motorcycle,bus,motorcycle,car,motorcycle,bus
2014,Pedestrian,Car/pick-up/van,Pedestrian,Car/pick-up/van,pedestrian,car,pedestrian,car,pedestrian,car,pedestrian,car,pedestrian,car
2014,Motorcycle,Unknown,Motorcycle,NA,motorcycle,bus,motorcycle,truck,motorcycle,truck,motorcycle,truck,motorcycle,car
2013,Pedestrian,2/3 Wheeled,Pedestrian,2/3 Wheeled,pedestrian,motorcycle,pedestrian,motorcycle,pedestrian,motorcycle,pedestrian,motorcycle,pedestrian,motorcycle
2013,Pedestrian,Unknown,Pedestrian,NA,pedestrian,car,pedestrian,car,pedestrian,bus,pedestrian,bus,pedestrian,motorcycle
2013,Pedestrian,2/3 Wheeled,Pedestrian,2/3 Wheeled,pedestrian,motorcycle,pedestrian,motorcycle,pedestrian,motorcycle,pedestrian,motorcycle,pedestrian,motorcycle
2013,Heavy transport,Trucks,Heavy transport,Trucks,truck,truck,truck,truck,truck,truck,truck,truck,truck,truck
2013,Motorcycle,Bus,Motorcycle,Bus,motorcycle,bus,motorcycle,bus,motorcycle,bus,motorcycle,bus,motorcycle,bus
2013,Motorcycle,Unknown,Motorcycle,NA,motorcycle,bus,motorcycle,bus,motorcycle,bus,motorcycle,NOV,motorcycle,car
2013,Motorcycle,Trucks,Motorcycle,Trucks,motorcycle,truck,motorcycle,truck,motorcycle,truck,motorcycle,truck,motorcycle,truck
2013,Pedestrian,Unknown,Pedestrian,NA,pedestrian,car,pedestrian,car,pedestrian,bus,pedestrian,car,pedestrian,bus
2013,Pedestrian,Car/pick-up/van,Pedestrian,Car/pick-up/van,pedestrian,car,pedestrian,car,pedestrian,car,pedestrian,car,pedestrian,car
2013,Motorcycle,Unknown,Motorcycle,NA,motorcycle,car,motorcycle,bus,motorcycle,car,motorcycle,car,motorcycle,truck
2013,Motorcycle,Unknown,Motorcycle,NA,motorcycle,bus,motorcycle,truck,motorcycle,bus,motorcycle,NOV,motorcycle,car
2013,Heavy transport,Car/pick-up/van,Heavy transport,Car/pick-up/van,truck,car,truck,car,truck,car,truck,car,truck,car
2013,Pedestrian,Unknown,Pedestrian,NA,pedestrian,truck,pedestrian,car,pedestrian,motorcycle,pedestrian,bus,pedestrian,car
2013,Motorcycle,Unknown,Motorcycle,NA,motorcycle,car,motorcycle,truck,motorcycle,truck,motorcycle,car,motorcycle,car
2013,Pedestrian,2/3 Wheeled,Pedestrian,2/3 Wheeled,pedestrian,motorcycle,pedestrian,motorcycle,pedestrian,motorcycle,pedestrian,motorcycle,pedestrian,motorcycle
2013,Car,No other/fixed or stationary object,Car,No other/fixed or stationary object,car,NOV,car,NOV,car,NOV,car,NOV,car,NOV
2013,Motorcycle,Trucks,Motorcycle,Trucks,motorcycle,truck,motorcycle,truck,motorcycle,truck,motorcycle,truck,motorcycle,truck
2014,Motorcycle,Bus,Motorcycle,Bus,motorcycle,bus,motorcycle,bus,motorcycle,bus,motorcycle,bus,motorcycle,bus
2014,Motorcycle,Unknown,Motorcycle,NA,motorcycle,car,motorcycle,car,motorcycle,car,motorcycle,car,motorcycle,truck
2014,Pedestrian,Unknown,Pedestrian,NA,pedestrian,truck,pedestrian,truck,pedestrian,motorcycle,pedestrian,truck,pedestrian,motorcycle
2014,Motorcycle,Unknown,Motorcycle,NA,motorcycle,car,motorcycle,motorcycle,motorcycle,truck,motorcycle,car,motorcycle,car
2014,Motorcycle,Unknown,Motorcycle,NA,motorcycle,truck,motorcycle,motorcycle,motorcycle,bus,motorcycle,truck,motorcycle,car
2014,Motorcycle,Car/pick-up/van,Motorcycle,Car/pick-up/van,motorcycle,car,motorcycle,car,motorcycle,car,motorcycle,car,motorcycle,car
2014,Pedestrian,Unknown,Pedestrian,NA,pedestrian,truck,pedestrian,car,pedestrian,car,pedestrian,truck,pedestrian,motorcycle
2014,Motorcycle,Trucks,Motorcycle,Trucks,motorcycle,truck,motorcycle,truck,motorcycle,truck,motorcycle,truck,motorcycle,truck
2014,Motorcycle,Bus,Motorcycle,Bus,motorcycle,bus,motorcycle,bus,motorcycle,bus,motorcycle,bus,motorcycle,bus
2014,Motorcycle,2/3 Wheeled,Motorcycle,2/3 Wheeled,motorcycle,motorcycle,motorcycle,motorcycle,motorcycle,motorcycle,motorcycle,motorcycle,motorcycle,motorcycle
2014,Motorcycle,Car/pick-up/van,Motorcycle,Car/pick-up/van,motorcycle,car,motorcycle,car,motorcycle,car,motorcycle,car,motorcycle,car
2014,Other,unspecified,Other,NA,other,truck,other,NOV,other,car,other,truck,other,bus
2014,Motorcycle,Trucks,Motorcycle,Trucks,motorcycle,truck,motorcycle,truck,motorcycle,truck,motorcycle,truck,motorcycle,truck
2014,Motorcycle,unspecified,Motorcycle,NA,motorcycle,truck,motorcycle,truck,motorcycle,car,motorcycle,truck,motorcycle,car
2014,Motorcycle,Car/pick-up/van,Motorcycle,Car/pick-up/van,motorcycle,car,motorcycle,car,motorcycle,car,motorcycle,car,motorcycle,car
2014,Motorcycle,Car/pick-up/van,Motorcycle,Car/pick-up/van,motorcycle,car,motorcycle,car,motorcycle,car,motorcycle,car,motorcycle,car
2013,Pedestrian,Car/pick-up/van,Pedestrian,Car/pick-up/van,pedestrian,car,pedestrian,car,pedestrian,car,pedestrian,car,pedestrian,car
2013,Pedestrian,Unknown,Pedestrian,NA,pedestrian,bus,pedestrian,truck,pedestrian,car,pedestrian,truck,pedestrian,car
2013,Pedestrian,Unknown,Pedestrian,NA,pedestrian,car,pedestrian,car,pedestrian,truck,pedestrian,car,pedestrian,car
2013,Motorcycle,Unknown,Motorcycle,NA,motorcycle,bus,motorcycle,NOV,motorcycle,truck,motorcycle,truck,motorcycle,car
2013,Pedestrian,Bus,Pedestrian,Bus,pedestrian,bus,pedestrian,bus,pedestrian,bus,pedestrian,bus,pedestrian,bus
2013,Pedestrian,Car/pick-up/van,Pedestrian,Car/pick-up/van,pedestrian,car,pedestrian,car,pedestrian,car,pedestrian,car,pedestrian,car
2013,Motorcycle,Unknown,Motorcycle,NA,motorcycle,car,motorcycle,car,motorcycle,NOV,motorcycle,car,motorcycle,truck
2014,Motorcycle,Unknown,Motorcycle,NA,motorcycle,bus,motorcycle,truck,motorcycle,car,motorcycle,bus,motorcycle,car
2014,Motorcycle,Unknown,Motorcycle,NA,motorcycle,car,motorcycle,truck,motorcycle,bus,motorcycle,car,motorcycle,truck
2014,Motorcycle,Unknown,Motorcycle,NA,motorcycle,motorcycle,motorcycle,NOV,motorcycle,car,motorcycle,truck,motorcycle,car
2014,Motorcycle,No other/fixed or stationary object,Motorcycle,No other/fixed or stationary object,motorcycle,NOV,motorcycle,NOV,motorcycle,NOV,motorcycle,NOV,motorcycle,NOV
2013,Motorcycle,Unknown,Motorcycle,NA,motorcycle,truck,motorcycle,NOV,motorcycle,truck,motorcycle,truck,motorcycle,car
2013,Motorcycle,Car/pick-up/van,Motorcycle,Car/pick-up/van,motorcycle,car,motorcycle,car,motorcycle,car,motorcycle,car,motorcycle,car
2013,Motorcycle,Car/pick-up/van,Motorcycle,Car/pick-up/van,motorcycle,car,motorcycle,car,motorcycle,car,motorcycle,car,motorcycle,car
2013,Pedal Cycle,Unknown,Pedal Cycle,NA,cycle,car,cycle,car,cycle,truck,cycle,truck,cycle,truck
2013,Motorcycle,2/3 Wheeled,Motorcycle,2/3 Wheeled,motorcycle,motorcycle,motorcycle,motorcycle,motorcycle,motorcycle,motorcycle,motorcycle,motorcycle,motorcycle
2013,Pedestrian,Car/pick-up/van,Pedestrian,Car/pick-up/van,pedestrian,car,pedestrian,car,pedestrian,car,pedestrian,car,pedestrian,car
2013,Motorcycle,No other/fixed or stationary object,Motorcycle,No other/fixed or stationary object,motorcycle,NOV,motorcycle,NOV,motorcycle,NOV,motorcycle,NOV,motorcycle,NOV
2013,Motorcycle,Car/pick-up/van,Motorcycle,Car/pick-up/van,motorcycle,car,motorcycle,car,motorcycle,car,motorcycle,car,motorcycle,car
2013,Motorcycle,No other/fixed or stationary object,Motorcycle,No other/fixed or stationary object,motorcycle,NOV,motorcycle,NOV,motorcycle,NOV,motorcycle,NOV,motorcycle,NOV
2013,Pedestrian,Car/pick-up/van,Pedestrian,Car/pick-up/van,pedestrian,car,pedestrian,car,pedestrian,car,pedestrian,car,pedestrian,car
2013,Motorcycle,Unknown,Motorcycle,NA,motorcycle,truck,motorcycle,car,motorcycle,truck,motorcycle,truck,motorcycle,truck
2013,Pedestrian,Trucks,Pedestrian,Trucks,pedestrian,truck,pedestrian,truck,pedestrian,truck,pedestrian,truck,pedestrian,truck
2014,Pedestrian,Bus,Pedestrian,Bus,pedestrian,bus,pedestrian,bus,pedestrian,bus,pedestrian,bus,pedestrian,bus
2014,Pedestrian,Unknown,Pedestrian,NA,pedestrian,car,pedestrian,motorcycle,pedestrian,bus,pedestrian,truck,pedestrian,truck
2014,Motorcycle,Unknown,Motorcycle,NA,motorcycle,truck,motorcycle,NOV,motorcycle,motorcycle,motorcycle,NOV,motorcycle,car
2014,Motorcycle,No other/fixed or stationary object,Motorcycle,No other/fixed or stationary object,motorcycle,NOV,motorcycle,NOV,motorcycle,NOV,motorcycle,NOV,motorcycle,NOV
2014,Motorcycle,Unknown,Motorcycle,NA,motorcycle,car,motorcycle,car,motorcycle,NOV,motorcycle,motorcycle,motorcycle,bus
2014,Motorcycle,Car/pick-up/van,Motorcycle,Car/pick-up/van,motorcycle,car,motorcycle,car,motorcycle,car,motorcycle,car,motorcycle,car
2014,Motorcycle,Unknown,Motorcycle,NA,motorcycle,truck,motorcycle,bus,motorcycle,NOV,motorcycle,bus,motorcycle,NOV
2014,Motorcycle,Unknown,Motorcycle,NA,motorcycle,truck,motorcycle,truck,motorcycle,truck,motorcycle,truck,motorcycle,car
2014,Car,No other/fixed or stationary object,Car,No other/fixed or stationary object,car,NOV,car,NOV,car,NOV,car,NOV,car,NOV
2014,Pedestrian,Trucks,Pedestrian,Trucks,pedestrian,truck,pedestrian,truck,pedestrian,truck,pedestrian,truck,pedestrian,truck
2014,Pedestrian,Unknown,Pedestrian,NA,pedestrian,car,pedestrian,motorcycle,pedestrian,motorcycle,pedestrian,motorcycle,pedestrian,bus
2014,Car,No other/fixed or stationary object,Car,No other/fixed or stationary object,car,NOV,car,NOV,car,NOV,car,NOV,car,NOV
2014,Pedestrian,Unknown,Pedestrian,NA,pedestrian,car,pedestrian,truck,pedestrian,truck,pedestrian,car,pedestrian,motorcycle
2014,Motorcycle,Unknown,Motorcycle,NA,motorcycle,car,motorcycle,truck,motorcycle,truck,motorcycle,NOV,motorcycle,bus
2014,Pedestrian,Car/pick-up/van,Pedestrian,Car/pick-up/van,pedestrian,car,pedestrian,car,pedestrian,car,pedestrian,car,pedestrian,car
2014,Pedestrian,Car/pick-up/van,Pedestrian,Car/pick-up/van,pedestrian,car,pedestrian,car,pedestrian,car,pedestrian,car,pedestrian,car
2013,Motorcycle,No other/fixed or stationary object,Motorcycle,No other/fixed or stationary object,motorcycle,NOV,motorcycle,NOV,motorcycle,NOV,motorcycle,NOV,motorcycle,NOV
2013,3Wheeled,Unknown,3Wheeled,NA,motorcycle,car,motorcycle,NOV,motorcycle,car,motorcycle,car,motorcycle,truck
2013,Pedestrian,Car/pick-up/van,Pedestrian,Car/pick-up/van,pedestrian,car,pedestrian,car,pedestrian,car,pedestrian,car,pedestrian,car
2013,Pedestrian,Trucks,Pedestrian,Trucks,pedestrian,truck,pedestrian,truck,pedestrian,truck,pedestrian,truck,pedestrian,truck
2013,Pedestrian,Unknown,Pedestrian,NA,pedestrian,bus,pedestrian,car,pedestrian,motorcycle,pedestrian,car,pedestrian,bus
2013,Unknown,unspecified,NA,NA,motorcycle,bus,pedestrian,car,motorcycle,car,pedestrian,car,pedestrian,car
2013,Motorcycle,Car/pick-up/van,Motorcycle,Car/pick-up/van,motorcycle,car,motorcycle,car,motorcycle,car,motorcycle,car,motorcycle,car
2013,Motorcycle,Unknown,Motorcycle,NA,motorcycle,car,motorcycle,NOV,motorcycle,car,motorcycle,truck,motorcycle,motorcycle
2014,Motorcycle,Unknown,Motorcycle,NA,motorcycle,NOV,motorcycle,bus,motorcycle,car,motorcycle,truck,motorcycle,car
2014,Pedestrian,Unknown,Pedestrian,NA,pedestrian,motorcycle,pedestrian,motorcycle,pedestrian,motorcycle,pedestrian,car,pedestrian,car
2014,Pedestrian,Unknown,Pedestrian,NA,pedestrian,car,pedestrian,car,pedestrian,bus,pedestrian,truck,pedestrian,motorcycle
2014,Pedestrian,Car/pick-up/van,Pedestrian,Car/pick-up/van,pedestrian,car,pedestrian,car,pedestrian,car,pedestrian,car,pedestrian,car
2014,Pedestrian,Unknown,Pedestrian,NA,pedestrian,bus,pedestrian,car,pedestrian,car,pedestrian,motorcycle,pedestrian,car
2013,Pedestrian,Unknown,Pedestrian,NA,pedestrian,car,pedestrian,truck,pedestrian,car,pedestrian,motorcycle,pedestrian,car
2013,Pedestrian,Unknown,Pedestrian,NA,pedestrian,truck,pedestrian,motorcycle,pedestrian,car,pedestrian,motorcycle,pedestrian,car
2013,Motorcycle,Unknown,Motorcycle,NA,motorcycle,NOV,motorcycle,car,motorcycle,truck,motorcycle,truck,motorcycle,motorcycle
2013,Car,Trucks,Car,Trucks,car,truck,car,truck,car,truck,car,truck,car,truck
2013,Motorcycle,Trucks,Motorcycle,Trucks,motorcycle,truck,motorcycle,truck,motorcycle,truck,motorcycle,truck,motorcycle,truck
2013,Motorcycle,2/3 Wheeled,Motorcycle,2/3 Wheeled,motorcycle,motorcycle,motorcycle,motorcycle,motorcycle,motorcycle,motorcycle,motorcycle,motorcycle,motorcycle
2013,Pedal Cycle,Bus,Pedal Cycle,Bus,cycle,bus,cycle,bus,cycle,bus,cycle,bus,cycle,bus
2013,Motorcycle,Unknown,Motorcycle,NA,motorcycle,NOV,motorcycle,motorcycle,motorcycle,car,motorcycle,truck,motorcycle,bus
2013,Pedestrian,Car/pick-up/van,Pedestrian,Car/pick-up/van,pedestrian,car,pedestrian,car,pedestrian,car,pedestrian,car,pedestrian,car
2013,Pedestrian,Unknown,Pedestrian,NA,pedestrian,bus,pedestrian,motorcycle,pedestrian,car,pedestrian,car,pedestrian,car
2013,Pedestrian,Car/pick-up/van,Pedestrian,Car/pick-up/van,pedestrian,car,pedestrian,car,pedestrian,car,pedestrian,car,pedestrian,car
2013,Motorcycle,Unknown,Motorcycle,NA,motorcycle,truck,motorcycle,truck,motorcycle,car,motorcycle,truck,motorcycle,bus
2013,Pedal Cycle,Car/pick-up/van,Pedal Cycle,Car/pick-up/van,cycle,car,cycle,car,cycle,car,cycle,car,cycle,car
2013,Pedestrian,Unknown,Pedestrian,NA,pedestrian,car,pedestrian,truck,pedestrian,bus,pedestrian,car,pedestrian,car
2013,Motorcycle,2/3 Wheeled,Motorcycle,2/3 Wheeled,motorcycle,motorcycle,motorcycle,motorcycle,motorcycle,motorcycle,motorcycle,motorcycle,motorcycle,motorcycle
2013,Pedestrian,Car/pick-up/van,Pedestrian,Car/pick-up/van,pedestrian,car,pedestrian,car,pedestrian,car,pedestrian,car,pedestrian,car
2013,Pedestrian,Trucks,Pedestrian,Trucks,pedestrian,truck,pedestrian,truck,pedestrian,truck,pedestrian,truck,pedestrian,truck
2013,Pedal Cycle,Car/pick-up/van,Pedal Cycle,Car/pick-up/van,cycle,car,cycle,car,cycle,car,cycle,car,cycle,car
2013,Pedestrian,Unknown,Pedestrian,NA,pedestrian,car,pedestrian,car,pedestrian,truck,pedestrian,car,pedestrian,car
2013,Pedestrian,Trucks,Pedestrian,Trucks,pedestrian,truck,pedestrian,truck,pedestrian,truck,pedestrian,truck,pedestrian,truck
2013,Pedestrian,Unknown,Pedestrian,NA,pedestrian,car,pedestrian,car,pedestrian,car,pedestrian,truck,pedestrian,motorcycle
2013,Pedestrian,Unknown,Pedestrian,NA,pedestrian,car,pedestrian,truck,pedestrian,car,pedestrian,car,pedestrian,motorcycle
2013,Motorcycle,Trucks,Motorcycle,Trucks,motorcycle,truck,motorcycle,truck,motorcycle,truck,motorcycle,truck,motorcycle,truck
2013,Other,unspecified,Other,NA,other,NOV,other,truck,other,NOV,other,NOV,other,car
2013,Other,unspecified,Other,NA,other,car,other,car,other,NOV,other,car,other,NOV
2013,Motorcycle,Trucks,Motorcycle,Trucks,motorcycle,truck,motorcycle,truck,motorcycle,truck,motorcycle,truck,motorcycle,truck
2013,Bus,Trucks,Bus,Trucks,bus,truck,bus,truck,bus,truck,bus,truck,bus,truck
2013,Pedestrian,Unknown,Pedestrian,NA,pedestrian,bus,pedestrian,truck,pedestrian,bus,pedestrian,car,pedestrian,car
2013,Motorcycle,2/3 Wheeled,Motorcycle,2/3 Wheeled,motorcycle,motorcycle,motorcycle,motorcycle,motorcycle,motorcycle,motorcycle,motorcycle,motorcycle,motorcycle
2013,Pedestrian,2/3 Wheeled,Pedestrian,2/3 Wheeled,pedestrian,motorcycle,pedestrian,motorcycle,pedestrian,motorcycle,pedestrian,motorcycle,pedestrian,motorcycle
2013,Pedestrian,Unknown,Pedestrian,NA,pedestrian,car,pedestrian,car,pedestrian,car,pedestrian,motorcycle,pedestrian,motorcycle
2013,Motorcycle,Trucks,Motorcycle,Trucks,motorcycle,truck,motorcycle,truck,motorcycle,truck,motorcycle,truck,motorcycle,truck
2013,Motorcycle,Unknown,Motorcycle,NA,motorcycle,truck,motorcycle,motorcycle,motorcycle,motorcycle,motorcycle,NOV,motorcycle,car
2013,Pedestrian,Unknown,Pedestrian,NA,pedestrian,car,pedestrian,truck,pedestrian,NOV,pedestrian,car,pedestrian,car
2013,Motorcycle,Bus,Motorcycle,Bus,motorcycle,bus,motorcycle,bus,motorcycle,bus,motorcycle,bus,motorcycle,bus
2013,Pedestrian,Car/pick-up/van,Pedestrian,Car/pick-up/van,pedestrian,car,pedestrian,car,pedestrian,car,pedestrian,car,pedestrian,car
2013,Car,Trucks,Car,Trucks,car,truck,car,truck,car,truck,car,truck,car,truck
2013,Pedestrian,Trucks,Pedestrian,Trucks,pedestrian,truck,pedestrian,truck,pedestrian,truck,pedestrian,truck,pedestrian,truck
2014,Motorcycle,Trucks,Motorcycle,Trucks,motorcycle,truck,motorcycle,truck,motorcycle,truck,motorcycle,truck,motorcycle,truck
2014,Motorcycle,Unknown,Motorcycle,NA,motorcycle,car,motorcycle,truck,motorcycle,car,motorcycle,truck,motorcycle,truck
2014,Pedestrian,Bus,Pedestrian,Bus,pedestrian,bus,pedestrian,bus,pedestrian,bus,pedestrian,bus,pedestrian,bus
2014,Motorcycle,Unknown,Motorcycle,NA,motorcycle,car,motorcycle,car,motorcycle,bus,motorcycle,bus,motorcycle,NOV
2014,Motorcycle,Unknown,Motorcycle,NA,motorcycle,car,motorcycle,car,motorcycle,bus,motorcycle,car,motorcycle,car
2014,Other,Unknown,Other,NA,other,car,other,car,other,truck,other,car,other,NOV
2014,Pedestrian,Car/pick-up/van,Pedestrian,Car/pick-up/van,pedestrian,car,pedestrian,car,pedestrian,car,pedestrian,car,pedestrian,car
2014,Motorcycle,Trucks,Motorcycle,Trucks,motorcycle,truck,motorcycle,truck,motorcycle,truck,motorcycle,truck,motorcycle,truck
2014,Motorcycle,unspecified,Motorcycle,NA,motorcycle,NOV,motorcycle,NOV,motorcycle,NOV,motorcycle,motorcycle,motorcycle,motorcycle
2014,Pedestrian,2/3 Wheeled,Pedestrian,2/3 Wheeled,pedestrian,motorcycle,pedestrian,motorcycle,pedestrian,motorcycle,pedestrian,motorcycle,pedestrian,motorcycle
2014,Pedestrian,Unknown,Pedestrian,NA,pedestrian,car,pedestrian,motorcycle,pedestrian,motorcycle,pedestrian,truck,pedestrian,truck
2014,Motorcycle,Trucks,Motorcycle,Trucks,motorcycle,truck,motorcycle,truck,motorcycle,truck,motorcycle,truck,motorcycle,truck
2014,Pedestrian,Trucks,Pedestrian,Trucks,pedestrian,truck,pedestrian,truck,pedestrian,truck,pedestrian,truck,pedestrian,truck
2014,Motorcycle,Bus,Motorcycle,Bus,motorcycle,bus,motorcycle,bus,motorcycle,bus,motorcycle,bus,motorcycle,bus
2014,Pedestrian,Unknown,Pedestrian,NA,pedestrian,truck,pedestrian,bus,pedestrian,car,pedestrian,car,pedestrian,car
2014,Pedestrian,Unknown,Pedestrian,NA,pedestrian,car,pedestrian,motorcycle,pedestrian,motorcycle,pedestrian,car,pedestrian,truck
2014,Motorcycle,Trucks,Motorcycle,Trucks,motorcycle,truck,motorcycle,truck,motorcycle,truck,motorcycle,truck,motorcycle,truck
2014,Pedestrian,Car/pick-up/van,Pedestrian,Car/pick-up/van,pedestrian,car,pedestrian,car,pedestrian,car,pedestrian,car,pedestrian,car
2014,Motorcycle,Car/pick-up/van,Motorcycle,Car/pick-up/van,motorcycle,car,motorcycle,car,motorcycle,car,motorcycle,car,motorcycle,car
2014,3Wheeled,Trucks,3Wheeled,Trucks,motorcycle,truck,motorcycle,truck,motorcycle,truck,motorcycle,truck,motorcycle,truck
2013,Motorcycle,Unknown,Motorcycle,NA,motorcycle,NOV,motorcycle,bus,motorcycle,motorcycle,motorcycle,truck,motorcycle,car
2013,Pedestrian,Trucks,Pedestrian,Trucks,pedestrian,truck,pedestrian,truck,pedestrian,truck,pedestrian,truck,pedestrian,truck
2013,Motorcycle,Unknown,Motorcycle,NA,motorcycle,motorcycle,motorcycle,car,motorcycle,NOV,motorcycle,motorcycle,motorcycle,car
2013,Car,Car/pick-up/van,Car,Car/pick-up/van,car,car,car,car,car,car,car,car,car,car
2013,Car,2/3 Wheeled,Car,2/3 Wheeled,car,motorcycle,car,motorcycle,car,motorcycle,car,motorcycle,car,motorcycle
2013,Motorcycle,Car/pick-up/van,Motorcycle,Car/pick-up/van,motorcycle,car,motorcycle,car,motorcycle,car,motorcycle,car,motorcycle,car
2013,Motorcycle,No other/fixed or stationary object,Motorcycle,No other/fixed or stationary object,motorcycle,NOV,motorcycle,NOV,motorcycle,NOV,motorcycle,NOV,motorcycle,NOV
2013,Pedestrian,Unknown,Pedestrian,NA,pedestrian,car,pedestrian,bus,pedestrian,car,pedestrian,car,pedestrian,car
2013,Pedestrian,2/3 Wheeled,Pedestrian,2/3 Wheeled,pedestrian,motorcycle,pedestrian,motorcycle,pedestrian,motorcycle,pedestrian,motorcycle,pedestrian,motorcycle
2013,Pedestrian,Car/pick-up/van,Pedestrian,Car/pick-up/van,pedestrian,car,pedestrian,car,pedestrian,car,pedestrian,car,pedestrian,car
2013,Motorcycle,Trucks,Motorcycle,Trucks,motorcycle,truck,motorcycle,truck,motorcycle,truck,motorcycle,truck,motorcycle,truck
2013,Pedestrian,Unknown,Pedestrian,NA,pedestrian,truck,pedestrian,motorcycle,pedestrian,truck,pedestrian,truck,pedestrian,motorcycle
2014,Motorcycle,Trucks,Motorcycle,Trucks,motorcycle,truck,motorcycle,truck,motorcycle,truck,motorcycle,truck,motorcycle,truck
2014,Pedestrian,Unknown,Pedestrian,NA,pedestrian,car,pedestrian,truck,pedestrian,bus,pedestrian,car,pedestrian,car
2014,3Wheeled,No other/fixed or stationary object,3Wheeled,No other/fixed or stationary object,motorcycle,NOV,motorcycle,NOV,motorcycle,NOV,motorcycle,NOV,motorcycle,NOV
2014,Pedestrian,Car/pick-up/van,Pedestrian,Car/pick-up/van,pedestrian,car,pedestrian,car,pedestrian,car,pedestrian,car,pedestrian,car
2014,Pedestrian,Unknown,Pedestrian,NA,pedestrian,motorcycle,pedestrian,car,pedestrian,car,pedestrian,truck,pedestrian,car
2014,Motorcycle,Trucks,Motorcycle,Trucks,motorcycle,truck,motorcycle,truck,motorcycle,truck,motorcycle,truck,motorcycle,truck
2014,Motorcycle,Car/pick-up/van,Motorcycle,Car/pick-up/van,motorcycle,car,motorcycle,car,motorcycle,car,motorcycle,car,motorcycle,car
2014,Pedestrian,Car/pick-up/van,Pedestrian,Car/pick-up/van,pedestrian,car,pedestrian,car,pedestrian,car,pedestrian,car,pedestrian,car
2014,Motorcycle,No other/fixed or stationary object,Motorcycle,No other/fixed or stationary object,motorcycle,NOV,motorcycle,NOV,motorcycle,NOV,motorcycle,NOV,motorcycle,NOV
2014,Pedestrian,Car/pick-up/van,Pedestrian,Car/pick-up/van,pedestrian,car,pedestrian,car,pedestrian,car,pedestrian,car,pedestrian,car
2013,Motorcycle,No other/fixed or stationary object,Motorcycle,No other/fixed or stationary object,motorcycle,NOV,motorcycle,NOV,motorcycle,NOV,motorcycle,NOV,motorcycle,NOV
2013,Pedestrian,Unknown,Pedestrian,NA,pedestrian,motorcycle,pedestrian,truck,pedestrian,truck,pedestrian,car,pedestrian,motorcycle
2013,Motorcycle,Bus,Motorcycle,Bus,motorcycle,bus,motorcycle,bus,motorcycle,bus,motorcycle,bus,motorcycle,bus
2014,Pedal Cycle,Car/pick-up/van,Pedal Cycle,Car/pick-up/van,cycle,car,cycle,car,cycle,car,cycle,car,cycle,car
2014,Motorcycle,Unknown,Motorcycle,NA,motorcycle,motorcycle,motorcycle,car,motorcycle,truck,motorcycle,car,motorcycle,car
2013,Motorcycle,Unknown,Motorcycle,NA,motorcycle,truck,motorcycle,car,motorcycle,bus,motorcycle,truck,motorcycle,NOV
2013,Bus,No other/fixed or stationary object,Bus,No other/fixed or stationary object,bus,NOV,bus,NOV,bus,NOV,bus,NOV,bus,NOV
2013,Pedestrian,Trucks,Pedestrian,Trucks,pedestrian,truck,pedestrian,truck,pedestrian,truck,pedestrian,truck,pedestrian,truck
2013,Pedestrian,Car/pick-up/van,Pedestrian,Car/pick-up/van,pedestrian,car,pedestrian,car,pedestrian,car,pedestrian,car,pedestrian,car
2013,Pedestrian,2/3 Wheeled,Pedestrian,2/3 Wheeled,pedestrian,motorcycle,pedestrian,motorcycle,pedestrian,motorcycle,pedestrian,motorcycle,pedestrian,motorcycle
2013,Pedal Cycle,Bus,Pedal Cycle,Bus,cycle,bus,cycle,bus,cycle,bus,cycle,bus,cycle,bus
2013,Pedestrian,Unknown,Pedestrian,NA,pedestrian,car,pedestrian,car,pedestrian,car,pedestrian,motorcycle,pedestrian,truck
2013,Motorcycle,Car/pick-up/van,Motorcycle,Car/pick-up/van,motorcycle,car,motorcycle,car,motorcycle,car,motorcycle,car,motorcycle,car
2013,Pedestrian,Bus,Pedestrian,Bus,pedestrian,bus,pedestrian,bus,pedestrian,bus,pedestrian,bus,pedestrian,bus
2013,Motorcycle,Bus,Motorcycle,Bus,motorcycle,bus,motorcycle,bus,motorcycle,bus,motorcycle,bus,motorcycle,bus
2013,Pedestrian,Unknown,Pedestrian,NA,pedestrian,motorcycle,pedestrian,car,pedestrian,car,pedestrian,motorcycle,pedestrian,bus
2013,Car,No other/fixed or stationary object,Car,No other/fixed or stationary object,car,NOV,car,NOV,car,NOV,car,NOV,car,NOV
2013,Pedestrian,Car/pick-up/van,Pedestrian,Car/pick-up/van,pedestrian,car,pedestrian,car,pedestrian,car,pedestrian,car,pedestrian,car
2013,Pedestrian,Unknown,Pedestrian,NA,pedestrian,truck,pedestrian,car,pedestrian,car,pedestrian,truck,pedestrian,truck
2014,Pedestrian,Unknown,Pedestrian,NA,pedestrian,car,pedestrian,car,pedestrian,bus,pedestrian,car,pedestrian,car
2014,Other,unspecified,Other,NA,other,truck,other,truck,other,car,other,NOV,other,truck
2014,Motorcycle,Unknown,Motorcycle,NA,motorcycle,NOV,motorcycle,truck,motorcycle,bus,motorcycle,car,motorcycle,NOV
2014,Motorcycle,2/3 Wheeled,Motorcycle,2/3 Wheeled,motorcycle,motorcycle,motorcycle,motorcycle,motorcycle,motorcycle,motorcycle,motorcycle,motorcycle,motorcycle
2014,Pedestrian,Unknown,Pedestrian,NA,pedestrian,car,pedestrian,truck,pedestrian,truck,pedestrian,motorcycle,pedestrian,car
2014,Motorcycle,Unknown,Motorcycle,NA,motorcycle,bus,motorcycle,truck,motorcycle,car,motorcycle,truck,motorcycle,truck
2014,Pedestrian,Car/pick-up/van,Pedestrian,Car/pick-up/van,pedestrian,car,pedestrian,car,pedestrian,car,pedestrian,car,pedestrian,car
2014,Motorcycle,No other/fixed or stationary object,Motorcycle,No other/fixed or stationary object,motorcycle,NOV,motorcycle,NOV,motorcycle,NOV,motorcycle,NOV,motorcycle,NOV
2014,Motorcycle,Unknown,Motorcycle,NA,motorcycle,truck,motorcycle,car,motorcycle,bus,motorcycle,car,motorcycle,NOV
2014,Motorcycle,Unknown,Motorcycle,NA,motorcycle,car,motorcycle,bus,motorcycle,car,motorcycle,car,motorcycle,car
2014,Car,No other/fixed or stationary object,Car,No other/fixed or stationary object,car,NOV,car,NOV,car,NOV,car,NOV,car,NOV
2014,Pedestrian,Unknown,Pedestrian,NA,pedestrian,bus,pedestrian,bus,pedestrian,car,pedestrian,car,pedestrian,motorcycle
2014,Pedestrian,Unknown,Pedestrian,NA,pedestrian,motorcycle,pedestrian,car,pedestrian,car,pedestrian,car,pedestrian,car
2013,Motorcycle,Trucks,Motorcycle,Trucks,motorcycle,truck,motorcycle,truck,motorcycle,truck,motorcycle,truck,motorcycle,truck
2013,3Wheeled,Trucks,3Wheeled,Trucks,motorcycle,truck,motorcycle,truck,motorcycle,truck,motorcycle,truck,motorcycle,truck
2013,Pedestrian,Unknown,Pedestrian,NA,pedestrian,bus,pedestrian,car,pedestrian,motorcycle,pedestrian,bus,pedestrian,bus
2013,Pedestrian,Trucks,Pedestrian,Trucks,pedestrian,truck,pedestrian,truck,pedestrian,truck,pedestrian,truck,pedestrian,truck
2013,Motorcycle,Car/pick-up/van,Motorcycle,Car/pick-up/van,motorcycle,car,motorcycle,car,motorcycle,car,motorcycle,car,motorcycle,car
2013,Pedestrian,Unknown,Pedestrian,NA,pedestrian,car,pedestrian,bus,pedestrian,bus,pedestrian,car,pedestrian,car
2013,Motorcycle,Unknown,Motorcycle,NA,motorcycle,truck,motorcycle,NOV,motorcycle,car,motorcycle,bus,motorcycle,NOV
2014,Motorcycle,Unknown,Motorcycle,NA,motorcycle,car,motorcycle,truck,motorcycle,truck,motorcycle,truck,motorcycle,truck
2014,Motorcycle,Unknown,Motorcycle,NA,motorcycle,NOV,motorcycle,truck,motorcycle,NOV,motorcycle,NOV,motorcycle,NOV
2014,Motorcycle,Unknown,Motorcycle,NA,motorcycle,car,motorcycle,car,motorcycle,motorcycle,motorcycle,truck,motorcycle,NOV
2014,Motorcycle,Trucks,Motorcycle,Trucks,motorcycle,truck,motorcycle,truck,motorcycle,truck,motorcycle,truck,motorcycle,truck
2014,Motorcycle,Car/pick-up/van,Motorcycle,Car/pick-up/van,motorcycle,car,motorcycle,car,motorcycle,car,motorcycle,car,motorcycle,car
2014,Motorcycle,Unknown,Motorcycle,NA,motorcycle,car,motorcycle,NOV,motorcycle,truck,motorcycle,car,motorcycle,car
2014,Pedestrian,Unknown,Pedestrian,NA,pedestrian,car,pedestrian,car,pedestrian,car,pedestrian,car,pedestrian,motorcycle
2013,Pedal Cycle,Car/pick-up/van,Pedal Cycle,Car/pick-up/van,cycle,car,cycle,car,cycle,car,cycle,car,cycle,car
2013,Pedestrian,2/3 Wheeled,Pedestrian,2/3 Wheeled,pedestrian,motorcycle,pedestrian,motorcycle,pedestrian,motorcycle,pedestrian,motorcycle,pedestrian,motorcycle
2013,Motorcycle,Car/pick-up/van,Motorcycle,Car/pick-up/van,motorcycle,car,motorcycle,car,motorcycle,car,motorcycle,car,motorcycle,car
2013,Pedestrian,2/3 Wheeled,Pedestrian,2/3 Wheeled,pedestrian,motorcycle,pedestrian,motorcycle,pedestrian,motorcycle,pedestrian,motorcycle,pedestrian,motorcycle
2013,Car,Car/pick-up/van,Car,Car/pick-up/van,car,car,car,car,car,car,car,car,car,car
2013,Motorcycle,Trucks,Motorcycle,Trucks,motorcycle,truck,motorcycle,truck,motorcycle,truck,motorcycle,truck,motorcycle,truck
2014,Motorcycle,No other/fixed or stationary object,Motorcycle,No other/fixed or stationary object,motorcycle,NOV,motorcycle,NOV,motorcycle,NOV,motorcycle,NOV,motorcycle,NOV
2014,Other,unspecified,Other,NA,other,car,other,truck,other,car,other,NOV,other,car
2014,Motorcycle,Car/pick-up/van,Motorcycle,Car/pick-up/van,motorcycle,car,motorcycle,car,motorcycle,car,motorcycle,car,motorcycle,car
2014,Pedestrian,Car/pick-up/van,Pedestrian,Car/pick-up/van,pedestrian,car,pedestrian,car,pedestrian,car,pedestrian,car,pedestrian,car
2014,Pedestrian,Unknown,Pedestrian,NA,pedestrian,car,pedestrian,truck,pedestrian,car,pedestrian,car,pedestrian,motorcycle
2014,Pedestrian,2/3 Wheeled,Pedestrian,2/3 Wheeled,pedestrian,motorcycle,pedestrian,motorcycle,pedestrian,motorcycle,pedestrian,motorcycle,pedestrian,motorcycle
2013,Motorcycle,Unknown,Motorcycle,NA,motorcycle,bus,motorcycle,truck,motorcycle,car,motorcycle,motorcycle,motorcycle,truck
2013,Pedestrian,Car/pick-up/van,Pedestrian,Car/pick-up/van,pedestrian,car,pedestrian,car,pedestrian,car,pedestrian,car,pedestrian,car
2013,Pedestrian,Unknown,Pedestrian,NA,pedestrian,car,pedestrian,car,pedestrian,car,pedestrian,bus,pedestrian,truck
2013,Pedestrian,Unknown,Pedestrian,NA,pedestrian,truck,pedestrian,bus,pedestrian,motorcycle,pedestrian,motorcycle,pedestrian,truck
2013,Motorcycle,Unknown,Motorcycle,NA,motorcycle,truck,motorcycle,truck,motorcycle,motorcycle,motorcycle,car,motorcycle,car
2013,3Wheeled,Trucks,3Wheeled,Trucks,motorcycle,truck,motorcycle,truck,motorcycle,truck,motorcycle,truck,motorcycle,truck
2013,Motorcycle,Car/pick-up/van,Motorcycle,Car/pick-up/van,motorcycle,car,motorcycle,car,motorcycle,car,motorcycle,car,motorcycle,car
2014,Pedestrian,Unknown,Pedestrian,NA,pedestrian,car,pedestrian,car,pedestrian,bus,pedestrian,motorcycle,pedestrian,car
2014,Pedestrian,Unknown,Pedestrian,NA,pedestrian,motorcycle,pedestrian,car,pedestrian,car,pedestrian,motorcycle,pedestrian,truck
2014,Pedestrian,Unknown,Pedestrian,NA,pedestrian,car,pedestrian,truck,pedestrian,truck,pedestrian,car,pedestrian,car
2014,Motorcycle,Unknown,Motorcycle,NA,motorcycle,bus,motorcycle,NOV,motorcycle,car,motorcycle,NOV,motorcycle,NOV
2014,Heavy transport,Car/pick-up/van,Heavy transport,Car/pick-up/van,truck,car,truck,car,truck,car,truck,car,truck,car
2013,Pedestrian,Car/pick-up/van,Pedestrian,Car/pick-up/van,pedestrian,car,pedestrian,car,pedestrian,car,pedestrian,car,pedestrian,car
2013,Pedestrian,Bus,Pedestrian,Bus,pedestrian,bus,pedestrian,bus,pedestrian,bus,pedestrian,bus,pedestrian,bus
2013,Pedestrian,Car/pick-up/van,Pedestrian,Car/pick-up/van,pedestrian,car,pedestrian,car,pedestrian,car,pedestrian,car,pedestrian,car
2013,Motorcycle,Bus,Motorcycle,Bus,motorcycle,bus,motorcycle,bus,motorcycle,bus,motorcycle,bus,motorcycle,bus
2013,Motorcycle,Unknown,Motorcycle,NA,motorcycle,NOV,motorcycle,truck,motorcycle,truck,motorcycle,truck,motorcycle,car
2013,Motorcycle,Trucks,Motorcycle,Trucks,motorcycle,truck,motorcycle,truck,motorcycle,truck,motorcycle,truck,motorcycle,truck
2013,Motorcycle,Car/pick-up/van,Motorcycle,Car/pick-up/van,motorcycle,car,motorcycle,car,motorcycle,car,motorcycle,car,motorcycle,car
2013,Motorcycle,Car/pick-up/van,Motorcycle,Car/pick-up/van,motorcycle,car,motorcycle,car,motorcycle,car,motorcycle,car,motorcycle,car
2013,Pedestrian,Car/pick-up/van,Pedestrian,Car/pick-up/van,pedestrian,car,pedestrian,car,pedestrian,car,pedestrian,car,pedestrian,car
2014,Other,unspecified,Other,NA,other,motorcycle,other,car,other,truck,other,NOV,other,car
2014,Motorcycle,Unknown,Motorcycle,NA,motorcycle,truck,motorcycle,bus,motorcycle,truck,motorcycle,NOV,motorcycle,truck
2014,Pedestrian,Unknown,Pedestrian,NA,pedestrian,car,pedestrian,car,pedestrian,motorcycle,pedestrian,car,pedestrian,motorcycle
2014,Pedestrian,Unknown,Pedestrian,NA,pedestrian,bus,pedestrian,motorcycle,pedestrian,bus,pedestrian,bus,pedestrian,car
2014,Car,No other/fixed or stationary object,Car,No other/fixed or stationary object,car,NOV,car,NOV,car,NOV,car,NOV,car,NOV
2014,Pedestrian,Bus,Pedestrian,Bus,pedestrian,bus,pedestrian,bus,pedestrian,bus,pedestrian,bus,pedestrian,bus
2014,Pedestrian,Car/pick-up/van,Pedestrian,Car/pick-up/van,pedestrian,car,pedestrian,car,pedestrian,car,pedestrian,car,pedestrian,car
2014,Pedestrian,Unknown,Pedestrian,NA,pedestrian,bus,pedestrian,motorcycle,pedestrian,motorcycle,pedestrian,car,pedestrian,car
2014,Motorcycle,No other/fixed or stationary object,Motorcycle,No other/fixed or stationary object,motorcycle,NOV,motorcycle,NOV,motorcycle,NOV,motorcycle,NOV,motorcycle,NOV
2014,Motorcycle,Unknown,Motorcycle,NA,motorcycle,truck,motorcycle,truck,motorcycle,car,motorcycle,car,motorcycle,NOV
2014,Pedestrian,Car/pick-up/van,Pedestrian,Car/pick-up/van,pedestrian,car,pedestrian,car,pedestrian,car,pedestrian,car,pedestrian,car
2014,Motorcycle,Unknown,Motorcycle,NA,motorcycle,truck,motorcycle,motorcycle,motorcycle,NOV,motorcycle,truck,motorcycle,NOV
2014,Car,No other/fixed or stationary object,Car,No other/fixed or stationary object,car,NOV,car,NOV,car,NOV,car,NOV,car,NOV
2014,Motorcycle,No other/fixed or stationary object,Motorcycle,No other/fixed or stationary object,motorcycle,NOV,motorcycle,NOV,motorcycle,NOV,motorcycle,NOV,motorcycle,NOV
2014,Motorcycle,Bus,Motorcycle,Bus,motorcycle,bus,motorcycle,bus,motorcycle,bus,motorcycle,bus,motorcycle,bus
2014,Motorcycle,Unknown,Motorcycle,NA,motorcycle,truck,motorcycle,car,motorcycle,bus,motorcycle,NOV,motorcycle,truck
2013,Motorcycle,Car/pick-up/van,Motorcycle,Car/pick-up/van,motorcycle,car,motorcycle,car,motorcycle,car,motorcycle,car,motorcycle,car
2013,Pedestrian,Unknown,Pedestrian,NA,pedestrian,motorcycle,pedestrian,car,pedestrian,car,pedestrian,motorcycle,pedestrian,car
2013,Pedestrian,2/3 Wheeled,Pedestrian,2/3 Wheeled,pedestrian,motorcycle,pedestrian,motorcycle,pedestrian,motorcycle,pedestrian,motorcycle,pedestrian,motorcycle
2013,Pedestrian,Unknown,Pedestrian,NA,pedestrian,car,pedestrian,truck,pedestrian,truck,pedestrian,car,pedestrian,motorcycle
2013,Pedestrian,Bus,Pedestrian,Bus,pedestrian,bus,pedestrian,bus,pedestrian,bus,pedestrian,bus,pedestrian,bus
2014,Pedestrian,Bus,Pedestrian,Bus,pedestrian,bus,pedestrian,bus,pedestrian,bus,pedestrian,bus,pedestrian,bus
2014,Pedestrian,Bus,Pedestrian,Bus,pedestrian,bus,pedestrian,bus,pedestrian,bus,pedestrian,bus,pedestrian,bus
2014,Pedestrian,Unknown,Pedestrian,NA,pedestrian,motorcycle,pedestrian,truck,pedestrian,car,pedestrian,motorcycle,pedestrian,motorcycle
2014,Motorcycle,Trucks,Motorcycle,Trucks,motorcycle,truck,motorcycle,truck,motorcycle,truck,motorcycle,truck,motorcycle,truck
2014,Pedestrian,Unknown,Pedestrian,NA,pedestrian,car,pedestrian,motorcycle,pedestrian,car,pedestrian,car,pedestrian,motorcycle
2014,Pedestrian,Unknown,Pedestrian,NA,pedestrian,car,pedestrian,motorcycle,pedestrian,truck,pedestrian,car,pedestrian,car
2014,Other,unspecified,Other,NA,other,car,other,NOV,other,NOV,other,car,other,truck
2013,Pedestrian,Unknown,Pedestrian,NA,pedestrian,car,pedestrian,motorcycle,pedestrian,truck,pedestrian,car,pedestrian,bus
2013,Motorcycle,Unknown,Motorcycle,NA,motorcycle,truck,motorcycle,bus,motorcycle,NOV,motorcycle,truck,motorcycle,truck
2013,Pedestrian,Bus,Pedestrian,Bus,pedestrian,bus,pedestrian,bus,pedestrian,bus,pedestrian,bus,pedestrian,bus
2013,Motorcycle,Trucks,Motorcycle,Trucks,motorcycle,truck,motorcycle,truck,motorcycle,truck,motorcycle,truck,motorcycle,truck
2013,Car,Trucks,Car,Trucks,car,truck,car,truck,car,truck,car,truck,car,truck
2013,Pedestrian,Car/pick-up/van,Pedestrian,Car/pick-up/van,pedestrian,car,pedestrian,car,pedestrian,car,pedestrian,car,pedestrian,car
2013,Motorcycle,Trucks,Motorcycle,Trucks,motorcycle,truck,motorcycle,truck,motorcycle,truck,motorcycle,truck,motorcycle,truck
2013,Heavy transport,No other/fixed or stationary object,Heavy transport,No other/fixed or stationary object,truck,NOV,truck,NOV,truck,NOV,truck,NOV,truck,NOV
2013,Pedestrian,2/3 Wheeled,Pedestrian,2/3 Wheeled,pedestrian,motorcycle,pedestrian,motorcycle,pedestrian,motorcycle,pedestrian,motorcycle,pedestrian,motorcycle
2013,Motorcycle,No other/fixed or stationary object,Motorcycle,No other/fixed or stationary object,motorcycle,NOV,motorcycle,NOV,motorcycle,NOV,motorcycle,NOV,motorcycle,NOV
2013,Car,Car/pick-up/van,Car,Car/pick-up/van,car,car,car,car,car,car,car,car,car,car
2013,Motorcycle,Unknown,Motorcycle,NA,motorcycle,bus,motorcycle,truck,motorcycle,NOV,motorcycle,bus,motorcycle,bus
2013,Motorcycle,Car/pick-up/van,Motorcycle,Car/pick-up/van,motorcycle,car,motorcycle,car,motorcycle,car,motorcycle,car,motorcycle,car
2013,Car,Unknown,Car,NA,car,NOV,car,car,car,truck,car,car,car,NOV
2013,Car,No other/fixed or stationary object,Car,No other/fixed or stationary object,car,NOV,car,NOV,car,NOV,car,NOV,car,NOV
2013,Motorcycle,No other/fixed or stationary object,Motorcycle,No other/fixed or stationary object,motorcycle,NOV,motorcycle,NOV,motorcycle,NOV,motorcycle,NOV,motorcycle,NOV
2013,Pedestrian,Unknown,Pedestrian,NA,pedestrian,bus,pedestrian,truck,pedestrian,truck,pedestrian,car,pedestrian,motorcycle
2014,Pedestrian,Car/pick-up/van,Pedestrian,Car/pick-up/van,pedestrian,car,pedestrian,car,pedestrian,car,pedestrian,car,pedestrian,car
2014,Car,No other/fixed or stationary object,Car,No other/fixed or stationary object,car,NOV,car,NOV,car,NOV,car,NOV,car,NOV
2014,Car,No other/fixed or stationary object,Car,No other/fixed or stationary object,car,NOV,car,NOV,car,NOV,car,NOV,car,NOV
2014,Car,No other/fixed or stationary object,Car,No other/fixed or stationary object,car,NOV,car,NOV,car,NOV,car,NOV,car,NOV
2014,Motorcycle,No other/fixed or stationary object,Motorcycle,No other/fixed or stationary object,motorcycle,NOV,motorcycle,NOV,motorcycle,NOV,motorcycle,NOV,motorcycle,NOV
2014,Pedestrian,2/3 Wheeled,Pedestrian,2/3 Wheeled,pedestrian,motorcycle,pedestrian,motorcycle,pedestrian,motorcycle,pedestrian,motorcycle,pedestrian,motorcycle
2014,Motorcycle,Car/pick-up/van,Motorcycle,Car/pick-up/van,motorcycle,car,motorcycle,car,motorcycle,car,motorcycle,car,motorcycle,car
2014,Pedestrian,Unknown,Pedestrian,NA,pedestrian,motorcycle,pedestrian,bus,pedestrian,car,pedestrian,car,pedestrian,truck
2014,Motorcycle,Car/pick-up/van,Motorcycle,Car/pick-up/van,motorcycle,car,motorcycle,car,motorcycle,car,motorcycle,car,motorcycle,car
2014,Pedestrian,Unknown,Pedestrian,NA,pedestrian,car,pedestrian,car,pedestrian,bus,pedestrian,truck,pedestrian,truck
2014,Other,unspecified,Other,NA,other,motorcycle,other,NOV,other,car,other,bus,other,truck
2014,Car,Unknown,Car,NA,car,car,car,NOV,car,truck,car,NOV,car,truck
2014,Motorcycle,Unknown,Motorcycle,NA,motorcycle,NOV,motorcycle,NOV,motorcycle,NOV,motorcycle,truck,motorcycle,NOV
2014,Pedestrian,Unknown,Pedestrian,NA,pedestrian,car,pedestrian,motorcycle,pedestrian,truck,pedestrian,motorcycle,pedestrian,motorcycle
2014,Other,unspecified,Other,NA,other,truck,other,car,other,car,other,bus,other,NOV
2014,Pedestrian,2/3 Wheeled,Pedestrian,2/3 Wheeled,pedestrian,motorcycle,pedestrian,motorcycle,pedestrian,motorcycle,pedestrian,motorcycle,pedestrian,motorcycle
2014,Pedestrian,Unknown,Pedestrian,NA,pedestrian,car,pedestrian,car,pedestrian,car,pedestrian,car,pedestrian,bus
2014,Motorcycle,2/3 Wheeled,Motorcycle,2/3 Wheeled,motorcycle,motorcycle,motorcycle,motorcycle,motorcycle,motorcycle,motorcycle,motorcycle,motorcycle,motorcycle
2014,Motorcycle,Car/pick-up/van,Motorcycle,Car/pick-up/van,motorcycle,car,motorcycle,car,motorcycle,car,motorcycle,car,motorcycle,car
2014,Motorcycle,Unknown,Motorcycle,NA,motorcycle,truck,motorcycle,truck,motorcycle,NOV,motorcycle,car,motorcycle,car
2014,Pedestrian,Car/pick-up/van,Pedestrian,Car/pick-up/van,pedestrian,car,pedestrian,car,pedestrian,car,pedestrian,car,pedestrian,car
2014,Pedestrian,Bus,Pedestrian,Bus,pedestrian,bus,pedestrian,bus,pedestrian,bus,pedestrian,bus,pedestrian,bus
2014,Pedestrian,Trucks,Pedestrian,Trucks,pedestrian,truck,pedestrian,truck,pedestrian,truck,pedestrian,truck,pedestrian,truck
2014,Motorcycle,Car/pick-up/van,Motorcycle,Car/pick-up/van,motorcycle,car,motorcycle,car,motorcycle,car,motorcycle,car,motorcycle,car
2014,Pedestrian,Unknown,Pedestrian,NA,pedestrian,motorcycle,pedestrian,car,pedestrian,bus,pedestrian,car,pedestrian,car
2014,Motorcycle,Car/pick-up/van,Motorcycle,Car/pick-up/van,motorcycle,car,motorcycle,car,motorcycle,car,motorcycle,car,motorcycle,car
2014,Motorcycle,Unknown,Motorcycle,NA,motorcycle,truck,motorcycle,truck,motorcycle,truck,motorcycle,truck,motorcycle,bus
2014,Pedestrian,Car/pick-up/van,Pedestrian,Car/pick-up/van,pedestrian,car,pedestrian,car,pedestrian,car,pedestrian,car,pedestrian,car
2014,Car,No other/fixed or stationary object,Car,No other/fixed or stationary object,car,NOV,car,NOV,car,NOV,car,NOV,car,NOV
2013,Pedestrian,Unknown,Pedestrian,NA,pedestrian,car,pedestrian,car,pedestrian,car,pedestrian,car,pedestrian,car
2013,Pedestrian,Unknown,Pedestrian,NA,pedestrian,car,pedestrian,car,pedestrian,car,pedestrian,truck,pedestrian,car
2013,Motorcycle,Car/pick-up/van,Motorcycle,Car/pick-up/van,motorcycle,car,motorcycle,car,motorcycle,car,motorcycle,car,motorcycle,car
2013,Motorcycle,2/3 Wheeled,Motorcycle,2/3 Wheeled,motorcycle,motorcycle,motorcycle,motorcycle,motorcycle,motorcycle,motorcycle,motorcycle,motorcycle,motorcycle
2013,Pedestrian,Unknown,Pedestrian,NA,pedestrian,car,pedestrian,truck,pedestrian,car,pedestrian,bus,pedestrian,motorcycle
2013,Pedestrian,Car/pick-up/van,Pedestrian,Car/pick-up/van,pedestrian,car,pedestrian,car,pedestrian,car,pedestrian,car,pedestrian,car
2013,Car,Trucks,Car,Trucks,car,truck,car,truck,car,truck,car,truck,car,truck
2013,Pedestrian,Unknown,Pedestrian,NA,pedestrian,truck,pedestrian,motorcycle,pedestrian,car,pedestrian,car,pedestrian,truck
2013,Motorcycle,Unknown,Motorcycle,NA,motorcycle,NOV,motorcycle,truck,motorcycle,truck,motorcycle,truck,motorcycle,car
2013,Pedestrian,Car/pick-up/van,Pedestrian,Car/pick-up/van,pedestrian,car,pedestrian,car,pedestrian,car,pedestrian,car,pedestrian,car
2013,Motorcycle,Car/pick-up/van,Motorcycle,Car/pick-up/van,motorcycle,car,motorcycle,car,motorcycle,car,motorcycle,car,motorcycle,car
2013,Motorcycle,Unknown,Motorcycle,NA,motorcycle,truck,motorcycle,NOV,motorcycle,bus,motorcycle,truck,motorcycle,NOV
2013,Pedal Cycle,Unknown,Pedal Cycle,NA,cycle,truck,cycle,truck,cycle,bus,cycle,truck,cycle,car
2014,Pedestrian,Car/pick-up/van,Pedestrian,Car/pick-up/van,pedestrian,car,pedestrian,car,pedestrian,car,pedestrian,car,pedestrian,car
2014,Pedestrian,Unknown,Pedestrian,NA,pedestrian,motorcycle,pedestrian,car,pedestrian,truck,pedestrian,motorcycle,pedestrian,car
2014,Motorcycle,Unknown,Motorcycle,NA,motorcycle,motorcycle,motorcycle,car,motorcycle,truck,motorcycle,car,motorcycle,bus
2014,Motorcycle,Trucks,Motorcycle,Trucks,motorcycle,truck,motorcycle,truck,motorcycle,truck,motorcycle,truck,motorcycle,truck
2014,Motorcycle,Unknown,Motorcycle,NA,motorcycle,car,motorcycle,truck,motorcycle,motorcycle,motorcycle,truck,motorcycle,truck
2014,Other,unspecified,Other,NA,other,car,other,car,other,car,other,truck,other,bus
2014,Pedal Cycle,Car/pick-up/van,Pedal Cycle,Car/pick-up/van,cycle,car,cycle,car,cycle,car,cycle,car,cycle,car
2014,Pedestrian,Car/pick-up/van,Pedestrian,Car/pick-up/van,pedestrian,car,pedestrian,car,pedestrian,car,pedestrian,car,pedestrian,car
2014,Pedal Cycle,Unknown,Pedal Cycle,NA,cycle,bus,cycle,truck,cycle,car,cycle,truck,cycle,car
2014,Pedestrian,Unknown,Pedestrian,NA,pedestrian,bus,pedestrian,bus,pedestrian,car,pedestrian,car,pedestrian,truck
2014,Car,No other/fixed or stationary object,Car,No other/fixed or stationary object,car,NOV,car,NOV,car,NOV,car,NOV,car,NOV
2014,3Wheeled,Car/pick-up/van,3Wheeled,Car/pick-up/van,motorcycle,car,motorcycle,car,motorcycle,car,motorcycle,car,motorcycle,car
2013,Pedestrian,Car/pick-up/van,Pedestrian,Car/pick-up/van,pedestrian,car,pedestrian,car,pedestrian,car,pedestrian,car,pedestrian,car
2013,Motorcycle,No other/fixed or stationary object,Motorcycle,No other/fixed or stationary object,motorcycle,NOV,motorcycle,NOV,motorcycle,NOV,motorcycle,NOV,motorcycle,NOV
2013,Motorcycle,Bus,Motorcycle,Bus,motorcycle,bus,motorcycle,bus,motorcycle,bus,motorcycle,bus,motorcycle,bus
2013,Pedestrian,2/3 Wheeled,Pedestrian,2/3 Wheeled,pedestrian,motorcycle,pedestrian,motorcycle,pedestrian,motorcycle,pedestrian,motorcycle,pedestrian,motorcycle
2013,Motorcycle,Car/pick-up/van,Motorcycle,Car/pick-up/van,motorcycle,car,motorcycle,car,motorcycle,car,motorcycle,car,motorcycle,car
2013,3Wheeled,Unknown,3Wheeled,NA,motorcycle,car,motorcycle,car,motorcycle,car,motorcycle,car,motorcycle,bus
2014,Pedestrian,Unknown,Pedestrian,NA,pedestrian,car,pedestrian,car,pedestrian,truck,pedestrian,car,pedestrian,car
2014,Motorcycle,Trucks,Motorcycle,Trucks,motorcycle,truck,motorcycle,truck,motorcycle,truck,motorcycle,truck,motorcycle,truck
2014,Pedestrian,Unknown,Pedestrian,NA,pedestrian,truck,pedestrian,car,pedestrian,car,pedestrian,car,pedestrian,car
2014,Pedestrian,Car/pick-up/van,Pedestrian,Car/pick-up/van,pedestrian,car,pedestrian,car,pedestrian,car,pedestrian,car,pedestrian,car
2013,Pedestrian,Unknown,Pedestrian,NA,pedestrian,car,pedestrian,car,pedestrian,car,pedestrian,car,pedestrian,truck
2013,Pedestrian,Car/pick-up/van,Pedestrian,Car/pick-up/van,pedestrian,car,pedestrian,car,pedestrian,car,pedestrian,car,pedestrian,car
2013,Motorcycle,Trucks,Motorcycle,Trucks,motorcycle,truck,motorcycle,truck,motorcycle,truck,motorcycle,truck,motorcycle,truck
2014,Car,Car/pick-up/van,Car,Car/pick-up/van,car,car,car,car,car,car,car,car,car,car
2014,3Wheeled,2/3 Wheeled,3Wheeled,2/3 Wheeled,motorcycle,motorcycle,motorcycle,motorcycle,motorcycle,motorcycle,motorcycle,motorcycle,motorcycle,motorcycle
2014,Motorcycle,Bus,Motorcycle,Bus,motorcycle,bus,motorcycle,bus,motorcycle,bus,motorcycle,bus,motorcycle,bus
2013,Motorcycle,Bus,Motorcycle,Bus,motorcycle,bus,motorcycle,bus,motorcycle,bus,motorcycle,bus,motorcycle,bus
2013,Pedestrian,Unknown,Pedestrian,NA,pedestrian,motorcycle,pedestrian,motorcycle,pedestrian,car,pedestrian,motorcycle,pedestrian,motorcycle
2013,Pedestrian,Unknown,Pedestrian,NA,pedestrian,car,pedestrian,car,pedestrian,car,pedestrian,car,pedestrian,motorcycle
2013,Car,Bus,Car,Bus,car,bus,car,bus,car,bus,car,bus,car,bus
2013,Pedal Cycle,Unknown,Pedal Cycle,NA,cycle,bus,cycle,truck,cycle,bus,cycle,truck,cycle,bus
2013,Pedestrian,Bus,Pedestrian,Bus,pedestrian,bus,pedestrian,bus,pedestrian,bus,pedestrian,bus,pedestrian,bus
2013,Motorcycle,Bus,Motorcycle,Bus,motorcycle,bus,motorcycle,bus,motorcycle,bus,motorcycle,bus,motorcycle,bus
2013,Motorcycle,Trucks,Motorcycle,Trucks,motorcycle,truck,motorcycle,truck,motorcycle,truck,motorcycle,truck,motorcycle,truck
2013,Pedestrian,Unknown,Pedestrian,NA,pedestrian,motorcycle,pedestrian,car,pedestrian,motorcycle,pedestrian,car,pedestrian,truck
2013,Pedestrian,Trucks,Pedestrian,Trucks,pedestrian,truck,pedestrian,truck,pedestrian,truck,pedestrian,truck,pedestrian,truck
2013,Pedestrian,Bus,Pedestrian,Bus,pedestrian,bus,pedestrian,bus,pedestrian,bus,pedestrian,bus,pedestrian,bus
2013,Pedestrian,Unknown,Pedestrian,NA,pedestrian,bus,pedestrian,motorcycle,pedestrian,car,pedestrian,truck,pedestrian,car
2013,Motorcycle,Unknown,Motorcycle,NA,motorcycle,car,motorcycle,truck,motorcycle,truck,motorcycle,car,motorcycle,truck
2013,Pedestrian,Car/pick-up/van,Pedestrian,Car/pick-up/van,pedestrian,car,pedestrian,car,pedestrian,car,pedestrian,car,pedestrian,car
2013,Motorcycle,Unknown,Motorcycle,NA,motorcycle,truck,motorcycle,car,motorcycle,car,motorcycle,truck,motorcycle,bus
2013,Pedestrian,Unknown,Pedestrian,NA,pedestrian,car,pedestrian,car,pedestrian,car,pedestrian,car,pedestrian,motorcycle
2013,Pedestrian,Unknown,Pedestrian,NA,pedestrian,car,pedestrian,truck,pedestrian,car,pedestrian,truck,pedestrian,motorcycle
2013,Pedestrian,Unknown,Pedestrian,NA,pedestrian,motorcycle,pedestrian,car,pedestrian,bus,pedestrian,car,pedestrian,car
2013,Heavy transport,No other/fixed or stationary object,Heavy transport,No other/fixed or stationary object,truck,NOV,truck,NOV,truck,NOV,truck,NOV,truck,NOV
2013,Pedestrian,Unknown,Pedestrian,NA,pedestrian,car,pedestrian,truck,pedestrian,motorcycle,pedestrian,truck,pedestrian,car
2013,Pedestrian,Unknown,Pedestrian,NA,pedestrian,motorcycle,pedestrian,bus,pedestrian,car,pedestrian,motorcycle,pedestrian,motorcycle
2013,Pedestrian,Unknown,Pedestrian,NA,pedestrian,motorcycle,pedestrian,bus,pedestrian,car,pedestrian,truck,pedestrian,motorcycle
2013,Pedestrian,Unknown,Pedestrian,NA,pedestrian,bus,pedestrian,car,pedestrian,motorcycle,pedestrian,truck,pedestrian,car
2013,Motorcycle,2/3 Wheeled,Motorcycle,2/3 Wheeled,motorcycle,motorcycle,motorcycle,motorcycle,motorcycle,motorcycle,motorcycle,motorcycle,motorcycle,motorcycle
2014,Pedestrian,Unknown,Pedestrian,NA,pedestrian,motorcycle,pedestrian,car,pedestrian,motorcycle,pedestrian,bus,pedestrian,motorcycle
2014,Pedestrian,Unknown,Pedestrian,NA,pedestrian,car,pedestrian,bus,pedestrian,truck,pedestrian,car,pedestrian,motorcycle
2014,Motorcycle,Car/pick-up/van,Motorcycle,Car/pick-up/van,motorcycle,car,motorcycle,car,motorcycle,car,motorcycle,car,motorcycle,car
2014,Pedestrian,Unknown,Pedestrian,NA,pedestrian,motorcycle,pedestrian,car,pedestrian,car,pedestrian,bus,pedestrian,motorcycle
2014,3Wheeled,Unknown,3Wheeled,NA,motorcycle,car,motorcycle,car,motorcycle,NOV,motorcycle,NOV,motorcycle,truck
2014,Pedestrian,Trucks,Pedestrian,Trucks,pedestrian,truck,pedestrian,truck,pedestrian,truck,pedestrian,truck,pedestrian,truck
2014,Pedestrian,Unknown,Pedestrian,NA,pedestrian,motorcycle,pedestrian,motorcycle,pedestrian,car,pedestrian,car,pedestrian,bus
2014,Other,Unknown,Other,NA,other,truck,other,truck,other,car,other,car,other,truck
2014,Pedestrian,Trucks,Pedestrian,Trucks,pedestrian,truck,pedestrian,truck,pedestrian,truck,pedestrian,truck,pedestrian,truck
2014,Motorcycle,Unknown,Motorcycle,NA,motorcycle,car,motorcycle,car,motorcycle,bus,motorcycle,motorcycle,motorcycle,bus
2014,3Wheeled,Trucks,3Wheeled,Trucks,motorcycle,truck,motorcycle,truck,motorcycle,truck,motorcycle,truck,motorcycle,truck
2014,Pedestrian,Unknown,Pedestrian,NA,pedestrian,car,pedestrian,car,pedestrian,truck,pedestrian,truck,pedestrian,car
2014,Pedestrian,Unknown,Pedestrian,NA,pedestrian,bus,pedestrian,car,pedestrian,car,pedestrian,motorcycle,pedestrian,truck
2014,Motorcycle,Car/pick-up/van,Motorcycle,Car/pick-up/van,motorcycle,car,motorcycle,car,motorcycle,car,motorcycle,car,motorcycle,car
2014,Pedestrian,Unknown,Pedestrian,NA,pedestrian,motorcycle,pedestrian,car,pedestrian,car,pedestrian,car,pedestrian,motorcycle
2014,Unknown,unspecified,NA,NA,pedestrian,car,other,bus,car,NOV,pedestrian,car,pedestrian,motorcycle
2014,Pedestrian,2/3 Wheeled,Pedestrian,2/3 Wheeled,pedestrian,motorcycle,pedestrian,motorcycle,pedestrian,motorcycle,pedestrian,motorcycle,pedestrian,motorcycle
2014,Pedestrian,Car/pick-up/van,Pedestrian,Car/pick-up/van,pedestrian,car,pedestrian,car,pedestrian,car,pedestrian,car,pedestrian,car
2014,Pedestrian,Bus,Pedestrian,Bus,pedestrian,bus,pedestrian,bus,pedestrian,bus,pedestrian,bus,pedestrian,bus
2014,Pedestrian,Unknown,Pedestrian,NA,pedestrian,car,pedestrian,car,pedestrian,bus,pedestrian,car,pedestrian,car
2014,Motorcycle,Trucks,Motorcycle,Trucks,motorcycle,truck,motorcycle,truck,motorcycle,truck,motorcycle,truck,motorcycle,truck
2014,Pedestrian,Bus,Pedestrian,Bus,pedestrian,bus,pedestrian,bus,pedestrian,bus,pedestrian,bus,pedestrian,bus
2014,Pedestrian,Car/pick-up/van,Pedestrian,Car/pick-up/van,pedestrian,car,pedestrian,car,pedestrian,car,pedestrian,car,pedestrian,car
2014,Pedestrian,Car/pick-up/van,Pedestrian,Car/pick-up/van,pedestrian,car,pedestrian,car,pedestrian,car,pedestrian,car,pedestrian,car
2014,Pedestrian,Bus,Pedestrian,Bus,pedestrian,bus,pedestrian,bus,pedestrian,bus,pedestrian,bus,pedestrian,bus
2014,Pedestrian,Bus,Pedestrian,Bus,pedestrian,bus,pedestrian,bus,pedestrian,bus,pedestrian,bus,pedestrian,bus
2014,Pedestrian,Unknown,Pedestrian,NA,pedestrian,bus,pedestrian,motorcycle,pedestrian,car,pedestrian,motorcycle,pedestrian,car
2014,Pedestrian,Unknown,Pedestrian,NA,pedestrian,motorcycle,pedestrian,truck,pedestrian,motorcycle,pedestrian,car,pedestrian,car
2014,Pedestrian,Bus,Pedestrian,Bus,pedestrian,bus,pedestrian,bus,pedestrian,bus,pedestrian,bus,pedestrian,bus
2014,Bus,2/3 Wheeled,Bus,2/3 Wheeled,bus,motorcycle,bus,motorcycle,bus,motorcycle,bus,motorcycle,bus,motorcycle
2014,Pedal Cycle,Trucks,Pedal Cycle,Trucks,cycle,truck,cycle,truck,cycle,truck,cycle,truck,cycle,truck
2014,Pedestrian,Car/pick-up/van,Pedestrian,Car/pick-up/van,pedestrian,car,pedestrian,car,pedestrian,car,pedestrian,car,pedestrian,car
2014,Pedestrian,Unknown,Pedestrian,NA,pedestrian,car,pedestrian,car,pedestrian,bus,pedestrian,car,pedestrian,truck
2014,Motorcycle,Trucks,Motorcycle,Trucks,motorcycle,truck,motorcycle,truck,motorcycle,truck,motorcycle,truck,motorcycle,truck
2014,Motorcycle,Trucks,Motorcycle,Trucks,motorcycle,truck,motorcycle,truck,motorcycle,truck,motorcycle,truck,motorcycle,truck
2014,3Wheeled,Car/pick-up/van,3Wheeled,Car/pick-up/van,motorcycle,car,motorcycle,car,motorcycle,car,motorcycle,car,motorcycle,car
2014,Pedestrian,Unknown,Pedestrian,NA,pedestrian,truck,pedestrian,car,pedestrian,bus,pedestrian,car,pedestrian,car
2014,Pedestrian,Unknown,Pedestrian,NA,pedestrian,car,pedestrian,car,pedestrian,car,pedestrian,car,pedestrian,truck
2013,Pedestrian,Trucks,Pedestrian,Trucks,pedestrian,truck,pedestrian,truck,pedestrian,truck,pedestrian,truck,pedestrian,truck
2013,Motorcycle,Unknown,Motorcycle,NA,motorcycle,car,motorcycle,car,motorcycle,NOV,motorcycle,truck,motorcycle,car
2013,Motorcycle,Car/pick-up/van,Motorcycle,Car/pick-up/van,motorcycle,car,motorcycle,car,motorcycle,car,motorcycle,car,motorcycle,car
2013,Pedestrian,2/3 Wheeled,Pedestrian,2/3 Wheeled,pedestrian,motorcycle,pedestrian,motorcycle,pedestrian,motorcycle,pedestrian,motorcycle,pedestrian,motorcycle
2013,Pedestrian,Unknown,Pedestrian,NA,pedestrian,truck,pedestrian,motorcycle,pedestrian,motorcycle,pedestrian,car,pedestrian,motorcycle
2013,Motorcycle,Unknown,Motorcycle,NA,motorcycle,NOV,motorcycle,truck,motorcycle,motorcycle,motorcycle,truck,motorcycle,car
2013,Motorcycle,Unknown,Motorcycle,NA,motorcycle,bus,motorcycle,bus,motorcycle,bus,motorcycle,NOV,motorcycle,NOV
2014,Motorcycle,No other/fixed or stationary object,Motorcycle,No other/fixed or stationary object,motorcycle,NOV,motorcycle,NOV,motorcycle,NOV,motorcycle,NOV,motorcycle,NOV
2014,Pedestrian,Trucks,Pedestrian,Trucks,pedestrian,truck,pedestrian,truck,pedestrian,truck,pedestrian,truck,pedestrian,truck
2014,Car,No other/fixed or stationary object,Car,No other/fixed or stationary object,car,NOV,car,NOV,car,NOV,car,NOV,car,NOV
2014,Pedestrian,Unknown,Pedestrian,NA,pedestrian,motorcycle,pedestrian,car,pedestrian,truck,pedestrian,car,pedestrian,bus
2014,Pedestrian,Unknown,Pedestrian,NA,pedestrian,truck,pedestrian,car,pedestrian,car,pedestrian,motorcycle,pedestrian,truck
2014,Pedestrian,Car/pick-up/van,Pedestrian,Car/pick-up/van,pedestrian,car,pedestrian,car,pedestrian,car,pedestrian,car,pedestrian,car
2013,Pedestrian,Car/pick-up/van,Pedestrian,Car/pick-up/van,pedestrian,car,pedestrian,car,pedestrian,car,pedestrian,car,pedestrian,car
2014,Pedestrian,Unknown,Pedestrian,NA,pedestrian,car,pedestrian,car,pedestrian,car,pedestrian,car,pedestrian,car
2014,Pedestrian,Car/pick-up/van,Pedestrian,Car/pick-up/van,pedestrian,car,pedestrian,car,pedestrian,car,pedestrian,car,pedestrian,car
2014,Motorcycle,Car/pick-up/van,Motorcycle,Car/pick-up/van,motorcycle,car,motorcycle,car,motorcycle,car,motorcycle,car,motorcycle,car
2013,Motorcycle,No other/fixed or stationary object,Motorcycle,No other/fixed or stationary object,motorcycle,NOV,motorcycle,NOV,motorcycle,NOV,motorcycle,NOV,motorcycle,NOV
2013,Pedestrian,Unknown,Pedestrian,NA,pedestrian,truck,pedestrian,car,pedestrian,car,pedestrian,car,pedestrian,car
2013,Motorcycle,Trucks,Motorcycle,Trucks,motorcycle,truck,motorcycle,truck,motorcycle,truck,motorcycle,truck,motorcycle,truck
2013,Pedestrian,Car/pick-up/van,Pedestrian,Car/pick-up/van,pedestrian,car,pedestrian,car,pedestrian,car,pedestrian,car,pedestrian,car
2013,Pedestrian,2/3 Wheeled,Pedestrian,2/3 Wheeled,pedestrian,motorcycle,pedestrian,motorcycle,pedestrian,motorcycle,pedestrian,motorcycle,pedestrian,motorcycle
2013,Motorcycle,Unknown,Motorcycle,NA,motorcycle,car,motorcycle,car,motorcycle,car,motorcycle,truck,motorcycle,truck
2013,Pedestrian,Trucks,Pedestrian,Trucks,pedestrian,truck,pedestrian,truck,pedestrian,truck,pedestrian,truck,pedestrian,truck
2013,Pedestrian,Unknown,Pedestrian,NA,pedestrian,car,pedestrian,car,pedestrian,NOV,pedestrian,car,pedestrian,car
2013,Pedestrian,Unknown,Pedestrian,NA,pedestrian,car,pedestrian,truck,pedestrian,bus,pedestrian,car,pedestrian,car
2014,Motorcycle,Trucks,Motorcycle,Trucks,motorcycle,truck,motorcycle,truck,motorcycle,truck,motorcycle,truck,motorcycle,truck
2014,Pedal Cycle,Trucks,Pedal Cycle,Trucks,cycle,truck,cycle,truck,cycle,truck,cycle,truck,cycle,truck
2014,Motorcycle,Bus,Motorcycle,Bus,motorcycle,bus,motorcycle,bus,motorcycle,bus,motorcycle,bus,motorcycle,bus
2014,3Wheeled,No other/fixed or stationary object,3Wheeled,No other/fixed or stationary object,motorcycle,NOV,motorcycle,NOV,motorcycle,NOV,motorcycle,NOV,motorcycle,NOV
2014,Pedestrian,Car/pick-up/van,Pedestrian,Car/pick-up/van,pedestrian,car,pedestrian,car,pedestrian,car,pedestrian,car,pedestrian,car
2014,Pedestrian,Unknown,Pedestrian,NA,pedestrian,car,pedestrian,car,pedestrian,car,pedestrian,car,pedestrian,motorcycle
2014,3Wheeled,No other/fixed or stationary object,3Wheeled,No other/fixed or stationary object,motorcycle,NOV,motorcycle,NOV,motorcycle,NOV,motorcycle,NOV,motorcycle,NOV
2014,Motorcycle,Unknown,Motorcycle,NA,motorcycle,car,motorcycle,car,motorcycle,truck,motorcycle,truck,motorcycle,car
2013,Motorcycle,2/3 Wheeled,Motorcycle,2/3 Wheeled,motorcycle,motorcycle,motorcycle,motorcycle,motorcycle,motorcycle,motorcycle,motorcycle,motorcycle,motorcycle
2013,Pedestrian,Unknown,Pedestrian,NA,pedestrian,motorcycle,pedestrian,bus,pedestrian,bus,pedestrian,truck,pedestrian,car
2013,Motorcycle,Car/pick-up/van,Motorcycle,Car/pick-up/van,motorcycle,car,motorcycle,car,motorcycle,car,motorcycle,car,motorcycle,car
2013,Pedal Cycle,Car/pick-up/van,Pedal Cycle,Car/pick-up/van,cycle,car,cycle,car,cycle,car,cycle,car,cycle,car
2013,Pedestrian,Car/pick-up/van,Pedestrian,Car/pick-up/van,pedestrian,car,pedestrian,car,pedestrian,car,pedestrian,car,pedestrian,car
2013,Motorcycle,Unknown,Motorcycle,NA,motorcycle,truck,motorcycle,motorcycle,motorcycle,truck,motorcycle,truck,motorcycle,car
2013,Motorcycle,Car/pick-up/van,Motorcycle,Car/pick-up/van,motorcycle,car,motorcycle,car,motorcycle,car,motorcycle,car,motorcycle,car
2013,Motorcycle,Car/pick-up/van,Motorcycle,Car/pick-up/van,motorcycle,car,motorcycle,car,motorcycle,car,motorcycle,car,motorcycle,car
2014,Car,No other/fixed or stationary object,Car,No other/fixed or stationary object,car,NOV,car,NOV,car,NOV,car,NOV,car,NOV
2014,Pedestrian,Unknown,Pedestrian,NA,pedestrian,bus,pedestrian,motorcycle,pedestrian,car,pedestrian,car,pedestrian,bus
2014,Pedestrian,Unknown,Pedestrian,NA,pedestrian,motorcycle,pedestrian,car,pedestrian,car,pedestrian,motorcycle,pedestrian,car
2014,Pedal Cycle,Unknown,Pedal Cycle,NA,cycle,truck,cycle,car,cycle,car,cycle,car,cycle,truck
2013,Pedestrian,Unknown,Pedestrian,NA,pedestrian,truck,pedestrian,car,pedestrian,car,pedestrian,car,pedestrian,car
2013,Pedestrian,Car/pick-up/van,Pedestrian,Car/pick-up/van,pedestrian,car,pedestrian,car,pedestrian,car,pedestrian,car,pedestrian,car
2013,Pedestrian,Unknown,Pedestrian,NA,pedestrian,motorcycle,pedestrian,car,pedestrian,car,pedestrian,bus,pedestrian,car
2013,Pedestrian,Trucks,Pedestrian,Trucks,pedestrian,truck,pedestrian,truck,pedestrian,truck,pedestrian,truck,pedestrian,truck
2013,Pedestrian,Car/pick-up/van,Pedestrian,Car/pick-up/van,pedestrian,car,pedestrian,car,pedestrian,car,pedestrian,car,pedestrian,car
2014,Pedestrian,Unknown,Pedestrian,NA,pedestrian,car,pedestrian,truck,pedestrian,car,pedestrian,car,pedestrian,car
2014,Motorcycle,Unknown,Motorcycle,NA,motorcycle,truck,motorcycle,NOV,motorcycle,motorcycle,motorcycle,car,motorcycle,motorcycle
2013,Pedestrian,2/3 Wheeled,Pedestrian,2/3 Wheeled,pedestrian,motorcycle,pedestrian,motorcycle,pedestrian,motorcycle,pedestrian,motorcycle,pedestrian,motorcycle
2013,Pedestrian,Unknown,Pedestrian,NA,pedestrian,car,pedestrian,motorcycle,pedestrian,car,pedestrian,truck,pedestrian,car
2013,Other,unspecified,Other,NA,other,truck,other,car,other,car,other,car,other,car
2013,Pedestrian,Car/pick-up/van,Pedestrian,Car/pick-up/van,pedestrian,car,pedestrian,car,pedestrian,car,pedestrian,car,pedestrian,car
2013,Motorcycle,Bus,Motorcycle,Bus,motorcycle,bus,motorcycle,bus,motorcycle,bus,motorcycle,bus,motorcycle,bus
2013,Motorcycle,Trucks,Motorcycle,Trucks,motorcycle,truck,motorcycle,truck,motorcycle,truck,motorcycle,truck,motorcycle,truck
2013,Motorcycle,Unknown,Motorcycle,NA,motorcycle,motorcycle,motorcycle,motorcycle,motorcycle,NOV,motorcycle,truck,motorcycle,truck
2013,Pedestrian,Unknown,Pedestrian,NA,pedestrian,car,pedestrian,bus,pedestrian,truck,pedestrian,motorcycle,pedestrian,car
2013,Pedestrian,Unknown,Pedestrian,NA,pedestrian,car,pedestrian,NOV,pedestrian,motorcycle,pedestrian,bus,pedestrian,motorcycle
2013,Motorcycle,Unknown,Motorcycle,NA,motorcycle,car,motorcycle,bus,motorcycle,car,motorcycle,car,motorcycle,car
2013,Pedestrian,Unknown,Pedestrian,NA,pedestrian,car,pedestrian,car,pedestrian,car,pedestrian,bus,pedestrian,car
2013,Motorcycle,Unknown,Motorcycle,NA,motorcycle,truck,motorcycle,NOV,motorcycle,NOV,motorcycle,car,motorcycle,car
2013,Motorcycle,Unknown,Motorcycle,NA,motorcycle,car,motorcycle,NOV,motorcycle,bus,motorcycle,car,motorcycle,truck
2013,Pedestrian,Bus,Pedestrian,Bus,pedestrian,bus,pedestrian,bus,pedestrian,bus,pedestrian,bus,pedestrian,bus
2013,Other,Unknown,Other,NA,other,car,other,truck,other,NOV,other,car,other,truck
2013,Motorcycle,Bus,Motorcycle,Bus,motorcycle,bus,motorcycle,bus,motorcycle,bus,motorcycle,bus,motorcycle,bus
2013,Motorcycle,Unknown,Motorcycle,NA,motorcycle,bus,motorcycle,NOV,motorcycle,NOV,motorcycle,bus,motorcycle,truck
2014,Motorcycle,Bus,Motorcycle,Bus,motorcycle,bus,motorcycle,bus,motorcycle,bus,motorcycle,bus,motorcycle,bus
2014,Pedestrian,Unknown,Pedestrian,NA,pedestrian,car,pedestrian,car,pedestrian,truck,pedestrian,motorcycle,pedestrian,car
2014,Pedestrian,Unknown,Pedestrian,NA,pedestrian,truck,pedestrian,truck,pedestrian,truck,pedestrian,car,pedestrian,car
2014,Pedestrian,2/3 Wheeled,Pedestrian,2/3 Wheeled,pedestrian,motorcycle,pedestrian,motorcycle,pedestrian,motorcycle,pedestrian,motorcycle,pedestrian,motorcycle
2014,Pedestrian,Unknown,Pedestrian,NA,pedestrian,car,pedestrian,car,pedestrian,bus,pedestrian,truck,pedestrian,car
2014,Pedestrian,Unknown,Pedestrian,NA,pedestrian,car,pedestrian,truck,pedestrian,car,pedestrian,motorcycle,pedestrian,motorcycle
2014,Pedestrian,Car/pick-up/van,Pedestrian,Car/pick-up/van,pedestrian,car,pedestrian,car,pedestrian,car,pedestrian,car,pedestrian,car
2014,Motorcycle,Car/pick-up/van,Motorcycle,Car/pick-up/van,motorcycle,car,motorcycle,car,motorcycle,car,motorcycle,car,motorcycle,car
2014,Motorcycle,No other/fixed or stationary object,Motorcycle,No other/fixed or stationary object,motorcycle,NOV,motorcycle,NOV,motorcycle,NOV,motorcycle,NOV,motorcycle,NOV
2014,Motorcycle,No other/fixed or stationary object,Motorcycle,No other/fixed or stationary object,motorcycle,NOV,motorcycle,NOV,motorcycle,NOV,motorcycle,NOV,motorcycle,NOV
2014,Pedestrian,Unknown,Pedestrian,NA,pedestrian,motorcycle,pedestrian,truck,pedestrian,car,pedestrian,car,pedestrian,car
2014,Pedestrian,Unknown,Pedestrian,NA,pedestrian,car,pedestrian,bus,pedestrian,truck,pedestrian,car,pedestrian,car
2014,Pedestrian,Unknown,Pedestrian,NA,pedestrian,truck,pedestrian,truck,pedestrian,motorcycle,pedestrian,car,pedestrian,car
2014,Pedestrian,Unknown,Pedestrian,NA,pedestrian,motorcycle,pedestrian,car,pedestrian,car,pedestrian,truck,pedestrian,bus
2014,Pedestrian,Unknown,Pedestrian,NA,pedestrian,car,pedestrian,bus,pedestrian,car,pedestrian,car,pedestrian,motorcycle
2013,Pedal Cycle,Unknown,Pedal Cycle,NA,cycle,car,cycle,truck,cycle,car,cycle,car,cycle,truck
2014,Pedestrian,Unknown,Pedestrian,NA,pedestrian,car,pedestrian,car,pedestrian,motorcycle,pedestrian,car,pedestrian,car
2014,Other,unspecified,Other,NA,other,car,other,truck,other,truck,other,motorcycle,other,car
2014,Pedestrian,Unknown,Pedestrian,NA,pedestrian,bus,pedestrian,car,pedestrian,truck,pedestrian,car,pedestrian,motorcycle
2014,Pedestrian,Unknown,Pedestrian,NA,pedestrian,car,pedestrian,motorcycle,pedestrian,car,pedestrian,car,pedestrian,car
2013,Pedestrian,Unknown,Pedestrian,NA,pedestrian,motorcycle,pedestrian,car,pedestrian,truck,pedestrian,truck,pedestrian,truck
2013,Pedestrian,Car/pick-up/van,Pedestrian,Car/pick-up/van,pedestrian,car,pedestrian,car,pedestrian,car,pedestrian,car,pedestrian,car
2013,Pedestrian,Unknown,Pedestrian,NA,pedestrian,car,pedestrian,truck,pedestrian,car,pedestrian,truck,pedestrian,motorcycle
2013,Pedestrian,Unknown,Pedestrian,NA,pedestrian,truck,pedestrian,car,pedestrian,truck,pedestrian,car,pedestrian,car
2013,Motorcycle,Trucks,Motorcycle,Trucks,motorcycle,truck,motorcycle,truck,motorcycle,truck,motorcycle,truck,motorcycle,truck
2013,Pedestrian,Car/pick-up/van,Pedestrian,Car/pick-up/van,pedestrian,car,pedestrian,car,pedestrian,car,pedestrian,car,pedestrian,car
2013,Pedestrian,Unknown,Pedestrian,NA,pedestrian,bus,pedestrian,truck,pedestrian,car,pedestrian,car,pedestrian,truck
2013,Pedestrian,Trucks,Pedestrian,Trucks,pedestrian,truck,pedestrian,truck,pedestrian,truck,pedestrian,truck,pedestrian,truck
2014,Pedestrian,Unknown,Pedestrian,NA,pedestrian,motorcycle,pedestrian,truck,pedestrian,truck,pedestrian,motorcycle,pedestrian,motorcycle
2014,Pedestrian,Trucks,Pedestrian,Trucks,pedestrian,truck,pedestrian,truck,pedestrian,truck,pedestrian,truck,pedestrian,truck
2014,Pedestrian,Trucks,Pedestrian,Trucks,pedestrian,truck,pedestrian,truck,pedestrian,truck,pedestrian,truck,pedestrian,truck
2014,Pedestrian,Trucks,Pedestrian,Trucks,pedestrian,truck,pedestrian,truck,pedestrian,truck,pedestrian,truck,pedestrian,truck
2014,Pedestrian,Unknown,Pedestrian,NA,pedestrian,bus,pedestrian,car,pedestrian,car,pedestrian,car,pedestrian,bus
2013,Pedestrian,Unknown,Pedestrian,NA,pedestrian,car,pedestrian,truck,pedestrian,car,pedestrian,truck,pedestrian,car
2013,Pedestrian,Unknown,Pedestrian,NA,pedestrian,bus,pedestrian,car,pedestrian,car,pedestrian,car,pedestrian,car
2013,Pedestrian,Unknown,Pedestrian,NA,pedestrian,motorcycle,pedestrian,car,pedestrian,motorcycle,pedestrian,bus,pedestrian,car
2013,Pedestrian,Unknown,Pedestrian,NA,pedestrian,car,pedestrian,bus,pedestrian,bus,pedestrian,car,pedestrian,bus
2013,Pedestrian,Car/pick-up/van,Pedestrian,Car/pick-up/van,pedestrian,car,pedestrian,car,pedestrian,car,pedestrian,car,pedestrian,car
2013,Car,Car/pick-up/van,Car,Car/pick-up/van,car,car,car,car,car,car,car,car,car,car
2013,Pedestrian,Unknown,Pedestrian,NA,pedestrian,motorcycle,pedestrian,motorcycle,pedestrian,car,pedestrian,car,pedestrian,car
2013,Pedestrian,Unknown,Pedestrian,NA,pedestrian,car,pedestrian,car,pedestrian,bus,pedestrian,car,pedestrian,bus
2013,Motorcycle,Unknown,Motorcycle,NA,motorcycle,car,motorcycle,car,motorcycle,car,motorcycle,truck,motorcycle,car
2013,Pedestrian,Unknown,Pedestrian,NA,pedestrian,truck,pedestrian,car,pedestrian,motorcycle,pedestrian,truck,pedestrian,truck
2013,Motorcycle,Trucks,Motorcycle,Trucks,motorcycle,truck,motorcycle,truck,motorcycle,truck,motorcycle,truck,motorcycle,truck
2013,Pedestrian,Unknown,Pedestrian,NA,pedestrian,truck,pedestrian,truck,pedestrian,bus,pedestrian,car,pedestrian,car
2013,Motorcycle,Trucks,Motorcycle,Trucks,motorcycle,truck,motorcycle,truck,motorcycle,truck,motorcycle,truck,motorcycle,truck
2013,Pedestrian,Trucks,Pedestrian,Trucks,pedestrian,truck,pedestrian,truck,pedestrian,truck,pedestrian,truck,pedestrian,truck
2013,Car,Car/pick-up/van,Car,Car/pick-up/van,car,car,car,car,car,car,car,car,car,car
2013,Motorcycle,Unknown,Motorcycle,NA,motorcycle,car,motorcycle,bus,motorcycle,NOV,motorcycle,truck,motorcycle,car
2013,Car,unspecified,Car,NA,car,NOV,car,car,car,truck,car,bus,car,NOV
2013,Motorcycle,Unknown,Motorcycle,NA,motorcycle,truck,motorcycle,truck,motorcycle,truck,motorcycle,car,motorcycle,truck
2014,Motorcycle,Car/pick-up/van,Motorcycle,Car/pick-up/van,motorcycle,car,motorcycle,car,motorcycle,car,motorcycle,car,motorcycle,car
2014,Motorcycle,Unknown,Motorcycle,NA,motorcycle,car,motorcycle,bus,motorcycle,truck,motorcycle,car,motorcycle,NOV
2014,Motorcycle,Trucks,Motorcycle,Trucks,motorcycle,truck,motorcycle,truck,motorcycle,truck,motorcycle,truck,motorcycle,truck
2014,Motorcycle,No other/fixed or stationary object,Motorcycle,No other/fixed or stationary object,motorcycle,NOV,motorcycle,NOV,motorcycle,NOV,motorcycle,NOV,motorcycle,NOV
2014,Motorcycle,2/3 Wheeled,Motorcycle,2/3 Wheeled,motorcycle,motorcycle,motorcycle,motorcycle,motorcycle,motorcycle,motorcycle,motorcycle,motorcycle,motorcycle
2014,Pedestrian,Car/pick-up/van,Pedestrian,Car/pick-up/van,pedestrian,car,pedestrian,car,pedestrian,car,pedestrian,car,pedestrian,car
2014,Pedestrian,Car/pick-up/van,Pedestrian,Car/pick-up/van,pedestrian,car,pedestrian,car,pedestrian,car,pedestrian,car,pedestrian,car
2014,Pedestrian,2/3 Wheeled,Pedestrian,2/3 Wheeled,pedestrian,motorcycle,pedestrian,motorcycle,pedestrian,motorcycle,pedestrian,motorcycle,pedestrian,motorcycle
2014,Pedestrian,Car/pick-up/van,Pedestrian,Car/pick-up/van,pedestrian,car,pedestrian,car,pedestrian,car,pedestrian,car,pedestrian,car
2013,3Wheeled,Unknown,3Wheeled,NA,motorcycle,NOV,motorcycle,NOV,motorcycle,truck,motorcycle,NOV,motorcycle,truck
2013,Car,No other/fixed or stationary object,Car,No other/fixed or stationary object,car,NOV,car,NOV,car,NOV,car,NOV,car,NOV
2013,Motorcycle,No other/fixed or stationary object,Motorcycle,No other/fixed or stationary object,motorcycle,NOV,motorcycle,NOV,motorcycle,NOV,motorcycle,NOV,motorcycle,NOV
2013,3Wheeled,Bus,3Wheeled,Bus,motorcycle,bus,motorcycle,bus,motorcycle,bus,motorcycle,bus,motorcycle,bus
2013,Pedestrian,Unknown,Pedestrian,NA,pedestrian,car,pedestrian,car,pedestrian,truck,pedestrian,bus,pedestrian,motorcycle
2013,3Wheeled,Bus,3Wheeled,Bus,motorcycle,bus,motorcycle,bus,motorcycle,bus,motorcycle,bus,motorcycle,bus
2014,Motorcycle,Car/pick-up/van,Motorcycle,Car/pick-up/van,motorcycle,car,motorcycle,car,motorcycle,car,motorcycle,car,motorcycle,car
2014,Motorcycle,Unknown,Motorcycle,NA,motorcycle,bus,motorcycle,NOV,motorcycle,bus,motorcycle,motorcycle,motorcycle,bus
2014,Motorcycle,Bus,Motorcycle,Bus,motorcycle,bus,motorcycle,bus,motorcycle,bus,motorcycle,bus,motorcycle,bus
2014,3Wheeled,No other/fixed or stationary object,3Wheeled,No other/fixed or stationary object,motorcycle,NOV,motorcycle,NOV,motorcycle,NOV,motorcycle,NOV,motorcycle,NOV
2013,Motorcycle,Unknown,Motorcycle,NA,motorcycle,car,motorcycle,truck,motorcycle,bus,motorcycle,truck,motorcycle,car
2013,Pedestrian,Car/pick-up/van,Pedestrian,Car/pick-up/van,pedestrian,car,pedestrian,car,pedestrian,car,pedestrian,car,pedestrian,car
2013,Other,unspecified,Other,NA,other,NOV,other,car,other,NOV,other,car,other,truck
2013,Pedestrian,Unknown,Pedestrian,NA,pedestrian,bus,pedestrian,car,pedestrian,motorcycle,pedestrian,bus,pedestrian,truck
2013,Motorcycle,Unknown,Motorcycle,NA,motorcycle,NOV,motorcycle,truck,motorcycle,NOV,motorcycle,truck,motorcycle,car
2013,Pedestrian,Unknown,Pedestrian,NA,pedestrian,truck,pedestrian,car,pedestrian,motorcycle,pedestrian,car,pedestrian,car
2014,Motorcycle,Unknown,Motorcycle,NA,motorcycle,car,motorcycle,truck,motorcycle,bus,motorcycle,truck,motorcycle,truck
2014,Pedestrian,2/3 Wheeled,Pedestrian,2/3 Wheeled,pedestrian,motorcycle,pedestrian,motorcycle,pedestrian,motorcycle,pedestrian,motorcycle,pedestrian,motorcycle
2014,Pedestrian,Unknown,Pedestrian,NA,pedestrian,motorcycle,pedestrian,bus,pedestrian,car,pedestrian,car,pedestrian,motorcycle
2014,Pedestrian,Unknown,Pedestrian,NA,pedestrian,truck,pedestrian,car,pedestrian,truck,pedestrian,car,pedestrian,motorcycle
2014,Pedestrian,Unknown,Pedestrian,NA,pedestrian,bus,pedestrian,bus,pedestrian,car,pedestrian,truck,pedestrian,motorcycle
2014,Pedestrian,Unknown,Pedestrian,NA,pedestrian,truck,pedestrian,car,pedestrian,car,pedestrian,car,pedestrian,bus
2014,3Wheeled,Unknown,3Wheeled,NA,motorcycle,car,motorcycle,truck,motorcycle,car,motorcycle,truck,motorcycle,car
2014,Pedestrian,Unknown,Pedestrian,NA,pedestrian,car,pedestrian,motorcycle,pedestrian,car,pedestrian,car,pedestrian,motorcycle
2014,Pedestrian,Unknown,Pedestrian,NA,pedestrian,car,pedestrian,car,pedestrian,car,pedestrian,bus,pedestrian,car
2014,Pedestrian,Car/pick-up/van,Pedestrian,Car/pick-up/van,pedestrian,car,pedestrian,car,pedestrian,car,pedestrian,car,pedestrian,car
2014,Pedestrian,Unknown,Pedestrian,NA,pedestrian,car,pedestrian,car,pedestrian,bus,pedestrian,car,pedestrian,car
2014,Pedestrian,Unknown,Pedestrian,NA,pedestrian,car,pedestrian,bus,pedestrian,motorcycle,pedestrian,bus,pedestrian,car
2014,Motorcycle,Unknown,Motorcycle,NA,motorcycle,truck,motorcycle,NOV,motorcycle,car,motorcycle,NOV,motorcycle,car
2014,Pedestrian,Bus,Pedestrian,Bus,pedestrian,bus,pedestrian,bus,pedestrian,bus,pedestrian,bus,pedestrian,bus
2013,Other,unspecified,Other,NA,other,car,other,car,other,car,other,car,other,car
2013,Heavy transport,Trucks,Heavy transport,Trucks,truck,truck,truck,truck,truck,truck,truck,truck,truck,truck
2013,Other,Unknown,Other,NA,other,car,other,car,other,NOV,other,car,other,truck
2013,Motorcycle,Unknown,Motorcycle,NA,motorcycle,car,motorcycle,car,motorcycle,car,motorcycle,bus,motorcycle,truck
2013,Pedestrian,Trucks,Pedestrian,Trucks,pedestrian,truck,pedestrian,truck,pedestrian,truck,pedestrian,truck,pedestrian,truck
2013,Motorcycle,Car/pick-up/van,Motorcycle,Car/pick-up/van,motorcycle,car,motorcycle,car,motorcycle,car,motorcycle,car,motorcycle,car
2013,Pedestrian,Trucks,Pedestrian,Trucks,pedestrian,truck,pedestrian,truck,pedestrian,truck,pedestrian,truck,pedestrian,truck
2013,Pedal Cycle,Trucks,Pedal Cycle,Trucks,cycle,truck,cycle,truck,cycle,truck,cycle,truck,cycle,truck
2013,Motorcycle,Bus,Motorcycle,Bus,motorcycle,bus,motorcycle,bus,motorcycle,bus,motorcycle,bus,motorcycle,bus
2013,Pedestrian,Unknown,Pedestrian,NA,pedestrian,car,pedestrian,motorcycle,pedestrian,truck,pedestrian,car,pedestrian,motorcycle
2013,Pedestrian,Unknown,Pedestrian,NA,pedestrian,bus,pedestrian,car,pedestrian,car,pedestrian,truck,pedestrian,truck
2013,Pedestrian,Unknown,Pedestrian,NA,pedestrian,truck,pedestrian,motorcycle,pedestrian,car,pedestrian,motorcycle,pedestrian,car
2013,Pedestrian,Trucks,Pedestrian,Trucks,pedestrian,truck,pedestrian,truck,pedestrian,truck,pedestrian,truck,pedestrian,truck
2013,Motorcycle,Trucks,Motorcycle,Trucks,motorcycle,truck,motorcycle,truck,motorcycle,truck,motorcycle,truck,motorcycle,truck
2013,Pedestrian,Trucks,Pedestrian,Trucks,pedestrian,truck,pedestrian,truck,pedestrian,truck,pedestrian,truck,pedestrian,truck
2013,Motorcycle,Car/pick-up/van,Motorcycle,Car/pick-up/van,motorcycle,car,motorcycle,car,motorcycle,car,motorcycle,car,motorcycle,car
2013,Pedestrian,Unknown,Pedestrian,NA,pedestrian,motorcycle,pedestrian,car,pedestrian,motorcycle,pedestrian,motorcycle,pedestrian,truck
2013,Pedestrian,Trucks,Pedestrian,Trucks,pedestrian,truck,pedestrian,truck,pedestrian,truck,pedestrian,truck,pedestrian,truck
2013,Pedal Cycle,Unknown,Pedal Cycle,NA,cycle,truck,cycle,motorcycle,cycle,car,cycle,car,cycle,truck
2013,Motorcycle,No other/fixed or stationary object,Motorcycle,No other/fixed or stationary object,motorcycle,NOV,motorcycle,NOV,motorcycle,NOV,motorcycle,NOV,motorcycle,NOV
2014,Other,unspecified,Other,NA,other,car,other,truck,other,motorcycle,other,NOV,other,car
2014,Pedestrian,Trucks,Pedestrian,Trucks,pedestrian,truck,pedestrian,truck,pedestrian,truck,pedestrian,truck,pedestrian,truck
2014,Motorcycle,Unknown,Motorcycle,NA,motorcycle,car,motorcycle,truck,motorcycle,truck,motorcycle,truck,motorcycle,bus
2014,Car,Trucks,Car,Trucks,car,truck,car,truck,car,truck,car,truck,car,truck
2014,Motorcycle,Unknown,Motorcycle,NA,motorcycle,truck,motorcycle,truck,motorcycle,truck,motorcycle,bus,motorcycle,motorcycle
2014,Pedestrian,Unknown,Pedestrian,NA,pedestrian,bus,pedestrian,bus,pedestrian,car,pedestrian,car,pedestrian,car
2014,Motorcycle,Car/pick-up/van,Motorcycle,Car/pick-up/van,motorcycle,car,motorcycle,car,motorcycle,car,motorcycle,car,motorcycle,car
2014,Motorcycle,Bus,Motorcycle,Bus,motorcycle,bus,motorcycle,bus,motorcycle,bus,motorcycle,bus,motorcycle,bus
2014,Pedestrian,Trucks,Pedestrian,Trucks,pedestrian,truck,pedestrian,truck,pedestrian,truck,pedestrian,truck,pedestrian,truck
2014,Motorcycle,Trucks,Motorcycle,Trucks,motorcycle,truck,motorcycle,truck,motorcycle,truck,motorcycle,truck,motorcycle,truck
2014,Pedestrian,Car/pick-up/van,Pedestrian,Car/pick-up/van,pedestrian,car,pedestrian,car,pedestrian,car,pedestrian,car,pedestrian,car
2014,Pedestrian,Trucks,Pedestrian,Trucks,pedestrian,truck,pedestrian,truck,pedestrian,truck,pedestrian,truck,pedestrian,truck
2014,Motorcycle,Car/pick-up/van,Motorcycle,Car/pick-up/van,motorcycle,car,motorcycle,car,motorcycle,car,motorcycle,car,motorcycle,car
2014,Pedestrian,2/3 Wheeled,Pedestrian,2/3 Wheeled,pedestrian,motorcycle,pedestrian,motorcycle,pedestrian,motorcycle,pedestrian,motorcycle,pedestrian,motorcycle
2014,Pedestrian,Trucks,Pedestrian,Trucks,pedestrian,truck,pedestrian,truck,pedestrian,truck,pedestrian,truck,pedestrian,truck
2013,Other,unspecified,Other,NA,other,car,other,truck,other,bus,other,truck,other,car
2013,3Wheeled,No other/fixed or stationary object,3Wheeled,No other/fixed or stationary object,motorcycle,NOV,motorcycle,NOV,motorcycle,NOV,motorcycle,NOV,motorcycle,NOV
2013,Pedestrian,Unknown,Pedestrian,NA,pedestrian,car,pedestrian,bus,pedestrian,bus,pedestrian,car,pedestrian,truck
2013,Pedestrian,Bus,Pedestrian,Bus,pedestrian,bus,pedestrian,bus,pedestrian,bus,pedestrian,bus,pedestrian,bus
2013,Pedestrian,Car/pick-up/van,Pedestrian,Car/pick-up/van,pedestrian,car,pedestrian,car,pedestrian,car,pedestrian,car,pedestrian,car
2014,Pedestrian,Trucks,Pedestrian,Trucks,pedestrian,truck,pedestrian,truck,pedestrian,truck,pedestrian,truck,pedestrian,truck
2013,Motorcycle,No other/fixed or stationary object,Motorcycle,No other/fixed or stationary object,motorcycle,NOV,motorcycle,NOV,motorcycle,NOV,motorcycle,NOV,motorcycle,NOV
2013,3Wheeled,Trucks,3Wheeled,Trucks,motorcycle,truck,motorcycle,truck,motorcycle,truck,motorcycle,truck,motorcycle,truck
2013,Pedestrian,Unknown,Pedestrian,NA,pedestrian,motorcycle,pedestrian,motorcycle,pedestrian,car,pedestrian,truck,pedestrian,bus
2013,Pedestrian,Car/pick-up/van,Pedestrian,Car/pick-up/van,pedestrian,car,pedestrian,car,pedestrian,car,pedestrian,car,pedestrian,car
2013,Pedestrian,Car/pick-up/van,Pedestrian,Car/pick-up/van,pedestrian,car,pedestrian,car,pedestrian,car,pedestrian,car,pedestrian,car
2013,3Wheeled,Car/pick-up/van,3Wheeled,Car/pick-up/van,motorcycle,car,motorcycle,car,motorcycle,car,motorcycle,car,motorcycle,car
2013,Pedestrian,Unknown,Pedestrian,NA,pedestrian,car,pedestrian,bus,pedestrian,car,pedestrian,car,pedestrian,car
2014,Motorcycle,Unknown,Motorcycle,NA,motorcycle,car,motorcycle,bus,motorcycle,car,motorcycle,car,motorcycle,truck
2014,Motorcycle,Unknown,Motorcycle,NA,motorcycle,truck,motorcycle,bus,motorcycle,NOV,motorcycle,car,motorcycle,truck
2014,Pedestrian,Trucks,Pedestrian,Trucks,pedestrian,truck,pedestrian,truck,pedestrian,truck,pedestrian,truck,pedestrian,truck
2014,3Wheeled,No other/fixed or stationary object,3Wheeled,No other/fixed or stationary object,motorcycle,NOV,motorcycle,NOV,motorcycle,NOV,motorcycle,NOV,motorcycle,NOV
2014,Motorcycle,Car/pick-up/van,Motorcycle,Car/pick-up/van,motorcycle,car,motorcycle,car,motorcycle,car,motorcycle,car,motorcycle,car
2014,Pedestrian,2/3 Wheeled,Pedestrian,2/3 Wheeled,pedestrian,motorcycle,pedestrian,motorcycle,pedestrian,motorcycle,pedestrian,motorcycle,pedestrian,motorcycle
2014,Motorcycle,Unknown,Motorcycle,NA,motorcycle,car,motorcycle,car,motorcycle,car,motorcycle,truck,motorcycle,bus
2014,Pedestrian,Car/pick-up/van,Pedestrian,Car/pick-up/van,pedestrian,car,pedestrian,car,pedestrian,car,pedestrian,car,pedestrian,car
2014,Pedestrian,Unknown,Pedestrian,NA,pedestrian,car,pedestrian,motorcycle,pedestrian,car,pedestrian,truck,pedestrian,motorcycle
2013,Pedestrian,Bus,Pedestrian,Bus,pedestrian,bus,pedestrian,bus,pedestrian,bus,pedestrian,bus,pedestrian,bus
2013,Pedestrian,Unknown,Pedestrian,NA,pedestrian,truck,pedestrian,car,pedestrian,car,pedestrian,car,pedestrian,bus
2013,Motorcycle,Trucks,Motorcycle,Trucks,motorcycle,truck,motorcycle,truck,motorcycle,truck,motorcycle,truck,motorcycle,truck
2013,Motorcycle,Car/pick-up/van,Motorcycle,Car/pick-up/van,motorcycle,car,motorcycle,car,motorcycle,car,motorcycle,car,motorcycle,car
2013,Pick-up truck/van,No other/fixed or stationary object,Pick-up truck/van,No other/fixed or stationary object,car,NOV,car,NOV,car,NOV,car,NOV,car,NOV
2013,Pedal Cycle,Car/pick-up/van,Pedal Cycle,Car/pick-up/van,cycle,car,cycle,car,cycle,car,cycle,car,cycle,car
2013,Pedestrian,Unknown,Pedestrian,NA,pedestrian,motorcycle,pedestrian,car,pedestrian,bus,pedestrian,car,pedestrian,car
2013,Pedestrian,Car/pick-up/van,Pedestrian,Car/pick-up/van,pedestrian,car,pedestrian,car,pedestrian,car,pedestrian,car,pedestrian,car
2013,Motorcycle,Unknown,Motorcycle,NA,motorcycle,NOV,motorcycle,car,motorcycle,truck,motorcycle,bus,motorcycle,truck
2013,Pedal Cycle,Car/pick-up/van,Pedal Cycle,Car/pick-up/van,cycle,car,cycle,car,cycle,car,cycle,car,cycle,car
2013,Pedestrian,2/3 Wheeled,Pedestrian,2/3 Wheeled,pedestrian,motorcycle,pedestrian,motorcycle,pedestrian,motorcycle,pedestrian,motorcycle,pedestrian,motorcycle
2013,Pedestrian,Car/pick-up/van,Pedestrian,Car/pick-up/van,pedestrian,car,pedestrian,car,pedestrian,car,pedestrian,car,pedestrian,car
2013,Pedestrian,Trucks,Pedestrian,Trucks,pedestrian,truck,pedestrian,truck,pedestrian,truck,pedestrian,truck,pedestrian,truck
2013,Pedestrian,Car/pick-up/van,Pedestrian,Car/pick-up/van,pedestrian,car,pedestrian,car,pedestrian,car,pedestrian,car,pedestrian,car
2013,3Wheeled,Car/pick-up/van,3Wheeled,Car/pick-up/van,motorcycle,car,motorcycle,car,motorcycle,car,motorcycle,car,motorcycle,car
2013,Pedestrian,2/3 Wheeled,Pedestrian,2/3 Wheeled,pedestrian,motorcycle,pedestrian,motorcycle,pedestrian,motorcycle,pedestrian,motorcycle,pedestrian,motorcycle
2013,Motorcycle,Unknown,Motorcycle,NA,motorcycle,truck,motorcycle,truck,motorcycle,car,motorcycle,car,motorcycle,truck
2013,Motorcycle,Trucks,Motorcycle,Trucks,motorcycle,truck,motorcycle,truck,motorcycle,truck,motorcycle,truck,motorcycle,truck
2013,Motorcycle,Bus,Motorcycle,Bus,motorcycle,bus,motorcycle,bus,motorcycle,bus,motorcycle,bus,motorcycle,bus
2013,Unknown,unspecified,NA,NA,pedestrian,motorcycle,motorcycle,car,car,car,pedestrian,truck,cycle,bus
2014,Pedestrian,Unknown,Pedestrian,NA,pedestrian,motorcycle,pedestrian,car,pedestrian,car,pedestrian,truck,pedestrian,bus
2014,Motorcycle,Car/pick-up/van,Motorcycle,Car/pick-up/van,motorcycle,car,motorcycle,car,motorcycle,car,motorcycle,car,motorcycle,car
2014,Heavy transport,Trucks,Heavy transport,Trucks,truck,truck,truck,truck,truck,truck,truck,truck,truck,truck
2014,Motorcycle,Car/pick-up/van,Motorcycle,Car/pick-up/van,motorcycle,car,motorcycle,car,motorcycle,car,motorcycle,car,motorcycle,car
2014,Pedestrian,Unknown,Pedestrian,NA,pedestrian,truck,pedestrian,bus,pedestrian,motorcycle,pedestrian,car,pedestrian,car
2014,Pedestrian,Car/pick-up/van,Pedestrian,Car/pick-up/van,pedestrian,car,pedestrian,car,pedestrian,car,pedestrian,car,pedestrian,car
2014,Pedestrian,2/3 Wheeled,Pedestrian,2/3 Wheeled,pedestrian,motorcycle,pedestrian,motorcycle,pedestrian,motorcycle,pedestrian,motorcycle,pedestrian,motorcycle
2014,Motorcycle,2/3 Wheeled,Motorcycle,2/3 Wheeled,motorcycle,motorcycle,motorcycle,motorcycle,motorcycle,motorcycle,motorcycle,motorcycle,motorcycle,motorcycle
2014,Pedal Cycle,Trucks,Pedal Cycle,Trucks,cycle,truck,cycle,truck,cycle,truck,cycle,truck,cycle,truck
2014,Motorcycle,No other/fixed or stationary object,Motorcycle,No other/fixed or stationary object,motorcycle,NOV,motorcycle,NOV,motorcycle,NOV,motorcycle,NOV,motorcycle,NOV
2014,Motorcycle,Car/pick-up/van,Motorcycle,Car/pick-up/van,motorcycle,car,motorcycle,car,motorcycle,car,motorcycle,car,motorcycle,car
2014,Motorcycle,Bus,Motorcycle,Bus,motorcycle,bus,motorcycle,bus,motorcycle,bus,motorcycle,bus,motorcycle,bus
2014,Pedestrian,Car/pick-up/van,Pedestrian,Car/pick-up/van,pedestrian,car,pedestrian,car,pedestrian,car,pedestrian,car,pedestrian,car
2014,Pedestrian,Unknown,Pedestrian,NA,pedestrian,motorcycle,pedestrian,car,pedestrian,motorcycle,pedestrian,car,pedestrian,bus
2014,Pedestrian,Car/pick-up/van,Pedestrian,Car/pick-up/van,pedestrian,car,pedestrian,car,pedestrian,car,pedestrian,car,pedestrian,car
2014,Motorcycle,2/3 Wheeled,Motorcycle,2/3 Wheeled,motorcycle,motorcycle,motorcycle,motorcycle,motorcycle,motorcycle,motorcycle,motorcycle,motorcycle,motorcycle
2014,3Wheeled,Unknown,3Wheeled,NA,motorcycle,car,motorcycle,car,motorcycle,NOV,motorcycle,car,motorcycle,car
2014,Pedestrian,Trucks,Pedestrian,Trucks,pedestrian,truck,pedestrian,truck,pedestrian,truck,pedestrian,truck,pedestrian,truck
2014,Pedestrian,2/3 Wheeled,Pedestrian,2/3 Wheeled,pedestrian,motorcycle,pedestrian,motorcycle,pedestrian,motorcycle,pedestrian,motorcycle,pedestrian,motorcycle
2014,Pedestrian,Trucks,Pedestrian,Trucks,pedestrian,truck,pedestrian,truck,pedestrian,truck,pedestrian,truck,pedestrian,truck
2014,Pedestrian,Unknown,Pedestrian,NA,pedestrian,motorcycle,pedestrian,car,pedestrian,motorcycle,pedestrian,motorcycle,pedestrian,car
2014,Motorcycle,Car/pick-up/van,Motorcycle,Car/pick-up/van,motorcycle,car,motorcycle,car,motorcycle,car,motorcycle,car,motorcycle,car
2014,Motorcycle,Trucks,Motorcycle,Trucks,motorcycle,truck,motorcycle,truck,motorcycle,truck,motorcycle,truck,motorcycle,truck
2014,Pedestrian,2/3 Wheeled,Pedestrian,2/3 Wheeled,pedestrian,motorcycle,pedestrian,motorcycle,pedestrian,motorcycle,pedestrian,motorcycle,pedestrian,motorcycle
2013,Heavy transport,Car/pick-up/van,Heavy transport,Car/pick-up/van,truck,car,truck,car,truck,car,truck,car,truck,car
2013,Pedestrian,Unknown,Pedestrian,NA,pedestrian,bus,pedestrian,car,pedestrian,car,pedestrian,motorcycle,pedestrian,car
2013,Pedestrian,Unknown,Pedestrian,NA,pedestrian,car,pedestrian,car,pedestrian,truck,pedestrian,car,pedestrian,truck
2013,Heavy transport,Car/pick-up/van,Heavy transport,Car/pick-up/van,truck,car,truck,car,truck,car,truck,car,truck,car
2013,Pedestrian,Unknown,Pedestrian,NA,pedestrian,car,pedestrian,truck,pedestrian,bus,pedestrian,car,pedestrian,motorcycle
2014,Motorcycle,Unknown,Motorcycle,NA,motorcycle,car,motorcycle,car,motorcycle,car,motorcycle,motorcycle,motorcycle,car
2014,Motorcycle,No other/fixed or stationary object,Motorcycle,No other/fixed or stationary object,motorcycle,NOV,motorcycle,NOV,motorcycle,NOV,motorcycle,NOV,motorcycle,NOV
2013,Unknown,unspecified,NA,NA,pedestrian,truck,pedestrian,motorcycle,motorcycle,NOV,pedestrian,motorcycle,pedestrian,car
2013,3Wheeled,Car/pick-up/van,3Wheeled,Car/pick-up/van,motorcycle,car,motorcycle,car,motorcycle,car,motorcycle,car,motorcycle,car
2013,Pedestrian,Car/pick-up/van,Pedestrian,Car/pick-up/van,pedestrian,car,pedestrian,car,pedestrian,car,pedestrian,car,pedestrian,car
2013,Pedal Cycle,Unknown,Pedal Cycle,NA,cycle,truck,cycle,car,cycle,bus,cycle,truck,cycle,motorcycle
2014,Motorcycle,Unknown,Motorcycle,NA,motorcycle,NOV,motorcycle,NOV,motorcycle,NOV,motorcycle,truck,motorcycle,car
2014,Motorcycle,Trucks,Motorcycle,Trucks,motorcycle,truck,motorcycle,truck,motorcycle,truck,motorcycle,truck,motorcycle,truck
2014,Car,Car/pick-up/van,Car,Car/pick-up/van,car,car,car,car,car,car,car,car,car,car
2013,3Wheeled,Unknown,3Wheeled,NA,motorcycle,NOV,motorcycle,car,motorcycle,truck,motorcycle,car,motorcycle,truck
2013,Other,unspecified,Other,NA,other,car,other,bus,other,NOV,other,bus,other,truck
2013,Pedestrian,Car/pick-up/van,Pedestrian,Car/pick-up/van,pedestrian,car,pedestrian,car,pedestrian,car,pedestrian,car,pedestrian,car
2013,Heavy transport,Car/pick-up/van,Heavy transport,Car/pick-up/van,truck,car,truck,car,truck,car,truck,car,truck,car
2013,Motorcycle,No other/fixed or stationary object,Motorcycle,No other/fixed or stationary object,motorcycle,NOV,motorcycle,NOV,motorcycle,NOV,motorcycle,NOV,motorcycle,NOV
2013,Pedal Cycle,Car/pick-up/van,Pedal Cycle,Car/pick-up/van,cycle,car,cycle,car,cycle,car,cycle,car,cycle,car
2013,Motorcycle,Bus,Motorcycle,Bus,motorcycle,bus,motorcycle,bus,motorcycle,bus,motorcycle,bus,motorcycle,bus
2014,Pick-up truck/van,Car/pick-up/van,Pick-up truck/van,Car/pick-up/van,car,car,car,car,car,car,car,car,car,car
2014,Pedestrian,Car/pick-up/van,Pedestrian,Car/pick-up/van,pedestrian,car,pedestrian,car,pedestrian,car,pedestrian,car,pedestrian,car
2014,Motorcycle,Car/pick-up/van,Motorcycle,Car/pick-up/van,motorcycle,car,motorcycle,car,motorcycle,car,motorcycle,car,motorcycle,car
2014,Other,unspecified,Other,NA,other,car,other,NOV,other,car,other,NOV,other,car
2013,Motorcycle,Trucks,Motorcycle,Trucks,motorcycle,truck,motorcycle,truck,motorcycle,truck,motorcycle,truck,motorcycle,truck
2013,Motorcycle,Unknown,Motorcycle,NA,motorcycle,truck,motorcycle,car,motorcycle,car,motorcycle,car,motorcycle,motorcycle
2013,Motorcycle,Car/pick-up/van,Motorcycle,Car/pick-up/van,motorcycle,car,motorcycle,car,motorcycle,car,motorcycle,car,motorcycle,car
2013,Pedestrian,Unknown,Pedestrian,NA,pedestrian,car,pedestrian,motorcycle,pedestrian,car,pedestrian,car,pedestrian,motorcycle
2013,Pedestrian,Car/pick-up/van,Pedestrian,Car/pick-up/van,pedestrian,car,pedestrian,car,pedestrian,car,pedestrian,car,pedestrian,car
2013,Motorcycle,Trucks,Motorcycle,Trucks,motorcycle,truck,motorcycle,truck,motorcycle,truck,motorcycle,truck,motorcycle,truck
2013,Pedestrian,Unknown,Pedestrian,NA,pedestrian,car,pedestrian,car,pedestrian,motorcycle,pedestrian,car,pedestrian,truck
2014,Motorcycle,Trucks,Motorcycle,Trucks,motorcycle,truck,motorcycle,truck,motorcycle,truck,motorcycle,truck,motorcycle,truck
2014,Pedestrian,Unknown,Pedestrian,NA,pedestrian,motorcycle,pedestrian,car,pedestrian,car,pedestrian,car,pedestrian,truck
2014,Motorcycle,Unknown,Motorcycle,NA,motorcycle,motorcycle,motorcycle,car,motorcycle,NOV,motorcycle,bus,motorcycle,truck
2014,Motorcycle,Car/pick-up/van,Motorcycle,Car/pick-up/van,motorcycle,car,motorcycle,car,motorcycle,car,motorcycle,car,motorcycle,car
2014,Pedestrian,Unknown,Pedestrian,NA,pedestrian,car,pedestrian,motorcycle,pedestrian,bus,pedestrian,car,pedestrian,car
2014,Pedestrian,Unknown,Pedestrian,NA,pedestrian,truck,pedestrian,car,pedestrian,car,pedestrian,car,pedestrian,car
2014,Motorcycle,Car/pick-up/van,Motorcycle,Car/pick-up/van,motorcycle,car,motorcycle,car,motorcycle,car,motorcycle,car,motorcycle,car
2014,Pedestrian,Car/pick-up/van,Pedestrian,Car/pick-up/van,pedestrian,car,pedestrian,car,pedestrian,car,pedestrian,car,pedestrian,car
2014,Motorcycle,Trucks,Motorcycle,Trucks,motorcycle,truck,motorcycle,truck,motorcycle,truck,motorcycle,truck,motorcycle,truck
2014,Motorcycle,Bus,Motorcycle,Bus,motorcycle,bus,motorcycle,bus,motorcycle,bus,motorcycle,bus,motorcycle,bus
2014,Pedestrian,Unknown,Pedestrian,NA,pedestrian,car,pedestrian,car,pedestrian,motorcycle,pedestrian,truck,pedestrian,car
2014,Car,2/3 Wheeled,Car,2/3 Wheeled,car,motorcycle,car,motorcycle,car,motorcycle,car,motorcycle,car,motorcycle
2014,Pedestrian,Unknown,Pedestrian,NA,pedestrian,motorcycle,pedestrian,car,pedestrian,car,pedestrian,car,pedestrian,bus
2014,Motorcycle,No other/fixed or stationary object,Motorcycle,No other/fixed or stationary object,motorcycle,NOV,motorcycle,NOV,motorcycle,NOV,motorcycle,NOV,motorcycle,NOV
2014,Motorcycle,Bus,Motorcycle,Bus,motorcycle,bus,motorcycle,bus,motorcycle,bus,motorcycle,bus,motorcycle,bus
2014,Heavy transport,Car/pick-up/van,Heavy transport,Car/pick-up/van,truck,car,truck,car,truck,car,truck,car,truck,car
2014,Pedestrian,Trucks,Pedestrian,Trucks,pedestrian,truck,pedestrian,truck,pedestrian,truck,pedestrian,truck,pedestrian,truck
2013,Motorcycle,Unknown,Motorcycle,NA,motorcycle,car,motorcycle,motorcycle,motorcycle,car,motorcycle,truck,motorcycle,car
2013,Pedestrian,Unknown,Pedestrian,NA,pedestrian,truck,pedestrian,car,pedestrian,car,pedestrian,car,pedestrian,car
2013,Car,Trucks,Car,Trucks,car,truck,car,truck,car,truck,car,truck,car,truck
2013,Motorcycle,Trucks,Motorcycle,Trucks,motorcycle,truck,motorcycle,truck,motorcycle,truck,motorcycle,truck,motorcycle,truck
2013,Pedestrian,Car/pick-up/van,Pedestrian,Car/pick-up/van,pedestrian,car,pedestrian,car,pedestrian,car,pedestrian,car,pedestrian,car
2013,Motorcycle,Car/pick-up/van,Motorcycle,Car/pick-up/van,motorcycle,car,motorcycle,car,motorcycle,car,motorcycle,car,motorcycle,car
2013,Pedestrian,Car/pick-up/van,Pedestrian,Car/pick-up/van,pedestrian,car,pedestrian,car,pedestrian,car,pedestrian,car,pedestrian,car
2013,Motorcycle,Unknown,Motorcycle,NA,motorcycle,truck,motorcycle,NOV,motorcycle,NOV,motorcycle,car,motorcycle,truck
2013,Motorcycle,Unknown,Motorcycle,NA,motorcycle,car,motorcycle,NOV,motorcycle,NOV,motorcycle,motorcycle,motorcycle,truck
2013,Pedestrian,Unknown,Pedestrian,NA,pedestrian,truck,pedestrian,car,pedestrian,bus,pedestrian,car,pedestrian,car
2013,Heavy transport,Trucks,Heavy transport,Trucks,truck,truck,truck,truck,truck,truck,truck,truck,truck,truck
2013,Heavy transport,Trucks,Heavy transport,Trucks,truck,truck,truck,truck,truck,truck,truck,truck,truck,truck
2013,Other,unspecified,Other,NA,other,NOV,other,truck,other,car,other,car,other,truck
2014,Pedestrian,Car/pick-up/van,Pedestrian,Car/pick-up/van,pedestrian,car,pedestrian,car,pedestrian,car,pedestrian,car,pedestrian,car
2014,Motorcycle,Car/pick-up/van,Motorcycle,Car/pick-up/van,motorcycle,car,motorcycle,car,motorcycle,car,motorcycle,car,motorcycle,car
2014,Motorcycle,Unknown,Motorcycle,NA,motorcycle,car,motorcycle,truck,motorcycle,car,motorcycle,truck,motorcycle,NOV
2014,Heavy transport,Unknown,Heavy transport,NA,truck,car,truck,truck,truck,NOV,truck,car,truck,NOV
2014,Motorcycle,Unknown,Motorcycle,NA,motorcycle,motorcycle,motorcycle,truck,motorcycle,NOV,motorcycle,bus,motorcycle,bus
2013,Pedestrian,Unknown,Pedestrian,NA,pedestrian,car,pedestrian,car,pedestrian,car,pedestrian,car,pedestrian,car
2013,Motorcycle,Unknown,Motorcycle,NA,motorcycle,bus,motorcycle,truck,motorcycle,car,motorcycle,bus,motorcycle,car
2013,Pedal Cycle,Bus,Pedal Cycle,Bus,cycle,bus,cycle,bus,cycle,bus,cycle,bus,cycle,bus
2013,Motorcycle,Car/pick-up/van,Motorcycle,Car/pick-up/van,motorcycle,car,motorcycle,car,motorcycle,car,motorcycle,car,motorcycle,car
2013,Motorcycle,Car/pick-up/van,Motorcycle,Car/pick-up/van,motorcycle,car,motorcycle,car,motorcycle,car,motorcycle,car,motorcycle,car
2013,Heavy transport,Car/pick-up/van,Heavy transport,Car/pick-up/van,truck,car,truck,car,truck,car,truck,car,truck,car
2013,Pedestrian,Unknown,Pedestrian,NA,pedestrian,car,pedestrian,bus,pedestrian,car,pedestrian,bus,pedestrian,truck
2013,Pedestrian,Unknown,Pedestrian,NA,pedestrian,truck,pedestrian,truck,pedestrian,car,pedestrian,bus,pedestrian,car
2013,Heavy transport,Car/pick-up/van,Heavy transport,Car/pick-up/van,truck,car,truck,car,truck,car,truck,car,truck,car
2013,Motorcycle,Trucks,Motorcycle,Trucks,motorcycle,truck,motorcycle,truck,motorcycle,truck,motorcycle,truck,motorcycle,truck
2013,Motorcycle,Trucks,Motorcycle,Trucks,motorcycle,truck,motorcycle,truck,motorcycle,truck,motorcycle,truck,motorcycle,truck
2013,Motorcycle,Car/pick-up/van,Motorcycle,Car/pick-up/van,motorcycle,car,motorcycle,car,motorcycle,car,motorcycle,car,motorcycle,car
2013,Pedestrian,Unknown,Pedestrian,NA,pedestrian,motorcycle,pedestrian,car,pedestrian,car,pedestrian,motorcycle,pedestrian,bus
2014,Motorcycle,Unknown,Motorcycle,NA,motorcycle,NOV,motorcycle,NOV,motorcycle,truck,motorcycle,bus,motorcycle,truck
2014,Pedestrian,Car/pick-up/van,Pedestrian,Car/pick-up/van,pedestrian,car,pedestrian,car,pedestrian,car,pedestrian,car,pedestrian,car
2014,Pedestrian,Unknown,Pedestrian,NA,pedestrian,bus,pedestrian,car,pedestrian,motorcycle,pedestrian,car,pedestrian,motorcycle
2014,Pedestrian,Car/pick-up/van,Pedestrian,Car/pick-up/van,pedestrian,car,pedestrian,car,pedestrian,car,pedestrian,car,pedestrian,car
2014,Pedestrian,Car/pick-up/van,Pedestrian,Car/pick-up/van,pedestrian,car,pedestrian,car,pedestrian,car,pedestrian,car,pedestrian,car
2014,Motorcycle,Unknown,Motorcycle,NA,motorcycle,truck,motorcycle,truck,motorcycle,car,motorcycle,truck,motorcycle,NOV
2014,Pedestrian,Car/pick-up/van,Pedestrian,Car/pick-up/van,pedestrian,car,pedestrian,car,pedestrian,car,pedestrian,car,pedestrian,car
2014,Motorcycle,Trucks,Motorcycle,Trucks,motorcycle,truck,motorcycle,truck,motorcycle,truck,motorcycle,truck,motorcycle,truck
2014,Motorcycle,Trucks,Motorcycle,Trucks,motorcycle,truck,motorcycle,truck,motorcycle,truck,motorcycle,truck,motorcycle,truck
2014,Pedestrian,2/3 Wheeled,Pedestrian,2/3 Wheeled,pedestrian,motorcycle,pedestrian,motorcycle,pedestrian,motorcycle,pedestrian,motorcycle,pedestrian,motorcycle
2014,Motorcycle,Bus,Motorcycle,Bus,motorcycle,bus,motorcycle,bus,motorcycle,bus,motorcycle,bus,motorcycle,bus
2014,Motorcycle,Unknown,Motorcycle,NA,motorcycle,motorcycle,motorcycle,bus,motorcycle,car,motorcycle,truck,motorcycle,car
2014,Motorcycle,No other/fixed or stationary object,Motorcycle,No other/fixed or stationary object,motorcycle,NOV,motorcycle,NOV,motorcycle,NOV,motorcycle,NOV,motorcycle,NOV
2013,Pedestrian,Bus,Pedestrian,Bus,pedestrian,bus,pedestrian,bus,pedestrian,bus,pedestrian,bus,pedestrian,bus
2013,Pedestrian,Car/pick-up/van,Pedestrian,Car/pick-up/van,pedestrian,car,pedestrian,car,pedestrian,car,pedestrian,car,pedestrian,car
2013,Pedestrian,Unknown,Pedestrian,NA,pedestrian,car,pedestrian,car,pedestrian,car,pedestrian,car,pedestrian,car
2013,Pedestrian,Unknown,Pedestrian,NA,pedestrian,truck,pedestrian,truck,pedestrian,bus,pedestrian,car,pedestrian,car
2013,Motorcycle,Trucks,Motorcycle,Trucks,motorcycle,truck,motorcycle,truck,motorcycle,truck,motorcycle,truck,motorcycle,truck
2013,Motorcycle,Unknown,Motorcycle,NA,motorcycle,truck,motorcycle,car,motorcycle,truck,motorcycle,truck,motorcycle,truck
2013,Pedestrian,Trucks,Pedestrian,Trucks,pedestrian,truck,pedestrian,truck,pedestrian,truck,pedestrian,truck,pedestrian,truck
2013,Pedestrian,Car/pick-up/van,Pedestrian,Car/pick-up/van,pedestrian,car,pedestrian,car,pedestrian,car,pedestrian,car,pedestrian,car
2013,Pedestrian,Unknown,Pedestrian,NA,pedestrian,truck,pedestrian,car,pedestrian,bus,pedestrian,truck,pedestrian,car
2013,Other,Unknown,Other,NA,other,truck,other,NOV,other,NOV,other,car,other,bus
2013,Motorcycle,Unknown,Motorcycle,NA,motorcycle,car,motorcycle,bus,motorcycle,motorcycle,motorcycle,car,motorcycle,truck
2013,Pedestrian,Unknown,Pedestrian,NA,pedestrian,car,pedestrian,car,pedestrian,truck,pedestrian,car,pedestrian,car
2013,Pedestrian,Unknown,Pedestrian,NA,pedestrian,car,pedestrian,motorcycle,pedestrian,car,pedestrian,car,pedestrian,bus
2013,Pedestrian,Unknown,Pedestrian,NA,pedestrian,car,pedestrian,bus,pedestrian,car,pedestrian,car,pedestrian,car
2013,Pedestrian,2/3 Wheeled,Pedestrian,2/3 Wheeled,pedestrian,motorcycle,pedestrian,motorcycle,pedestrian,motorcycle,pedestrian,motorcycle,pedestrian,motorcycle
2013,Motorcycle,Unknown,Motorcycle,NA,motorcycle,car,motorcycle,NOV,motorcycle,truck,motorcycle,car,motorcycle,car
2014,Pedal Cycle,Trucks,Pedal Cycle,Trucks,cycle,truck,cycle,truck,cycle,truck,cycle,truck,cycle,truck
2014,Pedestrian,2/3 Wheeled,Pedestrian,2/3 Wheeled,pedestrian,motorcycle,pedestrian,motorcycle,pedestrian,motorcycle,pedestrian,motorcycle,pedestrian,motorcycle
2014,Motorcycle,Unknown,Motorcycle,NA,motorcycle,bus,motorcycle,car,motorcycle,car,motorcycle,bus,motorcycle,NOV
2014,Pedestrian,Unknown,Pedestrian,NA,pedestrian,truck,pedestrian,car,pedestrian,car,pedestrian,car,pedestrian,truck
2014,Pedestrian,2/3 Wheeled,Pedestrian,2/3 Wheeled,pedestrian,motorcycle,pedestrian,motorcycle,pedestrian,motorcycle,pedestrian,motorcycle,pedestrian,motorcycle
2014,Pedestrian,Unknown,Pedestrian,NA,pedestrian,bus,pedestrian,car,pedestrian,car,pedestrian,car,pedestrian,car
2014,Pedestrian,Unknown,Pedestrian,NA,pedestrian,motorcycle,pedestrian,car,pedestrian,truck,pedestrian,car,pedestrian,motorcycle
2014,Pedestrian,unspecified,Pedestrian,NA,pedestrian,car,pedestrian,motorcycle,pedestrian,car,pedestrian,car,pedestrian,car
2014,Pedestrian,Car/pick-up/van,Pedestrian,Car/pick-up/van,pedestrian,car,pedestrian,car,pedestrian,car,pedestrian,car,pedestrian,car
2014,Pedestrian,Unknown,Pedestrian,NA,pedestrian,bus,pedestrian,truck,pedestrian,car,pedestrian,car,pedestrian,bus
2014,Pedestrian,Car/pick-up/van,Pedestrian,Car/pick-up/van,pedestrian,car,pedestrian,car,pedestrian,car,pedestrian,car,pedestrian,car
2014,Pedestrian,2/3 Wheeled,Pedestrian,2/3 Wheeled,pedestrian,motorcycle,pedestrian,motorcycle,pedestrian,motorcycle,pedestrian,motorcycle,pedestrian,motorcycle
2014,Motorcycle,Unknown,Motorcycle,NA,motorcycle,truck,motorcycle,truck,motorcycle,truck,motorcycle,NOV,motorcycle,car
2014,Motorcycle,Car/pick-up/van,Motorcycle,Car/pick-up/van,motorcycle,car,motorcycle,car,motorcycle,car,motorcycle,car,motorcycle,car
2014,Motorcycle,Car/pick-up/van,Motorcycle,Car/pick-up/van,motorcycle,car,motorcycle,car,motorcycle,car,motorcycle,car,motorcycle,car
2014,Pedestrian,Car/pick-up/van,Pedestrian,Car/pick-up/van,pedestrian,car,pedestrian,car,pedestrian,car,pedestrian,car,pedestrian,car
2014,Motorcycle,Trucks,Motorcycle,Trucks,motorcycle,truck,motorcycle,truck,motorcycle,truck,motorcycle,truck,motorcycle,truck
2014,Motorcycle,Trucks,Motorcycle,Trucks,motorcycle,truck,motorcycle,truck,motorcycle,truck,motorcycle,truck,motorcycle,truck
2013,Motorcycle,No other/fixed or stationary object,Motorcycle,No other/fixed or stationary object,motorcycle,NOV,motorcycle,NOV,motorcycle,NOV,motorcycle,NOV,motorcycle,NOV
2013,Motorcycle,No other/fixed or stationary object,Motorcycle,No other/fixed or stationary object,motorcycle,NOV,motorcycle,NOV,motorcycle,NOV,motorcycle,NOV,motorcycle,NOV
2013,Motorcycle,Car/pick-up/van,Motorcycle,Car/pick-up/van,motorcycle,car,motorcycle,car,motorcycle,car,motorcycle,car,motorcycle,car
2014,Motorcycle,Trucks,Motorcycle,Trucks,motorcycle,truck,motorcycle,truck,motorcycle,truck,motorcycle,truck,motorcycle,truck
2014,Pedestrian,Unknown,Pedestrian,NA,pedestrian,car,pedestrian,truck,pedestrian,motorcycle,pedestrian,motorcycle,pedestrian,bus
2014,Pedestrian,Unknown,Pedestrian,NA,pedestrian,car,pedestrian,car,pedestrian,car,pedestrian,truck,pedestrian,truck
2014,Pedestrian,Unknown,Pedestrian,NA,pedestrian,car,pedestrian,car,pedestrian,motorcycle,pedestrian,car,pedestrian,car
2014,Motorcycle,Unknown,Motorcycle,NA,motorcycle,car,motorcycle,truck,motorcycle,NOV,motorcycle,car,motorcycle,truck
2014,Pedestrian,Car/pick-up/van,Pedestrian,Car/pick-up/van,pedestrian,car,pedestrian,car,pedestrian,car,pedestrian,car,pedestrian,car
2014,Motorcycle,No other/fixed or stationary object,Motorcycle,No other/fixed or stationary object,motorcycle,NOV,motorcycle,NOV,motorcycle,NOV,motorcycle,NOV,motorcycle,NOV
2014,Motorcycle,Bus,Motorcycle,Bus,motorcycle,bus,motorcycle,bus,motorcycle,bus,motorcycle,bus,motorcycle,bus
2014,Pedestrian,Unknown,Pedestrian,NA,pedestrian,bus,pedestrian,car,pedestrian,car,pedestrian,car,pedestrian,car
2014,Motorcycle,Car/pick-up/van,Motorcycle,Car/pick-up/van,motorcycle,car,motorcycle,car,motorcycle,car,motorcycle,car,motorcycle,car
2013,Pedestrian,Car/pick-up/van,Pedestrian,Car/pick-up/van,pedestrian,car,pedestrian,car,pedestrian,car,pedestrian,car,pedestrian,car
2013,Pedestrian,Unknown,Pedestrian,NA,pedestrian,bus,pedestrian,car,pedestrian,car,pedestrian,car,pedestrian,car
2013,Motorcycle,Unknown,Motorcycle,NA,motorcycle,car,motorcycle,car,motorcycle,NOV,motorcycle,bus,motorcycle,NOV
2013,Motorcycle,Unknown,Motorcycle,NA,motorcycle,NOV,motorcycle,truck,motorcycle,bus,motorcycle,truck,motorcycle,truck
2013,Motorcycle,Unknown,Motorcycle,NA,motorcycle,car,motorcycle,truck,motorcycle,bus,motorcycle,truck,motorcycle,car
2013,3Wheeled,Trucks,3Wheeled,Trucks,motorcycle,truck,motorcycle,truck,motorcycle,truck,motorcycle,truck,motorcycle,truck
2013,Motorcycle,Car/pick-up/van,Motorcycle,Car/pick-up/van,motorcycle,car,motorcycle,car,motorcycle,car,motorcycle,car,motorcycle,car
2013,Motorcycle,Unknown,Motorcycle,NA,motorcycle,NOV,motorcycle,truck,motorcycle,truck,motorcycle,car,motorcycle,motorcycle
2013,Motorcycle,Unknown,Motorcycle,NA,motorcycle,bus,motorcycle,truck,motorcycle,car,motorcycle,truck,motorcycle,NOV
2013,Car,No other/fixed or stationary object,Car,No other/fixed or stationary object,car,NOV,car,NOV,car,NOV,car,NOV,car,NOV
2013,Motorcycle,Unknown,Motorcycle,NA,motorcycle,motorcycle,motorcycle,NOV,motorcycle,truck,motorcycle,truck,motorcycle,truck
2013,Pedestrian,Unknown,Pedestrian,NA,pedestrian,motorcycle,pedestrian,car,pedestrian,truck,pedestrian,truck,pedestrian,motorcycle
2013,Pedestrian,Unknown,Pedestrian,NA,pedestrian,car,pedestrian,car,pedestrian,car,pedestrian,bus,pedestrian,car
2013,Pedestrian,Unknown,Pedestrian,NA,pedestrian,motorcycle,pedestrian,bus,pedestrian,truck,pedestrian,car,pedestrian,car
2013,Motorcycle,Trucks,Motorcycle,Trucks,motorcycle,truck,motorcycle,truck,motorcycle,truck,motorcycle,truck,motorcycle,truck
2013,Pedestrian,unspecified,Pedestrian,NA,pedestrian,truck,pedestrian,car,pedestrian,car,pedestrian,car,pedestrian,truck
2013,Pedestrian,Unknown,Pedestrian,NA,pedestrian,motorcycle,pedestrian,car,pedestrian,car,pedestrian,truck,pedestrian,car
2013,Pedestrian,Unknown,Pedestrian,NA,pedestrian,car,pedestrian,motorcycle,pedestrian,motorcycle,pedestrian,motorcycle,pedestrian,car
2013,Car,Unknown,Car,NA,car,car,car,bus,car,NOV,car,truck,car,car
2014,Motorcycle,Unknown,Motorcycle,NA,motorcycle,truck,motorcycle,NOV,motorcycle,car,motorcycle,car,motorcycle,truck
2014,Motorcycle,Trucks,Motorcycle,Trucks,motorcycle,truck,motorcycle,truck,motorcycle,truck,motorcycle,truck,motorcycle,truck
2014,Motorcycle,Unknown,Motorcycle,NA,motorcycle,NOV,motorcycle,bus,motorcycle,car,motorcycle,car,motorcycle,truck
2014,Pedestrian,Unknown,Pedestrian,NA,pedestrian,car,pedestrian,motorcycle,pedestrian,motorcycle,pedestrian,bus,pedestrian,car
2014,Pedestrian,Trucks,Pedestrian,Trucks,pedestrian,truck,pedestrian,truck,pedestrian,truck,pedestrian,truck,pedestrian,truck
2014,Pedestrian,Car/pick-up/van,Pedestrian,Car/pick-up/van,pedestrian,car,pedestrian,car,pedestrian,car,pedestrian,car,pedestrian,car
2014,Pedestrian,Bus,Pedestrian,Bus,pedestrian,bus,pedestrian,bus,pedestrian,bus,pedestrian,bus,pedestrian,bus
2014,Motorcycle,No other/fixed or stationary object,Motorcycle,No other/fixed or stationary object,motorcycle,NOV,motorcycle,NOV,motorcycle,NOV,motorcycle,NOV,motorcycle,NOV
2014,Pedestrian,Unknown,Pedestrian,NA,pedestrian,car,pedestrian,bus,pedestrian,car,pedestrian,car,pedestrian,car
2014,Car,No other/fixed or stationary object,Car,No other/fixed or stationary object,car,NOV,car,NOV,car,NOV,car,NOV,car,NOV
2014,Pedestrian,Unknown,Pedestrian,NA,pedestrian,truck,pedestrian,car,pedestrian,car,pedestrian,car,pedestrian,truck
2014,Pedal Cycle,2/3 Wheeled,Pedal Cycle,2/3 Wheeled,cycle,motorcycle,cycle,motorcycle,cycle,motorcycle,cycle,motorcycle,cycle,motorcycle
2014,Motorcycle,Unknown,Motorcycle,NA,motorcycle,NOV,motorcycle,truck,motorcycle,NOV,motorcycle,car,motorcycle,car
2014,Pedestrian,Unknown,Pedestrian,NA,pedestrian,car,pedestrian,car,pedestrian,car,pedestrian,truck,pedestrian,bus
2013,Other,unspecified,Other,NA,other,bus,other,truck,other,car,other,car,other,truck
2013,Motorcycle,No other/fixed or stationary object,Motorcycle,No other/fixed or stationary object,motorcycle,NOV,motorcycle,NOV,motorcycle,NOV,motorcycle,NOV,motorcycle,NOV
2013,Unknown,unspecified,NA,NA,pedestrian,bus,pedestrian,car,pedestrian,car,pedestrian,car,pedestrian,car
2013,Motorcycle,Unknown,Motorcycle,NA,motorcycle,car,motorcycle,truck,motorcycle,car,motorcycle,NOV,motorcycle,car
2013,Pedestrian,Unknown,Pedestrian,NA,pedestrian,truck,pedestrian,car,pedestrian,bus,pedestrian,car,pedestrian,truck
2013,Pedal Cycle,Unknown,Pedal Cycle,NA,cycle,truck,cycle,motorcycle,cycle,motorcycle,cycle,car,cycle,truck
2014,Motorcycle,Unknown,Motorcycle,NA,motorcycle,bus,motorcycle,car,motorcycle,car,motorcycle,NOV,motorcycle,car
2014,Motorcycle,Unknown,Motorcycle,NA,motorcycle,car,motorcycle,truck,motorcycle,car,motorcycle,NOV,motorcycle,bus
2014,Motorcycle,Unknown,Motorcycle,NA,motorcycle,car,motorcycle,truck,motorcycle,bus,motorcycle,truck,motorcycle,truck
2014,Motorcycle,Car/pick-up/van,Motorcycle,Car/pick-up/van,motorcycle,car,motorcycle,car,motorcycle,car,motorcycle,car,motorcycle,car
2014,Pedestrian,Car/pick-up/van,Pedestrian,Car/pick-up/van,pedestrian,car,pedestrian,car,pedestrian,car,pedestrian,car,pedestrian,car
2013,Pedestrian,Trucks,Pedestrian,Trucks,pedestrian,truck,pedestrian,truck,pedestrian,truck,pedestrian,truck,pedestrian,truck
2013,Other,Unknown,Other,NA,other,NOV,other,car,other,NOV,other,NOV,other,truck
2013,Motorcycle,Unknown,Motorcycle,NA,motorcycle,bus,motorcycle,truck,motorcycle,bus,motorcycle,truck,motorcycle,truck
2013,Motorcycle,Unknown,Motorcycle,NA,motorcycle,motorcycle,motorcycle,truck,motorcycle,NOV,motorcycle,NOV,motorcycle,truck
2013,Pedestrian,Car/pick-up/van,Pedestrian,Car/pick-up/van,pedestrian,car,pedestrian,car,pedestrian,car,pedestrian,car,pedestrian,car
2013,Heavy transport,Unknown,Heavy transport,NA,truck,car,truck,NOV,truck,NOV,truck,car,truck,car
2013,Car,Trucks,Car,Trucks,car,truck,car,truck,car,truck,car,truck,car,truck
2013,Pedestrian,Unknown,Pedestrian,NA,pedestrian,bus,pedestrian,truck,pedestrian,car,pedestrian,car,pedestrian,car
2013,Motorcycle,Unknown,Motorcycle,NA,motorcycle,truck,motorcycle,car,motorcycle,motorcycle,motorcycle,car,motorcycle,car
2013,Pedestrian,Car/pick-up/van,Pedestrian,Car/pick-up/van,pedestrian,car,pedestrian,car,pedestrian,car,pedestrian,car,pedestrian,car
2013,Car,Trucks,Car,Trucks,car,truck,car,truck,car,truck,car,truck,car,truck
2013,Pedestrian,Unknown,Pedestrian,NA,pedestrian,bus,pedestrian,car,pedestrian,bus,pedestrian,bus,pedestrian,motorcycle
2013,Pedestrian,Unknown,Pedestrian,NA,pedestrian,truck,pedestrian,bus,pedestrian,motorcycle,pedestrian,bus,pedestrian,car
2013,Pedestrian,2/3 Wheeled,Pedestrian,2/3 Wheeled,pedestrian,motorcycle,pedestrian,motorcycle,pedestrian,motorcycle,pedestrian,motorcycle,pedestrian,motorcycle
2013,Motorcycle,No other/fixed or stationary object,Motorcycle,No other/fixed or stationary object,motorcycle,NOV,motorcycle,NOV,motorcycle,NOV,motorcycle,NOV,motorcycle,NOV
2013,Motorcycle,Trucks,Motorcycle,Trucks,motorcycle,truck,motorcycle,truck,motorcycle,truck,motorcycle,truck,motorcycle,truck
2013,Pick-up truck/van,No other/fixed or stationary object,Pick-up truck/van,No other/fixed or stationary object,car,NOV,car,NOV,car,NOV,car,NOV,car,NOV
2013,Motorcycle,Trucks,Motorcycle,Trucks,motorcycle,truck,motorcycle,truck,motorcycle,truck,motorcycle,truck,motorcycle,truck
2013,Motorcycle,Unknown,Motorcycle,NA,motorcycle,bus,motorcycle,motorcycle,motorcycle,car,motorcycle,car,motorcycle,truck
2013,Car,Trucks,Car,Trucks,car,truck,car,truck,car,truck,car,truck,car,truck
2013,Pedestrian,Trucks,Pedestrian,Trucks,pedestrian,truck,pedestrian,truck,pedestrian,truck,pedestrian,truck,pedestrian,truck
2013,Pedestrian,Unknown,Pedestrian,NA,pedestrian,car,pedestrian,bus,pedestrian,motorcycle,pedestrian,motorcycle,pedestrian,car
2013,Motorcycle,Trucks,Motorcycle,Trucks,motorcycle,truck,motorcycle,truck,motorcycle,truck,motorcycle,truck,motorcycle,truck
2013,Pedal Cycle,Car/pick-up/van,Pedal Cycle,Car/pick-up/van,cycle,car,cycle,car,cycle,car,cycle,car,cycle,car
2014,Motorcycle,Unknown,Motorcycle,NA,motorcycle,car,motorcycle,truck,motorcycle,truck,motorcycle,motorcycle,motorcycle,truck
2014,Motorcycle,Unknown,Motorcycle,NA,motorcycle,NOV,motorcycle,bus,motorcycle,car,motorcycle,car,motorcycle,car
2014,Motorcycle,No other/fixed or stationary object,Motorcycle,No other/fixed or stationary object,motorcycle,NOV,motorcycle,NOV,motorcycle,NOV,motorcycle,NOV,motorcycle,NOV
2014,Motorcycle,2/3 Wheeled,Motorcycle,2/3 Wheeled,motorcycle,motorcycle,motorcycle,motorcycle,motorcycle,motorcycle,motorcycle,motorcycle,motorcycle,motorcycle
2014,Motorcycle,Car/pick-up/van,Motorcycle,Car/pick-up/van,motorcycle,car,motorcycle,car,motorcycle,car,motorcycle,car,motorcycle,car
2014,Pedal Cycle,Trucks,Pedal Cycle,Trucks,cycle,truck,cycle,truck,cycle,truck,cycle,truck,cycle,truck
2014,Pedestrian,Car/pick-up/van,Pedestrian,Car/pick-up/van,pedestrian,car,pedestrian,car,pedestrian,car,pedestrian,car,pedestrian,car
2014,Pedestrian,Car/pick-up/van,Pedestrian,Car/pick-up/van,pedestrian,car,pedestrian,car,pedestrian,car,pedestrian,car,pedestrian,car
2014,Motorcycle,Unknown,Motorcycle,NA,motorcycle,NOV,motorcycle,car,motorcycle,motorcycle,motorcycle,truck,motorcycle,truck
2014,Motorcycle,Trucks,Motorcycle,Trucks,motorcycle,truck,motorcycle,truck,motorcycle,truck,motorcycle,truck,motorcycle,truck
2014,Heavy transport,Trucks,Heavy transport,Trucks,truck,truck,truck,truck,truck,truck,truck,truck,truck,truck
2014,Motorcycle,Car/pick-up/van,Motorcycle,Car/pick-up/van,motorcycle,car,motorcycle,car,motorcycle,car,motorcycle,car,motorcycle,car
2014,Pedestrian,Unknown,Pedestrian,NA,pedestrian,car,pedestrian,truck,pedestrian,bus,pedestrian,motorcycle,pedestrian,car
2014,Pedestrian,Unknown,Pedestrian,NA,pedestrian,motorcycle,pedestrian,bus,pedestrian,car,pedestrian,car,pedestrian,car
2014,Pedestrian,Unknown,Pedestrian,NA,pedestrian,car,pedestrian,car,pedestrian,truck,pedestrian,truck,pedestrian,motorcycle
2014,Motorcycle,Unknown,Motorcycle,NA,motorcycle,car,motorcycle,truck,motorcycle,car,motorcycle,car,motorcycle,truck
2014,Pedestrian,unspecified,Pedestrian,NA,pedestrian,car,pedestrian,car,pedestrian,car,pedestrian,car,pedestrian,truck
2014,Motorcycle,Bus,Motorcycle,Bus,motorcycle,bus,motorcycle,bus,motorcycle,bus,motorcycle,bus,motorcycle,bus
2014,Pedal Cycle,Trucks,Pedal Cycle,Trucks,cycle,truck,cycle,truck,cycle,truck,cycle,truck,cycle,truck
2013,Unknown,unspecified,NA,NA,car,car,motorcycle,bus,bus,NOV,motorcycle,truck,car,NOV
2013,Pedestrian,Unknown,Pedestrian,NA,pedestrian,car,pedestrian,truck,pedestrian,car,pedestrian,car,pedestrian,truck
2013,Other,unspecified,Other,NA,other,truck,other,car,other,car,other,car,other,car
2014,Pedestrian,Car/pick-up/van,Pedestrian,Car/pick-up/van,pedestrian,car,pedestrian,car,pedestrian,car,pedestrian,car,pedestrian,car
2013,Pedal Cycle,Trucks,Pedal Cycle,Trucks,cycle,truck,cycle,truck,cycle,truck,cycle,truck,cycle,truck
2013,Pedestrian,Unknown,Pedestrian,NA,pedestrian,car,pedestrian,motorcycle,pedestrian,truck,pedestrian,motorcycle,pedestrian,motorcycle
2013,Motorcycle,Trucks,Motorcycle,Trucks,motorcycle,truck,motorcycle,truck,motorcycle,truck,motorcycle,truck,motorcycle,truck
2013,Pedestrian,Bus,Pedestrian,Bus,pedestrian,bus,pedestrian,bus,pedestrian,bus,pedestrian,bus,pedestrian,bus
2013,Pedestrian,unspecified,Pedestrian,NA,pedestrian,truck,pedestrian,car,pedestrian,truck,pedestrian,bus,pedestrian,car
2013,Pedestrian,Car/pick-up/van,Pedestrian,Car/pick-up/van,pedestrian,car,pedestrian,car,pedestrian,car,pedestrian,car,pedestrian,car
2013,Motorcycle,Trucks,Motorcycle,Trucks,motorcycle,truck,motorcycle,truck,motorcycle,truck,motorcycle,truck,motorcycle,truck
2013,Car,Trucks,Car,Trucks,car,truck,car,truck,car,truck,car,truck,car,truck
2013,Pedestrian,Car/pick-up/van,Pedestrian,Car/pick-up/van,pedestrian,car,pedestrian,car,pedestrian,car,pedestrian,car,pedestrian,car
2013,Pedestrian,Trucks,Pedestrian,Trucks,pedestrian,truck,pedestrian,truck,pedestrian,truck,pedestrian,truck,pedestrian,truck
2013,Pedestrian,2/3 Wheeled,Pedestrian,2/3 Wheeled,pedestrian,motorcycle,pedestrian,motorcycle,pedestrian,motorcycle,pedestrian,motorcycle,pedestrian,motorcycle
2013,Motorcycle,Trucks,Motorcycle,Trucks,motorcycle,truck,motorcycle,truck,motorcycle,truck,motorcycle,truck,motorcycle,truck
2013,Motorcycle,Bus,Motorcycle,Bus,motorcycle,bus,motorcycle,bus,motorcycle,bus,motorcycle,bus,motorcycle,bus
2013,Motorcycle,Trucks,Motorcycle,Trucks,motorcycle,truck,motorcycle,truck,motorcycle,truck,motorcycle,truck,motorcycle,truck
2014,Pedestrian,Car/pick-up/van,Pedestrian,Car/pick-up/van,pedestrian,car,pedestrian,car,pedestrian,car,pedestrian,car,pedestrian,car
2014,Pedestrian,Unknown,Pedestrian,NA,pedestrian,bus,pedestrian,truck,pedestrian,car,pedestrian,NOV,pedestrian,car
2014,Motorcycle,Trucks,Motorcycle,Trucks,motorcycle,truck,motorcycle,truck,motorcycle,truck,motorcycle,truck,motorcycle,truck
2014,Motorcycle,Car/pick-up/van,Motorcycle,Car/pick-up/van,motorcycle,car,motorcycle,car,motorcycle,car,motorcycle,car,motorcycle,car
2014,Pedestrian,Unknown,Pedestrian,NA,pedestrian,motorcycle,pedestrian,truck,pedestrian,car,pedestrian,car,pedestrian,truck
2014,Pedal Cycle,Car/pick-up/van,Pedal Cycle,Car/pick-up/van,cycle,car,cycle,car,cycle,car,cycle,car,cycle,car
2014,Pedestrian,Car/pick-up/van,Pedestrian,Car/pick-up/van,pedestrian,car,pedestrian,car,pedestrian,car,pedestrian,car,pedestrian,car
2014,Pedestrian,2/3 Wheeled,Pedestrian,2/3 Wheeled,pedestrian,motorcycle,pedestrian,motorcycle,pedestrian,motorcycle,pedestrian,motorcycle,pedestrian,motorcycle
2014,Motorcycle,Car/pick-up/van,Motorcycle,Car/pick-up/van,motorcycle,car,motorcycle,car,motorcycle,car,motorcycle,car,motorcycle,car
2013,Motorcycle,Unknown,Motorcycle,NA,motorcycle,truck,motorcycle,truck,motorcycle,bus,motorcycle,car,motorcycle,truck
2013,Car,Trucks,Car,Trucks,car,truck,car,truck,car,truck,car,truck,car,truck
2013,Pedestrian,Car/pick-up/van,Pedestrian,Car/pick-up/van,pedestrian,car,pedestrian,car,pedestrian,car,pedestrian,car,pedestrian,car
2013,Motorcycle,No other/fixed or stationary object,Motorcycle,No other/fixed or stationary object,motorcycle,NOV,motorcycle,NOV,motorcycle,NOV,motorcycle,NOV,motorcycle,NOV
2013,Pedestrian,Bus,Pedestrian,Bus,pedestrian,bus,pedestrian,bus,pedestrian,bus,pedestrian,bus,pedestrian,bus
2013,Motorcycle,Unknown,Motorcycle,NA,motorcycle,bus,motorcycle,car,motorcycle,car,motorcycle,motorcycle,motorcycle,truck
2013,Pedestrian,Unknown,Pedestrian,NA,pedestrian,car,pedestrian,truck,pedestrian,truck,pedestrian,car,pedestrian,car
2013,Pedestrian,2/3 Wheeled,Pedestrian,2/3 Wheeled,pedestrian,motorcycle,pedestrian,motorcycle,pedestrian,motorcycle,pedestrian,motorcycle,pedestrian,motorcycle
2013,Pedestrian,Unknown,Pedestrian,NA,pedestrian,truck,pedestrian,car,pedestrian,motorcycle,pedestrian,motorcycle,pedestrian,truck
2013,Unknown,unspecified,NA,NA,pedestrian,car,motorcycle,NOV,motorcycle,NOV,cycle,truck,truck,car
2014,Heavy transport,Unknown,Heavy transport,NA,truck,car,truck,truck,truck,truck,truck,car,truck,truck
2014,Pedestrian,Unknown,Pedestrian,NA,pedestrian,truck,pedestrian,bus,pedestrian,bus,pedestrian,car,pedestrian,car
2014,Motorcycle,Unknown,Motorcycle,NA,motorcycle,car,motorcycle,car,motorcycle,NOV,motorcycle,car,motorcycle,motorcycle
2014,Pedestrian,2/3 Wheeled,Pedestrian,2/3 Wheeled,pedestrian,motorcycle,pedestrian,motorcycle,pedestrian,motorcycle,pedestrian,motorcycle,pedestrian,motorcycle
2014,Pedestrian,Unknown,Pedestrian,NA,pedestrian,car,pedestrian,truck,pedestrian,car,pedestrian,bus,pedestrian,motorcycle
2014,Other,unspecified,Other,NA,other,NOV,other,NOV,other,bus,other,truck,other,car
2014,Pedestrian,Car/pick-up/van,Pedestrian,Car/pick-up/van,pedestrian,car,pedestrian,car,pedestrian,car,pedestrian,car,pedestrian,car
2014,Motorcycle,No other/fixed or stationary object,Motorcycle,No other/fixed or stationary object,motorcycle,NOV,motorcycle,NOV,motorcycle,NOV,motorcycle,NOV,motorcycle,NOV
2014,Motorcycle,Trucks,Motorcycle,Trucks,motorcycle,truck,motorcycle,truck,motorcycle,truck,motorcycle,truck,motorcycle,truck
2014,Pedestrian,Unknown,Pedestrian,NA,pedestrian,motorcycle,pedestrian,car,pedestrian,motorcycle,pedestrian,bus,pedestrian,car
2014,Pedestrian,2/3 Wheeled,Pedestrian,2/3 Wheeled,pedestrian,motorcycle,pedestrian,motorcycle,pedestrian,motorcycle,pedestrian,motorcycle,pedestrian,motorcycle
2014,Pedestrian,Car/pick-up/van,Pedestrian,Car/pick-up/van,pedestrian,car,pedestrian,car,pedestrian,car,pedestrian,car,pedestrian,car
2014,Pedestrian,2/3 Wheeled,Pedestrian,2/3 Wheeled,pedestrian,motorcycle,pedestrian,motorcycle,pedestrian,motorcycle,pedestrian,motorcycle,pedestrian,motorcycle
2014,Pedal Cycle,Car/pick-up/van,Pedal Cycle,Car/pick-up/van,cycle,car,cycle,car,cycle,car,cycle,car,cycle,car
2014,Pedestrian,2/3 Wheeled,Pedestrian,2/3 Wheeled,pedestrian,motorcycle,pedestrian,motorcycle,pedestrian,motorcycle,pedestrian,motorcycle,pedestrian,motorcycle
2014,Pedestrian,Car/pick-up/van,Pedestrian,Car/pick-up/van,pedestrian,car,pedestrian,car,pedestrian,car,pedestrian,car,pedestrian,car
2014,Motorcycle,Unknown,Motorcycle,NA,motorcycle,car,motorcycle,NOV,motorcycle,motorcycle,motorcycle,truck,motorcycle,truck
2013,Motorcycle,Bus,Motorcycle,Bus,motorcycle,bus,motorcycle,bus,motorcycle,bus,motorcycle,bus,motorcycle,bus
2013,Pedestrian,Car/pick-up/van,Pedestrian,Car/pick-up/van,pedestrian,car,pedestrian,car,pedestrian,car,pedestrian,car,pedestrian,car
2013,Pedestrian,Unknown,Pedestrian,NA,pedestrian,car,pedestrian,car,pedestrian,car,pedestrian,bus,pedestrian,truck
2013,Motorcycle,Unknown,Motorcycle,NA,motorcycle,motorcycle,motorcycle,truck,motorcycle,NOV,motorcycle,bus,motorcycle,truck
2013,Motorcycle,Trucks,Motorcycle,Trucks,motorcycle,truck,motorcycle,truck,motorcycle,truck,motorcycle,truck,motorcycle,truck
2013,Pedestrian,2/3 Wheeled,Pedestrian,2/3 Wheeled,pedestrian,motorcycle,pedestrian,motorcycle,pedestrian,motorcycle,pedestrian,motorcycle,pedestrian,motorcycle
2013,Pedestrian,Unknown,Pedestrian,NA,pedestrian,motorcycle,pedestrian,motorcycle,pedestrian,motorcycle,pedestrian,car,pedestrian,car
2013,Pedestrian,Unknown,Pedestrian,NA,pedestrian,motorcycle,pedestrian,bus,pedestrian,bus,pedestrian,car,pedestrian,bus
2013,Pedestrian,2/3 Wheeled,Pedestrian,2/3 Wheeled,pedestrian,motorcycle,pedestrian,motorcycle,pedestrian,motorcycle,pedestrian,motorcycle,pedestrian,motorcycle
2013,Pedestrian,Trucks,Pedestrian,Trucks,pedestrian,truck,pedestrian,truck,pedestrian,truck,pedestrian,truck,pedestrian,truck
2013,Pedestrian,Trucks,Pedestrian,Trucks,pedestrian,truck,pedestrian,truck,pedestrian,truck,pedestrian,truck,pedestrian,truck
2013,Pedestrian,Unknown,Pedestrian,NA,pedestrian,car,pedestrian,motorcycle,pedestrian,car,pedestrian,bus,pedestrian,car
2013,Pedestrian,Unknown,Pedestrian,NA,pedestrian,truck,pedestrian,car,pedestrian,truck,pedestrian,truck,pedestrian,car
2013,Pedestrian,Unknown,Pedestrian,NA,pedestrian,car,pedestrian,truck,pedestrian,bus,pedestrian,motorcycle,pedestrian,bus
2013,Motorcycle,Trucks,Motorcycle,Trucks,motorcycle,truck,motorcycle,truck,motorcycle,truck,motorcycle,truck,motorcycle,truck
2013,Pedestrian,Trucks,Pedestrian,Trucks,pedestrian,truck,pedestrian,truck,pedestrian,truck,pedestrian,truck,pedestrian,truck
2013,Pedestrian,Trucks,Pedestrian,Trucks,pedestrian,truck,pedestrian,truck,pedestrian,truck,pedestrian,truck,pedestrian,truck
2013,Motorcycle,Trucks,Motorcycle,Trucks,motorcycle,truck,motorcycle,truck,motorcycle,truck,motorcycle,truck,motorcycle,truck
2013,Motorcycle,Trucks,Motorcycle,Trucks,motorcycle,truck,motorcycle,truck,motorcycle,truck,motorcycle,truck,motorcycle,truck
2013,Pedal Cycle,Unknown,Pedal Cycle,NA,cycle,car,cycle,bus,cycle,car,cycle,car,cycle,truck
2013,Pedestrian,Unknown,Pedestrian,NA,pedestrian,car,pedestrian,truck,pedestrian,car,pedestrian,bus,pedestrian,car
2014,Pedestrian,Unknown,Pedestrian,NA,pedestrian,car,pedestrian,car,pedestrian,car,pedestrian,car,pedestrian,car
2014,Heavy transport,No other/fixed or stationary object,Heavy transport,No other/fixed or stationary object,truck,NOV,truck,NOV,truck,NOV,truck,NOV,truck,NOV
2014,Pedestrian,Unknown,Pedestrian,NA,pedestrian,car,pedestrian,motorcycle,pedestrian,bus,pedestrian,bus,pedestrian,car
2014,Motorcycle,Trucks,Motorcycle,Trucks,motorcycle,truck,motorcycle,truck,motorcycle,truck,motorcycle,truck,motorcycle,truck
2014,3Wheeled,Unknown,3Wheeled,NA,motorcycle,NOV,motorcycle,car,motorcycle,car,motorcycle,car,motorcycle,car
2014,Pedestrian,2/3 Wheeled,Pedestrian,2/3 Wheeled,pedestrian,motorcycle,pedestrian,motorcycle,pedestrian,motorcycle,pedestrian,motorcycle,pedestrian,motorcycle
2014,Pedestrian,Unknown,Pedestrian,NA,pedestrian,car,pedestrian,truck,pedestrian,truck,pedestrian,car,pedestrian,car
2014,Pedestrian,Unknown,Pedestrian,NA,pedestrian,car,pedestrian,car,pedestrian,truck,pedestrian,car,pedestrian,bus
2014,3Wheeled,Unknown,3Wheeled,NA,motorcycle,NOV,motorcycle,bus,motorcycle,car,motorcycle,truck,motorcycle,car
2013,Car,Car/pick-up/van,Car,Car/pick-up/van,car,car,car,car,car,car,car,car,car,car
2013,Pedestrian,Trucks,Pedestrian,Trucks,pedestrian,truck,pedestrian,truck,pedestrian,truck,pedestrian,truck,pedestrian,truck
2013,Pedestrian,Bus,Pedestrian,Bus,pedestrian,bus,pedestrian,bus,pedestrian,bus,pedestrian,bus,pedestrian,bus
2013,Motorcycle,Unknown,Motorcycle,NA,motorcycle,car,motorcycle,car,motorcycle,truck,motorcycle,car,motorcycle,bus
2013,Pedestrian,Trucks,Pedestrian,Trucks,pedestrian,truck,pedestrian,truck,pedestrian,truck,pedestrian,truck,pedestrian,truck
2013,Pedestrian,Unknown,Pedestrian,NA,pedestrian,motorcycle,pedestrian,motorcycle,pedestrian,car,pedestrian,truck,pedestrian,motorcycle
2013,Motorcycle,Car/pick-up/van,Motorcycle,Car/pick-up/van,motorcycle,car,motorcycle,car,motorcycle,car,motorcycle,car,motorcycle,car
2013,Motorcycle,Unknown,Motorcycle,NA,motorcycle,NOV,motorcycle,car,motorcycle,truck,motorcycle,bus,motorcycle,NOV
2013,Pedestrian,Car/pick-up/van,Pedestrian,Car/pick-up/van,pedestrian,car,pedestrian,car,pedestrian,car,pedestrian,car,pedestrian,car
2013,Pedestrian,Unknown,Pedestrian,NA,pedestrian,bus,pedestrian,truck,pedestrian,car,pedestrian,car,pedestrian,car
2013,Pedestrian,Car/pick-up/van,Pedestrian,Car/pick-up/van,pedestrian,car,pedestrian,car,pedestrian,car,pedestrian,car,pedestrian,car
2013,Motorcycle,Trucks,Motorcycle,Trucks,motorcycle,truck,motorcycle,truck,motorcycle,truck,motorcycle,truck,motorcycle,truck
2013,Heavy transport,Car/pick-up/van,Heavy transport,Car/pick-up/van,truck,car,truck,car,truck,car,truck,car,truck,car
2013,Heavy transport,No other/fixed or stationary object,Heavy transport,No other/fixed or stationary object,truck,NOV,truck,NOV,truck,NOV,truck,NOV,truck,NOV
2013,Pedestrian,Unknown,Pedestrian,NA,pedestrian,truck,pedestrian,car,pedestrian,car,pedestrian,car,pedestrian,car
2013,Motorcycle,Trucks,Motorcycle,Trucks,motorcycle,truck,motorcycle,truck,motorcycle,truck,motorcycle,truck,motorcycle,truck
2014,Pedestrian,Car/pick-up/van,Pedestrian,Car/pick-up/van,pedestrian,car,pedestrian,car,pedestrian,car,pedestrian,car,pedestrian,car
2014,Motorcycle,Trucks,Motorcycle,Trucks,motorcycle,truck,motorcycle,truck,motorcycle,truck,motorcycle,truck,motorcycle,truck
2014,Motorcycle,Trucks,Motorcycle,Trucks,motorcycle,truck,motorcycle,truck,motorcycle,truck,motorcycle,truck,motorcycle,truck
2014,Pedestrian,Bus,Pedestrian,Bus,pedestrian,bus,pedestrian,bus,pedestrian,bus,pedestrian,bus,pedestrian,bus
2014,Pedestrian,Car/pick-up/van,Pedestrian,Car/pick-up/van,pedestrian,car,pedestrian,car,pedestrian,car,pedestrian,car,pedestrian,car
2014,Pedal Cycle,2/3 Wheeled,Pedal Cycle,2/3 Wheeled,cycle,motorcycle,cycle,motorcycle,cycle,motorcycle,cycle,motorcycle,cycle,motorcycle
2014,Pedestrian,Unknown,Pedestrian,NA,pedestrian,bus,pedestrian,motorcycle,pedestrian,car,pedestrian,motorcycle,pedestrian,bus
2014,Motorcycle,Unknown,Motorcycle,NA,motorcycle,car,motorcycle,car,motorcycle,truck,motorcycle,truck,motorcycle,car
2013,Motorcycle,Car/pick-up/van,Motorcycle,Car/pick-up/van,motorcycle,car,motorcycle,car,motorcycle,car,motorcycle,car,motorcycle,car
2013,Motorcycle,Unknown,Motorcycle,NA,motorcycle,truck,motorcycle,car,motorcycle,car,motorcycle,truck,motorcycle,bus
2013,Motorcycle,Trucks,Motorcycle,Trucks,motorcycle,truck,motorcycle,truck,motorcycle,truck,motorcycle,truck,motorcycle,truck
2013,Motorcycle,No other/fixed or stationary object,Motorcycle,No other/fixed or stationary object,motorcycle,NOV,motorcycle,NOV,motorcycle,NOV,motorcycle,NOV,motorcycle,NOV
2013,Motorcycle,Trucks,Motorcycle,Trucks,motorcycle,truck,motorcycle,truck,motorcycle,truck,motorcycle,truck,motorcycle,truck
2013,Heavy transport,No other/fixed or stationary object,Heavy transport,No other/fixed or stationary object,truck,NOV,truck,NOV,truck,NOV,truck,NOV,truck,NOV
2013,Pedestrian,Unknown,Pedestrian,NA,pedestrian,car,pedestrian,car,pedestrian,car,pedestrian,truck,pedestrian,bus
2013,Motorcycle,Car/pick-up/van,Motorcycle,Car/pick-up/van,motorcycle,car,motorcycle,car,motorcycle,car,motorcycle,car,motorcycle,car
2013,Pedestrian,Unknown,Pedestrian,NA,pedestrian,bus,pedestrian,car,pedestrian,motorcycle,pedestrian,truck,pedestrian,car
2013,Pedestrian,Unknown,Pedestrian,NA,pedestrian,motorcycle,pedestrian,truck,pedestrian,motorcycle,pedestrian,motorcycle,pedestrian,car
2013,Car,Unknown,Car,NA,car,bus,car,truck,car,car,car,motorcycle,car,car
2013,Motorcycle,Trucks,Motorcycle,Trucks,motorcycle,truck,motorcycle,truck,motorcycle,truck,motorcycle,truck,motorcycle,truck
2013,Motorcycle,No other/fixed or stationary object,Motorcycle,No other/fixed or stationary object,motorcycle,NOV,motorcycle,NOV,motorcycle,NOV,motorcycle,NOV,motorcycle,NOV
2013,Motorcycle,No other/fixed or stationary object,Motorcycle,No other/fixed or stationary object,motorcycle,NOV,motorcycle,NOV,motorcycle,NOV,motorcycle,NOV,motorcycle,NOV
2013,Motorcycle,Unknown,Motorcycle,NA,motorcycle,NOV,motorcycle,bus,motorcycle,car,motorcycle,truck,motorcycle,NOV
2013,Motorcycle,Unknown,Motorcycle,NA,motorcycle,car,motorcycle,truck,motorcycle,car,motorcycle,truck,motorcycle,NOV
2013,Motorcycle,Car/pick-up/van,Motorcycle,Car/pick-up/van,motorcycle,car,motorcycle,car,motorcycle,car,motorcycle,car,motorcycle,car
2013,Heavy transport,No other/fixed or stationary object,Heavy transport,No other/fixed or stationary object,truck,NOV,truck,NOV,truck,NOV,truck,NOV,truck,NOV
2013,Pedal Cycle,Unknown,Pedal Cycle,NA,cycle,car,cycle,car,cycle,truck,cycle,car,cycle,bus
2013,Pedestrian,2/3 Wheeled,Pedestrian,2/3 Wheeled,pedestrian,motorcycle,pedestrian,motorcycle,pedestrian,motorcycle,pedestrian,motorcycle,pedestrian,motorcycle
2013,Pedal Cycle,Trucks,Pedal Cycle,Trucks,cycle,truck,cycle,truck,cycle,truck,cycle,truck,cycle,truck
2013,Motorcycle,Unknown,Motorcycle,NA,motorcycle,truck,motorcycle,truck,motorcycle,truck,motorcycle,truck,motorcycle,truck
2013,Pedestrian,Unknown,Pedestrian,NA,pedestrian,bus,pedestrian,motorcycle,pedestrian,truck,pedestrian,motorcycle,pedestrian,bus
2013,Motorcycle,Unknown,Motorcycle,NA,motorcycle,NOV,motorcycle,truck,motorcycle,car,motorcycle,car,motorcycle,car
2013,Pedestrian,2/3 Wheeled,Pedestrian,2/3 Wheeled,pedestrian,motorcycle,pedestrian,motorcycle,pedestrian,motorcycle,pedestrian,motorcycle,pedestrian,motorcycle
2013,Heavy transport,Trucks,Heavy transport,Trucks,truck,truck,truck,truck,truck,truck,truck,truck,truck,truck
2013,Motorcycle,Unknown,Motorcycle,NA,motorcycle,bus,motorcycle,bus,motorcycle,bus,motorcycle,motorcycle,motorcycle,car
2013,Motorcycle,Trucks,Motorcycle,Trucks,motorcycle,truck,motorcycle,truck,motorcycle,truck,motorcycle,truck,motorcycle,truck
2013,Motorcycle,Car/pick-up/van,Motorcycle,Car/pick-up/van,motorcycle,car,motorcycle,car,motorcycle,car,motorcycle,car,motorcycle,car
2014,Pedestrian,Car/pick-up/van,Pedestrian,Car/pick-up/van,pedestrian,car,pedestrian,car,pedestrian,car,pedestrian,car,pedestrian,car
2014,Motorcycle,No other/fixed or stationary object,Motorcycle,No other/fixed or stationary object,motorcycle,NOV,motorcycle,NOV,motorcycle,NOV,motorcycle,NOV,motorcycle,NOV
2014,Motorcycle,Unknown,Motorcycle,NA,motorcycle,bus,motorcycle,NOV,motorcycle,truck,motorcycle,car,motorcycle,motorcycle
2014,Motorcycle,Unknown,Motorcycle,NA,motorcycle,car,motorcycle,bus,motorcycle,truck,motorcycle,truck,motorcycle,NOV
2014,Motorcycle,Trucks,Motorcycle,Trucks,motorcycle,truck,motorcycle,truck,motorcycle,truck,motorcycle,truck,motorcycle,truck
2014,Heavy transport,Unknown,Heavy transport,NA,truck,motorcycle,truck,NOV,truck,truck,truck,NOV,truck,car
2014,Pedestrian,Car/pick-up/van,Pedestrian,Car/pick-up/van,pedestrian,car,pedestrian,car,pedestrian,car,pedestrian,car,pedestrian,car
2014,Pedal Cycle,Car/pick-up/van,Pedal Cycle,Car/pick-up/van,cycle,car,cycle,car,cycle,car,cycle,car,cycle,car
2014,Motorcycle,Unknown,Motorcycle,NA,motorcycle,truck,motorcycle,NOV,motorcycle,truck,motorcycle,NOV,motorcycle,car
2014,Pedestrian,Bus,Pedestrian,Bus,pedestrian,bus,pedestrian,bus,pedestrian,bus,pedestrian,bus,pedestrian,bus
2014,Car,No other/fixed or stationary object,Car,No other/fixed or stationary object,car,NOV,car,NOV,car,NOV,car,NOV,car,NOV
2014,Motorcycle,Unknown,Motorcycle,NA,motorcycle,NOV,motorcycle,truck,motorcycle,truck,motorcycle,truck,motorcycle,motorcycle
2014,Pedestrian,Unknown,Pedestrian,NA,pedestrian,truck,pedestrian,car,pedestrian,car,pedestrian,car,pedestrian,car
2014,Motorcycle,Car/pick-up/van,Motorcycle,Car/pick-up/van,motorcycle,car,motorcycle,car,motorcycle,car,motorcycle,car,motorcycle,car
2014,Pedestrian,Unknown,Pedestrian,NA,pedestrian,car,pedestrian,bus,pedestrian,car,pedestrian,car,pedestrian,car
2014,Motorcycle,Unknown,Motorcycle,NA,motorcycle,car,motorcycle,bus,motorcycle,truck,motorcycle,car,motorcycle,truck
2014,Motorcycle,Car/pick-up/van,Motorcycle,Car/pick-up/van,motorcycle,car,motorcycle,car,motorcycle,car,motorcycle,car,motorcycle,car
2014,Motorcycle,Unknown,Motorcycle,NA,motorcycle,truck,motorcycle,truck,motorcycle,car,motorcycle,truck,motorcycle,car
2014,Pedestrian,Trucks,Pedestrian,Trucks,pedestrian,truck,pedestrian,truck,pedestrian,truck,pedestrian,truck,pedestrian,truck
2014,Pedestrian,Bus,Pedestrian,Bus,pedestrian,bus,pedestrian,bus,pedestrian,bus,pedestrian,bus,pedestrian,bus
2014,Pedestrian,Trucks,Pedestrian,Trucks,pedestrian,truck,pedestrian,truck,pedestrian,truck,pedestrian,truck,pedestrian,truck
2014,Pedestrian,Car/pick-up/van,Pedestrian,Car/pick-up/van,pedestrian,car,pedestrian,car,pedestrian,car,pedestrian,car,pedestrian,car
2014,Motorcycle,Car/pick-up/van,Motorcycle,Car/pick-up/van,motorcycle,car,motorcycle,car,motorcycle,car,motorcycle,car,motorcycle,car
2014,Motorcycle,Unknown,Motorcycle,NA,motorcycle,bus,motorcycle,NOV,motorcycle,NOV,motorcycle,NOV,motorcycle,car
2014,Motorcycle,Unknown,Motorcycle,NA,motorcycle,car,motorcycle,truck,motorcycle,truck,motorcycle,car,motorcycle,car
2014,Motorcycle,Unknown,Motorcycle,NA,motorcycle,NOV,motorcycle,truck,motorcycle,bus,motorcycle,bus,motorcycle,truck
2014,Pedestrian,Unknown,Pedestrian,NA,pedestrian,bus,pedestrian,bus,pedestrian,car,pedestrian,truck,pedestrian,car
2014,Pedestrian,Trucks,Pedestrian,Trucks,pedestrian,truck,pedestrian,truck,pedestrian,truck,pedestrian,truck,pedestrian,truck
2014,Pedestrian,Bus,Pedestrian,Bus,pedestrian,bus,pedestrian,bus,pedestrian,bus,pedestrian,bus,pedestrian,bus
2014,Pedestrian,Trucks,Pedestrian,Trucks,pedestrian,truck,pedestrian,truck,pedestrian,truck,pedestrian,truck,pedestrian,truck
2014,Pedestrian,non-motor vehicle,Pedestrian,non-motor vehicle,pedestrian,NOV,pedestrian,NOV,pedestrian,NOV,pedestrian,NOV,pedestrian,NOV
2014,Motorcycle,Trucks,Motorcycle,Trucks,motorcycle,truck,motorcycle,truck,motorcycle,truck,motorcycle,truck,motorcycle,truck
2014,Motorcycle,Car/pick-up/van,Motorcycle,Car/pick-up/van,motorcycle,car,motorcycle,car,motorcycle,car,motorcycle,car,motorcycle,car
2014,Pedestrian,Unknown,Pedestrian,NA,pedestrian,truck,pedestrian,truck,pedestrian,truck,pedestrian,motorcycle,pedestrian,truck
2014,Pedestrian,Unknown,Pedestrian,NA,pedestrian,car,pedestrian,truck,pedestrian,bus,pedestrian,car,pedestrian,truck
2014,Motorcycle,Car/pick-up/van,Motorcycle,Car/pick-up/van,motorcycle,car,motorcycle,car,motorcycle,car,motorcycle,car,motorcycle,car
2014,Car,No other/fixed or stationary object,Car,No other/fixed or stationary object,car,NOV,car,NOV,car,NOV,car,NOV,car,NOV
2014,Motorcycle,Unknown,Motorcycle,NA,motorcycle,bus,motorcycle,car,motorcycle,truck,motorcycle,car,motorcycle,truck
2013,Pedestrian,Trucks,Pedestrian,Trucks,pedestrian,truck,pedestrian,truck,pedestrian,truck,pedestrian,truck,pedestrian,truck
2013,Pedestrian,Trucks,Pedestrian,Trucks,pedestrian,truck,pedestrian,truck,pedestrian,truck,pedestrian,truck,pedestrian,truck
2013,Pedestrian,2/3 Wheeled,Pedestrian,2/3 Wheeled,pedestrian,motorcycle,pedestrian,motorcycle,pedestrian,motorcycle,pedestrian,motorcycle,pedestrian,motorcycle
2014,Pedestrian,Unknown,Pedestrian,NA,pedestrian,truck,pedestrian,car,pedestrian,motorcycle,pedestrian,car,pedestrian,car
2013,Pedestrian,2/3 Wheeled,Pedestrian,2/3 Wheeled,pedestrian,motorcycle,pedestrian,motorcycle,pedestrian,motorcycle,pedestrian,motorcycle,pedestrian,motorcycle
2013,Motorcycle,Unknown,Motorcycle,NA,motorcycle,car,motorcycle,car,motorcycle,truck,motorcycle,NOV,motorcycle,truck
2013,Pedal Cycle,Car/pick-up/van,Pedal Cycle,Car/pick-up/van,cycle,car,cycle,car,cycle,car,cycle,car,cycle,car
2013,Motorcycle,Bus,Motorcycle,Bus,motorcycle,bus,motorcycle,bus,motorcycle,bus,motorcycle,bus,motorcycle,bus
2013,Pedestrian,Unknown,Pedestrian,NA,pedestrian,car,pedestrian,bus,pedestrian,bus,pedestrian,car,pedestrian,car
2013,Pedestrian,Car/pick-up/van,Pedestrian,Car/pick-up/van,pedestrian,car,pedestrian,car,pedestrian,car,pedestrian,car,pedestrian,car
2013,Pedestrian,Unknown,Pedestrian,NA,pedestrian,car,pedestrian,motorcycle,pedestrian,car,pedestrian,car,pedestrian,car
2013,Pedestrian,Car/pick-up/van,Pedestrian,Car/pick-up/van,pedestrian,car,pedestrian,car,pedestrian,car,pedestrian,car,pedestrian,car
2013,Motorcycle,Unknown,Motorcycle,NA,motorcycle,truck,motorcycle,NOV,motorcycle,car,motorcycle,NOV,motorcycle,NOV
2013,Pedal Cycle,Car/pick-up/van,Pedal Cycle,Car/pick-up/van,cycle,car,cycle,car,cycle,car,cycle,car,cycle,car
2013,Motorcycle,Car/pick-up/van,Motorcycle,Car/pick-up/van,motorcycle,car,motorcycle,car,motorcycle,car,motorcycle,car,motorcycle,car
2013,Pedal Cycle,Car/pick-up/van,Pedal Cycle,Car/pick-up/van,cycle,car,cycle,car,cycle,car,cycle,car,cycle,car
2013,Motorcycle,Unknown,Motorcycle,NA,motorcycle,bus,motorcycle,car,motorcycle,truck,motorcycle,car,motorcycle,bus
2014,Motorcycle,Unknown,Motorcycle,NA,motorcycle,bus,motorcycle,car,motorcycle,car,motorcycle,NOV,motorcycle,truck
2014,Motorcycle,Unknown,Motorcycle,NA,motorcycle,car,motorcycle,NOV,motorcycle,truck,motorcycle,truck,motorcycle,bus
2014,Heavy transport,No other/fixed or stationary object,Heavy transport,No other/fixed or stationary object,truck,NOV,truck,NOV,truck,NOV,truck,NOV,truck,NOV
2014,Pedestrian,Bus,Pedestrian,Bus,pedestrian,bus,pedestrian,bus,pedestrian,bus,pedestrian,bus,pedestrian,bus
2014,Pedestrian,Car/pick-up/van,Pedestrian,Car/pick-up/van,pedestrian,car,pedestrian,car,pedestrian,car,pedestrian,car,pedestrian,car
2014,Pedal Cycle,Bus,Pedal Cycle,Bus,cycle,bus,cycle,bus,cycle,bus,cycle,bus,cycle,bus
2014,Car,No other/fixed or stationary object,Car,No other/fixed or stationary object,car,NOV,car,NOV,car,NOV,car,NOV,car,NOV
2013,Motorcycle,Trucks,Motorcycle,Trucks,motorcycle,truck,motorcycle,truck,motorcycle,truck,motorcycle,truck,motorcycle,truck
2013,Motorcycle,Trucks,Motorcycle,Trucks,motorcycle,truck,motorcycle,truck,motorcycle,truck,motorcycle,truck,motorcycle,truck
2013,Motorcycle,Car/pick-up/van,Motorcycle,Car/pick-up/van,motorcycle,car,motorcycle,car,motorcycle,car,motorcycle,car,motorcycle,car
2013,Heavy transport,Unknown,Heavy transport,NA,truck,car,truck,truck,truck,NOV,truck,NOV,truck,NOV
2013,Car,No other/fixed or stationary object,Car,No other/fixed or stationary object,car,NOV,car,NOV,car,NOV,car,NOV,car,NOV
2013,Other,unspecified,Other,NA,other,bus,other,truck,other,car,other,car,other,car
2013,3Wheeled,No other/fixed or stationary object,3Wheeled,No other/fixed or stationary object,motorcycle,NOV,motorcycle,NOV,motorcycle,NOV,motorcycle,NOV,motorcycle,NOV
2013,Motorcycle,Unknown,Motorcycle,NA,motorcycle,bus,motorcycle,NOV,motorcycle,car,motorcycle,car,motorcycle,NOV
2013,Other,unspecified,Other,NA,other,car,other,car,other,car,other,car,other,car
2013,Motorcycle,Unknown,Motorcycle,NA,motorcycle,car,motorcycle,car,motorcycle,NOV,motorcycle,NOV,motorcycle,truck
2014,Pedestrian,Unknown,Pedestrian,NA,pedestrian,car,pedestrian,motorcycle,pedestrian,motorcycle,pedestrian,car,pedestrian,bus
2014,Pedal Cycle,Unknown,Pedal Cycle,NA,cycle,car,cycle,motorcycle,cycle,car,cycle,bus,cycle,car
2014,Car,No other/fixed or stationary object,Car,No other/fixed or stationary object,car,NOV,car,NOV,car,NOV,car,NOV,car,NOV
2014,Pedestrian,unspecified,Pedestrian,NA,pedestrian,bus,pedestrian,car,pedestrian,bus,pedestrian,motorcycle,pedestrian,motorcycle
2014,Pedestrian,Unknown,Pedestrian,NA,pedestrian,car,pedestrian,car,pedestrian,motorcycle,pedestrian,motorcycle,pedestrian,motorcycle
2014,Motorcycle,Unknown,Motorcycle,NA,motorcycle,truck,motorcycle,car,motorcycle,car,motorcycle,car,motorcycle,truck
2014,Pedestrian,Unknown,Pedestrian,NA,pedestrian,car,pedestrian,car,pedestrian,car,pedestrian,car,pedestrian,car
2014,Heavy transport,Trucks,Heavy transport,Trucks,truck,truck,truck,truck,truck,truck,truck,truck,truck,truck
2014,Car,Unknown,Car,NA,car,truck,car,car,car,NOV,car,NOV,car,motorcycle
2014,Pedestrian,Car/pick-up/van,Pedestrian,Car/pick-up/van,pedestrian,car,pedestrian,car,pedestrian,car,pedestrian,car,pedestrian,car
2014,Motorcycle,Unknown,Motorcycle,NA,motorcycle,truck,motorcycle,truck,motorcycle,truck,motorcycle,car,motorcycle,truck
2013,Pedestrian,Car/pick-up/van,Pedestrian,Car/pick-up/van,pedestrian,car,pedestrian,car,pedestrian,car,pedestrian,car,pedestrian,car
2013,Motorcycle,Unknown,Motorcycle,NA,motorcycle,truck,motorcycle,NOV,motorcycle,bus,motorcycle,bus,motorcycle,car
2013,Pedestrian,Trucks,Pedestrian,Trucks,pedestrian,truck,pedestrian,truck,pedestrian,truck,pedestrian,truck,pedestrian,truck
2013,Pedestrian,Unknown,Pedestrian,NA,pedestrian,car,pedestrian,car,pedestrian,car,pedestrian,car,pedestrian,truck
2013,3Wheeled,Trucks,3Wheeled,Trucks,motorcycle,truck,motorcycle,truck,motorcycle,truck,motorcycle,truck,motorcycle,truck
2013,Motorcycle,No other/fixed or stationary object,Motorcycle,No other/fixed or stationary object,motorcycle,NOV,motorcycle,NOV,motorcycle,NOV,motorcycle,NOV,motorcycle,NOV
2013,Pedestrian,Unknown,Pedestrian,NA,pedestrian,truck,pedestrian,car,pedestrian,truck,pedestrian,truck,pedestrian,car
2013,Pedestrian,Unknown,Pedestrian,NA,pedestrian,truck,pedestrian,truck,pedestrian,car,pedestrian,truck,pedestrian,car
2013,Pedestrian,Trucks,Pedestrian,Trucks,pedestrian,truck,pedestrian,truck,pedestrian,truck,pedestrian,truck,pedestrian,truck
2013,Motorcycle,Car/pick-up/van,Motorcycle,Car/pick-up/van,motorcycle,car,motorcycle,car,motorcycle,car,motorcycle,car,motorcycle,car
2013,Motorcycle,Trucks,Motorcycle,Trucks,motorcycle,truck,motorcycle,truck,motorcycle,truck,motorcycle,truck,motorcycle,truck
2013,Motorcycle,2/3 Wheeled,Motorcycle,2/3 Wheeled,motorcycle,motorcycle,motorcycle,motorcycle,motorcycle,motorcycle,motorcycle,motorcycle,motorcycle,motorcycle
2013,Pedestrian,Car/pick-up/van,Pedestrian,Car/pick-up/van,pedestrian,car,pedestrian,car,pedestrian,car,pedestrian,car,pedestrian,car
2013,Pedestrian,Unknown,Pedestrian,NA,pedestrian,car,pedestrian,car,pedestrian,truck,pedestrian,car,pedestrian,truck
2013,Motorcycle,No other/fixed or stationary object,Motorcycle,No other/fixed or stationary object,motorcycle,NOV,motorcycle,NOV,motorcycle,NOV,motorcycle,NOV,motorcycle,NOV
2013,3Wheeled,No other/fixed or stationary object,3Wheeled,No other/fixed or stationary object,motorcycle,NOV,motorcycle,NOV,motorcycle,NOV,motorcycle,NOV,motorcycle,NOV
2013,Pedestrian,Unknown,Pedestrian,NA,pedestrian,car,pedestrian,car,pedestrian,bus,pedestrian,bus,pedestrian,car
2013,Motorcycle,Unknown,Motorcycle,NA,motorcycle,NOV,motorcycle,truck,motorcycle,car,motorcycle,truck,motorcycle,car
2013,Pedal Cycle,Unknown,Pedal Cycle,NA,cycle,car,cycle,bus,cycle,bus,cycle,car,cycle,motorcycle
2013,Pedestrian,Unknown,Pedestrian,NA,pedestrian,car,pedestrian,bus,pedestrian,motorcycle,pedestrian,motorcycle,pedestrian,truck
2013,Motorcycle,Unknown,Motorcycle,NA,motorcycle,truck,motorcycle,NOV,motorcycle,bus,motorcycle,car,motorcycle,car
2013,Motorcycle,Trucks,Motorcycle,Trucks,motorcycle,truck,motorcycle,truck,motorcycle,truck,motorcycle,truck,motorcycle,truck
2013,Motorcycle,Unknown,Motorcycle,NA,motorcycle,car,motorcycle,bus,motorcycle,motorcycle,motorcycle,truck,motorcycle,truck
2013,Pedestrian,Unknown,Pedestrian,NA,pedestrian,car,pedestrian,car,pedestrian,truck,pedestrian,truck,pedestrian,car
2013,Motorcycle,Unknown,Motorcycle,NA,motorcycle,car,motorcycle,car,motorcycle,car,motorcycle,NOV,motorcycle,car
2014,Pedestrian,Unknown,Pedestrian,NA,pedestrian,car,pedestrian,truck,pedestrian,car,pedestrian,motorcycle,pedestrian,truck
2014,Pedestrian,Unknown,Pedestrian,NA,pedestrian,car,pedestrian,car,pedestrian,bus,pedestrian,truck,pedestrian,car
2014,Car,Car/pick-up/van,Car,Car/pick-up/van,car,car,car,car,car,car,car,car,car,car
2014,Motorcycle,No other/fixed or stationary object,Motorcycle,No other/fixed or stationary object,motorcycle,NOV,motorcycle,NOV,motorcycle,NOV,motorcycle,NOV,motorcycle,NOV
2014,Pedestrian,Car/pick-up/van,Pedestrian,Car/pick-up/van,pedestrian,car,pedestrian,car,pedestrian,car,pedestrian,car,pedestrian,car
2014,Motorcycle,Trucks,Motorcycle,Trucks,motorcycle,truck,motorcycle,truck,motorcycle,truck,motorcycle,truck,motorcycle,truck
2014,Pedestrian,Trucks,Pedestrian,Trucks,pedestrian,truck,pedestrian,truck,pedestrian,truck,pedestrian,truck,pedestrian,truck
2014,Motorcycle,Car/pick-up/van,Motorcycle,Car/pick-up/van,motorcycle,car,motorcycle,car,motorcycle,car,motorcycle,car,motorcycle,car
2014,Pedal Cycle,Car/pick-up/van,Pedal Cycle,Car/pick-up/van,cycle,car,cycle,car,cycle,car,cycle,car,cycle,car
2014,Pedestrian,Unknown,Pedestrian,NA,pedestrian,motorcycle,pedestrian,bus,pedestrian,bus,pedestrian,car,pedestrian,motorcycle
2014,Motorcycle,Car/pick-up/van,Motorcycle,Car/pick-up/van,motorcycle,car,motorcycle,car,motorcycle,car,motorcycle,car,motorcycle,car
2014,Motorcycle,Car/pick-up/van,Motorcycle,Car/pick-up/van,motorcycle,car,motorcycle,car,motorcycle,car,motorcycle,car,motorcycle,car
2014,Motorcycle,Unknown,Motorcycle,NA,motorcycle,truck,motorcycle,car,motorcycle,truck,motorcycle,NOV,motorcycle,truck
2014,Motorcycle,Car/pick-up/van,Motorcycle,Car/pick-up/van,motorcycle,car,motorcycle,car,motorcycle,car,motorcycle,car,motorcycle,car
2014,Pedestrian,Unknown,Pedestrian,NA,pedestrian,car,pedestrian,car,pedestrian,car,pedestrian,bus,pedestrian,car
2014,3Wheeled,Unknown,3Wheeled,NA,motorcycle,car,motorcycle,truck,motorcycle,car,motorcycle,truck,motorcycle,NOV
2014,Pedestrian,Unknown,Pedestrian,NA,pedestrian,car,pedestrian,truck,pedestrian,bus,pedestrian,car,pedestrian,bus
2014,Pedestrian,Unknown,Pedestrian,NA,pedestrian,car,pedestrian,bus,pedestrian,car,pedestrian,truck,pedestrian,bus
2014,Pedestrian,Unknown,Pedestrian,NA,pedestrian,truck,pedestrian,car,pedestrian,car,pedestrian,truck,pedestrian,truck
2014,Pedestrian,Unknown,Pedestrian,NA,pedestrian,bus,pedestrian,car,pedestrian,car,pedestrian,motorcycle,pedestrian,motorcycle
2014,Pedestrian,Unknown,Pedestrian,NA,pedestrian,motorcycle,pedestrian,truck,pedestrian,bus,pedestrian,car,pedestrian,car
2013,Pick-up truck/van,No other/fixed or stationary object,Pick-up truck/van,No other/fixed or stationary object,car,NOV,car,NOV,car,NOV,car,NOV,car,NOV
2013,3Wheeled,Trucks,3Wheeled,Trucks,motorcycle,truck,motorcycle,truck,motorcycle,truck,motorcycle,truck,motorcycle,truck
2013,Motorcycle,Car/pick-up/van,Motorcycle,Car/pick-up/van,motorcycle,car,motorcycle,car,motorcycle,car,motorcycle,car,motorcycle,car
2013,Motorcycle,Unknown,Motorcycle,NA,motorcycle,car,motorcycle,car,motorcycle,bus,motorcycle,NOV,motorcycle,car
2013,Motorcycle,No other/fixed or stationary object,Motorcycle,No other/fixed or stationary object,motorcycle,NOV,motorcycle,NOV,motorcycle,NOV,motorcycle,NOV,motorcycle,NOV
2013,Motorcycle,Trucks,Motorcycle,Trucks,motorcycle,truck,motorcycle,truck,motorcycle,truck,motorcycle,truck,motorcycle,truck
2014,Motorcycle,Unknown,Motorcycle,NA,motorcycle,truck,motorcycle,truck,motorcycle,truck,motorcycle,truck,motorcycle,motorcycle
2014,Motorcycle,2/3 Wheeled,Motorcycle,2/3 Wheeled,motorcycle,motorcycle,motorcycle,motorcycle,motorcycle,motorcycle,motorcycle,motorcycle,motorcycle,motorcycle
2014,Motorcycle,No other/fixed or stationary object,Motorcycle,No other/fixed or stationary object,motorcycle,NOV,motorcycle,NOV,motorcycle,NOV,motorcycle,NOV,motorcycle,NOV
2014,Motorcycle,Car/pick-up/van,Motorcycle,Car/pick-up/van,motorcycle,car,motorcycle,car,motorcycle,car,motorcycle,car,motorcycle,car
2014,Motorcycle,Car/pick-up/van,Motorcycle,Car/pick-up/van,motorcycle,car,motorcycle,car,motorcycle,car,motorcycle,car,motorcycle,car
2014,Motorcycle,Car/pick-up/van,Motorcycle,Car/pick-up/van,motorcycle,car,motorcycle,car,motorcycle,car,motorcycle,car,motorcycle,car
2014,Motorcycle,Unknown,Motorcycle,NA,motorcycle,car,motorcycle,motorcycle,motorcycle,NOV,motorcycle,truck,motorcycle,motorcycle
2014,Motorcycle,2/3 Wheeled,Motorcycle,2/3 Wheeled,motorcycle,motorcycle,motorcycle,motorcycle,motorcycle,motorcycle,motorcycle,motorcycle,motorcycle,motorcycle
2014,Motorcycle,Unknown,Motorcycle,NA,motorcycle,truck,motorcycle,car,motorcycle,car,motorcycle,truck,motorcycle,NOV
2014,Car,Unknown,Car,NA,car,truck,car,NOV,car,car,car,NOV,car,NOV
2014,Pedestrian,2/3 Wheeled,Pedestrian,2/3 Wheeled,pedestrian,motorcycle,pedestrian,motorcycle,pedestrian,motorcycle,pedestrian,motorcycle,pedestrian,motorcycle
2014,Motorcycle,Bus,Motorcycle,Bus,motorcycle,bus,motorcycle,bus,motorcycle,bus,motorcycle,bus,motorcycle,bus
2014,Pedestrian,2/3 Wheeled,Pedestrian,2/3 Wheeled,pedestrian,motorcycle,pedestrian,motorcycle,pedestrian,motorcycle,pedestrian,motorcycle,pedestrian,motorcycle
2014,Motorcycle,Trucks,Motorcycle,Trucks,motorcycle,truck,motorcycle,truck,motorcycle,truck,motorcycle,truck,motorcycle,truck
2014,Motorcycle,Car/pick-up/van,Motorcycle,Car/pick-up/van,motorcycle,car,motorcycle,car,motorcycle,car,motorcycle,car,motorcycle,car
2014,Motorcycle,Trucks,Motorcycle,Trucks,motorcycle,truck,motorcycle,truck,motorcycle,truck,motorcycle,truck,motorcycle,truck
2013,Pedestrian,Unknown,Pedestrian,NA,pedestrian,bus,pedestrian,truck,pedestrian,car,pedestrian,car,pedestrian,car
2013,Heavy transport,Car/pick-up/van,Heavy transport,Car/pick-up/van,truck,car,truck,car,truck,car,truck,car,truck,car
2013,Motorcycle,Unknown,Motorcycle,NA,motorcycle,car,motorcycle,car,motorcycle,car,motorcycle,car,motorcycle,truck
2013,Pedestrian,Trucks,Pedestrian,Trucks,pedestrian,truck,pedestrian,truck,pedestrian,truck,pedestrian,truck,pedestrian,truck
2013,Motorcycle,Unknown,Motorcycle,NA,motorcycle,bus,motorcycle,motorcycle,motorcycle,car,motorcycle,bus,motorcycle,truck
2013,Pedestrian,2/3 Wheeled,Pedestrian,2/3 Wheeled,pedestrian,motorcycle,pedestrian,motorcycle,pedestrian,motorcycle,pedestrian,motorcycle,pedestrian,motorcycle
2013,Motorcycle,Bus,Motorcycle,Bus,motorcycle,bus,motorcycle,bus,motorcycle,bus,motorcycle,bus,motorcycle,bus
2013,Pedestrian,2/3 Wheeled,Pedestrian,2/3 Wheeled,pedestrian,motorcycle,pedestrian,motorcycle,pedestrian,motorcycle,pedestrian,motorcycle,pedestrian,motorcycle
2013,Pedestrian,Bus,Pedestrian,Bus,pedestrian,bus,pedestrian,bus,pedestrian,bus,pedestrian,bus,pedestrian,bus
2013,Motorcycle,Unknown,Motorcycle,NA,motorcycle,car,motorcycle,car,motorcycle,car,motorcycle,motorcycle,motorcycle,truck
2013,Pedestrian,2/3 Wheeled,Pedestrian,2/3 Wheeled,pedestrian,motorcycle,pedestrian,motorcycle,pedestrian,motorcycle,pedestrian,motorcycle,pedestrian,motorcycle
2013,Pedestrian,Unknown,Pedestrian,NA,pedestrian,car,pedestrian,car,pedestrian,motorcycle,pedestrian,car,pedestrian,motorcycle
2013,Motorcycle,Unknown,Motorcycle,NA,motorcycle,car,motorcycle,car,motorcycle,car,motorcycle,truck,motorcycle,car
2014,Motorcycle,Unknown,Motorcycle,NA,motorcycle,truck,motorcycle,NOV,motorcycle,truck,motorcycle,truck,motorcycle,NOV
2014,Pedestrian,Car/pick-up/van,Pedestrian,Car/pick-up/van,pedestrian,car,pedestrian,car,pedestrian,car,pedestrian,car,pedestrian,car
2014,Pedal Cycle,Trucks,Pedal Cycle,Trucks,cycle,truck,cycle,truck,cycle,truck,cycle,truck,cycle,truck
2014,Motorcycle,Unknown,Motorcycle,NA,motorcycle,car,motorcycle,bus,motorcycle,truck,motorcycle,truck,motorcycle,car
2014,Pedestrian,Unknown,Pedestrian,NA,pedestrian,car,pedestrian,motorcycle,pedestrian,car,pedestrian,car,pedestrian,car
2014,Motorcycle,Trucks,Motorcycle,Trucks,motorcycle,truck,motorcycle,truck,motorcycle,truck,motorcycle,truck,motorcycle,truck
2014,Pedestrian,Car/pick-up/van,Pedestrian,Car/pick-up/van,pedestrian,car,pedestrian,car,pedestrian,car,pedestrian,car,pedestrian,car
2014,Motorcycle,Bus,Motorcycle,Bus,motorcycle,bus,motorcycle,bus,motorcycle,bus,motorcycle,bus,motorcycle,bus
2014,Motorcycle,Bus,Motorcycle,Bus,motorcycle,bus,motorcycle,bus,motorcycle,bus,motorcycle,bus,motorcycle,bus
2014,Other,unspecified,Other,NA,other,car,other,car,other,car,other,car,other,NOV
2014,Motorcycle,Car/pick-up/van,Motorcycle,Car/pick-up/van,motorcycle,car,motorcycle,car,motorcycle,car,motorcycle,car,motorcycle,car
2014,Pedestrian,Trucks,Pedestrian,Trucks,pedestrian,truck,pedestrian,truck,pedestrian,truck,pedestrian,truck,pedestrian,truck
2014,Motorcycle,Trucks,Motorcycle,Trucks,motorcycle,truck,motorcycle,truck,motorcycle,truck,motorcycle,truck,motorcycle,truck
2014,Pedestrian,Unknown,Pedestrian,NA,pedestrian,car,pedestrian,car,pedestrian,car,pedestrian,car,pedestrian,truck
2014,Car,Car/pick-up/van,Car,Car/pick-up/van,car,car,car,car,car,car,car,car,car,car
2013,Pedestrian,Unknown,Pedestrian,NA,pedestrian,motorcycle,pedestrian,car,pedestrian,car,pedestrian,motorcycle,pedestrian,car
2013,Motorcycle,Unknown,Motorcycle,NA,motorcycle,truck,motorcycle,car,motorcycle,truck,motorcycle,bus,motorcycle,truck
2013,Pedestrian,Unknown,Pedestrian,NA,pedestrian,truck,pedestrian,car,pedestrian,truck,pedestrian,motorcycle,pedestrian,truck
2013,Pedestrian,Unknown,Pedestrian,NA,pedestrian,car,pedestrian,car,pedestrian,car,pedestrian,car,pedestrian,car
2013,Pedal Cycle,Bus,Pedal Cycle,Bus,cycle,bus,cycle,bus,cycle,bus,cycle,bus,cycle,bus
2014,Pedestrian,Trucks,Pedestrian,Trucks,pedestrian,truck,pedestrian,truck,pedestrian,truck,pedestrian,truck,pedestrian,truck
2014,Pedestrian,2/3 Wheeled,Pedestrian,2/3 Wheeled,pedestrian,motorcycle,pedestrian,motorcycle,pedestrian,motorcycle,pedestrian,motorcycle,pedestrian,motorcycle
2014,Pedestrian,Unknown,Pedestrian,NA,pedestrian,car,pedestrian,car,pedestrian,car,pedestrian,truck,pedestrian,car
2014,Pedestrian,Unknown,Pedestrian,NA,pedestrian,truck,pedestrian,car,pedestrian,car,pedestrian,bus,pedestrian,car
2013,Pedestrian,Car/pick-up/van,Pedestrian,Car/pick-up/van,pedestrian,car,pedestrian,car,pedestrian,car,pedestrian,car,pedestrian,car
2013,Pedestrian,Car/pick-up/van,Pedestrian,Car/pick-up/van,pedestrian,car,pedestrian,car,pedestrian,car,pedestrian,car,pedestrian,car
2014,Motorcycle,Unknown,Motorcycle,NA,motorcycle,NOV,motorcycle,NOV,motorcycle,truck,motorcycle,bus,motorcycle,truck
2013,Motorcycle,Bus,Motorcycle,Bus,motorcycle,bus,motorcycle,bus,motorcycle,bus,motorcycle,bus,motorcycle,bus
2013,Motorcycle,Car/pick-up/van,Motorcycle,Car/pick-up/van,motorcycle,car,motorcycle,car,motorcycle,car,motorcycle,car,motorcycle,car
2013,Pedestrian,Bus,Pedestrian,Bus,pedestrian,bus,pedestrian,bus,pedestrian,bus,pedestrian,bus,pedestrian,bus
2013,Car,No other/fixed or stationary object,Car,No other/fixed or stationary object,car,NOV,car,NOV,car,NOV,car,NOV,car,NOV
2013,Pedestrian,Unknown,Pedestrian,NA,pedestrian,car,pedestrian,car,pedestrian,car,pedestrian,motorcycle,pedestrian,truck
2013,Pedestrian,Unknown,Pedestrian,NA,pedestrian,truck,pedestrian,motorcycle,pedestrian,car,pedestrian,motorcycle,pedestrian,car
2013,Motorcycle,Unknown,Motorcycle,NA,motorcycle,car,motorcycle,car,motorcycle,truck,motorcycle,motorcycle,motorcycle,truck
2013,Pedestrian,Car/pick-up/van,Pedestrian,Car/pick-up/van,pedestrian,car,pedestrian,car,pedestrian,car,pedestrian,car,pedestrian,car
2013,Motorcycle,Car/pick-up/van,Motorcycle,Car/pick-up/van,motorcycle,car,motorcycle,car,motorcycle,car,motorcycle,car,motorcycle,car
2013,Motorcycle,Car/pick-up/van,Motorcycle,Car/pick-up/van,motorcycle,car,motorcycle,car,motorcycle,car,motorcycle,car,motorcycle,car
2013,Pedestrian,Unknown,Pedestrian,NA,pedestrian,car,pedestrian,truck,pedestrian,car,pedestrian,truck,pedestrian,car
2013,Motorcycle,Unknown,Motorcycle,NA,motorcycle,motorcycle,motorcycle,car,motorcycle,truck,motorcycle,truck,motorcycle,NOV
2013,Pedestrian,Unknown,Pedestrian,NA,pedestrian,bus,pedestrian,bus,pedestrian,car,pedestrian,truck,pedestrian,motorcycle
2013,Pedestrian,Car/pick-up/van,Pedestrian,Car/pick-up/van,pedestrian,car,pedestrian,car,pedestrian,car,pedestrian,car,pedestrian,car
2013,Motorcycle,Car/pick-up/van,Motorcycle,Car/pick-up/van,motorcycle,car,motorcycle,car,motorcycle,car,motorcycle,car,motorcycle,car
2013,Car,Unknown,Car,NA,car,car,car,NOV,car,NOV,car,truck,car,NOV
2013,Pedestrian,2/3 Wheeled,Pedestrian,2/3 Wheeled,pedestrian,motorcycle,pedestrian,motorcycle,pedestrian,motorcycle,pedestrian,motorcycle,pedestrian,motorcycle
2013,Motorcycle,Trucks,Motorcycle,Trucks,motorcycle,truck,motorcycle,truck,motorcycle,truck,motorcycle,truck,motorcycle,truck
2013,Pedestrian,2/3 Wheeled,Pedestrian,2/3 Wheeled,pedestrian,motorcycle,pedestrian,motorcycle,pedestrian,motorcycle,pedestrian,motorcycle,pedestrian,motorcycle
2013,Pedestrian,Unknown,Pedestrian,NA,pedestrian,motorcycle,pedestrian,bus,pedestrian,car,pedestrian,motorcycle,pedestrian,car
2013,Pedestrian,Unknown,Pedestrian,NA,pedestrian,car,pedestrian,bus,pedestrian,truck,pedestrian,car,pedestrian,car
2013,Pedestrian,Car/pick-up/van,Pedestrian,Car/pick-up/van,pedestrian,car,pedestrian,car,pedestrian,car,pedestrian,car,pedestrian,car
2014,Pedestrian,Unknown,Pedestrian,NA,pedestrian,car,pedestrian,car,pedestrian,bus,pedestrian,car,pedestrian,car
2014,Pedestrian,Bus,Pedestrian,Bus,pedestrian,bus,pedestrian,bus,pedestrian,bus,pedestrian,bus,pedestrian,bus
2014,Motorcycle,Unknown,Motorcycle,NA,motorcycle,NOV,motorcycle,truck,motorcycle,NOV,motorcycle,NOV,motorcycle,NOV
2014,Pedestrian,2/3 Wheeled,Pedestrian,2/3 Wheeled,pedestrian,motorcycle,pedestrian,motorcycle,pedestrian,motorcycle,pedestrian,motorcycle,pedestrian,motorcycle
2014,Motorcycle,Bus,Motorcycle,Bus,motorcycle,bus,motorcycle,bus,motorcycle,bus,motorcycle,bus,motorcycle,bus
2014,Pedestrian,Trucks,Pedestrian,Trucks,pedestrian,truck,pedestrian,truck,pedestrian,truck,pedestrian,truck,pedestrian,truck
2014,Pedestrian,Unknown,Pedestrian,NA,pedestrian,truck,pedestrian,truck,pedestrian,motorcycle,pedestrian,car,pedestrian,car
2014,Motorcycle,Unknown,Motorcycle,NA,motorcycle,bus,motorcycle,car,motorcycle,truck,motorcycle,truck,motorcycle,bus
2014,Pedestrian,Unknown,Pedestrian,NA,pedestrian,car,pedestrian,motorcycle,pedestrian,car,pedestrian,motorcycle,pedestrian,car
2014,Pedestrian,2/3 Wheeled,Pedestrian,2/3 Wheeled,pedestrian,motorcycle,pedestrian,motorcycle,pedestrian,motorcycle,pedestrian,motorcycle,pedestrian,motorcycle
2014,Pedestrian,Unknown,Pedestrian,NA,pedestrian,truck,pedestrian,car,pedestrian,car,pedestrian,car,pedestrian,car
2014,Motorcycle,Unknown,Motorcycle,NA,motorcycle,car,motorcycle,NOV,motorcycle,NOV,motorcycle,truck,motorcycle,truck
2014,Pedestrian,Car/pick-up/van,Pedestrian,Car/pick-up/van,pedestrian,car,pedestrian,car,pedestrian,car,pedestrian,car,pedestrian,car
2014,Pedestrian,Car/pick-up/van,Pedestrian,Car/pick-up/van,pedestrian,car,pedestrian,car,pedestrian,car,pedestrian,car,pedestrian,car
2014,Motorcycle,Trucks,Motorcycle,Trucks,motorcycle,truck,motorcycle,truck,motorcycle,truck,motorcycle,truck,motorcycle,truck
2014,Car,Car/pick-up/van,Car,Car/pick-up/van,car,car,car,car,car,car,car,car,car,car
2014,3Wheeled,Car/pick-up/van,3Wheeled,Car/pick-up/van,motorcycle,car,motorcycle,car,motorcycle,car,motorcycle,car,motorcycle,car
2014,Other,Unknown,Other,NA,other,car,other,car,other,car,other,bus,other,car
2013,Motorcycle,Car/pick-up/van,Motorcycle,Car/pick-up/van,motorcycle,car,motorcycle,car,motorcycle,car,motorcycle,car,motorcycle,car
2013,3Wheeled,Car/pick-up/van,3Wheeled,Car/pick-up/van,motorcycle,car,motorcycle,car,motorcycle,car,motorcycle,car,motorcycle,car
2013,3Wheeled,Unknown,3Wheeled,NA,motorcycle,motorcycle,motorcycle,car,motorcycle,truck,motorcycle,truck,motorcycle,car
2013,Pedestrian,Bus,Pedestrian,Bus,pedestrian,bus,pedestrian,bus,pedestrian,bus,pedestrian,bus,pedestrian,bus
2013,Motorcycle,Unknown,Motorcycle,NA,motorcycle,car,motorcycle,motorcycle,motorcycle,motorcycle,motorcycle,truck,motorcycle,NOV
2013,3Wheeled,Car/pick-up/van,3Wheeled,Car/pick-up/van,motorcycle,car,motorcycle,car,motorcycle,car,motorcycle,car,motorcycle,car
2013,Pedestrian,Car/pick-up/van,Pedestrian,Car/pick-up/van,pedestrian,car,pedestrian,car,pedestrian,car,pedestrian,car,pedestrian,car
2013,3Wheeled,Car/pick-up/van,3Wheeled,Car/pick-up/van,motorcycle,car,motorcycle,car,motorcycle,car,motorcycle,car,motorcycle,car
2014,Pedestrian,Unknown,Pedestrian,NA,pedestrian,truck,pedestrian,motorcycle,pedestrian,car,pedestrian,car,pedestrian,motorcycle
2014,Motorcycle,Unknown,Motorcycle,NA,motorcycle,NOV,motorcycle,car,motorcycle,NOV,motorcycle,bus,motorcycle,car
2014,Motorcycle,Car/pick-up/van,Motorcycle,Car/pick-up/van,motorcycle,car,motorcycle,car,motorcycle,car,motorcycle,car,motorcycle,car
2014,Motorcycle,Unknown,Motorcycle,NA,motorcycle,truck,motorcycle,car,motorcycle,car,motorcycle,truck,motorcycle,truck
2014,Motorcycle,Car/pick-up/van,Motorcycle,Car/pick-up/van,motorcycle,car,motorcycle,car,motorcycle,car,motorcycle,car,motorcycle,car
2014,Other,unspecified,Other,NA,other,bus,other,car,other,car,other,truck,other,truck
2014,Motorcycle,No other/fixed or stationary object,Motorcycle,No other/fixed or stationary object,motorcycle,NOV,motorcycle,NOV,motorcycle,NOV,motorcycle,NOV,motorcycle,NOV
2014,Pedestrian,Unknown,Pedestrian,NA,pedestrian,bus,pedestrian,car,pedestrian,bus,pedestrian,car,pedestrian,motorcycle
2014,Motorcycle,No other/fixed or stationary object,Motorcycle,No other/fixed or stationary object,motorcycle,NOV,motorcycle,NOV,motorcycle,NOV,motorcycle,NOV,motorcycle,NOV
2014,Motorcycle,Car/pick-up/van,Motorcycle,Car/pick-up/van,motorcycle,car,motorcycle,car,motorcycle,car,motorcycle,car,motorcycle,car
2013,Pedestrian,Unknown,Pedestrian,NA,pedestrian,car,pedestrian,truck,pedestrian,car,pedestrian,truck,pedestrian,truck
2013,Pedestrian,Unknown,Pedestrian,NA,pedestrian,motorcycle,pedestrian,car,pedestrian,truck,pedestrian,motorcycle,pedestrian,motorcycle
2013,Unknown,unspecified,NA,NA,motorcycle,car,motorcycle,truck,motorcycle,car,pedestrian,motorcycle,truck,NOV
2013,Pedestrian,Unknown,Pedestrian,NA,pedestrian,car,pedestrian,car,pedestrian,truck,pedestrian,motorcycle,pedestrian,bus
2013,Motorcycle,Unknown,Motorcycle,NA,motorcycle,bus,motorcycle,car,motorcycle,truck,motorcycle,NOV,motorcycle,NOV
2013,Pedestrian,Unknown,Pedestrian,NA,pedestrian,car,pedestrian,truck,pedestrian,motorcycle,pedestrian,car,pedestrian,car
2013,Pedestrian,Unknown,Pedestrian,NA,pedestrian,bus,pedestrian,car,pedestrian,car,pedestrian,car,pedestrian,truck
2013,Motorcycle,No other/fixed or stationary object,Motorcycle,No other/fixed or stationary object,motorcycle,NOV,motorcycle,NOV,motorcycle,NOV,motorcycle,NOV,motorcycle,NOV
2013,Motorcycle,Unknown,Motorcycle,NA,motorcycle,car,motorcycle,truck,motorcycle,truck,motorcycle,car,motorcycle,car
2013,3Wheeled,Car/pick-up/van,3Wheeled,Car/pick-up/van,motorcycle,car,motorcycle,car,motorcycle,car,motorcycle,car,motorcycle,car
2014,Motorcycle,Unknown,Motorcycle,NA,motorcycle,car,motorcycle,car,motorcycle,bus,motorcycle,car,motorcycle,NOV
2014,Pedestrian,Car/pick-up/van,Pedestrian,Car/pick-up/van,pedestrian,car,pedestrian,car,pedestrian,car,pedestrian,car,pedestrian,car
2014,Motorcycle,Bus,Motorcycle,Bus,motorcycle,bus,motorcycle,bus,motorcycle,bus,motorcycle,bus,motorcycle,bus
2014,Motorcycle,Unknown,Motorcycle,NA,motorcycle,car,motorcycle,car,motorcycle,bus,motorcycle,truck,motorcycle,car
2014,Car,Car/pick-up/van,Car,Car/pick-up/van,car,car,car,car,car,car,car,car,car,car
2014,Other,unspecified,Other,NA,other,bus,other,car,other,NOV,other,NOV,other,car
2014,Pedestrian,Car/pick-up/van,Pedestrian,Car/pick-up/van,pedestrian,car,pedestrian,car,pedestrian,car,pedestrian,car,pedestrian,car
2014,Motorcycle,Unknown,Motorcycle,NA,motorcycle,car,motorcycle,car,motorcycle,NOV,motorcycle,NOV,motorcycle,truck
2014,Pedestrian,Unknown,Pedestrian,NA,pedestrian,motorcycle,pedestrian,motorcycle,pedestrian,motorcycle,pedestrian,motorcycle,pedestrian,car
2014,Motorcycle,Car/pick-up/van,Motorcycle,Car/pick-up/van,motorcycle,car,motorcycle,car,motorcycle,car,motorcycle,car,motorcycle,car
2014,Motorcycle,Trucks,Motorcycle,Trucks,motorcycle,truck,motorcycle,truck,motorcycle,truck,motorcycle,truck,motorcycle,truck
2013,Other,Unknown,Other,NA,other,truck,other,truck,other,car,other,truck,other,car
2014,Pedestrian,Unknown,Pedestrian,NA,pedestrian,truck,pedestrian,car,pedestrian,motorcycle,pedestrian,car,pedestrian,car
2014,Motorcycle,Car/pick-up/van,Motorcycle,Car/pick-up/van,motorcycle,car,motorcycle,car,motorcycle,car,motorcycle,car,motorcycle,car
2014,Car,2/3 Wheeled,Car,2/3 Wheeled,car,motorcycle,car,motorcycle,car,motorcycle,car,motorcycle,car,motorcycle
2013,Pedestrian,Car/pick-up/van,Pedestrian,Car/pick-up/van,pedestrian,car,pedestrian,car,pedestrian,car,pedestrian,car,pedestrian,car
2013,Pedestrian,Unknown,Pedestrian,NA,pedestrian,car,pedestrian,motorcycle,pedestrian,car,pedestrian,motorcycle,pedestrian,motorcycle
2014,Pedal Cycle,2/3 Wheeled,Pedal Cycle,2/3 Wheeled,cycle,motorcycle,cycle,motorcycle,cycle,motorcycle,cycle,motorcycle,cycle,motorcycle
2014,Pedestrian,Unknown,Pedestrian,NA,pedestrian,car,pedestrian,NOV,pedestrian,car,pedestrian,car,pedestrian,bus
2013,Pedestrian,Bus,Pedestrian,Bus,pedestrian,bus,pedestrian,bus,pedestrian,bus,pedestrian,bus,pedestrian,bus
2013,Pedestrian,Car/pick-up/van,Pedestrian,Car/pick-up/van,pedestrian,car,pedestrian,car,pedestrian,car,pedestrian,car,pedestrian,car
2013,Pedestrian,Unknown,Pedestrian,NA,pedestrian,motorcycle,pedestrian,motorcycle,pedestrian,car,pedestrian,motorcycle,pedestrian,car
2013,Motorcycle,Car/pick-up/van,Motorcycle,Car/pick-up/van,motorcycle,car,motorcycle,car,motorcycle,car,motorcycle,car,motorcycle,car
2013,Motorcycle,Unknown,Motorcycle,NA,motorcycle,NOV,motorcycle,car,motorcycle,car,motorcycle,NOV,motorcycle,NOV
2013,Other,Unknown,Other,NA,other,NOV,other,NOV,other,car,other,car,other,car
2013,Motorcycle,Bus,Motorcycle,Bus,motorcycle,bus,motorcycle,bus,motorcycle,bus,motorcycle,bus,motorcycle,bus
2014,Pedal Cycle,Car/pick-up/van,Pedal Cycle,Car/pick-up/van,cycle,car,cycle,car,cycle,car,cycle,car,cycle,car
2014,Pedestrian,Car/pick-up/van,Pedestrian,Car/pick-up/van,pedestrian,car,pedestrian,car,pedestrian,car,pedestrian,car,pedestrian,car
2014,Motorcycle,2/3 Wheeled,Motorcycle,2/3 Wheeled,motorcycle,motorcycle,motorcycle,motorcycle,motorcycle,motorcycle,motorcycle,motorcycle,motorcycle,motorcycle
2013,Pedestrian,2/3 Wheeled,Pedestrian,2/3 Wheeled,pedestrian,motorcycle,pedestrian,motorcycle,pedestrian,motorcycle,pedestrian,motorcycle,pedestrian,motorcycle
2013,Pedestrian,Car/pick-up/van,Pedestrian,Car/pick-up/van,pedestrian,car,pedestrian,car,pedestrian,car,pedestrian,car,pedestrian,car
2013,Pedestrian,Unknown,Pedestrian,NA,pedestrian,motorcycle,pedestrian,car,pedestrian,bus,pedestrian,motorcycle,pedestrian,motorcycle
2014,Motorcycle,Car/pick-up/van,Motorcycle,Car/pick-up/van,motorcycle,car,motorcycle,car,motorcycle,car,motorcycle,car,motorcycle,car
2014,3Wheeled,Bus,3Wheeled,Bus,motorcycle,bus,motorcycle,bus,motorcycle,bus,motorcycle,bus,motorcycle,bus
2014,Other,unspecified,Other,NA,other,NOV,other,bus,other,car,other,NOV,other,truck
2014,Motorcycle,Bus,Motorcycle,Bus,motorcycle,bus,motorcycle,bus,motorcycle,bus,motorcycle,bus,motorcycle,bus
2014,Pedestrian,2/3 Wheeled,Pedestrian,2/3 Wheeled,pedestrian,motorcycle,pedestrian,motorcycle,pedestrian,motorcycle,pedestrian,motorcycle,pedestrian,motorcycle
2013,Pedestrian,Unknown,Pedestrian,NA,pedestrian,motorcycle,pedestrian,car,pedestrian,bus,pedestrian,car,pedestrian,motorcycle
2013,Car,No other/fixed or stationary object,Car,No other/fixed or stationary object,car,NOV,car,NOV,car,NOV,car,NOV,car,NOV
2013,Motorcycle,Unknown,Motorcycle,NA,motorcycle,NOV,motorcycle,car,motorcycle,NOV,motorcycle,car,motorcycle,car
2013,Pedestrian,Trucks,Pedestrian,Trucks,pedestrian,truck,pedestrian,truck,pedestrian,truck,pedestrian,truck,pedestrian,truck
2013,Motorcycle,Car/pick-up/van,Motorcycle,Car/pick-up/van,motorcycle,car,motorcycle,car,motorcycle,car,motorcycle,car,motorcycle,car
2013,Heavy transport,Trucks,Heavy transport,Trucks,truck,truck,truck,truck,truck,truck,truck,truck,truck,truck
2013,Motorcycle,No other/fixed or stationary object,Motorcycle,No other/fixed or stationary object,motorcycle,NOV,motorcycle,NOV,motorcycle,NOV,motorcycle,NOV,motorcycle,NOV
2013,Pick-up truck/van,No other/fixed or stationary object,Pick-up truck/van,No other/fixed or stationary object,car,NOV,car,NOV,car,NOV,car,NOV,car,NOV
2013,Motorcycle,Bus,Motorcycle,Bus,motorcycle,bus,motorcycle,bus,motorcycle,bus,motorcycle,bus,motorcycle,bus
2013,Pedestrian,Trucks,Pedestrian,Trucks,pedestrian,truck,pedestrian,truck,pedestrian,truck,pedestrian,truck,pedestrian,truck
2013,Pedestrian,Unknown,Pedestrian,NA,pedestrian,motorcycle,pedestrian,car,pedestrian,car,pedestrian,motorcycle,pedestrian,car
2013,Heavy transport,Unknown,Heavy transport,NA,truck,NOV,truck,truck,truck,truck,truck,NOV,truck,truck
2013,Pedestrian,Unknown,Pedestrian,NA,pedestrian,motorcycle,pedestrian,truck,pedestrian,car,pedestrian,car,pedestrian,truck
2013,Car,Unknown,Car,NA,car,NOV,car,NOV,car,car,car,car,car,truck
2013,Motorcycle,Trucks,Motorcycle,Trucks,motorcycle,truck,motorcycle,truck,motorcycle,truck,motorcycle,truck,motorcycle,truck
2013,Motorcycle,Bus,Motorcycle,Bus,motorcycle,bus,motorcycle,bus,motorcycle,bus,motorcycle,bus,motorcycle,bus
2013,Other,unspecified,Other,NA,other,car,other,car,other,truck,other,truck,other,car
2013,Pedestrian,Unknown,Pedestrian,NA,pedestrian,car,pedestrian,car,pedestrian,car,pedestrian,bus,pedestrian,car
2013,Motorcycle,Trucks,Motorcycle,Trucks,motorcycle,truck,motorcycle,truck,motorcycle,truck,motorcycle,truck,motorcycle,truck
2013,Pedestrian,Car/pick-up/van,Pedestrian,Car/pick-up/van,pedestrian,car,pedestrian,car,pedestrian,car,pedestrian,car,pedestrian,car
2014,Pedestrian,unspecified,Pedestrian,NA,pedestrian,motorcycle,pedestrian,bus,pedestrian,bus,pedestrian,car,pedestrian,bus
2014,Pedestrian,Unknown,Pedestrian,NA,pedestrian,truck,pedestrian,truck,pedestrian,car,pedestrian,motorcycle,pedestrian,truck
2014,Motorcycle,Unknown,Motorcycle,NA,motorcycle,car,motorcycle,car,motorcycle,truck,motorcycle,car,motorcycle,NOV
2014,Pedal Cycle,Trucks,Pedal Cycle,Trucks,cycle,truck,cycle,truck,cycle,truck,cycle,truck,cycle,truck
2014,Motorcycle,Bus,Motorcycle,Bus,motorcycle,bus,motorcycle,bus,motorcycle,bus,motorcycle,bus,motorcycle,bus
2014,Motorcycle,Car/pick-up/van,Motorcycle,Car/pick-up/van,motorcycle,car,motorcycle,car,motorcycle,car,motorcycle,car,motorcycle,car
2014,Motorcycle,Unknown,Motorcycle,NA,motorcycle,NOV,motorcycle,car,motorcycle,truck,motorcycle,bus,motorcycle,car
2014,Car,No other/fixed or stationary object,Car,No other/fixed or stationary object,car,NOV,car,NOV,car,NOV,car,NOV,car,NOV
2014,Motorcycle,Unknown,Motorcycle,NA,motorcycle,NOV,motorcycle,NOV,motorcycle,car,motorcycle,car,motorcycle,car
2014,Pedestrian,Trucks,Pedestrian,Trucks,pedestrian,truck,pedestrian,truck,pedestrian,truck,pedestrian,truck,pedestrian,truck
2014,Motorcycle,2/3 Wheeled,Motorcycle,2/3 Wheeled,motorcycle,motorcycle,motorcycle,motorcycle,motorcycle,motorcycle,motorcycle,motorcycle,motorcycle,motorcycle
2014,Motorcycle,Car/pick-up/van,Motorcycle,Car/pick-up/van,motorcycle,car,motorcycle,car,motorcycle,car,motorcycle,car,motorcycle,car
2014,Motorcycle,Unknown,Motorcycle,NA,motorcycle,car,motorcycle,bus,motorcycle,car,motorcycle,truck,motorcycle,truck
2014,Motorcycle,Unknown,Motorcycle,NA,motorcycle,truck,motorcycle,car,motorcycle,car,motorcycle,motorcycle,motorcycle,car
2013,Pedestrian,Unknown,Pedestrian,NA,pedestrian,car,pedestrian,car,pedestrian,car,pedestrian,car,pedestrian,motorcycle
2013,Motorcycle,Bus,Motorcycle,Bus,motorcycle,bus,motorcycle,bus,motorcycle,bus,motorcycle,bus,motorcycle,bus
2013,Pedestrian,Car/pick-up/van,Pedestrian,Car/pick-up/van,pedestrian,car,pedestrian,car,pedestrian,car,pedestrian,car,pedestrian,car
2013,Motorcycle,Unknown,Motorcycle,NA,motorcycle,car,motorcycle,truck,motorcycle,truck,motorcycle,bus,motorcycle,motorcycle
2013,Pedestrian,Car/pick-up/van,Pedestrian,Car/pick-up/van,pedestrian,car,pedestrian,car,pedestrian,car,pedestrian,car,pedestrian,car
2013,Pedestrian,Unknown,Pedestrian,NA,pedestrian,bus,pedestrian,truck,pedestrian,car,pedestrian,car,pedestrian,motorcycle
2013,Pedestrian,Car/pick-up/van,Pedestrian,Car/pick-up/van,pedestrian,car,pedestrian,car,pedestrian,car,pedestrian,car,pedestrian,car
2013,Pedestrian,Car/pick-up/van,Pedestrian,Car/pick-up/van,pedestrian,car,pedestrian,car,pedestrian,car,pedestrian,car,pedestrian,car
2013,Other,unspecified,Other,NA,other,motorcycle,other,car,other,car,other,car,other,NOV
2013,Motorcycle,Unknown,Motorcycle,NA,motorcycle,truck,motorcycle,NOV,motorcycle,NOV,motorcycle,truck,motorcycle,truck
2013,Pedal Cycle,Bus,Pedal Cycle,Bus,cycle,bus,cycle,bus,cycle,bus,cycle,bus,cycle,bus
2013,Motorcycle,Car/pick-up/van,Motorcycle,Car/pick-up/van,motorcycle,car,motorcycle,car,motorcycle,car,motorcycle,car,motorcycle,car
2013,Heavy transport,Unknown,Heavy transport,NA,truck,truck,truck,NOV,truck,truck,truck,NOV,truck,car
2013,Pedestrian,Trucks,Pedestrian,Trucks,pedestrian,truck,pedestrian,truck,pedestrian,truck,pedestrian,truck,pedestrian,truck
2013,Heavy transport,Trucks,Heavy transport,Trucks,truck,truck,truck,truck,truck,truck,truck,truck,truck,truck
2013,Pedestrian,Unknown,Pedestrian,NA,pedestrian,motorcycle,pedestrian,motorcycle,pedestrian,motorcycle,pedestrian,car,pedestrian,car
2013,Pedestrian,Bus,Pedestrian,Bus,pedestrian,bus,pedestrian,bus,pedestrian,bus,pedestrian,bus,pedestrian,bus
2013,Motorcycle,Unknown,Motorcycle,NA,motorcycle,truck,motorcycle,NOV,motorcycle,car,motorcycle,car,motorcycle,car
2013,Motorcycle,Unknown,Motorcycle,NA,motorcycle,motorcycle,motorcycle,car,motorcycle,bus,motorcycle,truck,motorcycle,motorcycle
2013,Heavy transport,Trucks,Heavy transport,Trucks,truck,truck,truck,truck,truck,truck,truck,truck,truck,truck
2013,Motorcycle,Trucks,Motorcycle,Trucks,motorcycle,truck,motorcycle,truck,motorcycle,truck,motorcycle,truck,motorcycle,truck
2013,Pedestrian,Trucks,Pedestrian,Trucks,pedestrian,truck,pedestrian,truck,pedestrian,truck,pedestrian,truck,pedestrian,truck
2013,Pedestrian,2/3 Wheeled,Pedestrian,2/3 Wheeled,pedestrian,motorcycle,pedestrian,motorcycle,pedestrian,motorcycle,pedestrian,motorcycle,pedestrian,motorcycle
2013,Motorcycle,Unknown,Motorcycle,NA,motorcycle,truck,motorcycle,truck,motorcycle,NOV,motorcycle,car,motorcycle,bus
2013,Pedestrian,Car/pick-up/van,Pedestrian,Car/pick-up/van,pedestrian,car,pedestrian,car,pedestrian,car,pedestrian,car,pedestrian,car
2013,Motorcycle,Unknown,Motorcycle,NA,motorcycle,truck,motorcycle,truck,motorcycle,NOV,motorcycle,truck,motorcycle,truck
2013,Motorcycle,Unknown,Motorcycle,NA,motorcycle,bus,motorcycle,car,motorcycle,truck,motorcycle,car,motorcycle,car
2013,Pedestrian,2/3 Wheeled,Pedestrian,2/3 Wheeled,pedestrian,motorcycle,pedestrian,motorcycle,pedestrian,motorcycle,pedestrian,motorcycle,pedestrian,motorcycle
2013,Pedestrian,Unknown,Pedestrian,NA,pedestrian,bus,pedestrian,car,pedestrian,car,pedestrian,motorcycle,pedestrian,car
2013,3Wheeled,Unknown,3Wheeled,NA,motorcycle,car,motorcycle,car,motorcycle,bus,motorcycle,truck,motorcycle,truck
2013,Motorcycle,Trucks,Motorcycle,Trucks,motorcycle,truck,motorcycle,truck,motorcycle,truck,motorcycle,truck,motorcycle,truck
2013,Pedestrian,Car/pick-up/van,Pedestrian,Car/pick-up/van,pedestrian,car,pedestrian,car,pedestrian,car,pedestrian,car,pedestrian,car
2013,Motorcycle,Trucks,Motorcycle,Trucks,motorcycle,truck,motorcycle,truck,motorcycle,truck,motorcycle,truck,motorcycle,truck
2013,Motorcycle,Car/pick-up/van,Motorcycle,Car/pick-up/van,motorcycle,car,motorcycle,car,motorcycle,car,motorcycle,car,motorcycle,car
2013,Motorcycle,Trucks,Motorcycle,Trucks,motorcycle,truck,motorcycle,truck,motorcycle,truck,motorcycle,truck,motorcycle,truck
2013,Pedestrian,Unknown,Pedestrian,NA,pedestrian,car,pedestrian,car,pedestrian,car,pedestrian,car,pedestrian,car
2014,Pedestrian,Unknown,Pedestrian,NA,pedestrian,car,pedestrian,car,pedestrian,motorcycle,pedestrian,motorcycle,pedestrian,bus
2014,Pedestrian,Unknown,Pedestrian,NA,pedestrian,car,pedestrian,car,pedestrian,truck,pedestrian,car,pedestrian,motorcycle
2014,Pedestrian,Unknown,Pedestrian,NA,pedestrian,car,pedestrian,car,pedestrian,truck,pedestrian,car,pedestrian,car
2014,Pedestrian,Unknown,Pedestrian,NA,pedestrian,motorcycle,pedestrian,motorcycle,pedestrian,car,pedestrian,car,pedestrian,truck
2014,Motorcycle,Bus,Motorcycle,Bus,motorcycle,bus,motorcycle,bus,motorcycle,bus,motorcycle,bus,motorcycle,bus
2014,Pedestrian,Car/pick-up/van,Pedestrian,Car/pick-up/van,pedestrian,car,pedestrian,car,pedestrian,car,pedestrian,car,pedestrian,car
2014,Pedestrian,2/3 Wheeled,Pedestrian,2/3 Wheeled,pedestrian,motorcycle,pedestrian,motorcycle,pedestrian,motorcycle,pedestrian,motorcycle,pedestrian,motorcycle
2014,Pedestrian,Unknown,Pedestrian,NA,pedestrian,car,pedestrian,car,pedestrian,truck,pedestrian,car,pedestrian,bus
2014,Pedestrian,Unknown,Pedestrian,NA,pedestrian,bus,pedestrian,car,pedestrian,car,pedestrian,truck,pedestrian,truck
2014,Pedestrian,Unknown,Pedestrian,NA,pedestrian,bus,pedestrian,motorcycle,pedestrian,car,pedestrian,truck,pedestrian,car
2014,Pedestrian,Unknown,Pedestrian,NA,pedestrian,truck,pedestrian,car,pedestrian,bus,pedestrian,car,pedestrian,car
2014,Pedestrian,Unknown,Pedestrian,NA,pedestrian,car,pedestrian,car,pedestrian,truck,pedestrian,car,pedestrian,car
2014,Motorcycle,2/3 Wheeled,Motorcycle,2/3 Wheeled,motorcycle,motorcycle,motorcycle,motorcycle,motorcycle,motorcycle,motorcycle,motorcycle,motorcycle,motorcycle
2014,Pedestrian,Unknown,Pedestrian,NA,pedestrian,car,pedestrian,car,pedestrian,truck,pedestrian,car,pedestrian,car
2014,Pedestrian,Unknown,Pedestrian,NA,pedestrian,motorcycle,pedestrian,bus,pedestrian,truck,pedestrian,car,pedestrian,car
2014,Unknown,unspecified,NA,NA,truck,truck,motorcycle,car,motorcycle,truck,pedestrian,truck,motorcycle,truck
2014,Motorcycle,Trucks,Motorcycle,Trucks,motorcycle,truck,motorcycle,truck,motorcycle,truck,motorcycle,truck,motorcycle,truck
2014,Motorcycle,Bus,Motorcycle,Bus,motorcycle,bus,motorcycle,bus,motorcycle,bus,motorcycle,bus,motorcycle,bus
2014,Heavy transport,Unknown,Heavy transport,NA,truck,NOV,truck,truck,truck,NOV,truck,truck,truck,NOV
2013,Motorcycle,Unknown,Motorcycle,NA,motorcycle,truck,motorcycle,truck,motorcycle,truck,motorcycle,car,motorcycle,bus
2013,Motorcycle,Unknown,Motorcycle,NA,motorcycle,motorcycle,motorcycle,truck,motorcycle,NOV,motorcycle,car,motorcycle,NOV
2013,Car,No other/fixed or stationary object,Car,No other/fixed or stationary object,car,NOV,car,NOV,car,NOV,car,NOV,car,NOV
2013,Heavy transport,No other/fixed or stationary object,Heavy transport,No other/fixed or stationary object,truck,NOV,truck,NOV,truck,NOV,truck,NOV,truck,NOV
2013,3Wheeled,Bus,3Wheeled,Bus,motorcycle,bus,motorcycle,bus,motorcycle,bus,motorcycle,bus,motorcycle,bus
2013,Pedestrian,Unknown,Pedestrian,NA,pedestrian,car,pedestrian,truck,pedestrian,truck,pedestrian,car,pedestrian,car
2013,Pedestrian,Car/pick-up/van,Pedestrian,Car/pick-up/van,pedestrian,car,pedestrian,car,pedestrian,car,pedestrian,car,pedestrian,car
2013,Pedestrian,Unknown,Pedestrian,NA,pedestrian,truck,pedestrian,motorcycle,pedestrian,bus,pedestrian,car,pedestrian,car
2013,3Wheeled,Car/pick-up/van,3Wheeled,Car/pick-up/van,motorcycle,car,motorcycle,car,motorcycle,car,motorcycle,car,motorcycle,car
2014,Motorcycle,Car/pick-up/van,Motorcycle,Car/pick-up/van,motorcycle,car,motorcycle,car,motorcycle,car,motorcycle,car,motorcycle,car
2014,Pedestrian,Unknown,Pedestrian,NA,pedestrian,car,pedestrian,car,pedestrian,motorcycle,pedestrian,bus,pedestrian,motorcycle
2014,Motorcycle,unspecified,Motorcycle,NA,motorcycle,truck,motorcycle,bus,motorcycle,truck,motorcycle,car,motorcycle,truck
2014,Car,No other/fixed or stationary object,Car,No other/fixed or stationary object,car,NOV,car,NOV,car,NOV,car,NOV,car,NOV
2014,Pedestrian,Car/pick-up/van,Pedestrian,Car/pick-up/van,pedestrian,car,pedestrian,car,pedestrian,car,pedestrian,car,pedestrian,car
2014,Car,No other/fixed or stationary object,Car,No other/fixed or stationary object,car,NOV,car,NOV,car,NOV,car,NOV,car,NOV
2014,Pedestrian,Bus,Pedestrian,Bus,pedestrian,bus,pedestrian,bus,pedestrian,bus,pedestrian,bus,pedestrian,bus
2013,Pedestrian,Car/pick-up/van,Pedestrian,Car/pick-up/van,pedestrian,car,pedestrian,car,pedestrian,car,pedestrian,car,pedestrian,car
2013,Pedestrian,Unknown,Pedestrian,NA,pedestrian,motorcycle,pedestrian,bus,pedestrian,car,pedestrian,bus,pedestrian,car
2014,Pedestrian,Unknown,Pedestrian,NA,pedestrian,car,pedestrian,car,pedestrian,motorcycle,pedestrian,car,pedestrian,car
2014,Pedestrian,Car/pick-up/van,Pedestrian,Car/pick-up/van,pedestrian,car,pedestrian,car,pedestrian,car,pedestrian,car,pedestrian,car
2014,Pedestrian,Unknown,Pedestrian,NA,pedestrian,bus,pedestrian,bus,pedestrian,truck,pedestrian,motorcycle,pedestrian,car
2014,Motorcycle,No other/fixed or stationary object,Motorcycle,No other/fixed or stationary object,motorcycle,NOV,motorcycle,NOV,motorcycle,NOV,motorcycle,NOV,motorcycle,NOV
2013,Pedestrian,Unknown,Pedestrian,NA,pedestrian,car,pedestrian,car,pedestrian,bus,pedestrian,car,pedestrian,bus
2013,Pedestrian,Bus,Pedestrian,Bus,pedestrian,bus,pedestrian,bus,pedestrian,bus,pedestrian,bus,pedestrian,bus
2013,Car,unspecified,Car,NA,car,bus,car,bus,car,car,car,car,car,NOV
2013,Car,Unknown,Car,NA,car,car,car,car,car,bus,car,NOV,car,bus
2013,Motorcycle,Bus,Motorcycle,Bus,motorcycle,bus,motorcycle,bus,motorcycle,bus,motorcycle,bus,motorcycle,bus
2013,Pedestrian,Car/pick-up/van,Pedestrian,Car/pick-up/van,pedestrian,car,pedestrian,car,pedestrian,car,pedestrian,car,pedestrian,car
2013,Motorcycle,Unknown,Motorcycle,NA,motorcycle,car,motorcycle,car,motorcycle,car,motorcycle,car,motorcycle,truck
2013,Pedestrian,Car/pick-up/van,Pedestrian,Car/pick-up/van,pedestrian,car,pedestrian,car,pedestrian,car,pedestrian,car,pedestrian,car
2013,Pedestrian,Unknown,Pedestrian,NA,pedestrian,truck,pedestrian,car,pedestrian,truck,pedestrian,bus,pedestrian,car
2013,Pedestrian,Unknown,Pedestrian,NA,pedestrian,car,pedestrian,truck,pedestrian,motorcycle,pedestrian,car,pedestrian,car
2013,Motorcycle,Car/pick-up/van,Motorcycle,Car/pick-up/van,motorcycle,car,motorcycle,car,motorcycle,car,motorcycle,car,motorcycle,car
2013,Motorcycle,Unknown,Motorcycle,NA,motorcycle,car,motorcycle,truck,motorcycle,motorcycle,motorcycle,truck,motorcycle,car
2013,Other,unspecified,Other,NA,other,car,other,NOV,other,car,other,NOV,other,NOV
2013,Motorcycle,Unknown,Motorcycle,NA,motorcycle,truck,motorcycle,NOV,motorcycle,NOV,motorcycle,truck,motorcycle,NOV
2013,Pedestrian,2/3 Wheeled,Pedestrian,2/3 Wheeled,pedestrian,motorcycle,pedestrian,motorcycle,pedestrian,motorcycle,pedestrian,motorcycle,pedestrian,motorcycle
2013,Pedestrian,Bus,Pedestrian,Bus,pedestrian,bus,pedestrian,bus,pedestrian,bus,pedestrian,bus,pedestrian,bus
2013,Pedestrian,Unknown,Pedestrian,NA,pedestrian,bus,pedestrian,truck,pedestrian,car,pedestrian,car,pedestrian,truck
2013,Pedestrian,Unknown,Pedestrian,NA,pedestrian,bus,pedestrian,car,pedestrian,car,pedestrian,car,pedestrian,motorcycle
2013,3Wheeled,Car/pick-up/van,3Wheeled,Car/pick-up/van,motorcycle,car,motorcycle,car,motorcycle,car,motorcycle,car,motorcycle,car
2013,Motorcycle,Car/pick-up/van,Motorcycle,Car/pick-up/van,motorcycle,car,motorcycle,car,motorcycle,car,motorcycle,car,motorcycle,car
2013,Heavy transport,Trucks,Heavy transport,Trucks,truck,truck,truck,truck,truck,truck,truck,truck,truck,truck
2014,Motorcycle,Car/pick-up/van,Motorcycle,Car/pick-up/van,motorcycle,car,motorcycle,car,motorcycle,car,motorcycle,car,motorcycle,car
2014,Pedestrian,Unknown,Pedestrian,NA,pedestrian,motorcycle,pedestrian,car,pedestrian,bus,pedestrian,car,pedestrian,car
2014,Motorcycle,Unknown,Motorcycle,NA,motorcycle,truck,motorcycle,truck,motorcycle,NOV,motorcycle,NOV,motorcycle,bus
2014,Motorcycle,Unknown,Motorcycle,NA,motorcycle,NOV,motorcycle,car,motorcycle,truck,motorcycle,motorcycle,motorcycle,NOV
2014,Pedestrian,Unknown,Pedestrian,NA,pedestrian,motorcycle,pedestrian,motorcycle,pedestrian,bus,pedestrian,car,pedestrian,bus
2014,Pedestrian,Unknown,Pedestrian,NA,pedestrian,car,pedestrian,truck,pedestrian,car,pedestrian,motorcycle,pedestrian,motorcycle
2014,Motorcycle,2/3 Wheeled,Motorcycle,2/3 Wheeled,motorcycle,motorcycle,motorcycle,motorcycle,motorcycle,motorcycle,motorcycle,motorcycle,motorcycle,motorcycle
2014,Unknown,unspecified,NA,NA,motorcycle,car,cycle,car,motorcycle,truck,pedestrian,truck,truck,NOV
2014,Pedestrian,Car/pick-up/van,Pedestrian,Car/pick-up/van,pedestrian,car,pedestrian,car,pedestrian,car,pedestrian,car,pedestrian,car
2014,Pedestrian,Car/pick-up/van,Pedestrian,Car/pick-up/van,pedestrian,car,pedestrian,car,pedestrian,car,pedestrian,car,pedestrian,car
2014,Motorcycle,Unknown,Motorcycle,NA,motorcycle,bus,motorcycle,car,motorcycle,bus,motorcycle,NOV,motorcycle,car
2014,Pedestrian,Unknown,Pedestrian,NA,pedestrian,car,pedestrian,bus,pedestrian,car,pedestrian,truck,pedestrian,truck
2014,Pedestrian,Unknown,Pedestrian,NA,pedestrian,car,pedestrian,car,pedestrian,truck,pedestrian,motorcycle,pedestrian,truck
2014,Pedestrian,Unknown,Pedestrian,NA,pedestrian,car,pedestrian,car,pedestrian,car,pedestrian,car,pedestrian,car
2014,Car,unspecified,Car,NA,car,truck,car,NOV,car,NOV,car,truck,car,car
2014,Pedestrian,2/3 Wheeled,Pedestrian,2/3 Wheeled,pedestrian,motorcycle,pedestrian,motorcycle,pedestrian,motorcycle,pedestrian,motorcycle,pedestrian,motorcycle
2014,Pedestrian,Car/pick-up/van,Pedestrian,Car/pick-up/van,pedestrian,car,pedestrian,car,pedestrian,car,pedestrian,car,pedestrian,car
2013,Motorcycle,Trucks,Motorcycle,Trucks,motorcycle,truck,motorcycle,truck,motorcycle,truck,motorcycle,truck,motorcycle,truck
2013,Pedestrian,Car/pick-up/van,Pedestrian,Car/pick-up/van,pedestrian,car,pedestrian,car,pedestrian,car,pedestrian,car,pedestrian,car
2013,Pedestrian,Car/pick-up/van,Pedestrian,Car/pick-up/van,pedestrian,car,pedestrian,car,pedestrian,car,pedestrian,car,pedestrian,car
2013,Motorcycle,No other/fixed or stationary object,Motorcycle,No other/fixed or stationary object,motorcycle,NOV,motorcycle,NOV,motorcycle,NOV,motorcycle,NOV,motorcycle,NOV
2013,Pedestrian,Unknown,Pedestrian,NA,pedestrian,motorcycle,pedestrian,motorcycle,pedestrian,car,pedestrian,car,pedestrian,bus
2013,Pedal Cycle,Trucks,Pedal Cycle,Trucks,cycle,truck,cycle,truck,cycle,truck,cycle,truck,cycle,truck
2014,Motorcycle,Unknown,Motorcycle,NA,motorcycle,bus,motorcycle,car,motorcycle,truck,motorcycle,car,motorcycle,car
2014,Pedestrian,Unknown,Pedestrian,NA,pedestrian,motorcycle,pedestrian,motorcycle,pedestrian,car,pedestrian,car,pedestrian,car
2014,Motorcycle,Unknown,Motorcycle,NA,motorcycle,car,motorcycle,truck,motorcycle,truck,motorcycle,truck,motorcycle,car
2014,Pedestrian,Car/pick-up/van,Pedestrian,Car/pick-up/van,pedestrian,car,pedestrian,car,pedestrian,car,pedestrian,car,pedestrian,car
2014,Pedestrian,Car/pick-up/van,Pedestrian,Car/pick-up/van,pedestrian,car,pedestrian,car,pedestrian,car,pedestrian,car,pedestrian,car
2013,Motorcycle,Bus,Motorcycle,Bus,motorcycle,bus,motorcycle,bus,motorcycle,bus,motorcycle,bus,motorcycle,bus
2013,Motorcycle,Unknown,Motorcycle,NA,motorcycle,car,motorcycle,bus,motorcycle,car,motorcycle,car,motorcycle,car
2013,Motorcycle,Trucks,Motorcycle,Trucks,motorcycle,truck,motorcycle,truck,motorcycle,truck,motorcycle,truck,motorcycle,truck
2013,Pedestrian,Trucks,Pedestrian,Trucks,pedestrian,truck,pedestrian,truck,pedestrian,truck,pedestrian,truck,pedestrian,truck
2013,Pedestrian,Unknown,Pedestrian,NA,pedestrian,NOV,pedestrian,truck,pedestrian,motorcycle,pedestrian,bus,pedestrian,car
2013,Motorcycle,Car/pick-up/van,Motorcycle,Car/pick-up/van,motorcycle,car,motorcycle,car,motorcycle,car,motorcycle,car,motorcycle,car
2013,Motorcycle,Unknown,Motorcycle,NA,motorcycle,bus,motorcycle,truck,motorcycle,motorcycle,motorcycle,car,motorcycle,truck
2013,Pedestrian,Car/pick-up/van,Pedestrian,Car/pick-up/van,pedestrian,car,pedestrian,car,pedestrian,car,pedestrian,car,pedestrian,car
2013,Motorcycle,Unknown,Motorcycle,NA,motorcycle,bus,motorcycle,bus,motorcycle,bus,motorcycle,motorcycle,motorcycle,motorcycle
2013,Pedal Cycle,Car/pick-up/van,Pedal Cycle,Car/pick-up/van,cycle,car,cycle,car,cycle,car,cycle,car,cycle,car
2014,Pedestrian,Trucks,Pedestrian,Trucks,pedestrian,truck,pedestrian,truck,pedestrian,truck,pedestrian,truck,pedestrian,truck
2014,Pedestrian,Trucks,Pedestrian,Trucks,pedestrian,truck,pedestrian,truck,pedestrian,truck,pedestrian,truck,pedestrian,truck
2014,Car,No other/fixed or stationary object,Car,No other/fixed or stationary object,car,NOV,car,NOV,car,NOV,car,NOV,car,NOV
2014,Pedestrian,Unknown,Pedestrian,NA,pedestrian,car,pedestrian,motorcycle,pedestrian,truck,pedestrian,motorcycle,pedestrian,car
2014,Pedestrian,Unknown,Pedestrian,NA,pedestrian,car,pedestrian,truck,pedestrian,bus,pedestrian,car,pedestrian,truck
2014,Motorcycle,Unknown,Motorcycle,NA,motorcycle,car,motorcycle,truck,motorcycle,bus,motorcycle,truck,motorcycle,car
2014,Motorcycle,Bus,Motorcycle,Bus,motorcycle,bus,motorcycle,bus,motorcycle,bus,motorcycle,bus,motorcycle,bus
2013,Motorcycle,Bus,Motorcycle,Bus,motorcycle,bus,motorcycle,bus,motorcycle,bus,motorcycle,bus,motorcycle,bus
2013,Motorcycle,Unknown,Motorcycle,NA,motorcycle,truck,motorcycle,truck,motorcycle,truck,motorcycle,truck,motorcycle,car
2013,Pedestrian,Car/pick-up/van,Pedestrian,Car/pick-up/van,pedestrian,car,pedestrian,car,pedestrian,car,pedestrian,car,pedestrian,car
2013,Pedestrian,Trucks,Pedestrian,Trucks,pedestrian,truck,pedestrian,truck,pedestrian,truck,pedestrian,truck,pedestrian,truck
2013,Motorcycle,Car/pick-up/van,Motorcycle,Car/pick-up/van,motorcycle,car,motorcycle,car,motorcycle,car,motorcycle,car,motorcycle,car
2013,Motorcycle,No other/fixed or stationary object,Motorcycle,No other/fixed or stationary object,motorcycle,NOV,motorcycle,NOV,motorcycle,NOV,motorcycle,NOV,motorcycle,NOV
2013,Pedestrian,Unknown,Pedestrian,NA,pedestrian,car,pedestrian,motorcycle,pedestrian,car,pedestrian,truck,pedestrian,truck
2013,Motorcycle,Car/pick-up/van,Motorcycle,Car/pick-up/van,motorcycle,car,motorcycle,car,motorcycle,car,motorcycle,car,motorcycle,car
2013,Pedestrian,Car/pick-up/van,Pedestrian,Car/pick-up/van,pedestrian,car,pedestrian,car,pedestrian,car,pedestrian,car,pedestrian,car
2014,Motorcycle,Unknown,Motorcycle,NA,motorcycle,car,motorcycle,truck,motorcycle,truck,motorcycle,car,motorcycle,NOV
2014,Pedestrian,Car/pick-up/van,Pedestrian,Car/pick-up/van,pedestrian,car,pedestrian,car,pedestrian,car,pedestrian,car,pedestrian,car
2014,Pedestrian,Unknown,Pedestrian,NA,pedestrian,truck,pedestrian,truck,pedestrian,bus,pedestrian,truck,pedestrian,car
2014,Motorcycle,Car/pick-up/van,Motorcycle,Car/pick-up/van,motorcycle,car,motorcycle,car,motorcycle,car,motorcycle,car,motorcycle,car
2014,Pedestrian,Unknown,Pedestrian,NA,pedestrian,car,pedestrian,bus,pedestrian,motorcycle,pedestrian,car,pedestrian,car
2014,Pedestrian,Unknown,Pedestrian,NA,pedestrian,car,pedestrian,car,pedestrian,truck,pedestrian,motorcycle,pedestrian,motorcycle
2014,Pedestrian,Unknown,Pedestrian,NA,pedestrian,car,pedestrian,car,pedestrian,truck,pedestrian,car,pedestrian,car
2014,Motorcycle,Unknown,Motorcycle,NA,motorcycle,car,motorcycle,truck,motorcycle,car,motorcycle,NOV,motorcycle,car
2014,Bus,2/3 Wheeled,Bus,2/3 Wheeled,bus,motorcycle,bus,motorcycle,bus,motorcycle,bus,motorcycle,bus,motorcycle
2014,Pedestrian,Unknown,Pedestrian,NA,pedestrian,bus,pedestrian,car,pedestrian,truck,pedestrian,truck,pedestrian,car
2014,Motorcycle,Trucks,Motorcycle,Trucks,motorcycle,truck,motorcycle,truck,motorcycle,truck,motorcycle,truck,motorcycle,truck
2014,Pedestrian,Unknown,Pedestrian,NA,pedestrian,motorcycle,pedestrian,motorcycle,pedestrian,car,pedestrian,truck,pedestrian,car
2013,Pedestrian,Unknown,Pedestrian,NA,pedestrian,car,pedestrian,truck,pedestrian,motorcycle,pedestrian,car,pedestrian,car
2013,Pedal Cycle,Car/pick-up/van,Pedal Cycle,Car/pick-up/van,cycle,car,cycle,car,cycle,car,cycle,car,cycle,car
2013,Pedestrian,Unknown,Pedestrian,NA,pedestrian,motorcycle,pedestrian,car,pedestrian,truck,pedestrian,truck,pedestrian,car
2013,Pedestrian,Car/pick-up/van,Pedestrian,Car/pick-up/van,pedestrian,car,pedestrian,car,pedestrian,car,pedestrian,car,pedestrian,car
2014,Motorcycle,No other/fixed or stationary object,Motorcycle,No other/fixed or stationary object,motorcycle,NOV,motorcycle,NOV,motorcycle,NOV,motorcycle,NOV,motorcycle,NOV
2014,Car,No other/fixed or stationary object,Car,No other/fixed or stationary object,car,NOV,car,NOV,car,NOV,car,NOV,car,NOV
2014,Pedestrian,Car/pick-up/van,Pedestrian,Car/pick-up/van,pedestrian,car,pedestrian,car,pedestrian,car,pedestrian,car,pedestrian,car
2014,Motorcycle,Car/pick-up/van,Motorcycle,Car/pick-up/van,motorcycle,car,motorcycle,car,motorcycle,car,motorcycle,car,motorcycle,car
2014,Pedestrian,Car/pick-up/van,Pedestrian,Car/pick-up/van,pedestrian,car,pedestrian,car,pedestrian,car,pedestrian,car,pedestrian,car
2014,Pedestrian,Unknown,Pedestrian,NA,pedestrian,car,pedestrian,car,pedestrian,car,pedestrian,bus,pedestrian,car
2014,Pedestrian,Unknown,Pedestrian,NA,pedestrian,motorcycle,pedestrian,car,pedestrian,car,pedestrian,car,pedestrian,motorcycle
2013,Pedestrian,Unknown,Pedestrian,NA,pedestrian,bus,pedestrian,motorcycle,pedestrian,car,pedestrian,car,pedestrian,motorcycle
2013,Pedestrian,Unknown,Pedestrian,NA,pedestrian,motorcycle,pedestrian,car,pedestrian,bus,pedestrian,bus,pedestrian,truck
2013,Motorcycle,Unknown,Motorcycle,NA,motorcycle,truck,motorcycle,bus,motorcycle,NOV,motorcycle,truck,motorcycle,car
2013,Car,Trucks,Car,Trucks,car,truck,car,truck,car,truck,car,truck,car,truck
2013,Pedestrian,Trucks,Pedestrian,Trucks,pedestrian,truck,pedestrian,truck,pedestrian,truck,pedestrian,truck,pedestrian,truck
2013,Motorcycle,2/3 Wheeled,Motorcycle,2/3 Wheeled,motorcycle,motorcycle,motorcycle,motorcycle,motorcycle,motorcycle,motorcycle,motorcycle,motorcycle,motorcycle
2014,Pedestrian,Unknown,Pedestrian,NA,pedestrian,car,pedestrian,motorcycle,pedestrian,car,pedestrian,car,pedestrian,motorcycle
2014,Pedestrian,Unknown,Pedestrian,NA,pedestrian,car,pedestrian,motorcycle,pedestrian,motorcycle,pedestrian,motorcycle,pedestrian,motorcycle
2014,Pedestrian,Car/pick-up/van,Pedestrian,Car/pick-up/van,pedestrian,car,pedestrian,car,pedestrian,car,pedestrian,car,pedestrian,car
2014,Pedestrian,Car/pick-up/van,Pedestrian,Car/pick-up/van,pedestrian,car,pedestrian,car,pedestrian,car,pedestrian,car,pedestrian,car
2013,Motorcycle,Car/pick-up/van,Motorcycle,Car/pick-up/van,motorcycle,car,motorcycle,car,motorcycle,car,motorcycle,car,motorcycle,car
2013,Pedestrian,Unknown,Pedestrian,NA,pedestrian,car,pedestrian,car,pedestrian,car,pedestrian,bus,pedestrian,car
2014,Pedestrian,Bus,Pedestrian,Bus,pedestrian,bus,pedestrian,bus,pedestrian,bus,pedestrian,bus,pedestrian,bus
2013,Pedestrian,Unknown,Pedestrian,NA,pedestrian,car,pedestrian,car,pedestrian,car,pedestrian,car,pedestrian,motorcycle
2013,Pedestrian,Car/pick-up/van,Pedestrian,Car/pick-up/van,pedestrian,car,pedestrian,car,pedestrian,car,pedestrian,car,pedestrian,car
2013,Pedestrian,Bus,Pedestrian,Bus,pedestrian,bus,pedestrian,bus,pedestrian,bus,pedestrian,bus,pedestrian,bus
2013,Car,Trucks,Car,Trucks,car,truck,car,truck,car,truck,car,truck,car,truck
2013,Motorcycle,Bus,Motorcycle,Bus,motorcycle,bus,motorcycle,bus,motorcycle,bus,motorcycle,bus,motorcycle,bus
2013,Pedestrian,Car/pick-up/van,Pedestrian,Car/pick-up/van,pedestrian,car,pedestrian,car,pedestrian,car,pedestrian,car,pedestrian,car
2014,Pedestrian,Unknown,Pedestrian,NA,pedestrian,truck,pedestrian,car,pedestrian,motorcycle,pedestrian,car,pedestrian,car
2014,Pedestrian,Unknown,Pedestrian,NA,pedestrian,motorcycle,pedestrian,truck,pedestrian,motorcycle,pedestrian,car,pedestrian,motorcycle
2014,Pedestrian,Unknown,Pedestrian,NA,pedestrian,bus,pedestrian,bus,pedestrian,car,pedestrian,car,pedestrian,bus
2013,Pedestrian,Unknown,Pedestrian,NA,pedestrian,truck,pedestrian,bus,pedestrian,motorcycle,pedestrian,truck,pedestrian,car
2013,Pedestrian,Trucks,Pedestrian,Trucks,pedestrian,truck,pedestrian,truck,pedestrian,truck,pedestrian,truck,pedestrian,truck
2013,Pedestrian,Trucks,Pedestrian,Trucks,pedestrian,truck,pedestrian,truck,pedestrian,truck,pedestrian,truck,pedestrian,truck
2013,Pedestrian,2/3 Wheeled,Pedestrian,2/3 Wheeled,pedestrian,motorcycle,pedestrian,motorcycle,pedestrian,motorcycle,pedestrian,motorcycle,pedestrian,motorcycle
2013,Pedestrian,Unknown,Pedestrian,NA,pedestrian,car,pedestrian,car,pedestrian,bus,pedestrian,motorcycle,pedestrian,car
2014,Pedestrian,Trucks,Pedestrian,Trucks,pedestrian,truck,pedestrian,truck,pedestrian,truck,pedestrian,truck,pedestrian,truck
2013,Motorcycle,Trucks,Motorcycle,Trucks,motorcycle,truck,motorcycle,truck,motorcycle,truck,motorcycle,truck,motorcycle,truck
2013,Pedestrian,Unknown,Pedestrian,NA,pedestrian,bus,pedestrian,truck,pedestrian,truck,pedestrian,car,pedestrian,car
2013,Motorcycle,Unknown,Motorcycle,NA,motorcycle,car,motorcycle,truck,motorcycle,bus,motorcycle,truck,motorcycle,truck
2013,Motorcycle,Car/pick-up/van,Motorcycle,Car/pick-up/van,motorcycle,car,motorcycle,car,motorcycle,car,motorcycle,car,motorcycle,car
2013,Other,unspecified,Other,NA,other,car,other,car,other,motorcycle,other,NOV,other,car
2013,Motorcycle,Unknown,Motorcycle,NA,motorcycle,motorcycle,motorcycle,truck,motorcycle,car,motorcycle,truck,motorcycle,truck
2013,Pedal Cycle,Car/pick-up/van,Pedal Cycle,Car/pick-up/van,cycle,car,cycle,car,cycle,car,cycle,car,cycle,car
2013,Motorcycle,Trucks,Motorcycle,Trucks,motorcycle,truck,motorcycle,truck,motorcycle,truck,motorcycle,truck,motorcycle,truck
2014,Motorcycle,Trucks,Motorcycle,Trucks,motorcycle,truck,motorcycle,truck,motorcycle,truck,motorcycle,truck,motorcycle,truck
2014,Pedestrian,Unknown,Pedestrian,NA,pedestrian,motorcycle,pedestrian,car,pedestrian,bus,pedestrian,car,pedestrian,car
2014,Pedestrian,Trucks,Pedestrian,Trucks,pedestrian,truck,pedestrian,truck,pedestrian,truck,pedestrian,truck,pedestrian,truck
2014,Pedestrian,Trucks,Pedestrian,Trucks,pedestrian,truck,pedestrian,truck,pedestrian,truck,pedestrian,truck,pedestrian,truck
2013,Motorcycle,Trucks,Motorcycle,Trucks,motorcycle,truck,motorcycle,truck,motorcycle,truck,motorcycle,truck,motorcycle,truck
2013,Pedestrian,Unknown,Pedestrian,NA,pedestrian,bus,pedestrian,motorcycle,pedestrian,motorcycle,pedestrian,motorcycle,pedestrian,motorcycle
2013,Pedestrian,Unknown,Pedestrian,NA,pedestrian,truck,pedestrian,truck,pedestrian,car,pedestrian,motorcycle,pedestrian,truck
2014,Pedestrian,Car/pick-up/van,Pedestrian,Car/pick-up/van,pedestrian,car,pedestrian,car,pedestrian,car,pedestrian,car,pedestrian,car
2013,Pedestrian,Bus,Pedestrian,Bus,pedestrian,bus,pedestrian,bus,pedestrian,bus,pedestrian,bus,pedestrian,bus
2013,Other,unspecified,Other,NA,other,truck,other,bus,other,car,other,truck,other,truck
2013,Pedestrian,Unknown,Pedestrian,NA,pedestrian,car,pedestrian,truck,pedestrian,car,pedestrian,car,pedestrian,bus
2013,Pedestrian,Unknown,Pedestrian,NA,pedestrian,truck,pedestrian,bus,pedestrian,car,pedestrian,truck,pedestrian,car
2013,Motorcycle,Bus,Motorcycle,Bus,motorcycle,bus,motorcycle,bus,motorcycle,bus,motorcycle,bus,motorcycle,bus
2013,Pedestrian,2/3 Wheeled,Pedestrian,2/3 Wheeled,pedestrian,motorcycle,pedestrian,motorcycle,pedestrian,motorcycle,pedestrian,motorcycle,pedestrian,motorcycle
2013,Motorcycle,Bus,Motorcycle,Bus,motorcycle,bus,motorcycle,bus,motorcycle,bus,motorcycle,bus,motorcycle,bus
2013,Pedestrian,Unknown,Pedestrian,NA,pedestrian,truck,pedestrian,car,pedestrian,car,pedestrian,car,pedestrian,truck
2013,Motorcycle,Trucks,Motorcycle,Trucks,motorcycle,truck,motorcycle,truck,motorcycle,truck,motorcycle,truck,motorcycle,truck
2014,3Wheeled,Car/pick-up/van,3Wheeled,Car/pick-up/van,motorcycle,car,motorcycle,car,motorcycle,car,motorcycle,car,motorcycle,car
2014,Pedestrian,unspecified,Pedestrian,NA,pedestrian,car,pedestrian,truck,pedestrian,car,pedestrian,car,pedestrian,car
2014,Motorcycle,Unknown,Motorcycle,NA,motorcycle,car,motorcycle,truck,motorcycle,truck,motorcycle,bus,motorcycle,truck
2014,Motorcycle,Unknown,Motorcycle,NA,motorcycle,truck,motorcycle,NOV,motorcycle,car,motorcycle,car,motorcycle,car
2014,Pedestrian,Unknown,Pedestrian,NA,pedestrian,car,pedestrian,motorcycle,pedestrian,motorcycle,pedestrian,car,pedestrian,bus
2014,Pedestrian,Unknown,Pedestrian,NA,pedestrian,car,pedestrian,truck,pedestrian,car,pedestrian,car,pedestrian,motorcycle
2014,Motorcycle,Bus,Motorcycle,Bus,motorcycle,bus,motorcycle,bus,motorcycle,bus,motorcycle,bus,motorcycle,bus
2013,Car,No other/fixed or stationary object,Car,No other/fixed or stationary object,car,NOV,car,NOV,car,NOV,car,NOV,car,NOV
2013,Motorcycle,Trucks,Motorcycle,Trucks,motorcycle,truck,motorcycle,truck,motorcycle,truck,motorcycle,truck,motorcycle,truck
2013,Motorcycle,Bus,Motorcycle,Bus,motorcycle,bus,motorcycle,bus,motorcycle,bus,motorcycle,bus,motorcycle,bus
2013,Motorcycle,2/3 Wheeled,Motorcycle,2/3 Wheeled,motorcycle,motorcycle,motorcycle,motorcycle,motorcycle,motorcycle,motorcycle,motorcycle,motorcycle,motorcycle
2013,Pedestrian,Trucks,Pedestrian,Trucks,pedestrian,truck,pedestrian,truck,pedestrian,truck,pedestrian,truck,pedestrian,truck
2013,Pedal Cycle,Trucks,Pedal Cycle,Trucks,cycle,truck,cycle,truck,cycle,truck,cycle,truck,cycle,truck
2013,Car,No other/fixed or stationary object,Car,No other/fixed or stationary object,car,NOV,car,NOV,car,NOV,car,NOV,car,NOV
2013,Pedestrian,Unknown,Pedestrian,NA,pedestrian,car,pedestrian,motorcycle,pedestrian,bus,pedestrian,car,pedestrian,car
2013,Pedestrian,Unknown,Pedestrian,NA,pedestrian,truck,pedestrian,car,pedestrian,car,pedestrian,car,pedestrian,truck
2013,Pedestrian,Unknown,Pedestrian,NA,pedestrian,car,pedestrian,car,pedestrian,car,pedestrian,car,pedestrian,car
2013,Pedestrian,Car/pick-up/van,Pedestrian,Car/pick-up/van,pedestrian,car,pedestrian,car,pedestrian,car,pedestrian,car,pedestrian,car
2013,3Wheeled,Unknown,3Wheeled,NA,motorcycle,NOV,motorcycle,car,motorcycle,car,motorcycle,car,motorcycle,car
2013,Motorcycle,Trucks,Motorcycle,Trucks,motorcycle,truck,motorcycle,truck,motorcycle,truck,motorcycle,truck,motorcycle,truck
2013,Motorcycle,Trucks,Motorcycle,Trucks,motorcycle,truck,motorcycle,truck,motorcycle,truck,motorcycle,truck,motorcycle,truck
2013,Pedal Cycle,Trucks,Pedal Cycle,Trucks,cycle,truck,cycle,truck,cycle,truck,cycle,truck,cycle,truck
2013,Motorcycle,Trucks,Motorcycle,Trucks,motorcycle,truck,motorcycle,truck,motorcycle,truck,motorcycle,truck,motorcycle,truck
2013,Heavy transport,Unknown,Heavy transport,NA,truck,car,truck,NOV,truck,NOV,truck,car,truck,truck
2013,Pedestrian,Unknown,Pedestrian,NA,pedestrian,motorcycle,pedestrian,bus,pedestrian,car,pedestrian,car,pedestrian,motorcycle
2013,Heavy transport,Car/pick-up/van,Heavy transport,Car/pick-up/van,truck,car,truck,car,truck,car,truck,car,truck,car
2013,Motorcycle,Car/pick-up/van,Motorcycle,Car/pick-up/van,motorcycle,car,motorcycle,car,motorcycle,car,motorcycle,car,motorcycle,car
2013,Pedestrian,Trucks,Pedestrian,Trucks,pedestrian,truck,pedestrian,truck,pedestrian,truck,pedestrian,truck,pedestrian,truck
2013,Car,Bus,Car,Bus,car,bus,car,bus,car,bus,car,bus,car,bus
2013,Pedestrian,Car/pick-up/van,Pedestrian,Car/pick-up/van,pedestrian,car,pedestrian,car,pedestrian,car,pedestrian,car,pedestrian,car
2013,Motorcycle,Car/pick-up/van,Motorcycle,Car/pick-up/van,motorcycle,car,motorcycle,car,motorcycle,car,motorcycle,car,motorcycle,car
2013,Motorcycle,Unknown,Motorcycle,NA,motorcycle,car,motorcycle,bus,motorcycle,NOV,motorcycle,truck,motorcycle,car
2013,Pedestrian,Trucks,Pedestrian,Trucks,pedestrian,truck,pedestrian,truck,pedestrian,truck,pedestrian,truck,pedestrian,truck
2013,Motorcycle,Unknown,Motorcycle,NA,motorcycle,NOV,motorcycle,motorcycle,motorcycle,truck,motorcycle,truck,motorcycle,truck
2013,Pedestrian,Unknown,Pedestrian,NA,pedestrian,motorcycle,pedestrian,car,pedestrian,motorcycle,pedestrian,truck,pedestrian,bus
2014,Motorcycle,No other/fixed or stationary object,Motorcycle,No other/fixed or stationary object,motorcycle,NOV,motorcycle,NOV,motorcycle,NOV,motorcycle,NOV,motorcycle,NOV
2014,Pedestrian,Unknown,Pedestrian,NA,pedestrian,car,pedestrian,car,pedestrian,car,pedestrian,truck,pedestrian,car
2014,Pedestrian,Bus,Pedestrian,Bus,pedestrian,bus,pedestrian,bus,pedestrian,bus,pedestrian,bus,pedestrian,bus
2014,Motorcycle,Car/pick-up/van,Motorcycle,Car/pick-up/van,motorcycle,car,motorcycle,car,motorcycle,car,motorcycle,car,motorcycle,car
2014,Pedestrian,Unknown,Pedestrian,NA,pedestrian,motorcycle,pedestrian,bus,pedestrian,car,pedestrian,bus,pedestrian,car
2014,Pedestrian,Trucks,Pedestrian,Trucks,pedestrian,truck,pedestrian,truck,pedestrian,truck,pedestrian,truck,pedestrian,truck
2014,Motorcycle,Trucks,Motorcycle,Trucks,motorcycle,truck,motorcycle,truck,motorcycle,truck,motorcycle,truck,motorcycle,truck
2014,Motorcycle,Trucks,Motorcycle,Trucks,motorcycle,truck,motorcycle,truck,motorcycle,truck,motorcycle,truck,motorcycle,truck
2014,Pedestrian,Unknown,Pedestrian,NA,pedestrian,truck,pedestrian,bus,pedestrian,car,pedestrian,motorcycle,pedestrian,truck
2014,Pedal Cycle,Unknown,Pedal Cycle,NA,cycle,car,cycle,car,cycle,truck,cycle,car,cycle,car
2014,Pedestrian,Car/pick-up/van,Pedestrian,Car/pick-up/van,pedestrian,car,pedestrian,car,pedestrian,car,pedestrian,car,pedestrian,car
2014,Pedestrian,Unknown,Pedestrian,NA,pedestrian,car,pedestrian,car,pedestrian,motorcycle,pedestrian,car,pedestrian,car
2014,Motorcycle,Trucks,Motorcycle,Trucks,motorcycle,truck,motorcycle,truck,motorcycle,truck,motorcycle,truck,motorcycle,truck
2014,Pedestrian,Unknown,Pedestrian,NA,pedestrian,motorcycle,pedestrian,car,pedestrian,car,pedestrian,bus,pedestrian,car
2014,Motorcycle,No other/fixed or stationary object,Motorcycle,No other/fixed or stationary object,motorcycle,NOV,motorcycle,NOV,motorcycle,NOV,motorcycle,NOV,motorcycle,NOV
2014,Pedestrian,Car/pick-up/van,Pedestrian,Car/pick-up/van,pedestrian,car,pedestrian,car,pedestrian,car,pedestrian,car,pedestrian,car
2014,Motorcycle,Bus,Motorcycle,Bus,motorcycle,bus,motorcycle,bus,motorcycle,bus,motorcycle,bus,motorcycle,bus
2014,Pedestrian,Unknown,Pedestrian,NA,pedestrian,car,pedestrian,truck,pedestrian,truck,pedestrian,car,pedestrian,car
2014,Pedestrian,Car/pick-up/van,Pedestrian,Car/pick-up/van,pedestrian,car,pedestrian,car,pedestrian,car,pedestrian,car,pedestrian,car
2014,Pedestrian,Unknown,Pedestrian,NA,pedestrian,car,pedestrian,bus,pedestrian,car,pedestrian,truck,pedestrian,car
2014,Pedestrian,Unknown,Pedestrian,NA,pedestrian,car,pedestrian,car,pedestrian,truck,pedestrian,truck,pedestrian,motorcycle
2014,Pedestrian,Unknown,Pedestrian,NA,pedestrian,truck,pedestrian,bus,pedestrian,truck,pedestrian,car,pedestrian,car
2014,Pedestrian,Unknown,Pedestrian,NA,pedestrian,motorcycle,pedestrian,motorcycle,pedestrian,car,pedestrian,car,pedestrian,truck
2014,Pedestrian,Unknown,Pedestrian,NA,pedestrian,truck,pedestrian,motorcycle,pedestrian,bus,pedestrian,car,pedestrian,truck
2014,Motorcycle,Trucks,Motorcycle,Trucks,motorcycle,truck,motorcycle,truck,motorcycle,truck,motorcycle,truck,motorcycle,truck
2014,Pedestrian,Unknown,Pedestrian,NA,pedestrian,car,pedestrian,truck,pedestrian,car,pedestrian,car,pedestrian,car
2014,Pedestrian,Unknown,Pedestrian,NA,pedestrian,car,pedestrian,bus,pedestrian,car,pedestrian,car,pedestrian,car
2014,Other,unspecified,Other,NA,other,car,other,truck,other,truck,other,motorcycle,other,truck
2014,Pedestrian,Trucks,Pedestrian,Trucks,pedestrian,truck,pedestrian,truck,pedestrian,truck,pedestrian,truck,pedestrian,truck
2014,Motorcycle,Bus,Motorcycle,Bus,motorcycle,bus,motorcycle,bus,motorcycle,bus,motorcycle,bus,motorcycle,bus
2014,Pedestrian,Unknown,Pedestrian,NA,pedestrian,car,pedestrian,car,pedestrian,bus,pedestrian,car,pedestrian,car
2013,Motorcycle,Car/pick-up/van,Motorcycle,Car/pick-up/van,motorcycle,car,motorcycle,car,motorcycle,car,motorcycle,car,motorcycle,car
2013,Pedestrian,Trucks,Pedestrian,Trucks,pedestrian,truck,pedestrian,truck,pedestrian,truck,pedestrian,truck,pedestrian,truck
2013,Pedestrian,Car/pick-up/van,Pedestrian,Car/pick-up/van,pedestrian,car,pedestrian,car,pedestrian,car,pedestrian,car,pedestrian,car
2013,Motorcycle,Trucks,Motorcycle,Trucks,motorcycle,truck,motorcycle,truck,motorcycle,truck,motorcycle,truck,motorcycle,truck
2013,Motorcycle,No other/fixed or stationary object,Motorcycle,No other/fixed or stationary object,motorcycle,NOV,motorcycle,NOV,motorcycle,NOV,motorcycle,NOV,motorcycle,NOV
2013,Motorcycle,Trucks,Motorcycle,Trucks,motorcycle,truck,motorcycle,truck,motorcycle,truck,motorcycle,truck,motorcycle,truck
2013,Pedal Cycle,Car/pick-up/van,Pedal Cycle,Car/pick-up/van,cycle,car,cycle,car,cycle,car,cycle,car,cycle,car
2013,Pedestrian,Trucks,Pedestrian,Trucks,pedestrian,truck,pedestrian,truck,pedestrian,truck,pedestrian,truck,pedestrian,truck
2013,Motorcycle,Trucks,Motorcycle,Trucks,motorcycle,truck,motorcycle,truck,motorcycle,truck,motorcycle,truck,motorcycle,truck
2013,Motorcycle,Trucks,Motorcycle,Trucks,motorcycle,truck,motorcycle,truck,motorcycle,truck,motorcycle,truck,motorcycle,truck
2014,Pedestrian,Bus,Pedestrian,Bus,pedestrian,bus,pedestrian,bus,pedestrian,bus,pedestrian,bus,pedestrian,bus
2014,Pedestrian,Car/pick-up/van,Pedestrian,Car/pick-up/van,pedestrian,car,pedestrian,car,pedestrian,car,pedestrian,car,pedestrian,car
2014,Pedestrian,Trucks,Pedestrian,Trucks,pedestrian,truck,pedestrian,truck,pedestrian,truck,pedestrian,truck,pedestrian,truck
2014,Pick-up truck/van,No other/fixed or stationary object,Pick-up truck/van,No other/fixed or stationary object,car,NOV,car,NOV,car,NOV,car,NOV,car,NOV
2014,Pedestrian,Trucks,Pedestrian,Trucks,pedestrian,truck,pedestrian,truck,pedestrian,truck,pedestrian,truck,pedestrian,truck
2014,Pedestrian,Unknown,Pedestrian,NA,pedestrian,car,pedestrian,car,pedestrian,truck,pedestrian,truck,pedestrian,car
2013,Motorcycle,No other/fixed or stationary object,Motorcycle,No other/fixed or stationary object,motorcycle,NOV,motorcycle,NOV,motorcycle,NOV,motorcycle,NOV,motorcycle,NOV
2013,Pedestrian,Unknown,Pedestrian,NA,pedestrian,car,pedestrian,motorcycle,pedestrian,car,pedestrian,car,pedestrian,car
2013,Motorcycle,No other/fixed or stationary object,Motorcycle,No other/fixed or stationary object,motorcycle,NOV,motorcycle,NOV,motorcycle,NOV,motorcycle,NOV,motorcycle,NOV
2013,Pedestrian,2/3 Wheeled,Pedestrian,2/3 Wheeled,pedestrian,motorcycle,pedestrian,motorcycle,pedestrian,motorcycle,pedestrian,motorcycle,pedestrian,motorcycle
2013,Motorcycle,Unknown,Motorcycle,NA,motorcycle,truck,motorcycle,car,motorcycle,car,motorcycle,car,motorcycle,truck
2013,Pedestrian,2/3 Wheeled,Pedestrian,2/3 Wheeled,pedestrian,motorcycle,pedestrian,motorcycle,pedestrian,motorcycle,pedestrian,motorcycle,pedestrian,motorcycle
2013,Pedestrian,Unknown,Pedestrian,NA,pedestrian,car,pedestrian,car,pedestrian,car,pedestrian,truck,pedestrian,bus
2013,Bus,Car/pick-up/van,Bus,Car/pick-up/van,bus,car,bus,car,bus,car,bus,car,bus,car
2013,Pedestrian,2/3 Wheeled,Pedestrian,2/3 Wheeled,pedestrian,motorcycle,pedestrian,motorcycle,pedestrian,motorcycle,pedestrian,motorcycle,pedestrian,motorcycle
2013,Motorcycle,Car/pick-up/van,Motorcycle,Car/pick-up/van,motorcycle,car,motorcycle,car,motorcycle,car,motorcycle,car,motorcycle,car
2013,Pedestrian,2/3 Wheeled,Pedestrian,2/3 Wheeled,pedestrian,motorcycle,pedestrian,motorcycle,pedestrian,motorcycle,pedestrian,motorcycle,pedestrian,motorcycle
2013,Pedestrian,Unknown,Pedestrian,NA,pedestrian,car,pedestrian,motorcycle,pedestrian,motorcycle,pedestrian,car,pedestrian,car
2013,Heavy transport,Trucks,Heavy transport,Trucks,truck,truck,truck,truck,truck,truck,truck,truck,truck,truck
2013,Motorcycle,Unknown,Motorcycle,NA,motorcycle,truck,motorcycle,car,motorcycle,NOV,motorcycle,car,motorcycle,truck
2013,Pedestrian,Unknown,Pedestrian,NA,pedestrian,motorcycle,pedestrian,car,pedestrian,car,pedestrian,truck,pedestrian,truck
2013,Motorcycle,Car/pick-up/van,Motorcycle,Car/pick-up/van,motorcycle,car,motorcycle,car,motorcycle,car,motorcycle,car,motorcycle,car
2013,Pedal Cycle,2/3 Wheeled,Pedal Cycle,2/3 Wheeled,cycle,motorcycle,cycle,motorcycle,cycle,motorcycle,cycle,motorcycle,cycle,motorcycle
2013,Pedestrian,Unknown,Pedestrian,NA,pedestrian,car,pedestrian,truck,pedestrian,truck,pedestrian,motorcycle,pedestrian,motorcycle
2014,Motorcycle,Trucks,Motorcycle,Trucks,motorcycle,truck,motorcycle,truck,motorcycle,truck,motorcycle,truck,motorcycle,truck
2014,Car,Car/pick-up/van,Car,Car/pick-up/van,car,car,car,car,car,car,car,car,car,car
2014,Pedestrian,Unknown,Pedestrian,NA,pedestrian,car,pedestrian,motorcycle,pedestrian,car,pedestrian,car,pedestrian,truck
2014,Pedestrian,2/3 Wheeled,Pedestrian,2/3 Wheeled,pedestrian,motorcycle,pedestrian,motorcycle,pedestrian,motorcycle,pedestrian,motorcycle,pedestrian,motorcycle
2014,Pedestrian,Unknown,Pedestrian,NA,pedestrian,motorcycle,pedestrian,car,pedestrian,bus,pedestrian,truck,pedestrian,bus
2014,Motorcycle,Car/pick-up/van,Motorcycle,Car/pick-up/van,motorcycle,car,motorcycle,car,motorcycle,car,motorcycle,car,motorcycle,car
2013,Pedestrian,Car/pick-up/van,Pedestrian,Car/pick-up/van,pedestrian,car,pedestrian,car,pedestrian,car,pedestrian,car,pedestrian,car
2013,Motorcycle,Car/pick-up/van,Motorcycle,Car/pick-up/van,motorcycle,car,motorcycle,car,motorcycle,car,motorcycle,car,motorcycle,car
2013,Motorcycle,Unknown,Motorcycle,NA,motorcycle,car,motorcycle,bus,motorcycle,bus,motorcycle,bus,motorcycle,truck
2013,Pedestrian,Unknown,Pedestrian,NA,pedestrian,truck,pedestrian,truck,pedestrian,car,pedestrian,truck,pedestrian,truck
2013,Car,Car/pick-up/van,Car,Car/pick-up/van,car,car,car,car,car,car,car,car,car,car
2013,Pedestrian,Car/pick-up/van,Pedestrian,Car/pick-up/van,pedestrian,car,pedestrian,car,pedestrian,car,pedestrian,car,pedestrian,car
2013,Motorcycle,Trucks,Motorcycle,Trucks,motorcycle,truck,motorcycle,truck,motorcycle,truck,motorcycle,truck,motorcycle,truck
2013,Motorcycle,Unknown,Motorcycle,NA,motorcycle,NOV,motorcycle,car,motorcycle,truck,motorcycle,bus,motorcycle,truck
2013,Motorcycle,Car/pick-up/van,Motorcycle,Car/pick-up/van,motorcycle,car,motorcycle,car,motorcycle,car,motorcycle,car,motorcycle,car
2013,Motorcycle,No other/fixed or stationary object,Motorcycle,No other/fixed or stationary object,motorcycle,NOV,motorcycle,NOV,motorcycle,NOV,motorcycle,NOV,motorcycle,NOV
2013,Car,No other/fixed or stationary object,Car,No other/fixed or stationary object,car,NOV,car,NOV,car,NOV,car,NOV,car,NOV
2013,Pedestrian,Unknown,Pedestrian,NA,pedestrian,motorcycle,pedestrian,car,pedestrian,car,pedestrian,motorcycle,pedestrian,car
2013,3Wheeled,Unknown,3Wheeled,NA,motorcycle,car,motorcycle,car,motorcycle,bus,motorcycle,car,motorcycle,truck
2013,Motorcycle,Trucks,Motorcycle,Trucks,motorcycle,truck,motorcycle,truck,motorcycle,truck,motorcycle,truck,motorcycle,truck
2013,Pedestrian,Bus,Pedestrian,Bus,pedestrian,bus,pedestrian,bus,pedestrian,bus,pedestrian,bus,pedestrian,bus
2013,Other,unspecified,Other,NA,other,NOV,other,NOV,other,motorcycle,other,bus,other,bus
2013,Pedestrian,Unknown,Pedestrian,NA,pedestrian,motorcycle,pedestrian,truck,pedestrian,car,pedestrian,car,pedestrian,truck
2013,Unknown,unspecified,NA,NA,truck,car,motorcycle,car,pedestrian,bus,pedestrian,truck,motorcycle,motorcycle
2013,Pedestrian,Unknown,Pedestrian,NA,pedestrian,car,pedestrian,car,pedestrian,motorcycle,pedestrian,bus,pedestrian,car
2013,Pedestrian,Car/pick-up/van,Pedestrian,Car/pick-up/van,pedestrian,car,pedestrian,car,pedestrian,car,pedestrian,car,pedestrian,car
2013,Pedestrian,Car/pick-up/van,Pedestrian,Car/pick-up/van,pedestrian,car,pedestrian,car,pedestrian,car,pedestrian,car,pedestrian,car
2013,Pedestrian,Trucks,Pedestrian,Trucks,pedestrian,truck,pedestrian,truck,pedestrian,truck,pedestrian,truck,pedestrian,truck
2013,Pedestrian,Unknown,Pedestrian,NA,pedestrian,truck,pedestrian,car,pedestrian,motorcycle,pedestrian,truck,pedestrian,car
2013,Pedestrian,2/3 Wheeled,Pedestrian,2/3 Wheeled,pedestrian,motorcycle,pedestrian,motorcycle,pedestrian,motorcycle,pedestrian,motorcycle,pedestrian,motorcycle
2013,Car,Car/pick-up/van,Car,Car/pick-up/van,car,car,car,car,car,car,car,car,car,car
2014,Pedestrian,Unknown,Pedestrian,NA,pedestrian,car,pedestrian,motorcycle,pedestrian,bus,pedestrian,car,pedestrian,car
2014,Pedestrian,Unknown,Pedestrian,NA,pedestrian,motorcycle,pedestrian,truck,pedestrian,car,pedestrian,motorcycle,pedestrian,car
2014,Car,No other/fixed or stationary object,Car,No other/fixed or stationary object,car,NOV,car,NOV,car,NOV,car,NOV,car,NOV
2014,Motorcycle,Bus,Motorcycle,Bus,motorcycle,bus,motorcycle,bus,motorcycle,bus,motorcycle,bus,motorcycle,bus
2014,Car,Car/pick-up/van,Car,Car/pick-up/van,car,car,car,car,car,car,car,car,car,car
2014,Pedestrian,Unknown,Pedestrian,NA,pedestrian,truck,pedestrian,car,pedestrian,car,pedestrian,bus,pedestrian,car
2014,Motorcycle,Unknown,Motorcycle,NA,motorcycle,car,motorcycle,car,motorcycle,car,motorcycle,car,motorcycle,truck
2014,Pedestrian,Unknown,Pedestrian,NA,pedestrian,bus,pedestrian,car,pedestrian,truck,pedestrian,motorcycle,pedestrian,car
2014,Pedestrian,Unknown,Pedestrian,NA,pedestrian,motorcycle,pedestrian,car,pedestrian,truck,pedestrian,motorcycle,pedestrian,car
2014,Pedestrian,Unknown,Pedestrian,NA,pedestrian,car,pedestrian,car,pedestrian,motorcycle,pedestrian,car,pedestrian,bus
2014,Motorcycle,Car/pick-up/van,Motorcycle,Car/pick-up/van,motorcycle,car,motorcycle,car,motorcycle,car,motorcycle,car,motorcycle,car
2014,Pedestrian,Car/pick-up/van,Pedestrian,Car/pick-up/van,pedestrian,car,pedestrian,car,pedestrian,car,pedestrian,car,pedestrian,car
2014,Pedestrian,2/3 Wheeled,Pedestrian,2/3 Wheeled,pedestrian,motorcycle,pedestrian,motorcycle,pedestrian,motorcycle,pedestrian,motorcycle,pedestrian,motorcycle
2014,Pedestrian,Car/pick-up/van,Pedestrian,Car/pick-up/van,pedestrian,car,pedestrian,car,pedestrian,car,pedestrian,car,pedestrian,car
2014,Motorcycle,Unknown,Motorcycle,NA,motorcycle,bus,motorcycle,NOV,motorcycle,NOV,motorcycle,NOV,motorcycle,car
2014,Pedestrian,Unknown,Pedestrian,NA,pedestrian,truck,pedestrian,car,pedestrian,bus,pedestrian,truck,pedestrian,car
2014,Motorcycle,Car/pick-up/van,Motorcycle,Car/pick-up/van,motorcycle,car,motorcycle,car,motorcycle,car,motorcycle,car,motorcycle,car
2014,Pedestrian,Car/pick-up/van,Pedestrian,Car/pick-up/van,pedestrian,car,pedestrian,car,pedestrian,car,pedestrian,car,pedestrian,car
2013,Motorcycle,Unknown,Motorcycle,NA,motorcycle,car,motorcycle,car,motorcycle,truck,motorcycle,truck,motorcycle,bus
2013,Pedestrian,Unknown,Pedestrian,NA,pedestrian,car,pedestrian,bus,pedestrian,truck,pedestrian,car,pedestrian,car
2013,Motorcycle,Unknown,Motorcycle,NA,motorcycle,truck,motorcycle,truck,motorcycle,truck,motorcycle,bus,motorcycle,NOV
2013,Pedestrian,Unknown,Pedestrian,NA,pedestrian,motorcycle,pedestrian,car,pedestrian,bus,pedestrian,bus,pedestrian,car
2013,Motorcycle,Unknown,Motorcycle,NA,motorcycle,bus,motorcycle,motorcycle,motorcycle,truck,motorcycle,bus,motorcycle,car
2013,Pedestrian,Car/pick-up/van,Pedestrian,Car/pick-up/van,pedestrian,car,pedestrian,car,pedestrian,car,pedestrian,car,pedestrian,car
2013,Heavy transport,Trucks,Heavy transport,Trucks,truck,truck,truck,truck,truck,truck,truck,truck,truck,truck
2013,Heavy transport,Car/pick-up/van,Heavy transport,Car/pick-up/van,truck,car,truck,car,truck,car,truck,car,truck,car
2013,Motorcycle,Unknown,Motorcycle,NA,motorcycle,car,motorcycle,car,motorcycle,bus,motorcycle,NOV,motorcycle,bus
2013,Motorcycle,Trucks,Motorcycle,Trucks,motorcycle,truck,motorcycle,truck,motorcycle,truck,motorcycle,truck,motorcycle,truck
2013,Pedestrian,Unknown,Pedestrian,NA,pedestrian,car,pedestrian,truck,pedestrian,car,pedestrian,car,pedestrian,car
2013,Pedal Cycle,Unknown,Pedal Cycle,NA,cycle,car,cycle,car,cycle,car,cycle,car,cycle,truck
2013,Pedestrian,Unknown,Pedestrian,NA,pedestrian,car,pedestrian,bus,pedestrian,truck,pedestrian,car,pedestrian,truck
2013,Motorcycle,Trucks,Motorcycle,Trucks,motorcycle,truck,motorcycle,truck,motorcycle,truck,motorcycle,truck,motorcycle,truck
2013,Pedestrian,Unknown,Pedestrian,NA,pedestrian,car,pedestrian,car,pedestrian,car,pedestrian,car,pedestrian,bus
2013,Unknown,unspecified,NA,NA,car,truck,pedestrian,bus,motorcycle,truck,pedestrian,car,motorcycle,motorcycle
2013,Motorcycle,Car/pick-up/van,Motorcycle,Car/pick-up/van,motorcycle,car,motorcycle,car,motorcycle,car,motorcycle,car,motorcycle,car
2013,Pedal Cycle,Unknown,Pedal Cycle,NA,cycle,truck,cycle,bus,cycle,motorcycle,cycle,truck,cycle,car
2013,Pedal Cycle,Bus,Pedal Cycle,Bus,cycle,bus,cycle,bus,cycle,bus,cycle,bus,cycle,bus
2013,Pedal Cycle,Unknown,Pedal Cycle,NA,cycle,bus,cycle,truck,cycle,truck,cycle,motorcycle,cycle,truck
2013,Motorcycle,Car/pick-up/van,Motorcycle,Car/pick-up/van,motorcycle,car,motorcycle,car,motorcycle,car,motorcycle,car,motorcycle,car
2013,Motorcycle,Unknown,Motorcycle,NA,motorcycle,bus,motorcycle,truck,motorcycle,truck,motorcycle,car,motorcycle,car
2014,Pedestrian,Trucks,Pedestrian,Trucks,pedestrian,truck,pedestrian,truck,pedestrian,truck,pedestrian,truck,pedestrian,truck
2014,Motorcycle,Bus,Motorcycle,Bus,motorcycle,bus,motorcycle,bus,motorcycle,bus,motorcycle,bus,motorcycle,bus
2014,Pedestrian,Unknown,Pedestrian,NA,pedestrian,car,pedestrian,motorcycle,pedestrian,car,pedestrian,motorcycle,pedestrian,motorcycle
2014,Motorcycle,Unknown,Motorcycle,NA,motorcycle,truck,motorcycle,truck,motorcycle,car,motorcycle,car,motorcycle,NOV
2014,Pedestrian,Unknown,Pedestrian,NA,pedestrian,bus,pedestrian,truck,pedestrian,car,pedestrian,car,pedestrian,truck
2014,Motorcycle,Trucks,Motorcycle,Trucks,motorcycle,truck,motorcycle,truck,motorcycle,truck,motorcycle,truck,motorcycle,truck
2014,Heavy transport,Trucks,Heavy transport,Trucks,truck,truck,truck,truck,truck,truck,truck,truck,truck,truck
2014,Pedestrian,Unknown,Pedestrian,NA,pedestrian,car,pedestrian,truck,pedestrian,motorcycle,pedestrian,motorcycle,pedestrian,truck
2014,Motorcycle,Unknown,Motorcycle,NA,motorcycle,truck,motorcycle,truck,motorcycle,bus,motorcycle,bus,motorcycle,truck
2014,Heavy transport,Trucks,Heavy transport,Trucks,truck,truck,truck,truck,truck,truck,truck,truck,truck,truck
2014,Motorcycle,Car/pick-up/van,Motorcycle,Car/pick-up/van,motorcycle,car,motorcycle,car,motorcycle,car,motorcycle,car,motorcycle,car
2014,Motorcycle,Car/pick-up/van,Motorcycle,Car/pick-up/van,motorcycle,car,motorcycle,car,motorcycle,car,motorcycle,car,motorcycle,car
2014,Pedestrian,Unknown,Pedestrian,NA,pedestrian,motorcycle,pedestrian,truck,pedestrian,truck,pedestrian,car,pedestrian,car
2014,Pedestrian,Trucks,Pedestrian,Trucks,pedestrian,truck,pedestrian,truck,pedestrian,truck,pedestrian,truck,pedestrian,truck
2014,Pedestrian,Car/pick-up/van,Pedestrian,Car/pick-up/van,pedestrian,car,pedestrian,car,pedestrian,car,pedestrian,car,pedestrian,car
2014,Pedal Cycle,Unknown,Pedal Cycle,NA,cycle,motorcycle,cycle,car,cycle,truck,cycle,bus,cycle,truck
2014,Motorcycle,Unknown,Motorcycle,NA,motorcycle,bus,motorcycle,motorcycle,motorcycle,car,motorcycle,car,motorcycle,truck
2014,Pedestrian,Trucks,Pedestrian,Trucks,pedestrian,truck,pedestrian,truck,pedestrian,truck,pedestrian,truck,pedestrian,truck
2014,3Wheeled,No other/fixed or stationary object,3Wheeled,No other/fixed or stationary object,motorcycle,NOV,motorcycle,NOV,motorcycle,NOV,motorcycle,NOV,motorcycle,NOV
2014,Motorcycle,Trucks,Motorcycle,Trucks,motorcycle,truck,motorcycle,truck,motorcycle,truck,motorcycle,truck,motorcycle,truck
2013,Pedestrian,Unknown,Pedestrian,NA,pedestrian,car,pedestrian,motorcycle,pedestrian,motorcycle,pedestrian,truck,pedestrian,car
2013,Pedestrian,Car/pick-up/van,Pedestrian,Car/pick-up/van,pedestrian,car,pedestrian,car,pedestrian,car,pedestrian,car,pedestrian,car
2013,Motorcycle,Unknown,Motorcycle,NA,motorcycle,truck,motorcycle,car,motorcycle,car,motorcycle,truck,motorcycle,truck
2014,Motorcycle,Car/pick-up/van,Motorcycle,Car/pick-up/van,motorcycle,car,motorcycle,car,motorcycle,car,motorcycle,car,motorcycle,car
2014,Pedestrian,Car/pick-up/van,Pedestrian,Car/pick-up/van,pedestrian,car,pedestrian,car,pedestrian,car,pedestrian,car,pedestrian,car
2014,Pedestrian,Unknown,Pedestrian,NA,pedestrian,motorcycle,pedestrian,truck,pedestrian,car,pedestrian,car,pedestrian,bus
2014,Pedestrian,Bus,Pedestrian,Bus,pedestrian,bus,pedestrian,bus,pedestrian,bus,pedestrian,bus,pedestrian,bus
2014,Pedestrian,2/3 Wheeled,Pedestrian,2/3 Wheeled,pedestrian,motorcycle,pedestrian,motorcycle,pedestrian,motorcycle,pedestrian,motorcycle,pedestrian,motorcycle
2013,Pedal Cycle,Trucks,Pedal Cycle,Trucks,cycle,truck,cycle,truck,cycle,truck,cycle,truck,cycle,truck
2013,Motorcycle,Unknown,Motorcycle,NA,motorcycle,bus,motorcycle,car,motorcycle,car,motorcycle,bus,motorcycle,car
2013,Other,unspecified,Other,NA,other,NOV,other,NOV,other,truck,other,car,other,car
2013,Motorcycle,Trucks,Motorcycle,Trucks,motorcycle,truck,motorcycle,truck,motorcycle,truck,motorcycle,truck,motorcycle,truck
2013,Pedestrian,Unknown,Pedestrian,NA,pedestrian,car,pedestrian,motorcycle,pedestrian,truck,pedestrian,truck,pedestrian,motorcycle
2013,Motorcycle,Unknown,Motorcycle,NA,motorcycle,truck,motorcycle,truck,motorcycle,truck,motorcycle,car,motorcycle,NOV
2014,Heavy transport,No other/fixed or stationary object,Heavy transport,No other/fixed or stationary object,truck,NOV,truck,NOV,truck,NOV,truck,NOV,truck,NOV
2014,Pedestrian,2/3 Wheeled,Pedestrian,2/3 Wheeled,pedestrian,motorcycle,pedestrian,motorcycle,pedestrian,motorcycle,pedestrian,motorcycle,pedestrian,motorcycle
2014,Motorcycle,Bus,Motorcycle,Bus,motorcycle,bus,motorcycle,bus,motorcycle,bus,motorcycle,bus,motorcycle,bus
2014,Car,No other/fixed or stationary object,Car,No other/fixed or stationary object,car,NOV,car,NOV,car,NOV,car,NOV,car,NOV
2013,Pedestrian,Unknown,Pedestrian,NA,pedestrian,car,pedestrian,motorcycle,pedestrian,car,pedestrian,motorcycle,pedestrian,bus
2013,Pedestrian,2/3 Wheeled,Pedestrian,2/3 Wheeled,pedestrian,motorcycle,pedestrian,motorcycle,pedestrian,motorcycle,pedestrian,motorcycle,pedestrian,motorcycle
2013,Motorcycle,Unknown,Motorcycle,NA,motorcycle,truck,motorcycle,car,motorcycle,truck,motorcycle,truck,motorcycle,car
2013,Motorcycle,Bus,Motorcycle,Bus,motorcycle,bus,motorcycle,bus,motorcycle,bus,motorcycle,bus,motorcycle,bus
2013,Other,unspecified,Other,NA,other,car,other,NOV,other,truck,other,car,other,NOV
2013,Pedestrian,Bus,Pedestrian,Bus,pedestrian,bus,pedestrian,bus,pedestrian,bus,pedestrian,bus,pedestrian,bus
2013,Pedestrian,Car/pick-up/van,Pedestrian,Car/pick-up/van,pedestrian,car,pedestrian,car,pedestrian,car,pedestrian,car,pedestrian,car
2013,Pedestrian,Car/pick-up/van,Pedestrian,Car/pick-up/van,pedestrian,car,pedestrian,car,pedestrian,car,pedestrian,car,pedestrian,car
2014,Motorcycle,Trucks,Motorcycle,Trucks,motorcycle,truck,motorcycle,truck,motorcycle,truck,motorcycle,truck,motorcycle,truck
2014,Pedal Cycle,Trucks,Pedal Cycle,Trucks,cycle,truck,cycle,truck,cycle,truck,cycle,truck,cycle,truck
2014,Pedestrian,Trucks,Pedestrian,Trucks,pedestrian,truck,pedestrian,truck,pedestrian,truck,pedestrian,truck,pedestrian,truck
2013,Other,unspecified,Other,NA,other,NOV,other,NOV,other,truck,other,car,other,truck
2013,Motorcycle,Unknown,Motorcycle,NA,motorcycle,car,motorcycle,truck,motorcycle,bus,motorcycle,car,motorcycle,car
2013,Pedestrian,Car/pick-up/van,Pedestrian,Car/pick-up/van,pedestrian,car,pedestrian,car,pedestrian,car,pedestrian,car,pedestrian,car
2013,Pick-up truck/van,No other/fixed or stationary object,Pick-up truck/van,No other/fixed or stationary object,car,NOV,car,NOV,car,NOV,car,NOV,car,NOV
2013,Pedal Cycle,Bus,Pedal Cycle,Bus,cycle,bus,cycle,bus,cycle,bus,cycle,bus,cycle,bus
2013,Motorcycle,No other/fixed or stationary object,Motorcycle,No other/fixed or stationary object,motorcycle,NOV,motorcycle,NOV,motorcycle,NOV,motorcycle,NOV,motorcycle,NOV
2013,Motorcycle,Car/pick-up/van,Motorcycle,Car/pick-up/van,motorcycle,car,motorcycle,car,motorcycle,car,motorcycle,car,motorcycle,car
2013,Pedestrian,Unknown,Pedestrian,NA,pedestrian,car,pedestrian,car,pedestrian,bus,pedestrian,car,pedestrian,car
2013,Pedestrian,Trucks,Pedestrian,Trucks,pedestrian,truck,pedestrian,truck,pedestrian,truck,pedestrian,truck,pedestrian,truck
2013,Pedestrian,Car/pick-up/van,Pedestrian,Car/pick-up/van,pedestrian,car,pedestrian,car,pedestrian,car,pedestrian,car,pedestrian,car
2013,Pedestrian,Unknown,Pedestrian,NA,pedestrian,car,pedestrian,car,pedestrian,car,pedestrian,car,pedestrian,truck
2013,Motorcycle,2/3 Wheeled,Motorcycle,2/3 Wheeled,motorcycle,motorcycle,motorcycle,motorcycle,motorcycle,motorcycle,motorcycle,motorcycle,motorcycle,motorcycle
2013,Pedal Cycle,Trucks,Pedal Cycle,Trucks,cycle,truck,cycle,truck,cycle,truck,cycle,truck,cycle,truck
2013,Motorcycle,Unknown,Motorcycle,NA,motorcycle,truck,motorcycle,truck,motorcycle,truck,motorcycle,car,motorcycle,bus
2013,Motorcycle,Bus,Motorcycle,Bus,motorcycle,bus,motorcycle,bus,motorcycle,bus,motorcycle,bus,motorcycle,bus
2013,Motorcycle,Unknown,Motorcycle,NA,motorcycle,car,motorcycle,truck,motorcycle,car,motorcycle,motorcycle,motorcycle,truck
2013,Pedestrian,Trucks,Pedestrian,Trucks,pedestrian,truck,pedestrian,truck,pedestrian,truck,pedestrian,truck,pedestrian,truck
2013,Motorcycle,Unknown,Motorcycle,NA,motorcycle,car,motorcycle,bus,motorcycle,car,motorcycle,bus,motorcycle,truck
2013,Heavy transport,No other/fixed or stationary object,Heavy transport,No other/fixed or stationary object,truck,NOV,truck,NOV,truck,NOV,truck,NOV,truck,NOV
2013,Motorcycle,No other/fixed or stationary object,Motorcycle,No other/fixed or stationary object,motorcycle,NOV,motorcycle,NOV,motorcycle,NOV,motorcycle,NOV,motorcycle,NOV
2013,Pedestrian,Car/pick-up/van,Pedestrian,Car/pick-up/van,pedestrian,car,pedestrian,car,pedestrian,car,pedestrian,car,pedestrian,car
2014,Motorcycle,Unknown,Motorcycle,NA,motorcycle,car,motorcycle,car,motorcycle,car,motorcycle,car,motorcycle,NOV
2014,Car,Bus,Car,Bus,car,bus,car,bus,car,bus,car,bus,car,bus
2014,Car,No other/fixed or stationary object,Car,No other/fixed or stationary object,car,NOV,car,NOV,car,NOV,car,NOV,car,NOV
2014,Motorcycle,Trucks,Motorcycle,Trucks,motorcycle,truck,motorcycle,truck,motorcycle,truck,motorcycle,truck,motorcycle,truck
2014,Pedestrian,Unknown,Pedestrian,NA,pedestrian,car,pedestrian,car,pedestrian,car,pedestrian,motorcycle,pedestrian,car
2014,Motorcycle,2/3 Wheeled,Motorcycle,2/3 Wheeled,motorcycle,motorcycle,motorcycle,motorcycle,motorcycle,motorcycle,motorcycle,motorcycle,motorcycle,motorcycle
2014,Pedestrian,2/3 Wheeled,Pedestrian,2/3 Wheeled,pedestrian,motorcycle,pedestrian,motorcycle,pedestrian,motorcycle,pedestrian,motorcycle,pedestrian,motorcycle
2014,Pedestrian,Unknown,Pedestrian,NA,pedestrian,bus,pedestrian,car,pedestrian,NOV,pedestrian,bus,pedestrian,motorcycle
2014,Pedestrian,Unknown,Pedestrian,NA,pedestrian,car,pedestrian,motorcycle,pedestrian,car,pedestrian,truck,pedestrian,truck
2014,Motorcycle,Unknown,Motorcycle,NA,motorcycle,motorcycle,motorcycle,truck,motorcycle,car,motorcycle,car,motorcycle,car
2014,Pedestrian,Unknown,Pedestrian,NA,pedestrian,truck,pedestrian,car,pedestrian,car,pedestrian,car,pedestrian,car
2014,Pedestrian,Unknown,Pedestrian,NA,pedestrian,truck,pedestrian,motorcycle,pedestrian,truck,pedestrian,car,pedestrian,motorcycle
2014,Pedestrian,Car/pick-up/van,Pedestrian,Car/pick-up/van,pedestrian,car,pedestrian,car,pedestrian,car,pedestrian,car,pedestrian,car
2014,Motorcycle,Unknown,Motorcycle,NA,motorcycle,truck,motorcycle,truck,motorcycle,bus,motorcycle,bus,motorcycle,truck
2014,Pedestrian,Bus,Pedestrian,Bus,pedestrian,bus,pedestrian,bus,pedestrian,bus,pedestrian,bus,pedestrian,bus
2014,Pedestrian,Car/pick-up/van,Pedestrian,Car/pick-up/van,pedestrian,car,pedestrian,car,pedestrian,car,pedestrian,car,pedestrian,car
2014,Pedestrian,Unknown,Pedestrian,NA,pedestrian,car,pedestrian,motorcycle,pedestrian,car,pedestrian,car,pedestrian,car
2014,Pedestrian,Trucks,Pedestrian,Trucks,pedestrian,truck,pedestrian,truck,pedestrian,truck,pedestrian,truck,pedestrian,truck
2014,Pedestrian,Unknown,Pedestrian,NA,pedestrian,motorcycle,pedestrian,car,pedestrian,bus,pedestrian,car,pedestrian,bus
2014,Pedestrian,Unknown,Pedestrian,NA,pedestrian,truck,pedestrian,car,pedestrian,bus,pedestrian,car,pedestrian,truck
2014,Heavy transport,Unknown,Heavy transport,NA,truck,car,truck,NOV,truck,car,truck,car,truck,car
2014,Motorcycle,No other/fixed or stationary object,Motorcycle,No other/fixed or stationary object,motorcycle,NOV,motorcycle,NOV,motorcycle,NOV,motorcycle,NOV,motorcycle,NOV
2014,Pedestrian,Car/pick-up/van,Pedestrian,Car/pick-up/van,pedestrian,car,pedestrian,car,pedestrian,car,pedestrian,car,pedestrian,car
2014,Motorcycle,Car/pick-up/van,Motorcycle,Car/pick-up/van,motorcycle,car,motorcycle,car,motorcycle,car,motorcycle,car,motorcycle,car
2014,Motorcycle,Car/pick-up/van,Motorcycle,Car/pick-up/van,motorcycle,car,motorcycle,car,motorcycle,car,motorcycle,car,motorcycle,car
2014,Pedestrian,Car/pick-up/van,Pedestrian,Car/pick-up/van,pedestrian,car,pedestrian,car,pedestrian,car,pedestrian,car,pedestrian,car
2014,Motorcycle,Car/pick-up/van,Motorcycle,Car/pick-up/van,motorcycle,car,motorcycle,car,motorcycle,car,motorcycle,car,motorcycle,car
2014,Motorcycle,Bus,Motorcycle,Bus,motorcycle,bus,motorcycle,bus,motorcycle,bus,motorcycle,bus,motorcycle,bus
2014,Pedestrian,Unknown,Pedestrian,NA,pedestrian,car,pedestrian,car,pedestrian,truck,pedestrian,car,pedestrian,car
2014,Pedestrian,Unknown,Pedestrian,NA,pedestrian,motorcycle,pedestrian,car,pedestrian,car,pedestrian,car,pedestrian,truck
2013,Motorcycle,Unknown,Motorcycle,NA,motorcycle,truck,motorcycle,car,motorcycle,car,motorcycle,car,motorcycle,car
2013,Pedestrian,Unknown,Pedestrian,NA,pedestrian,motorcycle,pedestrian,car,pedestrian,bus,pedestrian,car,pedestrian,truck
2013,Pedestrian,Car/pick-up/van,Pedestrian,Car/pick-up/van,pedestrian,car,pedestrian,car,pedestrian,car,pedestrian,car,pedestrian,car
2013,Pedestrian,Bus,Pedestrian,Bus,pedestrian,bus,pedestrian,bus,pedestrian,bus,pedestrian,bus,pedestrian,bus
2013,Pedestrian,Unknown,Pedestrian,NA,pedestrian,motorcycle,pedestrian,motorcycle,pedestrian,car,pedestrian,car,pedestrian,bus
2013,Motorcycle,Unknown,Motorcycle,NA,motorcycle,car,motorcycle,bus,motorcycle,car,motorcycle,car,motorcycle,truck
2013,Pedestrian,Unknown,Pedestrian,NA,pedestrian,car,pedestrian,motorcycle,pedestrian,car,pedestrian,motorcycle,pedestrian,truck
2013,Motorcycle,Trucks,Motorcycle,Trucks,motorcycle,truck,motorcycle,truck,motorcycle,truck,motorcycle,truck,motorcycle,truck
2013,Motorcycle,Unknown,Motorcycle,NA,motorcycle,truck,motorcycle,truck,motorcycle,car,motorcycle,car,motorcycle,car
2013,Pedal Cycle,Trucks,Pedal Cycle,Trucks,cycle,truck,cycle,truck,cycle,truck,cycle,truck,cycle,truck
2014,3Wheeled,unspecified,3Wheeled,NA,motorcycle,NOV,motorcycle,NOV,motorcycle,car,motorcycle,car,motorcycle,car
2014,Motorcycle,Car/pick-up/van,Motorcycle,Car/pick-up/van,motorcycle,car,motorcycle,car,motorcycle,car,motorcycle,car,motorcycle,car
2014,Pedestrian,Unknown,Pedestrian,NA,pedestrian,truck,pedestrian,motorcycle,pedestrian,truck,pedestrian,car,pedestrian,car
2014,Pedestrian,Unknown,Pedestrian,NA,pedestrian,car,pedestrian,motorcycle,pedestrian,car,pedestrian,motorcycle,pedestrian,motorcycle
2014,Pedestrian,Car/pick-up/van,Pedestrian,Car/pick-up/van,pedestrian,car,pedestrian,car,pedestrian,car,pedestrian,car,pedestrian,car
2014,Motorcycle,Unknown,Motorcycle,NA,motorcycle,truck,motorcycle,truck,motorcycle,NOV,motorcycle,car,motorcycle,car
2014,Pedestrian,Unknown,Pedestrian,NA,pedestrian,car,pedestrian,motorcycle,pedestrian,truck,pedestrian,car,pedestrian,car
2013,Heavy transport,Trucks,Heavy transport,Trucks,truck,truck,truck,truck,truck,truck,truck,truck,truck,truck
2013,Motorcycle,Car/pick-up/van,Motorcycle,Car/pick-up/van,motorcycle,car,motorcycle,car,motorcycle,car,motorcycle,car,motorcycle,car
2013,Pedestrian,Car/pick-up/van,Pedestrian,Car/pick-up/van,pedestrian,car,pedestrian,car,pedestrian,car,pedestrian,car,pedestrian,car
2013,Pedestrian,Unknown,Pedestrian,NA,pedestrian,truck,pedestrian,motorcycle,pedestrian,car,pedestrian,car,pedestrian,car
2013,Motorcycle,Trucks,Motorcycle,Trucks,motorcycle,truck,motorcycle,truck,motorcycle,truck,motorcycle,truck,motorcycle,truck
2013,Pedestrian,Unknown,Pedestrian,NA,pedestrian,truck,pedestrian,truck,pedestrian,motorcycle,pedestrian,car,pedestrian,truck
2013,Pedestrian,Unknown,Pedestrian,NA,pedestrian,motorcycle,pedestrian,car,pedestrian,car,pedestrian,car,pedestrian,car
2013,Pedestrian,Unknown,Pedestrian,NA,pedestrian,car,pedestrian,car,pedestrian,car,pedestrian,car,pedestrian,truck
2013,Motorcycle,Car/pick-up/van,Motorcycle,Car/pick-up/van,motorcycle,car,motorcycle,car,motorcycle,car,motorcycle,car,motorcycle,car
2013,Pedestrian,Bus,Pedestrian,Bus,pedestrian,bus,pedestrian,bus,pedestrian,bus,pedestrian,bus,pedestrian,bus
2013,Motorcycle,Unknown,Motorcycle,NA,motorcycle,car,motorcycle,bus,motorcycle,truck,motorcycle,NOV,motorcycle,truck
2013,Pedal Cycle,Car/pick-up/van,Pedal Cycle,Car/pick-up/van,cycle,car,cycle,car,cycle,car,cycle,car,cycle,car
2013,Pedestrian,Car/pick-up/van,Pedestrian,Car/pick-up/van,pedestrian,car,pedestrian,car,pedestrian,car,pedestrian,car,pedestrian,car
2014,Motorcycle,No other/fixed or stationary object,Motorcycle,No other/fixed or stationary object,motorcycle,NOV,motorcycle,NOV,motorcycle,NOV,motorcycle,NOV,motorcycle,NOV
2014,Motorcycle,Unknown,Motorcycle,NA,motorcycle,truck,motorcycle,car,motorcycle,NOV,motorcycle,truck,motorcycle,car
2014,Pedestrian,Car/pick-up/van,Pedestrian,Car/pick-up/van,pedestrian,car,pedestrian,car,pedestrian,car,pedestrian,car,pedestrian,car
2014,Motorcycle,Car/pick-up/van,Motorcycle,Car/pick-up/van,motorcycle,car,motorcycle,car,motorcycle,car,motorcycle,car,motorcycle,car
2014,Pedestrian,Unknown,Pedestrian,NA,pedestrian,car,pedestrian,motorcycle,pedestrian,car,pedestrian,car,pedestrian,bus
2014,Pedestrian,Unknown,Pedestrian,NA,pedestrian,car,pedestrian,car,pedestrian,motorcycle,pedestrian,motorcycle,pedestrian,motorcycle
2014,Motorcycle,Unknown,Motorcycle,NA,motorcycle,truck,motorcycle,NOV,motorcycle,car,motorcycle,bus,motorcycle,car
2014,Pedestrian,Bus,Pedestrian,Bus,pedestrian,bus,pedestrian,bus,pedestrian,bus,pedestrian,bus,pedestrian,bus
2014,Pedestrian,Car/pick-up/van,Pedestrian,Car/pick-up/van,pedestrian,car,pedestrian,car,pedestrian,car,pedestrian,car,pedestrian,car
2014,Pedestrian,2/3 Wheeled,Pedestrian,2/3 Wheeled,pedestrian,motorcycle,pedestrian,motorcycle,pedestrian,motorcycle,pedestrian,motorcycle,pedestrian,motorcycle
2014,Motorcycle,Car/pick-up/van,Motorcycle,Car/pick-up/van,motorcycle,car,motorcycle,car,motorcycle,car,motorcycle,car,motorcycle,car
2014,Pedestrian,Car/pick-up/van,Pedestrian,Car/pick-up/van,pedestrian,car,pedestrian,car,pedestrian,car,pedestrian,car,pedestrian,car
2014,Pedestrian,Unknown,Pedestrian,NA,pedestrian,truck,pedestrian,motorcycle,pedestrian,car,pedestrian,motorcycle,pedestrian,motorcycle
2013,Pedal Cycle,Car/pick-up/van,Pedal Cycle,Car/pick-up/van,cycle,car,cycle,car,cycle,car,cycle,car,cycle,car
2013,Other,unspecified,Other,NA,other,NOV,other,truck,other,NOV,other,bus,other,truck
2013,Pedestrian,Car/pick-up/van,Pedestrian,Car/pick-up/van,pedestrian,car,pedestrian,car,pedestrian,car,pedestrian,car,pedestrian,car
2013,Pedestrian,Trucks,Pedestrian,Trucks,pedestrian,truck,pedestrian,truck,pedestrian,truck,pedestrian,truck,pedestrian,truck
2013,Pedestrian,Unknown,Pedestrian,NA,pedestrian,truck,pedestrian,car,pedestrian,car,pedestrian,car,pedestrian,motorcycle
2013,Motorcycle,Car/pick-up/van,Motorcycle,Car/pick-up/van,motorcycle,car,motorcycle,car,motorcycle,car,motorcycle,car,motorcycle,car
2013,Motorcycle,No other/fixed or stationary object,Motorcycle,No other/fixed or stationary object,motorcycle,NOV,motorcycle,NOV,motorcycle,NOV,motorcycle,NOV,motorcycle,NOV
2013,Pedestrian,Unknown,Pedestrian,NA,pedestrian,car,pedestrian,car,pedestrian,truck,pedestrian,car,pedestrian,bus
2013,Pedestrian,Unknown,Pedestrian,NA,pedestrian,car,pedestrian,motorcycle,pedestrian,bus,pedestrian,car,pedestrian,car
2013,Motorcycle,Trucks,Motorcycle,Trucks,motorcycle,truck,motorcycle,truck,motorcycle,truck,motorcycle,truck,motorcycle,truck
2014,Pedestrian,2/3 Wheeled,Pedestrian,2/3 Wheeled,pedestrian,motorcycle,pedestrian,motorcycle,pedestrian,motorcycle,pedestrian,motorcycle,pedestrian,motorcycle
2014,Pedestrian,2/3 Wheeled,Pedestrian,2/3 Wheeled,pedestrian,motorcycle,pedestrian,motorcycle,pedestrian,motorcycle,pedestrian,motorcycle,pedestrian,motorcycle
2014,Pedestrian,Unknown,Pedestrian,NA,pedestrian,bus,pedestrian,truck,pedestrian,motorcycle,pedestrian,truck,pedestrian,car
2014,3Wheeled,Car/pick-up/van,3Wheeled,Car/pick-up/van,motorcycle,car,motorcycle,car,motorcycle,car,motorcycle,car,motorcycle,car
2014,Motorcycle,Unknown,Motorcycle,NA,motorcycle,NOV,motorcycle,truck,motorcycle,truck,motorcycle,car,motorcycle,car
2014,Motorcycle,Unknown,Motorcycle,NA,motorcycle,truck,motorcycle,car,motorcycle,NOV,motorcycle,truck,motorcycle,truck
2014,Pedestrian,2/3 Wheeled,Pedestrian,2/3 Wheeled,pedestrian,motorcycle,pedestrian,motorcycle,pedestrian,motorcycle,pedestrian,motorcycle,pedestrian,motorcycle
2014,Pedestrian,Trucks,Pedestrian,Trucks,pedestrian,truck,pedestrian,truck,pedestrian,truck,pedestrian,truck,pedestrian,truck
2013,Pedestrian,Unknown,Pedestrian,NA,pedestrian,car,pedestrian,motorcycle,pedestrian,motorcycle,pedestrian,car,pedestrian,car
2013,Pedestrian,Bus,Pedestrian,Bus,pedestrian,bus,pedestrian,bus,pedestrian,bus,pedestrian,bus,pedestrian,bus
2013,Pedestrian,Trucks,Pedestrian,Trucks,pedestrian,truck,pedestrian,truck,pedestrian,truck,pedestrian,truck,pedestrian,truck
2013,Motorcycle,Car/pick-up/van,Motorcycle,Car/pick-up/van,motorcycle,car,motorcycle,car,motorcycle,car,motorcycle,car,motorcycle,car
2013,Other,unspecified,Other,NA,other,truck,other,truck,other,NOV,other,NOV,other,truck
2014,Pedal Cycle,Trucks,Pedal Cycle,Trucks,cycle,truck,cycle,truck,cycle,truck,cycle,truck,cycle,truck
2014,Motorcycle,Unknown,Motorcycle,NA,motorcycle,truck,motorcycle,truck,motorcycle,car,motorcycle,bus,motorcycle,car
2014,Motorcycle,Unknown,Motorcycle,NA,motorcycle,car,motorcycle,truck,motorcycle,car,motorcycle,car,motorcycle,car
2013,Unknown,unspecified,NA,NA,pedestrian,car,pedestrian,car,pedestrian,car,pedestrian,car,pedestrian,car
2013,Motorcycle,Unknown,Motorcycle,NA,motorcycle,car,motorcycle,truck,motorcycle,bus,motorcycle,car,motorcycle,NOV
2013,3Wheeled,No other/fixed or stationary object,3Wheeled,No other/fixed or stationary object,motorcycle,NOV,motorcycle,NOV,motorcycle,NOV,motorcycle,NOV,motorcycle,NOV
2013,Motorcycle,Car/pick-up/van,Motorcycle,Car/pick-up/van,motorcycle,car,motorcycle,car,motorcycle,car,motorcycle,car,motorcycle,car
2013,Motorcycle,Bus,Motorcycle,Bus,motorcycle,bus,motorcycle,bus,motorcycle,bus,motorcycle,bus,motorcycle,bus
2013,Motorcycle,No other/fixed or stationary object,Motorcycle,No other/fixed or stationary object,motorcycle,NOV,motorcycle,NOV,motorcycle,NOV,motorcycle,NOV,motorcycle,NOV
2013,Pedestrian,Unknown,Pedestrian,NA,pedestrian,bus,pedestrian,car,pedestrian,car,pedestrian,bus,pedestrian,car
2013,Pedestrian,Unknown,Pedestrian,NA,pedestrian,bus,pedestrian,truck,pedestrian,car,pedestrian,car,pedestrian,car
2013,Pedestrian,Car/pick-up/van,Pedestrian,Car/pick-up/van,pedestrian,car,pedestrian,car,pedestrian,car,pedestrian,car,pedestrian,car
2013,Motorcycle,Unknown,Motorcycle,NA,motorcycle,car,motorcycle,car,motorcycle,car,motorcycle,NOV,motorcycle,truck
2013,Pedestrian,Bus,Pedestrian,Bus,pedestrian,bus,pedestrian,bus,pedestrian,bus,pedestrian,bus,pedestrian,bus
2013,Pedal Cycle,Car/pick-up/van,Pedal Cycle,Car/pick-up/van,cycle,car,cycle,car,cycle,car,cycle,car,cycle,car
2013,Pedestrian,Car/pick-up/van,Pedestrian,Car/pick-up/van,pedestrian,car,pedestrian,car,pedestrian,car,pedestrian,car,pedestrian,car
2013,Motorcycle,Trucks,Motorcycle,Trucks,motorcycle,truck,motorcycle,truck,motorcycle,truck,motorcycle,truck,motorcycle,truck
2013,Motorcycle,Unknown,Motorcycle,NA,motorcycle,truck,motorcycle,bus,motorcycle,truck,motorcycle,NOV,motorcycle,bus
2014,3Wheeled,Car/pick-up/van,3Wheeled,Car/pick-up/van,motorcycle,car,motorcycle,car,motorcycle,car,motorcycle,car,motorcycle,car
2014,Motorcycle,2/3 Wheeled,Motorcycle,2/3 Wheeled,motorcycle,motorcycle,motorcycle,motorcycle,motorcycle,motorcycle,motorcycle,motorcycle,motorcycle,motorcycle
2014,Motorcycle,No other/fixed or stationary object,Motorcycle,No other/fixed or stationary object,motorcycle,NOV,motorcycle,NOV,motorcycle,NOV,motorcycle,NOV,motorcycle,NOV
2014,Pedestrian,Bus,Pedestrian,Bus,pedestrian,bus,pedestrian,bus,pedestrian,bus,pedestrian,bus,pedestrian,bus
2014,Motorcycle,Trucks,Motorcycle,Trucks,motorcycle,truck,motorcycle,truck,motorcycle,truck,motorcycle,truck,motorcycle,truck
2014,Motorcycle,unspecified,Motorcycle,NA,motorcycle,motorcycle,motorcycle,bus,motorcycle,truck,motorcycle,car,motorcycle,car
2014,Car,No other/fixed or stationary object,Car,No other/fixed or stationary object,car,NOV,car,NOV,car,NOV,car,NOV,car,NOV
2014,Pedestrian,Unknown,Pedestrian,NA,pedestrian,motorcycle,pedestrian,car,pedestrian,motorcycle,pedestrian,truck,pedestrian,motorcycle
2014,Pedestrian,Trucks,Pedestrian,Trucks,pedestrian,truck,pedestrian,truck,pedestrian,truck,pedestrian,truck,pedestrian,truck
2014,Pedestrian,Bus,Pedestrian,Bus,pedestrian,bus,pedestrian,bus,pedestrian,bus,pedestrian,bus,pedestrian,bus
2014,Pedestrian,2/3 Wheeled,Pedestrian,2/3 Wheeled,pedestrian,motorcycle,pedestrian,motorcycle,pedestrian,motorcycle,pedestrian,motorcycle,pedestrian,motorcycle
2013,Motorcycle,Car/pick-up/van,Motorcycle,Car/pick-up/van,motorcycle,car,motorcycle,car,motorcycle,car,motorcycle,car,motorcycle,car
2013,Motorcycle,Trucks,Motorcycle,Trucks,motorcycle,truck,motorcycle,truck,motorcycle,truck,motorcycle,truck,motorcycle,truck
2013,Pedestrian,Unknown,Pedestrian,NA,pedestrian,car,pedestrian,car,pedestrian,motorcycle,pedestrian,motorcycle,pedestrian,motorcycle
2013,Pedestrian,Unknown,Pedestrian,NA,pedestrian,car,pedestrian,car,pedestrian,car,pedestrian,truck,pedestrian,bus
2013,Motorcycle,Trucks,Motorcycle,Trucks,motorcycle,truck,motorcycle,truck,motorcycle,truck,motorcycle,truck,motorcycle,truck
2013,Pedestrian,Unknown,Pedestrian,NA,pedestrian,bus,pedestrian,motorcycle,pedestrian,car,pedestrian,car,pedestrian,motorcycle
2013,Motorcycle,Unknown,Motorcycle,NA,motorcycle,truck,motorcycle,car,motorcycle,car,motorcycle,bus,motorcycle,motorcycle
2013,Motorcycle,Unknown,Motorcycle,NA,motorcycle,car,motorcycle,truck,motorcycle,car,motorcycle,car,motorcycle,car
2013,Pedestrian,Unknown,Pedestrian,NA,pedestrian,car,pedestrian,car,pedestrian,truck,pedestrian,car,pedestrian,car
2013,Pedestrian,Unknown,Pedestrian,NA,pedestrian,motorcycle,pedestrian,truck,pedestrian,car,pedestrian,motorcycle,pedestrian,truck
2013,Pedestrian,Bus,Pedestrian,Bus,pedestrian,bus,pedestrian,bus,pedestrian,bus,pedestrian,bus,pedestrian,bus
2013,Motorcycle,Car/pick-up/van,Motorcycle,Car/pick-up/van,motorcycle,car,motorcycle,car,motorcycle,car,motorcycle,car,motorcycle,car
2013,Pedestrian,Unknown,Pedestrian,NA,pedestrian,truck,pedestrian,car,pedestrian,car,pedestrian,bus,pedestrian,car
2013,Motorcycle,Car/pick-up/van,Motorcycle,Car/pick-up/van,motorcycle,car,motorcycle,car,motorcycle,car,motorcycle,car,motorcycle,car
2013,Motorcycle,Trucks,Motorcycle,Trucks,motorcycle,truck,motorcycle,truck,motorcycle,truck,motorcycle,truck,motorcycle,truck
2013,Heavy transport,No other/fixed or stationary object,Heavy transport,No other/fixed or stationary object,truck,NOV,truck,NOV,truck,NOV,truck,NOV,truck,NOV
2013,Motorcycle,Unknown,Motorcycle,NA,motorcycle,car,motorcycle,bus,motorcycle,car,motorcycle,car,motorcycle,car
2013,Motorcycle,Unknown,Motorcycle,NA,motorcycle,truck,motorcycle,car,motorcycle,car,motorcycle,car,motorcycle,car
2013,Motorcycle,Unknown,Motorcycle,NA,motorcycle,bus,motorcycle,truck,motorcycle,car,motorcycle,truck,motorcycle,car
2013,Motorcycle,Trucks,Motorcycle,Trucks,motorcycle,truck,motorcycle,truck,motorcycle,truck,motorcycle,truck,motorcycle,truck
2013,Motorcycle,Unknown,Motorcycle,NA,motorcycle,car,motorcycle,car,motorcycle,truck,motorcycle,NOV,motorcycle,truck
2013,Motorcycle,Unknown,Motorcycle,NA,motorcycle,truck,motorcycle,bus,motorcycle,motorcycle,motorcycle,car,motorcycle,bus
2013,Pedestrian,Unknown,Pedestrian,NA,pedestrian,car,pedestrian,truck,pedestrian,motorcycle,pedestrian,car,pedestrian,truck
2014,Pedestrian,Unknown,Pedestrian,NA,pedestrian,car,pedestrian,car,pedestrian,bus,pedestrian,motorcycle,pedestrian,bus
2014,Pedestrian,Car/pick-up/van,Pedestrian,Car/pick-up/van,pedestrian,car,pedestrian,car,pedestrian,car,pedestrian,car,pedestrian,car
2014,Motorcycle,Car/pick-up/van,Motorcycle,Car/pick-up/van,motorcycle,car,motorcycle,car,motorcycle,car,motorcycle,car,motorcycle,car
2014,Pedestrian,Unknown,Pedestrian,NA,pedestrian,car,pedestrian,car,pedestrian,car,pedestrian,car,pedestrian,motorcycle
2014,Car,Trucks,Car,Trucks,car,truck,car,truck,car,truck,car,truck,car,truck
2014,Car,Trucks,Car,Trucks,car,truck,car,truck,car,truck,car,truck,car,truck
2014,Pedestrian,Car/pick-up/van,Pedestrian,Car/pick-up/van,pedestrian,car,pedestrian,car,pedestrian,car,pedestrian,car,pedestrian,car
2014,Pedestrian,Unknown,Pedestrian,NA,pedestrian,car,pedestrian,car,pedestrian,car,pedestrian,car,pedestrian,motorcycle
2014,Pedestrian,Unknown,Pedestrian,NA,pedestrian,bus,pedestrian,car,pedestrian,car,pedestrian,car,pedestrian,car
2014,Motorcycle,Bus,Motorcycle,Bus,motorcycle,bus,motorcycle,bus,motorcycle,bus,motorcycle,bus,motorcycle,bus
2014,Pedestrian,Unknown,Pedestrian,NA,pedestrian,car,pedestrian,truck,pedestrian,car,pedestrian,motorcycle,pedestrian,car
2014,Pedestrian,Car/pick-up/van,Pedestrian,Car/pick-up/van,pedestrian,car,pedestrian,car,pedestrian,car,pedestrian,car,pedestrian,car
2014,Pedestrian,Car/pick-up/van,Pedestrian,Car/pick-up/van,pedestrian,car,pedestrian,car,pedestrian,car,pedestrian,car,pedestrian,car
2014,Heavy transport,Trucks,Heavy transport,Trucks,truck,truck,truck,truck,truck,truck,truck,truck,truck,truck
2014,Motorcycle,Trucks,Motorcycle,Trucks,motorcycle,truck,motorcycle,truck,motorcycle,truck,motorcycle,truck,motorcycle,truck
2014,Motorcycle,No other/fixed or stationary object,Motorcycle,No other/fixed or stationary object,motorcycle,NOV,motorcycle,NOV,motorcycle,NOV,motorcycle,NOV,motorcycle,NOV
2014,Pedestrian,Unknown,Pedestrian,NA,pedestrian,car,pedestrian,motorcycle,pedestrian,car,pedestrian,car,pedestrian,car
2014,Pedal Cycle,Trucks,Pedal Cycle,Trucks,cycle,truck,cycle,truck,cycle,truck,cycle,truck,cycle,truck
2014,Pedestrian,Car/pick-up/van,Pedestrian,Car/pick-up/van,pedestrian,car,pedestrian,car,pedestrian,car,pedestrian,car,pedestrian,car
2014,Motorcycle,Unknown,Motorcycle,NA,motorcycle,truck,motorcycle,truck,motorcycle,bus,motorcycle,NOV,motorcycle,motorcycle
2014,Motorcycle,Trucks,Motorcycle,Trucks,motorcycle,truck,motorcycle,truck,motorcycle,truck,motorcycle,truck,motorcycle,truck
2014,Motorcycle,No other/fixed or stationary object,Motorcycle,No other/fixed or stationary object,motorcycle,NOV,motorcycle,NOV,motorcycle,NOV,motorcycle,NOV,motorcycle,NOV
2014,Pedestrian,Bus,Pedestrian,Bus,pedestrian,bus,pedestrian,bus,pedestrian,bus,pedestrian,bus,pedestrian,bus
2014,Pedestrian,Bus,Pedestrian,Bus,pedestrian,bus,pedestrian,bus,pedestrian,bus,pedestrian,bus,pedestrian,bus
2014,Motorcycle,Unknown,Motorcycle,NA,motorcycle,truck,motorcycle,NOV,motorcycle,car,motorcycle,car,motorcycle,truck
2013,Pedestrian,Unknown,Pedestrian,NA,pedestrian,car,pedestrian,car,pedestrian,truck,pedestrian,bus,pedestrian,motorcycle
2013,Pedestrian,Unknown,Pedestrian,NA,pedestrian,motorcycle,pedestrian,bus,pedestrian,car,pedestrian,car,pedestrian,truck
2013,Heavy transport,Car/pick-up/van,Heavy transport,Car/pick-up/van,truck,car,truck,car,truck,car,truck,car,truck,car
2013,Motorcycle,Unknown,Motorcycle,NA,motorcycle,car,motorcycle,truck,motorcycle,car,motorcycle,truck,motorcycle,motorcycle
2013,Pedestrian,Unknown,Pedestrian,NA,pedestrian,car,pedestrian,bus,pedestrian,truck,pedestrian,car,pedestrian,truck
2013,Pedal Cycle,Car/pick-up/van,Pedal Cycle,Car/pick-up/van,cycle,car,cycle,car,cycle,car,cycle,car,cycle,car
2013,Heavy transport,Car/pick-up/van,Heavy transport,Car/pick-up/van,truck,car,truck,car,truck,car,truck,car,truck,car
2013,Motorcycle,Trucks,Motorcycle,Trucks,motorcycle,truck,motorcycle,truck,motorcycle,truck,motorcycle,truck,motorcycle,truck
2013,Pedal Cycle,Unknown,Pedal Cycle,NA,cycle,bus,cycle,car,cycle,truck,cycle,truck,cycle,bus
2013,Pedal Cycle,Unknown,Pedal Cycle,NA,cycle,car,cycle,car,cycle,truck,cycle,truck,cycle,truck
2013,Motorcycle,Car/pick-up/van,Motorcycle,Car/pick-up/van,motorcycle,car,motorcycle,car,motorcycle,car,motorcycle,car,motorcycle,car
2013,Other,Unknown,Other,NA,other,truck,other,car,other,car,other,NOV,other,truck
2013,Pedestrian,Unknown,Pedestrian,NA,pedestrian,car,pedestrian,motorcycle,pedestrian,bus,pedestrian,motorcycle,pedestrian,truck
2013,Motorcycle,Unknown,Motorcycle,NA,motorcycle,motorcycle,motorcycle,car,motorcycle,car,motorcycle,truck,motorcycle,car
2013,Pedal Cycle,Trucks,Pedal Cycle,Trucks,cycle,truck,cycle,truck,cycle,truck,cycle,truck,cycle,truck
2013,Motorcycle,Unknown,Motorcycle,NA,motorcycle,car,motorcycle,car,motorcycle,NOV,motorcycle,NOV,motorcycle,car
2014,Pedestrian,Unknown,Pedestrian,NA,pedestrian,car,pedestrian,motorcycle,pedestrian,truck,pedestrian,bus,pedestrian,truck
2014,Pedestrian,Unknown,Pedestrian,NA,pedestrian,bus,pedestrian,truck,pedestrian,motorcycle,pedestrian,car,pedestrian,truck
2014,Other,unspecified,Other,NA,other,car,other,car,other,NOV,other,bus,other,car
2014,Motorcycle,Unknown,Motorcycle,NA,motorcycle,truck,motorcycle,motorcycle,motorcycle,truck,motorcycle,NOV,motorcycle,car
2014,Pedestrian,Trucks,Pedestrian,Trucks,pedestrian,truck,pedestrian,truck,pedestrian,truck,pedestrian,truck,pedestrian,truck
2014,Pedestrian,Unknown,Pedestrian,NA,pedestrian,motorcycle,pedestrian,car,pedestrian,car,pedestrian,bus,pedestrian,motorcycle
2014,Pedestrian,Car/pick-up/van,Pedestrian,Car/pick-up/van,pedestrian,car,pedestrian,car,pedestrian,car,pedestrian,car,pedestrian,car
2014,Car,No other/fixed or stationary object,Car,No other/fixed or stationary object,car,NOV,car,NOV,car,NOV,car,NOV,car,NOV
2014,Heavy transport,No other/fixed or stationary object,Heavy transport,No other/fixed or stationary object,truck,NOV,truck,NOV,truck,NOV,truck,NOV,truck,NOV
2014,Pedestrian,Unknown,Pedestrian,NA,pedestrian,bus,pedestrian,motorcycle,pedestrian,car,pedestrian,truck,pedestrian,car
2014,Pedestrian,Unknown,Pedestrian,NA,pedestrian,truck,pedestrian,car,pedestrian,bus,pedestrian,car,pedestrian,motorcycle
2014,Pedestrian,Unknown,Pedestrian,NA,pedestrian,car,pedestrian,motorcycle,pedestrian,motorcycle,pedestrian,motorcycle,pedestrian,car
2014,Motorcycle,Car/pick-up/van,Motorcycle,Car/pick-up/van,motorcycle,car,motorcycle,car,motorcycle,car,motorcycle,car,motorcycle,car
2014,Motorcycle,Trucks,Motorcycle,Trucks,motorcycle,truck,motorcycle,truck,motorcycle,truck,motorcycle,truck,motorcycle,truck
2014,Pedestrian,Car/pick-up/van,Pedestrian,Car/pick-up/van,pedestrian,car,pedestrian,car,pedestrian,car,pedestrian,car,pedestrian,car
2014,Pedestrian,Car/pick-up/van,Pedestrian,Car/pick-up/van,pedestrian,car,pedestrian,car,pedestrian,car,pedestrian,car,pedestrian,car
2014,Pedestrian,Unknown,Pedestrian,NA,pedestrian,car,pedestrian,car,pedestrian,truck,pedestrian,car,pedestrian,car
2014,Pick-up truck/van,No other/fixed or stationary object,Pick-up truck/van,No other/fixed or stationary object,car,NOV,car,NOV,car,NOV,car,NOV,car,NOV
2014,Motorcycle,Unknown,Motorcycle,NA,motorcycle,car,motorcycle,car,motorcycle,truck,motorcycle,truck,motorcycle,car
2014,Pedestrian,Car/pick-up/van,Pedestrian,Car/pick-up/van,pedestrian,car,pedestrian,car,pedestrian,car,pedestrian,car,pedestrian,car
2013,Car,Trucks,Car,Trucks,car,truck,car,truck,car,truck,car,truck,car,truck
2013,Pedestrian,Unknown,Pedestrian,NA,pedestrian,truck,pedestrian,motorcycle,pedestrian,car,pedestrian,car,pedestrian,bus
2013,Motorcycle,Trucks,Motorcycle,Trucks,motorcycle,truck,motorcycle,truck,motorcycle,truck,motorcycle,truck,motorcycle,truck
2013,Pedestrian,Unknown,Pedestrian,NA,pedestrian,bus,pedestrian,car,pedestrian,truck,pedestrian,car,pedestrian,car
2013,Pedestrian,Car/pick-up/van,Pedestrian,Car/pick-up/van,pedestrian,car,pedestrian,car,pedestrian,car,pedestrian,car,pedestrian,car
2013,Car,No other/fixed or stationary object,Car,No other/fixed or stationary object,car,NOV,car,NOV,car,NOV,car,NOV,car,NOV
2013,Pedestrian,Unknown,Pedestrian,NA,pedestrian,car,pedestrian,motorcycle,pedestrian,truck,pedestrian,car,pedestrian,truck
2013,Pedestrian,Unknown,Pedestrian,NA,pedestrian,car,pedestrian,car,pedestrian,car,pedestrian,car,pedestrian,car
2013,Pedestrian,Unknown,Pedestrian,NA,pedestrian,motorcycle,pedestrian,truck,pedestrian,car,pedestrian,car,pedestrian,truck
2013,Motorcycle,Unknown,Motorcycle,NA,motorcycle,truck,motorcycle,car,motorcycle,NOV,motorcycle,car,motorcycle,motorcycle
2013,Pedestrian,Bus,Pedestrian,Bus,pedestrian,bus,pedestrian,bus,pedestrian,bus,pedestrian,bus,pedestrian,bus
2013,Pedestrian,Car/pick-up/van,Pedestrian,Car/pick-up/van,pedestrian,car,pedestrian,car,pedestrian,car,pedestrian,car,pedestrian,car
2013,Pedestrian,Car/pick-up/van,Pedestrian,Car/pick-up/van,pedestrian,car,pedestrian,car,pedestrian,car,pedestrian,car,pedestrian,car
2014,Motorcycle,Car/pick-up/van,Motorcycle,Car/pick-up/van,motorcycle,car,motorcycle,car,motorcycle,car,motorcycle,car,motorcycle,car
2014,Motorcycle,Unknown,Motorcycle,NA,motorcycle,bus,motorcycle,car,motorcycle,bus,motorcycle,truck,motorcycle,truck
2014,3Wheeled,Car/pick-up/van,3Wheeled,Car/pick-up/van,motorcycle,car,motorcycle,car,motorcycle,car,motorcycle,car,motorcycle,car
2014,Car,Car/pick-up/van,Car,Car/pick-up/van,car,car,car,car,car,car,car,car,car,car
2014,Pedestrian,Unknown,Pedestrian,NA,pedestrian,car,pedestrian,car,pedestrian,car,pedestrian,truck,pedestrian,motorcycle
2014,Car,No other/fixed or stationary object,Car,No other/fixed or stationary object,car,NOV,car,NOV,car,NOV,car,NOV,car,NOV
2014,Motorcycle,Bus,Motorcycle,Bus,motorcycle,bus,motorcycle,bus,motorcycle,bus,motorcycle,bus,motorcycle,bus
2014,Motorcycle,Unknown,Motorcycle,NA,motorcycle,truck,motorcycle,car,motorcycle,NOV,motorcycle,bus,motorcycle,car
2014,Motorcycle,Unknown,Motorcycle,NA,motorcycle,NOV,motorcycle,NOV,motorcycle,truck,motorcycle,car,motorcycle,NOV
2014,Pedestrian,Car/pick-up/van,Pedestrian,Car/pick-up/van,pedestrian,car,pedestrian,car,pedestrian,car,pedestrian,car,pedestrian,car
2013,Motorcycle,Unknown,Motorcycle,NA,motorcycle,motorcycle,motorcycle,truck,motorcycle,car,motorcycle,bus,motorcycle,truck
2013,Pedestrian,Unknown,Pedestrian,NA,pedestrian,motorcycle,pedestrian,bus,pedestrian,bus,pedestrian,motorcycle,pedestrian,motorcycle
2013,3Wheeled,Car/pick-up/van,3Wheeled,Car/pick-up/van,motorcycle,car,motorcycle,car,motorcycle,car,motorcycle,car,motorcycle,car
2013,Other,Unknown,Other,NA,other,car,other,truck,other,car,other,car,other,car
2013,Unknown,unspecified,NA,NA,cycle,car,pedestrian,truck,pedestrian,motorcycle,pedestrian,bus,motorcycle,truck
2013,Car,Unknown,Car,NA,car,car,car,NOV,car,NOV,car,truck,car,NOV
2014,Motorcycle,No other/fixed or stationary object,Motorcycle,No other/fixed or stationary object,motorcycle,NOV,motorcycle,NOV,motorcycle,NOV,motorcycle,NOV,motorcycle,NOV
2014,Motorcycle,Trucks,Motorcycle,Trucks,motorcycle,truck,motorcycle,truck,motorcycle,truck,motorcycle,truck,motorcycle,truck
2014,Pedestrian,Unknown,Pedestrian,NA,pedestrian,car,pedestrian,car,pedestrian,motorcycle,pedestrian,car,pedestrian,car
2014,Pedestrian,Unknown,Pedestrian,NA,pedestrian,bus,pedestrian,truck,pedestrian,motorcycle,pedestrian,motorcycle,pedestrian,motorcycle
2014,Pedestrian,Bus,Pedestrian,Bus,pedestrian,bus,pedestrian,bus,pedestrian,bus,pedestrian,bus,pedestrian,bus
2014,Pedestrian,2/3 Wheeled,Pedestrian,2/3 Wheeled,pedestrian,motorcycle,pedestrian,motorcycle,pedestrian,motorcycle,pedestrian,motorcycle,pedestrian,motorcycle
2014,Pedestrian,Unknown,Pedestrian,NA,pedestrian,truck,pedestrian,car,pedestrian,car,pedestrian,motorcycle,pedestrian,motorcycle
2014,Pedestrian,Unknown,Pedestrian,NA,pedestrian,car,pedestrian,car,pedestrian,bus,pedestrian,car,pedestrian,bus
2013,Other,Unknown,Other,NA,other,car,other,truck,other,car,other,truck,other,NOV
2013,Pedestrian,Unknown,Pedestrian,NA,pedestrian,bus,pedestrian,bus,pedestrian,car,pedestrian,car,pedestrian,truck
2013,Motorcycle,Car/pick-up/van,Motorcycle,Car/pick-up/van,motorcycle,car,motorcycle,car,motorcycle,car,motorcycle,car,motorcycle,car
2013,Motorcycle,Trucks,Motorcycle,Trucks,motorcycle,truck,motorcycle,truck,motorcycle,truck,motorcycle,truck,motorcycle,truck
2013,Motorcycle,Unknown,Motorcycle,NA,motorcycle,car,motorcycle,car,motorcycle,car,motorcycle,NOV,motorcycle,car
2013,Pedal Cycle,Trucks,Pedal Cycle,Trucks,cycle,truck,cycle,truck,cycle,truck,cycle,truck,cycle,truck
2013,Pedestrian,2/3 Wheeled,Pedestrian,2/3 Wheeled,pedestrian,motorcycle,pedestrian,motorcycle,pedestrian,motorcycle,pedestrian,motorcycle,pedestrian,motorcycle
2013,Motorcycle,Unknown,Motorcycle,NA,motorcycle,NOV,motorcycle,bus,motorcycle,bus,motorcycle,NOV,motorcycle,car
2013,Pedestrian,Unknown,Pedestrian,NA,pedestrian,truck,pedestrian,bus,pedestrian,car,pedestrian,car,pedestrian,motorcycle
2013,Motorcycle,Trucks,Motorcycle,Trucks,motorcycle,truck,motorcycle,truck,motorcycle,truck,motorcycle,truck,motorcycle,truck
2013,Motorcycle,Trucks,Motorcycle,Trucks,motorcycle,truck,motorcycle,truck,motorcycle,truck,motorcycle,truck,motorcycle,truck
2013,Motorcycle,Bus,Motorcycle,Bus,motorcycle,bus,motorcycle,bus,motorcycle,bus,motorcycle,bus,motorcycle,bus
2013,Motorcycle,No other/fixed or stationary object,Motorcycle,No other/fixed or stationary object,motorcycle,NOV,motorcycle,NOV,motorcycle,NOV,motorcycle,NOV,motorcycle,NOV
2013,Bus,Bus,Bus,Bus,bus,bus,bus,bus,bus,bus,bus,bus,bus,bus
2013,Pedal Cycle,Unknown,Pedal Cycle,NA,cycle,truck,cycle,car,cycle,car,cycle,car,cycle,bus
2014,Motorcycle,Unknown,Motorcycle,NA,motorcycle,motorcycle,motorcycle,NOV,motorcycle,truck,motorcycle,car,motorcycle,truck
2014,Motorcycle,Unknown,Motorcycle,NA,motorcycle,NOV,motorcycle,truck,motorcycle,car,motorcycle,NOV,motorcycle,car
2014,Pedestrian,Unknown,Pedestrian,NA,pedestrian,car,pedestrian,truck,pedestrian,car,pedestrian,bus,pedestrian,motorcycle
2014,Pedestrian,2/3 Wheeled,Pedestrian,2/3 Wheeled,pedestrian,motorcycle,pedestrian,motorcycle,pedestrian,motorcycle,pedestrian,motorcycle,pedestrian,motorcycle
2014,Pedestrian,Bus,Pedestrian,Bus,pedestrian,bus,pedestrian,bus,pedestrian,bus,pedestrian,bus,pedestrian,bus
2014,Pedestrian,Bus,Pedestrian,Bus,pedestrian,bus,pedestrian,bus,pedestrian,bus,pedestrian,bus,pedestrian,bus
2014,Motorcycle,Car/pick-up/van,Motorcycle,Car/pick-up/van,motorcycle,car,motorcycle,car,motorcycle,car,motorcycle,car,motorcycle,car
2014,Motorcycle,Unknown,Motorcycle,NA,motorcycle,car,motorcycle,truck,motorcycle,car,motorcycle,bus,motorcycle,truck
2014,Pedestrian,Unknown,Pedestrian,NA,pedestrian,car,pedestrian,car,pedestrian,car,pedestrian,car,pedestrian,truck
2014,Pedestrian,Car/pick-up/van,Pedestrian,Car/pick-up/van,pedestrian,car,pedestrian,car,pedestrian,car,pedestrian,car,pedestrian,car
2014,Car,Trucks,Car,Trucks,car,truck,car,truck,car,truck,car,truck,car,truck
2013,Pedestrian,Car/pick-up/van,Pedestrian,Car/pick-up/van,pedestrian,car,pedestrian,car,pedestrian,car,pedestrian,car,pedestrian,car
2013,Motorcycle,No other/fixed or stationary object,Motorcycle,No other/fixed or stationary object,motorcycle,NOV,motorcycle,NOV,motorcycle,NOV,motorcycle,NOV,motorcycle,NOV
2013,Motorcycle,Bus,Motorcycle,Bus,motorcycle,bus,motorcycle,bus,motorcycle,bus,motorcycle,bus,motorcycle,bus
2013,Pedestrian,Bus,Pedestrian,Bus,pedestrian,bus,pedestrian,bus,pedestrian,bus,pedestrian,bus,pedestrian,bus
2013,3Wheeled,Car/pick-up/van,3Wheeled,Car/pick-up/van,motorcycle,car,motorcycle,car,motorcycle,car,motorcycle,car,motorcycle,car
2013,Pedestrian,Car/pick-up/van,Pedestrian,Car/pick-up/van,pedestrian,car,pedestrian,car,pedestrian,car,pedestrian,car,pedestrian,car
2013,Pedestrian,Unknown,Pedestrian,NA,pedestrian,car,pedestrian,car,pedestrian,car,pedestrian,car,pedestrian,car
2014,Car,Car/pick-up/van,Car,Car/pick-up/van,car,car,car,car,car,car,car,car,car,car
2014,Pedestrian,Car/pick-up/van,Pedestrian,Car/pick-up/van,pedestrian,car,pedestrian,car,pedestrian,car,pedestrian,car,pedestrian,car
2014,Car,Car/pick-up/van,Car,Car/pick-up/van,car,car,car,car,car,car,car,car,car,car
2013,Unknown,unspecified,NA,NA,motorcycle,bus,motorcycle,motorcycle,car,car,pedestrian,truck,pedestrian,truck
2013,Motorcycle,Trucks,Motorcycle,Trucks,motorcycle,truck,motorcycle,truck,motorcycle,truck,motorcycle,truck,motorcycle,truck
2013,Pedestrian,Bus,Pedestrian,Bus,pedestrian,bus,pedestrian,bus,pedestrian,bus,pedestrian,bus,pedestrian,bus
2013,Pedestrian,Unknown,Pedestrian,NA,pedestrian,motorcycle,pedestrian,motorcycle,pedestrian,car,pedestrian,bus,pedestrian,truck
2013,Other,unspecified,Other,NA,other,car,other,car,other,car,other,truck,other,NOV
2013,Motorcycle,Unknown,Motorcycle,NA,motorcycle,motorcycle,motorcycle,truck,motorcycle,truck,motorcycle,bus,motorcycle,car
2013,Pedestrian,Unknown,Pedestrian,NA,pedestrian,car,pedestrian,truck,pedestrian,car,pedestrian,car,pedestrian,bus
2013,Motorcycle,Unknown,Motorcycle,NA,motorcycle,car,motorcycle,truck,motorcycle,bus,motorcycle,car,motorcycle,car
2013,Pedestrian,Unknown,Pedestrian,NA,pedestrian,car,pedestrian,car,pedestrian,truck,pedestrian,truck,pedestrian,car
2013,Pedal Cycle,Trucks,Pedal Cycle,Trucks,cycle,truck,cycle,truck,cycle,truck,cycle,truck,cycle,truck
2013,Pedestrian,Car/pick-up/van,Pedestrian,Car/pick-up/van,pedestrian,car,pedestrian,car,pedestrian,car,pedestrian,car,pedestrian,car
2013,Pedestrian,Unknown,Pedestrian,NA,pedestrian,car,pedestrian,bus,pedestrian,motorcycle,pedestrian,motorcycle,pedestrian,truck
2013,Motorcycle,Trucks,Motorcycle,Trucks,motorcycle,truck,motorcycle,truck,motorcycle,truck,motorcycle,truck,motorcycle,truck
2014,Motorcycle,Unknown,Motorcycle,NA,motorcycle,car,motorcycle,NOV,motorcycle,car,motorcycle,car,motorcycle,car
2014,Pedestrian,Trucks,Pedestrian,Trucks,pedestrian,truck,pedestrian,truck,pedestrian,truck,pedestrian,truck,pedestrian,truck
2014,Motorcycle,Trucks,Motorcycle,Trucks,motorcycle,truck,motorcycle,truck,motorcycle,truck,motorcycle,truck,motorcycle,truck
2013,Heavy transport,Unknown,Heavy transport,NA,truck,car,truck,car,truck,car,truck,truck,truck,NOV
2013,Motorcycle,Bus,Motorcycle,Bus,motorcycle,bus,motorcycle,bus,motorcycle,bus,motorcycle,bus,motorcycle,bus
2013,Pedestrian,Car/pick-up/van,Pedestrian,Car/pick-up/van,pedestrian,car,pedestrian,car,pedestrian,car,pedestrian,car,pedestrian,car
2013,Car,Unknown,Car,NA,car,truck,car,motorcycle,car,truck,car,bus,car,bus
2013,Motorcycle,Car/pick-up/van,Motorcycle,Car/pick-up/van,motorcycle,car,motorcycle,car,motorcycle,car,motorcycle,car,motorcycle,car
2013,Pedestrian,Car/pick-up/van,Pedestrian,Car/pick-up/van,pedestrian,car,pedestrian,car,pedestrian,car,pedestrian,car,pedestrian,car
2013,Other,unspecified,Other,NA,other,truck,other,NOV,other,truck,other,car,other,bus
2013,Pedestrian,Unknown,Pedestrian,NA,pedestrian,motorcycle,pedestrian,bus,pedestrian,truck,pedestrian,truck,pedestrian,car
2013,Pedestrian,Unknown,Pedestrian,NA,pedestrian,motorcycle,pedestrian,truck,pedestrian,motorcycle,pedestrian,car,pedestrian,car
2013,Pedestrian,Car/pick-up/van,Pedestrian,Car/pick-up/van,pedestrian,car,pedestrian,car,pedestrian,car,pedestrian,car,pedestrian,car
2013,Heavy transport,Car/pick-up/van,Heavy transport,Car/pick-up/van,truck,car,truck,car,truck,car,truck,car,truck,car
2013,Pedestrian,Car/pick-up/van,Pedestrian,Car/pick-up/van,pedestrian,car,pedestrian,car,pedestrian,car,pedestrian,car,pedestrian,car
2013,Heavy transport,Trucks,Heavy transport,Trucks,truck,truck,truck,truck,truck,truck,truck,truck,truck,truck
2013,Pedal Cycle,Car/pick-up/van,Pedal Cycle,Car/pick-up/van,cycle,car,cycle,car,cycle,car,cycle,car,cycle,car
2013,Motorcycle,Unknown,Motorcycle,NA,motorcycle,truck,motorcycle,truck,motorcycle,car,motorcycle,NOV,motorcycle,truck
2013,Motorcycle,Unknown,Motorcycle,NA,motorcycle,truck,motorcycle,car,motorcycle,car,motorcycle,motorcycle,motorcycle,truck
2013,Motorcycle,Car/pick-up/van,Motorcycle,Car/pick-up/van,motorcycle,car,motorcycle,car,motorcycle,car,motorcycle,car,motorcycle,car
2014,Pedestrian,Car/pick-up/van,Pedestrian,Car/pick-up/van,pedestrian,car,pedestrian,car,pedestrian,car,pedestrian,car,pedestrian,car
2014,Motorcycle,No other/fixed or stationary object,Motorcycle,No other/fixed or stationary object,motorcycle,NOV,motorcycle,NOV,motorcycle,NOV,motorcycle,NOV,motorcycle,NOV
2014,Pedestrian,Unknown,Pedestrian,NA,pedestrian,bus,pedestrian,motorcycle,pedestrian,car,pedestrian,car,pedestrian,car
2014,Motorcycle,No other/fixed or stationary object,Motorcycle,No other/fixed or stationary object,motorcycle,NOV,motorcycle,NOV,motorcycle,NOV,motorcycle,NOV,motorcycle,NOV
2014,Motorcycle,Trucks,Motorcycle,Trucks,motorcycle,truck,motorcycle,truck,motorcycle,truck,motorcycle,truck,motorcycle,truck
2014,Pedestrian,Unknown,Pedestrian,NA,pedestrian,car,pedestrian,truck,pedestrian,car,pedestrian,car,pedestrian,bus
2014,Motorcycle,Car/pick-up/van,Motorcycle,Car/pick-up/van,motorcycle,car,motorcycle,car,motorcycle,car,motorcycle,car,motorcycle,car
2014,Motorcycle,Car/pick-up/van,Motorcycle,Car/pick-up/van,motorcycle,car,motorcycle,car,motorcycle,car,motorcycle,car,motorcycle,car
2014,Pedestrian,Unknown,Pedestrian,NA,pedestrian,bus,pedestrian,motorcycle,pedestrian,bus,pedestrian,motorcycle,pedestrian,car
2014,Pedestrian,Unknown,Pedestrian,NA,pedestrian,car,pedestrian,bus,pedestrian,truck,pedestrian,bus,pedestrian,bus
2014,Pedestrian,2/3 Wheeled,Pedestrian,2/3 Wheeled,pedestrian,motorcycle,pedestrian,motorcycle,pedestrian,motorcycle,pedestrian,motorcycle,pedestrian,motorcycle
2014,Motorcycle,Unknown,Motorcycle,NA,motorcycle,car,motorcycle,motorcycle,motorcycle,NOV,motorcycle,car,motorcycle,truck
2014,Heavy transport,Car/pick-up/van,Heavy transport,Car/pick-up/van,truck,car,truck,car,truck,car,truck,car,truck,car
2014,Pedestrian,Unknown,Pedestrian,NA,pedestrian,car,pedestrian,truck,pedestrian,truck,pedestrian,car,pedestrian,truck
2014,Unknown,unspecified,NA,NA,pedestrian,car,motorcycle,car,motorcycle,car,pedestrian,truck,motorcycle,bus
2014,Pedestrian,Unknown,Pedestrian,NA,pedestrian,motorcycle,pedestrian,car,pedestrian,motorcycle,pedestrian,bus,pedestrian,truck
2013,Motorcycle,Unknown,Motorcycle,NA,motorcycle,car,motorcycle,NOV,motorcycle,NOV,motorcycle,truck,motorcycle,car
2013,Pedestrian,Unknown,Pedestrian,NA,pedestrian,truck,pedestrian,truck,pedestrian,truck,pedestrian,truck,pedestrian,bus
2013,Pedestrian,Unknown,Pedestrian,NA,pedestrian,car,pedestrian,car,pedestrian,motorcycle,pedestrian,bus,pedestrian,bus
2013,Car,Trucks,Car,Trucks,car,truck,car,truck,car,truck,car,truck,car,truck
2013,Motorcycle,Trucks,Motorcycle,Trucks,motorcycle,truck,motorcycle,truck,motorcycle,truck,motorcycle,truck,motorcycle,truck
2013,Pedestrian,Car/pick-up/van,Pedestrian,Car/pick-up/van,pedestrian,car,pedestrian,car,pedestrian,car,pedestrian,car,pedestrian,car
2013,Motorcycle,Unknown,Motorcycle,NA,motorcycle,car,motorcycle,car,motorcycle,motorcycle,motorcycle,car,motorcycle,car
2013,Pedestrian,Unknown,Pedestrian,NA,pedestrian,truck,pedestrian,car,pedestrian,car,pedestrian,car,pedestrian,car
2013,Unknown,unspecified,NA,NA,pedestrian,motorcycle,motorcycle,bus,pedestrian,car,pedestrian,truck,pedestrian,bus
2013,Pedestrian,Unknown,Pedestrian,NA,pedestrian,motorcycle,pedestrian,bus,pedestrian,motorcycle,pedestrian,truck,pedestrian,bus
2013,Car,Trucks,Car,Trucks,car,truck,car,truck,car,truck,car,truck,car,truck
2013,Motorcycle,Unknown,Motorcycle,NA,motorcycle,car,motorcycle,truck,motorcycle,car,motorcycle,car,motorcycle,truck
2013,Pedestrian,Car/pick-up/van,Pedestrian,Car/pick-up/van,pedestrian,car,pedestrian,car,pedestrian,car,pedestrian,car,pedestrian,car
2013,Pedestrian,2/3 Wheeled,Pedestrian,2/3 Wheeled,pedestrian,motorcycle,pedestrian,motorcycle,pedestrian,motorcycle,pedestrian,motorcycle,pedestrian,motorcycle
2013,Motorcycle,Trucks,Motorcycle,Trucks,motorcycle,truck,motorcycle,truck,motorcycle,truck,motorcycle,truck,motorcycle,truck
2013,Other,Unknown,Other,NA,other,truck,other,car,other,car,other,NOV,other,car
2013,Pedestrian,Unknown,Pedestrian,NA,pedestrian,car,pedestrian,car,pedestrian,truck,pedestrian,motorcycle,pedestrian,motorcycle
2013,Pedestrian,Unknown,Pedestrian,NA,pedestrian,truck,pedestrian,car,pedestrian,car,pedestrian,motorcycle,pedestrian,bus
2013,Pedestrian,Car/pick-up/van,Pedestrian,Car/pick-up/van,pedestrian,car,pedestrian,car,pedestrian,car,pedestrian,car,pedestrian,car
2013,Pedestrian,Unknown,Pedestrian,NA,pedestrian,bus,pedestrian,truck,pedestrian,car,pedestrian,car,pedestrian,motorcycle
2013,Motorcycle,Unknown,Motorcycle,NA,motorcycle,truck,motorcycle,truck,motorcycle,truck,motorcycle,truck,motorcycle,truck
2013,Pedal Cycle,Car/pick-up/van,Pedal Cycle,Car/pick-up/van,cycle,car,cycle,car,cycle,car,cycle,car,cycle,car
2013,Car,Trucks,Car,Trucks,car,truck,car,truck,car,truck,car,truck,car,truck
2014,Pedestrian,Unknown,Pedestrian,NA,pedestrian,car,pedestrian,bus,pedestrian,car,pedestrian,truck,pedestrian,bus
2014,Car,Unknown,Car,NA,car,car,car,NOV,car,car,car,NOV,car,truck
2014,Pedestrian,Trucks,Pedestrian,Trucks,pedestrian,truck,pedestrian,truck,pedestrian,truck,pedestrian,truck,pedestrian,truck
2014,Motorcycle,Unknown,Motorcycle,NA,motorcycle,car,motorcycle,car,motorcycle,motorcycle,motorcycle,car,motorcycle,truck
2014,Motorcycle,Car/pick-up/van,Motorcycle,Car/pick-up/van,motorcycle,car,motorcycle,car,motorcycle,car,motorcycle,car,motorcycle,car
2014,Pedestrian,Unknown,Pedestrian,NA,pedestrian,car,pedestrian,truck,pedestrian,car,pedestrian,car,pedestrian,car
2014,Car,No other/fixed or stationary object,Car,No other/fixed or stationary object,car,NOV,car,NOV,car,NOV,car,NOV,car,NOV
2014,Pedestrian,Unknown,Pedestrian,NA,pedestrian,car,pedestrian,car,pedestrian,bus,pedestrian,car,pedestrian,car
2014,Pedal Cycle,Car/pick-up/van,Pedal Cycle,Car/pick-up/van,cycle,car,cycle,car,cycle,car,cycle,car,cycle,car
2014,Motorcycle,Bus,Motorcycle,Bus,motorcycle,bus,motorcycle,bus,motorcycle,bus,motorcycle,bus,motorcycle,bus
2014,Car,Unknown,Car,NA,car,bus,car,truck,car,truck,car,car,car,truck
2014,Pedestrian,Unknown,Pedestrian,NA,pedestrian,car,pedestrian,car,pedestrian,truck,pedestrian,car,pedestrian,car
2014,Motorcycle,Unknown,Motorcycle,NA,motorcycle,car,motorcycle,truck,motorcycle,car,motorcycle,truck,motorcycle,car
2014,Unknown,unspecified,NA,NA,cycle,car,car,NOV,pedestrian,car,pedestrian,bus,pedestrian,motorcycle
2014,Pick-up truck/van,No other/fixed or stationary object,Pick-up truck/van,No other/fixed or stationary object,car,NOV,car,NOV,car,NOV,car,NOV,car,NOV
2014,Motorcycle,Unknown,Motorcycle,NA,motorcycle,car,motorcycle,bus,motorcycle,truck,motorcycle,truck,motorcycle,NOV
2014,Pedestrian,Unknown,Pedestrian,NA,pedestrian,car,pedestrian,motorcycle,pedestrian,bus,pedestrian,truck,pedestrian,bus
2014,Motorcycle,Unknown,Motorcycle,NA,motorcycle,NOV,motorcycle,truck,motorcycle,bus,motorcycle,car,motorcycle,motorcycle
2014,Pedestrian,Car/pick-up/van,Pedestrian,Car/pick-up/van,pedestrian,car,pedestrian,car,pedestrian,car,pedestrian,car,pedestrian,car
2014,Motorcycle,Unknown,Motorcycle,NA,motorcycle,car,motorcycle,car,motorcycle,truck,motorcycle,car,motorcycle,car
2014,Pedestrian,Trucks,Pedestrian,Trucks,pedestrian,truck,pedestrian,truck,pedestrian,truck,pedestrian,truck,pedestrian,truck
2014,Pedestrian,Unknown,Pedestrian,NA,pedestrian,car,pedestrian,truck,pedestrian,car,pedestrian,truck,pedestrian,car
2014,Heavy transport,Unknown,Heavy transport,NA,truck,car,truck,truck,truck,car,truck,NOV,truck,truck
2014,Motorcycle,Unknown,Motorcycle,NA,motorcycle,truck,motorcycle,truck,motorcycle,car,motorcycle,NOV,motorcycle,car
2014,Pedestrian,Car/pick-up/van,Pedestrian,Car/pick-up/van,pedestrian,car,pedestrian,car,pedestrian,car,pedestrian,car,pedestrian,car
2014,Motorcycle,Trucks,Motorcycle,Trucks,motorcycle,truck,motorcycle,truck,motorcycle,truck,motorcycle,truck,motorcycle,truck
2014,Pedestrian,Unknown,Pedestrian,NA,pedestrian,car,pedestrian,truck,pedestrian,bus,pedestrian,car,pedestrian,car
2014,Pedestrian,Trucks,Pedestrian,Trucks,pedestrian,truck,pedestrian,truck,pedestrian,truck,pedestrian,truck,pedestrian,truck
2014,Motorcycle,Unknown,Motorcycle,NA,motorcycle,bus,motorcycle,truck,motorcycle,truck,motorcycle,truck,motorcycle,car
2014,Motorcycle,Trucks,Motorcycle,Trucks,motorcycle,truck,motorcycle,truck,motorcycle,truck,motorcycle,truck,motorcycle,truck
2014,Pedestrian,Unknown,Pedestrian,NA,pedestrian,motorcycle,pedestrian,car,pedestrian,truck,pedestrian,motorcycle,pedestrian,motorcycle
2014,Pedestrian,Unknown,Pedestrian,NA,pedestrian,bus,pedestrian,car,pedestrian,car,pedestrian,car,pedestrian,bus
2014,Pedestrian,Unknown,Pedestrian,NA,pedestrian,car,pedestrian,bus,pedestrian,car,pedestrian,motorcycle,pedestrian,car
2014,Other,unspecified,Other,NA,other,NOV,other,NOV,other,truck,other,car,other,car
2013,Motorcycle,Unknown,Motorcycle,NA,motorcycle,truck,motorcycle,car,motorcycle,truck,motorcycle,truck,motorcycle,car
2013,Motorcycle,Trucks,Motorcycle,Trucks,motorcycle,truck,motorcycle,truck,motorcycle,truck,motorcycle,truck,motorcycle,truck
2013,Pedestrian,Unknown,Pedestrian,NA,pedestrian,truck,pedestrian,motorcycle,pedestrian,motorcycle,pedestrian,motorcycle,pedestrian,truck
2013,Pedestrian,2/3 Wheeled,Pedestrian,2/3 Wheeled,pedestrian,motorcycle,pedestrian,motorcycle,pedestrian,motorcycle,pedestrian,motorcycle,pedestrian,motorcycle
2013,Pedestrian,Unknown,Pedestrian,NA,pedestrian,car,pedestrian,truck,pedestrian,truck,pedestrian,truck,pedestrian,car
2013,3Wheeled,No other/fixed or stationary object,3Wheeled,No other/fixed or stationary object,motorcycle,NOV,motorcycle,NOV,motorcycle,NOV,motorcycle,NOV,motorcycle,NOV
2013,Motorcycle,Trucks,Motorcycle,Trucks,motorcycle,truck,motorcycle,truck,motorcycle,truck,motorcycle,truck,motorcycle,truck
2013,Motorcycle,unspecified,Motorcycle,NA,motorcycle,car,motorcycle,car,motorcycle,bus,motorcycle,truck,motorcycle,car
2013,Heavy transport,Trucks,Heavy transport,Trucks,truck,truck,truck,truck,truck,truck,truck,truck,truck,truck
2013,Car,No other/fixed or stationary object,Car,No other/fixed or stationary object,car,NOV,car,NOV,car,NOV,car,NOV,car,NOV
2013,Pedal Cycle,Unknown,Pedal Cycle,NA,cycle,motorcycle,cycle,bus,cycle,bus,cycle,motorcycle,cycle,car
2013,Heavy transport,No other/fixed or stationary object,Heavy transport,No other/fixed or stationary object,truck,NOV,truck,NOV,truck,NOV,truck,NOV,truck,NOV
2013,Motorcycle,Bus,Motorcycle,Bus,motorcycle,bus,motorcycle,bus,motorcycle,bus,motorcycle,bus,motorcycle,bus
2013,Pedestrian,Car/pick-up/van,Pedestrian,Car/pick-up/van,pedestrian,car,pedestrian,car,pedestrian,car,pedestrian,car,pedestrian,car
2013,Pedal Cycle,Bus,Pedal Cycle,Bus,cycle,bus,cycle,bus,cycle,bus,cycle,bus,cycle,bus
2014,Motorcycle,Unknown,Motorcycle,NA,motorcycle,NOV,motorcycle,car,motorcycle,bus,motorcycle,NOV,motorcycle,car
2014,Pedestrian,Trucks,Pedestrian,Trucks,pedestrian,truck,pedestrian,truck,pedestrian,truck,pedestrian,truck,pedestrian,truck
2014,Motorcycle,Unknown,Motorcycle,NA,motorcycle,truck,motorcycle,truck,motorcycle,car,motorcycle,bus,motorcycle,truck
2014,Pedestrian,Car/pick-up/van,Pedestrian,Car/pick-up/van,pedestrian,car,pedestrian,car,pedestrian,car,pedestrian,car,pedestrian,car
2014,3Wheeled,Unknown,3Wheeled,NA,motorcycle,NOV,motorcycle,car,motorcycle,truck,motorcycle,bus,motorcycle,bus
2014,Motorcycle,Unknown,Motorcycle,NA,motorcycle,motorcycle,motorcycle,car,motorcycle,car,motorcycle,truck,motorcycle,NOV
2014,Pedestrian,Unknown,Pedestrian,NA,pedestrian,car,pedestrian,car,pedestrian,car,pedestrian,car,pedestrian,truck
2014,Motorcycle,Trucks,Motorcycle,Trucks,motorcycle,truck,motorcycle,truck,motorcycle,truck,motorcycle,truck,motorcycle,truck
2014,Car,Unknown,Car,NA,car,NOV,car,truck,car,truck,car,NOV,car,truck
2014,Pedestrian,Trucks,Pedestrian,Trucks,pedestrian,truck,pedestrian,truck,pedestrian,truck,pedestrian,truck,pedestrian,truck
2014,Pedestrian,Trucks,Pedestrian,Trucks,pedestrian,truck,pedestrian,truck,pedestrian,truck,pedestrian,truck,pedestrian,truck
2013,Pedal Cycle,Bus,Pedal Cycle,Bus,cycle,bus,cycle,bus,cycle,bus,cycle,bus,cycle,bus
2013,Other,unspecified,Other,NA,other,truck,other,truck,other,NOV,other,car,other,motorcycle
2013,Motorcycle,Unknown,Motorcycle,NA,motorcycle,car,motorcycle,truck,motorcycle,truck,motorcycle,bus,motorcycle,bus
2013,Motorcycle,Car/pick-up/van,Motorcycle,Car/pick-up/van,motorcycle,car,motorcycle,car,motorcycle,car,motorcycle,car,motorcycle,car
2013,Pedestrian,Trucks,Pedestrian,Trucks,pedestrian,truck,pedestrian,truck,pedestrian,truck,pedestrian,truck,pedestrian,truck
2013,Pedal Cycle,Unknown,Pedal Cycle,NA,cycle,truck,cycle,car,cycle,car,cycle,truck,cycle,truck
2013,Motorcycle,2/3 Wheeled,Motorcycle,2/3 Wheeled,motorcycle,motorcycle,motorcycle,motorcycle,motorcycle,motorcycle,motorcycle,motorcycle,motorcycle,motorcycle
2014,Pedal Cycle,Car/pick-up/van,Pedal Cycle,Car/pick-up/van,cycle,car,cycle,car,cycle,car,cycle,car,cycle,car
2014,Pedal Cycle,Car/pick-up/van,Pedal Cycle,Car/pick-up/van,cycle,car,cycle,car,cycle,car,cycle,car,cycle,car
2014,Pedestrian,Car/pick-up/van,Pedestrian,Car/pick-up/van,pedestrian,car,pedestrian,car,pedestrian,car,pedestrian,car,pedestrian,car
2014,Pedestrian,Unknown,Pedestrian,NA,pedestrian,car,pedestrian,car,pedestrian,car,pedestrian,truck,pedestrian,car
2014,Motorcycle,Trucks,Motorcycle,Trucks,motorcycle,truck,motorcycle,truck,motorcycle,truck,motorcycle,truck,motorcycle,truck
2014,Motorcycle,Car/pick-up/van,Motorcycle,Car/pick-up/van,motorcycle,car,motorcycle,car,motorcycle,car,motorcycle,car,motorcycle,car
2014,Pedestrian,Unknown,Pedestrian,NA,pedestrian,bus,pedestrian,truck,pedestrian,truck,pedestrian,bus,pedestrian,car
2014,Motorcycle,Trucks,Motorcycle,Trucks,motorcycle,truck,motorcycle,truck,motorcycle,truck,motorcycle,truck,motorcycle,truck
2013,Pedestrian,Bus,Pedestrian,Bus,pedestrian,bus,pedestrian,bus,pedestrian,bus,pedestrian,bus,pedestrian,bus
2013,Heavy transport,Unknown,Heavy transport,NA,truck,truck,truck,NOV,truck,truck,truck,NOV,truck,truck
2013,Motorcycle,2/3 Wheeled,Motorcycle,2/3 Wheeled,motorcycle,motorcycle,motorcycle,motorcycle,motorcycle,motorcycle,motorcycle,motorcycle,motorcycle,motorcycle
2013,Motorcycle,Unknown,Motorcycle,NA,motorcycle,car,motorcycle,car,motorcycle,truck,motorcycle,truck,motorcycle,truck
2013,Motorcycle,Unknown,Motorcycle,NA,motorcycle,car,motorcycle,car,motorcycle,truck,motorcycle,truck,motorcycle,motorcycle
2013,Motorcycle,Unknown,Motorcycle,NA,motorcycle,NOV,motorcycle,car,motorcycle,car,motorcycle,truck,motorcycle,NOV
2013,Car,No other/fixed or stationary object,Car,No other/fixed or stationary object,car,NOV,car,NOV,car,NOV,car,NOV,car,NOV
2013,Car,No other/fixed or stationary object,Car,No other/fixed or stationary object,car,NOV,car,NOV,car,NOV,car,NOV,car,NOV
2013,Pedestrian,Unknown,Pedestrian,NA,pedestrian,bus,pedestrian,motorcycle,pedestrian,car,pedestrian,bus,pedestrian,motorcycle
2013,Car,Unknown,Car,NA,car,car,car,NOV,car,NOV,car,NOV,car,NOV
2013,Motorcycle,Bus,Motorcycle,Bus,motorcycle,bus,motorcycle,bus,motorcycle,bus,motorcycle,bus,motorcycle,bus
2013,Heavy transport,No other/fixed or stationary object,Heavy transport,No other/fixed or stationary object,truck,NOV,truck,NOV,truck,NOV,truck,NOV,truck,NOV
2013,Motorcycle,2/3 Wheeled,Motorcycle,2/3 Wheeled,motorcycle,motorcycle,motorcycle,motorcycle,motorcycle,motorcycle,motorcycle,motorcycle,motorcycle,motorcycle
2013,Motorcycle,Unknown,Motorcycle,NA,motorcycle,car,motorcycle,car,motorcycle,truck,motorcycle,truck,motorcycle,motorcycle
2013,Pedestrian,Unknown,Pedestrian,NA,pedestrian,car,pedestrian,bus,pedestrian,truck,pedestrian,motorcycle,pedestrian,motorcycle
2013,Pedal Cycle,Unknown,Pedal Cycle,NA,cycle,motorcycle,cycle,bus,cycle,car,cycle,truck,cycle,car
2014,Motorcycle,Unknown,Motorcycle,NA,motorcycle,truck,motorcycle,NOV,motorcycle,truck,motorcycle,truck,motorcycle,motorcycle
2014,Pedestrian,Bus,Pedestrian,Bus,pedestrian,bus,pedestrian,bus,pedestrian,bus,pedestrian,bus,pedestrian,bus
2014,Pedestrian,Unknown,Pedestrian,NA,pedestrian,car,pedestrian,bus,pedestrian,motorcycle,pedestrian,car,pedestrian,car
2014,Pedal Cycle,Trucks,Pedal Cycle,Trucks,cycle,truck,cycle,truck,cycle,truck,cycle,truck,cycle,truck
2014,Motorcycle,Car/pick-up/van,Motorcycle,Car/pick-up/van,motorcycle,car,motorcycle,car,motorcycle,car,motorcycle,car,motorcycle,car
2014,Pedestrian,Unknown,Pedestrian,NA,pedestrian,car,pedestrian,car,pedestrian,car,pedestrian,bus,pedestrian,car
2014,Pedestrian,Bus,Pedestrian,Bus,pedestrian,bus,pedestrian,bus,pedestrian,bus,pedestrian,bus,pedestrian,bus
2014,Motorcycle,Trucks,Motorcycle,Trucks,motorcycle,truck,motorcycle,truck,motorcycle,truck,motorcycle,truck,motorcycle,truck
2014,Pedestrian,Unknown,Pedestrian,NA,pedestrian,car,pedestrian,motorcycle,pedestrian,motorcycle,pedestrian,car,pedestrian,bus
2014,Pedestrian,2/3 Wheeled,Pedestrian,2/3 Wheeled,pedestrian,motorcycle,pedestrian,motorcycle,pedestrian,motorcycle,pedestrian,motorcycle,pedestrian,motorcycle
2014,Motorcycle,Unknown,Motorcycle,NA,motorcycle,truck,motorcycle,truck,motorcycle,car,motorcycle,truck,motorcycle,truck
2013,Motorcycle,Car/pick-up/van,Motorcycle,Car/pick-up/van,motorcycle,car,motorcycle,car,motorcycle,car,motorcycle,car,motorcycle,car
2013,Motorcycle,Car/pick-up/van,Motorcycle,Car/pick-up/van,motorcycle,car,motorcycle,car,motorcycle,car,motorcycle,car,motorcycle,car
2013,Motorcycle,Trucks,Motorcycle,Trucks,motorcycle,truck,motorcycle,truck,motorcycle,truck,motorcycle,truck,motorcycle,truck
2013,Motorcycle,Unknown,Motorcycle,NA,motorcycle,truck,motorcycle,truck,motorcycle,car,motorcycle,NOV,motorcycle,truck
2014,Car,Car/pick-up/van,Car,Car/pick-up/van,car,car,car,car,car,car,car,car,car,car
2014,Motorcycle,Bus,Motorcycle,Bus,motorcycle,bus,motorcycle,bus,motorcycle,bus,motorcycle,bus,motorcycle,bus
2014,Motorcycle,Trucks,Motorcycle,Trucks,motorcycle,truck,motorcycle,truck,motorcycle,truck,motorcycle,truck,motorcycle,truck
2014,Motorcycle,Bus,Motorcycle,Bus,motorcycle,bus,motorcycle,bus,motorcycle,bus,motorcycle,bus,motorcycle,bus
2014,Pedal Cycle,Bus,Pedal Cycle,Bus,cycle,bus,cycle,bus,cycle,bus,cycle,bus,cycle,bus
2014,Pedal Cycle,Trucks,Pedal Cycle,Trucks,cycle,truck,cycle,truck,cycle,truck,cycle,truck,cycle,truck
2014,Motorcycle,Car/pick-up/van,Motorcycle,Car/pick-up/van,motorcycle,car,motorcycle,car,motorcycle,car,motorcycle,car,motorcycle,car
2014,Motorcycle,Car/pick-up/van,Motorcycle,Car/pick-up/van,motorcycle,car,motorcycle,car,motorcycle,car,motorcycle,car,motorcycle,car
2014,Motorcycle,Unknown,Motorcycle,NA,motorcycle,truck,motorcycle,truck,motorcycle,car,motorcycle,truck,motorcycle,truck
2014,Motorcycle,Unknown,Motorcycle,NA,motorcycle,truck,motorcycle,NOV,motorcycle,truck,motorcycle,truck,motorcycle,car
2014,Motorcycle,Car/pick-up/van,Motorcycle,Car/pick-up/van,motorcycle,car,motorcycle,car,motorcycle,car,motorcycle,car,motorcycle,car
2014,Pedestrian,Car/pick-up/van,Pedestrian,Car/pick-up/van,pedestrian,car,pedestrian,car,pedestrian,car,pedestrian,car,pedestrian,car
2013,Motorcycle,Unknown,Motorcycle,NA,motorcycle,car,motorcycle,car,motorcycle,NOV,motorcycle,bus,motorcycle,motorcycle
2013,Bus,Car/pick-up/van,Bus,Car/pick-up/van,bus,car,bus,car,bus,car,bus,car,bus,car
2013,Motorcycle,Trucks,Motorcycle,Trucks,motorcycle,truck,motorcycle,truck,motorcycle,truck,motorcycle,truck,motorcycle,truck
2013,Car,Bus,Car,Bus,car,bus,car,bus,car,bus,car,bus,car,bus
2013,Motorcycle,Unknown,Motorcycle,NA,motorcycle,NOV,motorcycle,truck,motorcycle,bus,motorcycle,NOV,motorcycle,truck
2013,Other,unspecified,Other,NA,other,NOV,other,NOV,other,NOV,other,car,other,car
2013,Pedestrian,Car/pick-up/van,Pedestrian,Car/pick-up/van,pedestrian,car,pedestrian,car,pedestrian,car,pedestrian,car,pedestrian,car
2014,Motorcycle,Unknown,Motorcycle,NA,motorcycle,motorcycle,motorcycle,truck,motorcycle,NOV,motorcycle,motorcycle,motorcycle,bus
2014,Motorcycle,Unknown,Motorcycle,NA,motorcycle,car,motorcycle,car,motorcycle,truck,motorcycle,car,motorcycle,NOV
2014,Pedestrian,Bus,Pedestrian,Bus,pedestrian,bus,pedestrian,bus,pedestrian,bus,pedestrian,bus,pedestrian,bus
2014,Pedestrian,Unknown,Pedestrian,NA,pedestrian,truck,pedestrian,car,pedestrian,car,pedestrian,car,pedestrian,truck
2014,Motorcycle,Unknown,Motorcycle,NA,motorcycle,NOV,motorcycle,truck,motorcycle,truck,motorcycle,truck,motorcycle,car
2014,Heavy transport,Car/pick-up/van,Heavy transport,Car/pick-up/van,truck,car,truck,car,truck,car,truck,car,truck,car
2013,Pedestrian,Bus,Pedestrian,Bus,pedestrian,bus,pedestrian,bus,pedestrian,bus,pedestrian,bus,pedestrian,bus
2013,Pedestrian,Unknown,Pedestrian,NA,pedestrian,motorcycle,pedestrian,car,pedestrian,car,pedestrian,car,pedestrian,motorcycle
2013,Motorcycle,Unknown,Motorcycle,NA,motorcycle,truck,motorcycle,car,motorcycle,motorcycle,motorcycle,truck,motorcycle,motorcycle
2014,Other,unspecified,Other,NA,other,NOV,other,NOV,other,car,other,car,other,car
