,car,truck,bus,motorcycle,other,pedestrian,bicycle
pedestrian,1553.344621,121.9556098,351.1645803,33.71440314,23.71335668,0,3.093046523
motorcycle,187.6577327,8.327890004,34.4440682,1.05219097,5.148305085,9.596745271,0
car,815.8831106,48.23673435,134.3479069,9.75118668,23.3258427,17.56798013,2.120531154
bus,85.7193658,6.419352825,7.509197782,3.244223961,3.174757282,3.287741891,1.058252427
bicycle,28.02123798,4.145095868,9.35131324,0,0,0,0
truck,26.44440122,3.300614357,5.515679737,1.112046907,1.088235294,0,0
other,13.16264115,0,0,0,0,0,0
